d218/
Invalid operation
Invalid operation
Invalid operation
/d94
d94:6_.
Invalid operation
d149/
d272/
d94
n109/
/d94
d94:6_.
Invalid operation
Invalid operation
/d94
Invalid operation
d94:txt:3
/d272/f25
Invalid operation
f25:txt:8
f25:txt:8
Invalid operation
d248/
f25
f25:03xmidg4
f25:8
f25
d94:6
f203
n89/
f203
n89/
n89/
n89/
n89:dir:0
Invalid operation
d94:6_. hrlufa4aki
Invalid operation
n89:dir:0
Invalid operation
n89:dir:0
Invalid operation
d26/
d71
d75/
f136
f151
f77/
n89/
f136:w7s3
d71:FF
/n109/f136
d71:FF
f136:w7s3
n47:13
d71:7
f151:0
f99:0
d26/
d71
d75/
f151
f77/
f99
n47
n89/
n47:13
/n109/f151
n47:13
f151:0
f265:0
f99:0
Invalid operation
/n109/n89/d96
/n109/n89/d96
Invalid operation
Invalid operation
f151:
/n109/f151
n47:13
f151:2
f99:0
n47:13
f151:sl
d26/
d75/
f116/
f151
f77/
f99
n47
n89/
d26/
d75/
f116/
f151
f77/
f99
n47
n89/
d26/
d75/
f116/
f151
f77/
f99
n47
n89/
Invalid operation
Invalid operation
Invalid operation
n47:13
f151:3
f99:0
/n109/f151
Invalid operation
n47:13
f151:3
d106:2
f151:slx
n89:dir:0
f151:slx
d106:1D
f151:slx
Invalid operation
Invalid operation
Invalid operation
Invalid operation
d94:14
d94:txt:14
d94:txt:14
Invalid operation
d94:6_. hrlufa4akimt9t2_g-9vj c5i
Invalid operation
d94:txt:29
Invalid operation
Null
Invalid operation
d149/
d221
d250
d272/
d94
n109/
n29
n38/
d149/
d221
d250
d272/
d94
n109/
n29
n38/
d149/
d221
d250
d272/
d94
n109/
n29
n38/
d94:txt:29
Invalid operation
d94:6_. hrlufa4akimt9t2_g-9vj c5i
d94:txt:29
Invalid operation
d272:dir:0
Null
/d250
d272:dir:0
Invalid operation
Invalid operation
d10/
d149/
d221
d250
d272/
d70/
d94
n109/
n29
n38/
d10/
d149/
d221
d272/
d70/
d94
n109/
n29
n38/
d272:dir:0
d10/
d149/
d221
d272/
d70/
d94
n109/
n29
n38/
d94:29
d221:14
n29:3
d10/
d149/
d221
d272/
d70/
d94
n109/
n29
n38/
Invalid operation
Invalid operation
Null
n29:7110oghz24x
d10/
d149/
d205/
d221
d272/
d70/
d94
f5/
n109/
n12/
n29
n38/
n46/
d10/
d149/
d205/
d221
d272/
d70/
d94
f151
f5/
n109/
n29
n38/
n46/
n29:7110oghz24x
d10/
d149/
d205/
d221
d272/
d280
d70/
d94
f151
f5/
n109/
n29
n38/
n46/
d10/
d149/
d205/
d221
d272/
d280
d70/
d94
f151
f5/
f90
n109/
n29
n38/
n46/
f90:7A
f90:67 0C 3B E1
d10/
d149/
d205/
d221
d272/
d280
d70/
d94
f151
f5/
f90
n109/
n29
n38/
n46/
n29:41
d94:29
/n29
f90:67 0C 00
f90:67
n29:7110oghz24x_q jssuuxtv2r7e.1wltudx6acjopyx
n29:7110oghz24x_q jssuuxtv2r7e.1wltudx6acjopyxx
Invalid operation
n29:43
d94:29
d10/
d149/
d161
d205/
d221
d272/
d280
d34
d94
f199/
f273/
f5/
f73
f90
n109/
n29
n38/
n46/
n59
f90:00
Invalid operation
f90:15 21 13 90 64
f90:21 13 90 64
d272:dir:0
f290:
f143:dir:0
f90:7B D2 38
f216:
f233:dir:0
Invalid operation
Invalid operation
f290:s
/d10/f290
f233/
/d10/f290
f90:38 00 00
f134
d181/
f134
f90:B4 D9 49 2C
/d10/f143/f36/f233/f134
f134:-su_w0qz5ugux
f134:-su_w0qz5uguxrc-pnru9s1w5ya4x4
f134:26
f90:00 81 1B 21 7D
f134:-su_w0qz5uguxizf5rgwr
d206:
d101/
d181/
d206
f202/
f214
f61/
f214:7
d206:1
f214:7
d206:1
f214:7
d206:1
d206:x
d181:dir:0
d101/
d138/
d18
d181/
d206
d84
f214
f61/
n10
n10:15
d206:12
d18:8
f214:7
d84:0
d206:xivv. 7hm-h1- 3.e6hvilol9w
d206:26
n10:15
d18:8
f214:7
d84:0
d101/
d138/
d18
d181/
d188/
d206
d84
f214
f217/
f61/
n10
f156:ken7zrm b
d101/
d138/
d18
d181/
d188/
d206
d84
f153/
f214
f217/
f61/
n10
f90:2C C0 7B D2 7F 5D 75 7A 53
f90:6B
Invalid operation
f30:0
Invalid operation
Invalid operation
f290:shp5 4s6ka5h.03 h4ntl.p
f90:50
Invalid operation
d287
f233/
f30
n96
f30:s_chq 
d287:17
n96:9
f30:6
/d10/f143/f36/f30
f233:dir:0
f30:s_chq 
Null
f141:9E
f30:s_chq 
d287
f141
f233/
f30
f39
n46
n96
f141:9E
Invalid operation
d287:17
n96:9
f39:8
f30:6
n46:6
f141:1
d9:0
f30:s_chq 
f30:s_chq 
/d10/f143/f36/f30
d9
f141
f233/
f30
f39
n46
Invalid operation
Invalid operation
Invalid operation
Invalid operation
f34:14
f39:8
n46:6
d9:0
Invalid operation
d101/
d138/
d18
d181/
d188/
d206
d84
f153/
f214
f217/
f61/
n10
n33/
/d10/f143/f36/f233/d206
d11
d9
f233/
f34
f39
n46
n54
/d10/f143/f36/n46
Invalid operation
d101/
d138/
d18
d181/
d188/
d206
d84
f153/
f214
f217/
f61/
n10
n33/
d18:10 49
d181:dir:0
f214:idae9kx
d18:10 49
d18:DB
Null
Null
d18:10 49 7E 60 DB
d18:DB 76
d181:dir:0
d181:dir:0
d206:17
d173:15
d18:8
f214:7
d84:0
f156:ken7zrm b
f156:9
d181:dir:0
Invalid operation
f243/
f214:idae9kxrd384zyedsls
d18:7E 15 2F 66 81 A8 C7
/d10/f143/f36/f233/f214
Invalid operation
d18:C7 2E 6E 7E DB
f263
Invalid operation
f263:emol3artb33q o
f263:17
f263:txt:17
f263:emol3artb33q oirb
f263:emol3artb33q oirb
f263:emol3artb33q oirb
Invalid operation
/d10/f143/f36/f233/d101/f243/f263
Invalid operation
Null
d18:49 7E 15 2F 66 81 A8 C7 2E 6E
Invalid operation
f214:idae9kxrd384zyedsls
Invalid operation
f130
f156
f243/
n50/
d101/
d138/
d173
d18
d181/
d188/
d206
d230
d84
f153/
f214
f217/
f35
f61/
n33/
Invalid operation
d101/
d138/
d173
d18
d181/
d188/
d206
d230
d84
f153/
f214
f217/
f35
f61/
Invalid operation
d101/
d138/
d173
d18
d181/
d188/
d206
d230
d84
f153/
f214
f217/
f289
f35
f61/
Invalid operation
f233:dir:0
n46:0B 16 1E CC D1
d77:txt:2
Invalid operation
d77:txt:7
/d10/f143/f36/d140/d77
d11
d140/
d252/
d264
d9
f233/
f34
f39
n46
n54
f34:14
n54:14
n46:9
Invalid operation
f34:14
n54:14
n46:9
f39:8
d11:4
Invalid operation
d11
d140/
d252/
d264
d9
f208/
f233/
f34
f39
n11/
n46
n54
Invalid operation
Invalid operation
d11
d132/
d140/
d252/
d264
d9
f208/
f233/
f34
f39
n11/
n46
n54
Invalid operation
Null
Invalid operation
d11
d140/
d252/
d264
d9
f208/
f233/
f263
f34
f39
n11/
n46
n54
d11
d140/
d252/
d264
d9
f208/
f233/
f263
f34
f39
n11/
n46
n54
Invalid operation
Null
Invalid operation
d11
d140/
d252/
d264
d70/
d9
f208/
f233/
f263
f34
f39
n11/
n46
n54
d11
d140/
d252/
d264
d70/
d9
f208/
f215
f233/
f263
f34
f39
n11/
n46
n54
f233:dir:0
f290:shp5 4s6ka5h.03 h4ntl.phy-2cui2ap.5t8.ei
/d10/f290
f290:shp5 4s6ka5h.03 h4ntl.phy-2cui2ap.5t8.ei
Null
f290:shp5 4s6ka5h.03 h4ntl.phy-2cui2ap.5t8.ei
f36:dir:0
f90:75
f36:dir:0
f290:shp5 4s6ka5h.03 h4ntl.phy-2cui2ap.5t8.ei0..lbi9fip9wnz1da
d131:
f90:50 B4 CF 65 33 C0 7B D2 7F 5D 75 7A 53 16
Null
f36:dir:0
f36:dir:0
Invalid operation
d131
f36/
d131
f36/
Invalid operation
d131:.6nerjhasutn5qxkp8 0 wf4 p1m9tlk
Invalid operation
Invalid operation
Invalid operation
f36:dir:0
f90:65 33 C0 7B D2 7F 5D 75 7A
Invalid operation
f290:shp5 4s6ka5h.03 h4ntl.phy-2cui2ap.5t8.ei0..lbi9fip9wnz1da
d143/
f162/
f36/
Invalid operation
d143/
d38/
f162/
f36/
f36:dir:0
d143/
d38/
f162/
f36/
f90:51 00 00
Null
Invalid operation
Invalid operation
f36:dir:0
Invalid operation
d5/
d51
f239/
f42
/d10/f143/d228/f42
d5/
d51
f200/
f239/
f42
n118/
Null
Invalid operation
f90:B4 CF 65 33 C0 7B 3F C8 5D 75 7A 00 00
Invalid operation
f7:bin:4
Invalid operation
f7:4
f7:4
f7
f7
f42:16
Invalid operation
f7:bin:10
f42:xk846uk1d7jsv2_y
Invalid operation
/d10/f143/d228/f42
/d10/f143/d228/f239/f22/d31
d151/
d31
f241/
f90:3F C8 5D 75 7A 00 00 00 E8 94 A1 97 B3 38 51
f90:97 B3 38 51
/d10/f143/d228/f239/f22/f118
/d10/f143/d228/f239/f22/f241/d225
d225
f90:A1 97 B3 38
Null
f90:A1 97 B3 38 8B 93 C3 1F 49
f90:B4 CF 65 33 C0 7B 3F C8 5D 75 7A 00 00 00 E8 94 A1 97 B3 38 8B 93 C3
f22/
f220/
d5/
f200/
f239/
f42
n118/
d250/
d5/
f200/
f239/
f42
n118/
Invalid operation
f42:xk846uk1d7jsv2_yxz onpsxrz.l4.22cfljb
/d10/f143/d228/d1
d1
d250/
d5/
f200/
f239/
f27/
n118/
d5:dir:0
d1:11
Invalid operation
d5:dir:0
Null
d1
d106
d250/
d5/
f239/
f27/
n116/
n118/
n50
f90:00 40 63 E8 94 A1 F3 4A 72 33 29 5E
f90:63 E8 94
d1
d106
d250/
d5/
f239/
f27/
n116/
n118/
n50
d1
d106
d250/
d5/
f239/
f27/
n116/
n118/
n50
d1:11
n50:6
d106:0
/d10/f143/d228/d1
Invalid operation
Null
Invalid operation
f22/
f220/
Invalid operation
d161:8B
Invalid operation
Invalid operation
Invalid operation
Invalid operation
d153
Invalid operation
d153:
d153
d5/
d153
d241
d5/
n15:22 1C 87 B9 BE
/d10/f143/d228/f239/f22/d151/d241
d241
f41/
Invalid operation
d241:t
Invalid operation
Invalid operation
Null
Invalid operation
f61:dir:0
Null
f127
f47
f61/
f61:dir:0
d150/
d241
f41/
d150/
d241
f41/
d241:t
Invalid operation
d150/
d203
d241
f41/
d150/
d203
d241
f248
f41/
Null
/d10/f143/d228/f239/f22/d151/d203
d150/
d203
d241
f218/
f248
f254/
f41/
d203:D5 00 1E
d203:6
d241:1
f248:0
d151/
f241/
Invalid operation
Invalid operation
f13
Invalid operation
f40:dir:0
f58:obfnfnd trivadkp
f233/
f58:obfnfnd trivadkpx
f58:obfnfnd trivadkpx
/d10/f143/d228/f239/f22/f58
/d10/f143/d228/f239/f22/f58
n15:BE F2 00 93 5C 7E 88
d132:14
f1:11
f137:3
f58:obfnfnd trivadkpx4fdd7qswh9t4
d262/
f215/
f233/
/d10/f143/d228/f239/f22/f58
Invalid operation
Invalid operation
Null
d262/
f215/
f233/
f233:dir:0
d295:4
d90:2
f233:dir:0
d295:F8 37
d262/
d295
d8/
d90
f162/
f215/
f233/
d122:17
Null
Invalid operation
d295:3
/d10/f143/d228/f239/f22/f241/d90
d262/
d295
d90
f162/
f215/
f233/
d151/
f241/
f58
n15:63 00 00
Invalid operation
n15:00 00
/d10/f143/d228/f239/f22/f241/d295
Invalid operation
d295:3
d90:2
n15:BE F2 00 93 5C 7E 88
/d10/f143/d228/f239/f22/f58
n15:31 F0 63 00
Invalid operation
Invalid operation
/d10/f143/d228/f239/n15
d120
d150/
d222
f22/
f220/
n15
n73/
n9/
d120
d150/
d222
f22/
n15
n73/
n9/
f22:dir:0
d120
d150/
d222
f22/
n15
n73/
n9/
Invalid operation
Invalid operation
Invalid operation
Invalid operation
n15:F2 00 93 5C 7E
Null
n15:00 00
f22:dir:0
Invalid operation
d280:4
/d10/f143/d228/f239/d39/d280
/d280
/d10/f143/d228/f239/d39/d280
/d280
d280:ni-1
Invalid operation
/d10/f143/d228/f239/d39/d280
/d280
d280
n113/
/d10/f143/d228/f239/n15
d1:u.4vdb5 e321g0e.9uimwa_t3
d1:u.4vdb5 e321g0e.9uimwa_t3
d1:u.4vdb5 e321g0e.9uimwa_t3
d5:dir:0
d1:u.4vdb5 e321g0e.9uimwa_t3
d161:4D B3 85 4F CA
d1:25
f10:17
d161:7
n50:6
d161:B3 85 4F CA 80
/d10/f143/d228/d1
d161:85 4F CA 80 75
d1:25
f10:17
d1
d106
d161
d212
d5/
f10
f181
f196/
f239/
f27/
n116/
n118/
n29
n50
/d10/f143/d228/d1
f131:0
Invalid operation
d100/
f131
f93
f93:0
Invalid operation
d1
d106
d161
d212
d249
d5/
f181
f196/
f239/
f27/
n116/
n118/
n2
n29
n50
d1
d106
d161
d212
d249
d5/
f181
f196/
f239/
f27/
n102
n116/
n118/
n2
n29
n50
/d10/f143/d228/d1
/d10/f290
Null
Invalid operation
f90:00 40 63 E8
f90:50 B4 CF 65 33 C0 7B 3F C8 5D 6B 65 00 40 63 E8 94 A1 F3 4A 72 33
f36:dir:0
f290:shp5 4s6ka5h.03 h4ntl.phy-2cui2ap.5t8.ei0..lbi9fip9wnz1da
Invalid operation
Invalid operation
f90:40 63 E8
f90:94 A1 F3 4A 72 33 29
Null
Invalid operation
Null
f36:dir:0
f36:dir:0
Invalid operation
/d10/f143/n31
f143/
f290
f36:dir:0
Invalid operation
f36:dir:0
Invalid operation
d1:26
d161:00
d5:dir:0
d1
d106
d161
d212
d249
d5/
d6
f181
f196/
f239/
f27/
f62
n102
n116/
n118/
n2
n29
n50
d5:dir:0
n46:17
f34:14
n54:14
Invalid operation
n46:F8 0D F7
/d10/f143/f36/n46
Invalid operation
Invalid operation
Invalid operation
n46:42
Invalid operation
n46:20
f34:14
n54:14
d11
d140/
d252/
d264
d70/
d9
f154
f208/
f215
f233/
f236/
f263
f34
f39
f46/
n11/
n13
n46
n54
/d10/f143/f36/n46
d11
d140/
d252/
d264
d70/
d9
f154
f208/
f215
f233/
f236/
f263
f34
f39
f46/
n11/
n13
n46
n54
n46:0B 16 1E 0A D1 6E F8 0D F7 67 07
Invalid operation
n46:17
f34:14
n54:14
d176:13
f39:8
f21:7
n13:7
d11:4
n46:0D F7 67 07 C7 3A 93 F8 42
Invalid operation
d11
d140/
d176
d252/
d264
d70/
d9
f154
f155/
f208/
f215
f233/
f236/
f263
f265/
f34
f39
f46/
n11/
n13
n46
n54
d11
d140/
d176
d252/
d264
d70/
d9
f154
f155/
f208/
f215
f233/
f236/
f263
f265/
f34
f39
f46/
n11/
n13
n46
n54
n46:C7 3A 93
f233:dir:0
d11
d140/
d176
d252/
d264
d70/
d9
f154
f155/
f208/
f215
f233/
f236/
f263
f265/
f34
f39
f46/
n11/
n13
n46
n54
Invalid operation
d11
d140/
d176
d252/
d264
d70/
d9
f154
f155/
f208/
f215
f233/
f236/
f265/
f288
f34
f39
f46/
n11/
n13
n46
n54
n46:17
f34:14
Invalid operation
Null
f222:5D 3C 34 E3
Invalid operation
Invalid operation
Invalid operation
Invalid operation
Invalid operation
d143/
d228/
d239/
d24/
d38/
d73
f1
f207/
f36/
f96
n31
n71/
n77
/d10/f143/n31
f1:65 C0 3E
d143/
d211
d228/
d239/
d24/
d29
d38/
d73
f1
f207/
f36/
f96
n31
n71/
n77
Invalid operation
n46:20
f34:14
n54:14
d176:13
f39:8
n13:7
d11:4
n46:20
f34:14
n54:14
d176:13
f39:8
n13:7
Null
d11
d140/
d176
d185
d252/
d264
d70/
d9
f154
f155/
f208/
f215
f218
f233/
f236/
f265/
f288
f34
f39
f46/
n11/
n13
n46
n54
Invalid operation
f233:dir:0
Invalid operation
d11
d140/
d176
d185
d252/
d264
d70/
d9
f154
f208/
f215
f218
f233/
f236/
f265/
f288
f34
f39
f46/
n11/
n13
n33
n46
n54
n8/
d11
d140/
d176
d185
d252/
d264
d70/
d9
f154
f208/
f215
f218
f233/
f236/
f265/
f288
f34
f39
f46/
n11/
n13
n33
n46
n54
n8/
Invalid operation
Invalid operation
/d10/f143/f36/n46
n46:26
f34:14
n54:14
d176:13
f218:9
f39:8
Invalid operation
Invalid operation
Invalid operation
Invalid operation
d11
d140/
d176
d187
d252/
d264
d70/
d9
f154
f208/
f215
f218
f233/
f236/
f265/
f288
f34
f39
f46/
n11/
n13
n33
n46
n54
n8/
Invalid operation
Null
n46:26
n54:14
d176:13
f218:9
f39:8
n13:7
f215:3
d293:2
Invalid operation
n46:26
d11
d140/
d187
d252/
d264
d293
d70/
d9
f208/
f215
f218
f233/
f236/
f265/
f288
f39
f46/
n11/
n13
n33
n46
n54
n8/
Null
Invalid operation
Invalid operation
/d10/f143/f36/n46
Invalid operation
Invalid operation
f168:bin:1
Null
Null
f168:bin:2
f168:bin:9
d267:7
d267:7
d267:3C 42 95
d267:40 0D C2
d267:7
n46:13
n46:93 FD D9 07 C7 3A 93 F8 42 00 00 00 00 00
Invalid operation
/d10/f143/f36/n46
Invalid operation
Invalid operation
Invalid operation
d267:
n46:E5 93 FD D9
d11
d114/
d140/
d176
d187
d252/
d264
d293
d70/
d9
f208/
f215
f218
f233/
f236/
f265/
f288
f39
f46/
n11/
n13
n33
n46
n54
n8/
Invalid operation
d181:dir:0
Null
Invalid operation
/d10/f143/f36/f233/f214
f214:idae9kxrd384zyedsls0hnbcbwh71jkuuzv7br s-da_wxt5ax
Invalid operation
f214:idae9kxrd384zyedsls0hnbcbwh71jkuuzv7br s-da_wxt5ax
d181:dir:0
d181:dir:0
Invalid operation
Invalid operation
/d10/f143/f36/f233/f214
/d10/f143/f36/f233/f214
f214:idae9kxrd384zyedsls0hnbcbwh71jkuuzv7br s-da_wxt5axrvmh43sp
d101/
d104/
d138/
d173
d18
d181/
d188/
d206
d211
d222
d230
d245
d289
d84
d91
f153/
f214
f217/
f289
f35
f61/
n9/
f214:58
d18:17
d206:17
d173:15
d230:8
d91:8
Null
f214:idae9kxrd384zyedsls0hnbcbwh71jkuuzv7br s-da_wxt5axrvmh43sp
d101/
d104/
d138/
d173
d181/
d188/
d206
d211
d222
d230
d245
d289
d83/
d84
d91
f153/
f214
f217/
f289
f35
f61/
n9/
Invalid operation
Invalid operation
Invalid operation
Invalid operation
Invalid operation
Invalid operation
Null
Invalid operation
n46:93 FD D9 07 C7 3A 93 F8 42 00 00
n46:E5 93 FD D9 07 C7 3A 93 F8 42 00 00 00 00 00 13 32 88 A2
n46:D1 6E E5
d11
d114/
d140/
d176
d187
d228
d252/
d264
d293
d32/
d70/
d9
f208/
f215
f218
f233/
f236/
f265/
f288
f39
f46/
n11/
n13
n33
n46
n54
n8/
Invalid operation
d211
d228/
d239/
d24/
d29
d38/
d73
f1
f207/
f36/
f96
n31
n71/
n77
n31:cll0n1.l_n_d90py_c2o1k38pxie9w0mpk_sfp7ebaszvm9zqmxwwn01r
Invalid operation
Invalid operation
/d10/f143/n31
d211
d228/
d239/
d24/
d29
d38/
d73
f1
f207/
f270
f36/
f96
n24
n31
n71/
n77
d211
d228/
d239/
d24/
d29
d38/
d73
f1
f207/
f270
f36/
f96
n24
n31
n71/
n77
Invalid operation
f36:dir:0
d73:o6k. bhni
d211
d228/
d239/
d24/
d263/
d29
d38/
d73
f1
f207/
f270
f36/
f96
n24
n71/
n77
f1:31 8D
d73:o6k. bhni
/d10/f143/d73
Invalid operation
d73:o6k. bhni
f36:dir:0
Invalid operation
f90:F3 4A 72 33 29 5E 1F
f143:dir:0
f143/
f290
/d10/f290
f290:57
d211
d228/
d239/
d24/
d263/
d29
d38/
d73
f1
f207/
f270
f36/
f96
n24
n64
n71/
n77
n29:43
f90:30
d94:29
d280:16
d34:15
n59:15
Invalid operation
f90:00
f290:shp5 4s6ka5h.03 h4ntl.phy-2cui2ap.5t8.ei0..lbi9fip9wnz1dax 38xg.6x121oedq
f90:C8 2A 88 0D 46 4A 07 12 47 A1 F3 4A 72 33 29
f290:shp5 4s6ka5h.03 h4ntl.phy-2cui2ap.5t8.ei0..lbi9fip9wnz1dax 38xg.6x121oedq-w3.6z
Null
Null
f290:57
f90:71 DD 6E
d189:txt:10
d189:txt:15
d189
f253
/d10/d121/d189
Invalid operation
d189
f253
Invalid operation
f90:7B 3F C8 2A 88 0D 46 00 29 12 47 A1 F3 4A 72 33 29 5E 1F 00
f253:
f90:0D 46 00 29 12 47 A1 F3
f63
/d10/d121/f63
f90:50 B4 CF 65 33 C0 7B 3F C8 2A 88
f63:18
Invalid operation
f90:2A 88 0D 46 00
f63
/n33
f90:C8 2A 88 0D 46 00
Null
Invalid operation
f232
f5/
f63
f63:17
f232:8
f63:nj525nc77rbe3kzx7
f90:A1 F3 4A 72
d161/
d273
d284
d83/
f232
f5/
f63
f232:j6v1ojd9
f232:txt:8
Invalid operation
f232:j6v1ojd9
d161/
d284
d83/
f232
f5/
f63
n85
d161/
d284
d83/
f232
f5/
f63
n85
/d10/d121/f232
n101:bin:0
n101
d83/
f5/
f63
n85
f90:47 A1 F3 4A 72 33 29 5E 1F 00
d251:v-
d219/
d251
f20
f82/
d219/
d251
f82/
d251:txt:2
d176
d219/
d251
f226
f82/
d251:v-
d176
d234/
d251
f226
f82/
d251:v-
/d10/d121/d83/d251
d176:47 89 A7 2A
d176:00
d176:0E
d282:txt:10
Null
/d10/d121/d83/d251
d251:v-ptpzf4pib
Invalid operation
d282:a2k9t.l3p6
d251:v-ptpzf4pib
d176:7A 99 F3 00 00 0E 00 00
d176:2A A1 7A 99 F3 00 00
f298:dir:0
f168:11
f79:2zr3c5n0w3
f168:11
f79:10
f293:5
Invalid operation
f168
f293
f298/
f79
f168
f293
f298/
f79
f168
f298/
f79
Null
f259:00
Invalid operation
f79:2zr3c5n0w3
/d10/d121/d83/d234/f79
Invalid operation
d125
d58/
f152
f168
f259
f298/
f79
d176:A1
d176
d234/
d251
d286
f215/
f226
f80/
f82/
n23
n43
d176:15
d285:h0m5d
/d10/d121/d83/f80/d285
d285
d296/
f126/
d285:txt:5
d285:5
d176:00 00 05 84 FD
d296/
f126/
d176:F3
d251:v-ptpzf4pibmtiobmbr3m2ki
Null
d251:v-ptpzf4pibmtiobmbr3m2ki
d176:99 F3 00 00 05 84 FD 2A
Invalid operation
Invalid operation
/d10/d121/d83/f80/d296/d92/f69
d92/
d251:v-ptpzf4pibmtiobmbr3m2ki
d92/
Invalid operation
Invalid operation
d176:00 05
/d10/d121/d83/f80/n105
d169/
f126/
f231
n105
n58/
d176
d234/
d286
f215/
f226
f80/
f82/
n23
n43
f226:
d176:89
Invalid operation
d274:17
f226:15
d176:14
n23:11
n43:6
d286:0
n7:0
Null
d274:17
d176:16
f226:15
d176
d234/
d274
d286
f226
f80/
f82/
n23
n43
n7
d176
d234/
d274
d286
f226
f80/
f82/
n23
n43
n7
n90
f82:dir:0
d83/
f5/
f63
n85
f5:dir:0
Invalid operation
/d10/d121/d83/f226
Invalid operation
f82:dir:0
f5:dir:0
d83/
f5/
f63
Invalid operation
Invalid operation
d102/
d121/
f143/
f290
d102/
d121/
f143/
f290
f290:shp5 4s6ka5h.03 h4ntl.phy-2cui2ap.5t8.ei0..lbi9fip9wnz1daxyr
Invalid operation
Invalid operation
Invalid operation
f1:57 00 00
/d10/f143/d73
/d10/f143/d73
Invalid operation
Invalid operation
f270:15
f161:14
f96:14
f1:13
d73:11
d73:o6k. bhnixx
f1:3E 00 88 00 F0
f36:dir:0
d211
d228/
d239/
d24/
d263/
d29
d38/
d73
f1
f161
f207/
f23/
f270
f36/
f83
f96
n18/
n24
n64
n7/
n71/
n77
Invalid operation
d73:o6k. bhnixx
Invalid operation
f36:dir:0
f1:00 66 71 9D 28
d73:o6k. bhnixx06fkjkuchj3ah
f1:37 65 C0 3E 00 D8 EA 24 31 8D 57 00 00 00
f1:00 00 66 71 9D
Invalid operation
d149:dir:0
d149/
d149:dir:0
d73:o6k. bhnixx06fkjkuchj3ah5ky
d15
d73:o6k. bhnixx06fkjkuchj3ah5ky
/d10/f143/d73
d73:o6k. bhnixx06fkjkuchj3ah5ky
f1:31 91 FC 90 14 13
d73:o6k. bhnixx06fkjkuchj3ah5kyxswyp-4jqznm4ku5
d229
f270/
/d10/f143/n7/d229
Invalid operation
d229:9vui
d229:9vui
f270/
Invalid operation
d114
d120/
d211
d228/
d239/
d24/
d263/
d267
d272
d38/
d73
f1
f104
f161
f207/
f23/
f25
f270
f36/
f83
f96
n18/
n64
n7/
n70/
n71/
n77
Invalid operation
f1:EA 24 31 91 FC 90 14 13 99
d114
d120/
d211
d228/
d239/
d24/
d263/
d267
d272
d38/
d73
f1
f104
f154
f207/
f23/
f25
f270
f36/
f83
f96
n18/
n64
n7/
n70/
n71/
n77
Invalid operation
f36:dir:0
d73:o6k. bhnixx06fkjkuchj3ah5kyxswyp-4jqznm4ku5
d114
d120/
d211
d228/
d239/
d24/
d263/
d267
d272
d38/
d73
f1
f104
f108
f161
f207/
f23/
f25
f270
f36/
f83
f96
n18/
n64
n7/
n70/
n71/
n77
f1:18
d73:o6k. bhnixx06fkjkuchj3ah5kyxswyp-4jqznm4ku5i0imjog
d114
d120/
d211
d228/
d239/
d24/
d263/
d267
d272
d38/
d73
f1
f104
f108
f161
f207/
f23/
f25
f270
f36/
f83
f96
n18/
n64
n7/
n70/
n71/
n77
f1:EA 24 31 91 FC 90 14 13 99 00 00 00 00
d114
d120/
d211
d228/
d239/
d24/
d263/
d267
d272
d38/
d73
f1
f104
f161
f207/
f23/
f25
f270
f36/
f83
f96
n18/
n64
n7/
n70/
n71/
n77
f1:13 99
Invalid operation
d114
d120/
d187
d211
d228/
d239/
d24/
d262
d263/
d267
d272
d38/
d73
f1
f104
f161
f207/
f23/
f25
f253
f270
f36/
f83
f96
n18/
n64
n7/
n70/
n71/
n77
d73:50
f1:28
f270:15
Null
f1:91 FC 90 14 13 99 00 00 00
Invalid operation
f36:dir:0
Invalid operation
Invalid operation
d73:53
f1:27
f270:15
n98:15
d267:14
f161:14
f25:14
d73:o6k. bhnixx06fkjkuchj3ah5kyxswyp-4jqznm4ku5i0imjogxqh
Invalid operation
Null
f1:E1 6E C9 A6 67
d73:61
f1:27
f270:15
n98:15
d267:14
f161:14
f25:14
f96:14
f1:54 C5 B5 1E 00 00 00 00 00 CB
f52:00
f52:6
Invalid operation
d73:o6k. bhnixx06fkjkuchj3ah5kyxswyp-4jqznm4ku5i0imjogxqhtq7to4zu
d69:dir:0
f74/
n68/
Invalid operation
Null
f74/
n68/
d73:o6k. bhnixx06fkjkuchj3ah5kyxswyp-4jqznm4ku5i0imjogxqhtq7to4zuk 2
Invalid operation
Invalid operation
Invalid operation
d179/
f123
f277/
f74/
n92
f1:00 00 00 00 00 CB E1 6E C9 A6
Null
d73:o6k. bhnixx06fkjkuchj3ah5kyxswyp-4jqznm4ku5i0imjogxqhtq7to4zuk 2xmkj850ek429eus9
f36:dir:0
d73:81
f1:26
f270:15
n98:15
d267:14
d120/
d150
d187
d211
d228/
d24/
d262
d263/
d267
d38/
d73
f1
f104
f139/
f161
f207/
f23/
f25
f253
f270
f30
f31
f35
f36/
f83
f85/
f96
n18/
n24/
n64
n7/
n70/
n71/
n77
n98
Invalid operation
d73:81
f1:26
f270:15
n98:15
d267:14
f161:14
f25:14
Invalid operation
Invalid operation
d102/
d121/
f143/
f36:dir:0
d73:o6k. bhnixx06fkjkuchj3ah5kyxswyp-4jqznm4ku5i0imjogxqhtq7to4zuk 2xmkj850ek429eus9x35.yfexkr_
d120/
d150
d187
d211
d228/
d24/
d262
d263/
d267
d277
d38/
d73
f1
f104
f139/
f161
f207/
f23/
f25
f253
f270
f30
f31
f35
f36/
f71/
f83
f85/
f96
n18/
n24/
n64
n7/
n70/
n71/
n77
n98
Invalid operation
Null
Invalid operation
f90:12 47 A1 09 9A 30
n29:7110oghz24x_q jssuuxtv2r7e.1wltudx6acjopyxx70sze06qzl.5iu7
f90:00 00 00
d102/
d121/
d151/
f143/
d102/
d121/
d151/
f143/
/n29
d121/
d123/
d151/
f117/
f143/
n82/
f90:1F
f143:dir:0
Invalid operation
d121/
d123/
d151/
f117/
f143/
n82/
d272:dir:0
d272:dir:0
d10/
d149/
d161
d205/
d221
d272/
d280
d34
d94
f199/
f273/
f5/
f73
f90
n109/
n29
n33
n38/
n46/
n59
n78/
f90:2E
n29:81
f90:36
Invalid operation
d272:dir:0
Invalid operation
Invalid operation
Null
Invalid operation
n29:7110oghz24x_q jssuuxtv2r7e.1wltudx6acjopyxx70sze06qzl.5iu723-lvw2cx5i.ybbwaehmyjn
d272:dir:0
Invalid operation
f227:txt:16
f227:6qfaitbis295-z.-
d10/
d149/
d161
d205/
d221
d272/
d280
d34
d67/
d94
f199/
f273/
f285/
f5/
f73
f90
n109/
n29
n33
n38/
n46/
n59
n78/
n8
n29:81
f90:36
d94:29
d280:16
d34:15
n59:15
d161:14
d221:14
d10/
d149/
d161
d205/
d221
d272/
d280
d34
d67/
d94
f14/
f199/
f273/
f285/
f5/
f73
f90
n109/
n29
n33
n38/
n46/
n59
n78/
n8
d10/
d149/
d161
d205/
d221
d272/
d280
d34
d67/
d94
f14/
f199/
f273/
f285/
f5/
f73
f90
n109/
n29
n33
n38/
n46/
n59
n78/
n8
f90:12
n29:93
f90:43
d10/
d149/
d161
d205/
d221
d272/
d280
d34
d67/
d75
d94
f14/
f199/
f273/
f285/
f5/
f73
f90
n109/
n29
n33
n38/
n46/
n59
n78/
n8
Invalid operation
f90:34 7E 87
Null
f90:D9 75 3D 00 00 00 00
d272:dir:0
f90:CF 17 A9 46 D6 34 7E 87 EA 00 00 00 40 D9 75 3D 00 00 00 00 67 A6 22 DD 44 E9 9D
n29:7110oghz24x_q jssuuxtv2r7e.1wltudx6acjopyxx70sze06qzl.5iu723-lvw2cx5i.ybbwaehmyjnx3gzsbm
d272:dir:0
n29:88
f90:54
d94:29
d10/
d138
d149/
d161
d205/
d221
d264
d269
d272/
d280
d297/
d34
d67/
d75
d94
f14/
f199/
f273/
f285/
f5/
f73
n1
n109/
n29
n33
n38/
n46/
n59
n8
Null
Invalid operation
Invalid operation
d10/
d138
d149/
d161
d205/
d221
d264
d269
d272/
d280
d297/
d34
d67/
d75
d94
f14/
f199/
f273/
f285/
f5/
f73
n1
n109/
n29
n33
n38/
n46/
n59
n8
Invalid operation
Invalid operation
d10/
d138
d149/
d161
d205/
d221
d264
d269
d272/
d280
d297/
d34
d67/
d75
d94
f14/
f199/
f273/
f285/
f5/
f73
n1
n109/
n29
n33
n38/
n46/
n59
n8
d10/
d138
d149/
d161
d205/
d221
d264
d269
d272/
d280
d297/
d34
d67/
d75
d94
f14/
f199/
f273/
f285/
f5/
f73
n1
n109/
n29
n33
n38/
n46/
n59
n8
d272:dir:0
d10/
d138
d149/
d161
d205/
d221
d264
d269
d272/
d280
d297/
d34
d67/
d75
d94
f14/
f199/
f2/
f273/
f285/
f48
f5/
f73
n1
n109/
n29
n33
n38/
n46/
n59
n8
Invalid operation
/n29
Invalid operation
d272:dir:0
d10/
d138
d149/
d161
d205/
d221
d264
d269
d272/
d280
d297/
d34
d67/
d75
d94
f14/
f199/
f2/
f273/
f285/
f48/
f5/
f73
n1
n109/
n29
n33
n38/
n46/
n59
n8
Invalid operation
n29:106
d94:29
d280:16
Invalid operation
Invalid operation
Invalid operation
/n29
d10/
d138
d149/
d161
d205/
d238/
d264
d266
d269
d272/
d280
d297/
d34
d67/
d75
d94
f14/
f199/
f2/
f204/
f273/
f285/
f48/
f5/
f73
f97/
n1
n109/
n29
n33
n38/
n46/
n47
n59
n8
d272:dir:0
Null
Invalid operation
Null
f78:4
d48:0
n8:00
Invalid operation
Invalid operation
n47:13
f151:3
d106:0
d138:0
f99:0
/n109/f151
d106
d138
d221/
d256/
d26/
d71
d75/
f116/
f151
f228/
f77/
f99
n47
n89/
Invalid operation
f151:slxgjw2aw.ddk40bz
d106
d138
d221/
d233
d256/
d26/
d71
d75/
f116/
f151
f166
f228/
f77/
f99
n47
n89/
/n109/f151
d106
d138
d221/
d233
d256/
d26/
d71
d75/
f116/
f151
f166
f228/
f36
f77/
f99
n47
n89/
f151:slxgjw2aw.ddk40bz
f151:17
n47:13
d106:9
f36:7
f166:6
/n109/f151
f151:17
n47:13
Null
f151:slxgjw2aw.ddk40bz
d106
d138
d139
d168/
d221/
d225/
d233
d256/
d26/
d287
d75/
f116/
f151
f166
f228/
f36
f77/
f99
n47
n89/
f151:slxgjw2aw.ddk40bz
/n109/f151
f151:slxgjw2aw.ddk40bz
d106
d138
d139
d168/
d221/
d225/
d233
d256/
d26/
d287
d75/
f151
f166
f228/
f36
f77/
f99
n47
n89/
d10/
d138
d149/
d161
d205/
d238/
d264
d266
d269
d272/
d280
d297/
d34
d67/
d75
d94
f155
f199/
f2/
f204/
f273/
f285/
f48/
f5/
f73
f97/
n1
n109/
n29
n33
n38/
n46/
n47
n8
d272:dir:0
Invalid operation
d0
d0:bin:0
Null
d287/
d287/
/n29
n29:7110oghz24x_q jssuuxtv2r7e.1wltudx6acjopyxx70sze06qzl.5iu723-lvw2cx5i.ybbwaehmyjnx3gzsbmxxrs7llmce.v3eanzgxd997
Null
n29:7110oghz24x_q jssuuxtv2r7e.1wltudx6acjopyxx70sze06qzl.5iu723-lvw2cx5i.ybbwaehmyjnx3gzsbmxxrs7llmce.v3eanzgxd997
f197
/f48/d287/d131/f197
f197
f197:17
f115:11
d87:1
f197:22
f197:txt:22
n8:00 00 00 00
d87
f115
f197
d87
f115
f197
n8:00 03
f197:22
d87:1
f205:0
/f48/d287/d131/f197
f197:txt:32
d131:dir:0
Invalid operation
Invalid operation
d131/
n8:16 7B 53 9E 3D DA CB
Invalid operation
n29:7110oghz24x_q jssuuxtv2r7e.1wltudx6acjopyxx70sze06qzl.5iu723-lvw2cx5i.ybbwaehmyjnx3gzsbmxxrs7llmce.v3eanzgxd997
Invalid operation
Invalid operation
Invalid operation
Invalid operation
d131/
f46
/f48/d287/f46
Null
n29:7110oghz24x_q jssuuxtv2r7e.1wltudx6acjopyxx70sze06qzl.5iu723-lvw2cx5i.ybbwaehmyjnx3gzsbmxxrs7llmce.v3eanzgxd997
d131/
d176
Invalid operation
Invalid operation
Invalid operation
Null
f197:_.8o7_px3a3-oqycx5jt3nstscoqy24w
Invalid operation
/f48/d287/d131/f197
Invalid operation
d225/
d87
f197
n2/
n22
f197:_.8o7_px3a3-oqycx5jt3nstscoqy24w
d176:82 D6 DB 00
d176:00 41 B6
f197:_.8o7_px3a3-oqycx5jt3nstscoqy24w
f197:32
d87:1
n22:0
f197:_.8o7_px3a3-oqycx5jt3nstscoqy24w
Null
Invalid operation
/f48/d287/d131/d225/f24
d292
f24
Invalid operation
n77:4
d87:1
d225/
d253/
d87
f71
n2/
n22
n77
Invalid operation
d225/
d253/
d87
f253
f71
n2/
n22
n77
Null
d87:md:3
d225/
d253/
d87
f212
f253
f71
n2/
n22
n77
f71:AB FD F9
f24:
d292
d7
f24
f71:E9 99 D3 2C
f24:txt:0
d292:5
d7:2
f71:F9
d217
d225/
d253/
d87
f212
f253
f71
n2/
n22
n77
d87:vtxx
d217
d225/
d253/
d87
f125/
f212
f253
f62
f71
n2/
n22
n77
Invalid operation
d217
d225/
d253/
d5
d87
f125/
f212
f253
f62
f71
n2/
n22
n77
f71:00 00 E6
Invalid operation
Invalid operation
d131/
d176
d230
d249
d58
f123/
f260
f284/
n86
Invalid operation
Invalid operation
Invalid operation
d230:bin:5
Invalid operation
Invalid operation
Invalid operation
Invalid operation
d176:DB F2 00 00
d131:dir:0
d217
d225/
d253/
d5
d87
f125/
f253
f71
n2/
n22
n77
d87:vtxx
d217
d225/
d253/
d295
d5
d87
f125/
f253
f71
n2/
n77
f71:19
d217:12
f253:11
d295:5
d87:4
n77:4
d5:0
d217
d225/
d253/
d295
d5
d87
f125/
f253
f71
n2/
n77
d87:md:6
Invalid operation
Invalid operation
Invalid operation
/f48/d287/d176
d176:29
f124:7
d58:6
f260:5
f286:2
d230:0
d249:0
f36:0
d131:dir:0
d131:dir:0
d131:dir:0
d131/
d159/
d176
d230
d249
d251/
d58
f122/
f123/
f124
f154/
f196/
f236/
f260
f284/
f286
f36
n86
Invalid operation
Invalid operation
d131/
d159/
d176
d230
d249
d251/
d58
f122/
f123/
f124
f154/
f196/
f236/
f260
f284/
f286
f298
n86
d131:dir:0
d103
d131/
d159/
d176
d230
d249
d251/
d58
f122/
f123/
f124
f154/
f196/
f236/
f260
f284/
f286
f298
n86
Invalid operation
Invalid operation
Invalid operation
Invalid operation
d176:00 00 A7 33
Invalid operation
d103
d131/
d159/
d176
d249
d251/
d58
f122/
f123/
f124
f154/
f196/
f230
f236/
f260
f284/
f286
f298
n88
d103
d131/
d159/
d176
d249
d251/
d58
f122/
f123/
f124
f154/
f196/
f230
f236/
f260
f286
f298
n88
d176:29
d103:11
f124:7
d58:6
f298:6
Invalid operation
d287:dir:0
n8:16 7B 11 8A 3D DA
d287:dir:0
f127:
Null
Invalid operation
d174
f89
n57/
n57:dir:0
Invalid operation
/f48/d287/f123/f89
Invalid operation
f101:8
f89:3
d174:0
Invalid operation
Invalid operation
Invalid operation
d174
f101
f89
n57/
n9/
f89:10 00
d103
d131/
d159/
d173/
d176
d249
d251/
d261/
d27/
d58
f122/
f123/
f124
f154/
f196/
f230
f236/
f260
f286
f298
n88
n91
d176:A7 71 90 AA 00 00 00 E2 79 AA
Invalid operation
d176:29
Invalid operation
d131:dir:0
d103
d131/
d159/
d173/
d176
d249
d251/
d261/
d27/
d58
f122/
f123/
f124
f154/
f196/
f230
f236/
f239
f260
f286
f298
n88
/f48/d287/d176
f127:0
n8:95 16 7B 11 8A 3D DA
n8:DA CB
n8:8A
Null
n8:8A 3D DA
d147/
d287/
f127
f171/
f298/
f48/
Invalid operation
d147/
d287/
f127
f171/
f298/
f48/
Invalid operation
n8:00 A4 95 16 7B 11 8A 3D DA CB 00
d147/
d287/
f127
f171/
f298/
f48/
f127:8gw5hmd8a8ge
n8:7B 11
Invalid operation
d147/
d287/
f127
f171/
f298/
f48/
d147/
d287/
f127
f27
f298/
f48/
Invalid operation
n8:16 7B 11 8A 3D DA
Invalid operation
n8:00
f230:8
n31:0
d287:dir:0
Invalid operation
/f48/f48/d115
d115:txt:5
Null
f230:_0xe3yhy
Invalid operation
f230:_0xe3yhy
d131:dir:0
n8:3D DA CB
/f48/f230
n8:16 7B 11 8A 3D DA CB 00
d105/
d287/
d51
f230
f298/
f48/
n31
Invalid operation
n8:00 3D
d287:dir:0
d105/
d216/
d287/
d51
f127/
f230
f48/
n31
Invalid operation
n8:CB 00
f230:_0xe3yhykva-qh8yzqt.sgciiufg-h
d105/
d216/
d228
d287/
d51
f127/
f230
f48/
n31
n8:3D DA
Invalid operation
Null
n29:7110oghz24x_q jssuuxtv2r7e.1wltudx6acjopyxx70sze06qzl.5iu723-lvw2cx5i.ybbwaehmyjnx3gzsbmxxrs7llmce.v3eanzgxd997
d10/
d138
d161
d184/
d205/
d238/
d264
d266
d268/
d269
d272/
d280
d297/
d34
d67/
d75
d94
f155
f199/
f2/
f273/
f285/
f48/
f5/
f54
f73
f97/
n1
n109/
n29
n33
n38/
n46/
n47
n8
d10/
d138
d161
d184/
d205/
d238/
d264
d266
d268/
d269
d272/
d280
d297/
d34
d67/
d75
d94
f155
f199/
f2/
f273/
f285/
f48/
f5/
f54
f73
f97/
n1
n109/
n29
n33
n38/
n46/
n47
n8
n29:126
d94:29
n8:20
d280:16
d34:15
d161:14
f73:12
n8:00 9D 15 4C E4 F3 3C
Invalid operation
/d184/d294
/n29
n8:5E 7B 11 8A 3D DA CB 00 00 9D 15 4C
n8:00 9D 15 4C E4
n29:126
d94:29
n8:29
d280:16
d34:15
Invalid operation
n29:126
n8:49 00
/n29
n8:49 00
/n29
n29:133
n8:32
d94:29
d280:16
d34:15
d161:14
Invalid operation
Invalid operation
d272:dir:0
/n29
Invalid operation
n8:F3 3C 49 00 00
d221:0
Invalid operation
Invalid operation
Null
Invalid operation
Invalid operation
Invalid operation
Invalid operation
/n46/d221
n58
Invalid operation
Invalid operation
Invalid operation
d10/
f234/
Invalid operation
f162:bin:0
Invalid operation
Invalid operation
Invalid operation
Null
Invalid operation
Invalid operation
d10/
d236
d92
f131/
f234/
d236:jiww x4
d221:00 F1 A9 A0 D1 C1
n14:11
d236:8
d92:0
d236:jiww x4x
Invalid operation
Invalid operation
/n46/n94/d92
d230
d231
d39
d92
f131/
f234/
f261/
f263/
f27
n14
f234:dir:0
Invalid operation
f27:11
n14:11
d39:3
d230:2
d92:1
d231:0
Null
d10/
d138
d169
d188
d238/
d261/
d264
d266
d268/
d269
d272/
d280
d297/
d34
d67/
d75
d94
f155
f174
f199/
f2/
f23
f273/
f285/
f40/
f48/
f5/
f73
f97/
n1
n109/
n29
n33
n38/
n46/
n47
n48
n8
Null
d10/
d138
d169
d188
d238/
d261/
d264
d266
d268/
d269
d272/
d280
d297/
d34
d67/
d75
d94
f155
f199/
f2/
f23
f273/
f285/
f40/
f48/
f5/
f73
f97/
n1
n109/
n29
n33
n38/
n46/
n47
n48
n8
/n29
n8:BD 8B 64 07 F5 00 6D
d10/
d138
d169
d188
d238/
d261/
d264
d266
d268/
d269
d272/
d280
d297/
d34
d67/
d75
d94
f155
f199/
f2/
f23
f273/
f285/
f40/
f48/
f5/
f73
f97/
n1
n109/
n29
n33
n38/
n46/
n47
n48
n8
/n29
n29:150
n8:33
Invalid operation
n8:7B
Invalid operation
n29:7110oghz24x_q jssuuxtv2r7e.1wltudx6acjopyxx70sze06qzl.5iu723-lvw2cx5i.ybbwaehmyjnx3gzsbmxxrs7llmce.v3eanzgxd9975 9bat5dikiqvj0u_ig947jmiwb0ibd_u2m4h6x1xu1uiik_76-i
Invalid operation
d10/
d109/
d120
d138
d169
d172/
d188
d238/
d261/
d264
d266
d268/
d269
d272/
d280
d297/
d34
d67/
d75
d94
f155
f183
f199/
f2/
f23
f273/
f285/
f40/
f48/
f5/
f73
n1
n109/
n29
n33
n38/
n46/
n47
n48
n8
n88/
d10/
d109/
d120
d138
d169
d172/
d188
d238/
d261/
d264
d266
d268/
d269
d272/
d280
d297/
d34
d67/
d75
d94
f155
f183
f199/
f2/
f23
f273/
f285/
f40/
f48/
f5/
f73
n1
n109/
n29
n33
n38/
n46/
n47
n48
n8
n88/
n29:163
Invalid operation
d272:dir:0
Invalid operation
d10/
d109/
d120
d138
d169
d172/
d188
d238/
d261/
d264
d266
d268/
d269
d272/
d280
d297/
d34
d67/
d75
d94
f155
f183
f199/
f2/
f23
f273/
f285/
f40/
f48/
f5/
f73
n1
n109/
n29
n33
n38/
n46/
n47
n48
n8
n88/
Invalid operation
d272:dir:0
n8:7B 11 8A 3D DA CB 00 00 21 D9 A1 BD 8B 64 07 F5 00 6D A7 00 00
n8:00 3D F8 5E 7B 11 8A 3D DA CB
/n29
n8:F4 CE
n29:175
n8:36
d94:29
d120:16
d272:dir:0
n29:7110oghz24x_q jssuuxtv2r7e.1wltudx6acjopyxx70sze06qzl.5iu723-lvw2cx5i.ybbwaehmyjnx3gzsbmxxrs7llmce.v3eanzgxd9975 9bat5dikiqvj0u_ig947jmiwb0ibd_u2m4h6x1xu1uiik_76-ic2fa2mm4gyks
n8:E3 F4 CE 24 00 00 00 00
Invalid operation
n29:7110oghz24x_q jssuuxtv2r7e.1wltudx6acjopyxx70sze06qzl.5iu723-lvw2cx5i.ybbwaehmyjnx3gzsbmxxrs7llmce.v3eanzgxd9975 9bat5dikiqvj0u_ig947jmiwb0ibd_u2m4h6x1xu1uiik_76-ic2fa2mm4gyksx
d10/
d109/
d117
d120
d138
d169
d172/
d188
d233/
d261/
d264
d266
d268/
d272/
d280
d297/
d34
d67/
d75
d94
f155
f183
f199/
f2/
f23
f255/
f273/
f285/
f40/
f48/
f5/
n1
n109/
n29
n33
n38/
n46/
n47
n48
n8
n88/
n29:176
n8:37
d94:29
n29:176
n8:35
d94:29
d120:16
d280:16
d34:15
Invalid operation
Invalid operation
/d268/f214
d93
n63/
Invalid operation
d241
d93
n63/
d93:
n8:00 00 21 D9 A1 BD 52 D6 0E 51 DD F0 10 F6 42
Invalid operation
d93
/d268/d93
Null
f69:txt:7
f69:txt:7
/d268/n63/f69
f69:txt:7
f69:txt:27
/d268/n63/f69
d145/
d234
n11
d145/
d234
n11
d234:gnkn3fy1iyt3pucsxh
d145/
d234
n11
d234:gnkn3fy1iyt3pucsxhodq b5o5d4mpd8
d145/
d234
n11
d234:txt:48
d145/
d234
n11
/d268/n63/d234
Invalid operation
Invalid operation
/d268/n63/d234
Null
d234:50
n11:11
Invalid operation
d234:gnkn3fy1iyt3pucsxhodq b5o5d4mpd8dr3xyag8nc833j_.
d234:gnkn3fy1iyt3pucsxhodq b5o5d4mpd8
d53
Invalid operation
n8:69
d53:txt:14
f44
/d268/n63/d145/d99/f44
n73:7
f44:3
Invalid operation
/d268/n63/d145/d99/f44
f44
d98
f44
Invalid operation
d53:ru7ym92.n2_y_x
d53:ru7ym92.n2_y_x
d156
d156
n8:3D 54 CB 00 00 AF 09 4C BD 52 D6 0E 4B 39 26 69 8F 45 C2 97 55 C4 1C 01 92 C0 15 1D 09 83
f287:FD
d234:gnkn3fy1iyt3pucsxhodq b5o5d4mpd8
d234:32
n11:11
d235:8
f144:5
f287:1
d256:0
d145:dir:0
Invalid operation
d145:dir:0
Invalid operation
d93:pqrk4ztxd55_p6
/d268/d93
d231/
d93
f38
n63/
d93:txt:14
d93:14
f38:8
n8:25 BF 13 4B 39 26 69 8F 45 C2 97 55
n8:97
Invalid operation
d231/
d93
f38
n63/
Invalid operation
Invalid operation
n8:45 C2 97 55 C4 1C 01 92 C0 15 1D 09 83 50
Invalid operation
n29:7110oghz24x_q jssuuxtv2r7e.1wltudx6acjopyxx70sze06qzl.5iu723-lvw2cx5i.ybbwaehmyjnx3gzsbmxxrs7llmce.v3eanzgxd9975 9bat5dikiqvj0u_ig947jmiwb0ibd_u2m4h6x1xu1uiik_76-ic2fa2mm4gyksxy q_aex.3tvs3ul71gkuywmi
d272:dir:0
/n29
n29:7110oghz24x_q jssuuxtv2r7e.1wltudx6acjopyxx70sze06qzl.5iu723-lvw2cx5i.ybbwaehmyjnx3gzsbmxxrs7llmce.v3eanzgxd9975 9bat5dikiqvj0u_ig947jmiwb0ibd_u2m4h6x1xu1uiik_76-ic2fa2mm4gyksxy q_aex.3tvs3ul71gkuywmi
n29:7110oghz24x_q jssuuxtv2r7e.1wltudx6acjopyxx70sze06qzl.5iu723-lvw2cx5i.ybbwaehmyjnx3gzsbmxxrs7llmce.v3eanzgxd9975 9bat5dikiqvj0u_ig947jmiwb0ibd_u2m4h6x1xu1uiik_76-ic2fa2mm4gyksxy q_aex.3tvs3ul71gkuywmi
d10/
d109/
d110/
d117
d120
d169
d172/
d188
d233/
d261/
d264
d266
d268/
d272/
d280
d297/
d34
d67/
d75
d94
f155
f183
f199/
f210
f23
f255/
f273/
f40/
f48/
f5/
n1
n109/
n26
n29
n33
n38/
n46/
n47
n48
n8
n88/
d10/
d109/
d110/
d117
d120
d169
d172/
d188
d233/
d261/
d264
d266
d268/
d272/
d280
d297/
d34
d67/
d75
d94
f155
f183
f199/
f210
f23
f255/
f273/
f40/
f48/
f5/
n1
n109/
n26
n29
n33
n38/
n46/
n47
n48
n8
n88/
n29:200
d10/
d109/
d110/
d117
d169
d172/
d188
d233/
d261/
d264
d266
d268/
d272/
d280
d297/
d34
d67/
d75
d94
f155
f183
f199/
f210
f23
f243
f255/
f273/
f40/
f48/
f5/
n1
n109/
n26
n29
n33
n38/
n46/
n47
n48
n8
n88/
Invalid operation
Invalid operation
Invalid operation
d272:dir:0
Invalid operation
d10/
d109/
d110/
d117
d169
d172/
d188
d233/
d261/
d264
d266
d268/
d272/
d280
d297/
d34
d67/
d75
d94
f155
f183
f199/
f210
f23
f243
f255/
f273/
f40/
f48/
f5/
n1
n109/
n113/
n26
n29
n33
n38/
n46/
n47
n48
n8
n88/
Invalid operation
n29:200
n8:47
d94:29
d280:16
d10/
d109/
d110/
d169
d172/
d188
d233/
d261/
d264
d266
d268/
d272/
d280
d297/
d34
d67/
d75
d94
f155
f183
f199/
f210
f23
f243
f255/
f273/
f287
f40/
f48/
f5/
n1
n109/
n113/
n26
n29
n33
n38/
n46/
n47
n48
n60
n8
n88/
d10/
d109/
d110/
d169
d172/
d188
d233/
d261/
d264
d266
d268/
d272/
d280
d297/
d34
d67/
d75
d94
f155
f183
f199/
f210
f23
f243
f255/
f273/
f287
f40/
f48/
f5/
n1
n109/
n113/
n26
n29
n33
n38/
n46/
n47
n48
n60
n8
n88/
d10/
d109/
d110/
d169
d172/
d188
d233/
d261/
d264
d266
d268/
d272/
d280
d297/
d34
d67/
d75
d94
f155
f183
f199/
f210
f23
f243
f255/
f273/
f287
f40/
f48/
f5/
n1
n109/
n113/
n26
n29
n33
n38/
n46/
n47
n48
n8
n88/
Invalid operation
d10/
d109/
d110/
d169
d172/
d188
d233/
d261/
d264
d266
d268/
d272/
d280
d297/
d34
d67/
d75
d94
f155
f183
f199/
f210
f23
f243
f255/
f273/
f287
f40/
f48/
f5/
n1
n109/
n113/
n26
n29
n33
n38/
n46/
n47
n48
n8
n88/
Invalid operation
n8:15 1D 09 E5 99 2A C0 10 15 91 95 CC 00
d272:dir:0
n29:7110oghz24x_q jssuuxtv2r7e.1wltudx6acjopyxx70sze06qzl.5iu723-lvw2cx5i.ybbwaehmyjnx3gzsbmxxrs7llmce.v3eanzgxd9975 9bat5dikiqvj0u_ig947jmiwb0ibd_u2m4h6x1xu1uiik_76-ic2fa2mm4gyksxy q_aex.3tvs3ul71gkuywmi
d10/
d109/
d110/
d169
d172/
d188
d233/
d261/
d264
d266
d268/
d272/
d280
d297/
d34
d67/
d75
d94
f155
f183
f199/
f210
f23
f239
f243
f255/
f262
f287
f40/
f48/
f5/
n1
n109/
n113/
n26
n29
n33
n38/
n46/
n47
n48
n8
n88/
/n29
n8:F5 56 25 BF 13 4B 39 26 69 8F 45 C2 97 55 C4 1C 01
n29:200
n8:49
d94:29
f239:17
d280:16
Invalid operation
Null
n29:201
n8:49
d94:29
f239:17
d280:16
d34:15
n47:11
d10/
d109/
d110/
d169
d172/
d188
d233/
d261/
d264
d266
d268/
d272/
d280
d297/
d34
d67/
d75
d94
f155
f183
f199/
f210
f23
f239
f243
f255/
f40/
f48/
f5/
n1
n109/
n113/
n26
n29
n33
n38/
n46/
n47
n48
n8
n88/
Invalid operation
Invalid operation
Invalid operation
n29:7110oghz24x_q jssuuxtv2r7e.1wltudx6acjopyxx70sze06qzl.5iu723-lvw2cx5i.ybbwaehmyjnx3gzsbmxxrs7llmce.v3eanzgxd9975 9bat5dikiqvj0u_ig947jmiwb0ibd_u2m4h6x1xu1uiik_76-ic2fa2mm4gyksxy q_aex.3tvs3ul71gkuywmix
Invalid operation
/n29
/n29
d267
f45
d267
d267
n8:45 1F 7D B1 F5 56 25 BF 13 4B 39 26 69 8F 45 C2 97 55 C4 1C 01 92 C0 15 1D 09 E5 99 2A C0 10 15 91 95 CC 8C C0 0F
Invalid operation
d267:ln4i8duj6y_
/n29
Invalid operation
Invalid operation
n8:09 E5 99 2A C0 10 15 91
d272:dir:0
Invalid operation
/n29
Invalid operation
Invalid operation
n29:7110oghz24x_q jssuuxtv2r7e.1wltudx6acjopyxx70sze06qzl.5iu723-lvw2cx5i.ybbwaehmyjnx3gzsbmxxrs7llmce.v3eanzgxd9975 9bat5dikiqvj0u_ig947jmiwb0ibd_u2m4h6x1xu1uiik_76-ic2fa2mm4gyksxy q_aex.3tvs3ul71gkuywmix
Invalid operation
d10/
d109/
d110/
d169
d172/
d188
d209
d233/
d261/
d264
d266
d268/
d272/
d280
d297/
d34
d67/
d75
d94
d96
f136
f155
f183
f199/
f210
f23
f239
f243
f251/
f253
f255/
f285/
f40/
f48/
f5/
n109/
n113/
n26
n29
n33
n38/
n46/
n47
n48
n8
n88/
d10/
d109/
d110/
d169
d172/
d188
d209
d233/
d261/
d264
d266
d268/
d272/
d280
d297/
d34
d67/
d75
d94
d96
f136
f155
f183
f199/
f210
f23
f239
f243
f251/
f253
f255/
f285/
f40/
f48/
f5/
n109/
n113/
n26
n29
n33
n38/
n46/
n47
n48
n8
n88/
Invalid operation
n8:43 46 C8 14 60 00 54 16
Invalid operation
Invalid operation
d272:dir:0
Invalid operation
n29:7110oghz24x_q jssuuxtv2r7e.1wltudx6acjopyxx70sze06qzl.5iu723-lvw2cx5i.ybbwaehmyjnx3gzsbmxxrs7llmce.v3eanzgxd9975 9bat5dikiqvj0u_ig947jmiwb0ibd_u2m4h6x1xu1uiik_76-ic2fa2mm4gyksxy q_aex.3tvs3ul71gkuywmixrre4 hs.e3t
d10/
d109/
d110/
d165/
d169
d172/
d188
d209
d233/
d261/
d264
d266
d268/
d272/
d280
d297/
d34
d67/
d75
d94
d96
f136
f155
f183
f199/
f210
f23
f239
f243
f251/
f253
f255/
f285/
f40/
f48/
f5/
n109/
n113/
n26
n29
n33
n38/
n46/
n47
n48
n8
n88/
n29:7110oghz24x_q jssuuxtv2r7e.1wltudx6acjopyxx70sze06qzl.5iu723-lvw2cx5i.ybbwaehmyjnx3gzsbmxxrs7llmce.v3eanzgxd9975 9bat5dikiqvj0u_ig947jmiwb0ibd_u2m4h6x1xu1uiik_76-ic2fa2mm4gyksxy q_aex.3tvs3ul71gkuywmix
Invalid operation
d10/
d109/
d110/
d165/
d169
d172/
d188
d209
d233/
d240
d261/
d264
d266
d268/
d272/
d280
d297/
d34
d49
d67/
d75
d94
d96
f136
f155
f183
f199/
f210
f23
f239
f243
f251/
f253
f255/
f285/
f40/
f48/
f5/
n109/
n113/
n26
n29
n33
n38/
n46/
n47
n48
n8
n88/
n29:7110oghz24x_q jssuuxtv2r7e.1wltudx6acjopyxx70sze06qzl.5iu723-lvw2cx5i.ybbwaehmyjnx3gzsbmxxrs7llmce.v3eanzgxd9975 9bat5dikiqvj0u_ig947jmiwb0ibd_u2m4h6x1xu1uiik_76-ic2fa2mm4gyksxy q_aex.3tvs3ul71gkuywmixe-pky.9av
Invalid operation
d10/
d109/
d110/
d165/
d169
d172/
d188
d209
d233/
d240
d261/
d264
d266
d268/
d272/
d280
d297/
d34
d49
d67/
d75
d94
d96
f136
f155
f183
f199/
f210
f23
f239
f243
f251/
f253
f255/
f285/
f40/
f48/
f5/
n109/
n113/
n26
n29
n33
n38/
n46/
n47
n48
n7/
n8
n88/
d10/
d109/
d110/
d165/
d169
d172/
d188
d209
d233/
d240
d261/
d264
d266
d268/
d272/
d280
d297/
d34
d49
d67/
d75
d94
d96
f136
f155
f183
f199/
f210
f23
f239
f243
f251/
f253
f255/
f285/
f40/
f48/
f5/
n109/
n113/
n26
n29
n33
n38/
n46/
n47
n48
n7/
n8
n88/
Invalid operation
Invalid operation
Invalid operation
Invalid operation
Null
/d280
n29:217
n8:52
d94:29
f239:17
d118:16
d280:16
d34:15
/d280
/d280
n29:217
n8:52
d94:29
f239:17
d272:dir:0
Invalid operation
Invalid operation
/d280
/d280
/d280
d272:dir:0
d10/
d109/
d110/
d118
d125/
d126
d165/
d169
d172/
d188
d209
d233/
d240
d261/
d264
d266
d268/
d272/
d280
d297/
d34
d49
d67/
d75
d94
d96
f136
f155
f182
f183
f199/
f210
f23
f239
f243
f251/
f253
f255/
f285/
f40/
f48/
f5/
n109/
n113/
n117/
n29
n33
n38/
n45
n46/
n47
n48
n56
n7/
n8
n88/
Invalid operation
n8:C0 10 15 91 95 3B 43 46 C8 14 0B
n8:00 EA 5A 3E C0 94 7A
d10/
d109/
d110/
d118
d125/
d126
d165/
d169
d172/
d188
d209
d233/
d240
d261/
d264
d266
d268/
d272/
d280
d297/
d34
d49
d67/
d75
d94
d96
f136
f155
f182
f183
f199/
f210
f23
f239
f243
f251/
f253
f255/
f285/
f40/
f48/
f5/
n109/
n113/
n117/
n29
n33
n38/
n45
n46/
n47
n48
n56
n7/
n8
n88/
d10/
d109/
d110/
d118
d125/
d126
d165/
d169
d172/
d188
d209
d233/
d240
d261/
d264
d266
d268/
d272/
d280
d297/
d34
d49
d67/
d75
d94
d96
f136
f155
f182
f183
f199/
f210
f23
f239
f243
f251/
f253
f255/
f285/
f40/
f48/
f5/
n109/
n113/
n117/
n29
n33
n38/
n45
n46/
n47
n48
n56
n7/
n8
n88/
Invalid operation
d272:dir:0
Invalid operation
Null
Invalid operation
d280:6d1g21_6lrt8 eo 6c4-v9l_b09bs4
d280:6d1g21_6lrt8 eo 6c4-v9l_b09bs4bdpy6wm2xc32zisc1
n8:7C 1C 01 92 C0 15 1D 09 E5 99 2A C0 10 41 91 95 3B 43 46 C8 14 0B 7C
d280:6d1g21_6lrt8 eo 6c4-v9l_b09bs4bdpy6wm2xc32zisc1
n8:C8
Invalid operation
/d280
Invalid operation
Invalid operation
d10/
d109/
d110/
d118
d125/
d126
d165/
d169
d172/
d188
d205
d209
d233/
d240
d261/
d264
d266
d268/
d272/
d280
d297/
d34
d49
d67/
d75
d94
d96
f136
f155
f16/
f182
f183
f199/
f210
f23
f239
f243
f251/
f253
f255/
f285/
f40/
f48/
f5/
n109/
n117/
n23/
n29
n33
n38/
n45
n46/
n47
n48
n56
n7/
n70/
n8
n88/
d280:6d1g21_6lrt8 eo 6c4-v9l_b09bs4
Invalid operation
Invalid operation
/d280
d272:dir:0
n8:95 3B 43 46 C8 14 0B 3B
d10/
d109/
d110/
d118
d125/
d126
d165/
d169
d172/
d188
d205
d209
d233/
d240
d261/
d264
d266
d268/
d272/
d280
d297/
d34
d49
d67/
d75
d94
d96
f136
f155
f16/
f182
f183
f199/
f210
f228/
f23
f239
f251/
f253
f255/
f285/
f40/
f48/
f5/
n109/
n117/
n23/
n29
n33
n38/
n45
n46/
n47
n48
n56
n7/
n70/
n8
n88/
d10/
d109/
d110/
d118
d125/
d126
d165/
d169
d172/
d188
d205
d209
d233/
d240
d261/
d264
d266
d268/
d272/
d280
d297/
d34
d49
d67/
d75
d94
d96
f123
f136
f155
f16/
f182
f183
f199/
f210
f228/
f23
f239
f251/
f253
f255/
f285/
f40/
f48/
f5/
n109/
n117/
n23/
n29
n33
n38/
n45
n46/
n47
n48
n56
n7/
n70/
n8
n88/
d10/
d109/
d110/
d118
d125/
d126
d165/
d169
d172/
d188
d205
d209
d233/
d240
d261/
d264
d266
d268/
d272/
d280
d297/
d34
d49
d67/
d75
d94
d96
f123
f136
f155
f16/
f182
f183
f199/
f210
f228/
f23
f239
f251/
f253
f255/
f285/
f40/
f48/
f5/
n109/
n117/
n23/
n29
n33
n38/
n45
n46/
n47
n48
n56
n7/
n70/
n8
n88/
d272:dir:0
n29:217
n8:59
d280:30
d280:6d1g21_6lrt8 eo 6c4-v9l_b09bs4
d10/
d109/
d110/
d118
d125/
d126
d165/
d169
d172/
d188
d205
d209
d233/
d240
d261/
d264
d266
d268/
d272/
d280
d297/
d34
d49
d67/
d75
d94
d96
f136
f155
f16/
f182
f183
f199/
f210
f228/
f23
f239
f251/
f253
f255/
f285/
f40/
f48/
f5/
n109/
n117/
n23/
n29
n33
n38/
n45
n46/
n47
n48
n56
n7/
n70/
n8
n88/
n29:217
n8:59
d280:30
d10/
d109/
d110/
d118
d125/
d126
d165/
d169
d172/
d188
d205
d209
d220
d233/
d240
d261/
d264
d266
d268/
d272/
d280
d297/
d34
d49
d67/
d75
d94
d96
f136
f155
f16/
f182
f183
f199/
f210
f228/
f23
f239
f251/
f253
f255/
f285/
f40/
f48/
f5/
n109/
n117/
n23/
n29
n33
n38/
n45
n46/
n47
n48
n56
n7/
n70/
n8
n88/
Invalid operation
d272:dir:0
d10/
d109/
d110/
d118
d125/
d126
d165/
d169
d172/
d188
d205
d209
d233/
d240
d261/
d264
d266
d268/
d272/
d280
d297/
d34
d49
d67/
d75
d94
d96
f136
f155
f16/
f182
f183
f199/
f210
f228/
f23
f239
f251/
f253
f255/
f285/
f40/
f48/
f5/
n109/
n117/
n23/
n29
n33
n38/
n45
n46/
n47
n48
n56
n7/
n70/
n8
n88/
Null
n29:217
n8:59
d280:30
Invalid operation
n8:1C 01 92 C0 15 1D 09 E5 99 2A C0 10
f153:2E
n8:C0 15 1D 09 E5 99 2A C0 10 41 91 95 3B 43 46 C8 14 0B 3B 00 00 00 83 BF 60 43 00 00
f153:39 2E 00 00
f153:00
Invalid operation
n29:217
n8:61
d280:30
d10/
d109/
d110/
d118
d125/
d126
d165/
d169
d172/
d188
d205
d209
d233/
d240
d261/
d264
d266
d268/
d272/
d280
d297/
d34
d49
d67/
d75
d94
d96
f136
f145
f155
f16/
f182
f183
f199/
f210
f228/
f23
f239
f251/
f253
f255/
f285/
f40/
f48/
f5/
n109/
n117/
n23/
n29
n33
n38/
n45
n46/
n47
n48
n56
n7/
n70/
n8
n88/
Invalid operation
n29:217
n8:61
d280:30
n29:217
n8:61
d280:45
n89:dir:0
Invalid operation
Invalid operation
n29:217
d280:79
n8:58
d10/
d109/
d110/
d118
d125/
d126
d165/
d169
d172/
d188
d205
d209
d233/
d240
d261/
d264
d266
d268/
d272/
d280
d297/
d34
d49
d67/
d75
d94
d96
f136
f145
f155
f16/
f182
f183
f199/
f210
f228/
f23
f239
f251/
f253
f255/
f285/
f40/
f48/
f5/
n109/
n117/
n23/
n29
n33
n38/
n45
n46/
n47
n48
n56
n7/
n70/
n8
n88/
d280:6d1g21_6lrt8 eo 6c4-v9l_b09bs4u1t067awrer8.3dwp3usvop17w8_yp78va_ c7wm7g4d958yj
d272
n8:35 3A B1 D4 B3 76 97 2A C0 10 41 91 95 3B 43 46 C8 14 0B 3B 00 00 00
d212
d212
/n23/d212
n8:C7 02 C6 66 15 6C 7C 1C 01 35 3A B1 D4 B3 76 97 2A C0 10 41 91 95 3B 43 46 C8 14
d280:6d1g21_6lrt8 eo 6c4-v9l_b09bs4u1t067awrer8.3dwp3usvop17w8_yp78va_ c7wm7g4d958yjx
d280:6d1g21_6lrt8 eo 6c4-v9l_b09bs4u1t067awrer8.3dwp3usvop17w8_yp78va_ c7wm7g4d958yjx
n8:41 6B DC 52 B9 B1 F5 F8 C3 AB 14 B1 6A 63 C7 02 C6 66 15 6C 7C 1C 01 35 3A B1 D4 B3 76 97 2A C0 10 41 91 95 3B 43 46 C8 14 0B 3B 00 00 00 83 BF 60 90
Null
d176/
f11
Null
f11:3
d256:0
d176:dir:0
d176/
d256
d26
d44/
f11
d176/
d223
d256
d44/
f11
d223:0
d256:0
/d261/d256
d280:6d1g21_6lrt8 eo 6c4-v9l_b09bs4u1t067awrer8.3dwp3usvop17w8_yp78va_ c7wm7g4d958yjx
n8:3B 43 46 C8 14 0B 3B 00 00 00 83 BF 60 90 9B 29
d10/
d109/
d110/
d118
d125/
d126
d165/
d169
d172/
d188
d205
d209
d233/
d240
d261/
d264
d266
d268/
d272/
d280
d297/
d34
d49
d67/
d75
d94
d96
f136
f145
f155
f16/
f182
f183
f199/
f210
f228/
f23
f239
f251/
f253
f255/
f285/
f48/
f5/
n109/
n117/
n23/
n29
n33
n38/
n45
n46/
n47
n48
n56
n7/
n70/
n8
n88/
d272:dir:0
d280:6d1g21_6lrt8 eo 6c4-v9l_b09bs4u1t067awrer8.3dwp3usvop17w8_yp78va_ c7wm7g4d958yjx
n29:217
d280:80
n8:65
n29:217
d280:82
n8:65
n29:217
d280:82
n8:65
d10/
d110/
d118
d125/
d126
d165/
d169
d172/
d188
d205
d209
d233/
d240
d251
d261/
d264
d266
d268/
d272/
d280
d297/
d34
d49
d67/
d75
d94
d96
f136
f145
f155
f16/
f182
f183
f199/
f210
f228/
f23
f235
f239
f251/
f253
f255/
f285/
f48/
f5/
n109/
n117/
n23/
n29
n33
n38/
n45
n46/
n47
n48
n56
n7/
n70/
n8
n88/
n29:217
d280:82
n8:65
d10/
d110/
d118
d125/
d126
d165/
d169
d172/
d188
d205
d209
d233/
d240
d251
d261/
d264
d266
d268/
d272/
d280
d297/
d34
d49
d67/
d75
d94
d96
f136
f145
f155
f16/
f182
f183
f199/
f210
f228/
f23
f235
f239
f251/
f253
f255/
f285/
f48/
f5/
n109/
n117/
n23/
n29
n33
n38/
n45
n46/
n47
n48
n56
n7/
n70/
n8
n88/
d280:6d1g21_6lrt8 eo 6c4-v9l_b09bs4u1t067awrer8.3dwp3usvop17w8_yp78va_ c7wm7g4d958yjx74
n8:38 43
Invalid operation
Invalid operation
d280:6d1g21_6lrt8 eo 6c4-v9l_b09bs4u1t067awrer8.3dwp3usvop17w8_yp78va_ c7wm7g4d958yjx74
Invalid operation
Invalid operation
Invalid operation
f270:
n8:DC 52 B9 B1 F5 F8 C3 AB 14 B1 6A 63 C7 02
Invalid operation
f106:dir:0
Invalid operation
f106/
f270
f288/
f57/
n8:83 BF 60 90 9B 29 9A 38 43 00
n8:02 C6 66 15 6C 13 3C 3B C5 3A B1 D4 B3 76 97 2A C0 10 41 91 95 3B 43 46 C8 14 0B 3B 00 00 00 83 BF 60 90 9B 29 9A 38 43 00
n8:00
f106:dir:0
d165
d262
f106/
f169
f270
f288/
f57/
n79/
d165
d262
f106/
f169
f270
f288/
f57/
n79/
f106:dir:0
Invalid operation
Invalid operation
d280:6d1g21_6lrt8 eo 6c4-v9l_b09bs4u1t067awrer8.3dwp3usvop17w8_yp78va_ c7wm7g4d958yjx74
d280:6d1g21_6lrt8 eo 6c4-v9l_b09bs4u1t067awrer8.3dwp3usvop17w8_yp78va_ c7wm7g4d958yjx74
Invalid operation
d272:dir:0
Invalid operation
n29:217
d280:82
n8:66
n29:217
d280:83
n8:66
d10/
d110/
d118
d125/
d126
d165/
d169
d188
d205
d209
d233/
d240
d251
d261/
d264
d266
d268/
d272/
d280
d297/
d34
d49
d67/
d75
d76/
d96
f136
f145
f155
f16/
f181
f182
f183
f199/
f210
f228/
f23
f235
f239
f251/
f253
f255/
f282/
f285/
f48/
f5/
n109/
n117/
n23/
n29
n33
n38/
n45
n46/
n47
n48
n56
n70/
n8
n88/
Invalid operation
n29:217
d280:84
n8:66
/d280
n29:217
d280:84
n8:66
n8:38 43
d280:6d1g21_6lrt8 eo 6c4-v9l_b09bs4u1t067awrer8.3dwp3usvop17w8_yp78va_ c7wm7g4d958yjx74xx
d10/
d110/
d118
d125/
d126
d165/
d169
d188
d205
d209
d233/
d240
d251
d261/
d264
d266
d268/
d272/
d280
d297/
d34
d49
d67/
d75
d76/
d96
f136
f145
f155
f16/
f181
f182
f183
f199/
f210
f228/
f23
f235
f239
f251/
f253
f255/
f282/
f285/
f48/
f5/
n109/
n117/
n23/
n29
n33
n38/
n45
n46/
n47
n48
n56
n70/
n8
n88/
n8:3B
/d280
d272:dir:0
d272:dir:0
n29:217
d280:84
n8:66
n29:217
d280:84
n8:66
n29:217
d280:84
n8:66
f239:17
d118:16
d34:15
f235:15
Null
n8:B3 76 97 2A C0 10 41 91 95 3B
n29:217
d280:89
n29:217
d280:89
n8:66
d280:6d1g21_6lrt8 eo 6c4-v9l_b09bs4u1t067awrer8.3dwp3usvop17w8_yp78va_ c7wm7g4d958yjx74xx49jgx
Invalid operation
n29:217
d280:89
n8:66
n29:217
d280:89
n8:66
d10/
d110/
d118
d125/
d126
d165/
d169
d188
d205
d209
d233/
d240
d251
d261/
d264
d266
d268/
d272/
d280
d297/
d34
d49
d67/
d75
d76/
d96
f136
f145
f155
f16/
f181
f182
f183
f199/
f210
f228/
f23
f235
f239
f251/
f253
f255/
f282/
f285/
f48/
f5/
n109/
n117/
n23/
n29
n33
n38/
n45
n46/
n47
n48
n56
n70/
n8
n88/
n29:217
d280:89
n8:66
/d280
n29:217
d280:103
n8:66
Invalid operation
d280:6d1g21_6lrt8 eo 6c4-v9l_b09bs4u1t067awrer8.3dwp3usvop17w8_yp78va_ c7wm7g4d958yjx74xx49jgx
d10/
d110/
d118
d125/
d126
d165/
d169
d188
d205
d209
d233/
d240
d251
d261/
d264
d266
d268/
d272/
d280
d297/
d34
d49
d67/
d75
d76/
d96
f136
f145
f155
f16/
f181
f182
f199/
f210
f228/
f23
f239
f251/
f253
f255/
f282/
f285/
f48/
f5/
n109/
n117/
n23/
n29
n33
n38/
n45
n46/
n47
n48
n56
n70/
n8
n88/
Invalid operation
d10/
d110/
d118
d125/
d126
d165/
d169
d188
d205
d209
d233/
d240
d251
d261/
d264
d266
d268/
d272/
d280
d297/
d34
d49
d67/
d75
d76/
d96
f136
f145
f155
f16/
f181
f182
f199/
f210
f228/
f23
f239
f251/
f253
f255/
f282/
f285/
f48/
f5/
n109/
n117/
n23/
n29
n33
n38/
n45
n46/
n47
n48
n56
n70/
n8
n88/
Invalid operation
/d280
d272:dir:0
d10/
d110/
d118
d125/
d126
d165/
d169
d188
d205
d209
d233/
d240
d251
d261/
d264
d266
d268/
d272/
d280
d297/
d34
d49
d67/
d75
d76/
d96
f136
f145
f155
f16/
f181
f182
f199/
f210
f228/
f23
f239
f251/
f253
f255/
f282/
f285/
f48/
f5/
n109/
n117/
n23/
n29
n33
n38/
n45
n46/
n47
n48
n56
n70/
n8
n88/
n8:00 83 BF 60 90 9B 29 9A 38 43 00
d280:6d1g21_6lrt8 eo 6c4-v9l_b09bs4u1t067awrer8.3dwp3usvop17w8_yp78va_ c7wm7g4d958yjx74xx49jgxx0.p8ng2wmptpi
d10/
d110/
d118
d125/
d126
d165/
d169
d188
d205
d209
d233/
d240
d251
d261/
d264
d268/
d272/
d280
d297/
d34
d49
d67/
d75
d76/
d96
f136
f145
f155
f16/
f181
f182
f199/
f210
f228/
f23
f235
f239
f251/
f253
f255/
f282/
f285/
f48/
f5/
n109/
n117/
n23/
n29
n33
n38/
n45
n46/
n47
n48
n56
n70/
n8
n88/
Invalid operation
n29:217
d280:103
n8:66
n29:217
d280:103
n8:66
n8:71 AB 15 5E 61 F0 B1 F5 F8 C3 AB 14 B1 6A 63 C7 02 C6 66 15
n8:71 AB 15 5E 61 F0 B1 F5 F8 C3 AB 14 B1 6A 63 C7 02 C6 66 15 AD D9 DF 3B C5 3A B1 D4 B3 76 97 2A C0 10 41 91 AE A1
n29:217
d280:103
n8:71
Invalid operation
n29:217
d280:103
n8:71
d10/
d110/
d118
d125/
d126
d165/
d169
d188
d205
d209
d233/
d240
d251
d261/
d264
d268/
d272/
d280
d297/
d32
d34
d49
d67/
d75
d76/
d96
f136
f145
f155
f16/
f181
f182
f199/
f210
f221/
f228/
f23
f235
f239
f251/
f253
f255/
f282/
f285/
f48/
f5/
n109/
n117/
n23/
n29
n33
n38/
n45
n46/
n47
n48
n56
n70/
n8
n88/
Invalid operation
n29:217
d280:103
n8:71
Invalid operation
n29:217
d280:103
n8:71
Invalid operation
d280:6d1g21_6lrt8 eo 6c4-v9l_b09bs4u1t067awrer8.3dwp3usvop17w8_yp78va_ c7wm7g4d958yjx74xx49jgxx0.p8ng2wmptpi
n29:217
d280:103
n8:69
n29:217
d280:103
n8:69
f239:17
d118:16
d34:15
d32:14
d126:12
n29:217
d280:103
n8:69
/d280
Invalid operation
Invalid operation
d280:6d1g21_6lrt8 eo 6c4-v9l_b09bs4u1t067awrer8.3dwp3usvop17w8_yp78va_ c7wm7g4d958yjx74xx49jgxx0.p8ng2wmptpi
d272:dir:0
d272:dir:0
Invalid operation
n29:217
d280:108
n8:69
n29:217
d280:108
n8:69
n29:217
d280:108
n8:69
d280:6d1g21_6lrt8 eo 6c4-v9l_b09bs4u1t067awrer8.3dwp3usvop17w8_yp78va_ c7wm7g4d958yjx74xx49jgxx0.p8ng2wmptpidm9s4
n29:217
d280:108
n8:69
n29:217
d280:108
n8:69
d10/
d110/
d118
d125/
d126
d165/
d169
d188
d201
d205
d209
d233/
d251
d261/
d264
d268/
d272/
d280
d297/
d32
d34
d49
d67/
d75
d76/
d96
f136
f145
f155
f16/
f180/
f181
f182
f199/
f210
f221/
f228/
f23
f239
f251/
f253
f255/
f282/
f285/
f48/
f5/
n109/
n117/
n23/
n29
n33
n38/
n45
n46/
n47
n48
n56
n70/
n8
n88/
n29:217
d280:115
n8:69
n8:C5 3A B1 D4 B3 76 97 2A C0 10 41 91 AE A1 55 FE 40 29 8D 3B 00 F8 00 83 BF 60 90 9B 29 9A 38 A4 00 00
Invalid operation
Invalid operation
n29:217
d280:115
n8:69
Null
f270:txt:0
n8:91 AE A1 55 FE 40 29
n29:217
d280:115
n8:69
d10/
d110/
d118
d125/
d126
d165/
d169
d188
d201
d205
d209
d233/
d251
d261/
d264
d268/
d272/
d280
d297/
d32
d34
d49
d67/
d75
d76/
d96
f136
f145
f155
f16/
f180/
f181
f182
f199/
f210
f221/
f228/
f23
f239
f251/
f253
f255/
f282/
f285/
f48/
f5/
n109/
n117/
n23/
n29
n33
n38/
n45
n46/
n47
n48
n56
n70/
n8
n88/
f270:txt:0
f225:16
n8:90 9B 29 9A 38 A4 00 00 00 00
n8:61 F0 B1 F5 F8 C3 AB 14 B1 89 63 C7 02 C6 66 15 AD D9
d165
d262
f169
f225
f270
f288/
f57/
n79/
n98/
n99/
Invalid operation
d262
f169
f225
f270
f288/
f57/
n79/
n99/
f270:txt:0
d165
d262
f169
f225
f270
f288/
f57/
n79/
n99/
f270:txt:0
n8:14 B1 89 63 C7 02 C6 66 15 AD D9 BE 2A B1 3A B1 D4 B3 76 97 2A C0 10 41 91 AE A1 55 FE 40 29 8D 3B 00 F8 00 83 BF 60
n29:217
d280:115
n8:71
f239:17
n29:217
d280:115
n8:71
Invalid operation
d272:dir:0
n29:217
d280:115
n8:71
n29:217
d280:115
n8:71
d280:6d1g21_6lrt8 eo 6c4-v9l_b09bs4u1t067awrer8.3dwp3usvop17w8_yp78va_ c7wm7g4d958yjx74xx49jgxx0.p8ng2wmptpidm9s4c6visk_
Invalid operation
d280:115
n8:68
f239:17
d10/
d110/
d118
d125/
d126
d165/
d169
d188
d201
d205
d209
d233/
d251
d261/
d264
d268/
d272/
d280
d297/
d32
d34
d49
d67/
d75
d76/
d96
f136
f137/
f145
f155
f16/
f180/
f181
f182
f199/
f210
f221/
f228/
f23
f239
f251/
f253
f255/
f282/
f285/
f48/
f5/
n109/
n117/
n23/
n33
n38/
n45
n46/
n47
n48
n56
n70/
n8
n88/
d272:dir:0
d10/
d110/
d118
d125/
d126
d165/
d169
d188
d201
d205
d209
d233/
d251
d261/
d264
d268/
d272/
d280
d297/
d32
d34
d49
d67/
d75
d76/
d96
f136
f137/
f145
f155
f16/
f180/
f181
f182
f199/
f210
f221/
f228/
f23
f239
f251/
f253
f255/
f282/
f285/
f48/
f5/
n109/
n117/
n23/
n33
n38/
n45
n46/
n47
n48
n56
n70/
n8
n88/
/f282/f81
n8:90 9B 29
f81
f81:
d69/
f81
Invalid operation
d280:6d1g21_6lrt8 eo 6c4-v9l_b09bs4u1t067awrer8.3dwp3usvop17w8_yp78va_ c7wm7g4d958yjx74xx49jgxx0.p8ng2wmptpidm9s4c6visk_
d10/
d110/
d118
d125/
d126
d165/
d169
d188
d201
d205
d209
d233/
d251
d261/
d264
d268/
d272/
d280
d297/
d32
d34
d49
d67/
d75
d76/
d96
f136
f137/
f145
f155
f16/
f180/
f181
f182
f199/
f210
f221/
f228/
f23
f239
f251/
f253
f255/
f282/
f285/
f48/
f5/
n109/
n117/
n33
n38/
n45
n46/
n47
n48
n56
n70/
n8
n88/
d10/
d110/
d118
d125/
d126
d165/
d169
d188
d201
d205
d209
d233/
d251
d261/
d264
d268/
d272/
d280
d297/
d32
d34
d49
d67/
d75
d76/
d96
f136
f137/
f145
f155
f16/
f180/
f181
f182
f199/
f210
f221/
f228/
f23
f239
f251/
f253
f255/
f282/
f285/
f48/
f5/
n109/
n117/
n33
n38/
n45
n46/
n47
n48
n56
n70/
n8
n88/
d10/
d110/
d118
d125/
d126
d165/
d169
d188
d201
d205
d209
d233/
d251
d261/
d264
d268/
d272/
d280
d297/
d32
d34
d49
d67/
d75
d76/
d96
f136
f137/
f145
f155
f16/
f180/
f181
f182
f199/
f210
f221/
f228/
f23
f239
f251/
f253
f255/
f282/
f285/
f48/
f5/
n109/
n117/
n33
n38/
n45
n46/
n47
n48
n56
n70/
n8
n88/
Invalid operation
d280:6d1g21_6lrt8 eo 6c4-v9l_b09bs4u1t067awrer8.3dwp3usvop17w8_yp78va_ c7wm7g4d958yjx74xx49jgxx0.p8ng2wmptpidm9s4c6visk_
d259
f81
Invalid operation
Invalid operation
n8:9B 29 9A 38
n8:40 29 8D 3B 00 F8 00 83 BF 33 14 9B 29 9A 38
f268/
f81
f268:dir:0
Invalid operation
d177/
d19/
d197
d238/
d59/
f268/
n8:9C 4A 18 CC 42 38 71 AB 15 5E 61 F0 B1 F5 F8 F2 AB 14 B1 28 63 C7 02 C6 66 15 AD D9 BE 2A B1 3A B1 D4 B3 76 97 2A 43 93 4E 9D 86 F2 55 FE 40 29
Invalid operation
Invalid operation
d13/
d177/
d19/
d238/
d59/
f268/
d13/
d177/
d19/
d238/
d59/
f268/
Invalid operation
Invalid operation
d238:dir:0
/d280
n8:18 8F 96 33
Invalid operation
d280:6d1g21_6lrt8 eo 6c4-v9l_b09bs4u1t067awrer8.3dwp3usvop17w8_yp78va_ c7wm7g4d958yjx74xx49jgxx0.p8ng2wmptpidm9s4c6visk_3qrsdbx1gvmuta-nx
Null
/f282/n110
n8:15 AD D9 BE 2A B1 3A B1 D4
d13/
d177/
d19/
d238/
d59/
f111/
Invalid operation
d238:dir:0
Null
/d280
Invalid operation
f249:bin:2
Invalid operation
f249:BF 61
Invalid operation
Null
Invalid operation
f117/
f237
f249
f53
/f282/n15/f249
Invalid operation
Null
Invalid operation
f249:00 FC FE DD 12 62 82 26
f249:BF
Invalid operation
f249:bin:2
Invalid operation
/f23
Invalid operation
f117/
f237
f249
f53
n9
Invalid operation
d280:168
n8:59
d280:6d1g21_6lrt8 eo 6c4-v9l_b09bs4u1t067awrer8.3dwp3usvop17w8_yp78va_ c7wm7g4d958yjx74xx49jgxx0.p8ng2wmptpidm9s4c6visk_3qrsdbx1gvmuta-nx.0hrhz7215m2n_fvxfe_ivtg n542-h_idsq
d280:6d1g21_6lrt8 eo 6c4-v9l_b09bs4u1t067awrer8.3dwp3usvop17w8_yp78va_ c7wm7g4d958yjx74xx49jgxx0.p8ng2wmptpidm9s4c6visk_3qrsdbx1gvmuta-nx.0hrhz7215m2n_fvxfe_ivtg n542-h_idsq
n8:B3 76 97 2A 43 93 4E 9D 86 F2 55 FE 55 AE A4 86 59 23 18
d280:168
n8:59
f239:17
d10/
d110/
d118
d125/
d126
d165/
d169
d188
d201
d205
d209
d233/
d251
d261/
d264
d268/
d272/
d280
d297/
d32
d34
d49
d67/
d75
d76/
d96
f136
f137/
f145
f155
f16/
f180/
f181
f182
f199/
f210
f221/
f228/
f23
f239
f251/
f253
f255/
f282/
f285/
f48/
f5/
n109/
n117/
n12/
n33
n38/
n45
n46/
n47
n48
n56
n70/
n8
n88/
d280:168
n8:59
f239:17
d10/
d110/
d118
d125/
d126
d165/
d169
d188
d201
d205
d209
d233/
d251
d261/
d264
d268/
d272/
d280
d297/
d32
d34
d49
d67/
d75
d76/
d96
f136
f137/
f145
f155
f16/
f180/
f181
f182
f199/
f210
f221/
f228/
f23
f239
f251/
f253
f255/
f282/
f285/
f48/
f5/
n109/
n117/
n12/
n33
n38/
n45
n46/
n47
n48
n56
n70/
n8
d280:6d1g21_6lrt8 eo 6c4-v9l_b09bs4u1t067awrer8.3dwp3usvop17w8_yp78va_ c7wm7g4d958yjx74xx49jgxx0.p8ng2wmptpidm9s4c6visk_3qrsdbx1gvmuta-nx.0hrhz7215m2n_fvxfe_ivtg n542-h_idsq
d280:169
n8:59
f239:17
Invalid operation
d280:169
n8:59
f239:17
d118:16
d34:15
d32:14
d126:12
d280:6d1g21_6lrt8 eo 6c4-v9l_b09bs4u1t067awrer8.3dwp3usvop17w8_yp78va_ c7wm7g4d958yjx74xx49jgxx0.p8ng2wmptpidm9s4c6visk_3qrsdbx1gvmuta-nx.0hrhz7215m2n_fvxfe_ivtg n542-h_idsqx
d272:dir:0
Invalid operation
Invalid operation
Invalid operation
d280:168
d280:168
n8:61
f239:17
d280:6d1g21_6lrt8 eo 6c4-v9l_b09bs4u1t067awrer8.3dwp3usvop17w8_yp78va_ c7wm7g4d958yjx74xx49jgxx0.p8ng2wmptpidm9s4c6visk_3qrsdbx1gvmuta-nx.0hrhz7215m2n_fvxfe_ivtg n542-h_idsq
/d280
d280:6d1g21_6lrt8 eo 6c4-v9l_b09bs4u1t067awrer8.3dwp3usvop17w8_yp78va_ c7wm7g4d958yjx74xx49jgxx0.p8ng2wmptpidm9s4c6visk_3qrsdbx1gvmuta-nx.0hrhz7215m2n_fvxfe_ivtg n542-h_idsqdg4t0bxrvw
Null
Invalid operation
d280:6d1g21_6lrt8 eo 6c4-v9l_b09bs4u1t067awrer8.3dwp3usvop17w8_yp78va_ c7wm7g4d958yjx74xx49jgxx0.p8ng2wmptpidm9s4c6visk_3qrsdbx1gvmuta-nx.0hrhz7215m2n_fvxfe_ivtg n542-h_idsq
Invalid operation
d121/
d123/
d151/
f143/
f189/
n82/
f143:dir:0
n8:A1 4B DC 02 8E C6 66 15 AD D9 BE 2A B1 3A B1 D4 B3 76 97 2A 43 93 4E 9D 86 F2 55 FE 55 AE A4 86 59 23 18 8F 00 00 00
Null
Invalid operation
Invalid operation
/d10/d104
Invalid operation
d104
d121/
d123/
d151/
f143/
f189/
n82/
n8:F0 B1 F5 F8 38 ED 9B A1 4B DC 02
Invalid operation
/d10/d104
Invalid operation
n8:55 AE A4 86 59 23 18 8F 00 00 00 00 00
d280:169
n8:61
f239:17
d10/
d110/
d118
d125/
d126
d165/
d169
d188
d201
d205
d209
d233/
d251
d261/
d264
d268/
d272/
d280
d297/
d32
d34
d49
d67/
d75
d76/
d96
f136
f137/
f145
f155
f16/
f180/
f181
f182
f199/
f210
f221/
f228/
f23
f239
f251/
f253
f255/
f282/
f285/
f48/
f5/
n109/
n117/
n12/
n33
n38/
n45
n46/
n47
n48
n56
n70/
n77/
n8
d280:169
n8:61
f239:17
/d280
d280:169
n8:61
f239:17
d10/
d110/
d118
d125/
d126
d165/
d169
d188
d201
d205
d209
d233/
d251
d261/
d264
d268/
d272/
d280
d297/
d32
d34
d49
d67/
d75
d76/
d96
f136
f137/
f145
f155
f16/
f180/
f181
f182
f199/
f210
f221/
f228/
f23
f239
f251/
f253
f255/
f282/
f285/
f48/
f5/
n109/
n117/
n12/
n33
n38/
n45
n46/
n47
n48
n56
n70/
n77/
n8
Invalid operation
d280:169
n8:61
f239:17
d10/
d110/
d118
d125/
d126
d165/
d169
d188
d201
d205
d209
d233/
d251
d261/
d264
d268/
d272/
d280
d297/
d32
d34
d49
d67/
d75
d76/
d96
f136
f137/
f145
f155
f16/
f180/
f181
f182
f199/
f210
f221/
f228/
f23
f239
f251/
f253
f255/
f282/
f285/
f48/
f5/
n109/
n117/
n12/
n33
n38/
n45
n46/
n47
n48
n56
n70/
n77/
n8
d10/
d110/
d118
d125/
d126
d165/
d169
d188
d201
d205
d209
d233/
d251
d261/
d264
d268/
d272/
d280
d297/
d32
d34
d49
d67/
d75
d76/
d96
f136
f137/
f145
f155
f16/
f180/
f181
f182
f199/
f210
f221/
f228/
f23
f239
f251/
f253
f255/
f282/
f285/
f48/
f5/
n109/
n117/
n12/
n33
n38/
n45
n46/
n47
n48
n56
n70/
n77/
n8
n8:00 00
d55:0
d55:
d280:169
n8:58
f239:17
d10/
d110/
d118
d125/
d126
d165/
d169
d188
d201
d205
d209
d233/
d251
d261/
d264
d268/
d272/
d280
d297/
d32
d34
d49
d67/
d75
d76/
d96
f136
f137/
f145
f155
f16/
f180/
f181
f182
f199/
f210
f221/
f228/
f23
f239
f251/
f253
f255/
f282/
f285/
f48/
f5/
n109/
n117/
n12/
n33
n38/
n45
n46/
n47
n48
n56
n70/
n77/
n8
d55
f247
Invalid operation
d55
f247
n8:FE 55 AE A4 86 59 23 18 8F
/n117/d55
n8:2A 47
/d280
Invalid operation
/d280
d280:6d1g21_6lrt8 eo 6c4-v9l_b09bs4u1t067awrer8.3dwp3usvop17w8_yp78va_ c7wm7g4d958yjx74xx49jgxx0.p8ng2wmptpidm9s4c6visk_3qrsdbx1gvmuta-nx.0hrhz7215m2n_fvxfe_ivtg n542-h_idsqx
Invalid operation
d280:6d1g21_6lrt8 eo 6c4-v9l_b09bs4u1t067awrer8.3dwp3usvop17w8_yp78va_ c7wm7g4d958yjx74xx49jgxx0.p8ng2wmptpidm9s4c6visk_3qrsdbx1gvmuta-nx.0hrhz7215m2n_fvxfe_ivtg n542-h_idsqx
d10/
d110/
d118
d125/
d126
d165/
d169
d188
d201
d205
d209
d233/
d251
d261/
d264
d268/
d272/
d280
d297/
d32
d34
d49
d67/
d75
d76/
d96
f136
f137/
f145
f155
f16/
f180/
f181
f182
f199/
f210
f221/
f228/
f23
f239
f251/
f253
f255/
f282/
f285/
f48/
f5/
n109/
n117/
n12/
n33
n38/
n45
n46/
n47
n48
n56
n77/
n8
/d280
d280:169
n8:56
f239:17
Invalid operation
d10/
d110/
d118
d125/
d126
d165/
d169
d188
d192
d201
d205
d209
d233/
d251
d261/
d264
d268/
d272/
d280
d297/
d32
d34
d49
d67/
d75
d76/
d96
f136
f137/
f145
f155
f16/
f180/
f181
f182
f199/
f210
f221/
f228/
f23
f239
f251/
f253
f255/
f282/
f285/
f48/
f5/
n109/
n117/
n12/
n33
n38/
n45
n46/
n47
n48
n56
n77/
n8
d280:169
n8:56
f239:17
d280:169
n8:56
f239:17
/d280
d280:169
n8:56
f239:17
d118:16
d10/
d110/
d118
d125/
d126
d165/
d169
d188
d201
d205
d209
d233/
d251
d261/
d264
d268/
d272/
d280
d297/
d32
d34
d49
d67/
d75
d76/
d96
f136
f137/
f145
f155
f16/
f180/
f181
f182
f199/
f210
f221/
f228/
f23
f239
f251/
f253
f255/
f282/
f285/
f48/
f5/
n109/
n117/
n119
n12/
n33
n38/
n45
n46/
n47
n48
n56
n77/
n8
d280:6d1g21_6lrt8 eo 6c4-v9l_b09bs4u1t067awrer8.3dwp3usvop17w8_yp78va_ c7wm7g4d958yjx74xx49jgxx0.p8ng2wmptpidm9s4c6visk_3qrsdbx1gvmuta-nx.0hrhz7215m2n_fvxfe_ivtg n542-h_idsqx
d280:169
n8:59
f239:17
d272:dir:0
d280:169
n8:59
f239:17
d10/
d110/
d118
d125/
d126
d165/
d169
d188
d201
d205
d209
d233/
d251
d261/
d264
d268/
d272/
d280
d297/
d32
d34
d49
d67/
d75
d76/
d96
f136
f137/
f145
f155
f16/
f180/
f181
f182
f199/
f210
f221/
f228/
f23
f239
f251/
f253
f255/
f282/
f285/
f48/
f5/
n109/
n117/
n119
n12/
n33
n38/
n45
n46/
n47
n48
n56
n77/
n8
d280:169
n8:56
f239:17
d10/
d110/
d118
d125/
d126
d165/
d169
d188
d201
d205
d209
d233/
d251
d261/
d264
d268/
d272/
d280
d297/
d32
d34
d49
d67/
d75
d76/
d96
f136
f137/
f145
f155
f16/
f180/
f181
f182
f199/
f210
f221/
f228/
f23
f239
f251/
f253
f255/
f282/
f285/
f48/
f5/
n109/
n117/
n119
n12/
n33
n38/
n45
n46/
n47
n48
n56
n77/
n8
d280:6d1g21_6lrt8 eo 6c4-v9l_b09bs4u1t067awrer8.3dwp3usvop17w8_yp78va_ c7wm7g4d958yjx74xx49jgxx0.p8ng2wmptpidm9s4c6visk_3qrsdbx1gvmuta-nx.0hrhz7215m2n_fvxfe_ivtg n542-h_idsqx
Invalid operation
d280:181
n8:56
f239:17
d272:dir:0
d10/
d110/
d118
d125/
d126
d165/
d169
d188
d201
d205
d209
d233/
d251
d261/
d264
d268/
d272/
d280
d297/
d32
d34
d49
d67/
d75
d76/
d96
f136
f137/
f145
f155
f16/
f180/
f181
f182
f199/
f210
f221/
f228/
f23
f239
f251/
f255/
f282/
f285/
f48/
f5/
n109/
n117/
n119
n12/
n33
n38/
n45
n46/
n47
n48
n56
n77/
n8
d272:dir:0
d280:6d1g21_6lrt8 eo 6c4-v9l_b09bs4u1t067awrer8.3dwp3usvop17w8_yp78va_ c7wm7g4d958yjx74xx49jgxx0.p8ng2wmptpidm9s4c6visk_3qrsdbx1gvmuta-nx.0hrhz7215m2n_fvxfe_ivtg n542-h_idsqxtx9p518xk7i0
d280:6d1g21_6lrt8 eo 6c4-v9l_b09bs4u1t067awrer8.3dwp3usvop17w8_yp78va_ c7wm7g4d958yjx74xx49jgxx0.p8ng2wmptpidm9s4c6visk_3qrsdbx1gvmuta-nx.0hrhz7215m2n_fvxfe_ivtg n542-h_idsqxtx9p518xk7i0
/d125/f17
Null
n8:97 2A 47 D6 01 CC 49 B8 3C FE 55 AE A4
d280:181
n8:57
f239:17
n8:A4 86 A2 36 67 1A 00
n8:C2 AD D9 BE 2A B1 3A B1 D4 B3 76
d10/
d110/
d118
d125/
d126
d165/
d169
d188
d201
d205
d209
d233/
d251
d261/
d264
d268/
d272/
d280
d297/
d32
d34
d49
d67/
d75
d76/
d96
f136
f137/
f145
f155
f16/
f180/
f181
f182
f199/
f210
f221/
f228/
f23
f239
f251/
f255/
f282/
f285/
f48/
f5/
n109/
n117/
n119
n12/
n33
n38/
n45
n46/
n47
n48
n56
n77/
n8
d10/
d110/
d118
d125/
d126
d165/
d169
d188
d201
d205
d209
d233/
d251
d261/
d264
d268/
d272/
d280
d297/
d32
d34
d49
d67/
d75
d76/
d96
f136
f137/
f145
f155
f16/
f180/
f181
f182
f199/
f210
f221/
f228/
f23
f239
f251/
f255/
f282/
f285/
f48/
f5/
n109/
n117/
n119
n12/
n33
n38/
n45
n46/
n47
n48
n56
n77/
n8
/d280
Invalid operation
d280:181
n8:57
/d280
Invalid operation
d280:181
n8:57
f239:17
Invalid operation
d280:181
n8:57
f239:17
d10/
d110/
d118
d125/
d126
d165/
d169
d188
d201
d205
d209
d233/
d251
d261/
d264
d268/
d272/
d280
d297/
d32
d34
d49
d67/
d75
d76/
d96
f136
f137/
f145
f155
f16/
f180/
f181
f182
f199/
f210
f221/
f228/
f23
f239
f251/
f255/
f282/
f285/
f48/
f5/
n109/
n117/
n119
n12/
n33
n38/
n45
n46/
n47
n48
n56
n77/
n8
Invalid operation
n8:88 B3 76 97 2A 47 D6
f17:txt:0
n8:FE 55 AE A4 86 A2 36 67 1A
d280:181
n8:57
f239:17
Invalid operation
Invalid operation
/d280
Null
Null
Null
n8:AE A4 86 A2
Invalid operation
d280:6d1g21_6lrt8 eo 6c4-v9l_b09bs4u1t067awrer8.3dwp3usvop17w8_yp78va_ c7wm7g4d958yjx74xx49jgxx0.p8ng2wmptpidm9s4c6visk_3qrsdbx1gvmuta-nx.0hrhz7215m2n_fvxfe_ivtg n542-h_idsqxtx9p518xk7i0
d272:dir:0
/d280
Invalid operation
n60
Null
d64:20
/f180/d64
Invalid operation
Invalid operation
d287/
d64
n55/
n55:dir:0
Invalid operation
Null
Invalid operation
Invalid operation
Invalid operation
Invalid operation
Invalid operation
Invalid operation
d64:54 0F D7 0A 1A 1E 20 7E 52
Invalid operation
Invalid operation
Null
Invalid operation
d287/
d64
f207
f272
f96/
n55/
f37:14
d127:6
n60:1
Invalid operation
Invalid operation
Invalid operation
Invalid operation
d127
d32
f37
n60
Invalid operation
f37:14
d127:6
n60:4
Invalid operation
Invalid operation
Invalid operation
Invalid operation
Invalid operation
Invalid operation
/f180/n55/d59/f237
n60:6D 00
f101:dir:0
Invalid operation
d235:15
f237:10
n60:00 A2
d248
f101/
d248
f101/
f113/
Invalid operation
n5/
Invalid operation
Invalid operation
Invalid operation
d248:y.pb.7w4z9fi_g.ri5bl7jmxaf
/f180/n55/d59/d248
d248:y.pb.7w4z9fi_g.ri5bl7jmxaf
d220/
d227
d248
f100
f101/
f113/
n44
d248:y.pb.7w4z9fi_g.ri5bl7jmxafx
d227
d248
f100
f101/
f113/
n44
d183/
d227
d248
d92/
f100
f101/
f113/
n44
d248:y.pb.7w4z9fi_g.ri5bl7jmxafxxki1i8tm13s
Invalid operation
Invalid operation
Invalid operation
Invalid operation
d248:y.pb.7w4z9fi_g.ri5bl7jmxafxxki1i8tm13s
d248:y.pb.7w4z9fi_g.ri5bl7jmxafxxki1i8tm13s
Invalid operation
Invalid operation
/f180/n55/d59/d248
Invalid operation
d109/
d227
d248
d251/
d92/
f100
f101/
f125
f153
n44
Invalid operation
Invalid operation
d145
d16
d32
d59/
f37
n109
n51
n60
Invalid operation
/f180/n55/n60
n60:00 A2 86 A3 81 D6 CA
Null
Invalid operation
d248:38
f125:14
n44:5
f100:4
f153:1
f101:dir:0
d248:y.pb.7w4z9fi_g.ri5bl7jmxafxxki1i8tm13sx
d248
d92/
f100
f101/
f125
f153
f168
f237/
f251
n44
d145
d16
d32
d59/
f37
n109
n60
n60:bin:13
n60:bin:13
n60:00 A2 86
Invalid operation
Invalid operation
Invalid operation
Invalid operation
/f180/n55/d77/f217
Invalid operation
Invalid operation
Invalid operation
f217
Invalid operation
Invalid operation
Invalid operation
d145
d16
d32
d59/
d77/
f190
f288/
f34/
f37
n105
n109
n60
n82
Invalid operation
n60:9A 0D
f37:14
n60:13
Invalid operation
f37:14
n60:13
d44:7
n100:4
Invalid operation
Invalid operation
Invalid operation
Invalid operation
Invalid operation
d145
d16
d32
d44
d59/
d77/
f144
f190
f34/
f37
n100
n105
n109
n60
n60:8B 55
Invalid operation
Invalid operation
d148:bin:8
Invalid operation
Null
n60:16
f37:14
d44:7
n100:4
f190:3
d145:2
d16:2
Invalid operation
Invalid operation
n55:dir:0
d287/
d64
f163
f207
f272
n55/
Invalid operation
Invalid operation
Invalid operation
d64:20 7E
Invalid operation
/f180/d64
d10/
d110/
d118
d125/
d126
d165/
d169
d188
d201
d205
d209
d228
d233/
d251
d261/
d264
d268/
d272/
d280
d297/
d32
d34
d49
d67/
d75
d76/
d96
f136
f137/
f145
f16/
f180/
f181
f182
f199/
f210
f221/
f228/
f23
f239
f251/
f282/
f285/
f48/
f5/
n109/
n117/
n119
n12/
n33
n38/
n46/
n47
n48
n56
n8
/f180/f207
Invalid operation
Invalid operation
Invalid operation
f207:B1
f207:2F
d218
d287/
d76
f112/
f126/
f207
f272
n55/
/f180/f207
/f180/f207
d76:13
d280:6d1g21_6lrt8 eo 6c4-v9l_b09bs4u1t067awrer8.3dwp3usvop17w8_yp78va_ c7wm7g4d958yjx74xx49jgxx0.p8ng2wmptpidm9s4c6visk_3qrsdbx1gvmuta-nx.0hrhz7215m2n_fvxfe_ivtg n542-h_idsqxtx9p518xk7i0
n8:01 CC 49 B8 3C FE 55 AE A4 86 A2 36 67 1A 00
d280:6d1g21_6lrt8 eo 6c4-v9l_b09bs4u1t067awrer8.3dwp3usvop17w8_yp78va_ c7wm7g4d958yjx74xx49jgxx0.p8ng2wmptpidm9s4c6visk_3qrsdbx1gvmuta-nx.0hrhz7215m2n_fvxfe_ivtg n542-h_idsqxtx9p518xk7i0x
d280:182
n8:69
f239:17
d118:16
d34:15
d10/
d110/
d118
d125/
d126
d165/
d169
d188
d201
d205
d209
d228
d233/
d251
d261/
d264
d268/
d272/
d280
d297/
d32
d34
d49
d67/
d75
d76/
d96
f136
f137/
f145
f16/
f180/
f181
f182
f199/
f210
f221/
f228/
f23
f239
f251/
f282/
f285/
f48/
f5/
n109/
n117/
n119
n12/
n33
n38/
n46/
n47
n48
n56
n8
d10/
d110/
d118
d125/
d126
d165/
d169
d188
d201
d205
d209
d228
d233/
d251
d261/
d264
d268/
d272/
d280
d297/
d32
d34
d49
d67/
d75
d76/
d96
f136
f137/
f145
f16/
f180/
f181
f182
f199/
f210
f221/
f228/
f23
f239
f251/
f282/
f285/
f48/
f5/
n109/
n117/
n119
n12/
n33
n38/
n46/
n47
n48
n56
n8
d280:6d1g21_6lrt8 eo 6c4-v9l_b09bs4u1t067awrer8.3dwp3usvop17w8_yp78va_ c7wm7g4d958yjx74xx49jgxx0.p8ng2wmptpidm9s4c6visk_3qrsdbx1gvmuta-nx.0hrhz7215m2n_fvxfe_ivtg n542-h_idsqxtx9p518xk7i0x
d272:dir:0
d272:dir:0
d10/
d110/
d118
d125/
d126
d165/
d169
d188
d201
d205
d209
d228
d233/
d251
d261/
d264
d268/
d272/
d280
d297/
d32
d34
d49
d67/
d75
d76/
d87
d96
f136
f137/
f145
f16/
f180/
f181
f182
f199/
f209
f210
f221/
f228/
f23
f239
f251/
f282/
f285/
f48/
f5/
n109/
n117/
n119
n12/
n33
n38/
n46/
n47
n48
n56
n8
Invalid operation
n8:8B D2 59 84 88 B3 76 97 2A 47 D6 01 CC 49
d10/
d110/
d118
d125/
d126
d165/
d169
d188
d193/
d201
d205
d209
d228
d233/
d251
d261/
d264
d268/
d272/
d280
d297/
d32
d34
d49
d67/
d75
d76/
d96
f136
f137/
f145
f16/
f177
f180/
f181
f199/
f209
f210
f221/
f228/
f23
f239
f251/
f282/
f285/
f48/
f5/
n109/
n117/
n119
n12/
n33
n38/
n46/
n47
n48
n56
n8
d272:dir:0
d272:dir:0
d10/
d110/
d118
d125/
d126
d165/
d169
d188
d193/
d201
d205
d209
d228
d233/
d251
d261/
d264
d268/
d272/
d280
d297/
d32
d34
d49
d67/
d75
d76/
d96
f136
f137/
f145
f16/
f177
f180/
f181
f199/
f209
f210
f221/
f228/
f23
f239
f251/
f282/
f285/
f48/
f5/
n109/
n117/
n119
n12/
n33
n38/
n46/
n47
n48
n56
n8
d272:dir:0
d280:182
n8:73
f239:17
d280:6d1g21_6lrt8 eo 6c4-v9l_b09bs4u1t067awrer8.3dwp3usvop17w8_yp78va_ c7wm7g4d958yjx74xx49jgxx0.p8ng2wmptpidm9s4c6visk_3qrsdbx1gvmuta-nx.0hrhz7215m2n_fvxfe_ivtg n542-h_idsqxtx9p518xk7i0x
n104:md:0
f197:6
n104:0
n104:md:0
Invalid operation
Invalid operation
Null
n8:49 B8 3C FE 55 AE A4 86 A2
d280:182
n8:73
f239:17
n8:B3
f26:md:5
Invalid operation
d104:ost-cfywki4q87orip2b5cokbsi9v59n7mxx
d10/
d110/
d118
d125/
d126
d165/
d169
d188
d193/
d201
d205
d209
d228
d233/
d251
d261/
d264
d268/
d272/
d280
d297/
d32
d34
d49
d67/
d75
d76/
d96
f120
f136
f137/
f145
f16/
f177
f180/
f181
f199/
f208/
f209
f210
f221/
f228/
f23
f239
f251/
f282/
f285/
f48/
f5/
n109/
n117/
n119
n12/
n33
n38/
n46/
n47
n48
n56
n8
d280:183
n8:80
f239:17
d280:183
n8:80
f239:17
Invalid operation
d280:183
n8:80
f239:17
Invalid operation
d10/
d110/
d118
d125/
d126
d165/
d169
d188
d193/
d201
d205
d209
d228
d233/
d251
d261/
d264
d268/
d272/
d280
d297/
d32
d34
d49
d67/
d75
d76/
d96
f120
f136
f137/
f145
f16/
f177
f180/
f181
f199/
f208/
f209
f210
f221/
f228/
f23
f239
f251/
f282/
f285/
f48/
f5/
n109/
n117/
n119
n12/
n33
n38/
n46/
n47
n48
n56
n8
d280:183
n8:78
f239:17
d231
f134/
f70
n8:00 79 3C 53 29 C8
f70:jmh580ysf8.fsr9hxx5-dz-kjsdalew853
d231:hyx
Null
d231
f151
f151:12
d231:3
d231:txt:3
Invalid operation
f112:00
Invalid operation
d231:txt:22
Invalid operation
f112:00
f112:00
Invalid operation
Invalid operation
Invalid operation
d280:183
n8:80
f239:17
n8:48 CC 5A 01 5D DF 23 4E FE 55 AE A4 86 A2 36 67 06 84
n8:DA
d280:183
n8:80
f239:17
Invalid operation
d280:183
n8:80
f239:17
d118:16
d231:hyxxtyuc pf3sikw4dfhc2
d165
d231
d237/
d51
f112
f128
f151
f112:00
/f285/d231
f112:00 00
Invalid operation
Invalid operation
d231:txt:25
d231:25
f151:12
d272:dir:0
/d280
n8:B3 76 97 48 CC 5A 01 5D DF
d280:183
n8:80
f239:17
/d280
/d280
d280:183
n8:80
f239:17
d10/
d110/
d118
d125/
d126
d165/
d169
d188
d193/
d201
d205
d209
d228
d233/
d251
d261/
d264
d268/
d272/
d280
d297/
d32
d34
d49
d67/
d75
d76/
d96
f120
f136
f137/
f145
f16/
f177
f180/
f181
f199/
f208/
f209
f210
f221/
f228/
f23
f239
f251/
f282/
f285/
f48/
f5/
n109/
n117/
n119
n12/
n33
n38/
n46/
n47
n48
n56
n8
d272:dir:0
d280:183
n8:79
f239:17
d280:183
n8:79
f239:17
d280:184
n8:79
f239:17
d280:184
n8:79
f239:17
d280:6d1g21_6lrt8 eo 6c4-v9l_b09bs4u1t067awrer8.3dwp3usvop17w8_yp78va_ c7wm7g4d958yjx74xx49jgxx0.p8ng2wmptpidm9s4c6visk_3qrsdbx1gvmuta-nx.0hrhz7215m2n_fvxfe_ivtg n542-h_idsqxtx9p518xk7i0xxx
d280:184
n8:79
f239:17
d118:16
d10/
d110/
d118
d125/
d126
d165/
d169
d188
d193/
d201
d205
d209
d228
d233/
d251
d261/
d264
d268/
d272/
d280
d297/
d32
d34
d49
d67/
d75
d96
f120
f136
f137/
f145
f16/
f177
f180/
f181
f199/
f208/
f209
f210
f221/
f228/
f23
f239
f251/
f282/
f285/
f48/
f5/
f95
n109/
n117/
n119
n12/
n33
n38/
n46/
n47
n48
n56
n8
d280:184
n8:79
f239:17
d280:184
n8:79
f239:17
d280:184
n8:79
f239:17
d280:184
n8:79
f239:17
d272:dir:0
d280:184
n8:79
f239:17
d10/
d110/
d118
d125/
d126
d165/
d169
d188
d193/
d201
d205
d209
d228
d233/
d251
d261/
d264
d268/
d272/
d280
d297/
d32
d34
d49
d67/
d75
d96
f120
f136
f137/
f145
f16/
f177
f180/
f181
f199/
f208/
f209
f210
f221/
f228/
f23
f239
f251/
f282/
f285/
f48/
f5/
f95
n109/
n117/
n119
n12/
n33
n38/
n46/
n47
n48
n56
n8
d280:184
n8:79
f239:17
Invalid operation
n8:18 19 7E FB 70 88 E3 FE FB C4 7B C0 84 88 B3 76 97 48 CC 5A 01 5D DF 23 4E FE 55 6B FE 84 21 36 67 06 84 81 01 4B BE AE
d280:184
n8:79
f239:17
Invalid operation
Invalid operation
d10/
d110/
d118
d125/
d126
d165/
d169
d188
d193/
d201
d205
d209
d228
d233/
d251
d261/
d264
d268/
d272/
d280
d297/
d32
d34
d49
d67/
d75
d96
f120
f136
f137/
f145
f16/
f177
f180/
f181
f199/
f208/
f209
f210
f221/
f23
f239
f251/
f282/
f285/
f48/
f5/
f95
n109/
n117/
n119
n12/
n33
n38/
n46/
n47
n48
n56
n8
Null
Invalid operation
/d280
d10/
d110/
d118
d125/
d126
d165/
d169
d188
d193/
d201
d205
d209
d228
d233/
d251
d261/
d264
d268/
d272/
d280
d297/
d32
d34
d49
d67/
d75
d96
f120
f136
f137/
f145
f16/
f177
f180/
f181
f199/
f208/
f209
f210
f221/
f23
f239
f251/
f282/
f285/
f48/
f5/
f95
n109/
n117/
n119
n12/
n33
n38/
n46/
n47
n48
n56
n8
d10/
d110/
d118
d125/
d126
d165/
d169
d188
d193/
d201
d205
d209
d228
d233/
d251
d261/
d264
d268/
d272/
d280
d297/
d32
d34
d49
d67/
d75
d96
f120
f136
f137/
f145
f16/
f177
f180/
f181
f199/
f208/
f209
f210
f221/
f23
f239
f251/
f282/
f285/
f48/
f5/
f95
n109/
n117/
n119
n12/
n33
n38/
n46/
n47
n48
n56
n8
Invalid operation
Invalid operation
d280:198
n8:82
d118:16
d34:15
d32:14
d126:12
d205:12
n8:D8 79 3C 27 69 04
n8:C0 84 88
Invalid operation
d280:198
n8:82
d118:16
d34:15
d32:14
d126:12
d205:12
d0
d10/
d110/
d118
d125/
d126
d165/
d169
d188
d193/
d201
d205
d209
d228
d233/
d261/
d264
d268/
d272/
d280
d297/
d32
d34
d49
d67/
d75
d96
f120
f136
f137/
f145
f16/
f177
f180/
f181
f199/
f208/
f209
f210
f221/
f23
f251/
f282/
f285/
f48/
f5/
f95
n109/
n117/
n119
n12/
n38/
n46/
n47
n48
n56
n8
n80
Invalid operation
d280:6d1g21_6lrt8 eo 6c4-v9l_b09bs4u1t067awrer8.3dwp3usvop17w8_yp78va_ c7wm7g4d958yjx74xx49jgxx0.p8ng2wmptpidm9s4c6visk_3qrsdbx1gvmuta-nx.0hrhz7215m2n_fvxfe_ivtg n542-h_idsqxtx9p518xk7i0xxxivxv7hjg45uycc
d280:198
n8:82
d118:16
d34:15
d32:14
d126:12
d205:12
d272:dir:0
d280:205
n8:82
d118:16
d34:15
Invalid operation
d0
d10/
d110/
d118
d125/
d126
d165/
d169
d188
d193/
d201
d205
d209
d228
d233/
d261/
d264
d268/
d272/
d280
d297/
d32
d34
d49
d62
d67/
d75
d96
f120
f136
f137/
f145
f16/
f177
f180/
f181
f199/
f208/
f209
f210
f221/
f23
f251/
f282/
f285/
f48/
f5/
f95
n109/
n117/
n119
n12/
n38/
n46/
n47
n48
n56
n8
d280:6d1g21_6lrt8 eo 6c4-v9l_b09bs4u1t067awrer8.3dwp3usvop17w8_yp78va_ c7wm7g4d958yjx74xx49jgxx0.p8ng2wmptpidm9s4c6visk_3qrsdbx1gvmuta-nx.0hrhz7215m2n_fvxfe_ivtg n542-h_idsqxtx9p518xk7i0xxxivxv7hjg45uyccu21voo4yp
Invalid operation
d280:6d1g21_6lrt8 eo 6c4-v9l_b09bs4u1t067awrer8.3dwp3usvop17w8_yp78va_ c7wm7g4d958yjx74xx49jgxx0.p8ng2wmptpidm9s4c6visk_3qrsdbx1gvmuta-nx.0hrhz7215m2n_fvxfe_ivtg n542-h_idsqxtx9p518xk7i0xxxivxv7hjg45uyccu21voo4yp
Invalid operation
Invalid operation
d280:207
n8:79
d118:16
d280:207
n8:79
d118:16
d34:15
d32:14
f40:14
d126:12
d280:207
n8:79
d118:16
/d280
/d280
d272:dir:0
d10/
d110/
d118
d125/
d126
d165/
d169
d188
d193/
d201
d205
d209
d228
d233/
d261/
d264
d268/
d272/
d280
d297/
d32
d34
d46/
d49
d62
d67/
d75
d96
f120
f136
f137/
f16/
f177
f180/
f181
f199/
f208/
f209
f210
f221/
f23
f251/
f282/
f285/
f40
f48/
f5/
f95
n109/
n117/
n118
n119
n12/
n38/
n46/
n47
n48
n56
Invalid operation
Invalid operation
Invalid operation
Null
f219:7
d10/
d110/
d118
d125/
d126
d165/
d169
d188
d193/
d201
d205
d209
d228
d233/
d261/
d264
d268/
d272/
d280
d297/
d32
d34
d46/
d49
d62
d67/
d75
d96
f120
f136
f137/
f145
f16/
f177
f180/
f181
f199/
f208/
f209
f210
f221/
f23
f251/
f282/
f285/
f40
f48/
f5/
f95
n109/
n117/
n118
n119
n12/
n38/
n46/
n47
n48
n56
d280:6d1g21_6lrt8 eo 6c4-v9l_b09bs4u1t067awrer8.3dwp3usvop17w8_yp78va_ c7wm7g4d958yjx74xx49jgxx0.p8ng2wmptpidm9s4c6visk_3qrsdbx1gvmuta-nx.0hrhz7215m2n_fvxfe_ivtg n542-h_idsqxtx9p518xk7i0xxxivxv7hjg45uyccu21voo4yp
d280:207
d118:16
n118:16
d10/
d110/
d118
d125/
d126
d165/
d169
d188
d193/
d201
d205
d209
d228
d233/
d261/
d264
d268/
d272/
d280
d297/
d32
d34
d46/
d49
d62
d67/
d75
d90/
d96
f120
f136
f137/
f145
f16/
f177
f180/
f181
f199/
f208/
f209
f210
f221/
f23
f251/
f282/
f285/
f40
f48/
f5/
f95
n109/
n117/
n118
n119
n12/
n38/
n46/
n47
n48
n56
Null
d264:B2
n104:2
f105:0
d264:73
d296/
d47/
f105
n104
d264:BB 53
Null
Null
d10/
d110/
d118
d125/
d126
d165/
d169
d188
d193/
d201
d205
d209
d228
d233/
d261/
d264
d268/
d272/
d280
d297/
d32
d46/
d49
d62
d67/
d75
d90/
d96
f101
f120
f136
f137/
f145
f16/
f177
f180/
f181
f199/
f208/
f209
f210
f221/
f23
f251/
f282/
f285/
f40
f48/
f5/
f95
n109/
n117/
n118
n119
n12/
n38/
n46/
n47
n48
n56
d280:216
d280:216
d118:16
d280:216
d118:16
n118:16
/d280
d10/
d110/
d118
d125/
d126
d165/
d169
d188
d193/
d201
d205
d209
d228
d233/
d261/
d264
d268/
d272/
d280
d297/
d32
d46/
d49
d62
d67/
d75
d90/
d96
f101
f120
f136
f137/
f145
f16/
f177
f180/
f181
f199/
f208/
f209
f210
f221/
f23
f251/
f282/
f285/
f40
f48/
f5/
f95
n109/
n117/
n118
n119
n12/
n38/
n46/
n47
n48
n56
d280:6d1g21_6lrt8 eo 6c4-v9l_b09bs4u1t067awrer8.3dwp3usvop17w8_yp78va_ c7wm7g4d958yjx74xx49jgxx0.p8ng2wmptpidm9s4c6visk_3qrsdbx1gvmuta-nx.0hrhz7215m2n_fvxfe_ivtg n542-h_idsqxtx9p518xk7i0xxxivxv7hjg45uyccu21voo4yp47371b865
d280:216
d118:16
n118:16
d280:216
d118:16
n118:16
d272:dir:0
d14/
d145/
d234
d235
d256
f116
f144
f160
f196/
n11
d264:16 72 96
d14/
d145/
d234
d235
d256
f116
f144
f160
f196/
n11
d14/
d145/
d234
d235
d256
f116
f144
f155/
f160
f196/
n11
/d268/n63/n11
d14/
d145/
d234
d235
d256
f116
f144
f155/
f160
f196/
n11
d264:00 DC BB A8 77
Invalid operation
d234:32
f116:12
d235:8
f144:5
d256:0
f160:0
Invalid operation
d234:32
d234:32
f144:24
d234:32
f144:30
f116:12
d235:8
/d268/n63/f144
/d268/n63/f144
Invalid operation
d47:md:27
d47
d264:EA
Invalid operation
d14/
d145/
d157/
d234
d235
d246/
d256
d60
f116
f12
f144
f155/
f160
f196/
d145:dir:0
/d268/n63/f144
d264:FD 17 69 C4 04 F6 77 C6 00 00 00 EA 28
/d268/n63/f144
Invalid operation
d14/
d145/
d157/
d234
d235
d246/
d256
d60
f116
f12
f144
f153
f155/
f160
f196/
d264:77 C6 00 00 00 EA
d145:dir:0
d14/
d145/
d157/
d234
d235
d246/
d256
d60
f116
f12
f144
f153
f155/
f160
f196/
d264:69 C4 04 F6 77 C6 00 00 00 EA 28 8F
Invalid operation
d234:32
f144:30
d234:32
f144:30
f116:12
d14/
d145/
d157/
d234
d235
d246/
d256
d60
f116
f12
f144
f153
f155/
f160
f196/
d14/
d145/
d157/
d234
d235
d246/
d256
d37/
d60
f116
f12
f144
f153
f155/
f160
f196/
f144:w50n2zs432_q5 4.i9xpln7sxf-oqw
f144:w50n2zs432_q5 4.i9xpln7sxf-oqw
d163
d231/
d279
d283/
d93
f267
f38
n63/
/d268/d93
d163
d231/
d279
d283/
d70/
d93
f267
f290/
n63/
d93:15
d163:11
d279:2
f267:0
d93:pqrk4ztxd55_p6x
d93:pqrk4ztxd55_p6x
d264:FD 17 69 C4 04 F6 77 C6 00 00 00 EA 28 8F
d93:txt:15
d231/
d279
d283/
d93
f267
f290/
n63/
Invalid operation
Invalid operation
d93:pqrk4ztxd55_p6x
d124
d231/
d279
d283/
d93
f267
f290/
n63/
n72/
d93:txt:15
d124
d231/
d279
d283/
d93
f267
f290/
n100
n63/
n72/
d264:00
d264:EF DF B3 56 77 C6 00 00 00 EA 28
d93:pqrk4ztxd55_p6xhhs89tc4
/d268/d93
d264:EF DF B3 56 77 C6 00 00
d124
d231/
d279
d283/
d93
f267
f290/
n63/
n72/
d124
d231/
d279
d283/
d93
f267
f290/
n63/
n72/
d264:26 EF DF B3 56 77 C6 00 00 00 EA 28
f102:md:0
f102:md:0
Invalid operation
Invalid operation
Invalid operation
f102:
d264:8F
Invalid operation
Invalid operation
d272:dir:0
d10/
d110/
d118
d125/
d126
d165/
d169
d173
d188
d193/
d201
d205
d209
d228
d261/
d264
d268/
d272/
d280
d297/
d32
d46/
d49
d62
d67/
d75
d90/
d96
f101
f120
f136
f137/
f145
f16/
f177
f180/
f181
f199/
f208/
f209
f210
f221/
f23
f251/
f282/
f285/
f40
f48/
f5/
n109/
n117/
n118
n119
n12/
n38/
n46/
n47
n48
n56
d280:217
d118:16
d264:16
d280:217
d118:16
d264:16
n118:16
d32:14
f101:14
f40:14
d126:12
d264:FD 26 EF 2E 57 CA
/d280
d264:5D
d280:6d1g21_6lrt8 eo 6c4-v9l_b09bs4u1t067awrer8.3dwp3usvop17w8_yp78va_ c7wm7g4d958yjx74xx49jgxx0.p8ng2wmptpidm9s4c6visk_3qrsdbx1gvmuta-nx.0hrhz7215m2n_fvxfe_ivtg n542-h_idsqxtx9p518xk7i0xxxivxv7hjg45uyccu21voo4yp47371b865x
Invalid operation
d280:217
d10/
d110/
d118
d125/
d126
d165/
d169
d173
d188
d193/
d201
d205
d209
d228
d261/
d264
d268/
d272/
d280
d297/
d32
d46/
d49
d62
d67/
d75
d90/
d96
f101
f120
f136
f137/
f145
f16/
f177
f180/
f181
f199/
f208/
f209
f210
f221/
f23
f251/
f26/
f282/
f285/
f40
f48/
f5/
n109/
n117/
n118
n119
n12/
n38/
n46/
n47
n48
n56
d280:217
d264:26
d118:16
d272:dir:0
d280:217
d264:26
d118:16
d264:6B EF 5D
d264:6B EF 5D
d280:6d1g21_6lrt8 eo 6c4-v9l_b09bs4u1t067awrer8.3dwp3usvop17w8_yp78va_ c7wm7g4d958yjx74xx49jgxx0.p8ng2wmptpidm9s4c6visk_3qrsdbx1gvmuta-nx.0hrhz7215m2n_fvxfe_ivtg n542-h_idsqxtx9p518xk7i0xxxivxv7hjg45uyccu21voo4yp47371b865x
d280:6d1g21_6lrt8 eo 6c4-v9l_b09bs4u1t067awrer8.3dwp3usvop17w8_yp78va_ c7wm7g4d958yjx74xx49jgxx0.p8ng2wmptpidm9s4c6visk_3qrsdbx1gvmuta-nx.0hrhz7215m2n_fvxfe_ivtg n542-h_idsqxtx9p518xk7i0xxxivxv7hjg45uyccu21voo4yp47371b865x
d272:dir:0
d280:217
d264:26
d118:16
d280:217
d264:26
d118:16
d264:EA 28 8F 37 53 E2 BA 61 A0
d280:217
d264:26
d118:16
d280:217
d264:26
d118:16
Invalid operation
d280:230
d264:30
d118:16
d124
d231/
d279
d283/
d93
f267
f290/
n63/
n72/
d93:pqrk4ztxd55_p6xhhs89tc48iz-ud8k_kyjakzs3
d93:40
d279:2
d124:0
f267:0
d14/
d264:5D 00 67
/d268/d93
Null
d264:5D
Invalid operation
d264:E2 BA 61
Invalid operation
d280:230
d264:31
d118:16
d280:6d1g21_6lrt8 eo 6c4-v9l_b09bs4u1t067awrer8.3dwp3usvop17w8_yp78va_ c7wm7g4d958yjx74xx49jgxx0.p8ng2wmptpidm9s4c6visk_3qrsdbx1gvmuta-nx.0hrhz7215m2n_fvxfe_ivtg n542-h_idsqxtx9p518xk7i0xxxivxv7hjg45uyccu21voo4yp47371b865x328o_h2cg8958
d280:238
d264:32
d118:16
d280:6d1g21_6lrt8 eo 6c4-v9l_b09bs4u1t067awrer8.3dwp3usvop17w8_yp78va_ c7wm7g4d958yjx74xx49jgxx0.p8ng2wmptpidm9s4c6visk_3qrsdbx1gvmuta-nx.0hrhz7215m2n_fvxfe_ivtg n542-h_idsqxtx9p518xk7i0xxxivxv7hjg45uyccu21voo4yp47371b865x328o_h2cg8958j_zxdyyr
d264:77 C6 00 00 00 EA 28 8F 37 53
d264:00 00
d280:6d1g21_6lrt8 eo 6c4-v9l_b09bs4u1t067awrer8.3dwp3usvop17w8_yp78va_ c7wm7g4d958yjx74xx49jgxx0.p8ng2wmptpidm9s4c6visk_3qrsdbx1gvmuta-nx.0hrhz7215m2n_fvxfe_ivtg n542-h_idsqxtx9p518xk7i0xxxivxv7hjg45uyccu21voo4yp47371b865x328o_h2cg8958j_zxdyyrx
d264:61 A0 6A 6B 98 5D 00 67 ED 00
d280:239
d264:32
d118:16
n118:16
d32:14
f101:14
f40:14
d10/
d110/
d118
d125/
d126
d165/
d169
d173
d188
d193/
d201
d205
d209
d228
d261/
d264
d268/
d272/
d280
d297/
d32
d46/
d49
d62
d67/
d75
d90/
f101
f120
f136
f137/
f145
f16/
f177
f180/
f181
f199/
f208/
f209
f210
f221/
f23
f251/
f26/
f282/
f285/
f40
f48/
f5/
f85/
n109/
n117/
n118
n119
n12/
n38/
n46/
n47
n48
n56
d280:6d1g21_6lrt8 eo 6c4-v9l_b09bs4u1t067awrer8.3dwp3usvop17w8_yp78va_ c7wm7g4d958yjx74xx49jgxx0.p8ng2wmptpidm9s4c6visk_3qrsdbx1gvmuta-nx.0hrhz7215m2n_fvxfe_ivtg n542-h_idsqxtx9p518xk7i0xxxivxv7hjg45uyccu21voo4yp47371b865x328o_h2cg8958j_zxdyyrxirc6t
d280:244
d264:32
d118:16
d264:00
d272:dir:0
d280:244
d264:32
d118:16
d280:244
d264:32
d118:16
Invalid operation
d272:dir:0
d272:dir:0
d280:244
d264:32
d118:16
d280:6d1g21_6lrt8 eo 6c4-v9l_b09bs4u1t067awrer8.3dwp3usvop17w8_yp78va_ c7wm7g4d958yjx74xx49jgxx0.p8ng2wmptpidm9s4c6visk_3qrsdbx1gvmuta-nx.0hrhz7215m2n_fvxfe_ivtg n542-h_idsqxtx9p518xk7i0xxxivxv7hjg45uyccu21voo4yp47371b865x328o_h2cg8958j_zxdyyrxirc6t
d280:244
d264:33
d118:16
d264:00
d264:00 00 00
d10/
d110/
d118
d125/
d126
d165/
d169
d173
d188
d193/
d201
d205
d209
d228
d261/
d264
d268/
d272/
d280
d297/
d32
d46/
d49
d62
d67/
d75
f101
f120
f136
f137/
f145
f16/
f177
f180/
f181
f199/
f208/
f209
f210
f221/
f23
f251/
f26/
f282/
f285/
f48/
f5/
f85/
n109/
n117/
n118
n119
n12/
n38/
n46/
n47
n48
n56
Invalid operation
Invalid operation
d10/
d110/
d125/
d126
d165/
d169
d173
d188
d193/
d201
d205
d209
d228
d261/
d264
d268/
d272/
d280
d297/
d32
d46/
d49
d62
d67/
d75
d90/
f101
f120
f136
f137/
f145
f16/
f177
f180/
f181
f199/
f208/
f209
f210
f221/
f23
f251/
f26/
f282/
f285/
f40
f48/
f5/
f85/
n109/
n117/
n118
n119
n12/
n38/
n46/
n47
n48
n56
d10/
d110/
d125/
d126
d165/
d169
d173
d188
d193/
d201
d205
d209
d228
d261/
d264
d268/
d272/
d280
d297/
d32
d46/
d49
d62
d67/
d75
d90/
f101
f120
f136
f137/
f145
f16/
f177
f180/
f181
f199/
f208/
f209
f210
f221/
f23
f251/
f26/
f282/
f285/
f40
f48/
f5/
f85/
n109/
n117/
n118
n119
n12/
n38/
n46/
n47
n48
d272:dir:0
/n109/f151
/n109/f151
Invalid operation
Invalid operation
d105/
d216/
d228
d287/
d51
f127/
f230
f48/
n31
Invalid operation
d53:dir:0
d53:dir:0
d53:dir:0
/f48/d105/f297
Invalid operation
Invalid operation
Invalid operation
f297:a9a1x
Invalid operation
d96:30
d96:DD A5 30
d96:9
f297:5
Null
d237/
d53/
d96
f297
d237/
d53/
d96
f297
Invalid operation
d237/
d53/
d96
f297
Invalid operation
d53:dir:0
d53:dir:0
d53/
d96
f297
d273
f23
d273:8
Invalid operation
Invalid operation
d96:00
/f48/d105/d53/d273
d273:8
d273
n38
d273:8-ij1t
d273:8
/f48/d105/d53/d273
f297:a9a1x
f297:a9a1x
f297:a9a1x
/f48/d105/f297
/f48/f230
Invalid operation
d287:dir:0
f297:a9a1x
d53:dir:0
f230:25
n31:0
Invalid operation
d105/
d216/
d287/
d293/
f127/
f230
f48/
n31
Invalid operation
d287:dir:0
f297:a9a1x
/f48/d105/f297
f297:a9a1x
d53/
f119
f294/
f297
d38:F9
d260
d32
d38
d53/
d85/
f294/
f297
Null
d53:dir:0
/f48/d105/f297
f297:a9a1xq22ai_hf5ap_
/f48/d105/f297
d273:8
d273:8
d38:1C 20 52
d273
d78
f130
f156
n38
Invalid operation
/f48/d105/d53/d273
d38:F2 0D
d273
d78
f130
f156
f277
n38
/f48/d105/d53/d273
n38:16
d273:8xx
n38:xlaq1md7c3zavwbl
f230:_0xe3yhykva-qh8yzqt.sgcii
d53:dir:0
Invalid operation
d192
d260
d32
d38
d53/
f294/
f297
f82
n30
f297:a9a1xq22ai_hf5ap_
f297:17
d38:15
d259:8
d32:7
/f48/d105/f297
d105/
d170/
d216/
d287/
d293/
f127/
f230
f48/
n31
f297:17
d38:15
f297:17
d38:15
d259:8
d38:F2 0D 40 A4 1C 89 5F 78 C4 A9 0C
Invalid operation
f297:a9a1xq22ai_hf5ap_
n38:txt:21
Invalid operation
n38:txt:21
/f48/d105/f297
d53:dir:0
d192
d259
d260
d298
d32
d38
d53/
f139/
f238
f294/
f297
f82
n30
d192
d259
d260
d298
d32
d38
d53/
f139/
f238
f294/
f297
f82
n30
/f48/d105/f297
d192
d259
d260
d298
d32
d38
d53/
f139/
f238
f294/
f297
f82
n30
n46
d38:5F 78 C4 A9 0C 70 85 00 00
d192
d259
d260
d298
d32
d38
d53/
f139/
f238
f294/
f297
f82
n30
n46
Null
f297:a9a1xq22ai_hf5ap_8j _zz91rj
d114
d192
d259
d260
d284
d298
d32
d38
d53/
f139/
f236
f238
f294/
f297
f82
n30
n46
/f48/d105/f297
d38:6F 00
f297:a9a1xq22ai_hf5ap_8j _zz91rj3fvfuo v3a5.
d53:dir:0
f297:a9a1xq22ai_hf5ap_8j _zz91rj3fvfuo v3a5.
Null
d38:D1 F8 CB 9C CC D4 39 5D 00 00 00
d114
d192
d259
d260
d284
d298
d32
d38
d53/
f139/
f236
f238
f294/
f297
f82
n30
n46
n54
n56
d38:5D 00
Invalid operation
Invalid operation
d38:00
d38:91 7A
Invalid operation
d32:0ne9gl-
d32:0ne9gl-
d32:0ne9gl-
f75:dir:0
f185/
f39/
f75/
f185/
f295/
f39/
f75/
f295/
f39/
f75/
d32:0ne9gl-
Invalid operation
/f48/d105/d32
/d32
Invalid operation
Null
Invalid operation
Invalid operation
f75:dir:0
d38:0D 42 1A 81 F6 BA 75 6A 53 7A 15 39 5D 00 00 00 95 E4 EB 2B 5C
d38:F9 F2 0D 42 1A 81 F6 BA 75 6A 53 7A 15 39 5D 00 00 00 95 E4 EB 2B 5C 00 CF
d38:34
d284:16
d259:8
d32:8
n54:6
n96:5
d298:4
f238:4
/f48/d105/d32
/d32
/f48/d105/d32
/d32
d38:5D 00 00 00 95 E4 1C 4F 49
d53:dir:0
d32:0ne9gl-x
Null
Null
/f48/d105/d32
/d32
d38:75 6A 53 7A 15 39 5D
d114
d156/
d192
d259
d260
d284
d298
d32
d53/
d99/
f139/
f236
f238
f294/
f82
f93
n30
n54
n56
n96
Invalid operation
d53:dir:0
d284:16
d114
d156/
d192
d259
d260
d284
d298
d32
d53/
d99/
f139/
f236
f238
f294/
f82
f93
n30
n54
n56
n96
Null
Invalid operation
d32:0ne9gl-x
/f48/d105/d32
/d32
Invalid operation
d287:dir:0
Invalid operation
d105/
d137/
d170/
d216/
d269/
d287/
d293/
d69
f127/
f230
f48/
n31
f230:_0xe3yhykva-qh8yzqt.sgciik9bs5letoarg3
Invalid operation
d105/
d137/
d170/
d216/
d269/
d287/
d293/
d69
f127/
f230
f48/
n31
f230:38
d69:14
n31:0
f230:25
d69:14
n31:0
Invalid operation
Invalid operation
/f48/f127/f212
f212:6
Invalid operation
/f48/f230
Invalid operation
Invalid operation
d264:00 59 B1 52 39 F7 15 FB 19 BA 61 D8 A2 5B 59
Invalid operation
Invalid operation
Invalid operation
Invalid operation
n37:3F 2A
n37:A2 3F 2A
Invalid operation
f230:_0xe3yhykva-qh8yzqt.sgciixxx
d105/
d137/
d263/
d287/
d293/
f127/
f230
f293/
f38
f48/
n31
n37
d105/
d137/
d263/
d287/
d293/
f127/
f230
f293/
f38
f48/
n37
f230:28
n37:8
f38:2
Invalid operation
/f48/d263/f288
f288:bin:3
n37:E7 73 54
Null
d287:dir:0
d105/
d137/
d263/
d287/
d293/
d96
f127/
f230
f293/
f38
f48/
n37
f230:42
n37:17
f38:2
d96:0
n37:F5 00 7E E7
Invalid operation
f230:_0xe3yhykva-qh8yzqt.sgciixxxega.xo6 i4fd3xpg
d105/
d137/
d141/
d157
d263/
d287/
d293/
d48/
d96
f127/
f138/
f230
f241/
f293/
f38
f48/
n37
d192:00 00 00
/f48/d105/d32
/d32
d53:dir:0
Invalid operation
d192:A4 92 3B
d32:22
d284:16
/f48/d105/d32
/d32
/f48/d105/d32
/d32
Invalid operation
d53:dir:0
Invalid operation
Invalid operation
/f48/d105/d32
/d32
d192:00 03 EE 9B AA
d192:DC E8
Invalid operation
d32:0ne9gl-xa.84_-3370b mxh9s59j_h7
Invalid operation
/f48/d105/d32
/d32
d192:9B AA 8C B0 F1 8D CF B4 20 9B B9
d192:B0 F1 8D
d114
d156/
d192
d259
d260
d284
d294/
d32
d53/
d78/
d97
f139/
f169
f186/
f236
f238
f294/
f82
f89
f93
n30
n54
n56
n96
d114
d156/
d192
d259
d260
d284
d294/
d32
d53/
d78/
d97
f139/
f169
f186/
f236
f238
f294/
f82
f89
f93
n30
n54
n56
n96
Invalid operation
Invalid operation
d32:31
d192:19
d284:16
f61:15
d97:14
d259:8
Null
d105/
d137/
d141/
d157
d263/
d287/
d293/
d48/
d96
f127/
f138/
f230
f241/
f293/
f38
f48/
n37
Invalid operation
Invalid operation
d192:9B AA 8C B0 F1
d50:dir:0
Invalid operation
Invalid operation
d192:8C B0 F1 8D CF B4 20 9B B9
Null
d192:EE 9B AA 8C B0 F1
d50:dir:0
d213
d50/
d7
f100
n4
d213
d50/
d7
f100
n4
d213:9_.n421
d192:00 00 00 03 EE 9B AA
/f48/d105/d206/d213
f222:dir:0
f222:dir:0
Invalid operation
Invalid operation
/f48/d105/f93
f222:dir:0
d46:9
n103:1
f222:dir:0
Invalid operation
Invalid operation
Invalid operation
Null
Invalid operation
Invalid operation
f222/
f275
n79/
Invalid operation
f275:3
f275:6
f222/
f275
Invalid operation
f222:dir:0
d192:00 00 00 03 EE 9B AA 8C B0 F1 8D CF B4 20 9B CF C4 45 00 00
f135
f222/
f259/
n79/
f135
f222/
f259/
n79/
d131/
f135
f222/
f24/
f259/
n79/
Null
f222:dir:0
f135:
Invalid operation
f135:16
d90:10
f222:dir:0
Invalid operation
Invalid operation
f135:37
d90:10
Invalid operation
d192:B4 20 9B
Invalid operation
f135:z7_sdjg9v9hqr7y4qu1_9knus.ubtg-rhs4qu
/f48/d105/d206/d50/f135
d192:B4 20 9B CF C4 45 00
d213
d50/
Invalid operation
Invalid operation
Invalid operation
d213:9_.n421f85xx
d213
d50/
f53/
d213:9_.n421f85xx
Invalid operation
/f48/d105/d206/d213
d213
d39
d50/
f53/
n13/
d213:9_.n421f85xx
/f48/d105/d206/d213
d213:12
d39:0
d213:12
d39:0
d213:9_.n421f85xx
f222:dir:0
d131/
d260/
d90
f135
f222/
f24/
f254/
f288
n79/
Invalid operation
d271:69 9A
f135:37
d271:C6
d50:dir:0
d271:9A
d271:69
/f48/d105/d206/d213
d102/
d213
d271
d50/
f297
f53/
f60/
f74
Null
d271:9A
Invalid operation
Invalid operation
d213:9_.n421f85xx5zvj j52lrk8x6x
/f48/d105/d206/d213
/f48/d105/d206/d213
Invalid operation
d213
d271
d274
d50/
f292
f297
f53/
f60/
f74
f92
d50:dir:0
d213:9_.n421f85xx5zvj j52lrk8x6x
/f48/d105/d206/d213
Invalid operation
d213
d271
d274
d50/
f254
f292
f297
f53/
f60/
f74
n51
d213:27
d213
d271
d274
d50/
f127
f254
f292
f296
f297
f53/
f60/
f74
n51
d202/
d213
d271
d274
d50/
f127
f254
f292
f296
f297
f53/
f60/
f74
n51
d213:9_.n421f85xx5zvj j52lrk8x6x
Null
Invalid operation
/f48/d105/d206/d213
d202/
d213
d271
d274
d50/
f127
f254
f292
f296
f297
f53/
f60/
f74
n14
n51
d213:27
d271:16
f127:16
f296:13
d161:9
f254:7
d50:dir:0
Invalid operation
d213:28
f127:16
d271:14
f296:13
d161
d213
d271
d274
d50/
f127
f254
f292
f296
f297
f53/
f60/
f74
n51
/f48/d105/d206/f297
Invalid operation
d50:dir:0
d213:9_.n421f85xx5zvj j52lrk8x6xxxx
d114
d156/
d192
d204
d206/
d259
d260
d284
d294/
d32
d53/
d78/
d97
f139/
f169
f186/
f236
f238
f294/
f82
f89
f93
n30
n54
n56
n96
d53:dir:0
d32:34
d192:20
d53:dir:0
d114
d156/
d192
d204
d206/
d259
d260
d284
d294/
d32
d53/
d78/
d97
f139/
f169
f186/
f194
f236
f238
f294/
f82
f89
f93
n30
n54
n56
n96
d114
d127/
d156/
d192
d204
d206/
d259
d260
d284
d294/
d32
d53/
d78/
d97
f114/
f139/
f169
f186/
f194
f236
f238
f294/
f82
f89
f93
n30
n54
n56
n96
d32:0ne9gl-xa.84_-3370b mxh9s59j_h7h4ay4shp-x4xk-bp1ijd2iv3duunyc268kda- udik
n37:62 39 6A 68 F5 00 7E E7 73 54 A8 49
Null
/f48/f230
d105/
d137/
d141/
d157
d263/
d287/
d293/
d48/
d63/
d96
f105
f127/
f138/
f230
f241/
f293/
f38
f48/
n37
d105/
d137/
d141/
d157
d263/
d287/
d293/
d48/
d63/
d96
f105
f127/
f138/
f230
f241/
f293/
f38
f48/
f65
n37
n73/
Invalid operation
d115
d118
d236
d74
/f48/f48/d115
d236:35 94 17
d236:17 BA 1B 2A
f230:44
n37:19
d157:7
f38:2
d96:0
d287:dir:0
Null
f230:44
n37:18
d157:7
f75:5
f38:2
d96:0
f105:0
f65:0
f230:_0xe3yhykva-qh8yzqt.sgciixxxega.xo6 i4fd3xpg
f230:_0xe3yhykva-qh8yzqt.sgciixxxega.xo6 i4fd3xpg
n37:39 6A 68 F5 00 7E E7 73 54 A8 49 EF DA
d287:dir:0
f230:_0xe3yhykva-qh8yzqt.sgciixxxega.xo6 i4fd3xpg
Invalid operation
Invalid operation
n3:bin:5
Invalid operation
Null
Invalid operation
d88:dir:0
d281:AC
Invalid operation
Invalid operation
Invalid operation
d88:dir:0
d113
d281
d88/
f158/
f61/
n42
d281:DB AC AD
Invalid operation
d281:AC
Invalid operation
Invalid operation
d11:83 2F 84
f61:txt:9
/f48/f138/f61/d70
Invalid operation
d62:14
d113:0
n42:0
d88:dir:0
Invalid operation
Invalid operation
f114:EB 13 00 00 00 00 00
n3:5
d257:4
d257
n3
d257
n3
d257
n3
d257
n3
Null
n3:bin:5
d113:15
d62:14
f114:9
d196:2
n42:0
d113
d196
d62
d88/
f114
f61/
n42
Invalid operation
d113:15
d62:14
f114:9
f193:8
d196:2
n42:0
d113:15
d88:dir:0
d113
d196
d276/
d62
d88/
f114
f193
f290/
f61/
n42
Null
d113
d196
d276/
d62
d88/
f193
f290/
f61/
n42
n37:ED 5C 81 17 04
d88:dir:0
d113
d196
d276/
d62
d88/
f193
f290/
f61/
n42
n37:9A
Invalid operation
d88:dir:0
Invalid operation
d113:15
d113
d196
d276/
d62
d88/
f193
f290/
f61/
n42
d88:dir:0
Null
n37:57
d113
d196
d276/
d62
d88/
f193
f290/
f61/
f70/
n42
Invalid operation
f157:7bz7jc
f157:6
Invalid operation
f157
f178/
n102/
n102:dir:0
/d280
f157:7bz7jcxey9e42v
n37:06 EB F1 67 0A 40 54 A8 49 EF DA 57 00 00 00 9A 97 6D 00
n37:9A
Invalid operation
f157:7bz7jcxey9e42v
f157:14
f297:0
Invalid operation
d113:44
d62:14
f193:8
d196:2
n42:0
/f48/f138/d113
d88:dir:0
n37:E9
d113:x7.kl17irjemp x 1q7w4nhlgc0zenfxttud2 gvf3cy1ib2tcou04i1x
d113:x7.kl17irjemp x 1q7w4nhlgc0zenfxttud2 gvf3cy1ib2tcou04i1x
Invalid operation
n37:24
Invalid operation
f160:42
d113
d196
d276/
d58
d62
d78/
d88/
d9/
f105/
f135/
f160
f193
f61/
f63/
f70/
f93/
n42
d105/
d137/
d141/
d157
d263/
d287/
d293/
d48/
d63/
d96
f105
f127/
f138/
f230
f241/
f290/
f293/
f38
f48/
f65
f75
n37
n73/
n85
n89/
Invalid operation
d105/
d137/
d141/
d157
d226
d259
d263/
d287/
d293/
d48/
d96
f105
f127/
f138/
f179/
f230
f241/
f290/
f293/
f38
f48/
f65
f75
n37
n73/
n85
n89/
d105/
d137/
d141/
d157
d226
d259
d263/
d287/
d293/
d48/
d96
f105
f127/
f138/
f179/
f230
f241/
f290/
f293/
f38
f48/
f65
f75
n37
n73/
n85
n89/
d105/
d137/
d141/
d157
d226
d259
d263/
d287/
d293/
d48/
d96
f105
f127/
f138/
f179/
f230
f241/
f290/
f293/
f38
f48/
f65
f75
n37
n73/
n85
n89/
d105/
d137/
d141/
d157
d226
d259
d263/
d287/
d293/
d48/
d66/
d96
f105
f127/
f138/
f179/
f230
f232/
f241/
f290/
f293/
f38
f48/
f62
f65
f75
n37
n73/
n85
n89/
f230:_0xe3yhykva-qh8yzqt.sgciixxxega.xo6 i4fd3xpgxa5 knd3b53ktw4k
f162:txt:13
/f48/f230
f162:dwaitej139sn 
/f48/d293/f162
f162:dwaitej139sn 
d287:dir:0
Invalid operation
d287:dir:0
n37:DA 57 00 00 00 9A 3E CD A4 55 F2 9D 4B 63 87 43 9F A9 95 9C B8 6E 96
n37:87 43 9F A9 95 9C B8 6E 96 76 52
/f48/n89/d198
Invalid operation
Invalid operation
Null
Invalid operation
d198:.qmay58-teqo
Invalid operation
f253:dir:0
n37:A8 49 EF DA 57 00 00 00 9A 3E CD A4 55 F2 9D 4B 95 F1 50 9F A9 95
f202:11
f202:11
n37:CD A4 55 F2 9D 4B 95 F1 50 9F A9 95 9C B8 6E 96 76 52 13 56
/f48/n89/d198
n37:96 76 52 13 56 AA F7 A7 D6 C2
Null
f253:dir:0
d151/
d21/
f253/
Invalid operation
n37:85 11 0F 74 9C B8 6E 96 76 52 13 56 AA F7 A7
d122:dir:0
d122:dir:0
n37:47 7E F9 54 A8 49 EF DA 57 00 00 00 9A 3E CD A4 55 F2 9D 4B 6A 54 85 11 0F 74 9C B8 6E 96 76 52 13 56
d198:.qmay58-teqob2aie--c eopxkshhlpn7.7it-
Invalid operation
Invalid operation
Null
f43:dir:0
d198:38
f154:s z0kzhek_l6 u0ds
n37:F7 A7 D6
f154:s z0kzhek_l6 u0ds
f154:s z0kzhek_l6 u0ds
Invalid operation
/f48/n89/f43/f154
n37:52
n37:96 76 52 13 56
Invalid operation
Invalid operation
n37:74 9C B8 6E 96 76 52 13
Invalid operation
f253:dir:0
f253:dir:0
d151/
d21/
d221
d222/
d66/
f154
f253/
f266
f62/
/f48/n89/f43/f154
n37:6A 51 D8 D7 0F 74 9C B8 6E 96 76 52 13 98 AD
Null
Invalid operation
Invalid operation
Invalid operation
f154:s z0kzhek_l6 u0dsxi7poxfi5
f239/
n37:F9 59 85 24 EF DA 57 00 00 00 9A 3E CD A4 55 F2 CD 4B 6A 51 D8 D7 0F 74 9C B8 6E 96 76 52
f154:s z0kzhek_l6 u0dsxi7poxfi5
Invalid operation
f154:s z0kzhek_l6 u0dsxi7poxfi5
f239/
n37:4B 6A 51 D8 D7 0F 74 9C B8 6E 96 76 52 13 98
f239/
Invalid operation
/f48/n89/f43/f154
/f48/n89/f43/f154
Invalid operation
/f48/n89/f43/f154
Null
Invalid operation
d257/
d65/
f188/
f266/
f78
f297:0
n37:52
Invalid operation
Invalid operation
n37:86
/f48/n89/f43/d151/f78
n37:D8 D7 0F 74 9C 02 6E 96 76
Invalid operation
/f48/n89/f43/d151/f78
Null
f78:
f78:
Invalid operation
/f48/n89/f43/d151/f78
f141:6
f141
n69/
Invalid operation
f141
n65/
n69/
Invalid operation
n37:FB 14 77 D9 47 7E F9 59 85 24 EF DA 57
Invalid operation
n37:77 D9
/f48/n89/d198
d151/
d21/
d221
d222/
d66/
f154
f253/
f266
f62/
f7/
n37:01 5A 34 F7 86 FB 14 77 D9 47 7E F9 59 85 24 EF DA 57 00 00 00
d151/
d21/
d221
d222/
d66/
f154
f253/
f266
f285
f62/
f7/
n30
d151/
d21/
d221
d222/
d66/
f154
f253/
f266
f285
f62/
f7/
n30
d151/
d21/
d221
d222/
d66/
f154
f253/
f266
f285
f62/
f7/
n30
n37:85
Invalid operation
d151/
d21/
d221
d222/
d66/
f154
f253/
f266
f285
f62/
f7/
n30
n37:DA 57 00 00 00 9A 3E CD
n37:5A 34 F7 86 FB 14 30 43 5F 19 5A 35 D4
n37:74 9C
/f48/n89/f43/f154
f253:dir:0
f154:s z0kzhek_l6 u0dsxi7poxfi5x-g.anx8g7-x94i0l
f154:43
d151/
d21/
d221
d222/
d66/
f154
f253/
f266
f285
f62/
f7/
n30
d151/
d21/
d221
d222/
d66/
f112/
f154
f253/
f266
f285
f62/
f7/
n30
n37:22 E9 5D 7B 5C D4 38
n37:00 00 9A 3E CD A4 55 F2 CD 4B
f25
f25:txt:2
f25:rs
d197/
f25
n48
f25:rs
f25:rs
f175
Invalid operation
d115
f175
Invalid operation
n48:00 00 00
d197/
f25
n48
Invalid operation
n48:E3 CC
d0
d197/
f25
n48
n85:14
Invalid operation
/f48/n89/f43/d222/n85
/f48/n85
d95
f120/
n85
f140:3B 5B 47 DE F1 47 E5
f120:dir:0
Invalid operation
Invalid operation
n85:6_4u2t78hxz.vu
Invalid operation
f120:dir:0
d95:14
n85:14
f140:10
Invalid operation
/f48/n89/f43/d222/n85
/f48/n85
/f48/n89/f43/f154
n37:D4 38
d151/
d21/
d221
d222/
d66/
f112/
f154
f253/
f266
f285
f7/
n119/
n30
n37:01 5A 34 F7 86 FB F9 78 8C 28 5D 7B 5C D4
f230:
n37:3E CD A4 55 F2 CD 4B 6A 51 D8 00
Invalid operation
/f48/n89/f43/n119/f230
/f48/f230
Invalid operation
/f48/n89/f43/n119/f230
/f48/f230
Invalid operation
f230:txt:0
f230:txt:0
Invalid operation
d116
d267/
d27/
d282
f230
n30/
/f48/n89/f43/f189
d116
d267/
d27/
d282
d96/
f230
n30/
n118:dir:0
f78
n118/
/f48/n89/f43/n119/d267/f78
d102
f78
n118/
d102
f78
n118/
f78:5
d102:0
n118:dir:0
Invalid operation
/f48/n89/f43/n119/d267/f78
Invalid operation
Invalid operation
Invalid operation
n8:16
f78:13
d113:8
n88:1
d102:0
d67:0
Invalid operation
Null
n118:dir:0
n37:CD 4B 6A 51 D8 00
n37:F7 FE 39 3D AC 88 62 AF 75 5C D4 38 EF EF
d116
d134/
d267/
d27/
d282
f230
n30/
n37:6A 51 D8 00 8E
d116:
d289:bin:2
/f48/n89/f43/n119/d116
d189/
d116:
Null
d249:fzdh58-46iqhlmj1
d116:
f240:dir:0
n37:EF 57 00 00 00 9A 3E CD A4 55 F2 CD 4B 6A 51 D8
Invalid operation
n37:EF 57 00 00 00 9A
n37:75 A9 9F 71 EF EF 57 00 00 00 9A 3E CD A4 55 F2
Null
f240:dir:0
f240:dir:0
d116:npt
f253:dir:0
n37:AC
Invalid operation
d151/
d21/
d221
d222/
d223
d66/
f112/
f154
f189
f253/
f266
f285
f7/
n119/
n30
n37:00 00 00 9A 3E CD A4 55
f253:dir:0
f154:s z0kzhek_l6 u0dsxi7poxfi5x-g.anx8g7-x94i0laeb26ikrcafwwi2sx
n37:01 5A 34 F7 FE 39 3D AC 88 62 AF 75
f154:s z0kzhek_l6 u0dsxi7poxfi5x-g.anx8g7-x94i0laeb26ikrcafwwi2sx
f154:71
f154:s z0kzhek_l6 u0dsxi7poxfi5x-g.anx8g7-x94i0laeb26ikrcafwwi2sx970vihw6p0l
n37:EF 57 00 00
f253:dir:0
Invalid operation
f188:dir:0
f78:qlcs6uhspfab
Invalid operation
d173
d19/
d257/
d65/
f171/
f188/
f242
f266/
f297
f45/
f78
f85/
f188:dir:0
n37:55 F2 CD 4B
f78:qlcs6uhspfabbq6o7w 1p0sfjx
d173
d19/
d257/
d45
d65/
f171/
f188/
f242
f266/
f297
f45/
f78
f85/
Invalid operation
Null
f188:dir:0
n37:AC
f78:qlcs6uhspfabbq6o7w 1p0sfjxbxfn09yaqx6tia8_csupdbfvx2hpd83 sfro3d
f78:qlcs6uhspfabbq6o7w 1p0sfjxbxfn09yaqx6tia8_csupdbfvx2hpd83 sfro3d
Null
f188:dir:0
Invalid operation
f78:qlcs6uhspfabbq6o7w 1p0sfjxbxfn09yaqx6tia8_csupdbfvx2hpd83 sfro3d
f78:qlcs6uhspfabbq6o7w 1p0sfjxbxfn09yaqx6tia8_csupdbfvx2hpd83 sfro3d
Invalid operation
f78:qlcs6uhspfabbq6o7w 1p0sfjxbxfn09yaqx6tia8_csupdbfvx2hpd83 sfro3d
/f48/n89/f43/d151/f78
Invalid operation
d148
d173
d19/
d245/
d257/
d65/
f141
f171/
f188/
f207
f266/
f297
f45/
f6/
f78
f85/
n99
n6
f188:dir:0
Invalid operation
Invalid operation
d139
d148
d173
d19/
d245/
d257/
d55/
d65/
f141
f171/
f188/
f199
f207
f266/
f293
f297
f45/
f6/
f78
f85/
n99
d139
d148
d173
d19/
d245/
d257/
d55/
d65/
f141
f171/
f188/
f199
f207
f266/
f293
f297
f45/
f6/
f78
f85/
n99
d139
d148
d173
d19/
d233
d245/
d257/
d55/
d65/
f141
f171/
f188/
f199
f207
f266/
f293
f297
f45/
f6/
f78
f85/
n99
d151/
d155
d166/
d21/
d222/
d243/
d255/
d66/
f112/
f144/
f154
f189
f253/
f266
f285
f7/
n119/
n30
n73/
Invalid operation
f253:dir:0
f253:dir:0
f154:s z0kzhek_l6 u0dsxi7poxfi5x-g.anx8g7-x94i0laeb26ikrcafwwi2sx970vihw6p0lxv5xje.uppzpde1.5u9 z_or3 kyez
d151/
d155
d166/
d21/
d222/
d233/
d255/
d66/
f112/
f144/
f154
f189
f253/
f266
f285
f7/
n119/
n30
n31
n73/
f154:s z0kzhek_l6 u0dsxi7poxfi5x-g.anx8g7-x94i0laeb26ikrcafwwi2sx970vihw6p0lxv5xje.uppzpde1.5u9 z_or3 kyezx
f154:s z0kzhek_l6 u0dsxi7poxfi5x-g.anx8g7-x94i0laeb26ikrcafwwi2sx970vihw6p0lxv5xje.uppzpde1.5u9 z_or3 kyez0f7eb3yb
Null
d105/
d137/
d141/
d157
d226
d259
d263/
d281
d287/
d293/
d48/
d66/
d96
f105
f127/
f138/
f166
f179/
f230
f232/
f241/
f290/
f293/
f38
f48/
f62
f65
f75
n37
n73/
n85
n89/
f230:66
n37:34
d105/
d137/
d141/
d157
d226
d259
d263/
d281
d287/
d293/
d48/
d66/
d96
f105
f127/
f138/
f166
f179/
f230
f232/
f241/
f290/
f293/
f38
f48/
f62
f65
f75
n37
n73/
n85
n89/
d105/
d137/
d141/
d157
d226
d259
d263/
d281
d287/
d293/
d48/
d66/
d96
f105
f127/
f138/
f166
f179/
f230
f232/
f241/
f290/
f293/
f38
f48/
f62
f65
f75
n37
n73/
n85
n89/
Invalid operation
/f48/f230
f230:_0xe3yhykva-qh8yzqt.sgciixxxega.xo6 i4fd3xpgxa5 knd3b53ktw4kbie-a0
d272:dir:0
f230:_0xe3yhykva-qh8yzqt.sgciixxxega.xo6 i4fd3xpgxa5 knd3b53ktw4kbie-a0
Invalid operation
d105/
d137/
d141/
d157
d226
d259
d263/
d281
d287/
d293/
d48/
d66/
d96
f105
f127/
f138/
f166
f179/
f230
f232/
f241/
f290/
f293/
f38
f48/
f62
f65
f75
n37
n73/
n85
n89/
Invalid operation
Invalid operation
Invalid operation
f230:_0xe3yhykva-qh8yzqt.sgciixxxega.xo6 i4fd3xpgxa5 knd3b53ktw4kbie-a0
f95/
n37:B1 35 81 53 29 5B 62 AF 75 A9 9F 65 AD EF 57 A6
f95:dir:0
n37:55 8B 62 16 CD 4B
f95:dir:0
Invalid operation
f87/
f95/
n50
n37:8B
n37:F6 04 37 B0 55 8B 62 16 CD 4B 00 00 00
Invalid operation
Null
n50:i-7.zx
f215/
f296
f87/
f95/
n50
n80/
d36
f296
f87/
n50
n80/
d36
f296
f87/
f95/
n50
n80/
/f48/d66/n70/n50
Invalid operation
n50:txt:33
Invalid operation
Null
d36:00
Null
d177/
f142/
Invalid operation
f263:l-qc1cvgi
Invalid operation
f263:l-qc1cvgi
Invalid operation
f263:l-qc1cvgi
d36:00 00 00 00
d36:00
d36:00 00 00
d177/
f142/
f184/
f257
f263
f293
f59
d177/
f142/
f184/
f257
f263
f293
f59
d36:00 00
Invalid operation
/f48/d66/n70/f217/f263
f263:l-qc1cvgi
n37:A6 F6 04 37 B0 55 8B 62 16 CD 4B 00 00
n37:53 29 5B 62 AF 75 A9 9F 65 AD EF 57 A6 F6 04 37 B0 55
Invalid operation
Invalid operation
f230:_0xe3yhykva-qh8yzqt.sgciixxxega.xo6 i4fd3xpgxa5 knd3b53ktw4kbie-a0.pkmtup_g_f1z9mklleg421419fs
d110:14
d110:zypgrkd1xpzqac
d110
d83/
n70/
n50:49
d36:12
f65:4
f296:0
Invalid operation
d110:zypgrkd1xpzqac
Invalid operation
d110
d162
d83/
n119/
n70/
/f48/d66/d110
d110:27
d192:6
d162:0
d212:0
d110:zypgrkd1xpzqacogw6rqf-r3b6rx
d110
d162
d163/
d192
d212
d256/
d283/
d83/
n119/
n70/
Invalid operation
Invalid operation
d110:zypgrkd1xpzqacogw6rqf-r3b6rx
d162:25
d96:3A A7 F7
d96:bin:5
Null
d110:zypgrkd1xpzqacogw6rqf-r3b6rx
d162:00
d110:zypgrkd1xpzqacogw6rqf-r3b6rx
d162:00 9A
d106:1
Invalid operation
Invalid operation
f20:dir:0
/f48/d66/d110
d110:zypgrkd1xpzqacogw6rqf-r3b6rx
f20/
n34
d162:47
f86:dir:0
Invalid operation
Invalid operation
d218:txt:3
/f48/d66/n114/f20/f86/d218
d218
f102/
Invalid operation
d218:3
d218:qf.
d218:3
d218
d162:BB
Invalid operation
f202:00 00
d218
f102/
f109/
f202
Null
d218:qf.28ca.lj-z97i
/f48/d66/n114/f20/f86/d218
Invalid operation
d218
f102/
f109/
f202
Invalid operation
d218
f102/
f109/
f202
d218:qf.28ca.lj-z97i
Invalid operation
Invalid operation
Null
/f48/d66/n114/f20/f86/d218
f202:27 4D
f202:A2 F9 82
Invalid operation
Invalid operation
Invalid operation
f152:
f152:md:0
f152:
Invalid operation
f202:BD 63
d218:qf.3pa84tqx
f86/
f86/
f86:dir:0
d162:CD C8 70 FD B1 06
n34:6oaoywjmdg._h6w3z6
f86/
n34:6oaoywjmdg._h6w3z6gvcx
Null
f167:13
d244/
f0/
f167
f86/
f86:dir:0
Invalid operation
f86:dir:0
f86:dir:0
f167:1
f167:1
d244/
f0/
f167
f86/
Invalid operation
Invalid operation
f86:dir:0
n45:6qrffmj8y9c6
n45:md:12
f86:dir:0
Invalid operation
Invalid operation
f209:66
f209:66
Invalid operation
d218
f209
f38
n92
n97
Invalid operation
d178/
d218
f209
f38
n92
n97
d178/
d218
f209
f38
n92
n97
d178/
d218
f209
f38
n92
n97
d218:txt:17
f209:2F 2E 66 00
/f48/d66/n114/f20/d244/d218
d129
d178/
d212
d218
f209
f38
n61
n92
n97
d129
d178/
d212
d218
f209
f38
n61
n92
n97
f209:AF
f209:66 00
d218:17
d212:15
d129:14
f209:6
n92:6
f38:2
n61:0
n97:0
/f48/d66/n114/f20/n80
Invalid operation
d129
d178/
d212
d218
d237/
f209
f38
n61
n92
n97
d162:06
f20:dir:0
d162:00 9A 41 4B 25 D3 4B D4 B5 AE 65
d162:D4 B5 AE 65 90 6B CD C8 70 FD B1 06 F2
d162:06 F2
/f48/d66/n114/n34
f20:dir:0
f20:dir:0
f109
Invalid operation
d162:41 4B 25 D3 4B D4 B5 B2 7D E4 6B CD C8 70 FD
Null
Invalid operation
f109:txt:0
f109:
Null
Invalid operation
d162:9A 41 4B 25 D3 4B D4
/f48/d66/n114/d28/f109
f109:txt:0
d162:00
Null
Invalid operation
d100
f130/
f267/
/f48/d66/n114/d28/d100
d100
f130/
f267/
d100
d247/
f130/
f267/
d100:2u5u383.4w53lzs494t83j
/f48/d66/n114/d28/d100
f130:dir:0
f130:dir:0
d162:C8 C0 62 05 48 FB D1 00 00 67 1F 39
n79:EC 35
Null
Invalid operation
d286
d64/
f68
Invalid operation
d286
d64/
f68
d107
d264/
d286
d64/
f68
Invalid operation
Invalid operation
Invalid operation
d286:00 D8 00
/f48/d66/n114/d28/d247/d286
d107
d145
d264/
d286
d34/
d64/
f137
f177
f237/
f24/
f68
n111
d286:bin:12
Null
d23
Null
d23:5
Invalid operation
d23:txt:5
d286:00 0C 77 21 76 48
d286:0C 77
d23:wvibu
d23:txt:5
d23:txt:5
d286:00 00 00 D8 00 0C 77 21 76 48 5E 69 62 88 51
Invalid operation
d107
d145
d197/
d264/
d286
d34/
d64/
f137
f237/
f24/
f68
n111
Null
d107
d145
d197/
d264/
d286
d34/
d64/
f137
f237/
f24/
f68
n111
Invalid operation
d100:24
n79:5
/f48/d66/n114/d28/d100
d100:24
f197:13
n79:5
n79:00 E1 7F
d100:2u5u383.4w53lzs494t83jxx1f382v0
Invalid operation
d28/
d50/
f20/
Invalid operation
d28/
d50/
f20/
Invalid operation
n30:0
d28/
f20/
n30
Null
Invalid operation
Invalid operation
d162:16 0E
d162:00 00 67 00
Invalid operation
Invalid operation
Invalid operation
Invalid operation
Invalid operation
d28/
d71
f106
f20/
f74/
n113/
n5
n5:ll.umspeczc_el
d28/
d71
f106
f20/
f74/
n113/
n5
f20:dir:0
Invalid operation
n5:ll.umspeczc_el
Invalid operation
f86:dir:0
n80:00
Invalid operation
d129
d178/
d212
d218
d237/
f209
f38
n61
n92
n97
d218:txt:18
d218:g_5_knryq9hfps.xxx
d218:txt:18
f209:AF 79 2F 2E 60 00 83 6D
d129
d178/
d212
d218
d237/
f209
n61
n92
n97
/f48/d66/n114/f20/d244/d218
d129
d178/
d212
d218
d237/
f209
n61
n92
n97
d218:g_5_knryq9hfps.xxxtpr3q
d129
d174
d178/
d212
d218
d237/
f209
f272
f38
n61
n92
n97
Null
n5:ll.umspeczc_elxx
n5:16
d71:13
f106:11
Null
d28/
d71
f104/
f106
f20/
f74/
n5
d162:4B
n5:17
d71:13
f106:11
n27:0
d28/
d71
f104/
f106
f20/
f74/
n27
n5
d162:C2 25 D3 4B D4 B5 B2 7D 74 0F 4E 64 CF FF 53 A4 42 9E 00 00 67 00 00 00 00 00
f10:AE 01 C0 2C
f20:dir:0
Invalid operation
Invalid operation
Invalid operation
d112/
d114/
d28/
d69/
d71
f10
f104/
f106
f186
f20/
f74/
f78/
n27
n5
n5:ll.umspeczc_elxxxj vp2lc-_93ze2k. 1_xv
/f48/d66/n114/n5
Invalid operation
n5:ll.umspeczc_elxxxj vp2lc-_93ze2k. 1_xve85xb-6
Invalid operation
f20:dir:0
/f48/d66/n114/n5
f10:00 00
d112/
d114/
d221
d28/
d69/
f10
f104/
f106
f186
f20/
f251
f74/
f78/
n1
n27
n5
f10:00 00 00
n5:ll.umspeczc_elxxxj vp2lc-_93ze2k. 1_xve85xb-62pa62okhemhklt_x
d241:
d241
f20:dir:0
Null
Invalid operation
f20:dir:0
Invalid operation
Invalid operation
d192:12
n80:12
f242:0
/f48/d66/n114/f20/n80
/f48/d66/n114/f20/n80
n80:51 45 7E 38
d192
d244/
f0/
f242
f86/
n80
n80:00
f86:dir:0
Invalid operation
d192
d244/
f0/
f242
f86/
n80
d192
d244/
f0/
f242
f86/
n50
n80
f86:dir:0
f86:dir:0
d192:12
n80:12
f242:0
n80:8F
n80:18
d192:12
d168:1
Invalid operation
Invalid operation
f209:2E
d218:txt:23
d218:g_5_knryq9hfps.xxxtpr3q
Invalid operation
/f48/d66/n114/f20/d244/d178/f228
f299:md:15
f299: eg8-l 3nowoyza
Invalid operation
f299
f36
f299:md:15
f299:md:15
/f48/d66/n114/f20/d244/d178/f299
f299
f299
Null
d218:txt:23
f86:dir:0
Invalid operation
Invalid operation
Invalid operation
f209:04
d218:g_5_knryq9hfps.xxxtpr3q
d218:txt:23
d129
d174
d178/
d212
d218
d237/
f11
f15
f209
f272
f38
n61
n70
n92
n97
d129
d174
d178/
d212
d218
d224
d237/
f11
f15
f209
f272
f38
n61
n70
n92
n97
Invalid operation
d142:txt:16
f150:o.02vpy2f0
f209:E7 58 8C 3C
f209:3C B4
f150:o.02vpy2f0
Null
/f48/d66/n114/f20/d244/d237/f150
Invalid operation
f150:txt:16
f150:o.02vpy2f0svbqoh
/f48/d66/n114/f20/d244/d237/f150
f209:E4
f150:17
f228:6
f150:txt:17
d168
d192
d244/
f170/
f242
f86/
d168
d192
d244/
f170/
f242
f86/
/f48/d66/n114/f20/f242
Invalid operation
d192:12
f242:3
d168:1
f86:dir:0
Invalid operation
Invalid operation
d192:12
Invalid operation
Invalid operation
d192:12
f242:12
d168:1
d213:0
f242:2C E9 BB
Invalid operation
d192:12
f242:12
f171:6
d2:2
d168:1
d213:0
d192:12
f242:12
f40:10
f171:6
d2:2
Invalid operation
Invalid operation
Invalid operation
f242:11
f242:47 14 B7 45
Invalid operation
/f48/d66/n114/f20/f242
Invalid operation
Invalid operation
/f48/d66/n114/f20/f242
f86:dir:0
d112/
d114/
d221
d28/
d31
d69/
f10
f106
f186
f20/
f248/
f251
f74/
f78/
n1
n27
n5
f20:dir:0
Invalid operation
f20:dir:0
n5:ll.umspeczc_elxxxj vp2lc-_93ze2k. 1_xve85xb-62pa62okhemhklt_xfftb8zua90.g
Invalid operation
d112/
d114/
d221
d28/
d31
f10
f106
f186
f20/
f248/
f251
f3
f74/
f78/
n1
n109
n27
n5
Invalid operation
Invalid operation
Invalid operation
n5:73
f106:11
Invalid operation
f20:dir:0
n5:ll.umspeczc_elxxxj vp2lc-_93ze2k. 1_xve85xb-62pa62okhemhklt_xfftb8zua90.g
f20:dir:0
/f48/d66/d110
Invalid operation
d162:00 00 00
d162:30
d110:28
d72:12
d192:6
f205:0
d110
d162
d163/
d192
d256/
d283/
d72
d83/
f205
n114/
n119/
n70/
n70:dir:0
d110
d162
d163/
d192
d256/
d283/
d83/
f205
n114/
n119/
n25/
n70/
n70:dir:0
/f48/d66/d110
d162:FF 53 A4
/f48/f230
d110:zypgrkd1xpzqacogw6rqf-r3b6rxx
Invalid operation
d110:30
d162:30
f282:15
d192:6
f205:0
f217:0
n70:dir:0
Invalid operation
d110
d125/
d137/
d162
d163/
d192
d245/
d256/
d83/
f148/
f205
f217
f282
f33
n114/
n119/
n37
n70/
d110:zypgrkd1xpzqacogw6rqf-r3b6rxxx
d110:30
d162:30
f282:15
d192:6
d110
d125/
d137/
d162
d163/
d192
d245/
d256/
d83/
f148/
f205
f217
f282
f33
n114/
n119/
n37
n70/
/f48/d66/d110
/f48/d66/d110
Invalid operation
Invalid operation
d162:00 00
d110
d125/
d137/
d162
d163/
d192
d245/
d256/
d83/
f148/
f205
f217
f282
f294
n101/
n114/
n119/
n70/
d110:zypgrkd1xpzqacogw6rqf-r3b6rxxxx
Null
f271:dir:0
f271/
d142/
n96
n96
n96:
n96:
d194:0
n96:0
d142/
d194
d142/
d194
Invalid operation
d142:dir:0
d295/
d295/
f106:r6ou9
d205
d222/
d295/
f106
n118
d205
d222/
d295/
f106
f153/
n118
d194:4A 2A C2 D3
Invalid operation
/f48/d66/n119/f271/d194
Invalid operation
d142/
d194
d89/
f186
f266/
n81
d142:dir:0
d142/
d194
d89/
f186
f266/
n81
Invalid operation
d114/
f159
f271/
f291/
f271:dir:0
f271:dir:0
Invalid operation
Invalid operation
d114/
d295
f122
f146
f226
f271/
f291/
f226:pxb3ggy0uh4sbavx
Invalid operation
Null
f31/
d162/
f215/
f226:pxb3ggy0uh4sbavx
d162:dir:0
Invalid operation
f271:dir:0
/f48/d66/n119/f226
f271:dir:0
n30
d295:2E 1D D5
Invalid operation
n30:0
n30:0
/f48/d66/n119/f291/n30
d82/
n30
d114/
d295
f118/
f122
f146
f179
f271/
f291/
f72/
Invalid operation
d110:zypgrkd1xpzqacogw6rqf-r3b6rxxxxhz
d162:35
d110:33
f282:15
d192:6
f294:2
f217:0
Invalid operation
Null
d110:zypgrkd1xpzqacogw6rqf-r3b6rxxxxhzx
d110
d125/
d137/
d162
d163/
d192
d195
d245/
d256/
d27
d83/
f148/
f217
f282
f294
n101/
n114/
n119/
n70/
d110:zypgrkd1xpzqacogw6rqf-r3b6rxxxxhzx
n70:dir:0
Invalid operation
d162:35
d162:35
d110:33
d110:zypgrkd1xpzqacogw6rqf-r3b6rxxxxhz
n70:dir:0
Invalid operation
d162:64 31 FD
d162:00 16 0E C2 25 64 31 FD 87 58 D5 29 DC 4E 64 CF FF 53 A4 AB 9A 39 EC 67 00 00
d162:00 16 0E C2 25 64 31 FD 87 58 D5 29 DC 4E 64 CF FF 53 A4 AB 9A 39
Invalid operation
Invalid operation
Invalid operation
d162:00 00 00 51
n70:dir:0
d110
d125/
d137/
d162
d163/
d192
d195
d245/
d256/
d27
d83/
f148/
f180
f217
f219/
f260
f282
f294
n101/
n114/
n119/
n25
n70/
n95
n97/
n70:dir:0
n70:dir:0
/f48/d66/d110
d110
d125/
d137/
d162
d163/
d192
d195
d245/
d256/
d27
d83/
f136
f148/
f180
f217
f219/
f260
f282
f294
n101/
n114/
n119/
n25
n70/
n95
n97/
d287:dir:0
/f48/f230
Invalid operation
Invalid operation
d105/
d137/
d141/
d157
d168/
d226
d259
d263/
d276
d281
d287/
d293/
d48/
d66/
d96
f105
f127/
f138/
f166
f179/
f230
f232/
f241/
f290/
f293/
f38
f48/
f62
f65
f75
n37
n73/
n85
n89/
Invalid operation
Invalid operation
f230:_0xe3yhykva-qh8yzqt.sgciixxxega.xo6 i4fd3xpgxa5 knd3b53ktw4kbie-a0.pkmtup_g_f1z9mklleg421419fs
/f48/f230
d105/
d137/
d141/
d157
d168/
d20
d226
d259
d263/
d276
d281
d287/
d293/
d40
d48/
d54/
d66/
d96
f105
f127/
f138/
f166
f179/
f230
f232/
f235
f241/
f290/
f293/
f38
f48/
f62
f65
f75
n37
n73/
n85
n89/
n70:dir:0
Invalid operation
Null
Invalid operation
d105:dir:0
d162:A3 97 56 64 CF FF 53 7C 8D 84 88 2B 67 00 00 00 00 5E 2D 00 51 09
d110:zypgrkd1xpzqacogw6rqf-r3b6rxxxxhzxw6yxx
d110:zypgrkd1xpzqacogw6rqf-r3b6rxxxxhzxw6yxx
d110:zypgrkd1xpzqacogw6rqf-r3b6rxxxxhzxw6yxx
Invalid operation
f290:dir:0
Invalid operation
Invalid operation
Invalid operation
Invalid operation
Invalid operation
d197:7C
d197
f146
f200
f45/
f101/
Null
Null
Invalid operation
/f48/d66/d256/d105/f88/f45/d231
f53:dir:0
f53/
/f48/d66/d256/d105/f88/d197
d197:12 1F 9F
Invalid operation
f51:txt:12
f51
Invalid operation
Invalid operation
d197
f146
f199
f200
f45/
Null
f45:dir:0
d197:CB 04
d197
d218/
f146
f199
f200
f45/
f91
n32
/f48/d66/d256/d105/f88/d197
Invalid operation
Invalid operation
Invalid operation
Invalid operation
d115
d197
d218/
d244
f146
f199
f45/
f91
f96/
f226:17
f51:14
f228:6
Invalid operation
f51:h6dul2 8bvp0x0
f51:txt:14
f51:h6dul2 8bvp0x0
Invalid operation
f228:C7 6D 9A E0 00
Null
n40/
/f48/d66/d256/d105/f88/f45/f51
n40/
/f48/d66/d256/d105/f88/f45/f51
Invalid operation
f51:h6dul2 8bvp0x0
f219/
n40/
n40:dir:0
n40:dir:0
f251/
f228:00
f228:5E 67 00 00 00 F2 05 18 E8 E2 B4 31
f228:07 F4 5E 67 00 00 00 F2 05 18
d261
f158
Null
f228:00 F2 05
d261
f228:5E 67 00
f228:5E 67 00 00 00 F2 05
d88:txt:23
d7/
d88
f109/
n21/
n91
Invalid operation
d122
d7/
d88
f109/
n21/
n91
d122
d7/
d88
f109/
n21/
n91
Null
n91:00 00 55
n40:dir:0
/f48/d66/d256/d105/f88/f45/f170/f173
Invalid operation
/f48/d66/d256/d105/f88/f45/f170/f173
Invalid operation
Invalid operation
f228:19 80 0D 2F
f194/
f81/
f145
f194/
f81/
n7/
/f48/d66/d256/d105/f88/f45/f170/f219/d186/f145
/f145
f194:dir:0
Null
f209:dir:0
f189:58
Invalid operation
Invalid operation
f269
f269:42 9B B4 FE
f269
Invalid operation
f269:9B B4 FE
Invalid operation
f269:13
f269:FB
f269:bin:13
/f48/d66/d256/d105/f88/f45/f170/f219/d186/n7/d80/f269
Invalid operation
Null
Invalid operation
f209:dir:0
Invalid operation
f209:dir:0
d80/
f11/
f2/
f209/
f256/
Null
Null
f179:0
f272:0
f179
f272
/f48/d66/d256/d105/f88/f45/f170/f219/d186/f145
/f145
Null
f145:CB
Null
Invalid operation
f194:dir:0
Invalid operation
f145:20
d242:3
d120:0
f280:0
/f48/d66/d256/d105/f88/f45/f170/f219/d186/f194/f54
f145:26
d242:3
f230:0
f280:0
Invalid operation
f145:26
n34:14
d242:3
f230:0
d242
d36
d90/
f145
f194/
f230
f280
f81/
n34
n7/
d242
d36
d90/
f145
f194/
f230
f280
f81/
n34
n7/
d95:dir:0
Invalid operation
Invalid operation
d242
d36
d90/
f110/
f145
f194/
f230
f280
f81/
n34
n7/
d242
d36
d90/
f110/
f145
f194/
f230
f280
f81/
n34
n7/
d242
d36
d90/
f110/
f145
f194/
f230
f280
f81/
n34
n7/
Invalid operation
Invalid operation
f145:26
f145:26
n34:14
/f48/d66/d256/d105/f88/f45/f170/f219/d186/f145
/f145
Invalid operation
Invalid operation
Invalid operation
f145:26
n34:14
d242:3
d165:0
d36:0
f230:0
f280:0
/f48/d66/d256/d105/f88/f45/f170/f219/d186/d242
d242:0F
d165
d242
d36
d90/
f145
f194/
f230
f280
f81/
n34
n7/
Invalid operation
d242:0F
Invalid operation
f194:dir:0
d242:10
/f48/d66/d256/d105/f88/f45/f170/f219/d186/d242
d186:z_4
/f48/d66/d256/d105/f88/f45/f170/f173
d186:z_4
d242:1F 85
Null
f154/
f88
/f48/d66/d256/d105/f88/f45/f170/f219/d186/d90/f88
Invalid operation
n49/
d242:C1 FC 73 BD 6D 3D DB
d242:FC 73 BD 6D 3D DB 49 85 00 96 C0 C8 72
Invalid operation
f194:dir:0
Invalid operation
d196
d196
d242:72 5E 84 4F 3C
d165
d187
d200
d242
d36
d54
d58
d90/
f145
f194/
f230
f280
f81/
n34
n7/
Invalid operation
d242:72 5E 84 4F
Invalid operation
f194:dir:0
Invalid operation
Invalid operation
Invalid operation
Invalid operation
d186:dir:0
Invalid operation
f228:81 74 57 20 19 16 07 B2 0B 63 19 80 0D 2F 3F
f173:8
Invalid operation
f228:0D 2F 3F 18 E8
Invalid operation
Invalid operation
Invalid operation
Invalid operation
Invalid operation
n41:shf9tzu9ooqwca
n41:shf9tzu9ooqwca
Invalid operation
Null
d57/
n41
Invalid operation
/f48/d66/d256/d105/f88/f45/f170/f219/d186/f81/n41
n41:shf9tzu9ooqwca
d57/
d72
n3/
n41
Invalid operation
n41:shf9tzu9ooqwca
d242:6D 3D 09 49 85 14 54 34 FB 5B 5E 84 4F 3C
Invalid operation
d215/
f294/
n102
n102:9
d138/
d215/
n102
n102:7A
Invalid operation
n102:9
f268:2
n102:9
f268:2
n102:19
Null
d215:dir:0
d138/
d202/
d215/
f281
n102
d138/
d215/
d294/
d94
f281
n102
d215:dir:0
/f48/d66/d256/d105/f88/f45/f170/f219/d186/f81/d57/n102
Invalid operation
Invalid operation
d242:FC 73 BD 6D 3D
Invalid operation
d138/
d159
d215/
d294/
d94
n102
d138/
d159
d215/
d294/
d94
n102
n102:12
d94:10
d157:4
d159:0
n102:12
d94:10
Invalid operation
d11/
d138/
d159
d215/
d233
d294/
d94
n102
n102:12
d94:10
f63:6
d233:4
d159:0
Invalid operation
Invalid operation
d215:dir:0
/f48/d66/d256/d105/f88/f45/f170/f219/d186/f81/d57/n102
/f48/d66/d256/d105/f88/f45/f170/f219/d186/f81/d57/n102
Null
Invalid operation
Invalid operation
Invalid operation
n102:40 C7 D2
Invalid operation
/f48/d66/d256/d105/f88/f45/f170/f219/d186/f81/d57/d294/d49
/d49
d215:dir:0
Invalid operation
Invalid operation
/f48/d66/d256/d105/f88/f45/f170/f219/d186/f81/d57/n102
d11/
d138/
d159
d183/
d233
d294/
d94
n102
Invalid operation
n102:bin:12
d11/
d138/
d159
d183/
d233
d294/
d94
n102
d11/
d138/
d159
d183/
d233
d294/
d94
n102
d11/
d138/
d159
d183/
d233
d294/
d94
f240
n102
d11/
d138/
d159
d183/
d233
d294/
d94
f240
n102
Invalid operation
Null
d133:13
d159:56 24 99 B4 9E 69
n23:t5
Invalid operation
d11/
d138/
d159
d183/
d207/
d233
d294/
d94
f143/
Invalid operation
d138:dir:0
d94:dh.5b24-qix
d94:dh.5b24-qix
Invalid operation
Null
d94:dh.5b24-qix
d138:dir:0
Invalid operation
d94:11
d94:dh.5b24-qix
d159:B4
d94:11
d159:9
d233:4
f256:3
f117:1
Invalid operation
n22:00 00 19 D2 A5
d230/
d57/
d72
d94
f109
f177/
f252
n22
n3/
n41
n64/
/f48/d66/d256/d105/f88/f45/f170/f219/d186/f81/n41
d105/
d230/
d57/
d72
d94
f109
f138
f177/
f252
n22
n3/
n41
n64/
/f48/d66/d256/d105/f88/f45/f170/f219/d186/f81/n41
n22:15
Invalid operation
n22:00 E9 00 6F BD 7E
n22:6F BD 7E 65 00 00
f45
f45:
Invalid operation
f297:
n22:22
d105/
d221/
d230/
d57/
d72
d94
f109
f177/
f252
f259
f77/
n22
n3/
n41
n50/
n64/
n68/
Invalid operation
n22:83 41 5D BE 00 00 90 22 8F D6 9F 30
n22:A1 5C 4E 83 41 5D BE 00 00 90 22 8F
n41:shf9tzu9ooqwcax
n41:shf9tzu9ooqwcax
d105/
d128
d221/
d230/
d57/
d72
d94
f109
f177/
f252
f259
f77/
n22
n3/
n41
n50/
n64/
n68/
n22:21
n41:15
d94:14
d72:13
f259:10
f109:7
f252:6
n22:21
n41:15
d57:dir:0
d105/
d128
d221/
d230/
d57/
d72
d94
f109
f177/
f252
f259
f77/
n22
n3/
n41
n50/
n64/
n68/
Invalid operation
d242:A0 D4 00 00
d242:49 85 14 54 34 FB 5B B0 61 A0 D4 00 00 00
d95:dir:0
Null
d95:dir:0
d63:5
f110:h3.c1pr.nvqu9y
Invalid operation
d63:70
f54:x
/f48/d66/d256/d105/f88/f45/f170/f219/d186/f194/d63
d158/
d2/
d242
d294/
d63
d90
d95/
n93/
Invalid operation
Invalid operation
/f48/d66/d256/d105/f88/f45/f170/f219/d186/f194/d63
Invalid operation
d63:70 3E 2D AD
Null
f22:16
d242:7
d63:5
d90:0
Invalid operation
d158/
d242
d294/
d63
d90
d95/
n93/
Invalid operation
Invalid operation
d158/
d242
d294/
d63
d90
d95/
f21
f286
n93/
f21:10
d242:7
d63:6
Invalid operation
Invalid operation
Invalid operation
Invalid operation
/f48/d66/d256/d105/f88/f45/f170/f219/d186/d242
f194:dir:0
d242:00
d186/
f180
f184
/f48/d66/d256/d105/f88/f45/f170/f219/f180
/f48/d66/f180
d186/
f180
f242
f56/
f79
f180:xea
f180:xeat18wqoquw-l64
f228:60 19 80 0D
f228:E0 B1 E3 82 EF D1 60 19 80 0D 2F
Invalid operation
d186:dir:0
f228:C7 6D
f258
Null
Invalid operation
d186/
d247
d248
d255
f242
f54
f56/
f79
n93/
Invalid operation
Invalid operation
/f48/d66/d256/d105/f88/f45/f170/f219/d186/d242
Invalid operation
Null
/f48/d66/d256/d105/f88/f45/f170/f219/d186/d242
Null
f212/
d242:C8
d242:00
Invalid operation
d94/
d94/
Invalid operation
Invalid operation
Invalid operation
Invalid operation
Invalid operation
Invalid operation
d242:36
Invalid operation
d165
d187
d200
d240
d242
d258
d58
d73
d79
d90/
f129
f145
f179
f194/
f226
f230
f249/
f265
f270
f280
f81/
n43
n7/
d165
d187
d200
d242
d258
d58
d73
d79
d90/
f129
f145
f179
f194/
f226
f230
f249/
f265
f270
f280
f81/
n43
n45
n7/
d165
d187
d189
d200
d242
d258
d58
d73
d79
d90/
f129
f145
f179
f194/
f226
f230
f249/
f265
f270
f280
f81/
n45
n7/
d165
d187
d189
d200
d242
d258
d58
d73
d79
d90/
f129
f145
f179
f194/
f226
f230
f249/
f265
f270
f280
f81/
n45
n7/
/f48/d66/d256/d105/f88/f45/f170/f219/d186/d242
d242:10 10 74 AA E5 E3 EC 6D 3D 09 49 85 14 54 34 FB 5B B0 61 A0 DA B7 4A 11 00 00 00 86 B0
d242:00
Invalid operation
Null
d242:35
f145:26
d187:17
d200:15
f129:5
d79:4
f226:4
d242:38
f145:26
d187:17
d200:15
Invalid operation
Invalid operation
d230:dir:0
d230:dir:0
Invalid operation
Invalid operation
f194:dir:0
f194:dir:0
f73:dir:0
Invalid operation
Invalid operation
d242:FB 7B BC 45 5F C8 A0 00 00 00 00 A7 AE 27 F8
f73/
f73/
Invalid operation
d149
f177
f73/
n118
d242:56
Invalid operation
d242:56
f145:26
d164
d165
d187
d189
d200
d242
d258
d260
d285/
d58
d73
d79
d90/
f129
f145
f179
f194/
f226
f230
f249/
f265
f280
f81/
n45
n7/
/f48/d66/d256/d105/f88/f45/f170/f219/d186/d242
Null
d63:52 70 3E 2D
Invalid operation
d158/
d190
d242
d294/
d63
d90
d95/
f21
f286
n19
Invalid operation
Invalid operation
d95:dir:0
d158/
d190
d215
d222/
d242
d294/
d77
d90
d95/
f21
f221/
f286
n19
Invalid operation
/f48/d66/d256/d105/f88/f45/f170/f219/d186/f194/d242
/f48/d66/d256/d105/f88/f45/f170/f219/d186/d242
Null
Null
d95:dir:0
d242:4D C7 0F 72 0E 71 33 39 C7
d242:4D C7 0F BE
d242:61 0C 6B FF FB 07 00 44 B0 62 79 98 53 41 4F A0 00 00 00 00 A7 AE 27 F8 00 00 00 00 00 00 00 00
d242:FF FB 07 00 44 B0 62 79 98 53 41 4F A0 00 00 00 00 A7 AE 27 F8 00 00
d242:58
f145:26
d200:15
d164:7
f129:5
/f48/d66/d256/d105/f88/f45/f170/f219/d186/d242
Invalid operation
d242:58
f145:26
d200:15
d164:7
f129:5
d260:2
d73:1
f265:1
Invalid operation
d164
d165
d189
d200
d242
d258
d260
d285/
d73
d90/
f129
f145
f179
f194/
f230
f249/
f265
f280
f81/
n45
n65/
n7/
Invalid operation
Invalid operation
Invalid operation
d242:58
d106/
d164
d165
d189
d200
d221
d222
d242
d258
d260
d285/
d73
d90/
f145
f179
f181/
f194/
f229/
f230
f248
f249/
f265
f280
f81/
n45
n65/
n7/
d242:00 00 00 00 00
Null
n40:dir:0
Invalid operation
f173
f181/
f219/
n40/
Invalid operation
d52:16
f173:8
n100:2
f228:0D 77 DA 4C F1 D3
Invalid operation
d279
n70/
Invalid operation
d279:8D
f228:B8
n40:dir:0
n40:dir:0
Invalid operation
f228:80 0D 77 DA 4C
d52
f148
f173
f181/
f219/
n73/
f219:dir:0
Invalid operation
f173:kdlm 2oe
d196
f170/
f226
f228
f51
Invalid operation
Invalid operation
d197:80 13
Invalid operation
d196
d48/
f170/
f226
f51
f7/
n2/
n20/
f51:txt:25
d196
d48/
f170/
f226
f51
f7/
n2/
n20/
d196
d48/
f170/
f226
f51
f7/
n2/
n20/
n72
f51:txt:25
f51:25
f226:17
d196:14
n72:4
f51:txt:25
Null
n72:20 31 AB 8D 00
d52:16
f148:11
f173:8
d52
f148
f173
f181/
f219/
n73/
Invalid operation
d52
f148
f173
f179
f181/
f219/
n73/
f173:kdlm 2oe
/f48/d66/d256/d105/f88/f45/f170/f173
f173:kdlm 2oe
Invalid operation
d52
f148
f173
f179
f181/
f219/
f70
n49/
n73/
Invalid operation
Invalid operation
/f48/d66/d256/d105/f88/f45/f170/f173
f219:dir:0
Invalid operation
/f48/d66/d256/d105/f88/f45/f170/f173
d52
f148
f173
f179
f181/
f212
f219/
f266
f70
n49/
n73/
Invalid operation
f51:txt:26
d119
d196
d48/
f170/
f226
f51
f7/
n113
n2/
n20/
n66
n72
/f48/d157
n72:00
f51:h6dul2 8bvp0x0nj0aqwej5_lw
f51:26
f226:17
n72:17
d196:14
n72:84 F7 E0 E5 69 6C 4A D7
f51:txt:41
d119
d196
d273/
d48/
f170/
f226
f26/
f51
f7/
n113
n2/
n20/
n21/
n66
n72
d119
d196
d273/
d48/
f170/
f226
f26/
f51
f7/
n107/
n113
n2/
n20/
n66
n72
f51:42
f226:17
n72:16
f51:txt:42
Invalid operation
Null
Null
Invalid operation
Invalid operation
Invalid operation
d119
d196
d273/
d48/
f170/
f190
f226
f26/
f51
f7/
n107/
n113
n2/
n72
f51:42
f226:17
n72:16
d196:14
n113:7
d119:0
f190:0
d119
d196
d273/
d48/
f170/
f226
f26/
f51
f7/
n107/
n113
n2/
n66
n72
Invalid operation
n72:F7 E0 E5 69 6C 4A D7 A0
f109:txt:8
n53:dir:0
f109:q9-0z933
/f48/d66/d256/d105/f88/f45/f26/f109
n53:dir:0
f109:q9-0z933
f283:CF
f285:txt:10
Invalid operation
Invalid operation
Invalid operation
d106/
d12/
n53/
n77/
f283:CF 86
Invalid operation
d217:14
n10:0
Invalid operation
Invalid operation
Invalid operation
d89
f40
d45/
f40
d265
d45/
f220/
f40
d45/
d7
f40
f40:jxw3bzzsm
n10:00
n10:00
d45/
f14/
f175
f40
Invalid operation
d217:l7z164jn axz5z
n10:6B D1 99 14 39 9D 13
Invalid operation
d217:l7z164jn axz5z
f125:inj1676rtg3o3h0
Invalid operation
f125:md:42
f125:inj1676rtg3o3h0-zzcsm9zl0at-vvuh-jy x99uwf
n10:00 00 FC 6B D1 99
n10:9D 13
/f48/d66/d256/d105/f88/f45/f26/n25/d12/f125
Invalid operation
n10:99 14
/f48/d66/d256/d105/f88/f45/f26/n25/d217
d217:l7z164jn axz5z53c5t_8byi6t
d217:26
n79:8
n10:7
Invalid operation
/f48/d66/d256/d105/f88/f45/f26/n25/d217
d217:l7z164jn axz5z53c5t_8byi6t
Invalid operation
n10:D1 99
f221:41hawtl k3
n10:D1 99 14
f283:12
f109:9
f283:41 03
d4/
f109
f283
n25/
n30
n83
f109:txt:9
f109:q9-0z933x
f109:txt:9
/f48/d66/d256/d105/f88/f45/f51
Invalid operation
d119
d166/
d196
d48/
f170/
f226
f26/
f51
f7/
n107/
n113
n2/
n66
n72
Invalid operation
f51:44
n72:19
f226:17
d196:14
Invalid operation
f51:44
n72:19
d119
d166/
d196
d276
f170/
f26/
f51
f7/
n107/
n113
n2/
n66
n72
f51:h6dul2 8bvp0x0nj0aqwej5_lwojka5-r99755a03xlr
d119
d166/
d196
d276
f170/
f26/
f51
f7/
n107/
n113
n2/
n66
n72
f51:txt:44
/f48/d66/d256/d105/f88/f45/f51
d119
d196
d276
f170/
f212
f26/
f51
f7/
n107/
n113
n2/
n66
n72
f51:44
n72:19
/f48/d66/d256/d105/f88/f45/f51
Invalid operation
n72:E2 02 F7 95 11 1D 27
f51:h6dul2 8bvp0x0nj0aqwej5_lwojka5-r99755a03xlr1.a43a
/f48/d66/d256/d105/f88/f45/f51
f252:17 3F 19 47 99
Invalid operation
d212:dir:0
d212/
f252
f47
d212/
f252
f47
d212:dir:0
Null
Invalid operation
Invalid operation
d212:dir:0
d212:dir:0
d212/
f252
f262
f47
n7
Invalid operation
Invalid operation
d212:dir:0
Null
n65:2.4rbm2.5
/f48/d66/d256/d105/f88/f45/n2/f145/n65
Invalid operation
Invalid operation
/f48/d66/d256/d105/f88/f45/n2/f145/f293
f252:3F 1F 2B 4A F2 FF 58 00
d88:dir:0
f252:E1 17 3F 1F
f252:4A
d30:0
d30
d88/
d30
d88/
d88:dir:0
Invalid operation
d88:dir:0
f286:C1
d88/
f286
n74/
f286:C1 6D
d88/
f286
n74/
n98
Invalid operation
d88:dir:0
Invalid operation
d88:dir:0
d266
d88/
n10
n74/
n98
Invalid operation
Invalid operation
Invalid operation
Invalid operation
Invalid operation
Invalid operation
Invalid operation
f132:16
Invalid operation
/f48/d66/d256/d105/f88/f45/n2/f145/n98
d103/
d266
d72
d88/
d98
f132
f69/
n10
n74/
n98
d103/
d266
d72
d88/
d98
f132
f69/
n10
n74/
n98
Invalid operation
d103/
d266
d72
d88/
d98
f132
f69/
n10
n74/
n98
Invalid operation
Invalid operation
Invalid operation
n98:69
Invalid operation
n98:5E 99
d88:dir:0
Invalid operation
n70
/f48/d66/d256/d105/f88/f45/n2/f145/n98
Invalid operation
Invalid operation
Null
d72
d88/
f132
f155
f69/
n10
n74/
n98
n98:5E
f221:0
f221:txt:0
f221:0
n98:5E 99 00 00 00
n98:5E 99 00 00
Invalid operation
Null
d72
d88/
f132
f155
f69/
n10
n74/
n98
f252:18
f252:18
d48:5
f47:0
d140/
d212/
d48
f145/
f252
f31/
f47
n101/
f252:3F 1F 2B 4A F2 FF
Invalid operation
Invalid operation
Invalid operation
d212:dir:0
f252:18
f47:8
f200:7
Null
f47:C6 51
f47:73 5C
Invalid operation
d140/
d212/
d48
f145/
f166
f200
f252
f31/
f47
n101/
Invalid operation
f47:73 5C
Invalid operation
Null
/f48/d66/d256/d105/f88/f45/n2/f47
Invalid operation
f105
f47:E3 3A 24
f47:91 0B 8C
Invalid operation
Null
/f48/d66/d256/d105/f88/f45/n2/f47
Invalid operation
n47/
n47/
d170
n47/
Invalid operation
d170:7
n108:3
d170:7
n108:3
d170:7
n108:3
/f48/d66/d256/d105/f88/f45/n2/f31/d170
d118
d170
n108
n47/
d118
d170
n108
n47/
Invalid operation
d118
d170
n108
n47/
Invalid operation
n47:dir:0
d170:43 18 04 36 FF D8 0A
Invalid operation
Invalid operation
d170:36
Invalid operation
d118
d170
d95/
f63/
n108
n47/
n63/
Invalid operation
d170:AD
Null
d118
d170
d95/
f63/
n108
n47/
n63/
Invalid operation
Invalid operation
d140/
d212/
d48
f145/
f166
f200
f252
f268
f31/
f40/
f47
f84/
n101/
d140/
d212/
d48
f145/
f166
f200
f252
f268
f31/
f40/
f47
f84/
n101/
d140/
d212/
d48
f145/
f166
f200
f252
f268
f31/
f40/
f47
f84/
n101/
f252:18
f268:15
f47:11
f200:7
f47:EB 5F D2 AB
d140/
d212/
d48
f145/
f166
f200
f252
f268
f31/
f47
f84/
n101/
d212:dir:0
f47:00 64
f47:51 5A 13 C5 25 88
f47:6C 51 5A 13 C5 25 88
f47:13
d140/
d212/
d48
d90/
f145/
f166
f200
f252
f268
f31/
f47
f84/
n101/
n104/
n47/
/f48/d66/d256/d105/f88/f45/n2/f47
Invalid operation
f47:13
Invalid operation
d218:80 5E
d218:89
Invalid operation
d218:4
Invalid operation
d212:dir:0
Invalid operation
/f48/d66/d256/d105/f88/f45/n2/f47
Invalid operation
f128
f154
f128
f154
f128:0
f128:txt:0
/f48/d66/d256/d105/f88/f45/n2/d140/f128
/f48/d66/d256/d105/f88/f45/n2/d140/f128
/f48/d66/d256/d105/f88/f45/n2/f47
Invalid operation
f128:
d140/
d212/
d48
d90/
f145/
f166
f252
f268
f31/
f47
f84/
n101/
n104/
n47/
Invalid operation
f128:0
Invalid operation
Invalid operation
Invalid operation
/f48/d66/d256/d105/f88/f45/n2/f47
/f48/d66/d256/d105/f88/f45/n2/f47
d140/
d212/
d270
d48
d90/
f145/
f166
f252
f268
f31/
f47
f84/
n101/
n104/
n47/
Invalid operation
Invalid operation
Invalid operation
Invalid operation
f47:BD 1E F3 67 03 91
Null
f47:00
Null
f47:21
f252:18
d270:15
f268:15
d29:5
f166:3
Invalid operation
d130/
d140/
d212/
d247/
d270
d29
f145/
f166
f252
f268
f31/
f47
f77/
f84/
n101/
n104/
n108/
n47/
Invalid operation
d130/
d140/
d212/
d270
d29
f145/
f166
f252
f268
f31/
f47
f77/
f84/
n101/
n104/
n108/
n47/
Null
d115
d130
d197
d217/
d218/
d244
d39
f146
f159
f199
f45/
f6
f91
f96/
n101/
Invalid operation
Invalid operation
Invalid operation
Invalid operation
Null
/f48/d66/d256/d105/f88/d197
Invalid operation
Invalid operation
d197:04 EE 70
/f48/d66/d256/d105/f88/f96/f129
Invalid operation
d197:00 16 BC 4B DF 2B 92 B5
d197:04 EE 70
d280
d285
f129
f279
f281
f66/
/f48/d66/d256/d105/f88/f96/f129
d140/
Invalid operation
d140:dir:0
Invalid operation
d248
d280
d285
f129
f245
f279
f281
f66/
Invalid operation
Invalid operation
d140:dir:0
/f48/d66/d256/d105/f88/f96/f129
f129: oga7 x-ej8vxx2f17m62ix
/f48/d66/d256/d105/f88/f96/f129
d27:dir:0
Invalid operation
f45:10
f132:2
f253:0
d140/
d27/
f132
f45
f45:11
f132:2
f45:2tkt-txt-vxx
/f48/d66/d256/d105/f88/f96/f66/d27/f45
f45:2tkt-txt-vxx
f45:2tkt-txt-vxx
f132
f233/
f45
n95/
Invalid operation
/f48/d66/d256/d105/f88/f96/f66/d27/f45
f132:F0 64 00 00 9D CA 2E 15 AC FF
f45:2tkt-txt-vxxx
Invalid operation
Invalid operation
Invalid operation
f45:13
d60:9
f132:7
f76:0
d39/
f124/
f132
f233/
f256/
f45
f76
n95/
f45:txt:14
f45:2tkt-txt-vxxxx
Invalid operation
Invalid operation
f132:00 9D CA
f45:txt:20
Invalid operation
/f48/d66/d256/d105/f88/f96/f66/d27/f45
f132:F0 64
/f48/d66/d256/d105/f88/f96/f66/d27/f45
f294:7
d27:dir:0
f294:7
d197:CB 04 EE A4 3C 35 80 13 9F 00 16 BC 4B DF 08 BB A9
Invalid operation
Invalid operation
/f48/d66/d256/d105/f88/f96/f66/f294
/f48/d66/f294
f45:20
f181:16
f173:9
f132:7
d182:0
f76:0
Invalid operation
f132:84 00 00 78 5B A7 D1
d182
d286/
d39/
f124/
f132
f173
f181
f233/
f256/
f45
f47/
f76
n29
n95/
f132:7D
f45:2tkt-txt-vxxxxg16_ddx6r3y6y44qse
/f48/d66/d256/d105/f88/f96/f66/d27/f45
d182
d286/
d39/
f124/
f132
f173
f181
f233/
f256/
f45
f47/
n29
n67/
n95/
f45:32
f181:16
Invalid operation
/f48/d66/d256/d105/f88/f96/f66/d27/f45
/f48/d66/d256/d105/f88/f96/f66/d27/f45
Invalid operation
/f48/d66/d256/d105/f88/f96/f66/d27/f45
/f48/d66/d256/d105/f88/f96/f66/d27/f45
Null
f245/
f230/
f245/
n83/
f132:69 87 77 10 9D B9 DC
f132:DC 93
f245:dir:0
f132:B9
Invalid operation
f45:2tkt-txt-vxxxxg16_ddx6r3y6y44qsexfqo 7i_nsy8dvjwm0p2 5da5i-22nqw 
Invalid operation
f45:65
f181:16
f132:14
f173:9
n29:1
d182:0
f45:65
f181:16
f132:14
f173:9
n29:1
d182:0
d291:0
/f48/d66/d256/d105/f88/f96/f245
Invalid operation
Null
f45:2tkt-txt-vxxxxg16_ddx6r3y6y44qsexfqo 7i_nsy8dvjwm0p2 5da5i-22nqw 8y0cv21j6x
d197:A9
f137:0B F2
f137:DC 0B
n30:dir:0
d124:kan.b
d124
d236
d42
f127
n30/
Null
Invalid operation
d124:txt:5
d42:C0 DD 2B
f137:00 D1 9B 09
d124
d42
f127
d42:0F EA FE C6
d124:20
f127:15
d42:14
d124:kan.b67uj-npyqtrxjy0
d42:2F 43 37 28 21 B7 A2 EF EF
d124:20
n99:0
n99:0A EB
/f48/d66/d256/d105/f88/f96/f66/f294
/f48/d66/f294
d140/
d164/
d27/
f137
f294
f7/
d27:dir:0
d124:kan.b67uj-npyqtrxjy0
/f48/d66/d256/d105/f88/f96/f66/f294
/f48/d66/f294
d158/
f137:CA 00
f137:C9 B2 D4 FB 00 00
Invalid operation
f290:r-ikr7vs8x
Invalid operation
d27:dir:0
f137:00 00 00 F6 96 7C EC CA 00 D1 9B
f294:41
f137:20
n3:11
n20:0
f137:00 D1 9B
d140/
d164/
d27/
f294
f66/
f7/
n20
n3
n43/
f294:e_owj8p3qbpw0tlgkkjv h.ljis3via8m 2fwf.9y
d27:dir:0
d124:20
d271:11
n99:8
d168/
d247/
d271
d66/
d94/
f267/
n99
f117:7
f117:bin:7
Invalid operation
/f210
f38
f38
f38
f117
f38
f117
f38
Invalid operation
f38
/f48/d66/d256/d105/f88/f96/f66/f7/d168/f38
/f48/f38
Null
f38
f38
f38:21
Null
d88:92
Invalid operation
d88:bin:7
/f48/d66/d256/d105/f88/f96/f66/f7/d168/d88
Invalid operation
d88
f38
Invalid operation
d88:3B
d88:92 D1 00 28
d88:04
Invalid operation
/f48/d66/d256/d105/f88/f96/f66/f7/d168/d88
Invalid operation
Invalid operation
d88:bin:24
Invalid operation
Invalid operation
d168/
d247/
d271
d66/
d94/
f267/
n99
/f48/d66/d256/d105/f88/f96/f66/f7/n99
Invalid operation
Invalid operation
d168/
d247/
d271
d66/
d94/
f267/
n99
Null
Invalid operation
n99:4D
Invalid operation
d197:A4 3C 35
d140/
d164/
d27/
f294
f66/
f7/
n20
n3
n43/
Null
d106
d140/
d164/
d184
d27/
f293/
f294
f7/
n1
n20
n3
n43/
Invalid operation
d27:dir:0
f294:e_owj8p3qbpw0tlgkkjv h.ljis3via8m 2fwf.9y9nt40gd4befr6_l_3zuyo3opqil5x wwyvn
d106
d125/
d140/
d164/
d181
d184
d27/
f293/
f294
f40
f7/
f76/
n1
n3
n43/
d106
d125/
d140/
d164/
d181
d184
d27/
f293/
f294
f40
f7/
f76/
n1
n3
n43/
d106
d125/
d140/
d164/
d181
d184
d27/
f293/
f294
f40
f7/
f76/
n1
n3
n43/
Invalid operation
f40:84
f294:e_owj8p3qbpw0tlgkkjv h.ljis3via8m 2fwf.9y9nt40gd4befr6_l_3zuyo3opqil5x wwyvncij5h85co_w4
f294:e_owj8p3qbpw0tlgkkjv h.ljis3via8m 2fwf.9y9nt40gd4befr6_l_3zuyo3opqil5x wwyvncij5h85co_w4
/f48/d66/d256/d105/f88/f96/f66/n43/f164
/f48/d66/d256/d105/f88/f164
/f48/d66/d256/d105/f88/f96/f66/n43/f164
/f48/d66/d256/d105/f88/f164
Invalid operation
f164:txt:0
f40:AB FD 32 07
/f48/d66/d256/d105/f88/f96/f66/n43/f164
/f48/d66/d256/d105/f88/f164
Invalid operation
f40:07 00 00 00 00
Invalid operation
f164:x
f164:txt:1
d225:9
f164:4
f92:0
f89:17
f40:99
f164:txt:4
Invalid operation
f164:xxke
Invalid operation
/f48/d66/d256/d105/f88/f96/f66/n43/f164
/f48/d66/d256/d105/f88/f164
d225
d267
d271
f138
f164
f296
f89
f92
n26/
n48/
f164:xxke
f296:2B
Invalid operation
Null
/f48/d66/d256/d105/f88/f96/f66/n43/f164
/f48/d66/d256/d105/f88/f164
/f48/d66/d256/d105/f88/f96/f66/n43/f164
/f48/d66/d256/d105/f88/f164
f83:dir:0
n69:14
d108:10
d108
n69
n69:14
d108:10
f296:22
Invalid operation
n69:5.trba6m-5pl7k
f196/
f72/
n69
/f48/d66/d256/d105/f88/f96/f66/n43/d256/d43/n69
f296:68
/f48/d66/d256/d105/f88/f96/f66/n43/d256/d43/n69
n69:md:29
Null
d235:ma.62_c b
n69:5.trba6m-5pl7kmx8qg7el4f98vt8x
/f48/d66/d256/d105/f88/f96/f66/n43/d256/d43/n69
d194:x_-sa-
d194
d68
d87/
n110/
n110:dir:0
Invalid operation
Invalid operation
n110:dir:0
Invalid operation
d194:x_-sa-
Invalid operation
Invalid operation
n110:dir:0
Invalid operation
f190:00
d232:7roksd
Invalid operation
d194:6
d194:x_-sa-
d194
d87/
n110/
d194:x_-sa-
d194
d87/
n110/
f190:B6 D3
f190:0E C9 0F BE 60 A3 67
/f48/d66/d256/d105/f88/f96/f66/n43/d256/d43/n69
n69:30
f190:BE 60 A3 67
Invalid operation
/f48/d66/d256/d105/f88/f96/f66/n43/d256/d43/n69
n69:33
f190:9
f9:5
f48:2
d86/
f190
f48
f72/
f9
n69
Invalid operation
n69:md:33
d154/
d86/
f109/
f190
f72/
f9
n69
Invalid operation
d154/
d86/
f190
f41
f72/
f9
n69
d154/
d86/
f190
f233
f268
f72/
f9
n69
f190:B3 9F 7E
Invalid operation
/f48/d66/d256/d105/f88/f96/f66/n43/d256/d43/n69
Invalid operation
f190:B6 87 A1 E2 0F
f190:BE 6C A8 B3 9F 7E 5B 5B 00 00 8E 43
f151/
f277
Invalid operation
f190:8E 43
d276:15
f277:9
/f48/d66/d256/d105/f88/f96/f66/n43/d256/d43/f72/f277
f277:md:9
/f48/d66/d256/d105/f88/f96/f66/n43/d256/d43/f72/f277
f277:md:9
f277
d154/
d29/
d86/
f190
f268
f72/
n69
f190:00 00
Invalid operation
f296:96
Invalid operation
f83:dir:0
f296:46
Invalid operation
/f48/d66/d256/d105/f88/f96/f66/n43/d256/d43/f72/f277
Invalid operation
f190:B3 9F 7E 5B 5B 00 00 8E 43
f277: 72eawl5ux
f277:md:10
Invalid operation
f277:10
d255:9
d66:0
f132:0
f277:md:10
d1
d255
d66
f132
f149/
n20/
d1
d255
d66
f132
f149/
n20/
f190:00 00
/f48/d66/d256/d105/f88/f96/f66/n43/d256/d43/f72/d255
f190:28 27 67
Invalid operation
d1:13
d255:9
d66:0
f132:0
f264:0
Invalid operation
d1:13
d255:9
d66:0
f132:0
f264:0
f190:48 87 2B B8 B7 A2 35 D7 28
f7:
d1
d255
d66
f132
f149/
f264
n20/
f7:
d198
d247/
f7
f7:txt:1
f7:x
f7:x
f240:i0t_04gyxnh_eh
f122
f240
f240:md:14
Null
f128:2B 00 00 00 97
f122
f240
f122:
f128:13
f122:0
Invalid operation
Invalid operation
f122:md:14
Invalid operation
d116
f122
f128
n103/
f122:k4lnzyx5q7x63u
Invalid operation
/f48/d66/d256/d105/f88/f96/f66/n43/d256/d43/f72/n20/d247/d135/f122
d116
f122
f128
n103/
f122:k4lnzyx5q7x63u
f128:00 B9 00 00 11 A0 27 11
f122:k4lnzyx5q7x63ux
Invalid operation
f128:A0
Invalid operation
/f48/d66/d256/d105/f88/f96/f66/n43/d256/d43/f72/n20/d247/d135/f128
Invalid operation
d116
f128
f202/
f267
f8/
n103/
n99
Invalid operation
Invalid operation
Invalid operation
f128:bin:19
f114
/f48/d66/d256/d105/f88/f96/f66/n43/d256/d43/f72/n20/d247/d135/f202/f114
d137/
f114
f252
f288
f252:bin:1
Invalid operation
d137/
f171
f252
f288
Invalid operation
f252:bin:6
Invalid operation
f252:bin:6
Invalid operation
f252:DA 6A
f252:C6 DA
f252:bin:6
f252:bin:6
Invalid operation
Null
Invalid operation
Null
f128:bin:19
Invalid operation
d116
f128
f202/
f267
f8/
n103/
n99
Invalid operation
Invalid operation
f235:15
f288:13
f252:6
f171:0
Invalid operation
/f48/d66/d256/d105/f88/f96/f66/n43/d256/d43/f72/n20/d247/d135/f202/f252
f235:15
f288:13
f252:6
Invalid operation
f235:15
f288:13
f252:6
d237:0
/f48/d66/d256/d105/f88/f96/f66/n43/d256/d43/f72/n20/d247/d135/f202/f252
d137/
d237
d248/
d59/
f235
f252
f288
f70/
n40/
f252:00
d236
n51
/f48/d66/d256/d105/f88/f96/f66/n43/d256/d43/f72/n20/d247/d135/f202/d137/d236
d236:_kltkpu3k3lc mfr50otf
d236:_kltkpu3k3lc mfr50otf
Invalid operation
f252:DA
Invalid operation
Invalid operation
d239/
d236:_kltkpu3k3lc mfr50otf_i1_1-oya6f1-lxqm2b3fb1-srl40lvx
f222:dir:0
Invalid operation
d236:_kltkpu3k3lc mfr50otf_i1_1-oya6f1-lxqm2b3fb1-srl40lvx
Invalid operation
/f48/d66/d256/d105/f88/f96/f66/n43/d256/d43/f72/n20/d247/d135/f202/d137/d236
f252:E6 BE 7F 2A DA 6A 00 DD 33
f277:dir:0
f277:dir:0
d236:_kltkpu3k3lc mfr50otf_i1_1-oya6f1-lxqm2b3fb1-srl40lvxu5ajrgm
Invalid operation
Null
Null
f277:dir:0
d15
d218
Invalid operation
Invalid operation
d15:0
d218:0
n116:0
Null
f277:dir:0
Invalid operation
d121
f104
f2
f219/
f277/
n86/
d121
f104
f2
f219/
f277/
n86/
f252:AC 2D 7E 00
/f48/d66/d256/d105/f88/f96/f66/n43/d256/d43/f72/n20/d247/d135/f202/d137/d113/f222/d121
d121:_r15z14ouxd32o8ct_1x
d121
f104
f2
f206/
f277/
n15
n86/
f2:C7
d15:
Invalid operation
/f48/d66/d256/d105/f88/f96/f66/n43/d256/d43/f72/n20/d247/d135/f202/d137/d113/f222/n86/n116
n116:bin:0
Invalid operation
f172:16
d218:6
n116:0
d218
f172
n116
d121:20
f2:11
f104:7
n15:0
f277:dir:0
Null
f2:46
d121
f104
f2
f206/
f277/
n15
n86/
Null
d121:_r15z14ouxd32o8ct_1x--qv id740ken _6
/f48/d66/d256/d105/f88/f96/f66/n43/d256/d43/f72/n20/d247/d135/f202/d137/d113/f222/d121
Null
d121:36
f2:11
f104:7
n15:0
/f48/d66/d256/d105/f88/f96/f66/n43/d256/d43/f72/n20/d247/d135/f202/d137/d113/f222/d121
d121:_r15z14ouxd32o8ct_1x--qv id740ken _6
/f48/d66/d256/d105/f88/f96/f66/n43/d256/d43/f72/n20/d247/d135/f202/d137/d113/f222/d121
Null
/f48/d66/d256/d105/f88/f96/f66/n43/d256/d43/f72/n20/d247/d135/f202/d137/d113/f222/d121
Invalid operation
/f48/d66/d256/d105/f88/f96/f66/n43/d256/d43/f72/n20/d247/d135/f202/d137/d113/f222/d121
Invalid operation
f2:27 C7 35 A4
d121:_r15z14ouxd32o8ct_1x--qv id740ken _6
f140:0
f140:0
d63/
f140
f2:E4 36 46 C6 ED DA 5F
f140:
Invalid operation
f2:AA 00 00 3F C9 5C 61 0A E4
Invalid operation
f140:
/f48/d66/d256/d105/f88/f96/f66/n43/d256/d43/f72/n20/d247/d135/f202/d137/d113/f222/d260/f140
Null
f2:CC AA 00
f2:A5 CC
d190:dir:0
d18:xv6e6-l-ba_8554k9w6g
f2:0A E4 00 00 00
d190:dir:0
f2:00 00
/f48/d66/d256/d105/f88/f96/f66/n43/d256/d43/f72/n20/d247/d135/f202/d137/d113/f222/d260/d18
d190:dir:0
/f48/d66/d256/d105/f88/f96/f66/n43/d256/d43/f72/n20/d247/d135/f202/d137/d113/f222/d260/d18
Invalid operation
f251:20
n93:16
d10:13
Invalid operation
Null
n93:35
d10:13
d193:4
n83:2
Invalid operation
/f48/d66/d256/d105/f88/f96/f66/n43/d256/d43/f72/n20/d247/d135/f202/d137/d113/f222/d260/f192/d190/n93
n93:md:44
Invalid operation
f2:95 B9 6B 7A
Invalid operation
/f48/d66/d256/d105/f88/f96/f66/n43/d256/d43/f72/n20/d247/d135/f202/d137/d113/f222/d260/f192/d190/n93
/f48/d66/d256/d105/f88/f96/f66/n43/d256/d43/f72/n20/d247/d135/f202/d137/d113/f222/d260/f192/d190/n93
n93: jckv8bq4-pofw1jh7-u9.c8gixxzf2n1xxx .h_wxhl
n93:md:44
d118/
d193
d219
f271/
n47
n58
n93
Null
n93:44
n58:12
d219:8
d193:4
n47:3
Invalid operation
Null
f2:7A 70 86 0C BF 21 61 FE CC AA 00 00
n93:md:44
f2:B9 6B 7A 70 86 0C BF 21 61 FE CC AA 00 00 F1 AF 3A 79
n93: jckv8bq4-pofw1jh7-u9.c8gixxzf2n1xxx .h_wxhl
n100:txt:6
n100:o.lrkv
/f48/d66/d256/d105/f88/f96/f66/n43/d256/d43/f72/n20/d247/d135/f202/d137/d113/f222/d260/f192/d190/d118/n100
n100:o.lrkv
f64:p3-e.jm5ts__ahjd
Invalid operation
f64:16
/f48/d66/d256/d105/f88/f96/f66/n43/d256/d43/f72/n20/d247/d135/f202/d137/d113/f222/d260/f192/d190/d118/f64
f64:16
f64:txt:16
f8:txt:1
f2:47
Invalid operation
n93:md:44
d118/
d193
d219
f271/
n93
/f48/d66/d256/d105/f88/f96/f66/d106
Invalid operation
d118/
d125/
d193
d219
f271/
n93
Invalid operation
Null
n93: jckv8bq4-pofw1jh7-u9.c8gixxzf2n1xxx .h_wxhl
n93:44
d219:8
d193:4
d235:2
d11/
d118/
d125/
d193
d219
d235
f271/
n68/
n93
d11/
d118/
d125/
d193
d219
d235
f271/
n68/
n93
d11/
d118/
d125/
d193
d219
d235
f271/
n68/
n93
n93: jckv8bq4-pofw1jh7-u9.c8gixxzf2n1xxx .h_wxhl
n93:md:44
f179/
n112:D2 35 32 00 00
Invalid operation
n112:7F
Null
Invalid operation
f19
f237/
f19
f19:21
n112:D2 35 32
n93: jckv8bq4-pofw1jh7-u9.c8gixxzf2n1xxx .h_wxhl
n112:32
Invalid operation
Invalid operation
d120
f112
n92/
n112:35 32
n112:D6 54 7F
n92:dir:0
Invalid operation
d212/
n92/
n92:dir:0
d212/
n92/
d212/
n92/
/f48/d66/d256/d105/f88/f96/f66/n43/d256/d43/f72/n20/d247/d135/f202/d137/d113/f222/d260/f192/d190/d125/d281
/f48/d281
n93:45
n112:15
/f48/d66/d256/d105/f88/f96/f66/n43/d256/d43/f72/n20/d247/d135/f202/d137/d113/f222/d260/f192/d190/n93
Invalid operation
f19:txt:21
n112:00 00 DF 4E D2 F7
/f48/d66/d256/d105/f88/f96/f66/n43/d256/d43/f72/n20/d247/d135/f202/d137/d113/f222/d260/f192/d190/f271/f19
f19:txt:21
/f48/d66/d256/d105/f88/f96/f66/n43/d256/d43/f72/n20/d247/d135/f202/d137/d113/f222/d260/f192/d190/f271/f19
Null
Invalid operation
/n48
Invalid operation
/f48/d66/d256/d105/f88/f96/f66/n43/d256/d43/f72/n20/d247/d135/f202/d137/d113/f222/d260/d18
d190/
d20/
f192:dir:0
d18
d277
f192/
Invalid operation
f277:dir:0
f2:C7 35 3D 44 BC 2C CD 94 5A 71 00 3C 1B
d121:_r15z14ouxd32o8ct_1x--qv id740ken _6x
Invalid operation
Invalid operation
Invalid operation
f277:dir:0
d121:_r15z14ouxd32o8ct_1x--qv id740ken _6x
d121
d260/
d281/
f104
f128/
f2
f206/
f277/
f40/
f66
f67
f76/
n100/
n107
n15
n86/
d263:bin:4
Invalid operation
Invalid operation
d263:8B 99
d263:bin:4
/f48/d66/d256/d105/f88/f96/f66/n43/d256/d43/f72/n20/d247/d135/f202/d137/d113/d239/d263
d263:bin:4
d263:bin:0
d263:7
d263:bin:7
/f48/d66/d256/d105/f88/f96/f66/n43/d256/d43/f72/n20/d247/d135/f202/d137/d113/d239/d263
Invalid operation
Null
Null
f252:00
d143
d183/
d50/
f124/
f165
f19/
f202
/f48/d66/d256/d105/f88/f96/f66/n43/d256/d43/f72/n20/d247/d135/f202/d137/d113/d239/f202
d50:dir:0
f202:au_sh6iv_a1gn.
Invalid operation
Null
f202:au_sh6iv_a1gn.x
/f48/d66/d256/d105/f88/f96/f66/n43/d256/d43/f72/n20/d247/d135/f202/d137/d113/d239/f202
d143
d249/
d296/
d50/
d55/
f124/
f165
f19/
f2/
f202
f32/
f64
n84
f165:17
f252:7D 4F 9A F5 18 B4 AC 2D 7E
Invalid operation
f252:E6 BE 7F 2A DA 5C 7D 4F 9A
/f48/d66/d256/d105/f88/f96/f66/n43/d256/d43/f72/n20/d247/d135/f202/d137/d113/d239/f202
d1/
f202:au_sh6iv_a1gn.x
f252:E7 10 70
f202:au_sh6iv_a1gn.x
Invalid operation
d299:dir:0
Null
Invalid operation
f263:md:0
f263
f263:
f263
f253:17
f263:0
f253
f263
Invalid operation
d209
f253
f263
f263:2yaaw9l3tm-.2f
f252:E1 F1 2B 6D 20 6A C7 2D 1C 1E 00
Invalid operation
d209:0F 99 46 1A 30 44
f263:30
f253:17
f30:13
f147:7
d209:6
f263:2yaaw9l3tm-.2frkqyrrp_rmuhl5_b
f263:2yaaw9l3tm-.2frkqyrrp_rmuhl5_b
f263:md:30
f252:F1
Invalid operation
f252:EF 8B 48 EE 0E E1 F1 2B 6D 20 6A C7 2D 1C 1E 00
Invalid operation
Invalid operation
f252:20 6A C7 2D 1C 1E
Null
f252:C7
f183/
f183/
n0
f183:dir:0
Invalid operation
d11/
d45
f224
f249
f263:md:57
f263:2yaaw9l3tm-.2frkqyrrp_rmuhl5_b359b.5_jd9r3in-a2a1qdwqms9b
Invalid operation
f263:md:57
Invalid operation
Invalid operation
Null
f252:48 EE 0E E1 F1 2B 6D 20 6A C7 2D 1C 1E 00 00 74 00 00
/f48/d66/d256/d105/f88/f96/f66/n43/d256/d43/f72/n20/d247/d135/f202/d137/d113/d239/d249/d165/f249
d45
f224
f249
f249:3
n115:2
d45:0
f224:0
d45
f224
f249
n115
Invalid operation
Null
/f48/d66/d256/d105/f88/f96/f66/n43/d256/d43/f72/n20/d247/d135/f202/d137/d113/d239/d249/f263
f252:6A C7 2D 1C 1E 00 00 74
f263:104
f178:15
f30:13
Invalid operation
d143
d229
d249/
d296/
d50/
d55/
d56/
f11/
f124/
f19/
f2/
f202
f32/
f64
n84
Invalid operation
Invalid operation
Invalid operation
d143
d229
d249/
d296/
d50/
d55/
d56/
f11/
f124/
f19/
f2/
f202
f32/
f64
n84
Invalid operation
d143
d229
d249/
d296/
d50/
d55/
d56/
f11/
f124/
f19/
f2/
f202
f32/
f64
n84
d143
d229
d249/
d296/
d50/
d55/
d56/
f11/
f124/
f19/
f2/
f202
f32/
f64
n84
f202:15
d143:8
f64:3
n84:1
d229:0
f202:au_sh6iv_a1gn.x
f202:au_sh6iv_a1gn.x
f252:F5 CC 5E 59 2B 6D 20 6A C7 2D 1C 1E 00 00 74 00
d193:nn65dsxx9puemkv9
f252:00 74 00
Invalid operation
d50:dir:0
d229:AF BB BB 78
d143
d229
d249/
d296/
d50/
d55/
d56/
f11/
f124/
f19/
f2/
f202
f32/
f64
f99/
n58/
n84
f202:22
d143:8
d229:8
f64:3
n84:1
d229:78
d229:BB BB 78
Invalid operation
d229:F4 AF
d229:F4
Null
/f48/d66/d256/d105/f88/f96/f66/n43/d256/d43/f72/n20/d247/d135/f202/d137/d113/d239/f202
d50:dir:0
d229:AF 00
Invalid operation
d50:dir:0
d50:dir:0
Null
Invalid operation
Invalid operation
f283
Invalid operation
/f48/d66/d256/d105/f88/f96/f66/n43/d256/d43/f72/n20/d247/d135/f202/d137/d113/d239/f19/f283
/f48/d66/d256/d105/f88/f96/f66/n43/f283
Invalid operation
Invalid operation
/f48/d66/d256/d105/f88/f96/f66/n43/f164
/f48/d66/d256/d105/f88/f164
f202:22
d207:11
d143:8
d229:5
f64:3
n84:1
f66:0
d50:dir:0
/f48/d66/d256/d105/f88/f96/f66/n43/d256/d43/f72/n20/d247/d135/f202/d137/d113/d239/f202
/f48/d66/d256/d105/f88/f96/f66/n43/d256/d43/f72/n20/d247/d135/f202/d137/d113/d193
Invalid operation
d193
d239/
d42/
f16
f222/
f99
n28/
n57
n75
f99:17
d193:16
n75:14
n57:8
f16:0
d193:nn65dsxx9puemkv9
Invalid operation
n9:7E
f277:dir:0
f277:dir:0
d121:_r15z14ouxd32o8ct_1x--qv id740ken _6x
Null
d121
d260/
d281/
f104
f128/
f161
f168
f2
f206/
f227/
f261
f277/
f40/
f66
f67
f76/
n100/
n107
n15
n86/
d61/
f2:BD 1B CC EA 06 FE
d121:_r15z14ouxd32o8ct_1x--qv id740ken _6x
f2:BD 1B CC
f2:3D 44
d121:_r15z14ouxd32o8ct_1x--qv id740ken _6x
d193
d239/
d42/
f16
f210
f222/
f99
n57
n75
n9
d193:nn65dsxx9puemkv9lgxr862r.oxxybsa6
d193
d239/
d24
d42/
f16
f210
f222/
f99
n57
n75
n9
Invalid operation
f16:
f222:dir:0
Null
/f48/d66/d256/d105/f88/f96/f66/n43/d256/d43/f72/n20/d247/d135/f202/d137/d113/f16
f222:dir:0
/f48/d66/d256/d105/f88/f96/f66/n43/f43
f222:dir:0
d121
d260/
d281/
f104
f128/
f161
f168
f2
f206/
f227/
f238
f261
f277/
f40/
f66
f67
f76/
n100/
n107
n114
n15
n86/
Null
d73:17
d167:0
d73:17
d235:15
d167:0
d73:md:17
d73:md:17
d73:x.9b90y74fcdve9ed
/f48/d66/d256/d105/f88/f96/f66/n43/d256/d43/f72/n20/d247/d135/f202/d137/d113/f222/f128/d73
d73:27
d235:15
d73:x.9b90y74fcdve9edy0h8ydz4h0
/f48/d66/d256/d105/f88/f96/f66/n43/d256/d43/f72/n20/d247/d135/f202/d137/d113/f222/f128/d73
d73:27
d157:12
Invalid operation
d73:27
d157:12
f199:12
d73:x.9b90y74fcdve9edy0h8ydz4h0
f2:C5
n13:
f2:93 28 D1
d73:x.9b90y74fcdve9edy0h8ydz4h0hqe09ogxi6h.-i
n13:xx
n13:xx
d287:7
f32:3
n13:2
n13:xx
d73:md:44
Invalid operation
f32
n13
f2:54 1D 95 2F BD 75 00
f2:44 54 1D 95 2F
f32:3
n13:2
f2:3D 44 54 1D 95 2F
n13:md:2
d250/
d44
f32
n13
n13:xx
n13:xx
n13:xx
/f48/d66/d256/d105/f88/f96/f66/n43/d256/d43/f72/n20/d247/d135/f202/d137/d113/f222/f128/d242/n13
f2:21 95 B8 A9 C0 1C 93 28
Invalid operation
n13:md:2
n13:md:2
n13:md:2
n13:xx
d44:12
d113:7
d183:3
d44:12
d113:7
d183:3
f32:3
n13:2
n13:xx1tanpbu70byqn2
f2:78
Invalid operation
d104/
d113
d183
d250/
d44
d63/
d81/
d91
f182
f32
n111
n13
n6/
n13:xx1tanpbu70byqn2_u
Invalid operation
f182:B5
d104/
d113
d183
d250/
d44
d63/
d81/
d91
f182
f259
f32
n111
n13
n6/
d104/
d113
d183
d44
d63/
d81/
d91
f259
f32
n111
n13
n6/
f2:3D 00 2F 21 95 B8 A9 C0
/f48/d66/d256/d105/f88/f96/f66/n43/d256/d43/f72/n20/d247/d135/f202/d137/d113/f222/f128/d242/n13
f2:A9
f84/
f283:7
Invalid operation
f283:bin:7
f283
f93/
f2:29 3D
Invalid operation
Invalid operation
d107/
f283
f93/
Invalid operation
Invalid operation
d104/
d113
d183
d44
d63/
d81/
f259
f270/
f32
f50/
n111
n13
n6/
f2:27 A3 71 29 3D
f2:71 8A BE 27
d104/
d113
d155/
d183
d44
d63/
d81/
f259
f270/
f32
f50/
n111
n13
n6/
n13:md:18
n13:md:19
/f48/d66/d256/d105/f88/f96/f66/n43/d256/d43/f72/n20/d247/d135/f202/d137/d113/f222/f128/d242/n13
Invalid operation
d104/
d113
d155/
d183
d44
d61
d81/
f223/
f270/
f32
f50/
n111
n13
n64
Invalid operation
/f48/d66/d256/d105/f88/f96/f66/n43/d256/d43/f72/n20/d247/d135/f202/d137/d113/f222/f128/d242/f32
Invalid operation
n64:7E
n64:D6 15 7E
Invalid operation
n64:D6
Invalid operation
Invalid operation
Invalid operation
n64:D6 15
n64:15
Invalid operation
/f48/d66/d256/d105/f88/f96/f66/n43/d256/d43/f72/n20/d247/d135/f202/d137/d113/f222/f128/d242/d81/d201
/d201
f84:dir:0
Null
Invalid operation
f233
f233:txt:6
d190
f233
f233:txt:6
d190:59 45
d201:scem_nz9_y
d201:22
n13:19
d44:12
d61:12
n111:12
f32:11
d131
d157
d242/
d73
f199
f203/
/f48/d66/d256/d105/f88/f96/f66/n43/d256/d43/f72/n20/d247/d135/f202/d137/d113/f222/f128/d73
d73:44
Null
d73:x.9b90y74fcdve9edy0h8ydz4h0hqe09ogxi6h.-ig0_
Null
Invalid operation
d121
d260/
d281/
f104
f128/
f161
f168
f2
f206/
f227/
f238
f261
f277/
f40/
f66
f67
f76/
n100/
n107
n114
n15
n86/
/f48/d66/d256/d105/f88/f96/f66/n43/d256/d43/f72/n20/d247/d135/f202/d137/d113/f222/d121
d121:38
f2:24
n107:16
d121:_r15z14ouxd32o8ct_1x--qv id740ken _6xx
d121
d2
d260/
d281/
f104
f128/
f161
f168
f2
f206/
f227/
f238
f261
f277/
f40/
f66
f67
f76/
n100/
n107
n114
n15
n86/
Invalid operation
/f48/d66/d256/d105/f88/f96/f66/n43/d256/d43/f72/n20/d247/d135/f202/d237
d121:_r15z14ouxd32o8ct_1x--qv id740ken _6xx
f2:C7 35 71 8A BE 27 A3 71 29 3D 00 2F E5 BA E6 A9 C0 42 F9 9C
f2:40
d121:38
n107:16
f161:15
f261:15
f2:40
d121:38
n107:16
f161:15
/f48/d66/d256/d105/f88/f96/f66/n43/d256/d43/f72/n20/d247/d135/f202/d137/d113/f222/d121
f2:00 2F E5 BA E6 A9 C0 42 F9 9C 00 00 00 00 00 F3 06 2D ED EC 0A
/f48/d66/d256/d105/f88/f96/f66/n43/d256/d43/f72/n20/d247/d135/f202/d137/d113/f222/d121
d121
d188/
d2
d260/
d281/
f104
f128/
f161
f168
f206/
f227/
f238
f261
f271
f277/
f40/
f66
f67
f76/
n100/
n107
n114
n15
n83
n86/
Invalid operation
d121
d188/
d2
d260/
d281/
f104
f128/
f161
f168
f206/
f227/
f238
f261
f271
f277/
f40/
f66
f67
f76/
n100/
n107
n114
n15
n83
n86/
f277:dir:0
f67:B6 4D CB 59 B3 76
d121
d188/
d2
d260/
d281/
d75
f104
f128/
f161
f168
f206/
f227/
f238
f261
f271
f277/
f40/
f66
f67
f76/
n100/
n107
n15
n83
n86/
d121:_r15z14ouxd32o8ct_1x--qv id740ken _6xx_fhepigh7_nmco91bf.ko
/f48/d66/d256/d105/f88/f96/f66/n43/d256/d43/f72/n20/d247/d135/f202/d137/d113/f16
d239/
d24
d42/
f116/
f16
f210
f222/
f99
n57
n75
n9
d116
d173
d239/
d24
d42/
f116/
f16
f210
f222/
f99
n57
n75
n9
d113/
d135
d236
f142/
f252:20 6A 94 2D 1C 1E 00 00
Invalid operation
f128:8C 99 94
f128:19
f267:12
d116:4
n99:1
d116
f128
f202/
f267
f8/
n103/
n99
d116
f128
f202/
f267
f8/
n103/
n99
Null
d116
d231
d250
d49
f128
f202/
f267
f8/
n103/
n99
Invalid operation
f128:24 00 00 11
f128:25
f128:25
d49:14
f267:12
d116:4
d250:2
n99:1
Invalid operation
Invalid operation
Null
f128:25
f128:99 94 C1 F9 44 00 00 BD 45 24 00 00 11 00 E8 F3
Invalid operation
f128:7D EE
Invalid operation
/f48/d66/d256/d105/f88/f96/f66/n43/d256/d43/f72/n20/d247/d135/f128
f128:26
f270:16
d49:14
f267:12
Invalid operation
Invalid operation
Invalid operation
f128:29
d69:15
d49:14
f267:12
Null
Null
Invalid operation
/f48/d66/d256/d105/f88/f96/f66/n43/d256/d43/f72/n20/d247/d135/f128
d196/
d247
d250
d49
d69
f128
f202/
f267
f51/
f8/
n103/
n14
n99
Invalid operation
/f48/d66/d256/d105/f88/f96/f66/n43/d256/d43/f72/n20/d247/f167
/f48/d66/d256/d105/f88/f96/f66/n43/d256/d43/f72/n20/d247/f167
d135/
f167
n54
d135:dir:0
f167:
Invalid operation
n54:CF 07 BF
d135:dir:0
n54:BF AD
/f48/d66/d256/d105/f88/f96/f66/n43/d256/d43/f72/n20/d247/f167
Invalid operation
Invalid operation
Invalid operation
d111
d135/
d233
d38/
f167
n54
Invalid operation
Null
f238/
f238/
Invalid operation
d111:16
d218:9
f167:txz3mk
d198:31 22 FC E6 00 00
/f48/d66/d256/d105/f88/f96/f66/n43/d256/d43/f72/n20/f7
d198:CF 36 31 22 FC E6 00 00
/f48/d66/d256/d105/f88/f96/f66/n43/d256/d43/f72/n20/f7
d198:FC E6 00 00 00
f7:x9r2x_ql.wu63p-slmr87 o
f7:x9r2x_ql.wu63p-slmr87 o
f7:x9r2x_ql.wu63p-slmr87 of6_4oxshpgpk6vf
d198
d247/
f270/
f53/
f7
n26/
f7:x9r2x_ql.wu63p-slmr87 of6_4oxshpgpk6vf
Invalid operation
Null
d255
d66
f132
f149/
f264
n20/
d154/
d29/
d86/
f190
f233
f268
f72/
n69
n69:md:48
n69:48
f190:19
f233:15
d154/
d29/
d86/
f123
f184/
f190
f21
f233
f268
f72/
n69
f190:28 EC
Invalid operation
/f48/d66/d256/d105/f88/f96/f66/n43/d256/d43/n69
d154/
d29/
d86/
f123
f184/
f190
f21
f233
f268
f5
f72/
n69
f164:xxke i lga
f83:dir:0
d196/
d43/
f83/
n64
f164:txt:10
f296:46
d175
d196/
d43/
d57
f83/
n63/
Invalid operation
d175
d43/
f165
f83/
n63/
d175:23
d175
d43/
f165
f83/
n63/
Invalid operation
Invalid operation
f164:txt:10
f164:xxke i lga
f234:4
f234:txt:4
f234
f234:txt:19
f234:txt:19
/f48/d66/d256/d105/f88/f96/f66/n43/n26/f234
f164:xxke i lga
Invalid operation
Invalid operation
f164:txt:10
Invalid operation
f164:xxke i lga
f296:96 77
Null
d175
d199
d43/
d65
f165
f194/
f221/
f281/
f65
f83/
n63/
Invalid operation
Invalid operation
Invalid operation
d141
d175
d199
d43/
f165
f194/
f221/
f281/
f65
f83/
n63/
f83:dir:0
Invalid operation
Invalid operation
/f48/d66/d256/d105/f88/f96/f66/n43/d256/d175
Invalid operation
d43:dir:0
d65:15
f65:12
f165:5
d175:1
d141:0
d199:0
d141
d175
d199
d43/
d65
f165
f194/
f221/
f228/
f281/
f65
f83/
n63/
d65:15
Invalid operation
d111/
d141
d175
d199
d43/
d65
f165
f194/
f221/
f228/
f257
f281/
f65
f83/
n63/
d111/
d141
d161/
d175
d184
d199
d43/
d65
f165
f194/
f221/
f228/
f257
f281/
f65
f83/
n63/
d175:00
Invalid operation
d43:dir:0
Invalid operation
d111/
d141
d161/
d175
d199
d43/
d65
f165
f194/
f221/
f228/
f257
f281/
f65
f83/
n63/
d175:00
Invalid operation
Null
Invalid operation
Invalid operation
Invalid operation
Invalid operation
Invalid operation
/f48/d66/d256/d105/f88/f96/f66/n43/d256/f15/d262
d262:
d175:00
d262:
d175:00
d175:00
Invalid operation
d262:txt:0
d175:00
d262:
d262:
Null
Null
Null
/f48/d20
f263:8
f263:8
f263:txt:8
Invalid operation
f263:txt:8
Invalid operation
d203/
f263
f263:8
f263:txt:8
d262:0
d262:x
Null
n49:4
f263:0
Null
f134/
f156/
f263
n49
Invalid operation
f134/
f156/
f263
n49
Null
n49:71 32
Invalid operation
Invalid operation
Invalid operation
n49:BA D1
Invalid operation
/f48/d66/d256/d105/f88/f96/f66/n43/d256/d175
d111/
d141
d161/
d175
d199
d43/
d65
f129/
f15/
f165
f194/
f216
f221/
f228/
f23/
f257
f259
f281/
f65
f83/
n24/
n63/
Invalid operation
Invalid operation
f156:dir:0
n49:4
Invalid operation
f134/
f156/
n101
n49
n49:00 00 8E
f156:dir:0
n49:D1 00 00 8E 82 09
Null
Invalid operation
n49:BA D1 00 00 8E 82 32
Invalid operation
d236
f134/
f155
f156/
n101
f263:txt:8
f263:efq96m_-
f263:8
f95:3
f233:0
d203/
f158/
f263
f95
f263:8
f95:3
Invalid operation
/f48/d66/d256/d105/f88/f96/f66/n43/d256/f15/f156/f263
d203/
d206
f158/
f263
f286
f95
Invalid operation
f156:dir:0
Invalid operation
Invalid operation
Invalid operation
Invalid operation
d104
d236
d56/
f155
f156/
/f48/d66/d256/d105/f88/f96/f66/n43/d256/f15/d236
Invalid operation
Invalid operation
f263:efq96m_-66 m6dh5vzxsf7qans4
d104
d236
d56/
f155
f156/
f201/
Invalid operation
f155:
d104:5
d236:1
f155:0
f155:
d104
d236
f155
f156/
f155:
d104
d236
f155
f156/
/f48/d66/d256/d105/f88/f96/f66/n43/d256/f15/f155
Invalid operation
f155:10
d104:3
d236:1
Invalid operation
f156:dir:0
f156:dir:0
Invalid operation
Invalid operation
Invalid operation
Invalid operation
/f48/f62
d43:dir:0
d175:D0 22 00 00 00 00
Invalid operation
Invalid operation
Invalid operation
/f48/d66/d256/d105/f88/f96/f66/n43/f164
/f48/d66/d256/d105/f88/f164
Invalid operation
f89:17
f164:10
d36:8
f296:8
d267:7
f138:7
d271:6
f43:4
d256/
d267
d271
d36
f138
f164
f184
f296
f43
f89
f92
n26/
n48/
/f48/d66/d256/d105/f88/f96/f66/n43/f164
/f48/d66/d256/d105/f88/f164
/f48/d66/d256/d105/f88/f96/f66/n43/f164
/f48/d66/d256/d105/f88/f164
d256/
d267
d36
f138
f164
f184
f296
f43
f89
f92
n26/
n48/
d256/
d267
d292/
d36
f138
f164
f184
f296
f43
f89
f92
n26/
n48/
d256/
d267
d292/
d36
f138
f164
f184
f296
f43
f89
f92
n26/
n48/
Null
Invalid operation
f296:F2
Invalid operation
d256/
d267
d292/
d36
f138
f164
f184
f28
f296
f43
f89
f92
n26/
n48/
d106
d125/
d140/
d164/
d181
d27/
f293/
f294
f40
f7/
f76/
n1
n3
n43/
Invalid operation
d129
d256/
d267
d292/
d36
f138
f164
f184
f28
f296
f43
f89
f92
n26/
n48/
f89:17
f296:13
f164:10
d36:8
d267:7
f138:7
f43:4
d129:0
Invalid operation
f164:txt:10
f164:txt:10
d129
d256/
d267
d292/
d36
f138
f164
f184
f203/
f255
f265
f28
f296
f43
f89
f92
n26/
f89:17
f296:13
f164:10
d36:8
d267:7
f138:7
f265:6
Invalid operation
/f48/d66/d256/d105/f88/f96/f66/n43/f164
/f48/d66/d256/d105/f88/f164
f89:17
f164:16
f296:13
d36:8
d267:7
f138:7
f253:6
f89:17
f164:16
f296:13
d120
d129
d256/
d267
d292/
d36
f138
f164
f180/
f184
f203/
f253
f255
f265
f28
f296
f299
f43
f89
f92
n26/
f54:kpq .iyh
f54:kpq .iyhftv-64.-fttu9
d184/
f54
d184/
f54
f54
Invalid operation
f54:txt:21
f54
f54:txt:28
d236/
f54
n59
f54:28
d222:4
n59:1
Invalid operation
Invalid operation
d27:dir:0
Invalid operation
Invalid operation
n99:00 00 AA 5B
Invalid operation
d168/
d247/
d271
d66/
d94/
f16/
f267/
f52/
n99
Invalid operation
/f48/d66/d256/d105/f88/f96/f66/f7/n99
d66:dir:0
d168/
d236
d247/
d271
d66/
d94/
f16/
f267/
f52/
n99
Invalid operation
Invalid operation
d168/
d236
d247/
d271
d66/
d94/
f10
f16/
f267/
f52/
f93
n99
n99:AA
Invalid operation
Invalid operation
d168/
d236
d271
d66/
d85
d94/
f267/
f52/
f93
n32
n99
Invalid operation
n99:A6
Invalid operation
Invalid operation
Invalid operation
n99:AB 48 02 48 00 00 00 55 49 CA 8B 01 01 A6 54 B1 00
Invalid operation
d168/
d236
d66/
d85
d94/
f267/
f270/
f93
n32
n99
d168/
d236
d66/
d85
d94/
f267/
f270/
f52/
f93
n32
n99
Invalid operation
n99:1E
Invalid operation
d66:dir:0
Null
n99:00 55
d66:dir:0
n99:27
d236:15
Invalid operation
d88:00 00 14 5B E6 B5 27 85
Invalid operation
/f48/d66/d256/d105/f88/f96/f66/f7/d168/d88
f5
d88:00 28 34 BC 95 04 57 00 00 00 14
f5:nqgaax
d88:B5
d88:57 00 00 00 14 5B E6 B5
Invalid operation
Invalid operation
d88:B5
d167/
d292
d88
f185
n1/
n13
d88:92 D1 00 28 34 BC 95 04 57 00 00 00 14 5B E6
Invalid operation
d167/
d292
d88
f185
n1/
n13
n99:54 B1 00 2F 1E 53 10
d151/
d168/
d236
d66/
d85
d94/
f121
f239
f267/
f270/
f52/
f93
n32
n99
d66:dir:0
n99:27
d236:15
n32:9
f121:1
d151/
d168/
d236
d66/
d85
d94/
f121
f239
f267/
f270/
f52/
f93
n32
n99
n99:27
Invalid operation
f76:d4-7
Invalid operation
n66:16
f87:6
f294:e_owj8p3qbpw0tlgkkjv h.ljis3via8m 2fwf.9y9nt40gd4befr6_l_3zuyo3opqil5x wwyvncij5h85co_w44qkd-.isfc8o-ykj.7k- 5o749x
f40:15 51 7E 5D B8 B6
Invalid operation
Invalid operation
d68: rd2xk912i1h__53b
f40:AB FD 3C 07 00 BA DA
d68
/f48/d66/d256/d105/f88/f96/f66/d164/d120/d68
Invalid operation
Invalid operation
f294:e_owj8p3qbpw0tlgkkjv h.ljis3via8m 2fwf.9y9nt40gd4befr6_l_3zuyo3opqil5x wwyvncij5h85co_w44qkd-.isfc8o-ykj.7k- 5o749xe 9m 2ezk
d236:14
Invalid operation
Invalid operation
d136:C5 0E
Invalid operation
Invalid operation
d136:34
Invalid operation
Invalid operation
f40:06 42 1F F3 A4 30 93
Invalid operation
d207
n117
f33:dir:0
Null
Invalid operation
Invalid operation
d236:zddhc6p7ha9du3f
Invalid operation
d236:zddhc6p7ha9du3fc7j of62zrhky_m 0
Invalid operation
Invalid operation
/f48/d66/d256/d105/f88/f96/f66/d164/d120/d236
f33:dir:0
f192:CB
d236:35
f192:14
f51:7
Invalid operation
f33:dir:0
f33:dir:0
Invalid operation
d236:zddhc6p7ha9du3fc7j of62zrhky_m 05hx3t0.-b1e43-qvfrjziw3ai
f75:8C
d236:zddhc6p7ha9du3fc7j of62zrhky_m 05hx3t0.-b1e43-qvfrjziw3aigus0v49d
d236:zddhc6p7ha9du3fc7j of62zrhky_m 05hx3t0.-b1e43-qvfrjziw3aigus0v49d
d236:65
f75:11
d200/
d236
d27/
f100/
f153/
f33/
f75
Null
f33:dir:0
d236:zddhc6p7ha9du3fc7j of62zrhky_m 05hx3t0.-b1e43-qvfrjziw3aigus0v49d
Null
f238/
f238:dir:0
f238/
Null
f75:57 F7 96 92
d236:zddhc6p7ha9du3fc7j of62zrhky_m 05hx3t0.-b1e43-qvfrjziw3aigus0v49dx
Invalid operation
Invalid operation
d108/
d44/
f238/
d108/
d44/
f238/
d236:zddhc6p7ha9du3fc7j of62zrhky_m 05hx3t0.-b1e43-qvfrjziw3aigus0v49dxx
Invalid operation
Invalid operation
f151:2gb_3gmpls539nfb10pvxxrdun7u6a__3lz
f151:39
Null
Null
d106/
d296/
d86
f151
Invalid operation
Invalid operation
Invalid operation
d106/
f151
f168
n53
d106:dir:0
d106/
d236:zddhc6p7ha9du3fc7j of62zrhky_m 05hx3t0.-b1e43-qvfrjziw3aigus0v49dxx
d106/
d82
Invalid operation
f75:04 02 DB FC E3 AF 80
Invalid operation
d106/
d82
f230/
f37/
n64/
d106:dir:0
f75:F7 58
f75:02 DB FC
d106:dir:0
Invalid operation
/f48/d66/d256/d105/f88/f96/f66/d164/d120/f100/d108/d82
Null
Invalid operation
d82:29
d114:10
d140:6
d114:2A 0F FF 63 BE AC BE
d82:xklpn7tgb6.xx.hgxwh hhjqsi4 r kpea293
f93:dir:0
Invalid operation
d19
d204/
d67
f93/
Invalid operation
n107:dir:0
d19:84
Invalid operation
d106/
d114
d140
d187
d82
f222/
f230/
f37/
n26/
n64/
n94
f75:00
Invalid operation
d108/
d44/
d108:dir:0
f75:EB F6 FB 00 00 E8 F7
f294:e_owj8p3qbpw0tlgkkjv h.ljis3via8m 2fwf.9y9nt40gd4befr6_l_3zuyo3opqil5x wwyvncij5h85co_w44qkd-.isfc8o-ykj.7k- 5o749xe 9m 2ezk
Invalid operation
f40:BF 43
/f48/d66/d192
f40:74 24 A4 30 93
Invalid operation
d197:EE
d130
d197
d218/
d244
d39
f146
f159
f164
f199
f257/
f45/
f6
f91
f96/
n101/
n108/
n74
/f48/d66/d256/d105/f88/f96/f129
d248
d280
d285
f129
f245
f281
f66/
d106
d113/
d125/
d140/
d164/
d181
d213/
d27/
d61/
f15/
f165
f293/
f294
f40
f62/
f7/
f76/
n3
n43/
f164:xxke i lga4-ul.t8._v 
f296:EE 39 46 00
f164:21
f296:D1 F8 EE 39
f296:96 D1 F8
f164:xxke i lga4-ul.t8._v 
f164:txt:21
f296:00
f164:txt:21
f164:txt:21
Invalid operation
d106
d113/
d125/
d140/
d164/
d181
d213/
d27/
d61/
f15/
f165
f293/
f294
f40
f62/
f7/
f76/
n3
n43/
d106
d113/
d125/
d140/
d164/
d181
d213/
d27/
d61/
f15/
f165
f293/
f294
f40
f62/
f7/
f76/
n3
n43/
f96:ssm6._iv5ha
f96
Invalid operation
f146/
f146/
f146/
f40:50 03 AE
f146/
f146:dir:0
f96:ssm6._iv5hacee4ub-sp0w7
f139/
f176
f218/
f96
n4
n95
Invalid operation
d285:17
n116:5
d120/
d158/
d192/
d285
f84/
n116
Invalid operation
n116:0A
/f48/d66/d256/d105/f88/f96/f66/d164/n116
Invalid operation
Invalid operation
Invalid operation
d120/
d192/
d220
d269
d285
f253
f84/
n116
n61
Invalid operation
Invalid operation
Invalid operation
n116:78 0A 29 05 93 60 E1 C3 7B
n116:C3 7B 62
f96:txt:23
f96:txt:23
f73
Invalid operation
f73:txt:9
f73
f73:0jl1w-_n4
Invalid operation
n4:00
f73
/f48/d66/d256/d105/f88/f96/f66/d164/f84/f218/f73
/f48/d66/d256/d105/f88/f96/f66/d164/f84/f218/f73
n4:0A
f73:0jl1w-_n4g4da4bxk7mmztsvyrq6w176.ctd
Invalid operation
d229/
d280/
f295/
f73
n30
d280/
f295/
f73
n30
f73:0jl1w-_n4g4da4bxk7mmztsvyrq6w176.ctd
Invalid operation
f73:0jl1w-_n4g4da4bxk7mmztsvyrq6w176.ctd s1.pkwvh5cq8
/f48/d66/d256/d105/f88/f96/f66/d164/f84/f218/f73
f73:0jl1w-_n4g4da4bxk7mmztsvyrq6w176.ctd s1.pkwvh5cq8x
Invalid operation
f73:0jl1w-_n4g4da4bxk7mmztsvyrq6w176.ctd s1.pkwvh5cq8x7sj.-qkl-
Null
Null
f204:dir:0
/f48/d66/d256/d105/f88/f96/f66/d164/f84/f218/f73
f204:dir:0
f73:0jl1w-_n4g4da4bxk7mmztsvyrq6w176.ctd s1.pkwvh5cq8x7sj.-qkl-x
f73:0jl1w-_n4g4da4bxk7mmztsvyrq6w176.ctd s1.pkwvh5cq8x7sj.-qkl-x
Null
Invalid operation
Invalid operation
/f48/d66/d256/d105/f88/f96/f66/d164/f84/f218/f73
d192
f295/
f73
n30
n40
d192
f295/
f73
n30
n40
d192
d284
f295/
f73
n30
/f48/d66/d256/d105/f88/f96/f66/d164/f84/f218/f73
d192
d284
f295/
f73
n30
Null
f73:0jl1w-_n4g4da4bxk7mmztsvyrq6w176.ctd s1.pkwvh5cq8x7sj.-qkl-xu4empprsrx.kjnx
f73:txt:75
d192
d284
d73
f10
f73
n30
f73:75
d192:17
n30:14
f10:2
Invalid operation
d192
d284
d73
f73
n30
n4:0E 25 8C 90 70
d192
d255/
d284
d73
f73
n30
n4:0E 25 8C
f73:0jl1w-_n4g4da4bxk7mmztsvyrq6w176.ctd s1.pkwvh5cq8x7sj.-qkl-xu4empprsrx.kjnx
f73:0jl1w-_n4g4da4bxk7mmztsvyrq6w176.ctd s1.pkwvh5cq8x7sj.-qkl-xu4empprsrx.kjnx
/f48/d66/d256/d105/f88/f96/f66/d164/f84/f96
Invalid operation
d111
d120/
d192/
d220
d269
d285
d80
f253
f84/
n116
n61
Invalid operation
Null
Invalid operation
f75:80 EB
Invalid operation
Invalid operation
Invalid operation
/f48/d66/d256/d105/f88/f96/f66/d164/d120/f153/d288/n70
d288/
Invalid operation
Invalid operation
Invalid operation
d288/
d83/
d212
d288/
d83/
Invalid operation
d212:13
d28:2
Invalid operation
Invalid operation
Invalid operation
Invalid operation
f198:53vbr_t993dhi
f198:13
f245:10
d28
f130/
f138
f198
Invalid operation
d28:B6 E0 E0 3D F3 00
/f48/d66/d256/d105/f88/f96/f66/d164/d120/f153/d212
Invalid operation
d27/
d212:AA 89
Invalid operation
Invalid operation
Invalid operation
Invalid operation
d91
d91:txt:12
/f48/d66/d256/d105/f88/f96/f66/d164/d120/f153/f89/f209
/f209
f209
/f48/d66/d256/d105/f88/f96/f66/d164/d120/f153/f89/f209
/f209
Invalid operation
Invalid operation
Invalid operation
n17:0
f198:21
f269:17
d28:6
f198:md:21
/f48/d66/d256/d105/f88/f96/f66/d164/d120/f153/n84/f198
d28
d95
f138
f198
f244/
f269
f198:53vbr_t993dhi51hkk2mx
Invalid operation
d28
d95
f138
f198
f244/
f269
/f48/d66/d256/d105/f88/d197
f198:53vbr_t993dhi51hkk2mxx
Invalid operation
Invalid operation
Invalid operation
d28
d95
f198
f244/
f269
Invalid operation
Invalid operation
f198:53vbr_t993dhi51hkk2mxx
/f48/d66/d256/d105/f88/f96/f66/d164/d120/f153/n84/f198
Invalid operation
Invalid operation
d28
d95
f192
f198
f244/
f269
f94/
d28:3C 54 79
d28
d95
f192
f198
f244/
f269
f94/
d28
d95
f192
f198
f244/
f269
f94/
Invalid operation
/f48/d66/d256/d105/f88/f96/f66/d164/d120/f153/n84/f198
f198:34
f269:17
d28:11
f192:8
d95:0
d28:E1 BD B6 F7 91 5F
Invalid operation
f198:35
f269:17
d28:11
f192:8
d207:5
d95:0
f198:md:35
d207
d239/
d28
d95
f189/
f192
f198
f244/
f269
f94/
d28:74
f198:md:49
/f48/d66/d256/d105/f88/f96/f66/d164/d120/f153/n84/f198
d28:F7 91 5F
Invalid operation
Invalid operation
f198:md:66
d28:91 5F DF 3C
d207
d239/
d276
d28
d36
d95
f108/
f189/
f192
f198
f244/
f269
f94/
Invalid operation
d28:24 44 8D CF EE
Invalid operation
f198:md:66
Invalid operation
f198:66
f269:17
d28:10
f192:8
d276:6
d207:5
d36:3
d95:0
d150/
d207
d239/
d276
d28
d36
d95
f108/
f189/
f192
f198
f244/
f269
f94/
d150/
d207
d239/
d276
d28
d36
d95
f108/
f189/
f192
f198
f244/
f269
f94/
Invalid operation
d150/
d207
d239/
d276
d28
d36
d7
d95
f108/
f119
f189/
f192
f198
f244/
f269
f94/
Invalid operation
d28:BD B6 F7 91 5F
f198:66
f198:66
f269:17
d28:E1 BD B6
Invalid operation
d28:00
Invalid operation
Invalid operation
Invalid operation
d28:5F DF 3C
d28:74 51 00
/f48/d66/d256/d105/f88/f96/f66/d164/d120/f153/n84/d28
d28:bin:11
f198:66
f269:17
n116:15
Invalid operation
Invalid operation
Invalid operation
Null
Invalid operation
d28:bin:11
f198:66
Invalid operation
Invalid operation
d28:5F DF 3C 74 51
d28:00
Invalid operation
d113
d150/
d163
d207
d276
d28
d290/
d36
d56
d7
f108/
f189/
f192
f198
f244/
f25/
f266/
f269
f278/
f94/
f98/
d113
d150/
d163
d207
d276
d28
d286
d290/
d36
d56
d7
f108/
f189/
f192
f198
f244/
f25/
f266/
f269
f278/
f94/
f98/
d113
d150/
d163
d207
d276
d28
d286
d290/
d36
d56
d7
f108/
f189/
f192
f198
f244/
f25/
f266/
f269
f278/
f94/
f98/
f198:66
f269:17
d56:15
Null
d113
d150/
d163
d207
d276
d28
d286
d290/
d36
d56
d7
f108/
f189/
f192
f198
f244/
f25/
f266/
f269
f278/
f94/
f98/
d28:DF 3C 74 51
d113
d150/
d163
d207
d276
d28
d286
d290/
d36
d56
d7
f108/
f189/
f192
f198
f244/
f25/
f266/
f269
f94/
f98/
/f48/d66/d256/d105/f88/f96/f66/d164/d120/f153/n84/d28
Invalid operation
Invalid operation
Invalid operation
d281:0
Invalid operation
Invalid operation
n84/
Invalid operation
/f48/d66/d256/d105/f88/f96/f66/d164/d120/f153/n84/d150/d116/f223
d281:BA
Invalid operation
Invalid operation
Invalid operation
Invalid operation
d252:00 00
Invalid operation
Invalid operation
Invalid operation
Invalid operation
d252:13
d15:8
f266:0
n84:dir:0
n84:dir:0
d118/
d15
d172/
d252
f266
n84/
n89/
d118/
d15
d172/
d252
f266
n84/
n89/
Invalid operation
d118/
d15
d172/
d252
f266
n84/
n89/
d118/
d15
d172/
d252
f266
n84/
n89/
/f48/d66/d256/d105/f88/f96/f66/d164/d120/f153/n84/d150/d116/d252
d281:00 05 BA
Invalid operation
/f48/d66/d256/d105/f88/f96/f66/d164/d120/f153/n84/d150/d116/d15
d15:auy5.k03
d118/
d15
f266
Invalid operation
d15:auy5.k03
d15:auy5.k03
Invalid operation
Invalid operation
d281:05 BA
d281:05
d116/
d260/
d281
f181
Invalid operation
Invalid operation
Invalid operation
d28:bin:17
f198:66
d28:17
f269:17
Invalid operation
Invalid operation
d113
d150/
d163
d207
d276
d28
d286
d290/
d36
d56
d7
f108/
f189/
f192
f198
f244/
f25/
f266/
f269
f94/
f98/
n59
d113
d150/
d163
d207
d276
d28
d286
d290/
d36
d56
d7
f108/
f189/
f192
f198
f244/
f25/
f266/
f269
f94/
f98/
n59
d28:59 B5 7C 8E A3 32
Null
d113
d150/
d163
d207
d276
d28
d286
d290/
d36
d56
d7
f108/
f189/
f192
f198
f244/
f25/
f266/
f269
f94/
f98/
n59
n98
/d201
d28:8E A3
Invalid operation
d28:B6 F7 91
d113
d150/
d163
d207
d276
d28
d286
d290/
d36
d56
d7
f108/
f189/
f192
f244/
f25/
f266/
f269
f94/
f98/
n59
n98
d113
d150/
d163
d207
d276
d28
d286
d290/
d36
d56
d7
f108/
f189/
f192
f244/
f25/
f266/
f269
f94/
f98/
n59
n98
d113
d150/
d163
d207
d276
d28
d286
d290/
d36
d56
d7
f108/
f189/
f192
f244/
f25/
f266/
f269
f94/
f98/
n59
n98
Invalid operation
f198:66
d28:18
f269:17
Invalid operation
Invalid operation
Invalid operation
Invalid operation
Null
/f48/d66/d256/d105/f88/f96/f66/d164/d120/f153/n84/d28
Invalid operation
/f48/d66/d256/d105/f88/f96/f66/d164/d120/f153/n84/d28
Invalid operation
d28:5B F8 99
Invalid operation
f198:66
d28:23
f269:17
n59:16
d56:15
d113:11
d286:10
Invalid operation
d28:bin:23
Invalid operation
Invalid operation
/f48/d66/d256/d105/f88/f96/f66/d164/d120/f153/n84/d28
Invalid operation
Invalid operation
Invalid operation
d116/
d212
d288/
f1
f236/
f256
f289
f29
f89/
n84/
/f48/d66/d256/d105/f88/f96/f66/d164/d120/f153/d212
d212:DC
d116/
d212
d246
d288/
f236/
f256
f289
f29
f297
f89/
f92/
n84/
Null
/f48/d66/d256/d105/f88/f96/f66/d164/d120/f153/d212
Null
Null
Invalid operation
d116/
d212
d246
d288/
f236/
f256
f289
f29
f89/
f92/
n84/
Invalid operation
Invalid operation
Invalid operation
d212:83 30 90 81 62 7D 3B 89 A2 DC DC FF A7
d212:23
f29:15
d246:11
f289:8
n53:8
f256:1
/f48/d66/d256/d105/f88/f96/f66/d164/d120/f153/d212
Invalid operation
d288:dir:0
d288:dir:0
Invalid operation
/f48/d66/d256/d105/f88/f96/f66/d164/d120/f153/d212
d288:dir:0
/f48/d66/d256/d105/f88/f96/f66/d164/d120/f153/d212
/f48/f235
Invalid operation
/f48/d66/d256/d105/f88/f96/f66/d164/d120/f153/d212
d116/
d152/
d212
d246
d288/
f236/
f256
f289
f29
f89/
f92/
n53
n84/
Invalid operation
/f48/d66/d256/d105/f88/f96/f66/d164/d120/f153/d212
Invalid operation
d236:zddhc6p7ha9du3fc7j of62zrhky_m 05hx3t0.-b1e43-qvfrjziw3aigus0v49dxx
Invalid operation
d116/
d152/
d184
d212
d246
d288/
f236/
f283/
f289
f29
f299
f89/
f92/
n53
n84/
Invalid operation
Invalid operation
Invalid operation
d116/
d152/
d184
d212
d246
d288/
f236/
f283/
f289
f29
f299
f89/
n53
n84/
d288:dir:0
Invalid operation
/f48/d66/d256/d105/f88/f96/f66/d164/d120/f153/d212
d150:4
d224:0
f106:0
d150
d224
f106
n98/
d150
d224
f106
n98/
d116/
d152/
d184
d212
d246
d288/
f236/
f266
f283/
f289
f29
f299
f89/
n115/
n53
n84/
f11
f24
f11
f24
f205:dir:0
f205:dir:0
Invalid operation
Invalid operation
Invalid operation
Invalid operation
Invalid operation
Invalid operation
Invalid operation
d212:25
Invalid operation
f33:dir:0
d236:zddhc6p7ha9du3fc7j of62zrhky_m 05hx3t0.-b1e43-qvfrjziw3aigus0v49dxx
f75:65
d185
d200/
d236
d27/
f100/
f153/
f33/
f75
f33:dir:0
Invalid operation
d212:B0 DE AA 89 58 68 04 36
d212:36
d212:32
f299:16
f29:15
Invalid operation
Invalid operation
d116/
d152/
d157/
d175
d184
d212
d246
d288/
f125
f192/
f266
f283/
f289
f29
f299
f31/
f89/
n115/
n53
n84/
Invalid operation
Invalid operation
d212:62 7D 3B 38 0F B9 5A F9 9C 8B 1D 0B 81 DE AA 89 58 68 04 36 50 22 02 28 F3 F0
Invalid operation
Invalid operation
d116/
d152/
d157/
d175
d184
d212
d230
d246
d259
d288/
f125
f174
f192/
f209
f266
f283/
f289
f29
f299
f31/
f89/
f9
n115/
n53
n57
n84/
Invalid operation
Invalid operation
d212:32
f299:16
d184:14
d212:F3
/f48/d66/d256/d105/f88/f96/f66/d164/d120/f153/d212
Invalid operation
Invalid operation
/f48/d66/d256/d105/f88/f96/f66/d164/d120/f153/d212
d212:33
f299:16
d184:14
d212:9C F1 FA AF CA 98 1E 7D 3B 38 0F B9 63 99 CC
d116/
d142
d152/
d175
d184
d212
d230
d246
d251
d259
d288/
f125
f174
f192/
f209
f266
f283/
f289
f299
f31/
f89/
f9
n0/
n115/
n53
n57
n84/
Invalid operation
Invalid operation
Invalid operation
Invalid operation
d212:B9 63 99 CC 00 3A 0B 81 DE AA 89 58 68 04 36 50 22 02
Invalid operation
Invalid operation
Invalid operation
d288:dir:0
d288:dir:0
Invalid operation
d236:zddhc6p7ha9du3fc7j of62zrhky_m 05hx3t0.-b1e43-qvfrjziw3aigus0v49dxx
Invalid operation
f12/
Invalid operation
Invalid operation
Invalid operation
f75:00
d108:dir:0
d108/
Invalid operation
d108/
f101
n115/
Invalid operation
d108:dir:0
d108:dir:0
f101:117jmn0zvxr
f101:117jmn0zvxr
f101:117jmn0zvxr
d108:dir:0
Invalid operation
d108/
n115/
f75:A8
Invalid operation
f101:117jmn0zvxre09
d108:dir:0
f101:14
n73:4
f101:14
n73:6
/f48/d66/d256/d105/f88/f96/f66/d164/d120/f100/f101
/f101
d104
d108/
d80/
f101
f118
f166/
n115/
n56
n73
f101:117jmn0zvxre096x
/f48/d66/d256/d105/f88/f96/f66/d164/d120/f100/f101
/f101
d106:dir:0
d106/
d114
d140
d187
d265
d82
f222/
f230/
f37/
n26/
n64/
n78
n94
/f48/d66/d256/d105/f88/f96/f66/d164/d120/f100/f101
/f101
Invalid operation
d108:dir:0
Null
d108:dir:0
d108:dir:0
f101:117jmn0zvxre096x
Invalid operation
d15:r1m3..5f.rm4wp3qz
d15
n73:31 D8
n73:57
d15:17
f101:117jmn0zvxre096xze px32kg9_t2lce
Invalid operation
d15:17
Invalid operation
d106/
d114
d140
d173/
d187
d265
d82
f210/
f222/
f230/
f37/
n26/
n64/
n78
n94
d127/
d19
d204/
d272/
d60
d67
f93/
n71/
d19:35 84 F3 44
d114:00 00 2A 0F FF 63 6F EE F2 CD 9B 7A 00 B8
Invalid operation
f93:dir:0
d19:9A 35 84 91 D3 6F 00
Invalid operation
Invalid operation
/f48/d66/d256/d105/f88/f96/f66/d164/d120/f100/d108/d140
d19:59 DC A5 E6 84 91 D3
Invalid operation
/f48/d66/d256/d105/f88/f96/f66/d164/d120/f100/d108/f222/d19
f230:dir:0
Invalid operation
Invalid operation
d19:59 DC A5 E6 84 91 D3 6F 00 00 00
d127/
d19
d204/
d34
d40/
d60
d67
f238
f33
f93/
n24
n4/
n60/
n71/
Invalid operation
Invalid operation
Invalid operation
d19:00 59 DC A5 E6 84 B5 20 05 D1 00 00 E1 EE 09 3C 01 1C
d19:05 D1 00 00 E1 EE 09
/f48/d66/d256/d105/f88/f96/f66/d164/d120/f100/d108/f222/d19
d19:84 B5 20 05
d96:bin:7
Null
d96:bin:6
/f48/d66/d256/d105/f88/f96/f66/d164/d120/f100/d108/f222/n107/d96
/f48/d96
d196/
d96
f163
Invalid operation
f163:9
d96:6
Invalid operation
Invalid operation
Invalid operation
d96:bin:6
d196/
d213/
d96
f163
f34/
n7
d96:9A 5D
Invalid operation
Invalid operation
Invalid operation
Invalid operation
d275:12
f163:9
d96:6
n7:2
f127:0
Invalid operation
Invalid operation
Invalid operation
Null
d96:bin:6
Invalid operation
Invalid operation
d213/
d275
d96
f127
f163
f228/
f243/
f34/
n106/
n7
n83/
Invalid operation
d213/
d275
d96
f127
f163
f228/
f243/
f34/
n106/
n7
n83/
d96:bin:6
d213/
d275
d96
f127
f163
f228/
f243/
f34/
n106/
n7
n83/
d96:bin:6
d213/
d275
d96
f127
f163
f228/
f243/
f34/
n7
n83/
d96:00 00
Invalid operation
d16/
d182
d204
d213/
d92/
d96
f127
f163
f228/
f231
f243/
f34/
n7
n83/
Invalid operation
d182
d204
d92/
d96
f127
f163
f228/
f231
f243/
f34/
n7
n83/
d96:2B
Invalid operation
Invalid operation
d96:F5 C3 9A 5D 12 00 00 2B 6B 00
Invalid operation
Invalid operation
f93:dir:0
d127/
d152
d162/
d19
d204/
d256
d34
d60
d67
f238
f33
f76/
f93/
n107/
n21
n24
n4/
n60/
n71/
Invalid operation
d19:00 00 00
d19:EE E3
d243
f101
f259
/f48/d66/d256/d105/f88/f96/f66/d164/d120/f100/d108/f222/d162/f101
/f48/d66/d256/d105/f88/f96/f66/d164/d120/f100/f101
/f101
f101:
d127/
d152
d162/
d19
d204/
d256
d34
d60
d67
f148
f238
f33
f76/
f93/
n107/
n21
n24
n4/
n60/
n71/
f93:dir:0
d19:E6 84 B5 20 05 D1 00
Null
d19:D1 00 00 00
d148:8
Null
Invalid operation
Invalid operation
f227:dir:0
d19:00 59 DC A5 E6 84
d148:xqh7d8l2ue
/f48/d66/d256/d105/f88/f96/f66/d164/d120/f100/d108/f222/n4/d148
f227:dir:0
Invalid operation
f295/
Invalid operation
Null
n24:x
Invalid operation
n24:x
Invalid operation
Invalid operation
n24:x
/f48/d66/d256/d105/f88/f96/f66/d164/d120/f100/d108/f222/n4/f218/n24
/f48/d66/d256/d105/f88/f96/f66/d164/d120/f100/d108/f222/n24
d149/
f107
f115
f240
f295/
n24
d19:59 DC A5
f295:dir:0
d149/
d248
f107
f115
f240
f295/
n24
d19:59 DC A5 E6 BA
d149/
d248
d69/
f107
f115
f240
f295/
n24
d19:E6 BA 3E 69 EC CA
d148
d228
f218/
f227/
n3/
Invalid operation
d228:12
d148:10
d148:xqh7d8l2ue
d148:xqh7d8l2ue
d148:txt:10
d19:00
Null
Invalid operation
d148
d228
f17/
f218/
f227/
Invalid operation
d148
d228
f17/
f218/
f227/
d148:txt:10
d19:69 EC CA 00 00
Invalid operation
/f48/d66/d256/d105/f88/f96/f66/d164/d120/f100/d108/f222/n4/d148
d148:xqh7d8l2uet t3g.w6m9m5lhi
d19:00
d19:59 DC A5 E6 BA 3E 69 EC
f191
Invalid operation
d19:00 00
d148:txt:33
d19:00 00
Invalid operation
d17:E5
Invalid operation
d17
f191
f221/
/f48/d66/d256/d105/f88/f96/f66/d164/d120/f100/d108/f222/n4/f17/f191
/f48/d66/d256/d105/f88/f96/f66/d164/d120/f100/d108/f222/n4/f17/f191
Invalid operation
Null
d17:bin:16
d17
f290
d148
d228
f17/
f218/
f227/
d148:xqh7d8l2uet t3g.w6m9m5lhisy0klxqmfci..r goveio
Invalid operation
Invalid operation
Null
f287
f31
f31:md:7
/f48/d66/d256/d105/f88/f96/f66/d164/d120/f100/d108/f222/n4/f194/f31
/f48/d66/d256/d105/f88/f96/f66/d164/d120/f100/d108/f222/n4/f194/f31
f287
f31
Invalid operation
f31
d19:00 00 8A 6A BE 81 A3
d148
d228
d52
f17/
f194/
f218/
f227/
n15
Invalid operation
Invalid operation
Invalid operation
Null
d19:BA B3 69 EC CA 00
d19:AF 68 8A
f131
f131:txt:1
/f48/d66/d256/d105/f88/f96/f66/d164/d120/f100/d108/f222/n4/f227/f131
/f48/d66/d256/d105/f88/f96/f66/d164/d120/f100/d108/f222/n4/f227/f131
Invalid operation
d148:xqh7d8l2uet t3g.w6m9m5lhisy0klxqmfci..r goveiokq1hsins4lay46yox8yp
d148:txt:66
Invalid operation
d148:xqh7d8l2uet t3g.w6m9m5lhisy0klxqmfci..r goveiokq1hsins4lay46yox8yp
/f48/d66/d256/d105/f88/f96/f66/d164/d120/f100/d108/f222/n4/d148
d148:82
d228:12
d52:11
Null
d148:xqh7d8l2uet t3g.w6m9m5lhisy0klxqmfci..r goveiokq1hsins4lay46yox8yp8sfe.yzfhbf4_k2f
d148:xqh7d8l2uet t3g.w6m9m5lhisy0klxqmfci..r goveiokq1hsins4lay46yox8yp8sfe.yzfhbf4_k2f
d148:txt:82
f265:00
d0
d148
d197
d217
d228
d32
d52
f17/
f194/
f218/
f227/
f265
f274/
n15
n51
Invalid operation
Invalid operation
/f48/d66/d256/d105/f88/f96/f66/d164/d120/f100/d108/f222/n4/f218/n24
/f48/d66/d256/d105/f88/f96/f66/d164/d120/f100/d108/f222/n24
d149/
d18
f107
f240
f295/
f298
n24
/f48/d66/d256/d105/f88/f96/f66/d164/d120/f100/d108/f222/n4/f218/d149/d166
d166
/f48/d66/d256/d105/f88/f96/f66/d164/d120/f100/d108/f222/n4/f218/n24
/f48/d66/d256/d105/f88/f96/f66/d164/d120/f100/d108/f222/n24
/f48/d66/d256/d105/f88/f96/f66/d164/d120/f100/d108/f222/n4/f218/n24
/f48/d66/d256/d105/f88/f96/f66/d164/d120/f100/d108/f222/n24
n24:xxpuscq-x1-ozeb8sx_x0r54cwvbf_xg
/f48/d66/d256/d105/f88/f96/f66/d164/d120/f100/d108/f222/n4/f218/n24
/f48/d66/d256/d105/f88/f96/f66/d164/d120/f100/d108/f222/n24
n24:xxpuscq-x1-ozeb8sx_x0r54cwvbf_xg
n9:dir:0
d146
d166
f2/
Null
d166:geu33aars1.zkxqd8x
d166:geu33aars1.zkxqd8x
d18:00 00 00 00
d166:geu33aars1.zkxqd8xx
/f48/d66/d256/d105/f88/f96/f66/d164/d120/f100/n73
d166:geu33aars1.zkxqd8xxx
Invalid operation
/f48/d66/d256/d105/f88/f96/f66/d164/d120/f100/d108/f222/n4/f218/d149/f255/f126
f126:diu
f126:diu
/f48/d66/d256/d105/f88/f96/f66/f40
/f40
f105
f126
f288
f288:17
f105:8
f126:diu
d18:00 00 00 00 00
d166
f2/
f255/
d166:geu33aars1.zkxqd8xxx
/f48/d66/d256/d105/f88/f96/f66/d164/d120/f100/d108/f222/n4/f218/d149/d166
Invalid operation
Null
Invalid operation
d148:txt:82
Invalid operation
d148:82
d228:12
d52:11
d0:9
d217:9
Invalid operation
Invalid operation
Invalid operation
d19:20
f148:15
f238:9
Invalid operation
/f48/d66/d256/d105/f88/f96/f66/d164/d120/f100/d108/f222/d19
d148:82
n97:17
d228:12
f265:00
d148:82
n97:17
d228:12
d148:txt:82
f265:00
d127/
d152
d162/
d19
d204/
d256
d34
d60
d67
f148
f238
f243
f33
f76/
f93/
n107/
n21
n24
n4/
n60/
n71/
Invalid operation
Invalid operation
Invalid operation
Invalid operation
d19:8A 1F 8F 00 00
Invalid operation
d19:69 EC CA 00 00 DE AF 68 8A 1F 8F
d19:00
Invalid operation
f93:dir:0
d127/
d152
d162/
d166
d19
d204/
d256
d34
d60
d67
f148
f238
f243
f33
f76/
f93/
n102
n107/
n21
n24
n4/
n60/
n71/
d19:00
d127/
d152
d162/
d166
d19
d204/
d256
d34
d60
d67
f148
f238
f243
f33
f76/
f93/
n102
n107/
n21
n24
n4/
n60/
n71/
d106/
d114
d140
d173/
d181
d187
d265
d82
f210/
f222/
f230/
f37/
n26/
n64/
n78
n94
/f48/d66/d256/d105/f88/f96/f66/d164/d120/f100/d108/d82
d106/
d114
d140
d173/
d181
d187
d265
d82
f210/
f222/
f230/
f37/
n26/
n5
n64/
n78
n94
d106:dir:0
/f48/d66/d256/d105/f88/f96/f66/d164/d120/f100/d108/d82
d106/
d114
d140
d173/
d181
d187
d236/
d265
d82
f210/
f222/
f230/
f288
f37/
n26/
n34/
n5
n64/
n78
n94
Invalid operation
d106/
d114
d140
d173/
d181
d187
d236/
d265
d82
f210/
f222/
f230/
f288
f37/
f98
n26/
n34/
n5
n64/
n78
n94
d106:dir:0
d106/
d114
d140
d173/
d181
d187
d236/
d265
d82
f210/
f222/
f230/
f288
f37/
f98
n26/
n34/
n5
n64/
n78
n94
Invalid operation
d106/
d114
d140
d173/
d181
d187
d236/
d265
d82
f210/
f222/
f230/
f288
f37/
f98
n26/
n34/
n5
n64/
n78
n94
d106:dir:0
/f48/d66/d256/d105/f88/f96/f66/d164/d120/f100/d108/d82
/f48/d66/d256/d105/f88/f96/f66/d164/d120/f100/d108/d82
d82:xklpn7tgb6.xx.hgxwh hhjqsi4 r kpea293t--8lrg53x589s0g4.yf0f-6n x0z8te.  2fk5
d106/
d114
d140
d173/
d181
d187
d236/
d265
d82
d92/
f210/
f222/
f230/
f288
f37/
f45
f98
n26/
n34/
n5
n64/
n87
n94
Invalid operation
d106/
d114
d140
d173/
d181
d187
d236/
d265
d82
d92/
f210/
f222/
f230/
f231
f288
f37/
f45
f98
n26/
n34/
n5
n64/
n87
n94
Invalid operation
Invalid operation
d0
d148
d197
d217
d228
d32
f159
f17/
f194/
f218/
f227/
f265
f274/
n51
d148:txt:99
d148:txt:99
d0
d148
d197
d217
d228
d32
f159
f17/
f194/
f218/
f227/
f265
f274/
n51
/f48/d66/d256/d105/f88/f96/f66/d164/d120/f100/d108/f222/n4/d148
/f48/d66/d256/d105/f88/f96/f66/d164/d120/f100/d108/f222/n4/d148
Invalid operation
d148
d197
d217
d228
d32
f153
f159
f17/
f194/
f202
f218/
f227/
f265
f274/
n51
Invalid operation
f265:C6 CB 14 4B 86 18 F7 D5 00 00 00 EA E2 50 14 29
Invalid operation
f160:
f160:
d228:s5tsrq1bf6c-
f265:00
Invalid operation
n83
d298
n83
Invalid operation
d19:22
d166:17
f148:15
n43:12
f238:9
n102:9
n21:9
/f48/d66/d256/d105/f88/f96/f66/d164/d120/f100/d108/f222/d67
Invalid operation
d34:B4
d67:qagj78c2s gkv.0z_z
Invalid operation
Invalid operation
Invalid operation
Invalid operation
Invalid operation
/f48/d66/d256/d105/f88/f96/f66/d164/d120/f100/d108/f222/f135/d236
f95:dir:0
Invalid operation
Null
d236:8F 9C 37 82 68 62 68 14 BE 00 00 CC
Invalid operation
Invalid operation
Invalid operation
Invalid operation
/f48/d66/d256/d105/f88/f96/f66/d164/d120/f100/d108/f222/f135/d236
d236:18
d236:62 68 14 BE 00 00 CC CD 10
d106/
d151
d236
f276
f283/
f290
n60/
n83/
d106/
d151
d236
f276
f283/
f290
n60/
n83/
Invalid operation
d127/
d152
d162/
d166
d2
d204/
d211
d229/
d256
d276/
d34
d60
d67
d78/
f127/
f135/
f148
f238
f243
f33
f49
f93/
n102
n107/
n119
n21
n24
n4/
n43
n60/
n71/
d127/
d152
d162/
d166
d204/
d211
d229/
d256
d276/
d34
d42
d60
d67
d78/
f127/
f135/
f148
f238
f243
f33
f49
f93/
n102
n107/
n119
n21
n24
n4/
n43
n60/
n71/
d127/
d152
d162/
d166
d204/
d211
d229/
d256
d276/
d34
d42
d60
d67
d78/
f127/
f135/
f148
f238
f243
f33
f49
f93/
n102
n107/
n119
n21
n24
n4/
n43
n51/
n60/
n71/
d34:00 00 BD 4E 45 C9 D4
f93:dir:0
d127/
d152
d162/
d166
d204/
d211
d229/
d256
d276/
d34
d42
d60
d67
d78/
f127/
f135/
f140/
f144/
f148
f24
f243
f33
f49
f93/
n102
n107/
n119
n21
n24
n4/
n43
n51/
n60/
n71/
n83/
d127/
d152
d162/
d166
d204/
d211
d229/
d256
d276/
d34
d42
d60
d67
d78/
f127/
f135/
f140/
f144/
f148
f24
f243
f33
f49
f93/
n102
n107/
n119
n21
n24
n4/
n43
n51/
n60/
n83/
Invalid operation
d82:xklpn7tgb6.xx.hgxwh hhjqsi4 r kpea293t--8lrg53x589s0g4.yf0f-6n x0z8te.  2fk5
/f48/d66/d256/d105/f88/f96/f66/d164/d120/f100/d108/d82
Invalid operation
d106/
d114
d140
d181
d187
d19
d236/
d265
d74/
d82
d92/
f210/
f222/
f230/
f288
f37/
f45
f98
n26/
n34/
n5
n64/
n87
n94
d114:CD 9B 7A 00 B8 17 D4 24 E0 D8
d106:dir:0
d82:xklpn7tgb6.xx.hgxwh hhjqsi4 r kpea293t--8lrg53x589s0g4.yf0f-6n x0z8te.  2fk5
d82:xklpn7tgb6.xx.hgxwh hhjqsi4 r kpea293t--8lrg53x589s0g4.yf0f-6n x0z8te.  2fk5
n73:A3 73
/f48/n85
Invalid operation
f101:117jmn0zvxre096xze px32kg9_t2lcexx
n73:1C 31 81 E7 57 AB D3
d104
d108/
d201/
d269
d31
d38
d80/
f101
f104
f118
f166/
n115/
n56
n73
n76
d104
d108/
d201/
d269
d31
d38
d45/
d80/
f101
f104
f118
f166/
n115/
n56
n73
n76
f101:34
d269:12
d31:11
Null
f101:117jmn0zvxre096xze px32kg9_t2lcexx
f101:117jmn0zvxre096xze px32kg9_t2lcexx
d254/
f5
Invalid operation
d254/
f5
Invalid operation
n73:05 62
d104
d108/
d201/
d269
d31
d38
d45/
d80/
f101
f104
f118
f166/
n115/
n56
n73
n76
n73:70 E2 F9 73 05
d108:dir:0
d104
d108/
d109
d186
d201/
d269
d31
d38
d45/
d80/
f101
f104
f118
f166/
n115/
n56
n73
n76
Null
n73:D8 B5
d82:xklpn7tgb6.xx.hgxwh hhjqsi4 r kpea293t--8lrg53x589s0g4.yf0f-6n x0z8te.  2fk5
Null
d108:dir:0
n73:73 74 2F D5 87 8D 91 F2 9E
f101:39
n73:19
d269:12
d31:11
d104:8
d108:dir:0
Invalid operation
Null
d104
d108/
d109
d150
d186
d201/
d269
d295/
d31
d38
d45/
d80/
f101
f104
f118
f166/
f255/
f37
n115/
n56
n73
n76
Invalid operation
/f48/d66/d256/d105/f88/f96/f66/d164/n61
d267:
f75:23
f75:23
d3:1
d200/
d254
d27/
d3
f100/
f153/
f16
f33/
f61/
f75
f75:5B 15 E6 F5
Invalid operation
d200/
d254
d27/
d3
f100/
f153/
f16
f33/
f61/
f75
d200/
d254
d27/
d3
f100/
f153/
f33/
f61/
f75
f75:DE 5E 4A 80 5B 15 E6 F5 80 6F 8C C1 9F A8
f75:23
d3:1
d254:0
f75:23
d3:1
f75:CC DE 5E 4A 80 5B 15 E6 F5 80 6F 8C C1 9F A8 B6 7D
Invalid operation
d200/
d254
d27/
d3
f100/
f153/
f33/
f61/
f75
d174
Invalid operation
d254
d27/
f100/
f153/
f33/
f61/
f75
Invalid operation
Invalid operation
Invalid operation
Invalid operation
f75:15 E6 F5 80 6F 58
f77:2
Invalid operation
f77:F4
f77
f77:bin:2
Invalid operation
f160/
f77
d195
d254
d27/
d3
d83
f100/
f153/
f33/
f61/
f75
f75:20
Invalid operation
Invalid operation
/f48/d66/d256/d105/f88/f96/f66/d164/d120/f33/f77
f77:F4 00 90 D6 D6 A8 52 14 A0
f185
f77
f77:D6 A8
Invalid operation
Invalid operation
f77:14 A0 00
f185:txt:24
f185:24
Invalid operation
Null
Invalid operation
f185:mb07s3dw_0o1swmb_.- 6xj6
d77:bin:3
Null
Invalid operation
d195
d254
d27/
d3
d83
f100/
f153/
f33/
f61/
f75
Invalid operation
Null
Invalid operation
d195
d254
d27/
d3
f100/
f153/
f33/
f61/
f75
f75:17
d195:7
d254:0
Invalid operation
f75:0C 8A F9 CB DE 5E 4A 80 5B 15 E6 F5 80
Invalid operation
Invalid operation
Invalid operation
/f48/d66/d256/d105/f88/f96/f66/d164/d120/f100/n73
Invalid operation
Invalid operation
d104
d108/
d109
d150
d186
d201/
d269
d295/
d31
d38
d45/
d80/
f102/
f104
f108
f118
f166/
f255/
f37
n115/
n56
n73
n76
Invalid operation
n73:74 2F
n73:20
f108:17
d269:12
d31:11
d104
d108/
d109
d150
d186
d201/
d206/
d269
d295/
d31
d38
d45/
d80/
f102/
f104
f108
f118
f166/
f203
f255/
f37
n115/
n56
n73
n76
Invalid operation
n73:46
Null
d108:dir:0
n73:20
f108:17
d269:12
d31:11
d104:8
d150:8
f104:7
n56:5
Invalid operation
Invalid operation
n73:F1
Invalid operation
/f48/d66/d256/d105/f88/f96/f66/d164/d120/f100/d80/d288
d116/
d288
d104
d108/
d109
d150
d186
d201/
d206/
d269
d295/
d31
d38
d45/
d80/
f102/
f104
f108
f118
f166/
f255/
f37
n115/
n56
n73
n76
/f48/d66/d256/d105/f88/f96/f66/d164/d120/f100/n73
Invalid operation
Invalid operation
Invalid operation
Invalid operation
d108:dir:0
Invalid operation
d108:dir:0
n73:DF 00 B9 46 00
n73:21
f108:17
d269:12
n73:41 60 A8 49 C6 3A A7 2E C4 7C 9B 84 23
Invalid operation
Null
Invalid operation
Invalid operation
Invalid operation
Invalid operation
Invalid operation
Invalid operation
d204
d222
d254
d27/
f100/
f153/
f224
f33/
f61/
f75
f33:dir:0
Invalid operation
d111
d120/
d192/
d220
d269
d285
d80
f253
f55
f84/
n116
n61
d111
d120/
d192/
d220
d269
d285
d80
d86
f253
f55
f84/
n116
n61
f84:dir:0
d111
d120/
d192/
d220
d269
d285
d80
d86
f253
f55
f84/
n116
n61
f84:dir:0
d285:17
n116:14
d86:12
Invalid operation
d111
d120/
d192/
d220
d269
d285
d80
d86
f253
f55
f84/
n116
n61
d111
d120/
d192/
d220
d269
d285
d80
d86
f253
f55
f84/
n116
n61
f84:dir:0
d204
d222
d254
d27/
f100/
f153/
f20/
f224
f33/
f61/
f75
Null
Invalid operation
f75:19
Invalid operation
Invalid operation
/f48/d66/d256/d105/f88/f96/f66/d164/d120/f75
/f48/f75
Invalid operation
f75:00 00 00 00 00
/f48/d66/d256/d105/f88/f96/f66/d164/d80
Invalid operation
d265:dir:0
/f48/d66/d256/d105/f88/f96/f66/d164/d120/f61/f133
/f48/d66/d256/d105/f88/f96/f66/d164/d120/f75
/f48/f75
Invalid operation
Invalid operation
Invalid operation
f133:15
d102
d204
d222
d254
d27/
f100/
f153/
f20/
f224
f33/
f61/
f75
Invalid operation
Null
f75:56 FB 00
Invalid operation
Invalid operation
d102
d204
d222
d254
d27/
f100/
f153/
f20/
f224
f33/
f61/
f75
f81/
Invalid operation
Invalid operation
d111
d120/
d192/
d269
d285
d43
d80
d86
f253
f55
f84/
n116
n61
n73/
Invalid operation
Invalid operation
n116:25 00 00 00
d27:dir:0
/f48/d66/d256/d105/f88/f96/f66/f294
/f48/d66/f294
f294:165
f40:24
d106:15
d128:15
n3:11
d33:2
Invalid operation
Invalid operation
d106
d113/
d125/
d128
d140/
d164/
d181
d213/
d225
d229
d27/
d33
f103/
f15/
f165
f278/
f293/
f294
f40
f51/
f62/
f7/
f76/
n3
n43/
n47/
f294:e_owj8p3qbpw0tlgkkjv h.ljis3via8m 2fwf.9y9nt40gd4befr6_l_3zuyo3opqil5x wwyvncij5h85co_w44qkd-.isfc8o-ykj.7k- 5o749xe 9m 2ezke8o8zi_f5gqze9a4f0x5vrf b4c2f_dgfl.n--f 5
f40:76 C1 48 B4 6A 50 03 AE 5C 74 2D
f40:FD 3C 07 98 56 91 69 F8 A2 76 C1
d106
d113/
d125/
d128
d140/
d164/
d213/
d225
d229
d27/
d33
f103/
f15/
f165
f278/
f293/
f294
f40
f51/
f62/
f7/
f76/
n3
n43/
n47/
Invalid operation
d106
d113/
d125/
d128
d140/
d164/
d181
d213/
d225
d229
d27/
d33
f103/
f15/
f165
f192
f278/
f293/
f294
f40
f51/
f62/
f7/
f76/
n3
n43/
n47/
Invalid operation
d27:dir:0
d27:dir:0
f294:e_owj8p3qbpw0tlgkkjv h.ljis3via8m 2fwf.9y9nt40gd4befr6_l_3zuyo3opqil5x wwyvncij5h85co_w44qkd-.isfc8o-ykj.7k- 5o749xe 9m 2ezke8o8zi_f5gqze9a4f0x5vrf b4c2f_dgfl.n--f 5
d27:dir:0
d27:dir:0
f294:171
f40:24
d106:15
d106
d113/
d125/
d128
d140/
d164/
d181
d213/
d225
d27/
d33
f103/
f15/
f165
f192
f278/
f293/
f294
f40
f51/
f62/
f7/
f76/
f77
n3
n43/
n47/
d27:dir:0
Invalid operation
/f48/d66/d256/d105/f88/d197
d197:19
f159:16
d197:35 80 13 9F 00 16 BC 4B DF 08 BB
d130
d197
d218/
d244
d39
f146
f159
f164
f199
f257/
f45/
f6
f8/
f91
f96/
n101/
n108/
n74
d197:19
f159:16
d130
d197
d218/
d244
d39
f146
f159
f164
f199
f257/
f45/
f6
f8/
f91
f96/
n101/
n108/
n74
Invalid operation
Invalid operation
d197:19
f159:16
d39:15
f91:11
f6:8
/f48/d66/d256/d105/f88/d197
Invalid operation
d130
d197
d218/
d244
d39
d98
f146
f157
f159
f164
f199
f257/
f45/
f6
f8/
f91
f96/
n101/
n108/
n74
d130
d197
d218/
d244
d39
d98
f146
f157
f159
f164
f199
f257/
f45/
f6
f8/
f91
f96/
n101/
n108/
n74
Invalid operation
Invalid operation
d130
d197
d203
d218/
d244
d39
d98
f119
f146
f154
f157
f159
f164
f199
f257/
f45/
f6
f8/
f91
f96/
n101/
n108/
n74
/f48/d66/d256/d105/f88/d197
f45:dir:0
d197:00 16
d197:BC 4B DF 08 BB A9
Invalid operation
d197:08 BB A9 00
d130
d197
d203
d218/
d244
d39
d98
f119
f154
f157
f159
f164
f199
f257/
f45/
f6
f8/
f91
f96/
n101/
n108/
n23
n74
d130
d197
d203
d218/
d244
d39
d98
f119
f154
f157
f159
f164
f199
f257/
f45/
f6
f8/
f91
f96/
n101/
n108/
n23
n74
f45:dir:0
f51:h6dul2 8bvp0x0nj0aqwej5_lwojka5-r99755a03xlr1.a43a
Null
d197
d218/
d244
d39
d98
f119
f154
f157
f159
f164
f198
f199
f257/
f45/
f6
f8/
f91
f96/
n101/
n108/
n23
n74
Invalid operation
d81:5
Invalid operation
Invalid operation
d197
d218/
d244
d39
d98
f119
f154
f157
f159
f164
f198
f199
f257/
f45/
f6
f8/
f91
f96/
n101/
n108/
n23
n74
d197:4B DF
Invalid operation
f45:dir:0
f45:dir:0
Invalid operation
Invalid operation
d197:A4 3C
/f48/d66/d256/d105/f88/d197
d197:00 00
f45:dir:0
Null
Invalid operation
/f145
d81:7F
Invalid operation
d81:7F 12
d81
f65/
f88/
d81:2
Invalid operation
f88/
/f48/d66/d110
d81:B3
Invalid operation
Invalid operation
d81
f88/
d81
f88/
Invalid operation
Invalid operation
d81
f88/
f94
n61
Invalid operation
Invalid operation
d81:12
/f48/d66/d256/d105/d81
d81
f88/
f94
n53
n61
d197
d21/
d218/
d244
d39
f119
f131
f157
f164
f198
f199
f200
f297
f45/
f6
f91
f96/
n101/
n108/
n23
n74
Invalid operation
d197:A4 3C 49 71 48 9F 00 D6 22 D0 33 08 BB A9 00 94 0F 92 B9
f45:dir:0
Invalid operation
f45:dir:0
d244:C6
Invalid operation
d244:00 00
Invalid operation
d244:00 00
Invalid operation
Invalid operation
/f48/d66/d256/d105/f88/f96/f129
Invalid operation
d280:v5
/f48/d66/d256/d105/f88/f96/f66/f294
/f48/d66/f294
f294:172
f40:21
d106:15
d128:15
f192:15
Invalid operation
Invalid operation
Invalid operation
f294:173
f40:21
d106:15
d128:15
f192:15
n3:11
d225:4
f294:173
f40:21
d106:15
d128:15
f192:15
n3:11
d225:4
d33:2
d52:dir:0
/f48/d66/d256/d105/f88/f96/f66/f294
/f48/d66/f294
Null
d52/
n26/
Null
Invalid operation
d52/
f48
n26/
d52/
f48
n26/
Invalid operation
d42:txt:5
Invalid operation
Invalid operation
Invalid operation
Invalid operation
Invalid operation
d42:5
d143:2
f155:0
d42:5
d143:2
/f48/d66/d256/d105/f88/f96/f66/f278/n26/d42
Invalid operation
f270
f53/
f155:00 00
/f48/d66/d256/d105/f88/f96/f66/f278/n26/d197/f270
f155:00
f155:00 00
f270:_3vhd5c_a
f155:00 00 00
f270:9
f155:00
f53:dir:0
f53:dir:0
f53:dir:0
f270:22
f6:0
Invalid operation
f53:dir:0
Invalid operation
/f48/d66/d256/d105/f88/f96/f66/f278/n26/d197/f270
f155:00 00 00 00
f155:A4
f270
f53/
Invalid operation
Invalid operation
/f48/d66/d256/d105/f88/f96/f66/f278/n26/d197/f270
f155:00 A1 A4 CD
Null
f155:00
Invalid operation
f168:dir:0
d237/
f144/
f168/
n98/
Invalid operation
d237/
f144/
f168/
n98/
f270:_3vhd5c_a0w_lzkzqduzb-b-3zye2o99rllga3y634q5.
f155:00 00 F9
/f48/d66/d256/d105/f88/f96/f66/f278/n26/d197/f270
Null
f168:dir:0
Null
f255:q3j
d237/
f132/
f144/
f168/
f255
n87/
n98/
d94:90 29 F1 B6
d94:B6
Invalid operation
f34:14
d94:7
f255:3
d94:9C 90
Invalid operation
f67
f67:bin:8
d94:29 F1 B6 F6
f168:dir:0
Invalid operation
d278:9D 5F 30 C7 CE EF 00
d23:8vr
Invalid operation
f15/
f44/
n34
d94:89
d23:md:12
d23
d230
f236/
f250/
d94:89 00 31 83 E1
d23:8vrc2giuoucsx
d94:27 DE C4 FB BE 89 00 31 83 E1 91
d94:FB BE 89 00 31 83
d23:8vrc2giuoucs
d23:md:12
d23:12
d230:6
/f48/d66/d256/d105/f88/f96/f66/f278/n26/d197/f53/d76/n87/f44/d23
/f48/d66/d256/d105/f88/f96/f66/f278/n26/d197/f53/d76/n87/f44/d23
f236:dir:0
Null
Invalid operation
f236:dir:0
d223/
d230
f236/
f250/
f298/
d230:6
d230:udqgvb
Invalid operation
f236:dir:0
d230:udqgvb
d223/
d230
f236/
f250/
f298/
n34:9x 9_w _
d223/
f236/
f250/
f298/
f236:dir:0
d94:00 31 83 E1 91 33 81 76
Invalid operation
d94:91 33
Invalid operation
d58:13
n36:0
Invalid operation
d94:91 33 81
f15/
f44/
n34
Invalid operation
f102/
f15/
f44/
n34
f102/
f15/
f44/
n34
n57
/f48/d66/d256/d105/f88/f96/f66/f278/n26/d197/f53/d76/n87/n34
Invalid operation
f34:18
f271:6
d142
d237/
d93/
f132/
f144/
f168/
f246/
f271
f34
n87/
Null
d142
d237/
d93/
f132/
f144/
f168/
f246/
f271
f34
n87/
f34:8j6hybfhr9mfminw3_
Invalid operation
Invalid operation
f168:dir:0
Invalid operation
d133
d142
d237/
d93/
f132/
f143/
f144/
f168/
f271
f34
n87/
f271:10
d133:0
d142:0
d133
d142
d237/
d93/
f132/
f143/
f144/
f168/
f271
n41/
n87/
d133
d142
d237/
d93/
f132/
f143/
f144/
f168/
f271
f40
n41/
n87/
f90:9t6qa96vk1.
/f48/d66/d256/d105/f88/f96/f66/f278/n26/d197/f53/d76/f271
f271:00 00 E1 94
Invalid operation
d144:dir:0
Null
Invalid operation
d129/
d144/
d284/
d99/
n102/
Invalid operation
d129/
d144/
d284/
d99/
f154
n102/
Null
d129/
d144/
d284/
d87
d99/
f154
f3
f86
n102/
d129/
d144/
d284/
d87
d99/
f154
f3
f86
n102/
d129/
d144/
d284/
d87
d99/
f154
f86
n102/
Invalid operation
f154:
f294:3
f86:3
d87:0
f154:0
d129/
d144/
d243/
d284/
d87
d99/
f154
f294
f86
n102/
f154:
f154:
Invalid operation
/f48/d66/d256/d105/f88/f96/f66/f278/n26/d197/f53/d76/d237/f154
f86:10
n22:5
f294:3
f154:1
d87:0
d144:dir:0
f86:57
d129/
d144/
d243/
d284/
d87
d99/
f154
f282/
f294
f86
n102/
n22
f154:x
d2:
d2
f86:F5 DB
d144:dir:0
Invalid operation
Invalid operation
Invalid operation
Invalid operation
/f48/d66/d256/d105/f88/f96/f66/f278/n26/d197/f53/d76/d237/d129/d127
d273:96
Null
d127:bu2crwt3luswoi .ho3li
Invalid operation
Invalid operation
d127:bu2crwt3luswoi .ho3lix
Null
Invalid operation
d127
d273
d45
f297/
f37/
n16/
/f48/d66/d256/d105/f88/f96/f66/f278/n26/d197/f53/d76/d237/d129/d127
d127:bu2crwt3luswoi .ho3lix
Invalid operation
f154:x1v-whtx
/f48/d66/d256/d105/f88/f96/f66/f278/n26/d197/f53/d76/d237/f154
f86:93 E5 71
Null
f86:10
f154:8
n22:5
d87:0
f86:30 93 E5 71 ED DB
d144:dir:0
f154:x1v-whtx
f86:0C 30 93 E5 71
f154:x1v-whtx
/f48/d66/d256/d105/f88/f96/f66/f278/n26/d197/f53/d76/d237/f154
f86:DC BE
d129/
d144/
d233
d243/
d255
d284/
d5/
d87
d99/
f154
f260/
f282/
f86
n22
Null
Invalid operation
d144:dir:0
f154:10
f86:10
d255:7
n22:5
d233:0
d87:0
Invalid operation
Invalid operation
Invalid operation
Invalid operation
f86:97
Invalid operation
f154:x1v-whtxxx
d144:dir:0
f86:30 93 E5 71 A6 DB
f233
d155
d155
d155
d144:dir:0
Invalid operation
/f48/d66/d256/d105/f88/f96/f66/f278/n26/d197/f53/d76/d237/f86
Invalid operation
Invalid operation
f86:00 00 00
f86:57 DC
Invalid operation
d144:dir:0
d129/
d144/
d233
d243/
d255
d268/
d5/
d87
d99/
f260/
f86
f99/
n22
Invalid operation
Null
d133
d142
d237/
d93/
f132/
f143/
f144/
f168/
f22
f271
f40
f74
n41/
n87/
Invalid operation
d19
d76/
Invalid operation
f155:00
Invalid operation
n96:11
d202:8
Invalid operation
Invalid operation
d76:dir:0
d76:dir:0
f269:ohh.1xc.bc0d801mghw
d76/
f269
f58/
f96
f269:ohh.1xc.bc0d801mghw
Invalid operation
f96:A4 53 B8 00
d76/
f14
f269
f39
f58/
f96
n66
d76/
f14
f269
f39
f58/
f96
n66
d76:dir:0
f96:90 18
f85:0
f174:10
d265:7
f85:0
f85:
f85:
f245:15
d265:17 EB E4 6D D9
Invalid operation
Invalid operation
f113/
f188/
f245
d265:E4 AE
/f48/d66/d256/d105/f88/f96/f66/f278/n26/d197/f53/f58/f85
n44
n44
d265:7A
f113/
f117
f188/
f113:dir:0
/f48/d66/d256/d105/f88/f96/f66/f278/n26/d197/f53/f58/d200/f117
d245
d256
f113/
f117
f152/
f188/
Invalid operation
Invalid operation
f113:dir:0
f117:F6 A2
d245
d256
f113/
f117
f152/
f188/
Invalid operation
Invalid operation
d245
d256
f113/
f117
f156
f188/
f60
n37/
d265:16
f174:10
d200/
d265
f174
f35/
f85
Null
f113:dir:0
d245
d256
d5
f113/
f117
f156
f185
f188/
f60
n37/
f113:dir:0
Invalid operation
Invalid operation
d245
d256
d29
d5
f113/
f117
f156
f185
f188/
f60
n37/
f113:dir:0
f213
f91/
Invalid operation
f213:57 69
f213:49 62 F9 2D 4F
Invalid operation
d265:16
f174:10
f85:0
f117:39
Invalid operation
Invalid operation
Invalid operation
n111:bin:4
Invalid operation
d103
d180
d236/
n111
n76/
n77/
/f48/d66/d256/d105/f88/f96/f66/f278/n26/d197/f53/f58/d200/f188/n111
Invalid operation
Invalid operation
/f48/d66/d256/d105/f88/f96/f66/f278/n26/d197/f53/f58/d200/f188/n111
Invalid operation
/f48/d66/d256/d105/f88/f96/f66/f278/n26/d197/f53/f58/d200/f188/n111
n111:1D C3 52
n111:F2
n111:C3
d103
d180
d236/
d250/
d43/
d61/
f244
n111
n76/
n77/
Invalid operation
Invalid operation
Null
n111:EE
f171
n111:bin:11
/f48/d66/d256/d105/f88/f96/f66/f278/n26/d197/f53/f58/d200/f188/n111
/f48/d66/d256/d105/f88/f96/f66/f278/n26/d197/f53/f58/d200/f188/n111
f113:dir:0
d245
d29
d5
f113/
f156
f185
f188/
f206
f60
n37/
Null
Invalid operation
d285
d76/
f14
f269
f39
f58/
f96
n66
Invalid operation
Null
f155:CD
f270
f53/
Invalid operation
f155:00
Invalid operation
Invalid operation
Invalid operation
/f48/d66/d256/d105/f88/f96/f66/f278/n26/d197/f53/f96
d285
d76/
f14
f269
f39
f58/
f96
n66
f96:B1 E2 68 89 F0 90 18 40 FB
d76/
f14
f228
f269
f39
f58/
f96
n13
n66
Invalid operation
Invalid operation
Invalid operation
f269:19
Invalid operation
Invalid operation
f96:E2 68 89 F0 90 18 40 FB E8
Invalid operation
Invalid operation
Invalid operation
d182
d88
Invalid operation
d182
d233
d182:bin:8
Invalid operation
Invalid operation
/f48/d66/d256/d105/f88/f96/f66/f278/n26/d197/f53/d54/f185
Invalid operation
d76:i7sgi79
Invalid operation
f96:89 F0 90 18 40 FB C3 50 00 00
/f48/d66/d256/d105/f88/f96/f66/f278/n26/d197/f53/f96
Invalid operation
Invalid operation
f96:9C E5 78 E2 68 89 F0
f155:00 00 0A 15 33 AF A5 5B 1C
/f48/d66/d256/d105/f88/f96/f66/f278/n26/d42
Invalid operation
f155:20
d42:5
f155:0A 15 33
Null
d143
d197/
d201/
d42
f155
n70
d143
d197/
d201/
d42
f155
n70
f155:31
d42:18
d143:2
Invalid operation
Invalid operation
f155:91 00 4F BB CD 24 64 D3 55 00 00 62 BD 19 00 00 00
d42:8ou_sa_da3duivimq x
d143
d197/
d201/
d42
f155
n16/
n70
n93/
Invalid operation
Invalid operation
d52/
f48
n26/
f48:oub  b95-zubq4obqi7ui0mpiy-yqv1_rm
f40:FD FD 3C 07 98 56 91 69
Invalid operation
f48:59
f66:0
f40:7F B5 FD FD 3C 07 98 56 91 69 F8 A2 76 C1 48 B4
f40:AE 5C
d143
d197/
d201/
d42
f155
n16/
n70
n93/
d143
d197/
d201/
d284
d42
f155
n16/
n70
n93/
f155:19
d42:8ou_sa_da3duivimq x
f155:00 00 A1 A4 CD 35 00 00 0A 15 33 FD 1B 91 00
f155:A1 A4 CD 35
d42:8ou_sa_da3duivimq x
Null
d211/
d52/
f66
n26/
n58/
f66:9
Invalid operation
f40:F8 A2 76 C1 48
d52:dir:0
f66:3-a574ubx
f231:51 CA 50
Invalid operation
d211/
f66
n26/
f66:23
/f48/d66/d256/d105/f88/f96/f66/f278/f66
f66:23
Invalid operation
n26:dir:0
/f48/d66/d256/d105/f88/f96/f66/f278/f66
f40:50 D5 3C 07 98 56 91 69 F8 A2 76 C1 48 B4 6A 50 03 77
d12
f66
n26/
f66:3-a574ubxxm7j4abw mp.qlx
f155:31
d42:20
d143:2
n70:1
d42:txt:20
d12
d9
f66
n26/
f66:3-a574ubxxm7j4abw mp.qlx
/f48/d66/d256/d105/f88/f96/f66/f278/n26/d42
/f48/d66/d256/d105/f88/f96/f66/f278/n26/d42
Invalid operation
d143
d197/
d201/
d42
f155
n114
n16/
n70
d143
d197/
d201/
d42
f155
n114
n70
n80
/f48/d66/d256/d105/f88/f96/f66/f278/n26/d42
/f48/d66/d256/d105/f88/f96/f66/f278/n26/d42
f40:05 08 E4 A7 41 7B A2 76 5B
f40:0F 99 77
Null
/f48/d66/d256/d105/f88/f96/f66/f278/n26/d42
d143
d197/
d201/
d42
f155
n114
n16/
n70
n80
/f48/d66/d256/d105/f88/f96/f66/f278/n26/d42
d42:txt:19
f155:35
d42:19
d105:11
n80:2
f155:35
d42:19
d105:11
d105
d197/
d201/
d42
f111
f155
n114
n16/
n70
n80
n26:dir:0
f66:3-a574ubxxm7j4abw mp.qlx
Invalid operation
f40:5B F1 70 D3 0F 99
f40:57
Invalid operation
f40:17 57 50 FB
Invalid operation
Invalid operation
f294:e_owj8p3qbpw0tlgkkjv h.ljis3via8m 2fwf.9y9nt40gd4befr6_l_3zuyo3opqil5x wwyvncij5h85co_w44qkd-.isfc8o-ykj.7k- 5o749xe 9m 2ezke8o8zi_f5gqze9a4f0x5vrf b4c2f_dgfl.n--f 5lhm _6xl4--6q2hxscq16ksk8iclumby3px1r_rr2cp4
/f48/d66/d256/d105/f88/f96/f66/d82/f18
f18:1tgfylj.g5r
f294:e_owj8p3qbpw0tlgkkjv h.ljis3via8m 2fwf.9y9nt40gd4befr6_l_3zuyo3opqil5x wwyvncij5h85co_w44qkd-.isfc8o-ykj.7k- 5o749xe 9m 2ezke8o8zi_f5gqze9a4f0x5vrf b4c2f_dgfl.n--f 5lhm _6xl4--6q2hxscq16ksk8iclumby3px1r_rr2cp4
f40:D3
f294:e_owj8p3qbpw0tlgkkjv h.ljis3via8m 2fwf.9y9nt40gd4befr6_l_3zuyo3opqil5x wwyvncij5h85co_w44qkd-.isfc8o-ykj.7k- 5o749xe 9m 2ezke8o8zi_f5gqze9a4f0x5vrf b4c2f_dgfl.n--f 5lhm _6xl4--6q2hxscq16ksk8iclumby3px1r_rr2cp4
d106
d108
d113/
d125/
d128
d140/
d164/
d181
d213/
d225
d27/
d33
d54/
d82/
f103/
f140
f15/
f165
f192
f218/
f278/
f293/
f294
f40
f51/
f62/
f7/
f76/
f77
f79/
n3
n43/
n47/
n72
Invalid operation
f294:209
f40:18
d106:15
d128:15
Invalid operation
d280:v5
Invalid operation
d220/
d248
d280
d285
d75/
f129
f181
f245
f259/
f281
f66/
n8/
Invalid operation
f129:23
d248:16
d285:14
f245:8
f129:23
d248:16
d285:14
f245:8
f281:4
d280:v5x
d280:md:3
d244:00 00
Invalid operation
d220/
d248
d269
d280
d285
d75/
f129
f203
f245
f259/
f281
f66/
n8/
Null
Invalid operation
f293:
f293
f293:08
d26
f22
f293
f293:08
d220/
d248
d280
d285
d75/
d82
f129
f203
f245
f252
f259/
f281
f66/
n8/
d244:00
/f48/d66/d256/d105/f88/f96/n8/f293
Invalid operation
d220/
d248
d280
d285
d70/
d75/
d82
f129
f185
f203
f245
f252
f259/
f281
f66/
n8/
d280:33
f129:23
f252:17
d248:16
d289/
f173
f22
f293
f293:txt:2
f293:txt:2
d289/
f173
f22
f293
f22:dj3m89
d280:md:33
d280:33
f129:23
f252:17
d280:45
f129:23
f252:17
d248:16
d285:14
f185:12
d82:11
d220/
d248
d280
d285
d70/
d75/
d82
f129
f185
f203
f245
f252
f259/
f281
f66/
n8/
d280:v5xx8m2uzbxozhe5yqg26ki65hqad3d9b
d244:9A 7E 7B A0 00
d197
d21/
d218/
d244
d39
f1
f119
f131
f157
f164
f198
f200
f297
f45/
f6
f91
f96/
n101/
n108/
n23
n74
Invalid operation
Invalid operation
Invalid operation
d81
f88/
f94
n53
n61
d81
f88/
f94
n53
n61
n79/
d81:12 B5
d236
f214
f39
f88/
f94
n53
n61
n79/
d105/
Null
n53:16
d236:14
f94:6
f214:0
f88:dir:0
/f48/d66/d110
d110
d125/
d137/
d158
d162
d163/
d192
d195
d245/
d256/
d27
d68/
d83/
f136
f180
f209/
f217
f219/
f244/
f258
f260
f282
f294
f82
n101/
n114/
n119/
n25
n70/
n95
n97/
n70:dir:0
Invalid operation
d110:zypgrkd1xpzqacogw6rqf-r3b6rxxxxhzxw6yxxx
/f48/d66/d110
d162:84 88 2B 67 B2 E3 24 54 90 AE 4E F0 09
f134:11
d162:B4 30 54 84 88 2B 67 B2 E3 24 54 90 AE 4E
d162:82 E6 B6 AE 76 B4 53 AB 88 2B 67 B2 E3 24 54 90 AE 4E F0
d162:0B FD 87 0E 80 A3 97 82 E6 B6 AE 76
d54:C6 05
d105/
d247
d67/
f72/
d247:mzffizr
Invalid operation
d105/
d247
d67/
f72/
d105/
d247
d67/
f14/
f72/
d105/
d247
d67/
f14/
f72/
d105:dir:0
d105/
d247
d67/
d81
f15
f72/
Invalid operation
f134:11
d54:5
d54:DB
d54
Invalid operation
d162:28 E6 E9 FD 0B FD 87 0E 80 A3 97 82 E6 B6 AE 76 B4
d105/
d247
d67/
d81
f205
f72/
/f48/d66/d256/d247
f228:DD 84 7E 83
Invalid operation
n53:16
d236:14
Invalid operation
Invalid operation
Null
Invalid operation
Invalid operation
/f48/d66/d256/d105/f88/d244
d244:70
d158:dir:0
Invalid operation
Invalid operation
Invalid operation
Invalid operation
/f48/d66/d256/d105/f88/d244
/f48/d66/d256/d105/f88/d244
d197
d199/
d21/
d218/
d244
d39
d80
f1
f119
f131
f157
f164
f198
f199/
f200
f223
f297
f45/
f6
f91
f96/
n101/
n108/
n23
n74
d197:23
d244:18
n23:16
d39:15
f297:12
f91:11
f157:10
f6:8
Invalid operation
d197
d199/
d21/
d218/
d244
d39
d80
f1
f119
f131
f157
f164
f198
f199/
f200
f223
f297
f45/
f6
f91
f96/
n101/
n108/
n23
n74
d244:A0 00 00 00
n53:16
Invalid operation
d108
d236
f214
f88/
f94
n53
n61
n79/
n82
n97/
d108
d236
f214
f88/
f94
n53
n61
n79/
n82
n97/
d105:dir:0
d105/
d247
d67/
d81
f162/
f205
f228
f268
f72/
d247:mzffizr_zc9t1b4wan0a7lpf_3yl3v2jqj 537 p7d4 er8jx
/f48/d66/d256/d247
Invalid operation
Invalid operation
d105/
d247
d67/
d81
f162/
f205
f268
f72/
d105/
d247
d67/
d81
f162/
f205
f268
f72/
d105:dir:0
d162:B6 25 13 09 F1 AB 88 2B 67 B2
d108
d236
f214
f88/
f94
n53
n61
n79/
n82
n97/
Invalid operation
f88:dir:0
n61:-lvdx
d108
d236
f214
f88/
f94
n53
n61
n79/
n82
n97/
d162:E6 B6 25 13 09 F1 AB 88 2B 67 B2 E3 24 54 90 AE
/f48/d66/d256/d247
d105:dir:0
d247:mzffizr_zc9t1b4wan0a7lpf_3yl3v2jqj 537 p7d4 er8jx
Invalid operation
d247:mzffizr_zc9t1b4wan0a7lpf_3yl3v2jqj 537 p7d4 er8jx
d105/
d247
d67/
d81
f162/
f205
f268
f45/
f72/
/f48/d66/d256/d247
Invalid operation
Invalid operation
d54:82
d162:B6 25 13 C4 0F 4C D0 A7 0A EB A8 24
f205:17
d158:1
f205:y1_vp804zi1nbti2x
d162:00
d162:F2 FD 0B FD 87 0E 80 A3 97 82 E6 B6 25 13 C4 0F 4C D0 A7 0A
f205:y1_vp804zi1nbti2x
d105/
d13/
d137/
d151/
d158
d67/
f144/
f162/
f205
f72/
n47/
n49/
n60/
/f48/d66/d256/f205
Null
Invalid operation
d162:0E 80 A3 97 82 E6 B6 25 13 C4 0F 4C D0 A7 0A EB 08 24 54 90 AE 4E 7C 86
d105:dir:0
Invalid operation
d105/
d13/
d137/
d143
d151/
d158
d262/
d280/
d67/
f144/
f162/
f205
f72/
n47/
n49/
n60/
f205:y1_vp804zi1nbti2xbbqd.4iyq4
Null
d167/
f205:y1_vp804zi1nbti2xbbqd.4iyq4pt
f205:y1_vp804zi1nbti2xbbqd.4iyq4pt
f205:y1_vp804zi1nbti2xbbqd.4iyq4pt
/f48/d66/d256/f205
f1:FA
Invalid operation
f205:y1_vp804zi1nbti2xbbqd.4iyq4ptl0s7yn197
f205:y1_vp804zi1nbti2xbbqd.4iyq4ptl0s7yn197
f1:4
f87:dir:0
/f48/d66/d256/d143
d227:82 00 66 26 1F B8 FE 15 24 8E C2 53
/f48/d66/d256/f205
d105/
d13/
d137/
d143
d151/
d158
d227
d262/
d269/
d280/
d67/
f144/
f162/
f205
f72/
n47/
n49/
n60/
d105/
d13/
d137/
d143
d151/
d158
d227
d262/
d269/
d280/
d67/
f144/
f162/
f205
f72/
n47/
n49/
n60/
f205:y1_vp804zi1nbti2xbbqd.4iyq4ptl0s7yn197lly zieb
d227:83 82 00 66
d16:15
n103:15
n97:9
n97:txt:9
n97:txt:9
d162:0B FD 87 0E 80 A3 97 82 E6 B6 25 13 C4 0F 4C D0 A7 0A EB 08 24 54 90 AE 4E F0 E9
d16
d235/
n103
n117
n7/
n97
n99/
d16
d235/
n103
n117
n7/
n97
d16:n6laxd4zl36iddw
d16:txt:15
d16:n6laxd4zl36iddw
d16:15
n103:15
f233:0
n117:0
d162:C4 0F 4C D0 A7 0A EB 08 24 54 90 AE 4E
d16
d290/
f233
n103
n117
n7/
Invalid operation
d16
d290/
f233
n103
n117
n7/
Invalid operation
d16:n6laxd4zl36iddw
Invalid operation
/d280
d16:15
n103:15
f233:0
n117:0
Null
d16
d290/
d88/
f233
n103
n39/
n7/
d162:33 B2 F2 FD 0B FD 87 0E 80 A3 97 82 E6 B6 25 13 C4 0F 4C D0 A7
/f48/d66/d163/d16
d16:n6laxd4zl36iddw
/f48/d66/d163/d16
f13
f13:md:10
f13:qcozlvy3p2
Invalid operation
/f48/d66/d163/d290/f13
f13
f58/
f13:qcozlvy3p2x
f13:qcozlvy3p2x
d291/
f179
f280
f179:
f280:5
f179:0
d291:dir:0
Invalid operation
Invalid operation
d291/
f179
f280
d291/
f179
f280
Invalid operation
Invalid operation
Null
d291/
d99/
f179
f280
Invalid operation
d184
d291/
f179
f280
f280:5
d184:0
f179:0
d184
d291/
f145
f179
f280
f145:17
n61:10
f280:5
f179:0
f179:
f145:17
n61:10
f280:5
d23:0
f179:0
/f48/d66/d163/d290/f58/f179
/f48/d66/d163/d290/f58/f179
Invalid operation
f179:
d23
d291/
d52/
f145
f179
f202/
f280
n61
/f48/d66/d163/d290/f58/f179
f179:
d23
d291/
d52/
f145
f179
f202/
f245
f280
n61
d23
d291/
d52/
f145
f179
f202/
f245
f280
n61
d291:dir:0
d291:dir:0
Null
/f48/d66/d163/d290/f58/f179
/f48/d66/d163/d290/f58/f179
/f48/d66/d163/d290/f58/f179
d291:dir:0
f179:
Invalid operation
d162:F2 FD
d291:dir:0
Null
Invalid operation
d23
d52/
f133/
f134/
f145
f179
f202/
f245
n61
f179:
/f48/d66/d163/d290/f58/f179
Invalid operation
d162:82 E6 B6 25 13 C4 6B 4C D0 A7 0A
f145:17
n61:10
f245:9
f179:8
d23:0
n79:0
d23
d52/
f133/
f134/
f145
f179
f245
n61
n79
f179:9kkx p08
d252:39 4E
f13
f58/
f13:11
d153:0
Invalid operation
Invalid operation
Null
Invalid operation
d120
d153
d163/
f13
f58/
Invalid operation
d252:0D CE 39 4E
f179:9kkx p08
Invalid operation
Invalid operation
f179:9kkx p08
d23
d252
d52/
f133/
f179
f245
f92/
n61
n79
Invalid operation
/f48/d66/d163/d290/f58/f179
d11
d188
d281/
f216/
f245
f92/
n79
f245:x7xixvi9k
d11:17
f245:9
Invalid operation
d11:17
f245:9
d188:6
f9:5
f245:md:9
d11
d188
d265/
d281/
f179/
f216/
f245
f9
f92/
n79
Null
Invalid operation
d11
d188
d28
d281/
f179/
f216/
f245
f9
f92/
n79
/f48/d66/d163/d290/f58/f245
f245:23
d11:17
f245:23
d11:17
Invalid operation
d11
d28
d281/
f179/
f216/
f245
f9
f92/
n79
d28:00
d11
d28
d281/
f179/
f216/
f245
f9
f92/
n79
/f48/d66/d163/d290/f58/f245
Null
d11
d28
d281/
d54/
f179/
f216/
f245
f9
f92/
n79
Invalid operation
Invalid operation
f58:dir:0
d153:00
f13:22
Null
d120
d153
d163/
d55
f58/
n12
Invalid operation
f58:dir:0
Invalid operation
f58:dir:0
Invalid operation
d120
d153
d163/
d240
d55
f58/
n70
n77
Invalid operation
d120
d13/
d15
d163/
d240
d55
f139/
f58/
n116
n70
n77
d162:D0 A7 0A EB 08 24 54 90 AE AC F0 E9 7C
d120
d13/
d163/
d55
f139/
f58/
n116
n70
n77
d11
d28
d281/
d54/
f179/
f216/
f245
f9
f92/
n79
Invalid operation
Invalid operation
Invalid operation
/f48/d66/d163/d290/f58/f245
d11
d220/
d28
d281/
d54/
f179/
f189/
f216/
f245
f9
n79
Null
f245:x7xixvi9kcrdpt3qzq_7jn9stshu1zr
f245:x7xixvi9kcrdpt3qzq_7jn9stshu1zr
f245:md:31
Invalid operation
f245:x7xixvi9kcrdpt3qzq_7jn9stshu1zr
f245:31
d11:17
n114:9
d28:7
f245:31
d11:17
n114:9
d28:7
f9:5
n79:0
f245:x7xixvi9kcrdpt3qzq_7jn9stshu1zr
f245:x7xixvi9kcrdpt3qzq_7jn9stshu1zrx
d11
d17
d216/
d220/
d281/
d54/
f179/
f189/
f245
f48
f9
n79
f245:md:32
Null
d17:0C 2A
/f48/d66/d163/d290/f58/f179/d46
f32:51 8E 1A
Invalid operation
d46:txt:28
f32:8E 1A
Invalid operation
d46:enhmjyuh7.lrr8gf9m3 creko_y5
d46
d52/
f32
/f48/d66/d163/d290/f58/f179/d46
d46:28
f32:6
f245:x7xixvi9kcrdpt3qzq_7jn9stshu1zrx
Invalid operation
/f48/d66/d163/d290/f58/f245
d11
d17
d216/
d220/
d281/
d54/
f170
f179/
f189/
f245
f48
f9
n79
d120
d13/
d163/
d166
d55
f139/
f58/
n116
n70
n77
f58:dir:0
d120:
d162:82 E6 B6 25 13 C4 6B 4C D0 A7 0A EB 08 24 54 90 AE AC F0 E9 7C 00 00 00
d162:24
d120
d13/
d163/
d166
d214/
d42
f139/
f58/
n116
n70
n77
d162:54 90 AE AC F0 FF 0B
Invalid operation
Invalid operation
d120
d13/
d163/
d166
d214/
d42
d55
f139/
f58/
n108/
n116
n70
n77
d120
d13/
d163/
d166
d214/
d42
f139/
f58/
n108/
n116
n22/
n70
n77
d166:17
d120:11
n116:7
d162:FD 87 0E 80 A3 97 82 E6 B6 25 13 C4 6B 4C D0 A7 0A EB 08 24 54 90 AE AC
d162:18
d120:x_rln5y82zxkhm6wqo5npx
d120:22
d166:17
f201:7
n116:7
d42:0
n70:0
n77:0
d162:FF 0B
/f48/d66/d163/d290/d120
Invalid operation
d238:98 DC C3 C7
Invalid operation
d120
d13/
d163/
d166
d214/
d238
d42
f127
f139/
f201
f240
f49
f58/
n108/
n116
n22/
n70
n77
d120
d13/
d163/
d166
d214/
d238
d42
f139/
f201
f49
f58/
n108/
n116
n22/
n70
n77
d238:DC C3
d16:n6laxd4zl36iddw
Invalid operation
d162:AE AC F0 FF 0B
Invalid operation
d16:txt:15
d16
d264
d289
d290/
d88/
f233
f27
n103
n39/
n7/
d16:n6laxd4zl36iddw
Invalid operation
d120:x_rln5y82zxkhm6wqo5npx.sncyy0kqi5.ye3juo7a1x
d16
d264
d289
d290/
d88/
f229/
f233
f27
n103
n39/
n7/
d16:28
n103:15
f27:5
d264:0
d16:n6laxd4zl36iddw q69_t48e4rmp
Invalid operation
d16
d239
d264
d289
d290/
d88/
f229/
f233
f27
n103
n39/
n7/
d16
d264
d289
d290/
d88/
f229/
f233
f27
n103
n39/
n7/
d162:A7 0A EB 08
d162:A7 0A EB 08 24
/f48/d66/f282
/f48/d66/d163/d16
Invalid operation
d16:n6laxd4zl36iddw q69_t48e4rmpv40wgp
f120
/f48/d66/d163/d37/f120
/f120
/f48/d66/d192
f120
f235/
f120
f141/
f235/
f120:2niyo1q74
Invalid operation
f120:2niyo1q74
d86:16
f120:9
Invalid operation
d155
d86
f120
f141/
f235/
f120:txt:9
/f48/d66/d163/d37/f120
/f120
d162:7C 83 26 61 6C 88 7C 0A 6B 11 F7 C3 B7
Invalid operation
f120:2niyo1q74
d162:87 0E 80 A3 97 82 E6 B6 7C 83 26 61 6C 88 7C 0A 6B 11 F7 C3 B7 F9 AD 30 A9 76
d16:46
n103:15
f27:5
d264:0
d289:0
f233:0
d16:txt:46
d16
d17/
d289
d290/
d37/
d88/
f229/
f233
f27
n103
n104/
n112/
n7/
d105:dir:0
d162:00 00
Invalid operation
d105/
Invalid operation
d105:dir:0
Invalid operation
/f48/d66/d163/f229/n111
d105/
f140
n111
d105/
f140
n111
n111:16
f140:5
f140:97 60 DD
Null
Invalid operation
f140:97
n22/
n22:dir:0
/f48/d66/d163/f229/n111
n111:ke1zfx2-.s59x8lzz1zgqa5
/f48/d66/d163/f229/n111
f45:dir:0
f45/
n22/
/f48/d66/d163/f229/n111
Null
f257:6acr7051n-m-
f257
Invalid operation
d136/
d16
d17/
d240
d289
d290/
d37/
d88/
f229/
f233
f27
f79
n103
n104/
n112/
n7/
n89/
f46/
/f48/d66/d163/d16
d136/
d16
d17/
d240
d289
d290/
d37/
d88/
f229/
f233
f27
f79
n103
n104/
n112/
n7/
n89/
Invalid operation
d30
f149
Invalid operation
f163:2
f163
f41/
f163:00 00
Invalid operation
Invalid operation
f246:15
f149:12
f149:3hyeq3kbus2x
/f48/d66/d163/d136/f149
n52:17
f246:15
f149:txt:12
f222:43 17
f149:3hyeq3kbus2x
f149:txt:12
Invalid operation
/f48/d66/d163/d136/f149
f149:3hyeq3kbus2xx
f149:3hyeq3kbus2xx
Invalid operation
/f48/d66/d163/d136/f149
d240:DF F8
/f48/d66/d163/d16
d240:17 DF
Invalid operation
d240:17 DF F8
Invalid operation
d16:n6laxd4zl36iddw q69_t48e4rmpv40wgpqxu1uh2b_8r0xetavgt_coo0c-_xta
d16:n6laxd4zl36iddw q69_t48e4rmpv40wgpqxu1uh2b_8r0xetavgt_coo0c-_xta
d16:txt:65
Invalid operation
d136/
d16
d17/
d240
d289
d290/
d32
d34/
d37/
d88/
f226
f229/
f233
f79
n103
n104/
n112/
n7/
n89/
d240:C2 72
d240:00 E5
d240:00 7C B7 A1 A4 37
/f48/d66/d163/n89/f223
f223:cdgcgzx4id26.gr
Invalid operation
Invalid operation
Null
d240:4A C2
d16:n6laxd4zl36iddw q69_t48e4rmpv40wgpqxu1uh2b_8r0xetavgt_coo0c-_xta_7r_mfodxx0nv
f35:dir:0
Invalid operation
d240:E5 4A C2
Invalid operation
Invalid operation
Invalid operation
d207/
d271/
f186/
f35/
f82
f82:ic q-or0oxi
d240:63 C0 D1 19 86 DE
d240:19 86 DE CC 00 E5
d16:n6laxd4zl36iddw q69_t48e4rmpv40wgpqxu1uh2b_8r0xetavgt_coo0c-_xta_7r_mfodxx0nvx mv2zw8jobi
/f48/d66/d163/n89/d151
d151:11
Invalid operation
Invalid operation
Null
/f48/d66/d163/n89/d271/d275
d151/
d275
f43/
d275:0f
Invalid operation
d275:txt:2
d275:txt:2
/f48/d66/d163/n89/d271/d275
d151/
d235/
d24
d275
f160/
f251/
f43/
d275:0f
/f48/d66/d163/n89/d271/d275
d107:0A
d107:0A 00
d275:0f
Invalid operation
Invalid operation
Null
d275:0f
f129:6
f247:6
d156:3
d151/
d156
d235/
d275
f129
f160/
f227
f247
f35/
f43/
Null
d107:18
d275:0f
d151/
d156
d235/
d275
f129
f160/
f227
f247
f35/
f43/
n58
d275:9
n58:9
f129:6
f247:6
d156:3
f227:2
d107
d151
d271/
f186/
f35/
f95/
Invalid operation
Invalid operation
d107
d151
d271/
f186/
f35/
f95/
Null
Invalid operation
Invalid operation
d136/
d16
d17/
d240
d289
d290/
d32
d34/
d37/
d88/
f226
f229/
f233
f79
n103
n104/
n112/
n7/
n89/
Invalid operation
d136/
d16
d17/
d240
d289
d290/
d291
d32
d34/
d37/
d88/
f226
f229/
f233
f79
n103
n104/
n112/
n7/
n89/
d136/
d16
d17/
d240
d289
d290/
d291
d32
d34/
d37/
d88/
f226
f229/
f233
f79
n103
n104/
n112/
n7/
n89/
Invalid operation
d13
d136/
d16
d17/
d240
d289
d29
d290/
d32
d34/
d37/
d88/
f160/
f229/
f233
f272
f4
f79
n103
n104/
n112/
n7/
n76/
n89/
Invalid operation
d240:C0 D1 19 86 DE CC
Invalid operation
d16:n6laxd4zl36iddw q69_t48e4rmpv40wgpqxu1uh2b_8r0xetavgt_coo0c-_xta_7r_mfodxx0nvx mv2zw8jobi41v-
Invalid operation
Invalid operation
d13
d136/
d16
d17/
d211/
d24
d240
d289
d29
d290/
d32
d34/
d37/
d88/
f160/
f229/
f233
f272
f4
f79
n103
n104/
n112/
n7/
n76/
n89/
Null
/f48/d66/d163/n7/d271
/f48/d66/d163/n7/d271
d271
Invalid operation
d13
d136/
d16
d17/
d211/
d24
d240
d29
d290/
d32
d34/
d37/
d88/
f160/
f229/
f233
f272
f4
f79
n103
n104/
n112/
n7/
n76/
n89/
n93/
d16:txt:93
d240:D2 22 A6 63 C0 D1
d13
d136/
d16
d17/
d211/
d24
d240
d29
d290/
d32
d34/
d37/
d88/
f160/
f229/
f233
f272
f4
f79
n103
n104/
n112/
n24
n7/
n76/
n89/
n93/
Invalid operation
d16:txt:109
d16:txt:109
d16:n6laxd4zl36iddw q69_t48e4rmpv40wgpqxu1uh2b_8r0xetavgt_coo0c-_xta_7r_mfodxx0nvx mv2zw8jobi41v-a34jlgeanlx54lvn
d16:109
f121:17
n103:15
d240:13
d240:D1
d16:n6laxd4zl36iddw q69_t48e4rmpv40wgpqxu1uh2b_8r0xetavgt_coo0c-_xta_7r_mfodxx0nvx mv2zw8jobi41v-a34jlgeanlx54lvn
d16:n6laxd4zl36iddw q69_t48e4rmpv40wgpqxu1uh2b_8r0xetavgt_coo0c-_xta_7r_mfodxx0nvx mv2zw8jobi41v-a34jlgeanlx54lvn
d16:txt:109
d16:txt:109
Invalid operation
Invalid operation
d162:66 33 9D 13 FD 0B FD 87 0E 80 A3 97 82 E6 B6 7C 83 26 61 6C 88 7C 0A
d110:51
d162:47
f78:16
f282:15
d195:11
d158:8
d192:6
Invalid operation
Invalid operation
n70:dir:0
Invalid operation
d162:97 82 E6 B6 7C 83 26 61 6C 88 7C 0A
n70:dir:0
/f48/d66/d110
d110:zypgrkd1xpzqacogw6rqf-r3b6rxxxxhzxw6yxxxxxx3wc575i_
d110
d125/
d137/
d158
d162
d163/
d192
d195
d245/
d256/
d27
d274
d52
d68/
f104/
f136
f180
f198/
f209/
f217
f219/
f244/
f258
f260
f282
f294
f78
f82
n101/
n114/
n119/
n25
n70/
n95
n97/
Invalid operation
d110
d125/
d137/
d158
d162
d163/
d192
d195
d245/
d256/
d27
d274
d52
d68/
f104/
f136
f180
f198/
f209/
f217
f219/
f244/
f258
f260
f282
f294
f78
f82
n101/
n114/
n119/
n25
n70/
n95
n97/
/f48/d66/d110
d110
d125/
d137/
d158
d162
d163/
d192
d195
d245/
d256/
d27
d274
d52
d68/
f104/
f136
f180
f198/
f209/
f217
f219/
f244/
f258
f260
f282
f294
f78
f82
n101/
n114/
n119/
n25
n70/
n95
n97/
Invalid operation
/f48/f230
n37:6C
Null
f230:_0xe3yhykva-qh8yzqt.sgciixxxega.xo6 i4fd3xpgxa5 knd3b53ktw4kbie-a0.pkmtup_g_f1z9mklleg421419fsx
f230:95
n37:46
n85:14
d226:13
d281:13
f230:95
n37:46
Invalid operation
Invalid operation
f230:95
n37:46
n85:14
d226:13
d281:13
f210:13
d264:B3 A2 C6 00 59 B1 52 39 F7 15 FB 19 BA 61 D8 A2 5B 59 41 FB 72 DD 11 64 A6 02
Invalid operation
d272:dir:0
d272:dir:0
d272:dir:0
d280:270
d264:30
n118:16
d280:6d1g21_6lrt8 eo 6c4-v9l_b09bs4u1t067awrer8.3dwp3usvop17w8_yp78va_ c7wm7g4d958yjx74xx49jgxx0.p8ng2wmptpidm9s4c6visk_3qrsdbx1gvmuta-nx.0hrhz7215m2n_fvxfe_ivtg n542-h_idsqxtx9p518xk7i0xxxivxv7hjg45uyccu21voo4yp47371b865x328o_h2cg8958j_zxdyyrxirc6tuhxqyf1c_c.io4xh8hhjfmqllx
d280:6d1g21_6lrt8 eo 6c4-v9l_b09bs4u1t067awrer8.3dwp3usvop17w8_yp78va_ c7wm7g4d958yjx74xx49jgxx0.p8ng2wmptpidm9s4c6visk_3qrsdbx1gvmuta-nx.0hrhz7215m2n_fvxfe_ivtg n542-h_idsqxtx9p518xk7i0xxxivxv7hjg45uyccu21voo4yp47371b865x328o_h2cg8958j_zxdyyrxirc6tuhxqyf1c_c.io4xh8hhjfmqllx
Invalid operation
d272:dir:0
Invalid operation
d280:6d1g21_6lrt8 eo 6c4-v9l_b09bs4u1t067awrer8.3dwp3usvop17w8_yp78va_ c7wm7g4d958yjx74xx49jgxx0.p8ng2wmptpidm9s4c6visk_3qrsdbx1gvmuta-nx.0hrhz7215m2n_fvxfe_ivtg n542-h_idsqxtx9p518xk7i0xxxivxv7hjg45uyccu21voo4yp47371b865x328o_h2cg8958j_zxdyyrxirc6tuhxqyf1c_c.io4xh8hhjfmqllx
/f5/f19
f19
f19
f19:bin:6
d89
f19
n48
n58/
Invalid operation
d10/
d110/
d125/
d126
d165/
d169
d173
d188
d193/
d201
d205
d209
d228
d261/
d262/
d264
d268/
d272/
d280
d297/
d32
d46/
d49
d62
d67/
d75
d90/
f101
f120
f136
f137/
f145
f16/
f177
f180/
f181
f199/
f209
f210
f221/
f23
f251/
f26/
f282/
f285/
f40
f48/
f5/
f85/
n109/
n117/
n118
n119
n12/
n38/
n46/
n47
n48
n77
Invalid operation
d280:271
d264:33
n118:16
d32:14
d280:271
d264:33
n118:16
d32:14
Invalid operation
d280:6d1g21_6lrt8 eo 6c4-v9l_b09bs4u1t067awrer8.3dwp3usvop17w8_yp78va_ c7wm7g4d958yjx74xx49jgxx0.p8ng2wmptpidm9s4c6visk_3qrsdbx1gvmuta-nx.0hrhz7215m2n_fvxfe_ivtg n542-h_idsqxtx9p518xk7i0xxxivxv7hjg45uyccu21voo4yp47371b865x328o_h2cg8958j_zxdyyrxirc6tuhxqyf1c_c.io4xh8hhjfmqllxx
Invalid operation
Invalid operation
f19:83 21 9B 76 00 00
f19:6
Invalid operation
Invalid operation
Invalid operation
d280:6d1g21_6lrt8 eo 6c4-v9l_b09bs4u1t067awrer8.3dwp3usvop17w8_yp78va_ c7wm7g4d958yjx74xx49jgxx0.p8ng2wmptpidm9s4c6visk_3qrsdbx1gvmuta-nx.0hrhz7215m2n_fvxfe_ivtg n542-h_idsqxtx9p518xk7i0xxxivxv7hjg45uyccu21voo4yp47371b865x328o_h2cg8958j_zxdyyrxirc6tuhxqyf1c_c.io4xh8hhjfmqllxx
n89:dir:0
n89:dir:0
d106
d138
d139
d168/
d212
d221/
d225/
d233
d256/
d26/
d287
d75/
f151
f166
f186
f228/
f36
f39
f77/
f99
n47
n89/
Null
f151:slxgjw2aw.ddk40bz
Invalid operation
f151:slxgjw2aw.ddk40bz9l6
d106:22
f151:20
n47:13
Invalid operation
/n109/f151
d280:271
d264:33
n118:16
d32:14
f101:14
f40:14
Null
Invalid operation
d10/
d110/
d125/
d126
d165/
d169
d173
d188
d193/
d201
d205
d209
d228
d261/
d262/
d264
d268/
d272/
d297/
d32
d46/
d49
d62
d67/
d75
d90/
f101
f120
f136
f137/
f145
f16/
f177
f180/
f181
f199/
f209
f210
f221/
f23
f251/
f26/
f282/
f285/
f40
f48/
f5/
f61/
f85/
n109/
n117/
n118
n119
n12/
n38/
n46/
n47
n48
n77
Null
Invalid operation
Null
Null
d272:dir:0
d10/
d110/
d125/
d126
d165/
d169
d173
d188
d193/
d201
d205
d209
d228
d261/
d262/
d264
d268/
d272/
d297/
d32
d46/
d49
d62
d67/
d75
d90/
f101
f120
f136
f137/
f145
f16/
f177
f180/
f181
f199/
f209
f210
f221/
f23
f251/
f26/
f282/
f285/
f40
f48/
f5/
f61/
f85/
n109/
n117/
n118
n119
n12/
n38/
n46/
n47
n48
n77
Null
Invalid operation
/d75
d75:8c9nwv6z
d10/
d110/
d125/
d126
d165/
d169
d173
d188
d193/
d201
d205
d209
d228
d261/
d262/
d264
d268/
d272/
d297/
d32
d46/
d49
d62
d67/
d75
d90/
f101
f120
f136
f137/
f145
f16/
f177
f180/
f181
f199/
f209
f210
f221/
f23
f251/
f26/
f282/
f285/
f40
f48/
f5/
f61/
f85/
n109/
n117/
n118
n119
n12/
n38/
n46/
n47
n48
n77
d264:33
n118:16
d32:14
d176:txt:13
d176:bozy4o 3210w 
Invalid operation
d264:F1 BA 18 AF 99
d10/
d110/
d125/
d126
d165/
d169
d173
d188
d193/
d201
d205
d209
d228
d261/
d262/
d264
d268/
d272/
d284/
d297/
d32
d46/
d49
d62
d67/
d75
d90/
f101
f120
f136
f137/
f145
f16/
f177
f180/
f181
f199/
f209
f210
f221/
f23
f251/
f26/
f282/
f285/
f40
f48/
f5/
f61/
f85/
n109/
n117/
n118
n119
n12/
n38/
n46/
n47
n48
n77
Invalid operation
/d75
d264:31
n118:16
d32:14
d75:8c9nwv6z
/d75
d264:31
n118:16
d32:14
d10/
d110/
d125/
d126
d165/
d169
d173
d188
d193/
d201
d205
d209
d228
d261/
d262/
d264
d268/
d272/
d284/
d297/
d32
d46/
d49
d62
d67/
d75
d90/
f101
f120
f136
f137/
f145
f16/
f177
f180/
f181
f199/
f209
f210
f221/
f23
f251/
f26/
f282/
f285/
f40
f48/
f5/
f61/
f85/
n109/
n117/
n118
n119
n12/
n38/
n46/
n47
n48
n77
Invalid operation
Null
d264:31
n118:16
d32:14
f101:14
f40:14
d10/
d110/
d125/
d126
d165/
d169
d173
d188
d193/
d201
d205
d209
d228
d261/
d262/
d264
d268/
d272/
d284/
d297/
d32
d46/
d49
d62
d67/
d75
d90/
f101
f120
f136
f137/
f145
f16/
f177
f180/
f181
f199/
f209
f210
f221/
f23
f251/
f26/
f282/
f285/
f40
f48/
f5/
f61/
f85/
n109/
n117/
n118
n119
n12/
n38/
n46/
n47
n48
n77
d10/
d110/
d125/
d126
d165/
d169
d173
d188
d193/
d201
d205
d209
d228
d261/
d262/
d264
d268/
d272/
d284/
d297/
d32
d46/
d49
d62
d67/
d75
d90/
f101
f120
f136
f137/
f145
f16/
f177
f180/
f181
f199/
f209
f210
f221/
f23
f251/
f26/
f282/
f285/
f40
f48/
f5/
f61/
f85/
n109/
n117/
n118
n119
n12/
n38/
n46/
n47
n48
n77
Null
d264:31
n118:16
d32:14
d264:31
n118:16
d32:14
Invalid operation
d264:31
n118:16
d32:14
/d75
d264:31
n118:16
d32:14
f101:14
f40:14
d126:12
d173:12
d205:12
d264:31
n118:16
d32:14
d264:31
n118:16
d32:14
d75:8c9nwv6z
d10/
d110/
d125/
d126
d165/
d169
d173
d188
d193/
d201
d205
d209
d228
d261/
d262/
d264
d268/
d272/
d284/
d297/
d32
d46/
d49
d62
d67/
d75
d90/
f101
f120
f136
f137/
f145
f16/
f177
f180/
f181
f199/
f209
f210
f221/
f23
f251/
f26/
f282/
f285/
f40
f48/
f5/
f61/
f85/
n109/
n117/
n118
n119
n12/
n38/
n46/
n47
n48
n77
Invalid operation
d264:32
Invalid operation
d272:dir:0
/d75
d10/
d110/
d125/
d126
d165/
d169
d173
d188
d193/
d201
d205
d209
d228
d261/
d262/
d264
d268/
d272/
d284/
d297/
d32
d46/
d49
d62
d67/
d75
d90/
f101
f120
f136
f137/
f145
f16/
f177
f180/
f181
f199/
f209
f210
f221/
f23
f251/
f26/
f282/
f285/
f40
f48/
f5/
f61/
f85/
n109/
n117/
n118
n119
n12/
n38/
n46/
n47
n48
n77
d264:32
n118:16
d32:14
d264:32
n118:16
d32:14
d10/
d110/
d125/
d126
d165/
d169
d173
d188
d193/
d201
d205
d209
d228
d261/
d262/
d264
d268/
d272/
d284/
d297/
d32
d46/
d49
d62
d67/
d75
d90/
f101
f120
f136
f137/
f145
f16/
f177
f180/
f181
f199/
f209
f210
f221/
f23
f251/
f26/
f282/
f285/
f40
f48/
f5/
f61/
f85/
n109/
n117/
n118
n119
n12/
n38/
n46/
n47
n48
n77
d75:8c9nwv6z
d264:A0 48 A1 15 D4 4B 19 95 BC
d235/
d235/
d100
d235/
Invalid operation
Invalid operation
d100:2E
Invalid operation
d100
d235/
/d284/d100
d100:C4 EF 30
d100
d206
f258/
d264:32
n118:16
d32:14
d272:dir:0
Invalid operation
d264:32
n118:16
d32:14
d264:7F B7 13 DA
d75:8c9nwv6z
d264:32
n118:16
d32:14
d264:37 BA F1 BA B2 D9 A0 48 A1 15 D4 4B 19 95 BC 41 7F B7 13 DA F8 AE
Invalid operation
d48:n6s29xc_tqixs4fl1_
d272:dir:0
d264:34
n118:16
d32:14
d264:34
n118:16
d32:14
/d75
d264:34
n118:16
d32:14
d264:34
n118:16
d32:14
d264:34
n118:16
d32:14
d264:34
n118:16
d32:14
d272:dir:0
d264:34
n118:16
d32:14
d264:34
n118:16
d32:14
d75:8c9nwv6zx
d264:7F B7 13 DA F8 AE E6 A6 1A 00 00
Null
d264:D1 99 50 5A DA CC 37 BA F1 BA B2 D9 A0 48 A1 15 D4 4B 19 95 BC 41 7F B7 13 DA F8
n48: lzy9z-2qw
Invalid operation
Invalid operation
Invalid operation
d264:00
d75:8c9nwv6zx
d11
d11
d264:00
Invalid operation
Invalid operation
d11
d88/
Null
Invalid operation
d11:txt:13
d264:A6
d264:BA F1
d11:txt:13
d264:B7 13 DA
d264:6F 58 E6 A0 0E E4
Invalid operation
d88:dir:0
/n38/f88/f41
d11
d214/
d48/
d88/
f41
n24/
f88/
d264:D4 4B 19 95 BC 41 7F B7 13 39 DB A9 CF 8D AA 0E E4 6A
Invalid operation
f88/
f88:dir:0
Invalid operation
/n38/f82
d260
d269/
f137/
f82
f88/
/n38/f82
/n38/f137/f109
f109
/n38/f82
f41:17
d11:13
d264:F1 BA B2 D9 A0
d264:DB A9 CF 8D AA 0E E4 6A 00 00 00 BC C6 32
f41:5k4h9ic4sj6pc8a_f9o9_si
d11
d214/
d48/
d88/
f41
n113/
n12
n24/
d11
d214/
d48/
d88/
f103/
f41
n113/
n12
n24/
f41:5k4h9ic4sj6pc8a_f9o9_si
d264:B7
Invalid operation
d11
d214/
d88/
f103/
f41
n113/
n12
n24/
d88:dir:0
d88:dir:0
f41:5k4h9ic4sj6pc8a_f9o9_si
f41:23
d11:13
f41:23
d11:13
d81:5
d88:dir:0
d11
d214/
d260/
d81
d88/
f103/
f41
n113/
n24/
d81:00
f41:24
d11:13
d81:5
d81:00 00 00
d11
d112
d214/
d260/
d31/
d81
d88/
f103/
f41
f62/
n113/
n24/
Invalid operation
f82:
Invalid operation
d177
d72
f109
f96
d177
d72
f109
f96
d264:99 50 5A DA CC 37 BA F1 BA B2 D9 A0 E8 C1 AA
Null
f96
f82:
Null
f298
f298
n56/
f172:a7pk73inf5l8d6_yl
f172:a7pk73inf5l8d6_yl
Invalid operation
f172:17
n66:2
Invalid operation
Invalid operation
d107
d33
f172
f262/
n39
n66
Invalid operation
d107
d33
f172
f262/
n39
n63
n66
d107:73
f172:17
f175:6
n39:6
n63:3
d107:2
n66:2
f172:17
d107:7
f175:6
n39:6
n63:3
f172:a7pk73inf5l8d6_yl
Invalid operation
d107:8C F2 EE
/n38/f137/n56/f172
Invalid operation
d107:73 DF B8 73 E5 27 8C F2 EE
Null
d107:53
d89:20
d233:3
d89:rnklvauox94io._zsmit
d107:F6 05 9F 51
Invalid operation
/n38/f137/n56/f262/d89
d89:21
d33:5
d233:3
d89:21
d33:5
d233:3
Invalid operation
f194:
f194:
f194:txt:0
/n38/f137/n56/f262/f195/d134/f194
d141:txt:0
Invalid operation
/n38/f137/n56/f262/f195/f131
Invalid operation
d134/
f131
Invalid operation
f131:0
Invalid operation
d17/
d86/
d86:dir:0
Null
Invalid operation
Invalid operation
Invalid operation
d33:D5 F6 F5 04 1E 77 00
/n38/f137/n56/f262/f195/d134/f52
Invalid operation
d86:dir:0
f52:00 00
f52:00 00
/n38/f137/n56/f262/f195/d134/f52
Invalid operation
Null
d17/
d236/
d25
d86/
f119/
f52
n119
n41
Invalid operation
Invalid operation
Invalid operation
d86:dir:0
Invalid operation
f52:00 00
Invalid operation
Invalid operation
d17/
d236/
d25
d86/
f119/
f13
f217/
f52
n119
n41
f52:00 00 F3 66 3C 00 00
n41:16
d25:15
n119:15
f52:13
Invalid operation
n41:16
d25:15
n119:15
f52:13
f68:5
f52:78 41 8D B2
d17/
d236/
d25
d86/
f119/
f52
f68
n119
n41
n86/
Invalid operation
Invalid operation
d134/
f220
f52:B2 1A F3 66 3C 00
Invalid operation
Invalid operation
Invalid operation
Invalid operation
d86:dir:0
f52:00
/n38/f137/n56/f262/f195/d134/f52
/n38/f137/n56/f262/f195/d134/f52
Invalid operation
f154:
f154
Invalid operation
f154
/n38/f137/n56/f262/f195/d134/f119/f154
f154:r
d86:dir:0
d17/
d236/
d25
d86/
f119/
f294
f52
f68
n115
n41
n86/
f154:1
Invalid operation
f154:
f154:txt:0
Invalid operation
Invalid operation
d288
f154
f284/
f154:
d288:00
/n38/f137/n56/f262/f195/d134/f119/f154
Invalid operation
n41:16
Invalid operation
d17/
d236/
d25
d86/
f119/
f294
f52
n115
n41
n86/
Invalid operation
d17/
d236/
d25
d86/
f119/
f294
f52
n115
n41
n86/
Invalid operation
f52:00
d86:dir:0
d17/
d236/
d25
d86/
f119/
f252/
f274/
f294
f52
n115
n41
n46/
n86/
Invalid operation
d17/
d236/
d25
d86/
f119/
f252/
f274/
f294
f52
n115
n41
n86/
f220:15
f220:176orlg6grfb6vsx
/n38/f137/n56/f262/f195/f220
Invalid operation
d33:F5 04 1E 77 00 00
Invalid operation
d33:90 D5 F6
Null
d134:dir:0
d162:28
/n38/f137/n56/f262/f195/f220
/n38/f137/n56/f262/f195/f220
Invalid operation
d33:D5 F6
f220:16
f114:0
d134/
f114
f220
f279/
f220:16
d63:2
f114:0
d134:dir:0
Null
Invalid operation
d134/
d63
f114
f220
f279/
f220:176orlg6grfb6vsxo9w 923d
f220:176orlg6grfb6vsx
Invalid operation
f140:C6 2D A9 0D
/n38/f137/n56/f262/f195/f220
Invalid operation
/n38/f137/n56/f262/f195/f220
Null
d134/
d243/
f220
f279/
Invalid operation
d33:77
/n38/f137/n56/f262/d89
d233
d33
d89
f195/
n56/
f172:17
d258:15
d107:14
d200:12
d200
d258
f172
f175
f240/
f262/
f66/
n39
n63
n66
n69/
n9/
Invalid operation
f172:a7pk73inf5l8d6_yl
Invalid operation
/n38/f137/n56/f172
Invalid operation
d200
d298/
f165/
f172
f175
f240/
f262/
f50/
n39
n63
n66
n69/
n9/
d200
d298/
f165/
f172
f175
f240/
f262/
f50/
n39
n63
n66
n69/
n9/
/n38/f137/n56/f172
d200
d298/
f165/
f172
f175
f240/
f262/
f50/
n39
n63
n66
n69/
n9/
d264:CC 37 BA
f172:md:17
f172:md:17
Invalid operation
f172:a7pk73inf5l8d6_yl
d200
f165/
f172
f175
f240/
f262/
n39
n63
n66
n69/
n9/
f172:a7pk73inf5l8d6_yl
Invalid operation
f172:17
d200:12
f175:6
n39:6
n63:3
n66:2
Invalid operation
f172:a7pk73inf5l8d6_yl
f172:a7pk73inf5l8d6_yl
f172:17
f167:15
d200:12
f175:6
n39:6
n63:3
n66:2
Invalid operation
f172:17
f167:15
d200
d225/
f165/
f167
f172
f175
f240/
f262/
n39
n63
n66
n69/
n9/
/n38/f137/n56/f172
Invalid operation
d235/
f140:3hm5bc.v
/d188
n1:00
Invalid operation
Invalid operation
d235:dir:0
Invalid operation
d200
d225/
d257
f165/
f167
f172
f175
f240/
f262/
n1
n39
n63
n66
n69/
n9/
f172:a7pk73inf5l8d6_yl0c9 9.3xe4o9
f172:md:29
f172:39
f167:15
d200:12
f175:6
n39:6
d257:3
n63:3
Invalid operation
Invalid operation
f172:md:39
f172:39
f167:15
d200:12
f175:6
n39:6
f82:x
f82:xzq7d0dwenou5fcn1
d200
d225/
d257
f165/
f167
f172
f175
f240/
f262/
n1
n27/
n39
n63
n66
n69/
Null
d264:C2 08 BA 68 32 44 08 31 6E 8B 16 AE
f88:dir:0
Invalid operation
d264:F9 64 68 61 7D 52 63 00 00 BC C6 32 12 00 00 00 00 00 00
Invalid operation
d2/
f137/
f25/
f82
f88/
Invalid operation
d264:00 00 00
/n38/f82
Invalid operation
f88:dir:0
d2/
f137/
f25/
f82
f88/
f88:dir:0
f88:dir:0
Invalid operation
d75:8c9nwv6zxx
d264:74 AB 85
/d75
d264:57
n118:16
d32:14
d264:57
n118:16
d32:14
d264:57
n118:16
d32:14
Invalid operation
d264:57
n118:16
d32:14
d264:57
n118:16
d32:14
f101:14
f40:14
d126:12
d173:12
d205:12
d264:57
n118:16
d32:14
Null
Invalid operation
d264:57
n118:16
d32:14
d75:8c9nwv6zxxl
Invalid operation
d264:57
n118:16
d32:14
d75:8c9nwv6zxxl
d10/
d110/
d125/
d126
d165/
d169
d173
d188
d193/
d201
d205
d209
d228
d261/
d262/
d264
d268/
d272/
d284/
d297/
d32
d46/
d49
d62
d67/
d75
d90/
f101
f120
f136
f137/
f145
f16/
f177
f180/
f181
f199/
f209
f210
f221/
f23
f251/
f26/
f282/
f285/
f40
f48/
f5/
f61/
f85/
n109/
n117/
n118
n119
n12/
n38/
n46/
n47
n48
n77
d10/
d110/
d125/
d126
d165/
d169
d173
d188
d193/
d201
d205
d209
d228
d261/
d262/
d264
d268/
d272/
d284/
d297/
d32
d46/
d49
d62
d67/
d75
d90/
f101
f120
f136
f137/
f145
f16/
f177
f180/
f181
f199/
f209
f210
f221/
f23
f251/
f26/
f282/
f285/
f40
f48/
f5/
f61/
f85/
n109/
n117/
n118
n119
n12/
n38/
n46/
n47
n48
n77
d264:57
n118:16
d32:14
d264:77
Null
Invalid operation
d264:57
n118:16
d32:14
d264:57
n118:16
d32:14
d272:dir:0
f236:dir:0
Invalid operation
/f251/d290
/f251/d290
d264:57
n118:16
d32:14
f236:dir:0
d290:14
d290:md:14
d264:AB 85 88
d264:57
n118:16
d32:14
Invalid operation
d244
f151/
f185
f208/
d244
f151/
f185
f208/
n0/
d244:utox6cjpxx
/f199/d244
f185:03
f151:dir:0
f185:5F A7 AD
Invalid operation
d193
d244
f151/
f163/
f185
n0/
d193
d244
f151/
f163/
f185
n0/
Invalid operation
d193
d244
f138/
f151/
f163/
f168
f185
n0/
Invalid operation
d193
d244
f138/
f151/
f163/
f168
f185
n0/
Invalid operation
Invalid operation
Invalid operation
Invalid operation
f185:00
Invalid operation
Invalid operation
Invalid operation
Null
f299:txt:17
Invalid operation
f185:18
d244:10
f168:7
d193:5
Invalid operation
Invalid operation
f151:dir:0
d193
d200/
d244
f138/
f151/
f168
f185
f268
f89
n0/
n85/
f151:dir:0
Invalid operation
Invalid operation
Invalid operation
Null
Invalid operation
Invalid operation
Invalid operation
f151:dir:0
f185:F7 85
f185:A7 AD 00 00 F4 61 B1 81 67 F7 85 00
Invalid operation
d264:57
n118:16
d32:14
d264:57
n118:16
d32:14
d264:77 31 6E 8B 16 AE FC 5C 28 F9 64 68 61 7D
Invalid operation
/f180/f207
n55:dir:0
Invalid operation
Invalid operation
Invalid operation
d76:13
d76:b66 w4- -o3cr
/f180/d76
d287/
d76
f112/
f126/
n55/
d76:b66 w4- -o3cr
d264:28 F9 64 68 61 7D 52 63 00 00 BC C6 32 12 00 00 D5 E6
f220:15
d76:13
d287/
d76
f112/
f126/
f14/
n55/
Invalid operation
Invalid operation
Invalid operation
f104:6y.du0-wqhawypxgggq_n
d143/
d207
d223/
d229/
d287/
f104
f112/
f126/
f141
f64/
n55/
d264:63 0C 2B
/f180/f104
f104:6y.du0-wqhawypxgggq_n
Invalid operation
f201:19 A8 00 00 81 A7
d143/
d207
d223/
d229/
d28
d287/
f104
f112/
f126/
f141
f201
f64/
n55/
f104:22
f201:9
f141:7
d207:0
d28:0
f52:0
Invalid operation
f201:CA B6 99 19 A8 00 00 81
f104:22
f104:6y.du0-wqhawypxgggq_nx
d143/
d207
d223/
d229/
d28
d287/
f104
f112/
f126/
f141
f201
f52
f64/
n55/
Invalid operation
d264:57
n118:16
d32:14
Invalid operation
d264:57
n118:16
d32:14
d264:57
n118:16
d32:14
d264:D5 E6 A7
d272:dir:0
Null
d262
f225
f270
f288/
f57/
n79/
n99/
f270:
n88:00 00
Null
d246
f140/
d246
f128/
f140/
/d165/f127/d246
d228/
d246
f128/
f252/
d228/
d246
f128/
f252/
d246:9B
Null
d246:00 00 00
d228/
d246
f128/
d228/
d246
f128/
f279
/d165/f127/d246
/d165/f127/d246
d246:4A
f270:
Null
f270:y_
n88:E6
d17
d199
d262
f12
f127/
f209/
f225
f270
f288/
f299/
f57/
f98/
n88
f225:16
f12:13
n88:9
d17:7
d144
d17
d199
d262
f12
f127/
f209/
f225
f270
f288/
f299/
f57/
f98/
n88
n88:00 00 DE
f270:y_
f270:txt:2
Invalid operation
d156
d17
d199
d262
f12
f127/
f209/
f225
f270
f288/
f299/
f57/
f98/
n88
f270:y_rt722gcz2dcghl1xv
Invalid operation
Null
/f5/f19
Invalid operation
Invalid operation
d154:bin:0
Null
d137
d154
Null
Null
Invalid operation
Invalid operation
d154:bin:0
d137
d154
f268/
d137:0
d154:0
d137
d154
d212/
d63/
f268/
Invalid operation
Invalid operation
d137
d154
d212/
d63/
f268/
/f5/n7/d154
Invalid operation
d154:bin:2
/f5/n7/d154
/f5/n7/d154
d154:00 00
d137
d154
d212/
d63/
d88/
f159/
f232
f268/
f296
f232:17
d219:4
d154:2
f296:2
d137:0
d154:bin:2
d154:00
Invalid operation
d137
d154
d212/
d219
d63/
d88/
f159/
f232
f268/
f296
Invalid operation
f232:17
d219:4
d154:2
f296:2
d137:0
d125/
d211
d89
f113
f133
f19
f225/
n58/
n7/
d125/
d211
d89
f113
f133
f19
f225/
f23/
n58/
n7/
f19:21 9B
f19:1B DE
f19:14
f133:1
d211:0
d123:4
Invalid operation
/f5/n7/d154
Invalid operation
/f5/n7/d154
d154:00
d154:00 00 00
Invalid operation
f19:9C EF B9 1B DE
d125/
d204
d211
d89
f113
f133
f19
f225/
f268
n58/
n7/
n78
Null
/f5/f19
Invalid operation
d125/
d204
d211
d221
d89
f113
f130/
f133
f19
f225/
f268
f81/
n58/
n7/
n78
Invalid operation
d125/
d204
d211
d89
f113
f130/
f133
f19
f225/
f268
f81/
n58/
n7/
n78
Invalid operation
d125/
d204
d211
d89
f113
f130/
f133
f19
f225/
f268
f81/
n58/
n7/
n78
d125/
d204
d211
d221
d223/
d28
d89
f113
f130/
f133
f19
f225/
f268
f81/
n58/
n7/
n78
f19:00 00 00 A4 9C EF B9 1B DE 00 00 00
f19:bin:19
d125/
d204
d211
d221
d223/
d28
d89
f113
f130/
f133
f19
f225/
f268
f81/
n58/
n7/
n78
Invalid operation
Invalid operation
Invalid operation
Invalid operation
/f5/f19
Invalid operation
f19:20
d269:15
f19:20
Invalid operation
Invalid operation
f19:DE 00 00 00 00 00 B8 00
f19:bin:20
Invalid operation
Invalid operation
Invalid operation
Invalid operation
Invalid operation
d272:dir:0
d10/
d110/
d125/
d126
d165/
d169
d173
d188
d193/
d201
d205
d209
d228
d261/
d262/
d264
d268/
d272/
d284/
d297/
d32
d46/
d49
d62
d67/
d75
d90/
f101
f120
f136
f137/
f145
f16/
f177
f180/
f181
f199/
f209
f210
f221/
f23
f251/
f26/
f282/
f285/
f40
f48/
f5/
f61/
f85/
n109/
n117/
n118
n119
n12/
n38/
n46/
n47
n48
n77
Invalid operation
d264:D2 06 EB FA 7D B1 F2 48 C5 D0 25 2B 1A
d281
f220/
f50/
/f16/d281
d281:13
d264:57 D1 99 50 53 DA CC 37 6D 51 1F B4 8D 09 D0 AE 0B 42 B5 C4 77 31 6E 8B 16 AE FC E2 98 D2 06 EB FA 7D B1 F2 48 C5 D0 25 2B 1A 78 00 D5 E6 A7 00 00 01 07 74 AB 85 88 77
/d201
d281:x 73f4qll r r
d260
d281
f220/
f50/
f69/
f53/
/f16/d281
d272:dir:0
d10/
d110/
d125/
d126
d165/
d169
d173
d188
d193/
d201
d205
d209
d228
d261/
d262/
d264
d268/
d272/
d284/
d297/
d32
d46/
d49
d67/
d75
d90/
f101
f120
f136
f137/
f145
f16/
f177
f180/
f181
f199/
f209
f210
f221/
f23
f251/
f26/
f282/
f285/
f40
f48/
f5/
f61/
f85/
n109/
n117/
n118
n119
n12/
n38/
n46/
n47
n48
n75
n77
d272:dir:0
d264:57
d75:16
n118:16
d290:3jo y0ghquiwqv
d272:dir:0
d264:57
d75:8c9nwv6zxx.r_quybg9-9f
n36
d273/
f66
n36
d273/
f66
n36
n36:kags-xhfwy_-
d273/
f66
n36
/f61/f200/d234
/f61/f200/d234
Invalid operation
Invalid operation
d234
n36:kags-xhfwy_-rqwtiizgu8ruhp5d-d iu
Invalid operation
Invalid operation
d264:CC 37 6D 51 1F
n36:49
f66:10
n68:0
d264:00
f133
f200/
f66
n36
n68
d97
f133
f200/
f66
n36
n68
Invalid operation
n36:49
n36:md:49
d264:88
d146
d97
f133
f200/
f66
n36
n39/
n68
d146
f133
f200/
f66
n36
n68
f45:8A C9 8D
f133
f200/
f45
f66
n36
n68
Invalid operation
d75:8c9nwv6zxx.r_quybg9-9fdt6 elpbvd4j
d272:dir:0
f288/
f288:dir:0
Invalid operation
Invalid operation
d10/
d110/
d125/
d126
d165/
d169
d173
d188
d193/
d201
d203
d205
d209
d228
d261/
d262/
d264
d268/
d272/
d284/
d297/
d32
d46/
d49
d67/
d75
f101
f120
f136
f145
f16/
f177
f180/
f181
f199/
f209
f210
f221/
f23
f251/
f26/
f282/
f285/
f40
f48/
f5/
f61/
f85/
n109/
n117/
n118
n119
n12/
n38/
n46/
n47
n48
n75
n77
Invalid operation
d264:09 D0 AE 0B 42
Null
d75:8c9nwv6zxx.r_quybg9-9fdt6 elpbvd4jx-q38qqv_2gisxln
d272:dir:0
d10/
d110/
d125/
d126
d165/
d169
d173
d188
d193/
d201
d203
d205
d209
d228
d261/
d262/
d264
d268/
d272/
d284/
d297/
d32
d46/
d49
d67/
d75
f101
f120
f136
f145
f16/
f177
f180/
f181
f199/
f209
f210
f221/
f23
f251/
f26/
f282/
f285/
f40
f48/
f5/
f61/
f85/
n109/
n117/
n118
n119
n12/
n38/
n46/
n47
n48
n75
n77
d10/
d110/
d125/
d126
d165/
d169
d173
d188
d193/
d201
d203
d205
d209
d228
d261/
d262/
d264
d268/
d272/
d284/
d297/
d32
d46/
d49
d67/
d75
f101
f120
f136
f145
f16/
f177
f180/
f181
f199/
f209
f210
f221/
f23
f251/
f26/
f282/
f285/
f40
f48/
f5/
f61/
f85/
n109/
n117/
n118
n119
n12/
n38/
n46/
n47
n48
n75
n77
d10/
d110/
d125/
d126
d165/
d169
d173
d188
d190
d193/
d201
d203
d205
d209
d228
d261/
d262/
d264
d268/
d272/
d284/
d297/
d32
d46/
d49
d67/
d75
f101
f120
f136
f145
f16/
f177
f180/
f181
f199/
f209
f210
f221/
f23
f251/
f26/
f282/
f285/
f40
f48/
f5/
f61/
f85/
n109/
n117/
n118
n119
n12/
n38/
n46/
n47
n48
n75
n77
d264:D1 99 50 53 DA CC 37 6D 51 1F B4 8D
d167:
Invalid operation
f229/
f82
Invalid operation
f82:kjx
Invalid operation
Invalid operation
f82:kjx
d124:17
d167:2
d124
d167
Invalid operation
Invalid operation
Invalid operation
d176:_rih_ih2
d124
d124
f90:71 C3 8A
d124
f201/
f260
n46/
n46:dir:0
f90:8
f82:3
f82:kjx
f229:dir:0
f260:5
/d272/f229/f260
/d272/f229/f260
f154:dir:0
f297:0
n108:0
Invalid operation
f90:71 C3 8A 5F 64
Invalid operation
f201/
f260
n46/
Invalid operation
n46:dir:0
Invalid operation
f260:39vc_a2e6g6 sql7q
/d272/f229/n46/d124
Invalid operation
d124
d261/
d124
d261/
d124:19
d16
d240/
d261/
f90:FF 75 95
d16:
Invalid operation
Null
Invalid operation
Invalid operation
Invalid operation
Invalid operation
n46:dir:0
f154:00
Null
Null
f154
f201/
n46/
/d272/f229/f154
Invalid operation
f82:kjx
n46:dir:0
n46:dir:0
f90:75 95 71
Invalid operation
f90:9
n26:4
f82:3
f229/
f82
f90
n26
Invalid operation
Invalid operation
/d272/f82
f82:kjx
d143
f229/
f82
f90
n26
f229:dir:0
Invalid operation
f82:16
f90:9
d143:7
n26:4
f90:FF 75 95 71 C3 8A 5F 00 00
/d272/f90
Invalid operation
/d272/f90
Invalid operation
Invalid operation
Invalid operation
d143
f134/
f229/
f82
f90
n26
f90:C3 8A 5F 00 00
/d272/f90
Invalid operation
d143
f134/
f229/
f90
n26
f90:5F 00 00 00 00
/d272/f90
Invalid operation
Invalid operation
Invalid operation
d143
f134/
f229/
f90
n26
d272:dir:0
d264:64
d264:6E 7C E4 CD C6 6C 23 1A
/d75
Invalid operation
Invalid operation
Invalid operation
Invalid operation
d10/
d110/
d125/
d126
d165/
d169
d173
d188
d190
d193/
d201
d203
d205
d209
d228
d249
d261/
d262/
d264
d268/
d272/
d284/
d297/
d32
d46/
d49
d67/
d75
f101
f120
f145
f16/
f177
f180/
f181
f199/
f209
f210
f221/
f23
f251/
f26/
f282/
f285/
f40
f48/
f5/
f61/
f85/
n109/
n117/
n118
n119
n12/
n38/
n46/
n47
n48
n75
n77
Null
Invalid operation
d264:64
d75:61
n118:16
d264:64
d75:61
n118:16
d10/
d110/
d125/
d126
d165/
d169
d173
d188
d190
d193/
d201
d203
d205
d209
d228
d249
d261/
d262/
d264
d268/
d272/
d284/
d297/
d32
d46/
d49
d67/
d75
f101
f120
f145
f16/
f177
f180/
f181
f199/
f209
f210
f221/
f23
f251/
f26/
f282/
f285/
f40
f48/
f5/
f61/
f85/
n109/
n117/
n118
n119
n12/
n38/
n46/
n47
n48
n75
n77
d264:AB 85 88 77 00 00 59 72 D5 34 00
/f221/d246
d246:x
/d75
d264:64
d75:61
n118:16
d10/
d110/
d125/
d126
d165/
d169
d173
d188
d190
d193/
d201
d203
d205
d209
d228
d249
d261/
d262/
d264
d268/
d272/
d284/
d297/
d32
d46/
d49
d67/
d75
f101
f120
f145
f16/
f177
f180/
f181
f199/
f209
f210
f221/
f23
f251/
f26/
f282/
f285/
f40
f48/
f5/
f61/
f85/
n109/
n117/
n118
n119
n12/
n38/
n46/
n47
n48
n75
n77
d264:64
d75:61
n118:16
d272:dir:0
Invalid operation
d272:dir:0
Invalid operation
Invalid operation
/f5/f19
Null
f19:bin:21
f19:bin:21
Invalid operation
Invalid operation
f19:18
f129:11
d221:10
Invalid operation
f19:6D DE 00 00 00 26 D9
Invalid operation
Invalid operation
d154:15
d154:bin:4
d154:7F 14
d154:EE EA 6B E4 7F 14 DE
Invalid operation
d154:14 DE
f232:17
f177:15
Invalid operation
Invalid operation
d137
d154
d212/
d219
d63/
d88/
f122/
f177
f232
f268/
n26/
d137
d154
d212/
d219
d63/
d88/
f122/
f177
f232
f268/
n26/
Invalid operation
Null
d137
d154
d212/
d219
d63/
d88/
f122/
f177
f232
f268/
n26/
d137
d154
d212/
d219
d63/
d88/
f122/
f177
f232
f268/
n26/
d137
d154
d212/
d219
d63/
d88/
f122/
f177
f232
f268/
n26/
Invalid operation
Invalid operation
Invalid operation
Invalid operation
Invalid operation
d154:14
Invalid operation
/f5/n7/d154
d154:bin:12
d137
d154
d212/
d219
d26/
d63/
d88/
f122/
f177
f178
f232
f268/
n26/
Null
/f5/n7/d154
d137
d154
d212/
d219
d88/
f122/
f177
f178
f232
f268/
n12
n26/
n63
n90
d154:30
f232:17
n63:16
f177:15
f178:6
n12:6
d219:4
Invalid operation
f19:0D E7 9C B0 94 6D DE 00
d125/
d204
d211
d221
d241
d28
d89
f1/
f113
f129
f130/
f133
f140/
f19
f209
f225/
f234/
f268
f284/
f81/
f88/
n58/
n7/
n78
Invalid operation
d264:64
d75:61
n118:16
d264:64
d75:61
n118:16
d10/
d110/
d125/
d126
d165/
d173
d188
d190
d193/
d201
d203
d205
d209
d228
d249
d261/
d262/
d264
d268/
d272/
d284/
d297/
d32
d46/
d49
d67/
d75
d81/
f101
f120
f145
f16/
f177
f180/
f181
f199/
f209
f210
f221/
f23
f251/
f26/
f282/
f285/
f40
f48/
f5/
f61/
f85/
n109/
n117/
n118
n119
n12/
n38/
n46/
n47
n48
n75
n77
d10/
d110/
d125/
d126
d165/
d173
d188
d190
d193/
d201
d203
d205
d209
d228
d249
d261/
d262/
d264
d268/
d272/
d284/
d297/
d32
d46/
d49
d67/
d75
d81/
f101
f120
f145
f16/
f177
f180/
f181
f199/
f209
f210
f221/
f23
f251/
f26/
f282/
f285/
f40
f48/
f5/
f61/
f85/
n109/
n117/
n118
n119
n12/
n38/
n46/
n47
n48
n75
n77
Invalid operation
d10/
d110/
d125/
d126
d165/
d173
d188
d190
d193/
d201
d203
d205
d209
d228
d249
d261/
d262/
d264
d268/
d272/
d284/
d297/
d32
d46/
d49
d67/
d75
f101
f120
f145
f16/
f177
f180/
f181
f199/
f209
f210
f221/
f23
f251/
f26/
f282/
f285/
f40
f48/
f5/
f61/
f85/
n109/
n117/
n118
n119
n12/
n38/
n46/
n47
n48
n75
n77
/d75
Invalid operation
Null
/d75
Null
Invalid operation
/f5/d89
d211:15
d89:13
d241:12
f129:11
d211:FF D7 CC 00 00 00 6D 77 EC
d89:x1 n4nyubgz.7
d89:txt:13
Invalid operation
Invalid operation
/f5/d204
d125/
d15/
d204
d211
d220
d221
d241
d71
d89
f1/
f113
f129
f130/
f133
f140/
f207
f209
f225/
f234/
f268
f284/
f81/
f88/
n58/
n7/
n78
Invalid operation
Invalid operation
d89:28
d220:12
d241:12
d211:11
f129:11
d221:10
f209:9
f207:6
d211:00 8B 6D FF D7 CC 00 00
/f5/d89
d89:x1 n4nyubgz.70zy_uix8uhxxxyk
d211:00
Invalid operation
d125/
d15/
d204
d211
d220
d221
d241
d71
d89
f1/
f113
f129
f130/
f133
f140/
f207
f209
f225/
f234/
f268
f284/
f81/
f88/
n58/
n7/
n78
d211:00
d272:dir:0
Invalid operation
/d10/d104
/d10/d104
Invalid operation
d104:ost-cfywki4q87orip2b5cokbsi9v59n7mxx
d104:ost-cfywki4q87orip2b5cokbsi9v59n7mxx
d264:64
d75:63
n118:16
d75:64
d264:63
n118:16
d32:14
f101:14
d272:dir:0
d75:64
d264:63
n118:16
Invalid operation
Invalid operation
Null
d75:8c9nwv6zxx.r_quybg9-9fdt6 elpbvd4jx-q38qqv_2gisxlnxw gavyj1mgy4x
d264:65
d75:64
n118:16
d75:8c9nwv6zxx.r_quybg9-9fdt6 elpbvd4jx-q38qqv_2gisxlnxw gavyj1mgy4x
d264:65
d75:64
n118:16
/d75
d75:8c9nwv6zxx.r_quybg9-9fdt6 elpbvd4jx-q38qqv_2gisxlnxw gavyj1mgy4x
d10/
d110/
d125/
d126
d165/
d173
d188
d193/
d201
d203
d205
d209
d228
d249
d261/
d262/
d264
d268/
d272/
d284/
d297/
d32
d46/
d49
d67/
d69
d75
f101
f120
f145
f16/
f161
f177
f180/
f181
f199/
f209
f210
f221/
f23
f251/
f26/
f282/
f285/
f40
f48/
f5/
f61/
f85/
n109/
n117/
n118
n119
n12/
n38/
n46/
n47
n48
n75
n77
Invalid operation
d75:8c9nwv6zxx.r_quybg9-9fdt6 elpbvd4jx-q38qqv_2gisxlnxw gavyj1mgy4x
d209:36
d75:64
n118:16
d32:14
d75:64
n118:16
d32:14
d10/
d110/
d125/
d126
d165/
d173
d188
d193/
d201
d203
d205
d209
d228
d249
d261/
d262/
d268/
d272/
d284/
d297/
d32
d46/
d49
d67/
d69
d75
f101
f120
f145
f16/
f161
f177
f180/
f181
f199/
f209
f210
f221/
f23
f251/
f26/
f282/
f285/
f40
f48/
f5/
f53
f61/
f85/
n109/
n117/
n118
n119
n12/
n38/
n46/
n47
n48
n75
n77
d75:64
n118:16
d32:14
Invalid operation
d272:dir:0
d75:64
n118:16
d32:14
d209:36 7D
d272:dir:0
Invalid operation
d272:dir:0
d75:8c9nwv6zxx.r_quybg9-9fdt6 elpbvd4jx-q38qqv_2gisxlnxw gavyj1mgy4xt2ccz..xas1959ng33yio9p8lbn9t
d75:93
n118:16
d32:14
d75:93
n118:16
d32:14
d209:36
d75:95
n118:16
d32:14
d75:95
n118:16
d32:14
d272:dir:0
d10/
d110/
d125/
d126
d165/
d173
d188
d193/
d201
d203
d205
d209
d228
d249
d261/
d262/
d268/
d272/
d284/
d297/
d32
d46/
d49
d67/
d69
d75
f101
f120
f145
f16/
f161
f177
f180/
f181
f199/
f209
f210
f221/
f23
f251/
f26/
f282/
f285/
f40
f48/
f5/
f53
f61/
f85/
n109/
n117/
n118
n119
n12/
n38/
n46/
n47
n48
n75
n77
d10/
d110/
d125/
d126
d165/
d173
d188
d193/
d201
d203
d205
d209
d228
d249
d261/
d262/
d268/
d272/
d284/
d297/
d32
d46/
d49
d67/
d69
d75
f101
f120
f145
f16/
f161
f177
f180/
f181
f199/
f209
f210
f221/
f23
f251/
f26/
f282/
f285/
f40
f48/
f5/
f53
f61/
f85/
n109/
n117/
n118
n119
n12/
n38/
n46/
n47
n48
n75
n77
Invalid operation
d272:dir:0
d209:CD
f176:fo14a6xr30juros7hii zo6
d75:79
n118:16
d32:14
/d75
Invalid operation
Invalid operation
d272:dir:0
Invalid operation
/d75
d75:79
n118:16
d32:14
d209:9A
Invalid operation
d75:79
n118:16
d32:14
d10/
d110/
d111/
d125/
d126
d165/
d173
d188
d193/
d201
d203
d205
d209
d228
d249
d261/
d262/
d268/
d272/
d284/
d297/
d32
d46/
d67/
d69
d75
f101
f12/
f120
f145
f16/
f161
f177
f180/
f181
f199/
f209
f221/
f23
f251/
f26/
f282/
f285/
f40
f48/
f5/
f53
f61/
f85/
n109/
n117/
n118
n119
n12/
n38/
n46/
n47
n48
n75
n77
d75:79
n118:16
d32:14
Invalid operation
f219
f47/
Invalid operation
f219:F7
Null
f68
Invalid operation
Invalid operation
Invalid operation
f68:2
f68:vs
f219:58
/d67/f47/f68
Invalid operation
Null
f219:58 58 8A E9
Invalid operation
/d67/f219
/d67/f219
Invalid operation
Invalid operation
Invalid operation
f219:8A E9 D8
Invalid operation
f219:bin:7
d10
d175
d70
f219
f43
f47/
n3
n31
n76/
d10
d102
d175
d280/
d70
f219
f272/
f43
f47/
n3
n31
n76/
Invalid operation
Null
d10
d102
d175
d198
d280/
d54
d70
f219
f272/
f43
f47/
f83
n3
n31
n76/
Invalid operation
Invalid operation
/d67/f219
f83:17
d175:15
d70:15
Null
d10
d102
d175
d198
d280/
d54
d70
f205/
f218
f283
f43
f47/
f83
n28/
n3
n31
n52
n76/
Invalid operation
Invalid operation
f47:dir:0
f47:dir:0
f47:dir:0
Invalid operation
/d67/n31
Invalid operation
Invalid operation
Invalid operation
Invalid operation
d285
f216
f68
Invalid operation
d10
d102
d138
d175
d198
d258
d280/
d54
d60
d70
f205/
f218
f283
f43
f47/
f83
n102/
n28/
n31
n52
n76/
d10
d102
d138
d175
d198
d258
d280/
d54
d60
d70
f205/
f218
f283
f43
f47/
f83
n102/
n28/
n31
n52
n76/
Invalid operation
/d67/n31
f257
f257
f257:15
d20:wu9
d20
d100
d20
n31:00 9A 82 76
d20:wu9
Null
Invalid operation
Invalid operation
d282:15
n90:11
d100:4
Invalid operation
Invalid operation
/d67/f205/f214/f256/d20
d282:15
n90:11
d100:4
f290:4
n30:4
d20:3
d52:3
d195:0
d100
d195
d20
d234/
d242/
d282
d52
f290
f90/
n30
n90
d20:wu9
d100
d195
d20
d234/
d242/
d282
d52
f290
f90/
n30
d100
d195
d20
d234/
d242/
d282
d52
f290
f90/
n30
/d67/n31
d20:md:5
d150/
d20:wu96sx
d52:00
Invalid operation
Invalid operation
d150/
d81
d81:q_vb1a.9yffc8953r24lj
Invalid operation
d52:00 00
d52:00 00
d81:q_vb1a.9yffc8953r24ljk4npjr
d52:00 00 00
d52:00
f244:txt:14
Invalid operation
d161:88 53 8C 4E
d282:15
d52:12
d20:6
Invalid operation
d100
d195
d20
d234/
d242/
d282
d52
f290
n30
d100
d195
d20
d234/
d242/
d282
d52
f290
n30
/d67/n31
n31:9A
Invalid operation
Invalid operation
Invalid operation
Invalid operation
n31:F6
Invalid operation
Invalid operation
/d67/f205/f214/d45
n31:39
Invalid operation
/d67/f205/f214/f256/d20
d35/
Invalid operation
Invalid operation
f165
f165:gxao-c6y15zz
f165:gxao-c6y15zz
f165:txt:12
f1
f165
f1
f165
d35:dir:0
d176
d35/
f166
d52:E7 93
/d67/f205/f214/f256/d20
Invalid operation
f166:n _t-3.c0lkj5w. 43av00zmhrf
Invalid operation
d35:dir:0
d0:84 E6
Invalid operation
Invalid operation
f166:n _t-3.c0lkj5w. 43av00zmhrfvjk.01y61e 
f166:n _t-3.c0lkj5w. 43av00zmhrfvjk.01y61e _fz_j6sb
d0:18 00 00 00 E6 47
d0:47 20
d0
d283/
d35/
f117
f166
n103/
d0
d283/
d35/
f166
d0
d283/
d35/
f166
d0:B0 5A A0 20 68
Null
d0
d143/
d283/
d35/
f166
/d67/f205/f214/f256/d242/f166
d0:C8 B0 5A A0
Null
/d67/f205/f214/f256/d242/f166
d0:77
d0:68 77 00
d0:A0 20
Invalid operation
Invalid operation
n79:14
f166:n _t-3.c0lkj5w. 43av00zmhrfvjk.01y61e 0g
f86:dir:0
f86:dir:0
f166:n _t-3.c0lkj5w. 43av00zmhrfvjk.01y61e 0g
Null
d0:B0 5A A0
f86:dir:0
f86:dir:0
d0:00 00 00 00 00 00 30 51 C4
d0:51
f149:j v
Null
/d67/f205/f214/f256/d242/d143/f86/f149
Invalid operation
Invalid operation
d39
f149
n50
Invalid operation
f149:j v
d210/
d39
f149
n46
d134
f149:j v
Invalid operation
d39:A9 83
Invalid operation
d39:74 A9
f165:
Invalid operation
d39:83 00 AC 65 47
Invalid operation
d69:dir:0
Invalid operation
f165:xm2v5 gea5x
Invalid operation
f149:j vyzvofdazm
d69:dir:0
d69/
f165:11
d69/
f165
Invalid operation
d69:dir:0
d24
d256
d69/
f13/
f165
f228/
d69:dir:0
Null
f149:j vyzvofdazm
d147
d210/
d38/
d39
f149
f2
n46
Null
d147
d165
d210/
d38/
d39
f149
f2
n46
d39:C4 74 A9 83
Null
d147
d148
d165
d210/
d298/
d38/
d39
f149
f2
f240
n46
f149:j vyzvofdazm
f149:md:12
f149:md:12
Invalid operation
Invalid operation
Invalid operation
n4:16
d148:13
d39:9
f2:8
f78:5
Invalid operation
d39:8A 05 FB
Invalid operation
/d67/f205/f214/f256/d242/d143/f86/d210/f165
d17
d202
d69/
f165
f228/
/d67/f205/f214/f256/d242/d143/f86/d39
d147
d148
d149/
d165
d206/
d210/
d298/
d39
f2
f220
f240
f30/
f78
f81/
n4
n46
Invalid operation
Invalid operation
Invalid operation
/d67/f205/f214/f256/d242/d143/f86/d39
d147
d148
d149/
d165
d206/
d210/
d298/
d39
f220
f240
f30/
f78
f81/
n4
n46
/d67/f205/f214/f256/d242/d143/f86/d39
Invalid operation
Invalid operation
d39:00
f165:15
d202:0
d69:dir:0
d138/
d202
f165
f228/
/d67/f205/f214/f256/d242/d143/f86/d210/f165
f165:xm2v5 gea5xm4m5x
f165:16
d178:9
n104:7
d116:4
n114:3
d202:0
f128
f128:bin:8
/d67/f205/f214/f256/d242/d143/f86/d210/f228/f128
/d67/f205/f214/f256/d242/d143/f86/d210/f228/f128
Invalid operation
Invalid operation
Invalid operation
f165:xm2v5 gea5xm4m5x
d39:83 E5 AC 9D 5E 28
Null
n114:33 64
f128
f128:90 11 37
d281/
f128
f194/
n78/
Null
Invalid operation
f128:E4 CA 79
d141
d281/
f128
f194/
n78/
Invalid operation
d141
d281/
f128
f194/
n78/
f128:15
d141:2
Invalid operation
Null
d32/
f182/
Invalid operation
d3
n115/
n89/
d3
n115/
n89/
d3
n115/
n89/
d3:s09d2a
n115:dir:0
f128:4D D0 90
d3:s09d2a
d3:s09d2a
d203:BF 00 00 00 2C
n115:dir:0
d3:s09d2a
d203:87 00 00 2C
d167/
d168
d203
d3
f182
f83
n115/
n89/
Invalid operation
Invalid operation
n38
Invalid operation
d203:9
d3:8
f182:8
f83:2
d168:0
d203:69 F1 1F 51 B9 14 A6
f182:6g  qj6a
n115:dir:0
f182:6g  qj6a
n115:dir:0
Invalid operation
d203:87 00
Invalid operation
Invalid operation
d203:F1
Invalid operation
d203:18
n95:12
f182:8
d203:34 77 8B
Null
d104/
d167/
d168
d203
f182
f83
n115/
n32/
n89/
n95
/d67/f205/f214/f256/d242/d143/f86/d210/f228/n78/f83
/d67/f83
Invalid operation
/d67/f205/f214/f256/d242/d143/f86/d210/f228/n78/f182
f182:35
d203:25
n95:12
f83:2
f182:6g  qj6ax.45vge0uso0bbcr1a23kr1cvsy
/d67/f205/f214/f256/d242/d143/f86/d210/f228/n78/f182
f128:37 96 E1
d141
d198
d281/
d71
f128
f17/
f194/
n37/
n78/
Invalid operation
Invalid operation
Null
f128:00 00 00
Invalid operation
Invalid operation
n12:16
f128:14
n45:13
d251:8
d141:2
/d67/f205/f214/f256/d242/d143/f86/d210/f228/f128
d141
d198
d20/
d251
d281/
f128
f194/
f265
n12
n37/
n45
n46
n78/
d141
d198
d20/
d281/
f128
f194/
f265
n12
n37/
n45
n46
n78/
f128:22
n12:16
n45:13
f265:4
d141:2
d198:0
f128:bin:22
Invalid operation
/d67/f205/f214/f256/d242/d143/f86/d210/f228/f128
f128:bin:22
f128:0E 01 C2 2F 95 62 D0 DF E4
Invalid operation
f128:22
Invalid operation
f128:bin:22
f128:9B 95
d141
d198
d20/
d281/
f128
f194/
f265
n45
n46
n78/
/d67/f205/f214/f256/d242/d143/f86/d210/f228/f128
d269/
Invalid operation
Invalid operation
d269/
d269:dir:0
/d67/f205/f214/f256/d242/d143/f86/d210/f228/d281/f151
d269:dir:0
f151:7wz5oo_96xxx2j9
d269:dir:0
f151:7wz5oo_96xxx2j9
f128:00 37 33
f151:7wz5oo_96xxx2j9
f128:FC 49 6C 92 37 96 13 8A 43 3D 11 4D 5D A2 19 70 3D
f128:E5 00 00
f128:4D 5D A2 19
d200/
f151:7wz5oo_96xxx2j9gpt6-_i.u1fsm
f123:14
d200/
d200/
d200:dir:0
d200/
Invalid operation
d226
d241
d269/
f151
n84/
Invalid operation
/d67/f205/f214/f256/d242/d143/f86/d210/f228/d281/f151
f128:19 70 3D E4 03 BF C7 B1 1A
Invalid operation
f128:27
d141
d198
d20/
d281/
f128
f194/
f265
n45
n46
n58/
n78/
f128:bin:35
d141
d198
d20/
d281/
f128
f194/
f265
n45
n46
n78/
Invalid operation
d141
d198
d20/
d281/
f128
f179
f194/
f265
n45
n46
n78/
f128:bin:35
/d67/f205/f214/f256/d242/d143/f86/d210/f228/f128
f165:18
d135:9
d202:3-
f165:18
n12:14
d135:9
f165:18
n12:14
d135:9
d178:9
d298:7
n104:7
f12:5
n114:5
f228:dir:0
d202:18
f165:18
n12:14
d135:9
d178:9
n104:7
f12:5
n114:5
Invalid operation
n114:33 00 00 00 00
n14:dir:0
Invalid operation
d147
d148
d149/
d165
d206/
d210/
d260/
d39
f126
f220
f240
f30/
f78
f81/
n4
n46
/d67/f205/f214/f256/d242/d143/f86/d39
Null
Invalid operation
d296
d296:13
d296:txt:13
d296:8o19xpcp-onbq
n64:dir:0
n64/
Invalid operation
Invalid operation
/d67/f205/f214/f256/d100
f242
f58/
n78
d39:AC 5F C9 58 9D
f242
f58/
n78
Null
Invalid operation
d39:58 9D 03
/d67/f205/f214/f256/d242/d143/f86/f30/n64/f242
d39:00
Invalid operation
Null
d287
f286
n64/
f242:l7lizz1dxkhi.fp8t
Invalid operation
Invalid operation
Invalid operation
d129:E3 F0 55
Invalid operation
d129:D2
Invalid operation
Invalid operation
d129
d44
d129
d44
/d67/f205/f214/f256/d242/d143/f86/f30/n64/f58/d129
Invalid operation
Invalid operation
f242:l7lizz1dxkhi.fp8t
/d67/f205/f214/f256/d242/d143/f86/f30/n64/f242
Invalid operation
d267:49
f242:txt:17
f242:l7lizz1dxkhi.fp8t
/d67/f205/f214/f256/d242/d143/f86/f30/n64/f242
f242:txt:17
f242:txt:17
Invalid operation
d210
d267
d280/
d47
d85
f109
f128
f242
f252/
f58/
n109/
n12/
n78
f242:l7lizz1dxkhi.fp8t
d267:7B 33 9F 0B
d210
d267
d280/
d47
d85
f109
f128
f242
f252/
f58/
n109/
n12/
n78
f242:l7lizz1dxkhi.fp8t
f242:txt:17
f242:17
f109:16
f128:14
d267:13
d47:11
d85:7
d16
d210
d267
d280/
d47
d85
f109
f128
f242
f252/
f58/
n109/
n12/
n78
d267:CB 00 00 00 7B 33
/d67/f205/f214/f256/d242/d143/f86/f30/n64/f242
d16
d210
d267
d280/
d45
d47
d85
f109
f128
f242
f252/
f58/
n109/
n12/
n78
d16
d210
d267
d280/
d45
d47
d85
f109
f128
f242
f252/
f58/
n109/
n12/
n78
f242:txt:20
/d67/f205/f214/f256/d242/d143/f86/f30/n64/f242
Invalid operation
/d67/f205/f214/f256/d242/d143/f86/f30/n64/f242
d39:A9 83 E5 AC 5F C9 58 9D 03 D2 1E 22 00 00 47 1B 94 D8 3D 69 EB
Invalid operation
f286:x
/d67/f205/f214/f256/d242/d143/f86/f30/f286
/d67/f205/f214/f256/d242/d143/f86/f30/f286
f286:17
d287:12
d16
d210
d267
d280/
d45
d47
d85
f109
f128
f227
f242
f252/
f58/
f66
n109/
n12/
n46
n78
d267:00 00
Invalid operation
d267:00 00
Invalid operation
f242:l7lizz1dxkhi.fp8t4in110wah5d7if6u
Invalid operation
d16
d210
d267
d280/
d45
d47
d85
f109
f128
f227
f242
f252/
f58/
f66
n109/
n12/
n46
d16
d210
d267
d280/
d45
d47
d85
f109
f128
f227
f242
f252/
f58/
n109/
n12/
n46
f242:txt:33
d16
d210
d267
d280/
d45
d47
d85
f109
f128
f227
f242
f252/
f58/
n109/
n12/
n46
f242:txt:33
f242:txt:33
f242:l7lizz1dxkhi.fp8t4in110wah5d7if6u
f242:txt:33
Null
d16
d210
d267
d280/
d45
d47
d85
f109
f128
f194
f227
f242
f252/
f58/
f66
n109/
n15/
n46
f242:l7lizz1dxkhi.fp8t4in110wah5d7if6u
Invalid operation
Invalid operation
Invalid operation
f242:txt:35
d265
d287
f286
n64/
/d67/f205/f214/f256/d242/d143/f86/f30/n64/f242
d173
d265
d287
f286
n64/
d265:27 D9 5C
n64:dir:0
f243
d265:B1 55 3C
Invalid operation
Invalid operation
n64:dir:0
d95:txt:12
d95:12
d295:3
f292:0
d295
d80
d95
f292
f95/
Invalid operation
/d67/f205/f214/f256/d242/d143/f86/f30/f234/d95
d295
d80
d95
f292
f95/
d295:08 1C 1C
Invalid operation
d95:bd_q kx5z-wz
d295
d80
d95
f114
f292
f95/
d295:08 1C 1C
/d67/f205/f214/f256/d242/d143/f86/f30/f234/d95
Invalid operation
/d67/f205/f214/f256/d242/d143/f86/f30/f234/d95
d12
d285
d295
d95
f103
f292
f95/
d295:16
d95:12
d12:3
f229:1
d295:00
Invalid operation
d95:bd_q kx5z-wz
Invalid operation
d95:25
d295:19
d12:3
d285:0
f103:0
f292:0
Invalid operation
d12
d285
d295
d95
f103
f292
f95/
d295:00
d295:00
d95:txt:39
d95:39
d295:19
f241:12
d12:3
d12
d129
d285
d295
d95
f103
f241
f292
f95/
Invalid operation
d295:bin:19
Invalid operation
Invalid operation
Invalid operation
d295:bin:17
d117/
d94/
Invalid operation
Invalid operation
Invalid operation
d295:1A 0C 8D 1E A3 FF 47 20 6D 1A EB
n7
n7
d295:A5 FD
n7:21
n7
n7
Invalid operation
Invalid operation
n7:osm-.-ru5xpwv-l3k.fwi
/d67/f205/f214/f256/d242/d143/f86/f30/f234/d295
d117/
n7:osm-.-ru5xpwv-l3k.fwi
/d67/f205/f214/f256/d242/d143/f86/f30/f234/f73/d117/n7
Invalid operation
d141
d169/
d219
d53
f287
f51
n7
d141
d169/
d219
d53
f287
f51
n7
n7:osm-.-ru5xpwv-l3k.fwi
d141
d169/
d219
d53
f287
f51
n7
d141
d169/
d219
d53
f287
f51
n7
Invalid operation
n7:osm-.-ru5xpwv-l3k.fwi
n7:txt:21
/d67/f205/f214/f256/d242/d143/f86/f30/f234/f73/d117/n7
d141
d169/
d206
d49/
d53
f237
f287
f51
n7
n7:txt:21
d141:8D 44 00
Invalid operation
d141:81
d141:00
n7:21
d141
d169/
d206
d248/
d49/
f237
f287
f51
n7
n7:osm-.-ru5xpwv-l3k.fwi
d117/
Invalid operation
d117:dir:0
Invalid operation
Invalid operation
Invalid operation
Null
Invalid operation
/d67/f205/f214/f256/d242/d143/f86/f30/f234/f73/d277
d277:3E F4 C2 04
Invalid operation
Invalid operation
Invalid operation
d117/
d231
d248/
d25/
d277
f24/
n72
d117/
d231
d248/
d25/
d277
f24/
n72
d117:dir:0
d277:26 F1
Invalid operation
d117:dir:0
Invalid operation
Invalid operation
d117/
d162/
d222
d231
d248/
d25/
d8
f24/
f84/
n72
n72:02 D1 6F
Invalid operation
n72:02 D1 6F B0
Invalid operation
Invalid operation
n63:14
n72:6
d8:5
d222:0
n72:00
Invalid operation
f174:6
Invalid operation
Invalid operation
Invalid operation
Invalid operation
d12
d129
d141/
d261/
d295
d79
f103
f199
f292
f73/
f97
n88
d12
d129
d141/
d295
d79
f103
f199
f73/
f97
n88
d295:74 A7 A3 C4 A5 FD 1B 1A 0C 8D 02 FA 6B DC 08
d295:1A 0C 8D 02
d295:6D
d295:5E 32 17 7C 74 A7 A3 C4 A5 FD 1B
Invalid operation
Null
d295:C4 A5 FD 1B 1A 0C 8D 02 FA 6B DC 08
d121:y.islgilf mt1ds .
d121:y.islgilf mt1ds .x
d121:txt:23
Invalid operation
Invalid operation
d295:bin:23
Invalid operation
d173
d287
f234/
f286
n64/
Null
d147
d148
d149/
d206/
d210/
d260/
d39
f220
f240
f30/
f78
f81/
n4
n46
d147
d148
d149/
d206/
d210/
d260/
d39
f220
f240
f30/
f78
f81/
n4
n46
Invalid operation
Invalid operation
d147
d148
d149/
d206/
d210/
d260/
d279/
d39
f220
f240
f30/
f78
f81/
n4
n45/
n46
d147
d148
d149/
d206/
d210/
d260/
d279/
d39
f220
f240
f30/
f78
f81/
n4
n45/
n46
d39:AC 0E BD 0F 96 35 D2 1E 22 00
Invalid operation
d147
d148
d149/
d206/
d210/
d260/
d279/
d39
f220
f240
f30/
f78
f81/
n4
n45/
n46
Invalid operation
d39:EB 2E BF 3D 69 EB
Invalid operation
Invalid operation
Invalid operation
Null
d39:8C EB 2E
Invalid operation
d39:25
n79:17
n4:16
d39:25
n79:17
n4:16
d148:13
f286:12
f78:5
n46:5
d147:3
d39:bin:25
d39:bin:25
Invalid operation
d39:22 00 31
f23
f23
Invalid operation
f23:bin:0
Invalid operation
Invalid operation
f23
/d67/f205/f214/f256/d242/d143/f86/n45/f23
/f23
Invalid operation
Invalid operation
Invalid operation
f23
f234
f23:bin:0
Invalid operation
Invalid operation
Invalid operation
d41
f23
f234
f23:00 60 B8 E7 B5 75 B0 5F 77 3F
Invalid operation
d41
f23
f234
n8
f260
f94
n106
f260
f94
n106
/d67/f205/f214/f256/d242/d143/f86/n45/f111/f260
/d67/f205/f214/f256/d242/d143/f86/n45/f111/f260
Invalid operation
f260:s67bu5v.hz2mfh-f.poe-okc0h
/d67/f205/f214/f256/d242/d143/f86/n45/f111/f260
f260:26
n44
n44:0C
Invalid operation
n44:1
Invalid operation
n44:0C 00 00
d219/
f260
f94
n70/
Null
f23:C8 58 54 5F 77 3F
Invalid operation
f260:s67bu5v.hz2mfh-f.poe-okc0h
/d67/f205/f214/f256/d242/d143/f86/n45/f111/f260
f260:26
f94:15
f260:26
Invalid operation
Invalid operation
Invalid operation
Null
Invalid operation
/d67/f205/f214/f256/d242/d143/f86/n45/f23
/f23
f23:F1
Invalid operation
Invalid operation
/d67/f205/f214/f256/d242/d143/f86/n45/f23
/f23
Invalid operation
f23:bin:17
Invalid operation
Invalid operation
f23:bin:18
Invalid operation
d132/
d139
d41
f111/
f23
f234
f236
f261
f277/
f23:5F 77
Invalid operation
f23:bin:18
Invalid operation
Invalid operation
Invalid operation
Invalid operation
d39:BF 3D 69
d147
d148
d149/
d206/
d210/
d231/
d260/
d279/
d39
f19/
f200
f220
f240
f260/
f30/
f37/
f78
f81/
n4
n45/
n46
n79
Invalid operation
d39:0E BD 0F 20 81
d39:23
n79:17
n4:16
d148:13
f200:8
f113:7
f78:5
n46:5
Invalid operation
Invalid operation
Invalid operation
Invalid operation
f263/
f86/
Invalid operation
Invalid operation
f86/
Invalid operation
Invalid operation
d39:bin:23
Invalid operation
d39:bin:23
Invalid operation
/d67/f205/f214/f256/d242/d143/d248
d62:13
f162:7
d248:0
f31:0
Invalid operation
Invalid operation
Invalid operation
f166:n _t-3.c0lkj5w. 43av00zmhrfvjk.01y61e 0gxau6ct7sgd-9av-5
d35:dir:0
d0:00 96
Invalid operation
Invalid operation
/d67/f205/f214/f256/d242/f166
/d67/f205/f214/f256/d242/f166
d104:dir:0
Invalid operation
d104:dir:0
Invalid operation
Invalid operation
/d67/f205/f214/f256/d242/n75/f1
d104/
f1
f189/
n59
Null
d104/
f1
f189/
n59
/d67/f205/f214/f256/d242/n75/f1
d0:5A CC C3 92 B6
d121
d161
f244
n44/
Invalid operation
d161:12
d121:10
d121
d161
f121
n44/
d121
d161
f121
f163/
n91/
d161:12
d121:10
f121:0
Invalid operation
Invalid operation
d161:12
Null
Invalid operation
Invalid operation
d52:C8
d20:md:12
d20:wu96sx2y9zqw
/d67/f205/f214/f256/d20
d20:md:12
Null
d100
d145
d195
d20
d234/
d242/
d282
d52
f290
f96
n30
d52:1D 20 EE 64 F3 5F
d45:17
f130:8
Invalid operation
/d67/f205/f214/d45
f130:64 35 0C 68
f130:35 0C 68 A7
f130:E8 6F 90
d102/
d45
f130
f183
f256/
n49/
/d67/f205/f214/d45
f256:dir:0
Invalid operation
d45:37
f138:16
f130:7
f183:7
Invalid operation
Invalid operation
Invalid operation
f138:16
f130:11
f183:7
Invalid operation
/d67/f205/f214/f130
Invalid operation
Null
f214/
Invalid operation
d265
f214/
f214:dir:0
Null
d265:10
d63:2
n31:39
d14/
d265
d47/
d63
f214/
d265:24
d63:2
d14/
d265
d47/
d63
f179/
f214/
n31:8A 51
Invalid operation
Invalid operation
Null
d5:bin:0
d5
f200
d5:5
f200:0
Invalid operation
Null
d212/
d5
f26/
Invalid operation
d260
f277
n115
d212/
d5
f26/
d5:bin:13
d5:00 00
Invalid operation
d212/
d5
f26/
n37
Invalid operation
/d67/f205/d47/d5
d212/
d5
f197
f26/
n37
/d67/f205/d47/d5
d5:bin:10
Invalid operation
d212/
d5
f197
f26/
n37
Invalid operation
d5:bin:7
n93:txt:0
n93
Invalid operation
Invalid operation
Invalid operation
Null
d5:DB A9 EE 47 48 BF 16 F4
Invalid operation
d5:16 F4
d195/
f106
n75/
n75:dir:0
d212/
d5
f197
f26/
n37
Null
f26:dir:0
Invalid operation
/d67/f205/d265
d14/
d265
d27
d47/
d63
f179/
f214/
f96
/d67/f205/d265
f214:dir:0
Invalid operation
d10
d102
d138
d175
d198
d258
d280/
d54
d60
d70
f205/
f218
f283
f43
f47/
f83
n102/
n28/
n31
n52
n76/
f47:dir:0
d10
d102
d138
d175
d198
d258
d280/
d54
d60
d70
f205/
f218
f283
f43
f47/
f83
n102/
n28/
n31
n52
n76/
d10
d102
d138
d175
d198
d258
d280/
d54
d60
d70
f205/
f218
f283
f43
f47/
f83
n102/
n28/
n31
n52
n71/
n76/
/d67/n31
f47:dir:0
f285:5
n4:txt:0
Invalid operation
Invalid operation
d10
d102
d138
d175
d198
d258
d280/
d54
d60
d70
f205/
f218
f283
f43
f47/
f83
f85
n102/
n28/
n31
n52
n71/
n76/
d10
d102
d138
d175
d198
d258
d280/
d54
d60
d70
f205/
f218
f283
f43
f47/
f83
f85
n102/
n28/
n31
n52
n71/
n76/
Invalid operation
/d67/n31
d209:CD 36 7D 9A
d75:79
n118:16
d32:14
d75:79
n118:16
d32:14
d75:8c9nwv6zxx.r_quybg9-9fdt6 elpbvd4jx-q38qqv_2gisxlnxw gavyj1mgy4xt2ccz..xas1959n
Invalid operation
d10/
d110/
d111/
d125/
d126
d165/
d173
d188
d193/
d201
d203
d205
d209
d228
d249
d261/
d262/
d268/
d272/
d284/
d297/
d32
d46/
d67/
d69
d75
f101
f120
f145
f16/
f161
f166/
f177
f180/
f181
f199/
f209
f221/
f23
f251/
f26/
f282/
f285/
f40
f48/
f5/
f53
f61/
f85/
n109/
n117/
n118
n119
n12/
n38/
n46/
n47
n48
n75
n77
d75:79
n118:16
d32:14
d209:79 FB 5C A6 DD CE
d10/
d110/
d111/
d125/
d126
d165/
d173
d188
d193/
d201
d203
d205
d209
d228
d249
d261/
d262/
d268/
d272/
d284/
d297/
d46/
d67/
d69
d75
f101
f120
f129
f145
f16/
f161
f166/
f177
f180/
f181
f199/
f209
f221/
f23
f251/
f26/
f282/
f285/
f40
f48/
f5/
f53
f61/
f85/
n109/
n117/
n118
n119
n12/
n38/
n46/
n47
n48
n75
n77
d75:79
n118:16
f101:14
Invalid operation
d209:CD 12
d209:12 79 FB 5C A6 DD CE
Null
Null
d75:82
n118:16
f101:14
d75:82
n118:16
f101:14
d75:82
n118:16
f101:14
Invalid operation
Invalid operation
Invalid operation
d75:82
n118:16
f101:14
d75:82
n118:16
f101:14
d75:8c9nwv6zxx.r_quybg9-9fdt6 elpbvd4jx-q38qqv_2gisxlnxw gavyj1mgy4xt2ccz..xas1959nyzb
d75:82
n118:16
f101:14
d209:12 C6 6F 12
d75:82
n118:16
d75:82
n118:16
f101:14
d75:82
n118:16
f101:14
d75:82
n118:16
f101:14
d75:94
n118:16
f101:14
d209:54
d246
d96/
f188/
n56/
d209:2A 54
d209:CD 12 C6 6F 12 FB FA
Invalid operation
Null
d93:4F 5C 82
d246:txt:15
d246
d96/
f188/
f299
n46/
n56/
d246:txt:15
d246
d96/
f188/
f193
f299
n46/
n56/
/f221/d246
d246
d96/
f188/
f264/
f299
n46/
n56/
n56:dir:0
d246
d288
d96/
f188/
f264/
f299
n46/
n56/
d91/
Null
d91:dir:0
Invalid operation
Invalid operation
Invalid operation
d91/
/f221/f299
f299:_6z
Invalid operation
Invalid operation
d91:dir:0
d91:dir:0
Invalid operation
d6
d91/
f205
d6
d91/
f205
d6
d91/
f205
Invalid operation
Invalid operation
d176:dir:0
d176/
d256/
f38
/f221/f264/d91/f38
Null
d176/
d256/
f38
f65/
n66
d256/
f38
f65/
f75/
n66
Invalid operation
Invalid operation
n66:1
f38:0
d256/
f38
f65/
f75/
n66
Invalid operation
d256/
f38
f65/
n66
f38: kvzq4rav.qh5nszz
d256:dir:0
Invalid operation
f38:17
n66:1
Invalid operation
Invalid operation
/f221/f264/d91/n66
Invalid operation
Invalid operation
Invalid operation
Invalid operation
n66:12
f89:0
Invalid operation
d256/
f164/
f89
n11/
n66
Invalid operation
d256:dir:0
Invalid operation
Invalid operation
d256/
f164/
f89
n11/
n66
n66:00 00 B7 5D
n66:54 BF
Null
d256/
f164/
n11/
n66
d256/
f164/
n11/
n66
Null
d256/
f164/
n66
d256:dir:0
n66:12
d256/
f164/
n66
n66:93 7A 2F
d226
f210
f210:
d226
f210
f262/
d226:8
f210:0
f210:txt:0
n66:93
f210:
n66:C6 B3 29 97 93 7A 2F
Invalid operation
f210:txt:1
/f221/f264/d91/f164/f210
d34/
d34/
d34:dir:0
d102:00
d102:00
d102:00
d34:dir:0
Invalid operation
d34:dir:0
d102:11 0D
Invalid operation
Invalid operation
d102:B3 1B
Null
f13:11cdp zulkd8j8d
d34:dir:0
d102:00 F2 B3 1B 70 00 00 00 00 00 00
f210:txt:2
d102
d110/
d141
d226
d58/
f14
f198/
f210
f255
f262/
n43/
n5
n99/
Invalid operation
d102
d110/
d141
d226
d58/
f14
f198/
f210
f255
f262/
n43/
n5
d102:00 EF 67 DE B5 7B 34
Null
f210:xx
Invalid operation
d102
d110/
d141
d226
d58/
f14
f153/
f180
f198/
f210
f255
f262/
n43/
n5
d102
d110/
d141
d226
d24/
d58/
f14
f153/
f180
f198/
f210
f255
f262/
n43/
n5
d102:17
d102:70
d102:17
f180:9
Invalid operation
d102
d110/
d129/
d141
d226
d24/
d58/
f14
f159
f180
f198/
f210
f255
f262/
f63/
n43/
n5
n66:bin:13
f164/
f214
n66
f86:47 58
Invalid operation
Invalid operation
f299:_6z
d91/
d91:dir:0
d91/
Null
/f221/f299
d246
d288
d96/
f188/
f214
f231
f264/
f299
f40
f68
f86
f93/
n56/
f86:00 78 3E 47 58 5A
n56:dir:0
n56:dir:0
f299:_6zlomhondq
Invalid operation
Invalid operation
Invalid operation
Invalid operation
Invalid operation
d5:dir:0
Invalid operation
Invalid operation
Invalid operation
f200:bin:8
f200:9F 01
Invalid operation
Invalid operation
Invalid operation
d158/
d199/
f200
f203
f81
f200:bin:8
Invalid operation
f200:95 41 B8
Null
f200:8
Invalid operation
f200:bin:11
f200:11
f203:8
f81:1
d54:0
Null
f299:_6zlomhondqafdxul5a3_z6zlhzf
f86:49 E9 81 B9
d192/
d246
d288
d3/
d96/
f130/
f188/
f214
f231
f264/
f299
f40
f68
f86
f93/
n56/
/f221/f299
f299:28
d246:15
f68:9
f86:8
Null
/f221/f299
/f221/f299
f299:28
d246:15
f86:10
f68:9
f299:_6zlomhondqafdxul5a3_z6zlhzf
/f221/f299
f299:_6zlomhondqafdxul5a3_z6zlhzf
Invalid operation
Invalid operation
Null
Invalid operation
n56:dir:0
d209:12 C6 6F
Invalid operation
f299:30
d246:15
f86:10
f68:9
d296:8
f86:00
n56:dir:0
d192/
d222
d224
d246
d253
d288
d296
d3/
d96/
d98
f130/
f188/
f214
f264/
f291
f299
f40
f54/
f67
f68
f86
f93/
n39/
n56/
d192/
d222
d224
d246
d253
d288
d296
d3/
d96/
d98
f130/
f188/
f214
f264/
f291
f299
f40
f54/
f67
f68
f86
f93/
n39/
n56/
/f221/f299
n56:dir:0
Null
Invalid operation
f299:30
d246:15
f68:9
/f221/f299
/f221/f299
/f221/f299
Null
d224:32
d175
d192/
d215
d222
d224
d246
d288
d296
d3/
d38/
d96/
d98
f130/
f146/
f188/
f214
f254/
f264/
f291
f299
f34/
f40
f54/
f67
f68
f93/
f96
n39/
n56/
Invalid operation
d175
d192/
d215
d221
d222
d224
d246
d288
d296
d3/
d38/
d96/
d98
f130/
f146/
f188/
f214
f254/
f264/
f291
f299
f34/
f40
f54/
f67
f68
f93/
f96
n39/
n56/
Invalid operation
Invalid operation
d199/
d228/
d54
f180/
f200
f203
f81
n7/
f200:bin:14
f200:B8 74 24 00
Null
/f221/d96/f200
Invalid operation
Invalid operation
/f221/d96/f200
f200:12
f179:2
Null
/f221/d96/f200
f200:EF 0E 05 16 85
d164/
d199/
d228/
d275/
f179
f200
f212/
f79/
f81
f94
Null
Invalid operation
d246/
d5/
f104
/f221/d96/d199/f104
d246/
d5/
f104
f2/
f104:kap9jqsnryp
d246/
d5/
d82
f104
f140
f2/
Invalid operation
d297:8
d297
Null
d5:dir:0
f200:00 0F
Invalid operation
Invalid operation
f184:0
/f221/d96/d199/d246/f184
f184:3 l2tkk0h 69fws4u
f184:txt:5
Null
f200:89 70 D4 00 0F F3 AD 29 28 28 52 BA 92 A2 00 00 D0
f184:3 l2t
f184:3 l2t
d120
d72
f136/
f184
f200:70 D4 00 0F F3
Invalid operation
f200:ED 44
d120:hmsf0_fpc.rlazc45xxmoss vj9ukrxx 9s85zxzf7eg
/f221/d96/d199/d246/d120
Null
Null
d238/
d72
n73/
d72:txt:8
Null
/f221/d96/d199/d246/d72
d72:sfa8xovtx
f104:kap9jqsnryp__qgz0umvg-1s-y_job2tgicyfr
f199/
f220
n25/
f220:2
Invalid operation
f220
n25/
Null
Invalid operation
Invalid operation
d244
d4
f35
d4:txt:0
d244
d4
f35
d4:bhu9gqh
d244:9
f35:8
d4:7
Null
d4:txt:7
d244
d4
f35
d10
d244
d270
d4
f35
n58
n25:dir:0
n25:dir:0
f104:kap9jqsnryp__qgz0umvg-1s-y_job2tgicyfr
n25:dir:0
f104:kap9jqsnryp__qgz0umvg-1s-y_job2tgicyfr
Invalid operation
Invalid operation
Invalid operation
Invalid operation
f200:BA 92 A2 00 00 D0 7B B0 D9
Invalid operation
Invalid operation
d230
f203/
f238/
n25/
d230:0
f43:0
/f221/d96/d199/d5/d230
d230:
/f221/d96/d199/d5/d230
/f221/d96/d199/d5/d230
n25:dir:0
/f221/d96/d199/d5/d230
d170
d230
f110
f238/
f43
n18
n25/
n60
f110:13
d170:6
n18:6
f43:4
d230:0
n60:0
Null
Invalid operation
d113:1C
f43:00 00
d230:
Invalid operation
Invalid operation
d170
d230
d64/
f110
f238/
f43
n18
n25/
n67
n83
d170
d230
d64/
f110
f238/
f43
n18
n25/
n67
n83
d170
d230
d64/
f110
f238/
f43
n18
n25/
n67
n83
d230: d347z_2ed
d170
d230
d64/
f110
f238/
f43
n18
n25/
n67
n83
d170
d230
d64/
f110
f238/
f43
n18
n25/
n67
n83
n83:15
f110:13
d230:10
d170:6
n18:6
f43:2
n67:0
/f221/d96/d199/d5/d230
f59:15
n83:15
f110:13
Null
d152
d170
d230
d64/
f110
f237
f238/
f43
f59
n18
n25/
n67
n83
d230: d347z_2ed
Invalid operation
/f221/d96/d199/f104
f200:7B B0 D9 74
f104:kap9jqsnryp__qgz0umvg-1s-y_job2tgicyfrbg0hu1olyk.yf
/f221/d96/d199/f104
Invalid operation
/f221/d96/d199/f104
Invalid operation
n28
Invalid operation
n28:5
n28
f104:51
f140:17
d35:5
d82:2
f200:A2 00 00 D0 7B
d113
d187
d60/
n106
n63
n89
d113
d187
d60/
n106
n63
n89
n106:m7
d113:C3 58 CD E8 EF
d230:25
f59:15
f110:13
Invalid operation
d152
d160
d170
d230
d64/
f110
f119/
f237
f238/
f59
n18
n25/
n99
d152
d160
d170
d230
d64/
f110
f119/
f237
f238/
f59
n18
n25/
n67
n99
d230:25
d170:17
/f221/d96/d199/d5/d230
d170:00 00 00
n25:dir:0
Null
Invalid operation
d5:dir:0
/f221/d96/d199/d82
Null
d134
d151/
d246/
d270/
d35
d48
d5/
d82
d91
f140
d5:dir:0
d134
d151/
d246/
d270/
d35
d48
d5/
d82
d91
f140
f268
f81
d238/
d246/
d72
d96
n73/
f200:28 28 52 BA 92 A2 00 00 D0 7B B0 D9
Invalid operation
d238/
d246/
d72
d96
f131/
f239
n73/
d5:dir:0
d134
d151/
d246/
d270/
d35
d48
d5/
d82
d91
f140
f155
f268
f81
n96
n96:AB 08
f200:29 28 28 52 BA 92 A2 00 00
d164/
d199/
d228/
d275/
d89/
f100/
f161
f179
f200
f212/
f268/
f277
f79/
f81
f94
d164/
d199/
d228/
d275/
d89/
f100/
f161
f179
f200
f212/
f268/
f277
f79/
f81
f94
Invalid operation
f200:28 52
/f221/d96/f200
f81:B6
Invalid operation
f81:9
f179:2
f277:1
f161:0
f287:0
f94:0
d164/
d193/
d199/
d228/
d275/
d89/
f100/
f161
f179
f212/
f268/
f277
f287
f79/
f81
f94
Invalid operation
d164/
d193/
d199/
d228/
d275/
d285/
d89/
f100/
f161
f179
f212/
f268/
f277
f287
f79/
f81
f94
n39/
Invalid operation
f81:5F
f81:D8 04 10 67 35
Invalid operation
Invalid operation
/f221/d96/f81
d164/
d171
d193/
d199/
d228/
d275/
d281
d285/
d36
d89/
f100/
f161
f179
f212/
f268/
f277
f287
f79/
f81
f94
n39/
f234:15
f234:-ybwdtl -oenevx
Invalid operation
Invalid operation
d199:dir:0
f32:17
d199:dir:0
Invalid operation
Invalid operation
Invalid operation
Invalid operation
/f221/d96/f81
d164/
d171
d193/
d199/
d218
d228/
d275/
d281
d285/
d89/
f100/
f161
f179
f185
f212/
f249
f268/
f277
f282
f287
f32
f33
f79/
f81
f94
n24/
n39/
f81:00
Invalid operation
Invalid operation
f81:00 00
f81:10 67 7E 40 13 DD 52 7B 00 92 4B 8C D9 E6 58 20 16 00 00 00 00 8F BF 5E 64 B4
d199:dir:0
Invalid operation
Invalid operation
d164/
d171
d193/
d199/
d21
d218
d228/
d241
d264
d275/
d280
d281
d285/
d89/
f100/
f161
f179
f185
f212/
f249
f268/
f277
f282
f287
f32
f33
f79/
f80
f81
f94
n24/
n39/
f81:B6 00 2A 8A D8 04 10 67 7E 40 13 DD 52 7B 00
Invalid operation
Invalid operation
Invalid operation
Invalid operation
d164/
d171
d193/
d199/
d21
d218
d228/
d241
d264
d275/
d280
d281
d285/
d81
d89/
f100/
f161
f179
f185
f212/
f249
f268/
f277
f282
f287
f32
f33
f79/
f80
f81
f94
n24/
n39/
Null
f81:13 DD 52 7B 00 92 4B 8C D9 E6 58 20 16 00 00 00 00
Invalid operation
Invalid operation
f81:31
f32:17
d281:13
d21:12
d264:12
f249:12
f185:8
f179:2
f81:58 20 16 00 00
d199:dir:0
d138/
d164/
d171
d193/
d199/
d21
d218
d228/
d241
d264
d275/
d280
d281
d81
d89/
f100/
f161
f179
f185
f212/
f249
f268/
f277
f287
f32
f33
f79/
f80
f81
f94
n24/
n39/
/f221/d96/f81
Invalid operation
d199:dir:0
Invalid operation
Invalid operation
Invalid operation
d199:dir:0
Invalid operation
d138/
d164/
d171
d193/
d199/
d21
d218
d228/
d241
d264
d275/
d276
d280
d281
d298
d81
d89/
f100/
f161
f179
f185
f212/
f249
f268/
f277
f287
f32
f33
f79/
f80
f81
f89
f94
n24/
n39/
d138/
d164/
d171
d193/
d199/
d21
d218
d228/
d241
d264
d275/
d276
d280
d281
d298
d81
d89/
f100/
f161
f179
f212/
f249
f268/
f277
f287
f32
f33
f79/
f80
f81
f89
f94
n24/
n39/
Null
d138/
d164/
d171
d193/
d199/
d21
d218
d228/
d241
d264
d275/
d276
d280
d281
d298
d81
d89/
f100/
f161
f179
f212/
f249
f268/
f277
f287
f32
f33
f79/
f80
f81
f89
f94
n24/
n39/
d138/
d164/
d171
d193/
d199/
d203
d21
d218
d228/
d241
d264
d275/
d276
d280
d281
d298
d81
d89/
f100/
f161
f179
f212/
f249
f268/
f277
f287
f32
f33
f79/
f80
f81
f89
f94
n24/
n39/
Null
f81:00 00 00 8F
d158:dir:0
Invalid operation
Invalid operation
/f221/d96/f81
d158:dir:0
Invalid operation
Invalid operation
Invalid operation
Invalid operation
f81:23 FB E9 02 AD 76 38 9A B7
d158/
d51/
d158:dir:0
d158:dir:0
d22:0
f81:00 00
f81:BF 5E 00
d45:dir:0
Invalid operation
d45:dir:0
Invalid operation
n65:9
n65:EE E4 00
Invalid operation
Null
d104
f230/
f299/
n65
Invalid operation
n65:bin:12
Invalid operation
n65:4B C7 EE E4
Invalid operation
Invalid operation
n65:6D
d176:txt:7
d176:txt:7
n65:83
d176
d176:h8qxjkzx
d176:8
n65:5B 83
d176
d176
n27
n65:C7 EE EF 6D
Invalid operation
n27
/f221/d96/d138/d158/f299/n27
Invalid operation
n27
n52
n76/
n27:txt:30
n27:w v-  vgv37vur6si.yaaov5zt w8x
n65:EE EF 6D DC 2D
Invalid operation
d158/
d22
d51/
d22:h
Invalid operation
/f221/d96/d138/d22
d22:h
d133
d158/
d22
f63
n48/
Invalid operation
Invalid operation
Null
f63:13
d133:6
d22:1
d133:00 53 D4
d22:h
/f221/d96/d138/d22
/f221/d96/d138/d22
d133:D4 00 C1 57 AD F0 97
Invalid operation
/f221/d96/d138/n48/f26
d133:2E 05
d104
d210
f103
f181
f230/
f299/
n65
Invalid operation
/f221/d96/d138/d158/n65
d158:dir:0
d133
d149
d158/
d22
f123
f63
n48/
n83
d133
d149
d158/
d22
f123
f63
n48/
n83
d133
d149
d158/
d22
f123
f63
n48/
n83
n65:EE EF 6D DC 2D F7 69 4F
d104
d210
f103
f181
f230/
f299/
f89/
n65
Invalid operation
d104
d210
f103
f181
f230/
f299/
f48
f89/
n65
Invalid operation
n65:22
f103:16
f48:6
d104:0
d210:0
n65:2F
d104
d210
f103
f145
f181
f230/
f299/
f48
n3/
n65
n65:bin:22
d133
d149
d158/
d22
f123
f63
n48/
n83
d22:h627lj5d8zrde1p
d133:2E 05
d199:dir:0
d199:dir:0
Invalid operation
d138/
d171
d193/
d199/
d200
d203
d21
d218
d228/
d241
d264
d275/
d276
d280
d281
d298
d81
d89/
f100/
f161
f179
f186/
f212/
f249
f268/
f277
f287
f32
f33
f79/
f80
f81
f89
f94
n24/
n39/
Null
f81:29
f32:17
d200:16
d281:13
Invalid operation
d138/
d171
d193/
d199/
d200
d203
d21
d218
d228/
d241
d264
d275/
d276
d280
d281
d298
d81
d89/
f100/
f161
f179
f186/
f212/
f249
f268/
f277
f287
f32
f33
f79/
f80
f81
f89
f94
n24/
n39/
d138/
d171
d193/
d199/
d200
d203
d21
d218
d228/
d241
d264
d275/
d276
d280
d298
d81
d89/
f100/
f161
f179
f186/
f212/
f249
f268/
f277
f287
f32
f33
f79/
f80
f81
f89
f94
n24/
n39/
f81:20 16 00 00 00 00
f81:29
f32:17
d200:16
Invalid operation
d199:dir:0
d10/
d110/
d111/
d125/
d126
d165/
d173
d188
d193/
d201
d203
d205
d209
d228
d249
d261/
d262/
d268/
d272/
d284/
d297/
d46/
d67/
d69
d75
f101
f120
f145
f16/
f161
f166/
f177
f180/
f181
f199/
f209
f221/
f23
f251/
f26/
f282/
f285/
f40
f48/
f5/
f51
f53
f61/
f85/
n109/
n117/
n118
n119
n12/
n38/
n46/
n47
n48
n75
n77
d75:94
n118:16
f101:14
d209:6F 12 FB
d124
d231/
d279
d283/
d93
f131/
f15
f267
f290/
n62/
n63/
n72/
d93:pqrk4ztxd55_p6xhhs89tc48iz-ud8k_kyjakzs3waafer-ci.ic
d209:FB
Null
d209:C6 6F 12 FB
d209:12 C6
f155:dir:0
Invalid operation
f146
f155/
f155/
d209:C6
f155/
d209:CA 12 C6
d209:12 FB
d93:pqrk4ztxd55_p6xhhs89tc48iz-ud8k_kyjakzs3waafer-ci.ic9kmwbdoamx0gjiur
Invalid operation
d93:txt:68
Null
d93:pqrk4ztxd55_p6xhhs89tc48iz-ud8k_kyjakzs3waafer-ci.ic9kmwbdoamx0gjiur
Invalid operation
d124
d231/
d273/
d279
d283/
d93
f15
f267
f290/
f40
n62/
n63/
n72/
d209:6F 12 CA 25
d93:pqrk4ztxd55_p6xhhs89tc48iz-ud8k_kyjakzs3waafer-ci.ic9kmwbdoamx0gjiur9jqh6jsog-ntd
d93:pqrk4ztxd55_p6xhhs89tc48iz-ud8k_kyjakzs3waafer-ci.ic9kmwbdoamx0gjiur9jqh6jsog-ntd
d93:pqrk4ztxd55_p6xhhs89tc48iz-ud8k_kyjakzs3waafer-ci.ic9kmwbdoamx0gjiur9jqh6jsog-ntd
d93:pqrk4ztxd55_p6xhhs89tc48iz-ud8k_kyjakzs3waafer-ci.ic9kmwbdoamx0gjiur9jqh6jsog-ntd
Null
d93:pqrk4ztxd55_p6xhhs89tc48iz-ud8k_kyjakzs3waafer-ci.ic9kmwbdoamx0gjiur9jqh6jsog-ntd
d93:txt:81
d209:CA 25 23 C9
/d268/d93
Invalid operation
d75:8c9nwv6zxx.r_quybg9-9fdt6 elpbvd4jx-q38qqv_2gisxlnxw gavyj1mgy4xt2ccz..xas1959nyzbp31soaz3g9xcb17mz419f0osc6v7
d105/
d137/
d141/
d157
d168/
d20
d226
d259
d263/
d268/
d276
d281
d287/
d293/
d3/
d40
d48/
d54/
d66/
d96
f105
f127/
f138/
f166
f179/
f210
f224/
f230
f232/
f235
f241/
f290/
f293/
f38
f48/
f62
f65
f75
n118
n37
n73/
n85
n89/
d75:110
d209:16
n118:16
d104
d121/
d151/
d162/
f143/
f152/
f167
f189/
f237
f89
n107
n82/
n107:00
n107:00
d104
d121/
d151/
d162/
f143/
f152/
f167
f189/
f237
f31/
f89
n107
n82/
/d10/d104
Invalid operation
/d10/d104
f143:dir:0
Invalid operation
Invalid operation
/d10/f143/d73
Invalid operation
d73:o6k. bhnixx06fkjkuchj3ah5kyxswyp-4jqznm4ku5i0imjogxqhtq7to4zuk 2xmkj850ek429eus9x35.yfexkr_
d73:o6k. bhnixx06fkjkuchj3ah5kyxswyp-4jqznm4ku5i0imjogxqhtq7to4zuk 2xmkj850ek429eus9x35.yfexkr_
n107:7D C3
f143:dir:0
/d10/d104
d104
d121/
d151/
d162/
d232
d290
f143/
f152/
f167
f189/
f213/
f237
f31/
n107
n82/
/d10/d104
Invalid operation
d104:44
d290:13
n107:12
d104:44
d290:13
n107:12
f237:2
d232:0
Invalid operation
Invalid operation
d104:ost-cfywki4q87orip2b5cokbsi9v59n7mxxxxh8mkmg
d104
d121/
d151/
d207
d232
d290
f143/
f152/
f189/
f213/
f237
f31/
n107
n82/
n84
/d10/d104
f143:dir:0
d104
d121/
d151/
d207
d232
d290
f143/
f152/
f189/
f213/
f237
f31/
n107
n82/
n84
/d10/d104
d104:44
n107:22
f96:15
d290:13
d207:10
n84:5
/d10/d104
n107:9C 39 D2 6E A4 3F
Null
d104
d121/
d151/
d207
d232
d290
d47
f132/
f143/
f152/
f189/
f213/
f237
f96
n107
n77
n82/
n84
n89
Invalid operation
f143:dir:0
Invalid operation
d209:28 59 81
d75:110
d209:16
n118:16
Invalid operation
f176
f210
n105
n15
f176:fo14a6xr3
/d46/n105
d75:8c9nwv6zxx.r_quybg9-9fdt6 elpbvd4jx-q38qqv_2gisxlnxw gavyj1mgy4xt2ccz..xas1959nyzbp31soaz3g9xcb17mz419f0osc6v7
d272:dir:0
d75:8c9nwv6zxx.r_quybg9-9fdt6 elpbvd4jx-q38qqv_2gisxlnxw gavyj1mgy4xt2ccz..xas1959nyzbp31soaz3g9xcb17mz419f0osc6v79t
Invalid operation
d75:118
d209:19
n118:16
Null
d75:8c9nwv6zxx.r_quybg9-9fdt6 elpbvd4jx-q38qqv_2gisxlnxw gavyj1mgy4xt2ccz..xas1959nyzbp31soaz3g9xcb17mz419f0osc6v79tmf2-e-
d75:118
d209:19
n118:16
Invalid operation
d75:118
d209:19
n118:16
Invalid operation
d75:8c9nwv6zxx.r_quybg9-9fdt6 elpbvd4jx-q38qqv_2gisxlnxw gavyj1mgy4xt2ccz..xas1959nyzbp31soaz3g9xcb17mz419f0osc6v79tmf2-e-
d75:118
d209:19
n118:16
d75:118
d209:19
n118:16
d75:112
d209:19
n118:16
d272:dir:0
d75:112
d209:19
n118:16
d290:3jo y0ghquiwqv
d209:81 00 00
d290
d290:14
d290:3jo y0ghquiwqvf1jne0294i6hyj
n61:0
d75:8c9nwv6zxx.r_quybg9-9fdt6 elpbvd4jx-q38qqv_2gisxlnxw gavyj1mgy4xt2ccz..xas1959nyzbp31soaz3g9xcb17mz419f0osc6v79ttcv4pec.x3_x7
d272:dir:0
Invalid operation
d209:00
d209:00
Invalid operation
d10/
d110/
d111/
d125/
d126
d165/
d173
d188
d193/
d201
d203
d205
d209
d228
d249
d261/
d262/
d268/
d272/
d284/
d297/
d46/
d67/
d69
d75
f101
f120
f145
f16/
f161
f166/
f177
f180/
f181
f199/
f209
f221/
f23
f251/
f26/
f282/
f285/
f40
f48/
f5/
f51
f53
f61/
f7/
f85/
n109/
n117/
n118
n119
n12/
n38/
n46/
n47
n48
n77
d209:C5 90 60 19 28 59 81 00 00
/d75
d209:70
/d75
d75:126
d209:19
n118:16
d75:126
d209:19
n118:16
d75:8c9nwv6zxx.r_quybg9-9fdt6 elpbvd4jx-q38qqv_2gisxlnxw gavyj1mgy4xt2ccz..xas1959nyzbp31soaz3g9xcb17mz419f0osc6v79ttcv4pec.x3_x7x
d75:126
d209:19
n118:16
d75:126
d209:19
n118:16
d75:126
d209:19
n118:16
d75:126
d209:19
n118:16
Invalid operation
d272:dir:0
d75:126
d209:19
n118:16
d75:126
d209:19
n118:16
d75:8c9nwv6zxx.r_quybg9-9fdt6 elpbvd4jx-q38qqv_2gisxlnxw gavyj1mgy4xt2ccz..xas1959nyzbp31soaz3g9xcb17mz419f0osc6v79ttcv4pec.x3_x7x
d75:126
d75:8c9nwv6zxx.r_quybg9-9fdt6 elpbvd4jx-q38qqv_2gisxlnxw gavyj1mgy4xt2ccz..xas1959nyzbp31soaz3g9xcb17mz419f0osc6v79ttcv4pec.x3_x7x
/d75
d75:8c9nwv6zxx.r_quybg9-9fdt6 elpbvd4jx-q38qqv_2gisxlnxw gavyj1mgy4xt2ccz..xas1959nyzbp31soaz3g9xcb17mz419f0osc6v79ttcv4pec.x3_x7x
d75:126
d209:19
d75:126
d209:19
n118:16
d209:C5 90 60 19
Null
d272:dir:0
n90:dir:0
n90:dir:0
d209:12 3D 3B 26 F2 2E 73 D8 38 CC
/d75
Invalid operation
Invalid operation
Invalid operation
Invalid operation
f25/
n90/
n94
n90:dir:0
d75:8c9nwv6zxx.r_quybg9-9fdt6 elpbvd4jx-q38qqv_2gisxlnxw gavyj1mgy4xt2ccz..xas1959nyzbp31soaz3g9xcb17mz419f0osc6v79ttcv4pec.x3_x7x
d153:
d189:B4
f269:dir:0
d153
d165/
d189
d234/
f211
f269/
n116/
d153
d165/
d189
d234/
f211
f269/
n116/
d189:41
d153
d165/
d189
d234/
d81
f211
f269/
f36/
n116/
Invalid operation
d153
d165/
d189
d234/
d81
f211
f269/
f36/
f95
n116/
/d111/d153
d153:
Invalid operation
Invalid operation
d248
Invalid operation
Invalid operation
d248:C5 29 7C
d248:6
d153
d165/
d189
d234/
d81
f211
f269/
f36/
f95
n116/
d153:
d153
d165/
d189
d234/
d81
f211
f269/
f36/
f95
n116/
f126
Invalid operation
/d111/f36/n72/d236
d236:dnreiqo97b5s0c
d236:txt:14
d236:dnreiqo97b5s0c
d236:txt:14
d236:txt:14
d236:14
n32:11
d236:dnreiqo97b5s0c
d236:14
Invalid operation
d1/
d217/
d29
n72/
/d111/f36/d29
Invalid operation
Invalid operation
d1/
d155/
d191
d217/
d29
n72/
d217:dir:0
Invalid operation
Invalid operation
Invalid operation
d191:12
d29:9
f293:1
Null
d1/
d155/
d191
d217/
d29
f293
n72/
n74/
n85/
d1/
d155/
d191
d217/
d29
f293
n72/
n74/
n85/
d191:12
d29:7
f293:1
Null
d191:12
d29:7
f293:1
Invalid operation
d191:12
d29:7
f293:1
Invalid operation
d191:12
d29:6
d29:27
d1/
d155/
d191
d217/
d226/
d29
f134
f198/
f293
n72/
n74/
n84
n85/
d1/
d155/
d191
d217/
d226/
d29
f134
f198/
f293
n72/
n74/
n84
n85/
/d111/f36/d29
f269:dir:0
d153
d165/
d234/
d81
f211
f262/
f269/
f36/
f95
n116/
n70/
f269:dir:0
Null
Invalid operation
d209:2E 73
d209:2E 73 D8 38 CC 9C 5A
d153
d165/
d221/
d231
d234/
d81
f211
f228/
f262/
f269/
f36/
f95
n116/
n70/
d153:
Null
d153
d165/
d221/
d231
d234/
d81
f211
f228/
f262/
f269/
f36/
f95
n116/
n70/
d153:
Invalid operation
d153
d165/
d221/
d231
d234/
d81
f183/
f211
f228/
f262/
f269/
f36/
f95
n116/
n70/
d75:140
d209:27
n118:16
d75:8c9nwv6zxx.r_quybg9-9fdt6 elpbvd4jx-q38qqv_2gisxlnxw gavyj1mgy4xt2ccz..xas1959nyzbp31soaz3g9xcb17mz419f0osc6v79ttcv4pec.x3_x7xqmqz4s7w.bcuo.
d75:8c9nwv6zxx.r_quybg9-9fdt6 elpbvd4jx-q38qqv_2gisxlnxw gavyj1mgy4xt2ccz..xas1959nyzbp31soaz3g9xcb17mz419f0osc6v79ttcv4pec.x3_x7x
/d75
d75:8c9nwv6zxx.r_quybg9-9fdt6 elpbvd4jx-q38qqv_2gisxlnxw gavyj1mgy4xt2ccz..xas1959nyzbp31soaz3g9xcb17mz419f0osc6v79ttcv4pec.x3_x7x
d75:8c9nwv6zxx.r_quybg9-9fdt6 elpbvd4jx-q38qqv_2gisxlnxw gavyj1mgy4xt2ccz..xas1959nyzbp31soaz3g9xcb17mz419f0osc6v79ttcv4pec.x3_x7xpfkm84 kkmf46dzwfaqimeo.agjl_ea07su
d75:161
d209:30
n118:16
d209:5A 00 00 00 00 00 00 D6 26 0C AC
d75:161
d209:30
n118:16
f40:14
d126:12
d173:12
Invalid operation
d75:161
d209:30
n118:16
d75:162
d209:30
n118:16
Invalid operation
Invalid operation
Invalid operation
d105/
d137/
d141/
d157
d168/
d20
d226
d259
d263/
d268/
d276
d281
d287/
d293/
d3/
d40
d48/
d54/
d66/
d96
f105
f127/
f138/
f166
f179/
f210
f224/
f230
f232/
f235
f241/
f290/
f293/
f38
f48/
f62
f65
f75
n118
n37
n73/
n85
n89/
f230:_0xe3yhykva-qh8yzqt.sgciixxxega.xo6 i4fd3xpgxa5 knd3b53ktw4kbie-a0.pkmtup_g_f1z9mklleg421419fsx
/f48/f230
n37:7D 8C 1B EE 97 94 1E 5D 00 00 00
/f48/f230
d105/
d137/
d141/
d157
d168/
d20
d226
d259
d263/
d268/
d276
d281
d287/
d293/
d3/
d40
d48/
d54/
d66/
d96
f105
f127/
f138/
f153/
f166
f179/
f210
f224/
f230
f232/
f235
f241/
f290/
f293/
f38
f48/
f62
f65
f75
n118
n37
n73/
n85
n89/
f230:_0xe3yhykva-qh8yzqt.sgciixxxega.xo6 i4fd3xpgxa5 knd3b53ktw4kbie-a0.pkmtup_g_f1z9mklleg421419fsxn4w867a8hp588oce3
n37:67 7D 8C 1B EE 97 94 1E 5D 00
f230:_0xe3yhykva-qh8yzqt.sgciixxxega.xo6 i4fd3xpgxa5 knd3b53ktw4kbie-a0.pkmtup_g_f1z9mklleg421419fsxn4w867a8hp588oce3h.7417 m15r5bc
d75:161
d209:28
n118:16
d75:161
d209:28
n118:16
d209:FE F6 BB 5A 00 00 00 00
d75:169
d209:28
n118:16
d75:169
d209:28
n118:16
d75:169
d209:28
n118:16
d75:169
d209:28
n118:16
d209:00 00 00 00 00 D6 26 0C AC B8 58
d75:8c9nwv6zxx.r_quybg9-9fdt6 elpbvd4jx-q38qqv_2gisxlnxw gavyj1mgy4xt2ccz..xas1959nyzbp31soaz3g9xcb17mz419f0osc6v79ttcv4pec.x3_x7xpfkm84 kkmf46dzwfaqimeo.agjl_ea07sug6_puuj9
Invalid operation
f270:txt:20
f270:y_rt722gcz2dcghl1xvb
n88:00 DE C6 E1
Invalid operation
/d165/f270
d156
d162
d17
d199
d222
d262
f12
f127/
f189/
f209/
f225
f270
f288/
f299/
f57/
f90
f98/
n88
f270:txt:27
n88:00 DE C6 E1 51 FB E7 33 3D 6A A6 1D 27
d156
d162
d17
d194/
d199
d222
d262
f12
f127/
f189/
f209/
f225
f270
f288/
f57/
f90
f98/
n88
Invalid operation
/d165/f270
/d165/f270
d156
d162
d17
d194/
d199
d222
d262
f12
f127/
f189/
f209/
f225
f270
f288/
f57/
f90
f98/
n22
n88
Invalid operation
f270:y_rt722gcz2dcghl1xvblqb93q9x
f270:28
Invalid operation
f270:28
d156:16
f225:16
n22:14
n88:14
f12:13
d17:7
Invalid operation
f270:txt:28
f270:y_rt722gcz2dcghl1xvblqb93q9x
Invalid operation
d156
d162
d17
d175
d194/
d199
d222
d262
f12
f127/
f189/
f209/
f225
f270
f288/
f57/
f98/
n22
n44/
n88
Invalid operation
d156
d162
d17
d175
d18
d194/
d199
d222
d262
d4/
d97
f12
f127/
f189/
f209/
f225
f270
f288/
f57/
f98/
n22
n44/
n88
n88:97 59 04
Invalid operation
d156
d162
d17
d175
d194/
d199
d222
d262
d4/
d97
f12
f127/
f189/
f209/
f225
f270
f288/
f57/
f98/
n22
n44/
n88
d156
d162
d17
d175
d194/
d199
d222
d262
d4/
d97
f12
f127/
f189/
f209/
f225
f270
f288/
f57/
f98/
n22
n44/
n88
d156
d162
d17
d175
d194/
d199
d222
d257/
d262
d4/
d97
f12
f127/
f189/
f209/
f225
f270
f288/
f57/
f98/
n22
n44/
n88
Invalid operation
f270:y_rt722gcz2dcghl1xvblqb93q9xxfhb7j_eohuiz2dma
Invalid operation
Null
n88:9F F5
f270:txt:45
f270:45
n88:19
f53:17
d156:16
f225:16
n22:14
Null
Invalid operation
Invalid operation
f270:y_rt722gcz2dcghl1xvblqb93q9xxfhb7j_eohuiz2dma
Invalid operation
d116
d148
d156
d162
d17
d175
d194/
d199
d222
d250/
d257/
d262
d4/
d97
f12
f127/
f189/
f209/
f225
f270
f288/
f39/
f53
f57/
f98/
n117/
n22
n44/
n88
f270:txt:51
Invalid operation
d116
d148
d156
d162
d17
d175
d194/
d199
d222
d250/
d257/
d262
d4/
d92
d97
f12
f127/
f189/
f209/
f225
f270
f288/
f39/
f53
f57/
f98/
n117/
n22
n44/
n88
Invalid operation
d10/
d110/
d111/
d125/
d126
d165/
d173
d188
d193/
d201
d203
d205
d209
d228
d249
d261/
d262/
d268/
d272/
d284/
d297/
d46/
d67/
d69
d75
f112
f120
f145
f16/
f161
f166/
f177
f180/
f181
f199/
f209
f221/
f23
f251/
f26/
f282/
f285/
f40
f48/
f5/
f51
f53
f61/
f7/
f85/
n109/
n117/
n118
n119
n12/
n38/
n46/
n47
n48
n77
d75:169
d209:28
n118:16
d75:169
d209:28
n118:16
Invalid operation
d75:169
d209:28
n118:16
d272:dir:0
Invalid operation
d75:169
d209:28
n118:16
d75:169
d209:28
n118:16
d75:169
d209:28
n118:16
d75:169
d209:28
n118:16
d75:169
d209:28
n118:16
d10/
d110/
d111/
d125/
d126
d165/
d173
d188
d193/
d201
d203
d205
d209
d228
d249
d261/
d262/
d268/
d272/
d284/
d297/
d46/
d67/
d69
d75
f112
f120
f145
f16/
f161
f166/
f177
f180/
f181
f199/
f209
f221/
f23
f251/
f26/
f282/
f285/
f40
f48/
f5/
f51
f53
f61/
f7/
f85/
n109/
n117/
n118
n119
n12/
n38/
n46/
n47
n48
n77
Invalid operation
f270:y_rt722gcz2dcghl1xvblqb93q9xxfhb7j_eohuiz2dmai9dzz_
f40
f40
Invalid operation
f40
/d165/n117/f40
/f40
f40:4
f270
f40
f72/
f40:D9
Invalid operation
Null
/d165/n117/f40
/f40
f270
f32
f40
f70
f72/
/d165/n117/f40
/f40
f40:62
f40:00 C3 62 00
/d165/n117/f40
/f40
f40:00
Invalid operation
Invalid operation
d40
d60/
f270
f40
f70
f72/
d40
d60/
f270
f40
f70
f72/
f40:bin:6
f40:00 C3 62 00 00
d60/
f270
f40
f70
f72/
d57/
d60/
f270
f40
f70
f72/
f40:bin:9
Invalid operation
/d165/n117/f40
/f40
/d165/n117/f40
/f40
f40:64 8D 8B B5
Invalid operation
d57/
d60/
f270
f40
f72/
/d165/n117/f40
/f40
Invalid operation
f270:y_rt722gcz2dcghl1xvblqb93q9xxfhb7j_eohuiz2dmai9dzz_
Invalid operation
f40:9C
Invalid operation
f40:bin:20
Null
/d165/n117/f72/n50
f40:6E EA
f40:02 76 D5 4E 93 2E 00
Invalid operation
Invalid operation
f51/
f9/
Invalid operation
Invalid operation
f9:dir:0
f9:dir:0
d73/
f9/
f40:29 93 9C BF 64 8D 8B 0F 02
Invalid operation
d180/
d73/
f5/
f40:76 D5 4E 93 2E 00 00 BB 46
d180/
d73/
f5/
d73:dir:0
Invalid operation
d139:2
n58:1
d178:0
d97:0
Invalid operation
d139:u2
d180:dir:0
d180:dir:0
d180:dir:0
d139:2
n58:1
d178:0
d97:0
d139:u2
d139:u2
f40:76 24
d139
d178
d180/
d73/
d97
f5/
n58
d139
d178
d180/
d73/
d97
f5/
n58
d139
d178
d180/
d70/
d73/
d97
f5/
n58
d139
d178
d180/
d70/
d73/
d97
f5/
n58
Invalid operation
d57/
f128
f270
f40
f72/
n23
Invalid operation
d139
d156
d178
d180/
d233
d70/
d73/
d77
d86/
d97
f199/
f5/
n58
d233:9
d77:7
d156:4
Invalid operation
d63:8E AD
f238:3
d63:AD
d101:md:11
/d165/n117/f72/d73/d168
d168:10
d10:0
d168:unmnhujgdn
d168:txt:10
d63:D8
d63:5C
d63:AD 00
d139:u2x.ie1uxxf6x5sa-_p.k93xdy06sbhxjvp
Null
/d165/n117/f72/d139
Invalid operation
f40:34
n23:13
f128:9
f270:0
f40:bin:34
f40:DC AF EF BB 46 E2 48 15 BF D2 6F F5
Invalid operation
Invalid operation
Invalid operation
Invalid operation
f40:34
n23:13
f293:11
d226:3
d226
d57/
f113/
f270
f293
f40
f72/
n23
Invalid operation
Invalid operation
d116
d148
d156
d162
d17
d175
d194/
d199
d222
d250/
d251/
d257/
d262
d4/
d92
d97
f12
f127/
f189/
f193/
f209/
f225
f270
f288/
f39/
f53
f57/
f98/
n10/
n117/
n22
n44/
n88
n93
d116
d148
d156
d162
d17
d173/
d175
d194/
d199
d222
d250/
d251/
d257/
d262
d4/
d92
d97
f12
f127/
f189/
f193/
f209/
f225
f270
f288/
f39/
f53
f57/
f98/
n10/
n117/
n22
n44/
n88
n89
n93
Null
/d165/f270
n88:57 79
n88:C0 24 00 00 0F
Invalid operation
Invalid operation
Invalid operation
Invalid operation
f40:34
Invalid operation
d226
d57/
d74
f113/
f244
f293
f40
f72/
f89
n23
/d165/d116
f40:34
n23:13
f293:11
f89:8
d226:3
f244:1
d74:0
Invalid operation
Invalid operation
/d165/n117/f40
/f40
Invalid operation
Invalid operation
d138
d226
d57/
d74
f113/
f244
f270
f293
f40
f72/
n23
Invalid operation
Invalid operation
f40:11 DC AF EF BB 46 E2 D3 02 00 85 8E FD
f40:B1 B0 E5 8D 22 16 02 76 C3 BB 11 DC AF EF BB 46 E2 D3 02 00
Null
Invalid operation
d280:dir:0
Invalid operation
d97:dir:0
Invalid operation
Invalid operation
Invalid operation
Null
Invalid operation
Invalid operation
f40:bin:36
d138
d226
d57/
d74
f113/
f244
f293
f40
f72/
n23
Invalid operation
d138
d226
d57/
d74
f113/
f244
f293
f40
f72/
n23
f40:bin:36
Null
Null
f270:61
n88:29
f53:17
/d165/f270
Invalid operation
Null
d104/
d116
d122
d133
d148
d156
d162
d17
d173/
d175
d194/
d199
d222
d250/
d251/
d257/
d262
d4/
d57/
d92
d97
f115/
f12
f121
f127/
f189/
f193/
f209/
f225
f270
f288/
f39/
f53
f57/
f98/
n10/
n117/
n22
n44/
n88
n89
n93
Invalid operation
Invalid operation
d75:170
d209:31
n118:16
d75:170
d209:31
n118:16
Invalid operation
d10/
d110/
d111/
d125/
d126
d165/
d173
d188
d193/
d201
d203
d205
d209
d228
d249
d261/
d262/
d268/
d272/
d284/
d297/
d46/
d67/
d69
d75
f112
f120
f145
f16/
f161
f166/
f177
f180/
f181
f199/
f209
f221/
f23
f251/
f26/
f282/
f285/
f40
f48/
f5/
f51
f53
f61/
f7/
f85/
n109/
n117/
n118
n119
n12/
n38/
n46/
n47
n48
n77
d272:dir:0
d75:169
d209:28
n118:16
d75:169
d209:28
n118:16
d10/
d110/
d111/
d125/
d126
d165/
d173
d188
d193/
d201
d203
d205
d209
d228
d249
d261/
d262/
d268/
d272/
d284/
d297/
d46/
d67/
d69
d75
f112
f120
f145
f16/
f161
f166/
f177
f180/
f181
f199/
f209
f221/
f23
f251/
f26/
f282/
f285/
f40
f48/
f5/
f51
f53
f61/
f7/
f85/
n109/
n117/
n118
n119
n12/
n38/
n46/
n47
n48
n77
d272:dir:0
Invalid operation
d10/
d110/
d111/
d125/
d126
d165/
d173
d188
d193/
d201
d203
d205
d209
d228
d249
d261/
d262/
d268/
d272/
d284/
d297/
d46/
d67/
d69
d75
f112
f120
f145
f16/
f161
f166/
f177
f180/
f181
f199/
f209
f221/
f23
f251/
f26/
f282/
f285/
f40
f48/
f5/
f51
f53
f61/
f7/
f85/
n109/
n117/
n118
n119
n12/
n38/
n46/
n47
n48
n77
d10/
d110/
d111/
d125/
d126
d165/
d173
d188
d193/
d201
d203
d205
d209
d228
d249
d261/
d262/
d268/
d272/
d284/
d297/
d46/
d67/
d69
d75
f112
f120
f145
f16/
f161
f166/
f177
f180/
f181
f199/
f209
f221/
f23
f251/
f26/
f282/
f285/
f40
f48/
f5/
f51
f53
f61/
f7/
f85/
n109/
n117/
n118
n119
n12/
n38/
n46/
n47
n48
n77
d75:8c9nwv6zxx.r_quybg9-9fdt6 elpbvd4jx-q38qqv_2gisxlnxw gavyj1mgy4xt2ccz..xas1959nyzbp31soaz3g9xcb17mz419f0osc6v79ttcv4pec.x3_x7xpfkm84 kkmf46dzwfaqimeo.agjl_ea07sug6_puuj9
d75:8c9nwv6zxx.r_quybg9-9fdt6 elpbvd4jx-q38qqv_2gisxlnxw gavyj1mgy4xt2ccz..xas1959nyzbp31soaz3g9xcb17mz419f0osc6v79ttcv4pec.x3_x7xpfkm84 kkmf46dzwfaqimeo.agjl_ea07sug6_puuj9
d75:169
d209:30
n118:16
d75:169
d209:30
n118:16
d10/
d110/
d111/
d125/
d126
d165/
d173
d188
d193/
d201
d203
d205
d209
d228
d249
d261/
d262/
d268/
d272/
d284/
d297/
d46/
d67/
d69
d75
f112
f120
f16/
f161
f166/
f177
f180/
f181
f199/
f209
f221/
f23
f251/
f26/
f282/
f285/
f40
f48/
f5/
f51
f53
f61/
f7/
f85/
n109/
n117/
n118
n119
n12/
n38/
n46/
n47
n48
n77
d209:D6 26 E7 34 5E
d75:169
d10/
d110/
d111/
d125/
d126
d165/
d173
d188
d193/
d201
d203
d205
d209
d228
d249
d261/
d262/
d268/
d272/
d284/
d297/
d46/
d67/
d69
d75
f112
f120
f133/
f16/
f161
f166/
f177
f180/
f181
f199/
f209
f221/
f23
f251/
f26/
f282/
f285/
f40
f48/
f5/
f51
f53
f61/
f7/
f85/
n109/
n117/
n118
n119
n12/
n38/
n46/
n47
n48
n77
Invalid operation
d75:169
d209:30
n118:16
d10/
d110/
d111/
d125/
d126
d165/
d173
d188
d193/
d201
d203
d205
d209
d228
d249
d261/
d262/
d268/
d272/
d284/
d297/
d46/
d67/
d69
d75
f112
f120
f133/
f16/
f161
f166/
f177
f180/
f181
f199/
f209
f221/
f23
f251/
f26/
f282/
f285/
f40
f48/
f5/
f51
f53
f61/
f7/
f85/
n109/
n117/
n118
n119
n12/
n38/
n46/
n47
n48
n77
d272:dir:0
d75:169
d209:30
n118:16
Null
d75:169
d209:30
n118:16
d10/
d110/
d111/
d125/
d126
d165/
d173
d188
d193/
d201
d203
d205
d209
d228
d249
d261/
d262/
d268/
d272/
d284/
d297/
d46/
d67/
d69
d75
f112
f120
f16/
f161
f166/
f177
f180/
f181
f199/
f209
f221/
f23
f251/
f26/
f282/
f285/
f40
f48/
f5/
f51
f53
f61/
f7/
f85/
n109/
n117/
n118
n119
n12/
n19/
n38/
n46/
n47
n48
n77
d75:169
d209:30
n118:16
d10/
d110/
d111/
d125/
d126
d165/
d173
d188
d193/
d201
d203
d205
d209
d228
d249
d261/
d262/
d268/
d272/
d284/
d297/
d46/
d67/
d69
d75
f112
f120
f16/
f161
f166/
f177
f180/
f181
f199/
f209
f221/
f23
f251/
f26/
f282/
f285/
f40
f48/
f5/
f51
f53
f61/
f7/
f85/
n109/
n117/
n118
n119
n12/
n19/
n38/
n46/
n47
n48
n77
d75:8c9nwv6zxx.r_quybg9-9fdt6 elpbvd4jx-q38qqv_2gisxlnxw gavyj1mgy4xt2ccz..xas1959nyzbp31soaz3g9xcb17mz419f0osc6v79ttcv4pec.x3_x7xpfkm84 kkmf46dzwfaqimeo.agjl_ea07sug6_puuj9
d75:8c9nwv6zxx.r_quybg9-9fdt6 elpbvd4jx-q38qqv_2gisxlnxw gavyj1mgy4xt2ccz..xas1959nyzbp31soaz3g9xcb17mz419f0osc6v79ttcv4pec.x3_x7xpfkm84 kkmf46dzwfaqimeo.agjl_ea07sug6_puuj9
d75:8c9nwv6zxx.r_quybg9-9fdt6 elpbvd4jx-q38qqv_2gisxlnxw gavyj1mgy4xt2ccz..xas1959nyzbp31soaz3g9xcb17mz419f0osc6v79ttcv4pec.x3_x7xpfkm84 kkmf46dzwfaqimeo.agjl_ea07sug6_puuj9
d272:dir:0
d75:8c9nwv6zxx.r_quybg9-9fdt6 elpbvd4jx-q38qqv_2gisxlnxw gavyj1mgy4xt2ccz..xas1959nyzbp31soaz3g9xcb17mz419f0osc6v79ttcv4pec.x3_x7xpfkm84 kkmf46dzwfaqimeo.agjl_ea07sug6_puuj9nwj6-rdjuws
d209:00 00
d75:180
d209:33
n118:16
d10/
d110/
d111/
d125/
d126
d165/
d173
d188
d193/
d201
d203
d205
d209
d228
d249
d261/
d262/
d268/
d272/
d284/
d297/
d46/
d67/
d69
d75
f112
f120
f16/
f161
f166/
f177
f180/
f181
f199/
f209
f221/
f23
f251/
f26/
f282/
f285/
f40
f48/
f5/
f51
f53
f61/
f7/
f85/
n109/
n117/
n118
n119
n12/
n33
n38/
n46/
n47
n48
n77
d75:180
d209:33
n118:16
Invalid operation
Null
d10/
d110/
d111/
d125/
d126
d165/
d173
d188
d193/
d201
d203
d209
d228
d249
d261/
d262/
d268/
d272/
d284/
d297/
d46/
d67/
d69
d75
f112
f120
f16/
f161
f166/
f177
f180/
f181
f199/
f209
f221/
f23
f251/
f26/
f282/
f285/
f40
f48/
f5/
f51
f53
f61/
f7/
f85/
n109/
n117/
n118
n119
n12/
n33
n38/
n46/
n47
n48
n77
d10/
d110/
d111/
d125/
d126
d165/
d173
d188
d193/
d201
d203
d207
d209
d228
d249
d261/
d262/
d268/
d272/
d284/
d297/
d46/
d67/
d69
d75
f112
f120
f16/
f161
f166/
f177
f180/
f181
f199/
f209
f221/
f23
f251/
f26/
f282/
f285/
f40
f48/
f5/
f51
f53
f61/
f7/
f85/
n109/
n117/
n118
n119
n12/
n33
n38/
n46/
n47
n48
n77
d75:8c9nwv6zxx.r_quybg9-9fdt6 elpbvd4jx-q38qqv_2gisxlnxw gavyj1mgy4xt2ccz..xas1959nyzbp31soaz3g9xcb17mz419f0osc6v79ttcv4pec.x3_x7xpfkm84 kkmf46dzwfaqimeo.agjl_ea07sug6_puuj9nwj6-rdjuwsx
d272:dir:0
Invalid operation
d10/
d110/
d111/
d125/
d126
d165/
d173
d188
d193/
d201
d203
d207
d209
d228
d249
d261/
d262/
d268/
d272/
d284/
d297/
d46/
d67/
d69
d75
f112
f120
f16/
f161
f166/
f177
f180/
f181
f199/
f209
f221/
f23
f251/
f26/
f282/
f285/
f40
f48/
f5/
f51
f53
f61/
f7/
f85/
n109/
n117/
n118
n119
n12/
n33
n38/
n46/
n47
n48
n77
d211:00
d125/
d15/
d204
d211
d220
d221
d241
d71
d89
f1/
f113
f129
f130/
f133
f140/
f207
f209
f225/
f234/
f268
f284/
f81/
f88/
n58/
n7/
n78
/f5/d89
Invalid operation
d125/
d15/
d176/
d211
d220
d221
d241
d71
d89
f1/
f113
f129
f130/
f133
f140/
f207
f209
f225/
f234/
f268
f284/
f81/
f88/
n58/
n7/
n78
Invalid operation
d125/
d15/
d176/
d211
d220
d221
d241
d71
d89
f1/
f113
f129
f130/
f133
f140/
f207
f209
f225/
f234/
f268
f284/
f81/
f88/
n58/
n7/
n78
/f5/d89
d125/
d15/
d176/
d211
d220
d221
d241
d71
d89
f1/
f113
f129
f130/
f133
f140/
f207
f209
f225/
f234/
f268
f284/
f81/
f88/
n58/
n7/
n78
d75:181
d209:33
n118:16
d209:59 00 00
Invalid operation
d75:181
d209:33
n118:16
Null
f17:txt:0
n34:14
d282:8
f17:0
Null
d282
f254
n34
Invalid operation
/d75
d10/
d110/
d111/
d125/
d126
d165/
d173
d188
d193/
d201
d203
d207
d209
d228
d249
d261/
d262/
d268/
d272/
d284/
d297/
d46/
d67/
d69
d75
f112
f120
f16/
f161
f166/
f177
f180/
f181
f199/
f209
f221/
f23
f251/
f26/
f282/
f285/
f40
f48/
f5/
f51
f53
f61/
f7/
f85/
n109/
n117/
n118
n119
n12/
n33
n38/
n46/
n47
n48
n77
d10/
d110/
d111/
d125/
d126
d165/
d173
d188
d193/
d201
d203
d207
d209
d228
d249
d261/
d262/
d268/
d272/
d284/
d297/
d46/
d67/
d69
d75
f112
f120
f16/
f161
f166/
f177
f180/
f181
f199/
f209
f221/
f23
f251/
f26/
f282/
f285/
f40
f48/
f5/
f51
f53
f61/
f7/
f85/
n109/
n117/
n118
n119
n12/
n33
n38/
n46/
n47
n48
n77
Invalid operation
d75:187
d209:39
d209:F6 BB 5A 00 00 0D 37 00 00 D6 26 E7 34 5E
d75:8c9nwv6zxx.r_quybg9-9fdt6 elpbvd4jx-q38qqv_2gisxlnxw gavyj1mgy4xt2ccz..xas1959nyzbp31soaz3g9xcb17mz419f0osc6v79ttcv4pec.x3_x7xpfkm84 kkmf46dzwfaqimeo.agjl_ea07sug6_puuj9nwj6-rdjuwsxyi
/d75
Invalid operation
d75:8c9nwv6zxx.r_quybg9-9fdt6 elpbvd4jx-q38qqv_2gisxlnxw gavyj1mgy4xt2ccz..xas1959nyzbp31soaz3g9xcb17mz419f0osc6v79ttcv4pec.x3_x7xpfkm84 kkmf46dzwfaqimeo.agjl_ea07sug6_puuj9nwj6-rdjuwsxyi
d272:dir:0
d75:198
d209:39
n118:16
Invalid operation
Invalid operation
d10/
d110/
d111/
d125/
d126
d165/
d173
d188
d193/
d201
d203
d207
d209
d228
d249
d261/
d262/
d268/
d272/
d284/
d297/
d46/
d67/
d69
f112
f120
f16/
f161
f166/
f177
f180/
f181
f199/
f209
f221/
f23
f251/
f26/
f282/
f285/
f40
f48/
f5/
f51
f53
f61/
f7/
f85/
n109/
n117/
n118
n119
n12/
n33
n38/
n46/
n47
n48
n77
d10/
d110/
d111/
d125/
d126
d165/
d173
d188
d193/
d201
d203
d207
d209
d228
d247/
d249
d261/
d262/
d268/
d272/
d284/
d297/
d46/
d67/
d69
f112
f120
f16/
f161
f166/
f177
f180/
f181
f199/
f209
f221/
f23
f251/
f26/
f282/
f285/
f40
f48/
f5/
f51
f53
f61/
f7/
f85/
n109/
n117/
n118
n119
n12/
n33
n38/
n46/
n47
n48
n77
d10/
d110/
d111/
d125/
d126
d165/
d188
d193/
d201
d203
d207
d209
d228
d249
d261/
d262/
d268/
d272/
d284/
d297/
d46/
d67/
d69
f112
f120
f16/
f161
f166/
f173
f177
f180/
f181
f199/
f209
f221/
f23
f251/
f26/
f282/
f285/
f40
f48/
f5/
f51
f53
f61/
f7/
f85/
n109/
n117/
n118
n119
n12/
n33
n38/
n46/
n47
n48
n77
/n47
n47:06rm80d72i -e5o02ib9xfp16d_ 
/n47
n47:06rm80d72i -e5o02ib9xfp16d_ 
Invalid operation
Invalid operation
Invalid operation
Invalid operation
d209:39
n47:38
n118:16
d209:39
n47:38
n118:16
d209:47
n47:38
n118:16
d209:47
n47:38
n118:16
Invalid operation
/d165/f270
d209:47
n47:38
n118:16
n47:06rm80d72i -e5o02ib9xfp16d_ mmenpzq8s5
d10/
d110/
d111/
d120/
d125/
d126
d165/
d188
d193/
d201
d203
d207
d209
d228
d249
d261/
d262/
d268/
d272/
d284/
d297/
d46/
d67/
d69
f112
f120
f16/
f161
f166/
f173
f177
f180/
f181
f199/
f209
f221/
f23
f251/
f26/
f282/
f285/
f40
f48/
f5/
f51
f53
f61/
f7/
f85/
n109/
n117/
n118
n119
n12/
n33
n38/
n46/
n47
n48
n77
d10/
d110/
d111/
d120/
d125/
d126
d165/
d188
d193/
d201
d203
d207
d209
d228
d249
d261/
d262/
d268/
d272/
d284/
d297/
d46/
d67/
d69
f112
f120
f16/
f161
f166/
f173
f177
f180/
f181
f199/
f209
f221/
f23
f251/
f26/
f282/
f285/
f40
f48/
f5/
f51
f53
f61/
f7/
f85/
n109/
n117/
n118
n119
n12/
n33
n38/
n46/
n47
n48
n77
d209:44
n47:41
n118:16
Invalid operation
/n47
d10/
d110/
d111/
d120/
d125/
d126
d165/
d188
d193/
d201
d203
d207
d209
d228
d249
d261/
d262/
d268/
d272/
d284/
d297/
d46/
d67/
d69
f112
f120
f16/
f161
f166/
f173
f177
f180/
f181
f199/
f209
f221/
f23
f251/
f26/
f282/
f285/
f40
f48/
f5/
f51
f53
f61/
f7/
f85/
n109/
n117/
n118
n119
n12/
n33
n38/
n46/
n47
n48
n77
d209:44
n47:41
n118:16
d209:44
n47:41
n118:16
d10/
d110/
d111/
d120/
d125/
d126
d165/
d188
d193/
d201
d203
d207
d209
d228
d249
d261/
d262/
d268/
d272/
d284/
d297/
d46/
d67/
d69
f112
f120
f16/
f161
f166/
f173
f177
f180/
f181
f199/
f209
f221/
f23
f251/
f26/
f282/
f285/
f40
f48/
f5/
f51
f53
f61/
f7/
f85/
n109/
n117/
n118
n119
n12/
n33
n38/
n46/
n47
n48
n77
Null
Invalid operation
Invalid operation
Invalid operation
Invalid operation
Invalid operation
/d272/f90
f90:8A 32 55
d143
f134/
f229/
f90
n26
d143
f134/
f229/
f90
n26
Invalid operation
Invalid operation
Invalid operation
d209:44
n47:41
n118:16
Invalid operation
d209:0D 37 00 00 D6 26 A2 53 72 9D DE 96 3D 76 00
d10/
d110/
d111/
d120/
d125/
d126
d165/
d188
d193/
d201
d203
d207
d209
d228
d249
d261/
d262/
d268/
d272/
d284/
d297/
d46/
d67/
d69
f112
f120
f16/
f161
f166/
f173
f177
f180/
f181
f199/
f209
f221/
f23
f251/
f26/
f282/
f285/
f40
f48/
f5/
f51
f53
f61/
f7/
f85/
n109/
n117/
n118
n119
n12/
n33
n38/
n46/
n47
n48
n77
Invalid operation
d209:44
n47:41
n118:16
/n47
n90/
Invalid operation
Invalid operation
Null
f191/
n90/
Invalid operation
Invalid operation
d209:49
n47:47
n118:16
d209:49
n47:47
n118:16
f40:14
d209:49
n47:47
n118:16
d209:37 A4 73 86 38 FE F6 BB 5A 00 00 0D 37 00 00 D6 26 A2 53 72 9D DE 96 3D 76 23
d282
d63/
f236/
f254
n34
/d125/f254
f11:F7
d282
d63/
f11
f254
f69/
n34
f254:5fsswnrcx
d282
d63/
f11
f254
f69/
n34
f254:5fsswnrcx
d282
d63/
f11
f254
f69/
n34
f254:txt:9
d209:49
n47:47
n118:16
d10/
d110/
d111/
d120/
d125/
d126
d165/
d188
d193/
d201
d203
d207
d209
d228
d249
d261/
d262/
d268/
d272/
d284/
d297/
d46/
d67/
d69
f112
f120
f16/
f161
f166/
f173
f177
f180/
f181
f199/
f209
f221/
f23
f251/
f26/
f282/
f285/
f40
f48/
f5/
f51
f53
f61/
f7/
f85/
n109/
n117/
n118
n119
n12/
n33
n38/
n46/
n47
n48
n77
Invalid operation
f254:txt:9
f254:txt:9
d204
d63/
f11
f254
f69/
/d125/f254
f11:68 6E
f254:10
f11:4
d204:2
Invalid operation
f254:10
f11:4
d204:2
d10/
d110/
d111/
d120/
d125/
d126
d165/
d188
d193/
d201
d203
d207
d209
d228
d249
d261/
d262/
d268/
d272/
d284/
d297/
d46/
d67/
d69
f112
f120
f16/
f161
f166/
f173
f177
f180/
f181
f199/
f209
f221/
f23
f251/
f26/
f282/
f285/
f40
f48/
f5/
f51
f53
f61/
f7/
f85/
n109/
n117/
n118
n119
n12/
n33
n38/
n46/
n47
n48
n77
d209:38 FE F6 BB 5A 00 00 0D 37 00 00 D6 26 A2 53 72 9D DE 96 3D 76 23 4D B3 B1
Invalid operation
Invalid operation
Null
d10
d102
d138
d175
d198
d258
d280/
d54
d60
d70
f205/
f218
f283
f43
f47/
f6
f83
f85
n102/
n28/
n31
n52
n71/
n76/
Invalid operation
Null
Invalid operation
Null
d10
d102
d138
d175
d182
d198
d258
d280/
d54
d60
d70
f205/
f218
f246
f283
f43
f47/
f6
f83
f85
n102/
n28/
n31
n52
n71/
n76/
d10
d102
d138
d175
d182
d198
d258
d280/
d54
d60
d70
f205/
f218
f246
f283
f43
f47/
f6
f83
f85
n102/
n28/
n31
n52
n71/
n76/
f47:dir:0
Invalid operation
d10
d102
d138
d175
d182
d198
d258
d280/
d54
d60
d70
f205/
f218
f246
f283
f43
f47/
f6
f83
f85
n102/
n28/
n31
n52
n57
n71/
n76/
Invalid operation
Invalid operation
d10
d102
d138
d175
d182
d198
d258
d280/
d54
d60
d70
f205/
f218
f246
f283
f43
f47/
f6
f83
f85
n102/
n28/
n31
n52
n57
n71/
n76/
/d67/n31
f83:17
d70:15
d198:13
Invalid operation
f47:dir:0
d10
d102
d138
d182
d198
d258
d280/
d54
d60
d70
f178/
f205/
f218
f246
f43
f47/
f6
f83
f85
n102/
n28/
n31
n52
n71/
n76/
Null
f47:dir:0
f47:dir:0
Invalid operation
n31:97 2F 79 00 F8 D9 5B 00 6C E1 B6
Invalid operation
Invalid operation
f47:dir:0
n31:00 F8 D9 5B 00
Invalid operation
/d67/n31
Null
/d67/n31
Invalid operation
d10
d102
d138
d182
d198
d258
d280/
d54
d60
d70
d88/
f13
f178/
f180/
f205/
f218
f246
f29/
f43
f47/
f57
f6
f83
f85
n102/
n28/
n31
n52
n71/
n76/
Invalid operation
Null
n31:00 F8 D9 5B 00
n31:8A 51 C1 C0 30
n31:C1
d10
d102
d116
d138
d182
d258
d280/
d54
d60
d70
d88/
f178/
f180/
f205/
f218
f246
f27
f29/
f43
f47/
f57
f6
f83
f85
n102/
n28/
n31
n52
n71/
n76/
Invalid operation
Invalid operation
/d67/n31
d175
d192/
d215
d221
d222
d224
d246
d288
d296
d3/
d38/
d96/
d98
f130/
f146/
f188/
f214
f254/
f264/
f291
f299
f34/
f40
f54/
f67
f68
f93/
f96
n39/
n56/
n66/
Null
/f221/f299
d224:EB 30
n56:dir:0
d224:23
d175
d192/
d215
d221
d222
d224
d246
d288
d296
d3/
d38/
d96/
d98
f111/
f130/
f146/
f15
f188/
f214
f254/
f264/
f291
f299
f34/
f40
f54/
f67
f68
f93/
f96
n39/
n56/
n66/
Invalid operation
Invalid operation
d224:00
f299:73
f96:16
d246:15
f68:9
d224:30
Invalid operation
/f221/f299
n56:dir:0
f299:_6zlomhondqafdxul5a3_z6zlhzfxxjr.5p_.5 ibnuxjse7-i pijl6 jpa0az8bad5h sj1h9geo
d224:00
d175
d192/
d215
d221
d222
d224
d246
d288
d296
d3/
d38/
d96/
d98
f111/
f130/
f146/
f15
f188/
f214
f254/
f264/
f291
f299
f34/
f40
f54/
f67
f68
f93/
f96
n26/
n39/
n56/
n66/
n89
Invalid operation
Invalid operation
d175
d192/
d215
d221
d222
d224
d246
d288
d296
d3/
d96/
d98
f111/
f130/
f146/
f15
f188/
f214
f254/
f264/
f291
f299
f34/
f40
f54/
f67
f68
f93/
f96
n26/
n39/
n56/
n66/
n89
Invalid operation
d175
d192/
d215
d221
d222
d224
d246
d288
d296
d3/
d96/
d98
f111/
f130/
f146/
f15
f156
f188/
f254/
f264/
f291
f299
f34/
f40
f45
f54/
f67
f68
f93/
f96
n26/
n39/
n56/
n66/
n89
n56:dir:0
d224:00 00
f299:_6zlomhondqafdxul5a3_z6zlhzfxxjr.5p_.5 ibnuxjse7-i pijl6 jpa0az8bad5h sj1h9geo
n56:dir:0
/f221/f299
n56:dir:0
/f221/d96/f81
f81:B6 00 2A 8A 23 FB E9 02 AD 76 38 9A B7 18 46 F0 87 68 17 2A 01 24 7F 91 00 00 00 8F
Invalid operation
d133:00 C1
d22:h627lj5d8zrde1p
Invalid operation
d22:h627lj5d8zrde1p
Invalid operation
d138/
d171
d193/
d199/
d200
d203
d21
d218
d228/
d241
d264
d275/
d276
d280
d81
d89/
f161
f179
f186/
f210
f212/
f249
f268/
f277
f287
f32
f33
f79/
f80
f81
f89
f94
n24/
n39/
Invalid operation
d199:dir:0
Invalid operation
f81:F0 87 68 17 2A 01 24 7F 91 00 00
f81:27
f32:17
d200:16
f210:14
d21:12
d264:12
f249:12
f89:3
d175
d192/
d215
d221
d222
d224
d236
d246
d288
d296
d3/
d96/
d98
f111/
f130/
f146/
f15
f156
f188/
f195/
f233
f254/
f264/
f291
f299
f34/
f40
f45
f54/
f67
f68
f77
f93/
f96
n14
n26/
n56/
n66/
n69
n89
Invalid operation
d175
d192/
d215
d221
d222
d224
d236
d246
d288
d296
d3/
d52/
d96/
d98
f111/
f130/
f146/
f15
f156
f188/
f195/
f233
f254/
f264/
f291
f299
f34/
f40
f54/
f67
f68
f77
f93/
f96
n14
n26/
n56/
n66/
n69
n89
Null
d224:A0 95 74
n56:dir:0
f299:_6zlomhondqafdxul5a3_z6zlhzfxxjr.5p_.5 ibnuxjse7-i pijl6 jpa0az8bad5h sj1h9geoxx
d175
d192/
d215
d221
d222
d224
d236
d246
d288
d296
d3/
d52/
d65
d96/
d98
f111/
f130/
f137/
f146/
f15
f156
f188/
f195/
f233
f254/
f264/
f291
f299
f34/
f40
f54/
f67
f68
f77
f93/
f96
n14
n26/
n56/
n66/
n69
n89
n56:dir:0
Null
d224:DF
d224:C7
Invalid operation
n56:dir:0
d224:78
d175
d192/
d215
d221
d222
d224
d236
d246
d288
d296
d3/
d52/
d96/
d98
f111/
f130/
f137/
f146/
f15
f156
f188/
f195/
f233
f254/
f258/
f264/
f291
f299
f34/
f40
f67
f68
f77
f93/
f96
n14
n26/
n56/
n66/
n69
n89
/f221/f299
d175
d192/
d215
d221
d222
d224
d236
d246
d288
d296
d3/
d52/
d96/
d98
f111/
f130/
f137/
f146/
f15
f156
f188/
f195/
f233
f254/
f258/
f264/
f291
f299
f34/
f40
f67
f68
f77
f93/
f96
n14
n26/
n56/
n66/
n69
n89
Invalid operation
Invalid operation
/f221/f299
Null
d224:29
n56:dir:0
f299:_6zlomhondqafdxul5a3_z6zlhzfxxjr.5p_.5 ibnuxjse7-i pijl6 jpa0az8bad5h sj1h9geoxxik 7d
d224:00 00 00 00
f299:85
f299:_6zlomhondqafdxul5a3_z6zlhzfxxjr.5p_.5 ibnuxjse7-i pijl6 jpa0az8bad5h sj1h9geoxxik 7d
f299:85
d224:17
f96:16
d246:15
d175
d192/
d215
d221
d222
d224
d236
d246
d288
d296
d3/
d52/
d96/
d98
f111/
f130/
f137/
f146/
f15
f156
f177
f188/
f195/
f233
f254/
f258/
f264/
f291
f299
f34/
f40
f66
f67
f68
f93/
f96
n14
n56/
n66/
n69
n89
f299:_6zlomhondqafdxul5a3_z6zlhzfxxjr.5p_.5 ibnuxjse7-i pijl6 jpa0az8bad5h sj1h9geoxxik 7d
d175
d192/
d215
d221
d222
d224
d236
d246
d288
d296
d3/
d52/
d96/
d98
f111/
f130/
f137/
f146/
f15
f156
f177
f188/
f195/
f233
f254/
f258/
f264/
f291
f299
f34/
f40
f66
f67
f68
f93/
f96
n14
n56/
n66/
n69
n89
d224:98
Invalid operation
f299:_6zlomhondqafdxul5a3_z6zlhzfxxjr.5p_.5 ibnuxjse7-i pijl6 jpa0az8bad5h sj1h9geoxxik 7d
d175
d192/
d215
d221
d222
d224
d236
d246
d288
d296
d3/
d52/
d96/
d98
f111/
f130/
f137/
f146/
f15
f156
f177
f188/
f195/
f233
f254/
f258/
f264/
f291
f299
f34/
f40
f54/
f66
f67
f68
f93/
f96
n14
n56/
n66/
n69
n89
Invalid operation
d224:36 10 E5 19 32 6E 07 5B 05 02
d209:51
n47:47
n118:16
d209:C6 30 52 00 00
d272:dir:0
n47:55
d209:51
n118:16
Invalid operation
Invalid operation
n47:06rm80d72i -e5o02ib9xfp16d_ mmenpzq8s5r6t.z8t62ihsj96r0
Invalid operation
d10/
d110/
d111/
d120/
d125/
d126
d165/
d188
d193/
d201
d207
d209
d228
d249
d261/
d262/
d268/
d272/
d284/
d297/
d46/
d67/
d69
f112
f120
f16/
f161
f166/
f173
f177
f180/
f181
f199/
f209
f221/
f23
f251/
f26/
f282/
f285/
f40
f48/
f5/
f51
f53
f61/
f7/
f85/
n109/
n117/
n118
n119
n12/
n33
n38/
n46/
n47
n48
n77
Invalid operation
d209:61
n47:55
n118:16
d10/
d110/
d111/
d120/
d125/
d126
d165/
d188
d193/
d201
d207
d209
d228
d249
d261/
d262/
d268/
d272/
d284/
d297/
d46/
d67/
d69
d76
f112
f120
f16/
f161
f166/
f173
f177
f180/
f181
f199/
f209
f221/
f23
f251/
f26/
f282/
f285/
f40
f48/
f5/
f51
f53
f61/
f7/
f85/
n109/
n117/
n118
n119
n12/
n33
n38/
n46/
n47
n48
n77
d209:61
n47:55
n118:16
d209:BB 5A 00 00 0D 37 00 00 D6 26 A2 53 72 9D DE 96 3D 76 23 4D B3 B1 C6 30 52 00 00 00 81 7B 65 8D 88 DD 47 45
d209:50
n47:06rm80d72i -e5o02ib9xfp16d_ mmenpzq8s5r6t.z8t62ihsj96r0
d209:72 9D DE 96 3D 76 23 4D B3 B1 C6 30 52 00 00 00 81 7B 65 8D 88 DD 47
d10/
d110/
d111/
d120/
d125/
d126
d165/
d188
d193/
d201
d207
d209
d228
d249
d261/
d262/
d268/
d272/
d284/
d297/
d46/
d67/
d69
f112
f120
f16/
f161
f166/
f173
f177
f180/
f181
f199/
f209
f221/
f23
f251/
f26/
f282/
f285/
f40
f48/
f5/
f51
f53
f61/
f7/
f85/
n109/
n117/
n118
n119
n12/
n33
n38/
n46/
n47
n48
n77
d209:BB 5A 00 00 0D 37 00 00 D6 26 A2 53 72 9D DE 96 3D 76 23 4D B3 B1 C6 30 52 00 00 00 81 7B 65 8D 88 DD 47 45 A2 00 00
d209:62
n47:55
n118:16
d272:dir:0
n47:06rm80d72i -e5o02ib9xfp16d_ mmenpzq8s5r6t.z8t62ihsj96r0
n47:06rm80d72i -e5o02ib9xfp16d_ mmenpzq8s5r6t.z8t62ihsj96r03z  1
n47:06rm80d72i -e5o02ib9xfp16d_ mmenpzq8s5r6t.z8t62ihsj96r03z  1
/n47
d153:k1fn
n5:dir:0
f258:16
f19:11
d153:4
d153
f19
f258
n5/
n5:dir:0
d153:md:4
d209:3D 76 23 4D 82 58 5D 0D 52 00 00 00 81 7B 65 8D 88 DD 47 45 A2 00 00 E0 CF DA
d209:00 00 81 7B 65 8D 88 DD 47 45 A2 00 00 E0
f19:txt:11
d153
d291/
f19
f258
f40
d153
d220
d291/
f19
f258
f40
Null
Invalid operation
Invalid operation
f19:txt:12
d15/
d153
d291/
f19
f258
f40
f65
d15/
d153
d291/
f19
f258
f40
f65
f258:16
f40:16
f19:12
Invalid operation
Invalid operation
Invalid operation
d10/
d110/
d111/
d120/
d125/
d126
d165/
d188
d193/
d201
d207
d209
d228
d249
d261/
d262/
d268/
d272/
d284/
d297/
d46/
d67/
d69
f112
f120
f16/
f161
f166/
f173
f177
f180/
f181
f199/
f209
f221/
f23
f251/
f26/
f282/
f285/
f40
f48/
f5/
f51
f53
f61/
f7/
f85/
n109/
n117/
n118
n119
n12/
n33
n38/
n46/
n47
n48
n77
Invalid operation
d10/
d110/
d111/
d120/
d125/
d126
d165/
d188
d193/
d201
d207
d209
d228
d249
d261/
d262/
d268/
d272/
d284/
d297/
d46/
d67/
d69
f112
f120
f16/
f161
f166/
f173
f177
f180/
f181
f199/
f209
f221/
f23
f251/
f26/
f282/
f285/
f40
f48/
f5/
f51
f53
f61/
f7/
f85/
n109/
n117/
n118
n119
n12/
n33
n38/
n46/
n47
n48
n77
Invalid operation
Invalid operation
/n47
Invalid operation
d10/
d110/
d111/
d120/
d125/
d126
d165/
d188
d193/
d201
d207
d209
d228
d249
d261/
d262/
d268/
d272/
d284/
d297/
d46/
d67/
d69
f112
f120
f16/
f161
f166/
f173
f177
f180/
f181
f199/
f209
f221/
f23
f251/
f26/
f282/
f285/
f40
f48/
f5/
f51
f53
f61/
f7/
f85/
n109/
n117/
n118
n119
n12/
n33
n38/
n46/
n47
n48
n77
Null
d209:BB 5A 00 00 0D 37 00 00 D6 E6 9E 18 7F D4 EC 42 3D 76 23 4D 82 58 5D 0D 52 00 00 00 A1 38 31 42 64 7B 8C 56 A2 00 00 E0 CF DA C7 F2
d209:7F D4 EC 42 3D 76 23 4D
d209:62
n47:60
n118:16
f40:14
d126:12
f161:12
f173:11
d209:62
n47:60
n118:16
d209:62
n47:60
n118:16
d209:61
n47:60
n118:16
d10/
d110/
d111/
d120/
d125/
d126
d165/
d188
d193/
d201
d207
d209
d228
d249
d261/
d262/
d268/
d272/
d284/
d297/
d46/
d67/
d69
f112
f120
f16/
f161
f166/
f173
f177
f180/
f181
f199/
f209
f221/
f23
f251/
f26/
f266
f282/
f285/
f40
f48/
f5/
f51
f53
f61/
f7/
f85/
n109/
n117/
n118
n119
n12/
n33
n38/
n46/
n47
n48
n77
n47:65
d209:A1 38 31 42 64 7B 8C 56 A2 00 00 E0 CF DA C7 F2 50
Invalid operation
Invalid operation
n47:64
d209:61
n118:16
n47:64
d209:61
n118:16
Invalid operation
n47:64
d209:61
n118:16
d10/
d110/
d111/
d120/
d125/
d126
d165/
d188
d193/
d201
d207
d209
d228
d249
d261/
d262/
d268/
d272/
d284/
d297/
d46/
d67/
d69
f112
f120
f16/
f161
f166/
f173
f177
f180/
f181
f199/
f209
f221/
f23
f251/
f26/
f266
f282/
f285/
f40
f48/
f5/
f51
f53
f61/
f7/
f85/
f93/
n109/
n117/
n118
n119
n12/
n33
n38/
n46/
n47
n77
/n47
d209:FE F6 BB 5A 00 00 0D 37 00 00 D6 E6 9E 18 7F D4
n47:06rm80d72i -e5o02ib9xfp16d_ mmenpzq8s5r6t.z8t62ihsj96r03z  1xkp4
n47:64
d209:61
n118:16
n47:64
d209:61
n118:16
f40:14
d126:12
f161:12
f173:11
f181:11
n47:64
d209:61
n118:16
d272:dir:0
n47:64
d209:61
n118:16
/n47
d272:dir:0
n47:64
d209:59
n118:16
n47:64
d209:59
n118:16
n47:06rm80d72i -e5o02ib9xfp16d_ mmenpzq8s5r6t.z8t62ihsj96r03z  1xkp4
d10/
d110/
d111/
d120/
d125/
d126
d165/
d188
d193/
d201
d207
d209
d228
d249
d261/
d262/
d268/
d272/
d284/
d297/
d46/
d67/
d69
f112
f120
f16/
f161
f166/
f173
f177
f180/
f181
f199/
f209
f221/
f23
f251/
f26/
f266
f282/
f285/
f40
f48/
f5/
f51
f53
f61/
f7/
f85/
f93/
n109/
n117/
n119
n12/
n33
n38/
n46/
n47
n77
Invalid operation
d272:dir:0
n47:64
n47:64
d209:59
f40:14
d126:12
f161:12
f173:11
f181:11
n119:11
n47:64
d209:59
f40:14
n47:06rm80d72i -e5o02ib9xfp16d_ mmenpzq8s5r6t.z8t62ihsj96r03z  1xkp4
Invalid operation
d10/
d110/
d111/
d120/
d125/
d126
d165/
d188
d193/
d201
d207
d209
d228
d249
d261/
d262/
d268/
d272/
d284/
d297/
d46/
d67/
d69
f112
f120
f16/
f161
f166/
f173
f177
f180/
f181
f199/
f209
f221/
f23
f251/
f26/
f266
f282/
f285/
f40
f48/
f5/
f51
f53
f61/
f7/
f85/
f93/
n109/
n117/
n119
n12/
n33
n38/
n46/
n47
n77
/n47
d209:00 E3 E6 F5 0A 42 64 7B
d209:64 7B 8C 56 A2 EA
Null
d209:E6 9E 18 7F D4 EC 42 3D 76 23 4D 82 58 5D 0D 52 00 00 E3 E6 F5 0A 42 64 7B 8C 56
/n47
Invalid operation
n47:06rm80d72i -e5o02ib9xfp16d_ mmenpzq8s5r6t.z8t62ihsj96r03z  1xkp4x
d42/
d52/
f234/
f75/
Invalid operation
/n47
d209:73 86 38 FE F6 BB 5A 00 00 0D 37 00 00 D6 E6 9E 18 7F D4 EC 42 3D 76 23 4D 82 58 5D 0D 52
d42/
d52/
d58/
f234/
f41
f75/
Null
Invalid operation
Null
f75:dir:0
f41:bafrs
Null
f75:dir:0
Invalid operation
Invalid operation
d42/
d52/
d58/
f234/
f41
f75/
Invalid operation
Null
d42/
d52/
d58/
d68/
f143
f234/
f41
f75/
f75:dir:0
/f7/f41
f75:dir:0
d42/
d52/
d58/
f143
f234/
f41
f75/
d42/
d52/
d58/
f143
f234/
f41
f75/
f41:bafrsx
n31:16
f143:9
f41:6
f75:dir:0
f75:dir:0
f75:dir:0
Invalid operation
f143:E1 DB 31
d42/
d52/
d58/
f143
f234/
f41
n31
Invalid operation
Invalid operation
f143:E1 DB 31 B3 82
Null
f143:DB
Invalid operation
f143:00 00 9D E1
f234:dir:0
Invalid operation
Invalid operation
f234:dir:0
d157/
d42/
d52/
d58/
f143
f177/
f234/
f41
f75/
n31
d157/
d42/
d52/
d58/
f143
f177/
f234/
f41
f75/
n31
f158:bin:8
/f7/f177/f158
f158:77 AE
/f7/f177/f158
Invalid operation
f158
Invalid operation
f158
Invalid operation
Invalid operation
Invalid operation
f29:17
f143:11
f41:6
Invalid operation
/f7/f143
Invalid operation
f143:B3 82 3C 2B 1A 15
f29:17
f143:12
f236:2
f143:E1 DB 31 B3 82 3C 2B 1A
Invalid operation
Null
Invalid operation
f143:82 3C 2B
f29:17
f143:11
f236:2
Invalid operation
Invalid operation
f143:15
d157/
d263
d52/
d58/
f143
f177/
f236
f4/
f6/
f75/
n29/
d21
d21:7
/f7/f143
/f7/f143
d157/
d263
d52/
d58/
f143
f177/
f236
f4/
f6/
f75/
f92/
n29/
Invalid operation
Invalid operation
Invalid operation
f143:00 00 C4 F9 FB 1A 7F
f143:21
d263:14
f236:2
f143:00 C4
Invalid operation
d157/
d263
d52/
d58/
f143
f177/
f236
f4/
f6/
f75/
f92/
n29/
Invalid operation
Invalid operation
f143:1F 9D D1 21 D2 B3 82
Invalid operation
d176
d295/
d176
d295/
d295:dir:0
d176:
Invalid operation
f138:17
d176:0
Invalid operation
f143:D1 21 D2
Null
f138:17
Invalid operation
f138:ich mnckne5gk1q_h
f138
/f7/d157/f138
Invalid operation
Null
f138:ich mnckne5gk1q_hks9gdbbj1bl1f4h
d279/
f138
n104
Null
f143:00 1F 9D D1 21 D2 B3 82 3C 2B AF D5 00
f143:00 00 00 C4 F9
n104:8
d279:dir:0
d192/
d279/
n104
n116/
/f7/d157/n104
f83:00 96
n104:6fmgdyz1
n104:txt:8
Invalid operation
d49:16
d0:15
n104:8
f83:4
n104:txt:8
d192/
d279/
d281/
d49
d64/
f83
n104
n116/
/f7/d157/n104
d49:16
f83:15
Invalid operation
d49:16
f83:15
Invalid operation
d177/
d192/
d279/
d281/
d49
d64/
f15/
f83
n104
n116/
Invalid operation
Invalid operation
Invalid operation
d132
d177/
d192/
d279/
d281/
d49
d64/
f124
f15/
f225/
f83
n104
n116/
f83:00 96 00 00 00 00 AE 57 68 F8 EA B4 DD
Invalid operation
d10/
d110/
d111/
d120/
d125/
d126
d165/
d188
d193/
d201
d207
d209
d228
d249
d261/
d262/
d268/
d272/
d284/
d297/
d46/
d67/
d69
f112
f16/
f161
f166/
f173
f177
f180/
f181
f199/
f209
f221/
f23
f251/
f26/
f266
f282/
f285/
f296
f40
f48/
f5/
f51
f53
f61/
f7/
f85/
f93/
n109/
n117/
n119
n12/
n33
n38/
n46/
n47
n47:96
d209:59
f40:14
d126:12
f161:12
f173:11
f181:11
n119:11
d10/
d110/
d111/
d120/
d125/
d126
d165/
d188
d193/
d201
d207
d209
d228
d249
d261/
d262/
d268/
d272/
d284/
d290/
d297/
d46/
d67/
d69
f112
f16/
f161
f166/
f173
f177
f180/
f181
f199/
f209
f221/
f23
f251/
f26/
f266
f282/
f285/
f296
f40
f48/
f5/
f51
f53
f61/
f7/
f85/
f93/
n109/
n117/
n119
n12/
n33
n38/
n46/
n47
n75
d272:dir:0
n47:96
d209:59
f40:14
d209:2C 46
n47:96
d209:59
f40:14
d126:12
f161:12
f173:11
f181:11
n119:11
n47:96
d209:59
f40:14
d126:12
f161:12
f173:11
f181:11
Invalid operation
n47:06rm80d72i -e5o02ib9xfp16d_ mmenpzq8s5r6t.z8t62ihsj96r03z  1xkp4x1zmt4i32sld_8kbxly-7vc_ohb4r_kl
n47:06rm80d72i -e5o02ib9xfp16d_ mmenpzq8s5r6t.z8t62ihsj96r03z  1xkp4x1zmt4i32sld_8kbxly-7vc_ohb4r_kl
n47:96
d209:59
f40:14
d126:12
f161:12
f173:11
f181:11
n119:11
n47:103
d209:59
f40:14
Invalid operation
n47:103
d209:59
f40:14
d10/
d110/
d111/
d125/
d126
d165/
d188
d193/
d201
d207
d209
d228
d249
d261/
d262/
d268/
d272/
d284/
d290/
d297/
d46/
d67/
d69
f112
f16/
f161
f166/
f173
f177
f180/
f181
f199/
f209
f217
f221/
f23
f251/
f26/
f266
f282/
f285/
f296
f40
f48/
f5/
f51
f53
f61/
f7/
f85/
f93/
n109/
n117/
n119
n12/
n33
n38/
n46/
n47
n75
n47:103
d209:59
f40:14
n47:103
d209:57
f40:14
n47:103
d209:57
f40:14
d126:12
f161:12
f19:ea0peh2g.7xx
f68/
f19:ea0peh2g.7xxm
Invalid operation
/d110/f19
Invalid operation
f19:ea0peh2g.7xxm
Null
f68/
n22/
f19:ea0peh2g.7xxmd0nwtcxvw
d179
f19:ea0peh2g.7xxmd0nwtcxvwxx
Null
f19:txt:24
f65:00 00 00 6E 00
f19:ea0peh2g.7xxmd0nwtcxvwxx
Invalid operation
Invalid operation
f65:B1
f19:24
f258:16
f40:16
f19:txt:24
Invalid operation
Invalid operation
Invalid operation
n47:104
d209:57
f40:14
d209:73 86
n47:104
d209:57
f40:14
d126:12
f161:12
f173:11
f181:11
n119:11
Null
d10/
d110/
d111/
d125/
d126
d165/
d188
d193/
d201
d207
d209
d228
d249
d261/
d262/
d268/
d272/
d284/
d290/
d297/
d46/
d67/
d69
f112
f16/
f161
f166/
f173
f177
f180/
f181
f199/
f209
f217
f221/
f23
f251/
f26/
f266
f282/
f285/
f296
f40
f48/
f5/
f51
f53
f61/
f7/
f85/
f93/
n109/
n117/
n119
n12/
n33
n38/
n46/
n47
n75
Invalid operation
n47:106
d209:57
f40:14
n47:106
d209:57
f40:14
d126:12
f161:12
f173:11
f181:11
n47:106
d209:57
f40:14
d10/
d110/
d111/
d125/
d126
d165/
d188
d193/
d201
d207
d209
d228
d249
d261/
d262/
d268/
d272/
d284/
d290/
d297/
d46/
d67/
d69
f112
f16/
f161
f166/
f173
f177
f180/
f181
f199/
f209
f217
f221/
f23
f251/
f26/
f266
f282/
f285/
f296
f40
f48/
f5/
f51
f53
f61/
f7/
f85/
f93/
n109/
n117/
n119
n12/
n33
n38/
n46/
n47
n75
n47:106
d209:55
f40:14
d126:12
f161:12
f173:11
n47:106
d209:55
f40:14
d10/
d110/
d111/
d125/
d126
d165/
d188
d193/
d201
d207
d209
d228
d249
d261/
d262/
d268/
d272/
d284/
d290/
d297/
d46/
d67/
d69
f112
f16/
f161
f166/
f173
f177
f180/
f181
f199/
f209
f217
f221/
f23
f251/
f26/
f266
f282/
f285/
f296
f40
f48/
f5/
f51
f53
f61/
f7/
f85/
f93/
n109/
n117/
n119
n12/
n33
n38/
n46/
n47
n75
Invalid operation
d209:8E E3 9A B1 71 E6 9E 18 7F D4 EC 42 3D 76 23 4D 0F E5 A2 F7 0B 8B 57 B0 12 86 7B FA 85 39 25 56
/n47
f23:v5idb bb
d10/
d110/
d111/
d125/
d126
d165/
d188
d193/
d201
d207
d209
d228
d249
d261/
d262/
d268/
d272/
d284/
d290/
d297/
d46/
d67/
d69
f112
f16/
f161
f166/
f173
f177
f180/
f181
f199/
f209
f217
f221/
f23
f251/
f26/
f266
f282/
f285/
f296
f48/
f5/
f51
f53
f61/
f7/
f85/
f93/
n109/
n117/
n119
n12/
n33
n38/
n46/
n75
Invalid operation
d10/
d110/
d111/
d125/
d126
d165/
d188
d193/
d201
d207
d209
d228
d249
d261/
d262/
d268/
d272/
d284/
d290/
d297/
d46/
d67/
d69
f112
f16/
f161
f166/
f173
f177
f180/
f181
f199/
f209
f217
f221/
f23
f251/
f26/
f266
f282/
f285/
f296
f48/
f5/
f51
f53
f61/
f7/
f85/
f93/
n109/
n117/
n119
n12/
n33
n38/
n46/
n75
d10/
d110/
d111/
d125/
d126
d165/
d188
d193/
d201
d207
d209
d228
d249
d261/
d262/
d268/
d272/
d284/
d290/
d297/
d46/
d67/
d69
f112
f16/
f161
f166/
f173
f177
f180/
f181
f199/
f209
f217
f221/
f23
f251/
f26/
f266
f282/
f285/
f296
f48/
f5/
f51
f53
f61/
f7/
f85/
f93/
n109/
n117/
n119
n12/
n33
n38/
n46/
n75
Invalid operation
Invalid operation
f161/
f40
f40:
d209:CA 02 31 55 F2 19 17 FF 7C 73 86 38 FE F6 83 30 5E 2B 8E E3 9A B1 71 E6 9E 18 7F D4 EC 42 3D 76 23 4D 0F E5 A2 F7 0B 8B 57 B0 12 86 7B FA 85 39 25 56 A2 EA
f161/
Invalid operation
Invalid operation
d168
d169/
d267/
f161/
d168
d267/
f161/
f161:dir:0
d209:73
f23:21
d126:12
Invalid operation
Invalid operation
f23:v5idb bbxlte756mtpgr7
Invalid operation
n56:dir:0
/f221/f299
Null
d175
d192/
d214
d215
d221
d222
d224
d236
d246
d288
d296
d3/
d52/
d56/
d96/
d98
f111/
f130/
f137/
f146/
f15
f156
f177
f188/
f193
f195/
f233
f254/
f258/
f264/
f291
f299
f34/
f40
f66
f67
f68
f93/
f96
n14
n56/
n66/
n69
n89
Invalid operation
Invalid operation
/f221/f299
f299:94
d224:20
f96:16
f299:_6zlomhondqafdxul5a3_z6zlhzfxxjr.5p_.5 ibnuxjse7-i pijl6 jpa0az8bad5h sj1h9geoxxik 7d.kqgh63.z
Invalid operation
d175
d192/
d214
d215
d221
d222
d224
d236
d246
d288
d296
d3/
d52/
d56/
d96/
d98
f111/
f130/
f137/
f15
f156
f177
f188/
f193
f195/
f233
f249/
f254/
f258/
f264/
f27
f291
f299
f34/
f40
f66
f67
f68
f93/
f96
n14
n56/
n66/
n69
n89
Invalid operation
f299:_6zlomhondqafdxul5a3_z6zlhzfxxjr.5p_.5 ibnuxjse7-i pijl6 jpa0az8bad5h sj1h9geoxxik 7d
n56:dir:0
d129
Invalid operation
n56:dir:0
Invalid operation
n56:dir:0
f299:_6zlomhondqafdxul5a3_z6zlhzfxxjr.5p_.5 ibnuxjse7-i pijl6 jpa0az8bad5h sj1h9geoxxik 7dxgzpypwssqzxyy3 6  2h378f xe.u4vsetfr-u1 20huicgva
f211:bin:3
f211:23 0B BF
Invalid operation
Invalid operation
Invalid operation
f299:_6zlomhondqafdxul5a3_z6zlhzfxxjr.5p_.5 ibnuxjse7-i pijl6 jpa0az8bad5h sj1h9geoxxik 7dxgzpypwssqzxyy3 6  2h378f xe.u4vsetfr-u1 20huicgva
f299:_6zlomhondqafdxul5a3_z6zlhzfxxjr.5p_.5 ibnuxjse7-i pijl6 jpa0az8bad5h sj1h9geoxxik 7dxgzpypwssqzxyy3 6  2h378f xe.u4vsetfr-u1 20huicgva
d128:dir:0
d224:66 18 16 0C 2D 1C
Invalid operation
Invalid operation
d224:9C 07 A7 5D AD
d128/
Null
d128/
d47/
d128:dir:0
f299:_6zlomhondqafdxul5a3_z6zlhzfxxjr.5p_.5 ibnuxjse7-i pijl6 jpa0az8bad5h sj1h9geoxxik 7dxgzpypwssqzxyy3 6  2h378f xe.u4vsetfr-u1 20huicgvah956ljqapx4
/f221/f299
d128:dir:0
f299:155
d224:17
f96:16
d246:15
/f221/f299
Invalid operation
Invalid operation
Invalid operation
n56:dir:0
f299:_6zlomhondqafdxul5a3_z6zlhzfxxjr.5p_.5 ibnuxjse7-i pijl6 jpa0az8bad5h sj1h9geoxxik 7dxgzpypwssqzxyy3 6  2h378f xe.u4vsetfr-u1 20huicgvah956ljqapx4psjs7q123j00gax
f299:_6zlomhondqafdxul5a3_z6zlhzfxxjr.5p_.5 ibnuxjse7-i pijl6 jpa0az8bad5h sj1h9geoxxik 7dxgzpypwssqzxyy3 6  2h378f xe.u4vsetfr-u1 20huicgvah956ljqapx4psjs7q123j00gax
d224:0C 2D 1C 53 6E B9 0E A7 5D AD 55 CF
d224:18 16 0C 2D 1C 53 6E B9 0E A7 5D
d117/
d175
d192/
d214
d215
d221
d222
d224
d236
d288
d3/
d52/
d56/
d96/
d98
f111/
f130/
f137/
f15
f156
f177
f188/
f193
f195/
f233
f249/
f254/
f258/
f264/
f27
f291
f299
f34/
f40
f66
f67
f68
f9
f96
n56/
n66/
n69
n89
d117/
d175
d192/
d214
d215
d221
d222
d224
d236
d288
d3/
d52/
d56/
d96/
d98
f111/
f130/
f137/
f15
f156
f177
f188/
f193
f195/
f233
f249/
f254/
f258/
f264/
f27
f291
f299
f34/
f40
f66
f67
f68
f9
f96
n56/
n66/
n69
n89
d117/
d175
d192/
d214
d215
d221
d222
d224
d236
d288
d3/
d52/
d56/
d96/
d98
f111/
f130/
f137/
f15
f156
f177
f188/
f193
f195/
f233
f249/
f254/
f258/
f264/
f27
f291
f299
f34/
f40
f66
f67
f68
f9
f96
n56/
n66/
n69
n89
d224:1C 53 6E B9 0E A7 5D AD
d224:B9
Invalid operation
f299:_6zlomhondqafdxul5a3_z6zlhzfxxjr.5p_.5 ibnuxjse7-i pijl6 jpa0az8bad5h sj1h9geoxxik 7dxgzpypwssqzxyy3 6  2h378f xe.u4vsetfr-u1 20huicgvah956ljqapx4psjs7q123j00gax95xk_noqx
f299:_6zlomhondqafdxul5a3_z6zlhzfxxjr.5p_.5 ibnuxjse7-i pijl6 jpa0az8bad5h sj1h9geoxxik 7dxgzpypwssqzxyy3 6  2h378f xe.u4vsetfr-u1 20huicgvah956ljqapx4psjs7q123j00gax95xk_noqx
d117/
d16/
d175
d192/
d214
d215
d221
d222
d224
d236
d288
d3/
d52/
d56/
d96/
d98
f111/
f126/
f130/
f137/
f15
f156
f164
f177
f188/
f193
f195/
f233
f249/
f254/
f258/
f264/
f27
f291
f299
f34/
f40
f66
f67
f68
f9
f96
n56/
n66/
n69
n89
Null
d224:18 16 0C 2D 1C 53 6E A0 0E A7 5D AD
Invalid operation
f299:170
d224:16
f96:16
f233:13
d1:12
f193:11
f68:9
d98:8
Invalid operation
d224:2D 7D 58 B9
n56:dir:0
d224:AD 55
Invalid operation
d224:B9 FE 00 A7 5D AD
f299:_6zlomhondqafdxul5a3_z6zlhzfxxjr.5p_.5 ibnuxjse7-i pijl6 jpa0az8bad5h sj1h9geoxxik 7dxgzpypwssqzxyy3 6  2h378f xe.u4vsetfr-u1 20huicgvah956ljqapx4psjs7q123j00gax95xk_noqxxb.2qi.pd0w
f299:_6zlomhondqafdxul5a3_z6zlhzfxxjr.5p_.5 ibnuxjse7-i pijl6 jpa0az8bad5h sj1h9geoxxik 7dxgzpypwssqzxyy3 6  2h378f xe.u4vsetfr-u1 20huicgvah956ljqapx4psjs7q123j00gax95xk_noqxxb.2qi.pd0w
f299:_6zlomhondqafdxul5a3_z6zlhzfxxjr.5p_.5 ibnuxjse7-i pijl6 jpa0az8bad5h sj1h9geoxxik 7dxgzpypwssqzxyy3 6  2h378f xe.u4vsetfr-u1 20huicgvah956ljqapx4psjs7q123j00gax95xk_noqxxb.2qi.pd0w
d1
d117/
d16/
d175
d192/
d205
d214
d215
d221
d222
d224
d236
d273/
d288
d3/
d52/
d56/
d96/
d98
f103/
f126/
f130/
f137/
f14
f15
f156
f164
f177
f188/
f193
f233
f249/
f254/
f258/
f264/
f27
f291
f299
f40
f66
f67
f68
f9
n56/
n66/
n69
n89
/f221/f299
f299:_6zlomhondqafdxul5a3_z6zlhzfxxjr.5p_.5 ibnuxjse7-i pijl6 jpa0az8bad5h sj1h9geoxxik 7dxgzpypwssqzxyy3 6  2h378f xe.u4vsetfr-u1 20huicgvah956ljqapx4psjs7q123j00gax95xk_noqxxb.2qi.pd0w
n56:dir:0
f299:_6zlomhondqafdxul5a3_z6zlhzfxxjr.5p_.5 ibnuxjse7-i pijl6 jpa0az8bad5h sj1h9geoxxik 7dxgzpypwssqzxyy3 6  2h378f xe.u4vsetfr-u1 20huicgvah956ljqapx4psjs7q123j00gax95xk_noqxxb.2qi.pd0w
Invalid operation
n56:dir:0
/f221/f299
Invalid operation
Null
f23:21
d126:12
f161:12
f173:11
f181:11
f23:v5idb bbxlte756mtpgr7
d272:dir:0
Invalid operation
d207:
d207
d250/
d207
d250/
Null
d168
d207
d250/
d207:x
/d262/d207
/d207
/d262/d207
/d207
d207:x
Invalid operation
f209:3F 5B
Invalid operation
n118/
n26/
Invalid operation
d207:xx-4-2xg
Invalid operation
f172:13
f172:jf8zd5.-jis2s
Invalid operation
/d262/d250/f172
f209:5B
f172
f254/
n118/
n26/
n51/
f172:16
f76:44 66 36
d143
d212
d95/
d99/
f172
f76
n118/
n26/
n51/
d143
d212
d95/
d99/
f172
n118/
n26/
n51/
Invalid operation
n118:dir:0
d143
d212
d95/
d99/
f172
f52
n118/
n26/
n51/
f209:39 30 3F 5B 00
d143
d212
d95/
d99/
f172
n118/
n26/
n51/
f209:39 30 3F 5B
f209:A0
n118:dir:0
d143
d212
d95/
d99/
f172
n118/
n26/
n51/
f172:16
d212:3
d143:0
Invalid operation
f209:F2 96
Invalid operation
f172:jf8zd5.-jis2sxb5x
f209:31 04 D9 D9 AE CD
f172:jf8zd5.-jis2sxb5x
f73:1l5t3hwsmonmzr0go8-w5
f209:96
f73:md:21
Invalid operation
/d262/d250/d99/f73
f73:md:21
f73:21
f73:21
f172:jf8zd5.-jis2sxb5x
/d262/d250/f172
f172:17
d212:3
d143:0
d143
d212
d99/
f172
n118/
n26/
n51/
Invalid operation
/d262/d250/f172
n118:dir:0
f172:17
d212:3
d143:0
Invalid operation
f209:5F A1 71 6F AE CD 48 CD F2
f209:CD 48 CD F2 96 40 00 00
f209:48 CD F2 96
/d262/d250/f172
Invalid operation
Invalid operation
d143
d212
d99/
f172
f183
f261
n118/
n26/
n51/
Invalid operation
Invalid operation
f172:jf8zd5.-jis2sxb5x
f172:jf8zd5.-jis2sxb5x
n118:dir:0
Invalid operation
Null
/d262/d250/f172
f209:19 21 00 00 00
Null
Invalid operation
f209:00 00 00 00 00 00 19 21 00 00 00
Invalid operation
Invalid operation
d143
d212
d80
d99/
f112/
f156
f172
f180
f183
f261
n101
n118/
n26/
f209:00
d143
d212
d80
d99/
f103
f112/
f156
f172
f180
f183
f261
n101
n118/
n26/
f172:19
f183:11
f261:11
f103:4
f172:jf8zd5.-jis2sxb5xxxx
d143
d212
d80
d99/
f103
f112/
f156
f172
f180
f183
f261
f93/
n101
n118/
n26/
n9/
n118:dir:0
d143
d212
d80
d99/
f103
f112/
f156
f172
f180
f183
f261
f93/
n101
n118/
n26/
n9/
d143
d212
d80
d99/
f103
f112/
f156
f172
f180
f183
f261
f93/
n101
n118/
n26/
n9/
/d262/d250/f172
f172:jf8zd5.-jis2sxb5xxxxx
Null
Invalid operation
f172:jf8zd5.-jis2sxb5xxxxx
f60:dir:0
Invalid operation
f172:34
f63:14
f183:11
f261:11
f13:5
f103:4
d212:3
d143
d212
d80
d99/
f0
f103
f112/
f13
f156
f172
f180
f183
f261
f63
f93/
f96/
n101
n118/
n26/
n34/
n9/
d188:15
d207:9
d168:7
Invalid operation
d37:97
Null
d207:md:9
Invalid operation
Null
d168
d207
d250/
d3/
d37
d64
f199/
d207:9
d168:7
Invalid operation
d207:xx-4-2xgx
d64:7
d250:dir:0
Invalid operation
/d262/d250/f172
d143
d212
d40/
d80
d99/
f0
f103
f112/
f13
f156
f172
f180
f183
f261
f63
f93/
f96/
n101
n118/
n26/
n34/
n9/
/d262/d250/f172
f172:34
f63:14
f183:11
f261:11
f13:5
f103:4
Invalid operation
d143
d212
d40/
d80
d99/
f0
f103
f112/
f13
f156
f172
f180
f183
f261
f63
f93/
f96/
n101
n118/
n26/
n34/
n9/
Invalid operation
Null
/d262/d250/f172
Invalid operation
d104:dir:0
d17:00
Null
d17:00 00
n118:dir:0
d143
d17
d40/
d80
d99/
f0
f103
f112/
f13
f136
f156
f172
f180
f183
f261
f63
f93/
f96/
n101
n118/
n26/
n9/
d143
d17
d40/
d80
d99/
f0
f103
f112/
f13
f136
f156
f172
f180
f183
f261
f63
f93/
f96/
n101
n118/
n26/
n67
n9/
f172:jf8zd5.-jis2sxb5xxxxxwlo6oxmjf8v29x
d143
d17
d40/
d80
d99/
f0
f103
f112/
f13
f136
f156
f172
f180
f183
f261
f63
f93/
f96/
n101
n118/
n26/
n67
n9/
f172:jf8zd5.-jis2sxb5xxxxxwlo6oxmjf8v29xjdd__dhqrvkpe
n118:dir:0
d17:00 00 00
f172:jf8zd5.-jis2sxb5xxxxxwlo6oxmjf8v29xjdd__dhqrvkpe_- fr_
d17:00
n60:F4 71
f10
f12
n60
/d262/d250/f172
d143
d17
d23
d4/
d40/
d80
d99/
f0
f103
f112/
f13
f136
f156
f172
f180
f183
f261
f53
f63
f93/
f96/
n101
n118/
n26/
n41
n67
n72
n9/
f172:jf8zd5.-jis2sxb5xxxxxwlo6oxmjf8v29xjdd__dhqrvkpe_- fr_
d143
d17
d23
d4/
d40/
d80
d99/
f0
f103
f112/
f13
f136
f156
f172
f180
f183
f261
f53
f63
f93/
f96/
n101
n118/
n26/
n41
n67
n72
n9/
f172:54
d23:15
f63:14
f183:11
f261:11
f53:10
n67:8
f13:5
Null
Invalid operation
Invalid operation
Invalid operation
Invalid operation
d37:43
/d262/d37
d14/
d250/
d3/
d37
d64
f161
f56
Null
Invalid operation
d14/
d230
d250/
d3/
d37
d64
f56
n117
Invalid operation
d14/
d230
d250/
d256
d3/
d37
d64
f56
n117
d37:14
n117:13
f56:12
d64:7
Invalid operation
d10/
d110/
d111/
d125/
d126
d165/
d188
d193/
d201
d207
d228
d249
d261/
d262/
d268/
d272/
d284/
d290/
d297/
d46/
d64
d67/
d69
d94
f112
f16/
f161
f166/
f173
f177
f180/
f181
f199/
f209
f217
f221/
f23
f251/
f26/
f266
f282/
f285/
f296
f48/
f5/
f51
f53
f61/
f7/
f75
f85/
f93/
n109/
n117/
n119
n12/
n33
n38/
n46/
n75
Invalid operation
Invalid operation
Invalid operation
Invalid operation
Invalid operation
d10/
d110/
d111/
d125/
d126
d165/
d188
d193/
d201
d207
d228
d249
d261/
d262/
d268/
d272/
d284/
d290/
d297/
d46/
d64
d67/
d69
d94
f112
f16/
f161
f166/
f173
f177
f180/
f181
f199/
f209
f217
f221/
f23
f251/
f26/
f266
f282/
f285/
f296
f48/
f5/
f51
f53
f61/
f7/
f75
f85/
f93/
n109/
n117/
n119
n12/
n33
n38/
n46/
n75
Invalid operation
d10/
d110/
d111/
d125/
d126
d165/
d188
d193/
d201
d207
d228
d249
d261/
d262/
d268/
d272/
d284/
d290/
d297/
d46/
d64
d67/
d69
d94
f112
f16/
f161
f166/
f173
f177
f180/
f181
f199/
f209
f217
f221/
f23
f251/
f26/
f266
f282/
f285/
f296
f48/
f5/
f51
f53
f61/
f7/
f75
f85/
f93/
n109/
n117/
n119
n12/
n33
n38/
n46/
n75
Invalid operation
n91:17
n91:17
d168:3
f209:00 00 00 19
d168:2bac25yvu4ln8w
d168
d267/
d44/
f161/
n91
d168:2ba
f209:5F A1 71 6F
/d290/d168
f209:AC 00 00 00 19 21 00 00 00 F1
Null
f161:dir:0
Invalid operation
Null
d168:2ba
/d290/d168
Invalid operation
n91:76nad1leoud0l_nls
Invalid operation
d168
d267/
d44/
d60
f161/
f232/
f90
n91
f161:dir:0
/d290/d60
d196
d267/
d44/
d60
d74
f161/
f232/
n91
d60:7dte3t5
n91:17
d60:7
d168:3
d74:1
d196:0
Invalid operation
Invalid operation
d42
n91
n91:
d74:00 21 12
d74:00
Invalid operation
d117/
d42
n55/
Invalid operation
Invalid operation
d42:8
d42:txt:8
Invalid operation
Invalid operation
d42:l0fw0ivq4x
d42:txt:15
d117/
d42
f267
f80
n19/
n55/
d42:txt:15
Invalid operation
Invalid operation
d74:00
d117/
d42
f267
f80
n19/
n55/
d117/
d42
f267
f80
n19/
n55/
d117/
d42
f267
f80
n19/
n55/
d117/
d42
f267
f80
n19/
n55/
Invalid operation
d42:15
f80:7
f267:6
/d290/d44/d42
d116/
d117/
d42
f267
f80
n19/
Invalid operation
Invalid operation
/d290/d60
d74:21
/d290/d60
d168
d196
d267/
d44/
d60
d74
f122/
f161/
f232/
n63
n91
d168
d196
d267/
d44/
d60
d74
f122/
f161/
f232/
n63
n91
d60:7dte3t5
Invalid operation
d168
d196
d267/
d44/
d60
d74
f122/
f161/
f217
f232/
n91
Invalid operation
d74:88
d168
d196
d267/
d44/
d60
d74
f122/
f161/
f217
f232/
f5
n91
/d290/d60
d168
d196
d267/
d44/
d60
d74
f122/
f161/
f217
f232/
f5
n91
d168
d196
d267/
d44/
d60
d74
f122/
f161/
f217
f232/
f5
n91
d74:00 00 FB
Null
d74:33
n91:17
d60:15
f5:12
n91:76nad1leoud0l_nls
f161:dir:0
Invalid operation
Null
n91:17
d196
d267/
d42
d44/
d60
d61
f122/
f161/
f217
f232/
f5
n91
f161:dir:0
Invalid operation
d10/
d110/
d111/
d125/
d126
d165/
d188
d193/
d201
d207
d228
d249
d261/
d262/
d268/
d272/
d284/
d290/
d297/
d46/
d64
d67/
d69
d94
f112
f16/
f161
f166/
f173
f177
f180/
f181
f199/
f209
f217
f221/
f23
f251/
f26/
f266
f282/
f285/
f296
f48/
f5/
f51
f53
f61/
f7/
f75
f85/
f93/
n109/
n117/
n119
n12/
n33
n38/
n46/
n75
Invalid operation
Invalid operation
/d290/n91
f209:35
f23:25
d126:12
f209:35
f23:25
d126:12
/d290/n91
Invalid operation
f161:dir:0
d42:txt:15
d116/
d117/
d298/
d42
f80
n19/
d42:txt:24
d116/
d117/
d298/
d42
f16/
f80
n19/
d116/
d117/
d298/
d42
f16/
f80
n19/
n91:76nad1leoud0l_nls
/d290/n91
d281/
Null
f161:C2
/d290/n91
n91:76nad1leoud0l_nlspg_ic9th
d61:D6 71 40
n91:25
d61:16
d60:15
f5:12
d19:7
f279:2
d196:0
d22:0
/d290/n91
Invalid operation
Invalid operation
d19
d196
d22
d267/
d44/
d61
f122/
f161/
f187/
f232/
f255/
f279
f5
n91
Null
n91:31
d61:26
f5:12
f209:35
f23:25
d126:12
f23:v5idb bbxlte756mtpgr7mu8e
f209:35
f23:25
d126:12
d10/
d110/
d111/
d125/
d126
d165/
d188
d193/
d201
d207
d228
d249
d261/
d262/
d268/
d272/
d284/
d290/
d297/
d46/
d64
d67/
d69
d94
f112
f16/
f161
f166/
f173
f177
f180/
f181
f199/
f209
f217
f221/
f23
f251/
f26/
f266
f282/
f285/
f296
f48/
f5/
f51
f53
f61/
f7/
f75
f85/
f93/
n109/
n117/
n119
n12/
n33
n38/
n46/
n75
f209:35
f23:25
d126:12
f161:dir:0
d196
d22
d267/
d44/
d61
f106
f122/
f161/
f187/
f232/
f255/
f279
f5
f97/
n91
Invalid operation
d61:40
d196
d22
d267/
d44/
d61
f106
f122/
f161/
f187/
f232/
f255/
f279
f5
f97/
n91
n91:76nad1leoud0l_nlspg_ic9th0dzm4zxxho
n91:76nad1leoud0l_nlspg_ic9th0dzm4zxxho
Invalid operation
Invalid operation
d61:00 00 00 14 23 18 68 5C
n91:76nad1leoud0l_nlspg_ic9th0dzm4zxx
d61:00
n91:76nad1leoud0l_nlspg_ic9th0dzm4zxx
d61:63 04 C6 D1 5B BF 56 40 00 00 00 00 14 23 18 68
n91:76nad1leoud0l_nlspg_ic9th0dzm4zxx
n91:76nad1leoud0l_nlspg_ic9th0dzm4zxxz_a1eaual6a18
n91:46
d61:23
f5:12
f106:11
f104:2
n91:76nad1leoud0l_nlspg_ic9th0dzm4zxxz_a1eaual6a18
d61:BF 56 40 00 00 00 00 14
n91:46
d61:23
f5:12
f106:11
f161:dir:0
Null
n91:47
d61:22
f5:12
f106:11
f238:6
d176:2
f104:2
d61:75 6D 00 FD 84 52 63 04 C6 D1
Invalid operation
d176
d196
d22
d243/
d44/
d61
f104
f106
f122/
f129
f161/
f187/
f232/
f238
f255/
f279
f5
f97/
n106/
n80/
n91
n91:76nad1leoud0l_nlspg_ic9th0dzm4zxxz_a1eaual6a18x
/d290/n91
d61:8C 75 6D 00 FD 84
n91:76nad1leoud0l_nlspg_ic9th0dzm4zxxz_a1eaual6a18x
d61:C6 D1 5B BF 56
n91:76nad1leoud0l_nlspg_ic9th0dzm4zxxz_a1eaual6a18x
n91:76nad1leoud0l_nlspg_ic9th0dzm4zxxz_a1eaual6a18x
n91:76nad1leoud0l_nlspg_ic9th0dzm4zxxz_a1eaual6a18x
Invalid operation
f161:dir:0
d61:FD
Null
Invalid operation
d115/
d176
d196
d22
d243/
d44/
d61
d8/
f104
f106
f122/
f129
f132
f150/
f161/
f187/
f232/
f238
f255/
f279
f5
f97/
n106/
n80/
n91
d115/
d176
d196
d22
d243/
d44/
d61
d8/
f104
f106
f122/
f129
f132
f150/
f161/
f187/
f232/
f238
f255/
f279
f5
f97/
n106/
n80/
n91
Invalid operation
d115/
d176
d196
d22
d243/
d44/
d61
d8/
f104
f106
f122/
f129
f150/
f161/
f187/
f232/
f238
f255/
f279
f5
f97/
n106/
n80/
n91
d115/
d176
d19
d196
d22
d243/
d44/
d61
d8/
f104
f106
f122/
f129
f150/
f161/
f187/
f232/
f238
f255/
f279
f5
f97/
n106/
n80/
n91
d116/
d117/
d298/
d42
f16/
f80
n19/
d61:04 C6
d42:24
f80:7
d42:txt:24
d116/
d117/
d298/
d42
f16/
f80
n19/
d115/
d176
d19
d196
d22
d243/
d44/
d61
d8/
f104
f106
f122/
f129
f150/
f161/
f187/
f232/
f238
f255/
f279
f97/
n106/
n80/
n91
d115/
d176
d19
d196
d22
d243/
d44/
d61
d8/
f104
f106
f122/
f129
f150/
f161/
f187/
f232/
f238
f255/
f279
f97/
n106/
n80/
n91
Null
n91:76nad1leoud0l_nlspg_ic9th0dzm4zxxz_a1eaual6a18x2w5sg84eb02trw
f209:35
f23:25
d126:12
f161:12
f173:11
f181:11
n119:11
d249:10
f209:35
f23:25
d126:12
f161:12
f173:11
f181:11
f201:A7 00 00
Invalid operation
f209:35
f23:25
d126:12
f209:35
f23:25
d126:12
d10/
d110/
d111/
d125/
d126
d165/
d188
d193/
d201
d207
d228
d249
d261/
d262/
d268/
d272/
d284/
d290/
d297/
d46/
d64
d67/
d69
d94
f112
f16/
f161
f166/
f173
f177
f180/
f181
f199/
f209
f217
f221/
f23
f251/
f26/
f266
f282/
f285/
f296
f48/
f5/
f51
f53
f61/
f7/
f75
f85/
f93/
n109/
n117/
n119
n12/
n33
n38/
n46/
n75
f23:v5idb bbxlte756mtpgr7mu8e
Null
/f23
/f23
Invalid operation
f23:v5idb bbxlte756mtpgr7mu8e
d10/
d110/
d111/
d125/
d126
d165/
d188
d193/
d201
d207
d228
d249
d261/
d262/
d268/
d272/
d284/
d290/
d297/
d46/
d64
d67/
d69
d94
f112
f16/
f161
f166/
f173
f177
f180/
f181
f199/
f209
f217
f221/
f23
f251/
f26/
f266
f282/
f285/
f296
f48/
f5/
f51
f53
f61/
f7/
f75
f85/
f93/
n109/
n117/
n119
n12/
n33
n38/
n46/
n75
f209:00 00 19 21 00 00 9E F1 C6
d10/
d110/
d111/
d125/
d126
d165/
d188
d193/
d201
d207
d228
d249
d261/
d262/
d268/
d272/
d284/
d290/
d297/
d46/
d64
d67/
d69
d94
f112
f16/
f161
f166/
f173
f177
f180/
f181
f199/
f209
f217
f221/
f23
f251/
f26/
f266
f282/
f285/
f296
f48/
f5/
f51
f53
f61/
f7/
f75
f85/
f93/
n109/
n117/
n119
n12/
n33
n38/
n46/
n75
Invalid operation
Invalid operation
f23:v5idb bbxlte756mtpgr7mu8e
d10/
d110/
d111/
d125/
d126
d165/
d188
d193/
d201
d207
d228
d249
d261/
d262/
d268/
d272/
d284/
d290/
d297/
d46/
d64
d67/
d69
d94
f112
f16/
f161
f166/
f173
f177
f180/
f181
f199/
f209
f217
f221/
f23
f251/
f26/
f266
f282/
f285/
f296
f48/
f5/
f51
f53
f61/
f7/
f75
f85/
f93/
n109/
n117/
n119
n12/
n33
n38/
n46/
n75
f209:38
f23:25
d126:12
f23:v5idb bbxlte756mtpgr7mu8e
f209:38
f23:25
d126:12
d10/
d110/
d111/
d125/
d126
d165/
d188
d193/
d201
d207
d228
d249
d261/
d262/
d268/
d272/
d284/
d290/
d297/
d46/
d64
d67/
d69
d94
f112
f16/
f161
f166/
f173
f177
f180/
f181
f199/
f209
f217
f221/
f23
f251/
f26/
f266
f282/
f285/
f296
f48/
f5/
f51
f53
f61/
f7/
f75
f85/
f93/
n109/
n117/
n119
n12/
n33
n38/
n46/
n75
Invalid operation
Invalid operation
f209:AE CD 58 3B 24 76 11 20 69 AC 00 00 00 19 21 00 D1 84 B9 03 D9 D1 9C 00 00 00
d10/
d110/
d111/
d125/
d126
d165/
d188
d193/
d201
d207
d249
d261/
d262/
d268/
d272/
d284/
d290/
d297/
d46/
d64
d67/
d69
d94
f112
f16/
f161
f166/
f173
f177
f180/
f181
f199/
f209
f217
f221/
f23
f251/
f26/
f266
f282/
f285/
f296
f48/
f5/
f51
f53
f61/
f7/
f75
f85/
f93/
n109/
n117/
n119
n12/
n33
n38/
n46/
n75
Invalid operation
f209:00 00
f209:35
f23:32
f257:16
f209:9C 00 00 00 00 00 00
f209:35
f23:32
f257:16
f209:35
f23:32
f257:16
f23:v5idb bbxlte756mtpgr7mu8exd38bub
f209:11 20 69 AC 00 00 00
f209:35
d272:dir:0
f209:37
f23:32
d126:12
f209:37
f23:33
d126:12
d10/
d110/
d111/
d125/
d126
d165/
d188
d193/
d201
d207
d249
d261/
d262/
d268/
d272/
d284/
d290/
d297/
d46/
d64
d67/
d69
d94
f112
f16/
f161
f166/
f173
f177
f180/
f181
f199/
f209
f217
f221/
f23
f251/
f26/
f266
f282/
f285/
f296
f298/
f48/
f5/
f51
f53
f61/
f7/
f75
f85/
f93/
n109/
n117/
n119
n12/
n33
n38/
n46/
n75
f23:v5idb bbxlte756mtpgr7mu8exd38bubh
Invalid operation
d272:dir:0
d10/
d110/
d111/
d125/
d126
d165/
d188
d193/
d201
d207
d249
d261/
d262/
d268/
d272/
d284/
d290/
d297/
d46/
d64
d67/
d69
d94
f112
f16/
f161
f166/
f173
f177
f180/
f181
f199/
f209
f217
f221/
f23
f251/
f26/
f266
f282/
f285/
f296
f298/
f48/
f5/
f51
f53
f61/
f7/
f75
f85/
f93/
n109/
n117/
n119
n12/
n33
n38/
n46/
n75
f209:69 64 08 25 D0 6C 97 D8
f23:v5idb bbxlte756mtpgr7mu8exd38bubh8u
f209:EA 5F A1 71 6F AE CD FB 69 64 08 25
/f23
f23:v5idb bbxlte756mtpgr7mu8exd38bubh8u
f23:v5idb bbxlte756mtpgr7mu8exd38bubh8u
f209:37
f209:37
f23:35
d126:12
f209:AE
d10/
d110/
d111/
d125/
d126
d165/
d188
d193/
d201
d207
d249
d261/
d262/
d268/
d272/
d284/
d290/
d297/
d46/
d64
d67/
d69
d94
f112
f16/
f161
f166/
f173
f177
f180/
f181
f199/
f209
f217
f221/
f23
f251/
f26/
f266
f282/
f285/
f296
f298/
f48/
f5/
f51
f53
f61/
f7/
f75
f85/
f93/
n109/
n117/
n119
n12/
n33
n38/
n46/
n75
f209:37
f23:35
d126:12
f209:FB 69 64 08 25 D0 6C 97 D8 2D 84 24
Invalid operation
d272:dir:0
Invalid operation
Invalid operation
d10/
d110/
d111/
d125/
d126
d165/
d188
d193/
d201
d249
d261/
d262/
d268/
d272/
d284/
d290/
d297/
d46/
d64
d67/
d69
d94
f112
f16/
f161
f166/
f173
f177
f180/
f181
f199/
f209
f217
f221/
f23
f251/
f26/
f266
f282/
f285/
f296
f298/
f48/
f5/
f53
f61/
f7/
f75
f85/
f93/
n109/
n117/
n119
n12/
n33
n38/
n46/
n75
Invalid operation
d272:dir:0
f23:41
f209:37
d126:12
f209:24 21 00 D1 84 B9 03 D9 D1 9C
Invalid operation
d56/
f238
d56/
f238
Invalid operation
Invalid operation
Invalid operation
f90:95 71 C3 8A 32 55 36 00 00 DE 23 B4 62
f4:dir:0
f296
f4/
f296:7crzzmtto8ocj
/d272/f134/f296
/f296
d124
d124:
d124
/d272/f134/f4/d124
d124
d124
/d272/f134/f4/d124
d124:txt:0
d124
/d272/f134/f4/d124
f90:36 72 B5 C3 9E B4 5E 50
d102/
f296
f4/
Invalid operation
f90:8A 32 55 36 72 B5 C3 9E B4 5E 50 19 74 7A 00 00
f90:74 7A 00 00 00 00 00
f297
f4:dir:0
f90:72 B5 C3 9E B4 5E 50 19 74 7A 00
Invalid operation
f4:dir:0
f297:txt:22
Invalid operation
f297:22
f297:22
Null
f297
f90:C3 9E B4 68 C0 3A CC 38 8B 52 00 F8 B9 6C 00 63
d147:10
f90:55 36 72 B5 C3
d147:10
f90:F8 B9 6C 00 63
Null
d147:10
n94:3
d147
d285/
d4/
n94
Invalid operation
Invalid operation
d131
d147
d195
d285/
d4/
n94
d49:D7 28 F5 CB DC
Invalid operation
d147:iyvr16d-kn
Invalid operation
d128/
d131
d147
d167
d195
d285/
d296
d49
f87
n16/
n94
d147:22
d147:iyvr16d-kn
d147:iyvr16d-knx
d128/
d131
d147
d167
d195
d270/
d285/
d296
d49
f111
f263
f87
n16/
n94
d49:45 C3
d147:28
f87:15
d49:14
d131:12
d167:8
d195:5
d296:3
n94:3
Null
d147:txt:28
/d272/f134/d102/d147
Invalid operation
Invalid operation
f206:8
n102:8
n116:8
f228:0
f206:8
n102:8
n116:8
f228:0
f110
f206
f228
n102
n116
d147:28
f87:15
d131
d147
d167
d195
d270/
d285/
d296
d47
f111
f12/
f263
f76/
f87
n105/
n16/
n71
n94
f90:55
d131
d147
d167
d195
d270/
d285/
d296
d47
f111
f12/
f263
f76/
f87
n105/
n16/
n71
n94
d147:iyvr16d-knxo.vt4nvu3m3qxv_6d
/d272/f134/d102/d147
Invalid operation
f171:9F 98
Invalid operation
Invalid operation
/d272/f134/d102/n16/f171
n46:dir:0
Invalid operation
Invalid operation
Invalid operation
f171:60 9A
f90:1F 1B 8B 52 00 F8
d16
f299/
f90:9A 80
f90:55 36 72 D7 20 69 9A 80 8E 01
Invalid operation
d147:iyvr16d-knxo.vt4nvu3m3qxv_6d9n6kb31dvg
f90:F8 B9 6C 00 63
d147:txt:38
Null
d147:txt:38
d147:txt:38
d147:iyvr16d-knxo.vt4nvu3m3qxv_6d9n6kb31dvg
d147:txt:38
Invalid operation
Null
d131
d147
d167
d195
d223/
d270/
d285/
d47
f111
f12/
f263
f264/
f76/
f87
n105/
n16/
n71
n94
Invalid operation
d147:iyvr16d-knxo.vt4nvu3m3qxv_6d9n6kb31dvga3o_qz1at
d147:txt:47
Invalid operation
d147:53
f87:15
d131:12
d167:8
d47:6
d195:5
n94:3
f111:1
d131
d147
d167
d195
d223/
d270/
d285/
d47
d71/
f111
f12/
f160/
f170/
f199/
f263
f264/
f87
n105/
n16/
n94
Invalid operation
Invalid operation
d147:iyvr16d-knxo.vt4nvu3m3qxv_6d9n6kb31dvga3o_qz1atz z6jr
d147:txt:53
Null
d25/
d30/
/d272/f134/d102/d147
d25/
f90:63
d25/
Invalid operation
d25:dir:0
d147:iyvr16d-knxo.vt4nvu3m3qxv_6d9n6kb31dvga3o_qz1atz z6jrgedf7be1blpct103v2
d25:dir:0
d25:dir:0
f264:x
Invalid operation
d147:iyvr16d-knxo.vt4nvu3m3qxv_6d9n6kb31dvga3o_qz1atz z6jrgedf7be1blpct103v292
d147:74
f87:15
d131:12
n57:12
d167:8
d47:6
d195:5
f226:3
d147:74
f87:15
f226:4A 6B
d147:iyvr16d-knxo.vt4nvu3m3qxv_6d9n6kb31dvga3o_qz1atz z6jrgedf7be1blpct103v292x
f226:20
Invalid operation
/d272/f90
/d272/f90
f4:dir:0
Null
Invalid operation
Invalid operation
Null
/d272/f90
d124
d156
f141
f191
d124:
Invalid operation
f211:E8 4C
f211:7
/d272/f134/f211
f211:7
f211:00 00
Invalid operation
f4:dir:0
f211:00
d102/
d19
f11/
f211
f4/
n119
n76/
f211:9
d19:1
n119:0
/d272/f134/f211
/d272/f134/f211
/d272/f134/f211
Invalid operation
f211:57 36 00 00 00 00
Invalid operation
Invalid operation
Invalid operation
/d272/f134/f211
Null
f176:dir:0
/f266
f211:00 00 C5
d97:00
Invalid operation
Invalid operation
Invalid operation
Invalid operation
f176:dir:0
Invalid operation
d97:13
d104:6
d97:A1 5A 0D 07 00 DF 00 00 47
d104
d112/
d291/
d59/
d97
f176/
d97:07 00 DF 00
d97:DF
/d272/f134/f11/d97
d104
d112/
d291/
d59/
d97
f176/
f9/
d97:DF 00 00
Invalid operation
Null
Invalid operation
d102/
d182
d197/
d261
f11/
f211
f4/
n119
d102/
d182
d197/
d261
f11/
f211
f4/
n119
Invalid operation
f211:00 00 00 00 00
Invalid operation
Invalid operation
f211:22
d261:13
Invalid operation
Invalid operation
Invalid operation
Invalid operation
f90:6C 00 05 A5 E4 D0 1D C5 00 47 B0 B0 00 00 00 00 83 7A
d102/
d136/
d197/
f11/
f4/
n119
n42/
n119:
f90:F8 B9 6C 00 05 A5 E4 D0 1D C5 00 47 B0 B0 00 00
/d272/f134/n119
/n119
d102/
d136/
d197/
f11/
f4/
n42/
Invalid operation
Invalid operation
Invalid operation
Invalid operation
/d272/f90
Invalid operation
Invalid operation
/f23
f23:41
f209:37
d126:12
f23:41
f209:37
d126:12
d10/
d110/
d111/
d125/
d126
d165/
d17
d188
d193/
d201
d207
d249
d261/
d262/
d268/
d272/
d284/
d290/
d297/
d46/
d64
d67/
d69
d94
f112
f16/
f161
f166/
f173
f177
f180/
f181
f199/
f209
f217
f221/
f23
f251/
f26/
f266
f282/
f285/
f296
f298/
f48/
f5/
f53
f61/
f7/
f75
f85/
f93/
n109/
n117/
n119
n12/
n33
n38/
n46/
n75
d10/
d110/
d111/
d125/
d126
d165/
d17
d188
d193/
d201
d207
d249
d261/
d262/
d268/
d272/
d284/
d290/
d297/
d46/
d64
d67/
d69
d94
f112
f16/
f161
f166/
f173
f177
f180/
f181
f199/
f209
f217
f221/
f23
f251/
f26/
f266
f282/
f285/
f296
f298/
f48/
f5/
f53
f61/
f7/
f75
f85/
f93/
n109/
n117/
n119
n12/
n33
n38/
n46/
n75
Invalid operation
Invalid operation
Null
Invalid operation
f229:dir:0
f229:dir:0
Invalid operation
Invalid operation
Invalid operation
Invalid operation
d143
d166/
f102
f111
f134/
f229/
f245
f263
f90
n26
f90:43
f111:9
f245:9
f102:8
Invalid operation
d143
d166/
f102
f111
f134/
f229/
f245
f263
f280
f90
n26
Invalid operation
f23:41
f209:37
d126:12
Null
Invalid operation
d102/
d136/
d197/
f11/
f4/
n42/
Invalid operation
f23:v5idb bbxlte756mtpgr7mu8exd38bubh8uxw-4nq
/f23
f23:41
f209:37
d126:12
d272:dir:0
d10/
d110/
d111/
d125/
d126
d165/
d17
d188
d193/
d201
d207
d249
d261/
d262/
d268/
d272/
d284/
d290/
d297/
d46/
d64
d67/
d69
d94
f112
f16/
f161
f166/
f173
f177
f180/
f181
f199/
f209
f217
f221/
f23
f251/
f26/
f266
f282/
f285/
f296
f298/
f48/
f5/
f53
f61/
f7/
f75
f85/
f93/
n109/
n117/
n119
n12/
n33
n38/
n46/
n75
f209:00 00 00 00 00 00 00
f23:53
f209:40
d126:12
f23:53
f209:40
d126:12
Invalid operation
Invalid operation
f23:53
f209:40
d126:12
f23:53
f209:40
d126:12
Invalid operation
f23:53
f209:40
d126:12
Invalid operation
/f282/d161
d13/
d161
d177/
d19/
d238/
d59/
d60/
f111/
n15/
d238:dir:0
d13/
d161
d177/
d19/
d238/
d59/
d60/
f111/
n15/
Invalid operation
Invalid operation
/f282/d161
/f282/d161
d238:dir:0
Invalid operation
d238:dir:0
d235:4D FE F3 84 05 67 9E 00
Invalid operation
d161:64 CF 89 3C
Invalid operation
Invalid operation
d256/
f254/
Invalid operation
d256/
f254/
Invalid operation
d256/
f254/
Invalid operation
Invalid operation
d256/
f170/
f254/
n70/
Invalid operation
f212:1
d221
d256/
f117
f170/
f212
f254/
n70/
/f282/d13/f117
d256:dir:0
d218
d221
d256/
f100/
f117
f170/
f212
f254/
n70/
Invalid operation
Invalid operation
d221:13
f212:1
d161:F5
d161:C9 40 0D E9 48 F9 B2
d161:0D E9 48 F9 B2
d256:dir:0
Invalid operation
/f282/d13/f117
d256:dir:0
f117:
d256:dir:0
f117:
/f282/d13/f117
Invalid operation
f147:bin:2
d132/
f147
f171/
Invalid operation
d132/
f147
f171/
n75/
Invalid operation
Invalid operation
/f282/d13/f100/f21/f147
/f282/d13/f100/f21/f147
Invalid operation
Invalid operation
f21:dir:0
Invalid operation
f21:dir:0
f21:dir:0
f117:6
f117:6
f117:6
f100/
Null
f100:dir:0
f117:6
d240
f100/
f47
n95
f46:12
f47:4
d240:0
d240
d286/
f100/
f163/
f290/
f46
f47
n95
Invalid operation
f100:dir:0
f46:12
f47:4
f249:2
d240:0
n95:0
f46:12
f47:7
f249:2
d240:0
n95:0
f100:dir:0
d240
d286/
f100/
f163/
f210/
f249
f290/
f46
f47
f75/
n19/
n95
Invalid operation
n95:
Invalid operation
d100
d240
d286/
d9
f100/
f163/
f210/
f249
f270
f290/
f46
f47
f75/
n19/
n95
f46:12
/f282/d13/f170/n95
f47:00
n95:
f47:D7 86 00
d100
d226
d240
d286/
d9
f100/
f115
f163/
f210/
f249
f270
f290/
f46
f47
f75/
n19/
n95
d161:A8 00 00
Invalid operation
Null
/f282/d13/f117
/f282/d13/f117
d161:0D E9 68 73 84 3E 07 A5 83 F5 4C 00 00 00 66 29 78 F1 6D A8 00
d2
d218
d221
d256/
f100/
f103/
f117
f139
f159
f163/
f170/
f212
f254/
f79
n59/
n70/
d161:2C C9 40 0D E9 68 73 84 3E 07 A5 83 F5 4C 00 00 00 66 29
d256:dir:0
d49
/f282/d13/f163/d49
d256:dir:0
d161:29 78
f104:5
Invalid operation
/f282/d13/f117
d161:00 66 29 78 F1
/f282/d13/f117
/f282/d13/f117
d198:dir:0
d198/
Invalid operation
d256:dir:0
f117:6xx
Null
n23:o
n23:o
n23:o
Invalid operation
d161:00
n23:md:1
d155
f135/
f209
f257
n23
f257:00
f257:84 00
f135/
f209
f218
f257
n23
Null
n23:o6ujd5nt_mw8m52qm
d216
d55
f135/
f185
f209
f218
f257
n23
n3
f257:D6
Invalid operation
Invalid operation
f257:D6
n23:17
f218:9
f257:D6
n23:md:17
Invalid operation
Invalid operation
n23:md:17
n23:17
f218:9
f209:7
d55:6
f257:2
Invalid operation
n23:o6ujd5nt_mw8m52qm4119.ba09m4a0y1pul19h
n23:md:38
d170/
d206
d216
d55
f134/
f135/
f185
f209
f218
f257
n23
n3
n23:md:38
Null
d170/
d206
d216
d55
f134/
f135/
f185
f209
f218
f257
n23
n3
Invalid operation
Invalid operation
n23:38
f218:9
f209:7
f257:7
d170/
d206
d216
f134/
f135/
f185
f209
f218
f257
n23
n3
Invalid operation
f257:B5
d170/
d206
d216
d283
f134/
f135/
f185
f209
f218
f257
n23
n3
Invalid operation
f257:9F
d23:9
d23:8t cp8r1v
d23:8t cp8r1v
Null
/f53
d23:8t cp8r1vx
d166
d183/
d222/
d23
d82
f75/
d23:8t cp8r1vx
Invalid operation
d23:txt:10
d166
d183/
d222/
d23
d82
f104/
f218
f75/
n104/
Invalid operation
d166
d183/
d222/
d23
d82
f104/
f218
f75/
n104/
d166
d183/
d222/
d23
d82
f104/
f218
f230
f75/
n104/
d166
d183/
d222/
d23
d82
f104/
f218
f230
f75/
n104/
Invalid operation
/f282/d13/f163/f209
/f209
d170/
d206
d216
d283
d47/
f134/
f135/
f155
f185
f209
f218
f257
n3
/f282/d13/f163/f209
/f209
Invalid operation
f257:FE 00 85 F4 23 A9 21 63
Invalid operation
f257:27 FF FE 00 85 F4 23
Invalid operation
d170/
d206
d216
d283
d47/
f134/
f135/
f155
f185
f209
f218
f244/
f257
f8/
n3
f257:F4
/f282/d13/f163/f209
/f209
Invalid operation
n31
Invalid operation
Null
d170/
d206
d216
d282/
d283
d47/
f134/
f135/
f155
f185
f209
f218
f244/
f257
f8/
n3
f257:18
f218:9
d283:8
f209:8
d206:0
d168
d170/
d206
d216
d238
d282/
d283
d47/
f134/
f135/
f155
f185
f209
f218
f244/
f257
f8/
n3
Invalid operation
Invalid operation
d256:dir:0
f117:6xx
d161:00
d161:00 66 29 78 F1 6D A8 00 00 00 00 00 00 00 00
d221:13
d256:dir:0
d2
d218
d221
d256/
d99/
f100/
f103/
f117
f125
f139
f159
f163/
f170/
f212
f254/
f79
n59/
n70/
Invalid operation
Invalid operation
/f282/d13/f117
Null
d221:13
f117:3
d161:BE
d161:BD BE 02 2E 73 84 3E 07 A5 83 F5 4C 00 00 00 66 29 62 DF D5 CD B2 00
Invalid operation
d218
d221
d230/
d256/
d99/
f100/
f103/
f117
f125
f129
f139
f159
f163/
f170/
f212
f254/
f79
n59/
n70/
Null
Invalid operation
Invalid operation
f117:6xx
d218
d221
d230/
d256/
d99/
f100/
f103/
f117
f125
f129
f139
f159
f163/
f170/
f212
f254/
f79
n59/
n70/
d256:dir:0
Invalid operation
d218
d221
d230/
d256/
d99/
f100/
f103/
f117
f125
f129
f139
f159
f163/
f170/
f212
f254/
f79
n59/
n70/
Null
Invalid operation
f117:6xx3.47rtaamh 25k_c6gwm9knrku_
d218
d221
d230/
d256/
d99/
f100/
f103/
f117
f125
f129
f139
f159
f163/
f170/
f212
f213
f254/
f53
f79
n59/
n70/
Null
d13/
d161
d177/
d19/
d218/
d224
d238/
d59/
d60/
d84/
f102
f111/
f268
n15/
Invalid operation
Null
f117:6xx3.47rtaamh 25k_c6gwm9knrku_xn
d13/
d161
d177/
d19/
d218/
d224
d238/
d59/
d60/
d84/
f102
f111/
f268
n15/
d218
d221
d256/
d99/
f100/
f103/
f117
f125
f129
f139
f159
f163/
f170/
f212
f213
f254/
f53
f79
n59/
n70/
n88/
Invalid operation
Invalid operation
Invalid operation
f213:09 57
d161:84 3E 07 A5 83 F5 4C 00 00 00
d161:32
f102:17
d224:1
d13/
d161
d177/
d19/
d218/
d224
d238/
d59/
d60/
d84/
f102
f111/
f268
n15/
Invalid operation
Invalid operation
d127
d51/
n111/
d127:0
Null
n111:dir:0
d127:
Null
/f282/d218/n111/f92
Invalid operation
Invalid operation
Null
Invalid operation
f255:9
f197:6
d127:0
f197:14
f255:9
d127:2
d127
f197
f255
n111/
f197:14
d127:12
f255:9
f197:68 89 1A 1A C9 1E F2 B3
Null
d127
f162/
f197
f255
n111/
d277
n30
d277:7
Invalid operation
n111:dir:0
f197:EE
f197:95 3D 68 89 1A 1A C9 1E F2
Null
d13/
d161
d177/
d19/
d218/
d224
d238/
d59/
d60/
d84/
f102
f111/
f207
f268
n15/
Invalid operation
d238:dir:0
d13/
d161
d177/
d19/
d218/
d224
d238/
d59/
d60/
d84/
f102
f111/
f207
f268
n15/
d13/
d161
d177/
d19/
d218/
d224
d238/
d59/
d60/
d84/
f102
f111/
f207
f268
n15/
d13/
d161
d177/
d19/
d218/
d224
d238/
d59/
d60/
d84/
f102
f111/
f207
f268
n15/
Invalid operation
d13/
d161
d177/
d218/
d224
d238/
d249
d59/
d60/
d84/
f102
f111/
f176
f207
f268
n15/
f213:09 57
d156/
d218
d221
d256/
d99/
f100/
f117
f125
f129
f139
f159
f163/
f170/
f212
f213
f254/
f53
f79
n24/
n59/
n70/
n88/
f213:26
d154
d156/
d218
d221
d256/
d99/
f100/
f117
f125
f129
f139
f159
f163/
f170/
f212
f213
f220
f254/
f283/
f53
f79
n24/
n59/
n70/
n85/
n88/
Invalid operation
f23:53
f209:40
d10/
d110/
d111/
d125/
d126
d165/
d17
d188
d193/
d201
d207
d249
d261/
d262/
d268/
d272/
d284/
d290/
d297/
d46/
d64
d67/
d69
d94
f112
f16/
f161
f166/
f173
f177
f180/
f181
f199/
f209
f217
f221/
f23
f251/
f26/
f266
f282/
f285/
f296
f298/
f48/
f5/
f53
f61/
f7/
f75
f85/
f93/
n109/
n117/
n119
n12/
n33
n38/
n46/
n75
/f23
f23:53
f209:40
f23:53
f209:37
d126:12
d10/
d110/
d111/
d125/
d126
d165/
d17
d188
d193/
d201
d207
d249
d261/
d262/
d268/
d272/
d284/
d290/
d297/
d46/
d64
d67/
d69
d94
f112
f16/
f161
f166/
f173
f177
f180/
f181
f199/
f209
f217
f221/
f23
f251/
f26/
f266
f282/
f285/
f296
f298/
f48/
f5/
f53
f61/
f7/
f75
f85/
f93/
n109/
n117/
n119
n12/
n33
n38/
n46/
n75
f23:53
f209:37
d126:12
Invalid operation
Invalid operation
d238:dir:0
d161:A5 83 F5 4C 00 00 4E D1 F5 2F ED 4D CD B2 00 00 9D E2 BB
Invalid operation
Invalid operation
Invalid operation
f213:3D
Invalid operation
/f282/d13/f117
d154
d156/
d218
d221
d256/
d260/
d288
d99/
f100/
f117
f125
f129
f139
f159
f163/
f170/
f212
f213
f220
f254/
f283/
f53
n24/
n59/
n6/
n70/
n85/
n88/
Invalid operation
d161:32
f102:17
f207:14
f176:13
d249:12
n68:5
d161:83 F5 4C 00 00 4E D1 F5 2F ED 4D CD B2 00 00 9D E2 BB 41 58
Invalid operation
d161:5B 6C BD BE 02 2E 73 78 52 07 A5
d161:32
f102:17
f207:14
f176:13
d238:dir:0
Invalid operation
d13/
d159
d161
d173/
d177/
d218/
d224
d238/
d249
d59/
d60/
d84/
f102
f111/
f136
f176
f207
f268
n15/
Invalid operation
d55:13
f33:13
f53:8
n93:5
f249:61
f249:BF
Invalid operation
f249:61
d55:13
f33:13
f151:11
f53:8
f249:7
Invalid operation
/f282/n15/f249
Invalid operation
d119/
d55
f117/
f151
f160
f249
f33
f53
n62
n9
n93
f249:BF 61
f249:bin:5
d119/
d55
f117/
f151
f160
f249
f268/
f33
f53
n0/
n62
n9
n93
Invalid operation
d119/
d55
f117/
f151
f160
f249
f268/
f33
f53
n0/
n62
n9
n93
Invalid operation
d119/
d55
f117/
f151
f160
f249
f268/
f283/
f33
f53
n0/
n62
n9
n93
f249:3E 00
Invalid operation
Invalid operation
d119/
d55
f117/
f151
f249
f268/
f280/
f283/
f33
f53
n0/
n62
n9
n93
n62:16
Invalid operation
/f282/n15/f249
d119/
d55
f117/
f151
f249
f268/
f280/
f283/
f33
f53
n0/
n62
n9
n93
n62:16
d55:13
f33:13
f151:11
f53:8
f249:7
n93:5
n9:0
f249:B3 EF 98 48 42 E5
d119/
d15/
d55
f117/
f151
f249
f268/
f280/
f283/
f33
f53
n0/
n62
n9
n93
Null
Invalid operation
Invalid operation
n62:16
d55:13
f33:13
f249:12
f151:11
f53:8
n93:5
n9:0
Invalid operation
f249:bin:12
f249:bin:12
f249:BF B3
Null
d119/
d15/
d221/
d55
f117/
f151
f249
f268/
f280/
f283/
f33
f53
n0/
n62
n9
n93
Invalid operation
d119/
d15/
d221/
d261
d55
f117/
f151
f249
f263/
f268/
f280/
f283/
f33
f53
n0/
n62
n9
n93
d251:0
d251:0
d251
Invalid operation
f249:bin:10
f249:bin:10
Invalid operation
Invalid operation
/f282/n15/f249
Invalid operation
d119/
d15/
d167
d221/
d261
d55
f117/
f151
f249
f263/
f268/
f280/
f283/
f33
f34
f53
n0/
n62
n9
n93
Invalid operation
d119/
d15/
d167
d221/
d261
d55
f117/
f125
f151
f249
f263/
f268/
f280/
f283/
f33
f34
f53
n0/
n62
n9
n93
Null
f249:bin:11
Invalid operation
/f282/n15/f249
Null
Invalid operation
f249:4A 8C FF AB 64 53 9C
f249:bin:15
Null
d119/
d15/
d167
d221/
d261
d35
d39/
d55
f117/
f125
f151
f162
f249
f263/
f267
f268/
f280/
f283/
f33
f34
f53
n0/
n62
n9
n93
Invalid operation
f249:bin:12
f162:17
f34:16
n62:16
f249:15
f189:14
d55:13
f33:13
f249:BF B3 EF 98 FA 50 A5 0D
Invalid operation
d119/
d15/
d167
d221/
d261
d35
d39/
d55
d68/
f117/
f125
f151
f162
f189
f249
f263/
f267
f268/
f280/
f283/
f33
f34
f53
n0/
n62
n9
n93
Invalid operation
Invalid operation
Invalid operation
d119/
d15/
d167
d193
d221/
d249/
d261
d35
d55
d68/
f117/
f125
f151
f162
f189
f249
f263/
f267
f268/
f283/
f33
f34
f53
n0/
n62
n9
n93
d119/
d15/
d167
d193
d221/
d249/
d261
d35
d55
d68/
f117/
f125
f151
f162
f189
f249
f263/
f267
f268/
f283/
f33
f34
f53
n0/
n62
n9
n93
Null
f249:bin:13
f249:bin:13
f249:bin:13
d119/
d15/
d167
d193
d221/
d249/
d35
d55
d68/
f117/
f125
f151
f162
f189
f249
f263/
f267
f268/
f283/
f34
f53
f72
n0/
n62
n9
n93
d119/
d15/
d167
d193
d221/
d249/
d35
d55
d68/
f117/
f125
f151
f162
f189
f249
f263/
f267
f268/
f283/
f34
f53
f72
n0/
n62
n9
n93
d119/
d15/
d167
d193
d221/
d249/
d35
d55
d68/
f117/
f125
f151
f162
f189
f249
f263/
f267
f268/
f283/
f34
f53
f72
n0/
n62
n9
n93
f249:bin:15
d119/
d15/
d167
d184/
d193
d221/
d249/
d35
d55
d68/
f117/
f125
f151
f162
f189
f249
f263/
f267
f268/
f283/
f34
f53
f72
n0/
n62
n9
n93
Invalid operation
f249:bin:15
Null
Invalid operation
d119/
d15/
d167
d184/
d193
d221/
d249/
d35
d55
d68/
f117/
f125
f151
f162
f189
f249
f263/
f267
f268/
f283/
f34
f53
f72
n0/
n62
n76/
n9
n93
d119/
d15/
d167
d184/
d193
d221/
d249/
d35
d55
d68/
f117/
f125
f151
f162
f189
f249
f263/
f267
f268/
f283/
f34
f53
f72
n0/
n62
n76/
n9
n93
d119/
d15/
d167
d184/
d193
d221/
d249/
d35
d55
d68/
f117/
f125
f151
f162
f189
f249
f263/
f267
f268/
f283/
f34
f53
f72
n0/
n62
n76/
n9
n93
f162:17
f249:17
f34:16
n62:16
d193:14
f189:14
d55:13
f249:bin:17
Invalid operation
d119/
d15/
d167
d184/
d193
d221/
d249/
d35
d55
d68/
f117/
f125
f151
f162
f189
f249
f263/
f267
f268/
f283/
f34
f53
f72
n0/
n11/
n62
n76/
n9
n93
f249:bin:17
Invalid operation
Invalid operation
Invalid operation
Null
Invalid operation
d161:B2 00 00
Invalid operation
Invalid operation
d238:dir:0
d161:32
f102:17
f207:14
Invalid operation
d161:4E D1
d161:4E D1 F5 2F ED 4D CD B2 00 00 9D
d120/
d13/
d152/
d159
d161
d173/
d177/
d218/
d238/
d59/
d60/
d84/
f102
f111/
f136
f176
f207
f268
f286
f58
n15/
Invalid operation
f23:53
f209:40
d126:12
Invalid operation
f23:53
f209:40
d126:12
Invalid operation
Invalid operation
f209:84 24 21 00 D1 84
f23:53
f209:43
d126:12
f209:D1 84 B9 03 D9 D1 9C 00 00 00 00 00 00 00
f23:v5idb bbxlte756mtpgr7mu8exd38bubh8uxw-4nq3h .kgh21o1s
Invalid operation
f23:56
f209:41
d126:12
f23:56
f209:44
d126:12
f23:56
f209:44
d126:12
f23:56
f209:44
d126:12
f23:56
f209:44
d126:12
Invalid operation
f23:63
f209:44
d126:12
f23:63
f209:44
d126:12
f23:63
f209:44
d126:12
d10/
d110/
d111/
d125/
d126
d165/
d17
d188
d193/
d201
d207
d249
d261/
d262/
d268/
d272/
d284/
d290/
d297/
d46/
d64
d67/
d69
d94
f112
f16/
f161
f166/
f173
f177
f180/
f181
f199/
f209
f217
f221/
f23
f251/
f26/
f266
f282/
f285/
f296
f298/
f48/
f5/
f53
f61/
f7/
f75
f85/
f93/
n109/
n117/
n119
n12/
n33
n38/
n46/
n75
f23:56
f209:44
d126:12
f23:56
f209:44
d126:12
f161:12
f173:11
f181:11
n119:11
/f23
d10/
d110/
d111/
d125/
d126
d165/
d17
d188
d193/
d201
d207
d249
d261/
d262/
d268/
d272/
d284/
d290/
d297/
d46/
d64
d67/
d69
d94
f112
f16/
f161
f166/
f173
f177
f180/
f181
f199/
f209
f217
f221/
f23
f251/
f26/
f266
f282/
f285/
f296
f298/
f48/
f5/
f61/
f7/
f75
f85/
f93/
n109/
n117/
n119
n12/
n33
n38/
n46/
n75
f23:v5idb bbxlte756mtpgr7mu8exd38bubh8uxw-4nq3h .kgh21o1su 9
f23:v5idb bbxlte756mtpgr7mu8exd38bubh8uxw-4nq3h .kgh21o1su 9
Invalid operation
d231:txt:25
f23:v5idb bbxlte756mtpgr7mu8exd38bubh8uxw-4nq3h .kgh21o1su 9tozqx.d2t64x
d272:dir:0
f23:68
f209:52
d126:12
f23:68
f209:52
d126:12
f23:68
f209:52
d126:12
Invalid operation
f23:68
f209:52
d126:12
d10/
d100/
d110/
d111/
d125/
d126
d165/
d17
d188
d193/
d201
d207
d249
d261/
d262/
d268/
d272/
d284/
d286/
d290/
d297/
d46/
d64
d67/
d69
d94
f112
f16/
f166/
f177
f180/
f181
f199/
f209
f217
f221/
f23
f251/
f26/
f266
f282/
f285/
f296
f298/
f48/
f5/
f61/
f7/
f75
f85/
f93/
n103
n109/
n117/
n119
n12/
n33
n38/
n46/
n75
f23:68
f209:52
d126:12
Invalid operation
d272:dir:0
f23:68
f209:49
d126:12
f181:11
n119:11
f23:v5idb bbxlte756mtpgr7mu8exd38bubh8uxw-4nq3h .kgh21o1su 9tozqx.d2t64x
d10/
d100/
d110/
d111/
d125/
d126
d165/
d17
d188
d193/
d201
d207
d249
d261/
d262/
d268/
d272/
d284/
d286/
d290/
d297/
d46/
d64
d67/
d69
d94
f112
f16/
f166/
f177
f180/
f181
f199/
f209
f217
f221/
f23
f251/
f26/
f266
f282/
f285/
f296
f298/
f48/
f5/
f61/
f7/
f75
f85/
f93/
n103
n109/
n117/
n119
n12/
n33
n38/
n46/
/f23
f209:00 00 00 00 00 0E
d10/
d100/
d110/
d111/
d125/
d126
d165/
d17
d188
d193/
d201
d207
d235
d249
d261/
d262/
d268/
d272/
d284/
d286/
d290/
d297/
d46/
d64
d67/
d69
d94
f112
f16/
f166/
f177
f180/
f181
f199/
f209
f217
f221/
f23
f251/
f26/
f266
f282/
f285/
f296
f298/
f48/
f5/
f61/
f7/
f75
f85/
f93/
n103
n109/
n117/
n119
n12/
n33
n38/
n46/
f23:68
f209:49
d126:12
d10/
d100/
d110/
d111/
d125/
d126
d165/
d17
d188
d193/
d201
d207
d235
d249
d261/
d262/
d268/
d272/
d284/
d286/
d290/
d297/
d46/
d64
d67/
d69
d94
f112
f16/
f166/
f177
f180/
f181
f199/
f209
f217
f221/
f23
f251/
f26/
f266
f282/
f285/
f296
f298/
f48/
f5/
f61/
f7/
f75
f85/
f93/
n103
n109/
n117/
n119
n12/
n33
n38/
n46/
f23:v5idb bbxlte756mtpgr7mu8exd38bubh8uxw-4nq3h .kgh21o1su 9tozqx.d2t64x
f23:v5idb bbxlte756mtpgr7mu8exd38bubh8uxw-4nq3h .kgh21o1su 9tozqx.d2t64x
d10/
d100/
d110/
d111/
d125/
d126
d165/
d17
d188
d193/
d201
d207
d235
d249
d261/
d262/
d268/
d272/
d284/
d286/
d290/
d297/
d298/
d46/
d64
d67/
d69
f112
f16/
f166/
f177
f180/
f181
f199/
f209
f217
f221/
f23
f251/
f26/
f266
f282/
f285/
f296
f298/
f48/
f5/
f61/
f7/
f75
f85/
f93/
n103
n109/
n117/
n119
n12/
n33
n38/
n46/
f23:68
f209:49
d126:12
Invalid operation
d176/
d181
d223
d247
d256
d34/
d44/
n8/
Invalid operation
d176/
d181
d223
d247
d34/
d44/
n8/
d176/
d181
d223
d247
d34/
d44/
n8/
d247:7
d181:0
d223:0
d223:
d223:sa
Invalid operation
Invalid operation
f23:68
f209:50
d126:12
f23:68
f209:50
d126:12
f23:68
f209:50
d126:12
d272:dir:0
Invalid operation
d223:sa
Invalid operation
d76
f172/
f66
d76
d85/
f172/
f64/
f66
Invalid operation
d76
d85/
f172/
f66
f66:61 5A
Invalid operation
/d261/n8/f66
Invalid operation
Null
d76
f172/
f66
Invalid operation
f216:28 9C
d181:13
d201:7
d247:7
f139:3
f216:2
d241:0
f158:0
/d261/d181
d181:osbmmww5mic0n
d181
d201
d241
d247
d259
d34/
d44/
f139
f158
f216
f223/
n37/
n8/
d181:osbmmww5mic0n
d181:osbmmww5mic0n
d181
d183/
d201
d241
d247
d259
d34/
d44/
f139
f158
f216
f219
f223/
n37/
n8/
d253:44
d253
f137/
Invalid operation
d253:56 0D
f0:17
d253:3
Invalid operation
Invalid operation
d253:bin:6
Invalid operation
Invalid operation
/d261/d34/d253
d181
d183/
d201
d241
d247
d259
d268
d34/
d44/
d60
f139
f158
f216
f219
f223/
n37/
n8/
d181
d183/
d201
d241
d247
d259
d268
d34/
d44/
d60
f139
f158
f216
f219
f223/
n37/
n8/
d44:dir:0
f216:9C
d44:dir:0
d181
d183/
d201
d241
d247
d259
d268
d34/
d44/
d60
f136
f139
f158
f216
f219
f223/
f75
n112/
n37/
n8/
Invalid operation
d181:osbmmww5mic0nx
Invalid operation
f216:28
f239
f216:28 9C
f239
f239:0
f239:
f239:
f239:0
f239
n30/
Invalid operation
f216:88 DF CC
Invalid operation
f239:xjhr
f239:xjhr
f216:DF
f152:13
f216:77 5D 82
Invalid operation
Invalid operation
d281:AD FB AE 71
d281
n4/
Invalid operation
Null
d281
n4/
Invalid operation
/d261/n37/f239
Null
Invalid operation
Null
Invalid operation
Invalid operation
f164:21 FD
Invalid operation
f164:FD
Null
Invalid operation
Invalid operation
Invalid operation
d167
d199/
f120
f239
n30/
d167
d199/
f120
f239
n30/
Invalid operation
f239:xjhrx
d102
d167
d199/
d264
f239
n30/
d264:16
d167:6
f239:5
f239:xjhrx aahahsljp14n8y8ph
f239:23
d264:16
d167:6
f267:5
Invalid operation
f164
f99
Null
Invalid operation
Invalid operation
f164:00 00 9D A3 35 41 65 85 54 19 F1 40 00 00 00
Invalid operation
Invalid operation
f164:bin:19
d72/
f164
f99
f164:A3 35 41 65 85 54 19 F1 40 00 00 00
f164:54 19 F1 40 00
d72/
f164
f164:19
Invalid operation
Null
d72/
d88/
f164
f196/
f293/
f164:bin:19
/d261/n37/d199/f164
Invalid operation
f164:19
d91:4
d72/
d88/
d91
f164
f196/
f293/
d72/
d88/
d91
f164
f196/
f293/
Invalid operation
/d261/n37/d199/f164
Invalid operation
f164:00 9D A3 35 41 65 85 54
Invalid operation
d235
d253/
d278/
d72/
d88/
d91
f164
f196/
f293/
Invalid operation
Invalid operation
/d261/n37/d199/f164
d235
d253/
d278/
d64
d72/
d88/
d91
f164
f196/
f202
f293/
f298
d104
d235
d25/
d253/
d278/
d281
d64
d72/
d88/
d91
f164
f196/
f202
f293/
f164:bin:20
f164:20
d104:16
Invalid operation
Invalid operation
Invalid operation
d112
d25/
d253/
d278/
d281
d64
d72/
d88/
d91
f164
f196/
f202
f293/
Invalid operation
Invalid operation
f164:00 00 00 9D A3 35
Invalid operation
/d261/n37/d199/f164
Null
Invalid operation
f164:00 00 00 9D A3 35 41 65 D5 7E FB D8 02 2F 00 00 00
Invalid operation
Invalid operation
Null
f164:41 65 D5 7E FB D8 02 2F 00 00 00 00 00
f164:FD 00 00 00 9D A3 35 41
f53
Null
f239:xjhrx aahahsljp14n8y8ph
f239:txt:23
Invalid operation
Invalid operation
Invalid operation
Invalid operation
d281:bin:12
Invalid operation
d281:FB AE 71 8F
Invalid operation
d149/
d281
f268/
n4/
d281:bin:19
Invalid operation
d149/
d183
d226
d247
d281
f268/
f87/
n13/
n4/
/d261/n37/n30/d281
d149/
d247
d281
f268/
f87/
n13/
n4/
d149/
d247
d281
f268/
f87/
n13/
n4/
f239:23
d264:16
/d261/n37/f239
Invalid operation
