Invalid operation
Invalid operation
Invalid operation
f5/
Invalid operation
d223:
d223:
d11
d223
f5/
d223:
Invalid operation
Invalid operation
d11
d155
d223
f42
f5/
d11
d155
d223
f42
f5/
d11
d155
d223
f42
f5/
d11
d155
d223
f42
f5/
Invalid operation
d11:81
Invalid operation
/d11
Invalid operation
d11:0A
n97:6D 8A A8
f296:txt:14
f296:vvlk3ruz0 lwu2
Null
n97:D1 17 96 E6 5A 79 F9
Invalid operation
Null
/f219/n68/f29
Null
f29:ri8ypmmtdb t4v2
Invalid operation
d118
d260/
d269
f247
f264/
f29
d269:88 A1 33
Invalid operation
Null
Invalid operation
Invalid operation
d269
d29
d41/
d90
f127
f247
f264/
f29
n64/
Invalid operation
f29:40
d269:23
f247:17
d90:13
Invalid operation
Invalid operation
Invalid operation
Invalid operation
Invalid operation
Invalid operation
d269:00
Invalid operation
d269:71 2B 7D AA
d269:33 0B F4 B9 02 E5 19 42 2D 7E 7B 93 A0 C9 BB 07 D4 03 71 2B
Invalid operation
d269:bin:32
d269
d29
d41/
d90
f127
f264/
f29
f291/
f293/
f9/
n17
n84/
f29:40
d269:34
d90:13
d29:10
f127:5
n17:0
Invalid operation
Invalid operation
Invalid operation
Null
d269:bin:34
Invalid operation
Null
d269:0B 5D 05 F4 D6 A4 65 A2 37 9B 7B 93 A0 C9 BB 07 D4
f29:40
d269:36
d90:13
d29:10
f127:5
n17:0
n94:0
d269:bin:36
Invalid operation
Invalid operation
d269:A3 00 00 00
d269
d29
d90
f127
f264/
f29
f291/
f293/
f9/
f95/
n17
n84/
n94
n97:F6 BA 79 19 58 8D BA 9E D2 5A 00 00
f29:ri8ypmmtdb t4v2v 1joew80x8kd_5o.xh2445jm
f138:dir:0
n97:9E D2
Invalid operation
n97:BA 9E
Null
Invalid operation
d219/
d30
n97/
/f219/n68/f264/n113/d30
d30:13 00 16 96 DE
d30:bin:6
Invalid operation
d30:96
d226
n113/
Invalid operation
d259
n113/
d259:17
d259:nsdx9pk17dvbsqzem
d259
n113/
d259
n113/
Invalid operation
d259
d41
n113/
d259:20
d41:12
d259
d80
n113/
Null
d80:4iuvk-_6_ni
d164
d244
d80
f192
f201
f237/
n113/
n35
/f219/n68/f264/d80
Invalid operation
d131/
d219/
d30
f267/
f290/
f79/
n97/
Invalid operation
Invalid operation
Invalid operation
d131/
d219/
d239/
d258/
d30
f267/
f285
f290/
f79/
n97/
Invalid operation
d16/
d164
d233
d244
d80
f120
f192
f201
f237/
f98/
n113/
n35
n113:dir:0
Invalid operation
/f219/n68/f264/d80
d16/
d164
d233
d244
d80
f120
f192
f201
f237/
f98/
n113/
n35
Invalid operation
Null
Invalid operation
d137/
d29
d82
d90
f127
f159/
f264/
f29
f291/
f292/
f293/
f9/
f95/
n17
n84/
n94
Invalid operation
f264:dir:0
d137/
d138
d284
d29
d290
d82
d90
f127
f159/
f264/
f29
f291/
f292/
f9/
n17
n84/
n94
f264:dir:0
Invalid operation
Invalid operation
Invalid operation
d34
d5
f273
f296
n3
n68/
n97
d156
d34
d5
n3
n68/
n9/
n97
Invalid operation
Invalid operation
Invalid operation
Invalid operation
Invalid operation
n97:D8
Invalid operation
Invalid operation
d156
d34
d5
d97
f32
n108/
n2/
n3
n68/
n9/
n97
d156
d34
d5
d97
f32
n108/
n2/
n3
n68/
n9/
n97
Invalid operation
Invalid operation
d156
d34
d5
d82
d97
f32
n108/
n2/
n3
n68/
n9/
n97
n97:79 50 AD 29 8E 54 BA 00 00
Null
d27:md:11
d27:md:11
d27:11
f157:3
d27
d41/
f157
d27:11
n97:8E
n97:C7 61 E4 79 50 AD 29 8E 54 BA 00 00
Invalid operation
Invalid operation
n97:54 BA 00 00 7A D4 85 E2
d34
d5
d82
d97
f32
n108/
n2/
n3
n68/
n9/
n97
Invalid operation
Invalid operation
d41/
f157
n63/
n94/
f157:wis
Invalid operation
Invalid operation
d137/
d138
d186
d29
d57
d82
d88/
d90
f120
f127
f135/
f159/
f264/
f267
f29
f291/
f292/
f34
f9/
f97/
n17
n2
n84/
n94
d137/
d138
d186
d29
d57
d82
d88/
d90
f120
f127
f135/
f159/
f264/
f267
f29
f291/
f292/
f34
f9/
f97/
n17
n2
n84/
n94
Invalid operation
d85:txt:0
d85:
/f219/n68/f135/d85
Null
d89:D8 92
d89:D8 92 00 00 00 00 00 00
Null
f222:dir:0
Invalid operation
d154
f222/
Invalid operation
f222:dir:0
d154
d224/
f222/
n34/
d154
d224/
f222/
n34/
d154:wi0ermpxmyu
Invalid operation
d154:11
Invalid operation
d224/
f61
n34/
d89:14
d85:0
d85:
Invalid operation
Invalid operation
Invalid operation
n34:dir:0
Invalid operation
Invalid operation
Invalid operation
Invalid operation
Invalid operation
f61:EB E6 FB 76 D0 48
Invalid operation
Invalid operation
d85:11
d116:5
d275:0
f75:0
d116:00
d4/
f137
Invalid operation
Invalid operation
d85:11
d116:6
f75:0
d85:txt:11
/f219/n68/f135/f75
d116:15 00 1B EC E2 92 00 00 00
d116:15
n40:0
d116:00
/f219/n68/f135/d116
d116:15
d116:15
n40:0
d116
d34
d68/
f17/
f252
f75
f91/
n40
Invalid operation
Invalid operation
Invalid operation
Invalid operation
Invalid operation
Invalid operation
d68:dir:0
d13
d242/
d256/
d288
f112/
f119
f134/
f200/
f61
f94
n34/
d13
d242/
d256/
d288
f112/
f119
f134/
f200/
f61
f94
n34/
d116
d160/
d34
d68/
d77
d90/
f1/
f17/
f252
f75
f91/
f94
n0/
f120:txt:0
f120:
Invalid operation
Invalid operation
Invalid operation
d4/
f137
f48
f87
d4/
f137
f48
f87
Invalid operation
Invalid operation
d4/
f137
f48
f87
f137:00
/f219/n68/f135/f17/f137
d283
d4/
f137
f158
f48
f87
Invalid operation
d283
d4/
f137
f158
f48
f87
n42
Null
d283
d4/
f137
f158
f48
f87
n42
Invalid operation
f137:8A 12 2E E2 00 00 72 23 06
Invalid operation
Invalid operation
f137:17
f48:17
f87:17
n42:5
f158:3
d283:0
d4:dir:0
f48:17
f87:17
f137:15
n42:5
f158:3
d283:0
f48:17
f87:17
f137:13
n42:5
f48:17
f87:17
f137:15
n42:5
f158:3
d283:0
d4:dir:0
d283
d4/
f137
f158
f184/
f48
f87
n42
Null
Invalid operation
f48:17
f87:17
f137:14
n42:5
Invalid operation
Null
d283
d4/
f137
f158
f184/
f48
f87
n42
Invalid operation
Invalid operation
d209:_cdi3 ot
d209:_cdi3 ot
d209
f278/
n63/
d209
d210/
n63/
Null
d209:_cdi3 otxx
Null
n63:dir:0
Invalid operation
n63/
n2:00 00 0C B0 E8 FD C2 6B 96 8F B2 68
Invalid operation
Invalid operation
Null
/f219/n68/f135/f75
n2:FD C2 6B 96 8F B2 68 00 00 00
f249
n2:00 00 00 00 00 00
d76/
f115/
f249
f86/
n35
d76/
f115/
f249
f86/
n35
d76/
f249
n35
n2:39 11 82 35 76
Invalid operation
n2:B0 28 57 4F E4
Invalid operation
n63/
f75:lpv4wmhr5vnesg0z3_rrps215tv82
Invalid operation
n63/
n63/
Invalid operation
n2:28 57 4F E4 96 8F
Invalid operation
Null
Invalid operation
n2:3F 28 57 4F E4 96 8F 39 11 82 35
n63:dir:0
d257
d35/
f173
f68
n44/
n63/
Invalid operation
n2:0C B0
n2:35 76 00
Invalid operation
d226
d76/
f249
f280
n25
n35
Invalid operation
n25:AF 0B CE CF E0
Invalid operation
Invalid operation
f121/
f173
f227
n25:CF E0
Invalid operation
d236/
f121/
f227
f227:40
d236/
f121/
f227
n115
f227:40
d94:13
n115:10
Invalid operation
d236/
d94
f102
f121/
f227
n115
d236/
d94
f102
f121/
f227
n115
/f219/n68/f135/d160/f173
f227:md:44
Null
f249:xqd5xemz_j
/f219/n68/f135/d160/n63/f249
Invalid operation
Invalid operation
d257
d35/
f173
f68
f8/
f85
n63/
Invalid operation
d257
d35/
d83/
f173
f68
f8/
f85
n63/
f173:0ev.s_m_vz49tnfxx
d257
d35/
d83/
f173
f68
f8/
f85
n63/
n63:dir:0
d68:dir:0
d68:dir:0
n2:7D 8F 39 11
Invalid operation
Invalid operation
d160/
d49/
d68/
d77
d95
f17/
f62/
f75
f91/
f94
n0/
n2:76
d160/
d49/
d68/
d77
d95
f144
f154
f17/
f62/
f75
f91/
f94
n0/
d160/
d200
d49/
d68/
d77
d95
f144
f154
f17/
f62/
f75
f91/
f94
n0/
Invalid operation
d137/
d186
d29
d57
d82
d88/
d90
f120
f127
f135/
f159/
f264/
f267
f29
f291/
f292/
f34
f9/
f97/
n17
n2
n84/
n88
n94
Invalid operation
f237:dir:0
Invalid operation
f237/
Invalid operation
Invalid operation
d34
d5
d82
d97
f168/
f32
n108/
n2/
n3
n68/
n9/
n97
d34
d5
d82
d97
f168/
f32
n108/
n2/
n3
n68/
n9/
n97
Invalid operation
Invalid operation
n97:BD E6 4B 35 D5 8B 25 B0
/f219/n97
d273:1
d34
d5
d56
d82
d97
f168/
f32
n108/
n2/
n3
n68/
n9/
n97
Invalid operation
Invalid operation
d267
d273
n28
d267
d273
n28
d273:34
f120:2
d273
f120
f74
n28
n97:6F C7 61 E4 79 50 AD 89 B8 31 39 A1 00 7A D4 85 E2 5F 00 00 00 00 00 00 00
Invalid operation
n97:45
d97:8
Invalid operation
d34
d5
d56
d82
d97
f168/
f172
f32
n108/
n2/
n3
n68/
n9/
n97
n97:bin:45
Invalid operation
n97:00 7A D4 85 E2 5F 00 00 00 00 00 00
Invalid operation
/d11
d11
d155
d202
d259
d268
d274
f11/
f13
f140
f219/
f42
f5/
Invalid operation
Invalid operation
Invalid operation
d243
Null
d243
/d11
f123
f153/
f123:a66by.cfsq4qvd
Invalid operation
Null
/d11
d11
d124
d135/
d155
d182
d190
d259
d268
d274
f13
f140
f219/
f5/
d11:8E 44 CA
Invalid operation
Invalid operation
Invalid operation
Invalid operation
d166/
f63/
f75/
d148/
d166/
f75/
Null
d89:1
Invalid operation
Invalid operation
d166/
d89
f75/
n104/
n91/
d89:60
Null
f5:dir:0
Invalid operation
d11
d124
d135/
d155
d168/
d190
d211
d246
d259
d268
d274
f13
f140
f219/
f5/
f77/
f5:dir:0
Invalid operation
Invalid operation
Invalid operation
Invalid operation
d11
d124
d135/
d155
d168/
d190
d211
d246
d268
d274
d280/
f13
f140
f219/
f226/
f5/
f66
f77/
n30/
Invalid operation
d11
d124
d135/
d151
d155
d168/
d190
d211
d246
d250
d268
d274
d280/
f13
f140
f185/
f219/
f226/
f263/
f5/
f66
f77/
f87/
n105/
n30/
Invalid operation
Invalid operation
d11:AA 25 CF 44 CA A6 BC 2D 55 15 36 AD 4C
Invalid operation
d11:25 CF
d11
d124
d135/
d151
d155
d168/
d190
d211
d246
d250
d268
d274
d280/
f13
f140
f185/
f219/
f226/
f263/
f5/
f66
f77/
f87/
n105/
n30/
d11:CA A6 BC
Invalid operation
d11
d124
d135/
d151
d155
d168/
d190
d211
d246
d250
d268
d274
d280/
d289
f13
f140
f185/
f219/
f226/
f263/
f5/
f66
f77/
f87/
n105/
n30/
Invalid operation
Invalid operation
/d155
f5:dir:0
d190:7E
Invalid operation
d274:17
d246:14
d151:8
d190:8
d211:8
d250:8
Null
Invalid operation
Invalid operation
d155:qb0x
Invalid operation
Invalid operation
Invalid operation
d12/
d124
d127
d135/
d151
d155
d168/
d190
d211
d218
d225
d246
d250
d274
d280/
f140
f185/
f219/
f226/
f263/
f5/
f66
f77/
f85
f87/
n105/
n30/
Invalid operation
Invalid operation
Invalid operation
Invalid operation
Invalid operation
d12/
d124
d127
d135/
d151
d168/
d190
d211
d218
d250
d280/
f140
f185/
f219/
f226/
f263/
f5/
f66
f77/
f85
f87/
n105/
n30/
n83
d190:56 00 00 00 87
Invalid operation
Invalid operation
Invalid operation
d12/
d124
d127
d135/
d151
d168/
d17/
d190
d211
d218
d250
d280/
f106
f140
f185/
f219/
f226/
f263/
f5/
f66
f77/
f85
f87/
n105/
n30/
n83
f5:dir:0
Invalid operation
Invalid operation
d190:00 00 00 87
d218:13
d190:12
f106:11
d151:8
d211:8
d250:8
f85:8
d12/
d124
d127
d135/
d151
d168/
d17/
d190
d211
d218
d250
d280/
d69
f106
f140
f15/
f176
f185/
f219/
f226/
f263/
f293/
f5/
f77/
f85
f87/
n105/
n30/
n83
f5:dir:0
/f140
d109
d12/
d124
d127
d135/
d151
d168/
d17/
d190
d211
d218
d220
d250
d280/
d69
f106
f140
f15/
f176
f185/
f219/
f226/
f24/
f263/
f293/
f35/
f5/
f77/
f85
f87/
n105/
n30/
n83
d109
d12/
d124
d127
d135/
d151
d168/
d17/
d190
d211
d218
d220
d221/
d250
d280/
d69
f106
f140
f15/
f176
f185/
f219/
f226/
f24/
f263/
f293/
f35/
f5/
f77/
f85
f87/
n105/
n30/
n83
d109
d12/
d124
d127
d135/
d151
d168/
d17/
d190
d211
d218
d220
d221/
d250
d280/
d69
f106
f140
f15/
f176
f185/
f219/
f226/
f24/
f263/
f293/
f35/
f5/
f77/
f85
f87/
n105/
n30/
n83
Invalid operation
Invalid operation
Invalid operation
Invalid operation
Null
f140:m30s tvzx xx
Null
d190:56
f140:m30s tvzx xxojhc2sty
Invalid operation
f35/
f35/
Invalid operation
Invalid operation
d109
d12/
d124
d127
d135/
d151
d168/
d17/
d190
d211
d218
d220
d221/
d250
d280/
f106
f116
f140
f15/
f176
f185/
f219/
f24/
f246/
f263/
f293/
f35/
f5/
f85
n105/
n30/
n83
n97
d190:00
f140:m30s tvzx xxojhc2styiax1_l245u42jb-_016bnax
Invalid operation
f140:43
d190:15
d220:14
d218:13
f106:11
d263:9
d151:8
d211:8
f5:dir:0
d190:56 00 7A 00 00 00 00 C0
Invalid operation
d190:D8 C8 56 00 7A
d190:9F B4 D8 C8
d109
d12/
d124
d127
d135/
d165
d168/
d17/
d190
d211
d218
d220
d221/
d245
d250
d263
d280/
f106
f116
f140
f143
f15/
f176
f185/
f219/
f24/
f240/
f246/
f256/
f293/
f35/
f4/
f5/
f85
n105/
n30/
n43
n83
n97
f5:dir:0
d109
d12/
d124
d127
d135/
d165
d168/
d17/
d190
d211
d218
d220
d221/
d245
d250
d263
d280/
f106
f116
f140
f143
f15/
f176
f185/
f205/
f219/
f24/
f240/
f246/
f256/
f293/
f35/
f4/
f5/
f85
n105/
n30/
n43
n83
n97
Invalid operation
d109
d12/
d124
d127
d135/
d165
d168/
d17/
d190
d211
d218
d220
d221/
d245
d250
d263
d280/
f106
f116
f140
f143
f15/
f176
f185/
f205/
f219/
f24/
f240/
f246/
f256/
f293/
f35/
f4/
f5/
f85
n105/
n30/
n43
n83
n97
Invalid operation
f5:dir:0
f140:m30s tvzx xxojhc2styiax1_l245u42jb-_016bnax zobsjqpx060umtgm.494f9p9y0xqmt. chcx4yid3ff lnxx
d190:60 00 00 00 00
f5:dir:0
d190:C0 78 30 75 32
f140:m30s tvzx xxojhc2styiax1_l245u42jb-_016bnax zobsjqpx060umtgm.494f9p9y0xqmt. chcx4yid3ff lnxxofr5f 2l4y
f140:m30s tvzx xxojhc2styiax1_l245u42jb-_016bnax zobsjqpx060umtgm.494f9p9y0xqmt. chcx4yid3ff lnxxofr5f 2l4y
Invalid operation
Invalid operation
Null
f140:m30s tvzx xxojhc2styiax1_l245u42jb-_016bnax zobsjqpx060umtgm.494f9p9y0xqmt. chcx4yid3ff lnxxofr5f 2l4ylja m.
d272:dir:0
d272/
d272/
/f240/d139/d0
d190:ED E3
f281:dir:0
d246
d246
f84
d246
f84
d32
f281/
f297
n112
d32
f281/
f297
n112
n112:sqi9ynxlhz47h28whppcixr.64q_u
d285/
f104
f281/
f297
f73/
n112
d285/
f104
f281/
f297
f73/
n112
Invalid operation
n112:29
f297:6
f104:2
f104:0C
Invalid operation
Invalid operation
Invalid operation
n112:42
n3:14
f297:6
f104:5
Invalid operation
Invalid operation
Invalid operation
Invalid operation
f104:65
n112:sqi9ynxlhz47h28whppcixr.64q_usgs5b4n-.t3f-p5
f6/
n112:sqi9ynxlhz47h28whppcixr.64q_usgs5b4n-.t3f-p5
Null
d285/
f104
f275/
f281/
f282/
f297
n112
n3
n60
n112:sqi9ynxlhz47h28whppcixr.64q_usgs5b4n-.t3f-p5
f104:00 00
n112:53
n3:14
f104:6
f297:6
n60:3
d285/
f104
f275/
f281/
f282/
f297
f299/
f44
n112
n3
n60
n96
f104:00
/f240/d139/f275/f40
f40:zf9.nzfu54jcyf6g
/f240/d139/f275/f40
f154/
f40
f46/
f40:16
f42:11
d211
f115
f154/
f40
f42
f46/
n25
Invalid operation
f154:dir:0
n112:sqi9ynxlhz47h28whppcixr.64q_usgs5b4n-.t3f-p5d_2e7h5mwevh
n112:sqi9ynxlhz47h28whppcixr.64q_usgs5b4n-.t3f-p5d_2e7h5mwevh
d211
f115
f154/
f40
f42
f46/
n25
Invalid operation
d285
f22/
f7
d211:00 00 75
d285
f7
Invalid operation
d285:ocygaoq9xtd0d6
d187/
d285
f22/
f7
d187/
d285
f22/
f7
d187/
d285
f22/
f7
n103/
Invalid operation
d211:D6 A9 7D 71
Invalid operation
f7:flnjtk9krhg01qjc
d222:AA
d187/
f22/
f7
f95
n103/
Invalid operation
d142
d187/
d261
d62/
f7
f95
n103/
Invalid operation
d211:25 BC 00 00 5F
d142
d187/
d221/
d261
d273/
d29
d62/
f7
f95
n103/
d211:10 0E 00 00 00 25 BC 00 00 5F D5 D6 A9 7D 71 31 00
f7:flnjtk9krhg01qjcj.bwgwr0.ovjax
/f240/d139/f275/f46/f7
f7:txt:33
f7:46
d264:17
f244:16
d5:2
d261:1
d142:0
d29:0
Invalid operation
/f240/d139/f275/f46/f7
Invalid operation
Invalid operation
Invalid operation
Invalid operation
d139/
d164/
Invalid operation
d109
d12/
d124
d127
d135/
d165
d168/
d17/
d176
d190
d211
d218
d220
d221/
d245
d250
d263
d276
d280/
f106
f116
f140
f143
f15/
f176
f185/
f205/
f219/
f24/
f240/
f246/
f256/
f293/
f35/
f4/
f5/
f85
n105/
n30/
n43
n83
n97
Invalid operation
Invalid operation
Invalid operation
Invalid operation
d109
d12/
d124
d127
d135/
d165
d168/
d17/
d176
d185
d190
d204
d211
d218
d220
d221/
d245
d250
d263
d276
d280/
d70
f106
f116
f140
f143
f146
f15/
f176
f185/
f205/
f219/
f24/
f240/
f246/
f256/
f293/
f35/
f4/
f5/
f85
n105/
n30/
n34/
n43
n83
n97
Invalid operation
d109
d12/
d124
d127
d135/
d165
d168/
d17/
d176
d185
d190
d204
d211
d218
d220
d221/
d245
d250
d263
d275
d276
d280/
d70
f106
f116
f140
f143
f146
f15/
f176
f185/
f205/
f219/
f24/
f240/
f246/
f256/
f293/
f35/
f4/
f5/
f85
n105/
n30/
n34/
n43
n83
n97
Invalid operation
d109
d12/
d124
d127
d135/
d165
d168/
d17/
d176
d185
d190
d204
d211
d218
d220
d221/
d245
d250
d263
d275
d276
d280/
d70
f106
f116
f140
f143
f146
f15/
f176
f185/
f205/
f219/
f24/
f240/
f246/
f256/
f293/
f35/
f4/
f5/
f85
n105/
n30/
n34/
n43
n83
n97
/f140
Invalid operation
f5:dir:0
Invalid operation
Invalid operation
d190:E5 F9 A7 BE ED E3 16 01 60 00 13 00 00 C0 78 30 75 32 00 00
Invalid operation
d166:dir:0
d166:dir:0
f26/
f238
f26/
Invalid operation
d190:BE ED E3
f238:0mxc8x13wqs-9z
f26:dir:0
d265/
f238
f26/
n13
Invalid operation
d265/
f173/
f238
f26/
n13
d265/
f173/
f238
f26/
n13
d265/
f173/
f238
f26/
n13
n13:00
d265/
f109/
f173/
f207
f238
f26/
n13
d265/
f109/
f173/
f207
f238
f26/
n13
n13:00
f230/
f188
f230/
n89/
f188:drkzh0un7ia41uvvxzm 5iyhf7oki
Invalid operation
d18
d61/
f151
d122/
d155
d177
d18
d61/
f151
f18:txt:7
Invalid operation
Invalid operation
Invalid operation
Invalid operation
Null
Invalid operation
Invalid operation
d107
d156
d30
f85
/f5/d166/f109/d122/d30
d107
d156
d28/
d30
d64/
f145
Invalid operation
Invalid operation
d107
d115
d156
d168
d28/
d30
d64/
f145
d140
Invalid operation
Invalid operation
Invalid operation
/f5/d166/f109/d122/d64/n8
Invalid operation
Invalid operation
Invalid operation
Invalid operation
Invalid operation
Invalid operation
Invalid operation
d122/
d155
d177
d18
d266/
d83/
f151
n116
Invalid operation
Invalid operation
d122/
d155
d177
d18
d83/
f151
Invalid operation
Invalid operation
d122/
d155
d177
d18
d83/
f151
d122/
d155
d177
d18
d83/
f151
f5:dir:0
f169:1p
d104/
d202
d22
f169
Invalid operation
f169:1p8s66h3ekas9
Invalid operation
Invalid operation
Invalid operation
d91/
Invalid operation
d91/
Invalid operation
/d221/f169
Invalid operation
d22:
d22:
Invalid operation
Invalid operation
/f140
f140:m30s tvzx xxojhc2styiax1_l245u42jb-_016bnax zobsjqpx060umtgm.494f9p9y0xqmt. chcx4yid3ff lnxxofr5f 2l4ylja m.xg1ilgt
Invalid operation
f140:m30s tvzx xxojhc2styiax1_l245u42jb-_016bnax zobsjqpx060umtgm.494f9p9y0xqmt. chcx4yid3ff lnxxofr5f 2l4ylja m.xg1ilgtxr.p_b2d3g482_
f140:129
d190:31
d220:14
d218:13
d204:12
f106:11
d263:9
d211:8
Invalid operation
Invalid operation
d190:00 C0 78 30 75 32 00 00 00 00 73 EC 3C 99 00 00 00
f5:dir:0
d190:00 F4 9B 01 C0 78 30 75 32 00
Invalid operation
Invalid operation
d136:ro1-2keaiqd27
Invalid operation
d109
d12/
d127
d135/
d149
d165
d168/
d17/
d176
d185
d190
d204
d21/
d211
d218
d220
d221/
d245
d250
d263
d275
d276
d280/
d70
d78/
d9
f106
f116
f140
f143
f146
f15/
f161/
f17
f176
f185/
f205/
f219/
f24/
f240/
f246/
f256/
f293/
f35/
f5/
f80/
f85
n105/
n30/
n34/
n43
n83
n97
Invalid operation
d109
d12/
d127
d135/
d149
d165
d168/
d17/
d176
d185
d190
d204
d21/
d211
d218
d220
d221/
d245
d250
d263
d275
d276
d280/
d70
d78/
d9
f106
f116
f140
f143
f146
f15/
f161/
f17
f176
f185/
f205/
f219/
f24/
f240/
f246/
f256/
f293/
f35/
f5/
f54
f80/
f85
n105/
n30/
n34/
n43
n83
n97
/f140
d190:00 00 00 73 EC 3C 99
Null
Invalid operation
f140:m30s tvzx xxojhc2styiax1_l245u42jb-_016bnax zobsjqpx060umtgm.494f9p9y0xqmt. chcx4yid3ff lnxxofr5f 2l4ylja m.xg1ilgtxr.p_b2d3g482_s93 . rpwgyy5oc0zefszacx
d109
d12/
d127
d135/
d149
d165
d168/
d17/
d176
d185
d190
d204
d21/
d211
d218
d220
d221/
d245
d250
d263
d275
d276
d280/
d70
d78/
d9
f106
f116
f140
f141
f143
f146
f15/
f161/
f17
f176
f185/
f205/
f219/
f24/
f240/
f246/
f256/
f293/
f35/
f5/
f54
f80/
f85
n105/
n30/
n34/
n43
n83
n97
d109
d116/
d12/
d127
d135/
d149
d165
d168/
d17/
d176
d185
d190
d204
d21/
d211
d218
d220
d221/
d245
d250
d263
d275
d276
d280/
d70
d78/
d9
f106
f116
f140
f141
f143
f146
f15/
f161/
f17
f176
f185/
f205/
f219/
f24/
f240/
f246/
f256/
f293/
f35/
f5/
f54
f80/
f85
n105/
n30/
n34/
n43
n83
n97
Invalid operation
Invalid operation
Invalid operation
d190:99 00 00 25 00 00 00
Invalid operation
Invalid operation
/f219/n97
/n97
n97:66 BD E6 4B 35 D5 8B 25 B0 EB 8B F9 2A
d198
d34
d5
d56
d97
f107
f108
f162
f172
f32
f83
n108/
n2/
n28
n3
n68/
n9/
n97
d198
d34
d5
d56
d97
f107
f108
f162
f172
f32
f83
n108/
n2/
n28
n3
n68/
n9/
n97
d109
d116/
d12/
d127
d135/
d149
d165
d168/
d17/
d176
d185
d190
d204
d21/
d211
d218
d220
d221/
d245
d250
d263
d275
d276
d280/
d70
d78/
d9
f106
f116
f140
f141
f143
f146
f161/
f17
f176
f185/
f205/
f219/
f24/
f240/
f246/
f256/
f293/
f35/
f5/
f54
f7
f80/
f85
n105/
n117
n30/
n34/
n43
n83
n86
n97
f5:dir:0
Invalid operation
f140:155
d190:35
d109
d116/
d12/
d127
d135/
d149
d165
d168/
d17/
d176
d185
d190
d204
d21/
d211
d218
d220
d221/
d245
d250
d263
d275
d276
d280/
d70
d78/
d9
f116
f140
f141
f143
f146
f161/
f17
f176
f185/
f205/
f219/
f231
f24/
f240/
f246/
f256/
f293/
f35/
f5/
f54
f7
f80/
f85
n105/
n117
n30/
n34/
n43
n83
n86
n97
Invalid operation
/f140
d109
d116/
d12/
d127
d135/
d149
d165
d168/
d17/
d176
d185
d190
d204
d21/
d211
d218
d220
d221/
d245
d250
d263
d275
d276
d280/
d70
d78/
d9
f116
f140
f141
f143
f146
f17
f176
f185/
f205/
f219/
f231
f24/
f240/
f246/
f256/
f293/
f35/
f5/
f54
f7
f80/
f85
n101/
n105/
n117
n30/
n34/
n43
n64/
n83
n86
n97
f5:dir:0
Invalid operation
Invalid operation
d109
d116/
d12/
d127
d135/
d149
d165
d168/
d17/
d176
d185
d190
d204
d21/
d211
d218
d220
d221/
d245
d250
d263
d275
d276
d277
d280/
d70
d78/
d9
f116
f140
f141
f143
f146
f17
f172
f176
f185/
f205/
f219/
f231
f24/
f240/
f246/
f256/
f35/
f5/
f54
f7
f80/
f85
n105/
n117
n30/
n34/
n43
n64/
n83
n86
n97
/f140
d109
d116/
d12/
d127
d135/
d149
d165
d168/
d17/
d176
d185
d190
d204
d21/
d211
d218
d220
d221/
d245
d250
d263
d275
d276
d277
d280/
d70
d78/
d9
f116
f140
f141
f143
f146
f17
f172
f176
f185/
f205/
f219/
f231
f24/
f240/
f246/
f256/
f293/
f35/
f5/
f54
f7
f80/
f85
n105/
n117
n30/
n34/
n43
n64/
n83
n86
n97
Invalid operation
Invalid operation
d109
d116/
d12/
d127
d135/
d149
d165
d168/
d17/
d176
d185
d190
d204
d21/
d211
d218
d220
d221/
d245
d250
d263
d275
d276
d277
d280/
d70
d78/
d9
f116
f140
f141
f143
f146
f17
f172
f176
f185/
f205/
f219/
f231
f24/
f240/
f246/
f256/
f293/
f35/
f5/
f54
f7
f80/
f85
n105/
n117
n30/
n34/
n43
n64/
n83
n86
n97
f5:dir:0
f140:155
d190:38
f172:17
f5:dir:0
f140:155
d190:38
f172:17
Invalid operation
f140:m30s tvzx xxojhc2styiax1_l245u42jb-_016bnax zobsjqpx060umtgm.494f9p9y0xqmt. chcx4yid3ff lnxxofr5f 2l4ylja m.xg1ilgtxr.p_b2d3g482_s93 . rpwgyy5oc0zefszacxh2
f140:155
d190:38
f172:17
f140:155
d190:38
f172:17
f5:dir:0
f140:155
d190:38
f172:17
f140:m30s tvzx xxojhc2styiax1_l245u42jb-_016bnax zobsjqpx060umtgm.494f9p9y0xqmt. chcx4yid3ff lnxxofr5f 2l4ylja m.xg1ilgtxr.p_b2d3g482_s93 . rpwgyy5oc0zefszacxh2
/f205/f185
f140:155
d190:38
f172:17
f140:155
d190:38
f172:17
f140:155
d190:40
f172:17
f5:dir:0
f227:oiralocyg
Invalid operation
f140:155
d190:40
f172:17
f5:dir:0
Invalid operation
d109
d116/
d12/
d127
d135/
d149
d165
d168/
d17/
d176
d185
d190
d204
d21/
d211
d218
d220
d221/
d245
d250
d263
d275
d276
d277
d280/
d70
d78/
d9
f116
f140
f141
f143
f146
f17
f172
f176
f185/
f205/
f219/
f24/
f240/
f246/
f256/
f293/
f35/
f5/
f54
f7
f71/
f80/
f85
n105/
n117
n30/
n34/
n43
n64/
n83
n86
n97
f140:156
d190:38
f172:17
f140:156
d190:38
f172:17
d190:00 00
d109
d116/
d12/
d127
d135/
d149
d165
d168/
d17/
d176
d185
d190
d204
d21/
d211
d218
d220
d221/
d245
d250
d263
d275
d276
d277
d280/
d70
d78/
d9
f116
f140
f141
f143
f146
f17
f172
f176
f185/
f205/
f219/
f24/
f240/
f246/
f256/
f293/
f35/
f5/
f54
f7
f71/
f80/
f85
n105/
n117
n30/
n34/
n43
n64/
n83
n86
n97
f140:156
d190:36
f172:17
f140:156
d190:36
f172:17
Invalid operation
f275
f275:C7
Invalid operation
Invalid operation
d81:dir:0
/f140
Invalid operation
d81:dir:0
Invalid operation
/f140
f223/
n34
d190:75 36 FE C5 96 1F 5A 44 C1 51 9E 30
d190:02
Null
Invalid operation
f5:dir:0
Invalid operation
Invalid operation
d81:dir:0
Invalid operation
f223:dir:0
n13:8.cil-q0lcls
f223/
n13
n13:8.cil-q0lcls
n13:8.cil-q0lcls-y 4yq5
d122:E1
d122:00 00
d122:10
Invalid operation
d122:F7 2C 00 00 00
d122
d204/
d238/
d81/
d91
f57
Invalid operation
Invalid operation
d122
d204/
d238/
d248
d81/
d91
f13/
f57
Invalid operation
d122
d204/
d238/
d283
d81/
f117/
f13/
f131
f57
n7
Invalid operation
d122
d17/
d204/
d238/
d283
d81/
f117/
f13/
f131
f57
n7
d81:dir:0
d122
d17/
d204/
d238/
d283
d81/
f117/
f13/
f131
f57
n35/
n7
n88/
d122
d17/
d204/
d238/
d283
d81/
f117/
f13/
f131
f57
n7
n88/
f140:186
d190:42
f172:17
Null
Invalid operation
Invalid operation
Invalid operation
Invalid operation
d139/
d164/
d122:00 00
d122
d17/
d198/
d204/
d238/
d283
d81/
f117/
f13/
f131
f254
f57
f66
n7
n88/
Invalid operation
Invalid operation
Invalid operation
f254:17
d122:15
d283:14
n81:11
f57:9
f66:7
n7:4
Invalid operation
Invalid operation
Invalid operation
Invalid operation
Invalid operation
d122
d17/
d198/
d204/
d238/
d276
d283
d62/
d81/
f117/
f131
f139
f254
f57
f66
f97/
n7
n81
Invalid operation
d122:D3 00
d122
d17/
d198/
d204/
d238/
d276
d283
d62/
d81/
f117/
f131
f139
f254
f57
f66
f97/
n61
n7
n81
d122:72 99 8F 4E 8B FE 9C 02
f254:17
d122:14
d283:14
n61:11
n81:11
Invalid operation
Invalid operation
d122
d161
d17/
d180
d198/
d203/
d204/
d238/
d276
d283
d62/
d81/
f117/
f131
f139
f189
f254
f57
f97/
n61
n7
n81
d122:4E 8B FE 9C 02 D3 00 00 6F 75
d106/
Invalid operation
d122
d161
d17/
d180
d198/
d203/
d204/
d238/
d276
d283
d59/
d62/
d81/
f117/
f131
f139
f189
f254
f57
f97/
n61
n7
n81
Invalid operation
d190:00
Invalid operation
f140:186
d190:42
f172:17
d109
d116/
d12/
d127
d135/
d149
d165
d168/
d17/
d176
d185
d190
d204
d21/
d211
d218
d220
d221/
d245
d250
d263
d275
d276
d277
d280/
d283
d70
d78/
d9
f116
f140
f141
f143
f146
f17
f185/
f205/
f219/
f24/
f240/
f246/
f256/
f293/
f35/
f5/
f54
f7
f71/
f80/
f85
n105/
n117
n30/
n34/
n43
n64/
n83
n86
n97
f140:m30s tvzx xxojhc2styiax1_l245u42jb-_016bnax zobsjqpx060umtgm.494f9p9y0xqmt. chcx4yid3ff lnxxofr5f 2l4ylja m.xg1ilgtxr.p_b2d3g482_s93 . rpwgyy5oc0zefszacxh2xfnmxv08lh3azpfgy098 hxqgq --x3
d190:00 73 EC 3C E7 A4 1C C6 7B 5B A4 8C C4 96 9F D1 CE DE 56 00
f140:186
d190:42
d220:14
f140:186
d190:42
d220:14
d218:13
d277:13
f140:186
d190:42
d220:14
Invalid operation
d190:96 1F 5A 44 C1 51 9E 30 75 32 00 00 00 00 73 EC 3C E7 A4 1C C6 7B 5B A4 8C C4
d190:5B A4 8C C4 96 9F D1 CE
f140:199
d190:42
d220:14
f140:199
d190:42
d220:14
d190:96 1F 5A 44 C1 51 9E 30 75 32 00 00 00 00 73 EC 3C E7 A4 1C C6 7B 5B A4 8C C4 96 9F D1 CE DE 56
f140:216
d190:42
d220:14
f140:216
d190:53
d220:14
f140:216
d190:53
d220:14
f140:216
d190:53
d220:14
f140:216
d190:53
d220:14
f140:216
d190:53
d220:14
f140:216
d190:43
d220:14
d109
d116/
d12/
d127
d135/
d149
d165
d168/
d17/
d176
d185
d190
d204
d21/
d211
d218
d220
d221/
d245
d250
d263
d275
d276
d277
d280/
d283
d70
d78/
d9
f116
f140
f141
f143
f146
f17
f185/
f205/
f219/
f24/
f240/
f246/
f256/
f293/
f35/
f45/
f5/
f54
f7
f71/
f80/
f85
n105/
n117
n30/
n34/
n43
n64/
n83
n86
n97
f140:216
d190:43
d220:14
d109
d116/
d12/
d127
d135/
d149
d165
d168/
d17/
d176
d185
d190
d204
d21/
d211
d218
d220
d221/
d245
d250
d263
d275
d276
d277
d280/
d283
d70
d78/
d9
f116
f140
f141
f143
f146
f17
f185/
f205/
f219/
f24/
f240/
f246/
f256/
f293/
f35/
f45/
f5/
f54
f7
f71/
f80/
f85
n105/
n117
n30/
n34/
n43
n64/
n83
n86
n97
f5:dir:0
Invalid operation
Null
d109
d116/
d12/
d127
d135/
d149
d165
d168/
d17/
d176
d185
d190
d204
d21/
d211
d218
d220
d221/
d245
d250
d263
d275
d276
d277
d280/
d283
d70
d78/
d9
f116
f140
f141
f143
f146
f17
f185/
f205/
f219/
f24/
f240/
f246/
f256/
f293/
f35/
f45/
f5/
f54
f7
f71/
f80/
f85
n105/
n117
n30/
n34/
n43
n64/
n83
n86
n97
f140:217
d190:43
d220:14
/f143
d190:8C C4 96 9F
/f140
Invalid operation
/f140
f140:m30s tvzx xxojhc2styiax1_l245u42jb-_016bnax zobsjqpx060umtgm.494f9p9y0xqmt. chcx4yid3ff lnxxofr5f 2l4ylja m.xg1ilgtxr.p_b2d3g482_s93 . rpwgyy5oc0zefszacxh2xfnmxv08lh3azpfgy098 hxqgq --x3fli.qb6zoj38xb5i0o.7n3j5yrdyzkx
d147
d256
d190:1C C6
d190:17 D7 61 1E EC 3C E7 A4 1C C6 7B 5B A4 8C C4 96 9F
Invalid operation
f140:217
d190:42
d220:14
d218:13
d277:13
Invalid operation
f140:217
d190:42
d220:14
f140:217
d190:42
d220:14
f140:217
d190:42
d220:14
d109
d116/
d12/
d127
d135/
d149
d165
d168/
d17/
d176
d185
d190
d204
d21/
d211
d218
d220
d221/
d245
d250
d263
d275
d276
d277
d280/
d283
d70
d78/
d9
f116
f140
f141
f143
f146
f17
f185/
f205/
f219/
f24/
f240/
f246/
f256/
f293/
f35/
f45/
f5/
f54
f7
f71/
f80/
f85
n105/
n117
n30/
n34/
n43
n64/
n83
n86
n97
d190:36 FE C5 96 1F 5A 44 C1 51 9E 30
Invalid operation
f140:217
d190:43
d220:14
d147:vrw58wob28z6owg
f156:15
n85:10
d100:2
f140:217
d190:43
d220:14
f140:217
d190:43
d220:14
/f140
f140:m30s tvzx xxojhc2styiax1_l245u42jb-_016bnax zobsjqpx060umtgm.494f9p9y0xqmt. chcx4yid3ff lnxxofr5f 2l4ylja m.xg1ilgtxr.p_b2d3g482_s93 . rpwgyy5oc0zefszacxh2xfnmxv08lh3azpfgy098 hxqgq --x3fli.qb6zoj38xb5i0o.7n3j5yrdyzkx
f189
f189:11
f140:226
d190:42
d220:14
d218:13
f5:dir:0
d109
d116/
d12/
d127
d135/
d149
d165
d168/
d17/
d176
d185
d190
d204
d21/
d211
d218
d220
d221/
d245
d250
d263
d275
d276
d277
d280/
d283
d54
d70
d78/
d9
f116
f140
f141
f143
f146
f17
f185/
f205/
f219/
f24/
f240/
f246/
f256/
f293/
f35/
f45/
f5/
f54
f71/
f80/
f85
n105/
n117
n30/
n34/
n43
n64/
n83
n86
n97
f140:226
d190:45
d220:14
d109
d116/
d12/
d127
d135/
d149
d165
d168/
d17/
d176
d185
d190
d204
d21/
d211
d218
d220
d221/
d245
d250
d263
d275
d276
d277
d280/
d283
d54
d70
d78/
d9
f116
f140
f141
f143
f146
f17
f185/
f205/
f219/
f24/
f240/
f246/
f256/
f293/
f35/
f45/
f5/
f54
f71/
f80/
f85
n105/
n117
n30/
n34/
n43
n64/
n83
n86
n97
f140:226
d190:45
d220:14
d109
d116/
d12/
d127
d135/
d149
d165
d168/
d17/
d176
d185
d190
d204
d21/
d211
d218
d220
d221/
d245
d250
d263
d275
d276
d277
d280/
d283
d54
d70
d78/
d9
f116
f140
f141
f143
f146
f17
f185/
f205/
f219/
f24/
f240/
f246/
f256/
f293/
f35/
f45/
f5/
f54
f71/
f80/
f85
n105/
n117
n30/
n34/
n43
n64/
n83
n86
n97
Invalid operation
f140:226
d190:47
d220:14
d190:C6 01
f140:226
d190:44
d220:14
f140:226
d190:44
d220:14
f140:231
d109
d12/
d127
d135/
d149
d165
d168/
d17/
d176
d185
d190
d204
d21/
d211
d218
d220
d221/
d245
d250
d263
d275
d276
d277
d280/
d283
d54
d70
d78/
d9
f116
f140
f141
f143
f146
f17
f185/
f205/
f219/
f24/
f240/
f246/
f256/
f288
f293/
f35/
f45/
f5/
f54
f71/
f80/
f85
n105/
n117
n30/
n34/
n43
n64/
n83
n86
n97
Invalid operation
Invalid operation
f140:238
d190:43
d220:14
d190:75 36 FE C5 96 B4 CE 68 8D 8C 9E 30 81 42 DC 77 80 61 1E EC 3C 71 6C E3 C6 7B 5B A4 8C C4 96 9F D1 CE DE AD B5 22 C6
f140:m30s tvzx xxojhc2styiax1_l245u42jb-_016bnax zobsjqpx060umtgm.494f9p9y0xqmt. chcx4yid3ff lnxxofr5f 2l4ylja m.xg1ilgtxr.p_b2d3g482_s93 . rpwgyy5oc0zefszacxh2xfnmxv08lh3azpfgy098 hxqgq --x3fli.qb6zoj38xb5i0o.7n3j5yrdyzkxmd1j4y1txxhd058gssjut
/f140
Invalid operation
Invalid operation
Invalid operation
Invalid operation
f213:5qmr4id-k-
Invalid operation
/f246/f213
d190:71 6C E3
Invalid operation
d109
d12/
d127
d135/
d149
d165
d168/
d17/
d176
d185
d190
d204
d21/
d211
d218
d220
d221/
d245
d250
d263
d275
d276
d277
d280/
d283
d54
d70
d78/
d9
f116
f140
f141
f143
f146
f17
f185/
f205/
f219/
f24/
f240/
f246/
f256/
f288
f293/
f35/
f45/
f5/
f54
f71/
f80/
f85
n105/
n117
n30/
n34/
n43
n64/
n83
n86
n97
Null
d109
d12/
d127
d135/
d149
d165
d168/
d17/
d176
d185
d190
d204
d21/
d211
d218
d220
d221/
d245
d250
d263
d275
d276
d277
d280/
d283
d54
d70
d78/
d9
f116
f140
f141
f143
f146
f17
f185/
f205/
f219/
f24/
f240/
f246/
f256/
f288
f293/
f35/
f45/
f5/
f54
f71/
f80/
f85
n105/
n117
n30/
n34/
n43
n64/
n83
n86
n97
Invalid operation
d109
d12/
d127
d135/
d149
d165
d168/
d17/
d176
d185
d190
d204
d21/
d211
d218
d220
d221/
d245
d250
d263
d275
d276
d277
d280/
d283
d54
d70
d78/
d9
f116
f140
f141
f143
f146
f17
f185/
f205/
f219/
f24/
f240/
f246/
f256/
f288
f293/
f35/
f45/
f5/
f54
f71/
f80/
f85
n105/
n117
n30/
n34/
n43
n64/
n83
n86
n97
f140:238
d190:37
d220:14
Invalid operation
f5:dir:0
f213:5qmr4id-k-kwvgraefmkby1w6
f213:5qmr4id-k-kwvgraefmkby1w6
Null
f194:70
d194:dir:0
d133
f64
d133:0C C0 DF 00 41 11 F6 E1 D7 25 5E AA 00 00
Invalid operation
d190:77 80 61 1E EC 3C 71 6C E3 C6 7B 5B A4 FB CB 7E DD
f140:238
d190:36
d220:14
f140:m30s tvzx xxojhc2styiax1_l245u42jb-_016bnax zobsjqpx060umtgm.494f9p9y0xqmt. chcx4yid3ff lnxxofr5f 2l4ylja m.xg1ilgtxr.p_b2d3g482_s93 . rpwgyy5oc0zefszacxh2xfnmxv08lh3azpfgy098 hxqgq --x3fli.qb6zoj38xb5i0o.7n3j5yrdyzkxmd1j4y1txxhd058gssjut
f140:238
d190:36
d220:14
Invalid operation
f140:238
d190:38
d220:14
d136
d166/
d178/
f131/
f224/
n13/
n9/
f140:255
d190:38
d220:14
Invalid operation
f140:m30s tvzx xxojhc2styiax1_l245u42jb-_016bnax zobsjqpx060umtgm.494f9p9y0xqmt. chcx4yid3ff lnxxofr5f 2l4ylja m.xg1ilgtxr.p_b2d3g482_s93 . rpwgyy5oc0zefszacxh2xfnmxv08lh3azpfgy098 hxqgq --x3fli.qb6zoj38xb5i0o.7n3j5yrdyzkxmd1j4y1txxhd058gssjutv-urt4vl912beg8wa
d109
d12/
d127
d135/
d149
d165
d168/
d17/
d176
d185
d190
d204
d21/
d211
d218
d220
d221/
d245
d250
d263
d275
d276
d277
d280/
d283
d54
d70
d78/
d9
f116
f140
f141
f143
f146
f17
f185/
f205/
f219/
f24/
f240/
f246/
f256/
f288
f293/
f35/
f45/
f5/
f54
f71/
f80/
f85
n105/
n117
n30/
n34/
n43
n64/
n83
n86
n97
Null
d120
f236/
Invalid operation
Invalid operation
d120:y4x
d120:y4x
d190:FB CB 7E
d120:y4
d120
f236/
f274/
Invalid operation
d137/
f143
f140:256
d190:38
d220:14
d109
d12/
d127
d135/
d149
d165
d168/
d17/
d176
d185
d190
d204
d21/
d211
d218
d220
d221/
d245
d250
d263
d275
d276
d277
d280/
d283
d54
d70
d78/
d9
f116
f140
f141
f143
f146
f17
f185/
f205/
f219/
f24/
f240/
f246/
f256/
f288
f293/
f35/
f45/
f5/
f54
f71/
f80/
f85
n105/
n117
n30/
n34/
n43
n64/
n83
n86
n97
d120:y4j35tk8da-e4mh eehbh53mu ga0s
Invalid operation
d120
d159
d26
f127
f236/
d120:y4j35tk8da-e4mh eehbh53mu ga0s19n21 lgs ay
Invalid operation
Invalid operation
d12/
d120
d159
d26
d52/
f127
f13
f236/
f65/
n52
d27:8
f46:
d12/
d120
d26
d52/
f127
f13
f236/
f65/
n52
f236:dir:0
d26:00 37 D6 78 2D 1F F0 40 E9 00 E2
Invalid operation
f10
f110
f110:txt:21
f140:256
d190:37
d220:14
f5:dir:0
d265
f10
f110
d105
d265
d289
f10
f170
f268/
/d135/f65/f10
Invalid operation
Invalid operation
Invalid operation
Invalid operation
/d135/f65/f268/f229/d36
f121/
f156
d26:00 00 00
d26:DD B8 30
d26:DD B8 30 5A
f172:txt:14
f172
Invalid operation
/d135/f65/f268/f229/f53/d45
Invalid operation
Invalid operation
Null
Invalid operation
d295
d45
f112/
f121/
d26:2C E0 AF D4 C3 40 E9 00 F1 B7 7D 13 DD B8 30 5A EF 00 00 FD 52 DB B5 20 1D
Invalid operation
Invalid operation
Invalid operation
d36:d7sbbt
Invalid operation
d26:AF D4 C3 40 E9 00
f283:00 00 00
d111
d36
f193
f201/
f281/
f283
f53/
n86
d22/
d22/
f283:E8
d22/
Invalid operation
d22/
f151:dir:0
f151/
f283:E8 00 00
Invalid operation
Invalid operation
Null
d1
n105
Invalid operation
d1
f125/
n105
Invalid operation
n105:14
Invalid operation
d1:
d278
d285/
f171/
d278
d285/
f171/
Invalid operation
d278
d285/
d84
f171/
Null
Invalid operation
d278
d285/
d84
f171/
f35
f64
d278:2D E0 F7 7F 0B
/d135/f65/f268/f229/f281/f151/f125/d278
Invalid operation
d285:dir:0
Invalid operation
d278
d285/
d84
f156/
f171/
f284
f35
d278:00 00 00 00 8C 19 2D
f111/
f242/
f111/
f242/
n105:15
f125/
f209
n105
n39/
Invalid operation
Invalid operation
n105:16
f209:9
Invalid operation
f284:15
d278:14
d84:12
f35:11
f64:6
d287:3
Invalid operation
Invalid operation
Invalid operation
Invalid operation
Invalid operation
d278
d285/
d287
d29/
d84
f171/
f204
f284
f35
f64
d285:dir:0
Invalid operation
Invalid operation
Null
d278
d285/
d287
d84
f171/
f204
f284
f64
Invalid operation
/d135/f65/f268/f229/f281/f151/f125/d278
d278:19
f284:15
d84:12
Invalid operation
Null
Invalid operation
Invalid operation
Invalid operation
Invalid operation
Invalid operation
Invalid operation
/d135/f65/f268/f229/f281/f151/n105
d127
d25
f125/
f209
n105
n39/
Invalid operation
f283:58 0E
Invalid operation
d127
d25
f125/
f209
f88/
n105
n39/
n70
n105:E5 9C 60 9B C9 50 66 EC E4
d127
d25
f125/
f209
f88/
n105
n39/
n70
Invalid operation
Invalid operation
Invalid operation
Null
n105:20
d127:11
d25:6
n105:20
f283:00 58 0E C5 08 CC
f283:08 CC F2
f283:58 0E C5 08
Invalid operation
Invalid operation
d122
d217
d222/
d243
f151/
f243
d121/
d122
d222/
d243
f151/
f243
f54/
f80/
f283:00 58
Invalid operation
d111
d36
f193
f201/
f281/
f283
f53/
n86
Invalid operation
d145
f229/
f242
Invalid operation
d145
f229/
f242
Invalid operation
f229/
f242
f242:32
Invalid operation
f229/
f242
d26:52 71 E6
Invalid operation
d105
d111
d138
d17/
d36
f193
f201/
f281/
f283
f53/
n118
n86
d36:d7sbbt 0ezux3yw5f7ceins2u8rw d vqt5unewadvy3ig1r.ep-x.kj
f283:3C 8B 4F 61
Null
Invalid operation
d105
d111
d138
d164
d36
f140/
f193
f201/
f281/
f283
f53/
n118
n86
d105
d111
d138
d164
d36
f140/
f193
f201/
f281/
f283
f291/
f53/
n118
n53
n86
f242:49
d26:00 00 00 01 B7
f242:n-my_qu3jou6zmx166eqhx2.g1a8k bgfiiw4xak3_.jva6.q
Invalid operation
Invalid operation
Invalid operation
Invalid operation
d120
f106/
f229/
f242
d105
d111
d138
d164
d242
d36
d78/
d96/
f140/
f189
f193
f201/
f281/
f283
f291/
f53/
n118
n53
n86
d105
d111
d138
d164
d242
d36
d78/
d96/
f140/
f189
f193
f201/
f281/
f283
f291/
f53/
n118
n53
n86
d36:txt:58
d105
d111
d138
d164
d242
d36
d78/
d96/
f140/
f189
f193
f201/
f281/
f283
f291/
f53/
n118
n53
n86
Invalid operation
d120
f106/
f229/
f242
n91
Invalid operation
d120
f106/
f229/
f242
n91
f10:txt:1
d105
d12/
d289
f10
f170
f176
f268/
f270/
d105
d12/
d289
f10
f170
f176
f268/
f270/
f10:x
Invalid operation
Invalid operation
f10:txt:2
d105
d12/
d180
d289
f10
f170
f176
f268/
f270/
f295
f30/
Invalid operation
d105
d12/
d180
f10
f170
f176
f268/
f295
f30/
f10:xxx
Invalid operation
Invalid operation
Null
d26:B1 AD E9 B5 FD E5 7D 13 DD B8 30 DF 0E FC 86 F5 D5 67 C1 AB 67 F4 F5 A6 BF 25 24 98 2D 05 66 6B
d120:y4j35tk8da-e4mh eehbh53mu ga0s19n21 lgs ayxx
d194/
f144/
f194
f213
f283
n18/
n77/
f213:54
f194:12
f283:0
f213:5qmr4id-k-kwvgraefmkby1w67kthofu3a6e47 sj65cf.9qshuhefn9 r7qo-r
d133:bin:21
f194:A9 9E 3C D7
f194:9E
Invalid operation
Invalid operation
f194:44
/f246/f213
/f246/f213
Null
f12/
Invalid operation
f213:5qmr4id-k-kwvgraefmkby1w67kthofu3a6e47 sj65cf.9qshuhefn9 r7qo-r
Null
Null
Invalid operation
d209:txt:0
d114/
d175/
d214
d280/
f144/
f194
f213
f283
n77/
f194:60
f194:80 60 F1 00 00
f194:56 8B 32 EC
f194:EC 70 CD 80 60 F1 00 00 00 00 DD 2A A6 9F
d179/
/f246/f213
Invalid operation
d179/
f103/
f213:5qmr4id-k-kwvgraefmkby1w67kthofu3a6e47 sj65cf.9qshuhefn9 r7qo-rr3a804x5p5-eb5tc.z6f0hwhn-sdmuto
Invalid operation
f194:32 EC 70 CD 80 60
Invalid operation
d114/
d175/
d214
d280/
f144/
f194
f213
f246
f283
n77/
Invalid operation
/f246/d280/d7
Invalid operation
d162/
f130/
f230
n16/
n72
/f246/n77/f230
Invalid operation
Invalid operation
/f246/n77/f230
d159/
d162/
d74
f230
n16/
n72
Invalid operation
f230:00
Invalid operation
Invalid operation
f194:8B 32
d159/
d162/
d179
d18
d257
d74
f230
n16/
n72
d159/
d162/
d179
d18
d257
d74
f230
n16/
n72
f230:1C
n16:dir:0
Invalid operation
Invalid operation
Invalid operation
Invalid operation
d159/
d162/
d179
d18
d257
d74
f230
n16/
n72
d159/
d162/
d179
d18
d257
d36/
d74
f183/
f230
f56
f63
n16/
n72
d109
d12/
d127
d135/
d149
d165
d168/
d17/
d176
d185
d190
d204
d21/
d211
d218
d220
d221/
d245
d250
d263
d275
d276
d277
d280/
d283
d54
d70
d78/
d9
f116
f140
f141
f143
f146
f17
f185/
f205/
f219/
f24/
f240/
f246/
f256/
f288
f293/
f35/
f45/
f5/
f54
f71/
f80/
f85
n105/
n117
n30/
n34/
n43
n64/
n83
n86
n97
d109
d12/
d127
d135/
d149
d165
d168/
d17/
d176
d185
d190
d204
d21/
d211
d218
d220
d221/
d245
d250
d263
d275
d276
d277
d280/
d283
d54
d70
d78/
d9
f116
f140
f141
f143
f146
f17
f185/
f205/
f219/
f24/
f240/
f246/
f256/
f288
f293/
f35/
f45/
f5/
f54
f71/
f80/
f85
n105/
n117
n30/
n34/
n43
n64/
n83
n86
n97
f140:264
d190:37
d220:14
f140:m30s tvzx xxojhc2styiax1_l245u42jb-_016bnax zobsjqpx060umtgm.494f9p9y0xqmt. chcx4yid3ff lnxxofr5f 2l4ylja m.xg1ilgtxr.p_b2d3g482_s93 . rpwgyy5oc0zefszacxh2xfnmxv08lh3azpfgy098 hxqgq --x3fli.qb6zoj38xb5i0o.7n3j5yrdyzkxmd1j4y1txxhd058gssjutv-urt4vl912beg8waxe9jihcpc
f140:m30s tvzx xxojhc2styiax1_l245u42jb-_016bnax zobsjqpx060umtgm.494f9p9y0xqmt. chcx4yid3ff lnxxofr5f 2l4ylja m.xg1ilgtxr.p_b2d3g482_s93 . rpwgyy5oc0zefszacxh2xfnmxv08lh3azpfgy098 hxqgq --x3fli.qb6zoj38xb5i0o.7n3j5yrdyzkxmd1j4y1txxhd058gssjutv-urt4vl912beg8waxe9jihcpcbx9nc_r.08
f140:274
d190:37
d220:14
f140:m30s tvzx xxojhc2styiax1_l245u42jb-_016bnax zobsjqpx060umtgm.494f9p9y0xqmt. chcx4yid3ff lnxxofr5f 2l4ylja m.xg1ilgtxr.p_b2d3g482_s93 . rpwgyy5oc0zefszacxh2xfnmxv08lh3azpfgy098 hxqgq --x3fli.qb6zoj38xb5i0o.7n3j5yrdyzkxmd1j4y1txxhd058gssjutv-urt4vl912beg8waxe9jihcpcbx9nc_r.08
/f140
f140:m30s tvzx xxojhc2styiax1_l245u42jb-_016bnax zobsjqpx060umtgm.494f9p9y0xqmt. chcx4yid3ff lnxxofr5f 2l4ylja m.xg1ilgtxr.p_b2d3g482_s93 . rpwgyy5oc0zefszacxh2xfnmxv08lh3azpfgy098 hxqgq --x3fli.qb6zoj38xb5i0o.7n3j5yrdyzkxmd1j4y1txxhd058gssjutv-urt4vl912beg8waxe9jihcpcbx9nc_r.08z6hfogsyz2c7w0vkd3vqz
Invalid operation
Invalid operation
d190:E3
Invalid operation
f5:dir:0
/f140
d54
d54:
d54:txt:0
d190:C5 96 DB 9D E4 EE 22 40 30 81 42 DC 77 80 61 1E EC 3C 71 6C E3 C6 7B 5B A4 FB CB
d54
f31/
d190:81 42 DC F1 F1 DF E7 B0 5E 71 6C E3 C6 7B 5B FF FB CB 00 00 00
d190:CB 00 00
d190:B0 5E 71 6C E3 C6 7B 5B FF FB CB 00 00 00
f140:289
d190:37
d220:14
Invalid operation
Invalid operation
f140:304
d190:43
d220:14
f140:304
d190:43
d220:14
f140:304
d190:43
d220:14
d218:13
d277:13
f140:304
d190:43
d220:14
d190:00
d4
f212
Invalid operation
f140:304
d190:43
d220:14
Null
/d12/d199
d199
d234
f128/
f184/
Invalid operation
d199:txt:14
d199
f128/
f184/
n30/
d199:r0d94h-9.o8w7z
Invalid operation
/f140
/f140
f140:304
d190:43
d220:14
f140:m30s tvzx xxojhc2styiax1_l245u42jb-_016bnax zobsjqpx060umtgm.494f9p9y0xqmt. chcx4yid3ff lnxxofr5f 2l4ylja m.xg1ilgtxr.p_b2d3g482_s93 . rpwgyy5oc0zefszacxh2xfnmxv08lh3azpfgy098 hxqgq --x3fli.qb6zoj38xb5i0o.7n3j5yrdyzkxmd1j4y1txxhd058gssjutv-urt4vl912beg8waxe9jihcpcbx9nc_r.08z6hfogsyr-ij1zavjqqwalq3305txh
d109
d12/
d127
d135/
d165
d168/
d17/
d176
d185
d190
d204
d21/
d211
d218
d220
d221/
d245
d250
d263
d275
d276
d277
d280/
d283
d39
d54
d70
d78/
d9
f116
f140
f141
f143
f146
f17
f185/
f205/
f219/
f24/
f240/
f246/
f256/
f288
f293/
f45/
f5/
f54
f71/
f80/
f85
n105/
n117
n30/
n34/
n43
n64/
n83
n86
n95
n97
f140:304
f140:304
d190:43
d220:14
f140:305
d190:43
d220:14
Invalid operation
Invalid operation
f140:305
d190:43
d220:14
Invalid operation
Null
Invalid operation
Invalid operation
f228
f229
n69
d109
d12/
d127
d135/
d165
d168/
d169/
d17/
d176
d185
d190
d204
d21/
d211
d218
d220
d221/
d245
d250
d263
d275
d276
d277
d280/
d283
d39
d54
d70
d78/
d9
f116
f140
f141
f143
f146
f17
f185/
f205/
f219/
f24/
f240/
f246/
f256/
f288
f293/
f45/
f5/
f54
f80/
f85
n105/
n117
n30/
n34/
n43
n64/
n83
n86
n97
Null
d109
d12/
d127
d135/
d165
d168/
d17/
d176
d185
d190
d204
d21/
d211
d218
d220
d221/
d245
d250
d263
d275
d276
d277
d280/
d283
d39
d54
d70
d78/
d9
f0
f116
f140
f141
f143
f146
f17
f185/
f205/
f219/
f24/
f240/
f246/
f256/
f288
f293/
f45/
f5/
f54
f80/
f85
n105/
n117
n30/
n32
n34/
n43
n64/
n83
n86
n97
Invalid operation
d109
d12/
d127
d135/
d165
d168/
d17/
d176
d185
d190
d204
d21/
d211
d218
d220
d221/
d245
d250
d263
d275
d276
d277
d280/
d283
d39
d54
d70
d78/
d9
f116
f140
f141
f143
f146
f17
f185/
f205/
f219/
f24/
f240/
f246/
f256/
f288
f293/
f45/
f5/
f54
f80/
f85
n105/
n117
n30/
n32
n34/
n43
n58/
n64/
n83
n86
n97
f140:314
d190:49
d220:14
f140:314
d190:49
d220:14
Invalid operation
f140:314
d190:49
d220:14
f140:314
d190:49
d220:14
f140:m30s tvzx xxojhc2styiax1_l245u42jb-_016bnax zobsjqpx060umtgm.494f9p9y0xqmt. chcx4yid3ff lnxxofr5f 2l4ylja m.xg1ilgtxr.p_b2d3g482_s93 . rpwgyy5oc0zefszacxh2xfnmxv08lh3azpfgy098 hxqgq --x3fli.qb6zoj38xb5i0o.7n3j5yrdyzkxmd1j4y1txxhd058gssjutv-urt4vl912beg8waxe9jihcpcbx9nc_r.08z6hfogsyr-ij1zavjqqwalq3305txhxxne577you92-t6
f140:m30s tvzx xxojhc2styiax1_l245u42jb-_016bnax zobsjqpx060umtgm.494f9p9y0xqmt. chcx4yid3ff lnxxofr5f 2l4ylja m.xg1ilgtxr.p_b2d3g482_s93 . rpwgyy5oc0zefszacxh2xfnmxv08lh3azpfgy098 hxqgq --x3fli.qb6zoj38xb5i0o.7n3j5yrdyzkxmd1j4y1txxhd058gssjutv-urt4vl912beg8waxe9jihcpcbx9nc_r.08z6hfogsyr-ij1zavjqqwalq3305txhxxne577you92-t6
f43:dir:0
Invalid operation
d190:75 36 FE C5 96 DB 9D E4 EE DC 40 EA 62 10 89 82
d71
f43/
n85
/n58/n85
Invalid operation
d71
f43/
n85
n85:md:22
Null
n85:38
d109
d12/
d127
d135/
d165
d168/
d17/
d176
d185
d190
d204
d21/
d211
d218
d220
d221/
d245
d250
d263
d275
d276
d277
d280/
d283
d39
d54
d70
d78/
d9
f116
f140
f141
f143
f146
f17
f185/
f205/
f219/
f24/
f240/
f246/
f256/
f288
f293/
f45/
f5/
f54
f80/
f85
n105/
n117
n30/
n32
n34/
n43
n58/
n64/
n83
n86
n97
Invalid operation
f5:dir:0
Null
f140:344
d190:46
d220:14
f140:344
d190:46
d220:14
Invalid operation
d190:2B AE FB 75 36 FE C5 96 DB 9D E4 03 39 7D EA 62 10 89 82 C3 C2 68 DE 2A CC F3 13 69 2B 81 24 41 53 A9 86 00 00 00 00 00 B4 E1 8D C7
f5:dir:0
Invalid operation
Null
f140:346
d190:48
d220:14
Invalid operation
Invalid operation
d198
d34
d5
d56
d97
f107
f108
f162
f172
f256
f32
f83
n108/
n28
n3
n68/
n9/
n97
Invalid operation
d198
d34
d5
d56
d97
f107
f108
f162
f172
f256
f32
f83
n108/
n28
n3
n68/
n9/
n97
d198
d34
d5
d97
f107
f162
f172
f256
f32
f46/
f79
f83
n108/
n28
n3
n68/
n77
n9/
n97
Invalid operation
d198
d263
d34
d5
d97
f107
f172
f175/
f212
f256
f32
f46/
f79
f83
n108/
n28
n3
n68/
n77
n9/
n97
Invalid operation
Invalid operation
Invalid operation
/f219/n68/f29
n2:8F 39 11 82 35 76
d100:2vh5
d169:6
Invalid operation
Invalid operation
Invalid operation
Invalid operation
f84:dir:0
f234
Invalid operation
Invalid operation
d169
f238/
f84/
d169
f238/
f84/
Invalid operation
f228:84
Invalid operation
Invalid operation
Invalid operation
Invalid operation
f228:00 00 52 2F
Invalid operation
f177:
f177
f205
f228
f238/
f288/
f84/
n100
d82
f177
f205
f228
f238/
f288/
f84/
n100
f177:
f177:
f177:
Invalid operation
/f219/n68/d97/f177
d82
f177
f228
f232
f238/
f276
f288/
f84/
n100
n103
n75
Invalid operation
f228:12
d82:9
n100:2
f143:0
f232:0
f276:0
n103:0
n75:0
d145
d82
f143
f228
f232
f238/
f276
f288/
f34/
f84/
n100
n103
n75
Invalid operation
f228:2E
d145
d264
d82
f143
f186
f228
f232
f238/
f276
f278/
f288/
f34/
f84/
n100
n103
n11/
n96
n99
f228:00 00 24 78 A7
f228:0F B6
f186:17
d264:16
f228:12
d82:9
d145:5
f228:2E 0F B6
d145
d264
d82
f143
f186
f227
f228
f232
f238/
f276
f278/
f288/
f34/
f84/
n100
n103
n11/
Invalid operation
d145
d264
d82
f143
f186
f228
f232
f238/
f276
f278/
f288/
f34/
f84/
n100
n103
n11/
Invalid operation
Invalid operation
/f219/n68/d97/f228
Invalid operation
Invalid operation
Invalid operation
Invalid operation
Invalid operation
Invalid operation
n2:D2 FD A7
/f219/n97
/n97
d183
d186
d229/
d29
d32
d82
d88/
d97/
f120
f127
f135/
f157
f159/
f264/
f267
f269/
f289/
f29
f291/
f292/
f34
f9/
f97/
n17
n2
n74
n84/
n88
n94
Invalid operation
d183
d186
d229/
d260/
d29
d32
d82
d88/
d97/
f120
f127
f135/
f157
f159/
f264/
f267
f269/
f289/
f29
f291/
f292/
f34
f9/
f97/
n17
n2
n74
n84/
n88
n94
n96
Invalid operation
f264:dir:0
n2:8E
d153/
d183
d186
d229/
d260/
d29
d32
d82
d88/
d97/
f120
f127
f135/
f157
f159/
f161
f21
f252/
f264/
f267
f269/
f289/
f29
f291/
f292/
f34
f9/
f97/
n115
n17
n2
n4
n74
n84/
n94
n96
n2:77 E5
Invalid operation
d153/
d183
d186
d229/
d260/
d29
d32
d82
d88/
d97/
f120
f127
f135/
f157
f159/
f161
f21
f252/
f264/
f267
f269/
f289/
f29
f291/
f292/
f34
f9/
f97/
n115
n17
n2
n4
n74
n84/
n94
n96
f29:ri8ypmmtdb t4v2v 1joew80x8kd_5o.xh2445jmeqkq-3458pi4ridguz__u0q45b-njcaex00xxxa85b_74h3v2jvexplf7xt23xr9r4-uelg1l72v1bq95hsubhfcrqrlln9r4y3qf1626ax
/f219/n68/f29
Invalid operation
/f219/n68/f29
f264:dir:0
d267:42 B9 63 6C
Invalid operation
f31
Invalid operation
d118/
d183
d186
d229/
d260/
d32
d82
d88/
d97/
f109
f120
f127
f135/
f157
f159/
f161
f21
f252/
f264/
f267
f269/
f289/
f29
f291/
f292/
f34
f9/
f97/
n105
n115
n17
n2
n74
n84/
n94
n96
f29:ri8ypmmtdb t4v2v 1joew80x8kd_5o.xh2445jmeqkq-3458pi4ridguz__u0q45b-njcaex00xxxa85b_74h3v2jvexplf7xt23xr9r4-uelg1l72v1bq95hsubhfcrqrlln9r4y3qf1626ax3c vh7ysc2wq2glpm-08e7wpozcfv7h2xx271ghat.bdt2mv
f29:ri8ypmmtdb t4v2v 1joew80x8kd_5o.xh2445jmeqkq-3458pi4ridguz__u0q45b-njcaex00xxxa85b_74h3v2jvexplf7xt23xr9r4-uelg1l72v1bq95hsubhfcrqrlln9r4y3qf1626ax3c vh7ysc2wq2glpm-08e7wpozcfv7h2xx271ghat.bdt2mv
f29:ri8ypmmtdb t4v2v 1joew80x8kd_5o.xh2445jmeqkq-3458pi4ridguz__u0q45b-njcaex00xxxa85b_74h3v2jvexplf7xt23xr9r4-uelg1l72v1bq95hsubhfcrqrlln9r4y3qf1626ax3c vh7ysc2wq2glpm-08e7wpozcfv7h2xx271ghat.bdt2mv
f264:dir:0
Null
Invalid operation
f29:ri8ypmmtdb t4v2v 1joew80x8kd_5o.xh2445jmeqkq-3458pi4ridguz__u0q45b-njcaex00xxxa85b_74h3v2jvexplf7xt23xr9r4-uelg1l72v1bq95hsubhfcrqrlln9r4y3qf1626ax3c vh7ysc2wq2glpm-08e7wpozcfv7h2xx271ghat.bdt2mvucjl
n2:88 00 9B 69 D5 83 EE 9D AC 00 74 B7 2C 18 A0 E8 5A E1
Invalid operation
Invalid operation
f264:dir:0
n97:bin:52
d198
d263
d5
d97
f107
f172
f212
f256
f32
f46/
f79
f83
n108/
n28
n3
n68/
n77
n9/
n97
d198
d263
d5
d97
f107
f15/
f172
f212
f256
f32
f46/
f79
f83
n108/
n28
n3
n68/
n77
n9/
n97
n97:52
d263:9
d97:8
d154/
d198
d238/
d263
d5
d97
f107
f15/
f172
f212
f256
f32
f46/
f79
f83
n108/
n28
n3
n68/
n77
n9/
n97
f157:txt:35
Invalid operation
f157:wisx45hx.exxmfjmho2z4k9o4d0fj_jhwxxx
Invalid operation
Invalid operation
f157:36
d298:10
f47:8
d278:6
Invalid operation
Invalid operation
d1/
d109
d12/
d127
d135/
d165
d168/
d17/
d176
d185
d190
d204
d21/
d211
d218
d220
d221/
d245
d250
d263
d275
d276
d277
d280/
d283
d39
d54
d70
d78/
d9
f116
f140
f141
f143
f146
f17
f185/
f205/
f219/
f24/
f240/
f246/
f256/
f288
f293/
f45/
f5/
f54
f80/
f85
n105/
n117
n30/
n32
n34/
n43
n58/
n64/
n86
n97
f140:346
d190:48
d220:14
Invalid operation
f140:370
d190:48
d220:14
f140:370
f140:370
d190:44
d220:14
d1/
d109
d12/
d127
d135/
d165
d168/
d17/
d176
d185
d190
d204
d205/
d21/
d211
d218
d220
d221/
d245
d250
d263
d275
d276
d277
d280/
d283
d39
d54
d70
d78/
d9
f116
f140
f141
f143
f146
f17
f185/
f205/
f219/
f24/
f240/
f246/
f256/
f288
f293/
f45/
f5/
f54
f80/
f85
n105/
n30/
n32
n34/
n43
n58/
n64/
n86
n97
d1/
d109
d12/
d127
d135/
d165
d168/
d17/
d176
d185
d190
d204
d205/
d21/
d211
d218
d220
d221/
d245
d250
d263
d275
d276
d277
d280/
d283
d39
d54
d70
d78/
d9
f116
f140
f141
f143
f146
f17
f185/
f205/
f219/
f24/
f240/
f246/
f256/
f288
f293/
f45/
f5/
f54
f80/
f85
n105/
n30/
n32
n34/
n43
n58/
n64/
n86
n97
f140:375
d190:45
d220:14
f140:375
d190:45
d220:14
d1/
d109
d12/
d127
d135/
d165
d168/
d17/
d176
d185
d190
d204
d205/
d21/
d211
d218
d220
d221/
d245
d250
d263
d275
d276
d277
d280/
d283
d39
d54
d70
d78/
d9
f116
f140
f141
f143
f17
f185/
f205/
f219/
f24/
f240/
f246/
f256/
f288
f293/
f45/
f5/
f54
f80/
f85
n105/
n30/
n32
n34/
n43
n58/
n64/
n86
n97
d1/
d109
d12/
d127
d135/
d165
d168/
d17/
d176
d185
d190
d204
d205/
d21/
d211
d218
d220
d221/
d245
d250
d263
d275
d276
d277
d280/
d283
d39
d54
d70
d78/
d9
f116
f140
f141
f143
f146
f17
f185/
f205/
f219/
f24/
f240/
f246/
f256/
f288
f293/
f45/
f5/
f54
f80/
f85
n105/
n30/
n32
n34/
n43
n58/
n64/
n86
n97
d1/
d109
d12/
d127
d135/
d165
d168/
d17/
d176
d185
d190
d204
d205/
d21/
d211
d218
d220
d221/
d245
d250
d263
d275
d276
d277
d280/
d283
d39
d54
d70
d78/
d9
f116
f140
f141
f143
f146
f17
f185/
f205/
f219/
f24/
f240/
f246/
f256/
f288
f293/
f45/
f5/
f54
f80/
f85
n105/
n30/
n32
n34/
n43
n58/
n64/
n86
n97
Invalid operation
f140:375
d190:43
d220:14
d218:13
d277:13
/f140
f140:375
d190:43
d220:14
f140:375
d190:42
d220:14
f185:bin:6
Invalid operation
Invalid operation
d118:91 AE
Invalid operation
f140:m30s tvzx xxojhc2styiax1_l245u42jb-_016bnax zobsjqpx060umtgm.494f9p9y0xqmt. chcx4yid3ff lnxxofr5f 2l4ylja m.xg1ilgtxr.p_b2d3g482_s93 . rpwgyy5oc0zefszacxh2xfnmxv08lh3azpfgy098 hxqgq --x3fli.qb6zoj38xb5i0o.7n3j5yrdyzkxmd1j4y1txxhd058gssjutv-urt4vl912beg8waxe9jihcpcbx9nc_r.08z6hfogsyr-ij1zavjqqwalq3305txhxxne577you92-t6t019t_12v_eza_7_3x e_y3n.e-gqun69gsp-s_zkmv0 10g8h83f2nf
d118:3E
f175:7xakzi3msalfj9o1-.2qm3_rrjmj4upuh 
f175:7xakzi3msalfj9o1-.2qm3_rrjmj4upuh 
f140:375
d190:42
d220:14
f140:389
d190:42
d220:14
f140:389
d190:42
d220:14
d190:C5 96 DB 9D E4 03
f140:405
d190:42
d220:14
f140:422
d190:44
d220:14
f140:422
d190:44
d220:14
Invalid operation
d190:FB 75 36 FE C5 96 DB 9D E4 03 39 7D EA 62
Invalid operation
f140:422
d190:44
d220:14
f140:422
d190:46
d220:14
f140:422
d190:46
d220:14
f140:423
d190:46
d220:14
Invalid operation
f140:423
d190:48
d220:14
d1/
d109
d12/
d127
d135/
d165
d168/
d17/
d176
d185
d190
d204
d205/
d21/
d211
d220
d221/
d245
d250
d263
d275
d276
d277
d280/
d283
d37
d39
d54
d70
d78/
d9
f116
f140
f141
f143
f146
f17
f185/
f205/
f219/
f24/
f240/
f246/
f256/
f293/
f45/
f5/
f54
f80/
f85
n105/
n29/
n30/
n32
n34/
n43
n58/
n64/
n86
n97
f140:423
d190:49
d220:14
f140:423
d190:46
d220:14
Invalid operation
f140:423
d190:46
d220:14
f140:m30s tvzx xxojhc2styiax1_l245u42jb-_016bnax zobsjqpx060umtgm.494f9p9y0xqmt. chcx4yid3ff lnxxofr5f 2l4ylja m.xg1ilgtxr.p_b2d3g482_s93 . rpwgyy5oc0zefszacxh2xfnmxv08lh3azpfgy098 hxqgq --x3fli.qb6zoj38xb5i0o.7n3j5yrdyzkxmd1j4y1txxhd058gssjutv-urt4vl912beg8waxe9jihcpcbx9nc_r.08z6hfogsyr-ij1zavjqqwalq3305txhxxne577you92-t6t019t_12v_eza_7_3x e_y3n.e-gqun69gsp-s_zkmv0 10g8h83f2nfdpz1x9x.ztuqhxkcz503iw0zggo-ox1e-yd0j9 07cpwsk6x
f5:dir:0
f140:423
d190:44
d220:14
f140:423
d190:44
d220:14
Invalid operation
Invalid operation
f5:dir:0
Invalid operation
d164:dir:0
d164:dir:0
Invalid operation
d139/
d164/
d139/
d164/
d139/
Invalid operation
d1/
d109
d12/
d127
d135/
d165
d168/
d17/
d176
d185
d190
d204
d205/
d21/
d211
d220
d221/
d245
d250
d263
d275
d276
d277
d280/
d283
d37
d39
d54
d70
d78/
d9
f116
f140
f141
f143
f146
f17
f185/
f205/
f219/
f24/
f240/
f246/
f256/
f293/
f45/
f5/
f54
f80/
f85
n105/
n29/
n30/
n32
n34/
n43
n58/
n64/
n86
n97
f140:453
d190:44
d220:14
f140:464
d190:44
d220:14
d190:BC 95 8B 36 E6 9D E4 03 39 7D EA 62 10 89 82 C3 CC 35 AD 3D 89 30 BE 07 51 DB 97 44 1D D9 85 D2 55
d1/
d109
d12/
d127
d135/
d165
d168/
d17/
d176
d185
d190
d204
d205/
d21/
d211
d220
d221/
d245
d250
d263
d275
d276
d277
d280/
d283
d37
d39
d54
d70
d78/
d9
f116
f140
f141
f143
f146
f17
f185/
f205/
f219/
f24/
f240/
f246/
f256/
f293/
f45/
f5/
f54
f80/
f85
n105/
n29/
n30/
n32
n34/
n43
n58/
n64/
n86
n97
d1/
d109
d12/
d127
d135/
d165
d168/
d17/
d176
d185
d190
d204
d205/
d21/
d211
d220
d221/
d245
d250
d263
d275
d276
d277
d280/
d283
d37
d39
d54
d70
d78/
d9
f116
f140
f141
f143
f146
f17
f185/
f205/
f219/
f24/
f240/
f246/
f256/
f293/
f45/
f5/
f54
f80/
f85
n105/
n29/
n30/
n32
n34/
n43
n58/
n64/
n86
n97
f140:486
d190:50
d220:14
d1/
d109
d12/
d127
d135/
d165
d168/
d17/
d176
d185
d190
d204
d205/
d21/
d211
d220
d221/
d245
d250
d263
d275
d276
d277
d280/
d283
d37
d39
d54
d70
d78/
d9
f116
f140
f141
f143
f146
f17
f185/
f205/
f219/
f24/
f240/
f246/
f256/
f293/
f45/
f5/
f54
f80/
f85
n105/
n29/
n30/
n32
n34/
n43
n58/
n64/
n86
n97
Invalid operation
d1/
d109
d12/
d127
d135/
d165
d168/
d17/
d176
d185
d190
d204
d205/
d21/
d211
d220
d221/
d245
d250
d263
d275
d276
d277
d280/
d283
d37
d39
d54
d70
d78/
d9
f116
f140
f141
f143
f146
f17
f185/
f205/
f219/
f24/
f240/
f246/
f256/
f293/
f45/
f5/
f54
f80/
f85
n105/
n29/
n30/
n32
n34/
n43
n58/
n64/
n86
n97
f140:486
d190:50
d220:14
f175:34
d1/
d109
d12/
d127
d135/
d165
d168/
d17/
d176
d185
d190
d204
d205/
d21/
d211
d220
d221/
d245
d250
d263
d275
d276
d277
d280/
d283
d37
d39
d54
d70
d78/
d9
f116
f140
f141
f143
f146
f17
f185/
f205/
f219/
f24/
f240/
f246/
f256/
f293/
f45/
f5/
f54
f80/
f85
n105/
n29/
n30/
n32
n34/
n43
n58/
n64/
n86
n97
d190:39 7D EA 62 10
d190:BE 07 51 DB 97 44 1D D9 E6 14
d1/
d109
d12/
d127
d135/
d165
d168/
d17/
d176
d185
d190
d204
d205/
d21/
d211
d220
d221/
d245
d250
d263
d275
d276
d277
d280/
d283
d37
d39
d54
d70
d78/
d9
f116
f140
f141
f143
f146
f17
f185/
f205/
f219/
f24/
f240/
f246/
f256/
f293/
f45/
f5/
f54
f80/
n105/
n29/
n30/
n32
n34/
n43
n58/
n64/
n86
n97
Null
d1/
d109
d12/
d127
d135/
d165
d168/
d17/
d176
d185
d190
d204
d205/
d21/
d211
d220
d221/
d245
d250
d263
d275
d276
d277
d280/
d283
d37
d39
d54
d70
d78/
d9
f116
f140
f141
f143
f146
f17
f185/
f205/
f219/
f24/
f240/
f246/
f256/
f293/
f45/
f5/
f54
f80/
n105/
n29/
n30/
n32
n34/
n43
n58/
n64/
n86
n97
Invalid operation
d1/
d109
d12/
d127
d135/
d165
d168/
d17/
d176
d185
d190
d204
d205/
d21/
d211
d220
d221/
d245
d250
d263
d275
d276
d277
d280/
d283
d37
d39
d54
d70
d78/
d9
f116
f140
f141
f143
f146
f17
f185/
f205/
f219/
f24/
f240/
f246/
f256/
f293/
f45/
f5/
f54
f80/
n105/
n29/
n30/
n32
n34/
n43
n58/
n64/
n86
n97
/f140
Invalid operation
Invalid operation
d1/
d109
d12/
d127
d135/
d165
d168/
d17/
d176
d185
d190
d204
d205/
d21/
d211
d220
d221/
d245
d250
d263
d275
d276
d277
d280/
d283
d37
d39
d54
d70
d78/
d9
f116
f140
f141
f143
f146
f17
f185/
f205/
f219/
f24/
f240/
f246/
f256/
f293/
f45/
f5/
f54
f80/
n105/
n29/
n30/
n32
n34/
n43
n58/
n64/
n86
n97
d1/
d109
d12/
d127
d135/
d165
d168/
d17/
d176
d185
d190
d204
d205/
d21/
d211
d220
d221/
d245
d250
d263
d275
d276
d277
d280/
d283
d37
d39
d54
d70
d78/
d9
f116
f140
f141
f143
f146
f17
f185/
f205/
f219/
f24/
f240/
f246/
f256/
f293/
f45/
f5/
f54
f80/
f85
n105/
n29/
n30/
n32
n34/
n43
n58/
n64/
n86
n97
Invalid operation
d1/
d109
d12/
d127
d135/
d165
d168/
d17/
d176
d185
d190
d204
d205/
d21/
d211
d220
d221/
d245
d250
d263
d275
d276
d277
d280/
d283
d37
d39
d54
d70
d78/
d9
f116
f140
f141
f143
f146
f17
f185/
f205/
f219/
f24/
f240/
f246/
f256/
f293/
f45/
f5/
f54
f80/
f85
n105/
n29/
n30/
n34/
n43
n58/
n64/
n86
n97
d190:DB 97 44 1D D9 E6 14 ED 88 79 2A FA D1 00
f140:494
d190:54
d220:14
f140:494
d190:54
d220:14
f233:3B 33 B5 54 6A 85 A2 00 00 00 10 19 06 9C B3 02
Invalid operation
Invalid operation
Null
f251:vok28s52jiuf6gq
/d221/f251
Null
Invalid operation
Invalid operation
/d221/f174
f140:494
d190:54
d220:14
f140:494
d190:54
d220:14
/f140
f140:494
d190:54
d220:14
d190:1D D9 E6 14 ED 88 79 2A FA D1 00 00 00
d1/
d109
d12/
d127
d135/
d165
d168/
d17/
d176
d185
d190
d204
d205/
d21/
d211
d220
d221/
d245
d250
d263
d275
d276
d277
d280/
d283
d37
d39
d54
d70
d78/
d9
f116
f140
f141
f143
f146
f17
f180
f185/
f205/
f219/
f24/
f240/
f246/
f256/
f293/
f45/
f5/
f54
f80/
f85
n105/
n29/
n30/
n34/
n43
n58/
n64/
n86
n97
Invalid operation
f140:507
d190:51
d220:14
f140:509
d190:51
d220:14
d1/
d109
d12/
d127
d135/
d165
d168/
d17/
d176
d185
d190
d204
d205/
d21/
d211
d220
d221/
d245
d250
d263
d275
d276
d277
d280/
d283
d37
d39
d54
d70
d78/
d9
f116
f140
f141
f143
f146
f17
f180
f185/
f205/
f219/
f24/
f240/
f246/
f256/
f293/
f45/
f5/
f54
f80/
f85
n105/
n29/
n30/
n34/
n43
n58/
n64/
n86
n97
f140:516
d190:51
d220:14
f140:516
d190:51
d220:14
f140:516
d190:51
d220:14
f140:529
d190:51
d220:14
d1/
d109
d12/
d127
d135/
d165
d168/
d17/
d176
d185
d190
d204
d205/
d21/
d211
d220
d221/
d245
d250
d263
d275
d276
d277
d280/
d283
d37
d39
d54
d70
d78/
d9
f116
f140
f141
f143
f146
f17
f180
f185/
f205/
f219/
f24/
f240/
f246/
f256/
f293/
f45/
f5/
f54
f80/
f85
n105/
n29/
n30/
n34/
n43
n58/
n64/
n86
n97
d1/
d109
d12/
d127
d135/
d165
d168/
d17/
d176
d185
d190
d204
d205/
d21/
d211
d220
d221/
d245
d250
d263
d275
d276
d277
d280/
d283
d37
d39
d54
d70
d78/
d9
f116
f140
f141
f143
f146
f17
f180
f185/
f205/
f219/
f24/
f240/
f246/
f256/
f293/
f45/
f5/
f54
f80/
f85
n105/
n29/
n30/
n34/
n43
n58/
n64/
n86
n97
d1/
d109
d12/
d127
d135/
d165
d168/
d17/
d176
d185
d190
d204
d205/
d21/
d211
d220
d221/
d245
d250
d263
d275
d276
d277
d280/
d283
d37
d39
d54
d70
d78/
d9
f116
f140
f141
f143
f146
f17
f180
f185/
f205/
f219/
f24/
f240/
f246/
f256/
f293/
f45/
f5/
f54
f80/
f85
n105/
n29/
n30/
n34/
n43
n58/
n64/
n86
n97
f140:516
d190:46
d220:14
d1/
d109
d12/
d127
d135/
d165
d168/
d17/
d176
d185
d190
d204
d205/
d21/
d211
d220
d221/
d245
d250
d263
d275
d276
d277
d280/
d283
d37
d39
d54
d70
d78/
d9
f116
f140
f141
f143
f146
f17
f180
f185/
f205/
f219/
f24/
f240/
f246/
f256/
f293/
f45/
f5/
f54
f80/
f85
n105/
n29/
n30/
n34/
n43
n58/
n64/
n86
n97
f140:516
d190:49
d220:14
Invalid operation
Invalid operation
f140:517
d190:49
d220:14
Invalid operation
f140:521
d190:48
d220:14
Invalid operation
f140:521
d190:48
d220:14
d50
f160/
n34
n73
n79/
d50:hxg9hc-tckub
f50/
f50/
f287
n54/
Invalid operation
Invalid operation
f149/
f50/
d50
d8/
f160/
n34
n5
n73
n79/
Invalid operation
d200/
d231/
d77/
d8/
f160/
f164
f184/
f30/
f75/
n34
n5
n73
n79/
Invalid operation
f227
n95/
f227:txt:9
/f140
f140:521
d190:47
d220:14
f140:521
d190:47
d220:14
d190:62 10 89 82 C3 CC 35 AD 3D 89 30
d1/
d109
d12/
d127
d135/
d165
d168/
d17/
d176
d185
d190
d204
d205/
d21/
d211
d220
d221/
d245
d250
d263
d275
d276
d277
d280/
d283
d37
d39
d54
d78/
d9
f116
f140
f141
f143
f146
f17
f180
f185/
f205/
f219/
f236/
f24/
f240/
f246/
f256/
f293/
f45/
f5/
f54
f80/
f85
n105/
n29/
n30/
n34/
n43
n58/
n64/
n86
n97
f5:dir:0
d122
d161
d17/
d180
d198/
d203/
d204/
d238/
d276
d283
d59/
d62/
d81/
f117/
f131
f139
f187/
f189
f254
f28
f57
f97/
n61
n7
n81
/f24/d122
d122:FE 9C 02 D3
d122
d161
d17/
d180
d198/
d203/
d204/
d238/
d276
d283
d59/
d62/
d81/
f117/
f131
f139
f187/
f189
f254
f28
f57
f97/
n61
n7
n81
Invalid operation
Invalid operation
Invalid operation
Invalid operation
d81:dir:0
Invalid operation
d122:8B FE 9C
f254:17
Invalid operation
Invalid operation
Invalid operation
f140:521
d190:47
d220:14
/n86
d1/
d109
d12/
d127
d135/
d165
d168/
d17/
d176
d185
d190
d204
d205/
d21/
d211
d220
d221/
d245
d250
d263
d275
d276
d277
d280/
d283
d37
d39
d54
d78/
d9
f116
f140
f141
f143
f146
f17
f180
f185/
f205/
f219/
f236/
f24/
f240/
f246/
f256/
f293/
f45/
f5/
f54
f80/
f85
n105/
n29/
n30/
n34/
n43
n58/
n64/
n86
n97
d190:1A 5C 03 39 7D EA
f140:521
d190:47
d220:14
d1/
d109
d12/
d127
d135/
d165
d168/
d17/
d176
d185
d190
d204
d205/
d21/
d211
d220
d221/
d245
d250
d263
d275
d276
d277
d280/
d283
d37
d39
d54
d78/
d9
f116
f140
f141
f143
f146
f17
f180
f185/
f205/
f219/
f236/
f24/
f240/
f246/
f256/
f293/
f45/
f5/
f54
f80/
f85
n105/
n29/
n30/
n34/
n43
n58/
n64/
n86
n97
f140:521
d190:47
d220:14
d1/
d109
d12/
d127
d135/
d165
d168/
d17/
d176
d185
d190
d204
d205/
d21/
d211
d220
d221/
d245
d250
d263
d275
d276
d277
d280/
d283
d37
d39
d54
d78/
d9
f116
f140
f141
f143
f146
f17
f180
f185/
f205/
f219/
f236/
f24/
f240/
f246/
f256/
f293/
f45/
f5/
f54
f80/
f85
n105/
n29/
n30/
n34/
n43
n58/
n64/
n86
n97
Invalid operation
f140:521
d190:47
d220:14
f140:521
d190:47
d220:14
d190:1A 5C 03 39 7D EA 62 10 89 82 C3 CC EA 74 3D D1 3E 3A 42 77 74 6F 44 1D D9 E6 3D 04 88 79 2A FA D1 00
/f140
d1/
d109
d12/
d127
d135/
d165
d168/
d17/
d176
d185
d190
d204
d205/
d21/
d211
d220
d221/
d245
d250
d263
d275
d276
d277
d280/
d283
d37
d39
d54
d78/
d9
f116
f140
f141
f143
f146
f17
f180
f185/
f205/
f219/
f236/
f24/
f240/
f246/
f256/
f293/
f45/
f5/
f54
f80/
f85
n105/
n29/
n30/
n34/
n43
n58/
n64/
n86
n97
f140:521
d190:47
d220:14
f0
f239
f282
f43/
n0
Invalid operation
Invalid operation
Invalid operation
d1/
d109
d12/
d127
d135/
d165
d168/
d17/
d176
d185
d190
d204
d205/
d21/
d211
d220
d221/
d245
d250
d263
d275
d276
d277
d280/
d283
d37
d39
d54
d78/
d9
f116
f140
f141
f143
f146
f17
f180
f185/
f205/
f219/
f236/
f24/
f240/
f246/
f256/
f293/
f45/
f5/
f54
f80/
f85
n105/
n29/
n30/
n34/
n43
n58/
n64/
n86
n97
f140:521
d190:47
d220:14
d157/
d77
f0
f239
f268
f282
f43/
n0
n93
f43:dir:0
Invalid operation
f239:txt:0
d157/
f0
f239
f282
n0
n7
n93
f239:fjiuc05nq5i5h_q
Null
f0:2C
Invalid operation
f0:E3 EB 7C 02
d160
f146/
f147/
f260
f67/
f95
f146:dir:0
f95:9b9
Invalid operation
f0:00 E3 EB 7C 02 0F BA 31 57 F6
d157/
d163
f0
f122/
f239
f282
f76/
n0
n7
Invalid operation
Invalid operation
f0:0F BA 31 57
Invalid operation
f0:00 00 E3 EB 7C 02 0F
Invalid operation
Invalid operation
Invalid operation
Invalid operation
Invalid operation
f0:6B 7C
d127/
d160
f136/
f146/
f147/
f260
f67/
f95
f95:9b9scqhy
Invalid operation
Invalid operation
Invalid operation
Invalid operation
f156:15
f90:11
f283:0
d91/
f156
f283
f90
n110/
d91/
f156
f283
f90
n110/
f156:md:15
Invalid operation
f156:md:15
f156:fv31uuh 0 oi8kw
f156:15
f90:11
f283:0
Invalid operation
f156:md:15
f156:15
f90:11
Invalid operation
d190:5B 05 F4 EA 1A 5C 03 39 7D EA 62 10 89 82 C3 CC 83 0D
Invalid operation
f136:ox.29kux74-b4jf0 gowyjik3xjs l7ssc50x77qax.i9hkl3-w231vi nu-1n.074x25yr2n-f
d1/
d109
d12/
d127
d135/
d165
d168/
d17/
d176
d185
d190
d204
d205/
d21/
d211
d220
d221/
d245
d250
d263
d275
d276
d277
d280/
d283
d37
d39
d54
d78/
d9
f116
f140
f141
f143
f146
f17
f180
f185/
f205/
f219/
f236/
f24/
f240/
f246/
f256/
f293/
f45/
f5/
f54
f80/
f85
n105/
n29/
n30/
n34/
n43
n58/
n64/
n86
n97
d164/
d194
f136
f204/
f249
f78/
n78
d164/
d194
f136
f204/
f249
f78/
n78
f136:ox.29kux74-b4jf0 gowyjik3xjs l7ssc50x77qax.i9hkl3-w231vi nu-1n.074x25yr2n-fivxus4uf2
/d17/f136
Invalid operation
d164/
d194
d213
d273/
d59
d86/
f136
f204/
f245
f249
f252/
f78/
n109
n78
Invalid operation
f204:dir:0
Invalid operation
f140:521
d190:48
d220:14
d277:13
d204:12
d263:9
Invalid operation
Invalid operation
Invalid operation
d131:ublxues98dzob6ctavc9 cecgxsvl7jo-
Invalid operation
Invalid operation
d139:dir:0
d139:dir:0
d131
d139/
d273/
d58
n24/
n88
Invalid operation
/f240/d131
f113:dir:0
Invalid operation
d131:35
n15:16
d58:8
Invalid operation
d131
d139/
d273/
d58
f125/
f158/
f159/
f217/
f69/
n15
n24/
Invalid operation
f5:dir:0
Invalid operation
f140:524
d190:59
d220:14
f140:524
d190:59
d220:14
f140:524
d190:56
d220:14
d277:13
d204:12
d263:9
Invalid operation
Invalid operation
d1/
d109
d12/
d126
d127
d135/
d165
d168/
d17/
d176
d185
d190
d204
d205/
d21/
d220
d221/
d245
d250
d263
d275
d276
d277
d280/
d283
d37
d54
d78/
d9
f116
f140
f141
f143
f146
f17
f180
f185/
f205/
f219/
f236/
f24/
f240/
f246/
f256/
f257/
f293/
f45/
f5/
f80/
f85
n105/
n29/
n30/
n34/
n43
n58/
n64/
n86
n97
f140:524
d190:56
d220:14
f140:524
d190:56
d220:14
d1/
d109
d12/
d126
d127
d135/
d165
d168/
d17/
d176
d185
d190
d204
d205/
d21/
d220
d221/
d245
d250
d263
d275
d276
d277
d280/
d283
d37
d54
d78/
d9
f116
f140
f141
f143
f146
f17
f180
f185/
f205/
f219/
f236/
f24/
f240/
f246/
f256/
f257/
f293/
f45/
f5/
f80/
f85
n105/
n16
n29/
n30/
n34/
n43
n58/
n64/
n86
n97
f140:524
d190:56
d220:14
f140:524
d190:58
d220:14
f140:524
d190:56
d220:14
f140:524
d190:56
d220:14
Invalid operation
f140:m30s tvzx xxojhc2styiax1_l245u42jb-_016bnax zobsjqpx060umtgm.494f9p9y0xqmt. chcx4yid3ff lnxxofr5f 2l4ylja m.xg1ilgtxr.p_b2d3g482_s93 . rpwgyy5oc0zefszacxh2xfnmxv08lh3azpfgy098 hxqgq --x3fli.qb6zoj38xb5i0o.7n3j5yrdyzkxmd1j4y1txxhd058gssjutv-urt4vl912beg8waxe9jihcpcbx9nc_r.08z6hfogsyr-ij1zavjqqwalq3305txhxxne577you92-t6t019t_12v_eza_7_3x e_y3n.e-gqun69gsp-s_zkmv0 10g8h83f2nfdpz1x9x.ztuqhxkcz503iw0zggo-ox1e-yd0j9 07cpwsk6x.bsnlhvhlnbjk.uagzvm56vsyys50xy4xx_8ngf0-xgu3f66j 2 gqi2twudnjmx_6nrugux36.5lc8numrqt9n-p84xixa5 cdqq
f140:524
d190:56
d220:14
d1/
d109
d12/
d126
d127
d135/
d165
d168/
d17/
d176
d185
d190
d204
d205/
d21/
d220
d221/
d245
d250
d263
d275
d276
d277
d280/
d283
d37
d54
d78/
d9
f116
f140
f141
f143
f146
f17
f180
f185/
f205/
f219/
f236/
f24/
f240/
f246/
f256/
f257/
f293/
f45/
f5/
f80/
f85
n105/
n16
n29/
n30/
n34/
n43
n58/
n64/
n86
n97
d1/
d109
d12/
d126
d127
d135/
d165
d168/
d17/
d176
d185
d190
d204
d205/
d21/
d220
d221/
d245
d250
d263
d275
d276
d277
d280/
d283
d37
d54
d78/
d9
f116
f140
f141
f143
f146
f17
f180
f185/
f205/
f219/
f236/
f24/
f240/
f246/
f256/
f257/
f293/
f45/
f5/
f80/
f85
n105/
n16
n29/
n30/
n34/
n43
n58/
n64/
n86
n97
f140:524
d190:55
d220:14
d1/
d109
d12/
d126
d127
d135/
d165
d168/
d17/
d176
d185
d190
d204
d205/
d21/
d220
d221/
d245
d250
d263
d275
d276
d277
d280/
d283
d37
d54
d78/
d9
f116
f140
f141
f143
f146
f17
f180
f185/
f205/
f219/
f236/
f24/
f240/
f246/
f256/
f257/
f293/
f45/
f5/
f80/
f85
n105/
n16
n29/
n30/
n34/
n43
n58/
n64/
n86
n97
f140:524
d190:57
d220:14
Invalid operation
Null
Invalid operation
f5:dir:0
d1/
d109
d12/
d126
d127
d135/
d165
d168/
d17/
d176
d185
d190
d204
d21/
d220
d221/
d245
d250
d263
d275
d276
d277
d280/
d283
d37
d54
d78/
d9
f116
f140
f141
f143
f146
f17
f180
f182
f185/
f205/
f219/
f236/
f24/
f240/
f246/
f256/
f257/
f293/
f45/
f5/
f80/
f85
n105/
n16
n29/
n30/
n34/
n43
n58/
n64/
n86
n97
f5:dir:0
f140:524
d190:59
d220:14
d1/
d109
d12/
d126
d127
d135/
d165
d168/
d17/
d176
d185
d190
d204
d21/
d220
d221/
d245
d250
d263
d275
d276
d277
d280/
d283
d54
d78/
d9
f116
f140
f141
f143
f146
f17
f180
f182
f185/
f205/
f219/
f236/
f24/
f240/
f246/
f256/
f257/
f293/
f40
f45/
f5/
f80/
f85
n105/
n16
n29/
n30/
n34/
n43
n58/
n64/
n86
n97
f140:524
d190:59
d220:14
Invalid operation
d190:39 7D A1 35 FA 4E 0E E2 B1 B1 36 46 7A 5F B0 57 0C D9 6F 61 76 A4 79 E2 7C 62 A3 21 61 77 FA
Invalid operation
Invalid operation
Invalid operation
/d190
Invalid operation
Invalid operation
f140:524
d190:59
d220:14
Invalid operation
f3/
f3/
Invalid operation
f233:9B
Invalid operation
Invalid operation
f233:00 00 00 00
f233:06 9C B3 02 7E 5E 00 00 00 00
Invalid operation
f233:9F 3B E6 69 9F 40 AB B3 28 5F F3 91 19 06 9C B3 02
f233:46 A1 FB
Invalid operation
Invalid operation
d1/
d104/
d167
d198/
d22
f141
f174
f206
f233
f265
Invalid operation
f140:524
d190:59
d220:14
d1/
d109
d12/
d126
d127
d135/
d165
d168/
d17/
d176
d185
d190
d204
d21/
d220
d221/
d245
d250
d263
d275
d276
d277
d280/
d283
d54
d78/
d9
f1/
f116
f140
f141
f143
f146
f17
f180
f182
f185/
f205/
f219/
f236/
f24/
f240/
f246/
f256/
f293/
f40
f45/
f5/
f60/
f80/
f85
n105/
n16
n29/
n30/
n34/
n43
n58/
n64/
n97
Invalid operation
Invalid operation
f140:524
d190:59
d220:14
d1/
d109
d12/
d126
d127
d135/
d165
d168/
d17/
d176
d185
d190
d204
d21/
d220
d221/
d245
d250
d263
d275
d276
d277
d280/
d283
d54
d78/
d9
f1/
f116
f140
f141
f143
f146
f17
f180
f182
f185/
f205/
f219/
f236/
f24/
f240/
f246/
f256/
f293/
f40
f45/
f5/
f60/
f80/
f85
n105/
n16
n29/
n30/
n34/
n43
n58/
n64/
n97
/d190
Invalid operation
Invalid operation
f140:524
d190:59
d220:14
d1/
d109
d12/
d126
d127
d135/
d165
d168/
d17/
d176
d185
d190
d204
d21/
d220
d221/
d245
d250
d263
d275
d276
d277
d280/
d283
d54
d78/
d9
f1/
f116
f140
f141
f143
f146
f17
f180
f182
f185/
f205/
f219/
f236/
f24/
f240/
f246/
f256/
f293/
f40
f45/
f5/
f60/
f80/
f85
n105/
n16
n29/
n30/
n34/
n43
n58/
n64/
n97
f140:524
d190:59
d220:14
f140:524
d190:59
d220:14
d1/
d109
d12/
d126
d127
d135/
d165
d168/
d17/
d176
d185
d190
d204
d21/
d220
d221/
d245
d250
d263
d275
d276
d277
d280/
d283
d54
d78/
d9
f1/
f116
f140
f141
f143
f146
f17
f180
f182
f185/
f205/
f219/
f236/
f24/
f240/
f246/
f256/
f293/
f40
f45/
f5/
f60/
f80/
f85
n105/
n16
n29/
n30/
n34/
n43
n58/
n64/
n97
Invalid operation
Invalid operation
f140:524
d190:59
Invalid operation
f140:524
d190:56
d220:14
Invalid operation
f140:524
d190:56
d220:14
f140:524
d190:56
d220:14
Invalid operation
f140:524
d190:56
d220:14
f140:524
d190:56
d220:14
Invalid operation
f5:dir:0
f140:524
d190:56
d220:14
Invalid operation
Invalid operation
d1/
d109
d12/
d126
d127
d135/
d165
d168/
d17/
d176
d185
d190
d204
d21/
d220
d221/
d245
d250
d263
d275
d276
d277
d280/
d283
d54
d78/
d9
f1/
f116
f140
f141
f143
f146
f17
f180
f182
f185/
f205/
f219/
f236/
f24/
f240/
f246/
f256/
f293/
f40
f45/
f5/
f60/
f80/
f85
n105/
n16
n29/
n30/
n34/
n43
n58/
n64/
n97
f5:dir:0
d1/
d109
d12/
d126
d127
d135/
d165
d168/
d17/
d176
d185
d190
d204
d21/
d220
d221/
d245
d250
d263
d275
d276
d277
d280/
d283
d54
d78/
d9
f1/
f116
f140
f141
f143
f146
f17
f180
f182
f185/
f205/
f219/
f236/
f24/
f240/
f246/
f256/
f293/
f40
f45/
f5/
f60/
f80/
f85
n105/
n16
n29/
n30/
n34/
n43
n58/
n64/
n97
f140:524
d190:59
d220:14
Invalid operation
d1/
d109
d12/
d126
d127
d135/
d165
d168/
d17/
d176
d185
d190
d204
d21/
d220
d221/
d245
d250
d263
d275
d276
d277
d280/
d283
d54
d78/
d9
f1/
f116
f140
f141
f143
f146
f17
f180
f182
f185/
f205/
f219/
f236/
f24/
f240/
f246/
f256/
f293/
f40
f45/
f5/
f60/
f80/
f85
n105/
n16
n29/
n30/
n34/
n43
n58/
n64/
n97
f140:524
d190:59
d220:14
f212:5wx
Invalid operation
f140:524
d190:58
d220:14
Invalid operation
Invalid operation
f140:524
d190:58
d220:14
f140:524
d190:57
d220:14
Invalid operation
f140:524
d190:57
d220:14
f140:524
d190:57
d220:14
Invalid operation
Invalid operation
d190:FA A5 88 F6 91 00 00 00 00 AA
Null
Invalid operation
Invalid operation
d147
d25/
d256
d280/
f197
f228/
d147
d25/
d256
d280/
f197
f228/
d147
d25/
d256
d280/
f197
f228/
f140:524
d190:54
d220:14
d1/
d109
d12/
d126
d127
d135/
d165
d168/
d17/
d176
d185
d190
d204
d21/
d220
d221/
d245
d250
d263
d275
d276
d277
d280/
d283
d54
d78/
d9
f1/
f116
f140
f141
f143
f146
f17
f180
f182
f185/
f205/
f219/
f236/
f24/
f240/
f246/
f256/
f293/
f40
f45/
f5/
f60/
f80/
f85
n105/
n16
n29/
n30/
n34/
n43
n58/
n64/
n97
f140:524
d190:51
d220:14
Invalid operation
f5:dir:0
d1/
d109
d12/
d126
d127
d135/
d165
d168/
d17/
d176
d185
d190
d204
d21/
d220
d221/
d245
d250
d263
d275
d276
d277
d280/
d283
d54
d78/
d9
f1/
f116
f141
f143
f146
f17
f180
f182
f185/
f205/
f219/
f236/
f24/
f240/
f246/
f256/
f293/
f40
f45/
f5/
f60/
f80/
f85
n105/
n16
n29/
n30/
n34/
n43
n58/
n64/
n97
Invalid operation
Invalid operation
f140:524
d190:54
d220:14
Invalid operation
Invalid operation
f140:524
d190:54
d220:14
f140:524
d190:54
d220:14
f140:524
d190:54
d220:14
Invalid operation
Invalid operation
d1/
d109
d12/
d126
d127
d135/
d165
d168/
d17/
d176
d185
d190
d204
d205
d21/
d220
d221/
d245
d250
d263
d275
d276
d277
d280/
d283
d54
d78/
d9
f1/
f116
f140
f141
f143
f146
f17
f180
f182
f185/
f205/
f219/
f236/
f24/
f240/
f246/
f256/
f293/
f40
f5/
f60/
n105/
n16
n29/
n30/
n34/
n43
n58/
n64/
n97
Invalid operation
Invalid operation
Invalid operation
d1/
d109
d12/
d126
d127
d135/
d165
d168/
d17/
d176
d185
d190
d204
d205
d21/
d220
d221/
d245
d250
d263
d275
d276
d277
d280/
d283
d54
d78/
d9
f1/
f116
f140
f141
f143
f146
f17
f180
f182
f185/
f205/
f219/
f236/
f24/
f240/
f246/
f256/
f293/
f40
f5/
f60/
n105/
n16
n29/
n30/
n34/
n43
n58/
n64/
n97
d1/
d109
d12/
d126
d127
d135/
d165
d168/
d17/
d176
d185
d190
d204
d205
d21/
d220
d221/
d245
d250
d263
d275
d276
d277
d280/
d283
d54
d70/
d78/
d9
f1/
f116
f140
f141
f143
f146
f17
f180
f182
f185/
f205/
f219/
f236/
f24/
f240/
f246/
f256/
f293/
f40
f5/
f60/
n105/
n16
n29/
n30/
n34/
n43
n58/
n64/
n97
Invalid operation
Invalid operation
Invalid operation
Invalid operation
f140:524
d190:57
d220:14
/d190
Invalid operation
d190:03 39 7D A1 8E 83 10 57 3D B2 87 36 46 7A 5F B0 57 0C D9 6F DD F7 D6 06 D5 7C 62 A3 21 61 77 FA A5 88
/d190
Invalid operation
Invalid operation
d1/
d109
d12/
d126
d127
d133/
d135/
d165
d168/
d17/
d176
d185
d190
d204
d205
d21/
d220
d221/
d245
d250
d263
d275
d276
d277
d280/
d283
d54
d70/
d78/
d9
f1/
f116
f140
f141
f143
f146
f17
f182
f185/
f205/
f219/
f236/
f24/
f240/
f246/
f256/
f293/
f40
f5/
f53
f60/
n105/
n16
n29/
n30/
n34/
n43
n58/
n64/
n97
f140:524
d190:59
d220:14
f140:524
d190:59
d220:14
f140:524
d190:59
d220:14
Invalid operation
f140:524
d190:59
d220:14
f140:524
d190:59
d220:14
Invalid operation
d1/
d104/
d167
d198/
d22
f141
f174
f206
f233
f265
n51
Invalid operation
d1/
d104/
d167
d198/
d22
f126
f141
f174
f206
f233
f265
n51
Invalid operation
f51
n23
f51
n23
f258:8
n23:2
/d221/d198/n23
Invalid operation
n23:txt:2
Invalid operation
Invalid operation
f233:7E 5E 00 00 00 00 00 00 3C 15 3D
Invalid operation
f174:txt:25
d1/
d104/
d167
d198/
d22
f126
f141
f174
f189
f206
f21
f233
f265
n15/
n51
f174:om56y7xoorsz0_tv826q.y_-x1fpcx
d4
f210/
Invalid operation
f233:BE 7D 8C 00 00 00 3C 15 3D 2E
d4
f210/
d4
f210/
f210:dir:0
Invalid operation
d4
f164/
f233:15 3D 2E 99 25 C6 BF F8 DA DD AC CE
Invalid operation
f233:8C 00 00 00 0F 15 3D 2E 99 25 C6
d100/
d230
d4
f164/
f172
f233:40 AB B3 28 5F F3 91 19 06 F0 68 17 3E B4 BE 7D 8C 00 00 00 0F 15 3D 2E 99
Invalid operation
Invalid operation
/d221/d104/d4
d213/
d286/
f159
Invalid operation
Invalid operation
Invalid operation
Invalid operation
Invalid operation
Invalid operation
d4:2130.b-et q9eurjrl2gc819tpw-5ma1gxovcg566so0ub3ypthjfnn.pjax
d213:dir:0
Null
f233:3D
d185:txt:7
Invalid operation
n25/
f233:00 00 00 56
Invalid operation
Invalid operation
d166/
d185
d255
d38/
f253/
f284/
f36
Invalid operation
Invalid operation
Invalid operation
d185:p.czrbxx
Invalid operation
d166/
d185
d255
d38/
f253/
f284/
f36
n60/
d185:p.czrbxx
d14/
d166/
d185
d255
d38/
f253/
f275
f284/
f36
n60/
Invalid operation
d173
f48
Invalid operation
d173
f48
f48:8
d173:7
d173
f48
Invalid operation
Null
Invalid operation
f101/
f101:dir:0
Invalid operation
d14/
d166/
d185
d38/
f253/
f275
f284/
f36
n60/
d185:p.czrbxxxy2uw2 7eobz_tesibfak9x5bnh
/d221/d104/d298/d213/d185
/d185
/d221/d104/d298/d213/d185
/d185
Invalid operation
d185:p.czrbxxxy2uw2 7eobz_tesibfak9x5bnh2zrzoqqhpq9umn4_
Invalid operation
n25:dir:0
d167:14
Invalid operation
f40:c6iv20k8lllpz_
f101/
f205
n84/
f101/
f205
f49/
n84/
f101:dir:0
f66:BE 74 B0 A6 8C 9A
f205:16
f48:10
d291:7
d291
f101/
f205
f48
f49/
Invalid operation
d185:52
d14/
d166/
d185
d38/
f103
f223
f253/
f284/
f36
f73
n46
n60/
Invalid operation
/d221/d104/d298/d213/d185
/d185
Invalid operation
d14/
d166/
d185
d38/
f103
f223
f253/
f284/
f36
f73
n46
n60/
Invalid operation
Invalid operation
Invalid operation
Invalid operation
d104/
d213/
d286/
f18/
f221/
d149:7
Null
Null
Invalid operation
d4:2130.b-et q9eurjrl2gc819tpw-5ma1gxovcg566so0ub3ypthjfnn.pjaxxz.e4
f233:00 00 56 DE 51 C7
Invalid operation
d103/
d71
f288/
f291
Invalid operation
d103/
d71
f288/
f291
d71:9_o7f9a565j
Null
Invalid operation
d71:11
d242:4
d182/
d242
d71
f179
f288/
f291
Invalid operation
d153/
d182/
d206/
d242
d71
d90
f142
f179
f288/
f291
d153/
d182/
d206/
d242
d71
d90
f142
f179
f288/
f291
f142:5C F1 B4 E3
Invalid operation
d153/
d182/
d206/
d242
d71
f142
f158/
f179
f288/
f291
Invalid operation
Invalid operation
d153/
d182/
d206/
d242
d71
f142
f158/
f179
f288/
f291
d71:txt:48
Invalid operation
Invalid operation
Invalid operation
Invalid operation
d104/
d213/
d286/
f16
f18/
f221/
f85
n50
f148
f148
d24/
d104/
d213/
d275/
d286/
f16
f18/
f221/
f85
n50
f233:40 75 AE 60 CF 83 7E F0 00 00 00
d218:0F 7B
d174/
d218
f235/
n106
n23
n23:txt:9
d122/
d174/
d218
f235/
n106
n23
/d221/d198/n23
Invalid operation
d218:23
n106:15
n23:11
d122/
d174/
d218
f235/
n106
n23
/d221/d198/n23
d230:d
Invalid operation
d110/
d230
d249/
d295
d298/
f103
f104
f14
f208
f240
f78/
f94/
n11/
n61/
f14:13
f240:11
f104:8
f103:7
d230:1
d295:0
d230:d
Invalid operation
Invalid operation
d110/
d136/
d209
d230
d249/
d295
d298/
d94/
f103
f104
f14
f208
f240
f76
f94/
n11/
n61/
Invalid operation
d110/
d136/
d209
d230
d249/
d295
d298/
d94/
f103
f104
f14
f208
f240
f76
f94/
n11/
n61/
f233:63
d22:42
f174:30
d218:DC D8 74
d129
d77/
d89
f52
f77
n11/
d129
d89
f52
f77
n11/
Invalid operation
Invalid operation
n23:pxtjp8t8c9.tn29yi 5
f233:00
f233:00 00
d1/
d104/
d167
d192
d198/
d22
d52
f126
f141
f174
f189
f206
f21
f226
f233
f265
f43
n51
n75/
Invalid operation
f233:bin:64
/d221/f233
d1/
d104/
d167
d192
d198/
d22
d52
f126
f141
f189
f206
f21
f226
f233
f256/
f265
f43
n41
n43
n51
n75/
n9/
f137:00
Invalid operation
Invalid operation
f137:59 00 6F 97 88
Invalid operation
d218/
d59/
f137
n83
Invalid operation
f137:59
f140:524
d190:59
d220:14
n16:13
d204:12
f27:12
d126:9
Invalid operation
d1/
d109
d12/
d126
d127
d133/
d135/
d165
d168/
d17/
d176
d185
d190
d204
d205
d21/
d220
d221/
d245
d250
d263
d276
d280/
d283
d54
d70/
d78/
d9
f1/
f116
f140
f141
f143
f146
f17
f182
f185/
f205/
f219/
f236/
f24/
f240/
f246/
f256/
f27
f293/
f40
f5/
f60/
n105/
n16
n29/
n30/
n34/
n43
n58/
n64/
n70
n97
f5:dir:0
f140:524
d190:59
d220:14
Invalid operation
f49
f215:12
n54:11
f175:10
n114:0
Invalid operation
d190:A3 21 61 77 FA A5 88 F6 91 78 53 D1 C7
f90:txt:11
f90:txt:25
d215
d296/
d91/
f127/
f238
f51
f90
n52/
d215
d296/
d91/
f127/
f233/
f238
f51
f90
n52/
d1/
d109
d12/
d126
d127
d133/
d135/
d165
d168/
d17/
d176
d185
d190
d204
d205
d207/
d21/
d220
d221/
d245
d250
d263
d276
d280/
d283
d287
d54
d70/
d78/
d9
f1/
f116
f140
f141
f143
f146
f17
f182
f185/
f205/
f219/
f236/
f24/
f240/
f246/
f256/
f27
f293/
f40
f5/
f60/
n105/
n16
n30/
n34/
n43
n58/
n64/
n70
n97
f140:524
d190:59
d220:14
Invalid operation
Invalid operation
Invalid operation
f140:524
d190:59
f140:524
d190:61
d220:14
f140:524
d190:61
d220:14
d1/
d109
d12/
d126
d127
d133/
d135/
d165
d168/
d17/
d176
d185
d190
d204
d205
d207/
d21/
d220
d221/
d245
d250
d263
d276
d280/
d283
d54
d70/
d78/
d9
f1/
f116
f14/
f140
f141
f143
f146
f17
f182
f185/
f205/
f219/
f236/
f24/
f240/
f246/
f256/
f27
f293/
f40
f5/
f60/
n105/
n16
n30/
n34/
n43
n58/
n64/
n70
n97
Invalid operation
Invalid operation
d190:FA A5 88 F6 91 78 53 D1 C7 4F C7 0E 00 00 00
d215
d296/
d91/
f127/
f238
f252/
f51
f90
n52/
f90:txt:12
f90:xa1iyqehd66xcxyubuk0gaip3p3an
Invalid operation
Invalid operation
d215
d287/
d296/
d91/
f127/
f238
f252/
f51
f90
n52/
Invalid operation
f90:xa1iyqehd66xcxyubuk0gaip3p3an
d190:65 21 61 77 FA A5 88 F6 91 78 53 D1
d190:D9 65 21 61 77 FA A5
f144/
f144/
Invalid operation
f144/
Invalid operation
f144/
Invalid operation
f178:4
d55:0
f112:0
n118:0
n38:0
f27:
Invalid operation
Invalid operation
Invalid operation
d190:8E 83 10
Invalid operation
Invalid operation
d183/
d98
f137/
f158
f177
f194/
f38
f80
f177:40 6F F5
f38:a.-8c5bs9i
f38:md:10
f80:62
f80:74 6C 5F 12 14
/n105/d296/f144/f38
Invalid operation
f38:a.-8c5bs9ix5m
f80:6C 5F 12
Invalid operation
d183/
d280
f158
f167
f226
f29/
f38
f80
n13/
f38:md:13
d183/
d280
f158
f167
f185/
f226
f29/
f38
f80
n13/
Invalid operation
f80:00
f226:15
f38:13
f80:10
d280:7
f167:4
Null
f109:7.vcr7cwyielxpx
d244
n71/
Invalid operation
/n105/d296/f144/d183/f237/d244
n71:dir:0
Invalid operation
Invalid operation
Invalid operation
Invalid operation
f38:a.-8c5bs9ix5mu3e-b_nqfmd4m58xv_2.hjczp6kb79xyxzt.i
f158:00 00 00 95 95
d101/
d179
f241
f70/
n45/
d101:dir:0
Invalid operation
d101/
d179
f241
f70/
n45/
Invalid operation
/n105/d296/f144/f29/f241
Invalid operation
d101/
d220/
d52
d89
f127
f241
f70/
n45/
/n105/d296/f144/f29/f241
d101/
d52
d89
f127
f241
f70/
n45/
d101/
d52
d54/
d89
f127
f241
f70/
n45/
n6
Invalid operation
Invalid operation
f241:7
d52:3
f54:3
d89:0
Invalid operation
Invalid operation
Invalid operation
d101/
d263/
d52
d54/
d89
f127
f241
f54
f70/
n34/
n45/
n6
Invalid operation
f241:1B
f241:EF 7C 38
Invalid operation
d101/
d263/
d49
d52
d54/
d8
d89
f127
f241
f54
f70/
n45/
n6
f241:1B
Invalid operation
Invalid operation
f241:8
d52:3
f54:3
d89:0
f158:00 95
f158:00 00 00 95 00 00
d138/
d161/
d180/
d183/
d264/
d280
d281
f158
f165/
f167
f229/
f29/
f38
f67
f85
n13/
n80
Invalid operation
Invalid operation
/n105/d296/f144/f38
f89:dir:0
d275/
f89/
n40/
n6
Null
Invalid operation
/n105/d296/f144/d180/n6
d275:dir:0
d153
f158:00 00 46 DA 7F 9F D7 01
f158:06 00
f158:DA 7F 9F D7 01 E3 06
/n105/d296/f144/f85
Invalid operation
d153:txt:14
d153:d1eff n7jby5ppwo 1 zvis
Invalid operation
f158:00 00
f158:00 00 95 00 00 46 DA 7F 9F D7 01 E3 06 00
d153
d240
n35/
d153:d1eff n7jby5ppwo 1 zvis
d153
d225
n35/
Invalid operation
d153:d1eff n7jby5ppwo 1 zvisvw vpfj7xbe
Invalid operation
Invalid operation
d149/
d15/
d153
d225
n35/
Invalid operation
d225:
Invalid operation
n6:lloaqd_lm.cxx
d275:dir:0
d275/
f267
n40/
d275/
f267
n40/
d275/
n40/
Invalid operation
d149/
d157/
d225
d236
d5/
f2
f251
f68/
n35/
d186:EF
Invalid operation
f119:3
d78:1
d186:CF ED
/n105/d296/f144/d180/n40/f68/d100
d100:h31_l7qm
Invalid operation
/n105/d296/f144/d180/n40/f68/d100
/n105/d296/f144/d180/n40/f68/d100
d77:94 1D
d77:4B E4 93 94
/n105/d296/f144/d180/n40/f68/d100
Invalid operation
d177:dir:0
d77:4B E4 93 A0 F5
Invalid operation
d106
d177/
d293
d77
f177/
f199
f21
f276/
n114
n35
n57
n66
n82/
n9/
Invalid operation
Invalid operation
d186:00 00
Invalid operation
Invalid operation
d49/
Invalid operation
Null
Invalid operation
Invalid operation
Invalid operation
d49/
f108/
f280/
n50
n50:th6ix
Invalid operation
Invalid operation
Null
n50:17
Invalid operation
Invalid operation
/n105/d296/f144/d180/f245/n50
Invalid operation
Invalid operation
d167/
d259
f284/
f29
f29:F2 89
Invalid operation
d109/
d250/
d294/
d49/
f108/
f113
f161/
f280/
n84/
d142/
d192/
d87/
f137/
f56
n116
d142/
d192/
d87/
f137/
f56
n116
n116:b5mdqcf9_vhs
d49:dir:0
f113:17
d278:15
Invalid operation
Invalid operation
d109/
d250/
d278
d294/
d49/
f108/
f113
f161/
f249/
f250/
f280/
n84/
Invalid operation
f113:17
d278:15
d156:5
d128
d186
f11
f245/
n19/
n40/
Invalid operation
Invalid operation
Invalid operation
d105
d128
d162
d186
f11
f111
f223
f245/
f56
f94
n116/
n19/
n40/
d105
d128
d162
d186
f11
f111
f223
f245/
f56
f94
n116/
n19/
n40/
d105
d128
d162
d186
f11
f111
f146
f165
f223
f245/
f56
f94
n116/
n19/
n40/
n57
Invalid operation
n40:dir:0
d105
d128
d162
d186
f11
f111
f165
f223
f245/
f56
f94
n116/
n19/
n40/
n57
Invalid operation
f158:DB 76 BC
f38:78
f158:20
d280:7
d108
d138/
d161/
d178/
d180/
d183/
d264/
d280
d281
f158
f165/
f167
f229/
f242/
f272
f29/
f38
f67
f85
n13/
n80
f158:DB 76 A1 32 A9 82
f152
f158:A9
Invalid operation
d161/
d278
f101/
f152
n34/
f152:md:3
Invalid operation
f145:00
f145:00
f145:00
d161/
d215
d278
f101/
f145
f152
f216/
n34/
Invalid operation
Invalid operation
Invalid operation
f145:CC
Invalid operation
/n105/d296/f144/d178/f152
d263/
f294/
Invalid operation
f54:ocet0y6m03dcv0aeuh 
f124/
f124/
Invalid operation
Invalid operation
d150
d150
/n105/d296/f144/d178/d161/d163/f124/d150
f54:ocet0y6m03dcv0aeuh .d5mzys24xuyv
d146/
f124/
f54:ocet0y6m03dcv0aeuh .d5mzys24xuyv035hb.tq
f124/
n118/
f124/
n118/
d163/
f159
f54
n63/
Null
f124/
n6/
Invalid operation
Invalid operation
d299/
f124/
f182/
Invalid operation
Invalid operation
Invalid operation
f127:txt:28
f145:BE CD 68 2A D7 E7 12 3B
Invalid operation
f127:txt:44
Null
f127:u5g-4u dr0ig-_eysy 96tit8_bnxwk94t-a5x8 vhf1
Invalid operation
Invalid operation
Invalid operation
f127:txt:55
f127:55
/n105/d296/f144/d178/d161/d163/d299/f127
/n105/d296/f144/d178/d161/f159
f159:at6ru8-jxf7d6rxx
f145:CD 68 2A
n7/
/n105/d296/f144/d178/d161/f159
Invalid operation
Invalid operation
Invalid operation
Invalid operation
Invalid operation
Invalid operation
f120:79
d292
f120
Invalid operation
Invalid operation
Invalid operation
Invalid operation
Invalid operation
Invalid operation
Invalid operation
Invalid operation
d181
d292
d41
f120
d181
d240
d292
f120
Invalid operation
/n105/d296/f144/d178/d161/d163/f124/f120
Invalid operation
Invalid operation
d181
d240
f120
/n105/d296/f144/d178/d161/d163/f124/f120
d119/
d181
d240
f120
n56
Invalid operation
d10
d181
d240
f120
n56
d10
d181
d240
f120
n56
Invalid operation
d10
d181
f120
f21/
n56
Invalid operation
Invalid operation
f145:42 78 95 DE
d23/
d287/
d299/
f124/
f182/
Invalid operation
f145:2A D7
d23/
d287/
d299/
f124/
f135/
f182/
Null
Invalid operation
Invalid operation
Invalid operation
Invalid operation
/n105/d296/f144/d178/d161/d163/d43
f127:txt:64
n116
n22
Invalid operation
f127:u5g-4u dr0ig-_eysy 96tit8_bnxwk94t-a5x8 vhf1xpcsobvpi4mnpf.mr-.fw_23
d133/
d250/
d8
f127
f178
n52/
d8:6D 8F F9 A8 57 65 B1 37 F8 9C A0 3D 3A 92 37 C0 DD F3
Invalid operation
Invalid operation
d8:6D 8F F9 A8 57 65 B1 37 F8 9C A0 3D 3A 92 37 C0 DD F3 A3
Invalid operation
d133:y038urv4h.e.1u5mt
Invalid operation
Invalid operation
d225:zmf0tb6es .ud_kkl
/n105/d296/f144/d178/d161/d163/d299/d250/f15/d223
d223
d283
f85/
d8:B1 37 F8 9C A0 3D 3A 92 37 C0 DD F3 A3 50 98 00 73 1E 3A F9 00 00 00 00 00 00 CF 63 E1 52 76 16
d8:00 00 00 00 00 00
Invalid operation
d223
f254/
Invalid operation
Invalid operation
d223
d27
d7
d73/
f254/
f68
n113/
f68:0D B6 03
d114
d223
d27
d7
d73/
f254/
f68
n113/
d133
d176
f15/
f197
f204/
f245/
f285/
n63
d133:txt:21
d133:txt:21
d114
d223
d260
d27
d7
d73/
f198
f218
f254/
f68
n113/
Invalid operation
d251/
d295/
f147
Invalid operation
Invalid operation
d251/
d295/
f107
f147
f161
f245/
Invalid operation
d251/
d295/
f147
f161
f222
f245/
d295:dir:0
d174
d251/
d295/
f147
f161
f222
f245/
Invalid operation
Invalid operation
Invalid operation
f147:00 DF 69 CD 4C 2F D2 78 47 91
d174
d251/
d295/
f146
f147
f161
f222
f245/
f252/
Invalid operation
/n105/d296/f144/d178/d161/d163/d299/d250/f15/d73/f147
Invalid operation
d174
d251/
d295/
f146
f147
f161
f222
f245/
f252/
d174
d251/
d295/
d97/
f146
f147
f161
f222
f245/
f252/
Invalid operation
f147:78 47 91
f147:23
f161:12
n93:11
f222:8
d174:0
f146:0
Invalid operation
f147:69 F1 00
d115
d54/
f192
Invalid operation
Invalid operation
Invalid operation
Invalid operation
d223:txt:35
d127:v j7
d127
f108
f142/
f161/
f68:C0 00 00
Invalid operation
/n105/d296/f144/d178/d161/d163/d299/d250/f15/d73/f147
Invalid operation
Invalid operation
d174
d251/
d295/
d297/
d75/
d97/
f103
f146
f147
f161
f209/
f222
f245/
f252/
f55
n74
/n105/d296/f144/d178/d161/d163/d299/d250/f15/d73/f147
Invalid operation
f147:23
f161:12
f222:8
n74:8
Invalid operation
d174
d251/
d295/
d297/
d75/
d97/
f103
f146
f147
f149
f161
f209/
f222
f245/
f252/
f55
n74
Invalid operation
Invalid operation
Invalid operation
Invalid operation
Invalid operation
d251/
d295/
d297/
d75/
d97/
f103
f147
f149
f161
f209/
f222
f245/
f252/
n74
Invalid operation
f290:dir:0
f29
f290/
Invalid operation
f290:dir:0
d12/
d251/
d295/
d297/
d75/
d97/
f103
f147
f149
f161
f209/
f222
f245/
f252/
n74
Invalid operation
Invalid operation
Invalid operation
d12/
d251/
d295/
d75/
d84
d97/
f103
f147
f149
f161
f181/
f209/
f222
f245/
f252/
n74
d12/
d251/
d295/
d75/
d84
d97/
f103
f147
f149
f161
f209/
f222
f245/
f252/
n74
Invalid operation
Invalid operation
Invalid operation
d12/
d251/
d295/
d75/
d84
d97/
f103
f135
f147
f149
f161
f209/
f222
f245/
f252/
n74
f147:20
f161:12
f222:8
n74:8
f103:7
f135:5
d84:0
f149:0
Invalid operation
f147:C8 C6
/n105/d296/f144/d178/d161/d163/d299/d250/f15/d73/f147
d12/
d251/
d295/
d53
d75/
d84
d97/
f103
f147
f149
f161
f209/
f222
f245/
f252/
n74
Invalid operation
Invalid operation
Invalid operation
Invalid operation
Invalid operation
Invalid operation
Invalid operation
d133
d176
f15/
f197
f204/
f245/
f285/
n63
Invalid operation
d133:38
d176:0
d66:0
f197:0
d133
d176
d66
f15/
f197
f204/
f245/
f285/
n60
n63
d133:y038urv4h.e.1u5mtc.xz8n7x809a9kt67
Invalid operation
Invalid operation
Invalid operation
d133:txt:49
d133:y038urv4h.e.1u5mtc.xz8n7x809a9kt67nu4f616jb.s1fpg
Invalid operation
f258
n13
f258
n13
f258:25
Invalid operation
f258:DB C9 54 12 45
f258:25 B1
Invalid operation
f187/
f258
f274
f5
f93/
n12
n13
n79/
n13:12
f258:7
f5:6
f274:0
n12:0
Invalid operation
d133
d171/
d176
d66
f15/
f197
f204/
f245/
f285/
n60
n63
d66:15 70
f122/
f38
f122/
f38
d66:D1
d8:44
Invalid operation
d119
d133/
d188/
d250/
d75
d8
f178
f25
n13
n42/
n52/
Invalid operation
d163/
f159
f184/
n63/
f151:13
d161/
d215
d278
f101/
f145
f152
f216/
f26
n34/
Invalid operation
f38:md:78
Invalid operation
Invalid operation
Invalid operation
Invalid operation
d108
d138/
d161/
d178/
d180/
d183/
d264/
d266
d280
d281
f158
f165/
f167
f242/
f272
f29/
f38
f67
f85
n13/
n80
f38:md:78
f38:md:93
f38:93
f158:24
d103:8
d280:7
d222:6
d266:4
Invalid operation
d103
d108
d138/
d161/
d178/
d180/
d183/
d222
d264/
d266
d280
d281
f120
f158
f165/
f167
f272
f29/
f38
f67
f85
n13/
n80
d190:35 1D 8E 83 10 57 02 C2 2B 6D A6 79 17 BF 57 0C D9 6F DD F7 D6 06 35 25 D9 65 21 61 77 FA A5 88 F6 91 78 53 D1 C7 4F
d201
f144/
f178
Invalid operation
d1/
d109
d12/
d126
d127
d133/
d135/
d165
d168/
d17/
d176
d185
d190
d204
d205
d207/
d21/
d220
d221/
d245
d250
d263
d276
d280/
d283
d54
d70/
d78/
d9
f1/
f116
f140
f141
f143
f146
f17
f182
f185/
f205/
f219/
f236/
f24/
f240/
f246/
f256/
f27
f293/
f40
f5/
f60/
n105/
n16
n30/
n34/
n43
n58/
n64/
n70
n97
f140:524
d190:55
d220:14
n16:13
d204:12
f27:12
d126:9
/d190
Invalid operation
Invalid operation
Invalid operation
Invalid operation
d1/
d109
d12/
d126
d127
d133/
d135/
d165
d168/
d17/
d176
d185
d190
d204
d205
d207/
d21/
d220
d221/
d245
d250
d263
d276
d280/
d283
d54
d70/
d78/
d9
f1/
f116
f140
f141
f143
f146
f17
f182
f185/
f205/
f219/
f236/
f24/
f240/
f246/
f256/
f27
f293/
f40
f5/
f60/
n105/
n16
n30/
n34/
n43
n58/
n64/
n70
n97
d1/
d109
d12/
d126
d127
d133/
d135/
d165
d168/
d17/
d176
d185
d190
d204
d205
d207/
d21/
d220
d221/
d245
d250
d263
d276
d280/
d283
d54
d70/
d78/
d9
f1/
f116
f140
f141
f143
f146
f17
f182
f185/
f205/
f219/
f236/
f24/
f240/
f246/
f256/
f27
f293/
f40
f5/
f60/
n105/
n16
n30/
n34/
n43
n58/
n64/
n70
n97
Invalid operation
Invalid operation
d190:EA 1A 5C 90 D2 35 1D
Invalid operation
d1/
d109
d12/
d126
d127
d133/
d135/
d165
d168/
d17/
d176
d185
d190
d204
d205
d207/
d21/
d220
d221/
d245
d250
d263
d276
d280/
d283
d54
d70/
d78/
d9
f1/
f116
f140
f141
f143
f146
f17
f182
f185/
f205/
f219/
f236/
f24/
f240/
f246/
f256/
f267
f27
f293/
f40
f5/
f60/
n105/
n16
n30/
n34/
n43
n58/
n64/
n70
n97
d230:dir:0
Invalid operation
Invalid operation
f128
f275
f128
f275
Invalid operation
Invalid operation
d230/
d258
f151
f175
f215
n98
d258:44
f140:524
d190:56
d220:14
Invalid operation
n16:lnui4d
f204:dir:0
Invalid operation
/d17/f230/d292
d202
d202
d202
d202:0
n78:1E AE
d202:0
d165/
d202
d202:txt:0
Invalid operation
d165/
d88
n78:B5 8A 70 A7 44 38 7B 25 C4
d164/
d186/
d194
d213
d273/
d59
d86/
f129
f136
f204/
f230/
f245
f249
f252/
f78/
n109
n31
n74
n78
f5:dir:0
d1/
d109
d12/
d126
d127
d133/
d135/
d165
d168/
d17/
d176
d185
d190
d204
d205
d207/
d21/
d220
d221/
d245
d250
d263
d276
d280/
d283
d54
d70/
d78/
d9
f1/
f116
f140
f141
f143
f146
f17
f182
f185/
f205/
f219/
f236/
f24/
f240/
f246/
f256/
f267
f27
f293/
f40
f5/
f60/
n105/
n16
n30/
n34/
n43
n58/
n64/
n70
n97
f140:524
d190:56
d220:14
f140:524
d190:56
d220:14
Invalid operation
Invalid operation
f140:524
d190:54
d220:14
n16:13
d204:12
f27:12
d126:9
d263:9
f140:524
d190:55
d220:14
n16:13
Invalid operation
Invalid operation
Invalid operation
d147:16
f197:13
d256:0
f140:524
d190:55
d220:14
d1/
d109
d12/
d126
d127
d133/
d135/
d165
d168/
d17/
d176
d185
d190
d204
d205
d207/
d21/
d220
d221/
d245
d250
d263
d276
d280/
d283
d54
d70/
d78/
d9
f1/
f116
f140
f141
f143
f146
f17
f182
f185/
f205/
f219/
f236/
f24/
f240/
f246/
f256/
f267
f27
f293/
f40
f5/
f60/
n105/
n16
n30/
n34/
n43
n58/
n64/
n70
n97
Invalid operation
/d190
d190:35 1D 8E 5E B8 F7 A9
f140:524
d190:55
d220:14
f140:524
d190:55
d220:14
f140:524
d190:55
d220:14
f140:524
d190:55
d220:14
d147
d243/
d25/
d256
f197
f228/
/d168/d147
d147
d243/
d25/
d256
f197
f228/
f140:524
d190:59
d220:14
d1/
d109
d12/
d126
d127
d133/
d135/
d165
d168/
d17/
d176
d185
d190
d204
d205
d207/
d21/
d220
d221/
d245
d250
d263
d276
d280/
d283
d54
d70/
d78/
d9
f1/
f116
f140
f141
f143
f146
f17
f182
f185/
f205/
f219/
f236/
f24/
f240/
f246/
f256/
f267
f27
f293/
f40
f5/
f60/
n105/
n16
n30/
n34/
n43
n58/
n64/
n70
n97
Invalid operation
d1/
d109
d12/
d126
d127
d133/
d135/
d165
d168/
d17/
d176
d185
d190
d204
d205
d207/
d21/
d220
d221/
d245
d250
d263
d276
d280/
d283
d54
d70/
d78/
d9
f1/
f116
f140
f141
f143
f146
f17
f182
f185/
f205/
f219/
f236/
f24/
f240/
f246/
f256/
f267
f27
f293/
f40
f5/
f60/
n105/
n16
n30/
n34/
n43
n58/
n64/
n70
n97
f140:524
d190:59
Invalid operation
Null
Invalid operation
d118:B2 4F
Invalid operation
d118:91 AE 00 00 00 58 00 B8
d57:o8y.gqdgw7fuzcr
d57:o8y.gqdgw7fuzcr
Null
d57:15
Invalid operation
Invalid operation
f143:0
f3
d118:46 9B
d118:AE 00 00 00 58 00 B8 EA B2 4F A0 46 9B
/f205/d267/f143
/f143
f11:15nz7f4c1l.qu 
f11
f286/
n85/
f11
f286/
n85/
f11:14
n28:0
f11
f252/
f286/
n102/
n28
Invalid operation
Null
Invalid operation
f286:dir:0
Invalid operation
Invalid operation
f11
n102/
n26
n28
n85/
f11:16
n28:5
n26:0
Invalid operation
/f205/d267/f144/f11
f11:15nz7f4c1l.qu ut
Invalid operation
d31/
f11
f265
n102/
n26
n28
n85/
Invalid operation
Invalid operation
d118:66 91 AE 00 00 08 71 01 C8
Invalid operation
Null
d31/
f11
f265
n102/
n26
n28
n85/
Invalid operation
n28:00 00
Invalid operation
d118
d267/
f175
f197
f255
f175:md:43
d118
d267/
f133
f175
f197
f255
d118:69
Invalid operation
d147
d254
d272
f143
f144/
f243/
f265/
n60/
f143:21
Invalid operation
f143:6he xh2n72gwc7tx98qfe
Invalid operation
d254
d272
f143
f144/
f243/
f246
n60/
d254
d272
f143
f144/
f243/
f246
n60/
d254
d272
f143
f144/
f243/
f246
n60/
d254
d272
f143
f144/
f243/
n60/
Invalid operation
/f205/f255
Invalid operation
d118:00
Invalid operation
f255:md:13
Null
d118:00 00
d118:2A 69 10 00 00
d118:22
f197:15
f255:13
f133:0
d118
d267/
f133
f170/
f197
f255
n44/
f255:md:13
d118:4B 1E DD 52 0B
d118
d267/
d276
f133
f170/
f197
f255
n44/
d118
d247/
d267/
d276
f113
f133
f170/
f197
f255
n44/
d118
d247/
d267/
d276
f113
f133
f170/
f197
f255
n44/
d118:17
f197:15
f255:13
d276:7
f113:3
d118:17
f197:15
f255:15
d190:85 02 C2 2B 6D
f5:dir:0
d190:A6 79 17 BF 57 0C D9 6F DD F7
d1/
d109
d12/
d126
d127
d133/
d135/
d165
d168/
d17/
d176
d185
d190
d204
d207/
d21/
d220
d221/
d245
d250
d263
d276
d280/
d283
d54
d70/
d78/
d9
f1/
f116
f140
f141
f143
f146
f17
f182
f185/
f205/
f219/
f236/
f24/
f240/
f246/
f256/
f267
f27
f293/
f40
f5/
f56/
f60/
n105/
n16
n30/
n34/
n43
n58/
n64/
n70
n97
f5:dir:0
f140:524
d190:59
d220:14
Invalid operation
Invalid operation
d190:D9 6F DD F7 D6 06 35 25
Invalid operation
Invalid operation
/d190
f5:dir:0
d1/
d109
d12/
d126
d127
d133/
d135/
d165
d168/
d17/
d176
d185
d190
d204
d207/
d21/
d220
d221/
d245
d250
d263
d276
d280/
d283
d54
d70/
d78/
d9
f1/
f116
f140
f143
f146
f182
f185/
f205/
f219/
f236/
f24/
f240/
f246/
f256/
f267
f27
f293/
f40
f5/
f56/
f60/
n105/
n16
n30/
n34/
n43
n58/
n64/
n74/
n97
Null
d1/
d109
d12/
d126
d127
d133/
d135/
d165
d168/
d17/
d176
d185
d190
d204
d207/
d21/
d220
d221/
d245
d250
d263
d276
d280/
d283
d54
d70/
d78/
d9
f1/
f116
f140
f143
f146
f182
f185/
f205/
f219/
f236/
f24/
f240/
f246/
f256/
f267
f27
f293/
f40
f5/
f56/
f60/
n105/
n16
n30/
n34/
n43
n58/
n64/
n74/
n97
Invalid operation
Invalid operation
Invalid operation
/d280/f260
Invalid operation
d190:FA A5 88 F6 91 78 53
f140:524
d190:59
d220:14
f140:524
d190:59
d220:14
d141
f260
f260:txt:2
f140:524
d190:60
d220:14
/d190
Invalid operation
Invalid operation
Invalid operation
Invalid operation
Invalid operation
d190:BF 57 0C D9 6F DD F7 D6 06 35 25 D9 65 21 61 77 FA A5 88 F6 91 78 53 D1 C7 4F 00 00 00
d1/
d109
d12/
d126
d127
d133/
d135/
d157
d165
d168/
d17/
d176
d185
d190
d204
d207/
d21/
d220
d221/
d245
d250
d263
d276
d280/
d283
d54
d70/
d78/
d9
f1/
f116
f140
f143
f146
f182
f185/
f205/
f219/
f23
f236/
f24/
f240/
f246/
f256/
f267
f27
f293/
f40
f5/
f56/
f60/
n105/
n16
n30/
n34/
n43
n58/
n64/
n74/
n97
d1/
d109
d12/
d126
d127
d133/
d135/
d157
d165
d168/
d17/
d176
d185
d190
d204
d207/
d21/
d220
d221/
d245
d250
d263
d276
d280/
d283
d54
d70/
d78/
d9
f1/
f116
f140
f143
f146
f182
f185/
f205/
f219/
f23
f236/
f24/
f240/
f246/
f256/
f267
f27
f293/
f40
f5/
f56/
f60/
n105/
n16
n30/
n34/
n43
n58/
n64/
n74/
n97
Null
f25:DB D5 33 FA 0C
f25:BA
Invalid operation
f25:D5 33 FA 0C 00 00
Invalid operation
Invalid operation
Invalid operation
f25:44
f140:524
d190:59
d220:14
Invalid operation
f140:524
d190:59
d220:14
Invalid operation
f140:524
d190:59
d220:14
d1/
d109
d12/
d126
d127
d133/
d135/
d157
d165
d168/
d17/
d176
d185
d190
d204
d207/
d21/
d220
d221/
d245
d250
d263
d276
d280/
d283
d54
d70/
d78/
d9
f1/
f116
f140
f143
f146
f182
f185/
f205/
f219/
f23
f236/
f24/
f240/
f246/
f256/
f267
f27
f293/
f40
f5/
f56/
f60/
n105/
n16
n30/
n34/
n43
n58/
n64/
n74/
n97
Invalid operation
f140:524
d190:59
d220:14
Invalid operation
Invalid operation
d0
d109
d12/
d120
d26
d43
d52/
f127
f13
f236/
f65/
n52
/d135/d120
Invalid operation
d120:66
d26:49
d0:13
f127:9
d0
d109
d12/
d120
d26
d43
d52/
f127
f13
f236/
f54/
f65/
Invalid operation
Invalid operation
Invalid operation
Null
d26:F5 D5 67 C1 AB 67 F4 F5 A6 BF 25
Invalid operation
f236:dir:0
Invalid operation
Invalid operation
d120:78
/d135/d120
d0
d109
d120
d26
d43
d52/
f127
f13
f236/
f54/
f65/
Invalid operation
d0
d109
d120
d26
d43
d52/
f127
f13
f236/
f54/
f65/
d105
d12/
d180
d247/
f10
f170
f176
f183/
f268/
f295
f30/
f97
Invalid operation
d0
d109
d120
d26
d43
d52/
f127
f13
f189
f236/
f54/
f65/
d0
d109
d120
d26
d43
d52/
f127
f13
f189
f236/
f54/
f65/
d0
d109
d120
d26
d43
d52/
f127
f13
f189
f236/
f54/
f65/
d26:25 B9 7D B8
d0
d120
d26
d43
d52/
f116/
f127
f13
f189
f215/
f236/
f24/
f293/
f65/
d26:87 02 9E 0E FC 86 F5 D5 67 C1 19 23 5C 29 6F F3 07 C1 7D A2 DA
d26:3F E1 87 02 9E 0E FC 86 F5 D5 67 C1 19 23 5C 29 6F
f236:dir:0
Invalid operation
d0
d120
d26
d43
d52/
f116/
f127
f13
f189
f215/
f236/
f24/
f293/
f65/
f140:524
d190:58
d220:14
Invalid operation
d1/
d109
d12/
d126
d127
d133/
d135/
d157
d165
d168/
d17/
d176
d185
d190
d204
d207/
d21/
d220
d221/
d245
d250
d263
d276
d280/
d283
d54
d70/
d78/
d9
f1/
f116
f140
f143
f146
f182
f185/
f205/
f219/
f23
f236/
f24/
f240/
f246/
f256/
f267
f27
f293/
f40
f5/
f56/
f60/
n105/
n16
n30/
n34/
n43
n58/
n64/
n74/
n97
Invalid operation
f5:dir:0
Invalid operation
d1/
d109
d12/
d126
d127
d133/
d135/
d157
d165
d168/
d17/
d176
d185
d190
d204
d207/
d21/
d220
d221/
d245
d250
d276
d280/
d283
d54
d70/
d78/
d9
f1/
f116
f140
f143
f146
f182
f185/
f205/
f219/
f23
f236/
f24/
f240/
f246/
f256/
f267
f27
f293/
f40
f5/
f56/
f60/
n105/
n16
n30/
n34/
n43
n58/
n64/
n74/
n97
Invalid operation
Invalid operation
f140:524
d190:58
d220:14
f140:524
d190:58
f140:524
d190:58
d220:14
d1/
d109
d12/
d126
d127
d133/
d135/
d157
d165
d168/
d17/
d176
d185
d190
d204
d207/
d21/
d220
d221/
d245
d250
d263
d276
d280/
d283
d54
d70/
d78/
d9
f1/
f116
f140
f143
f146
f182
f185/
f205/
f219/
f23
f236/
f24/
f240/
f246/
f256/
f267
f27
f293/
f40
f5/
f56/
f60/
n105/
n16
n30/
n34/
n43
n58/
n64/
n74/
n97
Invalid operation
f140:524
d190:56
d220:14
Null
f140:524
d190:59
d220:14
Invalid operation
f140:524
d190:69
d220:14
f140:524
d190:69
d220:14
Invalid operation
f140:524
d190:60
d220:14
/d190
f140:524
d190:56
d220:14
Invalid operation
f5:dir:0
Invalid operation
d1/
d109
d12/
d126
d127
d133/
d135/
d157
d165
d168/
d17/
d176
d185
d190
d204
d207/
d21/
d220
d221/
d245
d250
d263
d276
d280/
d283
d54
d70/
d78/
d9
f1/
f116
f140
f143
f146
f182
f185/
f205/
f219/
f23
f236/
f24/
f240/
f246/
f256/
f267
f27
f293/
f40
f5/
f56/
f60/
n105/
n16
n30/
n34/
n43
n58/
n64/
n74/
n97
/d190
d1/
d109
d12/
d126
d127
d133/
d135/
d157
d165
d168/
d17/
d176
d185
d190
d204
d207/
d21/
d220
d221/
d245
d250
d263
d276
d280/
d283
d54
d70/
d78/
d9
f1/
f116
f140
f143
f146
f182
f185/
f205/
f219/
f23
f236/
f24/
f240/
f246/
f256/
f267
f27
f293/
f40
f5/
f56/
f60/
n105/
n16
n30/
n34/
n43
n58/
n64/
n74/
n97
d1/
d109
d12/
d126
d127
d133/
d135/
d165
d168/
d17/
d176
d185
d190
d204
d207/
d21/
d220
d221/
d245
d250
d263
d276
d280/
d283
d54
d70/
d78/
d9
f1/
f116
f140
f143
f146
f182
f185/
f205/
f219/
f23
f236/
f24/
f240/
f246/
f256/
f267
f27
f293/
f40
f5/
f56/
f60/
n105/
n16
n30/
n34/
n43
n58/
n64/
n74/
n97
Invalid operation
f140:524
d190:56
d220:14
n16:13
d204:12
f27:12
d1/
d109
d12/
d126
d127
d133/
d135/
d165
d168/
d17/
d176
d185
d190
d204
d21/
d220
d221/
d245
d250
d263
d276
d280/
d283
d54
d70/
d78/
d9
f1/
f116
f126/
f140
f143
f146
f182
f185/
f205/
f219/
f23
f236/
f24/
f240/
f246/
f256/
f267
f27
f293/
f40
f5/
f56/
f60/
n105/
n16
n30/
n34/
n43
n48/
n58/
n64/
n74/
n97
Null
f140:524
d190:56
d220:14
f140:524
d190:56
d220:14
Null
f140:524
d190:58
d220:14
Invalid operation
f140:524
d190:58
d220:14
f140:524
d190:58
d220:14
f140:524
d190:58
d220:14
f140:524
d190:58
d220:14
d1/
d109
d12/
d126
d127
d133/
d135/
d165
d168/
d17/
d176
d185
d190
d204
d21/
d220
d221/
d245
d250
d263
d276
d280/
d283
d54
d70/
d78/
d9
f1/
f111/
f116
f126/
f140
f143
f146
f182
f185/
f205/
f219/
f23
f236/
f24/
f240/
f246/
f256/
f267
f27
f293/
f40
f5/
f56/
f60/
n105/
n16
n30/
n34/
n43
n58/
n64/
n74/
n97
f140:524
d190:58
d220:14
f140:524
d190:58
d220:14
n16:13
d204:12
f27:12
d126:9
d263:9
Invalid operation
/f256/d204
/d204
Invalid operation
d204
d223/
f103/
f292
Invalid operation
f140:524
d190:58
d220:14
n16:13
d204:12
f27:12
d126:9
Invalid operation
Invalid operation
f140:524
d190:58
d220:14
d190:00
f140:524
d190:61
d220:14
f140:524
d190:61
d220:14
Invalid operation
Invalid operation
Invalid operation
Invalid operation
Invalid operation
/d190
d182:dir:0
f6:dvlk0g
Invalid operation
d182/
f282
f6
Invalid operation
f5:dir:0
f140:524
d190:61
d220:14
Invalid operation
d1/
d109
d12/
d126
d127
d133/
d135/
d165
d168/
d17/
d176
d185
d190
d204
d21/
d220
d221/
d245
d250
d263
d276
d280/
d283
d54
d70/
d78/
d9
f1/
f111/
f116
f126/
f140
f143
f146
f182
f185/
f205/
f219/
f23
f236/
f24/
f240/
f246/
f256/
f267
f27
f293/
f40
f5/
f56/
f60/
n105/
n16
n30/
n34/
n43
n58/
n64/
n74/
n97
f140:524
d190:60
d220:14
Invalid operation
d1/
d109
d12/
d126
d127
d133/
d135/
d165
d168/
d17/
d176
d185
d190
d204
d21/
d220
d221/
d245
d250
d263
d276
d280/
d283
d54
d70/
d78/
d9
f1/
f111/
f116
f126/
f140
f143
f146
f182
f185/
f205/
f219/
f23
f236/
f24/
f240/
f246/
f256/
f267
f27
f293/
f40
f5/
f56/
f60/
n105/
n16
n30/
n34/
n43
n58/
n64/
n74/
n97
f140:524
d190:60
d220:14
d1/
d109
d12/
d126
d127
d133/
d135/
d165
d168/
d17/
d176
d185
d190
d204
d21/
d220
d221/
d245
d250
d263
d276
d280/
d283
d54
d70/
d78/
d9
f1/
f111/
f116
f126/
f140
f143
f146
f182
f185/
f205/
f219/
f23
f236/
f24/
f240/
f246/
f256/
f267
f27
f293/
f40
f5/
f56/
f60/
n105/
n16
n30/
n34/
n43
n58/
n64/
n74/
n97
f140:524
d190:61
d220:14
f5:dir:0
Invalid operation
f5:dir:0
Invalid operation
f5:dir:0
Invalid operation
Invalid operation
Invalid operation
d1/
d109
d12/
d126
d127
d133/
d135/
d165
d168/
d17/
d176
d185
d190
d204
d21/
d220
d221/
d245
d263
d276
d280/
d54
d70/
d78/
d9
f1/
f111/
f116
f140
f143
f146
f182
f185/
f205/
f219/
f23
f236/
f24/
f240/
f246/
f256/
f267
f27
f293/
f40
f5/
f56/
f60/
n105/
n16
n30/
n34/
n43
n58/
n64/
n74/
n97
Invalid operation
f255:md:15
Invalid operation
d118:17
f197:15
f255:15
n76:10
d118:17
Null
Invalid operation
d118
d247/
d267/
d276
f113
f118
f133
f170/
f197
n44/
n74
Null
d185/
d291
Invalid operation
Invalid operation
Invalid operation
f140:524
d190:61
d220:14
Invalid operation
d1/
d105/
d109
d12/
d126
d127
d133/
d135/
d165
d168/
d17/
d176
d185
d190
d204
d21/
d220
d221/
d245
d263
d276
d280/
d54
d70/
d78/
d9
f1/
f111/
f116
f140
f143
f146
f182
f185/
f205/
f219/
f227
f23
f236/
f24/
f240/
f246/
f250
f256/
f267
f27
f293/
f40
f5/
f56/
f60/
n105/
n16
n30/
n34/
n43
n58/
n64/
n74/
n97
f140:524
d190:59
d220:14
f170:16
d208:1
Invalid operation
/f60/d208
d208:md:1
d152/
d16/
d208
f170
f267
d152/
d16/
d208
f170
f267
d152/
d16/
d208
d286/
f165
f170
f215
f267
n60/
Invalid operation
d152/
d16/
d208
d286/
f165
f170
f215
f267
f55
n60/
d208:r
f215:76
f215:76
Invalid operation
f229
/f60/n60/f162
d17/
f123/
Invalid operation
Invalid operation
Invalid operation
d208:r4.b01 1q876o.o_qskiwldltx-0if
d152/
d16/
d168
d208
d246
d286/
f165
f170
f215
f267
f55
n60/
d152/
d16/
d168
d208
d246
d286/
f165
f170
f215
f267
f55
n60/
d190:00 00
d190:AA 6F EE F1 C8 F7 AB B1 B5 E7 00 00 00 00
d190:C9 D1 89 17 BF 57 0C D9 6F DD F7 D6 06 35 25 D9 65 77 61 77 D8 04 AA 6F EE F1 C8 F7 AB B1 B5 E7 00 00
d190:F7 AB B1 B5 E7 00 00 00 00 00
Invalid operation
Invalid operation
Invalid operation
Null
d135:txt:0
Invalid operation
d190:85 02 C2 3D C9 D1 89 17 BF 57 0C D9 6F DD F7 D6 06 35 25 D9 65 77 61 77
d190:D2 7B 72 28 C0 18 C8 35 1D 8E 5E C2 85 02 C2 3D C9 D1 89 17 BF 57 0C D9 6F DD F7 D6 06 35 25 D9 65 77
d135:x
d152/
f185
f208
f233
n39/
n56
d190:BF 57 0C
Invalid operation
n39:dir:0
d135
d222
d33/
d92
n18/
Invalid operation
Invalid operation
d92:9
d222:6
d53:2
d135
d222
d33/
d53
d92
f294/
n18/
d53:00
d53:00
Invalid operation
d135:x3qyz
Invalid operation
Invalid operation
d53:00 00
Invalid operation
Invalid operation
d135
d202/
d222
d229/
d33/
d37
d52
d53
f148/
f226
f294/
f96
n18/
n22/
Invalid operation
d135:txt:31
d53:00
d173/
f195/
d53:00
Invalid operation
f293:1ca1wj4uhl5.595_s.wvfi3-cr4ed-71tx
Invalid operation
Invalid operation
d135
d202/
d222
d229/
d292
d297/
d33/
d37
d52
d53
f148/
f169/
f226
f294/
f96
n113/
n18/
n22/
d53:BB 72 DE 52 E2
d53:E2
d135:31
d52:11
d53:8
d222:6
Invalid operation
d135:x3qyz52-eei87spu6tu -_j-y770_65q67
d135:txt:35
Invalid operation
Invalid operation
/f60/d221/d202/d29
d53:B7 BC CD
f4/
Invalid operation
Null
Invalid operation
Invalid operation
f15/
f290
/f60/d221/d202/f4/f290
f290:A4
f15/
f290
Null
Invalid operation
d135:x3qyz52-eei87spu6tu -_j-y770_65q67x
Invalid operation
d53:50
/f60/d221/d202/f4/d10
d10
d88
f107/
f15/
f66/
d10
d88
f107/
f15/
f66/
d53:BC CD
d53:CA 4B 50 B7 BC CD
d10:37 88d_z8rjv msx09-
d10
d88
f15/
f188
f66/
d53:4B
Invalid operation
Invalid operation
d10:md:32
Invalid operation
Invalid operation
d10:37 88d_z8rjv msxx.nrqm1ti-7odp5_4q-c
Invalid operation
f60:3
Invalid operation
Invalid operation
f60
n62
d88:txt:0
d88:txt:10
Invalid operation
Invalid operation
Invalid operation
Invalid operation
Invalid operation
Invalid operation
f60
n62
f60:3
d53:CA 4B 50 B7 BC D3 93 EF 00 3E
Invalid operation
d204:bin:5
Invalid operation
Invalid operation
d204
d236
f158
f97/
Invalid operation
Null
f200:dir:0
Invalid operation
Invalid operation
f215/
f287/
f287:dir:0
f287/
Invalid operation
d282/
f184
f287/
Invalid operation
f184:ei.bd2ejjys8l3ej
Invalid operation
Invalid operation
d236:14
d204:11
n90:7
d204
d236
d285/
f185
f97/
n90
Invalid operation
/f60/d221/d202/f4/d87/d204
/d204
d204:00 00
d204:bin:13
d88:txt:13
d119/
d245/
d44
d87/
d88
f15/
f155
f193
f215/
d88:1.dk4jjd1hd3u
Invalid operation
Invalid operation
f246/
n117
d8
f246/
n117
d119/
d245/
d44
d87/
d88
f15/
f155
f193
f215/
n91
Invalid operation
Invalid operation
Invalid operation
Invalid operation
d138/
f4/
Invalid operation
Invalid operation
d53:4B 50 B7 BC D3 93 EF 00 3E 0B
d132/
d152/
d16/
d168
d208
d221/
d225/
d246
d286/
f165
f170
f266
f267
f292
f55
n60/
d132/
d152/
d16/
d168
d208
d221/
d225/
d246
d286/
f165
f170
f266
f267
f292
f55
n60/
d190:D2 7B 72 28
d208:r4.b01 1q876o.o_qskiwldltx-0ifj4x7rmq0sr7akmkpuqta90zf16-1c6lzi63 .czsx
Invalid operation
d184:8
Invalid operation
Invalid operation
Invalid operation
d266/
d260/
f287/
Invalid operation
/f60/f223/d266/f32
f54:9a6a25 nca
d190:D6 06 35
d190:18 D7 A8 1D 8E 5E C2 85 02 C2 3D C9 D1 89 E2 E0 5F 0C D9
Null
d56/
f142
f22
f54
n12
n20/
f54:9a6a25 ncax
f54:9a6a25 ncax
d56/
d71/
f142
f22
f54
n12
n20/
Invalid operation
Invalid operation
d190:D9
d13/
d14/
d266/
d270/
Invalid operation
Null
d208:r4.b01 1q876o.o_qskiwldltx-0ifj4x7rmq0sr7akmkpuqta90zf16-1c6lzi63 .czsx1cxo_._k83 
/f60/f223/f68
Invalid operation
f140:524
d190:47
d220:14
/d190
Invalid operation
f140:524
d190:47
d220:14
f239:txt:27
Null
Invalid operation
f0:5C 62 BE
f243/
Invalid operation
f239:fjiuc05nq5i5h_q0idda9pl ehexog6nd4rdrxb4
Invalid operation
Invalid operation
d108
d157/
d183/
d218/
d78
f0
f122/
f239
f252/
f282
f76/
n0
n7
d108
d157/
d183/
d218/
d78
f0
f122/
f239
f252/
f282
f76/
n0
n7
d108
d157/
d183/
d218/
d23
d25/
d78
f0
f122/
f239
f252/
f282
f76/
n0
n7
f239:fjiuc05nq5i5h_q0idda9pl ehexog6nd4rdrxb4
Invalid operation
/n58/f0
Invalid operation
d108
d157/
d183/
d218/
d25/
d78
f0
f122/
f128/
f252/
f282
f76/
n0
n7
Invalid operation
d108
d157/
d183/
d218/
d25/
d78
f0
f122/
f128/
f252/
f282
f76/
n0
d108
d157/
d183/
d218/
d25/
d78
f0
f122/
f128/
f252/
f282
f76/
n0
n7
f5:dir:0
f0:26
d108
d157/
d183/
d218/
d25/
d37/
d78
f0
f122/
f128/
f252/
f282
f76/
n0
n7
Invalid operation
/f182
Invalid operation
Invalid operation
Invalid operation
Invalid operation
d92/
f0:8A FC 20
Invalid operation
f95:9b9scqhyxt41srx9njb8lrz7lpoei
f95:9b9scqhyxt41srx9njb8lrz7lpoei
d108
d157/
d183/
d218/
d25/
d78
f0
f122/
f128/
f252/
f282
f76/
n0
n7
d108
d157/
d183/
d218/
d25/
d78
f0
f122/
f128/
f168/
f252/
f282
f76/
n0
n7
Invalid operation
Invalid operation
Invalid operation
d108
d123/
d157/
d183/
d218/
d25/
d78
f0
f122/
f128/
f168/
f252/
f282
f76/
n0
n7
Invalid operation
f140:524
d190:47
d220:14
f228
f229
n69
f228
f229
f281
f65
n69
Invalid operation
Invalid operation
f229
f281
f65
Invalid operation
Invalid operation
Invalid operation
d95/
f229
f281
d95/
f229
f281
Invalid operation
f281:17
Invalid operation
Invalid operation
Invalid operation
f229:17 57 96 0D 0C E7 7F 74 98 00 00 00 00
Invalid operation
Invalid operation
f229:74
d253/
Invalid operation
Invalid operation
Invalid operation
Invalid operation
Invalid operation
/d21/f229
d253/
d253/
d29
f229:D8 9B 17 57 96 0D 0C E7 7F 74 98 00 00 00 00 00 00 21 40 5A 4E 00
d253/
d29
Invalid operation
Invalid operation
f229:00 21 40
n11
n11
Invalid operation
d163/
d225/
d240/
d92
d95/
f229
f281
f290
n10/
Invalid operation
n11:3
n8:0
n11:90n
d209/
d245/
d67
f174
n11
n8
n11:txt:10
Invalid operation
d209/
d245/
d67
f174
f91/
n11
n111/
n115/
n34
n8
Invalid operation
d102
d253/
d29
d29:24
d102:0
f229:D2 82 FA D8 9B 17 57 96 0D 0C E7 7F 74 45 CE D1 15 1B 97 72 C4 40 5A 4E 00 48 16 EC
d253/
d29
d253/
d29
Invalid operation
d29:24
Invalid operation
d1/
d105/
d109
d12/
d126
d127
d133/
d135/
d165
d168/
d17/
d176
d185
d190
d204
d21/
d220
d221/
d245
d263
d276
d280/
d54
d70/
d78/
d9
f1/
f111/
f116
f140
f143
f146
f182
f185/
f205/
f219/
f227
f23
f236/
f24/
f240/
f246/
f250
f256/
f267
f27
f293/
f40
f5/
f56/
f60/
n105/
n16
n30/
n34/
n43
n58/
n64/
n74/
n97
Invalid operation
Invalid operation
d108
d157/
d183/
d218/
d25/
d78
f0
f122/
f128/
f168/
f252/
f282
f76/
n0
n7
f0:23
n7:16
d78:3
d108:1
f282:0
n0:0
f0:BC 18
Invalid operation
d108
d15
d157/
d183/
d218/
d25/
d78
f0
f122/
f128/
f168/
f252/
f282
f76/
n0
n7
Invalid operation
d108
d15
d157/
d183/
d218/
d25/
d78
f0
f122/
f128/
f168/
f252/
f282
f76/
n0
n7
Invalid operation
Invalid operation
Invalid operation
Null
f0:E3 EB EE C2 E9 BC
d108
d130
d15
d157/
d183/
d218/
d292
d78
f0
f122/
f128/
f168/
f252/
f282
f76/
n0
Invalid operation
Invalid operation
d108
d130
d15
d157/
d183/
d218/
d262
d292
d78
f0
f122/
f128/
f168/
f252/
f282
f76/
n0
f140:524
d190:50
d220:14
/d190
f140:524
d190:50
d220:14
f0:bin:23
Invalid operation
d108
d130
d15
d157/
d183/
d218/
d262
d292
d78
f0
f122/
f128/
f168/
f252/
f282
f76/
n0
n63/
n96/
Invalid operation
Invalid operation
f0:bin:23
f0:bin:26
Invalid operation
f0:bin:26
f0:52 59 86 AA A6
Invalid operation
Invalid operation
Invalid operation
Invalid operation
Invalid operation
Invalid operation
d104/
d108
d130
d135/
d15
d157/
d183/
d218/
d244/
d262
d292
d64/
d78
f0
f122/
f128/
f146/
f168/
f252/
f282
f76/
n0
n63/
n96/
Invalid operation
Invalid operation
Invalid operation
f0:bin:25
Invalid operation
Invalid operation
d104/
d108
d13/
d130
d135/
d15
d157/
d183/
d218/
d244/
d262
d292
d64/
d78
f0
f122/
f128/
f146/
f168/
f252/
f282
f76/
f84/
n0
n63/
n96/
/n58/f0
Invalid operation
Invalid operation
d104/
d108
d130
d135/
d15
d157/
d183/
d207
d218/
d244/
d262
d292
d64/
d75
d78
f0
f122/
f128/
f146/
f168/
f252/
f280
f282
f76/
f84/
n0
n63/
n96/
f146:dir:0
Invalid operation
d127/
f138
f146/
f147/
f67/
f146:dir:0
Invalid operation
f146:dir:0
Invalid operation
f0:52 59 86 3D 9D 53
Invalid operation
Invalid operation
f259:dir:0
Invalid operation
f0:EE C2
Invalid operation
Invalid operation
f0:EE C2 E9 BC 40 12 35 CC
f86:i
/n58/d104/n42/f86
d117
f259/
f295
f90
f295:-41hqegq8
Invalid operation
/n58/d104/n42/f259/d224
/n58/d104/n42/f295
/n58/d104/n42/f295
d140:17
Null
f259:dir:0
Null
/n58/f76/f138
Invalid operation
Null
Invalid operation
Invalid operation
d127/
d259
f138
f146/
f147/
f183
f290/
f67/
n29
n55
f138:DC 00 74 A9 F6
Invalid operation
Invalid operation
f146:dir:0
d104/
d130
d135/
d15
d157/
d17
d183/
d207
d218/
d244/
d262
d292
d64/
d75
d78
f0
f122/
f146/
f168/
f252/
f280
f282
f289
f66
f76/
f84/
n0
n63/
n96/
Invalid operation
Invalid operation
d127/
d163/
d259
d278
f138
f146/
f147/
f183
f272
f290/
f67/
f76/
n29
n55
Invalid operation
f146:dir:0
Null
f183:
f183:
f183:
d102
d127/
d163/
d181
d278
f146/
f147/
f183
f219
f272
f290/
f67/
f76/
n29
n55
f146:dir:0
d102
d127/
d163/
d181
d278
f146/
f147/
f183
f219
f272
f290/
f67/
f76/
n29
n55
/n58/f76/f183
f183:x
f146:dir:0
d10/
d102
d108/
d163/
d181
d278
d293
f146/
f183
f219
f220
f248
f272
f290/
f36
f67/
n100/
n29
n55
f67:bin:14
d273/
d277
f67
Invalid operation
Invalid operation
d273/
d277
Invalid operation
d277
d277
d277:97 91 40
d10/
d102
d108/
d163/
d181
d278
d293
f146/
f183
f219
f220
f248
f272
f290/
f36
f67/
n100/
n29
n55
Invalid operation
Invalid operation
n29:8C 6A
Invalid operation
Invalid operation
Invalid operation
d104/
d130
d135/
d15
d157/
d17
d183/
d207
d218/
d244/
d262
d292
d64/
d75
d78
f0
f122/
f146/
f168/
f252/
f280
f282
f289
f76/
f84/
n0
n63/
n96/
d104/
d130
d135/
d15
d157/
d17
d183/
d207
d218/
d244/
d262
d292
d64/
d75
d78
f0
f122/
f146/
f168/
f252/
f280
f282
f289
f76/
f84/
n0
n63/
n96/
Invalid operation
Invalid operation
d104/
d130
d135/
d15
d157/
d17
d183/
d207
d218/
d244/
d25
d262
d292
d75
d78
f0
f122/
f146/
f168/
f218/
f252/
f280
f282
f289
f76/
f84/
n0
n63/
n96/
f0:37
d130:16
d75:12
d25:3
d78:3
d207:2
f280:2
d15:0
Invalid operation
Invalid operation
Invalid operation
Invalid operation
Invalid operation
Invalid operation
d185:md:0
d185
d104/
d130
d133/
d135/
d15
d157/
d17
d183/
d207
d218/
d234
d244/
d25
d262
d278
d292
d293
d75
d78
f0
f122/
f146/
f168/
f218/
f252/
f280
f282
f289
f31/
f76/
f84/
n0
n36
n63/
n96/
Invalid operation
Invalid operation
f140:524
d190:50
d220:14
Invalid operation
Invalid operation
Invalid operation
Invalid operation
Invalid operation
d1/
d105/
d109
d12/
d126
d127
d133/
d135/
d165
d168/
d17/
d176
d185
d190
d204
d21/
d220
d221/
d245
d263
d276
d280/
d54
d70/
d78/
d9
f111/
f116
f140
f143
f146
f182
f185/
f205/
f219/
f227
f23
f236/
f24/
f240/
f246/
f250
f256/
f267
f27
f293/
f40
f45/
f5/
f56/
f60/
n105/
n16
n30/
n34/
n43
n58/
n64/
n74/
n97
d1/
d105/
d109
d12/
d126
d127
d133/
d135/
d165
d168/
d17/
d176
d185
d190
d204
d21/
d220
d221/
d245
d263
d276
d280/
d54
d70/
d78/
d9
f111/
f116
f140
f143
f146
f182
f185/
f205/
f219/
f227
f23
f236/
f24/
f240/
f246/
f250
f256/
f267
f27
f293/
f40
f45/
f5/
f56/
f60/
n105/
n16
n30/
n34/
n43
n58/
n64/
n74/
n97
Invalid operation
d208:md:82
d132/
d152/
d16/
d168
d208
d221/
d225/
d246
d286/
d73
f165
f170
f223/
f266
f267
f292
f55
n35
n60/
d132/
d152/
d16/
d168
d208
d221/
d225/
d246
d286/
d73
f127
f165
f170
f223/
f266
f267
f271
f292
f55
n35
n60/
/f60/f223/f68
Invalid operation
f68:79
Invalid operation
d223/
d266/
f147
f197/
f68
d223/
d266/
f147
f197/
f68
Invalid operation
Invalid operation
Invalid operation
/f60/f223/f68
Invalid operation
Invalid operation
Invalid operation
Null
d132/
d149
d152/
d16/
d168
d208
d221/
d225/
d246
d73
f127
f165
f170
f223/
f266
f267
f271
f284/
f292
f55
n35
n60/
n71
n71:E7
d135
d195
d202/
d222
d249
d33/
d37
d52
d53
f148/
f169/
f226
f294/
f96
n113/
n18/
n22/
Invalid operation
Invalid operation
f267:ufr54z-g-vmljm141-r.x
d132/
d149
d152/
d16/
d168
d221/
d225/
d246
d73
f127
f141/
f165
f170
f223/
f266
f267
f271
f284/
n60/
n71
Invalid operation
Invalid operation
/f60/n60/d256
n71:C5 ED
Invalid operation
d17/
d251/
d299
d61
f123/
f210
f236
f279/
f284/
f289/
n40
n61/
Invalid operation
d17/
d251/
d299
d50/
d61
f123/
f188
f210
f236
f279/
f284/
f289/
n40
n61/
Invalid operation
f188:2D
f188:02 F5 0E
/f60/n60/f123/f206
d35:dir:0
/f60/n60/f123/f206
f206:30
d160:13
d272:13
n79:5
d114/
d160
d272
d35/
f206
f3
n79
d114/
d160
d218
d272
d35/
f206
f236/
f5
n79
n88/
f188:E0 BD
d114/
d160
d218
d272
d35/
f206
f236/
f5
n76/
n79
n88/
f188:A2 00 A7 3D
f188:E0 BD F6
Invalid operation
f188:D3 28
d35:dir:0
Invalid operation
Invalid operation
Invalid operation
f188:17 5E 85 46 A5 84
d114/
d160
d254/
d272
d35/
f114/
f168
f206
f236/
f5
n76/
n79
n88/
Invalid operation
d61:zj-858lq0.ffov4n
f123:dir:0
Invalid operation
d17/
d223
d227
d251/
d299
d61
f123/
f139/
f188
f236
f279/
f284/
f289/
n61/
Invalid operation
f188:40
d61:16
f236:8
d223:0
d17/
d223
d227
d251/
d299
d61
f123/
f139/
f188
f236
f279/
f284/
f289/
n61/
Invalid operation
f188:D1 6E B1 5D 4C E5 B8
/f60/n60/d61
d61:zj-858lq0.ffov4nx
d190:00
Invalid operation
f140:524
d190:50
d220:14
Invalid operation
Invalid operation
Invalid operation
Invalid operation
f140:524
d190:50
d220:14
f140:524
d190:50
d220:14
d190:85 C5 BF 03 5C E6 AA E2
d1/
d105/
d109
d12/
d126
d127
d133/
d135/
d141
d165
d168/
d17/
d176
d185
d190
d204
d21/
d220
d221/
d245
d263
d276
d280/
d54
d70/
d78/
f111/
f116
f140
f143
f146
f182
f185/
f205/
f219/
f227
f23
f236/
f24/
f240/
f246/
f250
f256/
f267
f27
f293/
f40
f5/
f56/
f60/
n105/
n16
n30/
n33
n34/
n43
n58/
n64/
n74/
n97
Invalid operation
Invalid operation
f140:524
d190:50
d220:14
d1/
d105/
d109
d12/
d126
d127
d133/
d135/
d141
d165
d168/
d17/
d176
d185
d190
d204
d21/
d220
d221/
d245
d263
d276
d280/
d54
d70/
d78/
f111/
f116
f140
f143
f146
f182
f185/
f205/
f219/
f227
f23
f236/
f24/
f240/
f246/
f250
f256/
f267
f27
f293/
f40
f5/
f56/
f60/
n105/
n16
n30/
n33
n34/
n43
n58/
n64/
n74/
n97
d1/
d105/
d109
d12/
d126
d127
d133/
d135/
d141
d165
d168/
d17/
d176
d185
d190
d204
d21/
d220
d221/
d245
d263
d276
d280/
d54
d70/
d78/
f111/
f116
f140
f143
f146
f182
f185/
f205/
f219/
f227
f23
f236/
f24/
f240/
f246/
f250
f256/
f267
f27
f293/
f40
f5/
f56/
f60/
n105/
n16
n30/
n33
n34/
n43
n58/
n64/
n74/
n97
d1/
d105/
d109
d12/
d126
d127
d133/
d135/
d141
d165
d168/
d17/
d176
d185
d190
d204
d21/
d220
d221/
d245
d263
d276
d280/
d54
d70/
d78/
f111/
f116
f140
f143
f146
f182
f185/
f205/
f219/
f227
f23
f236/
f24/
f240/
f246/
f250
f256/
f267
f27
f293/
f40
f5/
f56/
f60/
n105/
n16
n30/
n34/
n43
n58/
n64/
n74/
n97
f140:524
d190:51
Invalid operation
Invalid operation
Invalid operation
f5:dir:0
Invalid operation
d1/
d105/
d109
d12/
d126
d127
d135/
d141
d165
d168/
d17/
d176
d185
d190
d204
d21/
d220
d221/
d245
d263
d276
d280/
d54
d70/
d78/
f111/
f116
f140
f143
f146
f182
f185/
f205/
f219/
f227
f23
f236/
f24/
f240/
f246/
f250
f256/
f267
f27
f274
f293/
f40
f5/
f56/
f60/
n105/
n16
n30/
n34/
n58/
n64/
n74/
n97
Null
f5:dir:0
d190:3D B8 06 35 25 A9 1D AA 87 8A F3 B7 71 46 00 00 00
d1/
d105/
d109
d12/
d126
d127
d135/
d141
d165
d168/
d17/
d176
d185
d190
d204
d21/
d220
d221/
d245
d263
d276
d280/
d54
d70/
d78/
f111/
f116
f140
f143
f146
f182
f185/
f205/
f219/
f227
f23
f232
f236/
f24/
f240/
f246/
f250
f256/
f267
f27
f274
f293/
f40
f5/
f56/
f60/
n105/
n11/
n16
n30/
n34/
n58/
n64/
n74/
n97
Invalid operation
f140:524
d190:52
d220:14
Invalid operation
Invalid operation
d190:8A F3 B7 71 46 00 00 00 00 00
f88:uykvusu2ep_x1b7yyjow5d
f88:md:22
f88
f88:uykvusu2ep_x1b7yyjow5d
Invalid operation
/d190
Invalid operation
Invalid operation
Null
d2/
f134
f188/
f226/
f59
f72
f134
f174
f188/
f226/
f274
f59
d190:D2
Invalid operation
f134
f174
f188/
f226/
f274
f59
Invalid operation
Invalid operation
Invalid operation
Invalid operation
f140:524
d190:48
d220:14
f5:dir:0
Invalid operation
d190:52
d220:14
n16:13
Invalid operation
d190:52
d220:14
n16:13
d1/
d105/
d109
d12/
d126
d127
d135/
d141
d165
d168/
d17/
d176
d18/
d185
d190
d204
d21/
d220
d221/
d245
d263
d276
d280/
d54
d70/
d78/
f111/
f116
f143
f146
f182
f185/
f192/
f205/
f219/
f227
f23
f232
f236/
f24/
f240/
f246/
f250
f256/
f267
f27
f293/
f40
f5/
f56/
f60/
n105/
n11/
n16
n30/
n34/
n58/
n64/
n74/
n97
Invalid operation
d190:52
d220:14
n16:13
d190:52
d220:14
n16:13
Invalid operation
d1/
d105/
d109
d12/
d126
d127
d135/
d141
d165
d168/
d17/
d176
d18/
d185
d190
d204
d21/
d220
d221/
d245
d263
d276
d280/
d54
d70/
d78/
f111/
f116
f143
f146
f182
f185/
f192/
f205/
f219/
f227
f23
f232
f236/
f24/
f240/
f246/
f250
f256/
f267
f27
f293/
f40
f5/
f56/
f60/
n105/
n11/
n16
n30/
n34/
n58/
n64/
n74/
n97
Invalid operation
Invalid operation
d190:3E C2 8E 5E C2 85 C5 9B 79 A0 8B C9 43 C5 5F 0C D9 61 4B 3D B8 06 35 25 A9 1D AA 87 8A F3 B7 71 D8
d1/
d105/
d109
d12/
d126
d127
d135/
d141
d165
d168/
d17/
d176
d18/
d185
d190
d204
d21/
d220
d221/
d245
d263
d276
d280/
d54
d70/
d78/
f111/
f116
f143
f146
f182
f185/
f192/
f205/
f219/
f227
f23
f232
f236/
f24/
f240/
f246/
f250
f256/
f267
f27
f293/
f40
f5/
f56/
f60/
n105/
n11/
n16
n30/
n34/
n58/
n64/
n74/
n97
Null
d190:52
d220:14
n16:13
d190:52
d220:14
n16:13
d190:52
d220:14
n16:13
Invalid operation
Invalid operation
Invalid operation
d1/
d105/
d109
d12/
d126
d127
d135/
d141
d165
d168/
d17/
d176
d185
d190
d204
d21/
d220
d221/
d245
d263
d276
d280/
d54
d70/
d78/
f111/
f116
f143
f146
f182
f185/
f192/
f205/
f219/
f227
f23
f232
f236/
f24/
f240/
f246/
f250
f256/
f267
f27
f293/
f40
f5/
f56/
f60/
n105/
n11/
n16
n30/
n34/
n58/
n64/
n74/
n97
/d190
d131:38
n15:16
d276:12
d58:8
n87:0
Null
d131:ublxues98dzob6ctavc9 cecgxsvl7jo-xxqiu
d276:74 AA CB 39 69
Null
Invalid operation
/f240/d131
d139:dir:0
d131:ublxues98dzob6ctavc9 cecgxsvl7jo-xxqiu3kozxgqgixre40d2sr31d_585b.j7
d139:dir:0
Invalid operation
/f240/d131
Invalid operation
Invalid operation
d190:71 46 00 00 00
d118
d8/
Invalid operation
d58:25
n15:16
f231:15
n87:0
Invalid operation
n32:dir:0
d190:52 8D 71 46 00 00 00 00
f216
d190:C0 18 B4 3E C2 8E 79 B8 92 4C 2B 79 A0 8B C9 43 C5 5F 0C D9 61 4B 3D B8 06 35 25 A9 1D 11 58 B2 52 8D
Null
d58:c3_v4vvd02x7 redh_rg1waq4
d190:5F 0C D9 61 4B 3D B8 06 35 25 A9 1D 11 58 B2 52 8D 71 46 00 00 00 00
/f240/f217/f187
f187:15
d190:D9 61 4B 3D B8 06 35 25 A9 1D 11
f187:txt:15
Invalid operation
d281
f187
f22/
f276/
f281/
n91/
d281
f187
f22/
f281/
n91/
d190:52 8D 71 46 00 00
Invalid operation
d281
f187
f22/
f281/
f90/
n22/
n91/
f187: b1a7r_a6 j4yns
Invalid operation
d121
d281
f187
f22/
f281/
f90/
n22/
n91/
d121
d281
f187
f281/
f90/
n22/
n91/
d190:00
d190:9B 38 E3 BE D2 B7 24 E7 F6 ED 79 BF 70 8E 79 B8 92 4C 2B 79 A0 8B C9 43 C5 5F 0C D9 61 4B 3D B8 06 35 25
Invalid operation
d139/
d282/
d58
f125/
f158/
f159/
f217/
f231
f69/
n15
n53/
n87
d121
d146/
d281
f125/
f187
f281/
f90/
n22/
n91/
f187:txt:23
d190:3D B8 06 35 25 A9 1D 11 58 B2 52
d121
d146/
d281
f125/
f162/
f187
f281/
f90/
n29/
n91/
Invalid operation
Invalid operation
Invalid operation
d121
d146/
d281
f162/
f187
f281/
f90/
n29/
n91/
d146/
d281
f162/
f187
f281/
f90/
n29/
n91/
Invalid operation
f187:28
d281:12
Invalid operation
d119
d146/
d281
f187
f281/
f90/
n29/
n91/
d190:00
d190:59
d220:14
n16:13
Invalid operation
Invalid operation
Null
Invalid operation
/d190
f282
f45
f6
/f111/f6
d1/
d105/
d109
d12/
d126
d128/
d135/
d141
d165
d168/
d17/
d176
d185
d190
d204
d21/
d220
d221/
d245
d263
d276
d280/
d54
d70/
d78/
f111/
f116
f143
f146
f182
f185/
f192/
f201
f205/
f219/
f227
f229/
f23
f232
f236/
f24/
f240/
f246/
f250
f256/
f267
f27
f293/
f40
f5/
f56/
f60/
n105/
n16
n58/
n64/
n74/
n97
d1/
d105/
d109
d12/
d126
d128/
d135/
d141
d165
d168/
d17/
d176
d185
d190
d204
d21/
d220
d221/
d245
d263
d276
d280/
d54
d70/
d78/
f111/
f116
f143
f146
f182
f185/
f192/
f201
f205/
f219/
f227
f229/
f23
f232
f236/
f24/
f240/
f246/
f250
f256/
f267
f27
f293/
f40
f5/
f56/
f60/
n105/
n16
n58/
n64/
n74/
n97
Invalid operation
Invalid operation
Invalid operation
Invalid operation
f5:dir:0
d190:58
d220:14
n16:13
Invalid operation
f25:17
f260:15
d141:13
f97:10
d99:0
Invalid operation
/f267
d1/
d105/
d109
d12/
d126
d128/
d135/
d141
d163/
d165
d168/
d17/
d176
d185
d190
d204
d21/
d220
d221/
d245
d263
d27/
d276
d280/
d54
d70/
d78/
f111/
f116
f143
f146
f182
f185/
f192/
f201
f205/
f219/
f227
f229/
f23
f232
f236/
f24/
f240/
f246/
f250
f256/
f267
f27
f293/
f40
f5/
f56/
f60/
n105/
n16
n58/
n64/
n74/
n97
Invalid operation
d1/
d105/
d109
d12/
d126
d128/
d135/
d141
d163/
d165
d168/
d17/
d176
d185
d190
d204
d21/
d220
d221/
d245
d263
d27/
d276
d280/
d54
d70/
d78/
f111/
f116
f143
f146
f182
f185/
f192/
f201
f205/
f219/
f227
f229/
f23
f232
f236/
f24/
f240/
f246/
f250
f256/
f267
f27
f293/
f40
f5/
f56/
f60/
n105/
n16
n58/
n64/
n74/
n97
d190:59
d220:14
n16:13
d190:59
d220:14
n16:13
d190:59
d220:14
n16:13
d190:59
d220:14
n16:13
d1/
d105/
d109
d12/
d126
d128/
d135/
d141
d163/
d165
d168/
d17/
d176
d185
d190
d204
d21/
d220
d221/
d245
d263
d27/
d276
d280/
d54
d70/
d78/
f111/
f116
f143
f146
f182
f185/
f192/
f201
f205/
f219/
f227
f229/
f23
f232
f236/
f24/
f240/
f246/
f250
f256/
f267
f27
f293/
f40
f5/
f56/
f60/
n105/
n16
n58/
n64/
n74/
n97
Invalid operation
/f205/d267/n60/f80
Invalid operation
Invalid operation
n2:md:2
f103:90
Invalid operation
n2:md:2
Invalid operation
f229:dir:0
d169:luxw2bc5i-l9
d169:12
/f205/d267/n60/d94/f113/d11
f103:7A 33
Invalid operation
d11:
d11
d244/
f243/
f33
d11
d244/
d269
d63
f165
f243/
n1/
Null
d11:x3gb2xx22jjws7ntud9yv3ww_slm
d11:x3gb2xx22jjws7ntud9yv3ww_slm
d11:txt:29
f267:45 03 F2 59
d235:0
Null
d235
Invalid operation
f267:6D
Invalid operation
Invalid operation
Invalid operation
d169:luxw2bc5i-l9afi4zmswap
Invalid operation
f113:dir:0
f103:87 D3 69 7A 33 D4 00 00 00 00
Invalid operation
Invalid operation
d137
d94/
f113
f206/
f216
n0
n39
d137
d258/
d76/
d94/
f113
f206/
f216
f243
n0
d137
d258/
d76/
d94/
f113
f206/
f216
f243
n0
f216:
Invalid operation
d261:8E 08 78
d136/
d137
d258/
d299/
d76/
d94/
f113
f206/
f216
f217
f223/
f243
/f205/d267/n60/f216
d261:D8 01
d261:D8 01 A2
n105/
n105/
d136/
d137
d258/
d299/
d76/
d94/
f206/
f216
f217
f223/
f243
f150
f147
f150
f147:00
f150:xdnp
f150:txt:4
Invalid operation
f147:00 70 CD 02 08 29 7E
f150:txt:7
f150:xdnpq97
Invalid operation
f150:txt:7
f216:m6zf3ku_7f.et--fftatt1u5
Invalid operation
Invalid operation
Invalid operation
Invalid operation
Invalid operation
d261:98 08 00 00 C0 31 0C
Invalid operation
Invalid operation
d261:8E 08 78 98 08 00 00 C0 31
f143:txt:21
f216:m6zf3ku_7f.et--fftatt1u5
d94:dir:0
Invalid operation
f216:m6zf3ku_7f.et--fftatt1u5x
d136/
d225/
d258/
d299/
d76/
d94/
f160/
f169
f190/
f206/
f216
f217
f223/
f243
f289
f84
n117/
d94:dir:0
Invalid operation
d94:dir:0
d136/
d225/
d258/
d299/
d76/
d94/
f160/
f169
f190/
f206/
f216
f217
f223/
f243
f289
f84
n117/
d136/
d225/
d258/
d299/
d76/
d94/
f160/
f169
f190/
f206/
f216
f217
f223/
f243
f289
f84
n117/
Invalid operation
Invalid operation
f169:65
f169:85 E4 4D 3F
d136/
d225/
d258/
d299/
d76/
d94/
f15
f160/
f166/
f169
f190/
f206/
f217
f223/
f243
f289
f84
n117/
n47
Null
d136/
d225/
d299/
d76/
d94/
f15
f160/
f166/
f169
f179
f190/
f206/
f217
f223/
f243
f289
f7
f84
n117/
n47
Invalid operation
d94:dir:0
f169:00 30 50 C9 0B 4A 87 19 34
d136/
d210
d225/
d247/
d249
d286
d299/
d76/
d94/
f15
f160/
f164
f166/
f169
f179
f206/
f217
f223/
f243
f7
f84
n117/
n46
n47
d118:20
f197:15
d113
d118
d247/
d267/
d276
f113
f170/
f197
f243
n74
Invalid operation
Null
Invalid operation
f143:35
d261:06 A3 E3 00
/f205/d267/d254
f144:dir:0
Invalid operation
/f205/d267/d254
d169
d254
d261
f144/
f233/
f243/
f275
f45/
n100/
n47
n60/
d169
d254
d261
f144/
f243/
f275
f45/
n100/
n47
n60/
d169
d254
d261
d57
f144/
f243/
f275
f45/
n100/
n47
n60/
Invalid operation
f144:dir:0
d118:31
Invalid operation
f144:dir:0
f144:dir:0
Invalid operation
f21/
f4/
f4:dir:0
Invalid operation
Invalid operation
f298:0
Invalid operation
d166
d169
d251
d254
d57
f144/
f204/
f243/
f45/
n100/
n47
n60/
Invalid operation
d254:49
d166:9
d251:8
d57:8
n47:1
d169:0
d166
d169
d251
d254
d45/
d57
f144/
f200
f204/
f243/
f45/
n100/
n47
n60/
d254:zy0q9juoq5m8zt4n6brxxvbbk2nqg0q9kv569do6kt0ay1z2x
Invalid operation
Invalid operation
d166
d169
d251
d254
d45/
d57
f132
f144/
f157
f200
f204/
f243/
f45/
n100/
n108
n47
n57
n60/
d113
d118
d247/
d267/
d276
f113
f170/
f197
f243
n74
d118:bin:20
d113
d118
d247/
d267/
d276
f113
f170/
f197
f243
n74
Invalid operation
d113
d118
d247/
d267/
d276
f113
f115/
f170/
f197
f243
d113
d118
d247/
d267/
d276
f113
f115/
f170/
f197
f243
Invalid operation
d118:FE
d118:bin:28
Invalid operation
d190:59
d220:14
n16:13
d190:59
d220:14
n16:13
Invalid operation
d1/
d105/
d109
d12/
d126
d128/
d135/
d141
d163/
d165
d168/
d17/
d176
d185
d190
d204
d21/
d220
d221/
d245
d263
d27/
d276
d280/
d54
d70/
d78/
f111/
f116
f143
f146
f182
f185/
f192/
f201
f205/
f219/
f227
f229/
f23
f232
f236/
f24/
f240/
f246/
f250
f256/
f267
f27
f293/
f40
f5/
f56/
f60/
n105/
n16
n58/
n64/
n74/
n97
Invalid operation
f112/
f198/
f49/
f112/
f198/
f49/
Invalid operation
Invalid operation
Invalid operation
d1/
d105/
d109
d12/
d126
d128/
d135/
d141
d163/
d165
d168/
d17/
d176
d185
d190
d204
d21/
d220
d221/
d245
d263
d27/
d276
d280/
d54
d70/
d78/
f111/
f116
f143
f146
f182
f185/
f192/
f201
f205/
f219/
f227
f229/
f23
f232
f236/
f24/
f240/
f246/
f250
f256/
f267
f27
f293/
f40
f5/
f56/
f60/
n105/
n16
n58/
n64/
n74/
n97
d139/
d282/
d58
f125/
f158/
f159/
f217/
f231
f69/
n15
n53/
n87
Invalid operation
f63:4-0l_2_k7ov45zza0
Invalid operation
Invalid operation
d139/
d282/
d58
f125/
f158/
f159/
f217/
f69/
n15
n53/
n87
d139:dir:0
Invalid operation
d139/
d282/
d58
f125/
f158/
f159/
f217/
f69/
n15
n53/
n87
Invalid operation
d139/
d282/
d58
d90
f125/
f158/
f159/
f217/
f42
f69/
n15
n53/
n65/
n87
Invalid operation
d190:61 0A 93 DD 28 D9 16 25
Invalid operation
Invalid operation
Invalid operation
Invalid operation
Invalid operation
d1/
d105/
d109
d12/
d126
d128/
d135/
d141
d163/
d168/
d17/
d176
d185
d190
d204
d21/
d220
d221/
d245
d263
d27/
d276
d280/
d54
d70/
d78/
f111/
f116
f143
f146
f182
f185/
f192/
f201
f205/
f219/
f227
f229/
f23
f232
f236/
f24/
f240/
f246/
f250
f256/
f267
f27
f293/
f40
f5/
f56/
f60/
n105/
n58/
n64/
n74/
n97
Invalid operation
d104/
d130
d133/
d135/
d15
d157/
d17
d183/
d207
d218/
d234
d244/
d25
d262
d278
d292
d293
d75
d78
f0
f122/
f146/
f168/
f218/
f252/
f280
f282
f289
f31/
f76/
f84/
n0
n36
n63/
n96/
Invalid operation
f0:bin:40
f0:bin:40
d104/
d130
d133/
d135/
d15
d157/
d17
d183/
d207
d218/
d234
d244/
d25
d262
d278
d292
d293
d75
d78
f0
f122/
f146/
f168/
f218/
f252/
f280
f282
f289
f31/
f76/
f84/
n0
n36
n63/
n96/
Null
Null
Invalid operation
f0:bin:40
f0:40
d130:16
d293:14
d234:12
d75:12
Invalid operation
f0:DB B1 A5 AD 21 4F 32 8B 18 E0 BE D4 D6 AD 9C 31 3D E8 9C BF 66 00
/n58/f0
f0:40
d130:16
d293:14
d234:12
d75:12
d25:3
f0:bin:40
f0:68
f0:00 00
f0:1B 0A 1A 0A C5 01 AE 6F 68 DB B1 A5 AD 21 4F 32 8B 18 E0 BE D4 D6 AD 9C 31 3D E8 9C BF 66 00 00 00
Invalid operation
Invalid operation
d104/
d130
d133/
d15
d154
d157/
d17
d183/
d207
d218/
d234
d244/
d25
d262
d278
d292
d293
d75
d78
f0
f122/
f146/
f168/
f218/
f22
f252/
f280
f282
f289
f31/
f46
f76/
f84/
n0
n36
n43
n63/
n96/
f0:bin:40
d104/
d13/
d130
d133/
d15
d154
d155/
d157/
d17
d183/
d207
d218/
d234
d244/
d25
d262
d278
d292
d293
d75
d78
f0
f122/
f146/
f168/
f218/
f22
f252/
f279
f280
f282
f289
f31/
f46
f76/
f84/
n0
n36
n43
n63/
n96/
d104/
d13/
d130
d133/
d15
d154
d155/
d157/
d17
d183/
d207
d218/
d234
d244/
d25
d262
d278
d292
d293
d75
d78
f0
f122/
f146/
f168/
f218/
f22
f252/
f279
f280
f282
f289
f31/
f46
f76/
f84/
n0
n36
n43
n63/
n96/
f5:dir:0
f0:DB B1 A5
f0:bin:40
Invalid operation
Invalid operation
d104/
d13/
d130
d133/
d15
d154
d155/
d157/
d17
d183/
d207
d218/
d234
d244/
d25
d262
d278
d292
d293
d75
d78
f0
f122/
f146/
f168/
f218/
f22
f252/
f279
f280
f282
f289
f31/
f46
f76/
f84/
n0
n36
n43
n63/
n82
n96/
Invalid operation
Invalid operation
Invalid operation
Invalid operation
Invalid operation
Invalid operation
d75:6
f0:AA BD
d75:txt:6
f0:72 AA BD 5C A7 2D 00 00 00
Invalid operation
f21
f50
Invalid operation
Invalid operation
f21:15
d75:txt:7
Invalid operation
Invalid operation
d75
f176
f214/
f239/
f21:u0d 3b4u_j-05q2
d115
f21
Invalid operation
Invalid operation
d281
f172/
f21
d281:12
d232
d281
f21
n8
f21:u0d 3b4u_j-05q2x8kx0qexgljdq
Invalid operation
d115
d129/
d5/
d86/
f146
f21
f68/
Invalid operation
/n58/d157/f214/f21
d75
f214/
f239/
Invalid operation
d241
f167
Invalid operation
f0:7D 83 FA
d75:v59i4pxqn2ehjfaa01rtw696ej.y1rwyd
d75
f214/
f239/
f57
f70/
d75
f136
f214/
f239/
f136:4D 8D 75 FA
d75
f136
f214/
f239/
n27/
d115
d129/
d5/
d86/
f21
f68/
f21:28
d115
d129/
d5/
d86/
f187
f68/
Invalid operation
Invalid operation
f187:D5
Invalid operation
Invalid operation
Invalid operation
Null
Invalid operation
n13:82 DA 21
Invalid operation
Invalid operation
d136
d186/
f203/
f24
Invalid operation
d136:
n117:12
f12:5
d136:0
f132:15
d38
Invalid operation
d38:6F 7F 40 00
Invalid operation
Invalid operation
Invalid operation
d38:bin:19
d38:00 71 3E 00 19 EB D4 9F 2E DE
d38:F7 C4 0D 6F 7F 40 00 00 00 71
d114
d134
d194/
d38
n102/
n43/
Invalid operation
Null
d134
d194/
d38
n102/
Invalid operation
Invalid operation
Invalid operation
d134
d38
f294/
n102/
d232:1fowlbvjhx
d136:vj_434cmma
d134
d38
f294/
n102/
Invalid operation
d38:00 00
f278:dir:0
f278/
f278/
Invalid operation
Invalid operation
Invalid operation
Invalid operation
d38:5B 00
/n58/d157/n1/d186/f164/d38
Invalid operation
d117/
d286/
d43
Invalid operation
/n58/d157/n1/d186/f164/d38
d38:21
f227:12
d134:11
d43:md:18
d102
d117/
d286/
d43
f171
Invalid operation
Invalid operation
Invalid operation
Invalid operation
Invalid operation
Invalid operation
d38:F7 C4 0D 1B C3 0E C4 B4 1B DB 92
d38:0E C4 B4 1B DB 92 32 19 EB
Invalid operation
Invalid operation
d173/
Invalid operation
f105:1a trgwl5phdh-
f105
/n58/d157/n1/d186/f164/n102/d148/d82
Invalid operation
Invalid operation
d82:txt:21
d82:l50.m6opyw3o8f6 b37gn
d133
d82
f90/
Invalid operation
/n58/d157/n1/d186/f164/n102/d148/d82
d82:txt:22
Invalid operation
Null
Invalid operation
f123:
f123:
d50:_rp46.k1
Invalid operation
d128:5
Invalid operation
Invalid operation
/n58/d157/n1/d186/f164/n102/d148/n0/f287/d128
Invalid operation
f3:dir:0
Invalid operation
Invalid operation
d128:17 8C
Invalid operation
Invalid operation
Invalid operation
d128:94
f20:dir:0
Null
Invalid operation
Invalid operation
d215:99b14gw5-inwb7
/n58/d157/n1/d186/f164/n102/d148/n0/f287/d44/f20/d55/n23
d215:txt:14
d11/
d114/
d215
d55/
f25
f261
f277
n17
n46/
/d204
d215:99b14gw5-inwb7
d11/
d114/
d164
d251/
d55/
d77
f25
f261
f277
n17
Invalid operation
Invalid operation
Invalid operation
Invalid operation
d128:00 5D 42 11
Invalid operation
f20/
f247/
d2/
f20/
f247/
Invalid operation
Invalid operation
d135:13
d177:6
d128:5D 42 11
f20:dir:0
d128:42
d128:5D 42 11
d128:37 13 84 14 75
d105/
d135
d177
f175/
f20/
f247/
d177:rd9e_.mwtkp9x  5s0vt5y23j7mk-h2
Invalid operation
Null
f28:wa.81vynl-6m4
d128:42
d128:07 00 5D 42
d128:5D
f28:txt:0
d48:0
f28:0
Invalid operation
f28:txt:7
f28:a2poq1n
Invalid operation
Invalid operation
Invalid operation
f28:8
f121:7
f134:6
d166/
d258/
d48
f121
f134
f186/
f211/
f28
n102
n26/
Invalid operation
f28:txt:9
f28:txt:9
Invalid operation
d190/
d258/
d271/
d274
d48
f134
f186/
f202
f28
f46/
f78
f94/
n26/
Invalid operation
Invalid operation
/n58/d157/n1/d186/f164/n102/d148/n0/f287/d44/f175/f28
Invalid operation
f134:96 64 AA 40 27 6B 4E 01 28
f134:B7 15 31 39 00
Invalid operation
f134:64 AA 40 27 6B 4E
f134:40 27 6B 4E 01 28 B7
Invalid operation
Null
d190/
d258/
d271/
d274
f134
f186/
f202
f207
f277
f46/
f72/
f78
n100
Invalid operation
d190/
d258/
d271/
d274
f134
f186/
f202
f207
f277
f46/
f78
n100
Invalid operation
Invalid operation
d258:dir:0
d105/
d135
d177
f175/
f20/
f247/
d177:rd9e_.mwtkp9x  5s0vt5y23j7mk-h2x
f134:66 12 23 CE 38 63 74 00 00 00 59 8C 8D
Invalid operation
d10/
d39
f46
Invalid operation
f134:C7 CA 68 1F 03 67 DC 9E E8 FE 5B 24 84
d165
d165:txt:17
d165
d168/
f109/
f187/
d113/
f261/
d165:w6r8wqr3ed9fh_p85u38qsdrou2ak4p3c
f261/
/n58/d157/n1/d186/f164/n102/d148/n0/f287/d44/f175/d258/d191/d165
f134:24 84 E5 EE
f171
d165:w6r8wqr3ed9fh_p85u38qsdrou2ak4p3cxx
Invalid operation
Invalid operation
Invalid operation
f18
f47/
n89/
Invalid operation
f18
f47/
n89/
Null
Invalid operation
Invalid operation
f18:36
/n58/d157/n1/d186/f164/n102/d148/n0/f287/d44/d177
d5/
f47/
f70
n89/
Null
f70:tb 7rdh2i.4t4p8knx
d5/
f47/
n89/
d5/
f47/
n89/
f134:1F 0D DA 92 52 47 EB 5B 24 84 78 F7 23 71 37 05 A5
d5/
f267/
f47/
f64/
n89/
/n58/d157/n1/d186/f164/n102/d148/n0/f287/d44/f175/d258/d191/d165
d8:16
Invalid operation
Invalid operation
Invalid operation
Invalid operation
Null
Invalid operation
Invalid operation
Invalid operation
d271/
d60/
f232/
f259/
f290
f47/
f64/
n89/
n94
Invalid operation
d60/
f232/
f259/
f290
f47/
f64/
n89/
n94
f152/
f196/
Invalid operation
f149
f152/
f196/
n99
Invalid operation
/n58/d157/n1/d186/f164/n102/d148/n0/f287/d44/f175/f202
Invalid operation
d286
d60/
f232/
f235/
f259/
f290
f47/
f64/
n89/
n94
Invalid operation
d286
d60/
f232/
f235/
f259/
f290
f47/
f64/
n89/
n94
f290:F1 1B 18 78 E7 D2 40
Invalid operation
f290:23 00 00
d104/
d225/
d286
d41/
d60/
f232/
f235/
f259/
f290
f47/
f64/
n89/
Invalid operation
Invalid operation
Invalid operation
d104/
d213/
d225/
d286
d41/
d60/
f232/
f235/
f259/
f290
f47/
f64/
n89/
d104/
d213/
d225/
d286
d41/
d60/
f232/
f235/
f259/
f290
f47/
f64/
n89/
Invalid operation
Invalid operation
Invalid operation
f47:dir:0
f290:8E
Invalid operation
Invalid operation
Invalid operation
f290:94 45 B1 78 E7 D2 40 56 04 1B 9E 8E 85 BB 99
f290:D2 40
/n58/d157/n1/d186/f164/n102/d148/n0/f287/d44/f175/d258/d191/f109/f261/f152/d41/d139
d139
d139
f155
Invalid operation
d145:9
d139:txt:1
d139
d145
d30/
f247
f58/
d139
d145
d30/
f247
f58/
d139
d145
d30/
d75
f247
f58/
n117
Invalid operation
Invalid operation
n54:zdxtvfs-svd
n54:txt:11
d139:txt:1
/n58/d157/n1/d186/f164/n102/d148/n0/f287/d44/f175/d258/d191/f109/f261/f152/d41/d139
Invalid operation
Invalid operation
f290:6B 35 4D 60
f47:dir:0
f290:6B 35 4D 60
Invalid operation
Invalid operation
n53:
Null
n115:D8 91
/n58/d157/n1/d186/f164/n102/d148/n0/f287/d44/f175/d258/d191/f109/f261/f152/f47/n53
Invalid operation
d104:41
Invalid operation
Invalid operation
d104
/n58/d157/n1/d186/f164/n102/d148/n0/f287/d44/f175/d258/d191/f109/f261/f152/f47/n53
d138
d30/
f214
n115
n53
Invalid operation
d138
d30/
f203
f214
f260
n115
n53
Invalid operation
n115:F6
f290:26 C0 2C
d104/
d154
d213/
d225/
d238
d286
d41/
d60/
f232/
f235/
f259/
f290
f47/
f51
f7
n89/
Invalid operation
Null
f290:18
d238:10
f7:10
f51:8
d154:2
d286:0
d82:0
d104/
d154
d213/
d225/
d235/
d238
d286
d41/
d60/
d82
f232/
f235/
f259/
f290
f47/
f51
f7
n89/
Invalid operation
Invalid operation
d104/
d121/
d154
d213/
d225/
d235/
d238
d251
d286
d41/
d60/
d82
f209
f232/
f235/
f259/
f290
f47/
f51
f7
n89/
Invalid operation
Invalid operation
Invalid operation
f290:18
d238:10
f7:10
f51:8
f47:dir:0
Invalid operation
d104/
d121/
d154
d213/
d216/
d225/
d238
d251
d286
d41/
d60/
d61/
d82
f115
f209
f221
f232/
f235/
f259/
f290
f47/
f51
f7
f86
n88
n89/
f47:dir:0
d104/
d121/
d154
d213/
d216/
d225/
d238
d251
d286
d41/
d60/
d61/
d82
f115
f209
f221
f232/
f235/
f259/
f290
f47/
f51
f7
f86
n88
n89/
Invalid operation
f290:D9 B6 1C F1 26 C0 2C
d232/
f152/
f196/
n99
f261:dir:0
Invalid operation
f134:A5 12 23 CE 38 63 74 00 00 50 8C 35 F8 62 1E 61 BB 08 9D 39 64 00 00 00 00 00 00 03 3A DC 69 6A BE AA 39 00
Invalid operation
n99:66ty_h9ezgd1
d106/
d232/
f152/
f196/
f37
f93
n6
n76/
n99
Invalid operation
Invalid operation
d212/
f261/
n21/
n99:12
f37:9
n6:7
f93:6
f93:D5 1B
f93:D5 1B BD
f93:AD D5
f152:dir:0
d106/
d232/
d28
f152/
f196/
f37
f93
n6
n76/
n99
Invalid operation
Invalid operation
d106/
d28
d30
f152/
f158
f196/
f37
f93
n6
n99
n99:66ty_h9ezgd1
Invalid operation
Invalid operation
f187:dir:0
Invalid operation
Invalid operation
Invalid operation
d212/
f261/
Invalid operation
/n58/d157/n1/d186/f164/n102/d148/n0/f287/d44/f175/d258/d191/d165
Invalid operation
d165:w6r8wqr3ed9fh_p85u38qsdrou2ak4p3cxxrjihjcf-sj0xxxl7r.xi-4h14 9kanx38_.t9v3_vzohw160dlmu2-3
d165
d168/
f109/
f139/
f187/
f199
f44
d165:txt:90
d165:76
f44:14
f199:10
f285:10
d101:6
Invalid operation
Invalid operation
Invalid operation
d191/
f46
n105/
n119
Invalid operation
Invalid operation
Invalid operation
d191/
f231/
f286/
f46
n105/
n119
Invalid operation
f46:2_1gs6gtu
Invalid operation
Invalid operation
d230
d165:txt:78
Invalid operation
d165:w6r8wqr3ed9fh_p85u38qsdrou2ak4p3cxxrjihjcf-sj0xxxl7r.xi-4h14 9kanx38_.t9v3_vf 
Invalid operation
d101
d128
d165
f109/
f111/
f187/
f199
f235
f285
f44
n5/
n75
Invalid operation
/n58/d157/n1/d186/f164/n102/d148/n0/f287/d44/f175/d258/d191/d165
d101
d128
d165
f109/
f111/
f187/
f199
f235
f285
f44
n5/
n75
Invalid operation
/n58/d157/n1/d186/f164/n102/d148/n0/f287/d44/f175/d258/f46
/n58/f46
Invalid operation
/n58/d157/n1/d186/f164/n102/d148/n0/f287/d44/f175/d258/f46
/n58/f46
d12
d191/
f231/
f286/
f46
n35
n61
d12
d191/
f231/
f286/
f46
n61
n86/
Invalid operation
f134:23 4F D0 47 EB 5B 24 FA D3 A4 47 71 37 05 A5 12 23 CE 38 63 74 00 00 B9 E6 35 F8 62 1E 61 BB 08 9D 39 68 FC E1 86 D2 00 00 03 3A DC 1D 72 8F 59 84 00 00 00
d128:00
f197:txt:11
d128:14 99 07 00 5D 42 00
f197:txt:11
d208/
d246/
f197
f244
f197:7eqqwh3i0nx
/n58/d157/n1/d186/f164/n102/d148/n0/f287/d44/d105/f152/f197
Invalid operation
f116:x
f116:x3bf0_w.qk
d71:44
d48/
d62/
d71
f116
f282
n38/
n60
d246:dir:0
d62:dir:0
Invalid operation
Invalid operation
d62:dir:0
d197/
f182
f227
f25/
f47
Invalid operation
Invalid operation
d128:62 18 3D 00 00 CB 0B 00 1C C7
d134/
f182
f227
f25/
f47
n61/
f25:dir:0
d134/
f227
f25/
f47
f0
d32/
f0
/n58/d157/n1/d186/f164/n102/d148/n0/f287/d44/d105/f152/d246/n38/d134/d32/f28
f0:znh1dwz42yd
d32/
f0
Invalid operation
Invalid operation
f119
f28
f28:6E C4 2B 26 F1 01
Invalid operation
Invalid operation
d128
d32/
f0
f287
d170:AF
f0:znh1dwz42ydot8jxus5muz9g_fa5.w4zzj
Invalid operation
d128
d184/
d239/
d273/
d32/
f0
n61/
d170:32 E9 C3 81
f0:txt:34
Invalid operation
d270:lpq8a-f
d270:txt:10
f12:E2
f12:84
d270:10
f12:4
f254:0
d270
d289/
d34/
f10/
f12
f254
n104
d270:10
f12:4
d270:txt:10
d270
d289/
d34/
f10/
f12
f183
f25/
f254
n104
Invalid operation
d270
d289/
d34/
f10/
f12
f183
f25/
f254
n104
d270
d289/
d34/
f10/
f12
f183
f25/
f254
n104
f12:84 36
d283:6
d283:C2 5C 44
d123/
d254
d283
n37
Invalid operation
d270
d289/
d34/
f10/
f12
f183
f25/
f254
n104
n110/
Invalid operation
Invalid operation
d123/
d254
f216
n37
f219
d123/
d254
f216
n37
d123/
d254
f216
n37
n75
d123/
d254
f216
n37
n75
Invalid operation
d123/
d254
n37
n75
d254:18
n75:15
n37:12
f12:24 C9 A4 36 32 C8 0B 82
n38
n38:bin:0
n38:88 21
Invalid operation
n38:bin:0
Invalid operation
Invalid operation
d100
d159/
d16
f3/
n38
n92
n98
Invalid operation
Invalid operation
d179:8
f247:md:0
Null
d171/
d179
f247:
d179:00
Invalid operation
d171/
d179
d171/
d179
d52
f117
f200
Invalid operation
d14/
f115/
f143
f247
f281
n81/
n39:dir:0
d179:BE B9 8B 57
d179:BE B9
d179:B7
d179:8B 57 1A 2D
/n58/d157/n1/d186/f164/n102/d148/n0/f287/d44/d105/f152/d246/n38/d134/d184/d289/d159/d171/n81/f173
Null
d179:1A 2D 45 F4 00 00
n119:
d229/
f87
n119:x
/n58/d157/n1/d186/f164/n102/d148/n0/f287/d44/d105/f152/d246/n38/d134/d184/d289/d159/d171/d14/n119
d179:86 C7 D8 FF 2D 67 00 00 9C D4 94 2D 7C
/n58/d157/n1/d186/f164/n102/d148/n0/f287/d44/d105/f152/d246/n38/d134/d184/d289/d159/d171/d14/n119
/n58/d157/n1/d186/f164/n102/d148/n0/f287/d44/d105/f152/d246/n38/d134/d184/d289/d159/d171/d14/n119
f157/
f157/
d128/
f157/
d128/
f157/
Null
n117:9.flvdo
Invalid operation
f157:dir:0
Invalid operation
Invalid operation
f264:9
Invalid operation
Invalid operation
Invalid operation
Invalid operation
Invalid operation
Invalid operation
/n58/d157/n1/d186/f164/n102/d148/n0/f287/d44/d105/f152/d246/n38/d134/d184/d289/d159/d171/d14/f135
f264:13
d299:0
d226
d299
d30/
f157/
f264
f292/
n17/
n61/
d226
d299
d30/
f157/
f264
f292/
n17/
n61/
Invalid operation
Invalid operation
Invalid operation
Invalid operation
Invalid operation
d299
f133
f157/
f264
f292/
n17/
n61/
/n58/d157/n1/d186/f164/n102/d148/n0/f287/d44/d105/f152/d246/n38/d134/d184/d289/d159/d171/d14/f147/f264
d299
f157/
f264
f292/
n17/
n61/
f157:dir:0
d248/
d179:7D 4F 26 4C
Invalid operation
Invalid operation
f147:dir:0
f135:djxxjoow3qkdsgc1f
/n58/d157/n1/d186/f164/n102/d148/n0/f287/d44/d105/f152/d246/n38/d134/d184/d289/d159/d171/d14/f135
f135:djxxjoow3qkdsgc1f
d164/
d66
d85/
f111
f130
f135
f147/
f174
f279
n2
Invalid operation
f135:djxxjoow3qkdsgc1f
Invalid operation
/n58/d157/n1/d186/f164/n102/d148/n0/f287/d44/d105/f152/d246/n38/d134/d184/d289/d159/d171/d14/f135
Invalid operation
f247:md:0
d14/
f115/
f129
f215/
f247
n81/
d14/
d202
f115/
f129
f215/
f247
n81/
Invalid operation
d179:DC 46 01 A7 19 96 27 89 57 ED 89 86 3D C9 82 05 D9 2C 4E
/n58/d157/n1/d186/f164/n102/d148/n0/f287/d44/d105/f152/d246/n38/d134/d184/d289/d159/d171/f247
d14/
d202
d211/
d252/
d295
f115/
f129
f13
f182
f187/
f215/
f242/
f247
f8/
f98/
n47
n81/
d14/
d202
d211/
d252/
d295
f115/
f129
f13
f182
f187/
f215/
f242/
f247
f8/
f98/
n47
n81/
Invalid operation
Invalid operation
/n58/d157/n1/d186/f164/n102/d148/n0/f287/d44/d105/f152/d246/n38/d134/d184/d289/d159/d171/d252/n88
d113
f140
f89
n18/
n99
Invalid operation
Invalid operation
n99:txt:8
f117
f128
f137
n18/
n46/
n99
f117:8F D8
Invalid operation
Invalid operation
d124/
d26
f117
f128
f137
f179
n18/
n39
n46/
n99
d124/
d26
f117
f128
f137
f179
n18/
n39
n46/
n99
/n58/d157/n1/d186/f164/n102/d148/n0/f287/d44/d105/f152/d246/n38/d134/d184/d289/d159/d171/d252/n18/d181
d87
/n58/d157/n1/d186/f164/n102/d148/n0/f287/d44/d105/f152/d246/n38/d134/d184/d289/d159/d171/d252/n18/d87
d87:bin:0
/n58/f280
f117:4E 00 D5 00 00 C8 BE E9
Invalid operation
Invalid operation
d89:md:15
d133/
d89
f24
n89
Invalid operation
Null
Invalid operation
Invalid operation
Invalid operation
d133/
f151/
f24
n85
Invalid operation
d133/
f151/
f24
Null
d14/
d202
d211/
d252/
f115/
f129
f13
f182
f187/
f215/
f242/
f247
f8/
f98/
n47
n81/
Invalid operation
/n58/d157/n1/d186/f164/n102/d148/n0/f287/d44/d105/f152/d246/n38/d134/d184/d289/d159/d171/f247
/n58/d157/n1/d186/f164/n102/d148/n0/f287/d44/d105/f152/d246/n38/d134/d184/d289/d159/d171/f247
f182:6A 63
d14/
d202
d211/
d252/
f115/
f129
f13
f182
f187/
f215/
f242/
f247
f8/
f98/
n47
n81/
f247:2qxx.sg3xbmgt8lne4inx
f247:md:21
/n58/d157/n1/d186/f164/n102/d148/n0/f287/d44/d105/f152/d246/n38/d134/d184/d289/d159/d171/f247
f247:md:21
Invalid operation
Invalid operation
d100
d159/
d16
d270
f3/
n92
n98
d100:
Invalid operation
Invalid operation
d179:4F 26 4C 00
Invalid operation
d171/
d179
d52
f117
f200
Null
d171:dir:0
d100
d159/
d16
f15
f3/
n92
Invalid operation
d100:17
d16:13
f15:12
d100:txt:17
d159/
d16
f15
f3/
f97
n69/
n92
f12:22 EE 00 00
Invalid operation
d218/
f80/
d16:mkninajclljju199cczhen0i
d171/
d179
d52
f117
f200
d162
d171/
d52
f117
f200
f200:00
Invalid operation
d52:021gn2
d162
d171/
d181
d52
f200
f289/
Invalid operation
d52:021gn2
f100:16
d162:10
d52:6
f286:6
d181:0
Invalid operation
d162
d171/
d181
d52
f100
f250
f286
f289/
n66/
d162
d171/
d181
d52
f100
f250
f286
f289/
n66/
Null
d16:24
d237:15
f15:12
d286:7
n92:5
d285:0
d159/
d16
d237
d285
d286
f15
f3/
f77/
f97
n69/
n92
n97
Invalid operation
d237:DE
d16:24
f15:12
d286:7
d270
d289/
d34/
f10/
f12
f183
f25/
f254
f269/
n104
n110/
d270:lpq8a-fs418
/n58/d157/n1/d186/f164/n102/d148/n0/f287/d44/d105/f152/d246/n38/d134/d184/d270
f12:FD 96 58 53
d18/
d289/
f10/
f12
f183
f25/
f254
f269/
n110/
Invalid operation
f12:80 7B 22 EE 00 00
Invalid operation
Invalid operation
Invalid operation
d18/
d289/
f10/
f12
f183
f25/
f254
f269/
f282
f290/
n110/
Invalid operation
f254:
/n58/d278
d18/
d289/
f10/
f12
f178
f183
f25/
f251
f254
f269/
f282
f290/
n110/
d175/
d18/
d234
d289/
f10/
f12
f178
f183
f25/
f251
f254
f269/
f282
f290/
n110/
Invalid operation
Invalid operation
Null
f254:
d175/
d18/
d234
d28/
d289/
f10/
f12
f178
f183
f25/
f251
f254
f269/
f282
f290/
n110/
n55/
n61
d128
d139/
d184/
d239/
d273/
d32/
f0
n61/
f254:md:0
Invalid operation
d164/
d167/
d175/
d18/
d234
d28/
d289/
f10/
f12
f178
f183
f25/
f251
f254
f269/
f282
f290/
n110/
n55/
n61
f254:md:15
Invalid operation
Invalid operation
Invalid operation
d164/
d167/
d175/
d18/
d234
d28/
d289/
f10/
f12
f178
f183
f25/
f251
f254
f269/
f282
f290/
n110/
n55/
n61
Invalid operation
f282:E8 F2 6F 04
Invalid operation
Invalid operation
f12:24
d140:15
d234:12
f282:7
f178:4
d140
d164/
d167/
d175/
d18/
d234
d28/
d289/
f10/
f12
f178
f183
f204/
f25/
f251
f254
f269/
f282
f290/
n110/
n55/
n61
/n58/d157/n1/d186/f164/n102/d148/n0/f287/d44/d105/f152/d246/n38/d134/d184/f254
Invalid operation
f254:md:0
d140
d164/
d167/
d175/
d18/
d234
d28/
d289/
f12
f178
f183
f204/
f25/
f251
f254
f262
f269/
f282
f290/
n110/
n55/
n61
d140
d164/
d167/
d175/
d18/
d234
d28/
d289/
f12
f178
f183
f204/
f25/
f251
f254
f262
f269/
f282
f290/
n110/
n55/
n61
Invalid operation
f282:E8 F2 6F 04
Invalid operation
Null
Null
d140
d148
d162
d164/
d167/
d175/
d18/
d234
d28/
d289/
d39
d7
f12
f178
f183
f204/
f216
f25/
f251
f254
f262
f269/
f282
f290/
f3/
n110/
n55/
n61
Invalid operation
f254:
Invalid operation
/n58/d157/n1/d186/f164/n102/d148/n0/f287/d44/d105/f152/d246/n38/d134/d184/f254
f254:md:5
f282:C0
f254:rrq90
Null
Invalid operation
f282:6F
d140
d148
d162
d164/
d167/
d171/
d175/
d18/
d234
d28/
d289/
d39
d7
f107/
f12
f178
f191
f204/
f216
f25/
f251
f254
f269/
f282
f290/
f3/
f55
f8/
n55/
n61
Invalid operation
f254:sc333zww
Invalid operation
d140
d148
d162
d164/
d167/
d171/
d175/
d18/
d234
d28/
d289/
d39
d7
f107/
f12
f178
f191
f204/
f216
f25/
f251
f254
f269/
f282
f290/
f3/
f55
f8/
n55/
n61
f282:87 CE B6 F3
Invalid operation
f254:sc333zww
d140
d148
d162
d164/
d167/
d171/
d175/
d18/
d234
d28/
d289/
d39
d7
f107/
f12
f178
f191
f204/
f216
f25/
f251
f254
f269/
f290/
f3/
f55
f8/
n55/
n61
Invalid operation
f254:sc333zww
f254:sc333zww
d161
f118/
Invalid operation
d161:md:18
f251:8E
f282
f251:C1 ED 6D 3A 66
Invalid operation
f282:8
f132:0
/n58/d157/n1/d186/f164/n102/d148/n0/f287/d44/d105/f152/d246/n38/d134/d184/f3/f118/f282
/n58/d157/n1/d186/f164/n102/d148/n0/f287/d44/d105/f152/d246/f282
/n58/f282
f282:txt:10
Invalid operation
f298:txt:16
f298:16
d211/
d66/
f298
n12
n12:00
n12:DE 00
d211/
f298
n12
Invalid operation
d188/
f132
f276
f282
n33
d188/
f132
f282
n33
Invalid operation
d273
d4
f118/
d273:
d273
d4
f118/
f168
/n58/d157/n1/d186/f164/n102/d148/n0/f287/d44/d105/f152/d246/n38/d134/d184/f254
f251:CB 64 21
Invalid operation
f251:F9 E2 3D
/n58/d157/n1/d186/f164/n102/d148/n0/f287/d44/d105/f152/d246/n38/d134/d184/f290/d138
d138
f34/
Null
Invalid operation
Invalid operation
f251:4A
f29:txt:1
Invalid operation
f34:dir:0
Null
Invalid operation
f29
n26
f268/
f29
n26
f251:87
f254:md:33
Invalid operation
f254:md:45
f251:C1 5A E3 48 97 90 55 B5 19 BD 21 F9 E2
f254:sc333zww_uj.te69uwcooa0xvy2d1j-rqg81 nw3pfas0
f254:sc333zww_uj.te69uwcooa0xvy2d1j-rqg81 nw3pfas0
f251:E3 48 97 90
f254:sc333zww_uj.te69uwcooa0xvy2d1j-rqg81 nw3pfas0x
Invalid operation
d140
d148
d162
d164/
d167/
d175/
d18/
d188
d195/
d214
d234
d28/
d289/
d294
d39
d7
d79
f107/
f12
f122/
f178
f191
f192/
f204/
f213
f216
f25/
f251
f254
f269/
f290/
f3/
f55
f66/
f8/
n102
n111/
n55/
n61
f251:C1 5A E3 48 97 90 55 B5 19 BD 21 F9 E2
f254:47
f12:24
f251:22
d140:15
d140
d148
d162
d164/
d167/
d171/
d175/
d18/
d188
d195/
d214
d234
d28/
d289/
d294
d39
d7
f107/
f12
f122/
f178
f191
f192/
f204/
f213
f216
f25/
f251
f254
f269/
f290/
f3/
f55
f66/
f8/
n102
n111/
n55/
n61
f251:3D
f254:md:46
f254:sc333zww_uj.te69uwcooa0xvy2d1j-rqg81 nw3pfas0xfdi46p1zx
/n58/d157/n1/d186/f164/n102/d148/n0/f287/d44/d105/f152/d246/n38/d134/d184/f254
Invalid operation
d14
d140
d148
d162
d164/
d167/
d171/
d175/
d18/
d188
d195/
d214
d234
d278/
d28/
d289/
d294
d7
d79
f107/
f12
f122/
f13/
f160
f178
f191
f192/
f213
f216
f25/
f251
f254
f280/
f290/
f3/
f55
f8/
n102
n55/
n61
n25
n25:txt:0
f251:00 00
Invalid operation
n25:
f38
n100
n73/
n95/
Invalid operation
Null
d230/
f34
f38
n100
n113/
n73/
n95/
/n58/d157/n1/d186/f164/n102/d148/n0/f287/d44/d105/f152/d246/n38/d134/d184/d164/n100
Invalid operation
d230/
f38
n113/
n95/
/n58/d157/n1/d186/f164/n102/d148/n0/f287/d44/d105/f152/d246/n38/d134/d184/d164/f38
/n58/d157/n1/d186/f164/n102/d148/n0/f287/d44/d105/f152/d246/n38/d134/d184/d164/f38
f38:bin:21
f251:5A E3 48 97 90 55 B5 19 BD 21 F9 E2 70 16 3F
f254:sc333zww_uj.te69uwcooa0xvy2d1j-rqg81 nw3pfas0xfdi46p1zxxi01b3gv
d14
d140
d148
d162
d164/
d167/
d171/
d175/
d18/
d188
d195/
d199
d214
d234
d278/
d28/
d289/
d294
d7
d79
f107/
f12
f122/
f13/
f160
f178
f191
f192/
f213
f216
f25/
f251
f254
f280/
f290/
f3/
f55
f8/
n102
n55/
n61
d14
d140
d148
d162
d164/
d167/
d171/
d175/
d18/
d188
d195/
d199
d214
d225
d234
d278/
d28/
d289/
d294
d7
d79
f107/
f12
f122/
f13/
f160
f178
f191
f213
f216
f25/
f251
f254
f280/
f290/
f3/
f55
f8/
n102
n55/
n61
Null
d14
d140
d148
d162
d164/
d167/
d171/
d175/
d18/
d188
d195/
d199
d205/
d207/
d214
d225
d234
d278/
d28/
d289/
d294
d7
d70
d79
f107/
f12
f122/
f13/
f160
f178
f191
f192/
f213
f216
f25/
f251
f254
f280/
f290/
f3/
f55
f8/
n102
n32/
n55/
n61
f254:md:73
f251:2A E2 64 C1 5A E3 48 97 90 55 B5 19 BD 21 D3 D7
d138
d157
d205
d238
d263
d273
d32/
f176
f217
f230
f261/
f34/
f251:21 2A E2 64 C1
f34:dir:0
d138:9z.n18lxvqjp-aml-08f6p43hmbbvkld u
Invalid operation
f34:dir:0
/n58/d157/n1/d186/f164/n102/d148/n0/f287/d44/d105/f152/d246/n38/d134/d184/f290/d138
Invalid operation
f34:dir:0
f142:dir:0
d177:8-2cera_y.
d177
d245
f5/
Invalid operation
d177
d245
f5/
d245:
d245
f5/
f59/
n50/
d142
d245
f177
f5/
f59/
Null
/n58/d157/n1/d186/f164/n102/d148/n0/d50
f251:4A F7 83 A5 91 2D
f33:l zwiaj3gc.yjfajty
Invalid operation
/n58/d157/n1/d186/f164/n102/d148/n0/f287/d44/d105/f152/d246/n38/d134/d184/f290/f34/f33
f33:19
d248:11
n16:7
f208:2
d14:0
d196:0
Invalid operation
d138
d157
d205
d238
d263
d32/
f176
f217
f230
f34/
Invalid operation
d14
d140
d148
d162
d164/
d167/
d171/
d175/
d18/
d188
d195/
d199
d205/
d207/
d214
d225
d234
d278/
d28/
d289/
d293
d294
d7
d70
d79
f107/
f12
f122/
f13/
f160
f178
f191
f192/
f213
f216
f25/
f251
f254
f280/
f290/
f3/
f55
f8/
n102
n32/
n55/
n61
Invalid operation
Invalid operation
d170:3C
f0:znh1dwz42ydot8jxus5muz9g_fa5.w4zzj.6 e4
f47:l3fucu59m.1mu6
Invalid operation
d228:dir:0
d79:00
Invalid operation
Invalid operation
f47:l3fucu59m.1mu67
d128:D6 F8 55 DA
d134/
f25/
f43/
f47
f69
d134/
f25/
f43/
f47
f69
d128:1C 8F
d128
d184/
d239/
d273/
d32/
f0
f135/
f295/
n61/
/n58/d157/n1/d186/f164/n102/d148/n0/f287/d44/d105/f152/d246/n38/d134/d184/f13/f55
/n58/d157/n1/d186/f164/n102/d148/n0/f287/d44/d105/f152/d246/n38/d134/d184/f55
d117/
f55
n77/
d117/
f55
n77/
d192:B0
d117/
d192
f283
f55
n77/
n26
n26
n26:6
f63:6xkvxihlmx6oy
n26:tdhej6xmhmbw
/n58/d157/n1/d186/f164/n102/d148/n0/f287/d44/d105/f152/d246/n38/d134/d184/f13/d117/n26
n26:7
Invalid operation
/n58/d157/n1/d186/f164/n102/d148/n0/f287/d44/d105/f152/d246/n38/d134/d184/f13/f55
/n58/d157/n1/d186/f164/n102/d148/n0/f287/d44/d105/f152/d246/n38/d134/d184/f55
Invalid operation
d97/
d192:5C 70 B4 8D
d192:8D 48
d64
f63
f63:33
f63
Null
Invalid operation
f55:fqz0_gyv-
/n58/d157/n1/d186/f164/n102/d148/n0/f287/d44/d105/f152/d246/n38/d134/d184/f13/f55
/n58/d157/n1/d186/f164/n102/d148/n0/f287/d44/d105/f152/d246/n38/d134/d184/f55
Invalid operation
Invalid operation
Null
/n58/d157/n1/d186/f164/n102/d148/n0/f287/d44/d105/f152/d246/n38/d134/d184/f13/f55
/n58/d157/n1/d186/f164/n102/d148/n0/f287/d44/d105/f152/d246/n38/d134/d184/f55
d97/
f112:txt:5
Invalid operation
d192:00 E8 3C 3B 95 00
Invalid operation
d192:5C DD 4F 00 00 E8 3C 3B 95 00 00 00 83 5C 70
d97/
f39/
d97/
f39/
Invalid operation
d192:41 A3 13 1E 34 0B
d76/
d97/
f39/
d192:13 1E
d117/
d192
f283
f55
n77/
d117/
d192
f283
f55
n77/
d14
d140
d148
d162
d164/
d167/
d171/
d175/
d18/
d188
d195/
d199
d205/
d207/
d214
d225
d234
d278/
d28/
d289/
d293
d294
d7
d70
d79
f107/
f12
f122/
f13/
f160
f178
f184/
f191
f192/
f213
f216
f25/
f251
f254
f280/
f290/
f3/
f55
f8/
n102
n32/
n55/
n61
Invalid operation
f219:txt:1
f219:txt:1
/n58/d157/n1/d186/f164/n102/d148/n0/f287/d44/d105/f152/d246/n38/d134/d184/f25/d123/f219
Invalid operation
d254:txt:19
Invalid operation
Invalid operation
d254:x57o8hzw0g7 5d9u2xx
d150:E9 66 FA F1 00
d150
d175
d64/
Invalid operation
d150:E9 66
Invalid operation
Invalid operation
Invalid operation
d150:00
d22:
n73/
Invalid operation
/n58/d157/n1/d186/f164/n102/d148/n0/f287/d44/d105/f152/d246/n38/d134/d184/f25/d108/d150
Invalid operation
Invalid operation
n18:xj8mfk79ioj4aq
Invalid operation
n18:14
d226:11
d164:0
Invalid operation
Invalid operation
d4:bin:0
d141/
d4
d80
Invalid operation
d4:00
Invalid operation
d141/
d159
d80
f106
d141:dir:0
Invalid operation
Invalid operation
Invalid operation
d159:00 00
Invalid operation
Invalid operation
d141/
d159
d194/
d292
f106
f135
f15
f207
f261/
f67
n16/
n37/
n72/
Invalid operation
Invalid operation
d141:dir:0
Null
Invalid operation
/n58/d157/n1/d186/f164/n102/d148/n0/f287/d44/d105/f152/d246/n38/d134/d184/f25/d108/d64/n73/f106
d172
f95
d172
f95
d146
d101/
d141/
d159
d194/
d267/
d292
f106
f130/
f135
f15
f191
f207
f261/
f67
n16/
n37/
n72/
Invalid operation
Invalid operation
d159:06 5D 00 00 00 00 AB 00
d101/
d141/
d159
d194/
d267/
d292
f130/
f135
f15
f191
f207
f253
f261/
f67
n16/
n37/
n72/
Invalid operation
Invalid operation
f111/
Invalid operation
Invalid operation
d159:00
d159:0C
/n58/d157/n1/d186/f164/n102/d148/n0/f287/d44/d105/f152/d246/n38/d134/d184/f25/d108/d64/n73/d141/f283
d153/
d236/
f283
n78/
/n58/d157/n1/d186/f164/n102/d148/n0/f287/d44/d105/f152/d246/n38/d134/d184/f25/d108/d150
Invalid operation
Invalid operation
d150
d64/
f163
f174/
Invalid operation
d150:00 CF E2 A9 39 57 AF CB 00 00 00 22 D2 EC
f251:B6 D9 B4
/n58/d157/n1/d186/f164/n102/d148/n0/f287/d44/d105/f152/d246/n38/d134/d184/f25/d254
d254:txt:19
d108/
d123/
d254
f212
f40/
n37
n62
Invalid operation
f146:17
d133:0
d133:
n25:05 BF B2
d280/
d59
f174/
n25
d251
d256/
d280/
d59
Invalid operation
Invalid operation
d251:17
d59:12
f16:0
f297:0
d59:7D 8B 80 EE 64
d59:8B 80 EE 64 AA
Invalid operation
Invalid operation
Invalid operation
d192:dir:0
d149
d149
n80
Invalid operation
d101/
d250
d253
f242
f35/
n110
f242:26
d293:16
n110:10
d250:0
d253:0
Invalid operation
f242:md:26
n110:EF EF 68 91
/n58/d15
Invalid operation
Invalid operation
d108/
d123/
d189/
d44
d67
f219
f40/
n37
n62
n65
n68
n70
/n58/d157/n1/d186/f164/n102/d148/n0/f287/d44/d105/f152/d246/n38/d134/d184/f25/d123/f219
/n58/d157/n1/d186/f164/n102/d148/n0/f287/d44/d105/f152/d246/n38/d134/d184/f25/f219
d10
d108/
d123/
d189/
d44
d67
f159
f219
f40/
n37
n62
n65
n68
n70
n37:txt:33
f219:00 00 00 00 E8 0A 3A
d10
d108/
d123/
d189/
d44
d67
f159
f219
f40/
n37
n62
n65
n68
n70
Null
Invalid operation
Invalid operation
f254:64
Invalid operation
d13/
d14
d140
d148
d162
d164/
d167/
d171/
d175/
d18/
d188
d195/
d199
d205/
d207/
d214
d225
d270/
d278/
d28/
d289/
d293
d294
d7
d70
d79
d9
d99
f107/
f12
f122/
f13/
f160
f178
f184/
f191
f192/
f213
f216
f238
f25/
f251
f280/
f290/
f3/
f8/
n102
n118
n55/
n61
n66
n68
d289:dir:0
Null
d128
d184/
d239/
d273/
d32/
f0
f135/
f295/
n61/
d128
d184/
d239/
d273/
d32/
f0
f135/
f295/
n30
n61/
f0:txt:51
d184/
d239/
d273/
d32/
d84
f0
f135/
f295/
n30
d128:00
Invalid operation
/n58/d157/n1/d186/f164/n102/d148/n0/f287/d44/d105/f152/d246/d62/n51
d28
d48/
d62/
f116
f19
f282
n38/
n60
d172
n51
Invalid operation
Invalid operation
d128:06 62 18 3D
Invalid operation
d28
d48/
d62/
f116
f19
f192/
f282
n38/
n60
d128:F5
d28
d48/
d62/
f116
f19
f192/
f282
n38/
n60
d62:dir:0
d62:dir:0
f116:75
Invalid operation
Null
d128:55 DA
Invalid operation
Invalid operation
f157:01
Invalid operation
d208/
d246/
d267
f244
Invalid operation
d208/
d246/
d267
f244
Invalid operation
Invalid operation
n53/
n53/
n16:00 86 F8 1B 39 57 8E 8D 00 90
Invalid operation
Invalid operation
d34:18
Invalid operation
d252
f213/
n116/
n16:6F E0
Invalid operation
Invalid operation
d121/
d208/
d243
d246/
d267
f138/
f244
f65/
n16
n35/
d48/
d62/
f116
f157
f19
f192/
n38/
n60
f157:35
Invalid operation
Invalid operation
Invalid operation
f259:dir:0
f181:5D DA
Invalid operation
n50:dir:0
f181:rcgm2doq5v onmmq
f181
n50/
n50/
d151/
d284
Invalid operation
Invalid operation
f78
Invalid operation
f78:
f78:md:0
d168
d186
d193
d80/
f177
f78
d90:
Invalid operation
d90:0
Invalid operation
Invalid operation
Invalid operation
d29
f181
n110/
Invalid operation
Invalid operation
f181:3B 00 AF 0D 12 15 12 1C E7 D3
Invalid operation
Invalid operation
Invalid operation
n77:s6li81uafybue 2lmdk3qxe
Invalid operation
d171
d231/
d267
f219/
f251/
n5/
n54
n61/
n77
n77:s6li81uafybue 2lmdk3qxek6e8tnpfwls4m.c
d29
f181
n110/
Invalid operation
d29
f181
n110/
Invalid operation
f181:4E 56 48
/n58/d157/n1/d186/f164/n102/d148/n0/f287/d44/d105/f152/d246/d48/f181
f181:81 4E 56 48 5C D2 21 5F 3B 00
Invalid operation
d192
f181
n110/
n47/
Invalid operation
d192
f181
n110/
n47/
n110:dir:0
Invalid operation
Invalid operation
Invalid operation
Invalid operation
f116:x3bf0_w.qk-.busocacvw v1049ch51hxulz74m.p11cx 4-is6av5a_2_kpt8p-fg.6xbolbn7_ll-jvfpxah_m5x-0tls
f181:D2 21 5F 3B 00 AF 0D 12 15 12 86 B4
Invalid operation
Invalid operation
f251:dir:0
f251:dir:0
/n58/d157/n1/d186/f164/n102/d148/n0/f287/d44/d105/f152/d246/d48/n110/n77
d171
d231/
d267
d45/
f121
f219/
f234
f251/
f38
n110/
n114/
n5/
n54
n61/
n77
n85/
d171
d231/
d267
d45/
f121
f219/
f234
f251/
f38
n110/
n114/
n24/
n5/
n54
n61/
n77
n85/
Invalid operation
Invalid operation
Null
d103/
d135/
d171
d231/
d267
d45/
f121
f178
f219/
f234
f251/
f38
n110/
n114/
n24/
n5/
n54
n61/
n77
n85/
d103/
d135/
d171
d231/
d267
d45/
d90/
f121
f178
f219/
f224
f234
f251/
f38
n110/
n114/
n24/
n5/
n54
n61/
n77
n85/
n77:s6li81uafybue 2lmdk3qxek6e8tnpfwls4m.c7n62b28q-j7e54e6_cb190b3dwqph2id986fnxo6r-._9me 23
d103/
d135/
d171
d231/
d267
d45/
d90/
f121
f178
f219/
f224
f234
f251/
f38
n110/
n114/
n24/
n5/
n54
n61/
n77
n85/
Invalid operation
d103/
d135/
d171
d231/
d267
d45/
d68
d90/
f121
f178
f219/
f224
f234
f251/
f38
n110/
n114/
n24/
n5/
n54
n61/
n77
n85/
Invalid operation
f181:19
d29:16
Invalid operation
f181:21 5F 3B 00 AF 0D
f181:56 48 5C D2 21 5F 3B 00 AF 0D 3E 98 B9 D4 7D
Null
d15
d192
d29
f101/
f181
n110/
n16
n43
n47/
d48/
d62/
f157
f19
f192/
n38/
n60
Invalid operation
f157:18
n60:9
f19:1
n60:4owmh7z0p
Invalid operation
n51:f-s_rf3
n51:f-s_rf3
d172
n51
n51:f-s_rf3
Invalid operation
Invalid operation
d116
d121/
d140/
d16/
d208/
d221
d243
d246/
d267
d5
f138/
f244
f65/
f69/
n105
n35/
n52
Invalid operation
/n58/d157/n1/d186/f164/n102/d148/n0/f287/d44/d105/f152/f244
d116
d121/
d140/
d16/
d208/
d221
d243
d246/
d267
d5
d59
f138/
f244
f65/
f69/
n105
n35/
f244:47
d116:16
n105:4F
Invalid operation
d252
f213/
Invalid operation
f213:dir:0
Invalid operation
n105:C1 5C FE 6C E9 C5
d149:0
Invalid operation
f184:dir:0
Invalid operation
d20/
d264/
d291
d34
f163/
f165/
f184/
f89/
d20/
d264/
d291
d34
f163/
f165/
f184/
f89/
Invalid operation
Invalid operation
Invalid operation
d34:8A
f184:dir:0
d291:12
d34:11
f87:7
Invalid operation
d32/
Invalid operation
d32/
/n58/d157/n1/d186/f164/n102/d148/n0/f287/d44/d105/f152/f138/f213/d34
Invalid operation
Invalid operation
d34:00 04 3F 8A
Invalid operation
n119:s8uj06srd aifu_
d172
f118/
f241/
n119
d172
f118/
f241/
n119
n119:s8uj06srd aifu_
n119:24
d172:0
f126
Invalid operation
f126
n105
Invalid operation
n119:s8uj06srd aifu_s7d2vze4k
n119:24
d172:10
Null
d172
f112/
f118/
n119
n58/
Invalid operation
Invalid operation
Invalid operation
f126:txt:4
f126:zv9-
Invalid operation
f118:dir:0
Invalid operation
Invalid operation
n119:24
Invalid operation
Invalid operation
d172
d175/
d178
d202/
f118/
f163
f277/
f44
n119
Invalid operation
d20/
d226/
d264/
d291
d34
f108
f163/
f165/
f184/
f294
f6/
f73
f87
f89/
n69
n79/
Invalid operation
d34:00
d20/
d226/
d264/
d34
d53
f108
f163/
f165/
f184/
f244/
f294
f6/
f73
f87
f89/
n69
n79/
Invalid operation
Invalid operation
Invalid operation
d34:00 04 3F 8A 07 2E 14
Invalid operation
Invalid operation
d20/
d226/
d264/
d34
d53
f108
f163/
f165/
f181
f184/
f201/
f244/
f259
f294
f6/
f73
f87
f89/
n69
n79/
n93/
n95/
Invalid operation
Invalid operation
d20/
d226/
d264/
d34
d50/
d53
f108
f163/
f165/
f181
f184/
f201/
f244/
f259
f294
f6/
f73
f87
f89/
n69
n79/
n93/
n95/
Invalid operation
d20/
d264/
d34
d50/
d53
f108
f163/
f165/
f181
f201/
f244/
f259
f294
f6/
f73
f87
f89/
n69
n79/
n88
n93/
n95/
d20/
d264/
d34
d50/
d53
f108
f163/
f165/
f181
f201/
f244/
f259
f294
f6/
f73
f87
f89/
n69
n79/
n88
n93/
n95/
d34:22
f294:16
f73:16
f259:11
n69:9
f87:7
f108:4
n88:4
Invalid operation
d34:bin:21
Invalid operation
Invalid operation
d34:bin:21
Null
Invalid operation
d20/
d264/
d270
d286
d34
f108
f163/
f165/
f181
f201/
f244/
f259
f294
f6/
f73
f87
f89/
n63/
n69
n79/
n88
n93/
n95/
Invalid operation
/n58/d157/n1/d186/f164/n102/d148/n0/f287/d44/d105/f152/f195
Invalid operation
f57
Invalid operation
Invalid operation
f96:dir:0
d268:u8l223
Invalid operation
d34:B1
d34:8A 07 4D 45
Invalid operation
Invalid operation
d268
d49
f251/
f96/
n83/
d268
d49
f251/
f96/
n83/
d13/
f189
f64/
d13:dir:0
Null
f189:qo5xe971v
Invalid operation
Invalid operation
Invalid operation
/n58/d157/n1/d186/f164/n102/d148/n0/f287/d44/d105/f152/f138/f213/n95/d268
d268:u8l223yv6b40ypkv1hio42rlu8qvx
d195/
d49
f50
f96/
n83/
d195/
d254
d49
f251/
f26/
f50
f96/
n23
n83/
d195/
d254
d49
f251/
f26/
f50
f96/
n23
n83/
Invalid operation
d155/
d195/
d254
d49
f251/
f26/
f50
f96/
n23
n83/
d49:28
f50:17
d49:3er86cix_ajbrl86ui 5g7bmwexs
f96:dir:0
d155/
d195/
d254
d49
f251/
f26/
f50
f96/
n23
n83/
d49:28
f50:19
n23:0
Invalid operation
/n58/d157/n1/d186/f164/n102/d148/n0/f287/d44/d105/f152/f138/f213/n95/d49
f96:dir:0
d34:bin:31
/n58/d23
Invalid operation
d20/
d264/
d270
d286
d34
d82
f108
f110
f163/
f165/
f201/
f244/
f259
f294
f6/
f73
f87
f89/
n63/
n69
n79/
n88
n93/
n95/
d20/
d264/
d270
d286
d34
d82
f108
f110
f163/
f165/
f201/
f244/
f259
f294
f6/
f73
f87
f89/
n63/
n69
n79/
n88
n93/
n95/
d20/
d264/
d270
d286
d34
d82
f108
f110
f163/
f165/
f201/
f244/
f259
f294
f6/
f73
f87
f89/
n63/
n69
n79/
n88
n93/
n95/
Invalid operation
Invalid operation
Invalid operation
Invalid operation
Invalid operation
Invalid operation
Invalid operation
Invalid operation
d34:bin:31
d134
d170/
d20/
d264/
d270
d286
d34
f108
f110
f13/
f163/
f165/
f201/
f229/
f244/
f259
f26/
f294
f6/
f73
f87
f89/
n69
n74
n79/
n88
n93/
n95/
d149
d242/
f213/
f228
f91/
n51
Invalid operation
d123
d149
d54/
f143/
f213/
f228
f28/
f295
f91/
n43
n51
f295:9C B1 2D
d123
d149
d246
d54/
f143/
f213/
f228
f28/
f295
f91/
n43
n51
d123
d149
d246
d54/
f105
f143/
f213/
f228
f28/
f295
f91/
n43
n51
f92:dir:0
Invalid operation
d149:uawrcqq3xfis2hmlquo_6vb8
Invalid operation
d149:uawrcqq3xfis2hmlquo_6vb8
/n58/d157/n1/d186/f164/n102/d148/n0/f287/d44/d105/f152/f138/d149
d123
d149
d246
d54/
f105
f140/
f143/
f205/
f213/
f228
f28/
f295
f43/
f49/
f91/
n43
n51
n69
/n58/d157/n1/d186/f164/n102/d148/n0/f287/d44/d105/f152/f138/d149
d123
d149
d246
d54/
f105
f140/
f143/
f205/
f213/
f228
f28/
f295
f43/
f49/
f91/
n43
n51
n69
Invalid operation
f295:9B 35 A5 A2 5D CE CF AA 22
Invalid operation
Invalid operation
d135/
f43:2F 9F E5 A0
f126:vz74ugxysh39jxb-2x
Invalid operation
f297
f90
Invalid operation
Invalid operation
f126:vz74ugxysh39jxb-2x
d135/
d286/
f96/
d135/
d286/
f96/
f126:vz74ugxysh39jxb-2x
f230:0C
Invalid operation
d103
d147
d180/
d192/
f126
f230
d180:dir:0
f126:vz74ugxysh39jxb-2xx
d180:dir:0
d103
d147
d180/
d192/
d63/
f126
f230
n30
Invalid operation
Invalid operation
f230:06 80 E8 D3 00 00
f230:63 CE EF DF 10 42
f126:vz74ugxysh39jxb-2xxx
d103
d147
d180/
d192/
d286
d63/
d94
f126
f230
f295/
n72
f230:10
d147
d180/
d192/
d286
d63/
d94
f126
f230
f295/
n72
f230:DF
d147
d180/
d192/
d286
d63/
d94
f126
f230
f295/
n72
Invalid operation
f230:24 9F 6B 57 A8 4A 92
Invalid operation
Invalid operation
Invalid operation
d116
d123
d149
d176
d246
d33
d54/
f105
f140/
f143/
f205/
f213/
f228
f28/
f295
f43/
f91/
f97
n43
n51
n69
n96
n105:25 79 C1 5C FE 6C E9 F5 AF 69
f244:k7srf64qu4a_m73_siq3tuwubwstjrzm-6ge.n 89v5wafg
Invalid operation
f152/
d128:F8 A0 DA 4D 06 62 18 3D 00 00 CB 0B 00 1C 8F A7
Invalid operation
Invalid operation
d116
d121/
d140/
d16/
d208/
d221
d225
d246/
d267
d5
d59
f138/
f195
f244
f65/
f69/
n105
n35/
d48/
d62/
f157
f19
f192/
f223/
f72
n38/
n60
d48/
d62/
f152
f157
f19
f192/
f223/
f35/
f72
n38/
n60
d48/
d62/
f152
f157
f19
f192/
f223/
f35/
f72
n38/
n60
Invalid operation
Invalid operation
Invalid operation
f47:l3fucu59m.1mu67x
Invalid operation
f47:l3fucu59m.1mu67x37jp .
Invalid operation
d134/
d185
f134/
f25/
f43/
f47
n21
Invalid operation
f157:20
f157:00
Invalid operation
Invalid operation
d134/
d172/
d185
d281
f134/
f25/
f43/
f65/
f89
n21
d134/
d172/
d185
d281
f134/
f25/
f43/
f65/
f89
n21
d134/
d172/
d185
d281
f134/
f25/
f43/
f65/
f89
n21
f25:dir:0
d134/
d172/
d185
d281
f134/
f25/
f43/
f65/
f89
n21
Invalid operation
Invalid operation
d185:e7xwmtczm67bfu477v6fkv7.9h89i
/n58/d157/n1/d186/f164/n102/d148/n0/f287/d44/d105/f152/d246/n38/d172/d270
f120:dir:0
d270:dlw0h-ub.f331yz14 lcs7hmgae_y2gq
Invalid operation
Invalid operation
/n58/d157/n1/d186/f164/n102/d148/n0/f287/d44/d105/f152/d246/n38/d172/d270
d22
d234
d265/
d270
f120/
f122/
f126
f138/
f206
f241
f287/
d22
d234
d265/
d270
d272
f120/
f122/
f126
f138/
f206
f241
f287/
d22
d234
d265/
d270
d272
f120/
f122/
f126
f138/
f206
f241
f287/
f126:04 00
d22
d234
d265/
d270
d272
f120/
f122/
f126
f206
f241
f287/
Invalid operation
Invalid operation
d270:dlw0h-ub.f331yz14 lcs7hmgae_y2gq30hgrv
d265:dir:0
Null
d154
d22
d234
d265/
d270
d272
f111
f122/
f126
f206
f241
f283
f287/
f126:B8 20
d270:38
f283:12
d154:11
d265:dir:0
Invalid operation
d154
d22
d234
d265/
d270
d272
f111
f117
f122/
f126
f206
f241
f283
f287/
d270:dlw0h-ub.f331yz14 lcs7hmgae_y2gq30hgrvx
Invalid operation
Invalid operation
f126:BB
/n58/d157/n1/d186/f164/n102/d148/n0/f287/d44/d105/f152/d246/n38/d172/d265/d164
Invalid operation
Invalid operation
Invalid operation
d134/
d172/
d185
d21/
d281
f134/
f25/
f43/
f65/
f89
n21
d270:dlw0h-ub.f331yz14 lcs7hmgae_y2gq30hgrvx
Invalid operation
f126:76 18
f126:76 18 42
d154
d234
d265/
d270
d272
f111
f117
f122/
f126
f158/
f206
f241
f283
f287/
n116/
d154
d234
d265/
d270
d272
f111
f117
f122/
f126
f158/
f206
f241
f283
f287/
n116/
d270:dlw0h-ub.f331yz14 lcs7hmgae_y2gq30hgrvxno6y4pr4xaedwrdx0z.-
f126:04 80 A5 EC 9B 74 7D D3
Invalid operation
Invalid operation
f25:dir:0
Invalid operation
d185:e7xwmtczm67bfu477v6fkv7.9h89ix  x5iz7vg7__f
/n58/d157/n1/d186/f164/n102/d148/n0/f287/d44/d105/f152/d246/n38/d185
/d185
/n58/d157/n1/d186/f164/n102/d148/n0/f287/d44/d105/f152/d246/n38/d185
/d185
d134/
d172/
d177/
d185
d21/
d236
f134/
f25/
f27
f43/
f65/
f89
n21
n63/
f25:dir:0
Invalid operation
d79:69 1C
Invalid operation
Invalid operation
d15/
d228/
d256
d79
f283
n11/
Invalid operation
Invalid operation
d15/
d20
d228/
d296/
d79
f231/
f283
n11/
Invalid operation
d79:3B
d79:EB 96
d79:5C 8E 3A AC DB
/n58/d157/n1/d186/f164/n102/d148/n0/f287/d44/d105/f152/d246/n38/f43/d228/f51/d105
Invalid operation
d105:CA
d105
d122/
f110
f4/
d105
d122/
f110
f4/
d105
d122/
f110
f4/
Invalid operation
Invalid operation
Invalid operation
d105:bin:1
Invalid operation
f110:5
d105:1
Invalid operation
d105:bin:1
d105:FF BF D7
Invalid operation
d105:bin:6
Invalid operation
Invalid operation
d105:BF D7 00 00 00 00 F5 4D E2
Invalid operation
Invalid operation
Null
d123/
d123/
d123/
Invalid operation
/n58/d157/n1/d186/f164/n102/d148/n0/f287/d44/d105/f152/d246/n38/f43/d228/f51/d105
d128:3
n27:1
Invalid operation
/n58/d157/n1/d186/f164/n102/d148/n0/f287/d44/d105/f152/d246/n38/f43/d228/f51/d105
Invalid operation
Invalid operation
d105:10
d247:7
f110:5
n34:1
Invalid operation
d105
d164/
d170
d247
f110
n34
Invalid operation
Invalid operation
d105:8B F0 FC 06 6A
Invalid operation
d105:10
Invalid operation
Invalid operation
Invalid operation
Null
d128:8E A2 3D
n66
Invalid operation
Invalid operation
Invalid operation
d123/
d128
d189
f297/
f48/
d128:8E A2 3D 26 F9 81 68
d123:dir:0
Invalid operation
d71/
d71:dir:0
d71:dir:0
d71/
d128:39 5E 45 00
/n58/d157/n1/d186/f164/n102/d148/n0/f287/d44/d105/f152/d246/n38/f43/d228/f51/d164/d128
/n58/d157/n1/d186/f164/n102/d148/n0/f287/d128
Invalid operation
Invalid operation
Invalid operation
d123/
d128
d172/
d48/
f48/
d128:39
Invalid operation
Invalid operation
Invalid operation
Invalid operation
d123/
d128
d172/
d297/
d48/
f290
f48/
n14/
n18/
n85
d123/
d128
d172/
d297/
d48/
f0
f290
f48/
n14/
n18/
n85
/n58/d157/n1/d186/f164/n102/d148/n0/f287/d44/d105/f152/d246/n38/f43/d228/f51/d164/d128
/n58/d157/n1/d186/f164/n102/d148/n0/f287/d128
Invalid operation
d128:3D 26 2B B7 2F 39 5E 45 47
Invalid operation
/n58/d157/n1/d186/f164/n102/d148/n0/f287/d44/d105/f152/d246/n38/f43/d228/f51/d164/d128
/n58/d157/n1/d186/f164/n102/d148/n0/f287/d128
Invalid operation
Invalid operation
d128:39 5E 45 47
Invalid operation
Invalid operation
Invalid operation
Invalid operation
d123/
d128
d172/
d233
d245/
d297/
d48/
d6
d90/
f0
f101
f187
f290
f48/
f52
f64/
n105
n14/
n18/
n21
n85
n99/
Invalid operation
n85: 6gcp59
n50
n50
f101:0C
/n58/d157/n1/d186/f164/n102/d148/n0/f287/d44/d105/f152/d246/n38/f43/d228/f51/d164/n85
Invalid operation
/n58/d157/n1/d186/f164/n102/d148/n0/f287/d44/d105/f152/d246/n38/f43/d228/f51/d164/n85
d11
d123/
d172/
d233
d245/
d297/
d48/
d6
d90/
f0
f101
f13/
f171
f187
f290
f48/
f52
f64/
n105
n14/
n18/
n21
n85
n99/
f101:A7
d11
d123/
d172/
d233
d245/
d297/
d48/
d6
d90/
f0
f101
f13/
f171
f187
f290
f48/
f52
f64/
n105
n14/
n18/
n21
n85
n99/
d11
d123/
d172/
d233
d245/
d297/
d48/
d6
d90/
f0
f101
f13/
f171
f187
f290
f48/
f52
f64/
n105
n14/
n16/
n18/
n21
n85
n99/
d105:bin:15
Invalid operation
d105
d164/
d170
d224
d247
d58
f213
f82
n1/
n34
n99
d105
d164/
d170
d224
d247
d58
f213
f82
n1/
n34
n99
d105:00 2E 8B F0
d105
d164/
d170
d224
d247
f198
f213
f82
n1/
n34
n99
Invalid operation
Invalid operation
d105:F0 FC 06 03 5C 26
Invalid operation
Invalid operation
Invalid operation
Invalid operation
Invalid operation
d198/
f146
d105:F0 FC 06 5F 91
f146:md:9
Invalid operation
Invalid operation
f146: c0rg618b
Invalid operation
d105:bin:15
d105:00 2E
f156
f156
Invalid operation
Invalid operation
d105:54 E3
Invalid operation
d11
d123/
d172/
d233
d245/
d297/
d48/
d6
d90/
f0
f101
f13/
f171
f187
f290
f48/
f52
f64/
n105
n14/
n16/
n18/
n21
n85
n99/
f290:13
n85:13
d6:11
n21:8
f101:7
Null
d11
d123/
d172/
d233
d245/
d48/
d6
d90/
f0
f101
f13/
f171
f187
f290
f48/
f52
f64/
n105
n14/
n16/
n18/
n21
n85
n99/
Invalid operation
d11
d123/
d172/
d233
d245/
d48/
d6
d90/
f0
f101
f113
f13/
f171
f187
f290
f48/
f52
f64/
n105
n14/
n16/
n18/
n21
n85
n99/
Invalid operation
Invalid operation
Invalid operation
f101:01 1F E8
f101:00 C1
Invalid operation
d105
d164/
d170
d201
d224
d247
d255
d297/
d67/
f162/
f185
f210/
f213
f216/
f82
n1/
n34
n99
d105:68 54 E3 2D 27
Invalid operation
Invalid operation
/n58/d157/n1/d186/f164/n102/d148/n0/f287/d44/d105/f152/d246/n38/f43/d228/f51/d105
d105
d164/
d170
d201
d224
d247
d255
d297/
d67/
f146
f162/
f185
f210/
f213
f216/
f82
n1/
n34
n99
Invalid operation
Invalid operation
d105:67 C5
Invalid operation
Invalid operation
Invalid operation
d105:63
Invalid operation
Invalid operation
d79:24
d170:15
d20:3
f283:0
d79:24
d170:15
d20:3
f283:0
d79:24
d170:15
d20:3
f283:0
Null
Invalid operation
Invalid operation
Invalid operation
Invalid operation
d79:08 C2 CD 0C 42 3E DE 00 AB 3B E0 5C 8E 3A AC DB 90 CE
f207
f241/
f266
f299
f46
f51/
Invalid operation
d105:19
d201:15
d255:15
f64:15
n99:10
d247:7
d170:6
d105
d164/
d170
d201
d224
d247
d255
d297/
d67/
f146
f162/
f185
f186/
f210/
f213
f216/
f64
f71/
f82
n1/
n34
n99
Invalid operation
Invalid operation
d105
d164/
d170
d201
d224
d247
d255
d297/
d67/
f146
f162/
f185
f186/
f210/
f213
f216/
f64
f71/
f82
n1/
n34
n99
Invalid operation
d105:FE 8A 89
Invalid operation
d214/
f139
f139
Invalid operation
Invalid operation
Invalid operation
d113:dir:0
Invalid operation
Invalid operation
d12
n66/
Invalid operation
Null
Invalid operation
Invalid operation
d12
d187
d285/
f279
n66/
Invalid operation
d187
d285/
f279
n66/
n66:dir:0
n66:dir:0
Invalid operation
d152/
d187
d285/
d36
f279
f69/
n66/
d187:31
d36:4
f279:0
d152/
d187
d285/
d36
f279
f69/
n66/
/n58/d157/n1/d186/f164/n102/d148/n0/f287/d44/d105/f152/d246/n38/f43/d228/f51/f210/f237/d214/d138/d105
/n58/d157/n1/d186/f164/n102/d148/n0/f287/d44/d105/f152/d246/n38/f43/d228/f51/d105
d105
d152/
d187
d285/
d36
f279
f69/
n66/
n66:dir:0
Invalid operation
Invalid operation
d152/
d187
d271
d285/
d36
f279
f31/
f69/
n66/
f139:F2
d187:ql5h040txxf-vzx3v.804rs48jy vndx
n66:dir:0
Invalid operation
Null
Invalid operation
Invalid operation
f279:
Invalid operation
f139:44 BF F2
f139:F2
Invalid operation
d214/
f139
Invalid operation
Invalid operation
d138/
Null
Invalid operation
Invalid operation
d138/
f244
d138/
f244
d138/
f244
Invalid operation
n66:dir:0
d152/
d187
d271
d285/
d36
d49
d65
f118/
f279
f31/
f69/
f96
n66/
f279:8rgj94uis.bmexsky.g48m4rnnr35
Invalid operation
Invalid operation
d161:00
d161:30
Invalid operation
d38:29
d279/
d93/
n49/
Invalid operation
/n58/d157/n1/d186/f164/n102/d148/n0/f287/d44/d105/f152/d246/n38/f43/d228/f51/f210/f237/d214/d138/f279
/n58/f279
d279/
d93/
n49/
d38:10
Invalid operation
Invalid operation
d152/
d161
d187
d271
d285/
d36
d38
d49
d65
d71
f118/
f123
f268
f279
f31/
f69/
f96
n66/
d187:32
f279:29
d271:17
d71:14
f123:12
d49:11
Invalid operation
Invalid operation
Invalid operation
d38:53 B0 00 00
f279:8rgj94uis.bmexsky.g48m4rnnr35
d116/
d152/
d161
d187
d271
d285/
d36
d38
d49
d65
d70/
d71
f103/
f118/
f123
f206/
f209
f279
f31/
f69/
f96
n34
n62
n66/
n99/
/n58/d262
Invalid operation
Invalid operation
/n58/d157/n1/d186/f164/n102/d148/n0/f287/d44/d105/f152/d246/n38/f43/d228/f51/f210/f237/d214/d138/f279
/n58/f279
d38:00 00
/n58/d157/n1/d186/f164/n102/d148/n0/f287/d44/d105/f152/d246/n38/f43/d228/f51/f210/f237/d214/d138/f279
/n58/f279
d38:B0
d38:3D 00
Invalid operation
Invalid operation
Invalid operation
n66:dir:0
f279:8rgj94uis.bmexsky.g48m4rnnr35xxemf
Invalid operation
Invalid operation
d38:CD 3E
d38:3E D5 36 00 00 00 00 00 00 B7 B0 51
d157
d31/
f147
f167/
d116/
d152/
d161
d187
d243
d271
d285/
d36
d38
d4/
d49
d65
d70/
d71
f103/
f118/
f123
f206/
f209
f279
f31/
f69/
f96
n34
n62
n66/
n99/
n66:dir:0
Invalid operation
f279:8rgj94uis.bmexsky.g48m4rnnr35xxemfxq6o7til5302clr41oj9zqpney3
Invalid operation
Invalid operation
d279/
f2/
f201
n47/
n49/
Invalid operation
d116
d279/
f2/
f201
n47/
f201:41jgziqc.h3zqlmch.ag2css
Invalid operation
Invalid operation
f201:41jgziqc.h3zqlmch.ag2css
Invalid operation
Invalid operation
d116
d270/
d279/
f2/
f201
f236
n47/
Invalid operation
d270/
d279/
f2/
f201
f236
n47/
/n58/d157/n1/d186/f164/n102/d148/n0/f287/d44/d105/f152/d246/n38/f43/d228/f51/f210/f237/d214/d138/f279
/n58/f279
f279:8rgj94uis.bmexsky.g48m4rnnr35xxemfxq6o7til5302clr41oj9zqpney3xp
d38:00 00 00 00
Invalid operation
d38:CA 36 00 00 00 00 00 00 B7 B0 51 61 E7 00 00 00 00 00 00 00
/n58/d157/n1/d186/f164/n102/d148/n0/f287/d44/d105/f152/d246/n38/f43/d228/f51/f210/f237/d214/d138/d98/d127
Invalid operation
f279:8rgj94uis.bmexsky.g48m4rnnr35xxemfxq6o7til5302clr41oj9zqpney3xp-p
f279:8rgj94uis.bmexsky.g48m4rnnr35xxemfxq6o7til5302clr41oj9zqpney3xp-p
d69:03
d69
f191/
d116/
d152/
d161
d187
d243
d271
d285/
d36
d38
d4/
d49
d65
d70/
d71
d98/
f103/
f118/
f123
f206/
f209
f279
f31/
f69/
f96
n34
n62
n66/
n99/
Invalid operation
d116/
d152/
d161
d187
d243
d271
d285/
d36
d38
d4/
d49
d65
d70/
d71
d98/
f103/
f118/
f123
f206/
f279
f31/
f69/
f96
n34
n62
n66/
n99/
Invalid operation
Invalid operation
Invalid operation
f279:8rgj94uis.bmexsky.g48m4rnnr35xxemfxq6o7til5302clr41oj9zqpney3xp-p
n66:dir:0
f279:8rgj94uis.bmexsky.g48m4rnnr35xxemfxq6o7til5302clr41oj9zqpney3xp-px
n66:dir:0
d38:4D A2 75 02
d116/
d152/
d161
d187
d243
d271
d285/
d36
d38
d4/
d49
d65
d70/
d71
d98/
f103/
f118/
f123
f206/
f279
f31/
f69/
f73
f96
n114
n34
n62
n66/
n99/
Invalid operation
d116/
d152/
d161
d187
d243
d271
d285/
d36
d38
d4/
d49
d65
d70/
d71
d98/
f103/
f118/
f123
f206/
f279
f31/
f69/
f73
f96
n114
n26
n34
n62
n66/
n99/
d116/
d152/
d161
d187
d243
d271
d285/
d36
d38
d4/
d49
d65
d70/
d71
d98/
f103/
f118/
f123
f206/
f279
f31/
f69/
f73
f96
n114
n26
n34
n62
n66/
n99/
f279:8rgj94uis.bmexsky.g48m4rnnr35xxemfxq6o7til5302clr41oj9zqpney3xp-px
f279:8rgj94uis.bmexsky.g48m4rnnr35xxemfxq6o7til5302clr41oj9zqpney3xp-pxx
d38:FE
d116/
d152/
d161
d181/
d187
d243
d271
d285/
d38
d4/
d49
d65
d70/
d71
d98/
f103/
f118/
f123
f206/
f279
f31/
f69/
f73
f96
n101
n114
n26
n28/
n34
n62
n66/
n99/
Invalid operation
n66:dir:0
Invalid operation
Invalid operation
d174/
d174/
d202
d174/
d194
d202
/n58/d157/n1/d186/f164/n102/d148/n0/f287/d44/d105/f152/d246/n38/f43/d228/f51/f210/f237/d214/d138/f69/d202
d174/
d194
d202
Invalid operation
Invalid operation
d116/
d152/
d161
d187
d243
d271
d285/
d38
d4/
d49
d65
d70/
d71
d98/
f103/
f118/
f123
f126
f206/
f279
f31/
f69/
f73
f96
n101
n114
n28/
n34
n4
n62
n66/
n99/
Invalid operation
d134
d134
d134
f194
Invalid operation
Null
d157
d52/
n100/
d157
d52/
n100/
d157
d52/
n100/
Invalid operation
Invalid operation
Invalid operation
d223:dir:0
d223:dir:0
Invalid operation
Invalid operation
Invalid operation
f279:8rgj94uis.bmexsky.g48m4rnnr35xxemfxq6o7til5302clr41oj9zqpney3xp-pxxxvu3x65wtsyv
n66:dir:0
f279:79
d187:32
d38:28
d271:17
d71:14
d116/
d152/
d161
d18
d187
d243
d271
d285/
d38
d4/
d49
d65
d70/
d71
d98/
f103/
f118/
f123
f126
f206/
f279
f31/
f69/
f73
f96
n101
n114
n14/
n28/
n34
n62
n66/
n99/
Invalid operation
d116/
d152/
d161
d18
d187
d243
d271
d285/
d38
d4/
d49
d65
d70/
d71
d98/
f103/
f118/
f123
f126
f206/
f279
f31/
f69/
f73
f96
n101
n14/
n28/
n34
n62
n66/
n99/
d116/
d152/
d161
d18
d187
d243
d271
d285/
d38
d4/
d49
d65
d70/
d71
d98/
f103/
f118/
f123
f126
f206/
f279
f31/
f69/
f73
f96
n101
n14/
n28/
n34
n62
n66/
n99/
Invalid operation
f279:8rgj94uis.bmexsky.g48m4rnnr35xxemfxq6o7til5302clr41oj9zqpney3xp-pxxxvu3x65wtsyvcz2
d116/
d152/
d161
d18
d187
d243
d271
d285/
d38
d4/
d49
d65
d70/
d71
d98/
f118/
f126
f206/
f261
f279
f31/
f69/
f73
f93/
f96
n101
n14/
n28/
n34
n62
n66/
n99/
Invalid operation
Invalid operation
Invalid operation
Invalid operation
Invalid operation
f214:8
f139:98 E3 19
Invalid operation
Invalid operation
d227:B8 1B
d227:F1 3E 06 83
f219:x
d138/
d227
f176
f219
Invalid operation
d138/
d227
f176
f219
Invalid operation
Invalid operation
d130
d214/
f139
Invalid operation
f139:19
f139:AF B1 66
d130
d214/
f139
n27/
f139:bin:13
d130
d214/
f139
n27/
Invalid operation
d130
d214/
f139
f139:13
d130:1
f139:14
d130:1
Null
Invalid operation
Invalid operation
Invalid operation
Invalid operation
/n58/d157/n1/d186/f164/n102/d148/n0/f287/d44/d105/f152/d246/n38/f43/d228/f51/f210/f237/f139
Invalid operation
Invalid operation
Invalid operation
d104
d130
d214/
d29/
d76/
f139
n50/
f139:23
Invalid operation
f139:98 48 23
Invalid operation
Invalid operation
f139:22
d104:17
d11:7
d130:1
f139:bin:22
Invalid operation
Invalid operation
Invalid operation
d104
d130
d214/
d29/
d76/
f127/
f139
f246
f4
n50/
n55/
n92/
f139:AE
f131
f237/
n41/
d105:A5 07 0C 05 63 61 26 61 68 54
Invalid operation
d105
d164/
d170
d201
d224
d247
d255
d297/
d67/
f146
f162/
f185
f186/
f210/
f213
f216/
f64
f71/
f82
n1/
n34
n99
d105
d164/
d170
d201
d224
d247
d255
d297/
d67/
f146
f162/
f185
f186/
f210/
f213
f216/
f64
f71/
f82
n1/
n34
n99
Invalid operation
Invalid operation
d105
d164/
d170
d18
d201
d224
d247
d255
d297/
d67/
f146
f162/
f185
f186/
f210/
f213
f216/
f230
f31
f64
f71/
f82
n1/
n34
n99
Invalid operation
Invalid operation
f156
n86
d105
d164/
d170
d18
d201
d224
d247
d255
d297/
d67/
f146
f162/
f185
f186/
f210/
f213
f216/
f230
f260
f31
f64
f71/
n1/
n34
n99
d105:CE 00 00
Invalid operation
f106:n6-
Invalid operation
d105:15
/n58/d157/n1/d186/f164/n102/d148/n0/f287/d44/d105/f152/d246/n38/f43/d228/f51/d105
d30:6B 00
d30:6B 00
Invalid operation
d224
Invalid operation
Invalid operation
d152
n5/
n91
d30:E9 6B 00
Invalid operation
d152
f5
n5/
n91
d152:q6ggan3yz3yhgjlf
/n58/d157/n1/d186/f164/n102/d148/n0/f287/d44/d105/f152/d246/n38/f43/d228/f51/f216/f227/d210/d152
Invalid operation
d30:25 6E
d97/
d152:q6ggan3yz3yhgjlf
d30:00
Invalid operation
/n58/d157/n1/d186/f164/n102/d148/n0/f287/d44/d105/f152/d246/n38/f43/d228/f51/f216/f227/d210/d152
d30:BE E2 D6
f275:8
f25:5
d30:6B 00 00 F5 7D 93 E7 BE E2
d152:17
d141:14
n91:13
f245:5
d141
d152
f198/
f245
n5/
n91
Invalid operation
d141
d152
d219/
f198/
f245
n5/
n91
d141
d152
d219/
f198/
f245
n5/
n91
Invalid operation
d152:q6ggan3yz3yhgjlfx
d30:00 00 F5 7D 93
Invalid operation
d141
d152
d214
d219/
f198/
f245
n33
n5/
n91
d141
d152
d219/
f198/
f245
n5/
n91
d141
d152
d214
d219/
f112/
f198/
f245
n101
n5/
n91
Invalid operation
Invalid operation
d152:q6ggan3yz3yhgjlfx
Invalid operation
d152:q6ggan3yz3yhgjlfxbtor9njn3wzhze8m48ectqwpjqf
d152
d214
f112/
f198/
f245
f33
n25
n45
n47
n5/
n91
Invalid operation
Invalid operation
d210/
d22
n49
Invalid operation
d210:dir:0
d22:
Invalid operation
Invalid operation
d152
d214
d216
d266
f112/
f198/
f245
f33
n25
n45
n47
n5/
n91
d30:25 CC D3 C0 29 C0 5C F9 E7 E5 D2 93 7A 93 20 E7 C6 00 00 00
d30
d64/
f227/
f275/
Invalid operation
Invalid operation
d22:7
f204:0
Invalid operation
d30:8C B7 47
n64:0
d30:8C B7 47
d178
d190
d210/
d22
f133/
f204
n60/
n90
d178
d190
d210/
d22
f133/
f204
n60/
n90
Invalid operation
Invalid operation
d178
d190
d210/
d22
f133/
f204
n60/
n90
d178
d190
d210/
d22
f133/
f204
n60/
n90
d210:dir:0
d30:E7 E5 D2 93 7A 93 20 E7 C6 00 C9 6F DB
Invalid operation
d22:xomr4e7jx2xb1-683ti.cr3r
d178
d190
d210/
d22
f133/
f204
n53
n60/
n90
d30:D2 93 7A 93 20 E7 C6 00 C9 6F DB 01 7B 0F DE
Invalid operation
d30:DE
d69/
d69/
d22/
d69/
f131/
n49/
d22/
d69/
f131/
n49/
d22/
d69/
f131/
n49/
d69:dir:0
d69:dir:0
Invalid operation
/n58/d157/n1/d186/f164/n102/d148/n0/f287/d44/d105/f152/d246/n38/f43/d228/f51/f216/f227/n60/f260
/n58/d157/n1/d186/f164/n102/d148/n0/f287/d44/d105/f152/d246/n38/f43/d228/f51/f260
/f267
Invalid operation
d115:C5 BB
/n58/d157/n1/d186/f164/n102/d148/n0/f287/d44/d105/f152/d246/n38/f43/d228/f51/f216/f227/n60/d254/d115
Invalid operation
Null
d115:38
d115
d22/
d46/
d69/
f131/
f237
f81
n49/
d115
d116
d22/
d46/
d69/
f131/
f237
f81
n49/
Invalid operation
Invalid operation
Invalid operation
Invalid operation
d69:dir:0
d115:75 82 ED E2 89
d239:3D
Invalid operation
Invalid operation
Invalid operation
Invalid operation
Invalid operation
Invalid operation
Invalid operation
Invalid operation
Invalid operation
Invalid operation
Invalid operation
f239:00 00
Invalid operation
Invalid operation
Invalid operation
Invalid operation
Invalid operation
d179/
d49
f14/
f239
f278/
n65/
d115
d116
d22/
d46/
d69/
f131/
f172
f237
f241/
f81
n49/
n90
Invalid operation
d115:79 38 50 00 FD DB 75 82 ED E2
d115:12
f81:10
d73:5
/f250
Invalid operation
d115
d116
d22/
d46/
d69/
d73
f131/
f172
f184/
f237
f241/
f81
n49/
n90
d115
d116
d22/
d46/
d69/
d73
f131/
f172
f184/
f237
f241/
f81
n49/
n90
d115
d116
d22/
d34/
d46/
d69/
d73
f131/
f172
f184/
f237
f241/
f81
n49/
n77
n90
d115:27 1F 18
/n58/d157/n1/d186/f164/n102/d148/n0/f287/d44/d105/f152/d246/n38/f43/d228/f51/f216/f227/n60/d254/d115
/n58/d157/n1/d186/f164/n102/d148/n0/f287/d44/d105/f152/d246/n38/f43/d228/f51/f216/f227/n60/d254/d115
Invalid operation
d115:19
f81:10
d115
d116
d132/
d22/
d34/
d46/
d69/
d73
f131/
f172
f184/
f237
f241/
f81
n49/
n77
n90
Invalid operation
Invalid operation
Invalid operation
Invalid operation
f69:dir:0
d254/
f260
f69/
n59
d254/
f260
f69/
n59
/n58/d157/n1/d186/f164/n102/d148/n0/f287/d44/d105/f152/d246/n38/f43/d228/f51/f216/f227/n60/f260
/n58/d157/n1/d186/f164/n102/d148/n0/f287/d44/d105/f152/d246/n38/f43/d228/f51/f260
f260:20
Invalid operation
d167/
d254/
f260
f69/
d30:E7 E5 D2 CD 6D 65 3B
Invalid operation
d30:C9 6F DB 00
d30:C6 00 C9 6F DB 00
d30
d64/
f227/
f275/
d30
d64/
f227/
f275/
Invalid operation
d30:bin:24
Invalid operation
Invalid operation
Invalid operation
d30
d64/
f227/
f238/
f275/
n68/
d211
d30
d6
d64/
f227/
f275/
n68/
f227:dir:0
Invalid operation
d211:54 B5 F3
Invalid operation
Invalid operation
Invalid operation
Invalid operation
Invalid operation
Invalid operation
Invalid operation
Invalid operation
d30
d44
d64/
f178/
f227/
f275/
n68/
d30
d44
d64/
f178/
f227/
f275/
n68/
d30
d44
d61
d64/
f178/
f227/
f275/
n68/
Invalid operation
Invalid operation
d140
d30
d44
d61
d64/
d77/
f178/
f227/
f275/
f38
n68/
Invalid operation
/n58/d157/n1/d186/f164/n102/d148/n0/f287/d44/d105/f152/d246/n38/f43/d228/f51/f216/d30
Invalid operation
Invalid operation
d140
d30
d44
d57/
d61
d64/
d77/
f178/
f227/
f275/
f38
n68/
Invalid operation
d140
d30
d44
d57/
d61
d64/
d65/
d77/
f178/
f227/
f275/
f38
n68/
Invalid operation
d140
d30
d44
d57/
d61
d64/
d65/
d77/
f16/
f178/
f227/
f275/
f38
n68/
d30:5E
Invalid operation
Invalid operation
Invalid operation
Invalid operation
d195
d227
d44
d30:D8 BD E9 CF 5D FD E7 C6 F4 93 59 5A 5C DF A0
f7/
Invalid operation
f7/
Invalid operation
f264:jqagcmkkf05_aes6ux
f7:dir:0
f264:jqagcmkkf05_aes6ux
d72
f228
f264
f7/
f92/
Invalid operation
d30:89 E9 22 5E D8 BD 34 20 E1 EB E7 C6 F4 93 59 5A 5C DF A0 18 EA 00 00 59 DD 00 00 00
d30:D8 BD 34 20 E1 EB E7 C6 F4 93 59 5A
Invalid operation
d105
d164/
d170
d178/
d18
d201
d224
d237/
d247
d255
d297/
d67/
d8/
d98
f116
f146
f162/
f185
f186/
f210/
f213
f216/
f260
f297
f64
f71/
f98
n1/
n34
n83
n96
n99
d105:bin:17
Invalid operation
Invalid operation
Invalid operation
Invalid operation
Invalid operation
d105
d164/
d170
d178/
d18
d201
d205
d224
d237/
d247
d255
d284
d297/
d35
d67/
d8/
d98
f116
f146
f162/
f185
f186/
f210/
f213
f216/
f260
f27/
f297
f64
f71/
f98
n1/
n34
n83
n96
n99
d105
d164/
d170
d178/
d18
d201
d205
d224
d237/
d247
d255
d284
d297/
d35
d67/
d8/
d98
f116
f146
f162/
f185
f186/
f210/
f213
f216/
f260
f27/
f297
f64
f71/
f98
n1/
n34
n83
n96
n99
Invalid operation
Invalid operation
d105:65
Invalid operation
/n58/d157/n1/d186/f164/n102/d148/n0/f287/d44/d105/f152/d246/n38/f43/d228/f51/d105
d105
d110/
d164/
d170
d178/
d18
d201
d205
d224
d237/
d247
d255
d284
d297/
d35
d67/
d8/
d98
f116
f146
f162/
f185
f186/
f210/
f213
f216/
f260
f27/
f297
f64
f71/
f98
n1/
n34
n83
n96
n99
d105
d110/
d164/
d170
d178/
d18
d201
d205
d224
d237/
d247
d255
d284
d297/
d35
d67/
d8/
d85
d98
f116
f146
f162/
f185
f186/
f210/
f213
f215
f216/
f260
f27/
f297
f64
f71/
f98
n1/
n34
n96
n99
d105
d110/
d164/
d170
d178/
d18
d201
d205
d224
d237/
d247
d255
d284
d297/
d35
d67/
d8/
d98
f116
f146
f162/
f185
f186/
f210/
f213
f215
f216/
f260
f27/
f297
f64
f71/
f98
n1/
n34
n96
n99
d105:E0
d105:bin:14
Invalid operation
n75:txt:16
d41
n41
n75
Invalid operation
f171:05 EA 11
n75:txt:16
d41
d92
f171
f179
f256/
n41
n65/
n75
n41:txt:0
f189:md:0
f171:DD 05 EA 00 00 55 41 48
f189
f42/
n47
n69
Invalid operation
f189
f42/
n69
d265/
f189
f42/
f91/
n69
Invalid operation
f189:md:0
/n58/d157/n1/d186/f164/n102/d148/n0/f287/d44/d105/f152/d246/n38/f43/d228/f51/f162/n65/f189
n69:16
d157
d265/
f189
f42/
n52/
n69
d157
d265/
f189
f42/
n52/
n69
Invalid operation
Invalid operation
Invalid operation
d41
d77
d92
f130
f171
f179
f195/
f228
f256/
f62
f72
n4
n41
n65/
n75
Invalid operation
Invalid operation
Invalid operation
Invalid operation
Invalid operation
/n58/d157/n1/d186/f164/n102/d148/n0/f287/d44/d105/f152/d246/n38/f43/d228/f51/f162/f195/d222
f112:dir:0
Invalid operation
d162
d169
d222
d274
f112/
f20/
d222:00
f171:DD
f171:00 00 3A D8 00 00 00 8A 00 00 00 97
Invalid operation
Invalid operation
f112:dir:0
Invalid operation
d162
d169
d222
d238
d274
d99/
f112/
f20/
d162
d169
d222
d238
d274
d99/
f112/
f20/
Invalid operation
Invalid operation
Invalid operation
f171:8A 00 00 00
Invalid operation
f171:55 41 48 00 00 00 3A D8
Invalid operation
f171:00
Invalid operation
Invalid operation
f171:DD 05 EA 00 00 55 41 48 00 00 00 3A D8 00 00 00 8A 00 00 00 97 07 EF
f171:27
n75:16
d41:13
f72:8
f179:7
d77:6
Invalid operation
d15
d41
d72/
d77
d92
f130
f171
f179
f195/
f228
f256/
f298
f62
f72
f99/
n4
n41
n65/
n75
d15
d41
d77
d92
f130
f171
f179
f195/
f228
f256/
f298
f62
f72
f99/
n4
n41
n65/
n75
Invalid operation
d15
d41
d77
d92
f130
f171
f179
f195/
f228
f241/
f256/
f298
f62
f72
f99/
n15/
n4
n41
n65/
n75
d15
d41
d77
d92
f130
f171
f189
f195/
f228
f241/
f256/
f287
f298
f62
f72
f99/
n15/
n4
n65/
n75
d105
d110/
d164/
d170
d178/
d18
d201
d205
d217
d237/
d247
d255
d284
d297/
d64
d67/
d8/
d98
f116
f124
f129/
f146
f149/
f162/
f185
f186/
f210/
f213
f215
f216/
f260
f27/
f297
f64
f71/
f98
n1/
n117
n34
n38/
n39/
n96
n99
d105
d110/
d164/
d170
d178/
d18
d201
d205
d217
d237/
d247
d255
d284
d297/
d64
d67/
d8/
d98
f116
f124
f129/
f146
f149/
f162/
f185
f186/
f210/
f213
f215
f216/
f260
f27/
f297
f64
f71/
f98
n1/
n117
n34
n38/
n39/
n96
n99
Invalid operation
Invalid operation
/n58/d157/n1/d186/f164/n102/d148/n0/f287/d44/d105/f152/d246/n38/f43/d228/f51/f216/d30
Invalid operation
Invalid operation
Invalid operation
Invalid operation
Invalid operation
Invalid operation
Invalid operation
f74:yfjc8yhqhmh1h6r
f114:dir:0
f74:yfjc8yhqhmh1h6r
Invalid operation
d140
d19
d30
d44
d57/
d58
d61
d64/
d66
d77/
f104/
f170
f227/
f275/
f38
n47
n68/
d30:35
d44:13
d66:7
d30:35
f21:14
d44:13
d66:7
f180:2
d61:1
d140:0
d90:0
d30:41 48 4B 88 7C 37
f227:dir:0
Invalid operation
Invalid operation
d105:bin:17
d105:01 58 0C 7F F2 CA 94 1C 87 D9 0D F7 AE
/n58/d157/n1/d186/f164/n102/d148/n0/f287/d44/d105/f152/d246/n38/f43/d228/f207
f51:dir:0
Invalid operation
f207:j13k-rojpj jo_
Invalid operation
f44:17
f207:14
f46:12
d148:7
f299:0
d120
d148
f207
f226/
f241/
f299
f44
f46
f51/
d148:24
Invalid operation
Invalid operation
/n58/d157/n1/d186/f164/n102/d148/n0/f287/d44/d105/f152/d246/n38/f43/d228/f207
d148
f207
f241/
f299
f44
f46
f51/
Invalid operation
d15/
d170
d179/
d190/
d20
d228/
d296/
d79
f231/
f283
n11/
f207:j13k-rojpj jo_x9-w7q
d164
d148:E1 24
d164
Invalid operation
d164:txt:1
d164:x
d164:1
f43:0
d164:txt:6
d164:xuzn8k
Invalid operation
d164:xuzn8k
Invalid operation
Invalid operation
d148
d198/
f207
f241/
f264/
f268
f299
f41
f44
f46
f51/
d148
d198/
f207
f241/
f264/
f299
f41
f44
f46
f51/
f207:j13k-rojpj jo_x9-w7q
d148
f207
f241/
f264/
f299
f41
f44
f46
f51/
Invalid operation
f207:j13k-rojpj jo_x9-w7q
d148
d198/
f207
f241/
f264/
f299
f41
f44
f46
f51/
f207:j13k-rojpj jo_x9-w7qrs3rxb
d148
d198/
f207
f241/
f264/
f299
f41
f44
f46
f51/
f68/
d148
d198/
f207
f241/
f264/
f299
f41
f44
f46
f51/
f68/
n51/
Invalid operation
d148
d198/
f207
f241/
f264/
f299
f41
f44
f46
f51/
f68/
Invalid operation
d148
d198/
d206/
f207
f241/
f264/
f299
f41
f44
f46
f51/
f68/
Invalid operation
d148:28
f207:20
f44:17
f46:12
d191:5
f41:2
d30:1
f299:0
/n58/d157/n1/d186/f164/n102/d148/n0/f287/d44/d105/f152/d246/n38/f43/d228/f241/n115
Invalid operation
d15/
d170
d179/
d190/
d228/
d259
d79
f23
f231/
f283
f92/
n11/
d228:dir:0
Invalid operation
Invalid operation
d138
d148
d191
d198/
d30
f207
f241/
f264/
f299
f41
f44
f46
f51/
f68/
Invalid operation
Invalid operation
Invalid operation
Invalid operation
d148:27
f44:17
f49:17
f299:13
f46:12
d191:5
f51:dir:0
d138
d148
d191
d198/
d202/
d298
d30
d74/
f241/
f264/
f299
f41
f44
f46
f49
f51/
f68/
Invalid operation
d15/
d170
d179/
d190/
d228/
d259
d79
f23
f231/
f283
f92/
n11/
Invalid operation
Invalid operation
Invalid operation
Invalid operation
d79:3B E0 5C 8E 3A AC 08
Invalid operation
d228:dir:0
Invalid operation
d79:8E 3A AC 08 4D B2
f134:17
Invalid operation
f134:17
d79:03 02 DF
d79:22
d170:15
d259:10
f88:10
d91:6
Invalid operation
d15/
d170
d179/
d190/
d228/
d259
d294/
d79
d91
f142
f23
f231/
f283
f88
f92/
n11/
n116
n54/
d15/
d17/
d170
d179/
d228/
d259
d294/
d91
f142
f23
f231/
f283
f88
f92/
n11/
n116
n54/
Null
f157:1D C2 00 D1 F3 E1 0A 39 8D AA CA
f157:00 00
d62:dir:0
d180/
d48/
d62/
f152
f157
f19
f192/
f223/
f72
n38/
n60
d180/
d48/
d62/
f152
f157
f19
f192/
f223/
f72
n38/
n60
Invalid operation
Invalid operation
/n58/d157/n1/d186/f164/n102/d148/n0/f287/d44/d105/f152/d246/n60
Invalid operation
f277
Invalid operation
Invalid operation
Invalid operation
Invalid operation
f277:bin:0
d10
d75/
f226
f277
f283/
d10
d75/
f226
f277
f283/
Invalid operation
Invalid operation
Invalid operation
Invalid operation
f277:00
f277:00 00 00 00 00 00
Invalid operation
f277:00 00 00
f277:11
d10:8
Invalid operation
d134/
d172/
d185
d21/
d236
d31/
f134/
f151
f25/
f26
f27
f43/
f65/
f89
n21
Invalid operation
f131:00
Invalid operation
Invalid operation
Invalid operation
f131:46
Invalid operation
d134/
d172/
d185
d21/
d236
d31/
f131
f134/
f151
f25/
f26
f268
f27
f43/
f89
n21
d134/
d172/
d185
d21/
d236
d31/
f131
f134/
f151
f25/
f26
f268
f27
f43/
f89
n21
Invalid operation
f131:89 DF 00 00
d120/
d134/
d172/
d185
d21/
d236
d284
d31/
d45/
d53
d68
f131
f134/
f151
f194/
f245
f25/
f26
f268
f27
f43/
f89
n21
f25:dir:0
f131:42 89 DF 00 00
Null
Invalid operation
d185:e7xwmtczm67bfu477v6fkv7.9h89ix  x5iz7vg7__f8qfephz93 1pmdk7-03q5hfxd6i8xmx--igx efxcbxx0qc8cd9h45 9
/n58/d157/n1/d186/f164/n102/d148/n0/f287/d44/d105/f152/d246/n38/d185
/d185
f181:19
d29:16
n43:16
n16:10
d15:0
d15
d284/
d29
f101/
f181
n110/
n16
n43
n47/
Invalid operation
f181:18
d29:16
n43:16
d15:0
d15
d284/
d29
f101/
f181
n110/
n43
n47/
Invalid operation
f181:81 4E 56 48 5C D2
f181:17
d29:16
n43:16
f197:8
d15
d284/
d29
f101/
f181
f197
n110/
n43
n47/
d15
d284/
d29
f101/
f142
f181
f197
n110/
n43
n47/
Invalid operation
Null
f181:C0 B9
d15
d275/
d284/
d29
f101/
f142
f181
f197
f291
f67/
n110/
n43
n47/
/n58/d157/n1/d186/f164/n102/d148/n0/f287/d44/d105/f152/d246/d48/f181
d15
d275/
d284/
d29
f101/
f142
f181
f197
f291
f67/
n110/
n43
n47/
Invalid operation
d15
d275/
d284/
d29
f101/
f142
f160
f181
f197
f230
f291
f67/
n110/
n43
n47/
Invalid operation
d15
d275/
d284/
d29
f101/
f142
f160
f181
f197
f230
f291
f67/
n110/
n43
n47/
n61
n110:dir:0
d15
d175
d263
d275/
d284/
d29
f101/
f142
f160
f181
f197
f230
f291
f67/
n110/
n43
n47/
n61
Invalid operation
Invalid operation
Invalid operation
d290/
Null
d290:dir:0
d233
d259/
d290/
Invalid operation
d259/
d290/
d292
d292:1
d226:0
d276/
f181:FD
d264
f276/
f86
Null
f103
f153
f276/
f103
f153
f276/
f36/
Invalid operation
Invalid operation
f153:10
f103:7
Invalid operation
f181:96 2D 69 25 2B 25 19 26 C5 BA 76 00 00 00
Invalid operation
Null
f181:2B 25 19 26 C5
d95/
f94/
n34
n34:24
f127:15
f71:10
f181:00
f42:F9 0F 1F
/n58/d157/n1/d186/f164/n102/d148/n0/f287/d44/d105/f152/d246/d48/f67/d290/f153
Invalid operation
f276:dir:0
Invalid operation
Invalid operation
Invalid operation
Invalid operation
d15
d175
d263
d275/
d284/
d29
f101/
f142
f160
f181
f197
f230
f291
f67/
n110/
n43
n61
d15
d175
d263
d275/
d284/
d29
f101/
f142
f160
f181
f197
f230
f291
f67/
n110/
n43
n61
n110:dir:0
Invalid operation
f197
Invalid operation
d103/
d135/
d171
d231/
d267
d45/
d90/
f121
f178
f2/
f219/
f224
f234
f251/
f38
n110/
n114/
n24/
n5/
n54
n61/
n77
n85/
f234:76 00 00 00 00 5A F0 40 DC
d103/
d135/
d171
d231/
d267
d45/
d90/
f121
f178
f2/
f224
f234
f251/
f38
n110/
n114/
n24/
n5/
n54
n61/
n77
n85/
Invalid operation
Null
d103/
d135/
d171
d231/
d267
d45/
d90/
f121
f161
f178
f2/
f224
f234
f251/
f38
n110/
n114/
n24/
n5/
n54
n61/
n77
n85/
Invalid operation
n77:s6li81uafybue 2lmdk3qxek6e8tnpfwls4m.c7n62b28q-j7e54e6_cb190b3dwqph2id986fnxo6r-._9me 236-z7e-fp9fmq
n77:s6li81uafybue 2lmdk3qxek6e8tnpfwls4m.c7n62b28q-j7e54e6_cb190b3dwqph2id986fnxo6r-._9me 236-z7e-fp9fmq
Invalid operation
/n58/d157/n1/d186/f164/n102/d148/n0/f287/d44/d105/f152/d246/d48/f181
Invalid operation
Invalid operation
Invalid operation
Invalid operation
d15
d170
d175
d263
d275/
d284/
d29
f101/
f142
f160
f181
f197
f230
f291
f67/
n110/
n43
n61
Invalid operation
Invalid operation
/n58/d157/n1/d186/f164/n102/d148/n0/f287/d44/d105/f152/d246/d48/f181
Invalid operation
d15
d170
d175
d263
d275/
d284/
d29
f101/
f142
f160
f181
f197
f230
f67/
n110/
n43
n61
f181:00 00 00
Invalid operation
Invalid operation
Null
d143
d180/
d189
d251
d273
d28/
d293/
d296
d48/
d62/
f157
f19
f192/
f223/
f72
f73/
n102/
n38/
n60
f157:BB 0C 3D 90 56 53 DE
d143
d180/
d189
d251
d273
d28/
d293/
d296
d48/
d62/
f0
f157
f19
f192/
f223/
f252
f72
f73/
n102/
n38/
n60
f78:8kh-_hb5sxxdn7
d133:dir:0
d133:dir:0
Invalid operation
f78:38
d172:em22bwa mtm3x6i13
d172
f77/
n77
Invalid operation
d172
f37
f77/
n77
Null
Invalid operation
Invalid operation
d172
f37
f54
f77/
Invalid operation
f54:78 00
d210/
f218
f54
f77/
Invalid operation
Invalid operation
Invalid operation
d38/
f152/
f78
f78:8kh-_hb5sxxdn7m3wxwke3wi9d99r06blozrnt61nc-mzmbo ponk6
f78:md:83
/n58/d157/n1/d186/f164/n102/d148/n0/f287/d44/d105/f152/d246/d62/f77/f78
f78:83
d157:0
Invalid operation
f78:83
d157:0
f13:0
d157
d38/
d52/
f13
f152/
f76/
f78
n40/
d157
d38/
f13
f152/
f287
f76/
f78
n40/
f54:36 27 38 B1 62 5F 55
d157
d219
d38/
f13
f152/
f76/
f78
n117/
n40/
n53/
f54:F3 8C A1 71
Invalid operation
Invalid operation
f54:20
d282:10
d13:0
d81:0
f18:0
Invalid operation
Invalid operation
Invalid operation
/n58/d157/n1/d186/f164/n102/d148/n0/f287/d44/d105/f152/d246/n60
d13
d143/
d210/
d282
d295
d4/
d5
d81
f155/
f168/
f18
f189/
f27/
f54
f77/
d13
d143/
d210/
d282
d295
d4/
d5
d81
f155/
f168/
f18
f189/
f27/
f54
f77/
d13
d143/
d210/
d282
d295
d4/
d5
d81
f155/
f168/
f18
f189/
f27/
f54
f77/
/n58/d157/n1/d186/f164/n102/d148/n0/f287/d44/d105/f152/d246/d62/f54
/n58/d157/n1/d186/f164/n102/d148/n0/f287/d44/d105/f152/d246/d62/f54
Invalid operation
Invalid operation
Invalid operation
d186/
Invalid operation
Invalid operation
d159/
d186/
d159/
d186/
Invalid operation
Invalid operation
d150/
d282/
f130
n14
Invalid operation
d180:15
n101:CE 90 6A FA DD 09 B1 E6
Invalid operation
Invalid operation
Invalid operation
Invalid operation
Invalid operation
Invalid operation
d132
d159/
d186/
d89
f106/
f289/
f30
n10/
Invalid operation
d132:6--uf
d186:dir:0
d132
d159/
d186/
f106/
f289/
f30
n10/
n38
d132:6--uf
/n58/f289
d55/
f64/
n101
d119
d135/
f173/
Invalid operation
Invalid operation
Invalid operation
n101:bin:15
Invalid operation
Invalid operation
Invalid operation
n101:bin:17
Invalid operation
d54
d55/
n101
n23
n53/
n101:80 FF 02 73
d54
d55/
n101
n23
n53/
d54
d55/
n101
n23
n53/
d126
Invalid operation
Invalid operation
n101:75 06 96 24 85 45 58 E8
Invalid operation
Invalid operation
Invalid operation
Invalid operation
d132:6--uf
d132
d159/
d186/
f106/
f289/
f30
n10/
d132
d159/
d186/
f106/
f289/
f30
n10/
d186:dir:0
d186:dir:0
d132:6--uf
d159/
d175/
d186/
d54
d71
f106/
f128
f21
f289/
f30
f44
n10/
n68
d144
d198/
d54
d55/
f1/
f257/
f71
f96
n101
n23
n53/
Invalid operation
Null
d159/
d175/
d186/
d288
d54
d71
f106/
f128
f21
f289/
f30
f44
n63
n68
d54:9E
Invalid operation
Invalid operation
Invalid operation
d158
d214
f125/
f253/
f31
f63
f91
d158:25
d214:3
f286
d158:txt:26
d158:y5f-mk8rxw.-g2  7si8mz6n3xi2_
f251:dir:0
n104:mpun6zck
d214:46 65
d214:17
d214:17
f251:dir:0
Invalid operation
f124
d20/
f22
f251/
n104
n29
d20/
f22
f251/
n104
n29
d214:46 65 00 00 5E C0 7E 68 F9 00 C3 00 00
n104:mpun6zckz929s1oqsn35krdireq9nl 33ow_h
d214:C0 7E 68 F9 00 C3 00
d20/
f22
f251/
n104
n29
Invalid operation
Invalid operation
n104:mpun6zckz929s1oqsn35krdireq9nl 33ow_h
Invalid operation
d77
d214:00 00 00
Invalid operation
d214:7E 68 F9 00 C3 00 00 B6 00
Invalid operation
d120/
d20/
f22
f251/
n104
n29
Invalid operation
d120/
d133
d20/
f110
f147/
f22
f251/
n104
n29
Invalid operation
Invalid operation
d120/
d132/
d133
d20/
f147/
f22
f250
f251/
n104
n29
d120/
d132/
d133
d144
d20/
d201
f147/
f22
f250
f251/
f283
n104
n29
f251:dir:0
d120/
d132/
d133
d144
d184
d20/
d201
f147/
f22
f250
f251/
f283
n104
n105
n29
d120/
d132/
d133
d144
d184
d20/
d201
f147/
f22
f250
f251/
f283
n104
n105
n29
d133:75
f22:83
f251:dir:0
d158:txt:29
Invalid operation
d158
d214
f125/
f253/
f91
Invalid operation
d158:y5f-mk8rxw.-g2  7si8mz6n3xi2_
d214:00
/n58/d157/n1/d186/f164/n102/d148/n0/f287/d44/d105/f152/d246/d62/n95/f289/d158
d214:69 3F C8 00
Invalid operation
d158:txt:29
Invalid operation
d159/
d175/
d186/
d288
d54
d71
f106/
f128
f21
f289/
f30
f44
n63
n68
d159/
d175/
d186/
d288
d54
d71
f106/
f128
f21
f289/
f30
f44
n63
n68
d214:0D
d106/
f166/
f212/
d106/
f212/
f24
d106/
f212/
f24
d106/
f212/
f24
d106/
f131
f212/
f24
Invalid operation
d106:dir:0
f65:dir:0
f65:dir:0
f24:7olfb02n
Invalid operation
/n58/d157/n1/d186/f164/n102/d148/n0/f287/d44/d105/f152/d246/d62/n95/f289/f25/f24
/n58/d157/n1/f24
d160/
d174
d63/
f124/
f208/
n5/
d160:dir:0
f59:12
Invalid operation
n67:46
Invalid operation
f239/
n67
n79
Invalid operation
Invalid operation
/n58/d157/n1/d186/f164/n102/d148/n0/f287/d44/d105/f152/d246/d62/n95/f289/f25/f212/f124/n67
f239/
n67
Invalid operation
Null
Invalid operation
Invalid operation
n67:4D 23 C9
n6:md:0
Invalid operation
n67:bin:16
Invalid operation
f153:c2.n5y8 kq0frkek
f153:c2.n5y8 kq0frkek
Invalid operation
d235/
d239/
d256
d273
f0
f14/
f153
f280
n5/
n98
Invalid operation
d252
f239/
n117
n67
d252
f239/
n117
d252
f239/
n117
n52
n77/
f153:31
f0:13
d61:12
n98:10
d273:1
f299:1
d256:0
d235/
d239/
d256
d273
d3
f0
f14/
f153
f299
n5/
n98
Null
Null
f105:36
Invalid operation
Invalid operation
Invalid operation
Invalid operation
/n58/d157/n1/d186/f164/n102/d148/n0/f287/d44/d105/f152/d246/d62/n95/f289/f25/f212/f124/f239/f14/f185/n8
d187:E4 22 CE 77 01 00 00 00 B4
d113/
d187
f185/
f57/
f87/
d113/
d187
f185/
f297/
f57/
f87/
Invalid operation
d113/
d187
f185/
Invalid operation
Invalid operation
Invalid operation
Invalid operation
d281
d281
d51
d84
n14
Invalid operation
Invalid operation
Invalid operation
Invalid operation
Invalid operation
d281:n
Invalid operation
/n58/d157/n1/d186/f164/n102/d148/n0/f287/d44/d105/f152/d246/d62/n95/f289/f25/f212/f124/f239/f14/d187
d281:txt:2
Invalid operation
d113/
d187
d237/
f185/
n11/
n98
Invalid operation
Invalid operation
d142/
d45
f198/
n8
Invalid operation
d113/
d187
d237/
f110/
f185/
f2
n11/
n98
Invalid operation
d113/
d187
d237/
d282
f110/
f185/
f2
n11/
n48/
n98
Invalid operation
d187:00 00 00 00 00 00 00 D2 4F
Invalid operation
Null
Invalid operation
d113:dir:0
d113:dir:0
Null
Invalid operation
d128/
f6
f6:2
Invalid operation
Invalid operation
/n58/d157/n1/d186/f164/n102/d148/n0/f287/d44/d105/f152/d246/d62/n95/f289/f25/f212/f124/f239/f14/d237/f6
d128:dir:0
d59:13
d128/
d248/
d59
f153/
d128:dir:0
d128/
d248/
d59
f153/
Invalid operation
d187:32 00 74 20 7E
Invalid operation
Invalid operation
d128:dir:0
d281
d51
d81
d84
f297/
f33/
n14
n68/
d51
d81
d84
f33/
n14
n68/
n14:iha
d84:CA CD
Invalid operation
d81:4D
Null
n14:txt:3
Invalid operation
Invalid operation
f2:3B 54
n98:4lo
Invalid operation
/n58/d157/n1/d186/f164/n102/d148/n0/f287/d44/d105/f152/d246/d62/n95/f289/f25/f212/f124/f239/f14/d113/n14
Invalid operation
Null
d119
d137
d159
d235
d271/
d296
d81
f1/
f126
f20
f238
f261
n10
n106/
n111
n14
n21/
n93/
Invalid operation
Null
d119
d137
d159
d235
d271/
d296
d81
f1/
f126
f20
f238
f261
f74
n10
n106/
n111
n14
n21/
n93/
n14:iha1rdfpbcer 9
n98:4lo
f2:54 49 EE AD
n98:4lo
n68
n103
n68
n103
n68
n103:2
n68:0
f2:F7 37
/n58/d157/n1/d186/f164/n102/d148/n0/f287/d44/d105/f152/d246/d62/n95/f289/f25/f212/f124/f239/f14/n11/n68
/n58/d157/n1/d186/f164/n102/d148/n0/f287/d44/d105/f152/d246/d62/n95/n68
Invalid operation
Invalid operation
d1
f84/
n24
Invalid operation
Invalid operation
Invalid operation
d1
f84/
n24
Invalid operation
Invalid operation
Invalid operation
d1
d154
f84/
f90
n24
Invalid operation
Invalid operation
f2:5A 5F 00 00 00 B4 DC
Invalid operation
Invalid operation
Invalid operation
Invalid operation
d113/
d125/
d140/
d18/
d181/
d237/
f110/
f185/
f2
f206
f64/
n11/
n48/
n84/
n98
Null
Invalid operation
Invalid operation
Invalid operation
Invalid operation
d113/
d125/
d140/
d18/
d181/
d237/
f110/
f185/
f2
f206
f218/
f64/
n11/
n52/
n84/
n98
d113:dir:0
f2:94 04 F1 5A 5F 00
f2:F1 5A 5F 00 00
Invalid operation
n98:78 43 78 77 55 F5 3F
/n58/d157/n1/d186/f164/n102/d148/n0/f287/d44/d105/f152/d246/d62/n95/f289/f25/f212/f124/f239/f153
d16
d189
d239/
d273
d3
d98
f0
f14/
f140
f153
f299
n5/
n98
Invalid operation
Invalid operation
Invalid operation
n117:4
d252:0
d214:4A A9 C0 7E 68 F9 00 C3 7D 9B C1 32 81 3A DC 6C 00 00 96 78 3C 36 2F 05 FD 34 7E E3 9D 65
d252
f239/
f296
n117
n47/
n5/
n52
n77/
Invalid operation
Invalid operation
f239:dir:0
d252
f239/
f296
n117
n47/
n5/
n52
n77/
f239:dir:0
n105:69
n105:8E 28 F4 3B 58
n105:58 5A
Invalid operation
Invalid operation
d140
d231
d252
f182/
f239/
f267
n105
n117
n12/
n47/
n5/
n52
n77/
n105:F4 3B 58 5A 47
n117:arce
n117:arce
Invalid operation
Invalid operation
d106/
f131
f212/
f24
Invalid operation
d214:FD 34 7E E3 9D
d214:F9 43 A2 3C B5 FA 00 00 E5
Invalid operation
d214
f25/
f253/
n66/
d214:96 78 3C AE 01 05 FD 34 7E E3 9D 44 D1 F9 43 A2 3C B5 FA 00 00 E5 00
Invalid operation
/n58/d157/n1/d186/f164/n102/d148/n0/f287/d44/d105/f152/d246/d62/n95/f289/d214
d120/
d132/
d133
d144
d181/
d184
d20/
d201
f147/
f162
f22
f250
f251/
f283
n104
n105
n112
n29
n56
d120/
d132/
d133
d144
d181/
d184
d20/
d201
f147/
f162
f22
f250
f251/
f283
n104
n105
n112
n29
n56
Invalid operation
Invalid operation
d133:00
f251:dir:0
Invalid operation
Invalid operation
Invalid operation
Invalid operation
d214:45
Invalid operation
Invalid operation
d214:45
n115:3
f158:0
Invalid operation
Invalid operation
Invalid operation
d214:45
n0:4
d214
f158
f25/
f253/
n0
n115
n13/
n66/
d214
f158
f25/
f253/
n0
n115
n13/
n66/
Invalid operation
Invalid operation
d54:A5
d54:74 A5
Invalid operation
/n58/d157/n1/d186/f164/n102/d148/n0/f287/d44/d105/f152/d246/d62/n95/f30
d54:A5
f30:gex4.65bedxbrwsus2.pllxi1
d155
d159/
d175/
d186/
d26
d54
d66/
d71
d99/
f128
f21
f289/
f30
f44
f52
n68
n92/
d54:65 A3 74 A5 00 00
d155
d159/
d175/
d186/
d26
d54
d66/
d71
d99/
f128
f21
f289/
f30
f44
f52
n68
n92/
n105:9
f228:2
d26
f254/
Invalid operation
d26
f254/
f30:gex4.65bedxbrwsus2.pllxi1
d155
d159/
d175/
d186/
d26
d54
d66/
d71
d99/
f128
f21
f289/
f30
f44
f52
n68
n7/
n72/
n92/
d13
d143/
d210/
d282
d295
d81
f155/
f168/
f18
f189/
f27/
f54
f66
f77/
n95/
Invalid operation
Invalid operation
Invalid operation
d13
d143/
d210/
d282
d295
d81
f155/
f168/
f18
f189/
f27/
f54
f66
f77/
n95/
d13
d143/
d210/
d282
d295
d81
f155/
f168/
f18
f189/
f27/
f54
f66
f77/
n20/
n95/
Invalid operation
d13
d143/
d210/
d282
d295
d81
f155/
f168/
f18
f189/
f27/
f54
f66
f77/
n20/
n95/
n105:FE 12 00
f295:2D
f213:dir:0
f213:dir:0
Null
Null
f230:4A 92 40 00 00 0B 04 2E 04 5C 16 3F
Invalid operation
Invalid operation
Invalid operation
d180/
d30
d59/
d63/
d64/
f126
f143/
f208
f226
f295/
Invalid operation
n105:80 FE 12 00
Null
d123
d149
d176
d246
d33
d54/
f105
f140/
f143/
f154
f205/
f213/
f28/
f295
f43/
f55
f91/
f97
n43
n69
n96
f213:dir:0
d149:uawrcqq3xfis2hmlquo_6vb87t32r
Invalid operation
d13:x
d200:7
d242:6
d13:1
f209:1
d13:x
Invalid operation
d13
d140
d20
d242
d5/
d93
f135/
f209
f92/
Invalid operation
Invalid operation
d13
d140
d20
d22/
d242
d5/
d93
f135/
f209
f92/
n75
Invalid operation
Invalid operation
Invalid operation
Null
Invalid operation
d0/
d123
d149
d176
d246
d298
d33
d54/
f105
f140/
f143/
f15
f154
f205/
f213/
f245
f28/
f295
f43/
f55
f91/
f97
n43
n69
n96
Invalid operation
d0/
d123
d149
d176
d246
d298
d33
d54/
f105
f140/
f143/
f15
f154
f205/
f213/
f245
f28/
f295
f43/
f55
f91/
f97
n43
n69
n96
d0/
d123
d149
d176
d246
d298
d33
d54/
f105
f140/
f143/
f15
f154
f205/
f213/
f245
f28/
f295
f43/
f55
f91/
f97
n43
n69
n96
Invalid operation
d149:30
f295:30
d176:16
d246:16
f97:16
d298:15
n43:15
f213:dir:0
d0/
d123
d149
d176
d246
d298
d33
d54/
f105
f140/
f148/
f15
f154
f160
f205/
f213/
f245
f28/
f295
f43/
f55
f91/
f97
n43
n69
n96
Invalid operation
Invalid operation
d197:8
f82:6
f160:0
d197:25 59
Invalid operation
/n58/d157/n1/d186/f164/n102/d148/n0/f287/d44/d105/f152/f138/f28/f160
/n58/d157/n1/d186/f164/n102/d148/n0/f287/d44/d105/f152/f138/f160
Invalid operation
Invalid operation
d197:9
f160:7
d197:34
Invalid operation
d216
f134/
n52/
f187:jbrad
Invalid operation
f187:5
Invalid operation
f134/
f187
n27
n40/
n52/
Invalid operation
f187:5
n27:0
Invalid operation
n27:00
f259
f259:mzv1oexv l60n7rz
f259:txt:16
Null
n27:8B 57 A6
Invalid operation
f259:16
d239:10
d218:6
f187:jbrad
f187
n27
n52/
n27:17
n27:17
f187:5
f55:0
n27:3C 58 28 29 40 AF 70
f187
f55
f77
n27
n52/
Invalid operation
f187
f242/
f55
n27
n52/
Invalid operation
Invalid operation
f187:jbradi_hl81t8dg2qra3uy
/n58/d157/n1/d186/f164/n102/d148/n0/f287/d44/d105/f152/f138/f28/f159/d54/f187
f187:jbradi_hl81t8dg2qra3uy18
f187:jbradi_hl81t8dg2qra3uyzx1l
f187
f242/
n27
n52/
n27:00 00 00 3C 58 28 29 09 AF
Invalid operation
n52:dir:0
d188
f242/
n52/
f23:txt:30
d212:67 00 00 00
d212
d54/
f23
n39
d212:C1 77 67
d212
d54/
f23
n39
Null
d212:77
d197
d209/
f159/
f265/
f267
Invalid operation
Invalid operation
Invalid operation
Invalid operation
Invalid operation
Invalid operation
f213:dir:0
d123
d149
d176
d246
d298
d33
d54/
d6/
f105
f140/
f148/
f15
f154
f160
f205/
f213/
f245
f28/
f295
f43/
f55
f91/
f97
n43
n69
n96
Invalid operation
d123
d149
d176
d246
d298
d33
d54/
d6/
f105
f140/
f148/
f15
f154
f160
f205/
f213/
f245
f28/
f295
f43/
f55
f91/
f97
n43
n69
n96
d123
d149
d176
d246
d298
d33
d54/
d6/
f105
f140/
f148/
f15
f154
f160
f205/
f213/
f245
f28/
f295
f43/
f55
f91/
f97
n43
n69
n96
Invalid operation
f295:3D
Invalid operation
d123
d142
d149
d176
d246
d298
d33
d54/
d6/
f105
f140/
f148/
f15
f154
f160
f205/
f213/
f245
f28/
f295
f55
f91/
f97
n105
n43
n48/
n62
n69
n96
f295:CA 80 4A B8
/n58/d157/n1/d186/f164/n102/d148/n0/f287/d44/d105/f152/f138/d149
f295:5D CE CF AA 22 00 00 00 27 2D F8 BB F7 6C C4 B7 AD 7C
d251
d48
d56
f148
f93/
n1
Invalid operation
f148:C1
Invalid operation
d180:dir:0
d180/
d207
d30
d59/
d63/
d64/
f143/
f176
f208
f226
f295/
d30:17
f226:16
d123:C7 27
Invalid operation
d180/
d207
d30
d59/
d63/
d64/
f143/
f176
f208
f226
f295/
n39
d180:dir:0
Invalid operation
f93:dir:0
f93:dir:0
Invalid operation
f186
Invalid operation
f148:4A 90
d48
d56
f125/
f148
f93/
n1
Invalid operation
d48
d56
f125/
f148
f93/
n1
n57
n95
Invalid operation
d30:mm1x52qs06cp2x2trazitcjit
d30:mm1x52qs06cp2x2trazitcjit
/n58/d157/n1/d186/f164/n102/d148/n0/f287/d44/d105/f152/f138/f205/d30
d180:dir:0
d123:00 EE 60
d48
d56
f125/
f148
n1
n113
n57
n95
f148:bin:4
Invalid operation
d48
d56
f125/
f148
f3
n1
n113
n57
n66
n95
Invalid operation
n114
d242:6A EB 37
d13
d140
d20
d22/
d242
d5/
d93
f135/
f209
f92/
n75
Invalid operation
Invalid operation
Invalid operation
Invalid operation
Invalid operation
/n58/d157/n1/d186/f164/n102/d148/n0/f287/d44/d105/f152/f138/d149
Invalid operation
f295:00 00 00 27 2D F8 BB F7 6C C4 B7 AD 7C CA 80
d149:31
Invalid operation
d149:31
Invalid operation
/n58/d157/n1/d186/f164/n102/d148/n0/f287/d44/d105/f152/f138/f97
d123
d142
d149
d176
d246
d256/
d298
d33
d54/
f105
f133
f140/
f148/
f15
f154
f160
f205/
f213/
f28/
f295
f55
f91/
f97
n105
n43
n62
n69
n96
f295:B7 AD
Invalid operation
d149:uawrcqq3xfis2hmlquo_6vb87t32rxl
Invalid operation
d123
d142
d149
d176
d246
d256/
d298
d33
d54/
f105
f133
f140/
f148/
f15
f154
f160
f205/
f213/
f260/
f28/
f295
f55
f91/
f97
n43
n62
n69
n96
n43:lpzxpf2x243ku2u
Invalid operation
Null
Invalid operation
f295:B7
d149:32
f295:28
d123:16
d176:16
Invalid operation
d123
d142
d149
d176
d246
d256/
d298
d33
d54/
f105
f133
f140/
f148/
f15
f154
f160
f205/
f211/
f213/
f260/
f28/
f295
f55
f62
f91/
f97
n43
n62
n69
n96
Invalid operation
Invalid operation
n81:3_yxbn8.9e_w0_b
Invalid operation
d117:93 1B 0F 21
d117:21
n81:3_yxbn8.9e_w0_b
d117:4B EA 38
n81:3_yxbn8.9e_w0_b
Invalid operation
d123
d142
d149
d176
d246
d256/
d298
d33
d54/
f105
f133
f140/
f148/
f15
f154
f160
f205/
f211/
f213/
f260/
f28/
f295
f55
f62
f91/
f97
n30
n43
n62
n69
n96
/n58/d157/n1/d186/f164/n102/d148/n0/f287/d44/d105/f152/f138/n43
/n58/n43
d123
d142
d149
d176
d246
d256/
d298
d33
d54/
d77
f105
f133
f140/
f148/
f15
f154
f160
f205/
f211/
f213/
f260/
f28/
f295
f37
f55
f62
f91/
f97
n30
n43
n62
n69
n96
Invalid operation
d123
d142
d149
d176
d246
d256/
d298
d33
d5/
d54/
d77
f105
f133
f140/
f148/
f15
f154
f160
f205/
f211/
f213/
f260/
f28/
f295
f37
f55
f62
f91/
f97
n30
n43
n62
n69
n96
f295:5D CE CF AA 22 00 00
f152/
d116
d121/
d140/
d16/
d208/
d221
d225
d246/
d267
d42
d5
d59
f138/
f195
f244
f263
f65/
f69/
n105
n35/
Invalid operation
n105:F2 CB AF 0B FE
Invalid operation
d33:dir:0
Invalid operation
n8:9E 12 60 7B F8
Invalid operation
Null
d33:dir:0
Null
n60:4owmh7z0pxx
f157:E2 8D AA 18 41 BB 0C 3D 90 0A EF 1E C3 B6
n103:25
n1:8
d62:dir:0
Invalid operation
d143
d189
d251
d273
d28/
d293/
d296
d48/
d62/
f0
f157
f161
f19
f192/
f223/
f252
f72
f73/
n102/
n38/
n60
Invalid operation
d62:dir:0
d15
d170
d175
d184/
d263
d275/
d284/
d29
d30/
f101/
f130/
f142
f160
f181
f197
f220
f230
f291
f67/
n110/
n43
n61
n94
d107/
d170
d175
d184/
d263
d275/
d284/
d29
d30/
f101/
f130/
f142
f160
f181
f197
f220
f230
f291
f67/
n110/
n43
n61
n94
Invalid operation
Invalid operation
Null
f181:44
Null
f181:00 02 02 44 5F 7E 21 D9 00 00 00 E9
d13
d143/
d210/
d282
d295
d81
f155/
f168/
f18
f189/
f27/
f54
f66
f77/
n20/
n95/
/n58/d157/n1/d186/f164/n102/d148/n0/f287/d44/d105/f152/d246/n60
d246:dir:0
Null
n105:5A 17 00 F2 CB AF 0B
d121/
d140/
d175/
d208/
d221
d225
d246/
d267
d42
d5
d59
f138/
f195
f263
f65/
f69/
n105
n35/
n88/
Invalid operation
Invalid operation
n105:D9 C5 4C E8
Invalid operation
Invalid operation
f152/
Invalid operation
f152:dir:0
Invalid operation
Invalid operation
f152/
n75
Invalid operation
Invalid operation
Invalid operation
d128:A7 00
Invalid operation
d105/
d135
d18/
d41
f175/
f20/
f247/
f250
f34
Invalid operation
Invalid operation
Invalid operation
Invalid operation
Invalid operation
Invalid operation
d36
f3/
n23/
d36:jhhgn01m_3xr3fif4ma.60cpomdj
f134:72 8F 59 84 00 00 00 00 00 00 00 00
Invalid operation
Invalid operation
f3:dir:0
Invalid operation
Invalid operation
Invalid operation
d130
d249
d36
d96
f182
n4
d105/
d135
d18/
d41
f175/
f20/
f247/
f250
f34
/n58/d157/n1/d186/f164/n102/d148/n0/f287/d44/d135
Invalid operation
d105/
d135
d18/
d41
d81
f175/
f20/
f250
f34
n49
n49:8E
Invalid operation
Invalid operation
n49:1C
n75:19
d13:17
f117:9
n49:00 00
d102/
d13
d68
f117
f152/
f167
f216
f240/
f94
n1
n75
/n58/d157/n1/d186/f164/n102/d148/n0/f287/d44/d105/n75
f152:dir:0
n75:jpeb_-eeg .eg9o1vii_t8oune
f70:11 A6
Invalid operation
Invalid operation
f70:0E 11 A6
d135:nk5hks5wffs41xxx
d105/
d11
d135
d41
d81
f175/
f20/
f250
f34
n49
Invalid operation
Invalid operation
d105/
d11
d135
d163
d4
d41
d81
f175/
f20/
f250
f34
n43
n49
f20:dir:0
f20:dir:0
Invalid operation
d105/
d11
d135
d163
d222/
d280
d4
d41
d81
d9
f175/
f20/
f34
f5/
n11
n43
n49
n50/
n65/
Invalid operation
Invalid operation
Invalid operation
d105/
d11
d135
d163
d222/
d280
d4
d41
d81
d9
f175/
f20/
f34
f5/
n11
n43
n49
n50/
n65/
f20:dir:0
d105/
d11
d135
d163
d222/
d262/
d280
d4
d41
d81
d9
f175/
f20/
f22/
f34
f5/
n11
n43
n49
n50/
n65/
d135:nk5hks5wffs41xxxsq3urpm2x
d11:3B 53
Null
d105/
d11
d135
d163
d222/
d262/
d280
d4
d41
d81
d9
f175/
f20/
f22/
f34
f5/
n11
n43
n49
n50/
n65/
Invalid operation
/n58/d157/n1/d186/f164/n102/d148/n0/f287/d44/d135
Invalid operation
d135:nk5hks5wffs41xxxsq3urpm2xcn8kd_y
Invalid operation
d105/
d11
d135
d163
d222/
d262/
d280
d4
d41
d81
d9
f175/
f20/
f22/
f34
f5/
f59
n11
n113
n43
n49
n50/
n65/
Invalid operation
f20:dir:0
d135:32
d11:22
d81:17
d102/
d13
d170/
d189
d293/
d68
f115
f117
f152/
f167
f216
f240/
f70
f94
n1
n42
n75
Invalid operation
Invalid operation
d105/
d11
d135
d163
d222/
d262/
d280
d41
d81
d9
d92/
f115/
f175/
f20/
f22/
f244
f34
f5/
f59
n11
n113
n43
n49
n50/
n65/
Invalid operation
d11:24
Invalid operation
d11:00 00 63 CC 00 00 6D
Invalid operation
d198/
d11:0D 3B 03 47
Invalid operation
d198/
d105/
d11
d135
d163
d222/
d262/
d280
d41
d81
d9
d92/
f115/
f164
f175/
f20/
f22/
f244
f34
f5/
f59
n11
n113
n43
n49
n50/
n65/
d11:03
/n58/d157/n1/d186/f164/n102/d148/n0/f287/d44/d135
d135:nk5hks5wffs41xxxsq3urpm2xcn8kd_yp qde 6-1
d105/
d11
d135
d163
d211
d222/
d237/
d262/
d280
d41
d81
d9
d92/
f115/
f131/
f164
f175/
f20/
f22/
f228/
f244
f34
f5/
f59
f72/
n11
n113
n43
n49
n50/
n65/
d82/
d82/
Invalid operation
d82/
n62/
d135:nk5hks5wffs41xxxsq3urpm2xcn8kd_yp qde 6-18a9vk6kabd3t4_1.buzu4tpp
/n58/d157/n1/d186/f164/n102/d148/n0/f287/d44/d135
Invalid operation
Invalid operation
d11:87 9D
d106/
f107
f299/
d82/
n62/
d82/
n62/
Invalid operation
Invalid operation
Invalid operation
/n58/d157/n1/d186/f164/n102/d148/n0/f287/d44/d135
d82/
f260/
n58/
n62/
n62:dir:0
n62:dir:0
f20:dir:0
f38/
d105/
d11
d135
d155
d163
d211
d222/
d237/
d262/
d280
d41
d81
d9
d92/
f115/
f131/
f164
f175/
f20/
f219
f22/
f228/
f236/
f244
f34
f5/
f59
f72/
n11
n113
n19
n43
n49
n50/
n65/
d11:1A D3 24 03 47 73 00 A3 36 BD D5 1F 5E 63 CD 35 2A 0F C8 96
d105/
d11
d155
d163
d17
d211
d222/
d237/
d262/
d280
d41
d81
d9
d92/
f115/
f131/
f164
f175/
f20/
f219
f22/
f228/
f236/
f244
f34
f5/
f59
f72/
n11
n113
n19
n43
n49
n50/
n65/
d105/
d11
d155
d163
d17
d211
d222/
d237/
d262/
d280
d41
d81
d9
d92/
f115/
f131/
f164
f175/
f20/
f219
f22/
f228/
f236/
f244
f34
f5/
f59
f72/
n11
n113
n19
n43
n49
n50/
n65/
d11:2A 0F
d11:96 E3
d105/
d11
d155
d163
d17
d211
d222/
d237/
d262/
d280
d41
d81
d9
d92/
f115/
f131/
f164
f175/
f20/
f219
f22/
f228/
f236/
f244
f34
f5/
f59
f72/
n11
n113
n19
n43
n49
n50/
n65/
Invalid operation
d11:24 03 47 73 00 A3 36 BD D5 1F 1C 6C
Invalid operation
d118/
d128
d170
d249/
d294/
d44/
f3/
f89/
d118/
d128
d170
d249/
d275
d44/
f3/
f89/
d128:38 97 A0 14 3D 00 00 CB 0B 00 1C 8F D4 72 84 F7 6A
d128:97 A0 14 3D 00 00 CB 0B 00 1C 8F D4 72 84 F7 6A
d118/
d128
d170
d249/
d275
d44/
f89/
Invalid operation
Invalid operation
d118/
d128
d170
d249/
d275
d44/
f89/
Invalid operation
d128
d170
d249/
d262/
d275
d44/
f233/
f89/
d44:dir:0
d128:16 38 97 A0 14 3D 00 00 CB
Invalid operation
d128
d170
d249/
d262/
d275
d44/
f233/
f89/
n74
Invalid operation
Invalid operation
/n58/d157/n1/d186/f164/n102/d148/n0/f287/d128
/n58/d157/n1/d186/f164/n102/d148/n0/f287/d128
Invalid operation
Invalid operation
Null
d192/
d266
Invalid operation
d119
d125
d128
d160
d170
d232/
d249/
d256/
d262/
d275
d44/
d55/
d66
d7
d70
f164/
f272
f89/
n11/
n17
n74
n77
d116:13
d279:5
/n58/d157/n1/d186/f164/n102/d148/n0/f287/d232/d116
Invalid operation
Invalid operation
d116:x_wu1 5191-.p
/n58/d157/n1/d186/f164/n102/d148/n0/f287/d232/d116
Invalid operation
d116
d265
d279
f126/
f205/
f25
f295
f51/
n14
n66
Invalid operation
d116:x_wu1 5191-.pd. 7heonoii3odh
Invalid operation
d265
d279
f205/
f25
f295
f51/
n14
n66
Invalid operation
d10/
d265
d279
f205/
f25
f295
f51/
f98/
n117
n12
n14
n66
Invalid operation
Invalid operation
/n58/d157/n1/d186/f164/n102/d148/n0/f287/d232/d10/f106
Invalid operation
n29
n40/
n44
Null
Invalid operation
Invalid operation
n44:txt:24
/n58/d157/n1/d186/f164/n102/d148/n0/f287/d232/d10/d60/n44
Invalid operation
d130/
d249
d34/
f285
n40/
n44
f106:65 D2 83 4E
d267
d130/
d74/
f186/
f285
n40/
n44
n95/
f285:md:7
f285:md:7
d60/
f106
Invalid operation
d60/
f127
f30/
d60:dir:0
d60:dir:0
Invalid operation
d60/
d79
f127
f30/
Invalid operation
d279:txt:17
Invalid operation
d116
Null
d244/
f26
d244/
f26
Invalid operation
Invalid operation
Invalid operation
d217/
d244/
d53/
f26
d244:dir:0
Invalid operation
d217/
d244/
d53/
f26
d217/
d244/
d53/
f26
d279:_k465l3qia1e8-l3x
d10/
d265
d279
f205/
f25
f295
f51/
f98/
n117
n12
n14
n66
Null
d10/
d265
d279
f205/
f295
f51/
f98/
n117
n12
n14
n66
d44:dir:0
Invalid operation
d128:40
d66:17
n74:16
n17:13
d119:11
Invalid operation
/n58/d157/n1/d186/f164/n102/d148/n0/f287/d128
Invalid operation
d119
d125
d128
d160
d170
d215
d227/
d232/
d249/
d256/
d275
d44/
d55/
d66
d7
d70
f134
f164/
f2
f73
f89/
n11/
n15/
n17
n77
d119
d125
d128
d160
d170
d215
d227/
d232/
d249/
d256/
d275
d44/
d55/
d66
d7
d70
f134
f164/
f189/
f2
f73
f89/
n11/
n15/
n17
n77
d128:39
d66:17
f2:15
n17:13
d119:11
d128:FB 1B B8 B6 B3 19 5F C7
Invalid operation
Invalid operation
d50:_rp46.k1t33y5ygtc9m3fm868plolntaott6g2n
d11/
d129
d37
d50
d78/
d8/
f287/
f299/
f4
f48/
n84/
d91:42 15 BD 00 00 8F DE
d50:_rp46.k1t33y5ygtc9m3fm868plolntaott6g2nx
d11/
d129
d37
d50
d78/
d8/
f287/
f299/
f4
f48/
n84/
Invalid operation
d11/
d129
d37
d50
d78/
d8/
f287/
f299/
f4
f48/
n84/
Invalid operation
d50:txt:50
d11/
d129
d37
d44/
d50
d78/
d8/
f287/
f299/
f4
f48/
n10
n84/
/n58/d157/n1/d186/f164/n102/d148/n0/d50
d50:50
f4:12
d37:4
f105:0
n10:0
d91
n0/
Invalid operation
Invalid operation
d50:_rp46.k1t33y5ygtc9m3fm868plolntaott6g2nxty f9v93ss
d91:FD 8B C1 33 CE E8
d50:50
d287:15
f204:15
f4:12
n51:10
d37:4
f105:0
Invalid operation
d11/
d37
d44/
d50
d78/
d8/
f105
f287/
f4
f48/
n10
n51
n84/
Null
Null
d104/
Invalid operation
d50:_rp46.k1t33y5ygtc9m3fm868plolntaott6g2nxty f9v93ssm-qfuq3g502fmy l2
d104:dir:0
n76:2n5.kpnxte
d91:50 47 59 5F 6D A9 F6 BC 8D
n76:2n5.kpnxte
Invalid operation
Invalid operation
d91:00
Invalid operation
Invalid operation
d91:C0 68 00
Invalid operation
Null
Invalid operation
d50:_rp46.k1t33y5ygtc9m3fm868plolntaott6g2nxty f9v93ssm-qfuq3g502fmy l2xxx
d11/
d37
d44/
d50
d78/
d8/
f197/
f287/
f4
f48/
f58/
n10
n103/
n51
n84/
d50:70
f4:12
n51:10
Invalid operation
Invalid operation
Invalid operation
Invalid operation
Invalid operation
Invalid operation
Invalid operation
Invalid operation
d128:45
d66:17
f2:15
f184:13
Invalid operation
d128:8A 33 43 00
Invalid operation
Invalid operation
d119
d125
d128
d170
d215
d227/
d232/
d249/
d256/
d275
d44/
d55/
d66
d7
d70
f121/
f134
f136
f164/
f184
f2
f214/
f260
f73
f89/
n11/
n15/
n17
n2/
n77
/n58/d157/n1/d186/f164/n102/d148/n0/f287/d128
d119
d125
d128
d170
d215
d227/
d232/
d249/
d256/
d275
d44/
d55/
d66
d7
d70
f121/
f134
f136
f164/
f184
f2
f214/
f260
f73
f89/
n11/
n15/
n17
n2/
n77
Invalid operation
Invalid operation
Invalid operation
Invalid operation
Invalid operation
d119
d125
d128
d170
d215
d227/
d232/
d249/
d256/
d275
d44/
d55/
d66
d7
d70
f121/
f134
f136
f164/
f184
f2
f214/
f260
f73
f89/
n11/
n15/
n17
n2/
n45/
n77
Invalid operation
Invalid operation
/n58/d157/n1/d186/f164/n102/d148/n0/f287/d128
Invalid operation
d119
d125
d128
d170
d215
d227/
d232/
d249/
d256/
d275
d44/
d55/
d66
d7
d70
f121/
f134
f136
f164/
f184
f2
f214/
f260
f73
f89/
n11/
n15/
n17
n2/
n45/
n77
d119
d125
d128
d170
d215
d227/
d232/
d249/
d256/
d275
d44/
d55/
d66
d7
d70
f121/
f134
f136
f164/
f184
f2
f214/
f260
f73
f89/
n11/
n15/
n17
n2/
n45/
n77
Invalid operation
d11/
d37
d44/
d50
d78/
d8/
f287/
f4
f48/
f58/
n10
n103/
n51
n84/
Invalid operation
Invalid operation
n8:dir:0
d11/
d128
d37
d44/
d50
d78/
d8/
f287/
f4
f48/
f58/
f95
n10
n103/
n51
n84/
Invalid operation
d11/
d128
d37
d44/
d50
d78/
d8/
f287/
f4
f48/
f58/
f95
n10
n103/
n51
n84/
Null
d11/
d128
d37
d44/
d50
d78/
d8/
f287/
f4
f48/
f57/
f58/
f95
n10
n103/
n51
n84/
d128:7D F7 A7 00 00
Invalid operation
d50:79
f95:13
f4:12
n51:10
d50:79
f95:13
Null
d50:_rp46.k1t33y5ygtc9m3fm868plolntaott6g2nxty f9v93ssm-qfuq3g502fmy l2xxx28-.m3bcxs5fc85u_r1k4p90w
Invalid operation
d91
n0/
f123:txt:32
d148/
d269
f123
f30/
f66
f123:32
f66:10
d269:6
Invalid operation
f123:q94k2tl5gkrj0bkyuzzwuyp .nhrd0rxio5t0foor1_.4ah
d148/
d269
f123
f30/
f66
/n58/d157/n1/d186/f164/n102/f123
f123:txt:51
d198:pajs 9se5qiz2z5z
f115/
f115/
f115/
f115:dir:0
d148/
d16
d269
f123
f22/
f30/
d148/
d16
d269
f123
f22/
f30/
d148/
d16
d269
f123
f22/
f30/
f123:q94k2tl5gkrj0bkyuzzwuyp .nhrd0rxio5t0foor1_.4ahyovu7iebj5fhn _xjnia1hrxfnx-p7ee
Invalid operation
d148/
d16
d269
f179
f22/
f30/
d269:7asnchx
Invalid operation
d38:00
d38:2F 87 2E DE 5B 9C 30 D9 00 1A CB 00 00 00 00 00 00 00 00
Invalid operation
Invalid operation
Invalid operation
d38:3C 26 25 CE 2F 87 2E DE 5B 9C 30 D9 00 1A CB 00 00 00 00 00 00 00
d267:md:1
d267
f269/
d267:x
d267:x
d267
f11
f269/
Invalid operation
d267
f138/
f269/
d267:17
f255:0
d267:xp_6pba015w4z01fi
/n58/d157/n1/d186/f164/n102/f22/f255
d164:C6 42
d164:00 78 50 C6 42
d267:17
f255:17
f180:7
Invalid operation
Invalid operation
d164:42
Invalid operation
d164:00 78 50
d38:CE
Invalid operation
Invalid operation
d269:7asnchx6z5ij1zia1
n115:91
n115:91
Invalid operation
Invalid operation
d148:dir:0
Invalid operation
d148
f194/
f56
n115:91 00
f278:16
f56:10
f194/
f56
n53
f194/
f56
n53
Invalid operation
f194/
f37
f56
f9
n53
f194/
f37
f56
f9
n53
f56:md:28
f56:zi y36 0ixxwcoxfp0iicwph-mkm
f103:2v1uz7lbofn_c_h
Invalid operation
n115:00
Invalid operation
Invalid operation
d185
d186/
d35/
f159
f56
Invalid operation
d148/
d16
d205/
d269
d275
d81
f10
f128
f141/
f179
f20/
f22/
f221/
f30/
f78
f95/
n115
n32
n8
Invalid operation
Invalid operation
f115
n84/
Invalid operation
f115:x.q-muj4oqx
Invalid operation
Invalid operation
Invalid operation
d195:16
d293:4
f209:1
d69:0
n84:dir:0
d269:7asnchx6z5ij1zia13hi.gsm0z86-1xwu8ou3
d148/
d16
d205/
d269
d275
f10
f128
f141/
f149/
f179
f20/
f22/
f221/
f30/
f78
f95/
n115
n32
f227:01_r181nmiww
Invalid operation
d47/
f227
f294/
n0
n102/
n48/
Invalid operation
Invalid operation
n0:2F
d27/
d47/
f227
f294/
n0
n102/
f227:01_r181nmiww
Invalid operation
Null
n102:dir:0
d213
d236/
d27/
d47/
f14
f227
f294/
f33
n0
n102/
n4
n48/
f227:12
f14:7
d213:5
f33:2
n0:0
n4:0
Invalid operation
Invalid operation
n102:dir:0
n0:00
d213
d236/
d27/
d47/
f14
f227
f294/
f33
n0
n102/
n48/
Null
d113
d213
d236/
d27/
d47/
f14
f227
f253/
f288
f294/
f33
n0
n102/
n48/
d113
d213
d236/
d27/
d47/
f14
f163/
f227
f253/
f288
f294/
f33
f83
n0
n102/
n48/
d113
d213
d236/
d27/
d47/
f14
f163/
f253/
f288
f294/
f33
f83
n0
n102/
n48/
d113
d213
d236/
d27/
d47/
f14
f163/
f253/
f288
f294/
f33
f83
n0
n102/
n39
n48/
Invalid operation
Invalid operation
d113
d213
d236/
d27/
d47/
f14
f163/
f253/
f288
f294/
f33
f83
n0
n102/
n39
n48/
Invalid operation
n115:00
/n58/d157/n1/d186/f164/n102/d269
d269:47
d16:17
f10:9
Invalid operation
d112
d148/
d16
d205/
d269
d275
d80/
f10
f128
f179
f20/
f22/
f221/
f30/
f78
f95/
n112/
n115
n32
Invalid operation
d112
d148/
d16
d205/
d269
d275
d80/
f10
f128
f179
f20/
f208/
f22/
f221/
f30/
f78
f95/
n112/
n115
n32
d112
d148/
d16
d205/
d269
d275
d80/
f10
f128
f179
f20/
f208/
f22/
f221/
f30/
f78
f95/
n112/
n115
d269:66
d16:17
f10:9
Invalid operation
d113
d213
d236/
d27/
d47/
f14
f163/
f253/
f288
f294/
f33
f83
n0
n102/
n39
/n58/d157/n1/d186/f164/n0
/n58/n0
d189:txt:14
d189:14
/n58/d157/n1/d186/f164/n0
/n58/n0
Invalid operation
Invalid operation
f164:dir:0
Invalid operation
d131
f164/
Invalid operation
Null
Invalid operation
f164:dir:0
f1/
f164/
d74:-t123j7hqzmff.vwn
d74
d74
d74
d74:txt:17
Invalid operation
n13:00
d74:17
d74
f20/
n13:00 D6 22 71 F6 64 1B C1 00 21 16 C2 70
n13:3F 00 00 00 05 D9
d34/
f20/
f292/
f20:dir:0
Invalid operation
Invalid operation
Invalid operation
f164:dir:0
d136:vj_434cmma2a2otd4izio.fux
/n58/d157/n1/d136
d136:vj_434cmma2a2otd4izio.fux
d136:vj_434cmma2a2otd4izio.fux
d136:vj_434cmma2a2otd4izio.fux
n13:89 6B 90 00 00 D6 22 71 F6 64 1B C1 00 21 16 C2 70 A9 4B B7 68
Invalid operation
d136
d186/
f12
f125
f170
f24
f64
n117
n80/
d136
d186/
d28
f12
f125
f170
f24
f64
n117
n80/
d136
d186/
d28
f12
f125
f170
f24
f64
n117
n80/
d136
d186/
d28
f12
f125
f170
f24
f64
n117
n80/
d136:40
f170:17
d189:15
n117:12
d28:6
f12:5
f125:0
f24:0
Invalid operation
n13:C8 C1 F3 48 70 A9 4B B7 68 A0 24 38 89 F0 C1 42 3F 00 00 00 05 D9 F9 00 2F D8 07 AA A5 4E 71 B3
f124
f19
f214/
f239/
n1/
n13
n13:D8 E4 00 56
Invalid operation
f84
Invalid operation
f18:9
f84:1
n76:0
d17
f104/
f18
f84
d17
d193
f104/
f18
f84
d17
f104/
f18
f84
Invalid operation
Invalid operation
Invalid operation
d17
d288/
f104/
f121/
f18
f84
f187:00 00 C0 2B 20
f84:txt:3
f18:9
d17
d266
d288/
f104/
f113/
f128/
f18
f84
Null
d17
d255
d266
d288/
f104/
f113/
f128/
f18
f244/
f84
d17
d233
d255
d266
d288/
f104/
f128/
f289
f84
d17
d233
d255
d266
d288/
f104/
f128/
f289
f84
n107
f84:xxx
Invalid operation
Invalid operation
Invalid operation
Invalid operation
Invalid operation
/n58/d157/f214/f187
f187:51 27 EC 14 0E FB 66 27 73 D7 CD
Invalid operation
Invalid operation
Invalid operation
Invalid operation
Invalid operation
f208/
f247/
Invalid operation
Invalid operation
Invalid operation
Invalid operation
d123/
d127/
d129/
d207
d5/
d79
d86/
d98
f187
f243/
f89
Invalid operation
Invalid operation
d123/
d127/
d190
d207
d48
d5/
d79
d86/
d98
f187
f243/
f60/
f89
Invalid operation
Null
d86:dir:0
Invalid operation
Invalid operation
d121
d123/
d127/
d190
d207
d48
d5/
d79
d86/
d98
f187
f243/
f246/
f60/
f89
Invalid operation
Invalid operation
d86:dir:0
d121
d123/
d127/
d190
d48
d5/
d79
d86/
d98
f187
f243/
f246/
f254
f58
f89
n30
n78
Invalid operation
d121
d123/
d127/
d190
d229
d48
d5/
d79
d86/
d98
f187
f213/
f243/
f246/
f254
f58
f89
n30
n78
Invalid operation
Invalid operation
Invalid operation
Invalid operation
f187:B5 A5 18 79 8F A1 7D BA 00 C9 00 5F 22 7E 6E 32 32 FB 66 27 E8 40 D7
/n58/d157/f214/f187
d121
d123/
d127/
d190
d229
d287/
d48
d5/
d79
d86/
d98
f187
f213/
f225
f236/
f243/
f246/
f254
f58
f89
n30
Invalid operation
n13:56 8D 63 74 18 6B 90 00 00 D6 22 71 F6 3A 3C 76 C8 C1 F3 48 70 A9 4B B7 68 A0 24 38 89 F0
n13:53
f124:1
f124:q
f124:q
Invalid operation
Invalid operation
f124:qjj2lox
f124:qjj2lox
n13:FC 24 B9 E5 73
d241
f167
d241:txt:0
Invalid operation
f167:4
n13:E5 73 13 D9 3B 4A A0 24 38 89
Invalid operation
Invalid operation
n13:6B 90 00 00 D6 22
Invalid operation
/n58/d157/f239/f167
Invalid operation
n13:00 00 00 00 6C F2 97
f167:ck5j
Invalid operation
f188
f188:md:8
d65/
f188
f188:md:9
Invalid operation
d65/
f114/
f188
f215/
n3/
/n58/d157/f239/n80/f188
d65/
f114/
f188
f199/
f215/
n3/
n13:73 13 D9 3B 4A A0 24 38 89 F0 C1 42 3F
d65/
f114/
f188
f199/
f215/
f38/
n3/
/n58/d157/f239/f167
n13:BF
Invalid operation
Invalid operation
Invalid operation
d120/
d146
d159
f162/
f167
f26
f262/
n80/
Invalid operation
d120/
d146
d159
f162/
f167
f26
f262/
n80/
Invalid operation
f167:txt:20
f124
f204
f214/
f239/
f52/
f82
n1/
n13
n14/
f124
f204
f214/
f239/
f52/
f82
n1/
n13
n14/
Invalid operation
Invalid operation
Invalid operation
Invalid operation
Invalid operation
d120/
d146
d159
f162/
f167
f191/
f26
f260/
f262/
n80/
f26:78 58 CB 23 AB 6A 0B 2E 8F
f26:7B
n80:dir:0
d159:a4-d3
Invalid operation
d160
f266/
d120/
d159
d249
f162/
f191/
f230/
f26
f260/
f262/
n80/
f26:7C 78 58 CB 23 AB 6A 0B 60 6B
Invalid operation
d120/
d159
d249
f162/
f191/
f230/
f26
f260/
f262/
n6/
n80/
n80:dir:0
d159:a4-d3fz1d
n80:dir:0
d120/
d159
d249
d260
d278/
d62/
f162/
f191/
f230/
f260/
f262/
f263
n6/
n64/
n80/
/n58/d157/f239/d159
Null
Invalid operation
Invalid operation
f214:dir:0
f124:qjj2loxqf2nxi72bvoula34_ntqmg0
/n58/d157/f124
Invalid operation
Invalid operation
Invalid operation
Invalid operation
Invalid operation
d139
d232/
d275
f124
f200/
f204
f214/
f239/
f82
n1/
n14/
d139
d232/
d275
f124
f200/
f204
f214/
f239/
f82
n1/
n14/
Invalid operation
Invalid operation
f0:7D 83
Invalid operation
Invalid operation
/n58/f0
Invalid operation
Invalid operation
d104/
d13/
d130
d133/
d15
d154
d155/
d157/
d17
d183/
d188
d189/
d20
d207
d218/
d23
d234
d244/
d25
d262
d278
d292
d293
d75
d78
f0
f122/
f146/
f168/
f191
f218/
f22
f252/
f279
f280
f282
f289
f3
f31/
f46
f76/
f84/
n0
n36
n43
n63/
n96/
Invalid operation
d190:57
d220:14
d204:12
d190:57
d220:14
d204:12
d190:57
d220:14
d204:12
f27:12
Invalid operation
d190:57
d220:14
d204:12
Invalid operation
d190:66
d220:14
d204:12
Invalid operation
d190:66
d220:14
d204:12
Invalid operation
Invalid operation
f25:DB D5 33 FA 0C 00 00 09 35 5A 05 A6 3D
f25:17
f260:15
f170:8
d288:5
f25:00 09
/d280/f25
Invalid operation
Invalid operation
f25:A5 00 00 09 35 5A 05 A6 3D 7D 44 00 00
d288
d33/
d99
f170
f25
f260
f277/
n28/
/d280/f25
f202
Invalid operation
/d280/f277/f281
Invalid operation
d178:2A
Invalid operation
Invalid operation
d184/
d206
d253
f125/
f252/
f260
d184/
d206
d253
f125/
f252/
f260
f7
Invalid operation
Invalid operation
Invalid operation
d178:31
Invalid operation
d178:00 00
f281:44
d178:17
n76:13
f276:6
d178
d205/
f12/
f276
f281
f42/
f67/
n108
n76
Invalid operation
d205/
d55
f12/
f276
f281
f42/
f67/
n108
n76
f281:56
n76:13
f276:6
n108:4
d55:1
f281:txt:56
Invalid operation
f25:BC B1 D7 A2 D2 49 A5 00 00 09 35 5A 05 A6 3D 42 A8 D8 3D 6D FC 42 E6 B9
Invalid operation
d184/
d206
f125/
f252/
f260
f284/
d184/
d206
f125/
f252/
f260
f284/
d184/
f125/
f252/
f260
f284/
Invalid operation
Invalid operation
/d280/f277/f42/d184/d242
f43:14
d53:5
f192:0
d53:08 25 7F 7A 53
Invalid operation
Invalid operation
d184/
d53
f125/
f192
f252/
f43
n65
Invalid operation
d184/
d53
f125/
f192
f247/
f252/
f43
n118/
n65
Invalid operation
Null
Invalid operation
Invalid operation
d53:7A
Invalid operation
d184/
d251
d40
d53
f125/
f192
f252/
f43
n118/
n65
n67
Invalid operation
d53:08 EB
d184/
d251
d40
d53
f125/
f17
f192
f252/
f43
n118/
n65
n67
d184:dir:0
/d280/f277/f42/d53
Invalid operation
Invalid operation
Invalid operation
d53:00 8B D4 45 86 EA
Null
Invalid operation
Invalid operation
Invalid operation
Invalid operation
Invalid operation
f25:34
Invalid operation
d138/
d287/
d288
d33/
d99
f101
f161
f170
f25
f260
f277/
n28/
f25:FB 09 35 5E 34 6E 3D 42 A8 D8 3D 6D AD C5 3B 75 82 00 00 00 00
f25:C5 22 2F 9C 29
f25:bin:37
d138/
d287/
d288
d33/
d99
f101
f161
f25
f260
f277/
f69/
n28/
d138/
d287/
d288
d33/
d99
f161
f25
f260
f277/
f69/
n28/
d138/
d287/
d288
d33/
d99
f161
f25
f260
f277/
f69/
n28/
d190:57
d220:14
d204:12
Invalid operation
Invalid operation
Invalid operation
Invalid operation
Invalid operation
d90/
d90/
Invalid operation
d90:dir:0
/d280/f42/f170/d258
d258
d90/
d258
d90/
d258:g2
d258
d90/
d258
d90/
d258
d90/
f200:
d258
f200
d258
f200
f25:6D AD C5 FE B6 9C 29 00 00 00 38 56 00
/d280/f42/f170/f200
d258
d90/
f80
d258
d90/
f181
f80
d258:md:20
d185:0
f170/
f193/
n5
/d280/f42/f170/d258
d258
d90/
f181
f80
Invalid operation
d258:md:50
d258
d90/
f181
f80
Invalid operation
Invalid operation
Invalid operation
Invalid operation
Invalid operation
/d280/f42/f170/d90/d190
/d190
Invalid operation
Invalid operation
d197/
d266
f103/
f257
n10/
/d280/f42/n5
Invalid operation
d111
d178
d191
d231/
d258
d78/
d90/
f122
f181
f289/
f50
f80
n111
n63
n83/
Invalid operation
d258:92
f80:16
f50:13
d178:8
d191:8
f122:7
Invalid operation
Null
Invalid operation
d178
d191
d231/
d244
d258
d78/
d90/
f122
f181
f289/
f50
f80
n111
n63
n83/
f80:BA 5A 21 9D 38
Invalid operation
Invalid operation
d139
d162
n85
/d280/f42/f170/n83/n85
d167
d178
d191
d231/
d244
d258
d34
d78/
d90/
f122
f181
f50
f80
n63
n83/
d258:g2x7r4s2bc5ntkvcjh1nncy32z12ujquxt9 5ixxfqat9dixnbuxdv...1ofhjhcmhur2u575s7-mg2an7med caiepex
d258:md:93
d139
d162
d174
d237
d24
f102
n85
n85:
n85:md:0
Invalid operation
f25:39
f260:15
d41:9
f161:8
d288:5
f101:1
d138/
d287/
d288
d33/
d41
d99
f101
f161
f25
f260
f266/
f277/
f42/
f69/
n102
n28/
d138/
d287/
d288
d33/
d41
d99
f101
f161
f25
f260
f266/
f277/
f293/
f42/
f69/
n102
n28/
f25:bin:39
d205/
d55
d64/
f12/
f217/
f276
f281
f42/
f67/
f70
n108
n76
n94
d205/
d55
d64/
f12/
f20/
f217/
f276
f281
f42/
f67/
f70
n108
n76
n94
d205/
d244/
d296/
d55
d64/
f12/
f20/
f217/
f276
f281
f42/
f67/
f70
n108
n76
n94
f281:txt:56
d153:txt:0
d248
d52/
f4
n5
Invalid operation
Null
d248
d42
f4
n5
n64/
Invalid operation
f70:AB 49 3C 1B
f281:s51noj.p9oakcib5qd47ufoppxlb5u.d9ha5wp_0-g1 1wal81ovqhmp
d205/
d244/
d296/
d55
d64/
f12/
f174
f20/
f209
f217/
f224
f266
f281
f42/
f67/
f70
n108
n111/
n76
n94
Invalid operation
Invalid operation
Invalid operation
f281:s51noj.p9oakcib5qd47ufoppxlb5u.d9ha5wp_0-g1 1wal81ovqhmpfd48p0lzsr6swvvif0
f281:s51noj.p9oakcib5qd47ufoppxlb5u.d9ha5wp_0-g1 1wal81ovqhmpfd48p0lzsr6swvvif0
Null
f161:94 96 0A 2C 57 00
f281:s51noj.p9oakcib5qd47ufoppxlb5u.d9ha5wp_0-g1 1wal81ovqhmpfd48p0lzsr6swvvif0
Invalid operation
Invalid operation
Invalid operation
f161:05 00 F8
n54:mbec
n54:md:4
f281:txt:90
d244/
d62/
f12/
f174
f20/
f217/
f281
f42/
f67/
n111/
n76
n94
Invalid operation
d244/
d62/
f12/
f174
f20/
f217/
f281
f42/
f67/
n111/
n76
n94
d244/
d62/
d72/
f12/
f155/
f174
f20/
f217/
f281
f42/
f67/
n111/
n7/
n76
n94
d244/
d62/
d72/
f12/
f155/
f174
f20/
f217/
f281
f42/
f67/
n111/
n76
n94
Invalid operation
d244/
d62/
d72/
f12/
f155/
f20/
f217/
f281
f42/
f67/
n111/
n76
n94
/d280/f277/f281
/d190
Invalid operation
Invalid operation
d190:57
f101:17
d220:14
d1/
d105/
d109
d12/
d126
d128/
d135/
d141
d163/
d168/
d17/
d176
d185
d190
d204
d21/
d220
d221/
d245
d263
d27/
d276
d280/
d54
d70/
d78/
f101
f111/
f116
f143
f146
f159
f182
f185/
f192/
f201
f205/
f219/
f229/
f23
f232
f236/
f24/
f240/
f246/
f250
f256/
f267
f27
f293/
f40
f5/
f56/
f60/
n105/
n22/
n58/
n64/
n74/
n97
d190:57
f101:17
d220:14
f298:txt:20
f295:81 D4 7B
d117/
d194/
d201/
f263
f295
f298
Invalid operation
d1/
d105/
d109
d12/
d126
d128/
d135/
d141
d163/
d168/
d17/
d176
d185
d190
d204
d21/
d220
d221/
d245
d263
d27/
d276
d280/
d70/
d78/
f101
f111/
f116
f143
f146
f159
f182
f185/
f192/
f201
f205/
f219/
f229/
f23
f232
f236/
f24/
f240/
f246/
f250
f256/
f267
f27
f293/
f40
f5/
f56/
f60/
n105/
n22/
n58/
n64/
n74/
n88/
n97
Invalid operation
Invalid operation
Invalid operation
d190:55
f101:17
d220:14
d190:55
f101:17
d220:14
d1/
d105/
d109
d12/
d126
d128/
d135/
d141
d163/
d168/
d17/
d176
d185
d190
d204
d21/
d220
d221/
d245
d263
d27/
d276
d280/
d70/
d78/
f101
f111/
f116
f143
f146
f159
f182
f185/
f192/
f201
f205/
f219/
f229/
f23
f232
f236/
f24/
f240/
f246/
f250
f256/
f267
f27
f293/
f40
f5/
f56/
f60/
n105/
n22/
n58/
n64/
n74/
n88/
n97
Invalid operation
Invalid operation
d1/
d105/
d109
d12/
d126
d128/
d135/
d141
d163/
d168/
d17/
d176
d185
d190
d204
d21/
d220
d221/
d245
d263
d27/
d276
d280/
d70/
d78/
f101
f111/
f116
f143
f146
f159
f182
f185/
f192/
f201
f205/
f219/
f229/
f23
f236/
f24/
f240/
f246/
f250
f256/
f267
f27
f293/
f40
f5/
f56/
f60/
n105/
n22/
n58/
n64/
n74/
n88/
n97
d1/
d105/
d109
d12/
d126
d128/
d135/
d141
d163/
d168/
d17/
d176
d185
d190
d204
d21/
d220
d221/
d245
d263
d27/
d276
d280/
d70/
d78/
f101
f111/
f116
f143
f146
f159
f182
f185/
f192/
f201
f205/
f219/
f229/
f23
f236/
f24/
f240/
f246/
f250
f256/
f267
f27
f293/
f40
f5/
f56/
f60/
f76/
n105/
n22/
n58/
n64/
n74/
n88/
n97
Null
Invalid operation
Invalid operation
Null
d1/
d105/
d109
d12/
d126
d128/
d135/
d141
d163/
d168/
d17/
d185
d190
d204
d21/
d220
d221/
d245
d263
d27/
d276
d280/
d70/
d78/
f101
f111/
f116
f143
f146
f159
f182
f185/
f192/
f201
f205/
f219/
f220
f229/
f23
f236/
f24/
f240/
f246/
f250
f256/
f267
f27
f293/
f40
f5/
f56/
f60/
f76/
n105/
n22/
n58/
n64/
n74/
n88/
n97
Invalid operation
Invalid operation
d1/
d105/
d109
d12/
d126
d128/
d135/
d141
d163/
d168/
d17/
d185
d190
d204
d21/
d220
d221/
d245
d263
d27/
d276
d280/
d70/
d78/
f101
f111/
f116
f143
f146
f159
f182
f185/
f192/
f201
f205/
f219/
f220
f229/
f23
f236/
f24/
f240/
f246/
f250
f256/
f267
f27
f293/
f40
f5/
f56/
f60/
f76/
n105/
n22/
n58/
n64/
n74/
n88/
n97
Invalid operation
Invalid operation
n44:B2 5F 00
f203:hp_g.wcmct6e0sd
f24
n44:64 E5 F2 3C 00 E0
Null
f203:hp_g.wcmct6e0sdw.rj
Invalid operation
Invalid operation
d285/
f83
f83:le7x4upc7v249
d140:00 00 B8
f203:hp_g.wcmct6e0sdw.rj
f203:19
d140:8
d240:6
d186:5
d208:0
d140:16 11
Invalid operation
f97:dir:0
Null
f203:hp_g.wcmct6e0sdw.rjx
Invalid operation
/d1/f238/f225
Invalid operation
Null
Invalid operation
f19
f196
f250
Invalid operation
Invalid operation
Invalid operation
d140:74 E6
Invalid operation
d12
d215/
n116/
Invalid operation
d12:kgjh
d12
d215/
d12
d215/
d12
d215/
d140:74
n26:14
Invalid operation
d12
d131/
d215/
f259/
n26
/d1/f238/d216/d12
d12
d131/
d215/
f259/
n26
Null
Invalid operation
d12:14
n26:14
Invalid operation
Invalid operation
d12
d136/
d154
d215/
d45
f222/
f259/
f63
f66
n26
Invalid operation
/d1/f238/d216/d12
Invalid operation
d12
d136/
d154
d215/
d45
f222/
f259/
f63
f66
n26
n26:14
d154:6
d45:5
/d1/f238/d216/d154
d154:F3
d120/
d136/
d154
d215/
d45
f222/
f63
f66
d154:A7 10 F9 17 F3
d120/
d126
d136/
d154
d162
d215/
d45
f222/
f63
f66
d120/
d126
d136/
d154
d162
d215/
d45
f222/
f63
f66
Invalid operation
/d1/f238/d216/d154
d215:dir:0
Invalid operation
d154:AE
Invalid operation
Invalid operation
Invalid operation
d45:oooweasoe_
/d1/f238/d216/d45
f66:AD B6 00 00
d120/
d126
d136/
d159/
d162
d179
d215/
d45
d55
f160/
f201
f222/
f276/
f63
f66
f97/
n24
Null
d120/
d126
d136/
d159/
d162
d179
d215/
d45
d55
f160/
f201
f222/
f276/
f63
f66
f97/
n24
d45:27
d45:oooweasoe_8htcrl57hgmih3tzi
d120/
d126
d136/
d159/
d162
d179
d215/
d55
f160/
f201
f276/
f63
f66
f97/
n24
/d1/f238/d216/f66
Invalid operation
f96/
f96/
n99
Invalid operation
f66:B7 77 00
f96:dir:0
Null
/d1/f238/d216/f241/n99
d231
d263
f184/
f241
f96/
n99
d231
d263
f184/
f241
f96/
n99
d263:C3 2D CA C5
d231
d263
f184/
f241
f96/
n99
f96:dir:0
f96:dir:0
Invalid operation
Invalid operation
Invalid operation
Invalid operation
Invalid operation
Invalid operation
Invalid operation
Invalid operation
Invalid operation
Invalid operation
Invalid operation
Invalid operation
Invalid operation
f97:dir:0
Invalid operation
d140
d158/
d186
d208
d240
d293/
f182/
f203
f238/
f267/
f4/
f97/
n44/
n63/
n88
f97:dir:0
d190:8E DB AA 1B DD 61 0A 93 DD 28 D9 16 25 5E B3 61 34 4B 9B 93 89 EA 76 2A 68 6A 4C A4 7C 4E 15 32 8D B1 09 57 AE 2F BB C1
d190:E3 BE D2 B7 24 E7 F6 ED 79 BF 70 8E DB AA 1B DD 61 0A 93 DD 28 D9 16 25 5E B3 61 34 4B 9B 93 89 EA 76 2A
Invalid operation
d1/
d105/
d109
d12/
d126
d128/
d135/
d141
d163/
d168/
d17/
d185
d190
d204
d21/
d220
d221/
d245
d263
d27/
d276
d280/
d70/
d78/
f101
f111/
f116
f143
f146
f159
f182
f185/
f192/
f201
f205/
f219/
f220
f229/
f23
f236/
f24/
f240/
f246/
f250
f256/
f267
f27
f293/
f40
f5/
f56/
f60/
f76/
n105/
n22/
n58/
n64/
n74/
n88/
n97
Invalid operation
/d190
d190:58
f101:17
d220:14
d1/
d105/
d109
d12/
d126
d128/
d135/
d141
d163/
d168/
d17/
d185
d190
d204
d21/
d220
d221/
d245
d263
d27/
d276
d280/
d70/
d78/
f101
f111/
f116
f143
f146
f159
f182
f185/
f192/
f201
f205/
f219/
f220
f229/
f23
f236/
f24/
f240/
f246/
f250
f256/
f267
f27
f293/
f40
f5/
f56/
f60/
f76/
n105/
n22/
n58/
n64/
n74/
n88/
n97
Invalid operation
d1/
d105/
d109
d12/
d126
d128/
d135/
d141
d163/
d168/
d17/
d185
d190
d204
d21/
d220
d221/
d245
d263
d27/
d276
d280/
d70/
d78/
f101
f111/
f116
f143
f146
f159
f182
f185/
f192/
f201
f205/
f219/
f220
f229/
f23
f236/
f24/
f240/
f246/
f250
f256/
f267
f27
f293/
f40
f5/
f56/
f60/
f76/
n105/
n22/
n58/
n64/
n74/
n88/
n97
d190:58
f101:17
d220:14
Invalid operation
Invalid operation
Invalid operation
Invalid operation
d1/
d105/
d109
d12/
d126
d128/
d135/
d138
d141
d163/
d168/
d17/
d185
d190
d204
d21/
d220
d221/
d245
d263
d27/
d276
d280/
d70/
d78/
f101
f111/
f116
f143
f146
f159
f182
f185/
f192/
f201
f205/
f219/
f220
f229/
f236/
f24/
f240/
f246/
f256/
f267
f27
f293/
f40
f5/
f56/
f60/
f76/
n105/
n22/
n58/
n64/
n74/
n88/
n97
d190:16 25 5E B3 61 1E 41 81 D6 56 EA 76 2A 68 6A 4C A4 7C 4E 15 32 8D B1
Invalid operation
Invalid operation
Invalid operation
Invalid operation
Invalid operation
f5:dir:0
Invalid operation
Invalid operation
d1/
d105/
d109
d12/
d126
d128/
d135/
d141
d163/
d168/
d17/
d185
d190
d204
d21/
d220
d221/
d245
d263
d27/
d276
d280/
d70/
d78/
f0/
f101
f111/
f143
f159
f182
f185/
f188
f192/
f201
f205/
f219/
f220
f229/
f236/
f24/
f240/
f246/
f256/
f267
f27
f293/
f40
f5/
f56/
f60/
f76/
n105/
n22/
n58/
n64/
n74/
n88/
n97
Invalid operation
Invalid operation
f5:dir:0
d1/
d105/
d109
d12/
d126
d128/
d135/
d141
d163/
d168/
d17/
d185
d190
d204
d21/
d220
d221/
d245
d263
d27/
d276
d280/
d70/
d78/
f0/
f101
f111/
f143
f159
f182
f185/
f188
f192/
f201
f205/
f219/
f220
f229/
f236/
f24/
f240/
f246/
f256/
f267
f27
f293/
f40
f5/
f56/
f60/
f76/
n105/
n22/
n58/
n64/
n74/
n88/
n97
Invalid operation
Invalid operation
Invalid operation
d1/
d105/
d109
d12/
d126
d128/
d135/
d141
d163/
d168/
d17/
d185
d190
d204
d21/
d220
d221/
d245
d263
d27/
d276
d280/
d70/
d78/
f0/
f101
f111/
f143
f159
f182
f185/
f188
f192/
f201
f205/
f219/
f220
f229/
f236/
f24/
f240/
f246/
f256/
f267
f27
f293/
f40
f5/
f56/
f60/
f76/
n105/
n22/
n58/
n64/
n74/
n88/
n97
Invalid operation
Invalid operation
/d190
d190:52
f101:17
d220:14
Invalid operation
d190:52
f101:17
d220:14
Invalid operation
d1/
d104/
d167
d192
d198/
d22
d52
f126
f141
f189
f206
f21
f226
f233
f256/
f265
f43
n41
n43
n51
n75/
n8
n9/
Invalid operation
Invalid operation
d230:md:1
f298/
n85/
Invalid operation
d54
n85/
f103:64 D8 2C EA A2 02 00 00
d54
n36
n85/
d164/
Invalid operation
Invalid operation
d3
d3
d3:8B 19
Invalid operation
d3
d55
f184
n14
n46/
Invalid operation
Invalid operation
Invalid operation
d164/
d199
f110
f253
Invalid operation
n14:9
d3:7
f184:2
d55:1
f184:txt:2
d273/
d55
f115/
n14
n46/
Invalid operation
d212
n14:9
d55:1
f110:00 00 97 1D F9 1D 5F 6E
d164/
d199
f110
f253
f110:1D F9
d30
f115/
f285
n13
n14
n46/
f110:6E
Invalid operation
n46:dir:0
f115/
f285
f87/
n13
n46/
/d221/d104/d136/d46/d164/n13
f115/
f285
n13
n46/
Invalid operation
n13:x
f215:3
n92:3
f285:2
n13:1
f215:18 6D
/d221/d104/d136/d46/d164/n13
d63:
/d221/d104/d136/d46/d164/n46/d63
Invalid operation
d63
f176/
/d221/d104/d136/d46/d164/n13
Invalid operation
Invalid operation
f176/
Invalid operation
f168:
d148
f168
n46:dir:0
Invalid operation
f110:B3 E6 B7 22 06
Invalid operation
Invalid operation
f110:EC
Invalid operation
Invalid operation
Invalid operation
Invalid operation
f110:97 1D F9 EC B3
Invalid operation
d121/
d164/
f110
f215
f253
f291
f110:60 91 C2 3C
Invalid operation
Invalid operation
Invalid operation
Invalid operation
Invalid operation
Invalid operation
d104/
d121/
d149
d164/
f110
f215
f253
f291
f86
Invalid operation
Invalid operation
Invalid operation
d104/
d121/
d149
d164/
f110
f215
f253
f291
n6/
f110:A0 00
d104/
d121/
d149
d164/
f110
f215
f253
n6/
d104/
d121/
d149
d164/
f110
f215
f235/
f253
n6/
n67
d164:dir:0
f110:BD
Null
Invalid operation
Invalid operation
f110:EC
d164:dir:0
d164:dir:0
/d221/d104/d136/d46/f110
d121/
d149
d164/
d86
f110
f215
f235/
f253
f95
n6/
n67
n73/
Invalid operation
Null
Null
d121/
d149
d164/
d86
f110
f215
f235/
f253
f95
n6/
n67
n73/
Invalid operation
d277
d153
d46/
d54
d61
d99
f51/
n85/
Invalid operation
Invalid operation
d153
d46/
d54
d61
d66/
d99
f51/
n85/
Invalid operation
d121/
d142/
d149
d164/
d86
d96
f110
f215
f235/
f253
f95
n22
n6/
n67
n73/
Invalid operation
Invalid operation
Invalid operation
Invalid operation
Invalid operation
Invalid operation
Invalid operation
Invalid operation
n85:dir:0
d153
d37
d46/
d54
d61
d66/
d79/
f51/
n85/
n85:dir:0
d61:00
d153
d37
d46/
d61
d66/
d79/
d99
f51/
n85/
d230:md:1
/d221/d104/d230
Invalid operation
Invalid operation
d110/
d136/
d152/
d188/
d205/
d209
d222/
d230
d249/
d295
d298/
d94/
f0
f103
f104
f14
f208
f269
f76
f94/
n11/
n61/
/d221/d104/n11/d203
Invalid operation
d109
d158
d193/
d203
d209/
d64
f61/
f70/
n47/
n51/
/d221/d104/n11/d203
Invalid operation
d109
d158
d185/
d193/
d203
d209/
d225/
d64
f174
f175
f195/
f70/
f94/
n47/
n51/
Invalid operation
d158:00 00 00
Invalid operation
d158
d193/
d203
d209/
d225/
d64
d98/
f174
f175
f195/
f70/
f94/
n47/
n51/
n63/
d158
d193/
d203
d209/
d225/
d64
d98/
f121
f15
f174
f175
f195/
f70/
f94/
n47/
n51/
n63/
d158:00
d158
d193/
d203
d209/
d225/
d64
d98/
f121
f15
f174
f175
f195/
f70/
f94/
n47/
n51/
n63/
d158
d193/
d203
d209/
d225/
d64
d98/
f121
f15
f174
f175
f195/
f70/
f94/
n47/
n51/
n63/
f121:25 81
d203:txt:14
d193/
d203
d209/
d225/
d64
d98/
f121
f174
f175
f195/
f224
f70/
f94/
n47/
n51/
n63/
f121:6D 25
Null
d193/
d209/
d225/
d29
d64
d98/
f121
f134
f174
f175
f224
f70/
f94/
n47/
n5/
n51/
n63/
n68
d193/
d209/
d225/
d29
d64
d98/
f121
f134
f174
f175
f224
f53/
f70/
f94/
n47/
n5/
n51/
n63/
n68
n0
n28
n44
n52
f154:17
n28:12
n52:11
n0:5
f115:3
d199:0
Invalid operation
Invalid operation
d199
d259
f115
f152
f154
n0
n12/
n28
n52
n85
d199
d251
d259
f115
f152
f154
f251
n0
n12/
n28
n52
n85
Invalid operation
Invalid operation
d209/
d225/
d29
d64
d98/
f121
f134
f174
f175
f224
f70/
f94/
n47/
n5/
n51/
n63/
n68
d64:txt:9
d209/
d225/
d29
d64
d98/
f121
f134
f174
f175
f224
f70/
f94/
n47/
n5/
n51/
n63/
n68
Invalid operation
Invalid operation
Invalid operation
d209/
d225/
d248
d29
d64
d91
d98/
f121
f134
f174
f175
f224
f70/
f94/
n47/
n5/
n51/
n63/
n68
Invalid operation
d64:txt:10
Invalid operation
Null
Invalid operation
Invalid operation
Invalid operation
Invalid operation
d206
Invalid operation
d206:bin:0
Invalid operation
d206
Invalid operation
Null
d100
d169
d181/
d209/
d225/
d248
d251
d29
d52
d64
d98/
f121
f134
f174
f175
f181
f189
f224
f263/
f70/
f94/
n47/
n5/
n51/
n63/
n68
d64:366_lln9ixkwwi_xn63pnrh
Invalid operation
f18:dir:0
/d221/d104/d230
Invalid operation
f18/
f285/
f18/
f285/
d230:dxz6p
Invalid operation
f103:AE 00 00 00 AE D5 64 D8 CD 23 9F 02 00 00 AD 0A 68 CF
d230:dx
Invalid operation
n90:dir:0
f285:dir:0
d230:dx
Invalid operation
Null
Invalid operation
Invalid operation
d279/
n55
n90/
d279/
n55
n90/
d167/
d279/
f163
n55
n90/
Invalid operation
Invalid operation
/d221/d104/d230
d187/
Invalid operation
Invalid operation
d230:dxty0j-o
f285:dir:0
f18/
f285/
d230:dxty0j-oyw
Invalid operation
/d221/d104/d230
d230:md:10
Invalid operation
d1/
d104/
d167
d192
d198/
d22
d52
f126
f141
f189
f206
f21
f226
f233
f256/
f265
f43
n41
n43
n51
n75/
n8
n9/
Invalid operation
Invalid operation
f233:64
d22:42
f206:12
d1/
d104/
d167
d192
d198/
d22
d259/
d52
f126
f141
f164/
f178/
f189
f206
f21
f226
f233
f256/
f265
f43
n43
n51
n75/
n8
n9/
f233:bin:64
d80:dir:0
f233:67 74 19 C9 7A EB DE 51
f166:5
Invalid operation
Invalid operation
Invalid operation
f166:txt:22
/d221/d259/f166
Invalid operation
f166:03owqszq mz_2g2aq pi_h
f233:bin:67
Invalid operation
Invalid operation
Invalid operation
d190:52
f101:17
d220:14
d190:52
f101:17
d220:14
d190:52
d36
Invalid operation
d36:bin:7
/f76/d36
d207/
d36
f155
d207/
f139
f155
f161
f207
d207/
f139
f155
f161
f207
Invalid operation
d207/
d36
d40/
f138/
f139
f155
f161
f207
f155:00
Invalid operation
Invalid operation
f155:48
Invalid operation
Invalid operation
/f76/f138/d6/d137/d270
Invalid operation
Invalid operation
Invalid operation
Invalid operation
d137:dir:0
Invalid operation
Invalid operation
d137/
Invalid operation
Invalid operation
d137:dir:0
Invalid operation
Invalid operation
Invalid operation
Invalid operation
Invalid operation
Invalid operation
d137/
d71
f107
f150/
f293/
f51/
Invalid operation
Invalid operation
d102
d137/
d71
f107
f150/
f293/
f51/
Invalid operation
f107:9
d102:0
d71:0
Invalid operation
Invalid operation
Invalid operation
Invalid operation
d206:dir:0
Invalid operation
Invalid operation
d41:12
Invalid operation
f56:5D
d41
f56
n12/
n51
d247
d41
f207
f56
n12/
d247
d41
f207
f223/
f56
n12/
d258:CC 62
Invalid operation
d247
f223/
f239/
n12/
Invalid operation
d258:00 00 00 32
Invalid operation
Invalid operation
d1/
d143
d20
d94
f223/
n12/
n37/
n5
n57
Invalid operation
d1/
d143
d20
d94
f223/
n12/
n37/
n5
n57
Invalid operation
d201:15
d167:14
d94:7
d20:4
Invalid operation
d1/
d20
d6/
d94
f183/
f223/
n116
n12/
n37/
n5
n57
Invalid operation
Invalid operation
d201:15
d167:14
Invalid operation
Null
Invalid operation
d201:7uuqjtedqxsdu65
/f76/f138/d6/f51/d157/d201
d167
d201
d212/
d217
d240
d253/
f170/
f231
n5/
n66/
n96/
Invalid operation
n5:dir:0
Invalid operation
d167
d201
d212/
d217
d253/
f170/
f231
n47/
n5/
n66/
n96/
d201:7uuqjtedqxsdu65qt
d258:E1
Invalid operation
/f76/f138/d6/f51/d157/d201
d133
d167
d201
d212/
d217
d253/
f170/
f215
f231
f256
f287
f72
f81
n47/
n5/
n66/
n96/
/f76/f138/d6/f51/d157/d201
Null
Invalid operation
Invalid operation
Null
n5:dir:0
f72:73 A0 29
d133
d167
d201
d212/
d217
d253/
d76
f170/
f215
f231
f256
f286
f287
f72
f81
n47/
n5/
n70
n77/
n96/
d133
d167
d201
d212/
d217
d253/
d76
f170/
f215
f231
f256
f287
f72
f81
n47/
n5/
n70
n77/
n96/
d201:7uuqjtedqxsdu65qtx 71r-31n66cy75dq-n
d201:7uuqjtedqxsdu65qtx 71r-31n66cy75dq-n
d201:7uuqjtedqxsdu65qtx 71r-31n66cy75dq-nepd.0
f72:00 00 00 00 F9
f72:00
Invalid operation
f72:18 DF F3 EB F7
d167
d201
d212/
d217
d253/
d293
d76
d79/
f170/
f215
f231
f256
f287
f72
f81
n47/
n5/
n70
n77/
n96/
/f76/f138/d6/f51/d157/d201
f72:F3 EB
f72:00 F9 00 00 18 DF F3
d167
d201
d212/
d217
d253/
d293
d76
d79/
f170/
f215
f231
f256
f287
f43/
f72
f81
n47/
n5/
n70
n75
n77/
n96/
d201:7uuqjtedqxsdu65qtx 71r-31n66cy75dq-nepd.0x_rcp7-l.se2vovajddr7ibjb
d201:66
d293:15
d167:14
f72:13
f231:11
d76:7
f81:7
Invalid operation
d157/
d206/
d258
f244/
d157/
d206/
d258
f244/
d258:24
d157/
d206/
d258
d38
f244/
Invalid operation
d258:85 54 00 E1
d102
d137/
d71
f107
f112/
f150/
f163
f293/
f47/
f51/
Invalid operation
d102
d137/
d71
f107
f112/
f150/
f163
f205/
f293/
f47/
f51/
f107:C7 9A 06 1E
d137:dir:0
Invalid operation
Invalid operation
d102
d137/
d71
f107
f112/
f150/
f163
f205/
f293/
f47/
f51/
n41
d102
d137/
d71
f107
f112/
f150/
f163
f205/
f229/
f283
f293/
f47/
f51/
n41
Invalid operation
Invalid operation
Invalid operation
/f76/f138/d6/f107
d102
d137/
d138
d234
d71
f107
f112/
f143/
f150/
f163
f205/
f210/
f229/
f283
f293/
f47/
f51/
f84
n41
Invalid operation
Invalid operation
Invalid operation
d102
d137/
d138
d234
d71
f107
f112/
f150/
f163
f205/
f209
f210/
f229/
f283
f293/
f51/
f84
n41
d6:dir:0
Invalid operation
Invalid operation
Invalid operation
d269
d6/
n58
d269:8mxmt-x
Invalid operation
Invalid operation
d269
d6/
n58
f155:22 DB 7A 19 1A 37 D4 51 02
d269:8mxmt-x d6
d269:8mxmt-x d6
d269
d6/
n58
Invalid operation
d6:dir:0
d178
d269
d6/
n58
d178
d269
d6/
n58
d105
d178
d269
d6/
n58
d269:8mxmt-x d6x
Invalid operation
f60:txt:9
d269:8mxmt-x d6x
/f76/f138/d269
Invalid operation
d269:8mxmt-x d6xgk7cq_ba4t_pthia3x
d105
d138/
d178
d265
d54/
d6/
f276
n65
Invalid operation
d105:15
d178:13
n65:11
d265:2
Invalid operation
Invalid operation
Invalid operation
Invalid operation
d90/
Invalid operation
/f76/f138/d6/f107
Invalid operation
Invalid operation
Invalid operation
Invalid operation
d137:dir:0
d263:dir:0
f107:7E BF 7D 2D FF 00 70 08
n27:bin:1
n27:00
Invalid operation
d90:dir:0
f107:C7 9A 06 3A BA 64 1F 38 04 B0 70
f224:2
n27:1
f120:0
Invalid operation
Invalid operation
d26
d90/
f213/
d26
d90/
f213/
f120
f224
n27
n27:00 00 00
Invalid operation
d132:10
n27:2
f120:0
n112:0
n27:bin:2
Invalid operation
n27:bin:10
Null
d90/
d100:58 B1 C4
Invalid operation
Invalid operation
Invalid operation
f107:38 8A 6B F8 02
Invalid operation
Invalid operation
Invalid operation
d105:v4lxw-f8lzbb37s
d105:15
n65:11
Invalid operation
d105
d138
d198/
d265
d54/
d6/
d77
f104
n65
d138
d198/
d265
d296
d54/
d6/
d77
f104
n65
/f201
Invalid operation
f5:dir:0
Invalid operation
d190:C0 8E DB AA
d1/
d105/
d106/
d109
d12/
d126
d128/
d135/
d141
d163/
d168/
d17/
d185
d190
d204
d21/
d220
d221/
d245
d263
d27/
d276
d280/
d70/
d78/
f0/
f101
f111/
f143
f159
f182
f185/
f188
f192/
f201
f205/
f219/
f220
f229/
f236/
f24/
f240/
f246/
f254
f256/
f267
f27
f293/
f40
f5/
f56/
f60/
f76/
n105/
n22/
n58/
n64/
n74/
n88/
n97
d190:50
f101:17
d220:14
Invalid operation
d1/
d105/
d106/
d109
d12/
d126
d128/
d135/
d141
d163/
d168/
d17/
d185
d190
d204
d21/
d220
d221/
d245
d263
d27/
d276
d280/
d70/
d78/
f0/
f101
f111/
f143
f159
f182
f185/
f188
f192/
f201
f205/
f219/
f220
f229/
f236/
f24/
f240/
f246/
f254
f256/
f267
f27
f293/
f40
f5/
f56/
f60/
f76/
n105/
n22/
n58/
n64/
n74/
n88/
n97
Invalid operation
n73:97 5E 91 7F 77 42 FA
n29:AF
d149
d200/
d231/
d42
d77/
d8/
f160/
f164
f169
f184/
f266/
f30/
f75/
f85
n34
n5
n73
n79/
n89
Invalid operation
d181
d181
n73:42
Null
d1/
d105/
d106/
d109
d12/
d126
d128/
d135/
d141
d163/
d168/
d17/
d185
d190
d204
d21/
d220
d221/
d245
d263
d276
d280/
d70/
d78/
f0/
f101
f111/
f143
f159
f182
f185/
f188
f192/
f201
f205/
f219/
f220
f229/
f236/
f24/
f240/
f246/
f254
f256/
f267
f27
f293/
f40
f5/
f56/
f60/
f61/
f76/
n105/
n22/
n58/
n64/
n74/
n88/
n97
Invalid operation
n73:96 6D 62 D9 CD 9A 4F 64 CF 49 71
Invalid operation
Null
Invalid operation
d190:54
f101:17
d220:14
d190:54
f101:17
d220:14
d190:54
f101:17
d220:14
Null
d190:66 3A 64 C0 8E DB AA 1B 5F
Invalid operation
Invalid operation
Invalid operation
d1/
d105/
d106/
d109
d12/
d126
d128/
d135/
d141
d163/
d168/
d17/
d185
d190
d204
d21/
d220
d221/
d245
d263
d276
d280/
d70/
d78/
f0/
f101
f111/
f143
f159
f182
f185/
f188
f192/
f201
f205/
f219/
f220
f229/
f236/
f24/
f240/
f246/
f254
f256/
f267
f27
f293/
f40
f5/
f56/
f60/
f61/
f76/
n105/
n22/
n58/
n64/
n74/
n88/
n97
Invalid operation
d190:54
f101:17
d220:14
d1/
d105/
d106/
d109
d12/
d126
d128/
d135/
d141
d163/
d168/
d17/
d185
d190
d204
d21/
d220
d221/
d245
d263
d276
d280/
d70/
d78/
f0/
f101
f111/
f143
f159
f182
f185/
f188
f192/
f201
f205/
f219/
f220
f229/
f236/
f24/
f240/
f246/
f254
f256/
f267
f27
f293/
f40
f5/
f56/
f60/
f61/
f76/
n105/
n22/
n58/
n64/
n74/
n88/
n97
d190:54
f101:17
d220:14
d190:54
f101:17
d220:14
d190:57
Invalid operation
d190:32 8D 00 00 00 F9 3B CB 4E D6 5E
Invalid operation
Invalid operation
Invalid operation
Invalid operation
d190:58
f101:17
d220:14
d190:58
f101:17
d220:14
d204:12
d1/
d105/
d106/
d109
d12/
d126
d135/
d141
d163/
d168/
d17/
d185
d190
d204
d21/
d220
d221/
d245
d263
d276
d280/
d290/
d70/
d78/
f0/
f101
f111/
f143
f159
f182
f185/
f188
f192/
f201
f205/
f219/
f220
f236/
f24/
f240/
f246/
f254
f256/
f267
f27
f293/
f40
f5/
f56/
f60/
f61/
f76/
n105/
n22/
n58/
n64/
n74/
n88/
n97
d1/
d105/
d106/
d109
d113/
d12/
d126
d135/
d141
d163/
d168/
d17/
d185
d190
d204
d21/
d220
d221/
d245
d263
d276
d280/
d290/
d70/
d78/
f0/
f101
f111/
f143
f159
f182
f185/
f188
f192/
f201
f205/
f219/
f220
f236/
f24/
f240/
f246/
f254
f256/
f267
f27
f293/
f40
f5/
f56/
f60/
f61/
f76/
n105/
n22/
n58/
n64/
n74/
n88/
n97
Invalid operation
d1/
d105/
d106/
d109
d113/
d12/
d126
d135/
d141
d163/
d168/
d17/
d185
d190
d204
d21/
d220
d221/
d245
d263
d276
d280/
d290/
d70/
d78/
f0/
f101
f111/
f143
f159
f182
f185/
f188
f192/
f201
f205/
f219/
f220
f236/
f24/
f240/
f246/
f254
f256/
f267
f27
f293/
f40
f5/
f56/
f60/
f61/
f76/
n105/
n22/
n58/
n64/
n74/
n88/
n97
d1/
d105/
d106/
d109
d113/
d12/
d126
d135/
d141
d163/
d168/
d17/
d185
d190
d204
d21/
d220
d221/
d245
d263
d276
d280/
d290/
d70/
d78/
f0/
f101
f111/
f143
f159
f182
f185/
f188
f192/
f201
f205/
f219/
f220
f236/
f24/
f240/
f246/
f254
f256/
f267
f27
f293/
f40
f5/
f56/
f60/
f61/
f76/
n105/
n22/
n58/
n64/
n74/
n88/
n97
d190:58
f101:17
d220:14
d190:58
f101:17
d220:14
Invalid operation
Invalid operation
Invalid operation
Invalid operation
Invalid operation
d190:58
f101:17
d220:14
d190:59
f101:17
d220:14
Invalid operation
d190:12 88 CE 76 2A 68 6A 4C A4 7C 4E 15
Invalid operation
d1/
d105/
d106/
d109
d113/
d12/
d126
d135/
d141
d163/
d168/
d17/
d185
d190
d21/
d220
d221/
d245
d263
d276
d280/
d290/
d70/
d78/
f0/
f101
f111/
f143
f159
f182
f185/
f188
f192/
f201
f205/
f219/
f220
f236/
f24/
f240/
f246/
f254
f256/
f267
f27
f293/
f40
f5/
f56/
f60/
f61/
f67/
f76/
n105/
n22/
n58/
n64/
n74/
n88/
n97
Invalid operation
Invalid operation
f5:dir:0
d190:71 8B 57 B1 F4 EE 98 75 12 88 CE 76 2A 68 6A 4C A4 7C 4E 15 32 8D 00 00 00 F9 3B
d1/
d105/
d106/
d109
d113/
d12/
d126
d135/
d141
d163/
d168/
d17/
d185
d190
d21/
d220
d221/
d245
d263
d276
d280/
d290/
d70/
d78/
f0/
f111/
f143
f159
f167/
f182
f185/
f188
f192/
f201
f205/
f219/
f220
f236/
f24/
f240/
f246/
f254
f256/
f267
f27
f293/
f40
f5/
f56/
f60/
f61/
f76/
n105/
n22/
n58/
n64/
n74/
n88/
n97
Invalid operation
Invalid operation
d190:58
d220:14
f27:12
d141:10
d126:9
d263:9
Invalid operation
Invalid operation
Invalid operation
Invalid operation
Invalid operation
Invalid operation
/d190
d190:75 12 88 CE 76
Invalid operation
d190:8F FF 43 40 DF 57 C0 AA 1B 5F 43 CE 2B E1 1E 83 CD FC 3B B1 F4 EE 98 75 12 88 CE 76 2A 68 6A
Invalid operation
Invalid operation
d263:bin:7
/d163/d263
/d263
Invalid operation
Invalid operation
Invalid operation
Invalid operation
Invalid operation
d190:57
d220:14
f27:12
d190:57
d220:14
f27:12
Invalid operation
f84:m-.
d136
d166/
d178/
f131/
f218/
f224/
f236/
n13/
n9/
Invalid operation
f84:txt:3
Invalid operation
n106:
n106
n106
f84:txt:3
d182
f103
f84
n19/
d182
f103
f84
n19/
/f5/f224/f84
Invalid operation
d182
f103
f84
n19/
Invalid operation
/f5/f224/f84
/f5/f224/f84
d223:7
f84:4
d182:0
f103:0
Null
d190:68 6A 4C A4 7C 4E 15 32 C1 A1 00
d190:26
Null
d136:ro1-2keaiqd27
Invalid operation
Invalid operation
f2:00
Invalid operation
Invalid operation
f2:28 79 B4 13 00 00 00 00
Invalid operation
Invalid operation
d174/
d175/
d250/
d96/
f100
f126/
f2
f9
f93/
n43
n45
n98
Invalid operation
f2:00
f100:17
n45:10
Invalid operation
d175/
d96/
f100
f126/
f2
f9
f93/
n40
n45
n98
f100:17
n40:16
n45:10
f2:8
f9:7
f2:bin:8
Invalid operation
d175/
d280/
d96/
f100
f126/
f2
f211/
f9
f93/
n40
n98
Invalid operation
f2:EB 00
/f5/f236/f2
Invalid operation
d30:dir:0
d30/
f44/
f2:72
d30/
f132/
f44/
Invalid operation
f2:94
d30/
f132/
f44/
n11
Invalid operation
Invalid operation
f100:17
n40:16
f2:9
f9:7
f181:6
d175/
d24/
d280/
d96/
f100
f126/
f173/
f181
f2
f211/
f9
f93/
n40
Invalid operation
Invalid operation
d175/
d24/
d280/
d96/
f100
f126/
f173/
f181
f2
f211/
f233
f24
f93/
n21/
n40
f2:bin:16
d175/
d24/
d280/
d96/
f100
f126/
f173/
f181
f2
f211/
f233
f24
f93/
n21/
n40
Invalid operation
f2:78 00 00
Invalid operation
f2:bin:11
f2:00 00
Invalid operation
d175/
d24/
d280/
f100
f126/
f167/
f173/
f181
f2
f211/
f233
f9
f93/
n40
f2:00 00
d175/
d24/
d280/
f100
f126/
f167/
f173/
f181
f2
f211/
f233
f9
f93/
n40
Invalid operation
f2:00
Invalid operation
Invalid operation
d175/
d24/
d280/
d57
f100
f126/
f167/
f173/
f181
f2
f233
f48/
f9
f93/
n40
Invalid operation
Invalid operation
f2:28 79 6C 6F 0F 09 D7 E8 73 88
Invalid operation
d31:md:0
Invalid operation
Invalid operation
d113
d284
d31
f226/
Invalid operation
Invalid operation
Invalid operation
Invalid operation
f2:88 00 00
d167/
d175/
d24/
d280/
d57
d66
f100
f126/
f156/
f173/
f2
f233
f48/
f9
f93/
Invalid operation
f269
Invalid operation
d192
d56
d192:txt:0
f269:bin:19
d183:
d183:
f269:F0 FF 6D B0 05 8E E8 D6 62
f269:FF 6D B0 05
Invalid operation
Invalid operation
f269:25
f269:25
f269:54 76 8C 00 00
Invalid operation
f269:bin:24
/f5/f236/f93/n104/d17
d110
d115
d17
f269:D1 64 C7 8B BB AC
d110
d115
d17
/f5/f236/f93/n104/d17
d17:23g dgp
d17:md:7
/f5/f236/f93/n104/d17
d17:md:7
Invalid operation
Invalid operation
Invalid operation
d167/
d175/
d24/
d280/
d57
d66
f100
f126/
f135
f156/
f173/
f2
f231
f233
f48/
f9
f93/
n41
Invalid operation
d34/
f269
f49/
n104/
n113/
Invalid operation
Invalid operation
Invalid operation
d18
d34/
f269
f49/
n104/
n113/
n26/
Invalid operation
f269:bin:25
/f5/f236/f93/d34/f66
Null
Invalid operation
Null
f232:AD 43 C1
d136
d166/
d178/
d20
f131/
f218/
f222/
f224/
f232
f236/
n13/
n9/
Invalid operation
Invalid operation
f232:C1 9B 50 00 00
f232:00
f232:00 C7 6D F9 62 35
d136
d166/
d178/
d20
f129
f131/
f218/
f224/
f232
f236/
n13/
d166:dir:0
Invalid operation
/f5/d136
d136
d166/
d178/
d20
f129
f131/
f224/
f232
f236/
n13/
d136:ro1-2keaiqd27x
Invalid operation
d136
d166/
d178/
d20
f129
f131/
f224/
f232
f236/
f24/
n13/
Invalid operation
Invalid operation
f84:m-.xxx
f84:m-.xxx
Null
Invalid operation
Invalid operation
Invalid operation
d152:4583 abe0_xmg
f113:02 BD 69
f113:02 BD
d152:13
d152
f184/
n17/
d152
f184/
n17/
d152
f184/
n17/
/f5/f224/n19/d152
d152
f184/
f54
n17/
Invalid operation
Invalid operation
f75:10
f43:1
d136:0
n96:0
d152:13
f207:86
f207:86
Invalid operation
f84:m-.xxx4j0zz9l-p-orxf
Invalid operation
Invalid operation
Invalid operation
f84:txt:35
f103
f206
f208/
f297
n19/
Invalid operation
Invalid operation
d172
d172:txt:18
Invalid operation
f103:xhg.t.jm5s5
f297:ya
f103:11
d2
d265
d292
f103
f208/
f297
f98
n19/
n77
f297:yax
Null
d172
Invalid operation
Null
d106
d2
d215
d265
d276
d292
f103
f129/
f208/
f228
f297
f98
n19/
n19:dir:0
/f5/f224/f297
f297:yax.9v74smtb85ry 
n19:dir:0
d106
d163
d2
d215
d265
d292
f103
f129/
f208/
f228
f297
f98
n19/
f297:yax.9v74smtb85ry 
f232:0F 64 1A C8 27 16 67 00 00 00 00 00 E9 B1 EB 01 89 00 00 00 7D 7E F9
d114
d136
d166/
d178/
d20
d290
f129
f131/
f224/
f232
f236/
f24/
n13/
n53/
d114
d136
d166/
d178/
d20
d260/
d290
f129
f131/
f208
f224/
f232
f236/
f24/
n13/
n53/
Invalid operation
d136
d166/
d178/
d20
d260/
d290
f129
f131/
f143
f208
f224/
f232
f236/
f24/
n13/
n53/
Invalid operation
d136
d166/
d178/
d20
d201/
d205
d260/
d269
d290
f129
f131/
f143
f149/
f224/
f232
f233
f236/
f24/
f293/
n13/
n53/
d190:56
d220:14
f27:12
d190:56
d220:14
f27:12
d190:56
d220:14
f27:12
d190:56
d220:14
f27:12
Invalid operation
d190:56
d220:14
f27:12
Invalid operation
Invalid operation
Invalid operation
Invalid operation
Invalid operation
Invalid operation
f214/
d110/
f214/
Invalid operation
d110:dir:0
f0:00
Invalid operation
Invalid operation
d110:dir:0
d273:5F
d245:txt:4
Invalid operation
Invalid operation
Invalid operation
Invalid operation
Invalid operation
d245:12
d110/
d114
d245
d297
f214/
f82
n3/
d110:dir:0
f82:E6 46
Invalid operation
d190:56
d220:14
f27:12
Invalid operation
d263
f169
f244
Invalid operation
d263
f169
f244
d263
f244
f244:cevotwq7dnvd10p
Invalid operation
Invalid operation
d179/
d42/
d76
f244
f36/
f244:txt:26
d179/
d42/
d76
f244
f36/
Invalid operation
d42:dir:0
Invalid operation
d238:34tp5o5-dx0zodx
d100
d179/
d42/
d76
d84/
f236/
f244
f35
f36/
d1/
d105/
d106/
d109
d113/
d12/
d126
d135/
d141
d163/
d168/
d17/
d185
d190
d21/
d221/
d245
d263
d276
d280/
d290/
d70/
d78/
f0/
f111/
f143
f159
f167/
f182
f185/
f188
f192/
f205/
f208
f219/
f220
f236/
f24/
f240/
f246/
f254
f256/
f267
f27
f283/
f293/
f40
f5/
f56/
f60/
f61/
f76/
n105/
n22/
n58/
n64/
n74/
n88/
n97
d190:55
f27:12
d141:10
d126:9
d263:9
d190:55
f27:12
d141:10
d190:55
f27:12
d141:10
d190:55
f27:12
d141:10
Invalid operation
Invalid operation
d190:55
f27:12
d141:10
d190:55
f27:12
d141:10
Invalid operation
Invalid operation
Invalid operation
d190:55
f27:12
d141:10
d126:9
d263:9
f182:6
f254:6
f188:5
d190:55
f27:12
d141:10
Invalid operation
d190:55
f27:12
d141:10
d190:55
f27:12
d141:10
Invalid operation
Invalid operation
Invalid operation
d1/
d105/
d106/
d109
d113/
d12/
d126
d135/
d141
d163/
d168/
d17/
d185
d190
d21/
d221/
d245
d263
d276
d280/
d290/
d70/
d78/
d93
f0/
f111/
f143
f159
f167/
f175/
f182
f185/
f188
f192/
f205/
f208
f219/
f236/
f24/
f240/
f246/
f254
f256/
f267
f27
f283/
f293/
f40
f5/
f56/
f60/
f61/
f76/
n105/
n22/
n58/
n64/
n74/
n88/
n97
d190:55
f27:12
d141:10
Invalid operation
Invalid operation
Invalid operation
Invalid operation
Invalid operation
/f185/n73
Null
Invalid operation
/f185/n73
d149
d197/
d207/
d237
d42
d50/
d77/
d8/
f101/
f160/
f161
f166/
f169
f184/
f266/
f30/
f75/
f85
n107/
n115
n26/
n5
n73
n79/
n89
d11
d149
d178
d197/
d200/
d207/
d237
d42
d50/
d77/
d8/
f101/
f160/
f161
f166/
f169
f184/
f266/
f30/
f75/
f85
n107/
n115
n26/
n5
n73
n79/
n89
Invalid operation
Invalid operation
d149
d178
d188
d197/
d207/
d237
d243/
d42
d50/
d77/
d8/
f101/
f113
f160/
f161
f166/
f169
f175
f184/
f266/
f30/
f75/
f85
n107/
n115
n26/
n5
n73
n79/
n89
Invalid operation
d149
d178
d188
d197/
d207/
d237
d243/
d42
d50/
d77/
d8/
f101/
f113
f160/
f161
f166/
f169
f175
f184/
f266/
f30/
f75/
f85
n107/
n115
n26/
n5
n73
n79/
n89
n73:00 E9 72 21
d149
d178
d188
d197/
d207/
d237
d243/
d50/
d77/
d8/
f101/
f113
f160/
f161
f166/
f169
f175
f184/
f266/
f30/
f75/
f85
n107/
n115
n26/
n5
n73
n79/
n89
n98
Invalid operation
Invalid operation
Invalid operation
f63:bin:8
f247:dir:0
/f185/d243/f28
Invalid operation
d149
d178
d188
d195
d197/
d203
d207/
d237
d243/
d50/
d77/
d8/
f101/
f113
f160/
f161
f166/
f169
f184/
f266/
f28
f30/
f75/
f85
n107/
n112
n115
n26/
n5
n73
n79/
n89
n98
n73:77 0B F7 EF 83 A1 8D A9 20 DF F4
Invalid operation
d149
d178
d188
d195
d197/
d203
d207/
d237
d243/
d50/
d77/
d8/
f101/
f113
f160/
f161
f166/
f230/
f266/
f30/
f75/
f85
n107/
n112
n115
n26/
n44
n5
n73
n79/
n89
n98
n73:bin:36
Invalid operation
/f185/n73
d1/
d105/
d106/
d109
d113/
d12/
d126
d135/
d141
d163/
d168/
d17/
d185
d190
d21/
d221/
d245
d263
d276
d280/
d290/
d70/
d78/
d93
f0/
f111/
f143
f159
f167/
f175/
f182
f185/
f188
f192/
f205/
f208
f219/
f236/
f24/
f240/
f246/
f254
f256/
f267
f27
f283/
f293/
f40
f5/
f56/
f60/
f61/
f76/
n105/
n22/
n58/
n64/
n74/
n88/
n97
Invalid operation
d190:55
f27:12
d141:10
Invalid operation
d190:A1 00 00 F9 3B CB
Invalid operation
d1/
d105/
d106/
d109
d113/
d12/
d126
d135/
d141
d163/
d168/
d17/
d185
d190
d21/
d221/
d245
d263
d276
d280/
d290/
d70/
d78/
d93
f0/
f111/
f143
f159
f167/
f175/
f182
f185/
f188
f192/
f205/
f208
f219/
f236/
f24/
f240/
f246/
f254
f256/
f267
f27
f283/
f293/
f40
f5/
f56/
f60/
f61/
f76/
n105/
n22/
n58/
n64/
n74/
n88/
n97
Invalid operation
Invalid operation
/f185/n73
d149
d155
d178
d195
d197/
d203
d207/
d243/
d256
d50/
d77/
d8/
f101/
f113
f124
f160/
f161
f166/
f170
f23/
f230/
f266/
f30/
f75/
f85
n107/
n112
n115
n26/
n40/
n44
n5
n73
n79/
n89
n98
Invalid operation
n53:13
f28:5
f58:0
d189/
d52
f247/
f28
f58
n53
f28:35 62
f28:35 62 CC 85
n73:bin:36
Invalid operation
Invalid operation
d149
d155
d178
d195
d203
d207/
d243/
d256
d262
d50/
d77/
d8/
f101/
f113
f124
f160/
f161
f166/
f170
f23/
f230/
f266/
f293
f30/
f75/
f85
n107/
n112
n26/
n40/
n44
n5
n73
n79/
n89
n98
d149
d155
d178
d195
d203
d207/
d243/
d256
d262
d50/
d77/
d8/
f101/
f113
f124
f160/
f161
f166/
f170
f23/
f230/
f266/
f293
f30/
f75/
f85
n107/
n112
n26/
n40/
n44
n5
n73
n79/
n89
n98
Invalid operation
n73:bin:36
d149
d153
d155
d178
d195
d203
d207/
d243/
d256
d262
d50/
d77/
d8/
f101/
f112
f113
f124
f160/
f161
f166/
f170
f174
f23/
f230/
f266/
f293
f30/
f75/
f8
f85
n107/
n112
n26/
n40/
n44
n5
n73
n79/
n89
n98
d149
d153
d155
d178
d195
d203
d207/
d243/
d256
d262
d50/
d77/
d8/
f101/
f112
f113
f124
f160/
f161
f166/
f170
f174
f23/
f230/
f266/
f293
f30/
f75/
f8
f85
n107/
n112
n26/
n40/
n44
n5
n73
n79/
n89
n98
Invalid operation
d1/
d105/
d109
d113/
d12/
d126
d135/
d141
d149/
d163/
d168/
d17/
d185
d190
d21/
d221/
d245
d263
d276
d280/
d290/
d70/
d78/
f0/
f111/
f143
f159
f167/
f175/
f182
f185/
f188
f192/
f205/
f208
f219/
f236/
f24/
f240/
f246/
f254
f256/
f267
f27
f283/
f293/
f40
f5/
f56/
f60/
f61/
f76/
n105/
n22/
n58/
n64/
n74/
n88/
n97
Invalid operation
d139:dir:0
d139/
d282/
d296
d58
d90
f125/
f158/
f159/
f217/
f42
f69/
n15
n53/
n65/
n87
d139/
d282/
d296
d58
d90
f125/
f158/
f159/
f17
f217/
f42
f69/
n15
n53/
n87
d58:37
n15:16
f42:14
d296:4
d90:0
n87:0
d296:8B A0
d190:A7 87 FC E8 2F C8 DB
d136/
d139/
d147
d193/
d282/
d296
d3
d58
d90
f125/
f145/
f158/
f159/
f198/
f217/
f69/
n11
n15
n32/
n53/
Invalid operation
d58:c3_v4vvd02x7 redh_rg1waq44mttjn5hbrcelvdddjg_qgl1.5uts0w3q
d1/
d105/
d109
d113/
d12/
d126
d135/
d141
d149/
d163/
d168/
d17/
d185
d190
d21/
d221/
d245
d263
d276
d280/
d290/
d70/
d78/
f0/
f111/
f143
f159
f167/
f175/
f182
f185/
f188
f192/
f205/
f208
f219/
f236/
f24/
f240/
f246/
f254
f256/
f267
f27
f283/
f293/
f40
f5/
f56/
f60/
f61/
f76/
n105/
n22/
n58/
n64/
n74/
n86/
n88/
n97
Invalid operation
d1/
d105/
d109
d113/
d12/
d126
d135/
d141
d149/
d163/
d168/
d17/
d185
d190
d21/
d221/
d245
d263
d276
d280/
d290/
d70/
d78/
f0/
f111/
f143
f159
f167/
f175/
f182
f185/
f188
f192/
f205/
f208
f219/
f236/
f24/
f240/
f246/
f254
f256/
f267
f27
f283/
f293/
f40
f5/
f56/
f60/
f61/
f76/
n105/
n22/
n58/
n64/
n74/
n86/
n88/
n97
Invalid operation
Invalid operation
Invalid operation
d190:58
f27:12
d141:10
d190:58
f27:12
d141:10
d190:58
f27:12
d141:10
Invalid operation
f5:dir:0
n85:0.k h-hw4
f245/
Invalid operation
d190:65 CA 56 1E 75 12 88 BB 52 94 D7 80
d190:CD 24 D2 1F 27 9B 31 37 69
Invalid operation
Invalid operation
Invalid operation
Invalid operation
Null
d233
f245/
f4
Invalid operation
Invalid operation
Invalid operation
f135:13
f4:10
Invalid operation
d153
f135
f33/
f4
Invalid operation
Invalid operation
Invalid operation
Invalid operation
f5:dir:0
d190:00 00
d190:59
f27:12
d141:10
d190:62
f27:12
d141:10
/d190
d190:61
f27:12
d141:10
d126:9
d263:9
f182:6
f254:6
Invalid operation
Invalid operation
d122:08
d252:dir:0
d252/
/f24/d204/d281/f107
d252/
f107
Invalid operation
Invalid operation
d122:E3 15 D6
f108:b8o-86_e.1x
d122:3E 8B 00 00 00 DF C9 7C F3 6D 75 7E EA 99 E3 73 D9
Invalid operation
d218
d33
d90
n72
Invalid operation
Invalid operation
d36:E6 A3
d36:A3 00
f2:j-2nv4yt _ugjcii623t6ax
/f24/d62/f182/d213/f2
n94:txt:0
d36:FC
n94:0
n94
Invalid operation
Invalid operation
Invalid operation
Invalid operation
Invalid operation
d36:61 35 6E 72 07 C2 BB
d36:61 35 6E 72 07 C2
Invalid operation
Invalid operation
d213:dir:0
d0/
d188/
d213/
f191/
Invalid operation
d122:00 00 B7 B0 C9 7C F3 6D
d213:dir:0
d213/
f191/
d122:0E FF E1 E0 57 EA 99 E3 15
d213:dir:0
d145:8svey92pa0m28r
d145:14
d63:5
d122:53 66 2A 3A 8C 7D 8B 00 00 B7 47
Invalid operation
d122:1C
f182:dir:0
/f24/d62/f108
/f24/d62/f108
/f24/d62/f108
f108:61
f38:10
d196:8
f298:6
f182:dir:0
d196
d293/
d6/
f108
f11/
f182/
f298
f38
Invalid operation
f182:dir:0
Invalid operation
Invalid operation
Invalid operation
f108:b8o-86_e.1xw66z.9m3glqtyqk25e1as52qza06ltxt8zvn8_sq4xi1y8linewr8p5n.b3n3bmg58-53t
/f24/d62/f108
f108:b8o-86_e.1xw66z.9m3glqtyqk25e1as52qza06ltxt8zvn8_sq4xi1y8linewr8p5n.b3n3bmg58-53t
d145:30
d63:5
d145:8svey92pa0m28r6ogcru4hp0rel1qy
Invalid operation
d196
d234
d286/
d293/
d6/
f108
f11/
f182/
f298
f38
n93/
Invalid operation
d196
d234
d286/
d293/
d6/
f108
f11/
f182/
f298
f38
n93/
d234:AD 74 11 8F 27 7A 9F FC
f132:txt:9
d72
f132
f59
Null
Invalid operation
/f24/d62/d6/d72
Invalid operation
d72
Invalid operation
Invalid operation
d72:87
Invalid operation
f130:13
Invalid operation
d234:AD 74 11 8F 27 7A
f130
f151/
f243/
f299
d234:00 AD 14 09
d166/
f130
f151/
f243/
f299
Invalid operation
d166/
f130
f151/
f243/
f299
f54/
Invalid operation
f299:
/f24/d62/d6/f299
/f24/f299
Invalid operation
d166/
d233/
d44
f151/
f211/
f243/
f299
f54/
n15/
d166/
d233/
d44
f151/
f211/
f243/
f299
f54/
n15/
Null
f108:b8o-86_e.1xw66z.9m3glqtyqk25e1as52qza06ltxt8zvn8_sq4xi1y8linewr8p5n.b3n3bmg58-53txchs
f182:dir:0
d122
d156
d158
d161
d17/
d180
d198/
d203/
d204/
d210
d238/
d276
d59/
d62/
d81/
f117/
f131
f139
f187/
f189
f25
f254
f299
f57
f83
n61
n7
d156
d158
d17/
d180
d198/
d203/
d204/
d210
d238/
d276
d59/
d62/
d81/
f117/
f139
f187/
f189
f25
f254
f299
f57
f83
n61
n7
Null
/f24/f57
Invalid operation
f5:dir:0
d1/
d105/
d109
d113/
d12/
d126
d135/
d141
d149/
d163/
d168/
d17/
d185
d190
d21/
d221/
d245
d253/
d276
d280/
d290/
d70/
d78/
f0/
f111/
f143
f159
f167/
f175/
f182
f185/
f188
f192/
f205/
f208
f219/
f236/
f24/
f240/
f246/
f254
f256/
f267
f27
f283/
f293/
f40
f5/
f56/
f60/
f61/
f76/
n105/
n22/
n58/
n64/
n74/
n86/
n88/
n97
d190:61
f27:12
d141:10
d190:58 A7 87 FC E8 2F C8
d190:61
f27:12
d141:10
Invalid operation
d190:61
f27:12
d141:10
d1/
d105/
d109
d113/
d12/
d126
d135/
d141
d149/
d163/
d168/
d17/
d185
d190
d21/
d221/
d245
d276
d280/
d290/
d70/
d78/
f0/
f111/
f143
f159
f167/
f175/
f182
f185/
f188
f192/
f205/
f208
f219/
f236/
f24/
f240/
f246/
f254
f256/
f267
f27
f283/
f293/
f40
f5/
f56/
f60/
f61/
f76/
n105/
n22/
n58/
n64/
n74/
n86/
n88/
n97
Invalid operation
Null
d190:61
f27:12
d141:10
d126:9
f182:6
f254:6
f188:5
d245:4
f5:dir:0
d1/
d105/
d109
d113/
d12/
d126
d135/
d141
d149/
d163/
d168/
d17/
d185
d190
d21/
d221/
d245
d276
d280/
d290/
d70/
d78/
f0/
f111/
f143
f159
f167/
f175/
f182
f185/
f188
f192/
f205/
f208
f219/
f236/
f24/
f240/
f246/
f254
f256/
f267
f27
f283/
f293/
f40
f5/
f56/
f60/
f61/
f76/
n105/
n22/
n48
n58/
n64/
n74/
n86/
n88/
n97
d190:FC E8 2F C8 DB CD 26 A7 FB 32 9B 31 49 CF 08 2C 18 5A 6F 3D C2 B9 C7 F8 7F 65 B0 5E 9D D8 91 8D A3 52 94 45 0D D2 94 BD 4A 3B 9C C1 A1 00 00
d190:61
f27:12
d141:10
d76:0i589l  oh3gs
d100
d36/
d42/
d76
d84/
f236/
f244
f36/
f57
f244:26
d100:17
d76:13
d287:4
f57:0
d76:md:13
d100
d287
d36/
d76
d84/
f236/
f244
f36/
f57
f244:26
d100:17
d20:14
d76:13
d287:4
f57:0
d100
d20
d287
d36/
d76
d84/
f236/
f244
f36/
f57
/d163/d76
Invalid operation
d190:4A 3B 9C C1 A1 00 00 9A 8E 20 00 00 00 00 00 00 00
f244:27
d100:17
Invalid operation
d100
d144/
d152
d20
d287
d36/
d84/
f159/
f236/
f244
f275/
f36/
f57
Invalid operation
Invalid operation
f244:cevotwq7dnvd10p.q9c8- cunixrpwx37d50ym16-zx_.h4ko8e87fyutsdld
d77:5B
f192:46
d77:68 13
d204
d33/
d77
Invalid operation
d100
d144/
d20
d287
d36/
d84/
f159/
f244
f275/
f288/
f36/
f57
/d163/f244
/d163/f244
d100:p2w22.-uf2kak1ycg
d190:52 94 45 0D D2 94 BD 4F 48 02 F6 9C 00 00 9A 8E 20 00
d100:17
d190:48 C2 B9 C7 F8 7F 65 B0 5E 9D D8 91 8D A3 52 94 45 0D D2 94 BD 4F 48 02 F6 9C 00 00 9A 8E 20 00 00 00 00 00 00 00 00 00
Invalid operation
d190:65
f27:12
d141:10
Invalid operation
Null
d190:65
f27:12
d141:10
d126:9
Invalid operation
Invalid operation
d190:62
f27:12
d141:10
d190:62
f27:12
d141:10
d190:62
f27:12
d141:10
d190:62
f27:12
d141:10
d190:62
f27:12
d141:10
d190:62
f27:12
d141:10
Invalid operation
d190:62
f27:12
d141:10
d190:62
f27:12
d141:10
d190:62
f27:12
d141:10
f5:dir:0
Invalid operation
d190:87 FC E8 2F C8 DB CD 26 A7 E4 4D 45 9F C5 E0 C7 73 C3 72 3D 86 60 AF 3C 0F 64 94 CD 48 95 75 91 8D A3 52 94 45 0D D2 94 AF 97 A1 02 F6 9C
Invalid operation
d1/
d105/
d109
d113/
d12/
d126
d135/
d141
d149/
d163/
d168/
d17/
d185
d190
d21/
d221/
d245
d276
d280/
d290/
d70/
d78/
f0/
f111/
f143
f159
f167/
f175/
f182
f185/
f188
f192/
f205/
f208
f219/
f236/
f24/
f240/
f246/
f254
f256/
f267
f27
f283/
f293/
f40
f5/
f56/
f60/
f61/
f76/
n105/
n22/
n48
n58/
n64/
n74/
n86/
n88/
n97
d190:62
f27:12
d141:10
d190:62
f27:12
d141:10
d190:62
f27:12
d141:10
/d190
d190:62
f27:12
d141:10
Invalid operation
d190:62
f27:12
d141:10
Invalid operation
d1/
d105/
d109
d113/
d12/
d126
d135/
d141
d149/
d163/
d168/
d17/
d185
d190
d21/
d221/
d245
d276
d280/
d290/
d70/
d78/
f0/
f111/
f143
f159
f167/
f175/
f182
f185/
f188
f192/
f205/
f208
f219/
f236/
f24/
f240/
f246/
f254
f256/
f267
f27
f283/
f293/
f40
f5/
f56/
f60/
f61/
f76/
n105/
n22/
n48
n58/
n64/
n74/
n86/
n88/
n97
d190:62
f27:12
d141:10
Invalid operation
d1/
d105/
d109
d113/
d12/
d135/
d141
d149/
d163/
d168/
d17/
d185
d190
d21/
d221/
d245
d276
d280/
d290/
d70/
d78/
f0/
f111/
f143
f159
f167/
f175/
f182
f185/
f188
f192/
f205/
f208
f219/
f236/
f24/
f240/
f246/
f254
f256/
f267
f27
f283/
f293/
f40
f5/
f56/
f60/
f61/
f76/
n105/
n22/
n48
n58/
n64/
n74/
n86/
n88/
n97
f140/
f294/
f140/
f294/
f5/
n50/
f140/
f294/
f5/
n50/
f294:dir:0
Invalid operation
Invalid operation
Invalid operation
Null
/n22/n70
Invalid operation
d190:CD 0B DA 27 01 05 C7
Invalid operation
d136/
d139/
d147
d201/
d282/
d296
d3
d58
d90
f125/
f145/
f158/
f159/
f198/
f217/
f295
f61
f69/
n11
n15
n32/
n53/
Null
d296:00
d136
d193/
f102/
f113/
f162/
f113:dir:0
d117/
d193/
f102/
f162/
Invalid operation
d117/
d193/
f102/
f162/
d117/
d193/
f162/
n82/
d58:c3_v4vvd02x7 redh_rg1waq44mttjn5hbrcelvdddjg_qgl1.5uts0w3qie92j32x.osee868x
Invalid operation
f162:dir:0
d58:c3_v4vvd02x7 redh_rg1waq44mttjn5hbrcelvdddjg_qgl1.5uts0w3qie92j32x.osee868x
Invalid operation
d139:dir:0
Invalid operation
d123/
d133/
d136/
d139/
d147
d201/
d282/
d296
d3
d58
d90
f125/
f145/
f158/
f159/
f198/
f217/
f295
f61
f69/
n11
n112
n15
n32/
d123/
d133/
d136/
d139/
d147
d201/
d282/
d296
d3
d58
d90
f125/
f145/
f159/
f181/
f198/
f217/
f295
f61
f69/
n11
n112
n15
n32/
Invalid operation
d139:dir:0
Invalid operation
d296:E6 D1 0C 08 81 52 15 00 00 00 B6
Invalid operation
d123/
d133/
d136/
d139/
d147
d201/
d282/
d296
d3
d58
d59
d90
f125/
f145/
f159/
f198/
f217/
f249
f295
f61
f69/
n11
n112
n15
n32/
n70
/f240/d58
f113/
Invalid operation
d60
f200/
f204/
Invalid operation
/f240/n11
Invalid operation
Invalid operation
d60
f200/
f204/
d60:bin:11
Invalid operation
Invalid operation
Invalid operation
Invalid operation
Invalid operation
Invalid operation
d292/
d60
d90
f200/
f204/
Invalid operation
Null
/f240/d123/d60
/f240/d123/f204/n46
n46:bin:7
Invalid operation
d60:73 FB 40 6D 6C 3D F0 84 DF 2C F7 3C 69 CF CA
d60:bin:18
/f240/d123/d60
d60:3D F0 84 DF 2C F7
/f240/d123/d60
d60:bin:18
d60:CA
Invalid operation
Invalid operation
Invalid operation
Invalid operation
f249/
n66
Invalid operation
d90:w9d9ep9x
Invalid operation
Null
d90:w9d9ep9xj4wxsasx371oumxq8
d203:no9waba0 b9
d203:11
Invalid operation
Invalid operation
/f240/d123/f183/f280
Invalid operation
Invalid operation
d276/
f131
f146
f280
Invalid operation
Invalid operation
f146:md:16
Invalid operation
Invalid operation
Invalid operation
f146:q-g93i _2i2sxz.9
Invalid operation
/f240/d123/f183/f146
f146:md:16
d139/
d52/
d83
f146
f183
f280
n51
Invalid operation
Invalid operation
f280:bin:15
Invalid operation
Invalid operation
d277/
d52/
f142/
f183
f280
f42
n51
f280:54 AE CE 60
Invalid operation
f280:A2
Invalid operation
Invalid operation
Invalid operation
d277/
d52/
f142/
f183
f280
f42
n51
Invalid operation
f280:bin:16
Invalid operation
f280:16
d83:14
f183:0
n102:0
n51:0
Invalid operation
d296:60 A1 1A AE 0C 08 81 52 15
d175/
d181/
d292/
d90
f130/
f141
f183/
f200/
f204/
n70/
n71
n98
d175/
d181/
d292/
d90
f130/
f141
f183/
f200/
f204/
n70/
n71
n98
Invalid operation
Invalid operation
Invalid operation
d175/
d181/
d292/
d90
f130/
f141
f183/
f200/
f204/
f99
n70/
n71
n98
d175/
d181/
d292/
d8
d90
d97/
f130/
f141
f183/
f200/
f204/
f284
f50/
f99
n70/
n71
n98
d112/
d166
d175/
d181/
d208/
d284/
d292/
d8
d90
d97/
f141
f183/
f200/
f204/
f50/
f99
n70/
n71
n98
Invalid operation
f71:dir:0
d112/
d166
d175/
d181/
d208/
d274/
d284/
d292/
d8
d90
d97/
f141
f183/
f200/
f204/
f50/
f99
n70/
n71
n98
d112/
d166
d175/
d181/
d208/
d274/
d284/
d292/
d8
d90
d97/
f141
f183/
f200/
f204/
f50/
f99
n70/
n71
n98
d112/
d166
d175/
d181/
d208/
d274/
d284/
d292/
d8
d90
d97/
f141
f183/
f200/
f204/
f50/
f99
n70/
n71
n98
Invalid operation
f204:dir:0
n46:bin:7
Invalid operation
Invalid operation
Invalid operation
d222/
d87/
n46:00 5F
d222/
d87/
d222/
d87/
n1
Invalid operation
d122
d272/
d58
f147/
f209
n30
n46
n80
Invalid operation
Invalid operation
d114
d288/
f291
d296:3E 60 A1
d296:52 15 00 00 21 B7 6A E0 43 77 73 08 EB 81 5E 6D 00
Invalid operation
d112/
d166
d175/
d181/
d208/
d274/
d284/
d292/
d8
d90
d97/
f141
f183/
f200/
f204/
f50/
f69/
f99
n70/
n71
n98
Invalid operation
Invalid operation
Invalid operation
Invalid operation
Invalid operation
d90:32
d166:13
d8:12
d122
d270
d272/
d58
f147/
f209
n46
n80
Invalid operation
/f240/d123/f204/n46
/f240/d123/f204/n46
n67:0
n46:00 5F 00 00 55 9F
n46:00 E3 DE
n67
/f240/d123/f204/f147/n67
f187
n67
Invalid operation
f187
n67
d122
d270
d272/
d58
f147/
f209
n46
Null
Invalid operation
d112/
d166
d175/
d181/
d208/
d274/
d279
d292/
d8
d90
d97/
f141
f176/
f183/
f200/
f204/
f281
f5/
f50/
f69/
f95
f99
n70/
n71
n98
d112/
d118/
d166
d175/
d181/
d208/
d274/
d279
d292/
d90
d97/
f141
f176/
f183/
f200/
f204/
f281
f292
f5/
f50/
f69/
f95
f99
n46
n70/
n71
n98
Invalid operation
Null
d190:65
f27:12
d141:10
d190:65
f27:12
d141:10
Invalid operation
Invalid operation
d190:65
f27:12
d141:10
d190:65
f27:12
d141:10
Invalid operation
Null
Invalid operation
d190:6C E0 E2 D2
/d190
Invalid operation
Invalid operation
d1/
d105/
d109
d113/
d12/
d135/
d141
d149/
d163/
d168/
d17/
d185
d190
d21/
d221/
d245
d276
d280/
d290/
d70/
d78/
f0/
f111/
f129/
f143
f159
f167/
f175/
f182
f185/
f188
f192/
f205/
f208
f219/
f236/
f24/
f240/
f246/
f254
f256/
f267
f27
f283/
f40
f49
f5/
f56/
f60/
f61/
f76/
n105/
n22/
n48
n58/
n64/
n74/
n86/
n88/
n97
Invalid operation
d190:65
f27:12
d141:10
Invalid operation
Invalid operation
d190:65
f27:12
d141:10
Invalid operation
d190:65
f27:12
d141:10
f5:dir:0
Invalid operation
d1/
d105/
d109
d113/
d12/
d135/
d141
d149/
d163/
d168/
d17/
d185
d190
d21/
d221/
d245
d276
d280/
d290/
d70/
d78/
f0/
f111/
f129/
f143
f159
f167/
f175/
f182
f185/
f188
f192/
f205/
f208
f219/
f236/
f24/
f240/
f246/
f254
f256/
f267
f27
f283/
f40
f49
f5/
f56/
f60/
f61/
f76/
n105/
n22/
n48
n58/
n64/
n74/
n86/
n88/
n97
Invalid operation
Invalid operation
d190:65
f27:12
d141:10
d190:65
f27:12
d141:10
d190:65
f27:12
d141:10
Null
d190:65
f27:12
d141:10
d1/
d105/
d109
d113/
d12/
d135/
d141
d149/
d163/
d168/
d17/
d185
d190
d21/
d221/
d245
d276
d280/
d290/
d70/
d78/
f0/
f111/
f129/
f143
f159
f167/
f175/
f182
f185/
f188
f192/
f205/
f208
f219/
f236/
f24/
f240/
f246/
f254
f256/
f267
f27
f283/
f40
f49
f5/
f56/
f60/
f61/
f76/
n105/
n22/
n48
n58/
n64/
n74/
n86/
n88/
n97
/f5/d136
f220/
Invalid operation
f232:49 00 00 00 00 C7 6D 95
d205/
f220/
f220:dir:0
d205/
f61
/f5/f293/f61
Null
Invalid operation
Invalid operation
Invalid operation
d205:dir:0
Invalid operation
d141
d205/
d259/
d49
f61
n37
d205/
d49
f61
n37
Invalid operation
Invalid operation
d205:dir:0
Invalid operation
Invalid operation
d205:dir:0
Invalid operation
Invalid operation
f61:00 32 7C 6D
f26:8
/f5/f293/f61
d112/
d205/
d49
d50
f117
f12/
f142/
f223
f226
f26
f61
n37
n72
Invalid operation
d190:65
f27:12
d141:10
f5:dir:0
d190:65
f27:12
d141:10
Invalid operation
Invalid operation
Invalid operation
d1/
d105/
d109
d113/
d12/
d135/
d141
d149/
d163/
d168/
d17/
d185
d190
d21/
d221/
d245
d276
d280/
d290/
d70/
d78/
f0/
f111/
f129/
f143
f159
f167/
f175/
f182
f185/
f188
f192/
f205/
f208
f219/
f236/
f24/
f240/
f246/
f254
f256/
f267
f27
f283/
f294/
f40
f5/
f56/
f60/
f61/
f76/
n105/
n22/
n48
n58/
n64/
n74/
n86/
n88/
n97
Invalid operation
d190:64
f27:12
d141:10
d1/
d105/
d109
d113/
d12/
d135/
d141
d149/
d163/
d168/
d17/
d185
d190
d21/
d221/
d245
d276
d280/
d290/
d70/
d78/
f0/
f111/
f129/
f143
f167/
f175/
f182
f185/
f188
f192/
f205/
f208
f219/
f236/
f239
f24/
f240/
f246/
f254
f256/
f267
f27
f283/
f294/
f40
f5/
f56/
f60/
f61/
f76/
n105/
n22/
n48
n58/
n64/
n74/
n86/
n88/
n97
d1/
d105/
d109
d113/
d12/
d135/
d141
d149/
d163/
d168/
d17/
d185
d190
d21/
d221/
d245
d276
d280/
d290/
d70/
d78/
f0/
f111/
f129/
f143
f167/
f175/
f182
f185/
f188
f192/
f205/
f208
f219/
f236/
f239
f24/
f240/
f246/
f254
f256/
f267
f27
f283/
f294/
f40
f5/
f56/
f60/
f61/
f76/
n105/
n22/
n48
n58/
n64/
n74/
n86/
n88/
n97
d190:64
f27:12
d141:10
Invalid operation
Invalid operation
Invalid operation
d207/
d36
d40/
f138/
f139
f155
f207
n37
n93
/f76/f155
Invalid operation
d133/
d207/
d36
d40/
f138/
f139
f155
f207
n37
n93
f155:bin:30
f155:A4 8A
Invalid operation
d109:
d109:
Invalid operation
Invalid operation
Invalid operation
Invalid operation
Invalid operation
d139:s
Invalid operation
Invalid operation
d97
d97:6
Invalid operation
/n74/f39/n39/n24
Invalid operation
Invalid operation
d245:F7 4F BA D3 19 05 C3
Invalid operation
Invalid operation
d245:00
d97
n39/
n39:dir:0
f23
f279/
f298/
n39/
n59
f23
f279/
f298/
n39/
n59
Invalid operation
f23:
f23
n39/
Invalid operation
Invalid operation
Invalid operation
Invalid operation
Null
Invalid operation
f23:
Null
Invalid operation
Invalid operation
/n74/d139
Invalid operation
d139
d222/
d297/
d58/
d77/
f0
f15
f198/
f200
f39/
f49/
f50/
f75/
n94/
f49:dir:0
Null
n110:17
d263:7
d202:0
f94:0
Invalid operation
d202
d25/
d263
f11/
f118
f204
n110
n118/
f15:00 08 20 E4 E9 1D 52
f49:dir:0
Invalid operation
Invalid operation
d245:23
d275:15
f27:12
d141:10
f254:6
d245:C0 C7 34 17 BC F2 47 97 AD 76 FF C9
d109:
d1/
d105/
d109
d12/
d135/
d141
d149/
d163/
d168/
d17/
d185
d21/
d221/
d245
d275
d276
d280/
d290/
d70/
d78/
f0/
f111/
f129/
f143
f153
f175/
f185/
f188
f192/
f205/
f208
f219/
f226/
f236/
f239
f24/
f240/
f246/
f254
f256/
f267
f27
f283/
f294/
f40
f5/
f56/
f60/
f61/
f63/
f76/
n105/
n22/
n27
n48
n58/
n64/
n74/
n86/
n88/
d245:23
d275:15
f27:12
d1/
d105/
d109
d12/
d135/
d141
d149/
d163/
d168/
d17/
d185
d21/
d221/
d245
d275
d276
d280/
d290/
d70/
d78/
f0/
f111/
f129/
f143
f153
f175/
f185/
f188
f192/
f205/
f208
f219/
f226/
f236/
f239
f24/
f240/
f246/
f254
f256/
f267
f27
f283/
f294/
f40
f5/
f56/
f60/
f61/
f63/
f76/
n105/
n22/
n27
n48
n58/
n64/
n74/
n86/
n88/
d245:97 AD 76 FF C9 41 6C 2D
d245:41 6C 2D 10 2C
/d109
d245:23
d275:15
f27:12
Invalid operation
f298:txt:20
f263:hh2_ 9drvk-zkxv
Invalid operation
d117/
d185/
d194/
d201/
f263
f295
/d78/f263
d1/
d105/
d109
d12/
d135/
d141
d149/
d163/
d168/
d17/
d185
d21/
d221/
d245
d275
d276
d280/
d290/
d70/
d78/
f0/
f111/
f129/
f143
f153
f175/
f185/
f188
f205/
f208
f219/
f226/
f236/
f239
f24/
f240/
f246/
f254
f256/
f267
f27
f283/
f294/
f40
f5/
f56/
f60/
f61/
f63/
f76/
n105/
n22/
n27
n48
n58/
n64/
n74/
n86/
n88/
d1/
d105/
d109
d12/
d135/
d141
d149/
d163/
d168/
d17/
d185
d21/
d221/
d245
d275
d276
d280/
d290/
d70/
d78/
f0/
f111/
f129/
f143
f153
f175/
f185/
f188
f205/
f208
f219/
f226/
f236/
f239
f24/
f240/
f246/
f254
f256/
f267
f27
f283/
f294/
f40
f5/
f56/
f60/
f61/
f63/
f76/
n105/
n22/
n27
n48
n58/
n64/
n74/
n86/
n88/
d245:21
d275:15
f27:12
Invalid operation
Invalid operation
d245:21
d275:15
f27:12
f232:00
f232:00 00 E9 B1 EB 01 89 00 00 00 7D 7E
Invalid operation
Invalid operation
f109/
f172/
f238
f25
f26/
f73
f77/
f88
n113
n63/
d38/
f109/
f172/
f238
f25
f26/
f73
f77/
f88
n63/
f238:0mxc8x13wqs-9zxxcyv-i6jw_yjzz032x65a3wy7axkxp e_9
d38/
f109/
f172/
f238
f25
f26/
f73
f77/
f88
n63/
d38/
f109/
f172/
f238
f25
f26/
f73
f77/
f88
n63/
Invalid operation
f238:62
f73:13
f25:9
f26:dir:0
Invalid operation
f232:00 00 E9 B1 93 FD 89 27 D3 93
/f5/d166/f238
f232:1A C8 27 36
Invalid operation
n50:F8 49 02
Invalid operation
d111/
d149
d38/
d4/
f109/
f172/
f173/
f238
f249
f25
f3
f73
f77/
f88
n50
n63/
n77
n80
f238:md:67
d111/
d149
d173/
d38/
d4/
d57
f109/
f172/
f173/
f238
f249
f25
f3
f73
f77/
f86
f88
n50
n63/
n77
n80
Invalid operation
d67:4B 64
d67
d92/
d67:4B
Invalid operation
Invalid operation
Invalid operation
Invalid operation
Invalid operation
Invalid operation
/f5/d166/f109/f290/f49
f49:
Invalid operation
f49:md:0
d54
f49
f151:A9
Invalid operation
f238:68
f73:13
n50:13
f25:9
f3:8
f249:7
d111/
d149
d179/
d28/
d38/
d4/
d57
f109/
f159
f172/
f173/
f238
f249
f25
f3
f73
f77/
f86
f88
n100
n50
n77
n80
n50:1D 09 89 B1 CD
n50:B1 CD
d111/
d149
d179/
d245/
d249
d28/
d38/
d4/
d57
f109/
f159
f172/
f173/
f238
f249
f25
f3
f52
f73
f74/
f77/
f86
f88
n100
n49
n50
n77
n80
d111/
d149
d179/
d245/
d249
d28/
d38/
d4/
d57
f109/
f159
f172/
f173/
f221
f238
f249
f25
f3
f52
f73
f74/
f77/
f86
f88
n100
n49
n50
n77
n80
n88
Invalid operation
Invalid operation
f238:0mxc8x13wqs-9zxxcyv-i6jw_yjzz032x65a3wy7axkxp e_97kpdz87q-chwz2m7p.xe629.sxyll1u77lh6yaqfu3j308kkinl
f238:md:100
f238:0mxc8x13wqs-9zxxcyv-i6jw_yjzz032x65a3wy7axkxp e_97kpdz87q-chwz2m7p.xe629.sxyll1u77lh6yaqfu3j308kkinlc0
f238:102
n50:21
f52:15
f73:13
/f5/d166/d179/f95
f238:0mxc8x13wqs-9zxxcyv-i6jw_yjzz032x65a3wy7axkxp e_97kpdz87q-chwz2m7p.xe629.sxyll1u77lh6yaqfu3j308kkinlc0n6glp.6hxx
n50:00 00
Invalid operation
f45:d 
Invalid operation
Invalid operation
f158:dir:0
n50:CB 23 A6 D8 1B EF
f158:dir:0
Invalid operation
Invalid operation
n50:BA B7 68 E7 3E F8 00
Invalid operation
Invalid operation
Invalid operation
Null
Invalid operation
Invalid operation
d111/
d149
d179/
d245/
d249
d251/
d28/
d38/
d4/
d57
f109/
f144
f159
f172/
f173/
f203
f238
f249
f25
f3
f52
f73
f74/
f77/
f86
f88
n100
n23/
n50
n77
n88
Null
Invalid operation
n50:00 00 00
d111/
d149
d179/
d245/
d251/
d28/
d38/
d4/
d57
f109/
f144
f159
f172/
f173/
f203
f238
f249
f25
f3
f52
f73
f74/
f77/
f81
f85
f86
f88
n100
n23/
n50
n77
n88
Invalid operation
f238:md:115
d214:md:8
Invalid operation
d214:md:8
/f5/d166/f238
Invalid operation
f129
f253
f48/
f93/
n44:txt:3
f238:0mxc8x13wqs-9zxxcyv-i6jw_yjzz032x65a3wy7axkxp e_97kpdz87q-chwz2m7p.xe629.sxyll1u77lh6yaqfu3j308kkinlc0n6glp.6hx5r81059ge01_fqx
Invalid operation
Invalid operation
Invalid operation
Invalid operation
Invalid operation
d177:16
d18:8
f151:7
d155:1
f278:0
Invalid operation
Invalid operation
d18:d7jwp.ps
d177:16
f151:15
d18:8
n63:7
d155:1
f278:0
f238:0mxc8x13wqs-9zxxcyv-i6jw_yjzz032x65a3wy7axkxp e_97kpdz87q-chwz2m7p.xe629.sxyll1u77lh6yaqfu3j308kkinlc0n6glp.6hx5r81059ge01_fqx
Invalid operation
n50:A3 05 DF 44 E0 A3 F4 06 92 23 A6 D8 D5 2B 6D 4A B1 21 A1 93 83 BF 1C 00 00 00 50 18 E6 9F 27 5F 00 7F A9 92 7C 01
f238:md:127
/f5/d166/f238
f238:0mxc8x13wqs-9zxxcyv-i6jw_yjzz032x65a3wy7axkxp e_97kpdz87q-chwz2m7p.xe629.sxyll1u77lh6yaqfu3j308kkinlc0n6glp.6hx5r81059ge01_fqxx
Invalid operation
f238:127
n50:44
f73:13
n88:13
d296:10
f238:0mxc8x13wqs-9zxxcyv-i6jw_yjzz032x65a3wy7axkxp e_97kpdz87q-chwz2m7p.xe629.sxyll1u77lh6yaqfu3j308kkinlc0n6glp.6hx5r81059ge01_fqxx
d111/
d149
d179/
d201
d245/
d251/
d28/
d293/
d296
d38/
d4/
d57
f109/
f137/
f144
f151
f159
f172/
f173/
f203
f238
f249
f25
f26
f3
f33/
f52/
f59
f69/
f73
f74/
f79/
f81
f85
f86
f88
n100
n23/
n50
n51
n77
n88
/f5/d166/f238
n50:5F 00 7F A9 92 7C
f238:0mxc8x13wqs-9zxxcyv-i6jw_yjzz032x65a3wy7axkxp e_97kpdz87q-chwz2m7p.xe629.sxyll1u77lh6yaqfu3j308kkinlc0n6glp.6hx5r81059ge01_fqxx
d111/
d139
d149
d179/
d201
d245/
d251/
d28/
d293/
d296
d38/
d4/
d57
f109/
f137/
f144
f151
f159
f172/
f173/
f203
f238
f249
f25
f26
f3
f33/
f52/
f59
f69/
f73
f74/
f79/
f81
f85
f86
f88
n100
n23/
n50
n51
n77
n88
Invalid operation
d111/
d139
d149
d179/
d201
d245/
d251/
d28/
d293/
d296
d38/
d4/
d57
f109/
f137/
f144
f151
f159
f172/
f173/
f203
f238
f249
f25
f26
f3
f33/
f52/
f59
f69/
f73
f74/
f79/
f81
f85
f86
f88
n100
n23/
n50
n51
n77
n88
Null
f238:md:142
Null
n50:36 90 D9 24 01 0C
Invalid operation
d57:E5
d57:9
d57:9
n50:1F B8 E9 D5 2B 6D 4A B1 21 18 8E 56 47 A1 99 8D C5 84 99 C5 72 35 BF E5 36 90 D9
n50:B3 2B 8E 86 06 AA 1F B8 E9 D5 2B 6D
/f5/d166/f172/f234/d94/d4
Invalid operation
f167/
f234/
n39/
f167/
f234/
n39/
f238:0mxc8x13wqs-9zxxcyv-i6jw_yjzz032x65a3wy7axkxp e_97kpdz87q-chwz2m7p.xe629.sxyll1u77lh6yaqfu3j308kkinlc0n6glp.6hx5r81059ge01_fqxx-1 my132o_cgqkhy45i4nugpk9vmxf-vkk5xyj78igd225_vl4346r_nj4lkrq9l-x
Invalid operation
n39:dir:0
f167/
f234/
n21/
n39/
n50:86 06 AA 1F B8 E9 D5 2B 6D E4 55 9B F8 87 A4 54 30 99 8D C5 84 99 C5 72 35 BF E5 36 67 D1 24 D9 C4 00 00 00
/f5/d290
Invalid operation
f113/
f167/
f234/
n39/
n39:dir:0
Invalid operation
n84:14
n84:39ow5slrt5u__-v85mmj1 saa
f234:dir:0
f234/
n84
f234/
n84
Invalid operation
f234:dir:0
Invalid operation
n50:B7 92 A3 05 DF B3 2B 8E 86 06 AA 27 D1 5C 83 AD 6D E4 ED A9 A0 8E 56 47 A1 99 8D C5 84
Invalid operation
d217/
d42/
f110/
f234/
n51
n84
d217/
d42/
f110/
f234/
n51
n84
n84:39ow5slrt5u__-v85mmj1 saaabdds3e-wo2k867pzvcu3m6l806aietr7
n84:39ow5slrt5u__-v85mmj1 saaabdds3e-wo2k867pzvcu3m6l806aietr7
n50:8D C5 84 99 C5
n50:E5 36 67 D1 24 D9 C4 00
Invalid operation
n50:22 61 AD 6D E4 ED A9 A0 8E 56 47 A1 99 8D C5
Invalid operation
Invalid operation
Invalid operation
d209:8b6evv
d209:8b6evv
Invalid operation
f201:00 00 91 92 68 BB
Invalid operation
f201:00 00 91 92 68 BB B3 30 D0
f201:00 00 00 91 92 68
Invalid operation
d183/
d196/
d94/
n88
d183/
d196/
d94/
n88
n88:x
f133:B5
f133
f133
f201:B3
n88:xx
n88:xx
n88:xxtkqgugir30mm-xxr
n88:18
n14:17
d211:9
d174/
d183/
d196/
d211
d94/
n14
n41/
n88
Invalid operation
Invalid operation
Invalid operation
d217/
d289/
d42/
f110/
f201
f234/
f290
n51
n84
n84:39ow5slrt5u__-v85mmj1 saaabdds3e-wo2k867pzvcu3m6l806aietr7x
n84:39ow5slrt5u__-v85mmj1 saaabdds3e-wo2k867pzvcu3m6l806aietr7x
Invalid operation
Invalid operation
Invalid operation
f116
f116:6hjpch-qsb-x5_7
Invalid operation
Invalid operation
f134:bin:12
Invalid operation
d217/
d261/
d289/
d42/
f133
f142
f201
f234/
f290
n51
n84
Invalid operation
d217/
d261/
d289/
d42/
f133
f142
f201
f234/
f290
n51
n84
f201:03 2D
/f5/d166/f172/n84
d217/
d261/
d289/
d42/
f133
f142
f201
f234/
f290
n45
n51
n84
d217/
d261/
d289/
d42/
f133
f142
f201
f234/
f290
n45
n51
n84
n84:39ow5slrt5u__-v85mmj1 saaabdds3e-wo2k867pzvcu3m6l806aietr7xyo3cvcvdajnu_2s3eerqqqyx
/f5/d166/f172/n84
Invalid operation
f234:dir:0
Invalid operation
d111/
d139
d149
d179/
d201
d251/
d259
d28/
d293/
d296
d38/
d4/
d57
f109/
f137/
f144
f151
f159
f172/
f173/
f203
f238
f249
f25
f26
f3
f33/
f52/
f69/
f73
f74/
f79/
f81
f85
f86
f88
n100
n23/
n50
n51
n55
n77
n88
d12/
d122/
d155
d177
d18
d211/
d3/
d39/
d83/
f151
f278
f290/
n63
d12/
d122/
d155
d177
d18
d211/
d3/
d39/
d83/
f151
f278
f290/
n63
n50:8D C5 84 99 C5
Invalid operation
f238:193
n50:42
f73:13
n88:13
f238:0mxc8x13wqs-9zxxcyv-i6jw_yjzz032x65a3wy7axkxp e_97kpdz87q-chwz2m7p.xe629.sxyll1u77lh6yaqfu3j308kkinlc0n6glp.6hx5r81059ge01_fqxx-1 my132o_cgqkhy45i4nugpk9vmxf-vkk5xyj78igd225_vl4346r_nj4lkrq9l-x
d111/
d139
d149
d179/
d201
d247/
d251/
d259
d28/
d293/
d296
d38/
d4/
d57
f109/
f137/
f144
f151
f159
f172/
f173/
f203
f238
f249
f25
f26
f3
f33/
f52/
f69/
f73
f74/
f79/
f81
f85
f86
f88
n100
n23/
n50
n51
n55
n60/
n77
n88
f238:md:193
f238:md:193
f238:md:193
/f5/d166/f238
Invalid operation
d12/
d122/
d155
d177
d18
d211/
d3/
d39/
d83/
f151
f278
f290/
f68
n63
Invalid operation
d18:d7jwp.psx
f151:00
f151:B9 16 EE 00 F6 A9 00 00 00 73 EC 3E 02 A0 82 D4 6F
Invalid operation
Invalid operation
Invalid operation
d79
Invalid operation
Invalid operation
d79:bin:5
f238:194
f238:0mxc8x13wqs-9zxxcyv-i6jw_yjzz032x65a3wy7axkxp e_97kpdz87q-chwz2m7p.xe629.sxyll1u77lh6yaqfu3j308kkinlc0n6glp.6hx5r81059ge01_fqxx-1 my132o_cgqkhy45i4nugpk9vmxf-vkk5xyj78igd225_vl4346r_nj4lkrq9l-xx
d137
d139
d140
d145/
d149
d179/
d201
d247/
d251/
d259
d28/
d293/
d296
d38/
d4/
d57
f103
f109/
f130
f132/
f137/
f144
f149/
f151
f159
f172/
f173/
f203
f210/
f238
f243/
f249
f25
f26
f3
f33/
f52/
f69/
f73
f74/
f79/
f81
f85
f88
n100
n50
n51
n55
n60/
n77
n88
f234:dir:0
Null
d107:dir:0
d107/
d111/
d49
f108
f253/
d107/
d111/
d49
f108
f253/
f108:f.73r9vxatek
f92
Invalid operation
d44/
f284/
d182
d218/
d44/
f107
f284/
f37/
f107:48
Invalid operation
d182
d44/
f107
f228/
f284/
f37/
Invalid operation
Invalid operation
Invalid operation
Invalid operation
f292:00
Invalid operation
d113/
d68/
f292
n48/
d113/
d293
d68/
f292
n48/
f292:00
Invalid operation
d19:dir:0
Invalid operation
Invalid operation
d256
f292:E6
Invalid operation
Invalid operation
/f5/d166/f172/d289/d111/f284/n97/d68/d63
Invalid operation
Invalid operation
d287:2
d287
f292:00 FB
Invalid operation
Invalid operation
Invalid operation
Invalid operation
Invalid operation
d113/
d293
d68/
n48/
Invalid operation
Null
Invalid operation
d113/
d272/
d68/
f206/
n48/
Invalid operation
Invalid operation
d68:dir:0
f229:uj8ws51cde5x
Invalid operation
f107:9C 1B B6
d183: 8c4g23kazd0b
Invalid operation
Invalid operation
f27:D8 DE C9 FA 97
Invalid operation
f107:48 68 DF A6
d183
d68/
f102/
d183: 8c4g23kazd0btasv-rfw7lloneesv
Invalid operation
Invalid operation
d183
d68/
f102/
n51
Invalid operation
d183
d68/
f102/
n51
d183
d6/
d68/
f102/
f158/
n51
/f5/d166/f172/d289/d111/f284/n97/d183
f107:32
d18
d223/
d277
d277:u9
Null
f107:00
d0/
f89/
/f5/d166/f172/d289/d111/f284/n97/f102/d277
d0/
n118/
n43
Invalid operation
n43:5
n43:5
n43
/f5/d166/f172/d289/d111/f284/n97/f102/d223/n43
n43:bin:4
f107:00
d277:u9-pxykf6yyxph_09cqt-p30pqvo0xwohe7ty5
Invalid operation
f124:ohr md
f290:AF E7 01
f124:ohr md
d223/
f124
f242/
f290:B6
Invalid operation
Invalid operation
Invalid operation
f124:txt:11
/f5/d166/f172/d289/d111/f284/n97/f102/d225/f124
Invalid operation
f124:ohr mdb9ohx zscv
f290:29 4A BF
Invalid operation
d277:u9-pxykf6yyxph_09cqt-p30pqvo0xwohe7ty5wmwmfvc6sxiiet1y5nn1qy39hcv1v02vxeloa sgry
Invalid operation
d116
d18
d223/
d225/
d277
f112
f277
f290
n107/
f290:00
/f5/d166/f172/d289/d111/f284/n97/f102/d277
d116
d18
d223/
d225/
d277
f112
f277
f290
n107/
d116
d18
d223/
d225/
d277
f112
f277
f290
n107/
f290:13 75 AD 29 4A BF 2B 7D 00
Invalid operation
d116
d18
d223/
d225/
d277
f174/
f277
f290
n107/
Invalid operation
Invalid operation
Invalid operation
d116
d18
d223/
d225/
d277
f174/
f277
f290
n107/
d116
d18
d212/
d223/
d225/
f174/
f277
f290
n107/
Invalid operation
Invalid operation
Invalid operation
d18:md:7
Invalid operation
f290:00 00 00 00 FF 6C 01
f290:97 A8 13 75 AD 29 4A BF 2B
Null
Invalid operation
f290:6C 01 38 00 5D 85 A9
Invalid operation
Invalid operation
/f5/d166/f172/d289/d111/f284/n97/f102/n107/d15
Invalid operation
Invalid operation
f290:A4 00 FF 6C 01 38 00 5D 85 A9
Invalid operation
d116
d137
d223/
d225/
d49/
f131/
f228
f248/
f25
f274
f94
n107/
n21/
Invalid operation
d116:4b52ugbsw2afxdwkl
d116
d137
d223/
d225/
d49/
f131/
f228
f248/
f25
f274
f94
n107/
n21/
d116
d137
d223/
d225/
d49/
f131/
f228
f248/
f274
f94
n107/
n21/
Invalid operation
d131/
d183
d6/
d68/
f102/
f175/
n97/
d131/
d183
d6/
d68/
f102/
f175/
n97/
d131/
d183
d6/
d68/
f102/
n97/
f22:xzw42dxnt6 d1-pvwk7
Invalid operation
Invalid operation
f107:1B B6 3E 5E 3D 26 1C C8 9D 00 00 00 00 00
Null
Invalid operation
Invalid operation
f284:dir:0
Invalid operation
/f5/d166/f172/d289/d111/f107
d107/
d111/
d49
f108
f231
f253/
d107/
d111/
d49
f108
f231
f253/
Invalid operation
/f5/d166/f172/d289/f108
d107/
d111/
d49
f108
f231
f253/
f108:f.73r9vxatekbdh6xg555ehr0t
d107/
d111/
d49
f108
f231
f253/
Null
f108:f.73r9vxatekbdh6xg555ehr0t
f108:f.73r9vxatekbdh6xg555ehr0t
Invalid operation
f108:26
d49:17
f231:12
Invalid operation
f201:49 F4 8D 03 2D 6D C2 38 20 31 B3 48
d107/
d111/
d247/
d49
f108
f231
f253/
n49/
d107:dir:0
Invalid operation
f108:29
d49:17
f231:12
f275:0
d49:f0s.hv4euj.zd_mg0
Invalid operation
d49:f0s.hv4euj.zd_mg0
f266:01 2C
Invalid operation
Null
d140
d156/
d217/
d261/
d289/
d42/
d54
f133
f140
f142
f168
f201
f234/
f290
f53/
f78
n44/
n45
n84
d140
d156/
d217/
d261/
d289/
d42/
d54
f133
f140
f142
f168
f201
f234/
f290
f53/
f78
n44/
n45
n84
d137
d139
d140
d145/
d149
d159/
d179/
d201
d247/
d251/
d259
d28/
d293/
d296
d38/
d4/
d57
d58
f103
f109/
f130
f132/
f137/
f144
f149/
f151
f159
f172/
f173/
f203
f238
f243/
f249
f25
f26
f3
f33/
f52/
f69/
f73
f74/
f79/
f81
f85
f88
n100
n50
n51
n55
n60/
n77
n88
f238:200
n50:43
d137:13
f73:13
f111:E1 FF
f111
f273
n101
/f5/d166/f137/f111
Invalid operation
f111
f273
n101
f111:CE
f111
f273
n101
f238:0mxc8x13wqs-9zxxcyv-i6jw_yjzz032x65a3wy7axkxp e_97kpdz87q-chwz2m7p.xe629.sxyll1u77lh6yaqfu3j308kkinlc0n6glp.6hx5r81059ge01_fqxx-1 my132o_cgqkhy45i4nugpk9vmxf-vkk5xyj78igd225_vl4346r_nj4lkrq9l-xxq695ub
n50:22 61 AD 6D E4 ED A9 A8 13 43 C1 84 AD 6F 3C CA F6 C5 72
Invalid operation
Invalid operation
Invalid operation
f83:80 FB
f83:A3
Invalid operation
Invalid operation
Invalid operation
d137
d139
d140
d145/
d149
d159/
d179/
d186/
d201
d247/
d251/
d259
d28/
d293/
d296
d38/
d4/
d57
d58
f103
f109/
f130
f132/
f137/
f144
f149/
f151
f159
f172/
f173/
f203
f238
f243/
f249
f25
f251/
f26
f3
f33/
f52/
f69/
f73
f74/
f79/
f81
f85
f88
n100
n50
n51
n55
n60/
n77
n88
d137
d139
d140
d145/
d149
d152
d159/
d179/
d186/
d201
d21/
d247/
d251/
d259
d28/
d293/
d296
d38/
d4/
d57
d58
f109/
f130
f132/
f137/
f144
f149/
f151
f159
f172/
f173/
f203
f238
f243/
f249
f25
f251/
f26
f3
f33/
f52/
f69/
f73
f74/
f79/
f81
f85
f88
n100
n50
n51
n55
n60/
n77
n88
n50:EA 22 61 AD 6D E4 ED A9 A8 13 43 C1 84 AD 6F 3C CA F6 C5
n50:A9
d147:fto id
Invalid operation
d26/
d92
f221/
Invalid operation
f242:A1
f242
Invalid operation
d26/
f113
f293/
f36/
Invalid operation
Invalid operation
Invalid operation
Invalid operation
f226:8
d3:6
f113:5
f234:4
n50:ED 40 41 27 EA 22 61 AD 6D
Invalid operation
/f5/d166/d28/f26/f89
f89:h35fl2u04gfi
Invalid operation
f113:cb5sx09a-n0ddt5bdr-_
f82:7F
/f5/d166/d28/f26/f82
Invalid operation
Invalid operation
Invalid operation
Invalid operation
/f5/d166/d28/f26/f82
f82:37 C2 E5 ED
d259
d62/
f138
f82
Invalid operation
n57:13
f82:8
f138:1
d259:0
Invalid operation
d130/
d259
d62/
f138
f82
n39/
n57
Invalid operation
Invalid operation
/f5/d166/d28/f26/f82
f82:E5 ED 25
d10
d130/
d259
d62/
f138
f82
n39/
n57
Invalid operation
d10
d130/
d259
d260/
d62/
f138
f82
n39/
n57
d62:dir:0
Null
d10
d130/
d248
d259
d62/
f112
f138
f82
n39/
n57
d10
d130/
d248
d259
d62/
f112
f138
f82
n39/
n57
d62:dir:0
d1/
d130/
d156/
d208
d248
d259
d290
d292
d62/
d69
d79/
d97/
f112
f138
f21
f47
f72/
f82
n21/
n39/
n4/
n57
Invalid operation
Invalid operation
Invalid operation
Invalid operation
Invalid operation
d1/
d130/
d156/
d208
d248
d259
d290
d292
d62/
d69
d79/
d97/
f112
f127
f138
f21
f274
f47
f72/
f82
n21/
n39/
n4/
n57
f82:37 C2
Invalid operation
d1/
d130/
d156/
d208
d248
d259
d290
d292
d51
d62/
d69
d79/
d97/
f112
f127
f138
f21
f274
f47
f72/
f82
n21/
n39/
n4/
n57
Invalid operation
Invalid operation
d1/
d130/
d156/
d173
d208
d248
d259
d290
d292
d51
d62/
d69
d79/
d97/
f112
f127
f138
f21
f274
f47
f72/
f77
f82
n21/
n39/
n4/
n57
d1/
d130/
d156/
d173
d208
d248
d259
d290
d292
d51
d62/
d69
d72
d79/
d97/
f112
f127
f138
f181/
f21
f274
f47
f72/
f77
f82
n21/
n39/
n4/
n57
d1/
d130/
d173
d208
d248
d259
d290
d292
d51
d62/
d69
d72
d79/
d97/
f112
f127
f138
f181/
f21
f274
f47
f72/
f77
f82
n21/
n39/
n4/
n57
Invalid operation
/f5/d166/d28/f26/f82
Null
Invalid operation
d158/
f109/
Null
/f5/d166/d28/f26/n21/d161
Invalid operation
Invalid operation
d158:dir:0
Invalid operation
d126/
d158/
d238/
Null
Invalid operation
n50:09
Invalid operation
d168/
d26/
d3
d92/
f113
f141/
f19/
f234
f26/
f36/
/f5/d166/d28/f113
Invalid operation
f113:cb5sx09a-n0ddt5bdr-_
Invalid operation
f113:cb5sx09a-n0ddt5bdr-_
f147/
n50:A9 A8 13 43 C1 84 AD 6F 3C CA F6 C5 72 A8 1B BB 09
Invalid operation
d173
f147/
f214
f92/
Invalid operation
/f5/d166/d28/d168/d173
d173:25
f214:11
/f5/d166/d28/d168/d173
d173:txt:25
Invalid operation
d173:txt:25
Invalid operation
f113:26
d3:6
f234:4
Invalid operation
/f5/d166/d28/f113
d168/
d198
d26/
d92/
f113
f134/
f141/
f234
f26/
f36/
n7/
n70/
d168/
d198
d26/
d92/
f113
f134/
f141/
f234
f26/
f36/
n7/
n70/
d168/
d198
d26/
d92/
f134/
f141/
f225
f234
f26/
f36/
n7/
n70/
f111
n101
f111
n101
Invalid operation
n50:31 8A CA F6 C5 72 A8 1B BB 67 3E
d138/
d278/
f203/
f69
n101
f78
d278/
f203/
f69
n101
n101:40
f69:16
Invalid operation
d147
n101:1gwghfe3xg5v ywc8hnqk7-8lx85e91-h-6j nrs4f6uf.d5pma8kyxpdagd0s.w
Invalid operation
d147
f7:70 2D
d1:4
d147:3
Invalid operation
f7:00 3C 70 00 00 00
Invalid operation
f238:md:217
n50:27 B4 1F 43 CA 69 70 A5 C8 87 23 5F F6 48
Null
/f5/d166/f238
d122/
d137
d139
d140
d145/
d149
d152
d159/
d179/
d186/
d201
d21/
d247/
d251/
d259
d278/
d28/
d293/
d296
d38/
d57
d58
f109/
f130
f132/
f137/
f144
f147
f149/
f151
f159
f172/
f173/
f238
f243/
f246
f249
f25
f251/
f26
f260
f3
f33/
f52/
f69/
f73
f74/
f79/
f81
f85
f88
n100
n50
n51
n55
n60/
n77
n88
Invalid operation
Invalid operation
Null
f232:00 00 00 C7 6D 95 32 BE 0F 64 1A C8 27
d116
d136
d166/
d178/
d179
d201/
d205
d226
d246
d260/
d269
d290
f129
f131/
f143
f149/
f218
f224/
f232
f233
f236/
f24/
f293/
f88
n13/
n53/
d116
d136
d166/
d178/
d179
d201/
d205
d226
d246
d260/
d269
d290
f129
f131/
f143
f149/
f218
f224/
f232
f233
f236/
f24/
f293/
f88
n13/
n53/
Invalid operation
Invalid operation
d205:dir:0
d49:_odrsx1a7dgmfxgo0o86yae
d205:dir:0
Invalid operation
d116
d136
d166/
d178/
d179
d201/
d205
d226
d246
d260/
d269
d290
f129
f131/
f143
f149/
f218
f224/
f232
f233
f236/
f24/
f293/
f88
n13/
n53/
Invalid operation
Invalid operation
Invalid operation
Invalid operation
d1/
d105/
d109
d12/
d135/
d141
d149/
d163/
d168/
d17/
d185
d21/
d221/
d245
d275
d276
d280/
d290/
d70/
d78/
f0/
f111/
f129/
f143
f153
f175/
f185/
f188
f205/
f208
f219/
f226/
f236/
f239
f24/
f240/
f246/
f254
f256/
f267
f27
f283/
f294/
f40
f5/
f56/
f60/
f61/
f63/
f76/
n105/
n22/
n27
n31
n48
n58/
n64/
n74/
n86/
n88/
d245:34 17 BC F2 47 97 AD 76 FF C9 41
Invalid operation
d1/
d105/
d109
d12/
d135/
d141
d149/
d163/
d168/
d17/
d185
d21/
d221/
d245
d275
d276
d280/
d290/
d70/
d78/
f0/
f111/
f129/
f143
f153
f175/
f185/
f188
f205/
f208
f219/
f226/
f236/
f239
f24/
f240/
f246/
f254
f256/
f267
f27
f283/
f294/
f40
f5/
f56/
f60/
f61/
f63/
f76/
n105/
n22/
n27
n31
n48
n58/
n64/
n74/
n86/
n88/
d245:24
d275:15
f27:12
d245:24
d275:15
f27:12
d245:24
d275:15
f27:12
Invalid operation
Invalid operation
f5:dir:0
Invalid operation
d1/
d105/
d109
d12/
d135/
d141
d149/
d163/
d168/
d17/
d185
d21/
d221/
d245
d275
d276
d280/
d290/
d70/
d78/
f0/
f111/
f129/
f143
f153
f175/
f185/
f188
f205/
f208
f219/
f226/
f236/
f239
f24/
f240/
f246/
f254
f256/
f267
f27
f283/
f294/
f40
f5/
f56/
f60/
f61/
f63/
f76/
n105/
n22/
n27
n31
n48
n58/
n64/
n74/
n86/
n88/
d1/
d105/
d109
d12/
d135/
d141
d149/
d163/
d168/
d17/
d185
d21/
d221/
d245
d275
d276
d280/
d290/
d70/
d78/
f0/
f111/
f129/
f143
f153
f175/
f185/
f188
f205/
f208
f219/
f226/
f236/
f239
f24/
f240/
f246/
f254
f256/
f267
f27
f283/
f294/
f40
f5/
f56/
f60/
f61/
f63/
f76/
n105/
n22/
n27
n31
n48
n58/
n64/
n74/
n86/
n88/
d245:23
d275:15
f27:12
Invalid operation
f5:dir:0
d1/
d105/
d109
d12/
d135/
d141
d149/
d163/
d168/
d17/
d185
d21/
d221/
d245
d275
d276
d280/
d290/
d70/
d78/
f0/
f111/
f129/
f143
f153
f175/
f185/
f188
f205/
f208
f219/
f226/
f236/
f239
f24/
f240/
f246/
f254
f256/
f267
f27
f283/
f294/
f40
f5/
f56/
f60/
f61/
f63/
f76/
n105/
n22/
n27
n31
n48
n58/
n64/
n74/
n86/
n88/
Invalid operation
d245:25
d109:16
d275:15
d245:25
d109:16
d275:15
d1/
d105/
d109
d12/
d135/
d141
d149/
d163/
d168/
d17/
d185
d21/
d221/
d245
d275
d276
d280/
d290/
d70/
d78/
f0/
f111/
f129/
f143
f153
f175/
f185/
f188
f205/
f208
f219/
f226/
f236/
f239
f24/
f240/
f246/
f254
f256/
f267
f27
f283/
f294/
f40
f5/
f56/
f60/
f61/
f63/
f76/
n105/
n22/
n27
n31
n48
n58/
n64/
n74/
n86/
n88/
d245:25
d109:16
d275:15
d245:25
d109:16
d275:15
Invalid operation
Invalid operation
Invalid operation
d1/
d105/
d109
d12/
d135/
d141
d149/
d163/
d168/
d17/
d185
d21/
d221/
d245
d275
d276
d280/
d290/
d70/
d78/
f0/
f111/
f129/
f143
f153
f175/
f185/
f188
f205/
f208
f219/
f226/
f236/
f239
f24/
f240/
f246/
f254
f256/
f267
f27
f283/
f294/
f40
f5/
f56/
f60/
f61/
f63/
f76/
n105/
n22/
n27
n31
n48
n58/
n64/
n74/
n86/
n88/
f5:dir:0
d109:xllqu2qzla38shim
/n31
f298/
f298/
Invalid operation
d162
d296
f298/
d296:33
Invalid operation
/f175/d296
d296:CC C2 D9 00
d162
d296
f197/
f263
f298/
d162
d296
f197/
f263
f298/
d296
f197/
f263
f286
f298/
Invalid operation
Invalid operation
d296:00
d215/
d296
f161
f197/
f286
f298/
n62/
f298:dir:0
f298:dir:0
Invalid operation
/f175/d296
d296:19
f60:13
f286:6
d61:0
Invalid operation
d186/
d215/
d296
d61
f119/
f197/
f217
f243
f286
f29
f298/
n0/
n62/
d186/
d215/
d296
d61
f119/
f197/
f217
f243
f286
f29
f298/
n0/
n62/
d186/
d215/
d296
d61
f119/
f197/
f217
f243
f286
f29
f298/
n0/
n62/
d164
d186/
d215/
d296
d61
f119/
f197/
f217
f243
f286
f29
f298/
n0/
n62/
Invalid operation
Invalid operation
Invalid operation
Invalid operation
Invalid operation
/f175/d296
Invalid operation
f5:dir:0
d245:29
d109:17
d275:15
Null
d1/
d105/
d109
d12/
d135/
d141
d149/
d163/
d168/
d17/
d185
d21/
d221/
d245
d275
d276
d280/
d290/
d70/
d78/
f0/
f111/
f129/
f143
f153
f175/
f185/
f188
f205/
f208
f219/
f226/
f236/
f239
f24/
f240/
f246/
f254
f256/
f267
f27
f283/
f294/
f40
f5/
f56/
f60/
f61/
f63/
f76/
n105/
n22/
n27
n31
n48
n58/
n64/
n74/
n86/
n88/
Invalid operation
d245:29
d109:18
d275:15
Invalid operation
f5:dir:0
d1/
d105/
d109
d12/
d135/
d141
d149/
d163/
d168/
d17/
d185
d21/
d221/
d245
d275
d276
d280/
d290/
d70/
d78/
f0/
f111/
f129/
f143
f153
f175/
f185/
f188
f205/
f208
f219/
f226/
f236/
f239
f24/
f240/
f246/
f254
f256/
f267
f27
f283/
f294/
f40
f5/
f56/
f60/
f61/
f63/
f76/
n105/
n22/
n27
n31
n48
n58/
n64/
n74/
n86/
n88/
d245:27
d109:18
d275:15
d245:AD 76 FF C9 31 6B 02 D6 D3 5B 97
d245:27
d109:18
d275:15
d144/
d163/
d225/
d240/
d81/
d92
d95/
f108
f229
f281
f290
n10/
Invalid operation
d142
d253/
Invalid operation
f174:00 C7 72 89
d209/
d245/
d67
f174
f222/
f91/
n109
n11
n111/
n34
n8
d209/
d245/
d26/
d67
f174
f222/
f91/
n109
n11
n111/
n34
n8
Invalid operation
d209/
d245/
d67
f174
f222/
f91/
n11
n111/
n34
n8
n11:44
d67:14
n34:14
f174:11
f259:0
n8:0
/d21/n10/d253/n11
Invalid operation
d182/
d182/
f286
/d21/n10/d253/n111/f286
d182:dir:0
d182:dir:0
f174:00 C7 72 89
Invalid operation
/d21/n10/d253/n111/f286
n11:90n-f1j6-kpxozel5jftdi5148ugg5kxx 1vvh4s2wrc6.e yec62ucxb
f229:0D 0C E7 7F 74 45 CE D1
d232/
d245/
d266
d67
d75/
f222/
f91/
n11
n111/
n34
n8
n11:90n-f1j6-kpxozel5jftdi5148ugg5kxx 1vvh4s2wrc6.e yec62ucxbpgzaosfcil-l-pned
/d21/n10/d253/n11
f229:CF
Invalid operation
n11:txt:84
f229:97 72 C4 40 5A 4E 00 48 16 EC 9E 6D
d93:dir:0
Invalid operation
f110
f110:31inpi0nqol0evo3a
Null
d232/
d245/
d266
d67
d75/
f134/
f154
f222/
f91/
n11
n111/
n19
n76/
n8
n81/
Invalid operation
n11:txt:86
n11:90n-f1j6-kpxozel5jftdi5148ugg5kxx 1vvh4s2wrc6.e yec62ucxbpgzaosfcil-l-pnedaoinfq-.05uw
f229:4E 00 48 16 EC 9E 6D 67 98 3C CA 4D
Null
Invalid operation
f286:2xvx7a89s3c.0bnv4aj2n.j0
Invalid operation
Invalid operation
Invalid operation
Null
Invalid operation
d232/
d245/
d266
d67
d75/
f134/
f154
f222/
f91/
n11
n111/
n19
n8
n81/
f229:4D D6 C0 00
d145
d253/
d97
f217
n20
n61/
d253:dir:0
f229:00
Invalid operation
d262:dir:0
f142:
Invalid operation
f142:xa_oyvaf7d39
Invalid operation
f164/
n0:5
d233/
f164/
f205/
n0
n0:13
Invalid operation
n0:bin:12
Invalid operation
Invalid operation
Invalid operation
Null
n0:bin:12
Invalid operation
Invalid operation
d105
d276/
f174
n0
n100/
Invalid operation
Invalid operation
Invalid operation
n0:5C
Invalid operation
/d21/n10/n61/d118/n100/d244
/d21/n10/n61/d118/n100/d244
d244:txt:12
Invalid operation
/d21/n10/n61/d118/n0
Invalid operation
Invalid operation
Null
Invalid operation
Invalid operation
Invalid operation
Invalid operation
Invalid operation
Invalid operation
d105
d219
d276/
f101/
f113
f174
f278
n0
n100/
n112/
n72
f142:22
Invalid operation
f142:xa_oyvaf7d39.7idba y3x
d118/
d91/
Invalid operation
Invalid operation
Invalid operation
d118/
d91/
f70
n5
f229:57 F1 77 42 E7 7F 74 45 E5 D1 15 0F 31 FB B1 64 0A 5D 00 48 16 EC B0 E1 5E 98 3C CA 4D D6 C0 00 C8 CF 16 69
f70:w6ygckj-t
Invalid operation
d91:dir:0
d118/
d91/
f158
f70
n5
Invalid operation
d118/
d91/
f118
f27/
f70
n5
f70:w6ygckj-t.cfwnwi.d3tbvk
Invalid operation
Invalid operation
Invalid operation
Invalid operation
Invalid operation
Invalid operation
n41:inl8j0mxwo9hni
f235:dir:0
n41:inl8j0mxwo9hnimzbarphzj__emc.fyxcme
d261:C3 CD
f235:dir:0
f106
f106
f106:fghu3 8h6mlk
Invalid operation
/d21/n10/n61/d91/n41
d261:84 8F C3 CD
Invalid operation
/d21/n10/d97
d97:0n.xwedmvwyruk8s-drgfrl_nh
d110:00 3C 76 F3 90 E7
Invalid operation
Invalid operation
Invalid operation
d144/
d163/
d225/
d240/
d81/
d92
d95/
f108
f229
f281
f290
n10/
d144/
d163/
d17
d225/
d231/
d240/
d81/
d92
d95/
f108
f229
f281
f290
f63/
n10/
n101/
d144/
d163/
d17
d225/
d231/
d240/
d81/
d92
d95/
f108
f229
f281
f290
f63/
n10/
n101/
Invalid operation
Invalid operation
f229:51
f281:17
d17:14
f108:14
f149:11
d92:6
f229:bin:51
Invalid operation
d141/
Invalid operation
d141/
d141/
n65
d141/
f114/
n44/
n65
n65:
Invalid operation
d144/
d163/
d17
d225/
d231/
d240/
d265
d81/
d92
d95/
f108
f149
f229
f281
f290
f63/
n10/
n112/
n18/
n91/
f229:81
Invalid operation
/d109
d245:27
d109:18
d275:15
d109:xllqu2qzla38shimxx
Invalid operation
d1/
d105/
d109
d12/
d135/
d141
d149/
d163/
d168/
d17/
d185
d21/
d221/
d245
d275
d276
d280/
d290/
d70/
d78/
f0/
f111/
f129/
f143
f153
f175/
f185/
f188
f205/
f208
f219/
f226/
f236/
f239
f24/
f240/
f246/
f254
f256/
f267
f27
f283/
f294/
f40
f5/
f56/
f60/
f61/
f63/
f76/
n105/
n22/
n27
n31
n48
n58/
n74/
n86/
n88/
f236
f282
f45
f6
f97/
n34/
f236
f282
f45
f6
f97/
n34/
Invalid operation
Invalid operation
Invalid operation
f233
f236
f282
f45
f6
f97/
n34/
f233
f236
f282
f45
f6
f97/
n34/
d280
f176
f233
f236
f282
f45
f6
f97/
n34/
f15:8paf
f15:21
d215:15
d20/
d215
f15
n12/
d122
d20/
d215
f112
f15
f79/
n12/
f15:40
d122:1
f92:1
f112:0
Invalid operation
d122
d20/
f112
f15
f79/
n12/
f233:04 E3 88 6D 9E 06
d122
d173
f112
f148
f15
f201
f79/
n12/
f233:6D
Null
d122
f112
f148
f15
f201
f3
f79/
n62
n88
n94
f15:8paf 1h_wuxl5gycbz _sx1f.pr8un8pmgn0z85xbq2..qxf6u_u3t
f186/
n118/
f186/
n118/
/f188
Invalid operation
Invalid operation
f176
f236
f282
f45
f6
f86
f97/
n34/
Invalid operation
d153
d2
f135
f190
f208
f33/
f4
d153
d166
d2
d73/
f135
f190
f208
f33/
f4
Invalid operation
n88:00 C6 C5 CA 00 00 00 00 CE 59 71 8B AC
f15:8paf 1h_wuxl5gycbz _sx1f.pr8un8pmgn0z85xbq2..qxf6u_u3tze3o0aeofyza5oxonb8g.q-x8qr249i8y9w6l0 kf7
f15:txt:96
Invalid operation
Invalid operation
f15:8paf 1h_wuxl5gycbz _sx1f.pr8un8pmgn0z85xbq2..qxf6u_u3tze3o0aeofyza5oxonb8g.q-x8qr249i8y9w6l0 kf71ky5ezqmljou_.f-
f6:md:48
d139
d179
d98
f176
f236
f282
f45
f6
f86
f97/
f98
n34/
Invalid operation
d139
d179
d98
f176
f236
f282
f45
f6
f86
f97/
f98
n34/
d139
d179
d98
f171
f176
f236
f282
f45
f50
f6
f86
f97/
f98
n34/
n90/
d139
d179
d98
f171
f176
f236
f282
f45
f50
f6
f86
f97/
n34/
n90/
d245:31 3B 8E 7B A0 8E 6C 10
Invalid operation
d245:35
d109:18
d275:15
Invalid operation
d245:38
d109:18
d275:15
d245:39
d109:18
d275:15
d109:xllqu2qzla38shimxx
d1/
d105/
d109
d12/
d135/
d141
d149/
d163/
d168/
d17/
d185
d21/
d221/
d245
d275
d276
d280/
d290/
d70/
d78/
d80/
f0/
f111/
f129/
f143
f153
f175/
f185/
f188
f205/
f208
f219/
f226/
f236/
f239
f24/
f240/
f246/
f254
f256/
f267
f27
f283/
f294/
f40
f5/
f56/
f60/
f61/
f63/
f76/
n105/
n22/
n27
n31
n48
n58/
n74/
n86/
n88/
d1/
d105/
d109
d12/
d135/
d141
d149/
d163/
d168/
d17/
d185
d21/
d221/
d245
d275
d276
d280/
d290/
d70/
d78/
d80/
f0/
f111/
f129/
f143
f153
f175/
f185/
f188
f205/
f208
f219/
f226/
f236/
f239
f24/
f240/
f246/
f254
f256/
f267
f27
f283/
f294/
f40
f5/
f56/
f60/
f61/
f63/
f76/
n105/
n22/
n27
n31
n48
n58/
n74/
n86/
n88/
Invalid operation
d1/
d105/
d109
d12/
d135/
d141
d149/
d163/
d168/
d17/
d185
d21/
d221/
d245
d275
d276
d280/
d290/
d70/
d78/
d80/
f0/
f111/
f129/
f143
f153
f175/
f185/
f188
f205/
f208
f219/
f226/
f236/
f239
f24/
f240/
f246/
f254
f256/
f267
f27
f283/
f294/
f40
f5/
f56/
f60/
f61/
f63/
f76/
n105/
n22/
n27
n31
n48
n58/
n74/
n86/
n88/
Invalid operation
d245:39
d109:18
d275:15
d245:39
d109:18
d275:15
Invalid operation
Null
d11/
d180
d230/
d258
d33/
f125
f151
f175
f215
n79
n98
d268/
n0/
d122
d268/
n0/
n0:dir:0
Invalid operation
Invalid operation
Null
d122
d268/
f183/
f215:v4fomrp_eku3djph5t7s6wulvo26l.
d144/
d180
d230/
d258
d33/
f125
f151
f215
n79
n98
d230:dir:0
Invalid operation
f215:v4fomrp_eku3djph5t7s6wulvo26l.
d144/
d180
d230/
d258
d33/
f125
f151
f215
f260
f9
n79
n98
d230:dir:0
Invalid operation
Invalid operation
d245:39
d109:18
d275:15
d245:39
d109:18
d275:15
d245:B6 E1 F3 C0 5F 21 17 18 00 00 6E 22 F6
d245:39
d109:18
d275:15
d245:39
d109:18
d275:15
d245:39
d109:18
d275:15
d258:F0 99 DF 1A 44 8C 00 00
/f236/f215
/f236/f215
d258:20 B2 E8
d268:dir:0
Invalid operation
Invalid operation
Invalid operation
d268:dir:0
Invalid operation
Invalid operation
d263
n13/
n19
Null
d122
d268/
d122
d268/
d122:69 8B
/f236/d33/d122
d122:60
Invalid operation
d122
d268/
f249/
Invalid operation
f137
n12:
n12:w4l6__.
f137
n20/
f137
n20/
Invalid operation
f137
n17
n20/
Invalid operation
f137:38
n17:8
Null
Null
f137:38
n17:8
Invalid operation
f137:39
n17:8
f128:7
n61:7
f137:9u64ay9ntdj lrz_y0z1x62k7hx381.-ux3-79x7rvy6mktm6.bcel.q5j-n
f137:md:60
Invalid operation
Invalid operation
Invalid operation
d122:BB 4C 4D 8A F8 92 3F 71 FE B4 66 00 D8 29 CE 6E 64
n19:10
d263:3
n55:1
d168:0
n6:17
Null
Null
Invalid operation
/f236/d33/d268/d263
d34/
d263:n7uzdnk-mlh.jes.y 0webme
Invalid operation
Invalid operation
Invalid operation
d263:24
n6:17
n21:16
n19:10
d168
d263
f104/
n13/
n19
n21
n55
n13:dir:0
d263:n7uzdnk-mlh.jes.y 0webme
d263:25
n21:16
n19:10
Invalid operation
Null
Invalid operation
Invalid operation
Invalid operation
d263
f104/
n13/
n55
/f236/d33/d268/n55
d158
d250
d98
f104/
f263/
f297/
f38
f99
n1/
n13/
n55
n63
Invalid operation
d142
d34/
f287/
n100/
n85/
d142
d215
d34/
d86
f287/
n100/
n85/
Invalid operation
Invalid operation
Invalid operation
n17/
n17:dir:0
Invalid operation
d159
d204/
n17/
Invalid operation
f114:16
d28:txt:11
d88:AA 11 6E
d28:l9eyi2j187x
Invalid operation
d266
d28
f144
f207/
n41/
n57/
d210
d26/
d266
d28
f144
f147/
f207/
n41/
n57/
d88:36 6B 2F 00 AA 11 6E 6E D6 D8 77 5E A5 B2 90 F8 B3
d28:l9eyi2j187xxx
/f236/d33/d268/f104/f287/n110/d28
d210
d266
d28
f144
f147/
f207/
n41/
n43
n57/
d28:l9eyi2j187xxx
d28:txt:21
Invalid operation
d210
d266
d28
f144
f147/
f207/
n41/
n43
n57/
Invalid operation
d186
Invalid operation
Invalid operation
d88:AA 48 E6 76
f114:qw1igyni7ls.yvp5nu4mb5lmyx
Invalid operation
f114:md:34
Invalid operation
Invalid operation
Invalid operation
d178:txt:0
d97:2
d178:0
/f236/d33/d268/f104/f287/d46/n113/d178
Invalid operation
d178:i3egmw058bc
Invalid operation
d265:20 52 86 00 00
d265:23 20 52 86
d9/
d66
d9/
d95/
f248/
d9:dir:0
d66:5
Invalid operation
d66
d9/
d95/
f248/
n83
d66
d9/
d95/
f248/
n83
Invalid operation
Invalid operation
f199:7
Invalid operation
d66:11
n83:7
d253:2
d253
d66
d9/
f248/
n83
f199
/f236/d33/d268/f104/f287/d46/n113/f172/d66
d66:8E B0 4F 39 41
d66:A0 00 8E
d253
d66
d9/
f248/
n83
Invalid operation
Invalid operation
Invalid operation
Invalid operation
f159
f159:3
f266:0
d9:dir:0
Invalid operation
Invalid operation
d66
d9/
f248/
f258
n83
Invalid operation
d66:16
n83:7
f258:6
Invalid operation
d66:00
Invalid operation
d66
d9/
f248/
f258
n83
Null
Invalid operation
d66
d9/
f248/
f258
n83
d124/
d66
d9/
f248/
f258
d124/
d66
d9/
f248/
f258
Invalid operation
Invalid operation
f72
n67
n48
n67
Invalid operation
n67:12
n48:0
Invalid operation
/f236/d33/d268/f104/f287/d46/n113/d265
Invalid operation
Invalid operation
d66:0D 4E 67 C7 00
/f236/d33/d268/f104/f287/d46/n113/f172/d66
d108
f17/
f17/
Invalid operation
/f236/d33/d268/f104/f287/d46/n113/f172/d66
d144/
f17/
n90/
Invalid operation
d66:00 8E FF 5A 6C EC 93 39
Invalid operation
Invalid operation
d103/
d124/
d190/
d299
d66
d9/
f146/
f174/
f248/
f258
f267/
f58
d88:48 E6 76 DA D8 77 1E A5 B2
d178
f172/
f299/
n16/
d178
f172/
f299/
n16/
d178
f172/
f299/
f87
n16/
d178
f172/
f299/
f87
n16/
d132/
d178
f172/
f299/
f87
n16/
d178:i3egmw058bcdw1vc93.0tk992w2nkqfd t8j5
d178
d198
d246
d78/
f172/
f204
f272/
f299/
f87
f93/
n16/
d178
d198
d246
d78/
f172/
f272/
f299/
f87
n16/
n87/
d178:37
f87:9
d198:1
f264:96 2B A2
d178:txt:37
d178
d198
d214
d246
d78/
f172/
f264
f272/
f299/
f87
n16/
n61/
n87/
d178:i3egmw058bcdw1vc93.0tk992w2nkqfd t8j5j2z83akbq0xuzegd7sq01hs
Invalid operation
d198:f
Invalid operation
Invalid operation
Invalid operation
f147/
Invalid operation
d198:f7zog aofg1s4oc2s11gk .1.tu3aujmtfe2k8u2k hhvdw8xx
f264:00 00 BD
Invalid operation
d142
d7/
f110
f22/
Invalid operation
f264:DB 00 6B
d142:txt:28
Invalid operation
f185/
d3
f185/
d3:8w
d3:8w
Invalid operation
d203/
d3
d91/
f185/
f252
d3:8w
d203/
d3
d91/
f185/
f252
f87
n106/
Invalid operation
Invalid operation
d203/
d3
f185/
f87
n106/
d185/
d196
d203/
d3
f185/
f87
n106/
d3:8w
Invalid operation
Invalid operation
Invalid operation
d3:8w
d196
d203/
d3
d54
d87/
f185/
f253
f87
n106/
d127/
d281
f147/
f229/
Invalid operation
/f236/d33/d268/f104/f287/d46/n113/d198
Invalid operation
n56
/f236/d33/d268/f104/f287/d46/n113/n87/d127/n56
n56
Invalid operation
n94
f147:dir:0
Invalid operation
d198:f7zog aofg1s4oc2s11gk .1.tu3aujmtfe2k8u2k hhvdw8xx6gbsgc390e28q
f185:dir:0
f185:dir:0
f121
f295
f72
d54:5
d3:3
f87:2
f253:1
d196:0
f161:0
Invalid operation
Invalid operation
f185:dir:0
Invalid operation
Invalid operation
d231
d99
f121
f295
f72
Invalid operation
Invalid operation
d99:12
f295:9
d120:7
d231:5
f121:0
f56:0
f72:0
Invalid operation
Invalid operation
Invalid operation
Invalid operation
d120
d99
f116
f121
f225/
f295
f49
f72
/f236/d33/d268/f104/f287/d46/n113/n87/f147/n106/f295
Invalid operation
d120
d99
f116
f121
f225/
f253/
f295
f49
f72
f98/
f295:F9 84 52 E3 67
Invalid operation
d196
d203/
d54
d87/
f161
f185/
f253
f87
n106/
Invalid operation
d142
d223/
d7/
f110
d142
d223/
d7/
f110
f87:00 00
Invalid operation
d196
d203/
d229/
d54
d87/
f161
f185/
f253
f87
n106/
Invalid operation
f87:1E
d196
d203/
d229/
d87/
f161
f185/
f253
f272/
n106/
/f236/d33/d268/f104/f287/d46/n113/n87/f147/d196
d196
d203/
d229/
d87/
f161
f185/
f272/
n106/
/f236/d33/d268/f104/f287/d46/n113/n87/f147/d196
Invalid operation
Invalid operation
f264:40 17 87 00 3C 56 55 DB 0B A1
d196
d203/
d229/
d231/
d278
d87/
f185/
f230/
f253
f272/
f62/
n106/
Invalid operation
f264:96
d43/
d51
f115/
f136
f157
f195/
f42
f99
f136: pj138tpzzyn4wo
Invalid operation
/f236/d33/d268/f104/f287/d46/n113/n87/d127/f136
Null
d154
d43/
d51
f115/
f136
f195/
f42
f99
/f236/d33/d268/f104/f287/d46/n113/n87/d127/f136
Invalid operation
Invalid operation
f264:6A B1 A7 B6
f136: pj138tpzzyn4woj1-7v__9.y2qqhz7-
d127
d128
d154
d232/
d43/
f115/
f136
f195/
f42
d127
d128
d154
d232/
d43/
d50
f115/
f136
f195/
f42
d127
d128
d154
d22
d232/
d43/
d50
d92/
f115/
f195/
f42
d43:dir:0
Invalid operation
d172:4D 2B 31 32 2A
f42:jo-07c oog
Invalid operation
Invalid operation
Invalid operation
f108/
f108:dir:0
f108:dir:0
d115
d127
d128
d154
d221
d297
d4
d50
d92/
f115/
f195/
f42
f74/
n119
Invalid operation
f61/
n13
Invalid operation
d86
f61/
n13
f61/
n13
n18
n13:2ffz2vc7q
f88
Invalid operation
n119:E5 E9 00
f61:dir:0
d235/
f220
f61/
n13
n18
n8/
f61:dir:0
d102
d231/
d235/
f220
f61/
n18
n8/
d102
d231/
d235/
f14
f61/
n8/
d115
d127
d128
d154
d221
d297
d4
d50
d92/
f115/
f195/
f42
f74/
n119
f115:dir:0
/f236/d33/d268/f104/f287/d46/n113/d198
d127/
f147/
Invalid operation
d127/
d226/
f147/
Invalid operation
Null
Null
f42:jo-07c oogxk7l8ts9x
d115
d127
d128
d154
d180/
d209
d221
d263
d297
d50
d92/
f161
f195/
f42
f74/
n119
n35
d127
d128
d154
d180/
d209
d221
d259
d263
d297
d50
d92/
f161
f195/
f42
f74/
n119
n35
d127
d128
d154
d180/
d209
d221
d259
d263
d297
d50
d92/
f161
f195/
f42
f74/
n119
n35
f195:dir:0
f195:dir:0
Invalid operation
n119:3D 98 84 C1 87 3A 2D A9
d189
f117/
f226
n119:C1 87 94 E2 77 00
n119:00
Invalid operation
Invalid operation
f195:dir:0
Invalid operation
/f236/d33/d268/f104/f287/d46/n113/n87/d127/f42
d127
d128
d154
d18/
d180/
d20
d209
d221
d263
d288
d297
d50
d92/
f161
f195/
f42
f74/
n119
f147:dir:0
d127/
d226/
f147/
f5
Null
Invalid operation
d198:f7zog aofg1s4oc2s11gk .1.tu3aujmtfe2k8u2k hhvdw8xx6gbsgc390e28q
f264:BF B1 A7 B6
f264:C5
f172:dir:0
f264:A5 89 65 00 00 46 A3 ED 40 8E 22
d137
d246
d258/
f115/
f166/
f172/
f229/
f262
f264
f299/
f87
n118
n16/
n87/
d246:
d246:
Invalid operation
d246:
f114:qw1igyni7ls.yvp5nu4mb5lmyxyr1ol vyx
Invalid operation
d142:00 00 BF
Invalid operation
d142:81 68
d123/
d142
d215
d263
d292
d34/
d38
d61/
d86
f172
f261
f287/
n100/
n108
d123/
d142
d215
d263
d292
d34/
d38
d61/
d86
f172
f261
f287/
n100/
n108
Invalid operation
Invalid operation
Invalid operation
Invalid operation
Invalid operation
Invalid operation
Invalid operation
d142:21
d292:17
f36:15
d263:14
f254:10
n108:10
Invalid operation
d142:75 53 EC EF 8C 03 A0 A1 9D 32 AA 92 29 28
Invalid operation
d123/
d142
d215
d263
d292
d34/
d38
d61/
d86
f254
f261
f287/
f36
n100/
n108
Invalid operation
Invalid operation
Invalid operation
Invalid operation
Invalid operation
f38:00 C1 C6 61
Invalid operation
d117
d242/
d288
f89/
f92/
/f236/d33/d268/n55
d76:txt:0
d256
d76
f38:D2 92 16 A8
d117
d22/
d242/
d252
d275
d288
f89/
Invalid operation
d288:yq 9gj5k hk
Invalid operation
Invalid operation
Invalid operation
f99:ags8m8-wg5r703e1qk
f38:2A
Invalid operation
f99:ags8m8-wg5r703e1qk
f99:30
d250:17
d158:11
f38:10
d153:9
d284:8
f38:C9
d1
d111/
d153
d158
d201
d250
d284
d287
d98
f104/
f108
f297/
f38
f43/
f99
n1/
n13/
n15/
n31/
n49/
n63
Invalid operation
/f236/d33/d268/f99
f99:30
d250:17
f38:17
d158:11
f99:ags8m8-wg5r703e1qkvn9889310ywtlrf1qynuwmq2
Invalid operation
f194:8ajs3y8_7
d1
d111/
d126
d153
d158
d201
d250
d284
d287
d98
f104/
f108
f135/
f297/
f299
f38
f43/
f99
n13/
n15/
n17/
n31/
n49/
n63
f99:52
f38:18
d250:17
d158:11
d153:9
d284:8
d1:6
d98:6
f14/
Invalid operation
Invalid operation
d288:yq 9gj5k hk6-q12ci5xq vahm_
d76:
d76:txt:0
d256
d76
n91/
Invalid operation
d22/
d275
d288
f89/
f38:00 48 6C DC 8E 7F
/f236/d33/d268/n15/d288
n6
f38:78
f38:81 12 D2 CC 26 0F 19 C9 C7 63
Invalid operation
Invalid operation
d145
d22/
d275
d288
f137
f297
f89/
d256
d76
f28
f3
n91/
f170
f3
f6
n91/
f137:9B 1E
f137:2F DF 3B B4 9B 1E
/f236/d33/d268/n15/f89/f3
f3:6zfw
d174
f170
f3
f37
f6
n91/
/f236/d33/d268/n15/d288
d145
d22/
d275
d288
f137
f170
f297
f89/
n66
d1
d111/
d126
d153
d158
d18
d189/
d201
d250
d284
d287
d98
f104/
f108
f135/
f229/
f297/
f299
f38
f43/
n13/
n15/
n17/
n31/
n49/
n63
/f236/d33/d268/f38
Invalid operation
d1
d111/
d126
d153
d158
d162
d18
d189/
d201
d250
d284
d287
d98
f104/
f108
f135/
f229/
f297/
f299
f38
f43/
n13/
n15/
n17/
n31/
n40/
n49/
n63
Invalid operation
n13:dir:0
Invalid operation
Invalid operation
Invalid operation
d1
d111/
d126
d153
d158
d162
d18
d189/
d201
d238
d250
d284
d287
d98
f104/
f108
f135/
f229/
f297/
f299
f38
f43/
f86/
n13/
n15/
n17/
n31/
n40/
n49/
n63
d1
d111/
d126
d153
d158
d162
d18
d189/
d201
d238
d250
d284
d287
d98
f104/
f108
f135/
f229/
f297/
f299
f38
f43/
f86/
n13/
n15/
n17/
n31/
n40/
n49/
n63
d1
d111/
d126
d153
d158
d162
d18
d189/
d238
d250
d284
d287
d98
f104/
f108
f12
f135/
f229/
f297/
f299
f38
f43/
f86/
n13/
n15/
n17/
n31/
n40/
n49/
n63
Invalid operation
/f236/d33/d268/f38
Invalid operation
Invalid operation
Invalid operation
Invalid operation
Invalid operation
f38:8E 7F 69 22 E1
f38:FD 46 90 38 8E BE 68 1D 42 C9 C7 63
Invalid operation
n13:dir:0
Invalid operation
d1
d111/
d126
d153
d158
d162
d169
d18
d189/
d221/
d227
d230
d238
d24
d250
d281
d283/
d284
d287
d98
f104/
f108
f12
f135/
f139
f174/
f229/
f297/
f299
f38
f43/
f49
f86/
n13/
n15/
n17/
n28/
n3
n31/
n40/
n63
n71
Invalid operation
Invalid operation
n13:dir:0
Invalid operation
d1
d111/
d126
d153
d158
d162
d169
d18
d189/
d221/
d227
d230
d238
d24
d250
d281
d283/
d284
d287
d98
f104/
f108
f12
f135/
f139
f174/
f229/
f246
f297/
f299
f38
f43/
f49
f86/
n13/
n15/
n17/
n28/
n3
n31/
n40/
n63
n71
/f236/d33/d268/f38
d1
d111/
d126
d153
d158
d169
d18
d189/
d221/
d227
d230
d238
d24
d250
d281
d283/
d284
d287
d98
f104/
f108
f12
f135/
f139
f174/
f229/
f246
f297/
f299
f38
f43/
f49
f86/
n13/
n15/
n17/
n28/
n3
n31/
n40/
n63
n71
Invalid operation
d1
d111/
d126
d153
d158
d169
d18
d189/
d221/
d227
d230
d238
d24
d250
d281
d283/
d284
d287
d98
f104/
f108
f12
f135/
f139
f174/
f229/
f246
f297/
f299
f38
f43/
f49
f86/
n13/
n15/
n17/
n28/
n3
n31/
n40/
n63
n71
Invalid operation
f38:02 8E 8B 0E AA AF
f195
Invalid operation
Invalid operation
d1
d100
d111/
d126
d153
d158
d169
d18
d189/
d221/
d227
d230
d238
d24
d250
d280
d281
d283/
d284
d287
d98
f104/
f108
f12
f135/
f139
f174/
f229/
f246
f297/
f299
f38
f43/
f86/
n13/
n15/
n17/
n28/
n3
n31/
n40/
n63
n71
d1
d100
d111/
d126
d153
d158
d169
d18
d189/
d221/
d227
d230
d238
d24
d250
d280
d281
d283/
d284
d287
d98
f104/
f108
f12
f135/
f139
f174/
f229/
f246
f297/
f299
f38
f43/
f86/
n13/
n15/
n17/
n28/
n3
n31/
n40/
n63
n71
n13:dir:0
n13:dir:0
Null
n13:dir:0
Invalid operation
Invalid operation
Invalid operation
Invalid operation
Invalid operation
n53
/f236/d33/d268/n13/n53
n53
Invalid operation
Invalid operation
n53
Invalid operation
/f236/d33/d268/f38
Invalid operation
Invalid operation
d1
d100
d111/
d126
d153
d158
d169
d18
d189/
d221/
d227
d230
d238
d24
d243
d250
d274
d280
d283/
d284
d287
d98
f104/
f108
f119
f12
f135/
f139
f183/
f21/
f229/
f246
f252
f297/
f299
f38
f4
f43/
f49
f86/
n111
n13/
n15/
n17/
n28/
n3
n31/
n40/
n63
n71
d1
d100
d111/
d126
d153
d158
d169
d18
d189/
d221/
d227
d230
d238
d24
d243
d250
d274
d280
d283/
d284
d287
d98
f104/
f108
f119
f12
f135/
f139
f183/
f21/
f229/
f246
f252
f297/
f299
f38
f4
f43/
f49
f86/
n111
n13/
n15/
n17/
n28/
n3
n31/
n40/
n63
n71
d1
d100
d111/
d126
d153
d158
d169
d18
d189/
d221/
d227
d230
d238
d24
d243
d250
d274
d280
d283/
d284
d287
d98
f104/
f108
f119
f12
f135/
f139
f183/
f21/
f229/
f246
f252
f297/
f299
f38
f4
f43/
f49
f86/
n111
n13/
n15/
n17/
n28/
n3
n31/
n40/
n63
n71
d70
Invalid operation
d70:md:8
/f236/d33/d268/d283/d113/d70
f212:15
d70:8
d148:7
d82:7
f81:0
f212:2C 99 B8 D2
Invalid operation
Invalid operation
d109
d293
Invalid operation
d109
d293
Invalid operation
Invalid operation
d160
d148
d285/
d40/
d70
d82
f212
f80
f81
n88/
f212:EF D2 2A BE 35 E0 D8 61
Invalid operation
f212:DC 43
Invalid operation
Invalid operation
f212:BE 35
f212:BE 35 E0 D8 C5
d70:5f6z1wsxvao---ezrgyak1bbzg
f212:C5 05 DC 43 E7 9C 6F
Invalid operation
Invalid operation
/f236/d33/d268/d283/d113/d40/d160
d160:1l-.kq3bf6
f212:43 E7 91 6F 00 BF 9A 00 00 80 5E 63
/f236/d33/d268/d283/d113/d40/d160
f212:05 DC
/f236/d33/d268/d283/d113/d40/d160
d160
d168
d198/
d288
d30
d39/
d85/
d88/
f45
n42
d160
d168
d198/
d288
d30
d39/
d85/
d88/
f9
n42
d115/
d160
d168
d198/
d288
d30
d39/
d85/
d88/
f164/
f47/
f9
n42
f212:63 00 B3 04 C7 04 EC 73
d115/
d160
d168
d198/
d24/
d288
d30
d39/
d85/
d88/
f164/
f9
n42
d115/
d160
d168
d198/
d24/
d288
d30
d39/
d85/
d88/
f164/
f9
n42
/f236/d33/d268/d283/d113/d40/d160
d115/
d160
d168
d198/
d24/
d288
d30
d39/
d85/
d88/
d96
f164/
f226/
n42
/f236/d33/d268/d283/d113/d70
/f236/d33/d268/d283/d113/d70
Invalid operation
Invalid operation
n34:DC 3D AB 23
Invalid operation
d1
d100
d111/
d126
d153
d158
d169
d18
d189/
d221/
d227
d230
d238
d24
d243
d250
d274
d280
d283/
d284
d287
d98
f104/
f108
f119
f12
f135/
f139
f183/
f21/
f229/
f246
f252
f297/
f299
f38
f4
f43/
f49
f86/
n111
n13/
n15/
n17/
n28/
n3
n31/
n40/
n63
n71
/f236/d33/d268/f38
Invalid operation
d123/
d142
d215
d263
d292
d34/
d38
d86
f254
f261
f287/
f36
n100/
n108
d142:bin:21
d142:29
d142:bin:21
Invalid operation
Invalid operation
Invalid operation
d123/
d142
d215
d242/
d263
d292
d34/
d38
d61/
d86
f254
f261
f279
f287/
f36
n100/
n108
d123/
d142
d215
d242/
d263
d292
d34/
d38
d61/
d86
f254
f261
f279
f287/
f36
n100/
n108
d123/
d142
d215
d242/
d263
d292
d34/
d38
d61/
d86
f254
f261
f279
f287/
f36
n100/
n108
/f236/d33/d268/f104/d142
d123/
d142
d215
d242/
d263
d292
d34/
d38
d61/
d86
f254
f261
f279
f287/
f36
n100/
n108
Invalid operation
Invalid operation
d123/
d142
d159
d215
d242/
d263
d292
d34/
d38
d86
f261
f279
f287/
f36
f96/
n100/
n108
Invalid operation
d123/
d142
d159
d215
d242/
d263
d292
d34/
d38
d86
f261
f279
f287/
f36
f96/
n100/
n108
Invalid operation
Invalid operation
d142:8C
Invalid operation
n62:2A
d67/
n31
n62
Invalid operation
Invalid operation
Invalid operation
d1/
d182
d67/
n62
d182:11
n62:5
n62:bin:4
d123/
d142
d159
d215
d242/
d263
d292
d34/
d38
d86
f261
f279
f287/
f36
f96/
n100/
n108
d142:bin:29
d123/
d142
d159
d215
d242/
d263
d292
d34/
d38
d86
f261
f279
f287/
f36
f96/
n100/
n108
/f236/d33/d268/f104/d142
n10/
d142:28 00 00
Invalid operation
d123/
d142
d159
d215
d242/
d263
d292
d34/
d38
d86
f261
f279
f287/
f36
f96/
n100/
n108
Invalid operation
Invalid operation
Invalid operation
Null
d142:27
d292:17
Invalid operation
Invalid operation
Invalid operation
/f236/d33/d268/f38
Invalid operation
f38:31
d250:17
d18:16
f12:16
d243:15
d158:11
n13:dir:0
f38:31
d250:17
d18:16
f12:16
d243:15
d158:11
d230:10
Invalid operation
Invalid operation
d1
d100
d110/
d111/
d126
d153
d158
d169
d18
d188/
d189/
d221/
d227
d237/
d238
d24
d243
d250
d274
d280
d283/
d284
d287
d46
f104/
f108
f119
f12
f135/
f139
f183/
f21/
f229/
f246
f252
f297/
f299
f38
f4
f43/
f49
f60
f72/
f86/
n102
n111
n13/
n15/
n17/
n28/
n3
n31/
n4/
n40/
n63
n71
/f236/d33/d122
Null
Null
d122:F5 A1 A3 14 CB 08 DE 9C 76 81
d122
d268/
d295
f218
f249/
f289
n50
d268:dir:0
d122
d268/
d295
f218
f249/
f289
n50
Invalid operation
d122
d268/
d295
f218
f249/
f289
n99/
Invalid operation
d268/
d295
f218
f249/
f289
n99/
Invalid operation
Invalid operation
Invalid operation
d268/
d295
f218
f249/
f289
n99/
d295:0
f218:0
f289:0
Invalid operation
Invalid operation
d15/
f261/
Invalid operation
/f236/d33/f218
Invalid operation
f261/
Invalid operation
Invalid operation
Invalid operation
d294/
f261/
d294/
f261/
Invalid operation
Null
Invalid operation
f30: 
Invalid operation
Invalid operation
n64:7
n64:A6 45
f101:15
n64:6
Invalid operation
n97:19 E6
/f236/d33/f251/d294/d246
d246
d250/
d246
d250/
f216
Invalid operation
/f236/d33/f251/d294/d246
d246:18
f216:14
d246:9fnxyc6.i.ki yx8q2
Invalid operation
Invalid operation
f218:00 00 0B 7B E3 5E 00 E9 4E A3 D7 00 19 04 53 49 AE
Invalid operation
Invalid operation
Invalid operation
Invalid operation
d140
d250/
d293/
f251/
f60
Invalid operation
/f236/d33/f218
Invalid operation
d132/
d294/
Invalid operation
Invalid operation
f218:93
d294/
d294/
f203
d294/
f203
Invalid operation
Invalid operation
d294/
d294/
Invalid operation
d294:dir:0
Invalid operation
Invalid operation
Invalid operation
Invalid operation
Invalid operation
d250:dir:0
Invalid operation
Invalid operation
d100
d111
d250/
d293/
f251/
f60
d137
d138
d294/
f142
f152
n58/
Invalid operation
Invalid operation
d100
d111
d250/
d293/
f140
f251/
f60
Invalid operation
f152:9aqm62by2lx9e
f152:13
d138:8
f142:6
d137:2
d137
d138
d294/
f142
f152
Invalid operation
Invalid operation
d294:dir:0
Invalid operation
d137
d138
d214/
d294/
f142
f152
d137
d138
d197
d214/
d294/
f152
f218:00 19 04 53
d118
d137
d138
d197
d214/
d294/
f128
f152
d118
d137
d138
d197
d214/
d294/
f128
f152
f218:D2
Invalid operation
Invalid operation
Invalid operation
Invalid operation
Null
d100
d111
d117/
d206/
d250/
d272/
d287
d293/
d5
d78/
f140
f158
f251/
f36
f60
d100
d111
d117/
d206/
d250/
d272/
d287
d293/
d5
d78/
f140
f251/
f36
f60
d111:0A CB
d111:F8 52 74
Null
d111:79 E1 BB 9B 57
Invalid operation
d100
d111
d117/
d206/
d220
d250/
d272/
d287
d293/
d5
d78/
f208
f251/
f36
f60
f75
d111:E1
d201:dir:0
Invalid operation
f206:bin:13
Invalid operation
Invalid operation
Invalid operation
f206:bin:14
d107/
f118/
f190/
f206
d107/
f118/
f190/
f206
f206:17
d92:q_llv
/f236/d33/f251/d294/d117/d107/d92
d290
d92
d92:5
d290:0
d92:5
d255
d290
d92
d255
d290
d92
d92:5
d290:2
d255:0
Invalid operation
d290:08
d274:txt:8
d111:79 E1 BB 9B 00 00 00 47 0A 4C
/f236/d33/f251/d294/d117/f118/f84
d54:11
f242:1
f258:0
Invalid operation
Null
Invalid operation
Invalid operation
d107/
d11/
f118/
/f236/d33/f251/d294/d100
d100:cn1h931x-m
Invalid operation
d107:dir:0
Invalid operation
d44:ci8
d44:ci8
Invalid operation
d107/
d11/
d158/
d207
d44
d63
f118/
f237
f48/
d106
d107/
d11/
d158/
d207
d44
d63
f118/
f237
f48/
Invalid operation
d44:ci8xz
Invalid operation
d111:D9 79 E1 BB 9B 64 00 00 47 BD BB 6F E7 0D A4 60 E1 D8 A0 8F 41
Null
d100
d111
d117/
d2
d206/
d220
d250/
d26/
d272/
d287
d293/
d78/
f208
f251/
f36
f60
f75
f78
n108/
n113/
d111:6F E7 0D A4 60
Invalid operation
d250:dir:0
d111:BB 6F E7 0D A4
d100:cn1h931x-mxxxx
Invalid operation
d100
d111
d117/
d2
d206/
d220
d250/
d252/
d26/
d272/
d287
d293/
d78/
f208
f251/
f60
f75
f78
n107/
n108/
n113/
n42
n46/
/f236/d33/f251/d294/d100
d24:vh0x.twe.ej7bp15g
d24
d24
/f236/d33/f251/d294/n107/d130
d130
d152
f108/
d130
d152
f108/
d130:0
f108:dir:0
d111:00 00 A3 A2 D8 0D 5E 39 BD 00 00
Invalid operation
d100
d111
d117/
d155
d2
d206/
d220
d250/
d252/
d26/
d272/
d287
d293/
d78/
f114/
f208
f251/
f60
f75
f78
n107/
n108/
n113/
n42
n46/
d100
d111
d117/
d155
d2
d206/
d220
d250/
d252/
d26/
d272/
d287
d293/
d78/
f114/
f208
f251/
f40/
f60
f75
f78
n107/
n108/
n113/
n17
n42
n46/
Invalid operation
d100:cn1h931x-mxxxxp..ejctdpfxwe2b8.x
Invalid operation
d100
d104
d111
d117/
d155
d2
d206/
d220
d250/
d252/
d26/
d272/
d287
d293/
d78/
f114/
f208
f251/
f295
f60
f75
f78
n107/
n108/
n113/
n42
n46/
Invalid operation
d100:cn1h931x-mxxxxp..ejctdpfxwe2b8.x
Invalid operation
Invalid operation
Invalid operation
d250:dir:0
Invalid operation
d100:cn1h931x-mxxxxp..ejctdpfxwe2b8.x
f9:dir:0
f23:blpfemlvxnlbi
Invalid operation
d269:9
d22:0
f134:0
f194:qfk64mu2f319b13xgsnm
f194:qfk64mu2f319b13xgsnm
d269:txt:9
d130:txt:12
d111:00 00
d130
d130
d144
d256
d144
d256
d164
d200/
d22
d269
d73
f51
d164
d200/
d22
d269
d73
f203/
f33/
f35/
f51
d164:00 00 DC 00 BD 11 41 1C 00
d164:41 1C 00 00 00 53
/f236/d33/f251/d294/f32/d62/d269
/f236/d33/f251/d294/f32/d62/d269
d164
d200/
d22
d269
d73
f203/
f33/
f35/
f38
f51
Invalid operation
d164:00 00 DC 00 BD 11 41 1C
d164:00
/f236/d33/f251/d294/f32/d62/d269
d111:84 7C 33
/f236/d33/f251/d294/f32/f194
f194:md:20
d164:EE
d164:78
Invalid operation
d136
d139/
d164
d200/
d22
d269
d73
f106/
f203/
f240
f245
f33/
f38
f51
f9
f94/
f95/
n115
n41
n47/
n67
n94
Invalid operation
d269:txt:54
d144
d248
d256
f248
f83
Invalid operation
d144
d248
d256
f248
f278
f83
Invalid operation
d144:oe75xx
d144:txt:6
d144
d146
d248
d256
f248
f278
f83
d248:12
f248:10
f278:8
d144
d146
d248
d256
d267
f248
f278
f83
d144:txt:6
d144
d146
d248
d256
d267
f248
f278
f83
d144
d146
d248
d256
d267
f248
f278
f83
Invalid operation
Invalid operation
d164:C8 10 AB 99 66 56 12 78 8C 79
d269:-wjdmllt1xx5kjpw9l_4040xjxtmmk8lghe q29xv2qyoc7ynxko5bh52aqsaui n9xx
d164:78 8C 79 EE B7
d136
d139/
d164
d166/
d190/
d200/
d22
d269
d50
d73
d92
d97
f106/
f142/
f203/
f228/
f240
f245
f282/
f33/
f38
f51
f9
f94/
f95/
n115
n21/
n41
n47/
n67
n91/
n94
n96
d269:68
d50:17
d269:-wjdmllt1xx5kjpw9l_4040xjxtmmk8lghe q29xv2qyoc7ynxko5bh52aqsaui n9xx
d144
d146
d248
d256
d267
f248
f260
f278
d144
d146
d248
d256
d267
f248
f260
f278
d144:oe75xxke
d144:oe75xx
d146:00 00
Invalid operation
Null
Invalid operation
d146
d17
d248
d256
d267
d52/
f260
f278
f290
n82/
n98
d146
d17
d248
d256
d267
d52/
f260
f278
f290
n82/
n98
Invalid operation
d146
d17
d248
d256
d267
d52/
f260
f278
f290
f295
n82/
n98
d17
d248
d256
d267
d52/
f260
f278
f290
f295
n82/
n98
d256:
d256:txt:0
Null
Null
f278:00 00 00 4D A8 8B 5C A0 4F 31 00 00
f278:C4
d132
d142/
d17
d237/
d248
d256
d267
d52/
f260
f278
f290
f49/
f51
n82/
d132
d142/
d17
d237/
d248
d256
d267
d52/
f260
f278
f290
f49/
f51
n26/
n82/
Invalid operation
Invalid operation
Invalid operation
Invalid operation
Invalid operation
Invalid operation
n119:dir:0
Invalid operation
d125
Invalid operation
Invalid operation
d270/
f126/
f189
f47
n45/
n51
d270/
f126/
f189
f47
n45/
n51
f47:CB
Invalid operation
f47:bin:9
f189:13
f47:9
n51:2
f189:13
f47:9
n51:2
d256:txt:26
Invalid operation
d132
d142/
d17
d237/
d248
d256
d267
d52/
f278
f290
f49/
f51
n26/
n82/
Invalid operation
Invalid operation
d256:27
f278:24
d248:12
d132:7
d17:2
f290:2
d267:0
Invalid operation
Invalid operation
d256:9 d38p6oz8t7al6nxowrg3eeexx
d256:9 d38p6oz8t7al6nxowrg3eeexx
d132
d142/
d17
d237/
d248
d256
d267
d52/
f278
f49/
f51
n26/
n82/
d270/
f126/
f189
f243
f47
n45/
n51
d132
d142/
d17
d237/
d248
d256
d267
d52/
f278
f49/
f51
n26/
n82/
d132
d142/
d17
d237/
d248
d256
d267
d52/
f278
f49/
f51
n26/
n82/
d132
d142/
d237/
d256
d267
d52/
f278
f49/
f51
n26/
n82/
d136
d139/
d164
d166/
d190/
d200/
d22
d269
d50
d73
d92
d97
f106/
f142/
f203/
f228/
f240
f245
f282/
f33/
f38
f51
f9
f94/
f95/
n115
n21/
n41
n47/
n67
n91/
n94
n96
Invalid operation
d124
d136
d139/
d164
d166/
d190/
d200/
d22
d246/
d269
d50
d73
d92
d97
f106/
f142/
f203/
f228/
f233
f240
f245
f282/
f33/
f38
f51
f9
f94/
f95/
n115
n21/
n41
n47/
n67
n91/
n94
n96
Invalid operation
Null
/f236/d33/f251/d294/f32/d62/d269
d269:79
d92:16
n67:14
d136:13
d124
d136
d139/
d164
d166/
d190/
d200/
d22
d246/
d269
d73
d92
d97
f106/
f142/
f203/
f228/
f233
f240
f245
f282/
f33/
f34/
f38
f51
f9
f94/
f95/
n115
n21/
n41
n47/
n67
n91/
n94
n96
d124
d136
d139/
d164
d166/
d190/
d200/
d22
d246/
d269
d50
d73
d92
d97
f106/
f142/
f203/
f213/
f228/
f233
f240
f245
f282/
f33/
f34/
f38
f51
f9
f94/
f95/
n115
n21/
n41
n47/
n67
n91/
n94
n96
d124
d136
d139/
d164
d166/
d190/
d200/
d22
d246/
d269
d50
d73
d92
d97
f106/
f142/
f203/
f213/
f228/
f233
f240
f245
f282/
f33/
f34/
f38
f51
f9
f94/
f95/
n115
n21/
n41
n47/
n67
n91/
n94
n96
/f236/d33/f251/d294/f32/d62/d269
d124
d136
d139/
d164
d166/
d190/
d200/
d22
d246/
d269
d295
d50
d92
d97
f106/
f142/
f203/
f213/
f228/
f233
f240
f245
f282/
f33/
f34/
f38
f51
f65
f7/
f9
f94/
f95/
n115
n41
n47/
n67
n91/
n94
n96
f84:bin:2
Invalid operation
f56:13
d8:9
f84:9
d65:1
f84:E0 04
d65
d8
f56
Invalid operation
/f236/d33/f251/d294/f32/d62/d269
Invalid operation
d111:E2 6A
Invalid operation
d111:B6 84 7C 33
d111:6A BE
Invalid operation
Invalid operation
d214:aeq
/f236/d33/f251/d294/f114/f206/d59
d214:txt:3
d100:cn1h931x-mxxxxp..ejctdpfxwe2b8.x
/f236/d33/f251/d294/d100
d118
d137
d138
d197
d214/
d294/
d297/
f128
f152
d118
d137
d138
d197
d214/
d294/
d297/
f128
f143/
f152
d118
d137
d138
d197
d214/
d294/
d297/
f128
f143/
f152
d268:dir:0
d268/
d295
f218
f249/
f251/
f289
n96
n99/
d268/
d295
f218
f249/
f251/
f289
n96
n99/
/f236/d33/f218
d268/
d295
f218
f249/
f251/
f289
n96
n99/
/f236/d33/f249/f137
d275
d30/
d33
f137
f250/
f272
f83/
n20/
n4/
d275
d30/
d33
f137
f250/
f272
f43/
f83/
n20/
n4/
f137:md:63
f137:9u64ay9ntdj lrz_y0z1x62k7hx381.-ux3-79x7rvy6mktm6.bcel.q5j-nxh8
f137:9u64ay9ntdj lrz_y0z1x62k7hx381.-ux3-79x7rvy6mktm6.bcel.q5j-nxh8
f137:md:63
f137:md:63
Invalid operation
d119
d275
d30/
f137
f144
f256/
f272
n20/
n4/
d119
d275
d30/
f137
f144
f256/
f272
n20/
n4/
d275:16 5A 00
f137:9u64ay9ntdj lrz_y0z1x62k7hx381.-ux3-79x7rvy6mktm6.bcel.q5j-nxh8
Invalid operation
d40/
d275:B1 5A 00 03 16 5A 35 97 5D 6C
d275:5D
Invalid operation
d119
d124/
d197
d275
d30/
f137
f256/
f272
n20/
n4/
n90
Invalid operation
d148/
d266
Invalid operation
/f236/d33/f249/d124/d140
d140
d24
d87
d91
n13/
n58
n69
Invalid operation
Invalid operation
Invalid operation
Invalid operation
Invalid operation
Invalid operation
d67:rtxov9
f168:dir:0
f168/
d40/
n28/
Invalid operation
Invalid operation
Invalid operation
f186:1
Invalid operation
d107/
d228/
f110/
f186
Invalid operation
d107/
d228/
f110/
f146
f186
Invalid operation
d107/
d228/
f110/
f146
f186
f186:32
Null
Invalid operation
Invalid operation
Invalid operation
d42:F0 F1 DC
Invalid operation
/f236/d33/f249/f137
d275:6C B1 7B 00
Invalid operation
/f236/d33/f249/f137
d119
d124/
d197
d256
d275
d30/
d8/
f117/
f137
f256/
f272
f76
n20/
n4/
n90
Invalid operation
d275:7B 00
d183:19
f288:0
n73:0
f161:md:13
n73:CD F6
f161
n51/
Invalid operation
Invalid operation
Invalid operation
d245
f122/
f161
n15
n50/
n51/
d245
f122/
f161
f207/
n15
n50/
n51/
Invalid operation
Invalid operation
Invalid operation
d245
f122/
f161
f207/
n15
n50/
n51/
n88
d245
f122/
f161
f207/
n15
n50/
n51/
n88
n73:00 FE 49 5F
Invalid operation
d133/
d176/
d183
d232/
d244/
d32
d50
n28/
n30/
n73
d133/
d176/
d183
d232/
d244/
d32
d50
n28/
n30/
n73
n73:00 00 00 FE
d133/
d176/
d183
d232/
d244/
d32
d50
n28/
n30/
n73
Invalid operation
Invalid operation
Invalid operation
Invalid operation
d183:uhn7m5ly7eg902cc6xx0vxo__xusi8c p
Invalid operation
Invalid operation
n28:dir:0
d122
d133/
d232/
d244/
d260
d50
f104
f106
f220/
n28/
n30/
n73
Invalid operation
Invalid operation
Invalid operation
d122
d133/
d232/
d244/
d260
d50
f104
f106
f179
f220/
n28/
n30/
n73
n73:16
f179:7
f106:6
d50:4
d260:2
d122:0
f104:0
Invalid operation
Invalid operation
Invalid operation
d275:28 96 6E
d119
d124/
d18
d197
d218
d256
d275
d287
d70/
d8/
d83/
f106/
f137
f235
f256/
f272
f76
n20/
n4/
n90
d275:B1 7B 00 00
d275:B9 A9 3A
d190:dir:0
d190/
d94
Invalid operation
d275:00 6F
Invalid operation
f137:md:105
Invalid operation
Invalid operation
d190/
/f236/d33/f249/f137
d228/
/f236/d33/f249/f137
Invalid operation
d275:00 00
Invalid operation
d268:dir:0
Invalid operation
Invalid operation
d1
d100
d110/
d111/
d126
d153
d158
d169
d18
d188/
d189/
d221/
d227
d237/
d238
d24
d243
d250
d274
d280
d283/
d284
d287
d46
f104/
f108
f119
f12
f135/
f139
f183/
f186
f187/
f196
f21/
f229/
f246
f252
f297/
f299
f38
f4
f43/
f49
f60
f72/
f86/
n102
n111
n13/
n15/
n17/
n28/
n3
n31/
n4/
n40/
n63
n71
f38:28
d250:17
d18:16
n13:dir:0
Invalid operation
f38:28
d250:17
d18:16
f38:D6 6E DA 6A AA 5A
Invalid operation
Invalid operation
Null
d123/
d142
d159
d215
d242/
d263
d34/
d38
d86
f261
f279
f287/
f36
f9
f96/
n100/
n108
d142:bin:27
Invalid operation
Invalid operation
d142:bin:24
Invalid operation
d123/
d142
d159
d215
d242/
d263
d34/
d38
d86
f181
f261
f279
f287/
f36
f9
f96/
n100/
n108
n89
d142:A1
Invalid operation
Invalid operation
/f236/d33/d268/f38
d1
d100
d110/
d111/
d126
d153
d158
d169
d18
d189/
d221/
d237/
d238
d24
d243
d250
d274
d280
d283/
d284
d287
d46
d9/
f104/
f108
f119
f12
f135/
f139
f183/
f186
f196
f21/
f229/
f246
f252
f261
f293/
f297/
f299
f38
f4
f43/
f49
f60
f72/
f86/
n102
n111
n13/
n15/
n17/
n28/
n3
n31/
n4/
n40/
n63
n71
Invalid operation
d268/
d295
f218
f235
f249/
f251/
f289
n96
n99/
Invalid operation
/f236/d33/f218
Invalid operation
d17
d268/
d286
d295
f106/
f207/
f218
f235
f249/
f251/
f275/
f289
n96
n99/
Invalid operation
Invalid operation
d118:15
f152:14
d138:8
f128:4
d137:2
/f236/d33/f251/f152
Null
d118
d137
d138
d197
d214/
d294/
d297/
f143/
f152
f244/
f71/
Invalid operation
f152:9aqm62by2lx9ex
d118:15
f152:14
d138:8
d137:2
d197:0
d294:dir:0
/f236/d33/f251/f152
Invalid operation
d294:dir:0
d294:dir:0
f218:5C D5
Invalid operation
d17
d268/
d286
d295
f106/
f218
f235
f249/
f251/
f275/
f289
n96
n99/
n13:dir:0
f143
f143:14
n89:2
/f236/d33/f251/d236/f143
/f143
f218:84 70 00 00 61 94 B3
f143:575eo85-x 37 .htk-64hqtgb
Null
d109
d44/
Invalid operation
d44/
d142
/f236/d33/f251/d236/f143
/f143
f218:D5
/f236/d33/f251/d236/f143
/f143
f143:575eo85-x 37 .htk-64hqtgb
d12/
d242/
f127/
f143
f268/
n51/
n55
n89
/f254
f143:md:25
Invalid operation
f218:B8 41 E8 BD B7 50 9E 8B DC 79 E5
d129/
d129/
f6/
Invalid operation
f218:18 EE B3
n55:08xpjoia
f218:60 2D 18 EE B3 BE FE B8
d129:dir:0
d129/
d193/
d249/
d73/
n55
Null
Null
Invalid operation
d106:27
d190:16
f2:9
Invalid operation
d106
d129/
d190
d193/
f2
f21/
n109/
d106
d129/
d190
d193/
f2
f21/
n109/
Invalid operation
d129:dir:0
Null
Invalid operation
f218:00
f218:18 EE B3 BE FE B8 41 E8 BD 1F 1F D0 8B DC 79 E5 1F 39 84 70 00 F1 A0
d106:09gd611ucts.yauoqyflxx0r7.w8sz296a89hsf67vjzexlr
f112/
d106:09gd611ucts.yauoqyflxx0r7.w8sz296a89hsf67vjzexlr
d106
d111
d129/
d190
d193/
f2
f21/
n109/
d106
d111
d129/
d190
d193/
f2
f21/
n109/
f218:1F 1F D0 B0 C1 4C A0 5D 39 84 B9 5A 34 7D A9
d129:dir:0
d129:dir:0
f218:A9 81 8A 88 14 7D 8A 11 3E 41 A3 B8 C1 14
Invalid operation
n82:00 17 4F
Invalid operation
d106
d111
d129/
d193/
f2
n109/
n82
d106
d129/
d193/
f2
n109/
n17
n82
d106:09gd611ucts.yauoqyflxx0r7.w8sz296a89hsf67vjzexlrkurtyevn.
Invalid operation
f143:575eo85-x 37 .htk-64hqtgb
d12/
d242/
f143
f268/
n51/
n55
n89
/f236/d33/f251/d236/f143
/f143
Invalid operation
d12/
d242/
f143
f268/
n51/
n55
n89
d12/
d242/
f143
f268/
n51/
n55
n89
Invalid operation
f218:11 3E
/f236/d33/f251/d236/n55
d242:dir:0
Invalid operation
Invalid operation
Invalid operation
Invalid operation
Invalid operation
d201
d252/
d289/
f18
f295/
f92/
Invalid operation
d201
d252/
d289/
f18
f295/
f92/
Invalid operation
Invalid operation
Invalid operation
Invalid operation
Invalid operation
/f236/d33/f251/d236/n51/f18
f18:bin:17
Invalid operation
f18:bin:19
d7:0
Invalid operation
f18:28
Invalid operation
Invalid operation
f18:B4 C3 F2 5C EC FF 16 39 AE 6E EF FC
Invalid operation
Invalid operation
Invalid operation
d228
f200
Invalid operation
d228
f200
f212
f18:42
Invalid operation
d141
f200
f200
f200:sdi2bt2cp-wq5n d dxzgyb0w3 h9xck.676tv
d150/
f127/
n83/
Invalid operation
f200:sdi2bt2cp-wq5n d dxzgyb0w3 h9xck.676tv
d249
f200
f288
n86
Invalid operation
f200:38
f288:16
d249:0
Invalid operation
Invalid operation
f200:38
f288:16
Invalid operation
/f236/d33/f251/d236/n51/f295/d150/f200
Invalid operation
d244/
d249
f162/
f200
f282/
f288
n84
Invalid operation
d244/
d249
f162/
f200
f282/
f288
n84
Invalid operation
Invalid operation
f18:48 00
f200:38
n84:13
f200:txt:38
Invalid operation
f200:txt:44
d148:5C
d148
d244/
d249
d299/
f162/
f200
n84
n97/
d148:5C
d148
d244/
d249
d299/
f116/
f162/
f200
n84
n97/
f200:sdi2bt2cp-wq5n d dxzgyb0w3 h9xck.676tv0d omx5z01tm
f200:56
d148:14
n84:13
d249:0
f200:txt:56
Invalid operation
f200:sdi2bt2cp-wq5n d dxzgyb0w3 h9xck.676tv0d omx5z01tm42ez.4k1_sbgolv16q6-o
Invalid operation
/f236/d33/f218
Invalid operation
d150/
f127/
n83/
d150:dir:0
f18:D1 27 FA
d150:dir:0
/f236/d33/f251/d236/n51/f295/f155
d150/
f127/
f155
n30
n56
d150/
f127/
f155
n13/
n30
n56
f18:FF 47
Invalid operation
Invalid operation
Invalid operation
d201
d252/
d289/
d60
d74
d91
f127
f148
f18
f200
f240
f295/
f62
f92/
n101/
n109/
n97
Null
d200/
d201
d225
d252/
d289/
d60
d74
d91
f127
f148
f18
f200
f240
f295/
f62
f92/
n101/
n44/
n89/
n97
Invalid operation
Null
d200/
d201
d225
d252/
d289/
d60
d74
d91
f127
f148
f18
f240
f295/
f62
f92/
n101/
n44/
n97
Invalid operation
/f236/d33/f251/d236/n51/f18
f18:A6 7D B6 27 FA 48 00 00 00 5E
f18:bin:27
Invalid operation
Invalid operation
d18/
d200/
d201
d225
d252/
d289/
d60
d74
d91
f127
f148
f171/
f18
f198
f228/
f240
f295/
f62
f92/
n101/
n44/
n97
Invalid operation
f18:bin:30
Invalid operation
f18:03 5C 0D 93 A6 7D B6 27 FA 48 00 00 47
Invalid operation
d149
d18/
d200/
d201
d222
d225
d252/
d289/
d60
d74
d91
f127
f148
f171/
f18
f198
f228/
f240
f295/
f53/
f92/
n101/
n44/
n48
n97
Invalid operation
Invalid operation
d244:C2
d264:dir:0
/f236/d33/f251/d236/n51/f18
Invalid operation
f18:AF E7 96 39 AE 03 5C 0D 93 A6 7D B6 98 A2 D5 00 00
f18:98 A2 D5 00
f18:bin:28
d149
d18/
d200/
d201
d222
d225
d252/
d289/
d60
d74
d91
f127
f148
f171/
f18
f198
f228/
f240
f295/
f53/
f92/
n101/
n44/
n48
n97
d149
d18/
d200/
d201
d222
d225
d252/
d289/
d60
d74
d91
f127
f148
f171/
f18
f198
f228/
f240
f295/
f53/
f92/
n101/
n44/
n48
n97
Invalid operation
f95:.wl3ofbp
Invalid operation
Invalid operation
d116/
d12/
f123
f268/
f28/
f95
n51/
f218:C4 1F D0 B0 C1 60 A1
d116/
d12/
f123
f268/
f28/
f95
n51/
/f236/d33/f251/d236/f95
d12/
f123
f268/
f28/
f95
n51/
f218:BE 3C 00 00 00
Invalid operation
Invalid operation
d47:A2
d272:
d272:
d272:
Invalid operation
d116/
d12/
d259
d292/
d47
d83
f118
f28/
f95
n51/
d47:87 00
/f236/d33/f251/d236/f95
Invalid operation
d137:q0
d294:dir:0
/f236/d33/f251/d137
Invalid operation
f218:BE 64 CF ED 14 B9 C4
d100
d137
d138
d214/
d236/
d294/
d297/
f118/
f143/
f165
f212
f244/
f278
f34/
Invalid operation
Invalid operation
d100
d137
d138
d142/
d214/
d236/
d294/
d297/
f118/
f143/
f165
f179
f212
f244/
f278
f34/
d100
d137
d142/
d214/
d236/
d294/
d297/
f118/
f143/
f165
f179
f212
f244/
f278
f34/
Invalid operation
f218:60 A1 AA 55 F8 11 68 1E E0 A9 81 8A 88 BD 8A 94 44 D0 ED BE 3C 00 00 00
Invalid operation
f218:AA 55 F8 11 68 1E E0 A9 81 8A 88 BD 8A 94 44 D0 ED BE 3C 00 00 00 00
d100
d142/
d214/
d236/
d294/
d297/
f118/
f143/
f156
f165
f179
f212
f238/
f244/
f278
f34/
Invalid operation
f278:jlq2wjgd28
Invalid operation
f278:20
f156:16
d100:13
f212:10
f179:7
f107:0
Invalid operation
Null
Invalid operation
f218:27 60 2D FB 23 32 BE 64 CF ED 14 B9 C4 1F 13 0E C1 60 A1 AA 55 F8 76 62 80 C6 A9 81 8A 88 BD 8A 94 44 D0 ED BE 3C 00 00 00 00 DE 5F 06 41 F2
Invalid operation
Invalid operation
Null
/f236/d33/f218
d258:BD
d258:BD 59 20 B2 E8
d258:44 C0
Invalid operation
d245:39
d109:18
d275:15
d245:39
d109:18
d275:15
d245:39
d109:18
d275:15
d1/
d105/
d109
d12/
d135/
d141
d149/
d163/
d168/
d17/
d185
d21/
d221/
d245
d275
d276
d280/
d290/
d70/
d78/
d80/
f0/
f111/
f129/
f143
f153
f175/
f185/
f188
f205/
f208
f219/
f226/
f236/
f239
f24/
f240/
f246/
f254
f256/
f267
f27
f283/
f294/
f40
f5/
f56/
f60/
f61/
f63/
f76/
n105/
n22/
n27
n31
n48
n58/
n74/
n86/
n88/
d245:39
d109:18
d275:15
/d109
d245:39
d109:18
d275:15
d245:39
d109:18
d275:15
d1/
d105/
d109
d12/
d135/
d141
d149/
d163/
d168/
d17/
d185
d21/
d221/
d245
d275
d276
d280/
d290/
d70/
d78/
d80/
f0/
f111/
f129/
f143
f153
f175/
f185/
f188
f205/
f208
f219/
f226/
f236/
f239
f24/
f240/
f246/
f254
f256/
f267
f27
f283/
f294/
f40
f5/
f56/
f60/
f61/
f63/
f76/
n105/
n22/
n27
n31
n48
n58/
n74/
n86/
n88/
/d109
Invalid operation
d109:xllqu2qzla38shimxxx
d1/
d105/
d109
d12/
d135/
d141
d149/
d163/
d168/
d17/
d185
d21/
d221/
d245
d275
d276
d280/
d290/
d70/
d78/
d80/
f0/
f111/
f129/
f143
f153
f175/
f185/
f188
f205/
f208
f219/
f226/
f236/
f239
f24/
f240/
f246/
f254
f256/
f267
f27
f283/
f294/
f40
f5/
f56/
f60/
f61/
f63/
f76/
n105/
n22/
n27
n31
n48
n58/
n74/
n86/
n88/
Invalid operation
f5:dir:0
Invalid operation
d245:41
d109:19
d275:15
d245:42
d109:20
d275:15
d245:42
d109:20
d275:15
d109:xllqu2qzla38shimxxx
d245:42
d109:31
d275:15
Invalid operation
d1/
d105/
d109
d12/
d135/
d141
d149/
d163/
d168/
d17/
d185
d21/
d221/
d245
d275
d276
d280/
d290/
d70/
d78/
d80/
f0/
f111/
f129/
f143
f153
f175/
f185/
f188
f205/
f208
f219/
f226/
f236/
f239
f24/
f240/
f246/
f254
f256/
f267
f27
f283/
f294/
f40
f5/
f56/
f60/
f61/
f63/
f76/
n105/
n22/
n27
n31
n48
n58/
n74/
n86/
n88/
d1/
d105/
d109
d12/
d135/
d141
d149/
d163/
d168/
d17/
d185
d21/
d221/
d245
d275
d276
d280/
d290/
d70/
d78/
d80/
f0/
f111/
f129/
f143
f153
f175/
f185/
f188
f205/
f208
f219/
f226/
f236/
f239
f24/
f240/
f246/
f254
f256/
f267
f27
f283/
f294/
f40
f5/
f56/
f60/
f61/
f63/
f76/
n105/
n22/
n27
n31
n48
n58/
n74/
n86/
n88/
f267:ufr54z-g-vmljm141-r.x03_gf.fkd22is-rlr4
d16:dir:0
d104
d132/
d149
d152/
d16/
d168
d186
d221/
d225/
d246
d73
f127
f141/
f152/
f165
f197
f223/
f266
f267
f271
f284/
n119/
n34/
n60/
n71
f267:39
n71:25
d246:16
f197:15
f127:14
f266:9
f271:6
Invalid operation
Invalid operation
d104
d132/
d149
d152/
d16/
d168
d186
d221/
d225/
d246
d73
f140
f141/
f152/
f165
f197
f223/
f266
f267
f271
f284/
n119/
n34/
n41
n60/
n71
n71:88 7F 9F 9D 00 00 E3 45 81 DD 30 F4 AC
d104
d132/
d149
d152/
d16/
d168
d186
d221/
d225/
d246
d73
f140
f141/
f152/
f165
f197
f223/
f266
f267
f271
f284/
n119/
n34/
n41
n49
n60/
n71
Invalid operation
Null
Invalid operation
f267:ufr54z-g-vmljm141-r.x03_gf.fkd22is-rlr4xx
Null
d173:dir:0
d173:dir:0
d135
d195
d202/
d222
d249
d33/
d37
d52
d53
f148/
f169/
f226
f294/
f96
n113/
n18/
n22/
d245:42
d109:31
d275:15
d245:42
d109:31
d275:15
d185:F1
f15:E0 96 00
d126/
d139
d214/
d222/
d297/
d5
d99
f15
f200
f283
f39/
f49/
f50/
f75/
n29
n94/
f49:dir:0
f49:dir:0
f15:28
d126/
d139
d214/
d222/
d297/
d5
d99
f15
f200
f283
f39/
f49/
f50/
f75/
n29
n49/
n94/
d139:28
f15:28
/n74/d139
Invalid operation
Invalid operation
d139:28
f15:28
f283:16
n29:10
d5:9
d99:0
f200:0
d121
d263/
f23
f45/
f50/
n39/
f23:
d121:9
Invalid operation
n39:dir:0
Invalid operation
d121:15
f23:9
d121
d174
d263/
f23
f45/
f50/
n39/
d121
d174
d263/
f23
f45/
f50/
n39/
d121:67
f230
d121:67 DC
d121:A0
d161/
Invalid operation
Invalid operation
Invalid operation
f230:60
Invalid operation
d31
f82
d31
f82
d31:4C
f230:60
Invalid operation
Invalid operation
f230:60a8d7oipzk4dr
Invalid operation
Invalid operation
d121
d135
d174
d263/
f45/
f50/
f63
n39/
d121
d135
d174
d263/
f45/
f50/
f63
n39/
d11
d121
d135
d174
d205
d263/
f45/
f50/
f63
f95
n39/
d121:00 00 00 5F E3 46 B8 0F
d121:25 11
Invalid operation
d126/
d139
d214/
d222/
d297/
d5
d99
f15
f200
f283
f39/
f49/
f50/
f75/
f77/
n29
n49/
n94/
d139:35
d139:s2y5jn0g lb5d.j.xx6lowrmn9px09tc hb
/n74/d139
d139:s2y5jn0g lb5d.j.xx6lowrmn9px09tc hbx
d139:s2y5jn0g lb5d.j.xx6lowrmn9px09tc hbxx
Invalid operation
d1/
d105/
d109
d12/
d135/
d141
d149/
d163/
d168/
d17/
d185
d21/
d221/
d275
d276
d280/
d290/
d70/
d78/
d80/
f0/
f111/
f129/
f143
f153
f175/
f185/
f188
f205/
f208
f219/
f226/
f236/
f239
f24/
f240/
f246/
f254
f256/
f267
f27
f283/
f294/
f40
f5/
f56/
f60/
f61/
f63/
f76/
n105/
n22/
n27
n31
n48
n58/
n74/
n86/
n88/
Invalid operation
Invalid operation
Invalid operation
d1/
d105/
d109
d12/
d135/
d141
d149/
d163/
d168/
d17/
d185
d21/
d221/
d275
d276
d280/
d290/
d70/
d78/
d80/
f0/
f111/
f129/
f143
f153
f175/
f185/
f188
f205/
f208
f219/
f226/
f236/
f239
f24/
f240/
f246/
f254
f256/
f267
f27
f283/
f294/
f40
f5/
f56/
f60/
f61/
f63/
f76/
n105/
n22/
n27
n31
n48
n58/
n74/
n86/
n88/
Invalid operation
Invalid operation
f5:dir:0
Invalid operation
d185:96 80 F1
Invalid operation
d139:s2y5jn0g lb5d.j.xx6lowrmn9px09tc hbxxdgx1izilhia3 qwcwok9ylrny1km
Invalid operation
n110:md:23
d135
d202
d25/
d263
f11/
f118
f169
f204
f217
f9/
n107/
n110
n118/
n29
n110:md:23
/n74/d126/n110
Invalid operation
Invalid operation
d262
d262
Invalid operation
Invalid operation
n110:38
f217:16
d135:7
Null
Invalid operation
Invalid operation
n110:md:38
Invalid operation
Invalid operation
f151:bin:0
f151
f18
f151
f18
Invalid operation
Invalid operation
f151:bin:1
d55
f126
f151
f18
f297/
f30/
f62
f9/
n7/
n85/
f151:bin:5
d59:13
d59
f108/
Invalid operation
d59:ncw sqq7lc
Invalid operation
Invalid operation
f151:00
Invalid operation
f151:00
d154
d247
d36
f126
f151
f18
f214/
f297/
f30/
f62
f9/
n7/
n85/
d139:65
d101:17
f283:16
f171:11
n29:10
d5:9
d99:0
f141:0
d139:s2y5jn0g lb5d.j.xx6lowrmn9px09tc hbxxdgx1izilhia3 qwcwok9ylrny1km
d139:s2y5jn0g lb5d.j.xx6lowrmn9px09tc hbxxdgx1izilhia3 qwcwok9ylrny1kmeyr
Invalid operation
Invalid operation
d224:bin:5
Invalid operation
Invalid operation
Invalid operation
Invalid operation
d179
d224
d262/
f4/
d179
d224
d262/
d44
f122
f4/
Invalid operation
Invalid operation
Invalid operation
d154:16
Invalid operation
d154
d179
d224
d232
d262/
d44
d60
d72
f110
f122
f173/
f4/
f56/
n64/
d154:16
d60:16
f122:15
d106/
d154
d179
d224
d232
d262/
d44
d60
d72
f110
f122
f173/
f4/
f56/
n64/
d106/
d154
d179
d224
d232
d262/
d44
d60
d72
f110
f122
f173/
f251/
f4/
f56/
n64/
Invalid operation
Invalid operation
d139
d139
d139
f120
d139:1
f120:0
/n74/f75/f251/d139
/n74/d139
Invalid operation
Invalid operation
Invalid operation
Invalid operation
d101
d123/
d126/
d139
d214/
d222/
d297/
d5
d99
f141
f171
f200
f234
f246
f283
f39/
f49/
f50/
f75/
f77/
n29
n49/
n94/
Null
d102/
d106/
d154
d179
d224
d232
d262/
d44
d72
f110
f122
f173/
f179/
f251/
f4/
f56/
n64/
n77/
n92/
n97
d224:bin:5
d224:bin:5
Invalid operation
d139:s2y5jn0g lb5d.j.xx6lowrmn9px09tc hbxxdgx1izilhia3 qwcwok9ylrny1kmeyr
d101
d123/
d126/
d139
d214/
d222/
d297/
d5
d99
f141
f171
f200
f234
f246
f283
f39/
f49/
f50/
f75/
f77/
n29
n49/
n94/
d101
d123/
d126/
d139
d214/
d222/
d297/
d5
d99
f141
f171
f200
f234
f246
f283
f39/
f49/
f50/
f75/
f77/
n29
n49/
n94/
Invalid operation
Invalid operation
f49:dir:0
d139:s2y5jn0g lb5d.j.xx6lowrmn9px09tc hbxxdgx1izilhia3 qwcwok9ylrny1kmeyrx
Invalid operation
f49:dir:0
Invalid operation
d185:96 80
Invalid operation
Invalid operation
Invalid operation
d185:F0
d1/
d163/
d68/
f278
f95/
Invalid operation
Invalid operation
d109:55
d275:15
f27:12
d109:73
d275:15
f27:12
Invalid operation
d109:82
d275:15
f27:12
d1/
d105/
d109
d12/
d135/
d141
d149/
d163/
d168/
d17/
d185
d21/
d221/
d275
d276
d280/
d290/
d70/
d78/
d80/
f0/
f111/
f129/
f143
f144
f153
f175/
f185/
f188
f205/
f208
f219/
f226/
f236/
f239
f24/
f240/
f246/
f254
f256/
f267
f27
f283/
f294/
f40
f5/
f56/
f60/
f61/
f63/
f76/
n105/
n22/
n31
n48
n58/
n74/
n86/
n88/
Invalid operation
d109:82
d275:15
d185:14
d1/
d105/
d109
d12/
d135/
d141
d149/
d163/
d168/
d17/
d185
d201
d21/
d221/
d275
d276
d280/
d290/
d70/
d78/
d80/
f0/
f111/
f129/
f143
f144
f153
f175/
f185/
f188
f205/
f208
f219/
f226/
f236/
f239
f24/
f240/
f246/
f254
f256/
f267
f27
f283/
f294/
f40
f5/
f56/
f60/
f61/
f63/
f76/
n105/
n22/
n31
n48
n58/
n74/
n86/
n88/
d1/
d105/
d109
d12/
d135/
d141
d149/
d163/
d168/
d17/
d185
d201
d21/
d221/
d275
d276
d280/
d290/
d70/
d78/
d80/
f0/
f111/
f129/
f143
f144
f153
f175/
f185/
f188
f205/
f208
f219/
f226/
f236/
f239
f24/
f240/
f246/
f254
f256/
f267
f27
f283/
f294/
f40
f5/
f56/
f60/
f61/
f63/
f76/
n105/
n22/
n31
n48
n58/
n74/
n86/
n88/
Invalid operation
Invalid operation
d109:82
d275:15
d185:14
d185:3E ED B7 09
Invalid operation
d1/
d105/
d109
d12/
d135/
d141
d149/
d163/
d168/
d17/
d185
d201
d21/
d221/
d275
d276
d280/
d290/
d70/
d78/
d80/
f0/
f111/
f129/
f143
f144
f153
f175/
f185/
f188
f205/
f208
f219/
f226/
f236/
f239
f24/
f240/
f246/
f254
f256/
f267
f27
f283/
f294/
f40
f5/
f56/
f60/
f61/
f63/
f76/
n105/
n22/
n31
n48
n58/
n74/
n86/
n88/
Invalid operation
Invalid operation
f267:ufr54z-g-vmljm141-r.x03_gf.fkd22is-rlr4xxcia-3 gcgxm6og
Invalid operation
n71:C4 F4 D7 91 57
d1/
d105/
d109
d12/
d135/
d141
d149/
d163/
d168/
d17/
d185
d201
d21/
d221/
d275
d276
d280/
d70/
d78/
d80/
f0/
f111/
f129/
f143
f144
f153
f175/
f185/
f188
f205/
f208
f219/
f226/
f236/
f239
f24/
f240/
f246/
f254
f256/
f267
f27
f283/
f294/
f35/
f40
f5/
f56/
f60/
f61/
f63/
f76/
n105/
n22/
n31
n48
n58/
n74/
n86/
n88/
d109:96
d275:15
d185:13
d109:96
d185:16
d275:15
Invalid operation
f36:dir:0
Invalid operation
/d163/d100
Invalid operation
Null
Invalid operation
d109:96
d185:22
d275:15
d109:96
d185:22
d275:15
d109:96
d185:22
d275:15
d109:96
d185:22
d275:15
Invalid operation
Invalid operation
Invalid operation
d109:xllqu2qzla38shimxxxzyixb7fryxg0f-oxlz1c lo6pw.hxgden-xn1a6tz-sp_rt82h0gyu2u- t81arp. 7ik38-w4cjz
Invalid operation
d149
d153
d155
d178
d195
d203
d207/
d243/
d256
d262
d279/
d50/
d77/
d8/
f101/
f112
f113
f124
f160/
f161
f166/
f170
f174
f23/
f230/
f266/
f291/
f293
f30/
f75/
f8
f85
n107/
n112
n26/
n40/
n44
n5
n73
n79/
n89
n98
Invalid operation
n73:38
d155:17
n5:16
n112:15
n98:15
d149:10
Invalid operation
n73:81 22 8B 4F
d149
d153
d155
d178
d195
d203
d207/
d243/
d256
d262
d279/
d50/
d77/
d8/
f101/
f112
f113
f124
f160/
f161
f166/
f170
f174
f23/
f230/
f266/
f291/
f293
f30/
f75/
f8
f85
n107/
n112
n26/
n40/
n44
n49
n5
n73
n79/
n89
n98
d109:96
d185:27
d275:15
d109:96
d185:27
d275:15
Invalid operation
Invalid operation
n73:bin:39
d149
d153
d155
d178
d195
d203
d207/
d243/
d256
d279/
d50/
d65
d77/
d8/
f101/
f112
f113
f124
f160/
f166/
f170
f174
f220
f23/
f230/
f266/
f291/
f293
f30/
f75/
f8
f85
n107/
n112
n116/
n26/
n40/
n44
n49
n5
n56
n73
n79/
n81/
n89
n98
Invalid operation
Invalid operation
Invalid operation
Null
Invalid operation
Invalid operation
Invalid operation
n73:F5 98 73 81 22 8B 4F 64 93 82 4A F6 2C 10 00 E9 B9
n73:81 22 8B
Invalid operation
d149
d153
d155
d178
d195
d203
d207/
d243/
d256
d279/
d50/
d65
d77/
d8/
f101/
f112
f113
f124
f160/
f166/
f170
f174
f220
f23/
f230/
f266/
f291/
f293
f30/
f75/
f8
f80
f85
n107/
n108/
n112
n116/
n26/
n40/
n44
n49
n56
n73
n79/
n81/
n89
n98
n73:B9 3B 5D B8 D5 9E 69 74 0B F7 EF 83 A1 8D A9 20 00
n73:8B 4F 64 93 82 4A F6 2C 10 00 E9 B9 3B 5D B8
Invalid operation
d149
d153
d155
d178
d195
d203
d207/
d243/
d256
d279/
d50/
d65
d77/
d8/
f101/
f112
f113
f124
f160/
f166/
f170
f174
f220
f23/
f230/
f266/
f291/
f293
f30/
f75/
f8
f80
f85
n107/
n108/
n112
n116/
n26/
n40/
n44
n49
n56
n73
n79/
n81/
n89
n98
Invalid operation
d0
d120
d138/
d282/
d43
d52/
d65
f107/
f116/
f127
f13
f189
f215/
f236/
f24/
f293/
f37/
f65/
d0
d120
d138/
d282/
d43
d52/
d65
f107/
f116/
f127
f13
f189
f215/
f236/
f24/
f293/
f37/
f65/
Invalid operation
/d135/d120
d120:y4j35tk8da-e4mh eehbh53mu ga0s19n21 lgs ayxx 8508q.r3tt79e2fi7.54dxu_ u..4tb6-x2u1ubu6siz-p22mm8
Invalid operation
d0
d120
d138/
d282/
d43
d52/
d65
f107/
f116/
f127
f13
f189
f215/
f236/
f24/
f293/
f37/
f65/
f189:00
Invalid operation
f189:00 00
d120
d138/
d282/
d43
d52/
d65
f107/
f116/
f127
f13
f189
f215/
f236/
f24/
f293/
f37/
f65/
Invalid operation
d120:y4j35tk8da-e4mh eehbh53mu ga0s19n21 lgs ayxx 8508q.r3tt79e2fi7.54dxu_ u..4tb6-x2u1ubu6siz-p22mm8v
Invalid operation
f236:dir:0
d109:96
d185:27
d275:15
Null
d109:96
d185:27
d275:15
d109:96
d185:27
d275:15
Invalid operation
Invalid operation
d1/
d105/
d109
d12/
d135/
d141
d149/
d163/
d168/
d17/
d185
d201
d21/
d221/
d275
d276
d280/
d70/
d78/
d80/
f0/
f111/
f129/
f143
f144
f153
f175/
f185/
f188
f205/
f208
f219/
f226/
f236/
f239
f24/
f240/
f246/
f254
f256/
f267
f27
f294/
f35/
f40
f5/
f56/
f60/
f61/
f63/
f76/
n105/
n22/
n48
n58/
n74/
n86/
n88/
d109:96
d185:35
d275:15
f5:dir:0
d109:96
d185:35
d275:15
Invalid operation
d109:xllqu2qzla38shimxxxzyixb7fryxg0f-oxlz1c lo6pw.hxgden-xn1a6tz-sp_rt82h0gyu2u- t81arp. 7ik38-w4cjz
d185:00 24 F4 F1 5B 01 62 68 D5 DE 00 C2 00 00 00 00 00 2F 0F 4F 05
d109:xllqu2qzla38shimxxxzyixb7fryxg0f-oxlz1c lo6pw.hxgden-xn1a6tz-sp_rt82h0gyu2u- t81arp. 7ik38-w4cjz
d109:96
d185:34
d275:15
Invalid operation
/d109
Invalid operation
Invalid operation
d185:00 54 F5 5A 5A 01 62 68 D5 DE 00
f90:xa1iyqehd66xcxyubuk0gaip3p3anxxnjmnmb6
Invalid operation
f90:xa1iyqehd66xcxyubuk0gaip3p3anxxnjmnmb6
f90:txt:38
Invalid operation
d136
d299/
d136:txt:22
n95
Invalid operation
d284:92 82 E9
d136
d299/
n71
d136:txt:23
Invalid operation
d136:txt:23
d136:23
d136
d208
d299/
n71
d136
d208
d299/
n71
Invalid operation
d284:A0 92 82 E9
d215
d284
d287/
d296/
d61
d91/
d96
f127/
f132
f183/
f234
f247/
f252/
f58
f84/
f90
f96/
Null
f90:txt:65
d284:00 AD
d284:AD
Invalid operation
Invalid operation
f240:13
f22:dir:0
d284:00 00 A0 92
d284:E9 00
d240/
f22/
f240
n40
n59/
f240:gz49vry8l6zbrt_6rkpbr
d284:E9
Invalid operation
Invalid operation
Null
d240/
d83/
f22/
f240
n102/
n40
n59/
d240/
d83/
f22/
f240
n102/
n40
n59/
d240/
d83/
f22/
f240
n102/
n40
n59/
f22:dir:0
d240/
d83/
f22/
f240
n102/
n40
n59/
Invalid operation
/n105/d91/f240
Invalid operation
Invalid operation
d132/
d83/
f143/
f22/
f232
f240
f33/
f8/
n102/
n40
n59/
f232:53 C6 BD 00
d107
d132/
d83/
f143/
f22/
f232
f240
f33/
f8/
n102/
n40
n59/
d215
d284
d287/
d296/
d61
d91/
d96
f132
f183/
f247/
f252/
f27
f58
f84/
f90
n77
Null
d109:96
d185:31
d275:15
d109:96
d185:31
d275:15
Invalid operation
d109:110
d185:33
d275:15
d109:110
d185:33
d275:15
f27:12
d141:10
d1/
d105/
d109
d12/
d135/
d141
d149/
d163/
d168/
d17/
d185
d199
d201
d21/
d221/
d275
d276
d280/
d70/
d78/
d80/
f0/
f111/
f129/
f143
f144
f153
f175/
f185/
f188
f205/
f208
f219/
f226/
f236/
f239
f24/
f240/
f246/
f254
f256/
f267
f27
f294/
f35/
f40
f5/
f56/
f60/
f61/
f63/
f76/
n105/
n22/
n28/
n48
n58/
n74/
n86/
n88/
d109:110
d185:31
d275:15
d109:110
d185:31
d275:15
d109:117
d185:31
d275:15
Invalid operation
Invalid operation
d185:00 00 00 00 00 2F 0F 4F
Invalid operation
d1/
d105/
d109
d12/
d135/
d149/
d163/
d168/
d17/
d185
d199
d201
d21/
d221/
d275
d276
d280/
d70/
d78/
d80/
f0/
f111/
f129/
f143
f144
f153
f175/
f185/
f188
f205/
f208
f219/
f226/
f236/
f239
f24/
f240/
f246/
f254
f256/
f267
f27
f294/
f35/
f40
f5/
f56/
f60/
f61/
f63/
f76/
n105/
n22/
n28/
n48
n58/
n74/
n86/
n88/
Invalid operation
d109:xllqu2qzla38shimxxxzyixb7fryxg0f-oxlz1c lo6pw.hxgden-xn1a6tz-sp_rt82h0gyu2u- t81arp. 7ik38-w4cjzte6.cgb46t5esf3x8bfb.mpim7
Invalid operation
f27:dw9c.5hm4hkh
Invalid operation
Invalid operation
Invalid operation
/f76/f155
Invalid operation
Invalid operation
f155:31
d36:8
f139:5
n37:5
f299:0
n93:0
Invalid operation
d185:50 8E 00 54 F5 5A 5A 01 62
f27:dw9c.5hm4hkhf1mu2r6p4nb9o0pd
d185:5A 01 62 68 D5 DE 00 C2 00 83 CB 81 E8 43 58 FD B9 00 00
d185:B4 6F 21 50 8E 00 54 F5 5A 5A 01 62 68 D5 DE 00 C2 00 83 CB 81 E8 43 58 FD B9
n73
Null
n56
Invalid operation
n56:bin:5
Invalid operation
n56:00 00 00
d109:122
d185:33
f27:28
d275:15
Invalid operation
Invalid operation
Invalid operation
Invalid operation
Invalid operation
Invalid operation
d230
f136/
f195/
f281
f281:8B
Invalid operation
Invalid operation
f281:14
d230:1
d230
f281
n6/
f281:13
d230:1
Invalid operation
Null
d35
n44
/n86/n6/d82/d35
/n86/n6/d82/d35
Invalid operation
d35
n44
d35:txt:0
d35
n44
d35:
d35:txt:0
f281:00 DC FF E6 42 FE
Invalid operation
d82/
f173
d82/
f173
Invalid operation
f281:1C C6 83 6B 75 00 3F 7D 74 8B 5A D4 7F C3 BB CA
Invalid operation
d190
d82/
f173
Invalid operation
Invalid operation
f281:20
/n86/n6/f173
Invalid operation
f265/
f72
Invalid operation
/n86/n6/d82/f72
Invalid operation
Invalid operation
d68
f154/
f265/
f72
d68
f265/
f72
f72:.8ks75_6hw
Invalid operation
f72:.8ks75_6hw
Invalid operation
f179/
d137
f217/
f217/
f281:56
n4:dir:0
d202
d241/
n4/
n55
d202
d241/
n4/
n55
d202
d241/
n55
f281:56 87 00 00 00 00 00
f72:.8ks75_6hw
Invalid operation
d157/
n92
d157/
d88
f232
n92
Invalid operation
Invalid operation
n92:
d132:8
f232:0
n92:0
d130:
d130:
d130:0
d132:78
d130
d133
Invalid operation
d130:
f100:2
d130:0
d133:0
d105/
d132
d157/
d254
d95/
f232
n31/
n92
Invalid operation
n92:
/n86/n6/d82/d96/n92
Invalid operation
f265:dir:0
d105/
d157/
d254
d95/
f232
n31/
n92
Invalid operation
f281:77 40 49 30 F1 E1 4F DD 56 87 00 00 00 00 00
f281:00
f72:.8ks75_6hwevet1942 .o1
d68
d96/
f265/
f72
Invalid operation
Invalid operation
d228
d68
d96/
f265/
f72
d228
d67/
d68
d96/
f109
f111/
f181
f265/
f72
f84/
Invalid operation
Invalid operation
d185:83 CB 81 3D 85 58
d185:FD B9 00 00
Invalid operation
Invalid operation
d109:122
f27:38
d185:33
d275:15
f254:6
d1/
d105/
d109
d116
d12/
d135/
d149/
d163/
d168/
d17/
d185
d199
d201
d209/
d21/
d221/
d275
d276
d280/
d70/
d78/
d80/
f0/
f111/
f143
f144
f153
f175/
f185/
f188
f205/
f208
f219/
f226/
f236/
f239
f24/
f240/
f246/
f254
f256/
f267
f27
f35/
f40
f5/
f60/
f61/
f76/
n105/
n22/
n28/
n48
n58/
n72/
n74/
n86/
n88/
Invalid operation
n73:bin:40
d149
d153
d155
d178
d181
d195
d203
d207/
d243/
d256
d279/
d50/
d65
d77/
d8/
f101/
f103/
f112
f113
f124
f160/
f166/
f170
f174
f220
f23/
f230/
f266/
f291/
f293
f30/
f75/
f8
f80
f85
n107/
n108/
n112
n116/
n26/
n40/
n44
n49
n5
n56
n73
n79/
n81/
n89
n98
Invalid operation
Invalid operation
Invalid operation
Invalid operation
Invalid operation
Invalid operation
Invalid operation
n73:0A A9 20 CF 36 62
Invalid operation
Invalid operation
/f185/n98
d149
d153
d155
d178
d181
d195
d203
d207/
d243/
d256
d279/
d50/
d65
d77/
d8/
f101/
f103/
f112
f113
f124
f160/
f166/
f170
f174
f220
f23/
f230/
f266/
f291/
f293
f30/
f75/
f8
f80
f85
f9
n107/
n108/
n112
n116/
n26/
n40/
n44
n49
n5
n56
n73
n79/
n81/
n89
n98
Invalid operation
Invalid operation
/f185/n73
n73:bin:44
Invalid operation
Invalid operation
d149
d153
d155
d178
d181
d195
d203
d207/
d243/
d256
d278/
d279/
d50/
d57
d65
d77/
d8/
f101/
f103/
f112
f113
f124
f160/
f166/
f170
f174
f176
f220
f23/
f230/
f235
f266/
f291/
f293
f30/
f75/
f8
f80
f81/
f85
f9
n107/
n108/
n112
n116/
n26/
n40/
n44
n49
n5
n56
n73
n79/
n81/
n89
n98
/f185/n73
d149
d153
d155
d178
d181
d195
d203
d207/
d243/
d256
d278/
d279/
d50/
d57
d65
d77/
d8/
f101/
f103/
f112
f113
f124
f160/
f166/
f170
f174
f176
f220
f23/
f230/
f235
f266/
f291/
f293
f30/
f36
f75/
f8
f80
f81/
f85
f9
n107/
n108/
n112
n116/
n26/
n40/
n44
n49
n5
n56
n73
n79/
n81/
n89
n98
d149
d153
d155
d178
d181
d195
d203
d207/
d243/
d256
d278/
d279/
d50/
d57
d65
d77/
d8/
f101/
f103/
f112
f113
f124
f160/
f166/
f170
f174
f176
f220
f23/
f230/
f235
f266/
f291/
f293
f30/
f36
f47/
f75/
f8
f80
f81/
f85
f9
n107/
n108/
n112
n116/
n26/
n40/
n44
n49
n5
n56
n73
n79/
n81/
n85
n89
n98
n73:44
d155:17
n5:16
n73:44
d155:17
n5:16
n112:15
n98:15
d181:12
d149:10
d195:10
n73:44
d155:17
n5:16
n73:44
d155:17
n5:16
Null
n73:43
d155:17
n5:16
Null
d127:
d127:txt:1
n73:10 00 E9 B9 3B 5D B8 D5 9E 69 74 56 AF 9A BD 5F
Invalid operation
Invalid operation
n73:42
d155:17
n5:16
n112:15
n73:42
d155:17
n5:16
n73:bin:42
n73:42
d155:17
n5:16
n73:42
d155:17
n5:16
Invalid operation
d149
d153
d155
d178
d181
d195
d203
d207/
d243/
d256
d278/
d279/
d50/
d57
d65
d77/
d8/
f101/
f103/
f112
f113
f124
f160/
f166/
f170
f174
f176
f220
f23/
f230/
f235
f266/
f287
f291/
f293
f30/
f36
f47/
f60/
f8
f80
f81/
f85
f9
n107/
n108/
n112
n116/
n26/
n40/
n44
n49
n5
n56
n73
n81/
n85
n89
n98
Invalid operation
Invalid operation
Invalid operation
n73:42
d155:17
n5:16
d1/
d105/
d109
d116
d12/
d135/
d149/
d163/
d168/
d17/
d185
d199
d201
d209/
d21/
d221/
d275
d276
d280/
d70/
d78/
d80/
f0/
f111/
f143
f144
f153
f175/
f185/
f188
f205/
f208
f219/
f226/
f236/
f239
f24/
f240/
f246/
f254
f256/
f267
f27
f35/
f40
f5/
f60/
f61/
f76/
n105/
n22/
n28/
n48
n58/
n72/
n74/
n86/
n88/
d109:122
d185:30
f27:29
f5:dir:0
Invalid operation
d223
f150
Invalid operation
f150:bin:19
Invalid operation
/f185/d279/f150
Invalid operation
d149
d153
d155
d178
d181
d195
d203
d207/
d243/
d256
d278/
d279/
d50/
d57
d65
d77/
d8/
f101/
f103/
f112
f113
f124
f160/
f166/
f170
f174
f176
f220
f23/
f230/
f235
f266/
f287
f291/
f293
f30/
f36
f47/
f60/
f75/
f8
f80
f81/
f85
f9
n107/
n108/
n112
n116/
n26/
n40/
n44
n49
n5
n56
n73
n81/
n85
n89
n98
Invalid operation
Invalid operation
n73:42
d155:17
n5:16
/f185/n73
Invalid operation
Null
Invalid operation
Invalid operation
n73:42
d155:17
n5:16
Invalid operation
n73:6C
d160
d175
f241
d160
d175
d44
f241
n73:5D B8 D5 9E 69 74 56 AF 9A BD 5F 0A
d160:16
n66:1
d175:0
d160:16
d160
d175
n66
Invalid operation
n73:42
d155:17
n5:16
d15:0
d15
n73:28 B7 10 00 E9 B9 3B 5D B8 D5 9E 69 74 56 AF 9A BD 5F 0A FB 9E DC 54 30 25
d149
d153
d155
d178
d181
d195
d203
d207/
d243/
d256
d278/
d279/
d50/
d57
d65
d77/
d8/
f101/
f103/
f112
f113
f124
f160/
f166/
f170
f174
f176
f220
f23/
f230/
f235
f266/
f287
f291/
f293
f30/
f36
f47/
f60/
f75/
f8
f80
f81/
f85
f9
n107/
n108/
n112
n116/
n26/
n40/
n44
n49
n5
n56
n73
n81/
n85
n89
n98
Invalid operation
Invalid operation
Invalid operation
Invalid operation
n73:44
d155:17
n5:16
n73:44
d155:17
n5:16
n73:44
d155:17
n5:16
d1/
d105/
d109
d116
d12/
d135/
d149/
d163/
d168/
d17/
d185
d199
d201
d209/
d21/
d221/
d275
d276
d280/
d70/
d78/
d80/
f0/
f111/
f143
f144
f153
f175/
f185/
f188
f205/
f208
f219/
f226/
f236/
f239
f24/
f240/
f246/
f254
f256/
f267
f27
f35/
f40
f5/
f60/
f61/
f76/
n105/
n22/
n28/
n48
n58/
n72/
n74/
n86/
n88/
f27:dw9c.5hm4hkhf1mu2r6p4nb9o0pdx
Invalid operation
f5:dir:0
Invalid operation
d109:122
d185:32
f27:29
d109:122
d185:32
f27:29
Invalid operation
Invalid operation
d1/
d105/
d109
d116
d12/
d135/
d149/
d163/
d168/
d17/
d185
d189/
d199
d201
d209/
d21/
d221/
d275
d276
d280/
d33
d70/
d78/
d80/
f0/
f111/
f143
f144
f153
f175/
f185/
f188
f205/
f208
f219/
f226/
f236/
f239
f24/
f240/
f246/
f254
f256/
f267
f27
f35/
f40
f5/
f60/
f61/
f76/
n105/
n22/
n28/
n48
n58/
n72/
n74/
n86/
n88/
d1/
d105/
d109
d116
d12/
d135/
d149/
d163/
d168/
d17/
d185
d189/
d199
d201
d209/
d21/
d221/
d275
d276
d280/
d33
d70/
d78/
d80/
f0/
f111/
f143
f144
f153
f175/
f185/
f188
f205/
f208
f219/
f226/
f236/
f239
f24/
f240/
f246/
f254
f256/
f267
f27
f35/
f40
f5/
f60/
f61/
f76/
n105/
n22/
n28/
n48
n58/
n72/
n74/
n86/
n88/
d1/
d105/
d109
d116
d12/
d135/
d149/
d163/
d168/
d17/
d185
d189/
d199
d201
d209/
d21/
d221/
d275
d276
d280/
d33
d70/
d78/
d80/
f0/
f111/
f143
f144
f153
f175/
f185/
f188
f205/
f208
f219/
f226/
f236/
f239
f24/
f240/
f246/
f254
f256/
f267
f27
f35/
f40
f5/
f60/
f61/
f76/
n105/
n22/
n28/
n48
n58/
n72/
n74/
n86/
n88/
d185:2F 53 5F 69 3F 3D 85 58 FD
d109:122
f27:40
d185:30
d109:122
f27:40
d185:30
Invalid operation
d1/
d105/
d109
d116
d12/
d135/
d149/
d163/
d168/
d17/
d185
d189/
d199
d201
d209/
d21/
d221/
d275
d276
d280/
d33
d70/
d78/
d80/
f0/
f111/
f143
f144
f153
f175/
f185/
f188
f205/
f208
f219/
f226/
f236/
f239
f24/
f240/
f246/
f254
f256/
f267
f27
f35/
f40
f5/
f60/
f61/
f76/
n105/
n22/
n28/
n48
n58/
n72/
n74/
n86/
n88/
d185:64 22 5A 01 62 68 D5 DE 00 2F 53 5F
d185:00 2F
d109:122
d185:32
f27:29
Invalid operation
d243/
d25/
d256
f132
f135
f197
f228/
n4/
f132:76 67 29 6F DF D9 F9
Invalid operation
f197:txt:50
f132:00 00 00
d243/
d256
f132
f135
f228/
n4/
d256:
d243/
d256
f132
f135
f228/
n4/
/d168/d256
d182:2C 00 00 87 3C
Null
d109:122
d185:32
f27:29
d109:122
d185:32
f27:30
Invalid operation
d109:122
d185:32
f27:29
d182:E3
d182
d243/
d256
f135
f197
f228/
f242
f73
n4/
Invalid operation
d182
d243/
d256
f135
f197
f228/
f242
f73
n4/
d256:x
d1/
d105/
d109
d116
d12/
d135/
d149/
d163/
d168/
d17/
d185
d189/
d199
d201
d209/
d21/
d221/
d275
d276
d280/
d33
d70/
d78/
d80/
f0/
f111/
f143
f144
f153
f175/
f185/
f188
f205/
f208
f219/
f226/
f236/
f239
f24/
f240/
f246/
f254
f256/
f267
f27
f35/
f40
f5/
f60/
f61/
f76/
n105/
n22/
n28/
n48
n58/
n72/
n74/
n86/
n88/
Invalid operation
d109:122
d185:34
f27:33
Invalid operation
d109:122
f27:35
d185:34
/f27
d109:122
d185:43
f27:40
Invalid operation
d109:122
d185:43
f27:40
d109:122
d185:43
f27:40
Invalid operation
f5:dir:0
d185:2B 54
Invalid operation
Invalid operation
d185:61 B4 6F 9D 09 A6 CC 2C 13 80 E1 01 62 68 D5 DE 00 D5 53 5F 69 3F 3D
d109:122
f27:56
d185:44
d109:122
f27:56
d185:44
d1/
d105/
d109
d116
d12/
d135/
d149/
d163/
d168/
d17/
d185
d199
d201
d209/
d21/
d221/
d275
d276
d280/
d33
d70/
d78/
d80/
f0/
f111/
f143
f153
f175/
f185/
f188
f205/
f219/
f226/
f236/
f239
f24/
f240/
f241/
f246/
f254
f256/
f267
f27
f35/
f40
f5/
f60/
f61/
f76/
n105/
n22/
n28/
n48
n51/
n58/
n72/
n73
n74/
n86/
n88/
Invalid operation
f27:dw9c.5hm4hkhf1mu2r6p4nb9o0pdxa3.hxxmondxmmy-fpgr4m384zyq
d185:A9 00 A9
d185:71 70 14 E4 61 B4 6F
d185:3F 3D 85 02 93 0A FA 4A A9 00 A9 37 0B 2B 54 B5 45
Invalid operation
Invalid operation
Invalid operation
Invalid operation
Invalid operation
d109:122
f27:57
d185:44
Invalid operation
Invalid operation
d9:j_o
d9
d9:md:3
d109:122
f27:57
d185:44
d109:122
f27:57
d185:44
d109:122
f27:57
d185:44
d9
Invalid operation
/d234/d9
d9:j_o
d9
f261
n12
n55
d9
f261
n12
n55
d31
f220
f261
n12
n55
d185:5F 69 3F 3D 79 CE F5 DC FA 4A A9 00 A9 F2 AA A0 84 B5 45 13 00
Invalid operation
f27:dw9c.5hm4hkhf1mu2r6p4nb9o0pdxa3.hxxmondxmmy-fpgr4m384zyqx
Invalid operation
/f27
Invalid operation
d1/
d105/
d109
d116
d12/
d135/
d149/
d163/
d168/
d17/
d185
d199
d201
d209/
d21/
d221/
d234/
d275
d276
d280/
d33
d70/
d78/
d80/
f0/
f111/
f143
f153
f164/
f175/
f185/
f188
f205/
f219/
f226/
f236/
f239
f24/
f240/
f246/
f254
f256/
f267
f27
f35/
f5/
f60/
f61/
f76/
n105/
n22/
n28/
n48
n51/
n58/
n72/
n73
n74/
n86/
n88/
f27:dw9c.5hm4hkhf1mu2r6p4nb9o0pdxa3.hxxmondxmmy-fpgr4m384zyqx
d109:122
f27:58
d185:50
d139
d139
f172/
f279/
Invalid operation
d139
f279/
f27:dw9c.5hm4hkhf1mu2r6p4nb9o0pdxa3.hxxmondxmmy-fpgr4m384zyqxx
Invalid operation
d109:122
f27:58
d185:50
d109:122
f27:58
d185:48
d109:122
f27:58
d185:48
d1/
d105/
d109
d116
d12/
d135/
d149/
d163/
d168/
d17/
d185
d199
d201
d209/
d21/
d221/
d234/
d275
d276
d280/
d33
d70/
d78/
d80/
f0/
f111/
f143
f153
f164/
f175/
f185/
f188
f205/
f219/
f226/
f236/
f239
f24/
f240/
f246/
f254
f256/
f267
f27
f35/
f5/
f60/
f61/
f76/
n105/
n22/
n28/
n48
n51/
n58/
n72/
n73
n74/
n86/
n88/
Invalid operation
d109:122
f27:58
d185:47
d109:122
f27:58
d185:47
d109:122
f27:58
d185:47
Invalid operation
d109:122
f27:58
d185:47
d109:122
f27:58
d185:47
Invalid operation
d285:13
d136:7
d119:6
d119
d136
d285
n11/
d119
d136
d285
n11/
n92/
d285:13
Invalid operation
/d70/d136
Invalid operation
d136:79 8C E8 DD 33 D0 E3 3E 38
Invalid operation
Invalid operation
Invalid operation
d136:3E 38 AB 73
d136:bin:18
d136:DD 33 D0 E3
Invalid operation
/f27
f27:dw9c.5hm4hkhf1mu2r6p4nb9o0pdxa3.hxxmondxmmy-fpgr4m384zyqxx
Invalid operation
d109:122
f27:65
d185:47
d109:122
f27:65
d185:47
/f27
Invalid operation
d109:122
f27:65
d185:47
d275:15
d33:15
Invalid operation
/f27
Invalid operation
Invalid operation
f27:dw9c.5hm4hkhf1mu2r6p4nb9o0pdxa3.hxxmondxmmy-fpgr4m384zyqxxzae6b-ox
d109:122
f27:66
d185:45
f27:dw9c.5hm4hkhf1mu2r6p4nb9o0pdxa3.hxxmondxmmy-fpgr4m384zyqxxzae6b-ox
Invalid operation
f5:dir:0
Invalid operation
f178/
n33/
f178/
f59
f85
n33/
d270
f178/
f59
f85
n33/
f59:h7zclwvsis4n
Invalid operation
f178:dir:0
d270:00
Null
Invalid operation
d270
d47
f178/
f221/
f85
Invalid operation
/f61/d184/f85
/f61/d184/f85
d270
d47
f178/
f221/
f85
Invalid operation
d47:2E
f178:dir:0
Invalid operation
d11
d179/
d270
d47
f166
f178/
f221/
f30
f56
f85
d47:19
d11
d179/
d270
d47
f166
f178/
f221/
f30
f56
f85
n21/
f178:dir:0
Invalid operation
d47:74 55 19 C7
d11
d179/
d270
d47
f166
f178/
f233
f30
f56
f85
n21/
Invalid operation
/f61/d184/f4/f261
f29:A4 EA
Invalid operation
/f61/d184/f4/f37/f29
Invalid operation
Invalid operation
d168/
Null
Invalid operation
Null
Invalid operation
d168/
Invalid operation
Invalid operation
f29:00 00 00 63 19 1B A3
d168:dir:0
Invalid operation
f29:BB 4F
Null
Invalid operation
Invalid operation
Invalid operation
d168/
d26
d283/
d64/
d81/
f167/
f168
f274
f288/
d168/
d26
d283/
d64/
d81/
f167/
f168
f274
f288/
Invalid operation
d223
d275
d275:9.8de9_e_
Invalid operation
f29:5C 26
Invalid operation
d168/
d26
d64/
d79
d81/
f167/
f194
f288/
Invalid operation
d30/
f29
f29:bin:31
Invalid operation
d30/
f29
Invalid operation
f29:bin:31
d168/
d26
d64/
d79
d81/
f167/
f194
f288/
Invalid operation
Invalid operation
n112:a ax7 x
d30/
n112
d30/
n112
d47:46
d30/
n112
Invalid operation
d208
d221
d258/
f204/
f220
f260
f261
f37/
f6
n51
Invalid operation
d208
d221
d258/
f204/
f220
f260
f261
f37/
f6
n51
n71/
Invalid operation
f261:txt:11
f261:2f30.wqj5d 
Null
d171/
d208
d221
d258/
f204/
f220
f229
f260
f261
f37/
f5
f6
n51
n71/
Invalid operation
f85:c-qyt0011wlssfds bliyxxx
f178:dir:0
Invalid operation
Invalid operation
Invalid operation
d168:dir:0
Invalid operation
Invalid operation
Invalid operation
d47:B1 63
Invalid operation
Invalid operation
Invalid operation
d154:C0 F9
Invalid operation
d153/
d154
f125/
d153/
d154
d256/
f125/
Invalid operation
d153:dir:0
f12:11
d154:5
Invalid operation
f120:0
d154:BB C0 F9
d153/
d154
d256/
f12
f125/
d153/
d154
d214
d256/
f12
f125/
f158
f30
d154:BB C0
d153/
d154
d214
d256/
d49/
f12
f125/
f158
f30
d154:BB C0
f120:
d153/
d154
d214
d256/
d49/
f12
f125/
f158
Invalid operation
Invalid operation
d153/
d154
d214
d256/
d49/
f12
f125/
/f61/d184/f178/f243/d154
d153/
d154
d176
d214
d256/
d49/
f12
f242
d153/
d154
d176
d214
d256/
d49/
f12
f242
Invalid operation
d153:dir:0
Invalid operation
d168:dir:0
Invalid operation
Invalid operation
Invalid operation
Invalid operation
Invalid operation
Invalid operation
Invalid operation
f33:E0
Invalid operation
d168/
d224
d281/
f243/
f245/
f295
f33
n15/
f33:48 5D F2
d117
d168/
d224
d281/
f243/
f295
f33
n15/
d224:17
f295:8
f33:6
d117:0
f33:0C 48 5D F2 E0 49 00
f33:E0 49 00
Invalid operation
Invalid operation
Invalid operation
Invalid operation
d117
d12/
d168/
d224
d273/
d281/
f108/
f165
f243/
f295
f33
f72/
n15/
n33
Invalid operation
d117
d12/
d168/
d224
d273/
d281/
f108/
f131
f165
f243/
f295
f33
f72/
n33
Invalid operation
Invalid operation
Invalid operation
Invalid operation
/f61/d184/f178/f33
d117
d168/
d201
d218/
d224
d273/
d281/
d44/
f131
f165
f243/
f295
f33
f58/
f72/
f92
n33
d117
d168/
d201
d218/
d224
d273/
d281/
d44/
d68
f131
f165
f243/
f295
f33
f58/
f72/
f92
n33
d117
d168/
d201
d218/
d224
d273/
d281/
d44/
d68
f131
f165
f243/
f295
f33
f58/
f72/
f92
n33
Null
d11
d179/
d270
d34
d47
f166
f178/
f233
f30
f4/
f56
n21/
Invalid operation
Invalid operation
/f61/d184/d47
d11
d179/
d270
d34
d47
f117/
f166
f178/
f233
f30
f4/
f56
n103
n21/
n68
d47:75 5B FD 7B 88 DA FF
d47:63 C2
d106/
d179/
d270
d34
d47
f166
f178/
f233
f30
f4/
f56
n103
n21/
n68
Invalid operation
Invalid operation
f178:dir:0
f56:13
d11:8
d270:6
f30:4
n103:2
Invalid operation
Invalid operation
d270:68 00 00
Invalid operation
Invalid operation
Invalid operation
f62
f254/
f62
f62:F9 7B 77 37 6E DC D9
f62:CC
/f61/d184/d3/f62
Invalid operation
Invalid operation
Invalid operation
f62:37 6E DC D9 CC
Invalid operation
d115:91
/f61/d184/d3/f254/d115
d115:68 64
d115
f290
Invalid operation
Invalid operation
Invalid operation
f254/
d110
d115
f290
n65
d270:F5 45 7B 47
Invalid operation
Invalid operation
d270:45 7B 47
f166/
f254/
f178:dir:0
Invalid operation
Invalid operation
Invalid operation
d270:7B
f178:dir:0
Invalid operation
d30:f.vvduotlj0_6upx3
Invalid operation
Invalid operation
d256
Invalid operation
Invalid operation
Invalid operation
d106/
d11
d179/
d231
d270
d3/
d44
d46
d69
d70
f110/
f14/
f178/
f207/
f233
f274/
f30
f4/
f56
f58/
n103
n111
n21/
n68
n9
Invalid operation
Invalid operation
d101:dir:0
Invalid operation
d101/
d150
d184/
d262/
d283
f27:dw9c.5hm4hkhf1mu2r6p4nb9o0pdxa3.hxxmondxmmy-fpgr4m384zyqxxzae6b-oxx
Invalid operation
Invalid operation
f5:dir:0
d109:122
f27:70
d185:48
d109:122
f27:70
d185:48
d1/
d105/
d109
d116
d12/
d135/
d149/
d163/
d168/
d17/
d185
d199
d201
d209/
d21/
d221/
d234/
d275
d276
d280/
d33
d70/
d78/
d80/
f0/
f111/
f143
f164/
f175/
f185/
f188
f205/
f219/
f226/
f236/
f239
f24/
f240/
f245/
f246/
f254
f256/
f267
f27
f35/
f5/
f60/
f61/
f76/
n105/
n22/
n28/
n48
n51/
n58/
n72/
n73
n74/
n86/
n88/
Null
d101/
d150
d184/
d199/
d262/
d283
d101/
d150
d184/
d199/
d262/
d283
Invalid operation
d120
d13
d138/
d282/
d43
d52/
d65
f107/
f116/
f127
f13
f189
f215/
f236/
f24/
f293/
f37/
f65/
n0
d109:122
f27:67
d185:48
Invalid operation
d101/
d184/
d199/
d262/
d101:dir:0
d185:14 E4 61 B4 6F 9D 09 A6 CC 2C 13 80 E1 01 62 68 D5 DE 00 D5 53 5F 69 3F 3D 79 CE F5 DC FA 4A A9 00
d101/
d184/
d262/
f198/
Invalid operation
Invalid operation
d185:CE F5 DC FA 4A A9 C1
d101/
d184/
d262/
f198/
d109:122
f27:85
d185:42
Invalid operation
d185:6F 9D 09 A6 CC 2C 13 80 E1 01 62 68 D5 DE 00
Invalid operation
Invalid operation
Null
d109:122
f27:85
d185:44
d1/
d105/
d109
d116
d12/
d135/
d149/
d163/
d168/
d17/
d185
d199
d201
d209/
d21/
d221/
d234/
d275
d276
d280/
d33
d70/
d78/
d80/
f0/
f111/
f143
f164/
f175/
f185/
f188
f205/
f219/
f226/
f236/
f239
f24/
f240/
f245/
f246/
f254
f256/
f267
f27
f35/
f5/
f60/
f61/
f76/
n105/
n22/
n28/
n48
n51/
n58/
n72/
n73
n74/
n86/
n88/
d149
d153
d155
d178
d181
d195
d203
d207/
d243/
d256
d278/
d279/
d50/
d57
d65
d77/
d8/
f101/
f103/
f111
f113
f124
f160/
f166/
f170
f174
f176
f220
f23/
f230/
f235
f266/
f287
f291/
f293
f30/
f36
f47/
f60/
f75/
f8
f80
f81/
f85
f9
n107/
n108/
n112
n116/
n26/
n40/
n44
n49
n5
n56
n73
n81/
n85
n89
n98
d149
d153
d155
d178
d181
d195
d203
d207/
d243/
d256
d278/
d279/
d50/
d57
d65
d77/
d8/
f101/
f103/
f111
f113
f124
f160/
f166/
f170
f174
f176
f220
f23/
f230/
f235
f266/
f287
f291/
f293
f30/
f36
f47/
f60/
f75/
f8
f80
f81/
f85
f9
n107/
n108/
n112
n116/
n26/
n40/
n44
n49
n5
n56
n73
n81/
n85
n89
n98
n73:44
d155:17
n5:16
n73:44
d155:17
n5:16
d149
d153
d155
d178
d181
d195
d203
d207/
d243/
d256
d278/
d279/
d50/
d57
d65
d77/
d8/
f101/
f103/
f111
f113
f124
f160/
f166/
f170
f174
f176
f220
f23/
f230/
f235
f266/
f287
f291/
f293
f30/
f36
f47/
f60/
f75/
f8
f80
f81/
f85
f9
n107/
n108/
n112
n116/
n26/
n40/
n44
n49
n5
n56
n73
n81/
n85
n89
n98
Invalid operation
d109:122
f27:85
d185:43
f27:dw9c.5hm4hkhf1mu2r6p4nb9o0pdxa3.hxxmondxmmy-fpgr4m384zyqxxzae6b-oxxnf7 u87x1jy-a_ldu7
Invalid operation
Invalid operation
Invalid operation
f295:A0 4D DE 3D
d109:122
f27:85
d185:43
/f27
d109:122
f27:85
d185:43
Invalid operation
d109:122
f27:92
d185:46
d275:15
Invalid operation
d156
d158
d17/
d180
d198/
d203/
d204/
d210
d238/
d249/
d276
d59/
d62/
d73
d81/
f117/
f139
f187/
f189
f238
f25
f254
f57
f83
n61
n7
Invalid operation
/f24/d62/f108
d122/
d185
d196
d22
d234
d286/
d293/
d6/
f108
f153/
f182/
f237/
f298
f38
f77
n80/
Invalid operation
d234:07 79
d122/
d185
d196
d22
d234
d286/
d293/
d6/
f108
f153/
f182/
f198/
f237/
f298
f38
f77
n80/
f108:b8o-86_e.1xw66z.9m3glqtyqk25e1as52qza06ltxt8zvn8_sq4xi1y8linewr8p5n.b3n3bmg58-53txchs
Invalid operation
d122/
d185
d196
d22
d234
d286/
d293/
d6/
f108
f153/
f182/
f198/
f237/
f298
f38
f77
f79
n80/
Invalid operation
f57:2.b-nux7a
Invalid operation
Invalid operation
Invalid operation
d109:122
f27:98
d185:46
d109:122
f27:92
d185:46
d109:122
f27:92
d185:46
d109:122
f27:92
d185:45
Invalid operation
Invalid operation
d109:122
f27:92
d185:45
Invalid operation
f215:v4fomrp_eku3djph5t7s6wulvo26l.x
Invalid operation
f215:31
d258:22
n79:15
f125:7
f91:3
f9:0
n98:0
d258:DF 1A 44 8C 00 00 00 CB BD 59 20 B2
Invalid operation
d109:122
f27:92
Invalid operation
f27:dw9c.5hm4hkhf1mu2r6p4nb9o0pdxa3.hxxmondxmmy-fpgr4m384zyqxxzae6b-oxxnf7 u87x1jy-a_ldu7s_-xis3zz66u va13xjuigp
d185:14 E4 61 B4 6F 9D EC A6 CC 2C 13 80 E1 01 62 68 D5 DE 00 D5 C7 A4 E0 3F 3D 79 CE F5 DC FA 4A A9 C1 3C DA 55 A2
Invalid operation
d100:p2w22.-uf2kak1ycg0ga6347cepmk j8m-a2m1lorqwj3o.xxvbrklgb
/d163/d100
Invalid operation
d100
d135
d144/
d145/
d21
d213/
d282/
d294
d41
d6/
d84/
f156
f159/
f178/
f275/
f36/
n106/
n14/
d100
d135
d144/
d145/
d184/
d21
d213/
d282/
d294
d41
d6/
d84/
f149
f156
f159/
f178/
f275/
f36/
n106/
n14/
Invalid operation
Invalid operation
d185:DA 55 A2 25 6E DB 2E C6 BC
d185:DA 55 A2 25 6E DB
d109:122
f27:108
d185:45
d275:15
d33:15
d19:10
f254:6
f188:5
f5:dir:0
d109:122
f27:108
d185:45
d109:122
f27:108
d185:45
d109:122
f27:108
d185:45
d109:122
f27:108
d185:45
Invalid operation
Invalid operation
d1/
d105/
d109
d116
d12/
d135/
d149/
d161
d163/
d168/
d17/
d185
d19
d201
d209/
d21/
d221/
d234/
d275
d276
d280/
d33
d70/
d78/
d80/
f111/
f143
f175/
f185/
f188
f205/
f219/
f226/
f236/
f239
f24/
f240/
f245/
f246/
f254
f256/
f267
f27
f276
f35/
f5/
f60/
f61/
f76/
n1
n105/
n22/
n48
n51/
n58/
n72/
n74/
n86/
n88/
n94
d109:122
f27:108
d185:46
f5:dir:0
d109:122
f27:108
d185:48
d109:122
f27:108
d185:48
d185:70 14 E4 61
d139
d179
d98
f171
f176
f236
f282
f45
f6
f86
f97/
n34/
n90/
Invalid operation
d109:122
f27:108
d185:55
d109:122
f27:108
d185:55
f5:dir:0
d1/
d105/
d109
d116
d12/
d135/
d149/
d161
d163/
d168/
d17/
d185
d19
d201
d209/
d21/
d221/
d234/
d275
d276
d280/
d33
d70/
d78/
d80/
f111/
f143
f175/
f185/
f188
f205/
f219/
f226/
f236/
f239
f24/
f240/
f245/
f246/
f254
f256/
f267
f27
f276
f35/
f5/
f60/
f61/
f76/
n1
n105/
n22/
n48
n51/
n58/
n72/
n74/
n86/
n88/
n94
d104/
d13/
d130
d133/
d15
d154
d155/
d157/
d17
d183/
d188
d189/
d20
d207
d218/
d23
d234
d244/
d259/
d262
d278
d292
d293
d75
d78
f0
f122/
f146/
f168/
f172/
f191
f218/
f22
f252/
f279
f280
f282
f289
f3
f31/
f46
f76/
f84/
n0
n36
n43
n63/
n96/
f27:dw9c.5hm4hkhf1mu2r6p4nb9o0pdxa3.hxxmondxmmy-fpgr4m384zyqxxzae6b-oxxnf7 u87x1jy-a_ldu7s_-xis3zz66u va13xjuigp
d185:DA 55 A2 25 6E DB 2E C6
d109:122
f27:108
d185:55
d109:122
f27:108
d185:55
d109:122
f27:108
d185:55
Invalid operation
d104/
d13/
d130
d133/
d15
d154
d155/
d157/
d17
d183/
d188
d189/
d20
d207
d218/
d23
d234
d244/
d259/
d262
d278
d292
d293
d75
d78
f0
f122/
f146/
f168/
f172/
f191
f218/
f22
f252/
f279
f280
f282
f286
f289
f3
f31/
f46
f76/
f84/
n0
n36
n43
n63/
n96/
d104/
d13/
d130
d133/
d15
d154
d155/
d157/
d17
d183/
d188
d189/
d20
d207
d218/
d23
d234
d244/
d259/
d262
d278
d292
d293
d75
d78
f0
f122/
f146/
f168/
f172/
f191
f218/
f22
f252/
f279
f280
f282
f286
f289
f3
f31/
f46
f76/
f84/
n0
n36
n43
n63/
n96/
f0:bin:47
d104/
d13/
d130
d133/
d15
d154
d155/
d157/
d17
d183/
d188
d189/
d20
d207
d218/
d23
d234
d244/
d259/
d262
d278
d292
d293
d75
d78
f0
f122/
f146/
f168/
f172/
f191
f218/
f22
f252/
f279
f280
f282
f286
f289
f3
f31/
f46
f76/
f84/
n0
n36
n43
n63/
n96/
Invalid operation
d104/
d13/
d130
d133/
d15
d154
d155/
d157/
d17
d183/
d188
d189/
d20
d207
d218/
d23
d234
d244/
d259/
d262
d278
d292
d293
d75
d78
f0
f122/
f146/
f168/
f172/
f191
f218/
f22
f252/
f279
f280
f282
f286
f289
f3
f31/
f46
f76/
f84/
n0
n36
n43
n63/
n96/
d104/
d13/
d130
d133/
d15
d154
d155/
d157/
d17
d183/
d188
d189/
d20
d207
d218/
d23
d234
d244/
d259/
d262
d278
d292
d293
d75
d78
f0
f122/
f146/
f168/
f172/
f191
f218/
f22
f252/
f279
f280
f282
f286
f289
f3
f31/
f46
f76/
f84/
n0
n36
n43
n63/
n96/
d104/
d13/
d130
d133/
d15
d154
d155/
d157/
d17
d183/
d188
d189/
d20
d207
d218/
d23
d234
d244/
d259/
d262
d278
d292
d293
d75
d78
f0
f122/
f146/
f168/
f172/
f191
f218/
f22
f252/
f279
f280
f286
f289
f3
f31/
f46
f76/
f84/
n0
n36
n43
n63/
n96/
f0:47
d130:16
d20:14
d293:14
d234:12
d75:12
f22:10
f286:8
d104/
d13/
d130
d133/
d15
d154
d155/
d157/
d17
d183/
d188
d189/
d20
d207
d218/
d23
d234
d244/
d259/
d262
d278
d292
d293
d75
d78
f0
f122/
f146/
f168/
f172/
f191
f218/
f22
f252/
f279
f280
f286
f289
f3
f31/
f46
f76/
f84/
n0
n36
n43
n63/
n96/
d104/
d13/
d130
d133/
d15
d154
d155/
d157/
d17
d183/
d188
d189/
d20
d207
d218/
d23
d234
d244/
d259/
d262
d278
d292
d293
d75
d78
f0
f122/
f146/
f168/
f172/
f191
f218/
f22
f252/
f279
f280
f286
f289
f3
f31/
f46
f76/
f84/
n0
n36
n43
n63/
n96/
Invalid operation
d130:16
d20:14
Invalid operation
Invalid operation
d104/
d13/
d130
d133/
d15
d154
d155/
d157/
d17
d183/
d188
d189/
d20
d207
d218/
d23
d234
d235
d244/
d259/
d262
d278
d292
d293
d75
d78
f122/
f146/
f168/
f172/
f191
f22
f252/
f280
f286
f289
f3
f31/
f46
f76/
f84/
n0
n36
n43
n63/
n96/
Invalid operation
Invalid operation
n0:bin:3
Invalid operation
Invalid operation
d104/
d116
d13/
d130
d15
d154
d155/
d157/
d17
d183/
d188
d189/
d20
d207
d218/
d23
d235
d244/
d259/
d262
d278
d292
d293
d294/
d75
d78
f122/
f146/
f168/
f172/
f191
f22
f252/
f280
f286
f289
f3
f31/
f46
f76/
f84/
n0
n36
n43
n63/
n72
n96/
d130:16
d293:14
d75:12
f22:10
d235:9
f286:8
Invalid operation
d1/
d105/
d109
d116
d12/
d135/
d149/
d161
d163/
d168/
d17/
d185
d19
d201
d209/
d21/
d221/
d234/
d275
d276
d280/
d33
d70/
d78/
d80/
f111/
f143
f175/
f185/
f188
f205/
f219/
f226/
f236/
f239
f24/
f240/
f245/
f246/
f254
f256/
f267
f27
f276
f35/
f5/
f60/
f61/
f76/
n1
n105/
n22/
n48
n51/
n58/
n72/
n74/
n86/
n88/
n94
/f27
d1/
d105/
d109
d116
d12/
d135/
d149/
d161
d163/
d168/
d17/
d185
d19
d201
d209/
d21/
d221/
d234/
d275
d276
d280/
d33
d70/
d78/
d80/
f111/
f143
f175/
f185/
f188
f205/
f219/
f226/
f236/
f239
f24/
f240/
f245/
f246/
f254
f256/
f267
f27
f276
f35/
f5/
f60/
f61/
f76/
n1
n105/
n22/
n48
n51/
n58/
n72/
n74/
n86/
n88/
n94
Invalid operation
d1/
d105/
d109
d116
d12/
d135/
d149/
d161
d163/
d168/
d17/
d185
d19
d201
d209/
d21/
d221/
d234/
d275
d276
d280/
d33
d70/
d78/
d80/
f111/
f143
f175/
f185/
f188
f205/
f219/
f226/
f236/
f239
f24/
f240/
f245/
f246/
f254
f256/
f267
f27
f276
f35/
f5/
f60/
f61/
f76/
n1
n105/
n22/
n48
n51/
n58/
n72/
n74/
n86/
n88/
n94
Null
d109:122
f27:108
d185:55
d185:52 50 B5 66
d1/
d105/
d109
d116
d12/
d135/
d149/
d161
d163/
d168/
d17/
d185
d19
d201
d209/
d21/
d221/
d234/
d275
d276
d280/
d33
d70/
d78/
d80/
f111/
f143
f175/
f185/
f188
f205/
f219/
f226/
f236/
f239
f24/
f240/
f245/
f246/
f254
f256/
f267
f27
f276
f35/
f5/
f60/
f61/
f76/
n1
n105/
n22/
n48
n51/
n58/
n72/
n74/
n86/
n88/
n94
d1/
d105/
d109
d116
d12/
d135/
d149/
d161
d163/
d168/
d17/
d185
d19
d201
d209/
d21/
d221/
d234/
d275
d276
d280/
d33
d70/
d78/
d80/
f111/
f143
f175/
f185/
f188
f205/
f219/
f226/
f236/
f239
f24/
f240/
f245/
f246/
f254
f256/
f267
f27
f276
f35/
f5/
f60/
f61/
f76/
n1
n105/
n22/
n48
n51/
n58/
n72/
n74/
n86/
n88/
n94
Invalid operation
d109:122
f27:108
d185:52
f27:128
d109:122
d185:52
f27:128
d109:122
d185:52
f5:dir:0
d185:DC FA F7 43 E6 E8 DC FA 4A A9 C1 3C 51
Invalid operation
f27:128
d109:122
d185:52
Invalid operation
f27:128
d109:122
d185:52
f27:128
d109:122
d185:52
f27:128
d109:122
d185:52
f27:128
d109:122
d185:52
f27:128
d109:122
d185:52
f27:128
d109:122
d185:52
f27:128
d109:122
d185:52
d1/
d105/
d109
d116
d12/
d135/
d149/
d161
d163/
d168/
d17/
d185
d19
d201
d209/
d21/
d221/
d234/
d275
d276
d280/
d33
d70/
d78/
d80/
f111/
f143
f175/
f185/
f188
f205/
f219/
f226/
f236/
f239
f24/
f240/
f245/
f246/
f254
f256/
f267
f27
f276
f35/
f5/
f60/
f61/
f76/
n1
n105/
n22/
n48
n51/
n58/
n72/
n74/
n86/
n88/
n94
f27:128
d109:122
d185:51
Invalid operation
f27:128
d109:122
d185:51
f27:dw9c.5hm4hkhf1mu2r6p4nb9o0pdxa3.hxxmondxmmy-fpgr4m384zyqxxzae6b-oxxnf7 u87x1jy-a_ldu7s_-xis3zz66u va13xjuigp0dc4l6qd4_2ptikmlgcu
f5:dir:0
f27:128
d109:122
d185:51
d182
d243/
d256
d272
f197
f228/
f242
f30/
f73
f95/
n14
n18
n33
d256:xs8kmo.r_p7wc4.z
d182
d243/
d256
d272
f197
f228/
f242
f30/
f73
f95/
n14
n18
n33
Invalid operation
d182:8E FA
d256:xs8kmo.r_p7wc4.z
d182:CB 54 54
f100
n115/
f106/
n115/
d138:dir:0
d297:2A
Invalid operation
Invalid operation
d192:vqdygmk .5wnll
d192
d23/
f106/
Invalid operation
Null
d148/
d182
d198
d215
d243/
d256
f175
f197
f228/
f233/
f242
f30/
f73
f95/
n14
n18
n33
n5/
d256:xs8kmo.r_p7wc4.z
d148/
d182
d198
d215
d243/
d256
f175
f197
f228/
f233/
f242
f30/
f73
f95/
n14
n18
n33
n5/
d182:09 79 34 CE FB 01
Invalid operation
d192
f106/
Invalid operation
d192:vqdygmk .5wnlly3c-aex1dms362itia
Invalid operation
Invalid operation
f228:dir:0
d148/
d182
d198
d215
d243/
d256
d272
f175
f197
f228/
f233/
f24
f242
f30/
f73
f90
f95/
n14
n18
n33
Invalid operation
d256:xs8kmo.r_p7wc4.zx
d182:D6 D8
Invalid operation
d148/
d215
d243/
d256
d272
d285
d35/
f131/
f175
f197
f228/
f233/
f24
f242
f30/
f73
f90
f95/
n14
n18
n33
f197:50
d256:17
f175:17
f24:17
d272:16
f228:dir:0
f24:09
f24:45 77 DA B0 00 D0 99 8F
Invalid operation
f24:B0 00 D0 99 8F 61 2B
f265:txt:10
f261/
f265
d7:A2
Invalid operation
/d168/f228/f265
Invalid operation
f265:10
d7:1
d7:A2
/d168/f228/f265
Invalid operation
f24:00
Invalid operation
d124/
d148/
d180
d211
d215
d229
d256
d272
d285
d35/
d4
d94/
f131/
f175
f193
f228/
f233/
f24
f242
f27
f296
f30/
f65/
f73
f90
f95/
n14
n18
Invalid operation
d124/
d148/
d180
d211
d215
d229
d242/
d256
d272
d285
d35/
d4
d94/
f131/
f175
f193
f228/
f233/
f24
f242
f27
f296
f30/
f65/
f73
f90
f95/
n14
n18
Invalid operation
d256:xs8kmo.r_p7wc4.zx.-6fs7kr45arxxp9piqrgf96ymtff.
d124/
d148/
d180
d211
d215
d229
d242/
d256
d285
d35/
d38/
d4
d94/
f131/
f175
f193
f228/
f233/
f24
f242
f27
f28
f296
f30/
f65/
f73
f90
f95/
n18
f27:128
d109:122
d185:51
Invalid operation
Invalid operation
Invalid operation
Invalid operation
f27:128
d109:122
d185:51
f27:128
d109:122
d185:51
f27:128
d109:122
d185:51
Invalid operation
Invalid operation
f27:131
d109:122
d185:47
Null
f27:131
d109:122
d185:47
f27:131
d109:122
d185:47
Invalid operation
f5:dir:0
Invalid operation
d185:43 E6 E8 DC FA 4A A9 C1 3C DA 55 A2 25 DA
Invalid operation
d101/
d184/
d262/
f15
f198/
Invalid operation
d101/
d184/
d262/
f15
f198/
f85/
d185:5D E4 61 B4 6F 9D F1 65 45 A0 B5 81 52 50 B5 80 6E EB 00 D5 7F A7 DC FA
f15:-mi5jpp7hcan6m4e2xdw6k_
f15:-mi5jpp7hcan6m4e2xdw6k_
Invalid operation
Invalid operation
d101/
d184/
d287
d89/
f15
f193
f198/
f85/
n73/
Invalid operation
Invalid operation
Invalid operation
Invalid operation
f193:-vwimn
f193:-vwimn
d101/
d184/
d204
d216/
d287
d89/
f193
f198/
f256
f85/
n73/
n82
/f61/f193
Invalid operation
Null
f48
d287:C1
d101/
d184/
d204
d216/
d287
d89/
f193
f198/
f256
f85/
n73/
n82
Invalid operation
d101/
d184/
d204
d216/
d89/
f193
f198/
f256
f268
f85/
n47
n73/
n82
d101/
d184/
d204
d216/
d89/
f193
f198/
f256
f268
f85/
n100
n47
n73/
n82
Null
f193:40
n82:16
f256:15
f268:13
d204:10
n47:9
n100:0
d185:67 FA 4A A9
d101/
d184/
d204
d216/
d89/
f193
f198/
f256
f268
f85/
n100
n47
n73/
d185:DC FA F7 43 E6 E8 67 FA 4A A9 C1 3C DA 55 A2 25 DA 8C EC F5 36 2E 00 4E
Invalid operation
d185:66 80 6E EB 00 E5 44 A7 DC FA F7 43 E6 E8 67 FA 4A A9 C1 3C DA 1C A2 25 DA 8C EC F5 36 2E
d185:E6 E8 67 FA 4A
d185:A0 B5 81 52 29 66 80 6E EB
d106/
d11
d179/
d231
d270
d3/
d44
d46
d69
d70
f110/
f14/
f178/
f207/
f233
f274/
f30
f4/
f58/
n103
n111
n21/
n68
n9
Invalid operation
f51:17
d231:16
n9:11
d270:9
Invalid operation
Invalid operation
Invalid operation
f178:dir:0
d106/
d11
d179/
d231
d270
d3/
d44
d46
d69
d70
f110/
f14/
f178/
f207/
f233
f274/
f30
f4/
f51
f58/
n103
n111
n21/
n68
n9
Invalid operation
d106/
d11
d179/
d231
d270
d3/
d44
d46
d69
f110/
f14/
f178/
f207/
f233
f274/
f30
f4/
f51
f58/
n103
n111
n21/
n68
n9
Invalid operation
Invalid operation
Invalid operation
d270:00 EC
d106/
d11
d179/
d231
d270
d3/
d44
d46
d69
d70
f110/
f14/
f178/
f207/
f233
f256/
f274/
f30
f4/
f51
f58/
n103
n111
n21/
n68
n9
Invalid operation
Invalid operation
Invalid operation
Invalid operation
f178:dir:0
Invalid operation
d15:32
d101/
d15
d184/
d204
d216/
d40/
d89/
f104
f193
f198/
f256
f268
f85/
n100
n17/
n47
d15:32
Invalid operation
f27:131
d109:122
d185:47
f27:131
d109:122
d185:47
f27:131
d109:122
d185:47
Invalid operation
f27:131
d109:122
d185:47
d1/
d105/
d109
d116
d12/
d135/
d149/
d161
d163/
d168/
d17/
d185
d19
d201
d209/
d21/
d221/
d234/
d275
d276
d280/
d33
d70/
d78/
d80/
f111/
f143
f175/
f185/
f188
f205/
f219/
f226/
f236/
f239
f24/
f240/
f245/
f246/
f254
f256/
f267
f27
f276
f35/
f5/
f60/
f61/
f76/
n1
n105/
n22/
n48
n51/
n58/
n72/
n74/
n86/
n88/
n94
Null
d3/
d31
f220
f261
n55
d3/
d31
f220
n55
Invalid operation
d193
d3/
d31
f220
n55
f220:00 30
d190
Invalid operation
f220:3A 00 00 00 00 00 00
d230/
d230:dir:0
n57:jvc9.iwjz2
f220:00 00 00 00 00 3D B2 76 5A
f220:76 5A 6C
f220:00 00
Invalid operation
Invalid operation
Invalid operation
Invalid operation
Invalid operation
Invalid operation
f220:80 13
Invalid operation
n20:A8
Invalid operation
d227
d230/
d274/
f107/
f117
f284
f80
f92
n10
Invalid operation
f92:00
Invalid operation
Invalid operation
d230:dir:0
Invalid operation
f92:10
n80:6
f80:qjx
f92:10
f92:DB 3C 98 9A 84 2F
/d234/d3/n36/f80
d230:dir:0
Invalid operation
Null
Null
f80:27
n80:6
f230:0
f234:0
f284:0
n20:00 00 00 00
n20:EC C2 08 09 7B 8B
f130:4
f92:2
n54:1
Invalid operation
Null
f130:15
n20:C2 08 09 69 5C
Invalid operation
f130:txt:15
d281
f110/
f130
f14/
f55
n26
n20:08 09 69 5C 2A DB
n20:88
d281
f110/
f130
f14/
f55
n26
Invalid operation
Invalid operation
d129
d281
f130
f14/
n26
Invalid operation
f130:rgdln06e2gwdwzq7hcp8ggjnl-nm5qwo2n1u1t
d129
d281
f130
f14/
n26
n53/
Invalid operation
d9:A0 7E 0C
f158:y3
Invalid operation
Null
Invalid operation
Invalid operation
Invalid operation
d129
d229
d246
d281
d292
f130
f14/
f196
Invalid operation
d9:7F C8 A0 7E
n22:dir:0
d9:7F C8 A0 7E
/d234/d3/n36/f107/f14/d9
f227:dir:0
Invalid operation
Invalid operation
f231/
Null
d9:A3
Invalid operation
Invalid operation
Invalid operation
Invalid operation
d9:7F C8 A0 7E 0C E9 A3 80 D6 87 EC
/d234/d3/n36/f107/f14/d144/d206
d206
f231/
f286/
Invalid operation
d206
f124/
f231/
f234/
f286/
/d234/d3/n36/f107/f14/d144/d206
f27:18
Invalid operation
Invalid operation
d206
f231/
f234/
f27
f286/
d119
d20
f27
f286/
/d234/d3/n36/f107/f14/d144/f27
/f27
d119
d20
d243
f231/
f234/
f27
f286/
Invalid operation
Invalid operation
d119
d20
d57/
f231/
f234/
f27
f286/
d119
d20
d57/
f231/
f234/
f27
f286/
Invalid operation
Invalid operation
Invalid operation
f27:6C AC 0E
Invalid operation
d119
d20
d57/
f153
f231/
f234/
f27
f286/
Invalid operation
d119
d121/
d20
d57/
f153
f231/
f234/
f27
f286/
f38
Invalid operation
Invalid operation
Invalid operation
f27:bin:12
Invalid operation
d119
d121/
d20
d57/
f231/
f234/
f27
f286/
n36
Invalid operation
/d234/d3/n36/f107/f14/d144/f27
/f27
f27:C5 F5 D4 B2 0E E1 4D 9A 00 00
Invalid operation
Invalid operation
f27:19
f68:16
d290:14
f27:bin:22
d119
d121/
d20
d221/
d290
d57/
f169
f231/
f234/
f27
f286/
f27:22
d290:14
d119:6
d20:2
d119
d121/
d20
d221/
d290
d57/
f169
f231/
f234/
f27
f286/
d9:A2
f27:D4 B2 0E E1 4D 9A
f27:00
Invalid operation
Invalid operation
f293:dir:0
d21
d44/
f283/
f293/
f49
d21:fmjz6lymww0x_fa
f49:2F FC
d21
d44/
f201/
f283/
f293/
f37
f49
f84
f293:dir:0
d136/
d21
d44/
f283/
f293/
f37
f84
d136/
d21
d44/
f283/
f293/
f84
d136/
d21
d44/
f283/
f293/
f84
f27:57 C5 F5 D4 B2 0E E1 4D 9A 00 00 AA F4 9E 78
/d234/d3/n36/f107/f14/d144/d57/d21
d21:39
d136/
d21
d44/
f125
f283/
f293/
f84
f27:0E
d136/
d21
d44/
f125
f283/
f293/
f84
Invalid operation
f27:B2 0E 50
Invalid operation
d119
d121/
d144
d20
d221/
d27/
d290
d57/
d74
f131
f169
f231/
f234/
f27
f286/
n116/
/d234/d3/n36/f107/f14/d144/f27
/f27
f27:23
d144:16
n105:16
d290:14
d74:13
d119:6
d258:3
Invalid operation
Invalid operation
Invalid operation
Invalid operation
Invalid operation
Invalid operation
Invalid operation
d291/
d9:0F 01
Invalid operation
Invalid operation
d239:00
Invalid operation
/d234/d3/n36/f107/f14/d144/d221/f292/f280
d239:97 98 AB 45
d178
d233
d239
d291/
f206
f292/
n0
d178
d233
d239
d291/
f206
f292/
n0
Invalid operation
Invalid operation
d178:15
Invalid operation
d239:D6 D1 C8 6B 97 98
Null
Invalid operation
Invalid operation
d53
d53
n110
d53
n110
d239:97 98 AB 00 00
Invalid operation
Null
d190:63r_wrylp2778nt_n
d190:63r_wrylp2778nt_n
f121:CC A4 00 00
Invalid operation
f121:A4
Invalid operation
d69/
d83
f114/
f121
n104/
Invalid operation
d69/
d83
f114/
f121
n104/
/d234/d3/n36/f107/f14/d144/d221/d291/f114/d190
/d234/d3/d190
d190
Invalid operation
Invalid operation
d69/
f114/
f121
f157
f296/
n104/
Invalid operation
d45
d69/
f114/
f121
f157
n104/
d190:24
d190
f69/
d190:21
f292:0
Invalid operation
f292:1
f69:dir:0
Invalid operation
d1/
d45
d56/
d69/
d71
f114/
f121
f157
n104/
n49
d239
d291/
f183
f206
f292/
n0
Invalid operation
d1
d144/
d16
d221
d9
f265
f80
n102
n22/
n25
Invalid operation
Invalid operation
f299:f
n66:_g1t_-3pg2gc0p9xj.gbra
n66
d290
n66
Invalid operation
d7/
f299
Invalid operation
Invalid operation
Invalid operation
Invalid operation
d206
d290
n66
d206
d290
f37
d206
d290
f286
f37
Invalid operation
d9:49 24 1D AA 1C 7E
Null
d137
d7/
f101/
n90/
Invalid operation
d206
d290
f286
f37
d206
d290
f286
f37
d290:27
f286:14
f37:3
d206:2
d206
d290
f37
d290:3fussxv1kf0b-wbrluvexhcw6kxx
d9:EC 37 D8 0A 61 0F 0B 00 00
Invalid operation
Invalid operation
Invalid operation
d9:00 00 00 00 2D 77
d266
d266:txt:0
d249
d266
d73
f161/
n81
d137
d7/
f101/
d137
d7/
f101/
Invalid operation
Invalid operation
f242:14
d137:7
d94:5
f242:F3
Invalid operation
d266:txt:0
Invalid operation
d266:
Invalid operation
f196
f46/
f196
f46/
n30
Null
Invalid operation
d73:28 DF 6C 6B D4 00 00 9F D4 CD A5 4B 66 00 BC
f196
f46/
n8/
f196:x5m7_ox
f46:dir:0
d112/
f196
f46/
n62
f46:dir:0
n118/
f46:dir:0
f196:x5m7_ox
f46:dir:0
f184/
f46:dir:0
Invalid operation
d73:00 9F D4 CD 02 0F E4 3A BC B8 86 18 E2 7A 18 00 00
f46:dir:0
Invalid operation
Invalid operation
f196:x5m7_oxnxhpxqzukflbudx
Invalid operation
d112/
d16
d44
d48/
f196
f46/
n69/
d73:00
Invalid operation
Invalid operation
Invalid operation
d112/
d16
d36
d48/
f110
f196
f22/
f46/
n44
Invalid operation
d73:28 DF 6C 6B D4 00 00 9F D4 CD 02 0F E4 3A 44 8A 0B
d1
d144/
d16
d221
d9
f265
f80
n102
n22/
n25
Invalid operation
d246/
n13/
Invalid operation
d246/
f234
Invalid operation
Invalid operation
Invalid operation
Invalid operation
Invalid operation
Invalid operation
f145:00
f145:B1 2E 3C 05 8C A5
d246/
f0/
f145
f234
n55
n91/
d246/
f0/
f145
f234
n55
f145:B9
d246/
f0/
f145
f234
n55
Invalid operation
f145:75 B9 F7 00 00 01
Invalid operation
d246:dir:0
d246:dir:0
Invalid operation
d165/
d246/
f0/
f145
f234
n55
f145:F7 E0 6C 30 FF 11 27 E1 C1 D1 7C
Invalid operation
d246/
f0/
f145
f234
n55
Invalid operation
Invalid operation
Invalid operation
/d234/d3/n36/f107/f14/d144/d22/f145
f124/
n45
f124/
n45
Invalid operation
f145:20 B7 11 27 E1 C1 D1 7C
f145:77
f124:dir:0
Invalid operation
Invalid operation
f145:F7
Invalid operation
d180
d2/
d38/
d96/
f124/
f57/
f81
n45
f124:dir:0
n45:lekywoa1j8jzrdgg0h 0f98-61o6-rjuz
/d234/d3/n36/f107/f14/d144/d22/d238/n45
d180:00 5F
Invalid operation
d180
d2/
d38/
d96/
f162
f163
f211/
f292
f57/
f81
f85
n45
n45:md:57
n45:57
f85:16
f81:13
f162:12
d180:9
f163:0
f292:0
n45:md:61
Invalid operation
d180:51 00
Invalid operation
Invalid operation
Invalid operation
/d234/d3/n36/f107/f14/d144/d22/d238/d180
d180
d2/
d96/
f162
f163
f211/
f222/
f292
f37/
f57/
f7/
f81
n45
Invalid operation
d180
d2/
d96/
f162
f163
f169
f211/
f222/
f230
f292
f37/
f57/
f7/
f81
n45
n70
d180:AA 75 C7
Invalid operation
Invalid operation
Invalid operation
Invalid operation
/d234/d3/n36/f107/f14/d144/d22/d238/d2/d14/f42
Invalid operation
d180:00 19 AA
f42
f42:ylwlb
d180:75
f42:txt:5
f42:ylwlb
f42:ylwlb
/d234/d3/n36/f107/f14/d144/d22/d238/d2/d14/f42
d126
d165
d92
f255
f278/
f295/
f42
f42:txt:5
d126:5F B1
d165
d92
f255
f278/
f295/
f42
Null
Invalid operation
Invalid operation
d14/
d268
f192/
Invalid operation
/d234/d3/n36/f107/f14/d144/d22/d238/d2/d14/f42
f42:txt:5
f42:txt:5
d165
d92
f255
f278/
f279/
f295/
f42
d165
d92
f255
f278/
f279/
f295/
f42
Invalid operation
Invalid operation
d165
d92
f255
f278/
f279/
f295/
f42
d180:00 00 9B 87 92 92
/d234/d3/n36/f107/f14/d144/d22/d238/d2/d14/f42
Invalid operation
Invalid operation
/d234/d3/n36/f107/f14/d144/d22/d238/d2/d14/f42
Invalid operation
n86
Invalid operation
/d234/d3/n36/f107/f14/d144/d22/d238/f211/n86
Invalid operation
/d234/d3/n36/f107/f14/d144/d22/d238/f211/n86
n86:x
Invalid operation
f143/
d180:B5
n86:txt:9
Invalid operation
Invalid operation
d180:AC 26 B7 B5
d180:F5 62 2A AE
n45:63
d180:13
f81:13
/d234/d3/n36/f107/f14/d144/d22/d238/d180
n45:63
d180:17
f81:13
f162:12
f169:4
Invalid operation
d238/
d246/
f0/
f145
f234
n55
Invalid operation
f145:C5 43 D2 29 77 E0 00 00
n109
n109
n109:m5
f145:BF 92 AE 49 39 DB 27 E1 7F 6D C5 43 D2 29 77 E0 00 00 00 00
Invalid operation
Invalid operation
f299:0
d246:dir:0
Invalid operation
f145:92 AE 49 39 DB 27 67
f145:77 E0 00 C7 6B
f71:o1z8 yy
Invalid operation
Invalid operation
d160/
f71
d160:dir:0
Invalid operation
Null
d160:dir:0
/d234/d3/n36/f107/f14/d144/d22/d246/f65/n22
Invalid operation
Invalid operation
/d234/d3/n36/f107/f14/d144/d22/d246/f65/n22
f145:E0 00 C7 6B 08 92
d194:
f145:08 92 2C 39 27 48 00 00 00 00 CA E1 59
f145:07 58 CB 29 77 E0 00 C7 6B 08 92
Invalid operation
d194:z_pgte_456knrl1
Invalid operation
d194:z_pgte_456knrl1
d194:z_pgte_456knrl1i4s
Invalid operation
f145:27 72 5E 6D 07 58 CB 29 77 E0 00 C7 6B 08 92 2C 39 5E F0 36 F8 BF 63 F8 E1 59 24
Invalid operation
/d234/d3/n36/f107/f14/d144/d22/d246/f65/d160/f211/f82
f82
f145:61
d194:z_pgte_456knrl1i4sr83hoo
Invalid operation
f145:00 C7 6B 08 92 2C 39 5E
d132/
d194
d260/
d283
d285/
d45
f211/
f282
f55
/d234/d3/n36/f107/f14/d144/d22/d246/f65/d160/d194
d285:dir:0
Invalid operation
Invalid operation
d132/
d151
d184/
d194
d260/
d265
d283
d285/
d45
d49
f168
f170
f211/
f269
Invalid operation
/d234/d3/n36/f107/f14/d144/d22/d246/f65/d160/d194
d285:dir:0
d194:52
d49:17
d45:14
f168:14
d265:6
d265:DD DE 4F 84
d265:DE
d265:DE 4F 84
f72:txt:0
f72:txt:0
/d234/d3/n36/f107/f14/d144/d22/d246/f65/d160/d132/d56/f128
/d234/d3/n36/f107/f14/d144/d22/d246/f65/d160/d132/f72
f72:
/d234/d3/n36/f107/f14/d144/d22/d246/f65/d160/d132/f72
f11/
f72
n11
Invalid operation
/d234/d3/n36/f107/f14/d144/d22/d246/f65/d160/d132/f72
/d234/d3/n36/f107/f14/d144/d22/d246/f65/d160/d132/f72
Invalid operation
Invalid operation
f72:2
f40:0
n11:0
d115/
d122/
d132/
d151
d184/
d194
d260/
d265
d283
d285/
d49
d9
f168
f170
f211/
n18/
d194:z_pgte_456knrl1i4sr83hooxxu3zpms-l1sb7sy32uki7k l4eo
d115/
d122/
d132/
d151
d184/
d194
d260/
d265
d283
d285/
d49
d9
f168
f170
f211/
n18/
d115/
d122/
d132/
d151
d184/
d194
d260/
d265
d283
d285/
d49
d9
f168
f170
f211/
n18/
d115/
d122/
d132/
d151
d184/
d194
d260/
d265
d27
d283
d285/
d293/
d49
d9
f168
f170
f211/
f9
n18/
Invalid operation
d140
d209/
d298
d298:98 F0 10
d298:24
d120/
f137:txt:3
Invalid operation
d74
d79/
f2/
/d234/d3/n36/f107/f14/d144/d22/d246/f65/d160/d122/d209/d74
/d234/d3/n36/f107/f14/d144/d74
d209:dir:0
d298:57 E8 24 98 31 9B A1 39 8E AD 30
d209:dir:0
d209/
d298
f175
Invalid operation
Invalid operation
d209/
d298
f183
n0
d298:12
f183:9
n0:6
d127:0
d127
d209/
d298
f183
n0
d127
d209/
d298
f183
n0
n59/
Invalid operation
d127
d209/
d298
f183
n0
n59/
Null
d127
d209/
d298
d86
f183
n0
d127
d209/
d298
d86
f183
n0
Invalid operation
d298:20
f183:9
n0:6
d127:0
d298:98 66 5F BD CF 3A A7 51 1A D8 72 92
Invalid operation
d209:dir:0
d127
d209/
d298
f183
f189/
n0
d127
d209/
d298
f183
f189/
n0
Invalid operation
d209:dir:0
d298:51 1A D8 72 92 10 23 63 D5
Invalid operation
Invalid operation
d74:10
d5:2
d5
d74
f190/
f2/
n90/
Invalid operation
d74:bin:10
Invalid operation
Invalid operation
Invalid operation
d74:40 58 D9 B9
Invalid operation
d265:00
d115/
d122/
d132/
d151
d184/
d194
d260/
d265
d27
d283
d285/
d293/
d49
d9
f168
f170
f211/
f215
f9
n18/
n31/
d115/
d122/
d132/
d151
d184/
d260/
d265
d27
d283
d285/
d293/
d49
d9
f134
f168
f170
f211/
f215
f9
n31/
Invalid operation
d156/
d160/
f205
f29/
f56/
f66
f78/
f85
n22
d156/
d160/
f29/
f56/
f66
f78/
f85
n22
d156/
d160/
f29/
f56/
f66
f78/
n22
n94/
Invalid operation
Invalid operation
f65/
n71/
Invalid operation
Invalid operation
/d234/d3/n36/f107/f14/d144/d22/d246/f65/n94/n0
n22:f.dctnli.6je.wboqrv.idutxipvtvg xryx
f145:F5 E0 00 DA CD
d160:dir:0
f145:E8 EC E0 00 00 00
n22:57
f260:9
Invalid operation
Invalid operation
f203:txt:5
n22:f.dctnli.6je.wboqrv.idutxipvtvg xryx9ektiecicwh6g4.873s8zx
n22:f.dctnli.6je.wboqrv.idutxipvtvg xryx9ektiecicwh6g4.873s8zx
f145:F8 BF 63 F8 7A 65 BC E6 81 4B E8
Invalid operation
n22:f.dctnli.6je.wboqrv.idutxipvtvg xryx9ektiecicwh6g4.873s8zx
f145:92 AE 83 98 DB 27 72 5E 6D 07 7E A1 DC F5 9C 9F 30 CE 82 55 2C 39 5E F0 36 F8 BF 63 F8 7A 65 BC E6 81 4B E8 00 BF 30 50 C9 DC E8 DC 1C
n22:58
d232:6
f66:1
d296:0
Null
Invalid operation
n22:f.dctnli.6je.wboqrv.idutxipvtvg xryx9ektiecicwh6g4.873s8zx
Invalid operation
Invalid operation
n22:61
d232:14
f260:9
f66:1
f236:wrr4u-0bp70a
d10/
d156/
d160/
d195/
d232
d290
d296
d89
f260
f29/
f56/
f66
f78/
n22
n94/
d10/
d156/
d160/
d195/
d232
d290
d296
d89
f260
f29/
f56/
f66
f78/
n22
n94/
d160:dir:0
Invalid operation
f255:D3 B1
d238/
d246/
f0/
f145
f234
n55
f236:wrr4u-0bp70a4eesauid4-uv.m16k5wh0d
f145:65 BC
Invalid operation
f57:dir:0
d127/
d180
d2/
f126/
f143/
f162
f163
f169
f187/
f211/
f230
f292
f294/
f33/
f57/
f7/
f81
n45
d180:2E 00 00 C9 A2
f57:dir:0
Invalid operation
f57:dir:0
Invalid operation
n45:63
d180:26
f81:13
Invalid operation
d127/
d180
d2/
d31
f0/
f126/
f143/
f162
f163
f169
f187/
f21/
f211/
f230
f292
f294/
f33/
f57/
f7/
f76
f81
n45
n73/
n91/
Invalid operation
n45:63
d180:23
f81:13
f162:12
d31:10
f76:7
Invalid operation
f57:dir:0
d127/
d180
d2/
d31
f0/
f126/
f143/
f162
f169
f187/
f21/
f211/
f292
f294/
f33/
f57/
f7/
f76
f81
n45
n73/
n91/
Invalid operation
d127/
d180
d2/
d31
f0/
f143/
f162
f169
f187/
f21/
f211/
f265/
f292
f294/
f33/
f57/
f7/
f76
f8/
f81
n45
n73/
n91/
Invalid operation
Null
n45:63
d180:26
f81:13
f162:12
d31:10
f76:7
f169:4
Invalid operation
Null
Invalid operation
d230
d230:md:3
d230
Invalid operation
d250
d180:B7 B5 96 00 F7 63 DC EB 11 CA 82 85 C3 00 19 34 56 D0
d180:11 CA 82 85 C3 00 19 34 56 D0 74 A9
d180:A9
f57:dir:0
Null
Invalid operation
Invalid operation
Invalid operation
d238/
d246/
f123/
f145
f234
n55
Invalid operation
Invalid operation
Invalid operation
d116/
d157
d162
d163
d298/
d71
f232/
f236
f255
f65/
n71/
Invalid operation
f236:52
f101:17
f255:17
f75:9
n30:6
Invalid operation
Null
f236:wrr4u-0bp70a4eesauid4-uv.m16k5wh0dhujfrm.b.63utfuzkxx
f65:dir:0
d116/
d12/
d162
d163
d238
d292
d298/
d5
d71
f101
f185
f210/
f232/
f236
f255
f65/
f75
n30
n71/
d116/
d12/
d162
d163
d238
d292
d298/
d5
d71
f101
f185
f210/
f232/
f236
f255
f65/
f75
n30
n71/
Invalid operation
Invalid operation
f65:dir:0
d10/
d156/
d160/
d195/
d232
d296
d89
f260
f29/
f56/
f66
f78/
n22
n94/
d232:20 A2 F1 85 00 00 61 F0 C7 A1 F2 6E 00
Invalid operation
d116/
d12/
d163
d170/
d203
d219
d238
d292
d298/
d5
f101
f185
f210/
f232/
f255
f65/
f75
f78
n30
n71/
d238/
d246/
f123/
f145
f234
Null
Invalid operation
f145:63 30 E3 83 98 DB 27 72 5E 6D 07 7E A1 DC F5 9C 9F 30 CE 82 55 2C 39 5E F0 36 F8 BF 63
Invalid operation
f145:DC F5 9C 9F
Invalid operation
Invalid operation
d246:dir:0
Invalid operation
d107/
d131/
d238/
d246/
f123/
f145
f181
f216/
f237
Invalid operation
Invalid operation
Invalid operation
f234:dir:0
/d234/d3/n36/f107/f14/d144/d290
d9:00 7C C4
Invalid operation
d131/
d238/
d246/
d26/
f123/
f145
f181
f216/
f237
d131/
d238/
d246/
d26/
f123/
f145
f181
f216/
f237
f145:72 58 80 AC CB A1 DC
d246:dir:0
Invalid operation
d131/
d238/
d246/
d27
d69/
f123/
f145
f149/
f181
f216/
f237
f169:00 00 E4
/d234/d3/n36/f107/f14/d144/d22/d238/f162
f16/
Invalid operation
Invalid operation
f117:1
Null
f81:13
d31:10
f169:7
f169:28 CC
f169:00
f169:00
Null
f169:28 CC 7E
Invalid operation
f169:CC 7E
Invalid operation
Invalid operation
Invalid operation
/d161
f287:bin:6
Invalid operation
Invalid operation
/d234/d3/n36/f107/f14/d144/d22/d238/d189/f287
f170/
f287
f296
f90/
f170/
f287
f296
f90/
f287:F1
f287
f296
f90/
Null
/d234/d3/n36/f107/f14/d144/d22/d238/d189/f287
d105
d127/
d177/
d189/
d2/
d274/
d31
f0/
f120
f143/
f169
f187/
f211/
f24
f259/
f265/
f292
f294/
f33/
f57/
f7/
f81
n50/
n73/
n91/
n96
Invalid operation
f57:dir:0
f57:dir:0
Invalid operation
Invalid operation
Invalid operation
d105
d127/
d177/
d189/
d2/
d274/
d31
f120
f143/
f169
f187/
f211/
f24
f259/
f265/
f292
f294/
f33/
f57/
f7/
f81
n50/
n73/
n91/
n96
Invalid operation
Invalid operation
Invalid operation
f145:98 DB 27 A3 2F 02 21 2A 20 07 67 C4
f145:02 21 2A 20 07 67 C4 BC A1 01 59 EF C7 3F 5E F0 36 F4 77 59 59 08
f145:36 F4 77 59 59 08 EA 03 5F 6B 03 C4 2F
d246:dir:0
f145:2F 02 21 2A 20 07 67 C4 BC A1 01 59 EF C7 3F 5E F0 36 F4 77 59 59 08 EA 03 5F 6B
Invalid operation
d116
d144
d22/
d221/
d236/
d27/
d284
d290
d57/
d64/
d74
f131
f169
f231/
f234/
f286/
n105
d9:00
Invalid operation
Null
Invalid operation
d9:40 0D E7 36 9F 61 89 16 F1 D5 EC 00
d116
d144
d22/
d221/
d236/
d251/
d27/
d284
d290
d57/
d64/
f0/
f131
f169
f231/
f234/
f286/
n105
d9:06 17 95 2D 8D 46 87 EC 37 D8 0A 61 0F 0B 00 00 33 7D 40 0D E7 36 9F 61 89 16 F1 D5 EC 00 00 00 7C C4 DF 00 00 00 00
d290:19c.99do3hmicxxsa6 g60-.xnlzxjrflr5w57mk1xfmawwxwh8nls x
d169
d33/
f32
/d234/d3/n36/f107/f14/d144/d251/d138/f104/f32
d169
d33/
d38
f21/
f32
Invalid operation
d169:bin:6
Null
Invalid operation
d169:bin:6
Invalid operation
d169:B0
d114
f167/
n6
n6:txt:16
n6:txt:16
Invalid operation
d114
d217
f167/
f298/
n54/
n6
d217:3F E6
Invalid operation
d217:E6 00
Invalid operation
d179/
d294
f117/
f235/
f76
f76:6
d294:4
d73/
f28
Null
Invalid operation
f28:
Invalid operation
f76:F1 06 8F FA 8D 92
f76:8D 92 00
f76:00 00 C5
Invalid operation
d189: 9h _gm.fwu1ne.u
Invalid operation
d96:dir:0
Invalid operation
d189:16
f211:1
f76:06 8F 9E 8D 92 00 00 00 C5 00 00 00
f76:A7 FC 13
d14
Invalid operation
f76:8F
d189:41
f211:1
f259:0
n95:0
d189:txt:50
d157/
d189
d96/
f211
f246/
f259
n107
n95
d189:57
f243:10
f28:0
f76:6B 37 74 6A
f76:D7 63 E3 6B 37 74 6A
d56/
d73/
d92
f105
f137
f243
n80/
d56/
d73/
d92
f105
f137
f227
f243
n63
n80/
Invalid operation
f243:3_s-rr5n-p
/d234/d3/n36/f107/f14/d144/d251/d138/f104/f21/f167/d179/f243
Null
d56/
d73/
d92
f105
f227
f243
n63
n80/
/d234/d3/n36/f107/f14/d144/d251/d138/f104/f21/f167/d179/n80/d83
d56/
d73/
d92
f105
f227
f230/
f243
n63
n80/
n63:73 6C
Invalid operation
d73:dir:0
Invalid operation
d274/
d56/
d7/
d73/
d92
f213
f227
f230/
f299
n111/
n63
n80/
f299:17
f227:16
f299:17
f227:16
Invalid operation
n63:85 9F 00
Invalid operation
d171
d274/
d56/
d7/
d73/
d92
f20/
f213
f227
f230/
f250
f299
n111/
n21/
n6
n63
n80/
d92:m9fy3adeaq58opa0.
Invalid operation
Invalid operation
Invalid operation
Invalid operation
d92:m9fy3adeaq58opa0.dwcrkyv
/d234/d3/n36/f107/f14/d144/d251/d138/f104/f21/f167/d179/f54/d58
Invalid operation
d121
d171
d274/
d56/
d65/
d7/
d73/
d92
f148/
f20/
f208/
f227
f230/
f250
f252/
f299
f39/
f54/
f86
n111/
n21/
n6
n63
n80/
Invalid operation
Invalid operation
Invalid operation
/d234/d3/n36/f107/f14/d144/d251/d138/f104/f21/f167/d179/d92
/d234/d3/n36/f107/f14/d9
Invalid operation
Invalid operation
Invalid operation
f82:D7
f188:l dbt k
d223
f229
Invalid operation
Invalid operation
Invalid operation
Invalid operation
/d234/d3/n36/f107/f14/d144/d251/d138/f104/f21/f167/d179/d7/n94/n47/d38
Invalid operation
Invalid operation
Invalid operation
n81:0
n81
f227
Invalid operation
d38
f229
f247/
n14
d38
f229
f247/
n14
Invalid operation
Invalid operation
Invalid operation
d14
f155/
f227
f241/
f227:j_jc46b1vb6f9e90kvs-b08-c0yux2_7a
/d234/d3/n36/f107/f14/d144/d251/d138/f104/f21/f167/d179/d7/n94/n47/f247/f155/f224
f118/
f17/
f224
f270/
Invalid operation
f118/
f129
f17/
f224
f270/
f118:dir:0
f118:dir:0
Invalid operation
f118:dir:0
d14:2E D7 A8
f118:dir:0
d14:DA A4 FA 00 2E D7 A8
f224:md:23
d131/
d234
d257/
f102
f129
f17/
f224
f102:40
f102:40
f224:tf73bzhjg.z05a59td.64v5x8xz_3-yiammk
d234
d257/
f102
f129
f17/
f224
f36
f224:tf73bzhjg.z05a59td.64v5x8xz_3-yiammkxcrprv7
f224:51
f129:5
f36:4
f224:51
f129:5
f215:4
f36:4
d234:3
f224:md:51
Invalid operation
f224:tf73bzhjg.z05a59td.64v5x8xz_3-yiammkxcrprv7pnhvt5 q
f215:46 0A 83
f215:46
f215:0A
f215:CB 04
f224:tf73bzhjg.z05a59td.64v5x8xz_3-yiammkxcrprv7pnhvt5 qxiykc_d9rc0hnp
Invalid operation
n9/
d3:1
Invalid operation
d188/
d3
d86/
n9/
d3:abe
Invalid operation
Invalid operation
f215:00 00
/d234/d3/n36/f107/f14/d144/d251/d138/f104/f21/f167/d179/d7/n94/n47/f247/f155/f17/d3
d188/
d86/
n116/
n15
n9/
n92
Invalid operation
Null
Invalid operation
d188/
f259
f269
n116/
n15
n9/
n92
n92:25
n15:15
f259:9
f269:8
n92:25
n15:15
f180:
Invalid operation
f215:F3 40 BF
f215:00
Invalid operation
n15:22
d158:13
f259:9
f269:8
f215:BF 00 00 00 00 00 29 74 E8
n9:dir:0
d158
d179/
d188/
f171
f221
f259
f269
n116/
n15
n9/
Invalid operation
Invalid operation
n15:6inyvxjuekw074eg9o80ox6gwiwio5sfp es km gmj60ofv7wzp7eq
f215:D9 43 43 22
n9:dir:0
d158
d179/
d188/
d275
f171
f221
f259
f269
n111/
n116/
n15
n40/
n9/
/d234/d3/n36/f107/f14/d144/d251/d138/f104/f21/f167/d179/d7/n94/n47/f247/f155/f17/n15
Invalid operation
Invalid operation
d167
Invalid operation
n19
n92:00 00 A2
d141
d84/
f106
f261/
f68/
n19
n87/
Invalid operation
Invalid operation
d13:bin:0
Invalid operation
n19:pv
Invalid operation
d141:7
n20:7
n10:5
f173:4
d141
d84/
f173
f187
f268
f68/
n10
n19
n20
n20:CB 44 46 3B 1E
n20:CB 44 46 80
/d234/d3/n36/f107/f14/d144/d251/d138/f104/f21/f167/d179/d7/n94/n47/f247/f155/f17/n40/n19
f231:kbwx
f231:md:4
Invalid operation
n20:D7 06 D4
n20:4E 98 0F 8E 50
d141
d84/
f173
f187
f268
f68/
n10
n19
n20
Null
Invalid operation
d141
d230/
d84/
f139
f173
f212/
f268
f68/
n10
n19
n20
n75
f14
f231
n108
n5
d141
d230/
d84/
f139
f173
f212/
f268
f68/
n10
n19
n20
n75
d141
d230/
d84/
f139
f173
f212/
f268
f68/
n10
n19
n20
n75
n19:txt:23
Invalid operation
d278:C3
Null
f176
f184
d227/
d278
f14
f231
n108
n117/
n5
Invalid operation
Null
f176
f184
f176:txt:7
d25/
f176
f184
f176:txt:19
d278:69 D5 E0 F7 91 E1
d25/
f184
/d234/d3/n36/f107/f14/d144/d251/d138/f104/f21/f167/d179/d7/n94/n47/f247/f155/f17/n40/d84/d227/f184
d25/
f184
Invalid operation
Invalid operation
d278:00
Invalid operation
d227/
d235
d278
f14
f260/
f99/
n108
n117/
Invalid operation
n19:txt:24
n19:pvxe hn9_jiuh9lr2u7pd-kx
n19:24
n20:23
n19:pvxe hn9_jiuh9lr2u7pd-kxqf27_s
Invalid operation
Invalid operation
d136
d141
d230/
d285
d84/
f129
f131/
f139
f173
f212/
f268
f68/
n10
n19
n20
n75
n99
Invalid operation
d141:trqranu
Invalid operation
Null
Invalid operation
Invalid operation
n92:AE
n92:91 D9 61
d113
d158
d179/
d188/
d275
d28
f171
f221
f259
f269
n111/
n116/
n15
n40/
n9/
n92
n92:91 D9 61
d113
d158
d179/
d188/
d275
d28
f171
f221
f269
n111/
n116/
n15
n40/
n9/
n92
d113
d158
d179/
d188/
d275
d28
f171
f221
f269
n111/
n116/
n15
n40/
n9/
n92
Invalid operation
d113
d158
d179/
d188/
d193/
d275
d28
d74
f171
f221
f269
n111/
n116/
n15
n40/
n9/
n92
Invalid operation
Invalid operation
d113
d158
d179/
d188/
d193/
d275
d28
d74
f171
f221
f269
n111/
n116/
n15
n40/
n9/
n92
/d234/d3/n36/f107/f14/d144/d251/d138/f104/f21/f167/d179/d7/n94/n47/f247/f155/f17/n15
Invalid operation
n15:6inyvxjuekw074eg9o80ox6gwiwio5sfp es km gmj60ofv7wzp7eqxx
Invalid operation
Invalid operation
n15:57
d158:13
n92:12
d113:11
f269:8
d275:0
Invalid operation
Invalid operation
/d234/d3/n36/f107/f14/d144/d251/d138/f104/f21/f167/d179/d7/n94/n47/f247/f155/f17/n15
Invalid operation
Invalid operation
n92:49 DA 33 FB 91
n9:dir:0
n15:6inyvxjuekw074eg9o80ox6gwiwio5sfp es km gmj60ofv7wzp7eqxxs_ntzxlnfia
f224:tf73bzhjg.z05a59td.64v5x8xz_3-yiammkxcrprv7pnhvt5 qxiykc_d9rc0hnpxx
f224:67
f156:14
f224:67
f215:15
f156:14
n6:13
f11:6
f129:5
f36:4
d234:3
f224:tf73bzhjg.z05a59td.64v5x8xz_3-yiammkxcrprv7pnhvt5 qxiykc_d9rc0hnpxx
Invalid operation
d204
d234
d239
d246/
d257/
d69
f11
f129
f156
f17/
f176
f198/
f215
f224
f265/
f32
f36
n6
Invalid operation
f215:00 00
Invalid operation
f215:BF AC
d204
d234
d239
d246/
d257/
d298/
d69
f11
f129
f156
f17/
f176
f215
f224
f265/
f32
f36
n6
f227:j_jc46b1vb6f9e90kvs-b08-c0yux2_7a
f227:md:33
Invalid operation
Invalid operation
d38:5
f229:0
n14:0
Invalid operation
f188:l dbt k
Invalid operation
d282:45 D4 05
Invalid operation
Null
d121
d16/
d171
d274/
d31/
d56/
d65/
d7/
d73/
f148/
f20/
f208/
f227
f230/
f250
f252/
f299
f39/
f54/
f67
f86
n111/
n16
n21/
n6
n63
n80/
d121
d16/
d171
d274/
d31/
d56/
d65/
d7/
d73/
f148/
f162/
f20/
f208/
f227
f230/
f250
f252/
f299
f39/
f54/
f67
f86
n111/
n16
n21/
n6
n63
n80/
Invalid operation
d240:ytojd3dwgih5tm 
/d234/d3/n36/f107/f14/d144/d251/d138/f104/f21/f167/d179/f139/d240
d118/
d240
f7/
d73:dir:0
Invalid operation
Invalid operation
Invalid operation
d121
d16/
d171
d23/
d270
d274/
d31/
d65/
d7/
d70
d73/
f139/
f148/
f162/
f17
f20/
f208/
f227
f230/
f250
f252/
f299
f39/
f54/
f67
f86
n111/
n16
n21/
n6
n63
n80/
Invalid operation
d73:dir:0
d73:dir:0
Invalid operation
d73:dir:0
Invalid operation
d73:dir:0
d121
d16/
d171
d23/
d241/
d270
d274/
d31/
d65/
d7/
d70
d73/
f139/
f148/
f159
f162/
f17
f20/
f208/
f227
f230/
f250
f252/
f299
f39/
f54/
f86
n111/
n16
n21/
n31/
n6
n63
n77/
n80/
n108:dir:0
Invalid operation
Invalid operation
Null
Invalid operation
f172:dir:0
Invalid operation
Invalid operation
Invalid operation
Invalid operation
/d234/d3/n36/f107/f14/d144/d251/d138/f104/f21/f167/d179/f20/n108/n54/f225
Invalid operation
Invalid operation
Invalid operation
d156:7
Invalid operation
d156
d277/
f253/
n54/
Invalid operation
Invalid operation
d73:dir:0
Invalid operation
Invalid operation
Invalid operation
Null
n63:29
n63:1A 70 47 DF 9B 05 00
Invalid operation
Invalid operation
d294:4
d121
d16/
d171
d23/
d270
d274/
d31/
d65/
d7/
d70
d73/
d92/
f0
f139/
f148/
f159
f17
f20/
f208/
f227
f230/
f250
f254
f299
f39/
f54/
f86
f97/
n111/
n16
n21/
n6
n63
n65/
n77/
n80/
Invalid operation
d121
d16/
d171
d23/
d270
d274/
d31/
d65/
d7/
d70
d73/
d92/
f0
f139/
f148/
f159
f20/
f208/
f227
f230/
f239/
f250
f254
f299
f39/
f54/
f86
f97/
n111/
n21/
n6
n63
n65/
n77/
n80/
Invalid operation
Invalid operation
d73:dir:0
Invalid operation
d121
d16/
d171
d23/
d270
d274/
d291/
d31/
d65/
d7/
d70
d73/
d92/
f0
f139/
f148/
f159
f20/
f208/
f227
f230/
f239/
f250
f254
f299
f39/
f54/
f86
n111/
n21/
n6
n63
n65/
n77/
n80/
d121
d16/
d171
d23/
d270
d274/
d291/
d31/
d65/
d7/
d70
d73/
d92/
f0
f139/
f148/
f159
f20/
f208/
f227
f230/
f239/
f250
f254
f299
f39/
f54/
f86
n111/
n21/
n6
n63
n65/
n77/
n80/
Invalid operation
Invalid operation
Invalid operation
d121
d16/
d171
d23/
d270
d274/
d291/
d31/
d65/
d7/
d70
d73/
d75/
d92/
f0
f1
f115/
f134
f139/
f148/
f159
f20/
f208/
f227
f230/
f239/
f250
f254
f299
f39/
f54/
f86
n111/
n21/
n34
n6
n63
n65/
n77/
n80/
Null
Invalid operation
f116
f116:c
Invalid operation
n63:E4 AC 3A
n63:44
f0:17
f299:17
d171:16
f227:16
d121:12
f159:10
f75:12
d294:5
f292:1
Invalid operation
d179/
d237/
d294
f199/
f235/
f292
f235:dir:0
f292:C3
f235:dir:0
Invalid operation
f235:dir:0
d114
d14/
d217
f167/
f298/
n54/
n6
/d234/d3/n36/f107/f14/d144/d251/d138/f104/d169
d140/
d169
d23
d33/
f21/
f243
f75
n17/
d169:19 11
d140/
d169
d23
d33/
f21/
f243
f75
n17/
/d234/d3/n36/f107/f14/d144/d251/d138/f219
f104:dir:0
Invalid operation
Invalid operation
f101
f104/
Invalid operation
Invalid operation
f104:dir:0
d116
f104/
f38
f99
n93
Invalid operation
f104:dir:0
Invalid operation
Invalid operation
Invalid operation
f104:dir:0
Invalid operation
d116
d253
f104/
f38
f99
n93
Null
d116
d253
f104/
f38
f99
n93
d116
d253
f104/
f38
f99
n93
Invalid operation
Invalid operation
f38:94 3B C9
Invalid operation
n93:C6
Invalid operation
Invalid operation
f243:10
d169:8
f75:6
d16:2
Invalid operation
d140/
d16
d169
d33/
f162/
f21/
f243
f75
n17/
d140/
d16
d169
d33/
f162/
f21/
f243
f250
f75
n17/
n80/
Invalid operation
d169:bin:8
Invalid operation
d169:2D
d16
d169
d33/
f162/
f21/
f243
f250
f251/
f294
f75
n17/
n80/
Invalid operation
Invalid operation
Null
Invalid operation
d169:89 D7 D5
d169:2D FA 52 00
n78:dir:0
Invalid operation
f44:dir:0
f44:dir:0
Invalid operation
d169:D7
d16
d169
d33/
f162/
f182
f21/
f243
f250
f251/
f270/
f294
f75
n75
n80/
d169:D7 BF C6
Invalid operation
Invalid operation
Invalid operation
/d234/d3/n36/f107/f233
Invalid operation
d16
d169
d186/
d195/
d33/
f111
f162/
f174
f182
f209/
f21/
f243
f250
f251/
f270/
f296/
f47/
f75
f92/
n118/
n75
n80/
d169:00 35 1D DA 23
d16
d169
d186/
d192
d195/
d33/
f111
f153/
f162/
f174
f182
f209/
f21/
f243
f250
f251/
f270/
f296/
f47/
f75
f92/
n118/
n75
n80/
Invalid operation
d169:3A
Invalid operation
d16
d169
d186/
d192
d195/
d33/
f111
f153/
f162/
f174
f182
f20
f209/
f21/
f243
f250
f251/
f255/
f270/
f296/
f47/
f6
f75
f92/
n118/
n119
n75
n80/
Invalid operation
Invalid operation
Invalid operation
n93:C6
d116
d198/
d253
f104/
f268
f99
n93
d29/
f202/
f99:gjjdfs1or
Invalid operation
f99:gjjdfs1or
Invalid operation
d116
d198/
f104/
f268
f99
n65/
f268:C9
f268:C9
Invalid operation
Invalid operation
d138:dir:0
f268:00 00
Invalid operation
d138/
d252
d138/
d252
Invalid operation
f99:gjjdfs1or9w48erq
Invalid operation
d116
d198/
f104/
f113/
f268
f99
n65/
Invalid operation
Invalid operation
Invalid operation
Invalid operation
Invalid operation
Invalid operation
Invalid operation
d132
d16
d169
d186/
d192
d195/
f111
f133
f153/
f162/
f174
f20
f209/
f21/
f250
f251/
f27/
f270/
f296/
f47/
f6
f75
f92/
n119
n75
n80/
Invalid operation
d132
d152/
d16
d169
d186/
d192
d195/
f111
f133
f153/
f162/
f174
f20
f209/
f21/
f243
f250
f251/
f255/
f260
f27/
f270/
f296/
f47/
f6
f75
f92/
n118/
n119
n75
n80/
d169:bin:12
d169:DA 23 00
d169:89 D7 BF C6
Invalid operation
f292
Null
Invalid operation
f127
d169:50 BB A6
d244/
d73/
f127
Invalid operation
d218
d244/
d245/
d62/
d73/
f127
f127:txt:12
Invalid operation
/d234/d3/n36/f107/f14/d144/d251/d138/f268
f127:17
n59:17
d218
d244/
d245/
d62/
d73/
f127
n59
Invalid operation
Invalid operation
Invalid operation
f127:txt:17
d218
d23/
d236/
d244/
d62/
d73/
f120/
f127
n35/
n59
f127:txt:18
Invalid operation
d191/
d218
d23/
d236/
d244/
d62/
d73/
f120/
f127
n11
n27/
n35/
n59
d39/
Invalid operation
d195/
d39/
Invalid operation
d169:1A 27
d195/
d23
d39/
d195/
d39/
f188/
Invalid operation
d195/
d39/
f188/
n117/
d195/
d39/
f188/
n117/
Invalid operation
d171
d195/
d39/
f188/
n117/
Invalid operation
d171
d195/
d39/
f188/
n117/
Invalid operation
Invalid operation
d171
d195/
d231/
d39/
d74
d78
f188/
f225
n117/
n4/
d78:ix43lgr
d195:dir:0
Invalid operation
d78:ix43lgr7u j13
d169:40 BC 00 00
f127:bpxvnftdb702p6..8xx_.26e-9qa0h08nck-7grt45qmvz7u8r-jj6pl-5t
f127:txt:59
d145
d191/
d218
d23/
d236/
d244/
d62/
d73/
f120/
f127
f266/
f39/
n11
n27/
n59
d169:EB FB 47 1A EB 09 E3 D1 00 00 37 4C 21 A2 88
f127:bpxvnftdb702p6..8xx_.26e-9qa0h08nck-7grt45qmvz7u8r-jj6pl-5t
Invalid operation
Invalid operation
d145
d191/
d218
d23/
d244/
d62/
d73/
f127
f266/
f39/
n11
n27/
n59
n79
Invalid operation
d169:D9 2B 73
Invalid operation
Invalid operation
Invalid operation
d145
d191/
d218
d23/
d244/
d62/
d73/
f106/
f127
f266/
n11
n27/
n59
n81/
f127:93
d169:D9 2B 73 82 08 58 1C 65 D2 41
f127:93
d1:17
Invalid operation
f151/
f207
f292
Invalid operation
/d234/d3/n36/f107/f14/d144/d251/d138/f104/d169
d230:cg9c2x0e
Invalid operation
d169:23 A5 F0 35 D9 2B 73 82 82 4A A1 98 BE D1 84 00 00 37 4C 21 A2 88 12 FE FC
Invalid operation
/d234/d3/n36/f107/f14/d144/d251/d138/f104/d169
Null
d169:bin:39
d144/
d152/
d16
d169
d186/
d192
d195/
d281/
d35
d95
f111
f133
f153/
f162/
f174
f20
f209/
f21/
f243
f250
f251/
f255/
f260
f264
f27/
f270/
f296/
f47/
f6
f75
f92/
n119
n75
n80/
Invalid operation
Invalid operation
Invalid operation
d27:12
Invalid operation
d27
f71/
n36/
Invalid operation
n36:dir:0
Invalid operation
Invalid operation
Invalid operation
Invalid operation
n36:dir:0
d169:87 0A 9F C4 9D E5 D6 5E AD 23 A5 F0 35 D9 2B 73 82 82 4A A1 F5 BE
d169:9D E5 D6 5E AD 23 A5 F0 35 D9 2B 73 82 82 4A A1
d0
f107
d169:35 D9 2B 73 82 82 4A A1 F5 BE D1
f107:txt:0
Null
d169:BE D1 84 00 00 37
d0
f107
n0/
f107:
Invalid operation
Null
d0
f58/
f63/
n0/
n0:dir:0
/d234/d3/n36/f107/f14/d144/d251/d138/f104/f270/n36/f58/f178
f264
Invalid operation
Invalid operation
d169:C4
d216:
Invalid operation
d169:D6 5E AD 23
Invalid operation
d169:50 4C 21 A2 50
Invalid operation
Invalid operation
d184/
f194/
f200
f265
f87
n109/
Invalid operation
f87:pskkrglpo -iyorhtws 7st4
f87:24
d35:12
f265:12
/d234/d3/n36/f107/f14/d144/d251/d138/f104/f270/n36/n0/f87
d35
f177
f194/
f265
f78
f87
/d234/d3/n36/f107/f14/d144/d251/d138/f104/f270/n36/n0/f87
f87:pskkrglpo -iyorhtws 7st4x9rh-ku-ex1f
f224
n77/
Null
n77/
f87:pskkrglpo -iyorhtws 7st4x9rh-ku-ex1f
f177:0D 29 E5 97 00 F6
d35
f177
f194/
f265
f87
Invalid operation
d216:4.8ke16nei
d216:4.8ke16nei
d216:4.8ke16neixx
Invalid operation
Invalid operation
d169:51 4A A1 F5 E4 D1 2B BF 4C 66 53 D4 C3 F4
Invalid operation
d95/
f187/
Invalid operation
Invalid operation
Invalid operation
d108/
d227/
d95/
f187/
/d234/d3/n36/f107/f14/d144/d251/d138/f104/f270/n36/d216
f14:dir:0
d126/
f14/
Null
Invalid operation
Invalid operation
d126/
d177
d66/
f14/
f94
Invalid operation
Invalid operation
d126/
d177
d66/
f14/
f94
Invalid operation
Invalid operation
d126/
d177
d289/
d66/
f111
f14/
f223
f94
n72/
Invalid operation
d126/
d177
d289/
d66/
f111
f14/
f223
f94
n72/
Invalid operation
Invalid operation
Invalid operation
f223:17
f94:11
d240:8
d177:5
Invalid operation
Invalid operation
Invalid operation
d126/
d240
d289/
d66/
f14/
f223
f52/
f94
n72/
Invalid operation
d126/
d240
d289/
d66/
f223
f52/
f94
n72/
d126/
d240
d289/
d66/
f223
f52/
f94
n72/
/d234/d3/n36/f107/f14/d144/d251/d138/f104/f270/n36/f58/d227/f94
Invalid operation
/d234/d3/n36/f107/f14/d144/d251/d138/f104/f270/n36/f58/d227/f223
d240:62 24 12 CA 38 20
d240:38 20 00
d126:dir:0
Invalid operation
d126/
d240
d249
d261/
d289/
d66/
d80/
f193
f223
f92/
n72/
d126:dir:0
Null
d240:CA 38
d126:dir:0
d240:E8 4C 60 00
f223:g1cl5aj8yxy.zi3qo.43lxy-mdw. h0 tiqmbmj_7g4zx0caz 13ygrqdhthfe2aqbeg0
d240:62 24 12 CA E2 08
/d234/d3/n36/f107/f14/d144/d251/d138/f104/f270/n36/f58/d227/f223
Invalid operation
Invalid operation
Invalid operation
f223:g1cl5aj8yxy.zi3qo.43lxy-mdw. h0 tiqmbmj_7g4zx0caz 13ygrqdhthfe2aqbeg0rh6c33
d240:12 7C 09 DA 53 11 5D BA 08 E8 00 00 D3 FC
f191
d236/
d256/
f191
/d234/d3/n36/f107/f14/d144/d251/d138/f104/f270/n36/f58/d227/d261/f191
f191:md:25
d236/
d256/
f191
f213/
f79
Null
Invalid operation
d236/
d256/
d272
f191
f213/
f74/
f79
Null
d236/
d256/
d272
f191
f213/
f74/
f79
f191:md:40
d240:70 E6 D4 33 A4 11 5D 7E 2D E8 00 00 D3 FC C5 00
Invalid operation
d236/
d256/
d272
f191
f256
f74/
n93/
d236/
d256/
d272
f191
f256
f74/
n93/
f256:52
/d234/d3/n36/f107/f14/d144/d251/d138/f104/f270/n36/f58/d227/d261/f191
d236/
d256/
d272
f191
f256
f74/
n93/
f256:52
Null
d226
d236/
d256/
d272
f191
f256
f74/
n93/
Invalid operation
f256:EC 8A 17 EE 85
d204
d226
d256/
d258/
d34
f191
f203/
f205
f222
f256
f74/
Invalid operation
d204
d222/
d226
d256/
d258/
d34
f191
f203/
f205
f222
f256
f74/
d204
d222/
d226
d256/
d258/
d34
f147
f191
f203/
f205
f222
f256
f74/
Invalid operation
d226:knraa sh7
f222:00
Null
Invalid operation
f191:41
f222:13
d226:9
n42:8
d262:7
d70:7
d204:5
d34:3
Invalid operation
Invalid operation
f222:FF 93 A1 2C EB 34 18 80
f222:4E A6 FF 93 A1 2C EB 34 18 80 BD
Invalid operation
d141
d204
d226
d256/
d258/
d262
d34
d70
f191
f203/
f222
f69
f97/
n42
n57
n71
f191:72
f222:15
d226:9
n42:8
d256:dir:0
f222:2C AF
Invalid operation
d141
d204
d226
d256/
d258/
d262
d34
d70
f203/
f222
f69
f97/
n42
n71
d256:dir:0
d204:3tq1t
Invalid operation
/d234/d3/n36/f107/f14/d144/d251/d138/f104/f270/n36/f58/d227/d261/d204
d126:dir:0
d240:70 E6 D4 33 A4 11 5D 7E 2D
f223:g1cl5aj8yxy.zi3qo.43lxy-mdw. h0 tiqmbmj_7g4zx0caz 13ygrqdhthfe2aqbeg0rh6c33
f278/
d240:00 00
Invalid operation
d128/
d19
d191
d260
d45/
f189/
f274/
f278/
n44/
Invalid operation
d240:59 85
d222:txt:0
d222
d85
d222
d85
d222:
d222:txt:0
d222:txt:0
d215
d222
d85
f150
n21/
n50
f186/
n60/
Null
Invalid operation
Invalid operation
d204/
d213
f290/
n94
d204/
d213
f290/
n94
d213:5
n94:4
n94:4
Invalid operation
d204/
f290/
f91
n94
Invalid operation
d114
d204/
d231
d276/
d73/
f290/
f91
n94
Invalid operation
Null
Invalid operation
f150:CF 2E 69 3C 1B 06 CE 70 6C 00
f9/
/d234/d3/n36/f107/f14/d144/d251/d138/f104/f270/n36/f58/d227/n72/f274/n21/n60/d276/f275
Invalid operation
f275
f257
f257
n51
d133/
f100
f65
n51
n94:2hu6x
Null
d222:22
f150:11
n76:3
d215
d222
d85
f150
n21/
n50
n66
n76
d215
d222
d85
f150
n21/
n50
n66
n76
Invalid operation
d222
d90/
f150
f23/
f57
n21/
n50
n66
Invalid operation
d191:xxxpkw5 0-f-la imgh
d191:xxxpkw5 0-f-la imgh
Invalid operation
d191:19
d191:xxxpkw5 0-f-la imgh
Invalid operation
Invalid operation
Invalid operation
Null
f223:76
d83:15
n3:15
d249:12
d126:dir:0
Invalid operation
Invalid operation
Invalid operation
d126/
d183
d249
d261/
d289/
d5
d80/
d83
f111
f172
f184
f193
f223
f254/
f52/
f92
n26
n3
n38/
n72/
d126:dir:0
Invalid operation
d19:0s4a-e66-r 087_razbcsirp29ugp3hn6k
Invalid operation
f150:00 65
d222:txt:41
Invalid operation
f278:dir:0
Invalid operation
d184/
d185
d284
d45/
f13
f158
f188
f189/
f242
f244/
f274/
f278/
n112/
n44/
f278:dir:0
f158:25
d284:19
f188:15
f242:13
d185:11
d180:8
f13:2
Invalid operation
Invalid operation
d284:10 26 CD 00
d180
d184/
d185
d284
d45/
f13
f158
f188
f189/
f242
f244/
f274/
f278/
n102
n112/
n44/
Invalid operation
f158:7g90u9yhe9zm54 2xnw6dy6x39rf8-h1-apvra v-c5t 5zbu5
d180
d184/
d185
d284
d45/
f13
f158
f188
f189/
f206
f242
f244/
f274/
f278/
f49/
n102
n112/
n44/
f43:txt:20
f13:05 AE
Invalid operation
f135
f297/
n71/
f135:0maa6saxwx-o0mlg.7b-n
d186:4aa1kqgls-7u vgkf6si3o
Invalid operation
d186:4aa1kqgls-7u vgkf6si3o
f108:28
d223/
f108
f111/
n71/
d223/
f108
f114/
n71/
Null
Invalid operation
d186:4aa1kqgls-7u vgkf6si3o
d186:4aa1kqgls-7u vgkf6si3o
Invalid operation
d186:22
d59:2
d259:1
d222:0
d186:txt:22
Invalid operation
d186:txt:22
Invalid operation
d186
d222
d259
d59
f57/
f76/
d59:A7 48 33 80 4B
d135
n103
n83
d135:txt:6
d135:utk1_p
d135:utk1_p
d117:bin:0
d135
f236/
d135
d91
d186:22
d59:19
f188:7
d259:1
d222:0
n44:0
d186
d222
d259
d59
f188
f57/
f76/
n44
d186
d222
d259
d59
f188
f57/
n44
Invalid operation
d186:4aa1kqgls-7u vgkf6si3o
d59:5B
/d234/d3/n36/f107/f14/d144/d251/d138/f104/f270/n36/f58/d227/n72/f189/f74/n71/d186
Invalid operation
d59:00 AA B4 E6 0B 93 5B
Invalid operation
Invalid operation
Invalid operation
d223/
d265
f108
n71/
Invalid operation
Invalid operation
d265:qhu4v0wamtx o
d265:qhu4v0wamtx oyb3_bjz
f13:CC 06 20 C8 00
Invalid operation
d86/
f43
f74/
n115
Invalid operation
Invalid operation
n49
d104:8
n49:1
Null
d244
f137
n49
n49:md:2
d244:D9
n49:xxnhdjh.7i
d151
d244
d99
f137
f23/
f75
n49
d151
d244
d99
f137
f23/
f75
n49
d244:00 00
d244:22 7E
d151
d244
f133/
f137
f22/
f260/
n49
d244:D4 3D 7B FF 90 D1 62 83 E9 1B
Invalid operation
d151
d244
f133/
f137
f22/
f260/
n49
/d234/d3/n36/f107/f14/d144/d251/d138/f104/f270/n36/f58/d227/n72/f189/d86/n49
Invalid operation
n49:xxnhdjh.7irktammr.jrxxj08-c-0mwmirea-d_59v_mqz.tdoyvu
Invalid operation
d151
d244
d279
f133/
f137
f185
f22/
f260/
n49
d151
d244
d279
f133/
f137
f185
f22/
f260/
n49
Invalid operation
d61:dir:0
/d234/d3/n36/f107/f14/d144/d251/d138/f104/f270/n36/f58/d227/n72/f189/d86/f260/d226
Invalid operation
d226:i
d20:md:15
d20
n49:xxnhdjh.7irktammr.jrxxj08-c-0mwmirea-d_59v_mqz.tdoyvuh8ko92x
Invalid operation
Invalid operation
Invalid operation
Invalid operation
d244:00 00 00
d244:E9 1B C6 08 22 7E 00 92 32 B1 00 00 00 00
d226
d61/
f67/
d226:17
Invalid operation
Invalid operation
/d234/d3/n36/f107/f14/d144/d251/d138/f104/f270/n36/f58/d227/n72/f189/d86/f260/d226
Invalid operation
Null
d151
d244
d279
f133/
f137
f185
f260/
n49
d244:2A 9B C6 E9 1B C6 08 22 7E
n49:md:61
d131/
d86/
f43
f74/
Invalid operation
f43: ix-9sk5--86u_39r0-jw6fjv-sl_2o0
f43:32
n115:10
f140:8
d86/
f140
f43
f74/
n115
n49:60
d244:22
f137:13
f185:8
d151:6
f43: ix-9sk5--86u_39r0-jw6fjv-sl_2o0
f137:txt:24
Invalid operation
d244:7C 37 08 22 7E 00
Invalid operation
/d234/d3/n36/f107/f14/d144/d251/d138/f104/f270/n36/f58/d227/n72/f189/d86/n22/d96
Invalid operation
Invalid operation
Invalid operation
Invalid operation
d244:bin:26
n56
Invalid operation
d244:7B B4 1C 2A 9B 2C 25 7C
Invalid operation
Invalid operation
Invalid operation
Invalid operation
Invalid operation
d143/
d173
d20
d276
d87/
f133/
f181/
f225/
f260/
f67
n111/
n22/
Invalid operation
d33:dir:0
f140:04 46 A7 20
Invalid operation
d145
d226
d23
d284
f132/
f216/
f299
f67/
f93/
Invalid operation
Invalid operation
d226:27
f299:8
d145:0
d23:0
d284:0
d226:27
d43
f140/
f229/
f140:dir:0
d145
d226
d23
d244
d284
f131/
f171/
f216/
f299
f67/
f93/
n113
d226:39
f299:9
d145
d226
d244
d284
d54
f131/
f150/
f171/
f216/
f299
f67/
f93/
n113
d226:27
d54:16
f299:16
d145
d226
d244
d284
d54
f131/
f150/
f171/
f216/
f299
f67/
f93/
n113
Invalid operation
/d234/d3/n36/f107/f14/d144/d251/d138/f104/f270/n36/f58/d227/n72/f189/d86/f260/d226
d126:0
f281:0
d12:49 B8 55
Invalid operation
Invalid operation
Invalid operation
Invalid operation
d12:02
/d234/d3/n36/f107/f14/d144/d251/d138/f104/f270/n36/f58/d227/n72/f189/d86/f260/f150/d126
Invalid operation
d12:B8 55 02 00
d12
d126
d181/
f128
f187
f218
f251
d181:dir:0
d181:dir:0
Invalid operation
d181:dir:0
Invalid operation
d12
d126
d166
d181/
d214
d65
d66/
d98
f128
f187
f218
d12
d126
d181/
d214
d65
d66/
d98
f128
f187
f218
/d234/d3/n36/f107/f14/d144/d251/d138/f104/f270/n36/f58/d227/n72/f189/d86/f260/f150/d126
Invalid operation
Invalid operation
Invalid operation
Null
Invalid operation
d12:89 49 B8 AC E3 F7 C0
d176:ug-
d176
f290
/d234/d3/n36/f107/f14/d144/d251/d138/f104/f270/n36/f58/d227/n72/f189/d86/f260/f150/d66/d176
Invalid operation
f290:A5 5C
Invalid operation
d176:md:3
d176:md:3
d166
d250/
f147/
f186
f263/
f96/
n38/
f186:
d166:DD 7D 02 00
d176:md:3
Invalid operation
d262:25 CD 04
d262:6
d262
f290:AE 80 01 2A 4F
/d234/d3/n36/f107/f14/d144/d251/d138/f104/f270/n36/f58/d227/n72/f189/d86/f260/f150/d66/d176
f290:4F
f290:AE 80 01 2A
f73:13
f290:7
n100:7
d100:3
d176:3
f290:54 13
d195
d262
f221/
n61
d262:32 68 CE
d195
d262
f221/
f34/
n61
Null
d195
d233/
d262
f221/
f283/
f290/
f34/
n61
Null
Invalid operation
d195
d233/
d262
f221/
f283/
f290/
f34/
f55
n61
d262:bin:9
d195
d233/
d262
f221/
f283/
f290/
f34/
f55
n61
d195
d233/
d262
f221/
f283/
f290/
f34/
f55
n61
/d234/d3/n36/f107/f14/d144/d251/d138/f104/f270/n36/f58/d227/n72/f189/d86/f260/f150/d66/n19/d195
Null
Invalid operation
Invalid operation
Invalid operation
d109
d118/
f43
d206
d293
f161/
f237/
Invalid operation
d100:66 7C B9 8E 00 00
Invalid operation
d293:85
f5:0
d201
d293
f134/
f161/
f237/
f5
Invalid operation
Invalid operation
Invalid operation
Invalid operation
f0
d195
d233/
f221/
f283/
f290/
f55
n61
d100:29 5B 4D 56 B6 58
d195
d233/
d94/
f221/
f283/
f290/
f55
n61
d100:58
Null
d195
d233/
d94/
d97
f221/
f283/
f290/
f55
n61
d195:6k.sim3firkc.dt38_2i_qs6zmkkd741z1w2er.i65ltji6xhg7zd8sy8wez40ee8aqqhijc8sycp7ryds7q7x
d100:15
d100:96 15 5C 2A 06 96 6A 9B B6
d63
Invalid operation
f29:6wt
Invalid operation
f29
f29:6wtog
f29
d67/
d118:dir:0
d100:D4
Invalid operation
d195:6k.sim3firkc.dt38_2i_qs6zmkkd741z1w2er.i65ltji6xhg7zd8sy8wez40ee8aqqhijc8sycp7ryds7q7xx
d195:6k.sim3firkc.dt38_2i_qs6zmkkd741z1w2er.i65ltji6xhg7zd8sy8wez40ee8aqqhijc8sycp7ryds7q7xx
f273:dir:0
Invalid operation
Invalid operation
Invalid operation
d67:dir:0
d195
d233/
d94/
d97
f117/
f221/
f255
f283/
f290/
f55
n61
n96
d195:6k.sim3firkc.dt38_2i_qs6zmkkd741z1w2er.i65ltji6xhg7zd8sy8wez40ee8aqqhijc8sycp7ryds7q7xx2bod6kx_2d4t38q__bdki_r3xd4.
d195:115
d97:14
Invalid operation
Invalid operation
d195:6k.sim3firkc.dt38_2i_qs6zmkkd741z1w2er.i65ltji6xhg7zd8sy8wez40ee8aqqhijc8sycp7ryds7q7xx2bod6kx_2d4t38q__bdki_r3xd4.
f255:00
d195
d233/
d94/
d97
f117/
f221/
f255
f283/
n28/
n61
Invalid operation
Invalid operation
/d234/d3/n36/f107/f14/d144/d251/d138/f104/f270/n36/f58/d227/n72/f189/d86/f260/f150/d66/d176
d100
d176
d206
d280/
f108
f285/
f287/
f290
f291/
f71/
f73
f92
n100
n19/
n4/
d100
d176
d206
d280/
f108
f285/
f287/
f290
f291/
f71/
f73
f92
n100
n19/
n4/
n61:24
d176:md:25
/d234/d3/n36/f107/f14/d144/d251/d138/f104/f270/n36/f58/d227/n72/f189/d86/f260/f150/d126
Null
/d234/d3/n36/f107/f14/d144/d251/d138/f104/f270/n36/f58/d227/n72/f189/d86/f260/f150/d126
d126:
d126:
Invalid operation
d12
d132
d181/
d214
d41
d65
d66/
d88
d98
f128
f187
d12
d126
d132
d181/
d214
d41
d65
d66/
d88
d98
f128
f187
f218
n4
Invalid operation
Invalid operation
d88:ED 38
f128:pdue83h
Invalid operation
Invalid operation
Invalid operation
Invalid operation
Invalid operation
d199/
Invalid operation
d151:00 00 00
Invalid operation
Invalid operation
Invalid operation
/d234/d3/n36/f107/f14/d144/d251/d138/f104/f270/n36/f58/d227/n72/f189/d86/f260/f150/d181/d280/f61
d151:C6 2D
Invalid operation
Invalid operation
d151:C0 EF AE 20 D0 AC 87
/d234/d3/n36/f107/f14/d144/d251/d138/f104/f270/n36/f58/d227/n72/f189/d86/f260/f150/d214
Invalid operation
Invalid operation
n30:dir:0
d183
d184/
d199/
f61
n31/
d151:5A FE
Invalid operation
Invalid operation
f61:5
f61:5
d85:dir:0
Invalid operation
Invalid operation
Invalid operation
Invalid operation
Invalid operation
/d234/d3/n36/f107/f14/d144/d251/d138/f104/f270/n36/f58/d227/n72/f189/d86/f260/f150/d181/d280/d184/d85/d271
f212:dir:0
Invalid operation
Invalid operation
Invalid operation
Invalid operation
Invalid operation
Invalid operation
d85/
d85/
Invalid operation
d271
d46
f168
f212/
f232/
f3
n27
d271
d28
d46
f113
f168
f212/
f232/
f3
f5
n27
n7
d271
d28
d46
f113
f168
f212/
f232/
f3
f5
n7
d271
d28
d46
f113
f168
f212/
f232/
f3
f5
n7
d271
d28
d46
f113
f168
f212/
f232/
f3
f5
n7
/d234/d3/n36/f107/f14/d144/d251/d138/f104/f270/n36/f58/d227/n72/f189/d86/f260/f150/d181/d280/d184/d85/d271
Invalid operation
Null
d85:dir:0
d144
d184/
d199/
f182/
f61
n31/
Invalid operation
Invalid operation
d188
d253
d85/
f12
f297/
Invalid operation
d188
d253
d85/
f12
f297/
d85:dir:0
Invalid operation
d188
d253
d85/
f12
f297/
Invalid operation
d188:0
d282:0
f12:0
f67:0
n8:0
d85:dir:0
Invalid operation
Invalid operation
d288
d85/
f12
f211/
f297/
f67
n8
d151:C6 2D 00 1A B4 C0 62 64 28 76 47 E6
d85:dir:0
/d234/d3/n36/f107/f14/d144/d251/d138/f104/f270/n36/f58/d227/n72/f189/d86/f260/f150/d181/d280/d184/f12
d284
Null
f12:4fixl29gzid_5_ b
d85/
f12
f134
f166
f211/
f297/
f67
n8
f12:4fixl29gzid_5_ b
d85/
f12
f134
f166
f211/
f297/
f67
n8
f61:31
d144:0
d151:0D 56
d144
d184/
d199/
f61
n31/
Invalid operation
d199:dir:0
Null
d151:E6 FF 85 85 9D 65 70 EB
d144
d182
d184/
d199/
d281
f61
n31/
d144
d17
d144
d182
d184/
d199/
d281
f19
f61
n114
n31/
n44
d144
d182
d184/
d199/
d281
f19
f61
n114
n31/
n44
Null
Invalid operation
d182
d184/
d199/
d281
f19
f61
n114
n31/
n44
/d234/d3/n36/f107/f14/d144/d251/d138/f104/f270/n36/f58/d227/n72/f189/d86/f260/f150/d181/d280/f61
d281:00 00 85 60 24 E3 90 E3
d144
d182
d184/
d199/
d281
f19
f61
n114
n31/
n44
Invalid operation
Invalid operation
d144:C5 9F
Invalid operation
Invalid operation
Invalid operation
Invalid operation
Invalid operation
Invalid operation
Invalid operation
f111:A3
f111
f111
Invalid operation
f111
f111
f111:00 00 85 6A 2F 1B
Invalid operation
Invalid operation
Invalid operation
f111:7
n99:5
Invalid operation
Invalid operation
/d234/d3/n36/f107/f14/d144/d251/d138/f104/f270/n36/f58/d227/n72/f189/d86/f260/f150/d181/d280/d199/f94/f111
/d234/d3/n36/f107/f14/d144/d251/d138/f104/f270/n36/f58/d227/f111
/d234/d3/n36/f107/f14/d144/d251/d138/f104/f111
Null
f111:bin:2
f111:bin:7
d264
d82
f111
f231/
n96/
n99
f111:AF 5F 00
d264
d82
f111
f231/
n96/
n99
f111:24 9D 0B AF
Invalid operation
f111:2C 14 EB
Invalid operation
Invalid operation
Invalid operation
Invalid operation
Invalid operation
Invalid operation
/d234/d3/n36/f107/f14/d144/d251/d138/f104/f270/n36/f58/d227/n72/f189/d86/f260/f150/d181/d280/d199/d144
/d234/d3/n36/f107/f14/d144/d251/d138/f104/f270/n36/f58/d227/n72/f189/d86/f260/f150/d181/d280/d144
/d234/d3/n36/f107/f14/d144/d144
/d234/d3/n36/f107/f14/d144/d251/d138/f104/f270/n36/f58/d227/n72/f189/d86/f260/f150/d181/d280/d199/d144
/d234/d3/n36/f107/f14/d144/d251/d138/f104/f270/n36/f58/d227/n72/f189/d86/f260/f150/d181/d280/d144
/d234/d3/n36/f107/f14/d144/d144
Null
Invalid operation
Invalid operation
Invalid operation
d144:19
d74:16
d17:5
n24:3
/d234/d3/n36/f107/f14/d144/d251/d138/f104/f270/n36/f58/d227/n72/f189/d86/f260/f150/d181/d280/d199/d144
/d234/d3/n36/f107/f14/d144/d251/d138/f104/f270/n36/f58/d227/n72/f189/d86/f260/f150/d181/d280/d144
/d234/d3/n36/f107/f14/d144/d144
d144
d17
d299/
d74
f94/
Null
f138:mwz9.fjlzwer598yt
/d234/d3/n36/f107/f14/d144/d251/d138/f104/f270/n36/f58/d227/n72/f189/d86/f260/f150/d181/d280/d199/d299/f70
Invalid operation
f138
f238
f70
/d234/d3/n36/f107/f14/d144/d251/d138/f104/f270/n36/f58/d227/n72/f189/d86/f260/f150/d181/d280/d199/d144
/d234/d3/n36/f107/f14/d144/d251/d138/f104/f270/n36/f58/d227/n72/f189/d86/f260/f150/d181/d280/d144
/d234/d3/n36/f107/f14/d144/d144
Invalid operation
d144:35
d74:16
d17:5
f195:0
Invalid operation
d137/
d144
d17
d275/
d299/
d42
d74
f195
f220
f94/
n21
d144:A3 C5 9F 5A 0F 79 9E 75 72 B5 08 18 E8 08 BE 00 00 00 B4
d144:bin:35
/d234/d3/n36/f107/f14/d144/d251/d138/f104/f270/n36/f58/d227/n72/f189/d86/f260/f150/d181/d280/d199/d144
/d234/d3/n36/f107/f14/d144/d251/d138/f104/f270/n36/f58/d227/n72/f189/d86/f260/f150/d181/d280/d144
/d234/d3/n36/f107/f14/d144/d144
d144:bin:35
d137/
d144
d17
d275/
d299/
d42
d63
d74
f195
f220
f94/
Invalid operation
Invalid operation
Invalid operation
d144:bin:38
d144:2B E0
Invalid operation
Invalid operation
Invalid operation
d144:53 2E
Invalid operation
Invalid operation
d281:00 00
Invalid operation
f61:3etth42g6b8bxvd n9i_b0o3lrtay0us03leuu8o9.eludyi.mem3cec3u0-siph8uo9wjylk lu.47tp 23xx
Invalid operation
Invalid operation
d144
d148
d182
d184/
d199/
d281
f35
f57
f61
n110
n31/
n44
Invalid operation
Invalid operation
d151:24
f135:15
n99:9
d151
d280/
f115
f135
f53
n30/
n99
d88:ED 38
d88:19 ED
d12
d126
d132
d167
d181/
d214
d27
d41
d45
d65
d66/
d75
d88
d98
f128
f187
f218
f259
f290
n119/
n21
d12
d126
d132
d167
d181/
d214
d27
d41
d45
d65
d66/
d75
d88
d98
f128
f187
f218
f259
f290
n119/
n21
d12
d126
d132
d167
d181/
d27
d41
d45
d65
d66/
d75
d88
d98
f128
f187
f218
f259
f290
n119/
n21
/d234/d3/n36/f107/f14/d144/d251/d138/f104/f270/n36/f58/d227/n72/f189/d86/f260/f150/f128
d12
d126
d132
d167
d181/
d27
d41
d45
d52/
d65
d66/
d75
d88
d98
f128
f187
f218
f259
f290
n119/
n21
Invalid operation
d100
d176
d206
d280/
f108
f285/
f287/
f291/
f71/
f73
f92
n100
n19/
n4/
n117:7m9k66qojz9cxx
/d234/d3/n36/f107/f14/d144/d251/d138/f104/f270/n36/f58/d227/n72/f189/d86/f260/f150/f128
f128:pdue83h_gk4z6_okb
d145
d226
d244
d266/
d284
d54
d75/
f131/
f150/
f171/
f216/
f299
f67/
f93/
f97
n113
d145
d226
d244
d266/
d284
d54
d75/
f131/
f150/
f171/
f216/
f299
f67/
f93/
f97
n113
n32
Invalid operation
Invalid operation
Invalid operation
f299:09 C0 0B 39 B4 72 41 A3 7E 29 31
Invalid operation
Invalid operation
Invalid operation
/d234/d3/n36/f107/f14/d144/d251/d138/f104/f270/n36/f58/d227/n72/f189/d86/f260/f299
d145
d266/
d284
d48
d54
d75/
f131/
f150/
f171/
f216/
f240/
f299
f67/
f93/
f97
n113
n32
n55/
Invalid operation
n95:
Invalid operation
Invalid operation
d126
d132
d167
d181/
d27
d41
d45
d52/
d65
d66/
d88
d98
f108/
f128
f138
f165
f218
f259
f290
n111/
n119/
n21
/d234/d3/n36/f107/f14/d144/d251/d138/f104/f270/n36/f58/d227/n72/f189/d86/f260/f150/f128
/d234/d3/n36/f107/f14/d144/d251/d138/f104/f270/n36/f58/d227/n72/f189/d86/f260/f150/d132
f128:24
d132:14
f138:14
f290:13
d45:12
d65:11
d88:10
d88:40 04 41
d181:dir:0
d126
d132
d167
d181/
d27
d290
d41
d45
d52/
d65
d66/
d88
d98
f108/
f128
f138
f165
f218
f259
f290
n111/
n119/
n2
n21
f128:24
d290:17
d88:15
d132:14
f138:14
f128:pdue83h_gk4z6_okbxz3ebzo
Invalid operation
Invalid operation
Invalid operation
d145
d266/
d284
d48
d54
d75/
f120
f150/
f171/
f240/
f299
f62
f67/
f93/
n113
n32
n34
n60/
Invalid operation
Invalid operation
f299:DD 00 00 00 4E 29 41
d145
d266/
d281/
d284
d48
d54
d75/
f120
f150/
f171/
f240/
f292
f299
f62
f67/
f93/
n113
n32
n34
n60/
f280:txt:14
f299:41
d135/
d293/
f280
n17
Invalid operation
Invalid operation
Null
d154:txt:0
Null
f280
Invalid operation
d154:
f166:00
d154:
f166:67 4F D4 63 D9 00 13 E3 00 00 00
d206:30 61
/d234/d3/n36/f107/f14/d144/d251/d138/f104/f270/n36/f58/d227/n72/f189/d86/f260/n60/d293/f287/f270/d297
Invalid operation
Invalid operation
d297:md:0
/d234/d3/n36/f107/f14/d144/d251/d138/f104/f270/n36/f58/d227/n72/f189/d86/f260/n60/d293/f287/f270/n32/n1
/n1
Invalid operation
/d234/d3/n36/f107/f14/d144/d251/d138/f104/f270/n36/f58/d227/n72/f189/d86/f260/n60/d293/f287/f270/n26
/d234/d3/n36/f107/f14/d144/d251/d138/f104/f270/n36/f58/d227/n26
n32:dir:0
Invalid operation
/d234/d3/n36/f107/f14/d144/d251/d138/f104/f270/n36/f58/d227/n72/f189/d86/f260/n60/d293/f287/f270/n26
/d234/d3/n36/f107/f14/d144/d251/d138/f104/f270/n36/f58/d227/n26
Invalid operation
Invalid operation
d116/
n32:dir:0
d116/
/d234/d3/n36/f107/f14/d144/d251/d138/f104/f270/n36/f58/d227/n72/f189/d86/f260/n60/d293/f287/f270/n26
/d234/d3/n36/f107/f14/d144/d251/d138/f104/f270/n36/f58/d227/n26
Invalid operation
/d234/d3/n36/f107/f14/d144/d251/d138/f104/f270/n36/f58/d227/n72/f189/d86/f260/n60/d293/f287/f270/n32/d212
d212
d212
Invalid operation
Null
Invalid operation
d220
d259/
f179/
f26
f29
n17/
n26
n32/
Invalid operation
/d234/d3/n36/f107/f14/d144/d251/d138/f104/f270/n36/f58/d227/n72/f189/d86/f260/n60/d293/f287/f270/n26
/d234/d3/n36/f107/f14/d144/d251/d138/f104/f270/n36/f58/d227/n26
Invalid operation
n32:dir:0
d259/
f14/
f159/
f179/
f26
f279/
n100
n17/
n26
n32/
n26:86
f197
d259/
f14/
f159/
f179/
f26
f279/
n100
n17/
n26
n32/
Invalid operation
d259/
f14/
f159/
f179/
f26
f279/
n100
n17/
n26
n32/
/d234/d3/n36/f107/f14/d144/d251/d138/f104/f270/n36/f58/d227/n72/f189/d86/f260/n60/d293/f287/f270/n26
/d234/d3/n36/f107/f14/d144/d251/d138/f104/f270/n36/f58/d227/n26
Invalid operation
Invalid operation
Invalid operation
n32:dir:0
n26:93 94 74 86 32 CD
n26:00 00 72 5B 93 94 74 86
Invalid operation
Null
Invalid operation
d206:15
f132:7
n89:4
d154:0
/d234/d3/n36/f107/f14/d144/d251/d138/f104/f270/n36/f58/d227/n72/f189/d86/f260/n60/d293/f287/d154
Invalid operation
/d234/d3/n36/f107/f14/d144/d251/d138/f104/f270/n36/f58/d227/n72/f189/d86/f260/n60/d293/f287/d154
d154:17
d206:15
f132:7
d154:ak4n0aegfiw2nkpdz
d124/
d154
d206
f132
f270/
n20/
n89
n94
Invalid operation
Invalid operation
Invalid operation
f166
f287/
d154:ak4n0aegfiw2nkpdzn vo
d124/
d154
f132
f234
f270/
f280/
f97
n20/
n89
Invalid operation
/d234/d3/n36/f107/f14/d144/d251/d138/f104/f270/n36/f58/d227/n72/f189/d86/f260/n60/d293/f287/f270/n26
/d234/d3/n36/f107/f14/d144/d251/d138/f104/f270/n36/f58/d227/n26
Invalid operation
/d234/d3/n36/f107/f14/d144/d251/d138/f104/f270/n36/f58/d227/n72/f189/d86/f260/n60/d293/f287/f270/n26
/d234/d3/n36/f107/f14/d144/d251/d138/f104/f270/n36/f58/d227/n26
Invalid operation
Invalid operation
n26:72 5B
Invalid operation
Invalid operation
Invalid operation
n26:32
/d234/d3/n36/f107/f14/d144/d251/d138/f104/f270/n36/f58/d227/n72/f189/d86/f260/n60/d293/f287/f270/n26
/d234/d3/n36/f107/f14/d144/d251/d138/f104/f270/n36/f58/d227/n26
Invalid operation
n26:86 32 CD 70 00
Invalid operation
Invalid operation
Invalid operation
Invalid operation
/d234/d3/n36/f107/f14/d144/d251/d138/f104/f270/n36/f58/d227/n72/f189/d86/f260/n60/d293/f287/f270/n26
/d234/d3/n36/f107/f14/d144/d251/d138/f104/f270/n36/f58/d227/n26
Invalid operation
n26:8C DB
n26:32 CD 70 00 00 00 00 04 5A 8C DB DB 9D DC
d188
d209/
d259/
d56
d94
f14/
f179/
f230/
f26
f279/
n100
n114
n17/
n26
n32/
n47/
n26:23
f26:15
Invalid operation
d124/
d154
f132
f234
f270/
f280/
f97
n20/
n89
d188
d209/
d237/
d259/
d56
d94
f14/
f179/
f230/
f26
f279/
n100
n114
n17/
n26
n32/
n47/
n26:3F
d188
d209/
d237/
d259/
d56
d94
f14/
f179/
f230/
f26
f279/
n100
n114
n17/
n26
n32/
n47/
d154
f132
f270/
f280/
f97
n20/
n89
Invalid operation
Invalid operation
f166
f287/
Invalid operation
d135/
d293/
d64
d82
f280
n17
n17:2F 67 18 F2
f280:19
n17:6
d64:2
d82:0
Invalid operation
Invalid operation
Invalid operation
f67:dir:0
f299:D3 41 A3 7E F3 78 DD 00 00 00 4E 29 41 18 00 00 00 00 64 1A
n95:23
d243:5
n95:txt:27
Invalid operation
Invalid operation
d243
d251/
n95
d107
d243
d251/
n95
d107
d243
d251/
n95
Invalid operation
Invalid operation
d243
d251/
f83
n95
d162
d251/
f119/
f83
d162
d251/
f119/
f83
d162
d251/
f119/
f83
Invalid operation
f299:00 00 61 15 7A 44 AA 00 00 00 00 64 1A FC AC BA 62 C2 5A 52 57
d162
d182/
d251/
d287
f1/
f119/
f139
f14
f83
Invalid operation
/d234/d3/n36/f107/f14/d144/d251/d138/f104/f270/n36/f58/d227/n72/f189/d86/f260/d266/f83
d162
d182/
d251/
d273
d287
f1/
f119/
f139
f14
f83
d162
d182/
d251/
d273
f1/
f119/
f139
f14
f83
f83:76spjqfq0363fxx0o821hbnuduoxw3
Invalid operation
f299:79 6E C9 7A 44 AA 00 00 00
Invalid operation
f67:dir:0
d145
d266/
d281/
d284
d48
d54
d75/
f120
f150/
f171/
f240/
f292
f299
f62
f67/
f93/
n113
n32
n34
n60/
f43:txt:32
f43:txt:32
d180
d184/
d185
d249/
d45/
f13
f158
f188
f189/
f206
f242
f244/
f274/
f278/
f49/
n102
n112/
f278:dir:0
f278:dir:0
d180
d184/
d185
d249/
d45/
f13
f158
f188
f189/
f242
f244/
f274/
f278/
f49/
n102
n112/
n75
n98
/d234/d3/n36/f107/f14/d144/d251/d138/f104/f270/n36/f58/d227/n72/f158
Invalid operation
Invalid operation
f13:00
Invalid operation
Invalid operation
Invalid operation
Invalid operation
Invalid operation
/d234/d3/n36/f107/f14/d144/d251/d138/f104/f270/n36/f58/d227/n72/f158
Invalid operation
d126/
d183
d249
d261/
d289/
d5
d80/
d83
f111
f172
f184
f193
f223
f254/
f52/
f92
n26
n3
n38/
n72/
d141
d149
d204
d226
d256/
d258/
d262
d34
d70
f16
f203/
f222
f267/
f283
f69
f76
f97/
n42
n71
n85/
d141
d149
d204
d226
d256/
d258/
d262
d34
d70
f16
f222
f267/
f283
f69
f76
f97/
n42
n71
n85/
d256:dir:0
Invalid operation
f116
f295
f222:77 BD 8A 73 02
f222:13 7D 95 2E 77
f118/
f295
f32/
f295:.i2w
f295:txt:4
Invalid operation
Invalid operation
d224/
d235/
d83
Invalid operation
d141
d149
d204
d226
d252
d256/
d258/
d262
d34
d70
f16
f222
f267/
f27/
f283
f69
f76
f97/
n71
n85/
d126/
d183
d249
d261/
d289/
d5
d80/
d83
d99
f111
f172
f193
f223
f254/
f52/
f67/
f92
n26
n3
n38/
n72/
f223:g1cl5aj8yxy.zi3qo.43lxy-mdw. h0 tiqmbmj_7g4zx0caz 13ygrqdhthfe2aqbeg0rh6c33x 6lw5xn7 94.q.circ
d126/
d183
d249
d261/
d289/
d5
d80/
d83
d99
f111
f172
f193
f223
f254/
f52/
f67/
f92
n26
n3
n38/
n72/
f92:00
d104/
d108/
d227/
d293/
d95/
f187/
Invalid operation
Null
Invalid operation
Null
f187:dir:0
f187:dir:0
d282:60
d200
d216
d220/
d86
f157
f197/
f57/
f58/
f63/
n0/
/d234/d3/n36/f107/f14/d144/d251/d138/f104/f270/n36/d216
Invalid operation
d35
f177
f194/
f265
f87
n53
f87:pskkrglpo -iyorhtws 7st4x9rh-ku-ex1fxx-jcstp
f177:E5
f87:pskkrglpo -iyorhtws 7st4x9rh-ku-ex1fxx-jcstp
f87:pskkrglpo -iyorhtws 7st4x9rh-ku-ex1fxx-jcstp
Invalid operation
/d234/d3/n36/f107/f14/d144/d251/d138/f104/f270/n36/n0/f87
f177:00 00
Invalid operation
f87:44
f177:18
d261
d35
f177
f194/
f22/
f265
f87
n11
n53
Null
f87:md:44
d261
d35
f177
f194/
f22/
f265
f87
n11
n53
Invalid operation
d20/
d261
d35
f145
f177
f194/
f22/
f236
f87
n12
n53
n0:dir:0
n0:dir:0
Invalid operation
/d234/d3/n36/f107/f14/d144/d251/d138/f104/f270/n36/f58/f184
f184:tvzezwg4xr603vm pz
f184:18
f184:18
d282:1
f114:0
f51:0
Invalid operation
f184:tvzezwg4xr603vm pz
Invalid operation
f184:tvzezwg4xr603vm pz
Invalid operation
Invalid operation
d216:4.8ke16neixsemxvk4p9ew1c
d216:4.8ke16neixsemxvk4p9ew1c
d216:4.8ke16neixsemxvk4p9ew1c
d200
d216
d220/
d83
d86
f157
f17/
f196
f203
f28/
f284
f57/
f58/
f63/
f67
n0/
d114/
d204/
d298
f268/
f36/
f67:9F 00
d114/
d204/
d298
f268/
f36/
Invalid operation
Invalid operation
Invalid operation
f67:97
Invalid operation
d104/
d178/
d227/
d282
d293/
f114
f162
f184
f187/
f230/
f251/
n37/
Invalid operation
d104/
d178/
d227/
d282
d293/
f114
f162
f184
f187/
f230/
f251/
f42
n37/
Invalid operation
Invalid operation
f187:dir:0
Invalid operation
Invalid operation
Invalid operation
Invalid operation
Invalid operation
Invalid operation
Invalid operation
Invalid operation
d203:bin:2
d203
Invalid operation
d203
d76/
d203
d76/
d203
d76/
Invalid operation
Invalid operation
n108/
d72:tvbe6m4-7u0gdbhoz616.5td7ztiix6.c71i627r0so09klrygjuiz
Null
Invalid operation
Invalid operation
d76:dir:0
n81/
n81/
Invalid operation
d251
d277/
d83/
d90/
f127/
f143/
f96
Invalid operation
Invalid operation
d72:tvbe6m4-7u0gdbhoz616.5td7ztiix6.c71i627r0so09klrygjuizgpz4.mikgiis_px
Invalid operation
d11/
d296/
d72
d76/
f250
n29
Null
Invalid operation
d251:22
f96:11
Invalid operation
d282:83 F6 61 71
f187:dir:0
d104/
d109/
d178/
d227/
d282
d293/
d46/
f114
f162
f184
f187/
f230/
f251/
f42
n37/
/d234/d3/n36/f107/f14/d144/d251/d138/f104/f270/n36/f58/f184
Invalid operation
f184:tvzezwg4xr603vm pzxbg8ufaw_ux-kjoi7bhodx
d200
d216
d220/
d83
d86
f157
f17/
f196
f28/
f284
f57/
f58/
f63/
f67
n0/
Invalid operation
d200
d216
d220/
d83
d86
f157
f17/
f196
f28/
f284
f288/
f57/
f58/
f63/
f67
n0/
f146:29
d142:11
f208:0
n29:0
Invalid operation
d142
d196
f146
f208
n29
n36/
n92/
Invalid operation
Invalid operation
d116
d198/
f104/
f113/
f268
f99
n65/
Invalid operation
Invalid operation
d10/
d144/
d152/
d16
d169
d186/
d192
d195/
d281/
d35
d95
f111
f133
f153/
f162/
f174
f20
f209/
f21/
f243
f250
f251/
f255/
f260
f264
f270/
f296/
f47/
f6
f75
f92/
n110
n119
n48
n75
n80/
n92/
Invalid operation
/d234/d3/n36/f107/f14/d144/d251/d138/f104/d169
Invalid operation
/d234/d3/n36/f107/f14/d144/d251/d138/f104/d169
d252:kx9x.1r0lvkqhr3
Invalid operation
d252:kx9x.1r0lvkqhr3
d138/
d252
f169
Invalid operation
d252:15
d9:63 5E 0E DB 05 3C 08 95 2D 44 46 87 EC 37 D8 0A 61 0F 0B 00 00 33 7D 40 0D E7 36 9F 61 89 16 F1 A3 BE 3E D9 6C 7C C4 DF 00 00 00 00 00 00 00 35 25 A7 53 00
Invalid operation
f99:dir:0
f70:xq25a9qlfm
Invalid operation
/d234/d3/n36/f107/f14/d144/d251/f246/f70
Null
d9:00
Invalid operation
d138/
d252
d49/
f246/
n110/
f234:dir:0
Invalid operation
f234:dir:0
d114
d116
d144
d22/
d221/
d236/
d251/
d27/
d284
d290
d57/
d64/
f0/
f131
f169
f231/
f234/
f235/
f286/
n105
d9:33 7D 40
d9:37 D8 0A 61 0F 0B 00 00 33 7D 40 0D E7
d9:95 2D 44 46 E8 25 51 33 B9 09 4D 0B 00 00 33 7D 40 0D E7 36 9F 61 89 7E 08 7F BE 3E D9 6C 7C C4
d290:19c.99do3hmicxxsa6 g60-.xnlzxjrflr5w57mk1xfmawwxwh8nls xtenhx 5fuy-76j629osrssx
d136/
d21
d44/
f125
f283/
f284
f293/
f84
Invalid operation
d136/
d21
d44/
f125
f214/
f283/
f284
f293/
f84
Invalid operation
Invalid operation
Invalid operation
f2:8
d21:fmjz6lymww0x_fao4k6-hky4-v77tl3dsz8ljg-cbv7y-tdvkb6dztn12_7hfp
d119
d172
d119:txt:8
Invalid operation
n37:md:10
Invalid operation
n37:md:18
/d234/d3/n36/f107/f14/d144/d57/d142/n37
Invalid operation
n37:18
f96:8
d136/
d142/
d214/
d44/
f125
f260/
f283/
f84
d239:D1 C8 6B 97 98
Invalid operation
d217/
d33/
d239:D1 C8 6B 97 98 AB 00
Invalid operation
d236
Invalid operation
d236:txt:1
d236
d35/
Invalid operation
Invalid operation
Invalid operation
d128/
d239
d291/
f183
f188/
f206
f292/
f55/
f63/
n0
Invalid operation
Invalid operation
/d234/d3/n36/f107/f14/d144/d221/d239
d239:80 7A 5D
d128/
d214/
d239
d27
d291/
f183
f188/
f206
f286
f292/
f55/
f63/
d128/
d214/
d239
d27
d291/
f183
f188/
f206
f286
f292/
f55/
f63/
d9:19 20
d9:DB 05 3C 08 95 2D 44 46 E8
f281:14
/d185
Invalid operation
Invalid operation
Invalid operation
d114
d144
d22/
d221/
d236/
d251/
d27/
d284
d290
d57/
d64/
f0/
f169
f19
f231/
f234/
f235/
f286/
n105
Invalid operation
Invalid operation
d114
d144
d22/
d221/
d236/
d251/
d27/
d284
d290
d57/
d64/
f0/
f169
f19
f231/
f234/
f235/
f286/
n105
n11/
Invalid operation
n22:dir:0
Invalid operation
d229:E6 E2 2C
/d234/d3/n36/f107/d281
d229:00
d129
d140/
d229
d246
d266
d281
f14/
f167
f196
f20/
n26/
n71
f196:15
Invalid operation
d140/
d148
d229
d246
d266
d273/
d281
f14/
f167
f196
f20/
f200
n26/
n71
d140/
d148
d229
d246
d266
d273/
d281
f14/
f167
f196
f20/
f200
n26/
n71
f196:15
d281:11
d246:9
d148:8
d229:8
d266:2
f167:0
f200:0
d281:md:26
d140/
d148
d229
d246
d273/
d281
f14/
f167
f196
f20/
f200
n26/
n71
d229:70 20
d281:35
f196:15
d229:9
d246:9
d148:8
f132:1
d101/
d140/
d148
d229
d246
d273/
d281
f132
f14/
f167
f196
f20/
f200
f37/
n26/
n71
d101/
d140/
d148
d229
d246
d273/
d281
f132
f14/
f167
f196
f20/
f200
f273/
f37/
n26/
n71
n73/
Null
d101/
d140/
d148
d229
d246
d273/
d281
f132
f14/
f167
f196
f20/
f200
f273/
n26/
n71
d281:zrxdngxcdawm 655uerrwoc2ulvmt9lwkf3a
d271:md:16
d271:md:23
Invalid operation
d153/
d271
f227
Invalid operation
d229:8A AA B3 00 00 7F 47 5B E0
d229:5E 00 70 20 8A AA B3 00 00 7F 47 5B E0 6C F0
Invalid operation
d229:AA B3 00 00 7F 47 5B E0 6C F0 55
Invalid operation
f133:71
f133:00 07 00 00 73 0E 42 FF EC 10
d102:txt:25
d102
d295
f120/
f133
f258/
d102
d295
d39
f120/
d102
d295
d39
f120/
d229:F0 55 00
Invalid operation
Invalid operation
d271:ca4swjo55n1b1styv2bxfdiwbat3iixbbf
d229:E0 6C F0 55 00
/d234/d3/n36/f107/d140/d271
d102:q8kl7odlmahid kboipntw.feqzpgngukv dee_ t2--99-r4
Invalid operation
Invalid operation
d102
d281
d295
d39
f57/
n83
Invalid operation
f46
f46:bin:3
Invalid operation
Invalid operation
f46:15 C9 71
f156/
Invalid operation
Null
Invalid operation
n49:dir:0
n49/
Invalid operation
Invalid operation
Invalid operation
Invalid operation
Invalid operation
f46:C9 71 40 79 10
/d234/d3/n36/f107/d140/d153/f57/f46
f20/
d236
d236
n12/
Invalid operation
Invalid operation
Invalid operation
Invalid operation
d236
f122
n12/
d241
f267
Invalid operation
Invalid operation
d236:md:9
d236:hmwuc4 dd
n0:92 8A
d101/
d236
f0
f122
f180/
f204/
f210
n0
n12/
n53/
n7
d101/
d236
f0
f122
f180/
f204/
f210
n0
n12/
n53/
n7
Invalid operation
n0:8A
d101/
d236
d44/
f0
f122
f180/
f204/
f210
f231/
f286
n0
n12/
n53/
n7
Invalid operation
n0:14
f0:13
f122:10
n7:10
d10:9
d236:9
f210:1
f286:0
Invalid operation
n0:14
f0:13
f122:10
Invalid operation
d10
d101/
d108/
d236
d44/
f0
f122
f180/
f204/
f210
f231/
f252/
f285
n0
n115
n12/
n53/
n7
d241:8
d241
d254/
Invalid operation
d241
d254/
Invalid operation
d241:txt:8
d241:069i7x5ix
d136:6
Invalid operation
/d234/d3/n36/f107/d140/d153/f57/d224/f20/n38/n12/d123/d136
d136
d39
f52
f112:00 78 4C
Invalid operation
Invalid operation
f240:zhof d
Null
Invalid operation
f112:3D 40 52 00 78 4C F8 4B 00
d136
f277
f52
Invalid operation
d136:txt:2
Invalid operation
d254:dir:0
d123/
d173
d204
d254/
f112
f240
n53/
d237:43
d237:43
f5:13
d121/
d136
d237
f273/
f5
f52
f96
d136:txt:8
d121/
d136
d237
f273/
f5
f52
f96
Invalid operation
Invalid operation
d136:txt:24
d136:24
f5:13
d237:7
f220:4
Invalid operation
d237:31 A5 17
d136:txt:24
d62
d93
Invalid operation
d62
d93
d136:6x 7tbmauqtn3 ny.q0e05ju
Invalid operation
Invalid operation
d237:00 00
d136:6x 7tbmauqtn3 ny.q0e05judjec
Invalid operation
/d234/d3/n36/f107/d140/d153/f57/d224/f20/n38/n12/d123/d89/f109/d141
d141:c4phkx_hd.0x
/d234/d3/n36/f107/d140/d153/f57/d224/f20/n38/n12/d123/d89/f109/d141
d141
d272/
f228
f109/
f194
f194:15
Null
f194:m7hvatg0j8ioqey
f109/
f159/
f194
n76
Invalid operation
f194:m7hvatg0j8ioqey
/d234/d3/n36/f107/d140/d153/f57/d224/f20/n38/n12/d123/d136
d121/
d136
d193
d231/
d237
d255
d258
d89/
d92
f220
f273/
f5
f52
f96
n98/
d121/
d136
d193
d231/
d237
d255
d258
d89/
d92
f220
f273/
f5
f52
f96
n98/
Null
d136:6x 7tbmauqtn3 ny.q0e05judjec
d136:28
d237:13
f5:13
d92:11
f220:4
d255:1
d193:0
d258:0
Invalid operation
Invalid operation
d121/
d193
d231/
d237
d255
d258
d265
d60
d7
d89/
d92
f220
f273/
f5
f52
f96
n104/
n18/
n98/
n99/
d123/
d152
d173
d204
d254/
d67/
f112
f198/
f240
n53/
d254:dir:0
Invalid operation
d254:dir:0
n97:ooav2gq5ugd
f52:
d121/
d176/
d193
d231/
d237
d255
d258
d29
d49
d60
d7
d89/
d92
f220
f273/
f5
f52
f96
n104/
n98/
n99/
Invalid operation
f52:txt:0
/d234/d3/n36/f107/d140/d153/f57/d224/f20/n38/n12/d123/f52
Null
f52:txt:20
d237:23 14 94
d62
d93
f47
d126
d62
d93
f193
f47
n35/
d126
d62
d93
f47
n35/
Invalid operation
d62:17
Invalid operation
Invalid operation
d139/
f130
f180/
f282
n53
Invalid operation
d139:dir:0
Invalid operation
d139/
f130
f180/
n53
d139/
d154
f130
f180/
n53
/d234/d3/n36/f107/d140/d153/f57/d224/f20/n38/n12/d123/f273/n35/n53
d139:dir:0
Invalid operation
Invalid operation
f130:31
Invalid operation
d231:md:22
d130/
d139/
d154
d231
d288
f176
f180/
n110
n115/
d130/
d154
d231
d244/
d288
f180/
f9
n110
n115/
/d234/d3/n36/f107/d140/d153/f57/d224/f20/n38/n12/d123/f273/n35/d154
d231:F2 00 00 00 E8 01
Invalid operation
Null
d130/
d154
d231
d244/
f180/
f298
f53
f9
n110
n115/
d154:_b66vb5yqa n0g166c
d130/
d141
d154
d231
d244/
d250
d37/
f180/
f298
f53
f9
n110
n115/
f180:dir:0
Invalid operation
d126
d50
d56
d62
d93
f47
n35/
n80
Invalid operation
Invalid operation
f52:wvs_ltp95igm2zws-zropbn.rb8_u
f209:5
f209
Invalid operation
f163
f209
f227
d10
d123/
d152
d173
d204
d254/
d67/
d95
f112
f198/
f220/
f240
f277/
f56
n53/
d10
d123/
d152
d173
d204
d254/
d67/
f112
f198/
f220/
f240
f277/
f56
n53/
Invalid operation
d10
d123/
d152
d173
d204
d254/
d67/
f112
f198/
f220/
f240
f277/
f56
n53/
d10
d123/
d152
d173
d204
d254/
d67/
f112
f198/
f220/
f240
f277/
f56
n0/
n53/
n69
f240:zhof dpnt9z_al39he7kq5kj
d10
d101/
d108/
d236
d44/
f0
f122
f180/
f204/
f210
f231/
f252/
f285
n0
n115
n12/
n53/
n7
d10
d123/
d148
d152
d173
d204
d254/
d67/
f112
f179
f198/
f220/
f222
f240
f277/
f28/
f56
n3
n53/
n69
Invalid operation
Invalid operation
d237:02 66 C3 BF 00 00
Null
Invalid operation
Invalid operation
d10
d123/
d148
d152
d173
d204
d254/
d67/
f112
f179
f198/
f220/
f222
f240
f244
f277/
f28/
f56
n3
n53/
n69
f112:FA B2 4C 62 29 EF 61
d10
d123/
d148
d152
d173
d204
d254/
d57/
d67/
f112
f198/
f201
f220/
f222
f240
f244
f277/
f28/
f40/
f56
n3
n53/
n69
Invalid operation
Invalid operation
Invalid operation
Invalid operation
d10
d123/
d148
d152
d173
d204
d254/
d276/
d67/
f112
f198/
f220/
f222
f240
f244
f277/
f28/
f40/
f56
n3
n53/
n69
Invalid operation
d10
d109
d123/
d148
d152
d173
d204
d254/
d276/
d67/
f198/
f220/
f222
f240
f244
f277/
f28/
f40/
f56
n3
n53/
Null
d10
d123/
d148
d152
d173
d204
d254/
d276/
d67/
f198/
f220/
f222
f240
f244
f277/
f28/
f40/
f56
n3
n53/
Invalid operation
Invalid operation
d10
d101/
d108/
d236
d44/
f0
f122
f180/
f204/
f210
f231/
f252/
f285
n0
n115
n12/
n53/
n7
n89/
d236:md:10
d10
d101/
d108/
d183
d236
d44/
f0
f122
f180/
f204/
f210
f231/
f252/
f285
f44
n0
n115
n12/
n53/
n7
d10
d101/
d108/
d183
d236
d44/
f0
f122
f180/
f204/
f210
f231/
f252/
f285
f44
n0
n115
n12/
n53/
n7
Invalid operation
d236:md:16
Invalid operation
n0:00
d236:16
n0:15
f0:13
Invalid operation
d236:hmwuc4 ddx9gjnnf
n0:1E B0
Invalid operation
d236:md:18
f200
f216
f200
f216
f62/
Null
f200
f216
f62/
f216:bin:1
Invalid operation
d10
d101/
d108/
d111
d236
d41
d44/
f0
f160
f17
f204/
f210
f231/
f252/
f285
f44
n115
n12/
n53/
n7
d236:hmwuc4 ddx9gjnnfxxs 7vjgrqjx
d236:hmwuc4 ddx9gjnnfxxs 7vjgrqjx
n38/
n49/
Invalid operation
Invalid operation
Invalid operation
d10
d108/
d111
d183/
d236
d255/
d41
d44/
f0
f160
f17
f204/
f210
f211
f231/
f232
f246/
f252/
f285
f44
f69
n115
n12/
n53/
n7
d236:hmwuc4 ddx9gjnnfxxs 7vjgrqjx
d10
d108/
d111
d183/
d236
d255/
d41
d44/
f0
f160
f17
f204/
f210
f211
f231/
f232
f246/
f252/
f285
f292/
f44
f69
n115
n12/
n53/
n7
Invalid operation
Invalid operation
Invalid operation
Invalid operation
f74:63
Invalid operation
n38/
n60
/d234/d3/n36/f107/d140/d153/f57/d224/f20/n60
n38/
n43
n60
n38/
n43
n60
/d234/d3/n36/f107/d140/d153/f57/d224/f20/n60
n38/
n43
n60
Invalid operation
/d234/d3/n36/f107/d140/d153/f57/d224/f20/n60
f27/
f29
n38/
n43
n60
Invalid operation
f29:35 7A 4E 92 00 00 6A D0
Invalid operation
Invalid operation
f29:35 7A 4E 92 00 00 6A D0
n38:dir:0
Invalid operation
/d234/d3/n36/f107/d140/d153/f57/d224/f20/n38/d236
Invalid operation
d10
d108/
d111
d183/
d236
d255/
d272/
d41
d44/
f0
f160
f17
f204/
f210
f211
f231/
f232
f246/
f252/
f27/
f285
f44
n115
n12/
n53/
Invalid operation
Invalid operation
Invalid operation
d236:45
d275:13
f0:13
f285:13
d41:12
d10
d108/
d111
d183/
d23/
d236
d255/
d272/
d275
d41
d44/
d7/
d88
f0
f160
f17
f210
f211
f230
f231/
f232
f246/
f252/
f27/
f285
f44
n115
n12/
n53/
n91/
Invalid operation
Invalid operation
/d234/d3/n36/f107/d140/d153/f57/d224/f20/n38/d236
f29:23
n16:14
n79:5
f29:00 6A D0 36 B4 00 00 00 E3 8F
Invalid operation
Invalid operation
Invalid operation
n38:dir:0
Invalid operation
Invalid operation
Invalid operation
n38:dir:0
Invalid operation
/d234/d3/n36/f107/d140/d153/f57/f46
Invalid operation
Invalid operation
f295:8C
Invalid operation
f295:4B 9E 64
d123/
f128/
f20/
f26
n50
n50:8t9qfjmcl
d123/
f128/
f20/
f26
n50
f20:dir:0
Invalid operation
d224
d291
f132/
f145
f162
f245
f251
f29
n38/
n79
n88
Invalid operation
d10
d108/
d111
d183/
d236
d255/
d272/
d275
d41
d44/
d7/
d82
d88
f0
f160
f17
f210
f211
f230
f231/
f232
f246/
f252/
f27/
f285
f44
n115
n12/
n53/
n91/
/d234/d3/n36/f107/d140/d153/f57/d224/f20/n38/d236
d10
d108/
d111
d183/
d236
d255/
d272/
d275
d41
d44/
d7/
d82
d88
f0
f160
f17
f185
f194
f210
f211
f230
f231/
f232
f246/
f252/
f27/
f285
f44
n115
n12/
n53/
n91/
d10
d108/
d111
d183/
d236
d255/
d272/
d275
d41
d44/
d7/
d82
d88
f0
f160
f17
f185
f194
f210
f211
f230
f231/
f232
f246/
f252/
f27/
f285
f44
n115
n12/
n53/
n91/
d10
d108/
d111
d183/
d236
d255/
d272/
d275
d41
d44/
d7/
d82
d88
f0
f160
f17
f185
f194
f210
f211
f230
f231/
f232
f246/
f252/
f27/
f285
f44
f98
n115
n12/
n53/
n91/
f285:28
Invalid operation
d10
d108/
d111
d183/
d236
d255/
d272/
d275
d41
d44/
d7/
d82
d88
f0
f134/
f160
f17
f194
f210
f211
f230
f231/
f232
f246/
f252/
f27/
f285
f44
n115
n12/
n53/
n91/
f285:E9 87 1F 16 A8 B5 5A
d10
d108/
d111
d183/
d236
d238
d255/
d272/
d275
d41
d44/
d7/
d82
d88
f0
f134/
f160
f17
f194
f210
f211
f230
f231/
f232
f246/
f252/
f27/
f285
f44
n115
n12/
n53/
n91/
d236:hmwuc4 ddx9gjnnfxxs 7vjgrqjxcrcq63iffsr.w_8wulqj7.h
f285:69 E9 87
d10
d107
d108/
d111
d183/
d236
d238
d255/
d272/
d275
d41
d44/
d7/
d82
d88
f0
f134/
f160
f17
f178
f194
f210
f211
f230
f231/
f232
f246/
f252/
f285
f44
n115
n12/
n53/
n91/
d10
d107
d108/
d111
d183/
d236
d238
d255/
d272/
d275
d41
d44/
d7/
d82
d88
f0
f134/
f160
f17
f178
f194
f210
f211
f230
f231/
f232
f246/
f252/
f285
f44
n115
n12/
n53/
n91/
f285:5A 6C EA
f286:bin:2
Invalid operation
f20
f286
n47/
Invalid operation
f286:0F 22
f286:C0
Invalid operation
f286:0F 22 C0
f286:7
f20:0
f20
f286
n47/
n58/
Invalid operation
Invalid operation
Invalid operation
Invalid operation
f286:12
f141:9
Invalid operation
f285:E9 87 1F 16 A8
f141
n47/
n58/
n68/
f141:_k1im5z6nx
f141
n47/
n58/
f285:00 00 00 00 00
Invalid operation
/d234/d3/n36/f107/d140/d153/f57/d224/f20/n38/n91/d154/d230
d230
f268/
n47/
Invalid operation
n47:dir:0
d226:98
d12/
d154/
d226
f194/
f244/
f299/
f78
n31
d226:00 00 D8 50 B5 59 76
d154/
d175/
d226
d262
f193
f194/
f244/
f78
n19
n31
n65
n91/
/d234/d3/n36/f107/d140/d153/f57/d224/f20/n38/n91/n31
n41/
Null
d230
n39
n47/
d226:00
Invalid operation
Invalid operation
d170/
d230
d265
f180
n39
n47/
Invalid operation
d230:61
f180:7
d265:0
d170/
d230
d265
d98/
f180
f41/
n111/
n47/
Invalid operation
d226:A5
/d234/d3/n36/f107/d140/d153/f57/d224/f20/n38/n91/d154/d230
d230:84
d265:0
f257:0
n14:0
d226:00
d230:txt:101
f42
d75
f231
d226:00
Invalid operation
d230:g4.d9c_cd13ul7scfeu8ka0yyyjpdxkdf2206zd5121xn-wz94r3fndus9_zse0.twluhxdb5m3ym3ipldu7.z4s.z3nqyyc4o.qx
Invalid operation
d199/
d54
f147/
n103
d54:txt:2
d199/
d54
f147/
Invalid operation
Invalid operation
d54:txt:2
d54:txt:2
/d234/d3/n36/f107/d140/d153/f57/d224/f20/n38/n91/d154/d230
d144/
d170/
d192/
d230
d265
d281
d34
d38/
f122/
f125/
f174
f257
f299/
f32/
f41/
f61/
n101/
n111/
n13/
n24/
n44/
n47/
n91/
Invalid operation
d154/
d164/
d175/
d226
d262
f193
f194/
f244/
f245
f78
n19
n31
n65
n91/
Invalid operation
Invalid operation
d103/
d20/
d99/
n40/
n31:xuu6z0jw.fi0vsw.603i2v-3rgkgg-d9qn6xraadxo1jyt7ki
f231/
Invalid operation
f231/
Invalid operation
Invalid operation
Invalid operation
Invalid operation
Invalid operation
Invalid operation
d77:69
Invalid operation
d186
f166/
f276
n91/
f276:3tigus6lk05svwh5n9agasa4quao0.im3d 9-a
d91:bin:1
Invalid operation
f276:txt:38
Invalid operation
d126
n13:txt:0
d19/
n13
Null
n75
Invalid operation
Invalid operation
Invalid operation
n13:txt:0
/d234/d3/n36/f107/d140/d153/f57/d224/f20/n38/n91/f244/d99/n104/n91/n13
d186
f276
n91/
f276:txt:38
Invalid operation
d77
f201/
f231/
n104/
Invalid operation
Invalid operation
Invalid operation
d186
f263
f276
f68/
n91/
d186
f263
f276
f68/
n91/
d77:00 FE C4 E6 4C 6B
Invalid operation
Invalid operation
Invalid operation
f231:dir:0
d77:DE 78 69 00 00 FE C4 E6
Null
d77:00 4C 43 00 00 00
Invalid operation
Invalid operation
Invalid operation
d12
d213/
d77
f201/
f231/
f259/
n104/
n19
n27
n37
d77:18
Invalid operation
f231:dir:0
Invalid operation
Invalid operation
f231:dir:0
Invalid operation
f195/
Invalid operation
Invalid operation
Invalid operation
f86:dir:0
Invalid operation
d149/
d272
f151
f159
f203/
f86/
n95/
Invalid operation
f86:dir:0
Null
f151:00
d149/
d153/
d272
f151
f159
f203/
f86/
n95/
d272:p3bh5pb6x
Invalid operation
d149/
d153/
d217/
d263
d272
f116
f151
f203/
f230
f271/
f86/
n95/
d149/
d153/
d217/
d263
d272
f116
f151
f203/
f271/
f86/
n95/
Invalid operation
d77:AF 00
d77:00
Invalid operation
d272:p3bh5pb6x
d272:p3bh5pb6x
f134/
n54/
Null
Invalid operation
Invalid operation
Invalid operation
Invalid operation
Invalid operation
d14: _
Null
d176
f165
n54/
d77:DE 78 69 00 00 B6
d77:00 00 00
d176
n119/
n54/
Invalid operation
d176
n119/
n54/
d77:09 6B B2 96 2B
Invalid operation
d77:88 FE 09 6B B2 96 2B A8 B8 3F C9 4D DD
d77:78 69 00 00 B6 88 FE 09
f86:9
Null
Invalid operation
n8/
n86
Invalid operation
d77:00
f64:10
d176:5
f124:5
d238:0
Invalid operation
f64:00 00 07 5A D6 75
Invalid operation
n54:dir:0
n54:dir:0
/d234/d3/n36/f107/d140/d153/f57/d224/f20/n38/f285
Invalid operation
f86:12
Invalid operation
Invalid operation
/d234/d3/n20
Invalid operation
Invalid operation
f86:34
f86:hxz4395t_.96k8r1sw 42_cechuym6m-wn
f86:hxz4395t_.96k8r1sw 42_cechuym6m-wn
f86:hxz4395t_.96k8r1sw 42_cechuym6m-wn
Invalid operation
Invalid operation
f86:hxz4395t_.96k8r1sw 42_cechuym6m-wn
f86:md:35
Invalid operation
f86:hxz4395t_.96k8r1sw 42_cechuym6m-wnx
f86:md:35
d159/
d176
d77
f123
f124
f171/
f216/
f217
f64
n119/
n45
n54/
n78/
f64:02
d176
d77
f123
f124
f171/
f216/
f217
f64
n119/
n45
n54/
n78/
/d234/d3/n36/f107/d140/d153/f57/d224/f20/n38/n91/f244/d99/f259/d149/n8/d176
d176
d77
f123
f124
f216/
f217
f64
n119/
n45
n54/
n54:dir:0
f64:AA
Null
Invalid operation
Invalid operation
d176
d77
f123
f124
f216/
f50/
f64
n119/
n45
n54/
n57
Invalid operation
Invalid operation
d176:zhwhe hezwfv.pthrqynm3zvnwa_u1_ys2vh
d176
d241/
d77
f109
f115
f123
f124
f156/
f216/
f50/
f64
n119/
n45
n54/
n57
Invalid operation
n54:dir:0
n54:dir:0
d241/
d77
f109
f115
f123
f124
f156/
f216/
f50/
f64
n119/
n45
n54/
n57
n82
Invalid operation
d129
d120
d241/
d77
f115
f123
f124
f156/
f216/
f50/
f64
f85/
n119/
n45
n54/
n57
n82
n54:dir:0
Invalid operation
Invalid operation
f64:F6 00 E1 F1 2B 3E C3 23 C8 17
n54:dir:0
f64:50 45 2E 7A F6 00 E1 F1 2B 3E
Invalid operation
Invalid operation
f64:5D AE 83 E9 9E 2B 3E C3
f86:md:35
f86:35
d223:8
Invalid operation
f11:bin:7
d146
d177
d211/
d223
d230/
f183/
f193/
f259
f7
f86
n29
n40
n62/
n91
f78:dir:0
n29:8n4am545nxs4
f172
f78/
f78:dir:0
Invalid operation
f172:kh
d118/
d25/
d291/
n8
/d234/d3/n36/f107/d140/d153/f57/d224/f20/n38/n91/f244/d99/f259/d149/n8/n119/f183/f78/n8
n8:15
f207:4
d118/
d25/
d291/
f207
n8
/d234/d3/n36/f107/d140/f140
Invalid operation
Invalid operation
n54:dir:0
f64:00
Invalid operation
Null
f64:E6 7A A1 89 5D AE 83 E9 9E 2B 3E C3 23 8D 88 B8 4C
f293:dir:0
d111/
f293/
n64/
n76
Invalid operation
f64:D9
Invalid operation
Invalid operation
Invalid operation
Invalid operation
d120
d241/
d73
d77
d93
f115
f123
f124
f156/
f50/
f64
f85/
n119/
n42
n45
n54/
n57
n82
d120
d241/
d73
d77
d93
f115
f123
f124
f156/
f50/
f64
f85/
n119/
n42
n45
n54/
n57
n82
f64:23
Invalid operation
/d234/d3/n36/f107/d140/d153/f57/d224/f20/n38/n91/f244/d99/f259/d149/n8/f156/n76
n76:19
d35:0
f248:0
f64:E9 9E 2B 3E C3 23 8D 88 B8 16 D9 F6 69 B2 11 FC 1E
Invalid operation
f224
d102/
f117
f224
d276/
f117
f117:9
Invalid operation
Invalid operation
Null
d256/
d276/
Invalid operation
Invalid operation
/d234/d3/n36/f107/d140/d153/f57/d224/f20/n38/n91/f244/d99/f259/d149/n8/f156/n64/n14
Invalid operation
n76:qx.fmx_thb-y-61 v zxiw3-.
d111/
d237/
d35
f248
f278
f293/
f37/
n64/
n76
Invalid operation
Invalid operation
Null
f293:dir:0
Invalid operation
f64:00 00 00 A0 F1 20
Invalid operation
Invalid operation
f64:F7 4E 51 20 10 C8 55 8D 8D 88 D6 68 46 C1 74
n76:44
d6:10
d51:8
d22:7
d35:0
f248:0
f278:0
Invalid operation
Invalid operation
n86:00 00 00
n86:00 00 00
d287/
f129
f152/
f238/
n79
Invalid operation
Invalid operation
/d234/d3/n36/f107/d140/d153/f57/d224/f20/n38/n91/f244/d99/f259/d149/n8/f156/d272/f129
n80
Invalid operation
n86:65
Invalid operation
f272
f272
n93/
f272
n93/
d160/
f109/
f123
n104
n113
n77
n93/
n77:71
n77:00 00
n77:00
d160/
f109/
f123
f135
f178
f71/
n104
n113
n77
n93/
n77:00
n113:6ktjwk-ezxtqk5
Invalid operation
Invalid operation
n113:6ktjwk-ezxtqk59ecf_9ffe1rp8my_
n76:qx.fmx_thb-y-61 v zxiw3-.w_m 92tu53p24y9bb_ix
Invalid operation
/d234/d3/n36/f107/d140/d153/f57/d224/f20/n38/n91/f244/d99/f259/d149/n8/f156/d111/n113
Invalid operation
Invalid operation
Invalid operation
d111/
d22
d262
d272/
d3
d35
d6
f101
f248
f278
f293/
f37/
f93/
n56
n64/
n76
n86
n76:qx.fmx_thb-y-61 v zxiw3-.w_m 92tu53p24y9bb_ixx
Invalid operation
Invalid operation
d0/
d256/
d276/
n14
Invalid operation
d77:8B 65 36
Invalid operation
n86:gycw_62zol.e
d149/
d153/
d217/
d263
d272
f116
f203/
f27
f271/
f61/
f86/
n95/
/d234/d3/n36/f107/d140/d153/f57/d224/f20/n38/n91/f244/d99/f259/d217/f43
Invalid operation
d149/
d153/
d217/
d263
d272
f116
f203/
f27
f61/
f86/
n95/
f86:dir:0
Invalid operation
/d234/d3/n36/f107/d140/d153/f57/d224/f20/n38/n91/f244/d99/f259/d272
d77:28 BF 7E D9 11
Invalid operation
d272:p3bh5pb6xmht  zr
d149/
d153/
d163/
d217/
d263
d272
f116
f203/
f27
f61/
f86/
n95/
/d234/d3/n36/f107/d140/d153/f57/d224/f20/n38/n91/f244/d99/f259/d272
Invalid operation
d272:p3bh5pb6xmht  zr
Null
d282/
f219/
d282/
f111
f219/
f111:94 E6 2A
Invalid operation
d270/
d282/
f111
f219/
f279
Invalid operation
d149/
d153/
d163/
d217/
d263
d272
d285/
d41
f116
f203/
f27
f61/
f86/
n33/
n81
n95/
d272:p3bh5pb6xmht  zr1v70r25p66s0nv-.rsb-
f86:dir:0
d149/
d153/
d163/
d217/
d263
d272
d285/
d41
f116
f203/
f27
f86/
n33/
n81
n95/
Invalid operation
Invalid operation
Invalid operation
Null
f231:dir:0
Invalid operation
Invalid operation
/d234/d3/n36/f107/d140/d153/f57/d224/f20/n38/n91/f244/d99/d77
Invalid operation
d77:EE 43 4C
Invalid operation
d77:00 00
f186
n9
f186:11
d12
d213/
d77
f107
f201/
f231/
f254
f259/
n104/
n19
n27
n37
d12
d213/
d77
f107
f201/
f231/
f254
f259/
n104/
n19
n27
n37
Invalid operation
d12
d213/
d247
d77
f107
f144/
f201/
f231/
f254
f259/
n104/
n19
n27
n37
n87
d77:DB 05 53 E6 10 CE A6 8B 22 10 82 65 36 F0 6C D3 EE 43 4C 39 00 00 00 00
/d234/d3/n36/f107/d140/d153/f57/d224/f20/n38/n91/f244/d99/d77
Invalid operation
/d234/d3/n36/f107/d140/d153/f57/d224/f20/n38/n91/f244/d99/f201/f231
Invalid operation
f29:dir:0
f58:
Invalid operation
Invalid operation
d40
f7/
d40
Invalid operation
f29:dir:0
f231:13 AE FA D6
Invalid operation
Invalid operation
d40:70 9C 38 32 00 00 00 BD 63 16
Invalid operation
f29:dir:0
Invalid operation
Invalid operation
Invalid operation
f231:13 AE
Invalid operation
/d234/d3/n36/f107/d140/d153/f57/d224/f20/n38/n91/f244/d99/f201/f231
d58/
f180/
f231
f29/
f4/
Invalid operation
Invalid operation
/d234/d3/n36/f107/d140/d153/f57/d224/f20/n38/n91/f244/d99/f201/f231
Invalid operation
Invalid operation
Invalid operation
Invalid operation
d40:BD 63 16 E0 F4
d77:11 F0 FE 09 6B B2 96 2F DB 05 53 E6 10 CE A6 8B 22 10 82 65 36 F0 6C D3 EE 43 4C 39 00
f15:22
f133:17
Invalid operation
Invalid operation
Invalid operation
f15:plz6ximr4dawl9uljg0lmxx
Invalid operation
d145:dir:0
Null
Null
f24
Invalid operation
f197:2
f24:0
Invalid operation
Invalid operation
Invalid operation
Invalid operation
d145:dir:0
Invalid operation
Invalid operation
d234:4
n103:2
f137:0
/d234/d3/n36/f107/d140/d153/f57/d224/f20/n38/n91/f244/d99/f201/f180/d234
Null
Invalid operation
Invalid operation
Invalid operation
d77:20 AF 10 82 11 42 B9
d77:6B B2 96 2F DB 05 53 E6 10 CE 71 20 AF
Invalid operation
d145/
d162/
d265
d39/
d64
f137
f42/
Invalid operation
/d234/d3/n36/f107/d140/d153/f57/d224/f20/n38/n91/f244/d99/f201/f180/d64
Invalid operation
Null
d64:
Invalid operation
Invalid operation
d101/
d269
f15
f155
f180/
f190/
f29/
f4/
f61/
Null
/d234/d3/n36/f107/d140/d153/f57/d224/f20/n38/n91/f244/d99/f201/f15
Invalid operation
Invalid operation
Invalid operation
Invalid operation
Invalid operation
d218
d40
d58/
d218
d40
d58/
f15:23
f155:8
d34:7
n114:7
d52:3
d269:2
d213/
d247
d77
f107
f144/
f201/
f231/
f254
f259/
n104/
n19
n37
n87
Invalid operation
d103/
d165/
d20/
d99/
Invalid operation
/d234/d3/n36/f107/f200
d103/
d165/
d171
d20/
d99/
f255/
d103/
d165/
d171
d20/
d99/
f114/
f255/
d103/
d165/
d171
d20/
d99/
f114/
f255/
Invalid operation
d171:19
d103/
d165/
d171
d20/
d99/
f114/
f255/
/d234/d3/n36/f107/d140/d153/f57/d224/f20/n38/n91/f244/d171
Invalid operation
d209:14
d20:dir:0
d103/
d165/
d20/
d209
d96/
d99/
f114/
f255/
n1
n26
n31:xuu6z0jw.fi0vsw.603i2v-3rgkgg-d9qn6xraadxo1jyt7kiboax815m7edvbym 1tdlk62_muau_t
n31:xuu6z0jw.fi0vsw.603i2v-3rgkgg-d9qn6xraadxo1jyt7kiboax815m7edvbym 1tdlk62_muau_t
n31:xuu6z0jw.fi0vsw.603i2v-3rgkgg-d9qn6xraadxo1jyt7kiboax815m7edvbym 1tdlk62_muau_tkgyggr0ronv x
Null
Invalid operation
d154:dir:0
Invalid operation
d154/
d164/
d175/
d190/
d226
d262
d85
d9
f145/
f193
f194/
f219/
f244/
f245
f78
n19
n31
n65
n91/
d154:dir:0
n31:xuu6z0jw.fi0vsw.603i2v-3rgkgg-d9qn6xraadxo1jyt7kiboax815m7edvbym 1tdlk62_muau_tkgyggr0ronv x
Invalid operation
Null
Invalid operation
n31:xuu6z0jw.fi0vsw.603i2v-3rgkgg-d9qn6xraadxo1jyt7kiboax815m7edvbym 1tdlk62_muau_tkgyggr0ronv x
n31:xuu6z0jw.fi0vsw.603i2v-3rgkgg-d9qn6xraadxo1jyt7kiboax815m7edvbym 1tdlk62_muau_tkgyggr0ronv x
d154/
d164/
d190/
d223/
d23
d262
d278/
d85
d9
f145/
f193
f194/
f219/
f244/
f245
f78
f81
n19
n65
n91/
d154/
d164/
d190/
d223/
d23
d262
d278/
d85
d9
f145/
f193
f194/
f219/
f242
f244/
f245
f78
f81
n19
n65
n91/
d10
d107
d108/
d111
d126/
d183/
d236
d238
d255/
d272/
d275
d41
d44/
d7/
d82
d88
f0
f134/
f160
f17
f178
f194
f210
f211
f230
f231/
f232
f246/
f252/
f285
f44
n115
n12/
n53/
n91/
d224
d291
f132/
f145
f162
f245
f251
f29
n38/
n79
n88
Invalid operation
d224
d291
f132/
f145
f162
f245
f251
f29
n38/
n79
n88
Invalid operation
d202
d224
d291
d93
f132/
f145
f162
f210
f245
f251
f29
n38/
n79
n88
d236:md:52
f29:82 28 7C F3 C8 8D E2 29 7C 38 3E CA 5A BA 96 5C 0C 32 BC
d116:md:3
d116
f1
f108
d152/
d202
d224
d291
d93
f132/
f145
f162
f245
f251
f29
f75
n38/
n79
n88
d147/
d152/
d192/
d202
d224
d291
d93
f132/
f145
f159/
f162
f245
f251
f29
f294/
f30/
f75
n38/
n79
n88
Invalid operation
d147/
d152/
d192/
d202
d224
d291
d93
f132/
f145
f159/
f162
f245
f251
f29
f294/
f30/
f75
n38/
n79
n88
Invalid operation
Invalid operation
Invalid operation
Invalid operation
d128
d269
/d234/d3/n36/f107/d140/d153/f57/d224/f20/n38/d255/d128
Invalid operation
Invalid operation
Invalid operation
f285:00 00 00 00 00 00
Invalid operation
d128
d269
d128:00
d128
d269
f21
d128:00
Invalid operation
f29:00 00 00
d147/
d152/
d202
d224
d291
d93
d94
d99
f102
f132/
f145
f159/
f162
f245
f251
f29
f294/
f75
n38/
n79
n88
Invalid operation
d116
d86
f1
f108
f20:dir:0
Invalid operation
f295:1C 0E FF CD 2C 09 00 00
n50:8t9qfjmcl25dwhd6pc
n53
n63/
n53
n63/
n53:txt:15
Null
n53:15
f295:48
f295:FF
d222
f49
n53
d222:txt:0
f295:1C 0E FF 48 85
f295:1C 0E FF
d222
f49
n94
d222:dolwxdbmtkm2c2p
f295:ED 05
n84:2
d222:15
n94:3
f49:1
d222
d55/
f49
n94
d222:15
n94:3
f49:1
d222
d55/
f49
n94
Invalid operation
/d234/d3/n36/f107/d140/d153/f57/d224/d224/d222
d222:dolwxdbmtkm2c2p
Invalid operation
Invalid operation
Invalid operation
d222
d55/
n3
n81
n94
f295:93 53 7E 4B D3 8B 4F ED 05
d224/
f152/
f206/
f295
f3
Invalid operation
n50:8t9qfjmcl25dwhd6pc
Invalid operation
Null
n50:8t9qfjmcl25dwhd6pc.wxgeewte
f20:dir:0
Invalid operation
d118/
d123/
d207/
d224/
f20/
f287
f88/
n50
Invalid operation
Invalid operation
Invalid operation
Invalid operation
f295:8B 4F
Null
Invalid operation
f3:md:28
/d234/d3/n36/f107/f219
Invalid operation
n51:7A 2B
n51:8
Invalid operation
Invalid operation
Invalid operation
Null
d66
d86/
f104/
f143/
f240/
f7
Invalid operation
d86:dir:0
d109/
d66
d86/
f104/
f143/
f236
f240/
f7
f7:acfu8oxphr0dy-sgdl
d86:dir:0
f7:18
n52:16
Invalid operation
d109/
d151/
d66
d86/
f104/
f143/
f193/
f236
f240/
f37/
f7
n52
Null
f7:acfu8oxphr0dy-sgdlzpniux
Null
d224/
d4/
d48/
f152/
f206/
f295
f3
/d234/d3/n36/f107/d140/d153/f57/f3
f3:md:35
Null
d224/
d4/
d48/
f152/
f180
f206/
f3
Invalid operation
f3:48
n96:15
d216:14
f129:14
n1:7
f180:3
Invalid operation
d216
d224/
d275/
d4/
d48/
f129
f152/
f180
f206/
f271
f3
n1
n37/
n96
d216
d224/
d275/
d4/
d48/
f129
f152/
f180
f206/
f271
f3
n1
n37/
n96
Invalid operation
d216
d224/
d275/
d4/
d48/
f129
f152/
f180
f206/
f271
f3
n1
n37/
n96
d216
d224/
d275/
d4/
d48/
f129
f152/
f180
f206/
f271
f3
n1
n37/
Invalid operation
d224:dir:0
Invalid operation
Invalid operation
Invalid operation
f3:48
d216:14
f129:14
f180:13
n78:5
f261:4
d69:0
f236:39 69 CE 7F 2B 2B
Invalid operation
Invalid operation
Invalid operation
Invalid operation
d86:dir:0
d216
d224/
d275/
d4/
d48/
d69
f129
f152/
f180
f206/
f261
f271
f3
n37/
n78
Invalid operation
Invalid operation
f180:A4 D0 49 00 00 00 00 00 00 00 68 FB D5 2A B0
Invalid operation
Invalid operation
Invalid operation
Invalid operation
Invalid operation
Invalid operation
d102
d281
d295
d39
f57/
n83
Invalid operation
d102:txt:49
Invalid operation
d224:dir:0
d102
d104/
d295
f164/
f57/
n3/
n83
d102:q8kl7odlmahid kboipntw.feqzpgngukv dee_ t2--99-r48q8rf34od.ho
d229:00 00 00 00 00
f117:5F DC 6A
Null
f117:C1
d271:34
d146:15
d135:2
f140:0
d135
d146
d153/
d271
f140
n31/
f41:1B
d135
d146
d153/
d271
d286
d35
f140
f41
n31/
/d234/d3/n36/f107/d140/d271
Invalid operation
d281:zrxdngxcdawm 655uerrwoc2ulvmt9lwkf3axx
d101/
d140/
d148
d229
d246
d273/
d281
f132
f14/
f167
f196
f200
f219
f273/
n26/
n71
d281:38
d229:28
f196:15
d101/
d140/
d141
d148
d229
d246
d273/
d281
f132
f14/
f167
f196
f200
f219
f273/
n26/
n5/
n71
d101/
d140/
d148
d229
d246
d273/
d281
f132
f14/
f167
f196
f200
f219
f273/
f49
n26/
n71
d229:DD
Invalid operation
d229:E9 A4 6D F2 3C 56 21 E7 73 77 7B
d281:zrxdngxcdawm 655uerrwoc2ulvmt9lwkf3axxwydvn7a
Invalid operation
Invalid operation
/d234/d3/n36/f107/d281
Invalid operation
d281:45
d229:32
d247:15
f196:15
f219:15
d148:8
f49:4
f132:1
d281:zrxdngxcdawm 655uerrwoc2ulvmt9lwkf3axxwydvn7a
Invalid operation
d229:C6 B7 00
d101/
d140/
d148
d166/
d229
d247
d273/
d281
f132
f14/
f196
f219
f273/
f49
n26/
n71
Invalid operation
Invalid operation
Invalid operation
d281:md:45
d101/
d140/
d166/
d17
d229
d247
d273/
d281
f132
f14/
f196
f213
f219
f273/
f49
n26/
n52
n71
Invalid operation
Invalid operation
Invalid operation
Null
d47/
/d234/d3/n36/f107/f196
Invalid operation
d101/
d140/
d166/
d17
d229
d247
d273/
f132
f14/
f196
f213
f219
f273/
f49
n26/
n52
n71
Invalid operation
d101/
d140/
d166/
d17
d229
d247
d273/
f132
f14/
f196
f213
f219
f273/
f49
n26/
n52
n71
f196:nxmhvj8kkw5bl72uw7i
Invalid operation
d202:B9
Invalid operation
d229:4C C6 B7 00
Invalid operation
Invalid operation
d229:AE E1 FD BD F2 8C 4C C6 B7 00 78 00 00 00
f163:dir:0
f163:dir:0
Invalid operation
Invalid operation
f132:md:5
Invalid operation
Invalid operation
Invalid operation
Invalid operation
f291:jicx1z8x6x
f291:jicx1z8x6x
Null
d160
d4
d7
f267
f291
n32/
Invalid operation
f39:45
d173/
d4
f267
f291
f39
n107
n32/
f39:5D C9
d173/
d4
d7
f267
f291
f39
n107
n32/
f39:5D
n32:dir:0
f39:C9
Null
n43:16
d260/
d283/
f294/
n43
d260/
d283/
f294/
n43
Invalid operation
f39:F8 E6 B1 DF
/d234/d3/n36/f107/d273/f162/f163/n32/n12
n5
f116:0E
n12:27
f116:2
Invalid operation
d260/
d283/
d78
f116
f14
f245/
f294/
n12
d260/
d283/
d78
f116
f14
f245/
f294/
n12
Invalid operation
/d234/d3/n36/f107/d273/f162/f163/n32/n12
n12:yn6yv33jj5z97e kuxlj2394pt2
Invalid operation
n12:yn6yv33jj5z97e kuxlj2394pt2
f116:00
f116:47 7B DF 22 07 E4
Invalid operation
Null
Invalid operation
d104
d176/
d21
d232/
d260/
d277/
d78
f116
f195
f221
n41/
f116:22 E4 60
Invalid operation
Invalid operation
d104
d171
d176/
d21
d232/
d260/
d277/
d78
f116
f195
f221
n41/
d111
d4
d7
f267
f291
f39
n107
n32/
f163/
f54
n20
/d234/d3/n36/f107/d273/f162/n20
/d234/d3/n20
d10/
f163/
f54
n20
f163:dir:0
f163/
f54
n20
f163:dir:0
f163:dir:0
Invalid operation
Invalid operation
n20:D3 9D DD 6C
n20:00 13 D3 9D DD 6C 03
f163/
f171
n20
Invalid operation
Invalid operation
/d234/d3/n36/f107/d273/f162/f163/f291
Null
Null
Invalid operation
Invalid operation
f171:00
d17
d6/
f163/
f171
f195
f56/
f63
n10
n49/
n80
Invalid operation
Invalid operation
Invalid operation
Invalid operation
Invalid operation
Invalid operation
d229:71 D8 8D 77 21 B5 7B AE E1 FD BD F2 8C 4C C6 B7 00 78 00 00 00 E7 C8 EB 72 52 85 7C 4D 86 34
f171:30 00 00
Invalid operation
f126
Null
Invalid operation
f171:F3
d145/
f126
n109/
f171:78 7C 42 45 F3 30
d145/
f126
n109/
Invalid operation
d166
d17
d221/
d23/
f163/
f171
f195
f56/
f63
n10
n49/
Invalid operation
Invalid operation
d166
d17
d221/
d23/
d40/
f163/
f171
f195
f56/
f63
n10
n49/
Invalid operation
d166
d17
d221/
d40/
f163/
f171
f195
f56/
f63
n10
n49/
d166
d17
d221/
d246
d40/
f128
f163/
f171
f195
f56/
f63
n10
n49/
f163:dir:0
d166
d17
d221/
d246
d40/
f128
f163/
f171
f195
f249
f56/
f63
n10
n49/
Invalid operation
Invalid operation
f162/
n95
Invalid operation
Invalid operation
f162/
n95
Null
Invalid operation
f162:dir:0
Invalid operation
d297
d36
f162/
n95
Invalid operation
Invalid operation
Invalid operation
f162:dir:0
Invalid operation
Invalid operation
Invalid operation
Invalid operation
n95:00 00 73
f232:15
f150:14
f231:11
d238:8
n95:00 73 09 00 AC 40
f162:dir:0
f150:txt:14
n95:40 00
Invalid operation
f150:-d3nf2ga05to1xx
f150:txt:15
f82:47 80
f150:txt:46
d0/
d43/
f150
f161
f218
f232
Invalid operation
f150:-d3nf2ga05to1xxi1h0s4rr7ege1k2s8xdw58lufbtkbxx
d0/
d43/
f150
f161
f218
f232
d0/
d43/
f150
f161
f218
f232
d0/
d43/
f150
f161
f218
f232
d0/
d36/
d43/
f150
f161
f218
f232
d0/
d36/
d43/
f150
f218
f232
d0/
d36/
d43/
f150
f161
f218
f232
d0/
d36/
d43/
f150
f161
f232
Invalid operation
Invalid operation
Invalid operation
Invalid operation
Invalid operation
Invalid operation
f150:-d3nf2ga05to1xxi1h0s4rr7ege1k2s8xdw58lufbtkbxx
/d234/d3/n36/f107/d273/n50/f150
d280
d36
f162/
f73
n50/
n95
d0/
d151
d43/
f150
f232
f256/
Invalid operation
Null
/d234/d3/n36/f107/d273/n50/f150
d0/
d43/
f150
f232
f242/
f256/
f268
f6/
n56/
f150:txt:48
f232:txt:16
d0/
d292/
f184/
f232
f242/
f256/
f268
f6/
n56/
Invalid operation
d98
f268:51 37 04 E1 4E
d0/
d290
d292/
d34
d83
d86/
f184/
f232
f242/
f256/
f268
f6/
n56/
d0/
d290
d292/
d34
d83
d86/
f184/
f232
f242/
f256/
f268
f6/
n56/
f232:txt:18
Invalid operation
f192:
/d234/d3/n36/f107/d273/n50/f184/d132/f192
f192:txt:0
f192:
d250
d255
d29/
f192
f273
Invalid operation
n104:dir:0
n104/
Invalid operation
Invalid operation
Invalid operation
Invalid operation
d254:15
d32:8
d223:4
Invalid operation
/d234/d3/n36/f107/d273/n50/f184/d132/d255
d223
d254
f216
/d234/d3/n36/f107/d273/n50/f184/d132/f15/d223
d173
d223
d254
f216
/d234/d3/n36/f107/d273/n50/f184/d132/f15/d223
d223:sb4e
d173
d223
d254
f216
f257/
d255:A3 00 00
Invalid operation
Invalid operation
Invalid operation
d255:15
d250:3
Invalid operation
d255:00
Invalid operation
Invalid operation
d250
d255
d87/
f15/
f273
Invalid operation
Invalid operation
Invalid operation
d173
d223
d251
d254
d269
f216
f257/
d223:txt:20
d255:F0
d228
d250
d255
d296
d88
f15/
f94
n85
d255:00 00 07 21
d173:C5 76 56
/d234/d3/n36/f107/d273/n50/f184/d132/f15/d223
d173
d223
d269
f216
f257/
f37
n49
Invalid operation
/d234/d3/n36/f107/d273/n50/f184/d132/d255
Invalid operation
Invalid operation
n93:8
n93:32
/d234/d3/n36/f107/f132
Invalid operation
Invalid operation
d132/
f172
f175/
f180
n16
n73
n93
Invalid operation
n73:B3
d132/
f126/
f172
f175/
f180
f235
f284
f3/
n16
n73
f235:13
f172:3
n73:2
f180:1
f284:0
d132/
f126/
f172
f175/
f180
f235
f284
f3/
n16
n73
n73:21 B3
n16:
n16:
d120
d121/
d125
d146/
d18
d228
d250
d255
d296
d88
f15/
f172
Invalid operation
Invalid operation
Invalid operation
Invalid operation
Invalid operation
n16:
Invalid operation
d51
d173
d223
d228
d269
f216
f257/
f37
n49
d173
d223
d269
f216
f257/
f37
n49
f216:md:1
Invalid operation
Invalid operation
Invalid operation
Invalid operation
d110
Invalid operation
/d234/d3/n36/f107/d273/n50/f184/d132/f15/d268/d110
Invalid operation
d101
d110
d182
d280/
f71
/d234/d3/n36/f107/d273/n50/f184/d132/f15/d268/d110
Invalid operation
d101
d110
d182
d280/
d73/
f122/
f231/
f71
n86
Invalid operation
Invalid operation
Invalid operation
Invalid operation
Invalid operation
Null
/d234/d3/n36/f107/d273/n50/f184/d132/f15/d268/d110
Invalid operation
d101
d110
d280/
d59/
d73/
f122/
f231/
f71
n86
d110:00
d110:00
Invalid operation
d101
d110
d147/
d280/
d59/
d73/
f122/
f231/
f71
n86
Invalid operation
d101
d110
d280/
d59/
d73/
f122/
f231/
f71
n86
Invalid operation
d101
d110
d280/
d59/
d73/
f122/
f231/
f71
n86
Invalid operation
d101
d110
d280/
d59/
d73/
f122/
f231/
f71
n86
d101
d110
d280/
d59/
d73/
f122/
f231/
f71
n86
Invalid operation
d101
d110
d280/
d59/
d73/
f122/
f231/
f71
n86
Invalid operation
Invalid operation
d110:00 79 CD
Invalid operation
d208
f184
f209/
d101
d110
d20/
d280/
d59/
d73/
f122/
f13
f231/
f86
n86
Invalid operation
d110:bin:7
Invalid operation
d101
d110
d280/
d59/
d73/
f13
f231/
f86
d101
d110
d280/
d59/
d73/
f13
f231/
f86
Invalid operation
Invalid operation
d101
d110
d280/
d73/
f13
f231/
f251
f46/
f86
d110:AA 2F 19
d110:47 00 00 20 AA
Null
Invalid operation
/d234/d3/n36/f107/d273/n50/f184/d132/f15/f216
Null
d174
d268/
d93/
f216
f257/
f37
f55
n49
f216:8-3_9 4b5v32ecyhiw1s9g558.qz9txj moc3pp3o833-52a7ag-sf
Invalid operation
d174
d268/
d29
f216
f257/
f37
f55
n48
n49
d174
d268/
d29
f216
f257/
f37
f55
n48
n49
Invalid operation
d120
d121/
d146/
d18
d228
d255
d296
d88
d90/
f15/
Invalid operation
d174
d268/
d284/
d29
d95
f216
f257/
f37
f55
f76/
n48
n49
d174
d268/
d29
d95
f216
f257/
f37
f55
f76/
n48
n49
f216:54
d95:17
f37:14
d29:8
n49:6
d174:0
d169
d174
d211/
d268/
d29/
f216
f257/
f37
f55
n48
n49
d169
d174
d211/
d268/
d29/
f216
f257/
f37
f55
n48
n49
n49:96
d124/
d169
d174
d211/
d268/
d29/
f216
f257/
f37
f55
f94/
n48
n49
Invalid operation
f216:md:86
f216:86
f37:14
f216:8-3_9 4b5v32ecyhiw1s9g558.qz9txj moc3pp3o833-52a7ag-sfqt8cl_2k_ea27_3_3z1gvh0m05y_2j-4
Invalid operation
Invalid operation
Invalid operation
Invalid operation
f59:dir:0
d222
f220
f36/
f59/
n35
Invalid operation
/d234/d3/n36/f107/d273/n50/f184/d132/f15/f60/n35
Invalid operation
n35:00
Null
d137/
d222
f220
f286
f36/
f69/
n112/
n35
d136
f55:00 00 00
Invalid operation
Invalid operation
d51:txt:14
d167
d51
f116
Invalid operation
f55:00 00 00
f55:00 00 00 00 00 1A 22 D2 29
d51:hmtdn5taoz3zpx
f216:111
f37:14
f55:12
f209:1
Invalid operation
d124/
d169
d174
d211/
d223/
d268/
d29/
d85
f209
f216
f257/
f258/
f37
f55
f60/
f94/
n48
d110:00 00
Invalid operation
Invalid operation
d101
d110
d280/
d93
f112
f13
f251
f86
d110:bin:7
Null
Invalid operation
Invalid operation
d101
d110
d180
d280/
d93
f112
f13
f251
f86
n78
d124/
d169
d174
d211/
d223/
d268/
d29/
d85
f13/
f209
f216
f257/
f258/
f55
f60/
f94/
n48
Invalid operation
d255:bin:17
Invalid operation
Invalid operation
d120
d121/
d146/
d18
d228
d255
d296
d88
d90/
d98
f15/
Invalid operation
Invalid operation
Invalid operation
/d234/d3/n36/f107/d273/n50/f184/d132/f15/f216
d124/
d139/
d169
d174
d21
d211/
d223/
d268/
d29/
d85
f13/
f209
f216
f257/
f258/
f55
f60/
f94/
Invalid operation
d120
d121/
d146/
d18
d228
d255
d296
d88
d90/
f15/
n68/
d120
d121/
d146/
d18
d228
d255
d296
d88
d90/
f15/
n10
n68/
Invalid operation
Invalid operation
Invalid operation
Invalid operation
Invalid operation
d120
d121/
d146/
d149/
d18
d26/
d296
d90/
f15/
n10
n68/
d120:81 FD
Invalid operation
Invalid operation
Invalid operation
f15:dir:0
Invalid operation
f15:dir:0
f15:dir:0
Invalid operation
d120
d121/
d146/
d149/
d18
d26/
d265
d288
d296
f15/
f242
f6
f93
n10
n29/
n68/
d120
d121/
d146/
d149/
d18
d26/
d265
d288
d296
d77
f15/
f242
f6
f93
n10
n29/
n68/
Invalid operation
f15:dir:0
d18:F8 99 A5 7F EC 17
/d234/d3/n36/f107/d273/n50/f184/d132/d296
d296:scmw7an3xrdbjgxx
d296:scmw7an3xrdbjgxx
Invalid operation
Invalid operation
d18:17 EE 8C
Invalid operation
Invalid operation
n45:a9pj9-l15c6ok4ceo
Invalid operation
n45:a9pj9-l15c6ok4ceo0i_wvvlxu.dxfpuc
Null
d49/
d73/
d82
f179/
f212
f4/
n45
d49/
d73/
f179/
f212
f4/
n45
/d234/d3/n36/f107/d273/n50/f184/d132/n29/n39/f212
d114/
d73/
d82
f179/
f212
f4/
f52
d148/
n39/
d296:scmw7an3xrdbjgxx
Invalid operation
Invalid operation
Invalid operation
/d234/d3/n36/f107/d273/n50/f184/d132/d296
Invalid operation
d296:scmw7an3xrdbjgxxx
n17:txt:8
Invalid operation
/d234/d3/n36/f107/d273/n50/f184/d132/d296
d296:37
Invalid operation
d296:36
d18:20
d119
d120
d121/
d123/
d149/
d161/
d18
d203
d26/
d265
d288
d290
d296
d77
f134
f15/
f252/
f259/
f82
f93
n111/
n29/
n68/
Invalid operation
d132/
d251/
f126/
f175/
f180
f235
f279/
f284
f3/
n16
n73
n74/
Invalid operation
d132:dir:0
n73:00 00 00
d132/
d251/
d273/
f126/
f164
f175/
f180
f235
f279/
f284
f3/
f33
n16
n73
n74/
d132:dir:0
d0/
d290
d292/
d83
d86/
f184/
f232
f242/
f256/
f268
f6/
n56/
f232:j1.fx5pa4734527xxxx
Invalid operation
Invalid operation
n95:00 00 00 00 DC 8B C8 BB 09 00 00 00 AA 6B 16 83 28
Invalid operation
Invalid operation
Invalid operation
Invalid operation
d257:2
d257
f140
f282/
n22/
Invalid operation
Null
d257
f282/
n22/
Invalid operation
Invalid operation
d257
f229/
f282/
n22/
Invalid operation
Null
Invalid operation
Invalid operation
Invalid operation
d281/
f133
d281/
f133
f24:dir:0
d257:00 00 00 02 8B
f24/
Invalid operation
f135/
f165
f229/
f233
n66
d257:00 00 00 A7 49 20 1E 67 03 C0 D3 33 32 00 00 00 62 01 00 00 00 02 8B 87 F9 B5 FD 7A
f233:27
d112:16
n66:10
f202:txt:13
f130/
f202
f202:13
f130/
f202
f46/
n83/
f233:3a7n7lxgxlzpy.hz4-q_wo8tymxxx
f233:3a7n7lxgxlzpy.hz4-q_wo8tymxxx
Invalid operation
Invalid operation
f130/
n74
n74:i-o2bhnd4mo3kslc2ell6i
Invalid operation
Invalid operation
Invalid operation
Invalid operation
d252
f173
f39
d252:29
f39:11
f87:5
d149
d252
f251/
f39
f87
n47
d149
d252
f251/
f39
f87
d149
d252
f136
f251/
f87
n58
Invalid operation
Invalid operation
Invalid operation
Invalid operation
d188
f226
Invalid operation
d199
d28/
d56
f226
d96:dir:0
Null
f275:mab36_
n107:4D
d96/
f275
f226:18
n107:13
f226:18
n107:13
d56:9
d199:0
f226:18
n107:13
f226:txt:18
f226:uz9rdmchijr0k583rx
Invalid operation
Null
d199
d273/
d28/
d56
f200
n107
n117/
Invalid operation
d199:
d28:dir:0
/d234/d3/n36/f107/d170/f282/d281/f229/f130/f251/d199
n107:00 00
Invalid operation
d171/
d252
f101/
f251/
f266/
f46
f87
n54
n58
Null
d270:76
d252:txt:50
d171/
d252
f251/
f266/
f46
f7/
f87
n54
n58
Invalid operation
d252:u.hhm2i0igyrv9rlbnz00g47.iimnf6wl 5-bd4h4d.v40zvyu
d171/
d252
f251/
f266/
f46
f7/
f87
n54
n58
/d234/d3/n36/f107/d170/f282/d281/f229/f130/d252
Invalid operation
f130:dir:0
d152
d270
f130/
f138
f205/
n74
Invalid operation
/d234/d3/n36/f107/d170/f282/d281/f229/n74
d270:E6 26 00 29 B9 C6 78 7B 76 85
Invalid operation
Invalid operation
n74:i-o2bhnd4mo3kslc2ell6ixi_
/d234/d3/n36/f107/d170/f282/d281/f233
Invalid operation
d257:37 B5 FD 7A FF 4F 00 00
f233:3a7n7lxgxlzpy.hz4-q_wo8tymxxxq_719.ivmfc2u6yc
n74:i-o2bhnd4mo3kslc2ell6ixi_
d270:33
n74:25
n19:12
d73:8
n87:6
d152
d270
d279/
d34
d63
d73
f105/
f112/
f130/
f132
f27
n19
n48/
n74
Invalid operation
/d234/d3/n36/f107/d170/f282/d281/f229/d270
f130:dir:0
/d234/d3/n36/f107/d170/f282/d281/f229/d270
Invalid operation
Invalid operation
Null
Invalid operation
d116
d152
d270
d279/
d34
d63
d73
f105/
f112/
f130/
f132
f166
f203/
f27
n48/
Invalid operation
Invalid operation
Invalid operation
f233:62
n66:10
d78:3
d257
f229/
f241
f282/
f63/
n22/
n5/
f282:dir:0
Null
Invalid operation
d101/
d140/
d166/
d170/
d229
d273/
d41
f132
f14/
f148/
f213
f219
f273/
f49
n117
n26/
n52
n71
d101/
d140/
d166/
d170/
d229
d273/
d41
f132
f14/
f148/
f213
f219
f273/
f49
n117
n26/
n52
n71
d101/
d140/
d166/
d170/
d229
d239
d273/
d41
f104
f132
f14/
f148/
f213
f219
f221
f273/
f49
n117
n26/
n4/
n52
n71
Invalid operation
Invalid operation
d101/
d140/
d146
d166/
d170/
d229
d239
d273/
d41
d44/
f104
f132
f14/
f148/
f213
f219
f221
f273/
f49
n117
n4/
n52
n71
Invalid operation
Invalid operation
Invalid operation
Invalid operation
Invalid operation
d229:FE
Invalid operation
n119:dir:0
f100
n119/
n43
f100
n119/
Invalid operation
f100:47 00
Invalid operation
f100:00 00 00 00 00
f100
f201/
f229/
n119/
n68
f100:00
f100:2F 36 00
Invalid operation
Invalid operation
Null
d289
f233/
d2
d289
d289:EA 00 00 00
d289:E3 86 6E 1F EA 00 00 00 00 89 00 00 00 EA FC 56
d289:18
d289:00 00 EA
Invalid operation
Invalid operation
Invalid operation
Null
Invalid operation
Null
d289:00 00 89
Invalid operation
d289:00 89 00 00 00 6C FC 56 00 00 00
Invalid operation
/d234/d3/n36/f107/f148/f292/n1/d289
Null
n56:0
d202
d289
d89/
f149/
f198
n26/
n86
Invalid operation
Invalid operation
d105/
d20
d202
d223
d89/
f149/
f198
n26/
n86
Invalid operation
Invalid operation
/d234/d3/n36/f107/f148/f292/n1/d202
d105/
d20
d202
d223
d33
d89/
f149/
f198
n26/
Invalid operation
d145:28
f85:2
n7:1
Invalid operation
d105/
d20
d223
d33
d89/
f149/
f198
n26/
Invalid operation
Invalid operation
Invalid operation
Invalid operation
Invalid operation
Null
Invalid operation
Invalid operation
d105/
d172
d20
d270
d33
d83/
d89/
f149/
f89/
n102/
n26/
n42
Invalid operation
d105/
d172
d20
d270
d33
d83/
d89/
f149/
f89/
n102/
n26/
n42
n85
Invalid operation
/d234/d3/n36/f107/f148/f292/n1/d20
Invalid operation
Invalid operation
Invalid operation
d270:93 F9
d105/
d111/
d13/
d172
d270
d33
d83/
d89/
f149/
f297
f89/
n102/
n26/
n42
Null
d270:7C 93 F9 46 DF FD
Invalid operation
Invalid operation
d33:e018g166x
/d234/d3/n36/f107/f148/f292/n1/d83/d14
Invalid operation
d270:86
d33:e018g166x
Invalid operation
f197:txt:1
Invalid operation
Null
Invalid operation
d89:dir:0
Invalid operation
Invalid operation
d270:D0 33 21 12 0E CA 7A 42 7C 8A 15 74 66 71 0F
Null
d105/
d111/
d120/
d13/
d172
d270
d33
d83/
d89/
f149/
f181/
f297
f89/
n102/
n26/
n42
n89
d270:20
d33:9
Invalid operation
Invalid operation
Invalid operation
Invalid operation
Invalid operation
Invalid operation
Invalid operation
f117:50w8h4joa-
Invalid operation
d277:dir:0
f89
Invalid operation
f87:bin:2
Invalid operation
Invalid operation
d289:
Invalid operation
Invalid operation
d95
Invalid operation
Invalid operation
Invalid operation
Invalid operation
Invalid operation
Invalid operation
Invalid operation
Invalid operation
Invalid operation
d172/
d185
d277/
d55
f154
f227/
f268
f71/
n32/
/d234/d3/n36/f107/f148/f292/n1/d89/d185
/d185
d270:0F B9
Invalid operation
f100:2E 25 2F 36 00 00
Invalid operation
f100
f157
f160/
f201/
f229/
f261/
n1/
n119/
n95/
Invalid operation
f100
f157
f160/
f201/
f229/
f261/
n1/
n119/
n95/
d229:4A C0 5A
Invalid operation
Invalid operation
Invalid operation
f292/
f292/
f292/
n52
Invalid operation
f292/
Invalid operation
Invalid operation
Invalid operation
Invalid operation
d284/
f292/
Invalid operation
Invalid operation
/d234/d3/n36/f107/f148/f292/f100
f100:00 00 00 00
Null
f102/
f157
f160/
f201/
f229/
f261/
n1/
n119/
n95/
f157
f160/
f201/
f229/
f261/
n1/
n119/
n95/
d229:62 2D 41 9C 5E 2A BD EB 8C 2F 39 0F
d229:8C
d155:dir:0
d229:41 9C 5E 2A BD EB
Invalid operation
d229:00 78 00 00 00 E7 C8 BA 62
d229:00 78 00 00 00 E7 C8 BA
n75:jvyl6e28huc414
/d234/d3/n36/f107/f148/f292/f229/n75
Invalid operation
d140/
d77/
n67/
d140/
d77/
n67/
d31/
d77/
f149
f171/
f185
n38/
n67/
Invalid operation
Invalid operation
Invalid operation
d155/
f120
f184/
n75
/d234/d3/n36/f107/f148/f292/f229/n75
d155/
f120
f184/
n75
d229:07 80 B1 08 4A C0 5A A7 A0 EC D8 8D 31 E5 DF 3E 1B C3 7B C9 EA 8C E2
d229:16 9C
Invalid operation
/d234/d3/n36/f107/f148/f292/f157
f157
f160/
f201/
f229/
f261/
f279/
n1/
n119/
n95/
f157
f160/
f201/
f229/
f261/
f279/
n1/
n119/
n92/
n95/
d229:80 78 00 00 00 E7 C8 BA 62 2D 41 74 07 24 16 9C 00
Invalid operation
d101/
d140/
d166/
d170/
d210/
d239
d273/
d41
d44/
f104
f132
f14/
f148/
f184/
f213
f219
f221
f273/
f49
f65
n117
n4/
n52
n71
d101/
d140/
d166/
d170/
d210/
d239
d273/
d41
d44/
f104
f132
f14/
f148/
f184/
f213
f219
f221
f273/
f49
f65
n117
n4/
n52
n71
/d234/d3/n36/f107/n71
d101/
d140/
d166/
d170/
d210/
d239
d273/
d41
d44/
f104
f132
f14/
f148/
f184/
f213
f219
f221
f273/
f49
f65
n107/
n117
n4/
n52
n71
Invalid operation
d101/
d140/
d166/
d170/
d210/
d219
d239
d245
d273/
d41
d44/
d48/
f104
f132
f14/
f148/
f184/
f213
f219
f221
f238
f273/
f49
f65
n107/
n117
n4/
n52
n71
Invalid operation
Invalid operation
Invalid operation
d258
f209/
f209:dir:0
Invalid operation
d258
f150
f203
f209/
d258:
Invalid operation
f203:64 DF 96 55 68
Invalid operation
Invalid operation
Invalid operation
d202
d226/
f259
f51
Invalid operation
d202
d226/
f259
f51
Invalid operation
f209:dir:0
f203:00
f150:17
d217:11
d258:9
f203:9
d139:7
d111:0
d111
d134/
d139
d217
d258
d77/
f150
f203
f209/
f299/
d111
d134/
d139
d217
d258
d77/
f150
f209/
f299/
/d234/d3/n36/f107/d166/d226/d258
d111
d139
d217
d258
d77/
f150
f209/
f299/
n92
d117/
f255
Invalid operation
d117/
d117/
d33/
d139:00 C1 E1 C1 7C
Invalid operation
d139:49 1B 00 C1 E1 C1
Invalid operation
Invalid operation
d199
f209:dir:0
d258:ky7.atr89nc5mn5y7a0fsqgo6qv8cb1xm2
d139
d176/
d217
d258
d77/
f136/
f150
f166
f209/
f299/
n92
Invalid operation
d125
d139
d146/
d176/
d217
d258
d3
d77/
f136/
f150
f166
f209/
f299/
Invalid operation
Invalid operation
Invalid operation
f259:15
d233:12
f180:7
d202:2
Invalid operation
d202
d226/
d233
d261
d266/
f180
f249
f259
n25
Invalid operation
Invalid operation
d125
d139
d146/
d166
d176/
d217
d231/
d258
d3
d77/
f131/
f136/
f150
f209/
f299/
f209:dir:0
Invalid operation
Invalid operation
/d234/d3/n36/f107/d166/d226/d176/d151
d125
d139
d140
d166
d176/
d217
d231/
d258
d3
f107/
f131/
f136/
f150
f209/
f299/
n34/
Invalid operation
Invalid operation
d202
d226/
d233
d261
d266/
f180
f249
f91
Invalid operation
Invalid operation
d202
d226/
d233
d261
d266/
f180
f249
d202:bin:9
d202:bin:9
Invalid operation
Invalid operation
Invalid operation
Invalid operation
Invalid operation
d202:AE F9 04 8A D5
d202:bin:7
Invalid operation
Invalid operation
d233:12
d202:10
f180:7
d261:0
f249:0
/d234/d3/n36/f107/d166/d202
d202:80
d202
d226/
d233
d261
d266/
f180
f249
n19/
Invalid operation
Invalid operation
Invalid operation
Invalid operation
Invalid operation
Invalid operation
Invalid operation
d202
d226/
d233
d261
d266/
f249
f269/
n17
n19/
d202
d226/
d233
d261
d266/
f227
f249
f269/
n17
n19/
Invalid operation
/d234/d3/n36/f107/d166/d202
Invalid operation
d202:4B 41
/d234/d3/n36/f107/d273/n95
n95:00
d280
d36
d58/
f162/
f210
f73
n50/
n95
f162:dir:0
d264
d280
d36
d58/
f162/
f210
f73
n50/
f162:dir:0
Invalid operation
d264
d280
d36
d58/
f162/
f210
f73
n50/
n78
Invalid operation
/d234/d3/n36/f107/d273/d36
d264
d280
d36
d58/
f162/
f210
f73
n50/
n78
Invalid operation
Invalid operation
Invalid operation
f162:dir:0
Invalid operation
d36:BD 0F
d36:BD 0F
d264
d280
d36
d58/
f121/
f162/
f210
f73
n50/
n78
Invalid operation
d36:BD 0F
Invalid operation
f132:01 9B B0 EB
f260:md:2
f260:2
Invalid operation
d199
f260
n24
d199
f260
n24
n69/
f132:00 42 8F A4 B3 D1
f260:3
n24:3
Invalid operation
f132:D1
Invalid operation
f189:bin:4
Invalid operation
f189
n75/
Invalid operation
f14
f189
f274
n14/
n75/
/d234/d3/n36/f107/n77/d142/f189
/d234/d3/n36/f107/n77/d142/f189
Invalid operation
Invalid operation
Invalid operation
Invalid operation
Invalid operation
f189:bin:3
d180
d6
f14
f189
f230
f274
n14/
Invalid operation
f189:bin:3
f189:bin:0
Invalid operation
Invalid operation
Invalid operation
d256:1
/d234/d3/n36/f107/n77/d142/n111/f268/d256
d256
f293
f268:dir:0
f268/
f268/
f268/
Invalid operation
Invalid operation
Invalid operation
f268/
f36
f80
Invalid operation
Invalid operation
d256:xh
f293:17
d256:2
d256
f293
Invalid operation
d256:xh
/d275
d256:md:2
d256
f293
Invalid operation
Invalid operation
Invalid operation
f189:00 2F CC C4 CC
d265
f268/
f80
/d234/d3/n36/f107/n77/d142/n111/f80
/d234/d3/n36/f80
d265
f268/
f36
f80
Invalid operation
Invalid operation
Null
Invalid operation
f80:e8xs1gl0xp.caxirzn5ssnbx
f189:CC 00 00 00 68
Null
f101:65 2D
f101
f252/
f268
Invalid operation
d37/
f101
f252/
f268
Invalid operation
Invalid operation
Invalid operation
Invalid operation
d120
f101
f252/
f268
d120
f101
f252/
f268
Invalid operation
Invalid operation
Invalid operation
d251
f249/
f270/
f88
n65/
f88:md:11
d251
f213/
f238
f249/
f270/
f88
n65/
f21/
f213/
f238
f249/
f270/
f88
n65/
Invalid operation
f101:44 00 00 00 00 00 00 5E C9
n26/
Invalid operation
Null
f258:md:3
d121/
d166
d9
f101
f252/
f268
n116/
/d234/d3/n36/f107/n77/d142/n111/d257/f101
Invalid operation
Invalid operation
Invalid operation
Invalid operation
Invalid operation
Invalid operation
Invalid operation
f252:dir:0
f101:38 FD A8 1C 07 46
Invalid operation
Invalid operation
Invalid operation
Invalid operation
f101:A8
Invalid operation
Invalid operation
Invalid operation
d14
d14
Null
d169/
d210
d279
d9
f101
f219/
f252/
f68/
f74/
n116/
f88:11
d152:8
d60:2
f238:0
f88:fpmrof8kjrw
Invalid operation
f268:dir:0
f80:33
f36:16
n113:7
Invalid operation
Invalid operation
f80:e8xs1gl0xp.caxirzn5ssnbxhibcl08.x4v9ihock__9u1_
Invalid operation
d257/
d265
d270
f19/
f244
f268/
f36
f80
n106
n113
Invalid operation
d204/
d257/
d265
d270
f19/
f244
f268/
f282
f36
f80
n106
n113
Null
Invalid operation
/d234/d3/n36/f107/n77/d142/n111/f268/d256
d259:48
d259:00 00
f209
d259:50 00 00 99
d118/
d256
d259
f293
n72
d118/
d256
d259
f293
n72
Invalid operation
d256:33
d259:21
f293:17
n72:0
d259:00 24 0A BA 1E 50 83 1B DF 27 99 17 00 B0 DE 27 EB 5C
d118/
d256
d259
f293
n72
d259:5C
Invalid operation
Invalid operation
f150/
f255/
d118/
d256
d259
f293
d256:xhole9js40zdb29xr14mcg-ohyph9wfll-jz4.g-3-grz-ayxt
d256:xhole9js40zdb29xr14mcg-ohyph9wfll-jz4.g-3-grz-ayxt
d256:xhole9js40zdb29xr14mcg-ohyph9wfll-jz4.g-3-grz-ayxt
d118/
d256
d259
f128/
f292
f293
n72
f150/
f255/
f277/
f75/
d55/
f150/
f255/
f277/
f75/
d55/
f150/
f255/
f277/
f75/
d118/
d256
d259
f292
f293
n72
d256:57
d259:23
f244:5B
d204/
d257/
d265
d270
f19/
f244
f268/
f282
f36
f80
n106
n113
d180
d50
f178
f189
f272/
f274
n111/
n14/
/d234/d3/n36/f107/n77/d142/f189
Invalid operation
f189:bin:23
/d234/d3/n36/f107/n77/d142/n111/f80
/d234/d3/n36/f80
f80:e8xs1gl0xp.caxirzn5ssnbxhibcl08.x4v9ihock__9u1_4fw51oujz zikal
d204/
d257/
d265
d270
f119/
f13
f19/
f224/
f244
f268/
f282
f36
f80
n106
d204/
d257/
d265
d270
f119/
f13
f19/
f224/
f244
f268/
f282
f36
f80
n106
Null
d1
d180
d50
f178
f189
f272/
f274
n111/
n14/
/d234/d3/n36/f107/n77/d142/n111/f80
/d234/d3/n36/f80
Invalid operation
/d234/d3/n36/f107/n77/d142/n111/d204/n107
Invalid operation
n107:fsqtpeu2ia57vbg
/d234/d3/n36/f107/n77/d142/n111/d204/n107
d144:15
n107:15
Invalid operation
Null
d82
f228
Null
/d234/d3/n36/f107/n77/d142/n111/d204/n107
Invalid operation
/d234/d3/n36/f107/n77/d142/n111/f282
Invalid operation
Invalid operation
d54:66qwj24m5r571p
Invalid operation
Invalid operation
d144
d15
d167
f13/
f3/
f53/
n107
n79/
d144
d15
d167
f13/
f3/
f53/
n107
n79/
d144
d15
d167
f13/
f3/
f53/
n107
n79/
n107:txt:23
f244:B0 FA
Invalid operation
n29/
n108
n29/
n64
n29:dir:0
n108:ssrpv33bya-cje7lmb
Invalid operation
f51
n108
n29/
n64
Invalid operation
Invalid operation
d82
f228
d82:appcn-h_9bp1
d82:appcn-h_9bp1
Invalid operation
d82
f228
/d234/d3/n36/f107/n77/d142/n111/d204/f13/n29/d82
Invalid operation
d82:appcn-h_9bp1elsh7j9fg2
Invalid operation
d82
f166
n89
n108
n29/
n64
f269
n108
n29/
n64
Invalid operation
Invalid operation
d112/
d79
f269
f271
n108
n119/
n29/
n38/
n42/
n64
Invalid operation
n107:txt:23
d15
f13/
f130
f182
f3/
f79
n107
n79/
Invalid operation
f189:20
f274:13
f178:6
d180:0
d50:0
Invalid operation
Invalid operation
Invalid operation
f189:20
f274:13
Invalid operation
Invalid operation
Invalid operation
Invalid operation
Invalid operation
Invalid operation
Invalid operation
Invalid operation
/d234/d3/n36/f107/n77/d142/n111/f80
/d234/d3/n36/f80
Invalid operation
f268:dir:0
f244:87 B0 FA 2C
f244:00
/d234/d3/n36/f107/n77/d142/n111/f80
/d234/d3/n36/f80
f80:e8xs1gl0xp.caxirzn5ssnbxhibcl08.x4v9ihock__9u1_4fw51oujz zikalxxfm.pjxpd3zjvm3z b5_z7yp0inx
Invalid operation
Invalid operation
f268:dir:0
f244:CC
f244:FA 2C 22 2C 00 00
Invalid operation
d144/
d204/
d257/
d265
d268
d270
d33
d55/
d88
f109
f119/
f163/
f165/
f19/
f195/
f206
f224/
f244
f268/
f282
f34
f36
f41
f90
n106
/d234/d3/n36/f107/n77/d142/n111/d265
Invalid operation
f244:E5 BF 56 C2 87 B0 FA 2C 22 2C 00 00 00
f268:dir:0
f268:dir:0
f268:dir:0
Invalid operation
/d234/d3/n36/f107/n77/d142/f189
f189:bin:23
d180
d236/
f178
f189
f274
n111/
n14/
d142/
n24
Invalid operation
d180
d236/
d64/
f178
f189
f274
n111/
n14/
d180
d236/
d64/
f178
f274
n111/
n14/
d180
d236/
d64/
f178
f274
n111/
n14/
n14:dir:0
f274:.lc2vgtqmpa5w
f189:34
d168:16
f274:13
d168
d180
d236/
d64/
f178
f189
f217/
f274
f77/
n111/
n14/
Invalid operation
f274:.lc2vgtqmpa5w62-sff2z5w
f189:21 CE
d121
Invalid operation
f189:71 DB 00 32 A2 B7 7F D1 D3 F4 8E 61 EF 11
f144/
f281/
d168
d180
d236/
d64/
f178
f189
f217/
f267
f274
f77/
n111/
n14/
d168
d180
d197
d236/
d296
d64/
f178
f189
f217/
f267
f274
f77/
n111/
n14/
d168
d180
d197
d236/
d296
d64/
f178
f189
f217/
f267
f274
f77/
n111/
n14/
Invalid operation
d101/
d140/
d166/
d170/
d210/
d219
d239
d245
d249
d273/
d41
d44/
d48/
f104
f132
f14/
f148/
f184/
f213
f219
f221
f238
f273/
f49
f65
n107/
n117
n4/
n52
n71
n77/
f14:dir:0
Invalid operation
Invalid operation
d101/
d140/
d166/
d170/
d210/
d219
d222
d239
d245
d249
d262
d273/
d41
d44/
d48/
f104
f132
f14/
f148/
f164/
f184/
f213
f219
f221
f238
f273/
f4
f49
f65
n107/
n117
n4/
n52
n71
n77/
d101/
d140/
d166/
d170/
d210/
d219
d222
d239
d245
d249
d262
d273/
d41
d44/
d48/
f104
f132
f14/
f148/
f164/
f184/
f213
f219
f221
f238
f273/
f4
f49
f65
n107/
n117
n4/
n52
n71
n77/
Invalid operation
n71:iots0.zhbz xnfewl460
Invalid operation
n71:iots0.zhbz xnfewl460x
d64
d64:3
d133
d64
d133
d64
d64:DE 00
d133
d151/
d64
n89
d133
d151/
d64
n89
Invalid operation
Invalid operation
Invalid operation
Invalid operation
n73:dir:0
Invalid operation
f113:31 C5 00 00 00 DD
d129
d66
Invalid operation
f113:DD
Invalid operation
Invalid operation
Invalid operation
Invalid operation
Invalid operation
Invalid operation
Invalid operation
d116
d168
d66
n118
d116
d168
d66
n118
d116
d168
d66
f257/
n118
Invalid operation
d116
d168
d66
f257/
f293/
n118
Invalid operation
d198/
Invalid operation
d66:FE C8 18 1C E4 00
d198/
d25:12
Null
Invalid operation
d66:00
Invalid operation
d66:40 E5 1C E4 00 00 00
d117
d168
d46
d66
f257/
f43
n118
d117
d168
d46
d66
f257/
f43
n118
Invalid operation
d117
d168
d179
d22
d46
d66
f257/
f30
f43
n118
/d234/d3/n36/f107/d170/n22/n73/n51/d66
d117
d168
d179
d22
d268
d46
d66
f224/
f257/
f30
f43
n1/
n118
d66:E4 00 00 00 00 00 10
d66:ED 00 00
d117
d168
d179
d215/
d22
d295
d46
d66
f131
f224/
f257/
f43
n118
Invalid operation
d117
d168
d179
d215/
d22
d295
d297/
d66
f131
f224/
f257/
f43
n118
Invalid operation
Invalid operation
d66:AD
d117
d168
d179
d193
d215/
d22
d295
d297/
d66
f131
f224/
f257/
f43
n118
Invalid operation
d66:bin:16
d109
d117
d168
d17
d179
d193
d215/
d22
d295
d297/
d66
f103/
f131
f224/
f257/
f43
f44
n118
n72/
Invalid operation
d109
d117
d168
d17
d179
d193
d215/
d22
d295
d297/
d66
f103/
f131
f224/
f257/
f43
f44
n118
n72/
d66:7F
d66:16
d295:14
Invalid operation
d109
d117
d168
d17
d179
d193
d215/
d22
d295
d297/
d66
d73
f103/
f131
f180/
f224/
f257/
f43
f44
n118
n72/
d66:bin:16
d109
d117
d168
d17
d179
d193
d215/
d22
d295
d297/
d66
f103/
f131
f180/
f224/
f257/
f43
f44
n118
n72/
n100:5
f121:3
d147/
f113
f121
n100
n51/
Null
Invalid operation
/d234/d3/n36/f107/d170/n22/n73/f121
Invalid operation
f121:9D
Invalid operation
f121:9D
f246:dir:0
f198:A5
f41:dir:0
d13
d7/
f41/
f198:A5 00
d13
d7/
f41/
Invalid operation
d161:
f198:A5
d118
d123
d118
d123
Invalid operation
Invalid operation
d1
d13
d30
d7/
f41/
n37
n89/
Invalid operation
d1
d13
d30
d7/
f41/
n37
n89/
f41:dir:0
d30:00 00
d123:h_1z12agz8_xomb5vjj96v7rn6e
d30:AD 18 6F 62
d123
f36
d30:00 00 00
Null
d30:00
d232
f114
n32/
Invalid operation
Invalid operation
d30:35 11
d4/
f108/
f289/
Invalid operation
Invalid operation
d4/
f108/
f289/
Invalid operation
Invalid operation
d51:2E
Invalid operation
/d234/d3/n36/f107/d170/n22/n73/d147/n3/n89/n32/d51
d117/
d4/
d51
f28/
f289/
d117/
d4/
d51
f188
f28/
f289/
/d234/d3/n36/f107/d170/n22/n73/d147/n3/n89/n32/d51
Invalid operation
d117/
d4/
d51
f188
f28/
f289/
Invalid operation
Invalid operation
d51:2E 00
d51:2E 00 00 00 F4 93
d4/
d51
f123
f162
f188
f28/
f289/
d51:00 00 F4 93
Invalid operation
d4/
d51
f114
f123
f188
f28/
f289/
f41/
n3
d4/
d51
f114
f123
f188
f28/
f289/
f41/
n3
Invalid operation
Invalid operation
f162
f289:dir:0
Invalid operation
d51:0F
Null
d137:dir:0
Invalid operation
d232
f114
n32/
n37:pzux
f32:17
f36:17
d136:12
f43:10
f198:6
Null
Invalid operation
d259/
d259/
f203/
Null
f113:E4 B8 4A AE 9D
Invalid operation
Null
Invalid operation
Invalid operation
/d234/d3/n36/f107/d170/n22/n73/f113
f257:00
Invalid operation
d202/
d259/
d32/
d79/
f257
f276
n74
d147/
d205
d3/
f113
f66
n51/
Invalid operation
Invalid operation
Invalid operation
Invalid operation
Invalid operation
d147/
d205
d3/
f113
f182/
f66
f77/
n51/
d147/
d205
d3/
f113
f182/
f66
f77/
n51/
Invalid operation
Invalid operation
f113:7E
f113:B1 31 C5 44 69 46 7C 3D 85 E2 00 00 BA 46 A9
d136
d161
f120/
f198
f235/
f246/
f258/
f267
f32
f36
f43
n3/
n53
Invalid operation
d136
d161
d212
f120/
f198
f235/
f246/
f258/
f267
f32
f36
n3/
n53
Invalid operation
d136
d161
d212
f120/
f198
f235/
f246/
f258/
f267
f36
n3/
n53
f198:DB 39 E7 29
d143/
f127/
n20
f257:A5 85
n20:wf76 4mjq3xkn8
Invalid operation
n20:wf76 4mjq3xkn8
f253
n55
n55:1D
Invalid operation
n55:bin:3
Invalid operation
d288
d69
f111/
f253
n55
d288
d69
f111/
f253
n55
Invalid operation
f294
Invalid operation
Invalid operation
Null
/d234/d3/n36/f107/d170/n22/n73/d3/f257
/d234/d3/n36/f107/d170/n22/n73/d3/f257
n51:dir:0
Invalid operation
Invalid operation
Invalid operation
n51:dir:0
f113:00 00
Invalid operation
Invalid operation
Invalid operation
Invalid operation
/d234/d3/n36/f107/d170/n22/n73/n51/d66
Invalid operation
Invalid operation
Invalid operation
d66:bin:19
/d234/d3/n36/f107/d170/n22/n73/n51/d66
d109
d117
d141/
d155/
d16/
d17
d179
d193
d215/
d22
d259
d274/
d295
d297/
d66
f103/
f13/
f131
f180/
f204
f224/
f257/
f43
f44
n118
n3
n72/
Invalid operation
Invalid operation
d109
d117
d141/
d155/
d158/
d16/
d17
d179
d193
d215/
d22
d259
d274/
d295
d297/
d66
f103/
f13/
f131
f180/
f204
f224/
f249
f257/
f43
f44
n118
n3
n72/
Invalid operation
f113:7C 3D 85 E2 00 00 BA 46 A9 DA 78
Invalid operation
f113:00 00 BA F2 78
Invalid operation
Null
f23/
n73/
f23/
n73/
f282:dir:0
f23/
f98
n73/
f178/
f23/
n73/
Invalid operation
f23/
n73/
f23/
n73/
d257:00
f137/
f23/
n73/
/d234/d3/n36/f107/d170/d257
Invalid operation
/d234/d3/n36/f107/d170/d257
d253/
f207/
f23/
n73/
d253/
f207/
f23/
f295
n73/
n73:dir:0
Invalid operation
Invalid operation
d245/
d253/
f207/
f23/
f62/
n73/
f165/
f235
d257:00 00 62 01
d257:90 07
Invalid operation
d192
f40
n32/
Invalid operation
Invalid operation
d257:15 0E 83 64 FB 9A
d192:8
f40:6
Invalid operation
d257:B9 CA 99 15 0E
d100
d192
f40
n32/
d100
d192
f40
n32/
Invalid operation
Invalid operation
d192:9tbyiamvtpz3rjh1fqj6lk
d192:22
d100:14
f40:6
d257:00 00 62 01 00 B9 CA 99 15
d192:txt:22
Invalid operation
d257:51
/d234/d3/n36/f107/d170/n22/d253/d192
f40:m-aupr
Invalid operation
Invalid operation
d36:86
d36:05
Invalid operation
d122/
d36
n32/
d36:0A
Invalid operation
Invalid operation
Invalid operation
Invalid operation
d257
f229/
f23
f241
f282/
n22/
n5/
n67
d257
f229/
f23
f241
f282/
n22/
n5/
n67
Invalid operation
Null
d101/
d111
d140/
d166/
d169
d170/
d210/
d219
d222
d239
d245
d249
d273/
d3/
d41
d44/
d48/
d75
f104
f132
f14/
f148/
f164/
f181/
f184/
f213
f219
f221
f238
f279/
f49
f65
n107/
n117
n20
n4/
n46
n52
n71
n77/
d101/
d111
d140/
d166/
d169
d170/
d210/
d219
d222
d239
d245
d249
d273/
d3/
d41
d44/
d48/
d75
f104
f132
f14/
f148/
f164/
f181/
f184/
f213
f219
f221
f238
f279/
f49
f65
n107/
n117
n20
n4/
n46
n52
n71
n77/
f132:A6 D2 00
f86:w-ht5y0atpt2f-3px
Invalid operation
d257:29
f23:7
f241:6
d133
d151/
d64
n89
d133
d151/
d64
n89
n98/
Invalid operation
Invalid operation
Invalid operation
Invalid operation
Invalid operation
Invalid operation
d257
d57
d73/
f126
f132/
f229/
f28/
f282/
f99
n22/
n39/
n5/
n67
Invalid operation
Invalid operation
d257
d57
d73/
f126
f132/
f229/
f28/
f282/
f99
n22/
n39/
n5/
n67
d257:29
f126:7
d57:5
n67:1
f99:0
d257:29
f126:7
Invalid operation
Invalid operation
Invalid operation
Invalid operation
Invalid operation
/d234/d3/n36/f107/d170/d257
d257:30
n42:11
Invalid operation
d129
d257
d57
d73/
d78
d79/
f126
f229/
f276/
f28/
f282/
f99
n22/
n39/
n42
n5/
n67
d257
d57
d73/
d78
d79/
f126
f229/
f276/
f28/
f282/
f99
n22/
n39/
n42
n5/
n67
Invalid operation
d257:B3 9B 6E 00 E2 8E E1
Invalid operation
Invalid operation
d257:32
n42:11
f126:7
d57:5
n67:1
d78:0
d135
d257
d57
d73/
d78
d79/
f126
f229/
f276/
f28/
f282/
f93/
f99
n22/
n39/
n42
n5/
n67
d135
d257
d57
d73/
d78
d79/
f126
f229/
f276/
f28/
f282/
f93/
f99
n22/
n39/
n42
n5/
n67
Invalid operation
d135
d257
d57
d73/
d78
d79/
f126
f229/
f276/
f28/
f282/
f93/
f99
n22/
n39/
n42
n5/
n67
d257:DE 7F 24 06 DC 8E EB D3 7F 07 32 40 99 B3 9B 6E 00 E2 8E E1 15 0E BC 33 27 E5
Invalid operation
Invalid operation
Invalid operation
n67:2D
Invalid operation
Invalid operation
Invalid operation
Invalid operation
Invalid operation
Invalid operation
Invalid operation
Invalid operation
Invalid operation
d130
d133
d151/
d241
d245
d252
d64
n89
d130
d133
d151/
d241
d245
d252
d64
n89
Invalid operation
Invalid operation
Invalid operation
n67:00
Invalid operation
d135
d57
d73/
d78
d79/
f126
f164
f229/
f276/
f282/
f53
f59/
f93/
f99
n22/
n39/
n42
n5/
n67
n67:00 00 00
d135
d51
d57
d73/
d78
d79/
f126
f164
f229/
f276/
f282/
f53
f59/
f93/
f99
n22/
n39/
n42
n5/
n67
f282:dir:0
/d234/d3/n36/f107/d170/n67
Invalid operation
d129/
d135
d57
d73/
d78
d79/
f126
f164
f229/
f276/
f282/
f53
f59/
f93/
f99
n22/
n39/
n42
n5/
n67
Invalid operation
Invalid operation
Invalid operation
Invalid operation
/d234/d3/n36/f107/d170/n67
Invalid operation
Invalid operation
f132:31
n71:27
d14:17
d75:15
f219:15
d41:13
Invalid operation
n20:A8 EC C2 08 09 F7 CB
f80:qjx61fwrvxx.m xhah200rg8hau
Invalid operation
d155:dir:0
d155/
d182
f269
d155/
d182
d3/
f269
Invalid operation
/d234/d3/n36/d19/d182
f166:15
d274:12
Invalid operation
Invalid operation
Invalid operation
Invalid operation
d182:56
d73:17
f39:15
f35:7
f269:0
d182:fue-rkif5yib_6250a2bx54cbw3_.hnmtn utx_otbeelr-sxixcle81
d182
d3/
d73
f14/
f269
f35
f39
n63
d182:fue-rkif5yib_6250a2bx54cbw3_.hnmtn utx_otbeelr-sxixcle81
n15:bin:2
n15:77 9C
n15:77 9C
Invalid operation
n15:9C
d129
f104
f152
f260
n15
n87/
Invalid operation
Invalid operation
Invalid operation
n15:BB
n15:bin:2
Invalid operation
Invalid operation
f35:00
d139/
d191
d197
d21/
d73/
f152
n117/
d139/
d191
d197
d21/
d73/
f152
n117/
d139/
d191
d197
d21/
d73/
f152
f252
n117/
d197:md:35
d139/
d191
d21/
d73/
f152
f252
n117/
f252:8
f152:5
d191:1
/d234/d3/n36/d19/f14/f152
Invalid operation
Invalid operation
f35:A2 8F 03 D0 A5 2E 2C 5D 00 00 00
Invalid operation
Invalid operation
Invalid operation
f158:dir:0
f158/
f39
n28/
d83
f158/
f259
f39
n28/
d55
f158/
f259
f39
f77/
n28/
f39:x
Invalid operation
f39:x
f39:x
d55
d91
f158/
f259
f39
f77/
n28/
d55
d91
f158/
f259
f39
f77/
n28/
Invalid operation
d55
d91
f158/
f259
f39
f77/
n28/
n67
d55
d91
f158/
f259
f39
f77/
n28/
n67
d55
d91
f158/
f259
f39
f77/
n28/
n67
f39:xy- m
f158:dir:0
Invalid operation
d55:3F FE
f39:xy- mrh cjtpj nm2elws
f39:xy- mrh cjtpj nm2elwsx5s9eh577c9
/d234/d3/n36/d19/f14/d21/f39
/d234/d3/n36/d19/f39
d29/
d45/
d6/
d79
d91
f158/
f172
f259
f274/
f39
f77/
f85/
n0/
n28/
n67
Invalid operation
d210
d29/
d45/
d6/
d79
d91
f158/
f172
f259
f274/
f39
f47/
f77/
f85/
n0/
n28/
n67
d70:6C 61
Invalid operation
d55:txt:11
Invalid operation
d139/
d191
d21/
d73/
f152
f252
n117/
d182:56
f35:27
d73:17
f39:15
f35:0A 20 42 A2 8F 03 D0 A5 2E 2C 5D 00
d145
d182
d3/
d73
f14/
f269
f35
f39
n63
d182:fue-rkif5yib_6250a2bx54cbw3_.hnmtn utx_otbeelr-sxixcle81
/d234/d3/n36/d19/d182
d145
d182
d3/
d73
f14/
f269
f35
f39
n63
d145
d182
d3/
d73
f14/
f269
f35
f39
n63
Invalid operation
Invalid operation
/d234/d3/n36/d19/f14/d21/f39
/d234/d3/n36/d19/f39
f39:xy- mrh cjtpj nm2elwsx5s9eh577c95cut1klr9ztrey5p3np-job
Invalid operation
d144
d210
d29/
d45/
d6/
d91
f158/
f172
f183/
f259
f274/
f39
f47/
f77/
f85/
n0/
n28/
n30
n67
Invalid operation
d144
d210
d29/
d45/
d6/
d91
f158/
f172
f183/
f259
f274/
f33/
f39
f47/
f77/
f85/
n0/
n28/
n30
n67
Invalid operation
f172:00
/d234/d3/n36/d19/f14/d21/f39
/d234/d3/n36/d19/f39
f172:B4
d119
d139/
d191
d21/
d73/
f152
f251
n117/
n52
d119
d139/
d191
d21/
d73/
f152
f251
n117/
n52
Invalid operation
n74:2
f71/
n74
/d234/d3/n36/d19/f14/d191
f121:dir:0
n52:37 74 2D 00 00 DF 84
n52:48
Invalid operation
Invalid operation
Invalid operation
n52:01 D4 87 36 00
f14/
f219
Invalid operation
Invalid operation
f243:9a13zktqzt25kycr4hc3 54
f243:9a13zktqzt25kycr4hc3 54
d102
d18
d221/
d291
d88
f145
f185/
f234
f243
f289
n55
d102
d18
d221/
d291
d88
f145
f185/
f234
f243
f289
n55
f151
Invalid operation
f151
Invalid operation
f151
Invalid operation
f151:17
d286:13
f271:11
d286
f151
n68
f151:txt:31
f151:31
n68:0
f243:9a13zktqzt25kycr4hc3 546m-
Invalid operation
Invalid operation
d238/
n61
d238/
d32/
d40
n61
n61:n6- zypt1viczi e bedni07_tw..ts0m57fqc_s7m2y
d238/
d32/
d40
n61
n52:FD 1E
f121/
f53/
Invalid operation
d246/
f121/
f53/
f86/
n84
Null
n52:37 74 78 A0 68 E0 D7 FD 1E AD 5C 48 6A 4A 9F A7 DA 1C 4A 0D B5 00 00
d118/
d235
d269
d86/
f121/
f282/
f53/
f86/
f97
n32
n84
f121:dir:0
d118/
d235
d237/
d269
d86/
f121/
f27
f282/
f34
f53/
f86/
f97
n32
n84
f121:dir:0
/d234/d3/n36/d19/f14/d139/n84
d118/
d235
d269
d86/
f121/
f27
f282/
f34
f86/
f97
n32
n84
d118/
d269
d86/
f121/
f207/
f27
f282/
f34
f74/
f86/
f97
n32
n84
d118/
d287
d86/
f121/
f128
f207/
f27
f282/
f298/
f62/
f74/
f86/
f97
n32
n80
n84
f97:87 77
Invalid operation
Invalid operation
n84:cr1xx
f97:77 43 9D 66 79 9E D1 A4 98 83 2E 98
f121:dir:0
/d234/d3/n36/d19/f14/d139/n84
d118/
d147
d263
d287
d86/
f121/
f128
f135/
f207/
f27
f282/
f298/
f62/
f74/
f86/
f94
f97
n101/
n32
n80
n84
n84:cr1xx 76avw
Invalid operation
d121:dir:0
f225:
/d234/d3/n36/d19/f14/d139/n84
d121/
d121:dir:0
f97:66 79 9E D1 A4 98
f97:9E D1
Invalid operation
d298:dir:0
f262:7
f97:FE 26 A5 E2 A6 0E 74 79 CC 2E 35 87 CA D1 A4 98 83 2E 98 00
Invalid operation
f223
f270/
Invalid operation
f121:dir:0
f121:dir:0
f121:dir:0
f97:9E D1 A4 98
f121:dir:0
n84:cr1xx 76avw1zn0c.8 u5xx
f97:B6 2E 98
n84:29
f97:26
f94:15
d278:14
f27:12
d118/
d147
d182/
d251
d263
d278
d287
d70/
d86/
f121/
f128
f135/
f150/
f199
f207/
f212
f27
f282/
f298/
f62/
f74/
f86/
f89/
f94
f97
n101/
n32
n34
n73/
n80
f97:2E
Null
d118/
d147
d182/
d251
d263
d278
d287
d296
d70/
d86/
f121/
f128
f135/
f150/
f199
f207/
f212
f27
f282/
f298/
f62/
f74/
f86/
f89/
f94
f97
n101/
n32
n34
n73/
n80
f97:26
f94:15
d278:14
f27:12
n32:10
d251:6
f212:6
/d234/d3/n36/d19/f14/d139/f97
d118/
d147
d182/
d251
d263
d278
d287
d296
d70/
d86/
f121/
f128
f135/
f150/
f176
f199
f207/
f212
f27
f282/
f298/
f62/
f74/
f86/
f89/
f94
f97
n101/
n11
n32
n34
n73/
n80
Invalid operation
Invalid operation
d118/
d147
d182/
d251
d263
d278
d287
d296
d70/
d86/
f121/
f128
f135/
f150/
f155
f176
f199
f207/
f212
f27
f282/
f298/
f62/
f74/
f86/
f89/
f94
f97
n101/
n11
n32
n34
n73/
n80
Invalid operation
Invalid operation
d119
d139/
d191
d21/
d73/
f152
f251
f254
n111/
n117/
n52
d119
d139/
d191
d21/
d73/
f152
f251
f254
n111/
n117/
n52
d119
d139/
d191
d21/
d73/
f152
f251
n111/
n117/
n52
d139:dir:0
d119
d139/
d21/
d73/
f152
f251
n111/
n117/
n52
Invalid operation
d139/
d21/
d230
d253/
f152
f251
f258
n111/
n52
n9
d139/
d21/
d230
d253/
d264/
f152
f249/
f251
f258
f272
f77
n111/
n52
n9
Invalid operation
d139/
d21/
d230
d253/
d264/
f152
f249/
f251
f272
f77
n111/
n52
n9
Invalid operation
n52:DA 1C 4A 0D
d139/
d21/
d230
d253/
d264/
f152
f249/
f251
f272
f77
n111/
n52
n9
f152:usioxb1old43b-i_slttg_0weucwu_49-z_e6.xf.r7sz4jnri7j.o0.3n4hroi_0y
d139/
d21/
d230
d253/
d256
d264/
f152
f249/
f251
f272
f77
n111/
n52
n9
n52:00 00 00 00 00
d139:dir:0
Invalid operation
d181
d210/
Invalid operation
d236
f100/
f157/
n27/
d236
f100/
f157/
n27/
d236
f100/
f157/
n27/
d236:35 50 A2
d236
f100/
f157/
n27/
Invalid operation
d236
f100/
f157/
d236
f100/
f110/
f157/
n27/
Invalid operation
Null
Invalid operation
d145
d182
d195
d223
d3/
d73
f14/
f269
f35
f39
n63
Invalid operation
d145
d157
d182
d195
d223
d3/
d73
d81
f14/
f269
f35
f39
n63
d145
d157
d182
d195
d223
d3/
d73
d81
f14/
f279/
f35
f39
n63
Invalid operation
f35:5D 0A 20 42 A2 8F 03 5F 22 CF BF 63 00 67
Null
d182:fue-rkif5yib_6250a2bx54cbw3_.hnmtn utx_otbeelr-sxixcle81.cpcm
Invalid operation
f35:E4 FD
f13/
Null
f13:dir:0
f120
f13/
Invalid operation
d141:A7 FB C2 1D
d97
d97:5A 1B
Invalid operation
f36
n65/
f87:gqx
Invalid operation
f24/
f87
n65/
Invalid operation
Invalid operation
f120:torei15zu3txn9x-gpbl9h_ekrf0kg110
/d234/d3/n36/d19/d115/f120
d141:00 00 00 6D 67 99 44 BD 1D 29 DC
f120:torei15zu3txn9x-gpbl9h_ekrf0kg110
Invalid operation
Invalid operation
d141:A0 B6 00 00 00 00 0D 37
d137
d141
f120
f125
f13/
f157
f8/
n41
d137
d141
f120
f125
f13/
f157
f8/
n41
Invalid operation
d141:A0 B6 00 00 00 00 0D 37 00 00 00 6D 67 99
Invalid operation
Invalid operation
Invalid operation
d126/
d158/
d19/
d264/
d274/
d91/
f107/
f143/
f230
f234
f247/
f284
f296/
f80
n80
Invalid operation
Invalid operation
Invalid operation
d274:dir:0
d126/
d158/
d19/
d264/
d274/
d91/
f107/
f143/
f209/
f230
f234
f284
f296/
f80
n37/
n80
/d234/d3/n36/f80
n20:53 2A 9A 52 00 00 00 3B 7E 11 FC 9D D3 E7 C4 FC 0D DC
Invalid operation
n20:9A 52 00 00 00 3B 7E 11 FC 9D D3 E7 C4 FC 0D DC 0A
d190:txt:31
d190
d237/
f143
n20
n36/
n74/
d126/
d158/
d19/
d264/
d274/
d61/
d91/
f107/
f143/
f230
f234
f26/
f284
f296/
f80
n10/
n100/
n37/
n80
Invalid operation
Invalid operation
d176:D0 05 A9
Invalid operation
d176
d241/
d72
Null
/d234/d3/n36/d264/d176
Invalid operation
Invalid operation
Invalid operation
Invalid operation
Invalid operation
Invalid operation
n20:45 D3 E7
Invalid operation
Invalid operation
Invalid operation
f80:82
f215:17
n80:6
f230:0
f234:0
Invalid operation
Invalid operation
/d234/d3/n36/f80
d274:dir:0
d112/
d126/
d143/
d158/
d168/
d19/
d197/
d264/
d274/
d61/
d91/
f107/
f143/
f215
f230
f234
f26/
f296/
f6
f80
n37/
n80
Invalid operation
Invalid operation
Invalid operation
Invalid operation
Invalid operation
d208
f219/
n84
d188/
d208
n109
n84
d188/
d208
d260/
f90/
n109
n84
Null
d112/
d126/
d143/
d158/
d168/
d19/
d197/
d264/
d274/
d61/
d91/
f107/
f143/
f215
f230
f234
f26/
f296/
f6
f80
n15
n37/
n80
d274:dir:0
d109
d11
d176
d241/
d72
n2
Invalid operation
Null
Invalid operation
d109
d11
d176
d241/
d72
f293
n2
Invalid operation
d112/
d126/
d143/
d158/
d168/
d19/
d197/
d264/
d274/
d61/
d91/
f107/
f120
f143/
f159
f215
f230
f234
f26/
f296/
f6
f80
n15
n37/
n80
f80:qjx61fwrvxx.m xhah200rg8hau 66v6ni2h0uowzylz.bfnklkw758x0eyljv00-i3.0yii9crzp112zss4lbxo7b51ltyx
d112/
d126/
d143/
d158/
d168/
d19/
d197/
d264/
d274/
d61/
d91/
f107/
f120
f143/
f159
f215
f230
f234
f26/
f296/
f6
f80
n15
n37/
n80
Invalid operation
Invalid operation
Invalid operation
f80:qjx61fwrvxx.m xhah200rg8hau 66v6ni2h0uowzylz.bfnklkw758x0eyljv00-i3.0yii9crzp112zss4lbxo7b51ltyxx
Invalid operation
Invalid operation
/d234/d3/n36/f80
d112/
d126/
d143/
d158/
d168/
d19/
d197/
d264/
d274/
d61/
d91/
f107/
f120
f143/
f159
f215
f223/
f230
f234
f26/
f296/
f6
f80
n15
n37/
n80
f6:00 00 96 94 18 BD D4 21 00 00 38 B7 B7
Null
d112/
d126/
d143/
d158/
d168/
d19/
d197/
d264/
d274/
d61/
d91/
f107/
f120
f143/
f159
f215
f223/
f230
f234
f26/
f296/
f6
f80
n15
n37/
n80
/d234/d3/n36/f80
f6:38 B7 B7 E4 6A 86 D6
f6:26 B4 4C 5C D6 18 00 00 96 94 18 BD D4 21 00
d282:0199nm.tbbc
f6:BD D4 21 00
d282:11
d282
n20/
n44/
d282:0199nm.tbbc
Invalid operation
d282
f250
f51/
n20/
n44/
d246:84 6C 26
d282:0199nm.tbbc
d282:11
d246:5
f250:0
d282:txt:11
Invalid operation
d246
d282
f250
f251/
f51/
n20/
n44/
Invalid operation
Invalid operation
d67
d82/
n0
d30
d82/
f22
f226/
d30
d82/
f226/
Invalid operation
d30
d82/
f184/
f226/
n114
d147
d30
d82/
f184/
f226/
n114
Invalid operation
Invalid operation
d30:00
Null
/d234/d3/n36/f296/f51/d30
d282:0199nm.tbbcuo316hgv0 2ce
d213/
d246
d282
d33
f251/
f51/
n20/
n44/
Invalid operation
d213/
d246
d282
d33
f251/
f51/
n20/
n44/
d282:txt:24
d12/
d213/
d246
d282
d33
f251/
f288/
f51/
n20/
n44/
f173:u 6r32co3mubn-ge
d268
f173
n112
d268
f143
f173
Invalid operation
Invalid operation
d268:A3 D3 11 A4 CF 84 1D CB
Invalid operation
f233:4
f233:4
d246:00 96 77 A4
f173
f72/
n24/
f173
f72/
n24/
/d234/d3/n36/f296/n44/f173
d246:19 00 00 00
d246:C4 C3 DA 19 00 00
n61:bin:7
Invalid operation
n56:7
d253
f239
f279/
n56
n61
f173:u 6r32co3mubn-ge0ftloxwq6rwt11mc67_l987tzx3.0
Invalid operation
Null
Invalid operation
Invalid operation
Invalid operation
d199/
f173
f72/
n55/
n63
n83/
f173:txt:57
f251/
f72/
n55/
d282:0199nm.tbbcuo316hgv0 2ce
d156:j h0kzd3ghftrw-
d246:12 01 FD
Invalid operation
d156
d69
f251/
f72/
n39
f72:dir:0
d103/
d156
d69
f251/
f265
f72/
f75
n39
Invalid operation
d156:j h0kzd3ghftrw-
f275
Invalid operation
d246:17 A4 82 44 88 AB D5 52 1C 5D 2E 3D
n75:id6x7wnup5uks
Invalid operation
n75:24
d203:8
f69:3
d46:0
f275:
d36:txt:6
d246:A4 82 44 88 AB D5 52 1C 5D 2E 3D 1F 61
d274/
d36
d44/
d97
f266
n23
f266:8
d36:7
n23:6
f266:8
d36:7
n23:6
Invalid operation
Invalid operation
d246:F7 D2 F8 C6 00 45 ED 39 12
d36:a1yvd2x
d119/
d274/
d36
d44/
f154/
f266
n23
n9/
Invalid operation
d246:1D F3 6A 73 28 69 17 A4 82 44 88 AB D5 52 1C 5D 2E 3D 1F 61 F7 D2 F8 C6
d246:00 00 8F 55 1D F3
d103/
d156
d69
f251/
f72/
f75
n39
Invalid operation
Invalid operation
d36:txt:7
d36:txt:8
Invalid operation
d210:B1 D6 B3 08
Invalid operation
Invalid operation
Null
Invalid operation
Invalid operation
d246:3D 1F 61 F7 09 DB E2 B8 C0 1E
Null
n118:txt:0
d246:A4
Invalid operation
/d234/d3/n36/f296/n44/f251/d36
f281:dir:0
d210
d257/
d46
f117
f214
f281/
f44
n114
d210:B1 D6 B3 00
Invalid operation
f122/
f130:ud x
Invalid operation
Invalid operation
d210
d257/
d46
f117
f214
f281/
f44
f71
n101/
n114
n71/
Invalid operation
f224
f44:00 00 00 D0 E1 C2 D3
d243
n30/
n30/
n30/
Invalid operation
f44:00 D0 E1 C2 D3 DD 91
Invalid operation
Invalid operation
d119/
d237
d274/
d36
d44/
d66
f114/
f137/
f266
n23
n75
/d109
d119/
d237
d274/
d36
d44/
d66
f114/
f137/
n23
n45/
n75
d119/
d237
d274/
d36
d44/
d66
f114/
f133/
f137/
f174
n23
n45/
n75
d36:a1yvd2xxo00t.l83fr4rn_pxelb.2ri7n3o-mc9jkm85r6.hjitm42h7h_arydn.wa-oy5j1 cdyl_ 8z9
Invalid operation
Invalid operation
/d234/d3/n36/f296/n44/f251/d119/f44
d119/
d237
d274/
d36
d44/
d66
f114/
f133/
f137/
f174
f180
n23
n45/
n75
f180:CE 47 9C A9 CD
d119/
d237
d274/
d36
d44/
d66
f114/
f133/
f137/
f174
f180
n23
n45/
n75
d36:82
f174:17
n75:17
d237:10
f180:8
n23:6
Invalid operation
Invalid operation
d210
d257/
d46
f117
f121
f150/
f214
f27
f281/
f44
f71
n101/
f44:C2 D3 DD 91 55
Invalid operation
Invalid operation
Invalid operation
Invalid operation
Invalid operation
d274:6
/d234/d3/n36/f296/n44/f251/d119/f281/d274
d192:AE
d133/
d198/
f173
f202/
d133/
d198/
d246
f115/
f173
f202/
f78/
n69/
Invalid operation
d133/
d164
d198/
f115/
f173
f202/
f78/
d133/
d164
d198/
d40
f115/
f173
f202/
f78/
d40:13
d164:7
Invalid operation
Null
Invalid operation
d133/
d164
d180
d198/
d40
f115/
f173
f202/
f78/
Invalid operation
d133/
d164
d180
d198/
d35/
d40
f115/
f173
f202/
f78/
Invalid operation
d274:md:6
d192:CE E3 7C
f82/
n84/
d192:4B F8 00 00
d274:zs3xu_2czpza2urxjl9fb2c0zgqpvp74j
d274:zs3xu_2czpza2urxjl9fb2c0zgqpvp74j4yn8zkkxs
d281/
f145/
f82/
d4:71luyam45t
f11
Invalid operation
f11:0
d283/
f11
f279
Invalid operation
f11
f279
Null
d152
d212
f11
f279
f3
Invalid operation
d274:md:63
Invalid operation
Invalid operation
d210
d257/
d46
d92
f117
f121
f150/
f159
f214
f27
f281/
f44
f71
n101/
Invalid operation
Invalid operation
Invalid operation
/d234/d3/n36/f296/n44/f251/d119/f44
Invalid operation
Invalid operation
d160/
d5/
f14
f15/
f297
f76/
Invalid operation
f15:dir:0
f297:1D A6 49 C3
f297:45 20 DC 1D A6 49
Null
Invalid operation
Invalid operation
Invalid operation
n30/
f44:25
f15:13
Invalid operation
f24
f27/
Invalid operation
Null
d119/
d237
d274/
d36
d44/
d66
f114/
f133/
f137/
f174
f180
n23
n75
f180:F1 CE 47 9C A9 CD 00 00 00 00 73 3C
Invalid operation
d119/
d168
d210
d237
d274/
d36
d44/
d66
f114/
f133/
f137/
f174
f180
n17
n23
n75
Invalid operation
d119/
d168
d210
d237
d274/
d36
d44/
d66
f137/
f174
f180
n17
n23
n75
Null
d156:j h0kzd3ghftrw-
Invalid operation
f180:9C A9 CD 00 00 00 00 2E 3C 07 67 6E
f180:07 67
/f239
d119/
d210
d237
d274/
d295/
d36
d44/
d66
f124
f137/
f141
f174
f180
f184/
f281/
n17
n23
n75
d119/
d210
d237
d274/
d295/
d36
d44/
d66
f124
f137/
f141
f174
f180
f184/
f281/
f48/
n17
n23
n75
d119/
d210
d237
d274/
d295/
d36
d44/
d66
f124
f137/
f141
f174
f180
f184/
f281/
n17
n23
n75
d36:txt:83
d119/
d210
d237
d274/
d295/
d36
d44/
d66
f124
f137/
f141
f174
f180
f184/
f281/
n17
n23
n43
n75
d36:84
d210:17
f174:17
f180:17
n75:17
f141:15
f124:14
Invalid operation
f270:grtpbpi_7k
Invalid operation
n100/
Invalid operation
Invalid operation
/d234/d3/n36/f296/n44/f251/f137/f49/d140
Invalid operation
f180:C1 87 35 0C 8E 00 D8 3F 39
f180:0B 09 1C 1C 66 8D F6 C2 3C CD 35 C1 87 35 0C 8E 00 D8 3F 39 36 0B 84 7B 7A
Invalid operation
Invalid operation
f71:dir:0
Invalid operation
f180:09 1C 1C 66 8D F6 C2 3C CD 35 C1 87 35 0C 8E 00 D8 3F 39 36
f180:1C 1C 66 8D F6 C2 3C CD 35 C1 87 35 0C 8E 00 D8 3F 39
Invalid operation
Invalid operation
f180:1E
f180:CE 47 0B 09 1C
Invalid operation
f283
n90/
Invalid operation
d36:a1yvd2xxo00t.l83fr4rn_pxelb.2ri7n3o-mc9jkm85r6.hjitm42h7h_arydn.wa-oy5j1 cdyl_ 8z9fx2b4r4mb9qdh0emu4n
d36:a1yvd2xxo00t.l83fr4rn_pxelb.2ri7n3o-mc9jkm85r6.hjitm42h7h_arydn.wa-oy5j1 cdyl_ 8z9fx2b4r4mb9qd
Invalid operation
Invalid operation
Invalid operation
f180:36 B1 E5 0F
d183/
d189/
f191/
f180:B1 E5
Invalid operation
Invalid operation
d119/
d210
d237
d249
d274/
d295/
d36
d44/
d66
f124
f137/
f174
f180
f184/
f21
f269
f281/
n17
n23
n43
n75
Invalid operation
d36:txt:94
Null
Null
d119/
d201
d210
d237
d249
d274/
d295/
d36
d44/
d66
f124
f137/
f174
f180
f184/
f185
f21
f257/
f269
f281/
f7
n17
n23
n43
n75
d36:a1yvd2xxo00t.l83fr4rn_pxelb.2ri7n3o-mc9jkm85r6.hjitm42h7h_arydn.wa-oy5j1 cdyl_ 8z9fx2b4r4mb9qd16u_n
d119/
d210
d237
d249
d274/
d295/
d36
d44/
d66
f124
f137/
f174
f180
f184/
f185
f21
f257/
f269
f281/
f7
n23
n43
n75
d119/
d210
d237
d249
d274/
d295/
d36
d44/
d66
f124
f133
f137/
f174
f180
f184/
f185
f21
f257/
f269
f281/
f7
n23
n43
n75
d103/
d156
d69
f211/
f251/
f33
f72/
f75
n39
Invalid operation
Invalid operation
d12/
d128
d246
d282
d299
d33
d58
d71/
d75/
f104/
f19/
f251/
f288/
f51/
n20/
n44/
n52
d246:55 1D F3 6A 73
Invalid operation
Invalid operation
/d234/d3/n36/f296/f104/f69
Invalid operation
Invalid operation
d21
d238/
Invalid operation
Invalid operation
Invalid operation
Invalid operation
f292:j3l4
Invalid operation
Invalid operation
d282:0199nm.tbbcuo316hgv0 2cex5-_0.3
Invalid operation
n27:31
Invalid operation
d270/
f167/
n27
n47/
n27:11
d270/
f167/
n27
n47/
d279:0
d170/
d232/
d279
d98/
/d234/d3/n36/d91/d270/d279
n27:F5 E8 13 0D D5
d170/
d232/
d279
d98/
Invalid operation
d270/
f167/
n27
n47/
Invalid operation
d16/
d270/
f167/
f22
n27
n47/
d16/
d270/
f167/
f22
n27
n47/
Invalid operation
Invalid operation
d274:dir:0
Invalid operation
d112/
d126/
d143/
d158/
d168/
d19/
d197/
d216/
d264/
d274/
d289/
d3/
d61/
d70/
d91/
f107/
f120
f143/
f159
f196
f215
f223/
f224
f227
f230
f26/
f296/
f36/
f39/
f6
f80
f94/
n15
n37/
n99
Invalid operation
d3/
d31
f220
n55
d3/
d31
f220
f161:F1 C9 23 05
d27/
n11/
Invalid operation
Invalid operation
f0
f294/
n11/
n54/
Invalid operation
Invalid operation
n64:afl7-flawhb.6umx
Invalid operation
d288:xc5oyphaqpdtda
d288:xc5oyphaqpdtda9_
Invalid operation
d288:txt:16
d150:txt:0
d150:13
d150:13
f199:10
f282:2
d288:xc5oyphaqpdtda9_
Invalid operation
d150
d195/
d200
d269/
d54/
f199
f202/
f282
n100
Invalid operation
Invalid operation
Invalid operation
n100:57 DA BC 2F
/d280/d33/d150
d150
d200
d43/
d54/
f152
f157
f199
f202/
f229/
f72/
n100
Invalid operation
Invalid operation
Invalid operation
d150
d200
d43/
d54/
d77
f152
f157
f199
f202/
f229/
f72/
n100
Invalid operation
d150:23
f152:12
f199:10
n100:10
Invalid operation
d150:txt:36
d150:36
f152:12
f199:10
d77:1
f161:F1 7D
f88:dir:0
f71/
f88/
Invalid operation
d250
n65
d279:56 EB
d250
n65
f75:t.awt0xxh0jfldba6t.b
f75:t.awt0xxh0jfldba6t.b
f75:txt:20
d24/
d269/
d279
f222/
f75
f79
d24/
d269/
d279
f222/
f75
f79
/d280/d33/f202/f75
/d280/d33/f202/f75
d215
d231
d24/
d269/
d279
f222/
f75
f79
n37
n70
n95
d215
d231
d24/
d269/
d279
f222/
f38/
f75
f79
n37
n63
n70
n95
f79:00
d215
d231
d24/
d269/
f222/
f257/
f38/
f68/
f75
f79
n37
n70
n95
Invalid operation
Invalid operation
Invalid operation
Invalid operation
f79:00 45 B3 48
d215
d231
d24/
d269/
d94/
f222/
f233/
f257/
f299/
f38/
f68/
f75
f79
n0/
n37
n95
d215
d231
d24/
d269/
d94/
f222/
f233/
f257/
f299/
f38/
f68/
f75
f79
n0/
n37
n76
n95
f79:00 45 B3
d215
d231
d269/
d94/
f222/
f233/
f257/
f299/
f38/
f75
f79
n0/
n37
n76
n95
Invalid operation
Invalid operation
d215
d231
d269/
d94/
f222/
f233/
f257/
f38/
f75
f79
n0/
n37
n76
n95
d215
d231
d269/
d94/
f222/
f233/
f257/
f38/
f75
f79
n0/
n37
n76
n95
f79:00
f75:29
d231:14
f3:8
f79:7
d137:6
n76:4
d137
d215
d231
d287/
d94/
f130/
f222/
f233/
f257/
f3
f38/
f79
n0/
n32
n37
n76
n95
d137
d215
d231
d287/
d94/
f130/
f222/
f233/
f257/
f294
f3
f38/
f79
n0/
n32
n37
n76
n95
Invalid operation
Invalid operation
Invalid operation
f222:dir:0
Invalid operation
Invalid operation
f79:77 59 B2 00
d150
d200
d43/
d54/
d77
f152
f157
f199
f202/
f229/
f72/
Invalid operation
f222:dir:0
Invalid operation
f79:92 EC 00
d137
d215
d231
d287/
d94/
f130/
f222/
f233/
f253/
f257/
f294
f38/
f79
f90/
f92
n0/
n2
n32
n37
n76
d137
d215
d231
d287/
d94/
f130/
f222/
f233/
f253/
f257/
f294
f38/
f79
f90/
f92
n0/
n2
n32
n37
n76
d137
d215
d231
d287/
d94/
f130/
f222/
f233/
f253/
f257/
f294
f38/
f79
f90/
f92
n0/
n2
n32
n37
n76
Invalid operation
Invalid operation
d137
d17/
d215
d231
d287/
d94/
f130/
f222/
f233/
f253/
f257/
f294
f38/
f79
f90/
f92
n0/
n2
n32
n37
n76
n80/
d137
d17/
d215
d231
d287/
d94/
f130/
f222/
f233/
f253/
f257/
f294
f38/
f79
f90/
f92
n0/
n2
n32
n37
n76
n80/
Invalid operation
d137
d17/
d215
d231
d287/
d94/
f130/
f222/
f233/
f257/
f294
f38/
f79
f90/
f92
n0/
n2
n32
n37
n76
n80/
Invalid operation
f79:B7 95 9B
f79:8D 3F
d137
d17/
d215
d231
d287/
d94/
f130/
f164
f222/
f233/
f257/
f294
f38/
f79
f90/
f92
n0/
n2
n32
n37
n76
n80/
f79:2D 40 0F 31 92
d137
d17/
d215
d231
d287/
d94/
f130/
f164
f222/
f233/
f257/
f294
f38/
f79
f90/
f92
n0/
n2
n23/
n32
n37
n76
n80/
Invalid operation
Invalid operation
f79:F7 8A 8C
Invalid operation
Invalid operation
Invalid operation
f79:D9 6A 35 D5
f259
n23
n26
n70
f259
n23
n26
n70
Null
Invalid operation
Invalid operation
f118:vnb 0.
f118:6
Null
/d280/d33/f202/f79
Invalid operation
Invalid operation
f41:txt:11
d103
d55
f109
f41
n84
Invalid operation
f41:a97-ra3jmj_
f41:txt:11
Invalid operation
f41:txt:11
f79:35 D5 00 00 DA
f79:00 DA
Invalid operation
f41:txt:11
f41:a97-ra3jmj_
f41:txt:11
f41:a97-ra3jmj_
Invalid operation
Invalid operation
Invalid operation
Invalid operation
Invalid operation
/d280/d33/f202/f79
Invalid operation
Invalid operation
f150:dir:0
f79:63 98 87 87 19 46 E8 C5
f79:D5 00
Invalid operation
Null
d111
f141
n16/
Null
Invalid operation
/d280/d33/f202/n80/f150/d186/d111
/d280/d33/f202/n80/f150/d186/d111
f79:98 87 87 19 46 E8 C5 4A 24 9B C5 D9 6A 35 D5 00 00
f141
f141
f223/
f141:txt:9
Invalid operation
Null
f79:26 97 0F 58 6D FD 94 A5
f162/
Invalid operation
d236
Invalid operation
f141:n6761u bbxx
f141:txt:11
d21
f131/
f141
f213/
n6/
/d280/d33/f202/n80/f150/d186/f141
f141:txt:11
Invalid operation
/d280/d33/f202/n80/f150/d186/f141
f141:txt:11
Null
f141:txt:11
d21
d55/
f141
f213/
n56/
n6/
f141:n6761u bbxxvhrou204yluyalqrm
Invalid operation
f141:n6761u bbxxvhrou204yluyalqrm
f181
n63:71
n63:71
d21
d55/
f0/
f115
f141
f213/
n56/
n6/
d21
d55/
f0/
f115
f141
f213/
n56/
n6/
n63:27
d21
d55/
f0/
f115
f141
f213/
n56/
n6/
n63
f141:n6761u bbxxvhrou204yluyalqrmr
d21
d55/
d70
d78/
f0/
f141
f213/
n6/
n63
f141:29
n63:13
d70:11
d21:0
Invalid operation
d118
n63:56
d108:4r1
Invalid operation
d118
f215/
Invalid operation
n63:FE 56 00 00
Invalid operation
Invalid operation
n63:71 00 BA E0 9C 14 12 E4 01 CC AF 22 FE
Null
f232:dir:0
d108
Invalid operation
Invalid operation
f162:29 00
d108
d38/
n65
d108
d38/
n65
/d280/d33/f202/n80/f150/d186/f0/f232/f215/d108
n65:10
d108:3
Invalid operation
f251:dir:0
f251:dir:0
Invalid operation
d108:md:3
d108:4r1
Invalid operation
d108:md:3
f162:00 00
Invalid operation
f162:C2
Invalid operation
d245
f123/
f272
d245
f123/
f272
d20/
d245
d5
f123/
Invalid operation
Invalid operation
d66:12
n32:5
d5:3
d245:0
Invalid operation
d20/
d245
d5
d66
f123/
n32
Null
Invalid operation
Invalid operation
d245
d287/
d4/
f123/
f130/
d245:0
Invalid operation
d245
d287/
d4/
f123/
f130/
f156
d184/
d245
d287/
d4/
f123/
f130/
f156
f87
/d280/d33/f202/n80/f150/d186/f0/f232/f215/d38/d245
Invalid operation
Invalid operation
d108:md:5
Invalid operation
Invalid operation
d245:46 4F
d245:00 7A 30
Invalid operation
Null
f2:11
d245:8
f87:3
f126:0
f156:0
Invalid operation
d51/
f162
f215/
Null
Invalid operation
Invalid operation
d19/
d59
f215/
f93
d59:76
Invalid operation
Invalid operation
Invalid operation
Invalid operation
Invalid operation
/d280/d33/f202/n80/f150/d186/f0/f232/d59
/d280/d33/f202/n80/f150/d186/f0/f140
/d280/d33/f202/n80/f150/d186/f0/f140
f208:md:14
f208:md:14
Invalid operation
f208:md:14
d8/
f208
d160:CA
d160
f288
Invalid operation
Invalid operation
Invalid operation
d43:txt:10
Invalid operation
Invalid operation
Invalid operation
d160
d181/
d235/
f100/
Invalid operation
Invalid operation
d181/
f92
d43
f73
f95
Invalid operation
Invalid operation
Invalid operation
f16:6D
d133/
d181/
f135/
Null
/d280/d33/f202/n80/f150/d186/f0/f55/d8/f209
f209:dcg-o65g7djrn
d181/
f131
f209
f16:C2 6D
f208:17
Invalid operation
d133/
d181/
d98
f16:FC F4 0F 00 00
/d280/d33/f202/n80/f150/d186/f0/f55/d8/d98
d98:6r0jr 
Invalid operation
Invalid operation
Invalid operation
Invalid operation
Invalid operation
f140:30ubp0.la5sjyd
Null
d8/
Invalid operation
f140:30ubp0.la5sjydzilk
d8:dir:0
Invalid operation
Invalid operation
Invalid operation
f16:66 1A 7A DC
Invalid operation
Invalid operation
f95:dir:0
f95/
f16:D9 1E 80
d163/
f166
d163/
f152/
n38
d163/
f152/
n38
Invalid operation
d99/
Invalid operation
/d280/d33/f202/n80/f150/d186/f0/f55/d95/d234/n38
n38:32
f109:4
n34:3
Invalid operation
d242
d99/
n7/
Invalid operation
d242:8zxl599g0om-13 o
Invalid operation
f65:x6e ond.kuvpmx
d101
f65
Invalid operation
f65:x6e ond.kuvpmx
d99:dir:0
f109:00 00 45 62 93 FC 59 83 B6 32 0F B2 70
n7:dir:0
f109:93 FC 59 83 B6 32
f109:3E 30 A0 2D
d124:dir:0
/d280/d33/f202/n80/f150/d186/f0/f55/d95/d234/d163/n67/d89
Invalid operation
f109:89 29
Invalid operation
Null
d234/
f95/
d163:dir:0
Invalid operation
Invalid operation
f138:dir:0
f109:2A
n38:7zwjl4l9wz7tmjcxap0_u1qg8hz6abf8
Invalid operation
/d280/d33/f202/n80/f150/d186/f0/f55/d95/d234/d74/f278
d110
d159/
d163/
d222/
d256
d74/
f109
f152/
f68/
n34
n38
d110
d159/
d163/
d222/
d74/
f109
f152/
n34
n38
n38:7zwjl4l9wz7tmjcxap0_u1qg8hz6abf8ekq-x2ynj.z_-touady
d110
d159/
d163/
d222/
d256
d74/
f109
f152/
f58/
n34
n38
n38:7zwjl4l9wz7tmjcxap0_u1qg8hz6abf8ekq-x2ynj.z_-touady
d159/
d163/
d256
d74/
f109
f112/
f152/
f58/
n34
n38
f109:B1 83 A9 FF 7B FE 41
f109:83 B6
/d280/d33/f202/n80/f150/d186/f0/f55/d95/d234/n38
/d280/d33/f202/n80/f150/d186/f0/f55/d95/d234/n38
d163:dir:0
Invalid operation
d234/
f131/
f95/
Invalid operation
d178/
d234/
f257
f95/
n68/
d178/
d234/
f257
f95/
n68/
f95:dir:0
Invalid operation
/d280/d33/f202/n80/f150/d186/f0/f55/d95/f257
f95:dir:0
f95:dir:0
d178/
d204/
d221
d234/
f19
f20/
f257
f45
f95/
n42/
n68/
f257:a85yy5w-gjwaqrykkxz979pyw7m1
f50/
f50/
Invalid operation
Invalid operation
d189/
f0/
f275
/d280/d33/f202/n80/f150/d186/f0/f55/d95/d204/f275
f0:dir:0
f16:3E
f275:07nc gaafhhb7zhh6mm026q0
Invalid operation
d178:
f277/
/d280/d33/f202/n80/f150/d186/f0/f55/d95/d204/f275
Invalid operation
/d280/d33/f202/n80/f150/d186/f0/f55/d95/d204/d189/f106
f106:md:46
f106:2.qhqt1p-mpy.5nu8r9i5i5xqk-_oa6k9sx944ze65rsy4
f16:00
Invalid operation
f16:F9 16 9E D9 1E 9D D9 8D 19 CF 66 4F C3 E2 6A F4 45 B5 5D AF C8 1C EF 00
d189/
d73/
f0/
f136
f275
n112/
f16:16 9E D9 1E 9D D9 8D 19 CF 66 4F C3 22 D9 4F 3A 6E B2 B2 F6 1C
Invalid operation
f275:07nc gaafhhb7zhh6mm026q0.mge4-gis680bx
Null
Invalid operation
Invalid operation
n40:48r5mr_31neyu3h
Invalid operation
Invalid operation
f219
n37/
n40
f219
n37/
n40
d178/
d204/
d221
d234/
f137
f19
f20/
f257
f27
f29
f296
f45
f95/
n42/
n68/
d178/
d204/
d221
d234/
f137
f19
f20/
f257
f27
f29
f45
f95/
n42/
n68/
d178/
d204/
d221
d234/
f137
f19
f20/
f257
f27
f29
f45
n102
n42/
n68/
f257:a85yy5w-gjwaqrykkxz979pyw7m1xjg6-zsepm6
d159/
d163/
d74/
f109
f112/
f152/
f250/
f58/
n0
n34
n38
f257:a85yy5w-gjwaqrykkxz979pyw7m1xjg6-zsepm60z9cuvfxu
Invalid operation
Invalid operation
n40:txt:16
f219
n37/
n40
f219:00
Invalid operation
Invalid operation
Invalid operation
Invalid operation
Invalid operation
Null
Null
/d280/d33/f202/n80/f150/d186/f0/f55/d185
/d185
f16:61 A9 ED
d185:mb33oo04cl4o5m4y000j r756skxbnq.kdd9i
d185
d8/
d88/
d95/
f252
Null
d133/
d181/
d199/
d235
d252
d51/
f197/
n33/
d235:3wvn3 icthnqkt3 2 rxjt.a6v 
d133/
d181/
d199/
d235
d252
d51/
f197/
n33/
Invalid operation
d185
d8/
d95/
f252
d234:9
Invalid operation
/d280/d33/f202/n80/f150/d186/f0/f55/d159/d234
d234:b1cxn-clbj3bnx  cfqg128h
d234
f129/
f289
n95
n95:00
Null
d24/
d38/
n86/
Invalid operation
n95:00 1F
d24/
d38/
d6
f109/
f261/
n86/
d6:tffxb66 7_6 v.
d24/
d38/
d6
f109/
f207/
f261/
n86/
Invalid operation
d6:tffxb66 7_6 v.x
Null
d24/
d38/
d45/
d6
f109/
f17/
f207/
f261/
n31/
n86/
Invalid operation
d24/
d38/
d45/
d6
f109/
f17/
f207/
f261/
n86/
n95
d24/
d38/
d45/
d6
f109/
f17/
f207/
f261/
f44
n7
n86/
n95
n95:16 1C
Invalid operation
/d280/d33/f202/n80/f150/d186/f0/f55/d159/f129/d24/d240
Invalid operation
d24/
d38/
d45/
d6
f109/
f168
f17/
f207/
f261/
n7
n86/
n95
d24/
d38/
d45/
d6
f109/
f168
f17/
f207/
f261/
n7
n95
d6:25
n95:19
d234
f129/
f289
n65/
n95
d24/
d38/
d45/
d6
f109/
f168
f17/
f207/
f261/
n7
n95
/d280/d33/f202/n80/f150/d186/f0/f55/d159/f129/d6
Null
Invalid operation
d6:tffxb66 7_6 v.xfc_qk4nbxx
Invalid operation
d24/
d38/
d45/
d6
f109/
f168
f17/
f206
f207/
f261/
n7
n86/
Invalid operation
/d280/d33/f202/n80/f150/d186/f0/f55/d159/f129/d6
d6:tffxb66 7_6 v.xfc_qk4nbxxs.
Invalid operation
d6:tffxb66 7_6 v.xfc_qk4nbxxs.
Invalid operation
Invalid operation
d78
f172
Invalid operation
d234
f129/
f289
n65/
n95
n95:C6 79 6D 92 D2 CB F4 D8 AF
Invalid operation
n95:01 1F C6 79 6D 92 D2 CB F4 D8 AF
Invalid operation
Invalid operation
d118
d49/
f129/
n25
n83
n95
Invalid operation
d127
d24/
d38/
d45/
d6
f109/
f168
f17/
f206
f207/
f261/
f97/
n7
n86/
Invalid operation
Invalid operation
d169:txt:13
d169
d228
d169
d228
d163/
d240
d45/
d163/
d240
d45/
Invalid operation
d163/
d240
d169:txt:14
Invalid operation
d163/
d240
Invalid operation
d147/
d163/
d240
d169:q69dxl-xp03wj
Invalid operation
d228:62 1B 09
f129:dir:0
Invalid operation
Invalid operation
f73:dir:0
Invalid operation
n95:74 EB A5 AE 00
d151/
d65
d79/
n23/
n81
n81:txt:22
Invalid operation
d151/
d65
f147
f251
f36
f40/
n23/
n81
/d280/d33/f202/n80/f150/d186/f0/f55/d159/f275/n23/f247
d218
d220
f247
f240:1
f247:1
d218:0
d218
f163/
f240
n111/
/d280/d33/f202/n80/f150/d186/f0/f55/d159/f275/n23/d218
f36:00 00 00 00 00
d92:C5
d216
d218
d27
d92
f247
f39/
n111/
Invalid operation
/d280/d33/f202/n80/f150/d186/f0/f55/d159/f275/n23/f39/d47
d47:4ur3o2oesqd2v-f.sy-
Invalid operation
d107/
d278
d47
n25/
f211/
Invalid operation
f111
f74/
Invalid operation
d65
f43/
d65:md:30
Invalid operation
Invalid operation
Invalid operation
Invalid operation
d246/
d63/
d65
f43/
d246/
d63/
f43/
d246/
d63/
f43/
d246:dir:0
Invalid operation
n38:4-bzizf4.7xvpqu3eybi
Invalid operation
d278:31
Invalid operation
d183
d24/
d246/
d63/
f105
f196/
n38
Invalid operation
Invalid operation
Invalid operation
d278:30 26 45 D8 78
Invalid operation
d34/
d84:0
Invalid operation
d246:dir:0
Invalid operation
Invalid operation
d278:5E 76 EE 5A AF EE 09 5C E4
d47:4ur3o2oesqd2v-f.sy-cun1dyu 0ry9hd_rjxd1f9mzbij
d216
d218
d242/
d27
d92
f246/
f247
f39/
n111/
d218:txt:19
Null
Invalid operation
d218:19
d92:15
d216:11
d27:4
f247:1
Null
d216
d218
d242/
d27
d92
f246/
f247
f39/
n111/
d218:gnp faexyfvlxakvows
d92:B3 A9 9F 8C C2 00 00 EE DF
d143/
d216
d218
d27
d92
f154
f246/
f247
f39/
n111/
d218:txt:19
Null
Invalid operation
Invalid operation
Invalid operation
/d280/d33/f202/n80/f150/d186/f0/f55/d159/f275/n23/f39/n25/n38
d218:gnp faexyfvlxakvows h
d216
d218
d27
d92
f246/
f247
f39/
n111/
d216
d218
d230
d262
d27
d92
f246/
f247
f39/
n111/
d216
d218
d230
d262
d27
d92
f246/
f247
f30/
f39/
n111/
d216
d218
d230
d262
d27
d92
f246/
f247
f30/
f39/
n111/
Null
d216
d218
d230
d262
d27
d92
f246/
f247
f30/
f39/
d278
d298
d47
f154/
f257
n25/
Invalid operation
d278:EA CF 3F AE D4 00 D2 EE 30 26
Invalid operation
d278:26 45 D8 FA A6 EF BA
Invalid operation
/d280/d33/f202/n80/f150/d186/f0/f55/d159/f275/n23/f39/d278
d148
d27
d272/
d278
d295/
d298
f154/
f278/
f43/
n16/
n21/
n25/
n81
Invalid operation
Invalid operation
Null
f193/
f91
f91:onxoegrpke
Invalid operation
d278:FD 10
d278:A8 FD 10 D0
Invalid operation
d148
d244/
d27
d272/
d278
d295/
d298
f154/
f278/
f288
f43/
n16/
n21/
n25/
n81
d148
d244/
d27
d272/
d295/
d298
f154/
f278/
f288
f43/
f81
n16/
n21/
n25/
n81
Invalid operation
Invalid operation
d298:0.5
Invalid operation
d218:21
d230:13
d92:13
d216:11
d262:7
n25:dir:0
Invalid operation
d148
d236
d244/
d27
d272/
d295/
d298
f142
f154/
f210
f288
n114/
n21/
n25/
n81
n38:4-bzizf4.7xvpqu3eybi
f142:5A 01 5A
Invalid operation
n38:4-bzizf4.7xvpqu3eybi
Invalid operation
d218:txt:21
Invalid operation
Invalid operation
d218:gnp faexyfvlxakvows h
Invalid operation
Invalid operation
d216
d218
d230
d243/
d256
d262
d27
d65/
d92
f246/
f247
f30/
f39/
n102
n117
d218:22
d92:21
d216
d218
d230
d243/
d256
d262
d27
d65/
d92
f206
f246/
f247
f30/
f39/
n102
n117
n9
/d280/d33/f202/n80/f150/d186/f0/f55/d159/f275/n23/d218
f263
Invalid operation
f263:6C
f263:6C
Invalid operation
f263:5A 13
Invalid operation
Invalid operation
Invalid operation
f167
n37/
f167
f167
f167:D6
f167:52 5F
f167
f182/
f167
f182/
Invalid operation
/d19
/d280/d33/f202/n80/f150/d186/f0/f55/d159/f275/n23/d243/d215
/d280/d33/f202/d215
Invalid operation
d215:svbxn-
d131
d215
f11/
f182/
n99/
d131
d215
f11/
f182/
n99/
Invalid operation
n99/
n99/
Invalid operation
f114:md:15
/d280/d33/f202/n80/f150/d186/f0/f55/d159/f275/n23/d218
Invalid operation
d92:7D C0
d216
d218
d230
d243/
d248
d256
d262
d27
d52/
d65/
d92
f206
f246/
f247
f30/
f39/
f51
n102
n117
Null
Invalid operation
Null
d218:gnp faexyfvlxakvows hx5iase8_sfhd00skp
d296
f147
f170
f251
f40/
n23/
n81
d296
f147
f170
f251
f40/
n23/
n81
Invalid operation
n81:xqn7bx3knce6 65_s2ewpx_ymgsd4831q9uc-x
n81:38
d296:8
d239:7
n81:xqn7bx3knce6 65_s2ewpx_ymgsd4831q9uc-x
d166
d239
d296
f170
f40/
n116/
n23/
n81
Invalid operation
Invalid operation
n81:txt:38
d166
d239
d296
f170
n116/
n23/
n81
d166
d239
d296
f170
n116/
n23/
n81
n97
d296:7E 5E
d296:A4 61 DD D2 7E
n81:xqn7bx3knce6 65_s2ewpx_ymgsd4831q9uc-x
d166
d239
d296
f170
f98
n116/
n23/
n81
n97
d218:gnp faexyfvlxakvows hx5iase8_sfhd00skp
/d280/d33/f202/n80/f150/d186/f0/f55/d159/f275/n23/f39/d298
f142:1B 8E AA 5A 01 5A 86 39 3D 98 F7 3E
Invalid operation
f142:39 3D 98 F7
Invalid operation
d236/
f142:4D 4E
Invalid operation
/d280/d33/f202/n80/f150/d186/f0/f55/d159/f275/n23/f39/n114/d233
f142:00 00 4D
f142:00
Invalid operation
f142:AA 5A 01 5A 86 39 7E 8F B3 DC 00 00
d236
d244/
d27
d272/
d298
f116
f124
f134
f142
f154/
f162/
f210
f263/
f288
f93
n100
n114/
n21/
n25/
n81
d298:0.55bl.pyr0b-rxsr4n
f142:C5 95 2D 4C 8E AA 5A 01 5A 86 39 7E 8F B3 9B EC 60 63 0E 55
f142:98 9E C5 95 2D 4C 8E AA 5A 01
Invalid operation
d244
f64/
Invalid operation
/d280/d33/f202/n80/f150/d186/f0/f55/d159/f275/n23/f39/f162/d244
Invalid operation
Invalid operation
f137/
Invalid operation
d129:dir:0
Invalid operation
d129/
f143
Invalid operation
Invalid operation
f137/
f137/
n52
Invalid operation
Invalid operation
f142:95 2D 4C 8E AA 5A 01 5A 86 39 C0 8F D5 D1 EC 60 63 2F 91 6F 52 EA 89
f137:dir:0
f137/
f209
n71
f137:dir:0
Invalid operation
Invalid operation
f137/
f209
f39
n71
f137/
f209
n71
f143:40 02 F2
d129/
d249
f143
f158
Invalid operation
Invalid operation
d129:dir:0
d129/
f143
n50
f143:10
n50:0
Null
n71:pf085v4gi200
Invalid operation
Invalid operation
Invalid operation
d188/
d299
d34
f137/
f209
n71
Invalid operation
Invalid operation
d236
d244/
d27
d272/
d298
f116
f124
f134
f142
f154/
f162/
f210
f263/
f288
f93
n100
n114/
n21/
n25/
n81
d298:0.55bl.pyr0b-rxsr4n
f142:EC 60 63 2F
Invalid operation
/d280/d33/f202/n80/f150/d186/f0/f55/d159/f275/n23/f39/d298
n25:dir:0
Invalid operation
d121
d141
d236
d244/
d27
d272/
d294
d298
f116
f124
f134
f142
f154/
f162/
f210
f255
f263/
f287/
f288
f93
n100
n114/
n116/
n21/
n25/
n65
n81
Invalid operation
Invalid operation
d257:3C
d244:xxd oxp-cluoy6ll5dfwst
d100
d157
d171
d182/
d244
d253
d257
d271/
f104
f229
f64/
n116/
n61
n66/
Invalid operation
d100
d157
d171
d18
d182/
d244
d253
d257
d271/
d35
f104
f229
f64/
n116/
n61
n66/
d100
d157
d171
d18
d182/
d244
d253
d257
d271/
d35
f104
f229
f64/
n116/
n61
n66/
d257:44
d100
d157
d171
d18
d182/
d244
d253
d257
d271/
d35
f104
f229
f64/
n116/
n61
n66/
Invalid operation
d218:gnp faexyfvlxakvows hx5iase8_sfhd00skp
d92:EB 1C B2 DF EF 7D C0
Null
d92:7D C0 F5 D8 A4 66 67 9D EE 16 E9 C2 74 01 2C 61
Invalid operation
Invalid operation
d218:gnp faexyfvlxakvows hx5iase8_sfhd00skp9.c9
d92:2B E3 98 2C 61 5B
/d280/d33/f202/n80/f150/d186/f0/f55/d159/f275/n23/d218
d218:gnp faexyfvlxakvows hx5iase8_sfhd00skp9.c9
Null
d110/
d119/
d148/
d198
d218
d230
d243/
d248
d262
d29
d52/
d84
d92
f240/
f246/
f247
f30/
f39/
n117
n38/
n6
n64/
d110/
d119/
d148/
d198
d218
d230
d243/
d248
d262
d29
d52/
d84
d92
f240/
f246/
f247
f30/
f39/
n117
n38/
n6
n64/
d110/
d119/
d148/
d198
d218
d230
d243/
d248
d262
d29
d52/
d84
d92
f240/
f246/
f247
f30/
f39/
n117
n38/
n6
n64/
d218:gnp faexyfvlxakvows hx5iase8_sfhd00skp9.c9d3ozy7xn0g35j1ak.e-.gq.focp_ancaauv54
d110/
d119/
d148/
d198
d218
d230
d243/
d248
d262
d29
d52/
d84
d92
f240/
f246/
f247
f30/
f39/
n116
n117
n38/
n6
n64/
Invalid operation
d218:txt:79
Null
d1
d110/
d119/
d130/
d148/
d178
d198
d218
d220/
d230
d243/
d248
d262
d270/
d29
d52/
d84
d92
f100/
f227/
f240/
f246/
f247
f30/
f39/
n116
n117
n38/
n47/
n6
n64/
Invalid operation
d218:gnp faexyfvlxakvows hx5iase8_sfhd00skp9.c9d3ozy7xn0g35j1ak.e-.gq.focp_ancaauv54
Invalid operation
/d280/d33/f202/n80/f150/d186/f0/f55/d159/f275/n23/d218
Invalid operation
d296:7E 5E 8C 62 AB AA DE 2D DF
d296:E3 A4 61 DD D2 7E 5E 8C 62 AB AA DE 2D DF
d296:D2 7E 5E 8C 62 AB AA
d118
d214
d49/
f129/
f275/
n83
n95
d118
d214
d49/
f129/
f275/
n83
n95
d118
d214
d49/
f129/
f275/
n83
n95
Invalid operation
d118
d214
d49/
f129/
f275/
n83
n95
Invalid operation
d159/
d170/
d185
d289
d8/
d95/
f159
f252
n113/
d8:dir:0
/d280/d33/f202/n80/f150/d186/f0/f55/d8/d235
f159:9C 70 00 47 B7 2A 42
f204:g5rp3ltx
f97
Invalid operation
f97:x
d0
f149/
f97
d0:16
f97:1
f97:x
f97:x
d0
f149/
f66
f97
Invalid operation
Null
Invalid operation
Invalid operation
n95:B5 74 EB A5 AE 00 A4 83 B1 9E DF 00 96 98 E6 6C
n95:98 E6 6C 41
Invalid operation
d24:dir:0
d6:27
f206:15
d24:dir:0
f206:80 CC
Null
d127
d24/
d38/
d45/
d72
f109/
f159
f168
f17/
f18
f206
f207/
f215
f261/
f50/
f97/
n32/
n38
n7
n86/
Invalid operation
d127
d24/
d38/
d45/
d72
f109/
f159
f168
f17/
f18
f206
f207/
f215
f261/
f50/
f97/
n32/
n38
n7
n86/
d127
d24/
d38/
d45/
d72
f109/
f159
f168
f17/
f18
f206
f207/
f215
f261/
f50/
f93
f97/
n32/
n38
n7
n86/
d127
d24/
d38/
d45/
d72
f109/
f159
f168
f17/
f18
f206
f207/
f215
f261/
f50/
f60
f93
f97/
n32/
n38
n7
n86/
d127
d24/
d38/
d45/
d72
f109/
f159
f168
f17/
f18
f206
f207/
f215
f261/
f50/
f60
f93
f97/
n32/
n38
n7
n86/
/d280/d33/f202/n80/f150/d186/f0/f55/d159/f129/n7
d240:0
d163/
d240
f122/
Invalid operation
Invalid operation
Invalid operation
d240:44 9B
Invalid operation
d13
d145
d163/
d240
f122/
n82
d145
d163/
d240
f122/
n82
Invalid operation
Invalid operation
Invalid operation
d145
d163/
d240
d276/
d63
f122/
n82
n82:12
d240:E9 D1 41 00
Invalid operation
d240:bin:4
d145
d163/
d240
d276/
d63
n82
Invalid operation
Invalid operation
Invalid operation
Invalid operation
d118
d214
d299
d49/
f129/
f137
f202/
f205
f275/
f30/
n82
n83
n95
d118
d214
d299
d49/
f129/
f137
f202/
f204
f205
f275/
f30/
n82
n83
d118
d214
d299
d49/
f129/
f137
f202/
f204
f205
f275/
f30/
n82
n83
Invalid operation
Invalid operation
Invalid operation
d159/
d170/
d289
d8/
d95/
f159
f252
d178/
d204/
d221
d234/
d249/
f137
f19
f195
f20/
f257
f27
f45
n102
n42/
n66/
n68/
Invalid operation
f257:a85yy5w-gjwaqrykkxz979pyw7m1xjg6-zsepm60z9cuvfxu-7oqp3t
f159:03 2A 5A 59 0F D3 90 D5 CA DE CC F1 91 C6 06
f159:CC F1 91 C6 06 C3 69 00 00 EA
f257:69
Invalid operation
d175
d189/
d241/
d73/
f0/
f136
f193
f258
f275
n112/
Invalid operation
d175
d189/
d241/
d246
d73/
f0/
f136
f193
f258
f275
n112/
Invalid operation
f50:ssfeu9.hma
f193:00
Null
d295
f293/
Invalid operation
d295:00 14 56 FD 27 F5 EB
Invalid operation
Invalid operation
Invalid operation
Invalid operation
Invalid operation
d274/
Invalid operation
d274/
d274/
f141
f62
d148
d274/
d70
f141
f62
f62:-.ka8kzfrrnhpk_g08wiy_etjkr
f62:-.ka8kzfrrnhpk_g08wiy_etjkr
d70:8C 29
Invalid operation
Invalid operation
d295
d74/
f26/
f279
f293/
n66
n69/
d295:56 FD F7
d295:bin:13
Invalid operation
/d280/d33/f202/n80/f150/d186/f0/f55/d95/d204/n112/d295
d295:62 74 EB C8 90 DB B7 E8 5B
d295
d39/
d74/
f26/
f279
f293/
n66
n69/
d295
d39/
d74/
f26/
f279
f293/
n66
n69/
Invalid operation
d295:C8 90 DB B7 E8 5B
Invalid operation
Invalid operation
d295:EB C8 90 DB B7
Invalid operation
Invalid operation
Invalid operation
d234:dir:0
d234:dir:0
f257:75
d178/
d19
d204/
d234/
d249/
d255/
d284/
f119/
f137
f146
f19
f20/
f229
f257
f27
f46
f66/
n102
n42/
n66/
n68/
Invalid operation
d234:dir:0
d178/
d19
d204/
d234/
d249/
d255/
d284/
f137
f146
f19
f20/
f229
f257
f27
f46
f66/
n102
n42/
n66/
n68/
f159:5A 59
d178/
d19
d204/
d234/
d249/
d255/
d284/
f137
f146
f19
f20/
f229
f257
f27
f46
f66/
f81
n102
n42/
n66/
n68/
n77/
d178/
d19
d204/
d234/
d249/
d255/
d284/
f137
f146
f19
f20/
f229
f257
f27
f46
f66/
f81
n102
n42/
n66/
n68/
n77/
f257:a85yy5w-gjwaqrykkxz979pyw7m1xjg6-zsepm60z9cuvfxu-7oqp3tx d77a2rfk24k2x
Null
d165
d178/
d19
d204/
d234/
d249/
d255/
d284/
f137
f146
f19
f20/
f229
f257
f27
f46
f66/
f81
n102
n42/
n66/
n68/
d165:00 00 86
/d280/d33/f202/n80/f150/d186/f0/f55/d95/f257
f16:34
f140:18
f159:A9
Invalid operation
Invalid operation
f140:18
n63:FE 56 16
n95:dir:0
n63:E4 01 CC AF 22 FE 56 16
Invalid operation
Null
Invalid operation
Invalid operation
n95:dir:0
n95:dir:0
n95:dir:0
f90/
n95/
n35:dir:0
Invalid operation
d264:md:0
d10
d264
f120
d264:md:0
d10
d264
f120
Invalid operation
d264:md:0
Invalid operation
f173:x7g
f173:x7g
d60:17
d60:17
f173:17
n82:0
Invalid operation
Null
f140:30ubp0.la5sjydzilk7hhbwj- _k1n7_ne21v.j03h jbr4m6fobc3fc h2q5l--wa1av
n63:CA A2 00
Invalid operation
/d280/d33/f202/n80/f150/d186/d78/f173
n63:00 BA 01 44 41 5B 91 59 29 D5 AC D9 27 D8
f292:dir:0
n63:BA 01 44 41 5B 91 59 29 D5 AC D9 27 D8 79 CA A2 00 55 9C 44 00
Invalid operation
d21:lwsz_tsyiu6nbujrah8g9e4j_.r_bp
Null
d21:46
n63:27
n88:17
d70:11
f271:9
n13:4
Invalid operation
Invalid operation
Invalid operation
/d280/d33/f202/n80/f150/d186/d21
d124/
d128/
d190
d21
d70
d73/
d78/
f0/
f119/
f183
f213/
f271
f64/
n13
n58/
n63
n78/
n88
Invalid operation
Invalid operation
Invalid operation
f159:30
f252:15
Invalid operation
d159/
d170/
d289
d8/
d95/
f159
f252
f283/
n97
Invalid operation
d221:r40fzpur64_bgg7u
d221
d9/
f271/
/d280/d33/f202/n80/f150/d186/f0/f55/d8/f46/d221
d221:txt:16
d221:r40fzpur64_bgg7ux
Invalid operation
d17:94 EF 21 E8 00 51
d17
d29
d62
f287/
f86
Invalid operation
d17:94 EF 21
d17
d29
d78
n27
Invalid operation
d221:r40fzpur64_bgg7uxwug
Null
d221:txt:27
Invalid operation
Invalid operation
Invalid operation
d17:B2 37 97 D7 A9
d158
d17
d78
f203
f266/
f91/
n27
Invalid operation
Invalid operation
d158
d17
d78
f195/
f203
f255
f266/
f91/
Invalid operation
d158
d17
d18
d78
f195/
f203
f255
f266/
d158
d17
d18
d78
f195/
f203
f255
f266/
Invalid operation
d158
d17
d18
d78
f195/
f203
f255
f266/
d17:18
d18:13
d78:3
d158:0
f203:0
f255:0
d158
d17
d18
d78
f195/
f203
f255
f266/
d17:bin:18
Invalid operation
Invalid operation
Invalid operation
d17:DC 94 EF 00
d20:afc.8xlp1q
Invalid operation
d20:afc.8xlp1q027ek.v8-9u4bt47h
/d280/d33/f202/n80/f150/d186/f0/f55/d8/f46/f271/d17
Invalid operation
/d280/d33/f202/n80/f150/d186/f0/f55/d8/f46/f271/d17
d167
d20
d253
d30
f25/
f87
n104
n71
n71:1E 72 AA 58
d167
d20
d253
d263
d30
f205/
f34
f87
n104
n71
Invalid operation
f86:bin:0
d0/
d236/
f86
Invalid operation
d0/
d236/
f86
d158
d17
d18
d225/
d239
d249
d286/
f195/
f203
f208
f230/
f266/
f43
f91/
n94/
Invalid operation
Null
Invalid operation
d158:txt:0
d155
d233
f203:00 03
Invalid operation
d186:E4 C1 2C
d155
d186
d233
f14
Invalid operation
d155
d186
d233
f14
Invalid operation
d155
d186
d233
f14
f17
d158:
d233:38
d155:0
f17:0
d155
d215/
d233
f17
d233:md:44
d155
d17/
d215/
d233
f136/
f17
Invalid operation
d155
d215/
d233
f136/
f17
f241
Invalid operation
Invalid operation
d155
d215/
d233
d58/
f136/
f17
d155
d215/
d233
d58/
f136/
f17
f84
f84
Null
f84:txt:1
f84:txt:1
f84:txt:1
Invalid operation
d141/
d8/
f106
f123/
/d280/d33/f202/n80/f150/d186/f0/f55/d8/f46/f271/f119/d215/f106
Invalid operation
f111:md:3
Invalid operation
f111
f175
f111
f175
Invalid operation
d176:dir:0
d176/
d101
d105/
d171/
f109/
n4/
n86
Invalid operation
d101
d105/
d15
d171/
f109/
n4/
n86
d101:CF 98
d101:F5
n86:5o5-w-z.c83p4.wem6v8la 4.2-aa  yiy1mm9uegxknh9.8rl
Invalid operation
n86:5o5-w-z.c83p4.wem6v8la 4.2-aa  yiy1mm9uegxknh9.8rl
d101:CF
d101:E0
d101:E0 2C E0
d101
d105/
d16
d171/
d243/
d95/
f109/
f33/
f6/
n4/
n43/
d101
d105/
d171/
d243/
d95/
f109/
f33/
f6/
n4/
n43/
d101:7
Invalid operation
Invalid operation
Invalid operation
Invalid operation
Invalid operation
Invalid operation
d101
d171/
d21/
d243/
d95/
f109/
f33/
f6/
f75/
n4/
n43/
Invalid operation
Invalid operation
Invalid operation
d101
d171/
d243/
d287
d95/
f109/
f150/
f33/
f6/
f75/
n4/
n43/
Invalid operation
Invalid operation
Invalid operation
Invalid operation
d101
d171/
d243/
d287
d46
d88/
f109/
f150/
f33/
f6/
f75/
n4/
n43/
d101
d171/
d243/
d287
d46
d88/
d98/
f109/
f150/
f33/
f6/
f75/
n4/
n43/
Invalid operation
Invalid operation
Invalid operation
d171:dir:0
d101:13
f275:5
Invalid operation
Invalid operation
Invalid operation
Invalid operation
d103
f66
f80
f90
f98/
n68
Invalid operation
d101
d171/
d243/
d287
d46
d88/
d98/
f109/
f150/
f233
f248/
f275
f33/
f6/
f75/
n4/
n42
n43/
Invalid operation
Invalid operation
d248:00 00 E7 30 B3 89 05
d171:dir:0
Invalid operation
n68:t9dl_4ojxx.cgt8nx1d6rj5quty
f80:md:0
d101:A3 F4 4F 49 CB 00 72 00 00 00 00
d98
f33/
Invalid operation
d171:dir:0
d101
d171/
d242/
d243/
d287
d46
d88/
d98/
f102
f109/
f150/
f233
f275
f33/
f6/
f75/
n4/
n42
n43/
/d280/d33/f202/n80/f150/d186/f0/f55/d8/f46/f271/f119/d215/d8/d176/n68
n68:27
d248:13
f26:10
f66:10
n55:8
d103:4
d267:0
f90:0
d103
d248
d267
f26
f66
f90
f98/
n55
n68
Invalid operation
d101
d171/
d24
d242/
d243/
d278
d287
d46
d88/
d98/
f102
f109/
f150/
f233
f275
f33/
f6/
f75/
n4/
n42
n43/
Invalid operation
Invalid operation
Invalid operation
d86:dir:0
d171:dir:0
Invalid operation
Null
d171:dir:0
d293:
d101
d171/
d24
d242/
d243/
d249
d278
d287
d46
d88/
d98/
f102
f109/
f150/
f233
f275
f33/
f6/
f75/
n4/
n42
n43/
d101
d171/
d24
d242/
d243/
d249
d278
d287
d46
d88/
d98/
f102
f109/
f136
f150/
f233
f275
f33/
f6/
f75/
n4/
n42
n43/
d101
d171/
d24
d242/
d243/
d249
d278
d287
d46
d88/
d98/
f102
f109/
f136
f150/
f233
f275
f33/
f6/
f75/
n4/
n42
n43/
Invalid operation
d101
d171/
d24
d242/
d243/
d249
d278
d287
d46
d88/
d98/
f102
f109/
f136
f150/
f233
f275
f33/
f6/
f75/
n4/
n42
n43/
d101
d171/
d24
d242/
d243/
d249
d278
d287
d46
d88/
d98/
f102
f109/
f136
f150/
f233
f275
f33/
f6/
f75/
n4/
n42
n43/
Invalid operation
Invalid operation
Invalid operation
d103
d248
d267
f226
f26
f66
f90
f98/
n55
n68
d103
d248
d267
f297/
f66
f90
f98/
n55
n68
Invalid operation
Invalid operation
d46:
Null
f17:82 0E 30
f44:0
f17:82 0E 30 00 00 50 62 D1 00 00
f44:izp 54_ri.ny .61
Invalid operation
f17:00
f96
d155
d215/
d233
d58/
f136/
f17
d155
d215/
d233
d58/
f136/
f17
f17:B2 A7 4A 82 0E 30 00 00 50 62 D1
Invalid operation
f17:1C 36 AC 0E 30 00 00
Invalid operation
Invalid operation
d233:md:45
d233:md:45
f17:0E 30 00 00 50 62 D1 00 00 00 00 00 A9 84 54
d233:-suapdi.whtpuk957ssorzwu7mvn  gp6j3lttu78y--xehd3se
f164/
f42
f17:50 62
d35
f164/
f7
f7:16
d35:4
Invalid operation
f7:16
d35:4
n108:0
/d280/d33/f202/n80/f150/d186/f0/f55/d8/f46/f271/f119/d58/f7
f17:A7 4A 82 0E 30 00 00 50 62 D1 00 00 00 00 00 A9 84 54
d35
f164/
f202/
f7
n108
Invalid operation
d35
f164/
f202/
f65/
f7
n108
f17:84 54 00
d35
f164/
f202/
f65/
f7
n108
Invalid operation
Null
Invalid operation
f164:dir:0
d264:97 1A
Invalid operation
f7:n6f6j2404v4ux7jtxji2zt
d264
d35
d50
f164/
f202/
f65/
f7
n108
f7:n6f6j2404v4ux7jtxji2zt
d10/
f173/
d10/
f173/
n77/
Invalid operation
Invalid operation
Invalid operation
Invalid operation
Invalid operation
d264
d35
d50
f164/
f202/
f65/
f7
n108
f7:n6f6j2404v4ux7jtxji2zt
d264
d35
d50
f164/
f202/
f65/
f7
n108
Invalid operation
Invalid operation
Invalid operation
Invalid operation
Invalid operation
Invalid operation
d13/
d264
d35
d50
f115/
f162/
f164/
f202/
f210
f65/
f7
n108
d120
d13/
d264
d35
d50
f115/
f162/
f164/
f202/
f210
f65/
f7
f86/
n105/
n108
Invalid operation
Null
d13/
d264
d35
d53/
f162/
f164/
f176/
f202/
f210
f65/
f7
f86/
n105/
n108
d133
d155
d205
d215/
d233
d47/
d58/
d89
f136/
f17
f24/
f283
n6
n73
Invalid operation
/d280/d33/f202/n80/f150/d186/f0/f55/d8/f46/f271/f119/d215/f123/f111
f111
f175
Invalid operation
d155
f111
f287/
Invalid operation
n110:95 05
Invalid operation
Invalid operation
d216/
/d280/d33/f202/n80/f150/d186/f0/f55/d8/f46/f271/f119/d215/f123/f287/n110
Invalid operation
d216/
Invalid operation
Invalid operation
d216/
Invalid operation
n110:8A
Invalid operation
d216/
d45/
d216/
d45/
Invalid operation
d216/
d45/
Invalid operation
Invalid operation
f54:nx8ocp_l0
Invalid operation
f54:txt:24
Invalid operation
n110:6C A0 1F A1 8A 87 81 00 00 00 00 00 F1 A3 73 E6 F7 44 89 56 DC
n110:1F A1 8A 87 81 00 00 00 00 00 F1 A3 73 E6 F7 44 89
Invalid operation
d141/
d171
d68/
f102
f135/
f158
f54
f56
n10
Invalid operation
d141/
d68/
f102
f135/
f158
f54
f56
n10
d141/
d68/
f102
f135/
f158
f54
f56
n10
Invalid operation
d141/
d237/
d63/
d68/
d88
f102
f135/
f158
f54
f56
n10
f54:nx8ocp_l0ql59xwlgzq1p93bx
Invalid operation
Null
f54:txt:25
d141/
d237/
d63/
d68/
d88
f102
f135/
f158
f54
f56
n10
f54:nx8ocp_l0ql59xwlgzq1p93bx
d194:FA E1 84 A6
f54:25
f54:nx8ocp_l0ql59xwlgzq1p93bx
d194
d237/
d63/
d68/
d88
f123/
f135/
f54
f56
n10
Invalid operation
Invalid operation
d194
d237/
d63/
d68/
d88
f123/
f135/
f145
f54
f56
n10
n89
Invalid operation
d194:00 00
d174/
d194
d237/
d63/
d68/
d88
f123/
f135/
f145
f54
f56
n10
n89
Invalid operation
d194
d237/
d293/
d63/
d68/
d88
f123/
f135/
f145
f54
f56
n10
n89
Invalid operation
Invalid operation
/d280/d33/f202/n80/f150/d186/f0/f55/d8/f46/f271/f119/d215/f123/f287/d134/f54
n10:8k-55hi2hsd
Invalid operation
d110
d111
d194
d2
d63/
d68/
d88
f123/
f135/
f145
f177
f56
n10
n89
d68:dir:0
Invalid operation
Invalid operation
Invalid operation
d107/
d110
d111
d194
d63/
d68/
d88
f123/
f135/
f145
f177
f241
f56
n10
n98
Null
Invalid operation
d107/
d110
d111
d194
d63/
d68/
d88
f123/
f135/
f145
f177
f241
f256
f56
n10
n98
d194:13 B0
f211:3B 7C F1 F1
Invalid operation
f111:md:4
d134/
n110
d134/
n110
n110:35
Invalid operation
Invalid operation
d134/
n106
n110
Invalid operation
Invalid operation
d134/
n106
n110
d134/
f9/
n106
n110
d134/
f158/
n106
n110
Invalid operation
f112:1B
f112:00
/d280/d33/f202/n80/f150/d186/f0/f55/d8/f46/f271/f119/d215/f123/f287/n110
d134/
f158/
n106
n110
Invalid operation
/d280/d33/f202/n80/f150/d186/f0/f55/d8/f46/f271/f119/d215/f123/f287/n110
n110:39 8E AA 1F A1 8A 87 81 5F 43 00 00 00 F1 A3 73 E6 F7 44 89 56 DC 5A
d134/
d98
f137
f158/
n106
n110
n47/
Invalid operation
Null
Invalid operation
d134/
d98
f137
f158/
n106
n110
n47/
Invalid operation
n110:A2 E2 8A
d134:dir:0
Invalid operation
d202
d108
d74/
f156
n100
Invalid operation
n106:9 tq293ff
Invalid operation
Invalid operation
Invalid operation
f51:00
Invalid operation
f51:00 00 0A
f51:58
d194:B0
Invalid operation
f51:0A 58
f51:58
f112:30 50 65 C8
d68:dir:0
d134/
d22/
d92/
d92:dir:0
Invalid operation
Invalid operation
d194:E1
d134:dir:0
Invalid operation
d107/
d110
d131/
d194
d63/
d68/
d88
f123/
f135/
f145
f177
f241
f256
f56
n10
Invalid operation
d194:68
Invalid operation
Invalid operation
Invalid operation
Invalid operation
n11:md:12
n11
Invalid operation
Invalid operation
d194:37 16 2F
f29:dir:0
Invalid operation
d2
f145/
f29/
d194:C9 16
Null
Invalid operation
d2
f145/
f29/
n60:00
Invalid operation
Invalid operation
Invalid operation
Invalid operation
Invalid operation
f141:E1
Invalid operation
Invalid operation
Invalid operation
Invalid operation
Invalid operation
Invalid operation
Invalid operation
Invalid operation
f141:16
Null
Null
/d280/d33/f202/n80/f150/d186/f0/f55/d8/f46/f271/f119/d215/f123/f287/d134/f56
d249:txt:15
Invalid operation
Invalid operation
/d280/d33/f202/n80/f150/d186/f0/f55/d8/f46/f271/f119/d215/f123/f287/d134/f56
d107/
d110
d131/
d186/
d188/
d194
d63/
d68/
d75/
d88
f123/
f135/
f145
f151/
f177
f193
f241
f256
f56
f62/
f63/
d10/
d134/
d251/
d98
f137
f40/
n104/
n106
n47/
n85/
Invalid operation
Invalid operation
d10/
d134/
d251/
d98
f137
f40/
n104/
n106
n47/
n85/
Invalid operation
f112:F3 17 F6 30 50 65 C8 49
Invalid operation
n106:9 tq293ffxxactxud2pkx
Invalid operation
Invalid operation
/d280/d33/f202/n80/f150/d186/f0/f55/d8/f46/f271/f119/d215/f123/f111
Invalid operation
f112:09 E8
d134/
d23
d251/
d279/
d98
f137
f293/
f40/
n104/
n111
n47/
n85/
Invalid operation
d134/
d23
d251/
d279/
d98
f137
f293/
f40/
n104/
n111
n47/
n85/
f112:35 6C 07
n46
n46:lq_a236u
d29
f91/
n46
n46:8
d29:5
d93
f266
f112:8F 9D A7 00 00 C7 0E 18 84
f266:rurzqh2f-1tvzgm
f266:rurzqh2f-1tvzgm
Invalid operation
Invalid operation
Invalid operation
f14:dir:0
Null
Invalid operation
Invalid operation
f266:rurzqh2f-1tvzgm405-jte688oa8
Invalid operation
f112:84 00 00 00 00 00 00
f112:90 8F 9D A7 00
f266:rurzqh2f-1tvzgm405-jte688oa8
f266:txt:28
f136
Invalid operation
Null
f107
Invalid operation
d131
d285/
d38
f152/
f205/
f236
f243
f266
f27/
f292
f66/
n106
/d280/d33/f202/n80/f150/d186/d21
Invalid operation
Invalid operation
Invalid operation
/d280/d33/f202/n80/f150/d186/f0/f55/d8/f46/f271/f119/d215/f123/f287/f293/f66/f158
Invalid operation
Invalid operation
Null
f158:EA 66 97 77 84 A7 5E 44
f112:00 70 23 15 32 7A 0C 63 B3 B1 A9 25 8F 16
d131
d285/
d38
f137/
f152/
f159
f205/
f236
f243
f266
f27/
f288/
f292
f66/
f78
n106
f266:rurzqh2f-1tvzgm405-jte688oa8j5axxf.d3szfg9k1y2-fmxpgs
Null
d134/
d23
d251/
d279/
d98
f137
f293/
f40/
n111
n47/
n85/
f112:29
d53:7
f111:4
d95:2
/d280/d33/f202/n80/f150/d186/f0/f55/d8/f46/f271/f119/d215/f123/f111
Invalid operation
d53:DD DA 50 33 06 B5
d256/
d53
f111
f287/
f53
f59/
n117/
d256/
d53
f111
f287/
f53
f59/
n117/
d256/
d53
f111
f287/
f53
f59/
n117/
d106/
d106:dir:0
d106/
Invalid operation
d106:dir:0
d106/
f49
d106/
f49
d106:dir:0
d106/
f49
f49
f49
Invalid operation
d125:md:17
d53:22
Invalid operation
f111: kwxxhtm5p7-h
/d280/d33/f202/n80/f150/d186/f0/f55/d8/f46/f271/f119/d215/f123/f111
f163/
Null
Null
f201
f201
d53:02 BF CC F5 D9 CF 65 7E BA C1
d157
d256/
d53
f111
f287/
f53
f59/
f63
n117/
Invalid operation
d157
d188
d256/
d53
f111
f287/
f53
f59/
f63
n117/
d157
d188
d24/
d256/
d53
f111
f119/
f287/
f53
f59/
f63
n117/
n90
d262/
d287/
d8/
f106
f123/
f211
Null
f106:52
d262/
d287/
d8/
f106
f123/
f127/
f211
Invalid operation
d8:dir:0
f106:52
f211:17
f75:14
f211:7E 00
d53:20
f280:15
f111:13
n90:13
Invalid operation
Invalid operation
Null
f201
f201
Invalid operation
Invalid operation
f111: kwxxhtm5p7-h
Invalid operation
f201
f201
f54
Invalid operation
d125
f64
n21
Invalid operation
Invalid operation
d53:CC F5 D9 CF 65 7E BA C1 C7 EB ED 63
d53:BF CC F5 D9
d53:76 5A AF
d125:31
n21:11
f64:5
f260:0
Invalid operation
Null
Invalid operation
f111:md:30
d117/
d146/
d157
d166
d188
d210/
d236/
d24/
d256/
d53
f111
f119/
f144/
f236/
f280
f287/
f53
f59/
f63
f78/
n117/
n60/
n90
d117/
d146/
d157
d166
d188
d210/
d236/
d24/
d256/
d53
f111
f119/
f144/
f236/
f280
f287/
f32
f53
f59/
f63
f78/
n117/
n60/
n90
/d280/d33/f202/n80/f150/d186/f0/f55/d8/f46/f271/f119/d215/f123/f111
d53:9F 38
Invalid operation
Invalid operation
f211:02 3B 7C F1 F1 BE 00 55
Invalid operation
f211:CE 32 A2 AA 46
f17:30 00 00 50 62 D1 00 00
f203:00
/d280/d33/f202/n80/f150/d186/f0/f55/d8/f46/f271/d158
d233:-suapdi.whtpuk957ssorzwu7mvn  gp6j3lttu78y--xehd3se
f17:0E 30 00 00 50 62 D1 00 00 00
f224:dir:0
f224:dir:0
f17:84 54 00 00 00 00 00
f224:dir:0
Invalid operation
d199
d57
d67
f18
f224/
f18:5F
f276/
f276:dir:0
Invalid operation
f276/
f18:DD 8C
f18:5F FA 02 8D DD
Invalid operation
d133
d155
d205
d215/
d233
d47/
d58/
d89
f17
f183
f24/
f283
n6
n73
d133
d155
d205
d215/
d233
d47/
d58/
d89
f17
f183
f24/
f283
n6
n73
Invalid operation
d133
d155
d205
d215/
d233
d47/
d58/
f17
f183
f24/
f283
n6
n73
Invalid operation
d158:xraiukkeji52ptp_h5cjw62eg2swqq
Invalid operation
Invalid operation
Invalid operation
Invalid operation
Invalid operation
Invalid operation
Invalid operation
Invalid operation
d264/
f281/
n70
n83/
n90
Invalid operation
f281/
n70
n83/
n90
f203:00 E0 4A 3B
n103:59 3C
f233
n36
n48/
d183/
d221
d9/
f176
f271/
f47
f9
Null
Invalid operation
Invalid operation
Invalid operation
Invalid operation
d8:dir:0
d8:dir:0
Invalid operation
Invalid operation
d159/
d170/
d289
d8/
d95/
f159
f252
f283/
n97
/d280/d33/f202/n80/f150/d186/f0/f55/f252
Invalid operation
n63:00
Invalid operation
n63:00
Invalid operation
Invalid operation
Null
Invalid operation
d110/
d59
f215/
f93
n69
n74/
Invalid operation
Invalid operation
d110/
d237/
d59
f215/
f93
n69
n74/
d110/
d237/
d59
f215/
f93
n69
n74/
Invalid operation
Invalid operation
d267:77
d108:md:5
d108:md:5
d108:4r1xx
Invalid operation
Invalid operation
d56
n4/
/d280/d33/f202/n80/f150/d186/f0/f232/f215/d256/d56
n94:14
f276:.u8hnr_6p4q56a
f276
n23/
f276
n23/
f276
d267:6C 61 18 00 00 00 1C C8 74 B4 57 35 21 1F C8 77 FD
f276
f276:.u8hnr_6p4q56ahm3u-x
Null
Invalid operation
d207
d55/
d56
f68/
n4/
n94
Null
n4:dir:0
d149/
d207
d55/
d56
f279/
f68/
n4/
n92/
n94
Invalid operation
d172
n4:dir:0
d149/
d187
d207
d56
f279/
f68/
n4/
n92/
n94
d56:45
d110/
d237/
d59
f215/
n69
n74/
d110/
d237/
d59
f215/
n69
n74/
d59:00
d237/
d59
f215/
n69
n74/
f140
f189
f210
f232/
f269/
f55/
f59/
Invalid operation
d110/
f140
f189
f210
f232/
f269/
f55/
f59/
f88/
Null
f159:14 EF
d289:wu-hej8k4fe
d159/
d170/
d179
d261
d289
d8/
d95/
f143
f159
f180/
f248
f25/
f252
f283/
f284
n9
n97
Invalid operation
d159/
d170/
d179
d261
d289
d8/
d95/
f143
f159
f180/
f248
f25/
f252
f283/
f284
n9
n97
f144:50 3B
Invalid operation
Invalid operation
f144:3B
Invalid operation
Invalid operation
f204
d214
f168
f204
f242/
Invalid operation
f204:g5rp3ltx
Invalid operation
f204:md:8
f204:md:21
f97:txt:1
d0:16
f97:6
f66:3
d30:0
f144:3B 00 00
d0
d30
f149/
f269/
f66
f97
Invalid operation
Invalid operation
d124/
d160/
d181/
d199/
d235
d51/
d85
d94/
f144
f3
f46/
n30/
n33/
d124/
d160/
d181/
d199/
d235
d51/
d85
d94/
f144
f3
f46/
n30/
n33/
d121
d124/
d160/
d181/
d199/
d235
d51/
d85
f144
f3
f46/
n30/
n33/
f144:5D
d67/
Invalid operation
Invalid operation
f208:FD
Invalid operation
d179
d212
d227
d38
d179
d212
d227
d38
Invalid operation
Invalid operation
d67/
d67:dir:0
Invalid operation
d67:dir:0
f144:DA 00 00 00 09 DA 8E 15 BC 8A
Invalid operation
d67/
Invalid operation
f144:E1 9C DA 00 00 00 C4 FB 4F DF A4 A6 74 00 00 00
f144:00 C4 FB 51 E0
f253:
Invalid operation
d176/
d195
d67/
f207
f253
n20/
Null
Invalid operation
f253:u1q530a7x
Invalid operation
Invalid operation
Invalid operation
Invalid operation
d120/
/d280/d33/f202/n80/f150/d186/f0/f55/d8/d160/f253
d176/
d195
d268/
d52/
d67/
f124
f215/
f253
d212
d212
f123
d212:00
Invalid operation
Invalid operation
d212
f134/
Null
Invalid operation
f253:u1q530a7xxqscmj7yp1
f253:u1q530a7xxqscmj7yp1
Invalid operation
f253:u1q530a7xxqscmj7yp1
f253:u1q530a7xxqscmj7yp1x7.x9-jwan73l
d67:dir:0
d176/
d195
d198
d268/
d4
d52/
d67/
f102/
f124
f173
f215/
f253
f82/
n73/
d176/
d195
d198
d268/
d4
d52/
d67/
f102/
f124
f173
f215/
f253
f82/
n73/
Invalid operation
d176/
d195
d198
d268/
d4
d52/
d67/
f102/
f124
f173
f215/
f253
f82/
f95
n73/
f173:1C A8 B4 D3 BD
d176/
d195
d198
d268/
d4
d52/
d67/
f102/
f124
f173
f215/
f253
f82/
f95
n73/
d155
d176/
d195
d198
d268/
d4
d52/
d67/
f102/
f124
f173
f215/
f248/
f82/
f95
n73/
Invalid operation
d195:qcyi3e-b_p3op7
d169/
f246
f274/
f173:14 D8
f173:14
Invalid operation
d142/
d169/
d32
f124
f203
f246
n59/
f124:16
f203:6
d32:3
f246:0
f124:16
f203:6
/d280/d33/f202/n80/f150/d186/f0/f55/d8/d160/d268/f124
/d280/d33/f202/n80/f150/d186/f0/f55/d8/d160/f124
Invalid operation
Invalid operation
d155
d176/
d195
d198
d268/
d4
d52/
d67/
f102/
f124
f173
f215/
f248/
f27
f95
n73/
f173:C5 2D 99
Invalid operation
f179:irv6rvh.ga_fuyex.dd01m9eu0rus79q6r1ctf8vt
Invalid operation
d15/
d73/
d213:md:15
Invalid operation
d213:md:15
d121
d130
d213
d59
f173:05 D2 8E 4F 97 16 34
d15/
d23
d73/
Invalid operation
Null
d195:qcyi3e-b_p3op7xx
d176/
d195
d198
d268/
d269
d4
d52/
d67/
f102/
f124
f173
f215/
f248/
f27
f95
n73/
Invalid operation
d67:dir:0
d195:qcyi3e-b_p3op7xx
d2:A9
Invalid operation
f173:37 B3 00 00 00 00 D2 10 DF
Invalid operation
/d280/d33/f202/n80/f150/d186/f0/f55/d8/d160/f248/d23
d73:dir:0
d15/
d165
d23
d73/
d23:l2w-aitmezx5r
d73:dir:0
Invalid operation
d15/
d165
d23
d73/
d15/
d165
d23
d42/
d73/
f165
d195:qcyi3e-b_p3op7xx
Invalid operation
Invalid operation
Invalid operation
/d280/d33/f202/n80/f150/d186/f0/f55/d8/d160/d176/d212
f142:2i1dowt2t
f142
Invalid operation
Invalid operation
d212:00 00 00 EB 32
d111/
f275
d111/
f275
f60/
Invalid operation
Invalid operation
Invalid operation
Invalid operation
f60:dir:0
f117:51
d244
d42
n88
Invalid operation
d130/
f117
f158
f224/
f60/
n104
n20
Invalid operation
d130/
f117
f158
f224/
f60/
n104
n20
f158:47 9E 8B BA
Null
Invalid operation
Invalid operation
d244
f117
f158
f224/
f60/
n104
n20
/d280/d33/f202/n80/f150/d186/f0/f55/d8/d160/d176/f134/f99/f117
/d280/d33/f202/n80/f150/d186/f0/f55/d8/d160/d176/f134/f99/f117
f117:51xx
f158:18
d244
f117
f158
f60/
n104
n20
n76/
d244
f117
f158
f60/
n104
n20
n76/
/d280/d33/f202/n80/f150/d186/f0/f55/d8/d160/d176/f134/f99/f117
d244
d76
f117
f158
f60/
n104
n20
n58
n76/
f117:51xxx
/d280/d33/f202/n80/f150/d186/f0/f55/d8/d160/d176/f134/f99/f117
f158:85 05 F8 F7 44
f60:dir:0
Invalid operation
f158:18 00 00
d111/
d274/
f142
f61
f99/
d244
d3/
d38
d76
f109/
f135/
f158
f60/
n20
n76/
d244
d3/
d38
d76
f109/
f135/
f158
f60/
n20
n76/
Invalid operation
Invalid operation
/d280/d33/f202/n80/f150/d186/f0/f55/d8/d160/d176/f134/f99/f158
/d280/d33/f202/n80/f150/d186/f0/f55/d8/d160/d176/f134/f99/f135/f45
d275
f45
/d280/d33/f202/n80/f150/d186/f0/f55/d8/d160/d176/f134/f99/f135/f45
f256:10
f246:8
d235:2
f45:1
Invalid operation
Invalid operation
Invalid operation
/d280/d33/f202/n80/f150/d186/f0/f55/d8/d160/d176/f134/f99/f135/f45
f93:CD F6 89 5D D3
d35:bin:4
d112/
f211/
f69/
f45:bvfaouq2
f93:CD D5 2B
d179
f175
d179
f175
f93:44 72 CB
Invalid operation
Invalid operation
f45:bvfaouq28 981 1r23pjncz
Invalid operation
f93:AC 40 D1 72 CB 00 00
f45:bvfaouq28 981 1r23pjncz
Invalid operation
f93:CD 6F AC 40 D1 72
Invalid operation
Invalid operation
d88/
f69/
d25:
d25
d88/
f204/
f69/
n2/
d25
d88/
f204/
f69/
n2/
Invalid operation
f152
n108/
f152
n108/
Invalid operation
Invalid operation
n108:dir:0
f152:46 4A E1 36
f15:0
Invalid operation
f15
f15
Invalid operation
/d280/d33/f202/n80/f150/d186/f0/f55/d8/d160/d176/f134/f99/f135/f44/f152
/d280/d33/f152
Invalid operation
n108:dir:0
Invalid operation
Invalid operation
d115/
d244
d38
d76
f109/
f129/
f135/
f158
f59
f60/
n20
n76/
/d280/d33/f202/n80/f150/d186/f0/f55/d8/d160/d176/f134/f99/f158
Invalid operation
Invalid operation
Invalid operation
/d280/d33/f202/n80/f150/d186/f0/f55/d8/d160/d176/f134/f99/f158
Invalid operation
Invalid operation
Invalid operation
Invalid operation
Invalid operation
d115/
d38
f135/
f155
f158
f244
f36/
f59
f60/
n20
n76/
n84/
Invalid operation
/d280/d33/f202/n80/f150/d186/f0/f55/d8/d160/d176/f134/f99/f158
Invalid operation
Invalid operation
d115/
d179/
d38
f135/
f155
f158
f244
f36/
f59
f60/
n20
n76/
Invalid operation
Invalid operation
d252/
d45
f221
d252/
d45
f221
f250
d45:09 D7 B5 8B
Invalid operation
d212:00 00 30 ED FC B3
d212:00 EB 00 00 00
Invalid operation
d212:39 31 FA 31 FA
/d280/d33/f202/n80/f150/d186/f0/f55/d8/d160/d176/f134/n68/f20
f20:7d4lwlq
f20:txt:7
f20:7d4lwlq
f157:00
Invalid operation
f20:7d4lwlq
f20:7d4lwlqiibivtwpet
f20:txt:20
Null
d201
d255
f125
f129
f157
f20
Invalid operation
f20:7d4lwlqiibivtwpetfwx
d154/
d201
d255
f125
f129
f20
Invalid operation
Invalid operation
Invalid operation
f20:31
d255:7
d155:3ftwd_-f
d155:3ftwd_-f
d155:20
d106:2
d131:0
Null
d106
d155
Invalid operation
d106:bin:2
Invalid operation
Invalid operation
n13:9
Invalid operation
Invalid operation
d106
d161
f130/
f53
n13
d106:bin:1
d212:31 FA
Null
Invalid operation
d199:.0bgmrrwr9qi eql55h 51tr31ptl_ubxsjqdanml.ony09_
Invalid operation
d111/
d199
d98/
f99/
n68/
Invalid operation
Invalid operation
d111/
d199
d289
d293
d98/
f99/
n68/
d103
d111/
d199
d289
d293
d98/
f99/
n68/
Invalid operation
d111:dir:0
Invalid operation
Invalid operation
Invalid operation
d212:00 00 EB 00 00 86 30 ED FC B3 39
d212:00 00 86 30 ED FC B3 39 31 FA 31
Invalid operation
Invalid operation
d109
d155
d176/
d195
d198
d21
d238/
d268/
d269
d4
d52/
d67/
f102/
f124
f173
f213
f215/
f248/
f27
f7/
f95
n41/
n73/
Invalid operation
d195:qcyi3e-b_p3op7xxx0e 1bco60_mu3_08h
d121
d124/
d160/
d181/
d199/
d222
d235
d51/
d85
f144
f3
f46/
n30/
n33/
d235:3wvn3 icthnqkt3 2 rx53 l1_rsbe50u.q2xh.t7x0tf_hx6 j38zbxxd_uq 6bg 454 ien
d235:3wvn3 icthnqkt3 2 rx53 l1_rsbe50u.q2xh.t7x0tf_hx6 j38zbxxd_uq 6bg 454 ien
d121
d124/
d160/
d181/
d199/
d222
d235
d51/
d85
f126/
f144
f3
f46/
n30/
n33/
Invalid operation
d159/
d170/
d179
d261
d289
d8/
d95/
f143
f159
f180/
f248
f25/
f252
f283/
f284
n9
n97
/d280/d33/f202/n80/f150/d186/f0/f55/d289
d8:dir:0
Null
d289:wu-hej8k4fe
f4:txt:15
Invalid operation
d8:dir:0
d165
d178/
d19
d204/
d215
d234/
d249/
d255/
d272
d284/
d85
f19
f20/
f229
f257
f27
f278
f46
f48/
f66/
f81
f85/
n102
n42/
n66/
n68/
Invalid operation
d165:D5
d165:8C 17 D5 00 00 86 00 00 00 00 9B 0E 92 3C DC 74 C7
Invalid operation
Invalid operation
d165
d178/
d19
d204/
d215
d234/
d249/
d255/
d272
d284/
d85
f142/
f19
f20/
f27
f278
f46
f48/
f5
f66/
f81
f85/
n102
n40/
n42/
n66/
n68/
f19:5y3c_.t_w
Invalid operation
f19:5y3c_.t_wx
d165:6B
d234:dir:0
d233: vffa2kg9gfgovwca6hders
d233:23
f179:6
d287:5
n38:3
f247:0
d233
d234/
d287
f107
f179
f247
n38
Invalid operation
d174
f151
f18
f236/
f272
Null
Invalid operation
/d280/d33/f202/n80/f150/d186/f0/f55/d95/d255/d234/f18
Invalid operation
d174
d203
d226
d49/
f151
f236/
f272
f275
n62/
d174
d203
d226
d49/
f151
f236/
f272
f275
n62/
d174
d203
d226
d49/
f151
f236/
f272
f275
n62/
Invalid operation
Invalid operation
Invalid operation
Invalid operation
Invalid operation
Invalid operation
f134
f28/
f134
f28/
f134
f28/
f134:10
d97:7
Invalid operation
d147/
d209
d97
f134
f266
f28/
d147/
d209
d72
d97
f134
f266
f28/
n35/
d97:B2
d97:20
f134:19
d72:10
/d280/d33/f202/n80/f150/d186/f0/f55/d95/d255/d234/d153/f134
d97:DD A8 9B 56 FA 00 FC A0
Invalid operation
Invalid operation
f134:o_m m9 ei_t5zsonv5r
d97:A0 A6 00
d69:m0_kjp7tq29x
f152:dir:0
d69
f152/
n33
n4/
Invalid operation
d124/
d88
f69
d124/
d88
f69
f69:6q4- 9tyii3y9ye2al6-2 m0n5f5
Invalid operation
Invalid operation
n0:dir:0
Invalid operation
f152:dir:0
f266/
f266:dir:0
d16/
d219
d50/
d69
f121
f152/
n33
n4/
f266/
f27
f266/
f27
Invalid operation
f266/
f27
Invalid operation
d16/
d50/
d6
d69
f121
f152/
n33
n4/
n45/
n0:dir:0
Invalid operation
Invalid operation
d16/
d50/
d6
d69
d73/
f121
f152/
f185/
n33
n4/
Invalid operation
Invalid operation
/d280/d33/f202/n80/f150/d186/f0/f55/d95/d255/d234/d153/d72
f137:wpaj-._3qbfh.t
d274
d81
d84
f137
f79/
f93/
n0/
Null
f137:wpaj-._3qbfh.t38o zlmh m
d81
d84
f79/
f93/
n0/
Invalid operation
Invalid operation
Invalid operation
d81:16
d266:8
d84:0
Invalid operation
n0:dir:0
Invalid operation
Invalid operation
d266
d81
d84
f93/
n0/
d81:B2
Invalid operation
Invalid operation
/d280/d33/d77
/d280/d33/f202/n80/f150/d186/f0/f55/d95/d255/d234/d153/f134
/d280/d33/f202/n80/f150/d186/f0/f55/d95/d255/d234/d153/n35/d81
d52:C5 B4 43 E3
d52:39
d146/
d266
d52
f132/
f141/
f93/
n0/
d146/
d266
d52
f132/
f141/
f93/
n0/
Invalid operation
Invalid operation
Invalid operation
Invalid operation
f236:dir:0
Invalid operation
Null
Invalid operation
Invalid operation
d114
d153/
d174
d203
d249/
d49/
f109/
f151
f212/
f236/
f272
f275
n45
n62/
Null
f275/
n118/
Invalid operation
Invalid operation
Invalid operation
Invalid operation
Invalid operation
Invalid operation
Invalid operation
d165
d178/
d19
d204/
d215
d234/
d249/
d255/
d272
d284/
d85
f142/
f19
f20/
f27
f278
f46
f48/
f66/
f81
f85/
n102
n42/
n66/
d165
d178/
d19
d204/
d215
d234/
d249/
d255/
d272
d284/
d85
f142/
f19
f20/
f27
f278
f46
f48/
f49/
f66/
f81
f85/
n102
n42/
n66/
Invalid operation
d159/
d170/
d179
d261
d289
d38/
d8/
d95/
f143
f159
f16/
f180/
f199
f226/
f242
f248
f25/
f252
f284
f56
n9
n97
f159:C8 CA 67 A2 00 6B BC 2D 2F E1 68 00 00
d159/
d170/
d179
d261
d289
d38/
d8/
d95/
f143
f159
f16/
f180/
f199
f242
f248
f25/
f252
f284
f56
n9
n97
d8:dir:0
d159/
d170/
d179
d261
d289
d38/
d8/
d95/
f143
f159
f16/
f180/
f199
f242
f248
f25/
f252
f284
f56
f83
n9
n97
d159/
d170/
d179
d261
d289
d38/
d8/
d95/
f143
f159
f16/
f180/
f199
f242
f248
f25/
f252
f284
f56
f65/
f83
n9
n97
d261:00 00
d261:86 04 C0 7D 00
d110/
d159/
d170/
d179
d261
d289
d38/
d8/
d95/
f143
f16/
f180/
f199
f242
f248
f25/
f252
f284
f56
f65/
f83
n9
n97
d110/
d159/
d170/
d179
d261
d289
d38/
d8/
d95/
f143
f16/
f180/
f199
f242
f248
f25/
f252
f284
f56
f65/
f83
n9
n97
Invalid operation
Invalid operation
d261:40 B2 55 DF
/d280/d33/f202/n80/f150/d186/f0/f55/d289
d289:wu-hej8k4femryg.x4qui9a-hymogf8x_6xs5a 23434
Invalid operation
d289:wu-hej8k4femryg.x4qui9a-hymogf8x_6xs5a 23434
Null
Invalid operation
d8:dir:0
d261:4D 6F 00 00 00
d289:wu-hej8k4femryg.x4qui9a-hymogf8x_6xs5a 23434
d289:wu-hej8k4femryg.x4qui9a-hymogf8x_6xs5a 23434
d289:44
f252:41
d261:24
f56:15
/d280/d33/f202/n80/f150/d186/f0/f55/d8/d235
f144:93 A6 0A
d235:82
f144:41
d121:15
d181:dir:0
Null
f144:18 52 ED 5B 54 E1 3C D2 6D 96 DB A4 A6 74 00 00 00 B3 6E C6 27 8E 00 00 00
d121
d124/
d133
d160/
d181/
d199/
d235
d51/
d85
f126/
f144
f3
f46/
n30/
n33/
Null
d181:dir:0
Invalid operation
Invalid operation
d121
d124/
d133
d160/
d181/
d199/
d235
d51/
d85
f126/
f158/
f3
f46/
n30/
n33/
d121
d124/
d133
d160/
d181/
d199/
d235
d51/
d85
f126/
f158/
f3
f46/
n30/
n33/
n95
Invalid operation
Invalid operation
Invalid operation
f197
f89/
f197
f89/
f89:dir:0
d181:dir:0
f47:00
d183/
d221
d9/
f176
f271/
f33/
f47
f66
f9
d183/
d221
d9/
f176
f271/
f33/
f47
f66
f9
f233
n36
n48/
Invalid operation
d148
d196
d22/
f110
f16
f160
f233
f80/
n36
n49/
Invalid operation
f160:00 00 00
/d280/d33/f202/n80/f150/d186/f0/f55/d8/f46/d183/n36
f47:C8 A6
f160:00
f110:7
f16:5
n98:4
d148:3
Invalid operation
d148
d192/
d196
d22/
d80/
f110
f16
f160
f233
f241/
n36
n49/
n98
d234
d152
d234
d234:4
d152:0
/d280/d33/f202/n80/f150/d186/f0/f55/d8/f46/d183/d80/d234
d152
d234
f72/
/d280/d33/f202/n80/f150/d186/f0/f55/d8/f46/d183/d80/d234
Invalid operation
d148
d192/
d196
d22/
d80/
f110
f16
f160
f233
f241/
n36
n49/
n98
Invalid operation
f47:F7 92 BF C8 A6 30
d133:97 00 00 00 3B EC 00 00
d260
f73
n95/
Invalid operation
Null
d260
d8
f73
n95/
d8:98 BC
d8:98 BC 00 00
d8:00
/d280/d33/f202/n80/f150/d186/f0/f55/d8/d181/f73
n20/
n35
n20/
n35
d280/
n20/
n35
Invalid operation
Invalid operation
f33
n54/
Invalid operation
Invalid operation
d280/
n20/
n35
Invalid operation
f73:24
d8:11
d260:0
d260
d8
f189/
f73
n95/
f73:24
d260
d8
f73
n95/
d8:00
Null
Invalid operation
Invalid operation
d296/
n110/
Invalid operation
/d280/d33/f202/n80/f150/d186/f0/f55/d8/d181/f73
Invalid operation
Invalid operation
Invalid operation
f73:-z20d48i891h4352_6912v7yx
d205:4u8oot
n110/
n110/
Invalid operation
Invalid operation
Invalid operation
d189/
Invalid operation
/d280/d33/f202/n80/f150/d186/f0/f55/d8/d181/d113/d178
d51/
f11/
Invalid operation
Invalid operation
d138/
d51/
f11/
d138/
d51/
f11/
f159
f40
d138/
d51/
f11/
f159
f40
f62
Invalid operation
Invalid operation
Invalid operation
Null
f40:6F
d138/
f11/
f159
f23/
f40
f79
f40:6F FC 00 00 87 11 A5 83
Invalid operation
Invalid operation
Invalid operation
d91:md:0
f40:7E 1F
d209/
d91
d91:
/d280/d33/f202/n80/f150/d186/f0/f55/d8/d181/d113/f290/d189/f40
d14/
d91
f212/
d14/
d91
f212/
d91:
f40:1F
Invalid operation
d234/
d62/
d234/
d62/
Invalid operation
Invalid operation
f155:00 E6
f155:00
d62/
f155
f183
f185
d62:dir:0
d62/
f155
f183
f185
f41
f83/
/d280/d33/f202/n80/f150/d186/f0/f55/d8/d181/d113/f290/d189/f23/d14/f155
Invalid operation
f279/
/d280/d33/f202/n80/f150/d186/f0/f55/d8/d181/d113/f290/d189/f23/d14/f83/f139
d113
d140
f139
f279/
d113
d140
f139
f279/
Invalid operation
f139:51 39 1F
d140
f139
f279/
d140
f139
f279/
d140
f139
f273
f279/
f279:dir:0
d14/
d91
f212/
/d280/d33/f202/n80/f150/d186/f0/f55/d8/d181/d113/f290/d189/f23/d91
Invalid operation
Invalid operation
d91:.o8f1z0tkxjx
Invalid operation
d234/
d62/
f155
f183
f185
f221
f41
f83/
Invalid operation
Invalid operation
d135
d72
f139
f211/
f279/
f279:dir:0
Invalid operation
Invalid operation
d151
d72
f139
f211/
f279/
n82/
Invalid operation
/d280/d33/f202/n80/f150/d186/f0/f55/d8/d181/d113/f290/d189/f23/d14/f83/f139
Invalid operation
d62/
f155
f183
f185
f41
f83/
d215/
d62/
f155
f183
f185
f83/
Invalid operation
Invalid operation
Invalid operation
Invalid operation
Invalid operation
Invalid operation
Invalid operation
d138/
f11/
f159
f23/
f40
f79
Invalid operation
Invalid operation
Invalid operation
f11:dir:0
Invalid operation
d138/
d87/
f11/
f159
f23/
f40
f79
/d280/d33/f202/n80/f150/d186/f0/f55/d8/d181/d113/f290/d189/f40
/d280/d33/f202/n80/f150/d186/f0/f55/d8/d181/d113/f290/d189/f40
Invalid operation
f11:dir:0
d138/
d287/
d87/
f11/
f226/
f23/
f57
f79
f95
d138/
d287/
d87/
f11/
f226/
f23/
f79
f95
d138/
d287/
d87/
f11/
f226/
f23/
f79
f95
Invalid operation
/d280/d33/f202/n80/f150/d186/f0/f55/d8/d181/d113/f290/d189/f79
/d280/d33/f202/f79
d68:txt:7
d68
d97/
d68:txt:8
Invalid operation
d138/
d188
d287/
d87/
f11/
f226/
f23/
f95
Invalid operation
Invalid operation
d1
d138/
d174
d188
d231
d285/
d287/
d61
d63/
d83
d87/
f11/
f159
f226/
f23/
f289
f62/
f95
/d280/d33/f202/n80/f150/d186/f0/f55/d8/d235
d1:56 1F 32 00 00 37 EE 52 D1 3C
/d280/d33/f202/n80/f150/d186/f0/f55/d8/d181/d113/f290/d189/f95
f95:_5n_.qbkhmx4c4kzn29xszwx
Invalid operation
d32/
n6/
d32/
n6/
Invalid operation
Invalid operation
Invalid operation
d107/
d32/
f37
n6/
/d280/d33/f202/n80/f150/d186/f0/f55/d8/d181/d113/f290/d189/d63/f37
d1
d138/
d174
d188
d231
d254/
d287/
d61
d63/
d83
d87/
f11/
f159
f226/
f23/
f289
f62/
f95
/d280/d33/f202/n80/f150/d186/f0/f55/d8/d181/d113/f290/d189/f95
d1
d138/
d174
d188
d231
d254/
d287/
d61
d63/
d83
d87/
f11/
f159
f226/
f23/
f289
f62/
f95
f11:dir:0
d1
d138/
d174
d188
d231
d254/
d287/
d61
d63/
d83
d87/
f11/
f159
f226/
f23/
f289
f62/
f95
f11:dir:0
d1
d138/
d174
d188
d231
d254/
d287/
d61
d63/
d83
d87/
f11/
f159
f178
f226/
f23/
f289
f62/
f95
d1
d138/
d174
d188
d231
d254/
d287/
d61
d63/
d83
d87/
f11/
f159
f178
f226/
f23/
f289
f62/
f95
d1:82 A7 00
d1
d138/
d174
d188
d231
d254/
d287/
d61
d63/
d83
d87/
f11/
f159
f178
f226/
f23/
f289
f62/
f95
Invalid operation
f11:dir:0
Invalid operation
d1:00 37 EE 52 D1 3C 17 29 33 FA 9C A4 33 3E 00 AB 57 89 35 82 A7 00 73 65 1D
d1
d138/
d174
d188
d231
d240
d254/
d287/
d296
d61
d63/
d83
d87/
f11/
f157
f159
f178
f226/
f23/
f289
f62/
f95
n48
/d280/d33/f202/n80/f150/d186/f0/f55/d8/d181/d113/f290/d189/f95
f95:_5n_.qbkhmx4c4kzn29xszwxdsqxv7980qfxtxayb7z4enlo4hsswde46ni_j.
f95:_5n_.qbkhmx4c4kzn29xszwxdsqxv7980qfxtxayb7z4enlo4
d178:0B CD C0 5D D4 75 D6 F3 D8 F4 B5 65
Invalid operation
d189/
d189:dir:0
Invalid operation
Invalid operation
/d280/d33/f202/n80/f150/d186/f0/f55/d8/d181/d113/d178
d189/
n9/
d178:00
n103:
d140:10
Invalid operation
Invalid operation
d178:CD C0 5D D4 75 D6 F3 D8 F4 74 A3
d125/
d140
d189/
n103
n11
n9/
Invalid operation
Invalid operation
Invalid operation
Invalid operation
d104
d125/
d140
d189/
d224
f183
f237/
n103
n11
n9/
n90/
Invalid operation
Invalid operation
d104:A2
Null
d110:-
d104
d125/
d140
d189/
d224
f183
f237/
f76
n103
n11
n113
n9/
n90/
Invalid operation
d104:6D 58
Invalid operation
f76:7B
Invalid operation
f109:4
Invalid operation
d77/
f109
f90/
Invalid operation
d77/
f109
f275/
f90/
d118:7
Invalid operation
d140:38
f290:17
d224:12
n103:8
Invalid operation
Invalid operation
d77/
f109
f275/
f90/
Invalid operation
d85:14
f109:9
Invalid operation
f109:E8
Invalid operation
f109:53
Invalid operation
Invalid operation
f109:E8
Invalid operation
/d280/d33/f202/n80/f150/d186/f0/f55/d8/d181/d113/f290/n9/f109
f15:dir:0
Invalid operation
f3:82
f3:bin:17
Null
/d280/d33/f202/n80/f150/d186/f0/f55/d8/d181/d113/f290/n9/f275/f214/f3
/d280/d33/f202/n80/f150/d186/f0/f55/d8/f3
Invalid operation
f3:17
Invalid operation
Invalid operation
Invalid operation
Invalid operation
Invalid operation
f173
f224
f239
f278/
f3
Invalid operation
f3:bin:14
Invalid operation
f3:BD BE AA 74
f3:5F 2D 27 A9
f173:md:0
d157/
d186
f173
f224
f239
f278/
f173:
f239:42
f173:
Invalid operation
Invalid operation
Invalid operation
d157/
d186
f224
f239
f278/
f50/
n61
f239:53
Invalid operation
d94/
f134
f237
f265/
f271
d94/
f237
f265/
f271
f44
Null
f55
n53/
Invalid operation
Invalid operation
n53:dir:0
f55:dld
f225:25 A6 BD C5 73 79 FB C6 8A 8D
f225:8A
Invalid operation
Invalid operation
Invalid operation
/d280/d33/f202/n80/f150/d186/f0/f55/d8/d181/d113/f290/n9/f275/f214/f278/f271
/d280/d33/f202/n80/f150/d186/f271
d122/
d94/
f134
f183
f201
f230
f237
f265/
f271
f44
d143
d157/
d186
f224
f239
f278/
n61
n66/
Invalid operation
Invalid operation
Invalid operation
Invalid operation
Invalid operation
Invalid operation
Invalid operation
Invalid operation
Invalid operation
Invalid operation
f239:A7 0C 4D
f239:42 0D 4B
Invalid operation
d143
d186
d89/
f224
f239
f278/
n66/
d143
d186
d89/
f224
f239
f278/
n61
n66/
d143
d186
d89/
f224
f239
f278/
n61
n66/
Invalid operation
Invalid operation
Invalid operation
Invalid operation
Invalid operation
d37:28
d188:t0yfmb2m8x5vxx9
Invalid operation
Invalid operation
d143
d186
d294/
d89/
f180/
f224
f239
f260
f278/
n61
n66/
d188:md:15
d68
d85
f109
f275/
f90/
f109:bin:19
d68
d85
f109
f275/
f90/
d68
d85
f109
f275/
f90/
/d280/d33/f202/n80/f150/d186/f0/f55/d8/d181/d113/f290/n9/d85
/d280/d33/f202/n80/f150/d186/f0/f55/d8/d85
d68
d85
f109
f275/
f90/
Invalid operation
Invalid operation
d125/
d140
d189/
d224
f163
f183
f237/
f290
f73
f76
n103
n11
n9/
d144:0E 00 00
d144:bin:7
Invalid operation
Invalid operation
f141
Invalid operation
Invalid operation
Invalid operation
Invalid operation
d151:ib1b0ut
f22:6F C8 0D 1D BB B7 36 00
d151
Null
Invalid operation
d151
d170
f231
d170:F4
Invalid operation
Null
d151:txt:33
d151
d170
d34/
f116
f137/
f185
f204/
f231
n111
n119/
n76
d151
d170
d34/
f116
f137/
f185
f204/
f231
n111
n119/
n76
Invalid operation
d151:ib1b0ut_0rr4bg2_s2ej5vcu6fbcvjrex
Invalid operation
d170:FD 35
Invalid operation
d151
d170
d34/
f137/
f185
f204/
f231
n111
n119/
n76
d151
d170
d34/
f116
f137/
f185
f204/
f231
n111
n119/
n76
d151:33
f185:11
d170:10
f231:8
n111:7
n76:6
f116:3
d49:dir:0
d49/
f22
n101/
f22:00
Invalid operation
Invalid operation
Invalid operation
d49/
f22
Invalid operation
Invalid operation
Invalid operation
Invalid operation
d21
d49/
f22
d152/
d49/
f22
f284
/d280/d33/f202/n80/f150/d186/f0/f55/d8/d181/d113/f290/f237/f229/f22
Invalid operation
Invalid operation
d152/
d21
d4/
d49/
f22
f284
n9
Invalid operation
Invalid operation
f22:A4
Invalid operation
Invalid operation
Invalid operation
Null
Invalid operation
Invalid operation
f284:EC
/d280/d33/f202/n80/f150/d186/f0/f55/d8/d181/d113/f290/f237/f229/d4/f285
d129:dtfzyr0k
d129
Invalid operation
d276/
f285
f76
Invalid operation
Null
d276:dir:0
Invalid operation
Invalid operation
Invalid operation
f285:16
d191:13
f76:8
d262:0
Invalid operation
d178
d191
d220
d262
d276/
d95/
f263
f285
f76
f263:E7 87
Invalid operation
d178
d191
d220
d262
d276/
d95/
f246
f263
f285
f76
Invalid operation
Null
Invalid operation
d152/
d21
d4/
d49/
f241
f250/
f257/
f279
f284
f30
n14/
n9
f284:23
d49:dir:0
d152/
d21
d4/
d49/
f241
f250/
f257/
f279
f284
n14/
n64/
n9
f284:6D 1D
Invalid operation
f284:31
Null
d144:00
Invalid operation
d144:bin:8
Invalid operation
d152/
d21
d4/
d49/
f241
f250/
f257/
f279
f284
f31
f90
n113/
n14/
n64/
n9
f284:24 43 02 64 6A 1E F6 A4 81 AF 00 00 8A
f284:31
f90:17
f241:15
d29:14
n9:7
d21:6
d151:ib1b0ut_0rr4bg2_s2ej5vcu6fbcvjrextrvpuxcpt74ik5b
Invalid operation
d65
Invalid operation
d151:txt:50
d151
d296/
d34/
f116
f137/
f194/
f204/
f231
n111
n119/
n76
d151
d296/
d34/
d92
f116
f129/
f137/
f194/
f204/
f231
n111
n119/
n76
Invalid operation
Invalid operation
f116:53
d151:60
f231:8
n111:7
n76:6
d151
d296/
d34/
f116
f137/
f194/
f204/
f231
f255/
n111
n119/
n76
d151:ib1b0ut_0rr4bg2_s2ej5vcu6fbcvjrextrvpuxcpt74ik5bzdylm3y0ms5x
Null
Invalid operation
Invalid operation
d151
d296/
f116
f137/
f161/
f194/
f204/
f231
f255/
n111
n119/
n76
d126/
d151
d296/
f116
f137/
f161/
f194/
f204/
f231
f255/
n111
n119/
n76
Invalid operation
Invalid operation
d151:ib1b0ut_0rr4bg2_s2ej5vcu6fbcvjrextrvpuxcpt74ik5bzdylm3y0ms5xm5bz7flna44
f116:B0 9A
f116:AB DB
Invalid operation
f116:00 00 00
f116:00 AB DB B0 9A 00 00
Invalid operation
/d280/d33/f202/n80/f150/d186/f0/f55/d8/d181/d113/f290/f237/f229/d49/f255/d243
d11
d120
d126/
d140/
d151
d160
d184
f116
f161/
f194/
f204/
f211
f231
f255/
n111
n119/
n76
d11
d120
d126/
d140/
d151
d160
d184
f116
f161/
f194/
f204/
f211
f231
f255/
n111
n119/
n76
d11
d120
d126/
d139/
d140/
d151
d160
d184
f116
f161/
f194/
f204/
f211
f231
f255/
n111
n119/
n76
d152/
d29
d4/
d49/
d55/
f241
f250/
f257/
f277/
f279
f284
f31
f90
n113/
n14/
n64/
n9
Invalid operation
d152/
d21
d29
d4/
d49/
d55/
f241
f250/
f257/
f277/
f279
f284
f31
f90
n113/
n14/
n64/
n74/
n9
d144:00 C0 00
d144
d216/
d236/
d49
f140
f229/
f296
f4
f70
f85
n110
/d280/d33/f202/n80/f150/d186/f0/f55/d8/d181/d113/f290/f237/d144
d90:txt:1
d152/
d21
d29
d4/
d49/
d55/
f241
f250/
f257/
f277/
f279
f284
f31
f90
n113/
n14/
n64/
n9
d144:bin:10
d144:58
Invalid operation
f76:7B
/d280/d33/f202/n80/f150/d186/f0/f55/d8/d181/d113/f290/d140
Invalid operation
Null
d125/
d140
d189/
d224
d278/
d286/
f163
f183
f237/
f290
f73
f76
n101
n103
n108
n11
n9/
f76:6D 5F
d189:dir:0
d125/
d140
d189/
d224
d278/
d286/
d89/
f113
f163
f183
f237/
f290
f73
f76
n101
n103
n108
n11
n9/
d125/
d140
d189/
d224
d278/
d286/
d89/
f113
f163
f183
f237/
f290
f73
f76
n101
n103
n108
n11
n9/
Invalid operation
Invalid operation
/d280/d33/f202/n80/f150/d186/f0/f55/d8/d181/d113/f290/d140
f76:7B A4
d125/
d140
d189/
d224
d278/
d286/
d89/
f113
f163
f196
f237/
f290
f73
f76
n101
n103
n108
n11
n9/
/d280/d33/f202/n80/f150/d186/f0/f55/d8/d181/d113/f290/d189/f95
Invalid operation
d140:usj1sa.1 vqycbeicew8ryvpf.xx2yc7c08i3n_qnflx
/d280/d33/f202/n80/f150/d186/f0/f55/d8/d181/d113/d178
d178:42 C3 00 00 00 37 4E 0B CD C0 5D D4 75 D6 F3 D8 F4 74 A3 B6 26 D7 31 12 9D 93
d142
d172
d178
f290/
f57
n110/
d142
d158/
d172
f147/
f290/
f57
n110/
d142
d172
f147/
f290/
f57
n110/
Invalid operation
Invalid operation
f57:32 56
f57:12 51 8B
/d280/d33/f202/n80/f150/d186/f0/f55/d8/d181/d113/f147/d228
d228:e_xj7_c3n
Invalid operation
d75:dir:0
d142:gf9tl
f57:00 39 56 09
/d280/d33/f202/n80/f150/d186/f0/f55/d8/d181/d113/f147/d175
f57:09
n110:dir:0
d165:6
Null
d142
d172
d222
f147/
f196/
f290/
f57
f94
n110/
n12
n51
d110:-
Null
/d280/d33/f202/n80/f150/d186/f0/f55/d8/d181/d113/f290/d125/d110
d110
d121
f11/
f110
d136
f122
f122:
d136
f122
f122:
d201:4
n1:1
d136:0
f122:0
f122:
d110
d121
f11/
f110
f141/
Invalid operation
Invalid operation
d110:-dnrihyt9dtz.rzfxe1ipr4e9.pmtev6bx
n15/
d110:-dnrihyt9dtz.rzfxe1ipr4e9.pmtev6bx
n15/
f42:.omla2migk4u
f42:.omla2migk4u
Invalid operation
Invalid operation
f42
n15/
n9/
Invalid operation
n52:00
Invalid operation
Invalid operation
Invalid operation
d58:dir:0
/d280/d33/f202/n80/f150/d186/f0/f55/d8/d181/d113/f290/d125/d268/n15/d78/n52
Invalid operation
f194:7
n52:3
f245:1
Invalid operation
Invalid operation
Invalid operation
n52:00
d290
d58/
f194
f203
f285/
f98/
n107
n52
d78/
f76:A6
d189:dir:0
d189/
f9
n55/
d263
d71/
d78/
f21/
f24
d263
d71/
d78/
f21/
f24
Invalid operation
n58:md:1
n58:4
Invalid operation
f266
f28
n11
n58
n71/
Invalid operation
Invalid operation
n58:md:2
Invalid operation
n57
n90/
Invalid operation
d237
d257
Invalid operation
d237
d237:txt:23
d237
n48
f28:2F A6 D4
f25
n11
n58
n71/
Null
f25
n11
n58
n71/
Invalid operation
Invalid operation
d263
d71/
d78/
f21/
f24
Invalid operation
Invalid operation
Invalid operation
f24:jj8f3md2u0oam. 15yd 42e6 2g8
Invalid operation
Invalid operation
d78:dir:0
d263:zc-z2dlv-8.nd0t
d263:15
f92:3
f76:B2 64 8B BD BB 2B 8E B8 7A 0A 40
f42:31
d66:15
f42:.omla2migk4unm9vfu5ipu8-eg9ldmxpw4tv7b1lbxh.5
Invalid operation
d184:rlp0.0
f46:DC AD
Invalid operation
f121:dir:0
Invalid operation
d184:rlp0.0
d184
d57/
f150
f179
f241/
n18/
Invalid operation
d192
d28/
d36/
f42
f80/
n15/
Invalid operation
d192
d28/
d36/
f42
f80/
n15/
f42:.omla2migk4unm9vfu5ipu8-eg9ldmxpw4tv7b1lbxh.5x
Invalid operation
Invalid operation
f76:33 87 C6
d278/
n42/
d278/
f138/
n42/
d278/
f138/
n42/
f42:.omla2migk4unm9vfu5ipu8-eg9ldmxpw4tv7b1lbxh.5x
/d280/d33/f202/n80/f150/d186/f0/f55/d8/d181/d113/f290/d125/d268/f80/f27
/f27
f50:B2 91
f42:dir:0
f50:B2 91 8A 00 00 00
f50:00
d62:13
d62
d80
f42/
d62
f42/
n85/
f50:00
f50:B2
Invalid operation
/d280/d33/f202/n80/f150/d186/f0/f55/d8/d181/d113/f290/d125/d268/f80/n35/d62
d62:x. ..fx mx1a 1r7uboz3d lf9ghv3tgmgfyq qos 
Invalid operation
Invalid operation
f50:43 B2 91 8A 00
f50:90
f50:68 85 AB D4
f27:nx6vfmd_lvds8tnbvsx
f50:BF
/d280/d33/f202/n80/f150/d186/f0/f55/d8/d181/d113/f290/d125/d268/f80/f138/f82
/d280/d33/f202/n80/f150/d186/f0/f82
/d280/d33/f202/n80/f150/d186/f0/f55/d8/d181/d113/f290/d125/d268/f80/f138/f82
/d280/d33/f202/n80/f150/d186/f0/f82
f50:4F
Invalid operation
Invalid operation
d157
d181/
d230/
d53
d62
f101/
f199
f39/
f42/
d62:x. ..fx mx1a 1r7uboz3d lf9ghv3tgmgfyq qos s6a8ncq
Invalid operation
d134
d157
d181/
d230/
d53
d62
f101/
f39/
f42/
n77/
d53:9E
d62:50
d134:13
d53:13
d157:0
/d280/d33/f202/n80/f150/d186/f0/f55/d8/d181/d113/f290/d125/d268/f80/n35/d62
Invalid operation
Invalid operation
f42:dir:0
d134
d157
d181/
d230/
d62
f101/
f244
f39/
f42/
n14/
n77/
d134
d157
d181/
d230/
d62
f101/
f244
f39/
f42/
n117/
n14/
n77/
Invalid operation
f138:dir:0
f50:85 AB 4F 6E AB BB 9D BF 00 00 00 10 D6
f102
f138/
f219
f258
f27
f50
n35/
/d280/d33/f202/n80/f150/d186/f0/f55/d8/d181/d113/f290/d125/d268/f80/f27
/f27
f138/
f219
f258
f27
f50
n35/
Invalid operation
d173
f138/
f219
f258
f27
f50
f58
n35/
d173
f138/
f219
f258
f27
f50
f58
n35/
Invalid operation
Invalid operation
d173
d26
f138/
f219
f258
f27
f50
f58
n35/
f138:dir:0
n15:dir:0
/d280/d33/f202/n80/f150/d186/f0/f55/d8/d181/d113/f290/d125/d268/f42
d192
d36/
f42
f80/
n15/
n2
f76:C5 DB BF 7F AE 19 64 8B BD 20 AD 9E 99 8C
Invalid operation
d192
d212
d36/
f42
f80/
n15/
n43
d192
d212
d36/
f42
f80/
n15/
n43
d110:-dnrihyt9dtz.rzfxe1ipr4e9.pmtev6bxvd16z0
d110
d115
d127/
d244/
d268/
d90
f11/
f110
f141/
d110
d115
d127/
d244/
d268/
d90
f11/
f110
f141/
n54
Invalid operation
d110
d115
d127/
d244/
d268/
d90
f11/
f110
f141/
n54
d110:txt:42
n94
Invalid operation
Invalid operation
f76:79 73
d110:62
n54:15
d115:7
d90:7
Invalid operation
d189:dir:0
Invalid operation
d125/
d134
d140
d189/
d224
d278/
d286/
f113
f163
f196
f237/
f290
f73
f76
n101
n103
n108
n9/
Invalid operation
Invalid operation
Invalid operation
Invalid operation
Invalid operation
f94:90
Invalid operation
d172
d222
d76
f147/
f196/
f290/
f46
f94
n105/
n110/
n113/
n12
n28/
n51
d222:14
d172:12
f94:8
n12:5
Invalid operation
Invalid operation
f73:-z20d48i891h4352_6912v7yx
Invalid operation
f73:-z20d48i891h4352_6912v7yxx
Invalid operation
d8:82 DF C2 A0 58 25 67 B5 9E 42 D2 A4
d113/
d142
d236
d8
f0
f31
f36/
f52
f73
f88/
n95/
d113/
d142
d236
d8
f0
f31
f36/
f52
f73
f88/
n95/
d261:59 88 C2 4D 6F
Invalid operation
/d280/d33/f202/n80/f150/d186/f0/f55/d8/d235
d110/
d159/
d170/
d179
d261
d289
d33
d38/
d5
d8/
d95/
f143
f16/
f180/
f199
f242
f248
f25/
f252
f284
f56
f65/
f83
n44/
n9
n97
/d280/d33/f202/n80/f150/d186/f0/f55/d289
/d280/d33/f202/n80/f150/d186/f0/f55/d289
Invalid operation
d110/
d159/
d170/
d179
d261
d289
d33
d5
d8/
d95/
f143
f16/
f180/
f199
f242
f248
f25/
f252
f284
f56
f65/
n119/
n9
n97
Invalid operation
d165:28
f19:10
d272:7
Invalid operation
d289:wu-hej8k4femryg.x4qui9a-hymogf8x_6xs5a 234342t
d110/
d159/
d170/
d179
d211
d261
d289
d33
d5
d8/
d95/
f143
f16/
f180/
f199
f242
f248
f25/
f252
f284
f56
f65/
n119/
n9
n97
d8:dir:0
/d280/d33/f202/n80/f150/d186/f0/f55/d289
/d280/d33/f202/n80/f150/d186/f0/f55/d289
Invalid operation
d183/
Null
Null
Invalid operation
d84/
f50
n83/
Invalid operation
/f27
Invalid operation
d261:86 04 C0 7D 00 00 00 00 62 E9
/d280/d33/f202/n80/f150/d186/f0/f55/f25/f50
Invalid operation
d261:4D 6F
d84:dir:0
d132/
d161
d226/
d270/
f110/
f139
Invalid operation
Invalid operation
Invalid operation
d132/
d161
d226/
d255/
d270/
f110/
f139
Invalid operation
Invalid operation
d84:dir:0
Invalid operation
Invalid operation
Invalid operation
d261:B4 0F 86 04 C0 7D 00
d261:00 E7 2B AB 7D
/d280/d33/f202/n80/f150/d186/f0/f55/f25/d115
d115
d143/
d153/
d16/
d165/
d255/
d84/
f179/
n90/
Invalid operation
/d280/d33/f202/n80/f150/d186/f0/f55/f25/d115
d115
d143/
d153/
d16/
d165/
d255/
d84/
f112
f179/
n90/
Invalid operation
Invalid operation
d115
d143/
d153/
d165/
d253/
d84/
d99
f112
f179/
n90/
Invalid operation
d115
d143/
d153/
d165/
d253/
d84/
d99
f112
n90/
f112:4A
d115
d141/
d143/
d153/
d165/
d253/
d61/
d84/
d99
f112
n90/
Invalid operation
d161:00 00
/d280/d33/f202/n80/f150/d186/f0/f55/f25/d84/d161
/d161
d161
d170/
d255/
d270/
d73/
f110/
f139
f177
f271/
f87
d161
d170/
d255/
d270/
d73/
f110/
f139
f177
f271/
f87
Invalid operation
Invalid operation
d253/
f242
/d280/d33/f202/n80/f150/d186/f0/f55/f25/d153/d79
f112:00
d253:dir:0
/d280/d33/f202/n80/f150/d186/f0/f55/f25/d153/d79
f112:00 00 00
f112:00 00
Invalid operation
Invalid operation
f124/
f48
f48
f48:6
Invalid operation
Invalid operation
Invalid operation
f48:B2 2B 00
f48:2B
Invalid operation
d21/
f274/
f48
f112:19 68 A1 F9 25 EF
Invalid operation
Invalid operation
d21/
f201
f274/
f92
d139
f211
f211:bin:4
Invalid operation
Invalid operation
Invalid operation
f4:C5
Invalid operation
Invalid operation
d262
f165
f4
n96
Invalid operation
d177/
f165
f4
n96
d177/
f165
f272/
f4
n104/
n96
Invalid operation
d177/
f165
f272/
f4
n96
Invalid operation
Invalid operation
Invalid operation
d21/
f201
Invalid operation
f201:76
d21/
f201
Invalid operation
Invalid operation
f4:14
f4:C5 9F 80
Invalid operation
Null
Invalid operation
f49/
Invalid operation
Invalid operation
f49:dir:0
Invalid operation
f49:dir:0
/d280/d33/f202/n80/f150/d186/f0/f55/f25/d153/d253/d21/f96/f122
Null
d222
f122
f177
f203
f49/
f82/
n57/
Invalid operation
d222
f114
f122
f177
f203
f49/
n32/
d222
f114
f122
f177
f203
f49/
f82/
n32/
d222
f114
f122
f177
f203
f49/
n32/
d222
f114
f122
f177
f203
f49/
n32/
f122:2b1puttx8a9k46pgtf66m
d222
f114
f122
f177
f203
f49/
n32/
Null
f203:12 D9
Invalid operation
/d280/d33/f202/n80/f150/d186/f0/f55/f25/d153/d253/d21/f96/f122
Null
f201
/d280/d33/f202/n80/f150/d186/f0/f55/f25/d153/d253/d21/f96/n32/f201
/d280/d33/f202/n80/f150/d186/f0/f55/f25/d153/d253/f201
d202/
f201
Invalid operation
Invalid operation
d202/
f201
d202/
f201
d199/
d94/
f133/
f201:nb_o1q6au
f201:nb_o1q6au
d199/
d94/
f133/
f52
Invalid operation
f52:8
d52:5
f199:5
f199:00
f201:nb_o1q6au
d202/
d66
f201
d202:dir:0
d202:dir:0
Invalid operation
f201:9
d66:0
f203:90 C4 D9 63 F8 E2 94
Null
/d280/d33/f202/n80/f150/d186/f0/f55/f25/d153/d253/d21/f96/f122
Invalid operation
d135
d222
d267
d29
d73
f114
f122
f177
f203
f49/
n32/
d237:5a-0o
Invalid operation
Invalid operation
d104
d135
d222
d267
d29
d73
f114
f177
f203
f49/
n32/
Invalid operation
f203:19
Invalid operation
/d280/d33/f202/n80/f150/d186/f0/f82
Invalid operation
d202/
d214/
d66
f136/
f201
f49:dir:0
d104
d135
d222
d267
d269
d29
d73
f114
f177
f203
f38
f49/
n17
n20/
n32/
f203:1E 5D 88 62 94 07 85 43
Invalid operation
Invalid operation
Invalid operation
d104
d135
d267
d269
d29
d73
f114
f177
f203
f255
f38
f49/
n17
n20/
n32/
Invalid operation
Invalid operation
d104
d133/
d135
d267
d269
d278/
d29
d73
d86
f114
f177
f203
f255
f38
f49/
f98/
n17
n20/
n32/
/d280/d33/f202/n80/f150/d186/f0/f55/f25/d153/d253/d21/f96/f177
d120/
d28/
d120/
d28/
f210
d28:dir:0
d120/
d28/
d98/
f210
f203:1A 06 A1 D5 9E
d120/
d227
d28/
d98/
f204/
n38/
Invalid operation
f49:dir:0
Invalid operation
Invalid operation
f116
n108
Invalid operation
Invalid operation
Invalid operation
d28:dir:0
d227:65 26 BC DE 0D 66 01
Invalid operation
f204:dir:0
f124:dir:0
f124/
f89
d284/
f161
f204/
f246
f273/
n38/
Invalid operation
Invalid operation
Null
d284/
f161
f204/
f246
f273/
n38/
f203:72 1A 06 A1
Invalid operation
/d280/d33/f202/n80/f150/d186/f0/f140
d284/
d95
f161
f204/
f246
f273/
n38/
f203:7C 88 C0 02 2C 44 43 B6 E2 6F EA 72 1A 06 A1 D5
f246:12
f161:9
f108:3
f161:16
d284/
d95
f161
f204/
f246
f273/
n38/
f161:72laffz0vlmwwyk1
d284/
d95
f161
f204/
f246
f273/
n38/
Invalid operation
Invalid operation
d64/
Invalid operation
d159
d64/
Invalid operation
d95:81 AF 60
f204:dir:0
/d280/d33/f202/n80/f150/d186/f0/f55/f25/d153/d253/d21/f96/n20/f161
/d280/f161
Invalid operation
f204:dir:0
Invalid operation
f161:72laffz0vlmwwyk182 cxyj7uiwl fpnyv2s5rw m
f204:dir:0
/d280/d33/f202/n80/f150/d186/f0/f55/f25/d153/d253/d21/f96/n20/d284/n45
/d280/d33/f202/n80/f150/d186/f0/f55/f25/d153/d253/d21/f96/n45
d95:BE 00 00
n45
d95:F8 00 00 BE 00
d141
d242/
d243
d284/
d95
f161
f204/
f238
n38/
d141
d242/
d243
d284/
d95
f161
f204/
f238
n38/
Invalid operation
d180/
d64/
f135
d95:60 3A 4B F8 00 91
d180/
d64/
f135
f253:txt:9
Null
/d280/d33/f202/n80/f150/d186/f0/f55/f25/d153/d253/d21/f96/n20/f204/d180/f253
d95:13
d95:22 E4 13 E7 FB A0 00
f253:txt:17
Invalid operation
/d280/d33/f202/n80/f150/d186/f0/f55/f25/d153/d253/d21/f96/n20/f204/f135
Invalid operation
Invalid operation
d95:FB A0 00 00 FC 3E 98 19 DD 1B ED 42 51
d180/
d64/
d8
f207
/d280/d33/f202/n80/f150/d186/f0/f55/f25/d153/d253/d21/f96/n20/f204/d8
Null
d95:73 46 31 B9 F1 22
d22/
d258
f119/
f8
Invalid operation
f8:6A
d22/
f119/
f8
n18
Invalid operation
Invalid operation
Invalid operation
/d280/d33/f202/n80/f150/d186/f0/f55/f25/d153/d253/d21/f96/n20/n38/d22/f67
f67:00 FA 51 8C 1A
f67:bin:10
f165/
f67
f67:bin:8
f212
f67
Invalid operation
f67:bin:8
Invalid operation
d22/
d54/
f119/
f8
n18
/d280/d33/f202/n80/f150/d186/f0/f55/f25/d153/d253/d21/f96/n20/n38/f8
Invalid operation
Invalid operation
Invalid operation
d141
d144
d242/
d243
d284/
d95
f161
f204/
f238
n38/
d144
d162/
d242/
d243
d284/
d95
f161
f204/
f238
n119
n38/
Invalid operation
/d280/d33/f202/n80/f150/d186/f0/f55/f25/d153/d253/d21/f96/n20/f161
/d280/f161
Invalid operation
Invalid operation
d95:65 BC 40 00
Invalid operation
Invalid operation
f161:72laffz0vlmwwyk182 cxyj7uiwl fpnyv2s5rw mxy-.6odff_ypwl.ei8p25v
d104
d107/
d133/
d267
d269
d278/
d29
d59
d73
d86
f102/
f114
f177
f203
f255
f38
f49/
f89
f98/
n17
n20/
n32/
n45
n62
/d280/d33/f202/n80/f150/d186/f0/f55/f25/d153/d253/d21/f96/f177
d104
d107/
d133/
d267
d269
d278/
d29
d59
d73
d86
f102/
f114
f177
f203
f255
f38
f49/
f89
f98/
n17
n20/
n32/
n45
n62
d104
d107/
d133/
d267
d269
d278/
d29
d59
d73
d86
f102/
f114
f177
f203
f255
f38
f39/
f49/
f89
f98/
n17
n20/
n32/
n45
n62
f204:dir:0
Invalid operation
f161:78
f95:11
n119:7
Null
d104
d107/
d133/
d267
d269
d278/
d29
d59
d73
d86
f102/
f114
f177
f203
f255
f38
f39/
f49/
f89
f98/
n17
n20/
n32/
n45
n62
d144
d162/
d242/
d243
d284/
f161
f204/
f246
f95
n119
n38/
n65/
n8/
Invalid operation
Invalid operation
Invalid operation
Invalid operation
Invalid operation
Invalid operation
f4:38 1D E2 86 B2 00
Invalid operation
d124
d177/
d188
d209
d217
d259
d294
f108
f115
f165
f225
f234
f243/
f272/
f279/
f4
f96/
n17
d124
d177/
d188
d208/
d209
d217
d259
d294
f108
f115
f165
f225
f234
f243/
f272/
f279/
f4
f96/
n17
f4:AA D4
Invalid operation
Invalid operation
d124
d177/
d188
d208/
d209
d21
d217
d219/
d259
d294
f108
f115
f125
f165
f225
f234
f243/
f272/
f279/
f4
f96/
n17
d124
d177/
d208/
d209
d21
d217
d219/
d259
d294
f108
f115
f125
f165
f20/
f224/
f225
f234
f243/
f272/
f279/
f4
f96/
n17
Invalid operation
Null
f4:D3 31 38 00
d124
d177/
d188
d208/
d209
d21
d217
d259
d294
f108
f115
f125
f165
f20/
f224/
f225
f234
f243/
f255
f272/
f279/
f4
f96/
n17
f4:00 00
Invalid operation
Invalid operation
Invalid operation
f112:00 F8 19 68
Invalid operation
Invalid operation
Invalid operation
Invalid operation
Invalid operation
d124
d145/
d177/
d188
d208/
d209
d21
d217
d259
d294
f108
f115
f125
f165
f20/
f210
f224/
f225
f234
f243/
f255
f272/
f279/
f4
f40/
f96/
n17
d124
d145/
d177/
d188
d208/
d209
d21
d217
d259
d294
f108
f113/
f115
f125
f165
f20/
f210
f224/
f225
f234
f243/
f255
f272/
f279/
f4
f40/
f96/
n17
/d280/d33/f202/n80/f150/d186/f0/f55/f25/d153/d253/d21/f4
Invalid operation
f4:7A EB
d71:11
d114/
d71
Invalid operation
Invalid operation
d114/
d71
f24
f240
Invalid operation
Invalid operation
d114/
d71
f24
f240
f240:A5
Invalid operation
d124
d14
d145/
d177/
d188
d2/
d208/
d209
d21
d217
d259
d294
f108
f115
f125
f165
f20/
f210
f224/
f225
f234
f243/
f255
f272/
f279/
f4
f40/
f96/
n17
d71:txt:17
Invalid operation
d124
d14
d145/
d177/
d188
d2/
d208/
d209
d21
d217
d259
d294
f108
f115
f125
f165
f20/
f210
f224/
f225
f234
f243/
f255
f272/
f279/
f4
f40/
f96/
n17
f257:32
Invalid operation
f257:32
Invalid operation
Invalid operation
f257:5B 32
n117
n117:95
Invalid operation
Invalid operation
d43
Invalid operation
f257
f61
n22/
/d280/d33/f202/n80/f150/d186/f0/f55/f25/d153/d253/d21/f272/f257
f257:BC 8B 60 68 B5 63 AD
d88
f236/
f257
f86
Invalid operation
/d280/d33/f202/n80/f150/d186/f0/f55/f25/d153/d253/d21/f272/f236/n79
f257:63 AD
Invalid operation
Invalid operation
f4:00 DA 4C 26 8F 7F 00 10 44
Invalid operation
Invalid operation
Invalid operation
d21/
d267/
d46/
d47/
f201
f220
f46
f84/
Invalid operation
f112:4F 51
/d280/d33/f202/n80/f150/d186/f0/f55/f25/d153/d253/f46
Invalid operation
d16
d172
d21/
d267/
d46/
d47/
f110
f20/
f46
f63
f84/
f97/
n20/
Invalid operation
d79:xnr-1r8rnk fjx
Invalid operation
f112:00
d115:bs2nebpbplli55 wqlkh5rzd-0qaam1fnfwd6enhseebndxiq
Invalid operation
Invalid operation
d115
d141/
d143/
d153/
d165/
d201
d253/
d33
d61/
d84/
d99
f112
f44
n23
n73
n90/
Invalid operation
f112:CC E5 00 00 00 00 AE 4F AC 4A A0 00 00 00 00
d84:dir:0
Invalid operation
d115
d141/
d143/
d153/
d201
d253/
d33
d61/
d84/
d99
f112
f44
n23
n73
n90/
Invalid operation
Null
f112:51 13 06 07 74 00 F8 CB 79
Invalid operation
d115:49
f112:26
f44:14
n73:5
n23:3
d201:0
d33:0
Invalid operation
d115
d141/
d143/
d153/
d201
d253/
d33
d61/
d84/
d99
f112
f44
n23
n73
n90/
d75/
d75/
d75/
d84:dir:0
d84:dir:0
f186:6
f186
d84:dir:0
d115:bs2nebpbplli55 wqlkh5rzd-0qaam1fnfwd6enhseebndxiq
d115
d141/
d143/
d153/
d201
d253/
d33
d61/
d84/
d99
f112
f4
f44
n23
n73
n90/
Invalid operation
d115
d141/
d143/
d153/
d201
d277/
d61/
d84/
d99
f257/
f4
f44
n23
n73
n90/
d115
d141/
d143/
d153/
d201
d277/
d61/
d84/
d99
f257/
f4
f44
n23
n73
n90/
d115
d141/
d143/
d153/
d201
d277/
d61/
d84/
d99
f257/
f4
f44
n23
n73
n90/
d110/
d159/
d170/
d179
d211
d261
d289
d33
d5
d8/
d95/
f143
f16/
f180/
f199
f242
f248
f25/
f252
f284
f56
f65/
n119/
n9
n97
d110/
d159/
d170/
d179
d211
d261
d289
d33
d5
d8/
d95/
f143
f16/
f180/
f199
f242
f248
f25/
f252
f284
f56
f65/
n119/
n9
n97
Invalid operation
d289:wu-hej8k4femryg.x4qui9a-hymogf8x_6xs5a 234342txbrkq47x
d261:33 99
d261:B5 48 79 0F C2 4D 6F 2F 0E FB EE
d289:75
f252:41
d261:33
f56:15
f143:13
f199:13
n97:13
/d280/d33/f202/n80/f150/d186/f0/f55/d289
Invalid operation
/d280/d33/f202/n80/f150/d186/f0/f55/d289
d0/
d110/
d159/
d170/
d179
d211
d261
d289
d33
d5
d8/
d95/
f143
f16/
f180/
f199
f242
f248
f25/
f252
f56
f65/
n119/
n39
n73
n9
n97
f232:dir:0
d158:AF 17 E2 DF 24 00 00
d110/
d158
f140
f189
f210
f232/
f269/
f55/
f59/
f82
Null
d59:16
d59:00 92 D2
Invalid operation
f215:dir:0
Invalid operation
Invalid operation
n97:dir:0
n97:dir:0
d59:00 00 57 37 7D 4B
Invalid operation
Invalid operation
d59:EB
Null
Invalid operation
d59:31
n69:7
n91:6
d237/
d59
f117/
f215/
n63/
n69
n74/
n91
n94/
f230:54
Invalid operation
f97:txt:21
d109
f134/
f137
f271/
f97
n5
Invalid operation
d296
d9
d92/
f134/
f271/
f97
n5
d296
d9
d92/
f134/
f271/
f97
n5
d296
d9
d92/
f134/
f271/
f97
n5
d9:2E 50 7E
Null
d9
d92/
f134/
f271/
f97
n4
n9
Invalid operation
Invalid operation
d9:50 7E F5 0E
d9:7E
Null
f97:txt:23
f97:23
d9:12
n4:8
n9:6
d9
d92/
f134/
f271/
f97
n4
n9
n92/
Invalid operation
d9:9D 11 66
/d280/d33/f202/n80/f150/d186/f0/f232/d237/d9
Invalid operation
d9:15
n4:8
n9:6
n100:0
d71/
d9
d92/
f134/
f29/
n100
n4
n72
n9
n92/
d9:15
n9:6
n72:2
d290/
d71/
d9
d92/
f134/
f29/
n100
n34
n72
n9
n92/
Invalid operation
Invalid operation
d173
d290/
d71/
d9
d92/
f134/
f186
f29/
n100
n34
n72
n9
n92/
d173:15
d9:13
f186:8
n9:6
d9:31 1E 9D 11 66 F9 44 36
Invalid operation
n111:ztae5x
d9:0F 9E 59 85
Invalid operation
/d280/d33/f202/n80/f150/d186/f0/f232/d237/d71/n111
d180
d40/
f23
f80
Invalid operation
d173
d290/
d71/
d9
d92/
f134/
f186
f22/
f29/
n100
n72
n9
n92/
Invalid operation
d173
d211/
d26
d290/
d71/
d9
d92/
f134/
f186
f22/
f265/
f29/
n64/
n72
n9
n92/
d180
d40/
d71
f23
f80
d180
d40/
f23
f80
d180:00 00
d180
d256
d40/
f23
f80
n32
d180:00
d173
d211/
d26
d290/
d71/
d9
d92/
f134/
f186
f22/
f265/
f29/
n64/
n72
n9
n92/
d237/
d59
f117/
f215/
n63/
n69
n74/
n91
n94/
Invalid operation
d59:39 D8 4F 27 8B 52 00 00
n82: w0v8v
d213:txt:0
d213
n81/
d213:txt:1
d213:x
f291
f291:p
Invalid operation
d59:4B 6B E6 EB 51 AE 00
f173:84
d195
d213
d40
f173
n81/
d195
d213
d40
f173
n81/
d213:xf866k_xy 2oq7jqxhg0j004x
d138
d195
d213
d40
f173
n81/
f173:21 B8 4C
Invalid operation
f173:9A 20 38 9F
Invalid operation
n67:
n109/
n67
Invalid operation
d36
f105/
n109/
Invalid operation
Invalid operation
d110/
f11
f197
Invalid operation
Invalid operation
Invalid operation
Invalid operation
Null
/d280/d33/f202/n80/f150/d186/f0/f232/n74/f204/f173
Invalid operation
Invalid operation
d134
d138
d201
f173
f287
n29/
n81/
Invalid operation
d36:9
d276:5
f178:0
n53:0
Invalid operation
Invalid operation
Invalid operation
Invalid operation
Invalid operation
d36:5E
Invalid operation
d276
d36
f105/
f178
n109/
n53
d276
d36
f105/
f178
n109/
n53
Invalid operation
f7:dir:0
Invalid operation
d276
d36
f105/
f178
n109/
n53
/d280/d33/f202/n80/f150/d186/f0/f232/n74/f204/n81/d36
Null
Invalid operation
Invalid operation
/d280/d33/f202/n80/f150/d186/f0/f232/n74/f204/f173
Null
Null
n27:17
d152/
f7/
Invalid operation
d152/
f7/
Invalid operation
Invalid operation
f153:15
n92:0
d157/
d196/
d254/
d287/
f153
f81/
n92
f153:yzp63nnqzibpnvx
d157/
d196/
d254/
d287/
f153
f81/
n92
Invalid operation
d157/
d196/
d287/
f104
f153
f256/
f46
f81/
Invalid operation
n78
n78
f3
f3
Invalid operation
d152/
f7/
Invalid operation
d275
d276
d36
f10/
f101
f105/
f178
f200/
f234
n109/
n47/
n53
n61
d36:F5 7E EC D9 0D B0 00
Invalid operation
d275
d276
d36
d44
d60
d61/
f10/
f101
f105/
f178
f200/
f234
n109/
n47/
n53
n61
d275
d276
d36
d44
d60
d61/
f10/
f101
f105/
f178
f200/
f234
n109/
n47/
n53
n61
Invalid operation
Invalid operation
Invalid operation
d36:00 0A F4 7D 74 45 00 9F 02 CD 47
d152/
f150/
f7/
n18/
n26
n90
d152/
d228/
f150/
f7/
n18/
n26
n90
Invalid operation
d275
d276
d36
d44
d60
d61/
f10/
f101
f105/
f178
f200/
f234
f51/
f65/
n109/
n47/
n53
n61
d36:00
d36:43
d44:16
d60:6
d276:5
d275:1
n61:1
f101:0
f178:0
n109:dir:0
Invalid operation
d36:00 00 00 00
Invalid operation
Invalid operation
d36:43
d44:16
d60:6
d276:5
Invalid operation
n109:dir:0
f202:15
/d280/d33/f202/n80/f150/d186/f0/f232/n74/f204/n81/d61/f202
f148:md:12
f148:15
f202:txt:15
Null
d36:74 45 00 9F 02 CD 47 BD
Invalid operation
Invalid operation
Invalid operation
d263/
d279
f202
Null
d251/
d263/
d30
f210
f95/
d251/
d263/
d30
f210
f95/
Invalid operation
Invalid operation
d275
d276
d36
d44
d60
d61/
f10/
f101
f105/
f178
f234
f51/
f65/
n109/
n25/
n47/
n53
n61
/d280/d33/f202/n80/f150/d186/f0/d158
Invalid operation
f210:
d36:0E EA 7B B7 88 1E
d228/
d240/
Invalid operation
d251/
d263/
f130
f206
f210
f206:
Invalid operation
d36:00
d219
d238
d251/
d263/
f130
f206
d219
d238
d251/
d263/
d65
f130
f206
Invalid operation
Invalid operation
Invalid operation
n15:0C 42
f148:16
d152:2
d238:0
Null
Null
d263:dir:0
n15:E7
f206:mq7rrci7zi9.2tr_.-xu5yruh2zjh69h
f206:mq7rrci7zi9.2tr_.-xu5yruh2zjh69h
n15:52 E7 00 00 97
f206:46
d217:16
d69:10
n15:10
d219:0
Invalid operation
f149
f180/
f149:00
Invalid operation
f149:bin:2
Invalid operation
Invalid operation
Invalid operation
Invalid operation
d36:47 BD 2D 00 00 00 00 00 00 00 00
Invalid operation
Invalid operation
Invalid operation
d36:E0 51 E5 90 E7 1F 7A F5 7E F5 CF 3F 80 04 00 00 AF 0E 0A 3D 18 7B 5B 49 F9 F1 CD 47 BD 2D 00 00 00 00 00
d36:44
d44:16
f71:9
d60:6
d36:44
d44:16
f71:9
d60:6
f31:txt:16
Invalid operation
d64
f31
Invalid operation
Invalid operation
Invalid operation
n109:dir:0
d193/
d275
d276
d36
d44
d60
d61/
f10/
f101
f105/
f178
f234
f51/
f65/
f71
f82
n109/
n25/
n47/
n50/
n53
n61
n86/
Invalid operation
d193/
d275
d276
d36
d44
d60
d61/
f10/
f101
f105/
f178
f234
f51/
f65/
f71
f82
n109/
n25/
n47/
n50/
n53
n86/
Invalid operation
d36:3D 18 7B 5B 49 F9 F1 66 4B BD 2D C5 22 50 03 25 00
d36:00
Invalid operation
Invalid operation
Invalid operation
d36:3D 18 7B 5B 49 F9 F1 66 99 FD 45 0F 8A
f276/
Invalid operation
Invalid operation
f27:dir:0
d70:0qm7nan8 hj l0nj_du2pj5.8 z599pkxxmtxv
Invalid operation
d51/
/d280/d33/f202/n80/f150/d186/f0/f232/n74/f204/n81/f51/d70
/d280/d33/f202/n80/f150/d186/d70
f293/
f293/
d36:F1 66 99 FD 45
f131/
f281/
n74:CE
Invalid operation
d77:19
n74:15
f11:8
Invalid operation
d36:00
Invalid operation
d51/
d77:53
n74:15
f11:8
d112:7
f14:6
Invalid operation
d112
d203
d75/
d77
f11
f122/
f131/
f14
f277/
f6
f67/
n115
n74
n89/
/d280/d33/f152
d108:txt:12
n74:57 E5 E5 B8
d108:12
n74:1A 57 E5 E5
d108
d155/
f58
d108:zk ul_4b6_-s
d108:txt:12
Invalid operation
d155/
d57/
f256/
f58
f74
n78
d155/
d57/
f256/
f58
f74
n78
n98/
f58:ulfdgm0m8lbu 
f58:14
f74:7
n78:0
/d280/d33/f202/n80/f150/d186/f0/f232/n74/f204/n81/f51/f25/d51/n89/f58
/d280/d33/f202/n80/f150/d186/f0/f232/n74/f204/n81/f51/f25/d51/n89/f58
Invalid operation
Invalid operation
Invalid operation
f74:61-.r 4x
Null
d155/
d182
d57/
d8
d87
f256/
f6
f74
d155/
d182
d57/
d8
d87
f256/
f6
f74
d155/
d182
d57/
d8
d87
f256/
f6
f74
Invalid operation
d8:62y8qw
d85/
d85/
f11:md:9
n102:BB
f11
f11:cmtk -x6y
n74:BE 4C 57
f11:md:9
f11
n37/
f11
f167/
n37/
n74:57
d174
d51/
d72
f103/
f11
f129
f167/
f4
n37/
Invalid operation
d174:00 00 00
Invalid operation
Invalid operation
Invalid operation
d174:C4 F0 CD 39 00 00 00 56
Invalid operation
d204/
d247/
d248
d204/
d247/
d248
Invalid operation
d248:15
d248:xn3pzhxd6fyxm55
Invalid operation
d204/
d247/
d248
Invalid operation
d109/
d174:C4 F0 CD 39 00 00 33 02 FD C5
f288/
d249/
f50
d249/
n89/
Invalid operation
/d280/d33/f202/n80/f150/d186/f0/f232/n74/f204/n81/f51/f25/d51/n89/f256/d85/f161/d53/d154
Invalid operation
Invalid operation
Invalid operation
d189:87uht
d189
f239
Invalid operation
Invalid operation
Invalid operation
d154
d249/
n89/
n89/
d154
n89/
d154
n89/
d154
f25
n89/
d154
d292
f25
f293
n16/
n81
n89/
d154
d292
f25
f293
n16/
n89/
d154:46 F3 47 78
Invalid operation
Invalid operation
Invalid operation
Invalid operation
Invalid operation
Invalid operation
Invalid operation
Invalid operation
f204:10
d203:9
f287:2
f293:2
Invalid operation
Invalid operation
Invalid operation
Invalid operation
n89:dir:0
n89:dir:0
Invalid operation
/d280/d33/f202/n80/f150/d186/f0/f232/n74/f204/n81/f51/f25/d51/n89/f256/d85/f161/d53/f293
Invalid operation
Invalid operation
Invalid operation
d148/
d226/
d229
f287
f293
f75/
n45
n89/
d148/
d226/
d229
f287
f293
f75/
n45
n89/
f293:8
d229:6
f287:2
Invalid operation
f230/
f230:dir:0
Invalid operation
/d280/d33/f202/n80/f150/d186/f0/f232/n74/f204/n81/f51/f25/d51/n89/f256/d85/f161/d53/d226/f281
n90:0
Null
Invalid operation
d146
d146
d146
Invalid operation
f281:16
d28:5
d294:0
Invalid operation
d189
d38/
n90
Invalid operation
d28:B7
Invalid operation
Invalid operation
f167/
f296/
Invalid operation
Invalid operation
n90:x
Invalid operation
f124/
f231/
f231:dir:0
f262:0
f262:
d28:41 00
f262:
f124/
f231/
f262
f3
Invalid operation
f124/
f231/
f262
f3
Invalid operation
f231:dir:0
Invalid operation
f35:17
n90:4
d189:0
n90:x 4e
d189
d38/
f35
n90
Invalid operation
f230:dir:0
Invalid operation
d191/
d294
d39/
f230/
f275
f281
f60/
n21
Invalid operation
d294
d39/
f147
f168/
f169
f175
f230/
f253/
f275
f281
f60/
n105
n21
f281:xfqoj9zx6yrec-dfnw42i .91j
d162
d294
d39/
d57/
f147
f168/
f169
f175
f230/
f253/
f275
f281
f60/
n105
n21
f175:8E 88 C0 EB 1E
d125
d162
d294
d3
d39/
d57/
f147
f168/
f169
f175
f230/
f253/
f275
f60/
n104
n105
n21
d294:
d294:
Invalid operation
d125
d162
d294
d3
d39/
d57/
f147
f169
f175
f230/
f253/
f275
f43/
f60/
n104
n105
n21
Invalid operation
f230:dir:0
Invalid operation
Invalid operation
d125
d162
d173
d283/
d294
d3
d39/
d57/
f147
f156/
f169
f175
f230/
f253/
f275
f43/
f60/
n104
n105
n21
f175:50 28 EB
d294:16
f169:12
f175:12
f185:8
f275:8
n105:6
d3:4
d125
d162
d173
d283/
d294
d299/
d3
d39/
d57/
f147
f156/
f169
f175
f185
f230/
f250/
f253/
f263/
f275
f43/
f60/
n105
n21
d125
d162
d173
d283/
d294
d299/
d3
d39/
d57/
f147
f156/
f169
f175
f185
f230/
f250/
f253/
f263/
f275
f43/
f60/
n105
n21
n23
Invalid operation
f230:dir:0
Invalid operation
d294:30
f169:12
f175:12
f185:8
n90:x 4em
f175:84
d147
d189
d38/
f35
n90
d147
d189
d38/
f35
n90
Invalid operation
d147
d189
d38/
f35
n90
Invalid operation
d118
f124/
f231/
f264
f29/
f3
n61
f3:
Invalid operation
Invalid operation
Invalid operation
n90:x 4em
d111
d118
f124/
f154
f231/
f264
f29/
n61
n61:45 56 DC F3
f264:
d147
d189
d38/
f35
n90
d125
d162
d173
d283/
d294
d299/
d3
d39/
d57/
f147
f156/
f169
f175
f185
f230/
f250/
f253/
f263/
f275
f41
f43/
f60/
n105
n21
n23
d125
d162
d173
d283/
d294
d299/
d3
d39/
d57/
f147
f156/
f169
f175
f185
f230/
f250/
f253/
f263/
f275
f41
f43/
f60/
n105
n21
n23
n61:00 53
Invalid operation
Invalid operation
Invalid operation
Invalid operation
f231:dir:0
d111
d118
d120/
d131/
d158
d177
d193/
d2
d209
d252
d286
d40
d89/
f124/
f154
f231/
f29/
f36/
n112/
n61
n73/
n94/
Invalid operation
Invalid operation
f154:00
Invalid operation
Invalid operation
d118:p0-ku3u2kcx
d111
d118
d120/
d131/
d143
d158
d177
d193/
d2
d215
d223/
d234/
d252
d286
d40
d85/
d89/
f124/
f154
f231/
f29/
f295/
f48
f55
f93
f98
n112/
n51/
n73/
n94/
f231:dir:0
d147
d189
d38/
n90
d147
d189
d38/
n90
/d280/d33/f202/n80/f150/d186/f0/f232/n74/f204/n81/f51/f25/d51/n89/f256/d85/f161/d53/d226/f230/n90
Invalid operation
n90:29
f52:12
d189:0
Invalid operation
Invalid operation
n90:x 4emtre6wksjx2r16sz69- 14 zh
Invalid operation
Invalid operation
f231:dir:0
Invalid operation
Invalid operation
Invalid operation
Invalid operation
Invalid operation
d38/
f109
f123
f235
f265/
n90
Invalid operation
Invalid operation
d125
d162
d173
d294
d299/
d3
d39/
d57/
f147
f156/
f169
f175
f185
f230/
f250/
f253/
f263/
f275
f41
f43/
f60/
n105
n21
n23
d125
d162
d173
d294
d299/
d3
d39/
d57/
f147
f156/
f169
f175
f185
f230/
f250/
f253/
f263/
f275
f41
f43/
f60/
n105
n21
n23
d8
d8
f175:E1 F5 45 43 DE 00 00 17 29 96 35
Invalid operation
Invalid operation
f175:21 1E 1D F3 E1 F5 45 43 DE 00 00 17 29
d294:urad9kpw15xm l20i3171b53 _jtivx
f230:dir:0
Invalid operation
Invalid operation
d125
d162
d195
d294
d299/
d3
d39/
d57/
f147
f156/
f175
f185
f230/
f250/
f253/
f263/
f275
f41
f43/
f60/
n105
n21
n23
d125
d162
d195
d294
d299/
d3
d39/
d57/
f147
f156/
f175
f185
f230/
f250/
f253/
f263/
f275
f41
f43/
f60/
n105
n21
d294:urad9kpw15xm l20i3171b53 _jtivxme_lok_dv-c6ng8-a
d132/
d148/
d226/
d229
f287
f293
f75/
n45
n89/
Invalid operation
d132/
d148/
d226/
d229
f287
f293
f75/
n45
n89/
f293:00 46 F8 05 38 46 80 F1 27 41
d132/
d148/
d226/
d229
d258
f287
f293
n45
n89/
Invalid operation
n89:dir:0
f293:00 8A 00
Invalid operation
d267
d53/
d53:dir:0
d85/
n36/
n47/
Invalid operation
Invalid operation
Invalid operation
d85/
n18
n36/
n47/
f195:1C
Invalid operation
Invalid operation
d19/
d8/
d85/
f149/
f195
f84/
n36/
n47/
d19/
d8/
d85/
f149/
f192
f195
f84/
n36/
n47/
Invalid operation
Invalid operation
Invalid operation
f154
f286
n115/
Invalid operation
f138/
f154
f286
d19/
d8/
d85/
f149/
f195
f79/
f84/
n36/
n47/
d176/
d19/
d267/
d8/
d85/
f149/
f195
f79/
f84/
n36/
n47/
n57
/d280/d33/f202/n80/f150/d186/f0/f232/n74/f204/n81/f51/f25/d51/n89/f256/f195
Invalid operation
/d280/d33/f202/n80/f150/d186/f0/f232/n74/f204/n81/f51/f25/d51/n89/f256/f195
f195:3B
f195:24
n57:12
d85:dir:0
d85:dir:0
/d280/d33/f202/n80/f150/d186/f0/f232/n74/f204/n81/f51/f25/d51/n89/f256/f195
d136
n31/
Invalid operation
Invalid operation
n65:17
Invalid operation
d276:00 00 00 00
d276:09
Invalid operation
d276:96 09 20
/d280/d33/f202/n80/f150/d186/f0/f232/n74/f204/n81/f51/f25/d51/n89/f256/n111/d276
/d280/d33/f202/n80/f150/d186/f0/f232/n74/f204/n81/d276
/d276
Invalid operation
Invalid operation
Invalid operation
d100/
d127
d14
d276
f105
f189/
n31/
n65
n82
/d280/d33/f202/n80/f150/d186/f0/f232/n74/f204/n81/f51/f25/d51/n89/f256/n111/d276
/d280/d33/f202/n80/f150/d186/f0/f232/n74/f204/n81/d276
/d276
Invalid operation
Invalid operation
Invalid operation
d100/
d14
d276
f189/
f276
n31/
n65
n82
Invalid operation
Invalid operation
d100/
d14
d276
f189/
f264/
f276
n31/
n65
n82
Invalid operation
Invalid operation
Null
/d280/d33/f202/n80/f150/d186/f0/f232/n74/f204/n81/f51/f25/d51/n89/f256/n111/d276
/d280/d33/f202/n80/f150/d186/f0/f232/n74/f204/n81/d276
/d276
n31:dir:0
Invalid operation
n31:dir:0
Invalid operation
d100/
d14
d216
d276
f189/
f264/
f276
n31/
n65
Invalid operation
d85:dir:0
Invalid operation
Invalid operation
d176/
d19/
d217
d267/
d48
d8/
d85/
f117
f127
f131
f149/
f195
f22/
f235/
f65
f79/
f82/
f84/
n111/
n117/
n36/
n47/
n51/
n57
f195:9C C0
d72:k4ndxx
d72:k4ndxx
d174:FD C5 AD D0 2D 00
Null
d72:k4ndxxfx
d72:k4ndxxfx
n37:dir:0
d144/
d174
d210
d289/
d51/
d72
f103/
f106
f129
f161/
f4
f89
n37/
n56
f227:dir:0
d174:EB
Null
f227:dir:0
f227:dir:0
d174:45 97 AF 2D 00 00 00 00 00 00 EF E5 EE 87 23 A4 24 00 00 85 6A 4D B7
d174:2D 00 00 00 00 00 00 EF E5 EE 87 23
Invalid operation
Invalid operation
Invalid operation
Invalid operation
d134/
f167/
f58
Invalid operation
n106:
Invalid operation
d134:dir:0
d134:dir:0
n106:
d134/
f138
f167/
f58
n106
Invalid operation
Invalid operation
d174:CD 39 00 00 33 02 C1 45 97 AF 83 6A C1 D3 00 00 00 EF E5
Invalid operation
d134:dir:0
Invalid operation
Invalid operation
d134:dir:0
d174:00 85 6A
/d280/d33/f202/n80/f150/d186/f0/f232/n74/f204/n81/f51/f25/d51/n89/f256/d85/n105/f230
Invalid operation
Invalid operation
d253/
f9/
n94
d253:dir:0
Invalid operation
d110
d111
d253/
f115
f9/
n94
n94:17
d253:dir:0
d168/
f227/
f230
f85/
n71
Invalid operation
Invalid operation
Invalid operation
Invalid operation
d176/
d19/
d217
d267/
d48
d8/
d85/
f117
f127
f131
f149/
f195
f22/
f235/
f65
f79/
f82/
f84/
n111/
n117/
n36/
n47/
n51/
n57
n61
f195:00 8B C5 C5 42 AA 09 25 9A C2 41 6D E5 E3 9C C0 00 00 00 00 00 00 00
Invalid operation
Invalid operation
Invalid operation
d119/
d155/
d182
d57/
d87
f170
f252/
f256/
f30
f64
f74
n0/
n34
f30:00 00
d119/
d155/
d182
d57/
d87
f111/
f153
f170
f191
f252/
f256/
f30
f64
f74
n0/
Invalid operation
d87:18
f74:8
f170:7
f30:7
f153:6
f64:1
d87:18
f74:8
Invalid operation
Invalid operation
f30:5D
d119/
d155/
d182
d57/
d87
f111/
f153
f170
f191
f252/
f256/
f3
f30
f58/
f64
f74
n0/
n49/
Invalid operation
f30:00 00
Null
Invalid operation
Invalid operation
d87:_6n92o39up 2qe1yxx8oiu
f95/
d87:_6n92o39up 2qe1yxx8oiu
d119/
d155/
d182
d202
d57/
d87
f111/
f153
f170
f191
f252/
f256/
f3
f30
f58/
f64
f74
n0/
n49/
Invalid operation
Null
Invalid operation
Invalid operation
d119/
d155/
d182
d202
d259/
d57/
f111/
f125
f153
f170
f191
f252/
f256/
f3
f30
f58/
f64
f74
n0/
n49/
Invalid operation
d112
d203
d75/
d77
f11
f122/
f131/
f14
f277/
f6
f67/
n115
n74
n80
n89/
f252/
f252/
d36:8A 0E
d36:00 00 00 C7
d70
f25/
f276/
Invalid operation
Invalid operation
d51/
f273/
n39
Invalid operation
Invalid operation
d77:qgewpzfuv1fjy5fxq_dxdv5doz031k9rpvt..6a-4a-trovh96jljrf0xx-g67d5 w4 f-fvjz8b
n74:8B 30 C6 99 C8 37 A4 4F 50 50 46 50
d77:qgewpzfuv1fjy5fxq_dxdv5doz031k9rpvt..6a-4a-trovh96jljrf0xx-g67d5 w4 f-fvjz8b
Invalid operation
Invalid operation
d51/
d77
f273/
f39/
n39
n39:mhbam1zzc3o3-b
d51/
d77
f273/
f39/
n39
Invalid operation
n89:dir:0
Invalid operation
d177
d177:1
Null
d36:7E F5 CF 3F 80 04 00 00 AF 0E 0A 3D 18 7B 5B 49 F9 F1 66 99 FD 45 0F 8A 6F F8 4A 00 00 00 00 00 00 C7 2B C3 4E A1 69 CD
d36:99 FD 45 0F 8A 6F F8 4A 00 00 00 00 00
Invalid operation
d36:99 FD 45 0F 8A 6F F8 4A 00 00
Invalid operation
n39:mhbam1zzc3o3
Invalid operation
Invalid operation
d51/
f12
f251/
f273/
f289
f39/
n24/
n39
d51:dir:0
Invalid operation
Invalid operation
n39:mhbam1zzc3o3x
Invalid operation
d36:0E 37 FF B8 2C 36 E5 90 E7 1F 7A F5 7E F5 CF 3F 80 04 00 00 AF 0E 0A 3D 18 7B 5B 49 F9 F1 66 99 FD 45 0F 8A 6F
Invalid operation
d70
f25/
f276/
d65
d69
f27/
Invalid operation
d70
f25/
f276/
d36:0A 3D 18 7B 5B 49 F9 F1 66 99 FD 45 2C 80 25 79 4A 00 00 00 7E 45 11 EC A5
Invalid operation
d70
f25/
f276/
d70
f25/
f276/
Invalid operation
Invalid operation
Invalid operation
d51:dir:0
/d280/d33/f202/n80/f150/d186/f0/f232/n74/f204/n81/f51/d122
d122
f113
f25/
f276/
Invalid operation
n39:mhbam1zzc3o3x3il9mdfa4xo 
n39:mhbam1zzc3o3x3il9mdfa4xo 
d51/
d78/
f12
f273/
f39/
n24/
n39
/d280/d33/f202/n80/f150/d186/f0/f232/n74/f204/n81/f51/f25/n39
n39:25
f12:0
Invalid operation
Invalid operation
d238:AD
d122
d125
d238
f113
f25/
f276/
f87/
n119/
/d280/d33/f202/n80/f150/d186/f0/f232/n74/f204/n81/f51/d122
d122
d125
d238
f113
f117
f25/
f276/
f87/
n119/
d122
d125
d238
f117
f25/
f276/
f87/
n119/
n56
d122
d125
d238
d95/
f117
f17
f25/
f276/
f87/
n119/
n56
n73/
Invalid operation
/d280/d33/f202/n80/f150/d186/f0/f232/n74/f204/n81/f51/d122
d125:DF 5B
d122:4u5m1.liv30fya4jym3naqom3j-q8l85y6w7yi.eorno
Null
Invalid operation
Invalid operation
d122
d125
d128/
d225/
d238
d270
d95/
f117
f128
f149
f25/
f251
f276/
f280/
f87/
n117
n119/
n56
n68
n70
n73/
n82/
d122:51
d238:16
f149:16
d125:10
f44:10
d270:9
n70:9
n56:7
f276:dir:0
d122:51
d238:16
f149:16
d125:10
f44:10
d122
d125
d128/
d225/
d238
d270
d95/
f117
f128
f149
f25/
f251
f276/
f280/
f44
f87/
n117
n119/
n56
n68
n70
n73/
n82/
Invalid operation
Invalid operation
Invalid operation
d105:0
d105
f196/
/d280/d33/f202/n80/f150/d186/f0/f232/n74/f204/f31/f196/d194
n114:dir:0
Invalid operation
f173:A4 A9 7F A5 A6 00 58 6D 37 A8 1A C1 E5 3A D9 06 03 59 DF 92 5C EA E2 00 00 94 F1 54
f150:md:5
f173:59 DF 92 5C
Invalid operation
/d280/d33/f202/n80/f150/d186/f0/f232/n74/f204/f31/f196/n114/f150
/d280/d33/f202/n80/f150/d186/f0/f232/n74/f204/f31/f196/n114/f150
f150:md:5
Invalid operation
Invalid operation
d194:d6lgj17clipgvx6f.z0p9c2p35hmaux
Invalid operation
Invalid operation
Invalid operation
Invalid operation
f68:9
Invalid operation
f196/
f68
Invalid operation
d215:12
f173:A4 DD 63 E9 4D 00 58 6D 37 A8 1A C1 E5 3A D9 06 03 59
d194
f114
n114/
n20
Invalid operation
Null
d154
d194
f114
f164
f171/
n114/
d194:d6lgj17clipgvx6f.z0p9c2p35hmauxx4
f173:D0 8E A8 1A C1
n114:dir:0
Invalid operation
d194
f114
f164
f171/
n114/
/d280/d33/f202/n80/f150/d186/f0/f232/n74/f204/f31/d215
/d280/d33/f202/d215
Invalid operation
d201
f173
f287
f31/
n81/
Null
Invalid operation
Invalid operation
d36:36 E5 90 E7 1F 7A F5 7E F5 CF 3F 80 60 2C F4 84 8F 85 39 6E 7B 5B 49 F9 F1 66 99 FD 45 2C 80 25 79
Invalid operation
Invalid operation
Invalid operation
n109:dir:0
Invalid operation
d111/
d193/
d275
d36
d44
d60
d61/
f10/
f101
f102
f105/
f178
f234
f39/
f51/
f58
f65/
f71
f82
n109/
n25/
n47/
n50/
n53
n86/
Invalid operation
Invalid operation
d36:EC A5
Invalid operation
Invalid operation
n119/
d70/
f0
f157/
f192
d70/
f0
f157/
f192
Invalid operation
Invalid operation
Invalid operation
Invalid operation
Invalid operation
d166
d201
f102/
f173
f287
f290
f31/
n81/
Invalid operation
f173:0F C7 E3 87 94 F1 54 44 BD F9 C1 00 22 0C 96
Invalid operation
d166
d201
d218
d29
f102/
f173
f287
f290
f31/
n22
n81/
Invalid operation
/d280/d33/f202/n80/f150/d186/f0/f232/n74/f204/f31/d215
/d280/d33/f202/d215
Invalid operation
Invalid operation
f265:00
f196:dir:0
f265:87 89
Invalid operation
Null
d215:rgjzckz8o2hy-v054. 3nc2
f265:AB 2F 3D 36 9A
d145/
d215
d43
f175/
f196/
f224
f265
n116
n119/
n79
Invalid operation
d145/
d215
d43
f175/
f196/
f224
f265
n116
n119/
n41
n79
f265:9B
Invalid operation
f265:2F
d215:rgjzckz8o2hy-v054. 3nc2ia6ndx0d_deoojm
Invalid operation
f265:9B
Invalid operation
Invalid operation
/d280/d33/f202/d137
d286/
f114
f171/
f250/
f29/
n114/
f114:
Invalid operation
Invalid operation
Invalid operation
d7/
d71
f216
f263/
n66/
d7/
d71
f216
f263/
f60/
n66/
d7/
d71
f216
f263/
f60/
n66/
Invalid operation
d71:97 00
/d280/d33/f202/n80/f150/d186/f0/f232/n74/f204/f31/f196/n114/d71
Invalid operation
d71:97
d286/
f171/
f250/
f29/
n114/
d286/
f116
f171/
f250/
f29/
f9
n114/
f9:92
Invalid operation
Invalid operation
f263:dir:0
Invalid operation
Invalid operation
/d280/d33/f202/n80/f150/d186/f0/f232/n74/f204/f31/f196/n114/d71
d71:97
d71:97
Invalid operation
Invalid operation
Invalid operation
d71:C6
Invalid operation
Invalid operation
d103
d105
d7/
d71
f160/
f216
f233/
f263/
f277
f60/
n25
n66/
n70
n75
n27
Invalid operation
n66:dir:0
d105
d7/
d71
d99
f160/
f216
f22/
f233/
f263/
f277
f60/
n25
n66/
n70
n75
Invalid operation
Invalid operation
d101
d105
d7/
d71
d99
f160/
f216
f22/
f233/
f263/
f277
n25
n48/
n66/
n70
n75
Invalid operation
f116:8
f9:7
d177:0
Invalid operation
n114:dir:0
f265:C2
Invalid operation
Invalid operation
Invalid operation
d4:17
f116:9
d4
f116
f171/
f210/
f29/
n114/
Invalid operation
/d280/d33/f202/n80/f150/d186/f0/f232/n74/f204/f31/f196/f116
f116:8klzrtsex
d26
d4
f116
f171/
f210/
f22
f25/
f29/
n114/
d26
d4
f116
f171/
f210/
f22
f25/
f29/
n114/
f116:8klzrtsex
/d280/d33/f202/n80/f150/d186/f0/f232/n74/f204/f31/f196/f116
Invalid operation
f116:8klzrtsex
f216:dir:0
f107:k4uwk2bd1-sj5tgi._n1ki5oha 5axctvp
f22:C7
Invalid operation
d177:-k
Invalid operation
d279/
n19/
d279/
n19/
f22:5F 8F CE DA 54 D9 09 3B 00 40 00 00 00 16
Invalid operation
d279:dir:0
Invalid operation
d28:C7 00 00 00 00
d173/
d279/
d28
f178
n56/
/d280/d33/f202/n80/f150/d186/f0/f232/n74/f204/f31/f196/f171/f216/f36/d28
d173/
d279/
d28
d35/
n19/
n56/
d173/
d279/
d28
d35/
n19/
n56/
d28:00 00 00 00 00
Invalid operation
d28:F6
d75/
d28:C2 00
d134/
Invalid operation
Invalid operation
d173/
d180/
d250
d279/
d65/
f217
n114/
n19/
n56/
d180/
d250
d279/
d65/
f217
n114/
n19/
n56/
Invalid operation
d250:AA
Invalid operation
Null
d177
f36/
n115/
Invalid operation
f22:BF 6C 0E 7A
d162/
f107
f216/
/d280/d33/f202/n80/f150/d186/f0/f232/n74/f204/f31/f196/f171/f107
f107:k4uwk2bd1-sj5tgi._n1ki5oha 5axctvpblxfkcl0t1.xvgx
f22:0E 7A C5
Invalid operation
Invalid operation
/d280/d33/f202/n80/f150/d186/f0/f232/n74/f204/f31/f196/f171/f107
/d280/d33/f202/n80/f150/d186/f0/f232/n74/f204/f31/f196/f171/f107
f178:A2 44 BE 24
f216:dir:0
d26
d4
f116
f171/
f210/
f22
f25/
f29/
n114/
d26
d4
f116
f171/
f210/
f22
f25/
f29/
n114/
/d280/d33/f199
Null
Invalid operation
Invalid operation
n114:dir:0
f22:00
/d280/d33/f202/n80/f150/d186/f0/f232/n74/f204/f31/f196/d4
Invalid operation
d126/
d16/
d26
d4
f171/
f210/
f213/
f22
f25/
f284
f29/
n114/
n3/
d126/
d16/
d26
d4
f171/
f210/
f213/
f22
f25/
f284
n114/
n3/
Invalid operation
f265:31 90 E0
/d280/d33/f202/n80/f150/d186/f0/f232/n74/f204/f31/d215
/d280/d33/f202/d215
f265:7C
d215:rgjzckz8o2hy-v054. 3nc2ia6ndx0d_deoojm1wh07nnh_xfxyo3dbmhzsr4 
Invalid operation
d215:rgjzckz8o2hy-v054. 3nc2ia6ndx0d_deoojm1wh07nnh_xfxyo3dbmhzsr4 
f265:00
d276
n2/
d276
n2/
n83/
d276
f242
n2/
n83/
/d280/d33/f202/n80/f150/d186/f0/f232/n74/f204/f31/d169/n26/d276
/d276
d276
f242
n2/
n83/
Invalid operation
d276
f242
f258
n2/
n35
n83/
Null
d276
f242
f258
n2/
n35
n83/
f265:4F 00 00
d3/
n110
n24
Invalid operation
f265:06 81 5F 4F 00 00 00 00 22 1F 67
f265:81 5F 4F 00 00 00
d276
f242
f258
n2/
n83/
/d280/d33/f202/n80/f150/d186/f0/f82
/d280/d33/f202/n80/f150/d186/f0/f232/n74/f204/f31/d169/n26/n2/n24
f265:D3 2A D4 76 91 0D 7B 54 05 4E 5F 4F 00
Invalid operation
Invalid operation
n26/
Invalid operation
Invalid operation
/d280/d33/f202/n80/f150/d186/f0/f232/n74/f204/f31/d215
/d280/d33/f202/d215
d215:rgjzckz8o2hy-v054. 3nc2ia6ndx0d_deoojm1wh07nnh_xfxyo3dbmhzsr4 
d129
d145/
d169/
d215
d43
f175/
f196/
f224
f265
f28
n116
n119/
n41
n79
d129
d145/
d169/
d215
d43
f175/
f196/
f224
f265
f28
n116
n119/
n41
n79
f196:dir:0
Invalid operation
n82: w0v8v9zrcj
Invalid operation
f204/
n82
d275
f204/
n82
n82:12
Invalid operation
f191/
f204/
n82
Invalid operation
Invalid operation
Invalid operation
n82:12
d237/
d59
f117/
f202/
f215/
n63/
n69
n74/
n91
n94/
Invalid operation
f140:30ubp0.la5sjydzilk7hhbwj- _k1n7_ne21v.j03h jbr4m6fobc3fc h2q5l--wa1avn-o78bnxx
/d280/d33/f202/n80/f150/d186/f0/f269/d207
Invalid operation
d124/
d128/
d190
d21
d70
d73/
d78/
f0/
f119/
f168
f183
f213/
f271
f64/
n13
n58/
n63
n78/
n88
Invalid operation
f79:2A C5 F4 7F 00 00 00 00 00
/d280/d33/f202/n80/f150/d135
Invalid operation
d135:qr6dlubbc.oq rjp0x0e6g5te.nd likni9ehnk.0
f79:38 84 C8 20 37 47
d135:qr6dlubbc.oq rjp0x0e6g5te.nd likni9ehnk.0
Invalid operation
d135:qr6dlubbc.oq rjp0x0e6g5te.nd likni9ehnk.0
Invalid operation
d135:qr6dlubbc.oq rjp0x0e6g5te.nd likni9ehnk.0
d135:41
d115/
d172/
d219/
d283/
d46/
Invalid operation
d127
d135
d186/
d40/
d135:qr6dlubbc.oq rjp0x0e6g5te.nd likni9ehnk.0
d135
d186/
d40/
/d280/d33/f202/n80/f150/d186/d21
d21:lwsz_tsyiu6nbujrah8g9e4j_.r_bp9rf62n6g 1jyvibhxxx
f213:dir:0
f213:dir:0
Invalid operation
Invalid operation
d21:59
n63:46
n88:17
d70:11
f271:9
n13:4
n87:3
f183:1
d124/
d128/
d183
d190
d21
d70
d78/
f0/
f119/
f136
f168
f183
f213/
f271
f64/
n13
n58/
n63
n78/
n87
n88
n63:DE CF 6B F7 EC 27 D8 79 CA A2 00 55 9C 44 32 7E 71 DB 4D E4 00 07 A2 C7 00 00 00 05 A7
/d280/d33/f202/n80/f150/d186/d21
Invalid operation
Invalid operation
f213:dir:0
Invalid operation
f79:97 0F 58 6D FD 94 3A 00 38 84 C8 20 37 47 57 E0 B6 99 EA C3 2A
Invalid operation
Invalid operation
Invalid operation
/d280/d33/f202/n80/f150/d186/d124/d43
Invalid operation
d43:x3yqdru- urqlpepg0t3jm073z1
Invalid operation
Invalid operation
Invalid operation
/d280/d33/f202/n80/f150/d135
d135:qr6dlubbc.oq rjp0x0e6g5te.nd likni9ehnk.0
f79:58 6D FD 94 3A 00 38 84 C8 20 37 47 57 E0 B6 99 EA C3 2A A1 43 70 49 2A C5 F4 7F 00 00 00 00 00 00 00 00
n63:9F 68 C0 77 87 4C DE CF 6B F7 EC 27 D8
Null
d232/
f67
n28
Invalid operation
d232/
f228
f67
d10/
d124/
d128/
d190
d21
d210
d70
d78/
f0/
f119/
f136
f158
f168
f183
f213/
f236/
f271
f59
n13
n58/
n63
n87
n88
n94
n63:66
Invalid operation
d10/
d124/
d128/
d190
d21
d210
d70
d78/
f0/
f136
f158
f168
f183
f213/
f236/
f271
f59
n13
n58/
n63
n88
n94
Invalid operation
Invalid operation
n63:00 07 A2 C7 00 00 00 05 A7 0A 05
d169/
d42/
Invalid operation
d155/
f177
f276/
f295/
f93
n37
n63:DB 4D E4 00 07 A2 C7
d155/
d31
f160
f177
f276/
f295/
f80/
f93
n37
n94
Invalid operation
Invalid operation
d135
d186/
d236/
d40/
d53/
f229
f278/
/d280/d33/f202/n80/f150/d135
d135:qr6dlubbc.oq rjp0x0e6g5te.nd likni9ehnk.0
d135
d186/
d236/
d40/
d53/
f120
f168/
f229
f278/
d135
d186/
d236/
d40/
d53/
f120
f168/
f229
f278/
n106
Invalid operation
Invalid operation
f150/
f282/
Invalid operation
Invalid operation
d29
f150/
f282/
d29
f150/
Invalid operation
Invalid operation
Invalid operation
/d280/d33/f202/f79
Invalid operation
d137
d17/
d215
d231
d277/
d287/
d94/
d97/
f130/
f164
f222/
f233/
f238
f257/
f294
f38/
f79
f90/
f92
n0/
n2
n23/
n32
n37
n76
n80/
d137
d17/
d215
d231
d277/
d287/
d94/
d97/
f130/
f164
f222/
f233/
f238
f257/
f294
f38/
f79
f90/
f92
n0/
n2
n23/
n32
n37
n76
n80/
d137
d17/
d215
d231
d277/
d287/
d94/
d97/
f130/
f164
f222/
f233/
f238
f257/
f294
f38/
f78
f79
f90/
f92
n0/
n2
n23/
n32
n37
n76
n77
n80/
d137
d17/
d215
d231
d277/
d287/
d94/
d97/
f130/
f164
f222/
f233/
f238
f257/
f294
f38/
f78
f79
f90/
f92
n0/
n2
n23/
n32
n37
n76
n77
n80/
d137
d17/
d215
d231
d277/
d287/
d94/
d97/
f130/
f164
f222/
f233/
f238
f257/
f294
f38/
f78
f79
f90/
f92
n0/
n2
n23/
n32
n37
n76
n77
n80/
Invalid operation
d137
d17/
d215
d231
d277/
d287/
d94/
d97/
f130/
f164
f222/
f233/
f238
f257/
f294
f38/
f78
f79
f90/
f92
n0/
n2
n23/
n32
n37
n76
n77
n80/
Null
d137
d17/
d215
d231
d277/
d287/
d94/
d97/
f130/
f164
f222/
f233/
f238
f257/
f294
f38/
f78
f79
f90/
f92
n0/
n2
n23/
n32
n37
n76
n77
n80/
Invalid operation
f79:C3 2A A1 43 70 13 95 71 BF 1A 37 EC 00 00 9F 35 CA EA 00 00 64 E8 61 58 E3 00 00 00
d138/
d148
d287/
d288
d33/
d41
d99
f101
f161
f260
f266/
f277/
f293/
f42/
f69/
n102
n28/
Null
Invalid operation
f161:F0 99 F1
Invalid operation
Invalid operation
Invalid operation
f5:dir:0
f27:dw9c.5hm4hkhf1mu2r6p4nb9o0pdxa3.hxxmondxmmy-fpgr4m384zyqxxzae6b-oxxnf7 u87x1jy-a_ldu7s_-xis3zz66u va13xjuigp0dc4l6qd4_2ptikmlgcuk7 
f27:131
d109:122
d185:47
f27:dw9c.5hm4hkhf1mu2r6p4nb9o0pdxa3.hxxmondxmmy-fpgr4m384zyqxxzae6b-oxxnf7 u87x1jy-a_ldu7s_-xis3zz66u va13xjuigp0dc4l6qd4_2ptikmlgcuk7 
f27:131
d109:122
d185:54
f27:131
d109:122
d185:54
f27:131
d109:122
d185:54
f27:131
d109:122
d185:47
f27:131
d109:122
d185:47
d1/
d105/
d109
d116
d12/
d135/
d149/
d161
d163/
d168/
d17/
d185
d19
d201
d209/
d21/
d221/
d234/
d275
d276
d280/
d33
d70/
d78/
d80/
f111/
f143
f175/
f185/
f188
f205/
f219/
f226/
f236/
f239
f24/
f240/
f245/
f246/
f254
f256/
f267
f27
f276
f35/
f5/
f60/
f61/
f76/
n1
n105/
n22/
n48
n51/
n58/
n72/
n74/
n86/
n88/
n94
f27:143
d109:122
d185:47
f27:131
d109:122
d185:47
f6:dvlk0gq1x5mfniuqbgpke6gufhspiml0ix a9aacprcdw.s6
f15:txt:112
d122
d148
d164
d241/
d245
d29/
d35
f1
f107/
f148
f15
f19/
f191
f197/
f225/
f231/
f7
f79/
f91
n62
n88
n94
Invalid operation
Invalid operation
n8:00 00 00 BF 42
f6:dvlk0gq1x5mfniuqbgpke6gufhspiml0ix a9aacprcdw.s66 n5ns_q9dbbneg5yupyjr.
n8:00
Invalid operation
/f111/f6
d180
d274
d63
d98
f171
f205
f236
f282
f45
f6
f86
f97/
n15/
n28
n34/
n59
n8
n90/
f6:dvlk0gq1x5mfniuqbgpke6gufhspiml0ix a9aacprcdw.s66 n5ns_q9dbbneg5yupyjr.5i0x7-k
f6:md:78
Invalid operation
n8:72 50 D8
f133
f7:25 79 71 4F D2
Invalid operation
Invalid operation
f15:8paf 1h_wuxl5gycbz _sx1f.pr8un8pmgn0z85xbq2..qxf6u_u3tze3o0aeofyza5oxonb8g.q-x8qr249i8y9w6l0 kf71ky5ezqmljou_.f-36 v8lhrt96_ 2qoagljwo.xxdvx0x_
f15:8paf 1h_wuxl5gycbz _sx1f.pr8un8pmgn0z85xbq2..qxf6u_u3tze3o0aeofyza5oxonb8g.q-x8qr249i8y9w6l0 kf71ky5ezqmljou_.f-36 v8lhrt96_ 2qoagljwo.xxdvx0x_
Invalid operation
f7:4F
Invalid operation
d46
f157
d46:s607j.yjcjvb.a-2h
Invalid operation
Invalid operation
d46:s607j.yjcjvb.a-2h
d46:s607j.yjcjvb.a-2h
d22
d46
f157
f173/
f229
f157:00 9E D4 B5
Invalid operation
Invalid operation
Invalid operation
f210:5E
f210
f210:bin:5
f110/
f210
f30
Invalid operation
Invalid operation
Null
Invalid operation
Invalid operation
Invalid operation
f30:7
f210:5
f157:B6 4E 0F 9E D4 B5 23 63 48 83 11
f110/
f243
f270
f30
f36/
f110/
f243
f270
f36/
/f111/n34/f221/f173/d128/f270
d128/
d155/
d178
d21
f282
f83/
n79
f157:E8 B6 F6 0F 9E D4 B5 23 63 48
f157:23
d151/
d86/
d87/
f105
f110/
f164
f243
f270
f36/
n11
Invalid operation
f282:9gxrmxfhnfg48r7a36zmz
f282:9gxrmxfhnfg48r7a36zmzx
Null
d128/
d155/
d178
d21
d221
f282
f83/
n79
d128/
d155/
d178
d21
d221
f282
f83/
n79
n59:txt:15
d221:C4
Invalid operation
f282:9gxrmxfhnfg48r7a36zmzxwu8o-tq9g02n4 ibu
f282:46
d127:14
Invalid operation
d221:21 80 3A 4D A5 E1 C4
/f111/n34/f221/f173/d128/f270
Invalid operation
Invalid operation
Null
d151/
d249
d3
d71
d86/
d87/
f105
f110/
f12
f164
f22/
f243
f270
f36/
n11
n3/
n38
n44
n50
n56
n86/
d151/
d249
d3
d71
d86/
d87/
f105
f110/
f12
f164
f22/
f243
f270
f36/
n11
n3/
n38
n44
n50
n56
n86/
Invalid operation
d151/
d249
d3
d71
d84
d86/
d87/
f105
f110/
f12
f164
f22/
f24
f243
f270
f36/
n11
n3/
n38
n44
n50
n56
n86/
Invalid operation
n44:33 00
n114
Invalid operation
Invalid operation
n114:17
n114:md:17
d182/
d191
d206
f102
f231
n114
n20
Invalid operation
n20:3egcb5djc
Invalid operation
n20:9
n114:vk_ftp5 -7fsaices-6h5ljcwjp5q77m6ti
d53/
Invalid operation
d53/
n57
d134
d53/
n57
Invalid operation
d53:dir:0
Invalid operation
Invalid operation
Invalid operation
Invalid operation
Invalid operation
Invalid operation
Invalid operation
/f111/n34/f221/f173/d128/d86/d182/n2
d151/
d249
d3
d71
d84
d86/
d87/
f105
f110/
f12
f164
f182
f22/
f24
f270
f36/
n11
n3/
n38
n44
n50
n56
n86/
Invalid operation
Invalid operation
/f111/n34/f221/f173/d128/d86/n114
d182/
d191
d206
d241/
f198/
f231
n114
d182/
d191
d206
d241/
f198/
f231
n114
f36:dir:0
d108/
d151/
d249
d71
d84
d86/
d87/
f105
f110/
f12
f164
f182
f22/
f23
f24
f270
f36/
n11
n3/
n38
n44
n50
n56
n86/
f270:hwf6eyljn52.kd2bs0-ae1xqush7gxqq9ax478x
/f111/n34/f221/f173/d128/f270
Invalid operation
/f111/n34/f221/f173/f282
/f111/f282
d127
d128/
d155/
d178
d21
d221
d276
d45/
f255
f282
f83/
n46
n5
n79
n80/
d221:EF
d221:EB DA DC 47
f103/
f239
d221:28 00 00 00 21 80 3A 4D A5 E1 C4 00
/f111/n34/f221/f173/f282
/f111/f282
f282:9gxrmxfhnfg48r7a36zmzxwu8o-tq9g02n4 ibuxr5.6w0b3-d
/f111/n34/f221/f173/f282
/f111/f282
d202
f103/
Invalid operation
Invalid operation
d192/
f249
n110
n18
/f111/n34/f221/f173/d45/f103/f249
Invalid operation
f249:
d69
Null
f249:
f249:
d192/
f249
f259
n110
n18
d192/
f249
f259
n110
n18
d221:A5 E1 C4 DD F6 3C
d154/
d253/
n101
/f111/n34/f221/f173/d45/f103/d192/n101
d221:F2 33 FF 96
f190:afp2_czwhoewh3i
f190
f190:txt:15
f190:txt:15
f249:md:0
Invalid operation
Invalid operation
n31:14
f249:0
f94:0
f95
n40/
f95
n40/
n66
f95:txt:13
Invalid operation
Invalid operation
f158
f220/
f268/
Null
f113:CD
f113:CD
d41
d70
f113
f158
f220/
n96/
Invalid operation
Invalid operation
Invalid operation
d221:47 EF F2 33 FF 96 A4 00
f249:
Invalid operation
f83:dir:0
Invalid operation
Invalid operation
f270:52
n44:24
Invalid operation
Invalid operation
f270:hwf6eyljn52.kd2bs0-ae1xqush7gxqq9ax478xy1o0d2lfgpwc0
d0/
d108/
d151/
d249
d71
d84
d86/
d87/
f105
f110/
f164
f182
f22/
f23
f24
f270
f36/
n11
n17
n3/
n38
n44
n50
n56
n86/
d0/
d108/
d151/
d249
d71
d84
d86/
d87/
f105
f110/
f164
f182
f22/
f23
f24
f270
f36/
n11
n17
n3/
n38
n44
n50
n56
n86/
f270:52
n44:24
d84:15
f105:13
d221:00 00 00 00 18
Invalid operation
d120
d127
d128/
d155/
d178
d21
d221
d258
d276
d281
d45/
f255
f279/
f282
f83/
f99/
n46
n5
n79
n80/
Invalid operation
d120
d127
d128/
d155/
d178
d21
d221
d258
d276
d281
d45/
f255
f279/
f282
f83/
f99/
n46
n5
n79
n80/
Invalid operation
d221:EF F2 33 FF
f282:69
d221:35
d127:14
n46:13
d127
d128/
d155/
d178
d21
d221
d258
d276
d281
d45/
f255
f262
f279/
f282
f297/
f83/
f99/
n46
n5
n71
n79
n80/
Invalid operation
d127
d128/
d130
d155/
d178
d21
d221
d258
d276
d281
d45/
f255
f262
f279/
f282
f297/
f83/
f99/
n46
n5
n71
n79
n80/
Invalid operation
f282:9gxrmxfhnfg48r7a36zmzxwu8o-tq9g02n4 ibuxr5.6w0b3-dk47ull4vx-uo9n.3qgd
d221:33 FF 96 A4 00 00 00 00 00 00
d127
d128/
d130
d155/
d178
d21
d221
d258
d276
d281
d45/
f255
f262
f279/
f282
f297/
f83/
f99/
n46
n5
n71
n79
n80/
Invalid operation
d221:F5 86 DF 6A AF 04 E8 A6 A5 E1 C4 DD F6 3C
Invalid operation
d46
f157
f173/
f229
d46:s607j.yjcjvb.a-2hh3-kio
d46:s607j.yjcjvb.a-2hh3-kio
Invalid operation
Null
d46:s607j.yjcjvb.a-2hh3-kionm1jzqajlk4hgj5
d46:txt:38
Invalid operation
f157:D4 B5 23 63 48 83 11 C4
Invalid operation
d46:txt:38
Null
n8:00 16 6C 8F A7 37 B0 15 50
n8:6C 8F A7
d180
d181/
d200
d247/
d274
d45/
d57
d63
d98
f154
f171
f205
f236
f282
f284
f45
f53/
f6
f86
f97/
n104/
n15/
n28
n34/
n59
n8
n90/
d180
d181/
d200
d247/
d274
d45/
d57
d63
d98
f154
f171
f205
f236
f282
f284
f45
f53/
f6
f86
f97/
n104/
n15/
n28
n34/
n59
n8
n90/
Invalid operation
Invalid operation
d180
d181/
d247/
d274
d45/
d57
d63
d98
f154
f171
f205
f236
f282
f284
f291
f45
f53/
f6
f86
f97/
n104/
n15/
n28
n34/
n59
n8
n90/
Invalid operation
Invalid operation
d180
d181/
d247/
d274
d39
d45/
d57
d63
d98
f11
f154
f171
f205
f236
f284
f291
f299
f45
f53/
f6
f70
f86
f90/
f97/
n104/
n15/
n28
n34/
n42/
n59
n8
n90/
f6:md:103
f6:103
n8:24
d1/
d105/
d109
d116
d12/
d135/
d149/
d161
d163/
d168/
d17/
d185
d19
d201
d209/
d21/
d221/
d234/
d275
d276
d280/
d33
d70/
d78/
d80/
f111/
f143
f175/
f185/
f188
f205/
f219/
f226/
f236/
f239
f24/
f240/
f245/
f246/
f254
f256/
f267
f27
f276
f35/
f5/
f60/
f61/
f76/
n1
n105/
n22/
n48
n51/
n58/
n72/
n74/
n86/
n88/
n94
f27:131
d109:122
d185:47
d180
d181/
d247/
d274
d39
d45/
d57
d63
d98
f11
f154
f171
f205
f284
f291
f299
f45
f53/
f6
f67
f70
f86
f90/
f97/
n104/
n15/
n28
n34/
n42/
n59
n8
n90/
f6:dvlk0gq1x5mfniuqbgpke6gufhspiml0ix a9aacprcdw.s66 n5ns_q9dbbneg5yupyjr.5i0x7-k75ek.la0ozh.9wb82xmecj x0.b
n8:61 2F C3 84 64 3D 28
f245:dir:0
n8:84
Invalid operation
f245:dir:0
Invalid operation
f235/
f245/
Invalid operation
n8:6C 30 3D B1 1F
Invalid operation
d19
d201/
d58
n107
n87
Invalid operation
d19
d201/
d58
f242
n107
n21/
n87
Invalid operation
n87:s6x887r2cnm0x
n87:13
d58:11
n107:8
d19:2
n87:txt:13
d107
d19
d201/
d58
f242
n107
n21/
Invalid operation
Invalid operation
f235/
f245/
f235/
f245/
n52/
n8:3D B1 1F E3 BE 00 00 00 00 61 2F C3 84
Invalid operation
Invalid operation
d199/
f245/
n52/
n8:6C 30 3D B1 1F 52 60 4F 89 00 00 61 2F C3 84
d199/
f107
f245/
n52/
Invalid operation
Invalid operation
d199/
f139/
f245/
n52/
/f111/n42/d224
d195
d199/
d224
d234
f139/
f245/
f276/
n52/
Invalid operation
n8:4F 89 00 00 61 2F
d195
d199/
d224
d234
d25
f139/
f245/
f4
n52/
n8:EE
d224:10
d195:5
d25:1
d234:0
f245:dir:0
/f111/n42/d195
f245:dir:0
d195
d199/
d234
f245/
f4
n52/
Invalid operation
Invalid operation
Invalid operation
/f111/n42/d195
f138/
d195:vp3rkj734hyt86ronfxx
n62:
n8:00 16 6C 30 3D CE EE 3F 63 92 89 00 00 61 2F C3
f102
f138/
n62
d26
f102
f138/
n46/
n62
d26:0
f102:0
n62:0
Null
d26
f102
f138/
n62
d26:0
f102:0
n62:0
d26
f102
f138/
n62
Invalid operation
Invalid operation
d26
f102
f138/
n62
n62:
Invalid operation
Invalid operation
n8:00 00 00 00 54 25 C3 A2 CD
f6:119
n8:27
n59:17
f291:15
f6:md:119
f6:md:131
Invalid operation
Invalid operation
d185:81 52 29 66 80 6E EB 00 E5 44 A7 DC FA
f27:143
d109:122
d185:47
f27:143
d109:122
d185:47
Invalid operation
f27:131
d109:122
d185:47
d1/
d105/
d109
d116
d12/
d135/
d149/
d161
d163/
d168/
d17/
d185
d19
d201
d209/
d21/
d221/
d234/
d275
d276
d280/
d33
d70/
d78/
d80/
f111/
f143
f175/
f185/
f188
f205/
f219/
f226/
f236/
f239
f24/
f240/
f245/
f246/
f254
f256/
f267
f27
f276
f35/
f5/
f60/
f61/
f76/
n1
n105/
n22/
n48
n51/
n58/
n72/
n74/
n86/
n88/
n94
f27:dw9c.5hm4hkhf1mu2r6p4nb9o0pdxa3.hxxmondxmmy-fpgr4m384zyqxxzae6b-oxxnf7 u87x1jy-a_ldu7s_-xis3zz66u va13xjuigp0dc4l6qd4_2ptikmlgcuk7 
Invalid operation
f27:131
d109:122
d185:47
d1/
d105/
d109
d116
d12/
d135/
d149/
d161
d163/
d168/
d17/
d185
d19
d201
d209/
d21/
d221/
d234/
d275
d276
d280/
d33
d70/
d78/
d80/
f111/
f143
f175/
f185/
f188
f205/
f219/
f226/
f236/
f239
f24/
f240/
f245/
f246/
f254
f256/
f267
f27
f276
f35/
f5/
f60/
f61/
f76/
n1
n105/
n22/
n48
n51/
n58/
n72/
n74/
n86/
n88/
n94
Null
d185:29 66 19 25 D3 D9 33 EE 4B 37 FA F7 43 E6 E8 67 FA 4A A9 C1 3C DA 1C A2 25
d185:DA 8C EC
d185:B7 16 C1 38 43 E6 E8 67 FA 4A A9 C1 3C DA 1C A2 25 DA 8C EC F5 36 2E
Invalid operation
f5:dir:0
f27:139
d109:122
d185:48
Null
Invalid operation
Invalid operation
f27:138
d109:122
d185:48
Invalid operation
f27:dw9c.5hm4hkhf1mu2r6p4nb9o0pdxa3.hxxmondxmmy-fpgr4m384zyqxxzae6b-oxxnf7 u87x1jy-a_ldu7s_-xis3zz66u va13xjuigp0dc4l6qd4_2ptikmlgcuk7 dnj77-7
Null
f27:151
d109:122
d185:45
Invalid operation
Invalid operation
f27:151
d109:122
d185:45
Invalid operation
f27:151
d109:122
d185:48
Invalid operation
d185:D9 33 EE 4B 37 FA F7 43 E6 E8 67 FA 4A A9 C1 3C DA 1C A2 25 DA 8C EC F5 36
Invalid operation
Invalid operation
f27:152
d109:122
d185:48
f27:152
d109:122
d185:48
f27:152
d109:122
d185:48
f27:152
d109:122
d185:48
f27:151
d109:122
d185:48
d185:D3 D9 33 EE 4B 37 FA F7 43 E6 E8
f27:151
d109:122
d185:49
d185:5D E4 61 B4 6F 9D F1 65 45 A0 B5 81 52 29 66 19 25 D3 D9 33 EE 4B 37 FA F7 43 E6 E8 67 FA
f27:151
d109:122
d185:49
f27:168
d109:122
d185:49
d275:15
d33:15
d19:10
f254:6
d1/
d105/
d109
d116
d12/
d135/
d149/
d161
d163/
d168/
d17/
d185
d19
d201
d209/
d21/
d221/
d234/
d275
d276
d280/
d33
d70/
d78/
d80/
f111/
f143
f175/
f185/
f188
f205/
f219/
f226/
f236/
f239
f24/
f240/
f245/
f246/
f254
f256/
f267
f27
f276
f35/
f5/
f60/
f61/
f76/
n1
n105/
n22/
n48
n51/
n58/
n72/
n74/
n86/
n88/
n94
f27:168
d109:122
d185:49
f27:dw9c.5hm4hkhf1mu2r6p4nb9o0pdxa3.hxxmondxmmy-fpgr4m384zyqxxzae6b-oxxnf7 u87x1jy-a_ldu7s_-xis3zz66u va13xjuigp0dc4l6qd4_2ptikmlgcuk7 dnj77-7c36hh.aa563tv1g09m.n17g56libaw
f27:168
d109:122
d185:54
Invalid operation
d185:B2 76 40 FB 88
Invalid operation
d1/
d105/
d109
d116
d12/
d135/
d149/
d161
d163/
d168/
d17/
d185
d19
d201
d209/
d21/
d221/
d234/
d275
d276
d280/
d33
d70/
d78/
d80/
f111/
f143
f175/
f185/
f188
f205/
f219/
f226/
f236/
f239
f24/
f240/
f245/
f246/
f254
f256/
f267
f276
f35/
f5/
f60/
f61/
f76/
n1
n105/
n22/
n48
n58/
n72/
n74/
n86/
n88/
n94
Invalid operation
Invalid operation
Invalid operation
Invalid operation
d109:122
d185:48
d275:15
Invalid operation
d109:122
d185:49
d275:15
d109:122
d185:49
d275:15
d109:122
d185:49
d275:15
Null
Invalid operation
Invalid operation
d109:122
d185:49
d275:15
Invalid operation
d109:122
d185:50
d275:15
d1/
d105/
d109
d116
d12/
d135/
d149/
d161
d163/
d168/
d17/
d185
d19
d201
d209/
d21/
d221/
d234/
d275
d276
d280/
d33
d70/
d78/
d80/
f111/
f143
f165/
f175/
f185/
f188
f205/
f219/
f226/
f230
f236/
f239
f24/
f240/
f245/
f246/
f254
f256/
f267
f276
f35/
f5/
f60/
f61/
f76/
n1
n105/
n22/
n48
n58/
n72/
n74/
n86/
n88/
n94
d1/
d105/
d109
d116
d12/
d135/
d149/
d161
d163/
d168/
d17/
d185
d19
d201
d209/
d21/
d221/
d234/
d275
d276
d280/
d33
d70/
d78/
d80/
f111/
f143
f165/
f175/
f185/
f188
f205/
f219/
f226/
f230
f236/
f239
f24/
f240/
f245/
f246/
f254
f256/
f267
f276
f35/
f5/
f60/
f61/
f76/
n1
n105/
n22/
n48
n58/
n72/
n74/
n86/
n88/
n94
Invalid operation
d109:122
d185:50
d275:15
d109:122
d185:50
d275:15
d109:122
d185:48
d275:15
d109:122
d185:47
d275:15
/f267
d1/
d105/
d109
d116
d12/
d135/
d149/
d161
d163/
d168/
d17/
d185
d19
d201
d209/
d21/
d221/
d234/
d275
d276
d280/
d33
d70/
d78/
d80/
f111/
f143
f175/
f185/
f188
f205/
f219/
f226/
f236/
f239
f24/
f240/
f245/
f246/
f254
f256/
f267
f276
f35/
f5/
f60/
f61/
f76/
n1
n105/
n111
n22/
n48
n58/
n72/
n74/
n86/
n88/
n94
Invalid operation
d119
d182
d286/
d55
f129/
f134
f174
f188/
f226/
f274
f59
f79
f83
n93
d119:FC
d119
d182
d256
d286/
d55
f129/
f188/
f226/
f274
f59
f79
f83
n93
Null
Invalid operation
d119
d182
d256
d286/
d55
d87/
f129/
f188/
f226/
f274
f59
f79
f83
n50
n93
d119
d182
d256
d286/
d55
d87/
f129/
f188/
f226/
f274
f59
f79
f83
n50
n93
d119
d182
d256
d286/
d55
d87/
f129/
f188/
f226/
f274
f59
f79
f83
n50
n93
d119
d182
d256
d286/
d55
f129/
f188/
f226/
f274
f59
f79
f83
n50
n93
/d105/f59
/d105/f59
Invalid operation
d119
d182
d256
d286/
d55
f185/
f188/
f226/
f274
f59
f79
f83
n93
d153/
d40
f211
f276
n14
Invalid operation
d153/
d191/
d40
f211
f276
n14
f211:txt:25
d153/
d191/
d40
f211
f276
n14
f211:7-zeoyptgshzg606gd0g2_ct-
Invalid operation
d153/
d191/
d40
f211
f276
n14
d267/
f211:7-zeoyptgshzg606gd0g2_ct-5k2.r92mpxb-xcqsxox1
/d105/d55
d153/
d191/
d40
f211
f234
f276
n14
d153/
d191/
d40
f211
f234
f276
f37
n14
Invalid operation
Invalid operation
Invalid operation
/d105/f59
f59:1zhq5-fpjf8b wbzempggxvsr60s8e.wq-b1ypfofuvtcjl2nvnex9a14
/d105/f226/f211
f234:82 79 D3
f226:dir:0
d119
d182
d256
d286/
d55
f185/
f188/
f226/
f274
f59
f79
f83
n93
d119
d182
d256
d286/
d55
f185/
f188/
f226/
f274
f59
f79
f83
n93
d119
d182
d256
d286/
d55
f185/
f188/
f226/
f274
f59
f79
f83
n93
f211:59
/d105/f226/f211
Invalid operation
Invalid operation
f211:59
f276:16
Invalid operation
d241:bin:9
d235/
d241
f41/
Invalid operation
Invalid operation
Invalid operation
d148
d235/
d241
d82
f278
d241:18 97 8A 98 7A
Null
Invalid operation
d148
d235/
d241
d82
f231
Invalid operation
d148
d235/
d241
d82
f231
Invalid operation
Invalid operation
/d105/f226/d191/d241
d148
d235/
d241
d82
f115
f231
f276
Invalid operation
Invalid operation
Invalid operation
d148
d163/
d235/
d241
d82
d92
f115
f231
f276
f281
d241:bin:16
d241:bin:16
Invalid operation
Invalid operation
Invalid operation
Invalid operation
d148
d163/
d235/
d241
d273/
d82
d92
f115
f167
f176/
f231
f276
f281
f52/
n44/
d241:58 7A BD 12
d241:3F 69 4C 00 00
Invalid operation
Invalid operation
Invalid operation
Invalid operation
Invalid operation
d142:txt:11
Invalid operation
Invalid operation
d148
d21/
d213
d235/
d241
d273/
d76
d82
d92
f115
f147
f167
f176/
f22/
f231
f276
f281
f294
f52/
n44/
n45
Invalid operation
d148
d166
d21/
d213
d235/
d241
d260
d273/
d76
d82
d92
f115
f147
f167
f176/
f22/
f231
f276
f281
f291
f294
f52/
f75/
n44/
n45
n69/
n7/
n75/
d153/
d191/
d40
f131/
f211
f234
f258
f276
f37
n14
Invalid operation
Invalid operation
d227:2F A8
f211:7-zeoyptgshzg606gd0g2_ct-5k2.r92mpxb-xcqsxox1bckrvfa28gqqdsm
d153/
d191/
d227
d40
f131/
f211
f258
f276
f37
f53
n110/
n14
d119
d182
d256
d286/
d55
f185/
f188/
f226/
f274
f49
f59
f79
f83
n93
d119
d182
d256
d286/
d55
f185/
f188/
f226/
f274
f49
f59
f79
f83
n93
d119
d182
d256
d286/
d55
f185/
f188/
f226/
f274
f49
f59
f79
f83
n93
Invalid operation
d24:xxx0.ff0zcqu90th
n8:6B
d11
d40
f22
d40:txt:17
Invalid operation
d40:txt:17
/d105/f185/f85/d40
Invalid operation
f108:00
Invalid operation
Invalid operation
d11
d21/
d40
d47/
f22
d11
d21/
d40
d47/
f22
n8:00 1D 2D 05
d40:23
f22:13
d11:1
f182:0
Null
d11
d21/
d40
d47/
f182
f19/
f22
d24:xxx0.ff0zcqu90thx
Invalid operation
d24:xxx0.ff0zcqu90thx
d182
d24
d39/
d90/
f85/
n20
n22
n8
d119:84
Invalid operation
Invalid operation
d119
d182
d256
d55
f185/
f188/
f226/
f257/
f274
f49
f59
f79
f83
Invalid operation
Invalid operation
Invalid operation
d140:1E
f97:dir:0
Invalid operation
Invalid operation
f203:35
Invalid operation
Null
/d1/f203
f203:35
d140:25
d271:16
f111:10
d223:9
f10:9
d140:62 00 00 00
Invalid operation
Null
d140
d158/
d20/
d208
d223
d240
d271
d3
d53/
f10
f111
f182/
f203
f223
f234/
f238/
f267/
f27/
f97/
n109
n44/
n8/
n88
f97:dir:0
d140:EF 23 10 82
d12/
d140
d158/
d20/
d208
d223
d240
d271
d3
d53/
f10
f111
f157
f182/
f223
f234/
f238/
f267/
f27/
f97/
n109
n42
n44/
n8/
d12/
d140
d158/
d20/
d208
d223
d240
d271
d3
d53/
f10
f111
f157
f182/
f223
f234/
f238/
f267/
f27/
f97/
n109
n42
n44/
n8/
f97:dir:0
d12/
d140
d153/
d158/
d20/
d208
d223
d240
d271
d3
d83
f10
f111
f157
f182/
f223
f234/
f238/
f267/
f27/
f97/
n109
n42
n44/
Invalid operation
d12/
d140
d153/
d158/
d20/
d208
d223
d271
d3
d83
f10
f111
f157
f182/
f223
f234/
f238/
f267/
f27/
f97/
n109
n42
n44/
Invalid operation
d12/
d140
d153/
d158/
d20/
d208
d223
d271
d3
d83
f10
f111
f157
f182/
f223
f229
f234/
f238/
f267/
f27/
f97/
n109
n42
n44/
d140:30
d208:19
d140:43
d235
f233
f277
f295/
d12/
d140
d153/
d158/
d20/
d208
d223
d271
d3
d83
f10
f111
f157
f182/
f223
f229
f234/
f238/
f267/
f27/
f97/
n109
n42
n44/
d12/
d140
d158/
d20/
d208
d223
d271
d3
d83
f10
f111
f157
f182/
f220/
f223
f229
f234/
f238/
f267/
f27/
f97/
n109
n42
n44/
Invalid operation
d140:38
d208:20
f157:17
d271:16
d83:11
f111:10
d223:9
f10:9
d12/
d140
d158/
d188/
d20/
d208
d223
d254/
d271
d3
d83
f10
f111
f157
f182/
f212/
f220/
f223
f234/
f238/
f267/
f27/
f97/
n109
n42
n44/
Invalid operation
d109:122
d185:44
d275:15
d109:122
d185:43
d275:15
d33:15
f165:15
f267:12
d15:32
Invalid operation
Invalid operation
Invalid operation
d101/
d15
d184/
d204
d216/
d89/
f104
f193
f198/
f256
f268
f85/
n100
n17/
n47
f48:r-7aqxv.u_p5-lzx-
d101/
d15
d184/
d204
d89/
f104
f193
f198/
f256
f268
f85/
n100
n15
n17/
n47
d101/
d15
d184/
d204
d89/
f104
f193
f198/
f256
f268
f85/
n100
n15
n17/
n47
d15:70 32
Invalid operation
Invalid operation
Invalid operation
Invalid operation
Invalid operation
Invalid operation
d106/
d11
d179/
d270
d3/
d44
d46
d69
d70
f110/
f14/
f178/
f207/
f233
f255
f274/
f30
f4/
f51
f58/
f8
n103
n111
n21/
n68
n9
d270:4C
d270:4C
Invalid operation
d109:122
d185:43
d275:15
Invalid operation
f5:dir:0
d109:122
d185:43
d275:15
Invalid operation
d109:122
d185:43
d275:15
d1/
d105/
d109
d116
d12/
d135/
d149/
d161
d163/
d168/
d17/
d185
d19
d209/
d21/
d221/
d234/
d275
d276
d280/
d33
d70/
d74
d78/
d80/
f111/
f143
f165
f175/
f185/
f188
f205/
f219/
f226/
f236/
f239
f24/
f240/
f245/
f246/
f254
f256/
f267
f276
f297
f35/
f5/
f60/
f61/
f76/
n1
n105/
n111
n22/
n48
n58/
n72/
n74/
n86/
n94
f5:dir:0
f281:bin:46
Invalid operation
Invalid operation
Invalid operation
f292:md:0
d62
f292
n85/
d62
f22/
f292
n85/
d135/
d164/
d171/
d230
d31/
f281
f55
f63
n6/
n81/
d82/
f173
d82:dir:0
f281:bin:46
Invalid operation
d82:dir:0
f281:75 30 83 6B E0 59 64 7D 74 8B 5A D4 7F C3 E3 A0 8D 64 F1 5F 85
f173:31
d179/
d82/
f173
f197
f173:31
n119:15
f281:6F EE A6 EC DD 56 87 30 86 78 54 94 ED 2E D4 00 00
d10
d209
d228
d67/
d68
d96/
f109
f111/
f181
f265/
f72
f84/
n90/
d10
d209
d228
d67/
d68
d96/
f109
f111/
f181
f265/
f72
f84/
n90/
/n86/n6/d82/f72
f72:.8ks75_6hwevet1942 .o1xfmsbo
f72:.8ks75_6hwevet1942 .o1xfmsbo
f295:dir:0
d0:3C
d0:4
Null
Invalid operation
n93/
d0:DC 56
d0
f278/
f295/
n102/
d0
f278/
f295/
n102/
d108
d108:md:6
f109:00 00 00 F3 0B 06 56 E9 31 FA 3B 00 00 00 00
n10:95 33
d130
d228/
n10
d130
d228/
n10
Invalid operation
Invalid operation
d99:14
n61:5
d99
f278/
f295/
n102/
Invalid operation
f109:EF A7 97 1E C6
Null
Invalid operation
f295:dir:0
/n86/n6/d82/f111/n66
d204
d265/
d38
f139/
f209
f21/
f278/
f295/
n102/
n66
n78
Null
f109:F2 DF E6 85 34 20 54 31 FA 3B 00 00 00 00 7D 00
d204
d265/
d38
d48
f139/
f167
f209
f21/
f278/
f295/
n102/
n66
n78
f72:txt:64
Invalid operation
Invalid operation
Invalid operation
f72:txt:70
d10
d159
d169/
d228
d66
d67/
d68
d82
d96/
f109
f111/
f129/
f181
f254/
f288
f62/
f72
f84/
f72:70
f109:45
f181:16
d10:6
Invalid operation
/n86/n6/f173
f167
d294/
f130/
f167
f167:txt:10
Invalid operation
d294/
f130/
f167
f167:txt:10
Invalid operation
/n86/n6/d163/f167
f167:txt:10
f281:56 87 30 86 78
f167:txt:10
n17:4
n20:0
f281:86
Invalid operation
f130/
n18/
n20
f281:74 8B 5A D4 7F C3 E3 A0 8D 64 F1 5F 85 FF 52
/n86/n6/d163/f130/n20
n20:18
Invalid operation
Invalid operation
Invalid operation
f281:87 30 86 78 54 94 ED 00 00 00
f167:txt:24
d107/
d294/
d9/
f130/
f167
Invalid operation
n29:bin:4
f167:w.9gwkif6fx8rqwfr4 hgdxv
f167:w.9gwkif6fx8rqwfr4 hgdxv
f281:86 C7
f167:24
d107/
d294/
d50
d9/
f130/
f167
f34/
d163/
d82/
f125/
f173
f197
f200
d163/
d82/
f125/
f173
f197
f200
Invalid operation
d163/
d82/
f174
f197
f200
Invalid operation
d163/
d82/
f174
f197
f200
f197:6c96j5ues8sj2v 6u._5lpl3gif-u
d163/
d82/
f174
f197
f200
f57/
f197:40
f200:9
f174:1
f281:0D 54 94 ED 00 00 00 00 00 00 00 00 F8 33 EF
Invalid operation
f197:6c96j5ues8sj2v 6u._5lpl3gif-uan1k7gfylkx
d163/
d201/
d82/
f197
f200
f57/
f61
/n86/n6/f197
f197:40
f197:6c96j5ues8sj2v 6u._5lpl3gif-uan1k7gfylkx
d163/
d205/
d244/
d82/
f124/
f197
Invalid operation
Invalid operation
f72:txt:70
f72:.8ks75_6hwevet1942 .o1xfmsbowbs1v5hys9fohqusrh5ojdmmicumxa40ukb3xuyawx
f109:00
d10
d159
d66
d67/
d68
d82
d96/
f109
f111/
f129/
f181
f254/
f288
f41
f72
f77
f84/
Invalid operation
Invalid operation
Invalid operation
d163/
d205/
d82/
f124/
f197
Invalid operation
f281:75 30 83 6B 56 C5 36 26 69 6A 20 D4 7F C3 E3 A0 8D 64 4A 5D 5A 38 52 86 C7 7D 6F EE A6 84 2B 95 9C 6B 13 0D 54 94
d163/
d205/
d53
d82/
f124/
f197
d82:dir:0
Invalid operation
Invalid operation
Invalid operation
Invalid operation
d135/
d164/
d171/
d230
d31/
f281
f55
f63
n6/
n81/
/n86/f281
d103/
d153
d185
d223
d62
f22/
f292
f88
n109/
n85/
d153:17
d185:12
f88:11
d62:7
d223:6
f292:0
Invalid operation
Invalid operation
Invalid operation
d153:17
d185:12
f88:11
Invalid operation
d93
n17/
d93:md:0
d150:12
d148:7
d93:0
d148:72 06
/n86/d164/f212/d93
Invalid operation
d289:8
/n86/d164/f212/d76/d289
d289:qu096zpu
Invalid operation
d289
Invalid operation
d148
d76/
d93
n17/
/n86/d164/f212/d93
Invalid operation
d148
d37
d76/
d93
n17/
Invalid operation
d148
d37
d76/
d93
n17/
n39/
Null
Null
/n86/d164/f212/d76/d289
d289:qu096zpu
Invalid operation
d289:qu096zpu-zlb-ydsscxf8vi8d
f281:00 00 00 00 F8 33 EF 00
d289:qu096zpu-zlb-ydsscxf8vi8d
Invalid operation
/n86/d164/f212/d76/n0/f286/f68
Invalid operation
Invalid operation
Invalid operation
/n86/d164/f212/d76/n0/f286/f251/n14
n109
n14/
n109
n14:rrhqy54tp4_bn_37p.5hh0
n14:rrhqy54tp4_bn_37p.5hh0x
f68:C6 53 00 07 EF B4 DC 3F E2 90 00 00
Invalid operation
Invalid operation
Invalid operation
Invalid operation
Null
Invalid operation
d69:13
f86:4
/n86/d164/f212/d76/n0/f286/f251/d141/d69
Invalid operation
f292:dir:0
d69:yf8ixj6ly9dp4m84w5 lb g_ ar7e6vd21rvja02cz mmq.barwv2uin
Invalid operation
d69:63
d147:54
d147:CC
Invalid operation
/n86/d164/f212/d76/n0/f286/f251/d141/f33/d294
Invalid operation
d147
d159
d228/
d238
d29/
d69
f160/
f24
f292/
f33/
Invalid operation
Invalid operation
/n86/d164/f212/d76/n0/f286/f251/d141/f160/d229
d231/
d69:yf8ixj6ly9dp4m84w5 lb g_ ar7e6vd21rvja02cz mmq.barwv2uinxtueg75.7o4vduyhy3oy6_oo_q
d159
d228/
d238
d69
f160/
f24
f241
f292/
f33/
f66/
d152
d159
d228/
d238
d250/
d63
d69
f160/
f24
f241
f292/
f33/
f66/
Invalid operation
Invalid operation
f292:dir:0
Invalid operation
d69:72
d180:17
d238:15
f167:13
d159:8
d63:6
d152:1
d63:D2
f292:dir:0
d294:0F D5 2D 82 39
d69:yf8ixj6ly9dp4m84w5 lb g_ ar7e6vd21rvja02cz mmq.barwv2uinxtueg75.7o4vduyx
f24:
Invalid operation
d63:D2 00
Invalid operation
f251/
f68
n52
Invalid operation
n11:ybqfgfk_qjx
d289:qu096zpu-zlb-ydsscxf8vi8d
d289:qu096zpu-zlb-ydsscxf8vi8d
/n86/d164/f212/d76/n51
n51:77
n51:md:2
n51:md:3
Invalid operation
Invalid operation
d148/
d289
f256/
n0/
n51
d108
f286/
n11
n24
Invalid operation
d108
f286/
n11
n24
Invalid operation
Invalid operation
Invalid operation
f13
f221
f13:13
f37:7
f37
/n86/d164/f212/d76/f246/f37
Invalid operation
n5:4-gls29f53sx epl
n5
d116:3B
/n86/d164/f212/d76/n51
Invalid operation
Null
Invalid operation
Invalid operation
Invalid operation
d289:26
n51:3
d32:0
d148/
d289
d32
d86/
f246/
f256/
n0/
n51
Invalid operation
d148/
d289
d31
d32
d86/
f246/
f256/
n0/
n51
n51:md:3
Invalid operation
Invalid operation
d148/
d289
d32
d86/
f246/
f256/
n0/
n51
Invalid operation
d37
d76/
d93
f127
n17/
n26
d37
d76/
d93
n17/
n26
Invalid operation
/n86/d164/f212/d76/n51
d76/
d93
f259
n26
d114
d41
f36/
n29
n57
n51:77yx
n51:md:4
n51:77yx
Invalid operation
Invalid operation
/n86/d164/f212/d76/d86/n29
d114:03 7F
Invalid operation
f241/
d114:00 00 B7 B0 57 8E 91 44 B5 4C 1E 00 E3 36 BF 65
Invalid operation
f98:dir:0
/n86/d164/f212/d76/d86/n29
d147:AD
/n86/d164/f212/d76/d86/n29
Invalid operation
Invalid operation
/n86/d164/f212/d76/d86/n29
Invalid operation
n51:md:4
d148/
d32
d86/
f150/
f240
f246/
f256/
n0/
n51
n51:md:5
/n86/d164/f212/d76/n51
n51:77yxx
n51:77yxx
Invalid operation
d32:8A 74 5E A9 7D 27 65
d148/
d32
d86/
d94
f150/
f240
f246/
f256/
f56
f94
n0/
n51
n96
d148/
d32
d86/
d94
f150/
f240
f246/
f256/
f56
f94
n0/
n51
n96
d114
f36/
n29
n29:bs7-23p99pxggwfc7
n29:md:17
Null
/n86/d164/f212/d76/d86/n29
d148/
d208/
d32
d86/
d94
d99
f150/
f240
f246/
f256/
f94
n0/
n51
n96
d76/
d93
d98/
f259
n26
Invalid operation
f281:30
d93:2sb0_ ob1jbl6whbudwb89504p.x
d103/
d140/
d153
d185
d223
d62
d74/
f212/
f22/
f292
f88
n109/
n85/
Invalid operation
Invalid operation
d103/
d140/
d185
d223
d296
d62
d74/
f212/
f22/
f292
f88
n109/
n58
n66
n7
n85/
/n86/f281
Invalid operation
d103/
d140/
d185
d199
d296
d62
d74/
f212/
f22/
f247
f292
f297/
f88
n109/
n58
n66
n7
n85/
d103/
d140/
d185
d199
d296
d62
d74/
f212/
f22/
f247
f292
f297/
f88
n109/
n58
n66
n7
n85/
d103/
d140/
d185
d199
d242
d296
d62
d74/
f212/
f22/
f247
f292
f297/
f88
n109/
n58
n66
n7
n85/
f292:md:12
Invalid operation
f292:md:13
Invalid operation
Invalid operation
Invalid operation
Invalid operation
Invalid operation
Invalid operation
n55:dir:0
f232/
n2
n55/
d143
d249/
f232/
f275/
n103/
n2
n42/
n55/
n88/
n2:20
d143:0
Invalid operation
/n86/d164/f212/d98/n2
d296:BE 9C
n2:qb0rc45vhwnhxo64k55qlj5sis
d296:00 3F 6E
Invalid operation
n2:qb0rc45vhwnhxo64k55qlj5sisxx
d249/
d292/
d49
f232/
f275/
n2
n42/
n55/
d249/
d292/
d49
f232/
f275/
n2
n42/
n55/
n2:28
d49:4
n2:28
d65:8
d49:4
d296:C9
n55:dir:0
d296:3F 39 17 AA 93
d110/
d145
d240
d249/
d297
d49
f203
f232/
f275/
f6/
n2
n42/
n55/
Null
Null
Invalid operation
/n86/d164/f212/d98/n2
n2:30
d145:13
d297:13
/n86/d164/f212/d98/n2
Null
Null
Invalid operation
d170/
d285
d76/
d98/
f259
f63/
n117/
n37/
d103/
d140/
d185
d199
d242
d296
d62
f159/
f212/
f22/
f230
f247
f292
f297/
f88
n109/
n49/
n58
n66
n7
n85/
d103/
d140/
d185
d242
d296
d62
f159/
f212/
f22/
f230
f247
f292
f297/
f88
n109/
n49/
n58
n66
n7
n85/
Invalid operation
Invalid operation
/f267
Invalid operation
Invalid operation
Invalid operation
n97:25 00 00 00 00
Invalid operation
n97:92 2A 84 00 7B 34 D3 3E 2D 10 4B 50 89 B8 31 39 A1
n97:48
n97:48
d279:11
d263:9
d97:8
f83:8
n77:8
Invalid operation
Invalid operation
Invalid operation
Invalid operation
Invalid operation
Invalid operation
d136/
d154/
d192/
d198
d238/
d263
d279
d295/
d5
d59/
d97
f107
f120/
f15/
f172
f187/
f212
f231/
f256
f32
f46/
f83
n108/
n28
n3
n68/
n77
n9/
n97
n97:53 A1 00 7A D4 85 E2
d136/
d154/
d192/
d198
d238/
d263
d295/
d5
d59/
d97
f107
f120/
f15/
f172
f187/
f212
f231/
f256
f264/
f32
f46/
f83
n108/
n28
n3
n68/
n77
n9/
n97
d136/
d154/
d192/
d198
d238/
d263
d295/
d5
d59/
d97
f107
f120/
f15/
f172
f187/
f212
f231/
f256
f264/
f32
f46/
f83
n108/
n28
n3
n68/
n77
n9/
n97
Invalid operation
Invalid operation
Invalid operation
Invalid operation
n97:bin:48
Invalid operation
n97:bin:48
Invalid operation
Invalid operation
d109:122
d185:41
f267:27
d1/
d105/
d109
d116
d12/
d135/
d149/
d163/
d168/
d17/
d185
d19
d209/
d21/
d221/
d234/
d275
d276
d280/
d33
d70/
d74
d78/
d80/
f111/
f143
f165
f175/
f185/
f188
f205/
f219/
f226/
f236/
f239
f24/
f240/
f241
f245/
f246/
f254
f256/
f267
f276
f297
f35/
f5/
f60/
f61/
f76/
n1
n105/
n111
n22/
n48
n58/
n74/
n86/
n94
Invalid operation
Invalid operation
Invalid operation
Invalid operation
Invalid operation
d81:16
d209:0
d81:n  -6c9vz4or7ebz
Invalid operation
n115:EE
d81:md:16
d127/
d209
d81
f77/
f82/
n115
d209:
/n58/f84/d209
Invalid operation
Invalid operation
d209:
d127:dir:0
d127/
d209
d81
f77/
f82/
n115
Invalid operation
Invalid operation
Invalid operation
n115:00 00
n0:00 96 2F
d127:dir:0
n115:46 31
Invalid operation
d209:28nv_w9wojy
d127/
d187/
d209
f64
f71
f77/
f82/
n115
n115:46 31
d209:28nv_w9wojy
d127:dir:0
Invalid operation
n0:bin:13
Invalid operation
Invalid operation
n0:00 89 69 78 E7 20 77 00 00 00
Invalid operation
Invalid operation
n0:D0 6A
Invalid operation
Invalid operation
Invalid operation
n0:bin:17
d104/
d116
d13/
d130
d131/
d15
d154
d155/
d157/
d17
d188
d189/
d218/
d23
d235
d244/
d259/
d262
d264/
d278
d292
d293
d294/
d75
d78
f122/
f146/
f168/
f172/
f191
f199
f22
f252/
f280
f286
f3
f31/
f46
f76/
f84/
n0
n36
n63/
n72
n96/
Invalid operation
Invalid operation
d139
d232/
d275
d48/
f124
f200/
f204
f214/
f239/
f78
f82
f99
n1/
n14/
d139
d232/
d275
d48/
f124
f200/
f204
f214/
f239/
f78
f82
f99
n1/
n14/
f214:dir:0
f124:qjj2loxqf2nxi72bvoula34_ntqmg0h19762otgox2q0r9bza1.6iu_g
Invalid operation
/n58/d157/f124
Invalid operation
f214:dir:0
/n58/d157/f124
d104/
d116
d13/
d130
d131/
d15
d154
d155/
d157/
d17
d188
d189/
d218/
d23
d235
d244/
d259/
d264/
d278
d292
d293
d294/
d32/
d75
d78
f122/
f146/
f191
f199
f22
f252/
f280
f286
f3
f31/
f46
f76/
f84/
n3
n63/
n72
n96/
/n58/d78
d104/
d116
d13/
d130
d131/
d15
d154
d155/
d157/
d17
d188
d189/
d218/
d23
d235
d244/
d259/
d264/
d278
d292
d293
d294/
d75
d78
f122/
f146/
f191
f199
f22
f252/
f280
f286
f3
f31/
f46
f76/
f84/
n3
n63/
n72
n96/
d104/
d116
d13/
d130
d131/
d15
d154
d155/
d157/
d17
d188
d189/
d218/
d23
d235
d244/
d259/
d264/
d278
d292
d293
d294/
d75
d78
f115
f122/
f146/
f191
f199
f22
f252/
f280
f286
f295
f3
f31/
f46
f76/
f84/
n3
n36
n63/
n72
n96/
d104/
d116
d13/
d130
d131/
d15
d154
d155/
d157/
d17
d188
d189/
d218/
d23
d235
d244/
d259/
d264/
d278
d292
d293
d294/
d75
d78
f115
f122/
f146/
f191
f199
f22
f252/
f280
f286
f295
f3
f31/
f46
f76/
f84/
n3
n36
n63/
n72
n96/
d104/
d116
d13/
d130
d131/
d15
d154
d155/
d157/
d17
d188
d189/
d218/
d23
d235
d244/
d259/
d264/
d278
d292
d293
d294/
d75
d78
f115
f122/
f146/
f191
f199
f22
f252/
f280
f286
f295
f3
f31/
f46
f76/
f84/
n3
n36
n63/
n72
n96/
d104/
d116
d13/
d130
d131/
d15
d154
d155/
d157/
d17
d188
d189/
d218/
d23
d235
d244/
d259/
d264/
d278
d292
d293
d294/
d75
d78
f115
f122/
f146/
f191
f199
f22
f252/
f280
f286
f295
f3
f31/
f46
f76/
f84/
n3
n36
n63/
n72
n96/
d104/
d116
d13/
d130
d131/
d15
d154
d155/
d157/
d17
d188
d189/
d218/
d23
d235
d244/
d259/
d264/
d278
d292
d293
d294/
d75
d78
f115
f122/
f146/
f191
f199
f22
f252/
f280
f286
f295
f3
f31/
f46
f76/
f84/
n118/
n3
n36
n63/
n72
n96/
Invalid operation
f5:dir:0
f267:htdvo. cj.qooi1poi9hdxnr 5ristnqwf8bkkyugx
Invalid operation
f233:D4 61 F0 6E 00 0F 15 3D 2E B2 25 09 6D CC 14 40 75 AE
Invalid operation
Invalid operation
d185:txt:52
Invalid operation
d168:h0
f16:00
d234:lzyee1qbo0xq7c-xp0cqwv5l6t
Invalid operation
d117
d14/
d166/
d185
d38/
f0
f103
f223
f253/
f284/
f293/
f36
f73
n46
n60/
d185:52
d138:17
n46:16
f73:13
d117:12
f0:11
f103:10
f237:7
Invalid operation
d185:63
d138:17
d185:63
d138:17
f285:dir:0
d1/
d104/
d167
d192
d198/
d22
d259/
d98/
f126
f141
f150
f155/
f164/
f189
f206
f21
f226
f233
f242/
f256/
f259
f43
n43
n51
n75/
n8
n89
n9/
Invalid operation
Invalid operation
Invalid operation
d1/
d104/
d167
d192
d198/
d22
d259/
d98/
f126
f141
f150
f155/
f164/
f189
f21
f226
f233
f242/
f256/
f259
f43
n43
n51
n75/
n8
n89
n9/
Invalid operation
Invalid operation
Invalid operation
f233:63
d22:42
f226:7
n89:6
d167:5
f189:4
n8:3
d173:dir:0
Invalid operation
d119/
d173/
f58/
d1/
d104/
d167
d192
d198/
d22
d259/
d98/
f126
f141
f150
f155/
f164/
f189
f21
f226
f233
f242/
f43
n43
n51
n70/
n75/
n8
n89
n9/
Null
f233:bin:67
f233:AE 60 B7 30 0D EE C9 73 30 7B 1C 8B
Invalid operation
Invalid operation
d1/
d100
d104/
d167
d173
d192
d198/
d22
d259/
d98/
f126
f141
f150
f155/
f164/
f189
f197/
f199
f21
f226
f233
f242/
f43
n43
n51
n70/
n75/
n8
n89
n9/
Invalid operation
f233:bin:70
Invalid operation
d9
d170
d170:bin:2
d170
d208/
Invalid operation
/d221/f197/d237
d53:eg6h5
Invalid operation
f233:B2 25 09 6D CC 14 40 75 AE 60 B7 30 0D EE C9 73 30 7B 1C 8B AB EB
Invalid operation
Invalid operation
Invalid operation
d1/
d105/
d109
d116
d12/
d135/
d149/
d163/
d168/
d17/
d185
d19
d209/
d21/
d221/
d234/
d275
d276
d280/
d33
d70/
d74
d78/
d80/
f111/
f143
f165
f175/
f185/
f188
f205/
f219/
f226/
f236/
f239
f24/
f240/
f241
f245/
f246/
f254
f256/
f267
f276
f297
f35/
f5/
f60/
f61/
f76/
n1
n105/
n111
n22/
n48
n58/
n74/
n86/
n94
Invalid operation
d109:122
d185:42
f267:42
f267:htdvo. cj.qooi1poi9hdxnr 5ristnqwf8bkkyugx
d109:122
d185:42
f267:42
Invalid operation
d1/
d105/
d109
d116
d12/
d135/
d149/
d163/
d168/
d17/
d185
d19
d209/
d21/
d221/
d234/
d275
d276
d280/
d33
d70/
d74
d78/
d80/
f111/
f143
f165
f175/
f185/
f188
f205/
f219/
f226/
f236/
f239
f24/
f240/
f241
f245/
f246/
f254
f256/
f267
f276
f29/
f297
f35/
f5/
f60/
f61/
f76/
n1
n105/
n111
n22/
n48
n58/
n74/
n86/
n94
d109:122
d185:42
f267:42
Invalid operation
d136:AB
Invalid operation
Invalid operation
d109:122
d185:42
f267:42
d1/
d105/
d109
d116
d12/
d135/
d149/
d163/
d168/
d17/
d185
d19
d209/
d21/
d221/
d234/
d275
d276
d280/
d33
d70/
d74
d78/
d80/
f111/
f143
f165
f175/
f185/
f188
f205/
f219/
f226/
f236/
f239
f24/
f240/
f241
f245/
f246/
f254
f256/
f267
f276
f297
f35/
f5/
f60/
f61/
f76/
n1
n105/
n111
n22/
n48
n58/
n74/
n86/
n94
d185:5D E4 A4 A3 6F 9D F1 FA F7 00 7B 75 07 29 94 4B 96 1C ED EF EC 4B 37 FA F7 43 E6 E8 67 FA 4A A9
d1/
d105/
d109
d116
d12/
d135/
d149/
d163/
d168/
d17/
d185
d19
d209/
d21/
d221/
d234/
d275
d276
d280/
d33
d70/
d74
d78/
d80/
f111/
f143
f165
f175/
f185/
f188
f205/
f219/
f226/
f236/
f239
f24/
f240/
f241
f245/
f246/
f254
f256/
f267
f276
f297
f35/
f5/
f60/
f61/
f76/
n1
n105/
n111
n22/
n48
n58/
n74/
n86/
n94
/f5/d136
f232:C0
Null
d116
d136
d155
d160
d166/
d178/
d179
d201/
d205
d226
d246
d260/
d269
d290
f143
f149/
f218
f224/
f232
f233
f236/
f24/
f293/
f88
n13/
n53/
n61
Invalid operation
f232:2F 14
d116
d119
d136
d155
d160
d166/
d178/
d179
d201/
d205
d226
d246
d260/
d269
d290
f143
f149/
f163
f218
f224/
f232
f233
f236/
f24/
f293/
f88
n13/
n53/
n61
d136:ro1-2keaiqd27x72jbri2xu-1s5okeolkvp3  ffq g4b.rj2izjaug.y37o_qwkgxw63j eyh0_7s0gmr6_m f 79x2kegeiil6.8gz1t.-4g62tcqtb3ed
d136:120
f232:46
d155:17
d195:17
f218:17
d119:16
d179:15
f163:12
f232:D7 66 E0
d116
d119
d125
d136
d155
d160
d166/
d178/
d179
d195
d201/
d226
d234/
d246
d260/
d269
d290
f143
f149/
f163
f210
f218
f224/
f232
f233
f236/
f24/
f293/
f88
n13/
n53/
n61
f232:00 E9 B1 93 FD 89 27 A9 4E 2B
Invalid operation
Invalid operation
Invalid operation
f232:18 2F 14 49 00 00 00 00 C7 6D 95 32 BE 1D EC F0 0B 2F 3B F9 E8 A4 C7 00 00 E9 B1 8C CB 93 B9 A9 4E
Invalid operation
Invalid operation
f232:83 00 00 00
d192/
f70/
n25
f247/
f247/
n25:o5w5vl82t5ce8nsja
f247/
Invalid operation
Invalid operation
Invalid operation
n25:o5w5vl82t5ce8nsjaxx-jm.b55lv
d192/
d235
f23/
f62/
f70/
n25
n35
f232:E4 1D EC F0 0B
f70:dir:0
f232:B4
d192/
d235
f125/
f23/
f70/
n25
n35
Invalid operation
d164/
d192/
d211/
d218
d235
d243/
d284
f125/
f23/
f70/
n25
n35
f176:dir:0
/f5/n13/n35
Invalid operation
n35:jvoc6b6ou-sfiaboxepk20l_a93lh
Invalid operation
f82/
f133
f82/
