f152
f87
f87
f87
n20
Invalid operation
Invalid operation
Invalid operation
f87:uzln6lrz0o8_
d10/
f182/
f23
Invalid operation
d10/
d38
f11/
f182/
f23
Invalid operation
Invalid operation
d10/
f11/
f182/
f23
d10/
f11/
f182/
f23
f23:25
Invalid operation
Invalid operation
Invalid operation
Invalid operation
f182:dir:0
d47
n98
Invalid operation
Invalid operation
d47
n98
/f182/d47
d47
n98
d47:8n_r
d47:txt:4
d47:4
d47:8n_r
d47
n98
Invalid operation
f23:25
f23:25
Invalid operation
Invalid operation
Invalid operation
Null
f205:4F
f205:64 54 4F 00 00 00
d10/
d98
f11/
f182/
f205
f23
Invalid operation
Invalid operation
Invalid operation
f23:25
f205:9
d98:2
f205:EE 64 54 4F
Invalid operation
Invalid operation
Invalid operation
d10/
d223/
d98
f102
f11/
f182/
f205
f23
f205:00
d10/
d223/
d98
f102
f11/
f182/
f205
f23
f205:00
Invalid operation
Invalid operation
Invalid operation
Invalid operation
d10/
d223/
d98
f102
f11/
f182/
f205
f23
Invalid operation
Invalid operation
f182:dir:0
Invalid operation
Invalid operation
d47
n98
Invalid operation
Invalid operation
Null
Invalid operation
Invalid operation
Invalid operation
Invalid operation
d10/
d165/
d223/
d40
f102
f11/
f182/
f205
f23
n79
Invalid operation
Invalid operation
d43
Invalid operation
d43
f244/
Invalid operation
Invalid operation
/f205
f244:dir:0
Invalid operation
Invalid operation
Invalid operation
f190:dir:0
Invalid operation
Invalid operation
f298:n2dbql2_1hkmlx5
f190:dir:0
/d223/f244/f298
/d223/f244/f298
Invalid operation
d151
d220
f190/
f194/
f223/
f298
n84
Invalid operation
Invalid operation
d151
d220
f190/
f194/
f223/
f298
n84
/d223/f244/f298
d151
d220
f190/
f194/
f223/
f298
n84
Invalid operation
Null
d151:1B CD 17 F4
Null
Invalid operation
d151:17 F4
/d223/f244/f298
Invalid operation
f298:34
d220:9
f111:9
d151:5
f296:4
Invalid operation
d151
d220
f111
f190/
f194/
f223/
f296
f298
n84
n99
f298:n2dbql2_1hkmlx55bdsqpy9vcfnz7judbl
Invalid operation
f298:n2dbql2_1hkmlx55bdsqpy9vcfnz7judbl
d151:0B 99
/d223/f244/f298
/d223/f244/f298
d43
f244/
Invalid operation
d43:F9
Null
d43:9
f260:2
Invalid operation
/f205
Invalid operation
Invalid operation
/f205
f182:dir:0
d10/
d161/
d165/
d223/
d40
f102
f11/
f167/
f182/
f205
f23
n79
d10/
d14
d161/
d165/
d223/
d40
f102
f11/
f167/
f182/
f205
f23
n79
/f205
d10/
d14
d161/
d165/
d223/
d40
f102
f11/
f167/
f182/
f205
f23
n79
Invalid operation
n21
Invalid operation
n21:9nzjq.
n21:9nzjq.
Invalid operation
Invalid operation
Invalid operation
f205:00 B8 1C 00 00
Invalid operation
d10/
d14
d161/
d165/
d223/
d257
d294/
d40
f102
f11/
f137
f167/
f182/
f205
f23
n115
n79
f205:A9 FC 7A 3E B0
f205:D4 28 0D 8D 73 D1
Invalid operation
f205:28
f23:25
f102:16
n79:15
f137:14
d14:9
f182:dir:0
f137
f139/
f169
f21
n21
f182:dir:0
/f167/f137
/f137
Invalid operation
f103:9
f137:8
f169:8
Invalid operation
f103:9
f137:8
f169:8
f103
f137
f139/
f169
f21
n21
Invalid operation
Invalid operation
d251:15
f103:9
d251
d48
f103
f137
f139/
f169
f21
f255
n21
Invalid operation
f205:3E B0 51 E3 05
d251
d48
f103
f137
f139/
f169
f21
f255
n21
d10/
d14
d161/
d165/
d223/
d257
d40
f102
f11/
f137
f167/
f182/
f205
f23
n79
d10/
d14
d161/
d165/
d223/
d257
d40
f102
f11/
f137
f167/
f182/
f205
f23
n79
Invalid operation
Null
f205:00 00
f205:A1 7B 00 00 D4 28 0D 8D 73 D1 8F 00
f205:32
f23:25
f102:16
n79:15
d43
f244/
f260
n8/
Invalid operation
Invalid operation
Invalid operation
Invalid operation
Invalid operation
f244:dir:0
f244:dir:0
Invalid operation
f244:dir:0
d43
f232/
f244/
n8/
d43:F8 21
Null
Invalid operation
d43
f232/
f244/
n8/
Invalid operation
d43:9
d52:6
Invalid operation
d43:89 2C D2 97 F9
Invalid operation
Invalid operation
Invalid operation
Invalid operation
Null
d43
f232/
f244/
n67
n8/
Null
Invalid operation
/d223/f244/f298
n67:3144rqj yvp_alt
Invalid operation
f205:A9 FC 7A
Invalid operation
n67:3144rqj yvp_alt
Invalid operation
f244:dir:0
n67:15
f206:9
f206
f232/
f244/
n67
n8/
f205:B0 51 E3 05 8A 65 00 00 2B 57 0A 43 B3 A1 7B 00 00
Invalid operation
Invalid operation
n67:3144rqj yvp_alt
f205:0A 43 B3 A1 7B 00
n67:3144rqj yvp_alt
f232/
f244/
n67
n8/
/d223/n67
Invalid operation
f244:dir:0
d231
f16
f232/
f244/
n67
n8/
n67:3144rqj yvp_altl9i_v6zddp0.yz
Invalid operation
d231
f16
f232/
f244/
n67
n8/
n67:3144rqj yvp_altl9i_v6zddp0.yz
Invalid operation
n67:3144rqj yvp_altl9i_v6zddp0.yz
Invalid operation
d186
d231
f16
f232/
f244/
f60
n67
n8/
Invalid operation
Invalid operation
n67:3144rqj yvp_altl9i_v6zddp0.yzg9sbpps0yn-m
d231:69 2C 00 00 00 54
Null
d231
d249
d277/
f16
f204
f232/
f244/
f257
f60
n67
n8/
d231
d249
d277/
f16
f204
f232/
f244/
f257
f60
n67
n8/
f244:dir:0
Invalid operation
Invalid operation
n67:47
d231:15
d249:15
f16:11
f257:7
/d223/n67
d231
d249
d277/
f16
f204
f232/
f244/
f257
f60
n67
n8/
Invalid operation
Invalid operation
Null
d137:12
/d165/d137
Invalid operation
Invalid operation
d47
n98
Invalid operation
d47:8n_r
f205:7A 3E B0 40 8A 84 47 A6 A5 00 2B 57 0A
Invalid operation
d47:8n_r
d47:txt:4
d47:8
d47
f175
f54/
d47
f175
f54/
d47
f175
f54/
Invalid operation
d214:92 3D AB 62 91 9C
d214:92 3D
d214:3D AB
d47:8n_rb7sxxn1aws2
f205:29
f23:25
f102:16
f4:15
n79:15
f137:14
Invalid operation
Invalid operation
d136
d137
f34
f38/
d137:txt:12
d136:15
d137:12
f34:0
Invalid operation
Invalid operation
Invalid operation
Invalid operation
Invalid operation
Invalid operation
Invalid operation
d10/
d14
d151/
d161/
d165/
d211/
d223/
d257
d40
f102
f11/
f137
f167/
f182/
f187
f205
f23
f241
f250
f252
f4
n79
n89
Invalid operation
Invalid operation
f205:38
f23:25
f102:16
f4:15
n79:15
f137:14
d14:9
Invalid operation
Invalid operation
Invalid operation
f182:dir:0
Invalid operation
f182:dir:0
/f205
Invalid operation
/f205
f182:dir:0
Invalid operation
d10/
d14
d151/
d161/
d165/
d2
d211/
d223/
d257
d40
f102
f11/
f137
f167/
f182/
f205
f241
f250
f252
f4
n0/
n79
n89
Invalid operation
Invalid operation
d10/
d14
d151/
d161/
d165/
d2
d211/
d223/
d257
d40
f102
f11/
f137
f167/
f182/
f205
f241
f250
f252
f4
n0/
n79
n89
n92
Invalid operation
Invalid operation
n92
Null
Invalid operation
Invalid operation
Invalid operation
Invalid operation
Invalid operation
Invalid operation
Invalid operation
/f11/n92
Invalid operation
n5/
n92
n92:12
Invalid operation
Invalid operation
Invalid operation
/f11/n5/f250
/f250
Invalid operation
/f11/n5/f250
/f250
Invalid operation
f166:dir:0
Invalid operation
d64
f166/
Invalid operation
f201/
Invalid operation
f250:bin:15
f250:15
f129:0
Invalid operation
Invalid operation
f250:bin:12
f250:00 8D 39 45 21 10 70
Invalid operation
Null
Invalid operation
f250:19
Invalid operation
Invalid operation
n20:1ljn6irb8tva-
Invalid operation
f259:3E 28 FF
Invalid operation
f259:7
n117:6
f235:0
f235
f259
n117
f259:3E 28 FF 37
Invalid operation
/f11/n5/f53/d292/f259
f259:bin:7
f235
f259
f86/
n117
Invalid operation
Invalid operation
/f11/n5/f53/d292/f259
f235
f259
f86/
Invalid operation
Invalid operation
Invalid operation
f182/
f276/
f77/
f47:0
Invalid operation
Invalid operation
Invalid operation
f47:4
Invalid operation
f77:dir:0
Invalid operation
Invalid operation
Invalid operation
Invalid operation
f47:59 60 5F
n77:dir:0
Invalid operation
Invalid operation
Invalid operation
Invalid operation
Invalid operation
d88/
f173
f182/
f183
f276/
f47
f77/
n43/
Invalid operation
f47:20
f183:8
f173:0
Invalid operation
/f11/n5/f53/d292/f86/f47
d88/
f173
f182/
f183
f276/
f47
f77/
n43/
d88/
f173
f182/
f183
f276/
f47
f62
f77/
n43/
d88/
f173
f182/
f183
f276/
f47
f62
f77/
n43/
f77:dir:0
f47:20
f183:8
f62:6
f77:dir:0
Null
Invalid operation
Invalid operation
Invalid operation
Invalid operation
Invalid operation
f77:dir:0
d149
d263/
d88/
f173
f182/
f183
f276/
f42/
f47
f62
f77/
n43/
Invalid operation
Invalid operation
f77:dir:0
d149
d263/
d88/
f173
f182/
f183
f276/
f42/
f47
f62
f77/
n43/
Invalid operation
d17/
d17/
Invalid operation
Invalid operation
Invalid operation
d17/
n75/
f77:dir:0
Invalid operation
f47:27
f183:8
f62:6
d149:1
f173:0
Invalid operation
/f11/n5/f53/d292/f86/f47
Invalid operation
Invalid operation
Invalid operation
d149
d263/
d88/
f173
f182/
f183
f276/
f42/
f47
f62
f77/
n29/
n43/
Invalid operation
Invalid operation
f47:27
f183:8
f62:6
d149:1
f173:0
d149
d263/
d88/
f173
f182/
f183
f276/
f42/
f47
f62
f77/
n29/
n43/
Invalid operation
Invalid operation
/f11/n5/f53/d292/f86/f47
Invalid operation
f47:00 59 60 5F 37 E4 3C 2C 07 12 E6 FC E2 A8 0C
Invalid operation
d149
d263/
d88/
f173
f182/
f183
f276/
f42/
f47
f62
f77/
n25/
n29/
n43/
Invalid operation
f47:27
f183:8
d113:6
f62:6
f47:bin:27
f47:27
f183:8
d113:6
f62:6
d149:1
d113
d149
d263/
d88/
f173
f182/
f183
f276/
f42/
f47
f62
f77/
n25/
n29/
n43/
f47:27
f183:8
d113:6
f62:6
d149:1
f173:0
f233:0
f47:60 5F 37 E4 3C 2C 07 12 E6 FC E2 A8 0C F0
/f11/n5/f53/d292/f86/f47
Invalid operation
Invalid operation
f47:A8 0C F0
Invalid operation
d113
d149
d263/
d88/
f173
f182/
f183
f276/
f42/
f47
f62
f72/
f77/
n25/
n29/
n43/
d113
d149
d150
d263/
d88/
f173
f182/
f183
f276/
f42/
f47
f62
f72/
f77/
n25/
n29/
n43/
Invalid operation
Invalid operation
f47:8A D2 00 59
Invalid operation
Invalid operation
d265
f235
f259
f86/
f259:30 4A
Null
f259:bin:8
Invalid operation
Invalid operation
f259:D1 CB ED 23 3F DB 00
Invalid operation
f259:CB ED 23 3F DB 00
Invalid operation
/f11/n5/f53/d292/f259
Null
Invalid operation
d191
d265
d278
f1
f235
f259
f86/
Invalid operation
Invalid operation
f259:D1 CB ED 23 3F
Invalid operation
d189
d191
d265
d278
f1
f2/
f235
f259
f86/
Invalid operation
f235:txt:0
n20:1ljn6irb8tva-_f7i67fk
d292/
f221
n20
Invalid operation
Invalid operation
f250:D8
n20:1ljn6irb8tva-_f7i67fk
n20:1ljn6irb8tva-_f7i67fk
d292/
n20
d292:dir:0
Invalid operation
d56/
f129
f250
f53/
/f11/n5/f250
/f250
Invalid operation
Invalid operation
Invalid operation
Invalid operation
d187
d253
d56/
f129
f250
f53/
Invalid operation
Invalid operation
Null
Invalid operation
f250:bin:17
Invalid operation
Invalid operation
d187
d253
d56/
f250
f277
f53/
n87
Invalid operation
Null
Invalid operation
d187
d253
d56/
f250
f277
f53/
n87
d292/
n20
f250:BC CD A8 7C
f250:bin:21
Invalid operation
f250:bin:21
f250:bin:21
Invalid operation
Invalid operation
Null
Invalid operation
n20:34
f250:bin:23
d111
d187
d203/
d205/
d253
d56/
f161/
f250
f53/
f54
n5
d111
d187
d203/
d205/
d253
d56/
f161/
f250
f53/
f54
n5
d111
d187
d203/
d205/
d253
d56/
f161/
f250
f53/
f54
n5
Invalid operation
Invalid operation
Invalid operation
Invalid operation
/f11/n92
Invalid operation
f205:F7 0D 8D 69 E3 4E 55 C5 DC 0B 0B C0
d10/
d14
d151/
d161/
d165/
d2
d211/
d223/
d257
d37
d40
f102
f11/
f13
f137
f167/
f182/
f205
f241
f250
f252
f4
n0/
n79
n89
Invalid operation
Invalid operation
f205:38
f102:16
d37:15
f4:15
n79:15
f137:14
f13:10
d14:9
Invalid operation
Invalid operation
Invalid operation
f205:40
f102:16
f4:15
n79:15
f137:14
f13:10
d14:9
d2:7
d10/
d14
d151/
d161/
d165/
d2
d211/
d223/
d257
d40
d86
f102
f11/
f13
f137
f167/
f182/
f205
f241
f250
f252
f269
f281
f299/
f4
n0/
n79
n89
Invalid operation
/f205
f205:40
f102:16
f4:15
n79:15
f137:14
Invalid operation
f182:dir:0
f205:40
/f205
f182:dir:0
f182:dir:0
d10/
d14
d151/
d161/
d165/
d2
d211/
d223/
d257
d40
d86
f102
f11/
f13
f137
f15/
f167/
f182/
f205
f241
f250
f252
f269
f281
f299/
f30
f4
n0/
n79
n89
Invalid operation
Invalid operation
f205:64 74 F8 05 CC F7 0D 8D 69 E3 89 E5 58 E8 59 71 1C 0A C1 58 1B 9A 97 00
d10/
d14
d151/
d161/
d165/
d2
d211/
d223/
d257
d40
d54
d86
f102
f11/
f13
f137
f15/
f167/
f182/
f205
f241
f250
f252
f269
f281
f299/
f30
f4
n0/
n79
n89
d10/
d14
d151/
d161/
d165/
d2
d211/
d223/
d257
d40
d54
d86
f102
f11/
f13
f137
f15/
f167/
f182/
f205
f241
f250
f252
f269
f281
f299/
f30
f4
n0/
n79
n89
f182:dir:0
d10/
d14
d151/
d161/
d165/
d2
d211/
d223/
d257
d40
d54
d86
f102
f11/
f13
f137
f15/
f167/
f182/
f205
f241
f250
f252
f269
f281
f299/
f30
f4
n0/
n79
n89
Invalid operation
Invalid operation
d10/
d14
d151/
d161/
d165/
d2
d211/
d223/
d257
d40
d42
d54
d86
f102
f11/
f13
f137
f15/
f167/
f182/
f205
f241
f250
f252
f269
f281
f299/
f30
f4
n0/
n79
n89
Invalid operation
Invalid operation
Invalid operation
d10/
d14
d151/
d161/
d165/
d2
d211/
d223/
d257
d40
d54
d86
f102
f11/
f13
f137
f15/
f167/
f182/
f205
f241
f250
f252
f269
f281
f299/
f30
f4
n0/
n79
n89
Invalid operation
Invalid operation
Invalid operation
Invalid operation
Invalid operation
Invalid operation
d10/
d14
d151/
d161/
d165/
d2
d211/
d223/
d257
d40
d54
d86
f102
f11/
f129/
f13
f137
f15/
f167/
f181
f182/
f205
f241
f250
f252
f269
f281
f299/
f30
f4
n0/
n79
n89
Invalid operation
Invalid operation
f205:42
f102:16
f4:15
n79:15
Invalid operation
Null
Null
Invalid operation
d10/
d14
d151/
d161/
d165/
d2
d211/
d223/
d257
d40
d54
d86
f102
f11/
f13
f137
f15/
f167/
f181
f182/
f205
f241
f250
f252
f269
f281
f299/
f30
f4
n0/
n79
n89
d10/
d14
d151/
d161/
d165/
d2
d211/
d223/
d257
d40
d54
d86
f102
f11/
f13
f137
f15/
f167/
f181
f182/
f205
f241
f250
f252
f269
f281
f299/
f30
f4
n0/
n79
n89
Invalid operation
Invalid operation
Invalid operation
Invalid operation
d10/
d14
d151/
d161/
d165/
d2
d211/
d223/
d257
d40
d54
d86
f102
f11/
f13
f137
f15/
f159/
f167/
f181
f182/
f205
f241
f250
f252
f269
f281
f299/
f30
f4
n0/
n79
n89
Invalid operation
Invalid operation
Invalid operation
f205:7A 3E 56 40 29 D2 53 A6 A5 00 2B 57 0A 43 12 67 F7 39 3E CC F7 0D 8D 69 E3 89 E5 58 E8 59 71 1C 09 06 45 E6 A9 0D
d255
d255:reodbtc8kx480tgc
d255:16
d255:reodbtc8kx480tgc
d255:txt:16
d255:txt:16
f37:17
d255:16
d126:2
Invalid operation
f182:dir:0
Invalid operation
d40:6B
Invalid operation
Invalid operation
Invalid operation
Invalid operation
d40:CB 76
f182:dir:0
Invalid operation
Invalid operation
/f102
d10/
d14
d151/
d161/
d165/
d17
d2
d202
d211/
d223/
d257
d40
d54
d75
d76
d86
f102
f11/
f13
f15/
f159/
f167/
f181
f182/
f220
f241
f250
f252
f269
f281
f284
f299/
f30
f4
n0/
n79
n89
Invalid operation
d260/
f40/
Null
f220:_2
Invalid operation
d260/
d265
f21
f40/
n110/
f21:
d260:dir:0
/n90/f21
Invalid operation
d202:2F
d260:dir:0
d260/
f21
f40/
n110/
Invalid operation
/n90/f21
d260:dir:0
/n90/f21
Invalid operation
Invalid operation
Null
Invalid operation
Invalid operation
Invalid operation
d202:34 BA
Invalid operation
/f220
Invalid operation
d202:06 47 5B 1C 55 00 34 BA
Invalid operation
Invalid operation
Invalid operation
Invalid operation
f254:i123atdd-ipi2amx
Invalid operation
Invalid operation
Invalid operation
f254:i123atdd-ipi2amxmnuo ul
d17/
d204/
d216/
d260/
d45/
d80
f254
f292/
f40/
f67/
n110/
d17/
d204/
d216/
d260/
d45/
d80
f254
f292/
f40/
f67/
n110/
d202:42
Invalid operation
d17/
d204/
d216/
d260/
d45/
d80
f254
f292/
f40/
f67/
n110/
d202:FA 80 00 00 00
f102:19
d202:18
f4:15
Invalid operation
f254:i123atdd-ipi2amxmnuo ulrzff
/n90/f254
Invalid operation
f254:27
d80:12
d66:2
Null
Invalid operation
Invalid operation
Invalid operation
Invalid operation
Invalid operation
Invalid operation
Invalid operation
Invalid operation
Null
Invalid operation
Invalid operation
Invalid operation
Invalid operation
Invalid operation
Invalid operation
Invalid operation
Null
d202:bin:18
Invalid operation
Invalid operation
d202:bin:24
d10/
d111
d14
d151/
d161/
d165/
d17
d2
d202
d211/
d223/
d257
d40
d54
d75
d76
d86
f102
f11/
f112
f13
f15/
f159/
f167/
f174
f181
f182/
f220
f228
f233
f241
f250
f252
f269
f281
f284
f299/
f30
f4
n0/
n55
n7/
n79
n89
n90/
Invalid operation
Invalid operation
Invalid operation
f182:dir:0
d40:CB 00 00 00 89 5A
Invalid operation
f102:x_sip-39a.4vl4twx8in2eyyo-rq9x
f102:x_sip-39a.4vl4twx8in2eyyo-rq9x
/f102
d40:00 00 00
/f102
Invalid operation
d40:00 89
/f102
d40:00 89 5A 00
Invalid operation
Invalid operation
Invalid operation
d40:CB 00 00
d172:md:2
d172:md:2
d211/
d8/
n93/
d40:6B CB
d40:00 00 00 89 5A 00
Invalid operation
d40:00 00
Invalid operation
/f159/d8/d172
d40:6B CB 00 00 00 89 5A 00 5D 00 00
n35:13
d172:2
n38:0
Invalid operation
Invalid operation
Invalid operation
Invalid operation
Invalid operation
/f102
Invalid operation
Invalid operation
/f159/f253
Invalid operation
f102:30
d202:24
f174:16
f4:15
n79:15
d40:14
f284:13
f112:10
Invalid operation
d40:E2 76 4D 5D 00 00 00 00
Null
Invalid operation
Invalid operation
f182:dir:0
Invalid operation
d10/
d111
d131
d14
d151/
d161/
d165/
d17
d2
d202
d211/
d223/
d251
d257
d40
d54
d75
d76
d86
f102
f11/
f112
f13
f15/
f159/
f167/
f174
f181
f182/
f197/
f220
f228
f233
f24
f241
f250
f252
f269
f284
f299/
f30
f37
f4
f87
n0/
n55
n7/
n79
n89
n90/
f182:dir:0
f102:x_sip-39a.4vl4twx8in2eyyo-rq9xxfe 9dm-y_njrqi7-xax9tm5_-wnpub.
f182:dir:0
f182:dir:0
f182:dir:0
Invalid operation
d10/
d111
d131
d14
d151/
d161/
d165/
d17
d2
d202
d211/
d223/
d234
d251
d257
d40
d54
d75
d76
d86
f102
f11/
f112
f13
f15/
f159/
f167/
f174
f181
f182/
f197/
f220
f228
f233
f24
f241
f250
f252
f269
f284
f299/
f30
f37
f4
f87
n0/
n55
n64
n7/
n79
n89
n90/
d40:94 35 32
d10/
d111
d131
d14
d151/
d161/
d165/
d17
d2
d202
d211/
d223/
d234
d251
d257
d40
d54
d75
d76
d86
f102
f11/
f110/
f112
f13
f15/
f159/
f167/
f174
f181
f182/
f197/
f220
f228
f233
f24
f241
f250
f252
f269
f284
f299/
f30
f37
f4
f87
n0/
n55
n64
n7/
n79
n89
n90/
d40:00
Invalid operation
Invalid operation
/f102
Invalid operation
d10/
d111
d131
d14
d151/
d161/
d165/
d17
d2
d202
d211/
d223/
d227
d234
d251
d257
d30/
d40
d54
d75
d86
f102
f11/
f110/
f112
f13
f15/
f159/
f167/
f174
f181
f182/
f197/
f220
f228
f233
f241
f250
f252
f269
f284
f285
f299/
f30
f37
f4
f82
f87
f95
n0/
n55
n64
n7/
n79
n89
n90/
Invalid operation
Invalid operation
/d202
d202:56 06 47 5B 1C 55 00 34 BA FA 80
Invalid operation
/d202
Invalid operation
d10/
d111
d131
d14
d151/
d161/
d165/
d17
d2
d202
d211/
d223/
d227
d234
d251
d257
d30/
d40
d54
d75
d86
f102
f11/
f110/
f112
f13
f15/
f159/
f167/
f174
f181
f182/
f197/
f220
f228
f233
f241
f250
f252
f255
f269
f284
f285
f299/
f30
f37
f4
f82
f87
n0/
n52
n55
n64
n7/
n79
n90/
Invalid operation
Invalid operation
Invalid operation
Invalid operation
d202:bin:22
Invalid operation
Invalid operation
d202:06 47 AD 1C 55 00 34 BA FA 80 00 00 B0 5A 6A EB
Invalid operation
d202:6A
Invalid operation
Invalid operation
Invalid operation
Invalid operation
/d202
d202:80 00 00 B0 5A 6A EB
d27/
d82
f139/
f7/
d82:
d27/
d82
f139/
f189/
f293
f7/
d82:
f293:6
d82:
Invalid operation
Invalid operation
Invalid operation
f198:bin:8
f198:bin:8
Invalid operation
f198
n29
n85
f198:4
n29:4
n85:4
d27/
f139/
f189/
f293
f7/
f93
f293:l8o gr
d202:AD 1C 55 00 34 0F 68 80 00 00 35 80 59 77 3D 88 5D 00 00
Invalid operation
Invalid operation
Invalid operation
Invalid operation
d10/
d101
d111
d131
d14
d151/
d161/
d165/
d17
d2
d211/
d223/
d227
d234
d251
d257
d30/
d40
d54
d75
d86
f102
f11/
f110/
f112
f13
f15/
f159/
f167/
f174
f181
f182/
f197/
f220
f233
f241
f250
f252
f255
f269
f284
f285
f298/
f299/
f30
f37
f4
f82
f87
n0/
n52
n55
n64
n7/
n79
n90/
d10/
d101
d111
d131
d14
d151/
d161/
d165/
d17
d2
d211/
d223/
d227
d234
d251
d257
d30/
d40
d54
d75
d86
f102
f11/
f110/
f112
f13
f15/
f159/
f167/
f174
f181
f182/
f197/
f220
f233
f241
f250
f252
f255
f269
f284
f285
f298/
f299/
f30
f37
f4
f82
f87
n0/
n52
n55
n64
n7/
n79
n90/
d111:42 00
Null
Invalid operation
d111:4B
Invalid operation
d10/
d101
d111
d131
d14
d151/
d161/
d165/
d17
d2
d211/
d223/
d227
d234
d251
d257
d30/
d40
d54
d75
d86
f102
f11/
f110/
f112
f13
f15/
f159/
f167/
f174
f181
f182/
f197/
f220
f233
f241
f250
f252
f255
f257/
f269
f284
f285
f298/
f299/
f30
f37
f4
f82
f87
n0/
n52
n55
n64
n7/
n79
n90/
d111:44 6A
d10/
d101
d111
d131
d14
d151/
d161/
d165/
d17
d2
d211/
d223/
d227
d234
d242/
d251
d257
d292
d30/
d40
d54
d75
d86
f102
f11/
f110/
f112
f13
f15/
f159/
f167/
f174
f181
f182/
f197/
f220
f233
f241
f250
f252
f255
f257/
f269
f284
f285
f298/
f299/
f30
f37
f4
f82
f87
n0/
n52
n55
n64
n7/
n79
n90/
Invalid operation
Invalid operation
Invalid operation
f102:x_sip-39a.4vl4twx8in2eyyo-rq9xxfe 9dm-y_njrqi7-xax9tm5_-wnpub.0n4l4rix3ql4ax
d40:8F BA 83 C3 2F 42 BC 44 00
Invalid operation
Invalid operation
d10/
d101
d111
d112
d131
d14
d151/
d161/
d165/
d17
d2
d211/
d223/
d227
d234
d242/
d247
d251
d257
d292
d295/
d30/
d40
d54
d75
d86
f102
f11/
f110/
f112
f13
f15/
f159/
f167/
f174
f181
f182/
f197/
f220
f233
f241
f250
f252
f255
f257/
f269
f284
f285
f298/
f299/
f30
f37
f4
f82
f87
n0/
n52
n55
n64
n7/
n79
n90/
f182:dir:0
Invalid operation
Invalid operation
d40:BA 83 C3 2F 42 BC
Invalid operation
f102:x_sip-39a.4vl4twx8in2eyyo-rq9xxfe 9dm-y_njrqi7-xax9tm5_-wnpub.0n4l4rix3ql4axxf88h0_-7zr
d40:6B 94 35 32 8F
Invalid operation
f102:x_sip-39a.4vl4twx8in2eyyo-rq9xxfe 9dm-y_njrqi7-xax9tm5_-wnpub.0n4l4rix3ql4axxf88h0_-7zr
d10/
d101
d111
d112
d131
d14
d151/
d161/
d165/
d17
d2
d211/
d223/
d227
d234
d242/
d247
d251
d257
d292
d295/
d30/
d40
d54
d75
d86
f102
f11/
f110/
f112
f13
f15/
f159/
f167/
f174
f181
f182/
f197/
f220
f233
f241
f250
f252
f255
f257/
f269
f284
f285
f294
f298/
f299/
f30
f37
f4
f82
f87
n0/
n52
n55
n64
n7/
n79
n90/
d10/
d101
d111
d112
d131
d14
d151/
d161/
d165/
d17
d2
d211/
d223/
d227
d234
d242/
d247
d251
d257
d292
d295/
d30/
d40
d54
d75
d86
f102
f11/
f110/
f112
f13
f15/
f159/
f167/
f174
f181
f182/
f197/
f220
f233
f241
f250
f252
f255
f257/
f269
f284
f285
f294
f298/
f299/
f30
f37
f4
f82
f87
n0/
n52
n55
n64
n7/
n79
n90/
Invalid operation
Invalid operation
Invalid operation
d10/
d101
d111
d112
d131
d14
d151/
d161/
d165/
d17
d190/
d2
d211/
d223/
d225/
d227
d234
d242/
d247
d251
d257
d292
d295/
d30/
d40
d54
d75
d86
f102
f11/
f110/
f112
f13
f15/
f159/
f167/
f174
f181
f182/
f197/
f220
f233
f250
f252
f255
f257/
f269
f284
f285
f294
f298/
f299/
f30
f37
f4
f82
f87
n0/
n52
n55
n64
n7/
n79
n90/
Invalid operation
Invalid operation
Invalid operation
Invalid operation
d40:00 11
Invalid operation
d10/
d101
d111
d112
d131
d14
d151/
d161/
d165/
d17
d190/
d2
d211/
d223/
d225/
d227
d234
d242/
d247
d251
d257
d292
d295/
d30/
d40
d54
d75
d86
f102
f11/
f110/
f112
f119
f120
f13
f15/
f159/
f167/
f174
f181
f182/
f197/
f220
f233
f250
f252
f255
f257/
f279
f284
f285
f294
f298/
f299/
f30
f37
f4
f82
f87
n0/
n52
n55
n64
n7/
n79
n90/
/f102
d40:86 41 D7 3D 14 83 C3 2F 42 BC 44 00 00 00 11 63
f102:x_sip-39a.4vl4twx8in2eyyo-rq9xxfe 9dm-y_njrqi7-xax9tm5_-wnpub.0n4l4rix3ql4axxf88h0_-7zr3hks 5169b0u9oyzbn8ingl4_0
f102:113
d40:19
Invalid operation
/f11/n92
Invalid operation
Invalid operation
Invalid operation
Invalid operation
Invalid operation
Invalid operation
d10/
d101
d111
d112
d131
d14
d151/
d161/
d165/
d17
d190/
d2
d211/
d223/
d225/
d227
d234
d242/
d247
d251
d257
d292
d295/
d30/
d40
d54
d75
d86
f102
f11/
f110/
f112
f119
f120
f13
f15/
f159/
f167/
f174
f181
f182/
f197/
f198
f220
f233
f250
f252
f255
f257/
f279
f284
f285
f294
f298/
f299/
f30
f37
f4
f82
f87
n0/
n52
n55
n64
n7/
n79
n90/
Invalid operation
Invalid operation
Invalid operation
Invalid operation
Invalid operation
Invalid operation
Invalid operation
Invalid operation
f250:txt:10
Invalid operation
Invalid operation
f102:113
d40:19
f120:17
f119:16
f174:16
n64:16
Invalid operation
f250:txt:11
Invalid operation
f102:113
d40:19
f120:17
d10/
d101
d111
d112
d131
d14
d148/
d151/
d161/
d165/
d17
d190/
d2
d211/
d223/
d225/
d227
d234
d238/
d242/
d247
d251
d257
d269/
d292
d295/
d30/
d40
d54
d75
d86
f102
f11/
f110/
f112
f119
f120
f13
f15/
f159/
f167/
f174
f181
f182/
f197/
f198
f213
f220
f233
f250
f252
f255
f257/
f279
f284
f285
f294
f298/
f299/
f30
f37
f4
f82
f87
n0/
n40
n5
n52
n55
n64
n7/
n79
n90/
d10/
d101
d111
d112
d131
d14
d148/
d151/
d161/
d165/
d17
d190/
d2
d211/
d223/
d225/
d227
d234
d238/
d242/
d247
d251
d257
d269/
d292
d295/
d30/
d40
d54
d75
d86
f102
f11/
f110/
f112
f119
f120
f13
f15/
f159/
f167/
f174
f181
f182/
f197/
f198
f220
f233
f250
f252
f255
f257/
f279
f284
f285
f294
f298/
f299/
f30
f37
f4
f82
f87
n0/
n40
n52
n55
n64
n7/
n79
n90/
Invalid operation
Invalid operation
Invalid operation
Invalid operation
Invalid operation
Invalid operation
Invalid operation
/f250
Invalid operation
f75:dir:0
Invalid operation
Invalid operation
d33
f75/
Invalid operation
Invalid operation
Invalid operation
Null
Invalid operation
f102:113
f250:24
d40:19
f120:17
f102:113
f250:21
d40:19
f120:17
f119:16
f174:16
n64:16
d227:15
Invalid operation
d10/
d101
d111
d112
d131
d14
d148/
d151/
d161/
d165/
d17
d190/
d2
d211/
d223/
d225/
d227
d234
d238/
d242/
d247
d251
d257
d269/
d292
d295/
d30/
d40
d54
d75
d86
f102
f11/
f110/
f112
f119
f120
f13
f15/
f159/
f167/
f174
f181
f182/
f197/
f198
f220
f233
f250
f252
f255
f257/
f279
f284
f285
f289
f294
f298/
f299/
f30
f37
f4
f82
f87
n0/
n25
n40
n52
n55
n64
n67/
n7/
n79
n84
n90/
Invalid operation
d10/
d101
d111
d112
d131
d14
d148/
d151/
d161/
d165/
d17
d190/
d2
d211/
d223/
d225/
d227
d234
d238/
d242/
d247
d251
d257
d269/
d292
d295/
d30/
d40
d54
d75
d86
f102
f11/
f110/
f112
f119
f120
f13
f15/
f159/
f167/
f174
f181
f182/
f197/
f198
f220
f233
f250
f252
f255
f257/
f279
f284
f285
f289
f294
f298/
f299/
f30
f37
f4
f82
f87
n0/
n25
n40
n52
n55
n64
n67/
n7/
n79
n84
n90/
Invalid operation
Invalid operation
Invalid operation
Invalid operation
Invalid operation
Invalid operation
d10/
d101
d111
d112
d131
d14
d148/
d151/
d161/
d165/
d17
d190/
d2
d211/
d223/
d225/
d227
d234
d238/
d242/
d247
d251
d257
d269/
d292
d295/
d30/
d40
d54
d75
d86
f102
f11/
f110/
f112
f119
f120
f13
f15/
f159/
f167/
f171/
f174
f181
f182/
f197/
f198
f220
f233
f250
f252
f255
f257/
f279
f284
f285
f289
f294
f298/
f299/
f30
f37
f4
f82
f87
n0/
n25
n40
n52
n55
n64
n67/
n7/
n79
n84
n90/
Invalid operation
Invalid operation
Invalid operation
Invalid operation
Invalid operation
Invalid operation
Invalid operation
d10/
d101
d111
d112
d131
d14
d148/
d151/
d161/
d165/
d17
d190/
d2
d211/
d223/
d225/
d227
d234
d238/
d242/
d247
d251
d257
d269/
d292
d295/
d30/
d40
d54
d75
d86
f102
f11/
f110/
f112
f119
f120
f13
f15/
f159/
f167/
f171/
f174
f181
f182/
f197/
f198
f220
f233
f250
f252
f255
f257/
f279
f284
f285
f289
f294
f298/
f299/
f30
f37
f4
f82
f87
n0/
n25
n40
n52
n55
n64
n67/
n7/
n79
n84
n90/
f102:113
f250:21
d40:19
f120:17
f119:16
f174:16
d10/
d101
d111
d112
d131
d14
d148/
d151/
d161/
d165/
d17
d190/
d2
d211/
d223/
d225/
d227
d234
d238/
d242/
d247
d251
d257
d269/
d292
d295/
d30/
d40
d54
d75
d86
f102
f11/
f110/
f112
f119
f120
f13
f15/
f159/
f167/
f171/
f174
f181
f182/
f197/
f198
f220
f233
f250
f252
f255
f257/
f279
f284
f285
f289
f294
f298/
f299/
f30
f37
f4
f82
f87
n0/
n25
n40
n52
n55
n64
n67/
n7/
n79
n84
n90/
Invalid operation
Invalid operation
Invalid operation
Invalid operation
Null
d10/
d101
d111
d112
d131
d14
d148/
d151/
d161/
d165/
d17
d190/
d2
d211/
d223/
d225/
d227
d234
d238/
d242/
d247
d251
d257
d269/
d292
d295/
d30/
d40
d54
d75
d86
f102
f11/
f110/
f112
f119
f120
f13
f15/
f159/
f167/
f171/
f174
f181
f182/
f197/
f198
f220
f233
f250
f252
f255
f257/
f279
f284
f285
f289
f294
f298/
f299/
f30
f37
f4
f82
f87
n0/
n25
n40
n52
n55
n63/
n64
n67/
n7/
n79
n84
n90/
Invalid operation
Invalid operation
Invalid operation
Invalid operation
f182:dir:0
Null
Invalid operation
f182:dir:0
f182:dir:0
d10/
d101
d111
d131
d14
d148/
d151/
d161/
d165/
d17
d190/
d2
d211/
d223/
d225/
d227
d234
d238/
d242/
d247
d251
d257
d269/
d292
d295/
d30/
d40
d54
d75
d86
f102
f11/
f110/
f112
f119
f120
f13
f15/
f159/
f167/
f171/
f174
f181
f182/
f197/
f198
f220
f233
f250
f252
f255
f257/
f279
f284
f285
f289
f294
f298/
f299/
f30
f37
f4
f82
f87
n0/
n25
n40
n52
n55
n63/
n64
n67/
n7/
n79
n84
n90/
/f102
f182:dir:0
Invalid operation
/f102
Null
Invalid operation
f182:dir:0
Null
Invalid operation
f102:x_sip-39a.4vl4twx8in2eyyo-rq9xxfe 9dm-y_njrqi7-xax9tm5_-wnpub.0n4l4rix3ql4axxf88h0_-7zr3hks 5169b0u9oyzbn8ingl4_0
f102:113
d40:21
f250:21
d10/
d101
d111
d131
d14
d148/
d151/
d161/
d165/
d17
d190/
d2
d211/
d223/
d225/
d227
d234
d238/
d242/
d247
d251
d257
d269/
d292
d295/
d30/
d40
d54
d75
d81/
d86
f102
f11/
f110/
f112
f119
f120
f13
f15/
f159/
f167/
f171/
f174
f181
f182/
f197/
f198
f220
f233
f250
f252
f255
f257/
f279
f284
f285
f289
f294
f298/
f299/
f30
f37
f4
f82
f87
n0/
n25
n40
n52
n55
n63/
n64
n67/
n7/
n78
n79
n84
n90/
f102:x_sip-39a.4vl4twx8in2eyyo-rq9xxfe 9dm-y_njrqi7-xax9tm5_-wnpub.0n4l4rix3ql4axxf88h0_-7zr3hks 5169b0u9oyzbn8ingl4_0
f102:113
d40:21
f250:21
f102:x_sip-39a.4vl4twx8in2eyyo-rq9xxfe 9dm-y_njrqi7-xax9tm5_-wnpub.0n4l4rix3ql4axxf88h0_-7zr3hks 5169b0u9oyzbn8ingl4_0
Null
Invalid operation
f102:113
f250:21
d40:19
/f102
f102:113
f250:21
d40:19
f102:x_sip-39a.4vl4twx8in2eyyo-rq9xxfe 9dm-y_njrqi7-xax9tm5_-wnpub.0n4l4rix3ql4axxf88h0_-7zr3hks 5169b0u9oyzbn8ingl4_0
Null
d10/
d101
d111
d131
d14
d148/
d151/
d161/
d165/
d17
d190/
d2
d211/
d223/
d225/
d227
d234
d238/
d242/
d247
d251
d257
d269/
d292
d295/
d30/
d40
d54
d75
d81/
d86
f102
f11/
f110/
f112
f119
f120
f13
f15/
f159/
f165
f167/
f171/
f174
f181
f182/
f197/
f198
f220
f233
f250
f252
f255
f257/
f279
f284
f285
f289
f294
f298/
f299/
f30
f37
f4
f82
f87
n0/
n25
n40
n52
n55
n63/
n64
n67/
n7/
n79
n84
n90/
d40:BC 44 00 00 00 11 63
Invalid operation
Invalid operation
/f11/f105
Invalid operation
d211
f105
n5/
n92
Invalid operation
/f11/f86
Invalid operation
Invalid operation
Invalid operation
Invalid operation
Invalid operation
Invalid operation
Invalid operation
Invalid operation
Invalid operation
Invalid operation
f102:113
d40:26
f250:21
f120:17
f119:16
f174:16
n64:16
d227:15
f102:113
d40:26
f250:21
f120:17
f119:16
/d272
Invalid operation
Invalid operation
Invalid operation
/d272
n72:dir:0
Invalid operation
Invalid operation
Invalid operation
Invalid operation
Invalid operation
Invalid operation
Invalid operation
Invalid operation
Invalid operation
Invalid operation
Invalid operation
Invalid operation
Null
Invalid operation
f102:113
d40:26
f250:21
Invalid operation
d10/
d101
d111
d131
d14
d148/
d151/
d161/
d165/
d17
d179
d190/
d2
d210
d211/
d223/
d225/
d227
d234
d238/
d242/
d247
d251
d257
d269/
d286
d292
d295/
d30/
d40
d54
d75
d81/
d86
f102
f11/
f110/
f112
f119
f120
f13
f146/
f15/
f156
f159/
f165
f167/
f171/
f174
f181
f182/
f197/
f198
f220
f233
f250
f252
f255
f257/
f264
f279
f284
f285
f289
f294
f298/
f299/
f30
f37
f4
f82
f87
n0/
n25
n40
n52
n55
n63/
n64
n67/
n7/
n72/
n78
n79
n84
n85/
n90/
n94/
Invalid operation
f102:113
d40:26
f250:21
Null
Invalid operation
d10/
d101
d111
d131
d14
d148/
d151/
d161/
d165/
d17
d179
d190/
d2
d210
d211/
d223/
d225/
d227
d234
d238/
d242/
d247
d251
d257
d269/
d286
d292
d295/
d30/
d40
d54
d75
d81/
d86
f102
f11/
f110/
f112
f119
f120
f13
f146/
f15/
f156
f159/
f165
f167/
f171/
f174
f181
f182/
f197/
f198
f220
f233
f246
f250
f252
f255
f257/
f264
f279
f284
f285
f289
f294
f298/
f299/
f30
f37
f4
f82
f87
n0/
n25
n40
n52
n55
n63/
n64
n67/
n7/
n72/
n78
n79
n84
n85/
n90/
n94/
Null
Invalid operation
Invalid operation
Invalid operation
Invalid operation
Invalid operation
Invalid operation
Invalid operation
Invalid operation
Invalid operation
f102:113
d40:26
f250:21
/f102
d10/
d101
d111
d131
d14
d148/
d151/
d161/
d165/
d17
d179
d190/
d2
d210
d211/
d223/
d225/
d227
d234
d238/
d242/
d247
d251
d257
d269/
d286
d292
d295/
d30/
d40
d54
d75
d81/
d86
f102
f11/
f110/
f112
f119
f13
f146/
f15/
f156
f159/
f165
f167/
f171/
f174
f181
f182/
f197/
f198
f220
f233
f246
f250
f252
f255
f257/
f262
f264
f279
f284
f285
f289
f294
f298/
f299/
f30
f37
f4
f82
f87
n0/
n25
n40
n52
n55
n63/
n64
n67/
n7/
n72/
n78
n79
n84
n85/
n90/
n94/
f102:113
d40:26
f250:21
f119:16
f174:16
n64:16
d227:15
f4:15
f102:113
d40:26
f250:21
d10/
d101
d111
d131
d14
d148/
d151/
d161/
d165/
d17
d179
d190/
d2
d210
d211/
d223/
d225/
d227
d234
d238/
d242/
d247
d251
d257
d269/
d286
d292
d295/
d30/
d40
d54
d75
d81/
d86
f102
f11/
f110/
f112
f119
f13
f146/
f149
f15/
f156
f159/
f165
f167/
f171/
f174
f181
f182/
f197/
f198
f220
f233
f246
f250
f252
f255
f257/
f262
f264
f279
f284
f285
f289
f294
f298/
f299/
f30
f37
f4
f82
f87
n0/
n25
n40
n52
n55
n63/
n64
n67/
n7/
n72/
n78
n79
n84
n85/
n90/
n94/
f102:113
d40:26
f250:21
f102:113
d40:26
f250:21
d10/
d101
d111
d131
d14
d148/
d151/
d161/
d165/
d17
d179
d190/
d2
d210
d211/
d223/
d225/
d227
d234
d238/
d242/
d247
d251
d257
d269/
d286
d292
d295/
d30/
d40
d54
d75
d81/
d86
f102
f11/
f110/
f112
f119
f13
f146/
f149
f15/
f156
f159/
f165
f167/
f171/
f174
f181
f182/
f197/
f198
f220
f233
f246
f250
f252
f255
f257/
f262
f264
f279
f284
f285
f289
f294
f298/
f299/
f30
f37
f4
f82
f87
n0/
n25
n40
n52
n55
n63/
n64
n67/
n7/
n72/
n78
n79
n84
n85/
n90/
n94/
d10/
d101
d111
d131
d14
d148/
d151/
d161/
d165/
d17
d179
d190/
d2
d210
d211/
d223/
d225/
d227
d234
d238/
d242/
d247
d251
d257
d269/
d286
d292
d295/
d30/
d40
d54
d75
d81/
d86
f102
f11/
f110/
f112
f119
f13
f146/
f149
f15/
f156
f159/
f165
f167/
f171/
f174
f181
f182/
f197/
f198
f220
f233
f246
f250
f252
f255
f257/
f262
f264
f279
f284
f285
f289
f294
f298/
f299/
f30
f37
f4
f82
f87
n0/
n25
n40
n52
n55
n63/
n64
n67/
n7/
n72/
n78
n79
n84
n85/
n90/
n94/
d40:36
d10/
d101
d111
d131
d14
d148/
d151/
d161/
d165/
d17
d179
d190/
d2
d210
d211/
d223/
d225/
d227
d234
d238/
d242/
d247
d251
d257
d269/
d286
d292
d295/
d30/
d40
d54
d75
d81/
d86
f102
f11/
f110/
f112
f119
f13
f146/
f149
f15/
f156
f159/
f165
f167/
f171/
f174
f181
f182/
f197/
f198
f220
f233
f246
f250
f252
f255
f257/
f262
f264
f279
f284
f285
f289
f294
f298/
f299/
f30
f37
f4
f82
f87
n0/
n25
n40
n52
n55
n63/
n64
n67/
n7/
n72/
n78
n79
n84
n85/
n90/
n94/
d40:2F 42 BC 44 00 00 00 11 63 14 87 AE 27 B8 24 0F 53
d40:27 B8 24 0F
Invalid operation
d10/
d101
d111
d131
d14
d148/
d151/
d161/
d165/
d17
d179
d190/
d2
d210
d211/
d223/
d225/
d227
d234
d238/
d242/
d247
d251
d254
d257
d269/
d286
d292
d295/
d30/
d40
d54
d75
d81/
d86
f102
f11/
f110/
f112
f119
f13
f146/
f149
f15/
f156
f159/
f165
f167/
f171/
f174
f181
f182/
f197/
f198
f220
f233
f246
f250
f252
f255
f257/
f262
f264
f279
f284
f289
f298/
f299/
f30
f37
f4
f82
f87
n0/
n25
n40
n52
n55
n63/
n64
n67/
n7/
n72/
n78
n79
n84
n85/
n90/
n94/
Invalid operation
Invalid operation
Invalid operation
d10/
d101
d111
d131
d14
d148/
d151/
d161/
d165/
d17
d179
d190/
d2
d210
d211/
d223/
d225/
d227
d234
d238/
d242/
d247
d251
d254
d257
d269/
d286
d292
d295/
d30/
d40
d54
d75
d81/
d86
f102
f11/
f110/
f112
f119
f13
f146/
f149
f15/
f156
f159/
f165
f167/
f171/
f174
f181
f182/
f197/
f198
f220
f233
f246
f250
f252
f255
f257/
f262
f264
f279
f284
f289
f298/
f299/
f30
f37
f4
f82
f87
n0/
n25
n40
n52
n55
n63/
n64
n67/
n7/
n72/
n78
n79
n84
n85/
n90/
n94/
Invalid operation
Invalid operation
d40:14 87 AE 27
Invalid operation
d40:42 BC 44
d40:AE
d40:14
Invalid operation
Invalid operation
f182:dir:0
f102:123
d40:22
f250:21
f119:16
f174:16
n64:16
d10/
d101
d111
d131
d14
d148/
d151/
d161/
d165/
d17
d179
d190/
d2
d210
d211/
d223/
d225/
d227
d234
d238/
d242/
d247
d251
d254
d257
d269/
d286
d292
d295/
d30/
d40
d54
d65
d75
d81/
d86
f102
f11/
f110/
f112
f119
f13
f146/
f149
f15/
f156
f159/
f167/
f171/
f174
f181
f182/
f197/
f198
f220
f233
f246
f250
f252
f255
f257/
f262
f264
f279
f284
f289
f298/
f299/
f30
f37
f4
f82
f87
n0/
n20
n25
n40
n52
n55
n63/
n64
n67/
n7/
n72/
n78
n79
n84
n85/
n90/
n94/
Invalid operation
f182:dir:0
Invalid operation
Invalid operation
d10/
d101
d111
d131
d14
d148/
d151/
d161/
d165/
d17
d179
d190/
d2
d210
d211/
d223/
d225/
d227
d234
d238/
d242/
d247
d251
d254
d257
d269/
d286
d292
d295/
d30/
d40
d54
d75
d81/
d86
f102
f11/
f110/
f112
f119
f13
f146/
f149
f15/
f156
f159/
f167/
f171/
f174
f181
f182/
f197/
f198
f220
f233
f246
f250
f252
f255
f257/
f262
f264
f279
f284
f289
f298/
f299/
f3
f30
f37
f4
f82
f87
n0/
n20
n25
n40
n52
n55
n63/
n64
n67/
n7/
n72/
n78
n79
n84
n85/
n90/
n94/
Invalid operation
Invalid operation
d10/
d101
d111
d131
d14
d148/
d151/
d161/
d165/
d17
d179
d190/
d2
d210
d211/
d223/
d225/
d227
d234
d238/
d242/
d247
d251
d254
d257
d269/
d286
d292
d295/
d30/
d40
d54
d75
d81/
d86
f102
f11/
f110/
f112
f119
f13
f146/
f149
f15/
f156
f159/
f167/
f171/
f174
f181
f182/
f197/
f198
f220
f233
f246
f250
f252
f255
f257/
f262
f264
f279
f284
f289
f298/
f299/
f3
f30
f37
f4
f43
f82
f87
n0/
n20
n25
n40
n52
n55
n63/
n64
n67/
n7/
n72/
n78
n79
n84
n85/
n90/
n94/
f182:dir:0
f102:x_sip-39a.4vl4twx8in2eyyo-rq9xxfe 9dm-y_njrqi7-xax9tm5_-wnpub.0n4l4rix3ql4axxf88h0_-7zr3hks 5169b0u9oyzbn8ingl4_0pdw3gkdssx
d10/
d101
d111
d131
d14
d148/
d151/
d161/
d165/
d17
d179
d190/
d2
d210
d211/
d223/
d225/
d227
d234
d238/
d242/
d247
d251
d254
d257
d269/
d286
d292
d295/
d30/
d54
d75
d81/
d86
f102
f11/
f110/
f112
f119
f13
f146/
f149
f15/
f156
f159/
f167/
f171/
f174
f181
f182/
f197/
f198
f220
f233
f246
f250
f252
f255
f257/
f262
f264
f279
f284
f289
f298/
f299/
f3
f30
f37
f4
f43
f82
f87
n0/
n20
n25
n40
n52
n55
n63/
n64
n67/
n7/
n72/
n78
n79
n84
n85/
n90/
n94/
f182:dir:0
f182:dir:0
/f102
f182:dir:0
Invalid operation
Invalid operation
f182:dir:0
d10/
d101
d111
d131
d14
d148/
d151/
d161/
d165/
d17
d179
d190/
d198
d2
d210
d211/
d223/
d225/
d227
d234
d238/
d242/
d247
d251
d254
d257
d269/
d286
d292
d295/
d30/
d54
d75
d81/
d86
f102
f11/
f110/
f112
f119
f13
f146/
f149
f15/
f156
f159/
f167/
f171/
f174
f181
f182/
f197/
f198
f220
f233
f246
f250
f252
f255
f257/
f262
f264
f279
f284
f289
f298/
f299/
f3
f30
f37
f4
f43
f82
f87
n0/
n20
n25
n40
n52
n55
n63/
n64
n67/
n7/
n72/
n78
n79
n84
n85/
n90/
n94/
d257:11 8B D2 B1 00
Invalid operation
d257:52
d10/
d101
d111
d131
d14
d148/
d151/
d161/
d165/
d17
d179
d190/
d198
d2
d210
d211/
d223/
d225/
d227
d234
d238/
d242/
d247
d251
d254
d257
d269/
d286
d292
d295/
d30/
d54
d75
d81/
d86
f102
f11/
f110/
f112
f119
f13
f146/
f149
f15/
f156
f159/
f167/
f171/
f174
f181
f182/
f197/
f198
f220
f233
f246
f250
f252
f255
f257/
f262
f264
f279
f284
f289
f298/
f299/
f3
f30
f37
f4
f43
f82
f87
n0/
n20
n25
n40
n52
n55
n63/
n64
n67/
n7/
n72/
n78
n79
n84
n85/
n90/
n94/
d10/
d101
d111
d131
d14
d148/
d151/
d161/
d165/
d17
d179
d190/
d198
d2
d210
d211/
d223/
d225/
d227
d234
d238/
d242/
d247
d251
d254
d257
d269/
d286
d292
d295/
d30/
d54
d75
d81/
d86
f102
f11/
f110/
f112
f119
f13
f146/
f149
f15/
f156
f159/
f167/
f171/
f174
f181
f182/
f197/
f198
f220
f233
f246
f250
f252
f255
f257/
f262
f264
f279
f284
f289
f298/
f299/
f3
f30
f37
f4
f43
f82
f87
n0/
n20
n25
n40
n52
n55
n63/
n64
n67/
n7/
n72/
n78
n79
n84
n85/
n90/
n94/
d10/
d101
d111
d131
d14
d148/
d151/
d161/
d165/
d17
d179
d190/
d198
d2
d210
d211/
d223/
d225/
d227
d234
d238/
d242/
d247
d251
d254
d257
d269/
d286
d292
d295/
d30/
d54
d75
d81/
d86
f102
f11/
f110/
f112
f119
f13
f146/
f149
f15/
f156
f159/
f167/
f171/
f174
f181
f182/
f197/
f198
f220
f233
f246
f250
f252
f255
f257/
f262
f264
f279
f284
f289
f298/
f299/
f3
f30
f37
f4
f43
f82
f87
n0/
n20
n25
n40
n52
n55
n63/
n64
n67/
n7/
n72/
n78
n79
n84
n85/
n90/
n94/
f182:dir:0
Invalid operation
d10/
d101
d111
d131
d14
d148/
d151/
d161/
d165/
d17
d179
d190/
d198
d2
d210
d211/
d223/
d225/
d227
d234
d238/
d242/
d247
d251
d254
d257
d269/
d286
d292
d295/
d30/
d54
d75
d81/
d86
f102
f11/
f110/
f112
f119
f13
f146/
f149
f15/
f156
f159/
f167/
f171/
f174
f181
f182/
f197/
f198
f220
f233
f246
f250
f252
f255
f257/
f262
f264
f279
f284
f289
f298/
f299/
f3
f30
f37
f4
f43
f82
f87
n0/
n20
n25
n40
n52
n55
n63/
n64
n67/
n7/
n72/
n78
n79
n84
n85/
n90/
n94/
f102:124
f250:21
f119:16
f102:124
f250:21
f119:16
d10/
d101
d111
d131
d14
d148/
d151/
d161/
d165/
d17
d179
d190/
d198
d2
d210
d211/
d223/
d225/
d227
d234
d238/
d242/
d247
d251
d254
d257
d269/
d286
d292
d295/
d30/
d54
d75
d81/
d86
f102
f11/
f110/
f112
f119
f13
f146/
f149
f15/
f156
f159/
f167/
f171/
f174
f181
f182/
f197/
f198
f220
f233
f246
f250
f252
f255
f257/
f262
f264
f279
f284
f289
f298/
f299/
f3
f30
f37
f4
f43
f82
f87
n0/
n20
n25
n40
n52
n55
n63/
n64
n67/
n7/
n72/
n78
n79
n84
n85/
n90/
n94/
Invalid operation
Invalid operation
f182:dir:0
d257:4B
f102:137
f250:21
f119:16
d257:9B 83 B5 A1 D2 B1 00 00 CE 31 4B D3 EF D7 00
Invalid operation
Invalid operation
Invalid operation
Invalid operation
f102:137
f250:21
f119:16
Invalid operation
d257:14
f102:138
f250:21
f119:16
f102:138
f250:21
f119:16
/d210
d10/
d101
d111
d131
d14
d148/
d151/
d161/
d165/
d17
d179
d190/
d198
d2
d210
d211/
d223/
d225/
d227
d234
d238/
d242/
d247
d251
d254
d257
d269/
d286
d292
d295/
d30/
d54
d75
d81/
d86
f102
f11/
f110/
f112
f119
f13
f146/
f149
f15/
f156
f159/
f167/
f171/
f174
f181
f182/
f197/
f198
f220
f233
f246
f250
f252
f255
f257/
f262
f264
f279
f284
f289
f298/
f299/
f3
f30
f37
f4
f43
f82
f87
n0/
n20
n25
n40
n52
n55
n63/
n64
n67/
n7/
n72/
n78
n79
n84
n85/
n90/
n94/
f102:138
f250:21
f119:16
Null
d257:A1 D2
f102:138
f250:21
f119:16
Invalid operation
f182:dir:0
f102:138
f250:21
f119:16
f174:16
n64:16
d227:15
d10/
d101
d111
d131
d14
d148/
d151/
d161/
d165/
d17
d179
d190/
d198
d2
d210
d211/
d223/
d225/
d227
d234
d238/
d242/
d247
d251
d254
d257
d269/
d286
d292
d295/
d30/
d54
d75
d81/
d86
f102
f11/
f110/
f112
f119
f13
f146/
f149
f15/
f156
f159/
f167/
f171/
f174
f181
f182/
f197/
f198
f220
f233
f246
f250
f252
f255
f257/
f262
f264
f279
f284
f289
f298/
f299/
f3
f30
f37
f4
f43
f82
f87
n0/
n20
n25
n40
n52
n55
n63/
n64
n67/
n7/
n72/
n78
n79
n84
n85/
n90/
n94/
/f102
Invalid operation
f102:138
f250:21
f119:16
Invalid operation
Invalid operation
Invalid operation
Invalid operation
Invalid operation
d10/
d101
d111
d131
d14
d148/
d151/
d161/
d165/
d17
d179
d190/
d198
d2
d210
d211/
d223/
d225/
d227
d234
d238/
d242/
d247
d251
d254
d257
d269/
d286
d292
d295/
d30/
d54
d75
d81/
d86
f102
f11/
f110/
f112
f119
f13
f146/
f149
f15/
f156
f159/
f167/
f171/
f174
f181
f182/
f197/
f198
f220
f233
f246
f250
f252
f255
f257/
f262
f264
f279
f284
f289
f298/
f299/
f3
f30
f37
f4
f43
f82
f87
n0/
n20
n25
n40
n52
n55
n63/
n64
n67/
n7/
n72/
n78
n79
n84
n85/
n90/
n94/
Invalid operation
f102:x_sip-39a.4vl4twx8in2eyyo-rq9xxfe 9dm-y_njrqi7-xax9tm5_-wnpub.0n4l4rix3ql4axxf88h0_-7zr3hks 5169b0u9oyzbn8ingl4_0pdw3gkdssxx9nikz _k4altgxx
Invalid operation
d111:6A
d202:0s
Invalid operation
d111:B0 C3 1C 26 EF 35
d111:26 EF
/d111
Invalid operation
Invalid operation
d111:26 EF
d111:42 00 00 B0 C3 1C 26 EF 35
d10/
d101
d111
d14
d148/
d151/
d161/
d165/
d17
d179
d190/
d198
d2
d210
d211/
d223/
d225/
d227
d234
d238/
d242/
d247
d251
d254
d257
d269/
d286
d292
d295/
d30/
d54
d75
d81/
d86
f102
f11/
f110/
f112
f119
f13
f146/
f149
f15/
f156
f159/
f167/
f171/
f174
f181
f182/
f197/
f198
f220
f233
f246
f250
f252
f255
f257/
f262
f264
f279
f284
f289
f298/
f299/
f3
f30
f37
f4
f43
f82
f87
n0/
n20
n25
n40
n52
n55
n63/
n64
n67/
n7/
n72/
n78
n79
n84
n85/
n87
n90/
n94/
Invalid operation
d111:66 1F
d27/
f139/
f189/
f292
f293
f7/
f93
Invalid operation
Invalid operation
Invalid operation
Invalid operation
Invalid operation
d111:00
d27/
f139/
f189/
f292
f293
f7/
n31
/d111
d10/
d101
d111
d14
d148/
d151/
d161/
d165/
d17
d179
d190/
d198
d2
d210
d211/
d223/
d225/
d227
d234
d238/
d242/
d247
d251
d254
d257
d269/
d286
d292
d295/
d30/
d54
d75
d81/
d86
f102
f11/
f110/
f112
f119
f13
f146/
f149
f15/
f156
f159/
f167/
f171/
f174
f181
f182/
f197/
f198
f220
f233
f246
f250
f252
f255
f257/
f262
f264
f279
f284
f289
f298/
f299/
f3
f30
f37
f4
f43
f82
f87
n0/
n20
n25
n40
n52
n55
n63/
n64
n67/
n7/
n72/
n78
n79
n84
n85/
n87
n90/
n94/
Invalid operation
Invalid operation
Invalid operation
f102:x_sip-39a.4vl4twx8in2eyyo-rq9xxfe 9dm-y_njrqi7-xax9tm5_-wnpub.0n4l4rix3ql4axxf88h0_-7zr3hks 5169b0u9oyzbn8ingl4_0pdw3gkdssxx9nikz _k4altgxx
f102:x_sip-39a.4vl4twx8in2eyyo-rq9xxfe 9dm-y_njrqi7-xax9tm5_-wnpub.0n4l4rix3ql4axxf88h0_-7zr3hks 5169b0u9oyzbn8ingl4_0pdw3gkdssxx9nikz _k4altgxx
f102:139
f250:21
f119:16
f174:16
n64:16
d10/
d101
d111
d14
d148/
d151/
d161/
d165/
d17
d179
d190/
d198
d2
d210
d211/
d223/
d225/
d227
d234
d238/
d242/
d247
d251
d254
d257
d269/
d286
d292
d295/
d30/
d54
d75
d81/
d86
f102
f11/
f110/
f112
f119
f13
f146/
f149
f15/
f156
f159/
f167/
f171/
f174
f181
f182/
f197/
f198
f220
f233
f246
f250
f252
f255
f257/
f262
f264
f279
f284
f289
f298/
f299/
f3
f30
f37
f4
f43
f82
f87
n0/
n113
n20
n25
n40
n52
n55
n63/
n64
n67/
n7/
n72/
n78
n79
n84
n85/
n87
n90/
n94/
Invalid operation
f182:dir:0
f102:x_sip-39a.4vl4twx8in2eyyo-rq9xxfe 9dm-y_njrqi7-xax9tm5_-wnpub.0n4l4rix3ql4axxf88h0_-7zr3hks 5169b0u9oyzbn8ingl4_0pdw3gkdssxx9nikz _k4altgxx
d10/
d101
d111
d14
d148/
d151/
d161/
d165/
d17
d179
d190/
d198
d2
d210
d211/
d223/
d225/
d227
d234
d238/
d242/
d247
d251
d254
d257
d269/
d286
d292
d295/
d30/
d54
d81/
d86
f102
f11/
f110/
f112
f119
f13
f146/
f149
f15/
f156
f159/
f167/
f171/
f174
f181
f182/
f197/
f198
f220
f233
f246
f250
f252
f255
f257/
f262
f264
f279
f284
f289
f298/
f299/
f3
f30
f37
f4
f43
f82
f87
f97/
n0/
n113
n20
n25
n40
n52
n55
n63/
n64
n67/
n7/
n72/
n78
n79
n84
n85/
n87
n90/
n94/
f102:139
f102:x_sip-39a.4vl4twx8in2eyyo-rq9xxfe 9dm-y_njrqi7-xax9tm5_-wnpub.0n4l4rix3ql4axxf88h0_-7zr3hks 5169b0u9oyzbn8ingl4_0pdw3gkdssxx9nikz _k4altgxx
f102:x_sip-39a.4vl4twx8in2eyyo-rq9xxfe 9dm-y_njrqi7-xax9tm5_-wnpub.0n4l4rix3ql4axxf88h0_-7zr3hks 5169b0u9oyzbn8ingl4_0pdw3gkdssxx9nikz _k4altgxx
/f15/n85
n85:md:7
Null
f102:145
f250:21
d257:16
f102:x_sip-39a.4vl4twx8in2eyyo-rq9xxfe 9dm-y_njrqi7-xax9tm5_-wnpub.0n4l4rix3ql4axxf88h0_-7zr3hks 5169b0u9oyzbn8ingl4_0pdw3gkdssxx9nikz _k4altgxx37olau
f102:145
f250:21
d257:16
f119:16
f174:16
n64:16
d10/
d101
d111
d113
d14
d148/
d151/
d161/
d165/
d17
d179
d190/
d198
d2
d210
d211/
d223/
d225/
d227
d234
d238/
d242/
d247
d251
d254
d257
d269/
d286
d292
d295/
d30/
d54
d81/
d86
f102
f11/
f110/
f112
f119
f13
f146/
f149
f15/
f156
f159/
f167/
f171/
f174
f181
f182/
f197/
f198
f220
f233
f246
f250
f252
f255
f257/
f262
f264
f279
f284
f289
f298/
f299/
f3
f30
f37
f4
f43
f82
f87
f97/
n0/
n113
n25
n26/
n40
n52
n55
n63/
n64
n67/
n7/
n72/
n78
n79
n84
n85/
n87
n90/
n94/
f182:dir:0
d10/
d101
d111
d113
d14
d148/
d151/
d161/
d165/
d17
d179
d190/
d198
d2
d210
d211/
d223/
d225/
d227
d234
d238/
d242/
d247
d251
d254
d257
d269/
d286
d292
d295/
d30/
d54
d81/
d86
f102
f11/
f110/
f112
f119
f13
f146/
f149
f15/
f156
f159/
f167/
f171/
f174
f181
f182/
f197/
f198
f220
f233
f246
f250
f252
f255
f257/
f262
f264
f279
f284
f289
f298/
f299/
f3
f30
f37
f4
f43
f82
f87
f97/
n0/
n113
n25
n26/
n40
n52
n55
n63/
n64
n67/
n7/
n72/
n78
n79
n84
n85/
n87
n90/
n94/
f102:158
f250:21
d257:16
d257:47 6D FF D3 DE 13 50 E0 00
f102:158
f250:21
d257:16
Null
f102:168
f250:21
d257:16
/f102
Invalid operation
Invalid operation
Null
n92:18
d211:17
f105:16
/f11/f105
Invalid operation
d211
d63/
f105
n5/
n92
f105:A0 E7 EA F0 E1 CE 7D 00 00 87 7D 3D C9 85 32 78 00 83
Invalid operation
Null
d211
d63/
f105
n5/
n92
Invalid operation
Invalid operation
Invalid operation
Invalid operation
Invalid operation
Invalid operation
f282:dir:0
d214
f282/
Invalid operation
Invalid operation
d178/
d211
d63/
f105
f150/
f69/
n34/
n5/
n92
f105:35 3B B7
Invalid operation
Invalid operation
d140/
Invalid operation
f101:75
f191:0
Invalid operation
f191:
Invalid operation
Invalid operation
d140/
d194
f191
f279
Invalid operation
Invalid operation
Invalid operation
f150:dir:0
d178/
d211
d63/
f105
f150/
f69/
n34/
n5/
n92
d178/
d211
d63/
f105
f150/
f69/
n34/
n5/
n92
Null
Invalid operation
f282:dir:0
Invalid operation
f282:dir:0
d214:15
d261:9
f101:7
d214
d261
f101
f129/
f282/
f297/
n104/
Invalid operation
d214:.p2u0.zzqv7jgkwqi
f105:00 00
d214
f129/
f282/
f297/
f76
n104/
d214:.p2u0.zzqv7jgkwqi
d214:.p2u0.zzqv7jgkwqi
Invalid operation
f282:dir:0
d214
f129/
f282/
f297/
f76
n104/
d214:17
/f11/f150/d214
d140/
d194
f191
f279
Invalid operation
d194:C1 92 69 6B E8
Invalid operation
Null
f191:raw_6oj.4
d140/
d194
d256
d42/
f191
f231/
f279
d194:79
d194:00 C1
d140/
d194
d256
d42/
f191
f231/
f279
Invalid operation
d140:dir:0
f191:9
d194:6
f279:1
d140:dir:0
d140:dir:0
/f11/f150/n104/f191
d147/
Null
d140:dir:0
d194:83 D5 08 20 29
Invalid operation
d140:dir:0
Null
Null
Invalid operation
Invalid operation
Invalid operation
Invalid operation
f105:B5 19 95 00 00 00
Invalid operation
d214
d60/
f129/
f282/
f297/
f76
n104/
n91
d194:20
d140/
d194
d42/
f188/
f191
f231/
f274/
f279
d194:41 83 D5
d194:bin:20
Invalid operation
d194:bin:20
d194:bin:20
Invalid operation
Invalid operation
d140/
d194
d42/
d49
d50
f188/
f191
f231/
f274/
f279
n35
Invalid operation
Invalid operation
Invalid operation
f191:28
d194:24
d50:11
d298:9
d49:4
d140/
d194
d298
d42/
d49
d50
f188/
f191
f231/
f274/
f279
n35
d140/
d194
d298
d42/
d49
d50
f188/
f191
f231/
f274/
f279
n35
Null
d140/
d194
d42/
d49
d50
f188/
f191
f231/
f274/
f279
n35
f105:85 32 78 35 05 19 D2 A8 B5 19 95 00 00
d194:bin:24
Invalid operation
Invalid operation
d140/
d194
d42/
d49
d50
d83
f188/
f191
f231/
f250/
f274/
f279
n15/
n35
Invalid operation
Invalid operation
d194:bin:25
/f11/f150/d214
Invalid operation
Invalid operation
f105:7D 00 00 87 7D 3D C9 85 32 78 35 05 19 D2
d214:19
n91:1
d147:0
d292:0
f76:0
d214:.p2u0.zzqv7jgkwqi9m
Invalid operation
f105:85 32 78 35 05 19 D2 A8 B5 19 95 00 00
f282:dir:0
d214:.p2u0.zzqv7jgkwqi9m
d214:19
n91:1
d147:0
d292:0
f76:0
f105:3D C9 85
f76:
Invalid operation
Invalid operation
f191:28
d194:25
d284:12
d50:11
d194:A8 37 BB
Invalid operation
f191:28
d194:24
d284:12
d50:11
f212:6
f25:5
d49:4
f279:1
Invalid operation
n50:dir:0
Invalid operation
d158
n107
n50/
Invalid operation
/f11/f150/n104/d42/n107
n50:dir:0
d158:8
f268:5
d158:19
f268:5
d194:BB
n50:dir:0
d158
d281
f268
f27
n50/
n52/
Invalid operation
Invalid operation
d158:17
f268:5
f27:1
d281:0
d158:fwpe19aw4l5lq0mkn
Invalid operation
Invalid operation
Invalid operation
Invalid operation
Invalid operation
Invalid operation
Invalid operation
/f11/f150/n104/d42/d158
Invalid operation
Invalid operation
d158
f268
f27
n50/
n52/
Invalid operation
d158
f268
f27
n50/
n52/
n50:dir:0
Invalid operation
Invalid operation
Invalid operation
Null
Invalid operation
Invalid operation
/f11/f150/n104/d42/d158
Invalid operation
Invalid operation
Invalid operation
Null
d158
d257
d274
f11/
f15
f238
f268
f27
f282/
n21
n25
n50/
n52/
n88/
d158:fwpe19aw4l5lq0mkn9h 2bquwz7o
/f11/f150/n104/d42/d158
d194:29
f191:28
d284:12
f212:6
f25:5
Invalid operation
Invalid operation
Invalid operation
d194:32
f191:28
d284:12
f212:6
f89:5
d49:4
Invalid operation
d140/
d194
d284
d42/
d49
d83
f188/
f191
f212
f231/
f250/
f274/
f279
f89
n15/
n35
d194:bin:32
d140/
d194
d284
d42/
d83
f188/
f191
f212
f231/
f250/
f274/
f279
f89
n15/
n35
/f11/f150/n104/d194
d140/
d194
d227
d284
d42/
d83
f188/
f191
f212
f231/
f250/
f274/
f279
f89
n15/
n35
d63:dir:0
d140/
d194
d227
d228/
d284
d42/
d83
f188/
f212
f231/
f250/
f274/
f279
f89
n15/
n35
Invalid operation
d140/
d194
d227
d228/
d284
d42/
d83
f188/
f212
f231/
f250/
f274/
f279
f89
n15/
n35
d140/
d194
d227
d228/
d284
d42/
d83
f188/
f212
f231/
f250/
f274/
f279
f89
n15/
n35
Invalid operation
Null
Invalid operation
Invalid operation
d194:40
d227:15
f212:6
n49:6
f89:5
Invalid operation
Invalid operation
Invalid operation
d140/
d227
d228/
d42/
d83
f188/
f212
f231/
f250/
f274/
f279
f89
n15/
n35
n49
Invalid operation
d140/
d227
d228/
d42/
d83
f188/
f212
f231/
f250/
f274/
f279
f89
n15/
n35
n49
f279:txt:1
d140/
d159
d227
d228/
d265
d42/
d83
f188/
f212
f231/
f250/
f274/
f279
f89
n15/
n35
n49
d140/
d159
d227
d228/
d265
d42/
d83
f188/
f212
f231/
f250/
f274/
f279
f89
n15/
n35
n49
f279:txt:1
d140/
d159
d227
d228/
d265
d42/
d83
f188/
f212
f231/
f250/
f274/
f279
f89
n15/
n35
n49
Invalid operation
Invalid operation
Invalid operation
d147
d292
d40
d60/
f129/
f266/
f282/
f297/
f76
n104/
n91
Invalid operation
d131/
d140/
d159
d168/
d227
d228/
d265
d42/
d83
f124/
f188/
f212
f231/
f250/
f274/
f279
f68
f89
n15/
n35
n49
d131/
d140/
d159
d168/
d227
d228/
d265
d42/
d83
f124/
f188/
f212
f231/
f250/
f274/
f279
f68
f89
n15/
n35
n49
f279:txt:16
f279:16
d227:15
f68:15
Null
Null
d83:1E 9A A1
f279:eujjsb-eic5cluixz47uirb
Invalid operation
f279:23
d227:15
d83:15
f68:15
d265:13
d284:12
f212:6
n49:6
f279:txt:23
d131/
d140/
d146/
d159
d168/
d227
d228/
d265
d284
d42/
d83
f108/
f124/
f188/
f212
f231/
f250/
f274/
f279
f68
f89
n15/
n35
n49
Invalid operation
Null
d131/
d140/
d146/
d159
d168/
d227
d228/
d265
d284
d42/
d83
f108/
f124/
f188/
f212
f231/
f250/
f274/
f279
f68
f89
n15/
n35
n49
f279:txt:23
Invalid operation
Invalid operation
Invalid operation
d131/
d140/
d146/
d159
d168/
d227
d228/
d265
d284
d42/
d83
f108/
f124/
f188/
f212
f231/
f250/
f274/
f279
f68
f89
f96/
n15/
n35
n49
Invalid operation
Invalid operation
f279:30
d227:15
f68:15
d83:14
d265:13
d284:12
f212:6
Invalid operation
f279:eujjsb-eic5cluixz47uirb96mzthq
Invalid operation
d131/
d140/
d146/
d159
d168/
d227
d228/
d265
d284
d42/
d83
f108/
f124/
f188/
f212
f231/
f250/
f274/
f279
f68
f89
f96/
n15/
n25
n35
n49
Invalid operation
f279:txt:30
f279:txt:30
f279:eujjsb-eic5cluixz47uirb96mzthq
Invalid operation
d131/
d14/
d140/
d146/
d159
d168/
d228/
d265
d284
d42/
d83
f108/
f124/
f188/
f212
f231/
f250/
f274/
f279
f6/
f68
f89
f96/
n15/
n25
n35
n49
d131/
d14/
d140/
d146/
d159
d168/
d228/
d265
d284
d42/
d83
f108/
f124/
f188/
f212
f231/
f250/
f274/
f279
f6/
f68
f89
f96/
n15/
n25
n35
n49
d83:DE 52
d83:8A 17 88
f279:eujjsb-eic5cluixz47uirb96mzthq
d54/
Invalid operation
Invalid operation
f163:dir:0
d106/
d54/
f163/
n72
d83:52
n72:0
Invalid operation
/f11/f150/n104/f279
/f279
d149:8
d106/
d134/
d149
d54/
d6/
f163/
n57/
d106/
d134/
d149
d54/
d6/
f163/
n57/
Invalid operation
f279:eujjsb-eic5cluixz47uirb96mzthqj00hk54be4twyqu8d-j3914uquqrx2w-_led
f279:eujjsb-eic5cluixz47uirb96mzthqj00hk54be4twyqu8d-j3914uquqrx2w-_led
Invalid operation
d83:42 1E 9A
f279:eujjsb-eic5cluixz47uirb96mzthqj00hk54be4twyqu8d-j3914uquqrx2w-_led
Invalid operation
Invalid operation
f269:dir:0
Invalid operation
Invalid operation
Invalid operation
d116:13
d116:13
f269:dir:0
d83:8A
Invalid operation
f279:66
d83:22
f68:15
n25:15
d265:13
Invalid operation
f279:txt:66
f279:eujjsb-eic5cluixz47uirb96mzthqj00hk54be4twyqu8d-j3914uquqrx2w-_led
f279:eujjsb-eic5cluixz47uirb96mzthqj00hk54be4twyqu8d-j3914uquqrx2w-_led
f279:eujjsb-eic5cluixz47uirb96mzthqj00hk54be4twyqu8d-j3914uquqrx2w-_led
Invalid operation
Invalid operation
d211:bin:6
Invalid operation
Invalid operation
Invalid operation
/f11/f150/n104/f96/d116
/f11/f150/n104/f96/d116
d116:8
f183:3
Invalid operation
/f11/f150/n104/f96/d116
Invalid operation
Invalid operation
d116:73 00 00 00
Invalid operation
d116
f183
f269/
/f11/f150/n104/f96/d116
Invalid operation
Invalid operation
Invalid operation
d116
f183
f269/
d116
f183
f269/
Invalid operation
Invalid operation
Invalid operation
d131/
d14/
d140/
d146/
d159
d168/
d222
d227/
d228/
d265
d284
d42/
d83
f108/
f124/
f188/
f212
f231/
f250/
f274/
f279
f6/
f68
f89
f96/
n15/
n25
n35
n49
f279:txt:82
Invalid operation
f76:
Invalid operation
/f11/f150/f76
d147
d292
d40
d60/
f129/
f266/
f282/
f297/
f76
n104/
n91
Invalid operation
d147
d292
d40
d60/
f129/
f266/
f282/
f297/
f76
n104/
n91
Invalid operation
Invalid operation
Invalid operation
/f11/f49
Invalid operation
f152
f21
Invalid operation
Invalid operation
f152
f21
n6/
f152
f21
f37
n6/
Invalid operation
f152
f21
f37
n6/
Invalid operation
Invalid operation
Null
Null
f21:A2 BC 1E C9 30 B8 1C
Invalid operation
Invalid operation
f84/
Invalid operation
f21:06 2C 5B A2 BC 1E C9 30 B8
f116:dir:0
Invalid operation
f84:15
n56:12
f286:0
f84:781u4almmifl94
Invalid operation
f210:6
d121/
d229/
f165/
f210
f84/
Invalid operation
Invalid operation
Invalid operation
Invalid operation
Invalid operation
Invalid operation
d121/
f165/
f84/
Invalid operation
d121/
f165/
f84/
Invalid operation
f165:dir:0
Invalid operation
d121/
f165/
f84/
Invalid operation
Invalid operation
Invalid operation
f21:2B F5 3D EB
Invalid operation
Invalid operation
d105
d121/
d239/
d280/
f137
f165/
f84/
d251
f116/
f27/
f286
f84
n20/
d251
f116/
f27/
f286
f84
n20/
f27:dir:0
Invalid operation
Invalid operation
f21:D1
f84:781u4almmifl94
f84:781u4almmifl94
f84:781u4almmifl94
f27:dir:0
f27:dir:0
f27:dir:0
Invalid operation
/f11/f109/n6/f165/f84
Invalid operation
f27:dir:0
/f11/f109/n6/f165/f84
Invalid operation
Invalid operation
d209
f136
f142
f185
f266
d209:md:31
d209:8jjnvsoondheu3oelozlt _ri95kiwe
f84:781u4almmifl94b9zq
d122
d42
f116/
f178/
f27/
f286
f84
n20/
f21:D4
Invalid operation
f152
f21
f37
n6/
f152
f21
f37
n6/
Invalid operation
Invalid operation
Invalid operation
Invalid operation
Invalid operation
f105:25
n92:18
Invalid operation
f49:04
Invalid operation
f49:04
d178/
d211
d51
d53
d63/
d71/
f105
f109/
f150/
f181
f277/
f69/
n34/
n5/
n92
Invalid operation
Invalid operation
Invalid operation
Invalid operation
Invalid operation
Invalid operation
d178/
d211
d51
d53
d63/
d71/
f105
f109/
f150/
f181
f277/
f69/
n34/
n5/
n92
d151
d178/
d211
d51
d53
d63/
d71/
f105
f109/
f150/
f181
f277/
f69/
n34/
n5/
n92
d257:6D FF D3 DE 13 50 E0 00 00
Invalid operation
f102:169
f250:21
d257:16
f119:16
f174:16
n64:16
d257:00 00
Invalid operation
Invalid operation
Null
/d223/n67
d231
d249
d277/
f187/
f204
f232/
f244/
f60
n67
n68/
n8/
Invalid operation
n67:3144rqj yvp_altl9i_v6zddp0.yzg9sbpps0yn-mxqjhtxx
/d223/n67
n67:3144rqj yvp_altl9i_v6zddp0.yzg9sbpps0yn-mxqjhtxx
n67:3144rqj yvp_altl9i_v6zddp0.yzg9sbpps0yn-mxqjhtxx
Invalid operation
Invalid operation
n67:3144rqj yvp_altl9i_v6zddp0.yzg9sbpps0yn-mxqjhtxxympm3fxttz6
d231
d249
d277/
f187/
f204
f232/
f244/
f60
n67
n68/
n8/
n67:3144rqj yvp_altl9i_v6zddp0.yzg9sbpps0yn-mxqjhtxxympm3fxttz6
Invalid operation
Null
f244:dir:0
n67:59
d231:19
d249:15
f204:4
Invalid operation
/d223/n67
Invalid operation
f102:x_sip-39a.4vl4twx8in2eyyo-rq9xxfe 9dm-y_njrqi7-xax9tm5_-wnpub.0n4l4rix3ql4axxf88h0_-7zr3hks 5169b0u9oyzbn8ingl4_0pdw3gkdssxx9nikz _k4altgxx37olau92st7kfb4q63hnr1vph0wqax
f102:x_sip-39a.4vl4twx8in2eyyo-rq9xxfe 9dm-y_njrqi7-xax9tm5_-wnpub.0n4l4rix3ql4axxf88h0_-7zr3hks 5169b0u9oyzbn8ingl4_0pdw3gkdssxx9nikz _k4altgxx37olau92st7kfb4q63hnr1vph0wqax
d10/
d101
d111
d113
d14
d148/
d151/
d161/
d165/
d17
d179
d190/
d198
d2
d205/
d210
d211/
d223/
d225/
d227
d234
d238/
d242/
d247
d251
d254
d257
d269/
d286
d292
d295/
d30/
d54
d81/
d86
f102
f11/
f110/
f112
f119
f13
f146/
f149
f15/
f156
f159/
f167/
f171/
f174
f181
f182/
f197/
f198
f220
f233
f246
f250
f252
f255
f257/
f262
f264
f279
f283/
f284
f289
f298/
f299/
f3
f37
f4
f43
f82
f87
f97/
n0/
n113
n25
n26/
n40
n52
n55
n63/
n64
n67/
n7/
n72/
n78
n79
n84
n85/
n87
n90/
n94/
f102:169
f102:169
f250:21
d257:19
Invalid operation
Null
f102:169
f250:21
d257:19
f102:x_sip-39a.4vl4twx8in2eyyo-rq9xxfe 9dm-y_njrqi7-xax9tm5_-wnpub.0n4l4rix3ql4axxf88h0_-7zr3hks 5169b0u9oyzbn8ingl4_0pdw3gkdssxx9nikz _k4altgxx37olau92st7kfb4q63hnr1vph0wqax
Invalid operation
f102:169
f250:21
d257:19
d257:22
Invalid operation
Invalid operation
f102:169
f250:21
d257:19
Invalid operation
f182:dir:0
d10/
d101
d111
d113
d14
d148/
d151/
d161/
d165/
d17
d179
d190/
d198
d2
d205/
d210
d211/
d223/
d225/
d227
d234
d238/
d242/
d247
d251
d254
d257
d269/
d286
d292
d295/
d30/
d54
d81/
d86
f102
f11/
f110/
f112
f119
f13
f146/
f149
f15/
f156
f159/
f167/
f171/
f174
f181
f182/
f197/
f198
f220
f233
f246
f250
f252
f255
f257/
f262
f264
f279
f284
f289
f298/
f299/
f3
f37
f4
f43
f82
f87
f97/
n0/
n113
n25
n26/
n40
n52
n55
n63/
n64
n67/
n7/
n72/
n78
n79
n84
n85/
n87
n90/
n94/
f102:170
f250:21
d257:19
Invalid operation
d233:md:0
d257:F3 1E
Invalid operation
d257:FF D3 DE 13 6B 55 96 F3 1E 9F
d233:-u-x0879l
Null
d233
f199/
f43/
f75/
f83/
n104/
n73/
d233:md:9
d233:-u-x0879l
d257:AD 47 6D FF D3
d257:D3 DE 13 6B 55 96 F3
Null
Invalid operation
f102:x_sip-39a.4vl4twx8in2eyyo-rq9xxfe 9dm-y_njrqi7-xax9tm5_-wnpub.0n4l4rix3ql4axxf88h0_-7zr3hks 5169b0u9oyzbn8ingl4_0pdw3gkdssxx9nikz _k4altgxx37olau92st7kfb4q63hnr1vph0wqaxx
f199:dir:0
Invalid operation
n85/
f176
n85/
Invalid operation
Invalid operation
f176
n85/
d173
d233
f196
f199/
f43/
f75/
f83/
n104/
n22
n73/
Invalid operation
d173:11
d233:7
f196:7
n22:2
f242:0
Invalid operation
Invalid operation
Invalid operation
f242:F6 3E
Invalid operation
Invalid operation
Invalid operation
f176
n85/
Invalid operation
f176
n85/
f176:txt:8
d28/
f176
n85/
f176:2zi9yf4f
d28/
n85/
Null
f83:dir:0
Invalid operation
Invalid operation
d173:6q7.pumjmk8gcy7w8u4i.c9zg7kp
d137
d173
d233
d275
d8/
f199/
f242
f31/
f43/
f75/
f83/
n104/
n22
n57
n73/
Invalid operation
f242:D8 F6 3E 48 85 C4
Invalid operation
/f299/d173
Invalid operation
Invalid operation
d173:35
f242:25
d275:10
d233:7
n57:6
Invalid operation
f83:dir:0
d173:35
f242:25
d275:10
Invalid operation
/f299/d173
f83:dir:0
/f299/d173
f83:dir:0
Invalid operation
f83:dir:0
d173:6q7.pumjmk8gcy7w8u4i.c9zg7kp 8s_vlxxwis2-oui1u
d173:6q7.pumjmk8gcy7w8u4i.c9zg7kp 8s_vlxxwis2-oui1u
d115/
d137
d173
d196
d233
d24
d275
d290
d32/
d67
d8/
f109
f172
f199/
f242
f31/
f43/
f75/
f83/
f97/
n104/
n115
n22
n30/
n57
n62
n73/
d115/
d137
d173
d196
d233
d24
d275
d290
d32/
d67
d8/
f109
f172
f199/
f242
f31/
f43/
f75/
f83/
f97/
n104/
n115
n22
n30/
n57
n62
n73/
Invalid operation
Invalid operation
f83:dir:0
Invalid operation
f242:D6 8F
f242:20 67 E7 D6 8F E3 00
Invalid operation
d28/
f214
n85/
f242:67 E7 D6 8F
Invalid operation
f102:170
f250:21
d257:17
f102:170
f250:21
d257:17
f102:170
f250:21
d257:17
f102:x_sip-39a.4vl4twx8in2eyyo-rq9xxfe 9dm-y_njrqi7-xax9tm5_-wnpub.0n4l4rix3ql4axxf88h0_-7zr3hks 5169b0u9oyzbn8ingl4_0pdw3gkdssxx9nikz _k4altgxx37olau92st7kfb4q63hnr1vph0wqaxx
f102:170
f250:21
d257:17
Invalid operation
d257:C8
Invalid operation
d10/
d101
d111
d113
d14
d148/
d151/
d161/
d165/
d17
d179
d190/
d198
d2
d205/
d210
d211/
d223/
d225/
d227
d234
d238/
d242/
d247
d251
d254
d257
d269/
d286
d292
d295/
d30/
d54
d81/
d86
f102
f11/
f110/
f112
f119
f13
f146/
f149
f15/
f156
f159/
f167/
f171/
f174
f181
f182/
f197/
f198
f220
f233
f246
f250
f252
f255
f257/
f262
f264
f279
f284
f289
f298/
f299/
f3
f37
f4
f43
f82
f87
f97/
n0/
n113
n25
n26/
n40
n52
n55
n63/
n64
n67/
n7/
n72/
n78
n79
n84
n85/
n87
n90/
n94/
Invalid operation
Invalid operation
Invalid operation
Invalid operation
d257:1C 25 DE 62 00 CB E6 43 D3 CE
d10/
d101
d111
d113
d14
d148/
d151/
d161/
d165/
d17
d179
d190/
d198
d2
d205/
d210
d211/
d223/
d225/
d227
d234
d238/
d242/
d247
d251
d254
d257
d269/
d286
d292
d295/
d30/
d54
d81/
d86
f102
f11/
f110/
f112
f119
f13
f146/
f149
f15/
f156
f159/
f167/
f171/
f174
f181
f182/
f197/
f198
f220
f233
f246
f250
f252
f255
f257/
f262
f264
f279
f284
f289
f298/
f299/
f3
f37
f4
f43
f82
f87
f97/
n0/
n107
n113
n25
n26/
n40
n52
n55
n63/
n64
n67/
n7/
n72/
n78
n79
n84
n85/
n87
n90/
n94/
f102:170
d257:25
f250:21
f182:dir:0
Null
f102:x_sip-39a.4vl4twx8in2eyyo-rq9xxfe 9dm-y_njrqi7-xax9tm5_-wnpub.0n4l4rix3ql4axxf88h0_-7zr3hks 5169b0u9oyzbn8ingl4_0pdw3gkdssxx9nikz _k4altgxx37olau92st7kfb4q63hnr1vph0wqaxx
Null
Invalid operation
Invalid operation
f102:183
f182:dir:0
Invalid operation
Invalid operation
Invalid operation
f102:184
d257:25
f250:21
f119:16
f174:16
f102:x_sip-39a.4vl4twx8in2eyyo-rq9xxfe 9dm-y_njrqi7-xax9tm5_-wnpub.0n4l4rix3ql4axxf88h0_-7zr3hks 5169b0u9oyzbn8ingl4_0pdw3gkdssxx9nikz _k4altgxx37olau92st7kfb4q63hnr1vph0wqaxxujmu9qc0pa.vjx
Invalid operation
Invalid operation
f182:dir:0
Null
Null
d10/
d101
d111
d113
d148/
d151/
d161/
d165/
d17
d179
d190/
d198
d2
d205/
d210
d211/
d223/
d225/
d227
d234
d238/
d242/
d247
d251
d254
d257
d269/
d286
d292
d295/
d30/
d54
d81/
d86
f102
f11/
f110/
f112
f13
f146/
f149
f15/
f156
f159/
f167/
f171/
f174
f181
f182/
f197/
f198
f220
f233
f246
f250
f252
f255
f257/
f262
f264
f279
f284
f289
f298/
f299/
f3
f37
f4
f82
f87
f97/
n0/
n107
n113
n25
n26/
n40
n52
n55
n63/
n64
n67/
n7/
n72/
n78
n79
n82/
n84
n85/
n87
n90/
n94/
f102:x_sip-39a.4vl4twx8in2eyyo-rq9xxfe 9dm-y_njrqi7-xax9tm5_-wnpub.0n4l4rix3ql4axxf88h0_-7zr3hks 5169b0u9oyzbn8ingl4_0pdw3gkdssxx9nikz _k4altgxx37olau92st7kfb4q63hnr1vph0wqaxxujmu9qc0pa.vjx
d10/
d101
d111
d113
d143
d148/
d151/
d161/
d165/
d17
d179
d190/
d198
d2
d205/
d210
d211/
d223/
d225/
d227
d234
d238/
d242/
d247
d251
d254
d257
d269/
d277
d286
d292
d295/
d30/
d54
d81/
d86
f102
f11/
f110/
f112
f13
f146/
f149
f15/
f156
f159/
f167/
f171/
f174
f181
f182/
f197/
f198
f220
f233
f246
f250
f252
f255
f257/
f262
f264
f279
f284
f289
f298/
f299/
f3
f37
f4
f82
f87
f97/
n0/
n107
n113
n25
n26/
n40
n52
n55
n63/
n64
n67/
n7/
n72/
n78
n79
n82/
n84
n85/
n87
n90/
n94/
f182:dir:0
Invalid operation
Invalid operation
Invalid operation
d10/
d101
d111
d113
d143
d148/
d151/
d161/
d165/
d17
d179
d190/
d198
d2
d205/
d210
d211/
d223/
d225/
d227
d234
d238/
d242/
d247
d251
d254
d257
d269/
d277
d286
d292
d295/
d30/
d54
d81/
d86
f102
f11/
f110/
f112
f13
f146/
f149
f15/
f156
f159/
f167/
f171/
f174
f181
f182/
f197/
f198
f220
f233
f246
f250
f252
f255
f257/
f262
f264
f279
f284
f289
f298/
f299/
f3
f37
f4
f82
f87
f97/
n0/
n107
n113
n25
n26/
n40
n52
n55
n63/
n64
n67/
n7/
n72/
n78
n79
n82/
n84
n85/
n87
n90/
n94/
n46/
n85
Null
Invalid operation
f102:x_sip-39a.4vl4twx8in2eyyo-rq9xxfe 9dm-y_njrqi7-xax9tm5_-wnpub.0n4l4rix3ql4axxf88h0_-7zr3hks 5169b0u9oyzbn8ingl4_0pdw3gkdssxx9nikz _k4altgxx37olau92st7kfb4q63hnr1vph0wqaxxujmu9qc0pa.vjx
f102:184
d257:29
f250:21
Invalid operation
d257:00
Invalid operation
f102:184
d257:29
f250:21
f102:184
d257:29
f250:21
Invalid operation
f102:184
d257:31
f250:21
Invalid operation
f17
f17:to -8
Invalid operation
n78:txt:2
Invalid operation
Invalid operation
Invalid operation
n78
Invalid operation
Invalid operation
Invalid operation
f17:to -8x
Invalid operation
d257/
d264/
f17
f219/
f82
n85
d257/
d264/
f17
f219/
f82
n85
Invalid operation
Invalid operation
Invalid operation
Invalid operation
f7:12
n85:11
Invalid operation
Invalid operation
/f97/f17
d257/
d264/
f17
f194
f219/
f7
f82
n85
Invalid operation
Invalid operation
/f97/f17
Invalid operation
f17:txt:8
f17:txt:8
Invalid operation
Invalid operation
f17:to -8xxxwi8odmbj
Invalid operation
n78:2
n78:e8
d250
n78
d250
n78
/f97/d257/n78
/n78
Invalid operation
Invalid operation
n78:txt:2
Invalid operation
Invalid operation
Invalid operation
Invalid operation
Invalid operation
Invalid operation
Invalid operation
d250
f252
f47/
n78
Invalid operation
Invalid operation
Invalid operation
f252:14
d250:10
n78:2
Invalid operation
Invalid operation
n78:txt:8
Invalid operation
n78:wrnv5hcm
/n78
n78:wrnv5hcmx
d109
d17
d257/
d264/
d3
f17
f194
f219/
f28
f7
f82
n57
n75/
n85
Invalid operation
d109:17
f17:16
Invalid operation
d109:17
f17:16
Invalid operation
d109:17
f17:16
f7:12
n85:11
f28:9
f194:7
Invalid operation
Invalid operation
Invalid operation
d238:dir:0
Invalid operation
Null
d238:dir:0
f28:00
Invalid operation
d109:17
f17:16
Invalid operation
Invalid operation
/f252
Invalid operation
Invalid operation
Invalid operation
d238:dir:0
Invalid operation
Invalid operation
Invalid operation
Invalid operation
/d234
d10/
d101
d111
d113
d143
d148/
d151/
d161/
d165/
d17
d179
d190/
d198
d2
d205/
d210
d211/
d223/
d225/
d227
d234
d238/
d242/
d247
d251
d254
d269/
d277
d286
d292
d295/
d30/
d54
d81/
d86
f102
f11/
f110/
f112
f13
f132
f146/
f149
f15/
f156
f159/
f167/
f171/
f174
f181
f182/
f197/
f198
f220
f233
f246
f252
f255
f257/
f262
f264
f279
f284
f289
f298/
f299/
f3
f37
f4
f59
f7
f87
f97/
n0/
n107
n113
n25
n26/
n40
n52
n55
n63/
n64
n67/
n7/
n72/
n78
n79
n82/
n84
n85/
n87
n90/
n94/
f181:D4
f181:D4
Invalid operation
Invalid operation
d10/
d101
d111
d113
d143
d148/
d151/
d161/
d165/
d17
d179
d190/
d198
d2
d205/
d210
d211/
d223/
d225/
d227
d234
d238/
d242/
d247
d251
d254
d269/
d277
d286
d292
d295/
d30/
d54
d81/
d86
f102
f11/
f110/
f112
f13
f132
f146/
f149
f15/
f156
f159/
f167/
f171/
f174
f181
f182/
f197/
f198
f220
f233
f246
f252
f255
f257/
f262
f264
f279
f284
f289
f298/
f299/
f3
f37
f4
f59
f7
f87
f97/
n0/
n107
n113
n25
n26/
n40
n52
n55
n63/
n64
n67/
n7/
n72/
n78
n79
n82/
n84
n85/
n87
n90/
n94/
Invalid operation
Invalid operation
Invalid operation
Invalid operation
f181:D4
Invalid operation
f102:184
f174:16
f102:184
f174:16
f59:16
n64:16
d227:15
f4:15
n79:15
Invalid operation
Invalid operation
Invalid operation
Invalid operation
Invalid operation
Invalid operation
Invalid operation
Invalid operation
Invalid operation
Invalid operation
f102:184
f174:16
f59:16
Invalid operation
Invalid operation
Invalid operation
Invalid operation
Invalid operation
Invalid operation
d10/
d101
d111
d113
d143
d148/
d151/
d161/
d165/
d179
d190/
d198
d2
d205/
d210
d211/
d223/
d225/
d227
d234
d238/
d242/
d247
d251
d254
d269/
d277
d286
d292
d295/
d30/
d54
d81/
d86
f102
f11/
f110/
f112
f13
f132
f146/
f149
f15/
f156
f159/
f167/
f171/
f174
f181
f182/
f190/
f197/
f198
f220
f233
f246
f252
f255
f257/
f262
f264
f279
f284
f289
f298/
f299/
f3
f37
f4
f49
f59
f7
f87
f97/
n0/
n107
n113
n25
n26/
n40
n52
n55
n63/
n64
n67/
n7/
n72/
n78
n79
n82/
n84
n85/
n87
n90/
n94/
/f252
f102:184
f174:16
f59:16
n64:16
d227:15
d10/
d101
d111
d113
d143
d144/
d148/
d151/
d161/
d165/
d179
d190/
d198
d2
d205/
d210
d211/
d223/
d225/
d227
d234
d238/
d242/
d247
d251
d254
d269/
d277
d286
d292
d295/
d30/
d54
d81/
d86
f102
f11/
f110/
f112
f13
f132
f146/
f149
f15/
f156
f159/
f167/
f171/
f174
f181
f182/
f190/
f197/
f198
f220
f233
f246
f252
f255
f257/
f262
f264
f279
f284
f289
f298/
f299/
f3
f37
f4
f49
f59
f7
f87
f97/
n0/
n107
n113
n25
n26/
n40
n52
n55
n63/
n64
n67/
n7/
n72/
n78
n79
n82/
n84
n85/
n87
n90/
n94/
d10/
d101
d111
d113
d143
d144/
d148/
d151/
d161/
d165/
d179
d190/
d198
d2
d205/
d210
d211/
d223/
d225/
d227
d234
d238/
d242/
d247
d251
d254
d269/
d277
d286
d292
d295/
d30/
d54
d81/
d86
f102
f11/
f110/
f112
f13
f132
f146/
f149
f15/
f156
f159/
f167/
f171/
f174
f181
f182/
f190/
f197/
f198
f220
f233
f246
f252
f255
f257/
f262
f264
f279
f284
f289
f298/
f299/
f3
f37
f4
f49
f59
f7
f87
f97/
n0/
n107
n113
n25
n26/
n40
n52
n55
n63/
n64
n67/
n7/
n72/
n78
n79
n82/
n84
n85/
n87
n90/
n94/
Invalid operation
Null
Invalid operation
Invalid operation
Invalid operation
d174/
Invalid operation
Invalid operation
Invalid operation
Invalid operation
Invalid operation
Invalid operation
Invalid operation
Invalid operation
Invalid operation
Invalid operation
Invalid operation
Invalid operation
Invalid operation
Invalid operation
Invalid operation
/d111
Invalid operation
f102:184
f174:16
f59:16
n64:16
d227:15
f4:15
Invalid operation
Invalid operation
Invalid operation
Invalid operation
Invalid operation
Invalid operation
Invalid operation
Null
Invalid operation
d10/
d101
d111
d113
d143
d144/
d148/
d151/
d161/
d165/
d179
d190/
d198
d2
d205/
d210
d211/
d223/
d225/
d227
d234
d238/
d242/
d247
d251
d254
d269/
d277
d286
d292
d295/
d30/
d54
d81/
d86
f102
f11/
f110/
f112
f13
f132
f146/
f149
f15/
f156
f159/
f167/
f171/
f174
f181
f182/
f190/
f197/
f198
f220
f233
f246
f255
f257/
f262
f264
f279
f284
f289
f298/
f299/
f3
f37
f4
f49
f59
f7
f87
f97/
n0/
n107
n113
n25
n26/
n40
n52
n55
n63/
n64
n67/
n7/
n72/
n78
n79
n82/
n84
n85/
n87
n90/
n94/
Invalid operation
Invalid operation
d10/
d101
d111
d113
d143
d144/
d148/
d151/
d161/
d165/
d179
d190/
d198
d2
d205/
d210
d211/
d223/
d225/
d227
d234
d238/
d242/
d247
d251
d254
d269/
d277
d286
d292
d295/
d30/
d54
d81/
d86
f102
f11/
f110/
f112
f13
f132
f146/
f149
f15/
f156
f159/
f167/
f171/
f174
f181
f182/
f190/
f197/
f198
f220
f233
f246
f255
f257/
f262
f264
f279
f284
f289
f298/
f299/
f3
f37
f4
f49
f59
f7
f87
f97/
n0/
n107
n113
n25
n26/
n40
n52
n55
n63/
n64
n67/
n7/
n72/
n78
n79
n82/
n84
n85/
n87
n90/
n94/
Invalid operation
d10/
d101
d111
d113
d143
d144/
d148/
d151/
d161/
d165/
d179
d190/
d198
d2
d205/
d210
d211/
d223/
d225/
d227
d234
d238/
d242/
d247
d251
d254
d269/
d277
d286
d292
d295/
d30/
d54
d81/
d86
f102
f11/
f110/
f112
f13
f132
f146/
f149
f15/
f156
f159/
f167/
f171/
f174
f181
f182/
f190/
f197/
f198
f220
f233
f246
f255
f257/
f262
f264
f279
f284
f289
f298/
f299/
f3
f37
f4
f49
f59
f7
f87
f97/
n0/
n107
n113
n25
n26/
n40
n52
n55
n63/
n64
n67/
n7/
n72/
n78
n79
n82/
n84
n85/
n87
n90/
n94/
Invalid operation
Invalid operation
f102:184
f174:16
f59:16
n64:16
d227:15
f4:15
n79:15
d111:14
Invalid operation
d10/
d101
d111
d113
d143
d144/
d148/
d151/
d161/
d165/
d179
d190/
d198
d2
d205/
d210
d211/
d223/
d225/
d227
d234
d238/
d242/
d247
d251
d254
d269/
d277
d286
d292
d295/
d3
d30/
d54
d81/
d86
d88
f102
f11/
f110/
f112
f13
f132
f146/
f149
f15/
f156
f159/
f167/
f171/
f174
f181
f182/
f190/
f197/
f198
f220
f233
f246
f255
f257/
f262
f264
f279
f281
f284
f289
f298/
f299/
f3
f37
f4
f49
f59
f7
f87
f97/
n0/
n107
n113
n25
n26/
n40
n52
n55
n63/
n64
n67/
n7/
n72/
n78
n79
n82/
n84
n85/
n87
n90/
n94/
Invalid operation
Invalid operation
Invalid operation
Null
Invalid operation
Invalid operation
d10/
d101
d111
d113
d143
d144/
d148/
d151/
d161/
d165/
d179
d190/
d198
d2
d205/
d210
d211/
d223/
d225/
d227
d234
d238/
d242/
d247
d251
d254
d269/
d277
d286
d292
d295/
d3
d30/
d54
d81/
d86
d88
f102
f11/
f110/
f112
f13
f132
f146/
f149
f15/
f156
f159/
f167/
f171/
f174
f181
f182/
f190/
f197/
f198
f220
f233
f246
f255
f257/
f262
f264
f279
f281
f284
f289
f294
f298/
f299/
f3
f37
f4
f49
f59
f7
f87
f97/
n0/
n107
n113
n25
n26/
n40
n52
n55
n63/
n64
n67/
n7/
n72/
n78
n79
n82/
n84
n85/
n87
n90/
n94/
Invalid operation
f102:184
f281:17
f294:17
f174:16
Invalid operation
d10/
d101
d111
d113
d143
d144/
d148/
d151/
d161/
d165/
d179
d190/
d198
d2
d205/
d210
d211/
d223/
d225/
d227
d234
d238/
d242/
d247
d251
d254
d269/
d277
d286
d292
d295/
d3
d30/
d54
d81/
d86
d88
f102
f11/
f110/
f112
f13
f132
f146/
f149
f15/
f156
f159/
f167/
f171/
f174
f181
f182/
f190/
f197/
f198
f220
f233
f246
f255
f257/
f262
f264
f279
f281
f284
f289
f294
f298/
f299/
f3
f37
f4
f49
f59
f7
f87
f97/
n0/
n107
n113
n25
n26/
n40
n52
n55
n63/
n64
n67/
n7/
n72/
n78
n79
n82/
n84
n85/
n87
n90/
n94/
Invalid operation
Invalid operation
Invalid operation
f69:
Invalid operation
f69:txt:0
Invalid operation
f69:txt:0
Invalid operation
f102:184
f281:17
Invalid operation
f69:txt:0
Invalid operation
f69:
f69:
Invalid operation
/f69
Invalid operation
Invalid operation
Null
d10/
d101
d111
d113
d143
d144/
d148/
d151/
d161/
d165/
d179
d190/
d198
d2
d205/
d210
d211/
d223/
d225/
d227
d234
d238/
d242/
d247
d251
d254
d269/
d277
d286
d292
d295/
d3
d30/
d54
d81/
d86
d88
f102
f11/
f110/
f112
f13
f132
f146/
f149
f15/
f156
f159/
f167/
f171/
f174
f181
f182/
f190/
f197/
f198
f220
f233
f246
f255
f257/
f262
f264
f279
f281
f284
f289
f294
f298/
f299/
f3
f37
f4
f49
f59
f7
f87
f97/
n0/
n107
n113
n25
n26/
n40
n52
n55
n63/
n64
n67/
n7/
n72/
n78
n79
n82/
n84
n85/
n87
n90/
n94/
Invalid operation
Invalid operation
Invalid operation
d10/
d101
d111
d113
d143
d144/
d148/
d151/
d161/
d165/
d179
d190/
d198
d2
d205/
d210
d211/
d223/
d225/
d227
d234
d236
d238/
d242/
d247
d251
d254
d269/
d277
d286
d292
d295/
d3
d30/
d54
d81/
d86
d88
f102
f11/
f110/
f112
f13
f132
f146/
f149
f15/
f156
f159/
f167/
f171/
f174
f181
f182/
f190/
f197/
f198
f220
f233
f246
f255
f257/
f262
f264
f279
f281
f284
f289
f294
f298/
f299/
f3
f37
f4
f49
f59
f69
f7
f87
f97/
n0/
n107
n113
n25
n26/
n40
n52
n55
n63/
n64
n67/
n7/
n72/
n78
n79
n82/
n84
n85/
n87
n90/
n94/
Invalid operation
Invalid operation
Invalid operation
Invalid operation
Invalid operation
Invalid operation
Invalid operation
f102:184
f281:17
f294:17
f174:16
f59:16
n64:16
Invalid operation
Invalid operation
Invalid operation
Invalid operation
Invalid operation
/d98
Invalid operation
Invalid operation
Invalid operation
Invalid operation
Invalid operation
d98:
f102:184
Invalid operation
Invalid operation
Invalid operation
d10:dir:0
Invalid operation
f102:184
f281:17
f174:16
f59:16
Invalid operation
f102:184
f281:17
f174:16
f59:16
n64:16
Invalid operation
Invalid operation
Invalid operation
Invalid operation
Invalid operation
Invalid operation
d10/
d101
d111
d113
d12/
d143
d144/
d148/
d151/
d161/
d165/
d179
d190/
d198
d2
d205/
d210
d211/
d223/
d225/
d227
d234
d238/
d242/
d247
d251
d254
d269/
d277
d278
d286
d292
d295/
d30/
d42
d54
d81/
d86
d88
f102
f11/
f110/
f112
f13
f132
f146/
f149
f15/
f156
f159/
f167/
f171/
f174
f181
f182/
f190/
f197/
f198
f220
f233
f246
f255
f257/
f262
f264
f279
f281
f284
f289
f298/
f299/
f3
f37
f4
f49
f59
f7
f87
f97/
n0/
n107
n113
n25
n26/
n40
n52
n55
n63/
n64
n67/
n7/
n72/
n78
n79
n82/
n84
n85/
n87
n90/
n94/
f102:184
d42:F4
Invalid operation
d10/
d101
d111
d113
d12/
d143
d144/
d148/
d151/
d161/
d165/
d179
d190/
d198
d2
d205/
d210
d211/
d223/
d225/
d227
d234
d238/
d242/
d247
d251
d254
d269/
d277
d278
d286
d292
d295/
d30/
d42
d54
d81/
d86
d88
f102
f11/
f110/
f112
f13
f132
f146/
f149
f15/
f156
f159/
f167/
f171/
f174
f181
f182/
f190/
f197/
f198
f220
f233
f246
f255
f257/
f262
f264
f279
f281
f284
f289
f298/
f299/
f3
f37
f4
f49
f59
f7
f87
f97/
n0/
n107
n113
n25
n26/
n40
n52
n55
n63/
n64
n67/
n7/
n72/
n78
n79
n82/
n84
n85/
n87
n90/
n91
n94/
d10/
d101
d111
d113
d12/
d143
d144/
d148/
d151/
d161/
d165/
d179
d190/
d198
d2
d205/
d210
d211/
d223/
d225/
d227
d234
d238/
d242/
d247
d251
d254
d269/
d277
d278
d286
d292
d295/
d30/
d42
d54
d81/
d86
d88
f102
f11/
f110/
f112
f13
f132
f146/
f149
f15/
f156
f159/
f167/
f171/
f174
f181
f182/
f190/
f197/
f198
f220
f233
f246
f255
f257/
f262
f264
f279
f281
f284
f289
f298/
f299/
f3
f37
f4
f49
f59
f7
f87
f97/
n0/
n107
n113
n25
n26/
n40
n52
n55
n63/
n64
n67/
n7/
n72/
n78
n79
n82/
n84
n85/
n87
n90/
n91
n94/
Null
d10/
d101
d111
d113
d12/
d143
d144/
d148/
d151/
d161/
d165/
d179
d190/
d198
d2
d205/
d210
d211/
d223/
d225/
d227
d234
d238/
d242/
d247
d251
d254
d269/
d277
d278
d286
d292
d295/
d30/
d42
d54
d81/
d86
d88
f102
f11/
f110/
f112
f13
f132
f146/
f149
f15/
f156
f159/
f167/
f171/
f174
f181
f182/
f190/
f197/
f198
f220
f233
f246
f255
f257/
f262
f264
f279
f281
f284
f289
f298/
f299/
f3
f37
f4
f49
f59
f7
f87
f97/
n0/
n107
n113
n25
n26/
n40
n52
n55
n63/
n64
n67/
n7/
n72/
n78
n79
n82/
n84
n85/
n87
n90/
n91
n94/
Invalid operation
Null
Invalid operation
Invalid operation
Invalid operation
Invalid operation
Invalid operation
Invalid operation
Invalid operation
d10:dir:0
Invalid operation
Invalid operation
/d210
Invalid operation
Invalid operation
Null
Invalid operation
Invalid operation
Invalid operation
Invalid operation
Invalid operation
Invalid operation
Invalid operation
Invalid operation
Invalid operation
d10/
d101
d111
d113
d12/
d143
d144/
d148/
d151/
d161/
d165/
d179
d190/
d198
d2
d205/
d210
d211/
d223/
d225/
d227
d234
d238/
d242/
d247
d251
d254
d269/
d277
d278
d286
d292
d295/
d30/
d54
d81/
d86
d88
f102
f11/
f110/
f112
f13
f132
f146/
f149
f15/
f156
f159/
f167/
f171/
f174
f181
f182/
f187
f190/
f197/
f198
f220
f233
f246
f255
f257/
f262
f279
f281
f284
f289
f298/
f299/
f3
f37
f4
f49
f59
f7
f87
f97/
n0/
n107
n113
n25
n26/
n40
n52
n55
n63/
n64
n67/
n7/
n72/
n78
n79
n82/
n84
n85/
n87
n90/
n94/
Invalid operation
Invalid operation
Invalid operation
Invalid operation
Invalid operation
Invalid operation
Invalid operation
f102:184
f281:17
f174:16
f59:16
Null
Invalid operation
d10/
d101
d111
d113
d12/
d143
d144/
d148/
d151/
d161/
d165/
d179
d190/
d198
d2
d205/
d210
d211/
d223/
d225/
d227
d234
d238/
d242/
d247
d251
d254
d269/
d277
d278
d286
d292
d295/
d30/
d54
d81/
d86
d88
f102
f11/
f110/
f112
f13
f132
f146/
f149
f15/
f156
f159/
f167/
f171/
f174
f181
f182/
f190/
f197/
f198
f220
f233
f246
f255
f257/
f262
f279
f281
f284
f289
f298/
f299/
f3
f37
f4
f49
f59
f7
f87
f91/
f97/
n0/
n107
n113
n25
n26/
n40
n52
n55
n63/
n64
n67/
n7/
n72/
n78
n79
n82/
n84
n85/
n87
n90/
n94/
Invalid operation
Invalid operation
Invalid operation
Invalid operation
Null
Invalid operation
Invalid operation
Invalid operation
Invalid operation
Invalid operation
f102:184
f281:17
f174:16
f59:16
n64:16
d227:15
f4:15
f98:15
Invalid operation
Null
Invalid operation
Invalid operation
Invalid operation
Invalid operation
Invalid operation
Invalid operation
Invalid operation
d10/
d101
d111
d113
d12/
d125
d143
d144/
d148/
d151/
d161/
d165/
d179
d190/
d198
d2
d205/
d210
d211/
d223/
d225/
d227
d234
d238/
d242/
d247
d251
d254
d269/
d277
d278
d286
d292
d295/
d30/
d54
d81/
d86
d88
f102
f11/
f110/
f112
f13
f132
f146/
f149
f15/
f159/
f167/
f171/
f174
f181
f182/
f190/
f197/
f198
f215/
f220
f233
f246
f255
f257/
f262
f279
f281
f284
f289
f298/
f299/
f3
f37
f4
f49
f59
f7
f87
f91/
f97/
f98
n0/
n107
n113
n25
n26/
n40
n51
n52
n55
n63/
n64
n67/
n7/
n72/
n78
n79
n82/
n84
n85/
n87
n90/
n94/
d10/
d101
d111
d113
d12/
d125
d143
d144/
d148/
d151/
d161/
d165/
d179
d190/
d198
d2
d205/
d210
d211/
d223/
d225/
d227
d234
d238/
d242/
d247
d251
d254
d269/
d277
d278
d286
d292
d295/
d30/
d54
d81/
d86
d88
f100/
f102
f11/
f110/
f112
f13
f132
f146/
f149
f15/
f159/
f167/
f171/
f174
f181
f182/
f190/
f197/
f198
f215/
f220
f233
f246
f255
f257/
f262
f279
f281
f284
f289
f298/
f299/
f3
f37
f4
f49
f59
f7
f87
f91/
f97/
f98
n0/
n107
n113
n25
n26/
n40
n51
n52
n55
n63/
n64
n67/
n7/
n72/
n78
n79
n82/
n84
n85/
n87
n90/
n94/
Null
Invalid operation
Invalid operation
Invalid operation
d10/
d101
d111
d113
d12/
d125
d143
d144/
d148/
d151/
d161/
d165/
d179
d190/
d198
d2
d205/
d210
d211/
d223/
d225/
d227
d234
d238/
d242/
d247
d251
d254
d269/
d277
d278
d286
d292
d295/
d30/
d54
d81/
d86
d88
f102
f11/
f110/
f112
f13
f132
f146/
f149
f15/
f159/
f167/
f171/
f174
f181
f182/
f190/
f197/
f198
f215/
f220
f233
f246
f255
f257/
f262
f279
f281
f284
f289
f298/
f299/
f3
f37
f4
f49
f59
f7
f87
f91/
f97/
f98
n0/
n107
n113
n25
n26/
n40
n51
n52
n55
n63/
n64
n67/
n7/
n72/
n78
n79
n82/
n84
n85/
n87
n90/
n94/
f102:184
f281:17
f174:16
f59:16
n64:16
d227:15
Invalid operation
Invalid operation
Invalid operation
Invalid operation
Invalid operation
Invalid operation
Invalid operation
Invalid operation
d10/
d101
d111
d113
d12/
d125
d143
d144/
d148/
d151/
d161/
d165/
d179
d190/
d198
d2
d205/
d210
d211/
d223/
d225/
d227
d234
d238/
d242/
d247
d251
d254
d269/
d277
d278
d286
d292
d295/
d30/
d54
d81/
d86
d88
f102
f11/
f110/
f112
f13
f132
f146/
f149
f15/
f159/
f167/
f171/
f174
f181
f182/
f190/
f197/
f198
f220
f233
f246
f255
f257/
f262
f279
f281
f284
f289
f298/
f299/
f3
f37
f4
f49
f59
f7
f87
f91/
f97/
f98
n0/
n107
n113
n25
n26/
n40
n51
n52
n55
n63/
n64
n67/
n7/
n72/
n78
n79
n82/
n84
n85/
n87
n90/
n94/
f102:184
f281:17
f174:16
f59:16
n64:16
d227:15
f4:15
Invalid operation
f102:184
f281:17
f174:16
f59:16
n64:16
d227:15
f4:15
f98:15
Invalid operation
Invalid operation
Invalid operation
d10/
d101
d111
d113
d12/
d125
d143
d144/
d148/
d151/
d161/
d165/
d179
d190/
d198
d2
d205/
d210
d211/
d223/
d225/
d227
d234
d238/
d242/
d247
d251
d254
d269/
d277
d278
d286
d292
d295/
d30/
d54
d81/
d86
d88
f102
f11/
f110/
f112
f13
f132
f146/
f149
f15/
f159/
f167/
f171/
f174
f181
f182/
f190/
f197/
f198
f220
f233
f246
f255
f257/
f259/
f262
f279
f281
f284
f289
f298/
f299/
f3
f37
f4
f49
f59
f7
f87
f91/
f97/
f98
n0/
n107
n113
n16
n25
n26/
n40
n51
n52
n55
n63/
n64
n67/
n7/
n72/
n78
n79
n82/
n84
n85/
n87
n90/
n94/
d10/
d101
d111
d113
d12/
d125
d143
d144/
d148/
d151/
d161/
d165/
d179
d190/
d198
d2
d205/
d210
d211/
d223/
d225/
d227
d234
d238/
d242/
d247
d251
d254
d269/
d277
d278
d286
d292
d295/
d30/
d54
d81/
d86
d88
f102
f11/
f110/
f112
f13
f132
f146/
f149
f15/
f159/
f167/
f171/
f174
f181
f182/
f190/
f197/
f198
f220
f233
f246
f255
f257/
f259/
f262
f279
f28/
f281
f284
f289
f298/
f299/
f3
f37
f4
f49
f59
f7
f77
f87
f91/
f97/
f98
n0/
n107
n113
n16
n25
n26/
n40
n51
n52
n55
n63/
n64
n67/
n7/
n72/
n78
n79
n82/
n84
n85/
n87
n90/
n94/
Invalid operation
f102:184
f281:17
f174:16
f59:16
n64:16
d227:15
f4:15
f102:184
f281:17
f174:16
f59:16
n64:16
d227:15
f4:15
f98:15
Invalid operation
Invalid operation
Invalid operation
d238:dir:0
Invalid operation
Invalid operation
Invalid operation
Null
Invalid operation
Invalid operation
Invalid operation
Invalid operation
Invalid operation
d10/
d101
d111
d113
d12/
d125
d143
d144/
d148/
d151/
d161/
d165/
d179
d190/
d198
d2
d205/
d210
d211/
d223/
d225/
d227
d234
d238/
d242/
d247
d251
d254
d269/
d277
d278
d286
d292
d295/
d30/
d54
d81/
d86
d88
f102
f11/
f110/
f112
f13
f132
f146/
f149
f15/
f159/
f167/
f171/
f174
f181
f182/
f190/
f197/
f198
f220
f233
f246
f255
f257/
f259/
f262
f279
f28/
f281
f284
f289
f298/
f299/
f3
f37
f4
f49
f59
f7
f87
f91/
f97/
f98
n0/
n107
n113
n16
n25
n26/
n40
n51
n52
n55
n63/
n64
n67/
n7/
n72/
n78
n79
n82/
n84
n85/
n87
n90/
n94/
Null
Invalid operation
Invalid operation
Invalid operation
Invalid operation
Invalid operation
Invalid operation
Null
f102:184
f281:17
f174:16
f59:16
n64:16
d10/
d101
d111
d113
d12/
d125
d143
d144/
d148/
d151/
d161/
d165/
d179
d190/
d198
d2
d205/
d210
d211/
d214/
d223/
d225/
d227
d234
d238/
d242/
d247
d251
d254
d269/
d277
d278
d286
d292
d295/
d30/
d54
d81/
d86
d88
f102
f11/
f110/
f112
f13
f132
f146/
f149
f15/
f159/
f167/
f171/
f174
f181
f182/
f190/
f197/
f198
f220
f233
f246
f255
f257/
f259/
f262
f279
f28/
f281
f284
f289
f298/
f299/
f3
f37
f4
f59
f7
f87
f91/
f97/
f98
n0/
n107
n113
n16
n25
n26/
n40
n51
n52
n55
n63/
n64
n67/
n7/
n72/
n78
n79
n82/
n84
n85/
n87
n90/
n94/
n97
f102:184
f281:17
f174:16
f59:16
n64:16
d227:15
Invalid operation
Invalid operation
Invalid operation
Invalid operation
d10/
d101
d111
d113
d12/
d125
d143
d144/
d146
d148/
d151/
d161/
d165/
d179
d190/
d198
d2
d205/
d210
d211/
d214/
d223/
d225/
d227
d234
d238/
d242/
d247
d251
d252/
d254
d269/
d277
d278
d286
d292
d295/
d30/
d54
d81/
d86
d88
f102
f11/
f110/
f112
f13
f132
f146/
f149
f15/
f159/
f167/
f171/
f174
f181
f182/
f190/
f197/
f198
f220
f233
f246
f255
f257/
f259/
f262
f279
f28/
f281
f284
f289
f298/
f299/
f3
f37
f4
f59
f7
f87
f91/
f97/
f98
n0/
n107
n113
n16
n25
n26/
n40
n51
n52
n55
n63/
n64
n67/
n7/
n72/
n78
n79
n82/
n84
n85/
n87
n90/
n94/
n97
Invalid operation
Invalid operation
Invalid operation
Invalid operation
Invalid operation
Null
Invalid operation
Invalid operation
Invalid operation
Invalid operation
Invalid operation
Invalid operation
f102:184
f281:17
f174:16
f59:16
Invalid operation
Invalid operation
Null
Invalid operation
Invalid operation
d10/
d101
d111
d113
d12/
d125
d143
d144/
d148/
d151/
d161/
d165/
d179
d190/
d198
d2
d205/
d210
d211/
d214/
d223/
d225/
d227
d234
d238/
d242/
d247
d251
d254
d269/
d277
d278
d286
d292
d295/
d30/
d54
d81/
d86
d88
f102
f11/
f110/
f112
f13
f132
f146/
f149
f15/
f159/
f167/
f171/
f174
f181
f182/
f190/
f197/
f198
f220
f233
f240/
f246
f255
f257/
f259/
f262
f279
f28/
f281
f284
f289
f298/
f299/
f3
f37
f4
f59
f7
f87
f91/
f94
f97/
f98
n0/
n113
n16
n25
n26/
n40
n51
n52
n55
n63/
n64
n67/
n7/
n72/
n78
n79
n82/
n84
n85/
n87
n90/
n94/
Invalid operation
Invalid operation
Invalid operation
Invalid operation
Invalid operation
Invalid operation
d10/
d101
d111
d113
d12/
d125
d143
d144/
d148/
d151/
d161/
d165/
d179
d190/
d198
d2
d205/
d210
d211/
d214/
d223/
d225/
d227
d234
d238/
d242/
d247
d251
d254
d269/
d277
d278
d286
d292
d295/
d30/
d54
d81/
d86
d88
f102
f11/
f110/
f112
f13
f132
f144
f146/
f149
f15/
f159/
f167/
f171/
f174
f181
f182/
f190/
f197/
f198
f220
f233
f240/
f246
f255
f257/
f259/
f262
f279
f28/
f281
f284
f289
f298/
f299/
f3
f37
f4
f59
f7
f87
f91/
f94
f97/
f98
n0/
n113
n16
n25
n26/
n40
n51
n52
n55
n63/
n64
n67/
n7/
n72/
n78
n79
n82/
n84
n85/
n87
n90/
n94/
n97/
d10/
d101
d111
d113
d12/
d125
d143
d144/
d148/
d151/
d161/
d165/
d179
d190/
d198
d2
d205/
d210
d211/
d214/
d223/
d225/
d227
d234
d238/
d242/
d247
d251
d254
d269/
d277
d278
d286
d292
d295/
d30/
d54
d81/
d86
d88
f102
f11/
f110/
f112
f13
f132
f144
f146/
f149
f15/
f159/
f167/
f171/
f174
f181
f182/
f190/
f197/
f198
f220
f233
f240/
f246
f255
f257/
f259/
f262
f279
f28/
f281
f284
f289
f298/
f299/
f3
f37
f4
f59
f7
f87
f91/
f94
f97/
f98
n0/
n113
n16
n25
n26/
n40
n51
n52
n55
n63/
n64
n67/
n7/
n72/
n78
n79
n82/
n84
n85/
n87
n90/
n94/
n97/
Invalid operation
Null
Invalid operation
Invalid operation
d10/
d101
d111
d113
d12/
d125
d143
d144/
d148/
d151/
d161/
d165/
d179
d190/
d198
d2
d205/
d210
d211/
d214/
d223/
d225/
d227
d234
d238/
d242/
d247
d251
d254
d269/
d277
d278
d286
d292
d295/
d30/
d54
d81/
d86
d88
f102
f11/
f110/
f112
f13
f132
f144
f146/
f149
f15/
f159/
f167/
f171/
f174
f181
f182/
f190/
f197/
f198
f220
f233
f240/
f246
f255
f257/
f259/
f262
f279
f28/
f281
f284
f289
f298/
f299/
f3
f37
f4
f59
f7
f87
f91/
f94
f97/
f98
n0/
n113
n16
n25
n26/
n40
n51
n52
n55
n63/
n64
n67/
n7/
n72/
n78
n79
n82/
n84
n85/
n87
n90/
n94/
Null
f102:184
f281:17
f174:16
f59:16
n64:16
d227:15
f144:15
d10/
d101
d111
d113
d12/
d125
d143
d144/
d148/
d151/
d161/
d165/
d179
d190/
d198
d2
d205/
d210
d211/
d214/
d223/
d225/
d227
d234
d238/
d242/
d247
d251
d254
d269/
d277
d278
d286
d292
d295/
d30/
d54
d81/
d86
d88
f102
f11/
f110/
f112
f13
f132
f144
f146/
f149
f15/
f159/
f167/
f171/
f174
f181
f182/
f190/
f197/
f198
f220
f233
f240/
f246
f255
f257/
f259/
f262
f279
f28/
f281
f284
f289
f298/
f299/
f3
f37
f4
f59
f7
f87
f91/
f94
f97/
f98
n0/
n113
n25
n26/
n40
n51
n52
n55
n63/
n64
n67/
n7/
n72/
n78
n79
n82/
n84
n85/
n87
n90/
n94/
Invalid operation
d10/
d101
d111
d113
d12/
d125
d143
d144/
d148/
d151/
d161/
d165/
d179
d190/
d198
d2
d205/
d210
d211/
d214/
d223/
d225/
d227
d234
d238/
d242/
d247
d251
d254
d269/
d277
d278
d286
d292
d295/
d30/
d54
d81/
d86
d88
d89
f102
f11/
f110/
f112
f13
f132
f144
f146/
f149
f15/
f159/
f167/
f171/
f174
f181
f182/
f190/
f197/
f198
f220
f233
f240/
f246
f255
f257/
f259/
f262
f279
f28/
f281
f284
f289
f298/
f299/
f3
f37
f4
f59
f7
f87
f91/
f94
f97/
f98
n0/
n113
n25
n26/
n40
n51
n52
n55
n63/
n64
n67/
n7/
n72/
n78
n79
n82/
n83/
n84
n85/
n87
n90/
n94/
Invalid operation
Null
Invalid operation
Invalid operation
Invalid operation
d10/
d101
d111
d113
d12/
d125
d143
d144/
d148/
d151/
d161/
d165/
d179
d190/
d198
d2
d205/
d210
d211/
d214/
d223/
d225/
d227
d234
d238/
d242/
d247
d251
d254
d269/
d277
d278
d286
d292
d295/
d30/
d54
d81/
d86
d88
f102
f11/
f110/
f112
f13
f132
f144
f146/
f149
f15/
f159/
f167/
f171/
f174
f181
f182/
f190/
f197/
f198
f220
f233
f240/
f246
f255
f257/
f259/
f262
f279
f28/
f281
f284
f289
f298/
f299/
f3
f37
f4
f50
f59
f7
f87
f91/
f94
f97/
f98
n0/
n113
n25
n26/
n40
n51
n52
n55
n63/
n64
n67/
n7/
n72/
n78
n79
n82/
n83/
n84
n85/
n87
n90/
n94/
Invalid operation
Invalid operation
Invalid operation
Null
Invalid operation
Invalid operation
Invalid operation
Invalid operation
Invalid operation
Null
Invalid operation
Invalid operation
Invalid operation
d10/
d101
d111
d113
d12/
d125
d14
d143
d144/
d148/
d151/
d161/
d165/
d179
d190/
d198
d2
d205/
d210
d211/
d214/
d222
d223/
d225/
d227
d234
d238/
d242/
d247
d251
d254
d269/
d277
d278
d286
d292
d295/
d30/
d54
d81/
d86
d88
f102
f11/
f110/
f112
f13
f132
f144
f146/
f149
f15/
f159/
f167/
f171/
f174
f181
f182/
f190/
f197/
f198
f21
f220
f233
f240/
f246
f255
f257/
f259/
f262
f279
f28/
f281
f284
f289
f298/
f299/
f3
f37
f4
f50
f59
f7
f87
f91/
f94
f97/
f98
n0/
n113
n25
n26/
n40
n51
n52
n55
n63/
n64
n67/
n7/
n72/
n78
n79
n82/
n83/
n84
n85/
n87
n90/
n94/
Invalid operation
Invalid operation
Invalid operation
Invalid operation
Invalid operation
Invalid operation
Invalid operation
Invalid operation
Invalid operation
d10/
d101
d111
d113
d12/
d125
d14
d143
d144/
d146
d148/
d151/
d161/
d165/
d179
d190/
d198
d2
d205/
d210
d211/
d214/
d222
d223/
d225/
d227
d234
d238/
d242/
d247
d251
d254
d269/
d277
d278
d286
d292
d295/
d30/
d54
d81/
d86
d88
f102
f11/
f110/
f112
f13
f132
f144
f146/
f149
f15/
f159/
f167/
f171/
f174
f181
f182/
f190/
f197/
f198
f21
f220
f233
f240/
f246
f255
f257/
f259/
f262
f279
f28/
f281
f284
f289
f298/
f299/
f3
f37
f4
f50
f59
f7
f87
f91/
f94
f97/
f98
n0/
n113
n25
n26/
n40
n51
n52
n55
n63/
n64
n67/
n7/
n72/
n78
n79
n82/
n83/
n84
n85/
n87
n90/
n94/
d238:dir:0
Invalid operation
Invalid operation
Invalid operation
Invalid operation
d10/
d101
d111
d113
d12/
d125
d14
d143
d144/
d148/
d151/
d161/
d165/
d179
d190/
d198
d2
d205/
d210
d211/
d214/
d222
d223/
d225/
d227
d234
d238/
d242/
d247
d251
d254
d269/
d277
d278
d286
d292
d295/
d30/
d54
d81/
d86
d88
f102
f11/
f110/
f112
f13
f132
f144
f146/
f149
f15/
f159/
f167/
f171/
f174
f181
f182/
f190/
f197/
f198
f21
f220
f233
f240/
f246
f255
f257/
f259/
f262
f279
f28/
f281
f284
f289
f298/
f299/
f3
f37
f4
f50
f59
f7
f87
f91/
f94
f97/
f98
n0/
n113
n25
n26/
n40
n51
n52
n55
n63/
n64
n67/
n7/
n72/
n78
n79
n82/
n83/
n84
n85/
n87
n90/
n94/
d10/
d101
d111
d113
d12/
d125
d14
d143
d144/
d148/
d151/
d161/
d165/
d179
d190/
d198
d2
d205/
d210
d211/
d214/
d222
d223/
d225/
d227
d234
d238/
d242/
d247
d251
d254
d269/
d277
d278
d286
d292
d295/
d30/
d54
d81/
d86
d88
f102
f11/
f110/
f112
f13
f132
f144
f146/
f149
f15/
f159/
f167/
f171/
f174
f181
f182/
f190/
f197/
f198
f21
f220
f233
f240/
f246
f255
f257/
f259/
f262
f279
f28/
f281
f284
f289
f298/
f299/
f3
f37
f4
f50
f59
f7
f87
f91/
f94
f97/
f98
n0/
n113
n25
n26/
n40
n51
n52
n55
n63/
n64
n67/
n7/
n72/
n78
n79
n82/
n83/
n84
n85/
n87
n90/
n94/
Invalid operation
Invalid operation
Invalid operation
d10/
d101
d111
d113
d12/
d125
d143
d144/
d148/
d151/
d161/
d165/
d179
d190/
d198
d2
d205/
d210
d211/
d214/
d222
d223/
d225/
d227
d234
d238/
d242/
d247
d251
d254
d269/
d277
d278
d286
d292
d295/
d30/
d54
d81/
d86
d88
f102
f11/
f110/
f112
f13
f132
f144
f146/
f149
f15/
f159/
f167/
f171/
f174
f181
f182/
f190/
f197/
f198
f21
f220
f233
f240/
f246
f255
f257/
f259/
f262
f279
f28/
f281
f284
f289
f298/
f299/
f3
f37
f4
f50
f59
f7
f87
f91/
f94
f97/
f98
n0/
n113
n25
n26/
n40
n51
n52
n55
n63/
n64
n67/
n7/
n72/
n78
n79
n82/
n83/
n84
n85/
n87
n90/
n94/
Invalid operation
f102:184
f281:17
f174:16
f59:16
n64:16
d227:15
Invalid operation
Invalid operation
Invalid operation
Invalid operation
Invalid operation
f102:184
f281:17
f174:16
f59:16
n64:16
d227:15
d10/
d101
d111
d113
d12/
d125
d143
d144/
d148/
d151/
d161/
d165/
d179
d190/
d198
d2
d205/
d210
d211/
d214/
d222
d223/
d225/
d227
d234
d238/
d242/
d247
d251
d254
d257
d269/
d277
d278
d286
d292
d295/
d30/
d54
d81/
d86
f102
f11/
f110/
f112
f13
f132
f144
f146/
f149
f15/
f159/
f167/
f171/
f174
f181
f182/
f190/
f197/
f198
f21
f220
f233
f240/
f246
f255
f257/
f259/
f262
f279
f28/
f281
f284
f289
f298/
f299/
f3
f37
f4
f50
f59
f7
f87
f91/
f94
f97/
f98
n0/
n113
n25
n26/
n40
n51
n52
n55
n63/
n64
n67/
n7/
n72/
n78
n79
n82/
n83/
n84
n85/
n87
n90/
n94/
n99/
Invalid operation
f102:184
f281:17
f174:16
f59:16
n64:16
d227:15
f144:15
Invalid operation
Null
Invalid operation
Invalid operation
d10/
d101
d111
d113
d12/
d125
d143
d144/
d148/
d151/
d161/
d165/
d179
d190/
d198
d2
d205/
d210
d211/
d214/
d222
d223/
d225/
d227
d234
d238/
d242/
d247
d251
d254
d257
d269/
d277
d278
d286
d292
d295/
d30/
d54
d81/
d86
f102
f11/
f110/
f112
f13
f132
f134/
f144
f146/
f149
f15/
f159/
f167/
f171/
f174
f181
f182/
f190/
f197/
f198
f21
f220
f233
f240/
f246
f255
f257/
f259/
f262
f279
f28/
f281
f284
f289
f298/
f299/
f3
f37
f4
f50
f59
f7
f87
f91/
f94
f97/
f98
n0/
n113
n25
n26/
n40
n51
n52
n55
n63/
n64
n67/
n7/
n72/
n78
n79
n82/
n83/
n84
n85/
n87
n90/
n94/
n99/
Invalid operation
d10/
d101
d111
d113
d12/
d125
d143
d144/
d148/
d151/
d161/
d165/
d179
d190/
d198
d2
d205/
d210
d211/
d214/
d222
d223/
d225/
d227
d234
d238/
d242/
d247
d251
d254
d257
d269/
d277
d278
d286
d292
d295/
d30/
d54
d81/
d86
f102
f11/
f110/
f112
f13
f134/
f144
f146/
f149
f15/
f159/
f167/
f171/
f174
f181
f182/
f190/
f197/
f198
f21
f220
f233
f240/
f246
f255
f257/
f259/
f262
f279
f28/
f281
f284
f289
f298/
f299/
f3
f37
f4
f50
f59
f7
f87
f91/
f94
f97/
f98
n0/
n113
n25
n26/
n40
n51
n52
n55
n63/
n64
n67/
n7/
n72/
n78
n79
n82/
n83/
n84
n85/
n87
n90/
n94/
n99/
Invalid operation
Invalid operation
d10/
d101
d111
d113
d12/
d125
d143
d144/
d148/
d151/
d161/
d165/
d179
d190/
d198
d2
d205/
d210
d211/
d214/
d222
d223/
d225/
d227
d234
d238/
d242/
d247
d251
d254
d257
d269/
d277
d278
d286
d292
d295/
d30/
d54
d81/
d86
f102
f11/
f110/
f112
f13
f134/
f144
f146/
f149
f15/
f159/
f167/
f171/
f174
f181
f182/
f190/
f197/
f198
f21
f220
f230/
f233
f240/
f246
f255
f257/
f259/
f262
f279
f28/
f281
f284
f289
f298/
f299/
f3
f37
f4
f50
f59
f7
f87
f91/
f94
f97/
f98
n0/
n113
n25
n26/
n40
n51
n52
n55
n63/
n64
n67/
n7/
n72/
n78
n79
n82/
n83/
n84
n85/
n87
n90/
n94/
n99/
f181:FA
Invalid operation
Invalid operation
Null
Invalid operation
Invalid operation
d103:A3
d103
n64
Invalid operation
Invalid operation
d10/
d101
d111
d113
d12/
d125
d143
d144/
d148/
d151/
d161/
d165/
d179
d190/
d198
d2
d205/
d210
d211/
d214/
d222
d223/
d225/
d227
d234
d238/
d242/
d247
d251
d254
d257
d269/
d277
d278
d286
d292
d295/
d30/
d54
d81/
d86
f102
f11/
f110/
f112
f13
f134/
f144
f146/
f149
f15/
f159/
f167/
f171/
f174
f181
f182/
f190/
f197/
f198
f21
f220
f230/
f233
f240/
f246
f255
f257/
f259/
f262
f279
f28/
f281
f284
f289
f298/
f299/
f3
f37
f4
f50
f59
f7
f87
f91/
f94
f97/
f98
n0/
n11
n113
n25
n26/
n40
n51
n52
n55
n63/
n64
n67/
n7/
n72/
n78
n79
n82/
n83/
n84
n85/
n87
n90/
n94/
n99/
d10/
d101
d111
d113
d12/
d125
d143
d144/
d148/
d151/
d161/
d165/
d179
d190/
d198
d2
d205/
d210
d211/
d214/
d222
d223/
d225/
d227
d234
d238/
d242/
d247
d251
d254
d257
d269/
d277
d278
d286
d292
d295/
d30/
d54
d81/
d86
f102
f11/
f110/
f112
f13
f134/
f144
f146/
f149
f15/
f159/
f167/
f171/
f174
f181
f182/
f190/
f197/
f198
f21
f220
f230/
f233
f240/
f246
f255
f257/
f259/
f262
f279
f28/
f281
f284
f289
f298/
f299/
f3
f37
f4
f50
f59
f7
f87
f91/
f94
f97/
f98
n0/
n11
n113
n25
n26/
n40
n51
n52
n55
n63/
n64
n67/
n7/
n72/
n78
n79
n82/
n83/
n84
n85/
n87
n90/
n94/
n99/
d10/
d101
d111
d113
d12/
d125
d143
d144/
d148/
d151/
d161/
d165/
d179
d190/
d198
d2
d205/
d210
d211/
d214/
d222
d223/
d225/
d227
d234
d238/
d242/
d247
d251
d254
d257
d269/
d277
d278
d286
d292
d295/
d30/
d54
d81/
d86
f102
f11/
f110/
f112
f13
f134/
f144
f146/
f149
f15/
f159/
f167/
f171/
f174
f181
f182/
f190/
f197/
f198
f21
f220
f230/
f233
f240/
f246
f255
f257/
f259/
f262
f279
f28/
f281
f284
f289
f298/
f299/
f3
f37
f4
f50
f59
f7
f87
f91/
f94
f97/
f98
n0/
n11
n113
n25
n26/
n40
n51
n52
n55
n63/
n64
n67/
n7/
n72/
n78
n79
n82/
n83/
n84
n85/
n87
n90/
n94/
n99/
Invalid operation
Invalid operation
Invalid operation
Invalid operation
Null
Invalid operation
Invalid operation
Invalid operation
Invalid operation
Invalid operation
Invalid operation
Invalid operation
d10/
d101
d111
d12/
d125
d143
d144/
d148/
d151/
d161/
d165/
d179
d190/
d198
d2
d205/
d210
d211/
d214/
d222
d223/
d225/
d227
d234
d238/
d242/
d247
d251
d254
d257
d269/
d277
d278
d286
d292
d295/
d30/
d54
d81/
d86
f102
f11/
f110/
f112
f13
f134/
f144
f146/
f149
f15/
f156
f159/
f167/
f171/
f174
f181
f182/
f190/
f197/
f198
f21
f220
f230/
f233
f240/
f246
f255
f257/
f259/
f262
f279
f28/
f281
f284
f289
f298/
f299/
f3
f37
f4
f50
f59
f7
f87
f91/
f94
f97/
f98
n0/
n11
n113
n25
n26/
n40
n51
n52
n55
n63/
n64
n67/
n7/
n72/
n78
n79
n82/
n83/
n84
n85/
n87
n90/
n94/
n99/
d10/
d101
d111
d12/
d125
d143
d144/
d148/
d151/
d161/
d165/
d179
d190/
d198
d2
d205/
d210
d211/
d214/
d222
d223/
d225/
d227
d234
d238/
d242/
d247
d251
d254
d257
d269/
d277
d278
d286
d292
d295/
d30/
d54
d81/
d86
f102
f11/
f110/
f112
f13
f134/
f144
f146/
f149
f15/
f156
f159/
f167/
f171/
f174
f181
f182/
f190/
f197/
f198
f21
f220
f230/
f233
f240/
f246
f255
f257/
f259/
f262
f279
f28/
f281
f284
f289
f298/
f299/
f3
f37
f4
f50
f59
f7
f87
f91/
f94
f97/
f98
n0/
n11
n113
n25
n26/
n40
n51
n52
n55
n63/
n64
n67/
n7/
n72/
n78
n79
n82/
n83/
n84
n85/
n87
n90/
n94/
n99/
Invalid operation
f181:36 76 E6
Invalid operation
Invalid operation
Invalid operation
Invalid operation
Invalid operation
Invalid operation
f102:184
f281:17
Invalid operation
Null
Invalid operation
d103:20
Invalid operation
d10/
d101
d111
d12/
d125
d143
d144/
d148/
d151/
d161/
d165/
d179
d190/
d198
d2
d205/
d210
d211/
d214/
d222
d223/
d225/
d227
d234
d238/
d242/
d247
d251
d254
d269/
d277
d278
d286
d292
d295/
d30/
d54
d81/
d86
f102
f11/
f110/
f112
f13
f134/
f144
f146/
f149
f15/
f156
f159/
f167/
f171/
f174
f181
f182/
f190/
f197/
f198
f21
f220
f230/
f233
f240/
f246
f255
f257/
f259/
f262
f279
f28/
f281
f284
f289
f291/
f298/
f299/
f3
f37
f4
f50
f59
f7
f87
f91/
f94
f97/
f98
n0/
n11
n113
n25
n26/
n40
n51
n52
n55
n63/
n64
n67/
n7/
n72/
n78
n79
n82/
n83/
n84
n85/
n87
n90/
n94/
n99/
d10/
d101
d111
d12/
d125
d143
d144/
d148/
d151/
d161/
d165/
d179
d190/
d198
d2
d205/
d210
d211/
d214/
d222
d223/
d225/
d227
d234
d238/
d242/
d247
d251
d254
d269/
d277
d278
d286
d292
d295/
d30/
d54
d81/
d86
f102
f11/
f110/
f112
f13
f134/
f144
f146/
f149
f15/
f156
f159/
f167/
f171/
f174
f181
f182/
f190/
f197/
f198
f21
f220
f230/
f233
f240/
f246
f255
f257/
f259/
f262
f279
f28/
f281
f284
f289
f291/
f298/
f299/
f3
f37
f4
f50
f59
f7
f87
f91/
f94
f97/
f98
n0/
n11
n113
n25
n26/
n40
n51
n52
n55
n63/
n64
n67/
n7/
n72/
n78
n79
n82/
n83/
n84
n85/
n87
n90/
n94/
n99/
d103
d243
n64
Invalid operation
Invalid operation
Invalid operation
Invalid operation
Invalid operation
Invalid operation
d103:A6
d103:A3 00 00 00 00
d103:D3
d103
d243
d268
d69/
f83/
Invalid operation
d103:D3 59
d103:11
Invalid operation
Invalid operation
d10/
d101
d111
d12/
d125
d143
d144/
d148/
d151/
d161/
d165/
d179
d190/
d198
d2
d205/
d210
d211/
d214/
d222
d223/
d225/
d227
d234
d238/
d242/
d247
d251
d254
d269/
d277
d278
d286
d292
d295/
d30/
d54
d55
d81/
d86
f102
f11/
f110/
f112
f13
f134/
f144
f146/
f149
f15/
f156
f159/
f167/
f171/
f174
f181
f182/
f190/
f197/
f198
f21
f220
f230/
f233
f240/
f246
f255
f257/
f259/
f262
f279
f28/
f281
f284
f289
f291/
f298/
f299/
f3
f37
f4
f50
f59
f67/
f7
f87
f91/
f94
f97/
f98
n0/
n11
n113
n25
n26/
n40
n50/
n51
n52
n55
n63/
n64
n67/
n7/
n72/
n78
n79
n82/
n83/
n84
n85/
n87
n90/
n94/
n99/
f102:184
f281:17
f174:16
f59:16
n64:16
d227:15
f144:15
Invalid operation
Invalid operation
Invalid operation
Invalid operation
Invalid operation
f102:184
f181:17
f281:17
Invalid operation
f102:184
f181:17
f281:17
Invalid operation
Invalid operation
Invalid operation
d10/
d101
d111
d12/
d125
d143
d144/
d148/
d151/
d161/
d165/
d179
d190/
d198
d2
d205/
d210
d211/
d214/
d222
d223/
d225/
d227
d234
d238/
d242/
d247
d251
d254
d269/
d277
d278
d286
d292
d295/
d30/
d54
d55
d81/
d86
f102
f11/
f110/
f112
f13
f134/
f144
f146/
f149
f15/
f156
f159/
f167/
f171/
f174
f181
f182/
f190/
f197/
f198
f21
f220
f230/
f233
f240/
f246
f255
f257/
f259/
f262
f279
f28/
f281
f284
f289
f291/
f298/
f299/
f3
f37
f4
f50
f59
f67/
f7
f87
f91/
f94
f97/
f98
n0/
n11
n113
n25
n26/
n40
n50/
n51
n52
n55
n63/
n64
n67/
n7/
n72/
n78
n79
n82/
n83/
n84
n85/
n87
n90/
n94/
n99/
f102:184
f281:17
f174:16
f59:16
f102:184
f281:17
f174:16
f102:184
f281:17
f174:16
f102:184
f281:17
f174:16
Invalid operation
f102:x_sip-39a.4vl4twx8in2eyyo-rq9xxfe 9dm-y_njrqi7-xax9tm5_-wnpub.0n4l4rix3ql4axxf88h0_-7zr3hks 5169b0u9oyzbn8ingl4_0pdw3gkdssxx9nikz _k4altgxx37olau92st7kfb4q63hnr1vph0wqaxxujmu9qc0pa.vjx
f102:184
f181:17
f281:17
Invalid operation
/f102
Invalid operation
Invalid operation
Invalid operation
Invalid operation
Invalid operation
Null
Invalid operation
Invalid operation
Invalid operation
Invalid operation
Invalid operation
Invalid operation
Invalid operation
Invalid operation
Invalid operation
Invalid operation
Null
Invalid operation
Invalid operation
Invalid operation
Invalid operation
Invalid operation
Invalid operation
Null
Invalid operation
Invalid operation
/d173
Invalid operation
d10/
d101
d108
d111
d12/
d125
d143
d144/
d148/
d151/
d161/
d165/
d169/
d173
d179
d190/
d198
d2
d205/
d210
d211/
d214/
d222
d223/
d225/
d227
d234
d238/
d242/
d247
d251
d254
d269/
d277
d278
d286
d292
d295/
d30/
d54
d55
d81/
d86
f102
f11/
f110/
f112
f13
f134/
f144
f146/
f149
f15/
f156
f159/
f167/
f171/
f174
f181
f182/
f190/
f197/
f198
f21
f220
f230/
f233
f240/
f246
f255
f257/
f259/
f262
f279
f28/
f281
f284
f289
f291/
f298/
f299/
f3
f37
f4
f50
f59
f67/
f7
f87
f91/
f94
f97/
f98
n0/
n11
n113
n25
n26/
n40
n50/
n51
n52
n55
n63/
n64
n67/
n7/
n72/
n78
n79
n82/
n83/
n84
n85/
n87
n90/
n94/
n99/
d10/
d101
d108
d111
d12/
d125
d143
d144/
d148/
d151/
d161/
d165/
d169/
d173
d179
d190/
d198
d2
d205/
d210
d211/
d214/
d222
d223/
d225/
d227
d234
d238/
d242/
d247
d251
d254
d269/
d277
d278
d286
d292
d295/
d30/
d54
d55
d81/
d86
f102
f11/
f110/
f112
f13
f134/
f144
f146/
f149
f15/
f156
f159/
f167/
f171/
f174
f181
f182/
f190/
f197/
f198
f21
f220
f230/
f233
f240/
f246
f255
f257/
f259/
f262
f279
f28/
f281
f284
f289
f291/
f298/
f299/
f3
f37
f4
f50
f59
f67/
f7
f87
f91/
f94
f97/
f98
n0/
n11
n113
n25
n26/
n40
n50/
n51
n52
n55
n63/
n64
n67/
n7/
n72/
n78
n79
n82/
n83/
n84
n85/
n87
n90/
n94/
n99/
Invalid operation
d10/
d101
d108
d111
d12/
d125
d143
d144/
d148/
d151/
d161/
d165/
d169/
d179
d190/
d198
d2
d205/
d210
d211/
d214/
d222
d223/
d225/
d227
d234
d238/
d242/
d247
d251
d254
d269/
d277
d278
d286
d292
d295/
d30/
d54
d55
d81/
d86
f102
f11/
f110/
f112
f13
f134/
f144
f146/
f149
f15/
f156
f159/
f167/
f171/
f174
f181
f182/
f190/
f197/
f198
f21
f220
f230/
f233
f240/
f246
f255
f257/
f259/
f262
f279
f28/
f281
f284
f289
f291/
f298/
f299/
f3
f37
f4
f50
f59
f67/
f7
f87
f91/
f94
f97/
f98
n0/
n11
n113
n25
n26/
n40
n50/
n51
n52
n55
n63/
n64
n67/
n7/
n72/
n78
n79
n82/
n83/
n84
n85/
n87
n89
n90/
n94/
n99/
Invalid operation
f102:184
f181:17
f281:17
n41:17
f174:16
f59:16
n64:16
d227:15
Invalid operation
Invalid operation
Invalid operation
/n89
Invalid operation
Invalid operation
Invalid operation
d10/
d101
d108
d111
d12/
d125
d143
d144/
d148/
d151/
d161/
d165/
d169/
d179
d190/
d198
d2
d205/
d210
d211/
d214/
d222
d223/
d225/
d227
d234
d238/
d242/
d247
d251
d254
d269/
d277
d278
d286
d292
d295/
d30/
d54
d55
d81/
d86
f102
f11/
f110/
f112
f13
f134/
f144
f146/
f149
f15/
f156
f159/
f167/
f171/
f174
f181
f182/
f190/
f197/
f198
f21
f220
f230/
f233
f240/
f246
f255
f257/
f259/
f262
f279
f28/
f281
f284
f289
f291/
f298/
f299/
f3
f37
f4
f43/
f50
f59
f67/
f7
f87
f91/
f94
f97/
f98
n0/
n11
n113
n25
n26/
n34/
n40
n41
n50/
n51
n52
n55
n63/
n64
n67/
n7/
n72/
n78
n79
n82/
n83/
n84
n85/
n87
n89
n90/
n94/
n99/
Null
Invalid operation
Invalid operation
f102:184
f181:17
f281:17
n41:17
f174:16
f59:16
n64:16
Invalid operation
Invalid operation
Invalid operation
Invalid operation
Invalid operation
f102:184
f181:17
f281:17
f102:x_sip-39a.4vl4twx8in2eyyo-rq9xxfe 9dm-y_njrqi7-xax9tm5_-wnpub.0n4l4rix3ql4axxf88h0_-7zr3hks 5169b0u9oyzbn8ingl4_0pdw3gkdssxx9nikz _k4altgxx37olau92st7kfb4q63hnr1vph0wqaxxujmu9qc0pa.vjx
Invalid operation
Invalid operation
d10/
d101
d108
d111
d12/
d125
d143
d144/
d148/
d151/
d16/
d161/
d165/
d169/
d179
d190/
d198
d2
d205/
d210
d211/
d214/
d222
d223/
d225/
d227
d234
d238/
d242/
d247
d251
d254
d269/
d277
d278
d286
d292
d295/
d30/
d54
d55
d81/
d86
f102
f11/
f110/
f112
f13
f134/
f144
f146/
f149
f15/
f156
f159/
f167/
f171/
f174
f181
f182/
f190/
f197/
f198
f21
f220
f230/
f233
f240/
f246
f255
f257/
f259/
f262
f279
f28/
f281
f284
f289
f291/
f298/
f299/
f3
f37
f4
f43/
f50
f59
f67/
f7
f87
f91/
f94
f97/
f98
n0/
n11
n113
n25
n26/
n34/
n40
n41
n50/
n51
n52
n55
n63/
n64
n67/
n7/
n72/
n78
n79
n82/
n83/
n84
n85/
n87
n89
n90/
n94/
n99/
Invalid operation
Invalid operation
Invalid operation
Invalid operation
Invalid operation
Invalid operation
Invalid operation
/d93
Invalid operation
d10/
d101
d108
d111
d12/
d125
d143
d144/
d148/
d151/
d161/
d165/
d169/
d179
d190/
d198
d2
d205/
d210
d211/
d214/
d222
d223/
d225/
d227
d234
d238/
d242/
d247
d251
d254
d269/
d277
d278
d286
d292
d295/
d30/
d54
d55
d81/
d86
d93
f102
f11/
f110/
f112
f13
f134/
f144
f146/
f149
f15/
f156
f159/
f167/
f171/
f174
f181
f182/
f190/
f197/
f198
f21
f220
f230/
f233
f240/
f246
f255
f257/
f259/
f262
f279
f28/
f281
f284
f289
f291/
f298/
f299/
f3
f37
f4
f43/
f50
f59
f67/
f7
f87
f91/
f94
f97/
f98
n0/
n11
n113
n25
n26/
n34/
n40
n41
n50/
n51
n52
n55
n63/
n64
n67/
n7/
n72/
n78
n79
n82/
n83/
n84
n85/
n87
n89
n90/
n94/
n99/
Invalid operation
Invalid operation
Invalid operation
f102:184
d93:18
f181:17
f281:17
/f144
Invalid operation
Invalid operation
d10/
d101
d108
d111
d12/
d125
d143
d144/
d148/
d151/
d161/
d165/
d169/
d179
d190/
d198
d2
d205/
d210
d211/
d214/
d222
d223/
d225/
d227
d234
d238/
d242/
d247
d251
d254
d269/
d277
d278
d286
d292
d295/
d30/
d54
d55
d81/
d86
d93
f102
f11/
f110/
f112
f13
f134/
f144
f146/
f149
f15/
f156
f159/
f167/
f171/
f174
f181
f182/
f190/
f197/
f198
f21
f220
f230/
f233
f240/
f246
f255
f257/
f259/
f262
f279
f28/
f281
f284
f289
f291/
f298/
f299/
f3
f37
f4
f43/
f50
f59
f67/
f7
f87
f91/
f94
f97/
f98
n0/
n11
n113
n25
n26/
n34/
n40
n41
n50/
n51
n52
n55
n63/
n64
n67/
n7/
n72/
n78
n79
n82/
n83/
n84
n85/
n87
n89
n90/
n94/
n99/
Invalid operation
Invalid operation
Null
Invalid operation
Invalid operation
Invalid operation
Invalid operation
Invalid operation
d46
Null
Invalid operation
Invalid operation
Invalid operation
Invalid operation
Invalid operation
Invalid operation
Invalid operation
Invalid operation
Invalid operation
Invalid operation
f102:184
d93:23
f181:17
f281:17
n41:17
Invalid operation
Invalid operation
Invalid operation
Invalid operation
Invalid operation
Invalid operation
Invalid operation
Null
Null
Invalid operation
Invalid operation
Invalid operation
Invalid operation
Invalid operation
Invalid operation
Invalid operation
Invalid operation
Invalid operation
Invalid operation
d10/
d101
d108
d111
d12/
d125
d143
d144/
d148/
d151/
d161/
d165/
d169/
d179
d190/
d198
d2
d205/
d210
d211/
d214/
d222
d223/
d225/
d227
d234
d238/
d242/
d247
d251
d254
d269/
d277
d278
d286
d292
d295/
d30/
d54
d55
d81/
d86
d93
f102
f11/
f110/
f112
f13
f134/
f144
f146/
f149
f15/
f152
f156
f159/
f167/
f171/
f174
f181
f182/
f190/
f197/
f198
f201
f21
f220
f230/
f233
f234
f240/
f246
f255
f257/
f259/
f262
f265/
f279
f28/
f281
f284
f289
f291/
f298/
f299/
f3
f37
f4
f43/
f50
f59
f67/
f7
f87
f91/
f94
f97/
f98
n0/
n11
n113
n118/
n25
n26/
n34/
n40
n41
n50/
n51
n52
n55
n63/
n64
n67/
n7/
n72/
n78
n79
n82/
n83/
n84
n85/
n87
n89
n90/
n94/
n99/
Invalid operation
Invalid operation
Invalid operation
Invalid operation
Invalid operation
Invalid operation
Invalid operation
Invalid operation
Invalid operation
Invalid operation
Invalid operation
Invalid operation
Invalid operation
Invalid operation
f102:184
d93:23
f181:17
Invalid operation
f102:184
d93:23
f181:17
Invalid operation
Invalid operation
f102:184
d93:23
f181:17
Invalid operation
Invalid operation
Invalid operation
f102:x_sip-39a.4vl4twx8in2eyyo-rq9xxfe 9dm-y_njrqi7-xax9tm5_-wnpub.0n4l4rix3ql4axxf88h0_-7zr3hks 5169b0u9oyzbn8ingl4_0pdw3gkdssxx9nikz _k4altgxx37olau92st7kfb4q63hnr1vph0wqaxxujmu9qc0pa.vjx
f102:184
d93:23
f181:17
Null
f102:184
d93:23
f181:17
f102:184
d93:23
f181:17
Invalid operation
Invalid operation
d10/
d101
d102/
d108
d111
d12/
d125
d142
d143
d144/
d148/
d151/
d161/
d165/
d169/
d179
d190/
d198
d2
d205/
d210
d211/
d214/
d222
d223/
d225/
d227
d234
d238/
d24/
d242/
d247
d254
d269/
d277
d278
d286
d292
d295/
d30/
d32
d54
d55
d72/
d81/
d86
d93
f102
f11/
f110/
f112
f13
f134/
f144
f146/
f149
f15/
f152
f156
f159/
f167/
f171/
f174
f181
f182/
f190/
f197/
f198
f21
f220
f230/
f233
f234
f240/
f246
f255
f257/
f259/
f262
f265/
f279
f28/
f281
f284
f289
f291/
f298/
f299/
f3
f37
f4
f43/
f50
f59
f67/
f7
f87
f91/
f94
f97/
f98
n0/
n11
n113
n118/
n25
n26/
n34/
n40
n41
n50/
n51
n52
n55
n63/
n64
n67/
n7/
n72/
n78
n79
n82/
n83/
n84
n85/
n87
n89
n90/
n94/
n99/
d10/
d101
d102/
d108
d111
d12/
d125
d142
d143
d144/
d148/
d151/
d161/
d165/
d169/
d179
d190/
d198
d2
d205/
d210
d211/
d214/
d222
d223/
d225/
d227
d234
d238/
d24/
d242/
d247
d254
d269/
d277
d278
d286
d292
d295/
d30/
d32
d54
d55
d72/
d81/
d86
d93
f102
f11/
f110/
f112
f13
f134/
f144
f146/
f149
f15/
f152
f156
f159/
f167/
f171/
f174
f181
f182/
f190/
f197/
f198
f21
f220
f230/
f233
f234
f240/
f246
f255
f257/
f259/
f262
f265/
f279
f28/
f281
f284
f289
f291/
f298/
f299/
f3
f37
f4
f43/
f50
f59
f67/
f7
f87
f91/
f94
f97/
f98
n0/
n11
n113
n118/
n25
n26/
n34/
n40
n41
n50/
n51
n52
n55
n63/
n64
n67/
n7/
n72/
n78
n79
n82/
n83/
n84
n85/
n87
n89
n90/
n94/
n99/
Invalid operation
f102:184
d93:23
f181:17
Invalid operation
f102:186
d93:23
f181:17
d10/
d101
d102/
d108
d111
d12/
d125
d142
d143
d144/
d148/
d151/
d161/
d165/
d169/
d179
d190/
d198
d2
d205/
d210
d211/
d214/
d222
d223/
d225/
d227
d234
d238/
d24/
d242/
d247
d254
d269/
d277
d278
d286
d292
d295/
d30/
d32
d54
d55
d72/
d81/
d86
d93
f102
f11/
f110/
f112
f13
f134/
f144
f146/
f149
f15/
f152
f156
f159/
f167/
f171/
f174
f181
f182/
f190/
f197/
f198
f21
f220
f230/
f233
f234
f240/
f246
f255
f257/
f259/
f262
f265/
f279
f28/
f281
f284
f289
f291/
f298/
f299/
f3
f37
f4
f43/
f50
f59
f67/
f7
f87
f91/
f94
f97/
f98
n0/
n11
n113
n118/
n2
n25
n26/
n34/
n40
n41
n50/
n51
n52
n55
n63/
n64
n67/
n7/
n72/
n78
n79
n82/
n83/
n84
n85/
n87
n89
n90/
n94/
n99/
f102:186
d93:23
f181:17
Invalid operation
Invalid operation
Invalid operation
Invalid operation
Invalid operation
d101:
Invalid operation
Invalid operation
d101:
Invalid operation
f102:184
d93:23
f102:x_sip-39a.4vl4twx8in2eyyo-rq9xxfe 9dm-y_njrqi7-xax9tm5_-wnpub.0n4l4rix3ql4axxf88h0_-7zr3hks 5169b0u9oyzbn8ingl4_0pdw3gkdssxx9nikz _k4altgxx37olau92st7kfb4q63hnr1vph0wqaxxujmu9qc0pa.vjx
Invalid operation
f102:184
d93:23
f181:17
f281:17
n41:17
f174:16
f59:16
Invalid operation
f102:184
d93:23
f181:17
f102:184
d93:23
f181:17
f182:dir:0
f288:md:12
d101
f288
Invalid operation
f288:md:12
f288:-82mogqul05nsyho9z8 -58ec 
d195/
f182/
Invalid operation
/f156
f182:dir:0
Invalid operation
Invalid operation
Invalid operation
/d72/n78/f182/f203
Invalid operation
Invalid operation
d81/
Invalid operation
f288:-82mogqul05nsyho9z8 -58ec 
Invalid operation
Invalid operation
Invalid operation
Invalid operation
d81:dir:0
Invalid operation
Invalid operation
Invalid operation
Invalid operation
Invalid operation
Invalid operation
Invalid operation
Invalid operation
Invalid operation
Invalid operation
f288:-82mogqul05nsyho9z8 -58ec 
Invalid operation
f288:-82mogqul05nsyho9z8 -58ec 
Invalid operation
Invalid operation
/d72/f288
/d72/n78/d250
d250:10
f45:7
d81:dir:0
d250:10
f45:7
Invalid operation
Invalid operation
Invalid operation
Invalid operation
/d72/f288
Invalid operation
f288:-82mogqul05nsyho9z8 -58ec sb._yh-z-wzcwr7
Invalid operation
Invalid operation
Invalid operation
Invalid operation
f102:184
d93:23
f181:17
Null
Invalid operation
Invalid operation
Invalid operation
f288:md:41
Invalid operation
Invalid operation
Invalid operation
Invalid operation
/d72/f288
Invalid operation
Invalid operation
d289/
f288
n78/
Invalid operation
Invalid operation
Invalid operation
Invalid operation
f288:-82mogqul05nsyho9z8 -58ec sb._yh-z-wzcwr7
Invalid operation
d289/
f127
f288
n57
n78/
Invalid operation
d266
d289/
f288
n78/
Invalid operation
Invalid operation
Invalid operation
f288:-82mogqul05nsyho9z8 -58ec sb._yh-z-wzcwr7u66g32nb
Invalid operation
Invalid operation
Invalid operation
Null
Invalid operation
f288:md:60
Invalid operation
Invalid operation
Invalid operation
d266
d278/
d289/
d297/
f288
n78/
Invalid operation
Null
Invalid operation
Invalid operation
f288:md:69
Invalid operation
f48:73 DA 21 C5 00 00 00
f288:-82mogqul05nsyho9z8 -58ec sb._yh-z-wzcwr7u66g32nbza- kgwav1r-ax w.0xt
f102:184
d93:23
f181:17
f288:md:69
d278/
d289/
d297/
f127
f273/
f288
f292
f48
n78/
Invalid operation
d278/
d289/
d297/
f127
f273/
f288
f292
f48
n78/
n87
f48:00
Invalid operation
f288:69
f127:12
f48:11
n87:10
f292:0
Invalid operation
Invalid operation
/f255
Invalid operation
Invalid operation
f187:
f187
f259/
f79
/n0/f113/f187
Invalid operation
Invalid operation
f187:
Invalid operation
Invalid operation
Invalid operation
d140/
d244/
d256
d8/
d99/
f116/
f173
f187
f251
f259/
f273/
f79
n40
d152/
f47/
d152:dir:0
d152:dir:0
n40:08 C7 00 00 00 00 00 00
Invalid operation
Invalid operation
f187:
f187:txt:0
n40:00 00 AB
Invalid operation
Invalid operation
d140/
d155/
d165
d244/
d256
d8/
d99/
f116/
f173
f187
f251
f259/
f273/
f79
n40
Invalid operation
n40:F1 7A 08 C7 00 00
Invalid operation
n40:16
f173:15
d165:14
f41:11
f79:6
d256:0
d140/
d155/
d165
d244/
d256
d282/
d8/
d99/
f116/
f173
f187
f259/
f273/
f28
f41
f79
n40
d140/
d155/
d165
d244/
d256
d282/
d8/
d99/
f116/
f173
f187
f259/
f273/
f28
f41
f79
n40
Invalid operation
Invalid operation
d115
n46/
/n0/f113/d140/d115
/n0/f113/d140/d115
d115:y1z1_jdrcq8
d115
n46/
d115:txt:11
d115
f167/
n46/
d66:AC 00 00
d115
n46/
Invalid operation
Invalid operation
Invalid operation
d115
f215/
n46/
d115
f215/
n46/
d115
f215/
n46/
d115:y1z1_jdrcq8
Invalid operation
Invalid operation
d56/
Invalid operation
Invalid operation
/n0/f113/d140/n46/d160
d160
d56/
f266/
d56:dir:0
d66:D3
d56/
f266/
Invalid operation
d56/
f177/
f266/
/n0/f113/d140/n46/d232
Invalid operation
d56/
f177/
f266/
n89
n89:z41_u0bn5lze59a.
d66:B1 D3 00
Invalid operation
Null
f177:dir:0
Invalid operation
Invalid operation
n89:md:25
d129
d56/
d95/
f177/
f231
f266/
n89
Invalid operation
Invalid operation
Invalid operation
n89:md:25
/n0/f113/d140/n46/n89
/n89
Invalid operation
Invalid operation
d129:txt:28
d129:dmzbx9qf4zhx9rb80.mut7u_oxk0
