Invalid operation
Invalid operation
d254:txt:11
Invalid operation
d254
d254:f5ur4-.ra2n
Invalid operation
d254
n38/
Invalid operation
Null
n38:dir:0
f232/
n38/
f136:14
Null
f136:41 14
d149:dir:0
d149:dir:0
d116/
d149/
d206/
Invalid operation
f136:14
d116/
d149/
d57/
/f136
Invalid operation
Invalid operation
/f136
Invalid operation
f136:14
Invalid operation
Invalid operation
/f136
d251
f136
f232/
f259/
n38/
d251
f136
f232/
f259/
n38/
f136:14 50 0B
d251
f136
f232/
f259/
n38/
f136:14
d251:0
f136:A8 EB A0 6E BC 09
Null
d251
f136
f232/
f259/
n38/
n38:dir:0
/f136
Invalid operation
Invalid operation
Invalid operation
Invalid operation
d10/
d251
f136
f223/
f232/
f259/
f71
n38/
f136:18
f71:11
d251:0
/f136
f136:44
Invalid operation
Invalid operation
Invalid operation
n38:dir:0
Invalid operation
f136:C8 CD 00 00
f280:txt:0
f280:txt:0
d28/
f280
Invalid operation
Invalid operation
f47:dir:0
n49:8
Invalid operation
Invalid operation
f47:dir:0
f74:13
n49:13
f167:8
f2:3
f47:dir:0
n49:.4px1wcbb
f74:13
n49:10
f2:3
n49:.4px1wcbbx
d169/
f171/
f2
f262/
f271/
f47/
f74
n49
f47:dir:0
f136:DD 56 BD E7 F0 AB F5 44 00 00 00 C8 CD 00 00 64
n49:.4px1wcbbx
d169/
f171/
f186/
f2
f262/
f271/
f47/
f74
n49
d169/
f171/
f2
f262/
f271/
f47/
f74
n49
d169/
f171/
f2
f262/
f271/
f47/
f74
n49
Null
n49:.4px1wcbbx
f136:F5 44 00 00 00 C8 CD 00 00 64 CE
n49:.4px1wcbbx
f136:08 17 A0 70 A2
Invalid operation
n49:.4px1wcbbx
f47:dir:0
d83
Invalid operation
Invalid operation
d284:dir:0
f136:7A 85 D6 08 17 A0 70 A2 AB 81 9F 00 00 00 C8
d284/
Invalid operation
Invalid operation
Invalid operation
n57/
d14:.3.0fk-pt
n15
n15:3
n15
Invalid operation
f136:00 C8
d14
d284/
f110/
f134
d14
d195
d284/
f110/
f134
f262/
d14
d195
d284/
f110/
f134
f262/
Invalid operation
d14:.3.0fk-ptk8c9 3l8yd24r_
d14
d195
d284/
f110/
f134
f262/
Invalid operation
Invalid operation
d14
d195
d284/
f110/
f134
f262/
d14:.3.0fk-pt
d14:txt:9
f136:F0 B8 8D 2A F0 AD 91 00 64 CE 17 00
Invalid operation
d146/
d169/
f117/
f171/
f262/
f271/
f47/
f74
n49
n49:26
f74:13
f122:4
n49:.4px1wcbbxsd8l7xid8mx25p2k
n49:.4px1wcbbxsd8l7xid8mx25p2kx
Invalid operation
f47:dir:0
f136:91 00
d146/
d169/
f117/
f122
f171/
f262/
f271/
f47/
f74
n49
Invalid operation
n49:.4px1wcbbxsd8l7xid8mx25p2kg2rcqu2fmw9q62kt1
Invalid operation
Invalid operation
Invalid operation
f136:8D 2A F0 AD
Invalid operation
/d10/n49
f47:dir:0
f47:dir:0
f47:dir:0
Invalid operation
f136:AF 45 17 00
d146/
d169/
d66
f117/
f122
f171/
f262/
f271/
f42/
f47/
f74
n49
Invalid operation
Invalid operation
f222:00 00
f222:00
Invalid operation
d146/
d169/
d225
d66
f117/
f122
f171/
f177
f222
f262/
f271/
f42/
f47/
f74
n49
Invalid operation
f47:dir:0
Invalid operation
Invalid operation
/d10/n49
d146/
d169/
d225
d267/
d66
f117/
f122
f171/
f177
f222
f225/
f262/
f271/
f42/
f47/
f74
n49
/d10/d169/f239
d10/
d251
f103
f136
f223/
f232/
f259/
f53
f71
n16
n26/
n37
n38/
Invalid operation
Invalid operation
Invalid operation
d146/
d169/
d225
d267/
d66
f117/
f122
f171/
f177
f222
f225/
f262/
f271/
f42/
f47/
f74
n49
Invalid operation
Invalid operation
Invalid operation
Invalid operation
Invalid operation
Invalid operation
Invalid operation
Invalid operation
Invalid operation
d10/
d251
d288/
f103
f136
f149
f223/
f232/
f259/
f53
f71
n16
n26/
n37
n38/
Invalid operation
Invalid operation
d10/
d251
d288/
f103
f136
f149
f223/
f232/
f259/
f53
f71
n16
n26/
n37
n38/
Invalid operation
Invalid operation
Invalid operation
d10/
d251
d288/
f103
f136
f149
f223/
f232/
f259/
f53
f71
n16
n26/
n37
n38/
d10/
d251
d288/
f103
f136
f149
f223/
f232/
f259/
f53
f71
n16
n26/
n37
n38/
Invalid operation
Invalid operation
Invalid operation
d10/
d251
d288/
f103
f136
f149
f223/
f232/
f259/
f53
f71
n16
n26/
n37
n38/
n45/
d10/
d251
d288/
f103
f136
f149
f223/
f232/
f259/
f53
f71
n16
n26/
n37
n38/
n45/
f136:24
f149:15
Null
Invalid operation
Invalid operation
Invalid operation
Invalid operation
Null
Invalid operation
Invalid operation
Invalid operation
Invalid operation
d14:dir:0
d14:dir:0
Invalid operation
Null
f136:24
f149:15
f71:11
f103:7
Invalid operation
Null
Invalid operation
Invalid operation
Invalid operation
f136:24
f149:15
f71:11
f103:7
n37:7
n16:6
d141:5
f53:4
Invalid operation
Invalid operation
Invalid operation
Invalid operation
Invalid operation
Invalid operation
d3:5
f169:0
d3
f169
Invalid operation
d3:5
Invalid operation
d3:txt:6
Invalid operation
d104/
d133/
d3
f169
d14:dir:0
Invalid operation
d3:5
f169:0
Invalid operation
d3:txt:5
d3:txt:5
Invalid operation
Null
d104/
d3
f169
Invalid operation
d3:txt:5
Invalid operation
f29:7
d3:5
f169:0
f29:7
d3:5
f169:0
Invalid operation
Invalid operation
f182:0
d3:2u8kd
d3:2u8kd
d104/
d3
f169
f29
f35
Invalid operation
Invalid operation
f182:bin:0
/f99/d3
Invalid operation
f182
Null
Invalid operation
Invalid operation
f182:00
Invalid operation
Invalid operation
f182:9
f34:3
f109/
f182
f214/
f34
f59/
Invalid operation
f182:15 2E DC
d118/
d41/
d75
f109/
f182
f214/
f34
f59/
f64
f182:00 AA 94 2D
Null
Invalid operation
Null
f192:bin:2
f192
/f99/d104/d41/d123/f192
Null
/f99/d104/d41/d123/f192
Invalid operation
d123:dir:0
Invalid operation
n28:az.z85e
n28
d123/
d196
d123:dir:0
d196:0
Null
Invalid operation
f29:9
n28:8
d123/
d196
f182:02 00 51 83 71
n28:17
Null
n28:az.z85exfuy-0j yk
d226/
f246/
f29
n28
n28:txt:17
d226/
f246/
f29
n28
n28:az.z85exfuy-0j yk
Null
d226/
d249/
f246/
f29
n28
f182:30 AC 55 2D E0 76 30 92
n28:az.z85exfuy-0j yk.5x
Invalid operation
n28:az.z85exfuy-0j yk.5x
d226/
f246/
f29
n28
Invalid operation
n28:20
f50:10
f29:9
d226/
d279/
f246/
f29
f50
n28
n41/
n78/
n28:az.z85exfuy-0j yk.5x
Invalid operation
Null
d127
d226/
d279/
f246/
f29
n28
n78/
d127:3B B8
d127:3B B8
Invalid operation
f182:bin:21
/f99/d104/f182
/f99/d104/f109/f189
Invalid operation
f189:4_tt
Invalid operation
Invalid operation
Invalid operation
Invalid operation
Invalid operation
d104/
d3
f169
f29
f35
f71/
Invalid operation
Invalid operation
d3:2u8kd
Invalid operation
Invalid operation
Invalid operation
f169:
/f99/f169
f169:
Invalid operation
f169:
d273:DD FA 7A 00
d273:FA
d113:dir:0
/f99/f71/f299
d273:24
Invalid operation
Invalid operation
d113:dir:0
Invalid operation
d273:10 E9 E3
d273:2D
n28:f7x
Invalid operation
n28:f7x
/f99/f71/f143/n28
/f99/f71/f143/n28
Invalid operation
d281/
d109/
d281/
f63
/f99/f71/f143/n75/f63
d109/
d281/
f63
d273:5D 00 00 00 D7 FA 00 00 5B FD 51 03 71 2D 80 AF
Invalid operation
d281/
f63
n45
Invalid operation
f63:txt:6
n45:00
d253:dir:0
Invalid operation
Invalid operation
d253:dir:0
/f99/f71/f143/n28
d292:14
/f99/f71/f143/d253/d292
Null
d273:E3 C6 5D 00 00 00 D7 FA 00 00 5B FD 51
d292:p8ie0tbyw_qhl6
Invalid operation
d273:00 00 04 05 39 00 00 5B FD 51 03 71 2D 80
Invalid operation
Invalid operation
d114
d117
d182
d253/
d269/
f165
f87
n28
n75/
n28:f7x6qbft909qj-34-
d253:dir:0
d253:dir:0
Invalid operation
/f99/f71/f143/n28
d114
d117
d182
d253/
d269/
f165
f87
n14/
n28
n75/
d114
d117
d182
d253/
d269/
f165
f87
n14/
n28
n75/
n28:17
d114:12
d182:8
n28:f7x6qbft909qj-34-
d273:1F BF
d273:04 05 39 00 00 5B FD 51 03 71 2D 80
n28:18
d114:12
d182:8
d117:0
d273:04 05 39 00 00 5B FD 51 03 71 2D 80
d253:dir:0
Invalid operation
Invalid operation
Invalid operation
d113:dir:0
d273:00 00 22 7F
f137
f216/
Invalid operation
f137:0
f299:24
d153:0
Invalid operation
d273:33
f198:11
f29:7
Invalid operation
Invalid operation
Invalid operation
Invalid operation
Null
f136:24
f149:15
f71:11
f103:7
f139:7
n37:7
n16:6
d141:5
Invalid operation
Invalid operation
Invalid operation
Invalid operation
Invalid operation
d10/
d14/
d141
d149/
d199
d251
d283/
d288/
f103
f136
f139
f149
f223/
f232/
f259/
f34/
f53
f57
f71
f99/
n16
n26/
n37
n38/
n65
d10/
d14/
d141
d149/
d199
d251
d283/
d288/
f103
f136
f139
f149
f223/
f232/
f259/
f34/
f53
f57
f71
f99/
n16
n26/
n37
n38/
n65
f136:24
f149:15
d199:14
f71:11
f103:7
f139:7
n37:7
n16:6
f136:24
f149:15
d199:14
Invalid operation
Null
f136:24
f149:15
d199:14
f71:11
f103:7
f139:7
n37:7
Invalid operation
Invalid operation
d10/
d14/
d141
d149/
d199
d251
d283/
d288/
f103
f136
f139
f149
f223/
f232/
f259/
f34/
f53
f57
f71
f99/
n16
n26/
n37
n38/
n65
Invalid operation
d10/
d14/
d141
d199
d251
d283/
d288/
f103
f136
f139
f149
f223/
f232/
f259/
f53
f57
f71
f99/
n16
n26/
n37
n38/
n65
Invalid operation
Invalid operation
Invalid operation
Invalid operation
Invalid operation
Invalid operation
d10/
d14/
d141
d199
d251
d283/
d288/
f103
f13/
f136
f139
f149
f223/
f224
f232/
f259/
f53
f57
f71
f99/
n16
n26/
n37
n38/
n65
Invalid operation
d14:dir:0
Invalid operation
Invalid operation
Invalid operation
Invalid operation
Invalid operation
Invalid operation
Invalid operation
Invalid operation
Invalid operation
Invalid operation
Invalid operation
Invalid operation
Invalid operation
Invalid operation
Invalid operation
d14:dir:0
d10/
d14/
d141
d186
d199
d249
d251
d283/
d287/
d288/
f103
f13/
f136
f149
f221/
f223/
f224
f232/
f259/
f279
f46
f48/
f53
f57
f71
f99/
n113/
n16
n26/
n37
n38/
n65
Invalid operation
Invalid operation
Invalid operation
Invalid operation
Invalid operation
Invalid operation
Invalid operation
Invalid operation
d14:dir:0
Invalid operation
Invalid operation
Invalid operation
Invalid operation
f45/
f45/
Invalid operation
f45:dir:0
Invalid operation
Invalid operation
Invalid operation
Invalid operation
d146/
/f237/f114
Invalid operation
Invalid operation
d146/
Invalid operation
Invalid operation
f114:.67l82or.
Invalid operation
d146/
Invalid operation
Invalid operation
d150:
Invalid operation
n64:10
Invalid operation
Invalid operation
f201:bin:8
f45:dir:0
d146/
Null
d146/
f114:.67l82or.x
f114:10
f114:10
/f237/f114
Invalid operation
Invalid operation
Invalid operation
d10/
d14/
d141
d186
d199
d249
d251
d283/
d287/
d288/
f103
f13/
f136
f149
f221/
f223/
f224
f232/
f237/
f259/
f279
f46
f48/
f53
f71
f99/
n113/
n16
n26/
n38/
n65
Invalid operation
Invalid operation
d10/
d14/
d141
d186
d199
d249
d251
d283/
d287/
d288/
f103
f13/
f136
f149
f221/
f223/
f224
f232/
f237/
f259/
f279
f46
f48/
f53
f71
f99/
n113/
n16
n26/
n38/
n65
Invalid operation
d10/
d14/
d141
d186
d199
d249
d251
d283/
d287/
d288/
f103
f13/
f136
f149
f221/
f223/
f224
f232/
f237/
f259/
f279
f46
f48/
f53
f71
f99/
n113/
n16
n26/
n38/
n65
Invalid operation
d14:dir:0
d14:dir:0
Invalid operation
Invalid operation
Invalid operation
d10/
d14/
d141
d186
d199
d249
d251
d283/
d287/
d288/
f103
f13/
f136
f149
f221/
f223/
f224
f232/
f237/
f259/
f279
f285
f46
f48/
f53
f71
f99/
n113/
n16
n26/
n38/
n65
Invalid operation
Invalid operation
Invalid operation
Invalid operation
Null
Invalid operation
Invalid operation
Invalid operation
f136:24
f279:17
f149:15
d199:14
d14:dir:0
Invalid operation
Null
Invalid operation
Null
Invalid operation
Invalid operation
Invalid operation
Invalid operation
f249:txt:0
f249:txt:0
Invalid operation
f249:txt:0
Invalid operation
Null
f249:
/f249
f113:
Invalid operation
d10/
d14/
d141
d186
d199
d249
d251
d283/
d287/
d288/
d45
f103
f121/
f13/
f136
f149
f221/
f223/
f224
f232/
f237/
f249
f259/
f279
f46
f48/
f53
f57
f71
f8
f99/
n113/
n16
n26/
n38/
n65
Invalid operation
Invalid operation
Invalid operation
f249:txt:0
/f249
f249:
Invalid operation
Invalid operation
Invalid operation
Invalid operation
f113:0
n24:0
/f249
Invalid operation
d3:00 D4
Invalid operation
Invalid operation
Null
Invalid operation
Invalid operation
Null
Invalid operation
Invalid operation
Invalid operation
Invalid operation
d10/
d14/
d141
d186
d249
d251
d283/
d287/
d288/
d3
d39
d45
f103
f121/
f13/
f136
f149
f199
f221/
f223/
f224
f232/
f237/
f249
f257/
f259/
f279
f46
f48/
f53
f57
f71
f8
f99/
n113/
n16
n26/
n38/
n65
Invalid operation
Invalid operation
f136:24
Invalid operation
Invalid operation
Null
Invalid operation
d14:dir:0
f136:24
f279:17
d39:15
f149:15
d45:13
f71:11
d249:8
f224:8
Invalid operation
Invalid operation
d10/
d14/
d141
d186
d240/
d249
d251
d283/
d287/
d288/
d3
d39
d45
f103
f121/
f13/
f136
f149
f199
f206/
f221/
f223/
f224
f232/
f237/
f249
f257/
f259/
f279
f46
f48/
f53
f57
f71
f8
f99/
n113/
n16
n26/
n38/
n49/
n65
Invalid operation
Null
d10/
d14/
d141
d186
d240/
d249
d251
d283/
d287/
d288/
d3
d39
d45
f103
f121/
f13/
f136
f149
f199
f206/
f221/
f223/
f224
f232/
f237/
f249
f257/
f259/
f279
f46
f48/
f53
f57
f71
f8
f99/
n113/
n16
n26/
n38/
n49/
n65
f136:24
f279:17
d39:15
f149:15
d45:13
f71:11
Invalid operation
Invalid operation
d14:dir:0
Invalid operation
Invalid operation
d14:dir:0
d14:dir:0
Null
Invalid operation
Invalid operation
d14:dir:0
Null
Invalid operation
d14:dir:0
d10/
d14/
d141
d186
d240/
d249
d251
d283/
d287/
d288/
d3
d39
d44
d45
d52/
d87/
f103
f121/
f13/
f136
f149
f156
f160
f199
f20/
f206/
f221/
f223/
f224
f232/
f237/
f249
f257/
f259/
f279
f46
f48/
f53
f57
f71
f8
f99/
n113/
n16
n26/
n27
n38/
n49/
n65
Invalid operation
Invalid operation
f136:24
f279:17
d39:15
f149:15
d45:13
f71:11
Invalid operation
Invalid operation
Invalid operation
Invalid operation
Invalid operation
d10/
d14/
d141
d186
d240/
d249
d251
d283/
d287/
d288/
d3
d39
d44
d45
d52/
d87/
f103
f12/
f121/
f13/
f136
f149
f156
f199
f20/
f206/
f221/
f223/
f224
f232/
f237/
f249
f257/
f259/
f279
f46
f48/
f53
f57
f69
f71
f8
f99/
n113/
n16
n26/
n27
n38/
n49/
n65
Invalid operation
Null
Null
Invalid operation
Invalid operation
/f136
d10/
d14/
d141
d186
d240/
d249
d251
d283/
d287/
d288/
d3
d39
d44
d45
d52/
d67
d87/
f103
f12/
f121/
f13/
f136
f140
f149
f154
f156
f199
f20/
f206/
f221/
f223/
f224
f232/
f237/
f249
f257/
f259/
f279
f38
f46
f48/
f53
f57
f69
f71
f8
f99/
n104/
n113/
n16
n26/
n27
n38/
n49/
n65
d10/
d14/
d141
d186
d223
d240/
d249
d251
d283/
d287/
d288/
d3
d39
d44
d45
d52/
d67
d87/
f103
f12/
f121/
f13/
f131/
f136
f140
f149
f154
f156
f199
f20/
f206/
f221/
f223/
f224
f232/
f237/
f247
f249
f257/
f259/
f279
f38
f46
f48/
f53
f57
f69
f71
f8
f99/
n104/
n113/
n16
n26/
n27
n38/
n49/
n65
f136:00
d10/
d14/
d141
d186
d223
d240/
d249
d251
d283/
d287/
d288/
d3
d39
d44
d45
d52/
d67
d87/
f103
f12/
f121/
f13/
f131/
f136
f140
f149
f154
f156
f199
f20/
f206/
f221/
f223/
f224
f232/
f237/
f240/
f247
f249
f257/
f259/
f279
f38
f46
f48/
f53
f57
f69
f71
f8
f99/
n104/
n113/
n16
n26/
n27
n38/
n49/
n65
Invalid operation
Invalid operation
d10/
d14/
d141
d186
d223
d240/
d249
d251
d283/
d287/
d288/
d3
d39
d44
d45
d52/
d67
d87/
f103
f12/
f121/
f13/
f131/
f136
f140
f149
f154
f156
f199
f20/
f206/
f221/
f223/
f224
f232/
f237/
f240/
f247
f249
f257/
f259/
f279
f46
f48/
f53
f57
f69
f71
f8
f99/
n104/
n113/
n16
n26/
n27
n38/
n49/
n65
/f136
d10/
d14/
d141
d186
d223
d240/
d249
d251
d283/
d287/
d288/
d3
d39
d44
d45
d52/
d67
d87/
f103
f12/
f121/
f13/
f131/
f136
f140
f149
f154
f156
f199
f20/
f206/
f221/
f223/
f224
f232/
f237/
f240/
f247
f249
f257/
f259/
f279
f46
f48/
f53
f57
f69
f71
f8
f99/
n104/
n113/
n16
n26/
n27
n38/
n49/
n65
Invalid operation
f136:22
f279:17
f38:17
d39:15
f140:15
f149:15
d10/
d14/
d141
d186
d223
d240/
d249
d251
d283/
d287/
d288/
d3
d39
d44
d45
d52/
d67
d87/
f103
f12/
f121/
f13/
f131/
f136
f140
f149
f154
f156
f199
f20/
f206/
f221/
f223/
f224
f232/
f237/
f240/
f247
f249
f257/
f259/
f279
f38
f46
f48/
f53
f57
f69
f71
f8
f99/
n102
n104/
n113/
n26/
n27
n38/
n49/
n65
n38:dir:0
Invalid operation
Invalid operation
Invalid operation
Invalid operation
d10/
d118
d14/
d141
d185/
d186
d223
d240/
d249
d251
d283/
d287/
d288/
d3
d39
d44
d45
d5/
d52/
d67
d87/
f103
f12/
f121/
f13/
f131/
f136
f140
f149
f154
f156
f199
f20/
f206/
f221/
f223/
f224
f232/
f237/
f240/
f247
f249
f257/
f259/
f279
f282
f38
f46
f48/
f53
f57
f69
f71
f8
f99/
n102
n104/
n113/
n26/
n27
n38/
n49/
n65
f136:65 40 BF 23 AF 85
n38:dir:0
/f136
/f136
/f136
Invalid operation
Invalid operation
Invalid operation
f136:2B
Invalid operation
Null
d252/
d257/
f299:978qqvup3yqki84 a
Invalid operation
f299:978qqvup3yqki84 a
d252/
d257/
d283/
d39/
f299
f72
/d185/f299
d252:dir:0
f299:978qqvup3yqki84 a
d252:dir:0
Invalid operation
Invalid operation
d252/
d257/
d283/
d39/
f299
f72
n88/
/d185/f299
d252:dir:0
f299:17
f257:15
f72:0
Invalid operation
f299:17
f257:15
d72:11
f72:0
f299:17
f257:15
d72:11
f20:1
f72:0
Invalid operation
f20:FF
d252:dir:0
/d185/f299
d114
d187/
d192/
f71
Invalid operation
Invalid operation
d114
d187/
d192/
f71
Invalid operation
/d185/d283/f71
/f71
f20:4E
Invalid operation
d114:
Invalid operation
d114
d187/
d192/
d40
d114
d187/
d192/
d40
d114
d187/
d192/
d40
d114
d187/
d192/
d40
d114:0
d40:0
d114:
d114
d187/
d192/
d40
f45/
n60/
Null
Invalid operation
d114
d187/
d192/
d40
f45/
n60/
Invalid operation
d114
d187/
d192/
d264
d40
f45/
n60/
n92
Invalid operation
d114:txt:5
d114
d187/
d192/
d264
d40
d95
f45/
n60/
n92
f299:31
f20:19
n104:12
d72:11
Invalid operation
d252/
d257/
d283/
d39/
d72
f1/
f20
f299
n104
n19/
n88/
d252:dir:0
d252:dir:0
f20:DC 70 F1 3F
d252/
d257/
d283/
d39/
d72
f1/
f20
f299
n104
n19/
n88/
Invalid operation
d252/
d257/
d283/
d39/
d72
f1/
f299
n104
n19/
n88/
Invalid operation
f299:32
n104:12
d72:11
Invalid operation
Invalid operation
Invalid operation
Invalid operation
f299:978qqvup3yqki84 agvkvglcwh _z5xx4rvsh7knydjj6nu
Null
Invalid operation
Null
Null
Invalid operation
d264:F8 40 13 ED 04 2C
d264:09 4E CF
d114
d187/
d192/
d264
d40
d95
f239/
f45/
n60/
n92
d114
d187/
d192/
d264
d40
d95
f239/
f45/
n60/
n92
/d185/d283/d114
d114:txt:16
d252/
d257/
d283/
d39/
d72
f1/
f299
n104
n19/
n88/
f299:978qqvup3yqki84 agvkvglcwh _z5xx4rvsh7knydjj6nu_f_26.pu6gsxo5
Null
Invalid operation
Invalid operation
d252/
d257/
d283/
d39/
d72
d84
f1/
f299
n104
n19/
n88/
/f136
/f136
Invalid operation
d10/
d118
d14/
d141
d185/
d186
d223
d240/
d249
d251
d283/
d287/
d288/
d3
d39
d44
d45
d5/
d52/
d67
d87/
d93/
f103
f12/
f121/
f13/
f131/
f136
f140
f149
f154
f156
f199
f20/
f206/
f221/
f223/
f224
f232/
f237/
f240/
f247
f249
f257/
f259/
f26
f279
f282
f38
f46
f48/
f53
f57
f69
f71
f8
f99/
n102
n104/
n113/
n26/
n27
n38/
n49/
n65
/f136
d222:2cjb8_-2dt9pvb
d222:2cjb8_-2dt9pvb
Invalid operation
Null
d222:2cjb8_-2dt9pvb
/f232/d222
d235:dir:0
d235:dir:0
d222:2cjb8_-2dt9pvbgsex8fmx6 hpx
Invalid operation
f136:00 00 00 A8 AB 40
d222
d235/
d58/
d235:dir:0
d267:tx.v -0_jotjhsl7b58n2s
d267:tx.v -0_jotjhsl7b58n2s
/f232/d267
/f136
d235:dir:0
f136:0A 04 8F
/f232/d58/f133
f133:xf1g6kxgu 1p5v4k
f41:41
/f232/d58/f133
f133
f41
n116/
n68
f133
f41
n116/
n68
f41:00
f133
f41
n116/
n68
f133
f41
n116/
n68
f41:00
n68:85
f133:txt:32
/f232/d58/f133
f133:xf1g6kxgu 1p5v4kxwd90.tc5_vabqkh
Invalid operation
n68:9C 85
Null
f133
f150/
n115/
n116/
n68
f133:txt:32
f133:txt:32
Invalid operation
f133
f150/
n115/
n116/
f133:xf1g6kxgu 1p5v4kxwd90.tc5_vabqkh
f133:xf1g6kxgu 1p5v4kxwd90.tc5_vabqkh
f133
f150/
f295
n115/
n116/
n99/
f133:xf1g6kxgu 1p5v4kxwd90.tc5_vabqkh
f133:32
f295:12
Null
f133:xf1g6kxgu 1p5v4kxwd90.tc5_vabqkh
Invalid operation
f133
f150/
f295
n115/
n116/
n99/
Invalid operation
Invalid operation
f133:32
/f232/d58/f133
f136:72 8B 1A 27 AF DA 59 F1 EC E9 8D EF
Invalid operation
/f136
Invalid operation
Invalid operation
Invalid operation
d235/
d58/
Invalid operation
f133:xf1g6kxgu 1p5v4kxwd90.tc5_vabqkhxx
Invalid operation
Invalid operation
f136:32 7A 85 D6 72 8B 44 D0 AF DA 59 F1 EC E9 8D EF A7 25 6B 05 FB AA E7 38
Invalid operation
Invalid operation
f136:F1 EC E9 8D EF A7 25 6B 05
d186/
d272/
f133
f150/
n115/
n116/
n64
n99/
f176:6
Invalid operation
d50:dir:0
f136:AA E7 38 61 00 00 00 00 00
Invalid operation
d50/
d138/
d50/
d125/
n92/
d125/
n92/
Invalid operation
Invalid operation
/f232/d58/n115/f234
Null
d107/
d186/
d272/
f133
f150/
n115/
n116/
n64
n99/
/f232/d58/f133
d107/
d186/
d228
d272/
f133
f150/
n115/
n116/
n25/
n64
n99/
d107/
d186/
d228
d272/
f133
f150/
n115/
n116/
n25/
n64
n99/
Invalid operation
d235/
d58/
d95/
f298/
Invalid operation
Null
Invalid operation
Invalid operation
/f136
Invalid operation
Invalid operation
f136:A9 4D 42
Invalid operation
f136:00
Invalid operation
/f136
n43:dir:0
Invalid operation
f221:22
d260:8
f13:8
/d5/f221
Invalid operation
Invalid operation
Null
Invalid operation
f221:36
d260:10
f13:8
f221:36
d260:10
f13:8
d216/
d260
f105/
f116/
f13
f221
n43/
/d5/f221
f221:li2cx38_79n80ppa1w.18xmz3 opeax9bwd-x
/d5/f221
d260:A6 92 2A 93 74
d216/
d260
f105/
f116/
f13
f221
f231/
n43/
/d5/f221
n43:dir:0
/d5/f221
d124:9
d124:gyzxrgauh
Invalid operation
d124
f76/
d124:15
Invalid operation
d260:52 09 88
d170/
d260:A3
d124:gyzxrgauhx_2_avj8
Invalid operation
Invalid operation
d107
d170/
d181
d269/
f72/
d170:dir:0
Invalid operation
d260:ED FB
d260:3D C9 ED
d107
d170/
d269/
f198/
f4
f72/
Invalid operation
Invalid operation
Invalid operation
Invalid operation
d260:5A
f4:37
d107:17
Invalid operation
Invalid operation
d260:26 43
d107
d170/
d269/
f4
f72/
f89/
d107
d170/
d269/
f4
f72/
f89/
f4:fvyh3yz8vn7a_uzh8wz.ov -l m8rcjsef-7k
d107
d170/
d269/
f4
f72/
f89/
f4:fvyh3yz8vn7a_uzh8wz.ov -l m8rcjsef-7k
Invalid operation
Null
n86:zqcn2
f140:dir:0
d260:C9 ED FB 60 CB AE 56 01 0B DF 00 00 00
n86:5
n86:5
d260:32
Invalid operation
f4:46
d107:17
d169:1
f4:46
d107:17
d169:1
d107
d169
d170/
d269/
f212
f4
f72/
f89/
Invalid operation
d107
d169
d170/
d269/
f212
f4
f61/
f72/
f89/
n110
n54
Invalid operation
Invalid operation
Invalid operation
Invalid operation
Invalid operation
f76/
f83
f76/
f83
f76/
f83
/d5/f231/f83
Invalid operation
Invalid operation
/d5/f231/f83
/d5/f231/f83
Invalid operation
Invalid operation
f76:dir:0
f271:17
f83:6
Invalid operation
f83:00 5A 95
f271
f76/
f83
n80/
f271
f76/
f83
n80/
f271
f76/
f83
n53/
n80/
f271
f76/
f83
n53/
n80/
f83:5A 95
f271
f76/
f83
d0
d107
d169
d170/
d269/
f101/
f212
f4
f61/
f72/
f89/
n110
f76:dir:0
Invalid operation
/d5/f231/f83
Invalid operation
Invalid operation
Invalid operation
/d5/f231/f83
f87:dir:0
Invalid operation
Invalid operation
Null
d131/
d140/
d74/
f104/
f87/
f104:dir:0
Invalid operation
Invalid operation
Invalid operation
Invalid operation
d131:dir:0
Invalid operation
Invalid operation
Invalid operation
f85/
Invalid operation
d167
d242/
f85/
Invalid operation
d167:7
Null
Invalid operation
d131:dir:0
Invalid operation
Invalid operation
d131:dir:0
d44:dir:0
Invalid operation
/d5/f231/d234/d255
Null
Invalid operation
d44:dir:0
Invalid operation
d129
d129:15
d73:4
d255:00 00 00 00
Invalid operation
d129:1jw11s2m-02hu4ou-sov0dkaph
d129:26
d73:4
Invalid operation
d255:00
Invalid operation
d255:00
Invalid operation
d44/
f261
n20/
Invalid operation
n97:D0 15 AB 7D F7 0D 7D 1E
d217
d97
f19/
f238/
f38
n76
n97
n76:txt:26
d217
d97
f19/
f238/
f38
n76
n97
d217
d97
f19/
f238/
f38
n76
n97
n76:txt:25
Invalid operation
Invalid operation
Invalid operation
Null
d131/
d140/
d196/
d255
f104/
f186
f193
f21
f87/
d255:AC
d131:dir:0
/d5/f231/d234/d196/d113
d113:
d113
d44/
d91
f0/
f40/
n20/
n63
d44:dir:0
d113:
d113:
Invalid operation
d131/
d140/
d196/
f104/
f186
f193
f21
f87/
n66/
f142/
f142/
d167
d242/
f221
f4
f85/
d242/
f128
f17
f221
f85/
n53
Null
Invalid operation
d242/
f128
f17
f232
f85/
n53
Null
Invalid operation
d242/
f128
f17
f232
f255/
f85/
n53
Invalid operation
Invalid operation
f128:bin:11
Null
f236
d242/
f128
f17
f232
f255/
f38/
f85/
n4
n53
n65/
Invalid operation
Invalid operation
Invalid operation
f128:bin:7
f128:00
d242/
d41/
f128
f131
f17
f184/
f232
f250
f255/
f38/
f85/
n4
n53
n65/
Invalid operation
Invalid operation
Invalid operation
n53:10
f128:9
f131:7
f236
f128:89 00
Invalid operation
f53:txt:3
d242/
d41/
f128
f131
f142
f17
f184/
f232
f250
f255/
f38/
f85/
n4
n53
n65/
Invalid operation
n53:txt:10
Null
d75:6
d75
d75
n116
d75:c1bpfv
d75
n116
d75
n116
Invalid operation
Invalid operation
d75:c1bpfv
Invalid operation
d75:22
d75:c1bpfve5j6mpc9bxm1fed4
/d5/f231/d234/d131/f38/d75
d247:AD 2D 4C D9 C3 E7 6A
d247:2D 4C D9 C3 E7 6A
Invalid operation
d45/
d75:23
d247:13
d150:0
n69:0
d75:txt:23
Null
Invalid operation
d259:txt:15
d247:E2 7B E5 E8 8D 69 1D D3 55 F3 60
Invalid operation
d247:13
/d5/f231/d234/d131/f38/d247
Invalid operation
d247:60
/d5/f231/d234/d131/f38/d247
Invalid operation
Invalid operation
d259
d45/
Invalid operation
Null
d247:F3
d45/
n70
/d5/f231/d234/d131/n53
Invalid operation
n53:txt:27
n53:txt:27
f232:00 29 76 4C
f232:40 00 29 76 4C D9 5E
n62:dir:0
f232:5E E5 08
Invalid operation
f232:3E E2
Invalid operation
Invalid operation
d6/
f16
n62/
n68
n86
d6/
f16
n62/
n68
n86
n62:dir:0
f16:ju7_nt892c1__7w
f16:ju7_nt892c1__7w
n62:dir:0
Null
n68:00 00 00 81 E6
n68:81 E6
Invalid operation
f16:ju7_nt892c1__7wx
d6/
f16
n62/
n68
n79
n86
d62/
d86
Invalid operation
Invalid operation
Invalid operation
Invalid operation
Invalid operation
Null
f16:ju7_nt892c1__7wx
/d5/f231/d234/d131/d97/n97/f16
n62:dir:0
Invalid operation
f16:ju7_nt892c1__7wxm9nl0o_995t
f16:ju7_nt892c1__7wxm9nl0o_995t
f16:ju7_nt892c1__7wxm9nl0o_995t
d6/
f13
f16
f226/
n27/
n62/
n68
n79
n86
f16:ju7_nt892c1__7wxm9nl0o_995t
/d5/f231/d234/d131/d97/n97/f16
f16:ju7_nt892c1__7wxm9nl0o_995t
f16:27
n68:19
n79:16
f13:9
Invalid operation
n68:EF 87 00
Null
f16:28
n68:19
n79:16
n62:dir:0
f16:28
n68:42 F7 EA 00
Invalid operation
n68:62 EF 87 00
Invalid operation
n68:22 42
/d5/f231/d234/d131/d97/n97/f16
n30/
n30/
Invalid operation
Invalid operation
n68:00 00 A4 FC 29 22 42 F7
n5:ugb-9nty7tennu
n5:14
d34:13
Invalid operation
d34:3r3e011f-keb8
n68:00 00 71 D6 36 BB EF 87 00 00 A4 FC 29 22 42
d34:3r3e011f-keb8
d22
d34
f152
f67
n30/
n36/
n5
n68:00 71 D6 36 BB EF 87 00
Invalid operation
d22
d269
f152
n30/
n36/
n5
d6/
f13
f16
f226/
n27/
n62/
n68
n79
n86
d6/
f13
f16
f226/
n27/
n62/
n68
n79
n86
n62:dir:0
f16:28
n62:dir:0
Invalid operation
n62:dir:0
n62:dir:0
d6/
f13
f16
f226/
n27/
n62/
n68
n79
n86
n68:00 00 00 00 71 D6 36 BB EF 87 00 00 A4 FC 29 22
d76
Invalid operation
d76:bin:0
Invalid operation
Invalid operation
/d5/f231/d234/d131/d97/n97/f226/d76
Invalid operation
d199/
d76
f204/
d199/
d76
f204/
d199/
d227/
d76
f204/
Invalid operation
Null
Invalid operation
Invalid operation
/d5/f231/d234/d131/d97/n97/f226/d76
Invalid operation
Invalid operation
Invalid operation
d199/
d227/
d76
d77
f204/
d76:10
d77:5
f58:0
Invalid operation
n62:dir:0
Invalid operation
Invalid operation
d254/
f131
Invalid operation
Invalid operation
n27
Null
f27
Null
f131:bin:6
d132
d254/
f131
n76/
Invalid operation
Invalid operation
n54/
Invalid operation
n54:dir:0
f194:
d37/
f194
f66
n54/
Invalid operation
f194:
d37/
f194
f66
n54/
Invalid operation
f131:49 CF
f66:8m7wsfmylm2l
/d5/f231/d234/d131/f142
Invalid operation
d207
d292
d37/
f230
f66
n54/
f66:md:12
d207
d292
d37/
f230
f66
n54/
Invalid operation
f66:12
f230:6
d292:3
d207:1
/d5/f231/d234/d131/d97/n97/n62/d254/f66
Null
d132
d254/
f131
n76/
Invalid operation
Null
Invalid operation
Invalid operation
/d5/f231/d234/d131/d97/n97/n62/d132
n68:63
n68:75
/d5/f231/d234/d131/d97/n97/n62/d132
d132:63i4j_zvtr8op o49vz_i.
n68:00 A4 FC 29 D9 29
d254:dir:0
d132:63i4j_zvtr8op o49vz_i.
/d5/f231/d234/d131/d97/n97/n62/d132
n68:00 A4
f178:
n97:dir:0
f178:x
f232:76 4C D9 5E E5 08
n5:ugb-9nty7tennu
n68:A4 FC
Invalid operation
d199/
d227/
d76
d77
f204/
f16:ju7_nt892c1__7wxm9nl0o_995tx
d76:2A A4 66
d76:A4 66
d199/
d227/
d76
d77
f204/
f67
/d5/f231/d234/d131/d97/n97/f226/d76
Invalid operation
Null
d199/
d227/
d76
d77
f204/
f67
d76:bin:10
Invalid operation
d173
d183
d199/
d227/
d61
d76
d77
f204/
d173
d183
d199/
d227/
d61
d76
d77
f204/
d76:bin:10
Null
f16:ju7_nt892c1__7wxm9nl0o_995tx
f16:28
n68:23
d226:17
n79:16
n62:dir:0
d125
d226
d6/
d89
f13
f16
f226/
n27/
n42/
n62/
n68
n79
n86
f16:ju7_nt892c1__7wxm9nl0o_995tx
d125
d226
d6/
d89
f13
f16
f226/
n27/
n42/
n62/
n68
n79
n86
Invalid operation
n68:00 00 CE DD 75 D6 36 BB 7B 31
/d5/f231/f271
Invalid operation
d125
d226
d6/
d89
f13
f16
f169
f226/
n27/
n42/
n62/
n68
n79
n86
d125
d226
d6/
d89
f13
f152
f16
f169
f226/
n27/
n42/
n62/
n68
n79
n82/
n86
Invalid operation
f263:dir:0
d113/
f263/
Invalid operation
Invalid operation
d113/
f263/
n68:62 0F F6 29 CA 18 CC
Invalid operation
n68:36 C7
/d5/f231/d234/d131/d97/n97/n62/n45/f122
n68:29 CA 18 CC 16 57 A8 36 C7 00
d113/
f122
f263/
f122:zrx
/d5/f231/d234/d131/d97/n97/n62/n45/f122
Invalid operation
Invalid operation
/d5/f231/d234/d131/d97/n97/n62/n45/f122
/d5/f231/d234/d131/d97/n97/n62/n45/f122
/d5/f231/d234/d131/d97/n97/n62/n45/f122
n68:18 CC
n68:A3 5F 62 0F F6 29 CA
f272:7C
d237:bin:13
d148
d237
f49
f263:dir:0
n68:00
f122:zr
d113/
f122
f263/
Invalid operation
f122:2
d113/
f122
f263/
d107:16
f122:2
n68:45 3C 7B
f122:md:2
f122:zr
Invalid operation
Invalid operation
f122:zr
d132
d161/
d191
d254/
f150
f161/
n112
n45/
n76/
Invalid operation
Invalid operation
d132:63i4j_zvtr8op o49vz_i.cbahyu37qpzne
d180/
d207
d292
d37/
f230
n33/
n54/
f230:6
d292:3
d207:1
f230:.c_ips
d180/
d207
d37/
f230
n33/
n54/
Invalid operation
f230:.c_ips
/d5/f231/d234/d131/d97/n97/n62/d254/f230
d180/
d207
d34
d37/
f230
n33/
n54/
d34:7
f276:7
f230:6
f275:1
d180/
d207
d34
d37/
f230
f275
f276
n33/
n54/
d34:1B 00 4A
Invalid operation
d180/
d34
d37/
f225
f230
f275
f276
n33/
n54/
Null
f230:.c_ipsug 305omlt 
d180/
d34
d37/
f225
f230
f275
f276
n33/
n54/
Invalid operation
Invalid operation
f230:.c_ipsug 305omlt 
d25/
d25/
d34:00 00 00 00 00 0A 7F 00 B0 0F 9F 64 8E
d34:60 1B 00 4A 0C 00 00 00 00 00 0A 7F
Null
d34:00 4A 0C 00 00
d25:dir:0
d34:0A 7F 00 B0 0F 9F
d34:0A
d25/
d25:dir:0
d25/
d25:dir:0
Invalid operation
f278:BB
Invalid operation
Invalid operation
Invalid operation
d25:dir:0
f278:00
Invalid operation
f213:txt:11
d18/
f213
f213:txt:11
/d5/f231/d234/d131/d97/n97/n62/d254/d180/d78/f213
/d5/f231/d234/d131/d97/n97/n62/d254/d180/d78/f213
f213:txt:11
d15/
d18/
d211/
f213
f278:83 F5 71 55 9D
d15/
d18/
d211/
f213
Invalid operation
Invalid operation
Invalid operation
f213:txt:12
f278:83 F5 38 4F 0C 41 5D
/d5/f231/d234/d131/d97/n97/n62/d254/d180/d78/f213
f213:qawq60jqmajxx
Invalid operation
f278:56
/d5/f231/d234/d131/d97/n97/n62/d254/d180/d78/f213
f213:qawq60jqmajxx
Invalid operation
f152
f168
f265
Invalid operation
/d5/f231/d234/d131/d97/n97/n62/d254/d180/d78/d18/f265
Invalid operation
Invalid operation
d161/
d193/
f133/
f152
f265
n99
Invalid operation
f152:14
n99:10
d81:7
f265:5
d81:8E 02
/d5/f231/d234/d131/d97/n97/n62/d254/d180/d78/d18/f265
/d5/f231/d234/d131/d97/n97/n62/d254/d180/d78/d18/f265
d161/
d193/
d81
d98
f133/
f152
f265
n99
d161/
d193/
d81
d98
f102/
f133/
f152
f265
n99
d103
d108
d113/
d15/
d18/
d211/
d91
d93
f213
f278:00
f278:F0 C1
d103
d108
d113/
d15/
d18/
d211/
d221
d260
f107
f213
n41
d103
d108
d113/
d15/
d18/
d211/
d221
d260
f107
f213
n41
Invalid operation
f278:7B 56
d103
d108
d113/
d15/
d18/
d211/
d221
d260
d92
f107
f213
f285
n41
d103
d108
d113/
d15/
d18/
d211/
d221
d260
d92
f107
f213
f285
f96
n41
f278:68 20 A3 D1 58 F0 C1 CB 00 00 00 7B 56
Invalid operation
d103
d108
d113/
d15/
d18/
d211/
d221
d260
f107
f11
f213
f285
f96
n41
Invalid operation
Null
d103
d108
d113/
d15/
d150
d18/
d211/
d221
d260
f107
f213
f285
f96
n41
d18:dir:0
Invalid operation
f230:md:27
f230:.c_ipsug 305omlt _cjh65jeu uev5jdei
/d5/f231/d234/d131/d97/n97/n62/d254/f230
f225:59
f230:md:35
f225:BC 54
/d5/f231/d234/d131/d97/f138
d180/
d229
d244
d37/
f13/
f138/
f225
f265
f275
n33/
n48/
n54/
n90
d180:dir:0
d180/
d186
d229
d244
d37/
f13/
f138/
f225
f230
f265
f275
n33/
n48/
n54/
n90
/d5/f231/d234/d131/d97/n97/n62/d254/f275
f275:.
f225:00 00 0B BF 39
f112:dir:0
Invalid operation
Invalid operation
/d5/f231/d234/d131/d97/n97/n62/d254/f275
Invalid operation
/d5/f231/d234/d131/d97/n97/n62/d254/d133/d31
f158:dir:0
d31
d66/
f112/
f158/
n45/
Invalid operation
Invalid operation
Invalid operation
f225:06 C6 BC 54 59 30
f225:17 E8 49 67 59 7E D7
d180:dir:0
d133/
d180/
d186
d229
d244
d37/
f13/
f138/
f225
f242
f265
f275
n33/
n48/
n54/
n90
Invalid operation
f278:20
f150:11
d205:0
/d5/f231/d234/d131/d97/n97/n79
f278:bin:20
Invalid operation
d205
d25/
d78/
f150
f161/
f200/
f278
Invalid operation
d205:
Invalid operation
Invalid operation
f165
f17/
f17:dir:0
d97
f135
f165
f17/
Invalid operation
f17:dir:0
f135:qhflcyecalxswa
d101:dir:0
f135:qhflcyecalxswa
Invalid operation
d97:2
d97
f17/
d97:.s
f225:27
f265:14
d133/
d172
d180/
d186
d229
d244
d37/
f13/
f138/
f146/
f187
f225
f242
f265
f275
n115
n33/
n48/
n54/
n90
d133/
d172
d180/
d186
d229
d244
d37/
f13/
f138/
f146/
f187
f225
f242
f265
f275
f83/
n115
n33/
n48/
n54/
n90
Invalid operation
Invalid operation
f275:.6gfbbk_b1c
Invalid operation
Invalid operation
f275:.6gfbbk_b1c
f275:.6gfbbk_b1c
d133/
d172
d180/
d186
d229
d244
d37/
f13/
f138/
f146/
f187
f225
f242
f265
f275
f83/
n115
n33/
n48/
n54/
n90
d133/
d172
d180/
d186
d229
d244
d37/
f13/
f138/
f146/
f187
f225
f242
f265
f275
f83/
n115
n33/
n48/
n54/
n90
d133/
d172
d180/
d186
d229
d244
d37/
f13/
f138/
f146/
f187
f225
f242
f265
f83/
n115
n33/
n48/
n54/
n90
Invalid operation
Invalid operation
Invalid operation
Invalid operation
Invalid operation
/d5/f231/d234/d131/d97/n97/n62/d254/f225
/d39
Invalid operation
Invalid operation
Invalid operation
f225:FF
d180:dir:0
f225:9D 7A 00
Invalid operation
Null
Invalid operation
Invalid operation
Invalid operation
Null
d133/
d180/
d186
d221
d244
d37/
f105
f13/
f138/
f146/
f187
f223
f225
f242
f265
f275
f83/
f84
n115
n33/
n48/
n54/
n56
n90
Invalid operation
f225:60 E4 12 37 A5 A9 0D 86 1C
n68:CE DD 5F 8B 45 3C 7B A3 5F 62 0F F6 29 CA 18
Invalid operation
/d5/f231/d234/d131/d97/n97/n62/d254/f225
d180:dir:0
Invalid operation
d133/
d141/
d180/
d186
d221
d244
d37/
f105
f13/
f138/
f146/
f187
f214/
f223
f225
f242
f265
f275
f83/
f84
n115
n33/
n48/
n54/
n56
n90
/d5/f231/d234/d131/d97/n97/n62/d254/f225
/d5/f231/d234/d131/d97/n97/n62/d254/f225
/d5/f231/d234/d131/d97/n97/n62/d161/d46
Invalid operation
Invalid operation
d125
d226
d6/
d89
f13
f152
f16
f169
f202
f226/
f53
n27/
n42/
n62/
n68
n79
n82/
n86
n68:18 CC
Null
d100
d124
d125
d226
d6/
d89
f13
f152
f16
f169
f202
f226/
f264/
f53
n11
n27/
n42/
n62/
n68
n79
n82/
n86
n96/
f149:15
f178:10
f138:9
n111:6
d124/
d135/
f138
f149
f178
f257/
n111
n20/
n97/
n97:dir:0
/d5/f231/d234/d131/d97/f178
d124/
d135/
f138
f149
f178
f257/
n111
n97/
f178:xxr_x3h72o
d124/
d135/
f138
f149
f178
f257/
n111
n97/
f178:xxr_x3h72o
Invalid operation
f232:08
n32:
f232:A0 04 8C 4E 9B D9 5E E5 08
n32
n34
Invalid operation
Invalid operation
n32:
n32
f232:08 00 00 00 00
f232:9B D9 5E E5 08 00 00 00 00 00 00 00 00 00
n32:md:1
/d5/f231/d234/d131/d97/f257/n32
/d5/f231/n32
f247/
n32
n32:md:1
n32:1
d124/
d135/
f138
f149
f178
f257/
n111
n97/
n97:dir:0
d124/
d135/
f138
f149
f178
f257/
n111
n97/
Invalid operation
Invalid operation
d124/
d135/
d52
f138
f149
f178
f257/
n111
n97/
f149:15
f178:12
d52:11
f138:9
n111:6
Invalid operation
Invalid operation
/d5/f231/d234/d131/n53
Invalid operation
Invalid operation
d176/
d247
d89/
d247:bin:11
Invalid operation
/d5/f231/d234/d131/f38/d247
d247:5C 6A 66
Invalid operation
Invalid operation
d10/
d176/
d247
d89/
n14
Invalid operation
d247:9D D7 5C
/d5/f231/d234/d131/f38/d247
Invalid operation
d45/
n70
/d5/f231/d234/d131/f38/d247
Invalid operation
d10/
d166/
d176/
d247
d269/
d89/
n14
d247:7B 9D D7 5C
Invalid operation
d10/
d166/
d176/
d247
d269/
d299
d89/
f194/
f36
n14
n37/
d247:7B 9D D7
d247:bin:8
f232:34 51 E8 8A
f232:33
n53:27
n33:11
f131:7
d203:5
Invalid operation
f186:ss.8bc
d131/
d140/
d196/
f104/
f158
f186
f193
f21
f70
f87/
n66/
d113:
Invalid operation
f193:7
d131/
d140/
d160
d196/
f104/
f158
f186
f193
f21
f222
f70
f87/
n66/
f222:17
d160:15
f193:7
f186:6
f21:3
f158:0
f70:0
d131:dir:0
f85
n119
f21:00
f85
n119
f21:3F 00 00
Invalid operation
/d5/f231/d234/f186
f21:3F 00 00
f68/
f78/
n77/
Invalid operation
f68/
f78/
n77/
Invalid operation
f78:dir:0
/d5/f231/d234/f186
f78:dir:0
f21:00 F8 95 B5 77 00 00
Invalid operation
f186:ss.8bc38orstxev.kk arp xt7hovimx
/d5/f231/d234/f186
Invalid operation
Null
Invalid operation
/d5/f231/d234/d287/d16
Null
d131:dir:0
f186:ss.8bc38orstxev.kk arp xt7hovimx r
f21:00 00 00 2E 8C
f186:34
f222:17
d131/
d140/
d196/
d213
d287/
d42
d6
f104/
f153
f158
f186
f193
f21
f222
f232/
f70
f87/
n66/
Invalid operation
d234/
f110
f259
f271
f76/
f83
n32
n37
f83:21
f271:17
n37:10
f110:2
f259:0
n32:0
Invalid operation
f76:dir:0
Invalid operation
Invalid operation
f83:57
Invalid operation
/d5/f231/d234/f186
/d5/f231/d234/f186
d131/
d140/
d196/
d213
d287/
d42
d6
f104/
f153
f158
f186
f193
f21
f222
f232/
f281
f70
f87/
n100/
n101
n66/
n91
d131/
d140/
d196/
d213
d287/
d42
d6
f104/
f153
f158
f186
f193
f21
f222
f232/
f281
f70
f87/
n100/
n101
n66/
n91
f186:42
f21:21
f222:17
f281:17
n91:10
f193:7
d131/
d140/
d196/
d213
d241
d287/
d42
d6
f104/
f153
f158
f186
f193
f21
f222
f232/
f281
f70
f87/
n100/
n101
n24/
n66/
n91
d131/
d140/
d196/
d213
d241
d287/
d42
d6
f104/
f153
f158
f186
f193
f21
f222
f232/
f281
f70
f87/
n100/
n101
n24/
n66/
n91
f186:ss.8bc38orstxev.kk arp xt7hovimx r24hnnrixijpcgryh1m9t
f21:95 B5 77 00 00 00 2E 8C 9D
d131:dir:0
/d5/f231/d234/f186
Invalid operation
Invalid operation
/d5/f231/d234/d42
d131/
d140/
d18/
d196/
d213
d241
d287/
d42
d6
f104/
f153
f158
f186
f193
f21
f222
f232/
f281
f70
f87/
n100/
n101
n24/
n66/
n91
d131:dir:0
Null
f68:dir:0
d16:x4f9
/d5/f231/d234/d287/d16
d86:x
d136/
d275
d86
f106
f68/
f78/
n16/
n77/
f21:27 7F
d136:txt:16
d136
d149/
f184/
f263
/d5/f231/d234/d287/f68/d136
d136:vs7x-t0ocr97-ch0
Invalid operation
f169:bin:4
Invalid operation
/d5/f231/d234/d287/f68/d149/f169
f169:bin:4
Invalid operation
Invalid operation
/d5/f231/d234/d287/f68/d149/f169
Invalid operation
Invalid operation
/d5/f231/d234/d287/f68/d149/f169
Invalid operation
d134/
d171/
f169
Invalid operation
Invalid operation
Invalid operation
Invalid operation
d117
/d5/f231/d234/d287/f68/d149/d171/f232/d230
Invalid operation
Invalid operation
Invalid operation
Invalid operation
Invalid operation
d230:12
Invalid operation
Invalid operation
Invalid operation
d117:9
n73:9
n113:3
Invalid operation
d117:9
n73:9
n113:3
d9:0
Invalid operation
Invalid operation
Invalid operation
Invalid operation
Invalid operation
/f46
d136:vs7x-t0ocr97-ch0
d136
d149/
d241
f184/
f263
n30/
Invalid operation
d136
d149/
d241
d273/
f184/
f263
n30/
n51
d136
d149/
d241
d273/
f184/
f263
n30/
n51
d136
d149/
d241
d273/
f184/
f198
f263
n30/
n51
Invalid operation
n51:gvycz.pmmjxni0uz x
n51:gvycz.pmmjxni0uz x
n51:gvycz.pmmjxni0uz x
n51:18
d136:16
/d5/f231/d234/d287/f68/n51
n51:18
d136:16
d217:12
d241:0
f198:0
f263:0
d136
d149/
d217
d241
d273/
f184/
f198
f263
n30/
n51
n96
Invalid operation
Invalid operation
Invalid operation
Invalid operation
d136
d149/
d217
d241
d273/
d46/
f184/
f198
f263
f41
f72
n30/
n96
Invalid operation
d136
d149/
d217
d241
d273/
d46/
f184/
f198
f263
f41
f72
n30/
n96
d136:16
d217:12
n96:3
f41:2
f72:2
d241:0
f198:0
Invalid operation
Invalid operation
Invalid operation
Invalid operation
Null
Invalid operation
Null
Invalid operation
Invalid operation
d136/
d275
d86
f106
f68/
f75
f78/
n16/
n77/
Invalid operation
f279:mh8xvoli1 ixlag5w
Invalid operation
d171:dir:0
Null
Invalid operation
Invalid operation
Invalid operation
Invalid operation
Invalid operation
Invalid operation
Invalid operation
Invalid operation
d136/
d171/
d250
d275
d62
d86
f106
f68/
f75
f78/
n16/
n77/
f106:11
d250:5
d86:1
d275:0
f239
f239
f239:21
f239:21
/d5/f231/d234/d287/d54/f239
Invalid operation
/d5/f231/d234/d287/d54/f239
Invalid operation
f239:bin:1
Invalid operation
Invalid operation
f239:21
f239:21
f239:bin:3
f239:bin:3
d293/
d293/
Invalid operation
Invalid operation
f239:21 00
Invalid operation
d155:6
f274:6
Invalid operation
d155:F2 1A DA 36 00
d25:dir:0
Null
Invalid operation
Invalid operation
Invalid operation
Invalid operation
Invalid operation
Invalid operation
Invalid operation
Invalid operation
Invalid operation
Null
Invalid operation
Invalid operation
Invalid operation
Invalid operation
Invalid operation
Invalid operation
Invalid operation
f106:11
d250:5
d86:1
d275:0
f75:0
Invalid operation
Invalid operation
Invalid operation
Null
f106:11
d250:5
d86:1
d275:0
Invalid operation
Invalid operation
Invalid operation
Invalid operation
Invalid operation
Invalid operation
Invalid operation
Invalid operation
Invalid operation
Invalid operation
Null
Invalid operation
Invalid operation
Invalid operation
d8
f176
f232/
Invalid operation
Invalid operation
d8
f176
f232/
Invalid operation
Invalid operation
Invalid operation
Invalid operation
Invalid operation
Invalid operation
Invalid operation
Invalid operation
Invalid operation
f106:11
Invalid operation
Invalid operation
d136/
d171/
d250
d275
d54/
d86
f106
f148
f68/
f75
f78/
f93/
n16/
n77/
d171:dir:0
Invalid operation
Invalid operation
Invalid operation
Invalid operation
Invalid operation
Invalid operation
f176
f232/
f54/
f65/
Invalid operation
Invalid operation
Invalid operation
Invalid operation
Invalid operation
Invalid operation
Invalid operation
Invalid operation
Invalid operation
Invalid operation
Invalid operation
Invalid operation
Invalid operation
Invalid operation
Invalid operation
Null
Invalid operation
f82/
f82/
Invalid operation
d207/
f82/
d28:
Invalid operation
d110/
Invalid operation
Invalid operation
Invalid operation
d110:dir:0
Invalid operation
d110/
Invalid operation
Invalid operation
Invalid operation
Invalid operation
Invalid operation
d228
n117
Invalid operation
n117:txt:2
n117
Invalid operation
d110/
d66/
f212
Invalid operation
d66:dir:0
Invalid operation
Invalid operation
Invalid operation
f212:5.
/d5/f231/d234/d287/d171/f54/d145/d66/n117
d110/
d66/
f126/
d110/
d66/
f126/
Invalid operation
d110/
d66/
f126/
Invalid operation
Invalid operation
Invalid operation
d110/
d176/
d66/
f126/
Invalid operation
Null
Invalid operation
Invalid operation
Invalid operation
Null
d110/
d176/
d66/
f126/
d110/
d176/
d66/
f126/
Invalid operation
d110/
d176/
d66/
f126/
Invalid operation
Invalid operation
Invalid operation
/d5/f231/d234/d287/d171/f54/d145/d68
Invalid operation
d68:
Invalid operation
d68:8y9d.x423qzkf9u9.
Invalid operation
Invalid operation
f20
f232/
f54/
f65/
n97
f20
f232/
f54/
f65/
n97
Invalid operation
Invalid operation
Invalid operation
/d5/f231/d234/d287/d171/d175
d175
d255
f20
f232/
f54/
f65/
n97
Invalid operation
d255:w8.1e-qp blwn2q2
d255
f20
f232/
f54/
f65/
f8
n97
Null
Null
d255
f20
f232/
f54/
f65/
f8
n97
Invalid operation
Invalid operation
d136/
d171/
d275
d50
d54/
d86
f106
f68/
f75
f78/
f93/
n16/
n77/
Invalid operation
d136/
d171/
d275
d50
d54/
d86
f106
f68/
f75
f78/
f93/
n16/
n77/
Invalid operation
d136/
d171/
d275
d50
d54/
d86
f106
f68/
f75
f78/
f93/
n16/
n77/
Invalid operation
Null
Invalid operation
Null
Invalid operation
d131/
d140/
d179
d18/
d196/
d213
d241
d287/
d42
d6
f104/
f153
f158
f186
f193
f21
f222
f232/
f281
f70
f87/
n100/
n101
n24/
n66/
n91
Invalid operation
Invalid operation
Null
Invalid operation
d131/
d140/
d175/
d179
d18/
d196/
d213
d227
d241
d287/
d42
d6
f104/
f153
f158
f17
f186
f193
f21
f222
f232/
f234/
f281
f70
f87/
n100/
n101
n103
n24/
n66/
n91
Invalid operation
d131/
d140/
d175/
d179
d18/
d196/
d213
d227
d241
d287/
d42
d6
f104/
f153
f158
f186
f193
f21
f222
f232/
f234/
f281
f70
f87/
n100/
n101
n103
n24/
n66/
n91
Invalid operation
d131/
d140/
d175/
d179
d18/
d196/
d213
d227
d241
d287/
d42
d6
f104/
f153
f158
f186
f193
f21
f222
f232/
f234/
f281
f70
f87/
n100/
n101
n103
n24/
n66/
n91
Invalid operation
Invalid operation
Invalid operation
Invalid operation
Invalid operation
Invalid operation
Invalid operation
d106/
d131/
d140/
d175/
d179
d18/
d196/
d213
d227
d241
d287/
d42
d6
f104/
f153
f158
f186
f188
f193
f21
f222
f232/
f234/
f281
f70
f87/
n100/
n101
n103
n24/
n66/
n91
Invalid operation
Invalid operation
Invalid operation
Invalid operation
Null
Null
Invalid operation
Invalid operation
Invalid operation
Invalid operation
Invalid operation
Invalid operation
Invalid operation
Null
f186:55
f21:34
f222:17
f281:17
n91:10
d179:8
f193:7
n101:6
d106/
d131/
d140/
d175/
d179
d18/
d196/
d213
d227
d241
d287/
d42
d6
f104/
f130/
f147
f153
f158
f186
f188
f193
f21
f222
f232/
f234/
f281
f70
f87/
n100/
n101
n103
n24/
n66/
n91
Invalid operation
Invalid operation
Invalid operation
Invalid operation
Invalid operation
d106/
d131/
d140/
d175/
d179
d18/
d196/
d213
d216
d227
d241
d287/
d42
d6
f104/
f147
f153
f158
f186
f188
f193
f21
f222
f230
f232/
f234/
f273/
f281
f70
f86/
f87/
n100/
n101
n103
n24/
n66/
n91
Invalid operation
d106/
d131/
d140/
d175/
d179
d18/
d196/
d213
d216
d227
d241
d287/
d42
d6
f104/
f147
f153
f158
f186
f188
f193
f21
f222
f230
f232/
f234/
f273/
f281
f70
f86/
f87/
n100/
n101
n103
n24/
n66/
n91
Invalid operation
f186:55
f21:34
f222:17
f281:17
f188:10
Invalid operation
Null
Invalid operation
d106/
d131/
d140/
d175/
d179
d18/
d196/
d213
d216
d227
d241
d287/
d42
d6
f104/
f147
f153
f158
f186
f188
f193
f205
f21
f222
f230
f232/
f234/
f273/
f281
f70
f86/
f87/
n100/
n101
n103
n11
n24/
n66/
n91
Null
Null
f188:D8
Invalid operation
Invalid operation
Invalid operation
d106/
d131/
d140/
d175/
d179
d18/
d181
d196/
d20
d213
d216
d227
d241
d287/
d42
d6
f104/
f147
f153
f158
f186
f188
f193
f21
f222
f230
f232/
f234/
f273/
f281
f70
f86/
f87/
n100/
n101
n103
n11
n24/
n66/
n91
d237:md:0
d237:md:0
Invalid operation
d106/
d131/
d139
d140/
d175/
d179
d18/
d181
d196/
d213
d216
d227
d237
d241
d256
d287/
d288
d42
d6
f104/
f147
f153
f158
f186
f188
f193
f21
f222
f230
f232/
f234/
f262
f273/
f281
f70
f86/
f87/
n100/
n101
n103
n109
n11
n24/
n66/
n91
d234/
f110
f259
f271
f76/
f83
n32
n37
d288:txt:0
Null
Null
Invalid operation
Invalid operation
f188:00 00
Invalid operation
d288:txt:17
d103
d106/
d131/
d140/
d150/
d164/
d175/
d179
d18/
d181
d196/
d213
d216
d227
d237
d241
d256
d287/
d288
d42
d6
f104/
f147
f153
f158
f186
f188
f193
f21
f222
f230
f232/
f234/
f262
f273/
f281
f70
f86/
f87/
n100/
n101
n103
n109
n11
n24/
n29
n66/
n91
Invalid operation
Invalid operation
Null
Invalid operation
Invalid operation
Invalid operation
Invalid operation
Invalid operation
Invalid operation
Invalid operation
Invalid operation
Invalid operation
Invalid operation
Invalid operation
Invalid operation
d216/
d260
d62
f105/
f116/
f13
f221
f231/
n43/
Invalid operation
Invalid operation
Invalid operation
d216/
d260
d62
f105/
f116/
f13
f221
f231/
n43/
d216/
d260
d62
f105/
f116/
f13
f221
f231/
n43/
n66/
d216/
d260
d62
f105/
f116/
f13
f221
f231/
n43/
n66/
Invalid operation
Invalid operation
f221:52
d260:20
f13:8
d62:6
Invalid operation
Invalid operation
f221:52
d260:20
f13:8
Null
Invalid operation
d216/
d260
d273
d49/
d62
f105/
f116/
f13
f221
f231/
n43/
n53/
n72/
Invalid operation
f221:52
f221:52
d260:20
f13:8
d62:6
Invalid operation
Invalid operation
d49:dir:0
Invalid operation
Null
Null
Invalid operation
d49:dir:0
Invalid operation
Null
Invalid operation
Invalid operation
Invalid operation
Invalid operation
d49:dir:0
Null
Invalid operation
Invalid operation
Invalid operation
Invalid operation
Invalid operation
/d5/d87
d49:dir:0
d87:A1
Null
/d5/d87
d87:7F 00 00 A1 28
Invalid operation
d117
d192
d216/
d236/
d260
d49/
d62
d79/
d87
f105/
f116/
f13
f221
f231/
f27
f83/
n43/
n53/
n68/
n72/
d49:dir:0
Invalid operation
Invalid operation
Invalid operation
Invalid operation
Invalid operation
d2
f202/
d2
f202/
d2:txt:0
Null
d87:52 7B 89
Invalid operation
d117
d192
d216/
d236/
d260
d49/
d62
d79/
d87
f105/
f116/
f13
f221
f231/
f27
f68
f83/
n43/
n46
n53/
n68/
n72/
Invalid operation
d49:dir:0
d117
d192
d216/
d236/
d260
d294/
d49/
d62
d79/
d87
f105/
f116/
f13
f221
f231/
f27
f68
f83/
n35/
n43/
n53/
n68/
n72/
Invalid operation
/d5/d87
Invalid operation
d2:
d87:89
d2:txt:0
d117
d192
d216/
d236/
d260
d294/
d49/
d62
d79/
d87
f105/
f116/
f13
f221
f231/
f234
f27
f68
f83/
n35/
n43/
n53/
n68/
n72/
d2:txt:0
d87:7F 00 00 A1 28 9E 52
f13:12
f13:txt:13
Invalid operation
d87:29 09
Null
f13:1l4619tbx3npx
Invalid operation
Invalid operation
Invalid operation
d60
f80/
/d5/d236/d293/n8/d60
d60:bin:0
Invalid operation
d60:bin:5
d60:00 00
n88:4
d60:2
d238:0
f222:0
Null
d60:bin:4
d2:3ydbo2r02hwm
d2
d24
d279/
d293/
d30
f136
f147
f202/
f75
n51/
n62
d87:B3 2F 2F CC C9 0C F1 95 F5 52
d2:txt:12
Invalid operation
d87:93
d2
d233/
d235/
d24
d279/
d293/
d30
f136
f147
f202/
f75
n51/
n62
d87:84
Null
Invalid operation
f13:txt:13
Invalid operation
Invalid operation
Invalid operation
Invalid operation
Invalid operation
d87:B3 2F 2F CC
f13:1l4619tbx3npx
f197:17
d158
d211
d252
d32
f10/
f197
n8/
d211:5m6_2ya346uk0bh
n8:dir:0
Invalid operation
d158
d211
d252
d32
f10/
f197
n8/
f13:17
/d5/d236/d293/d211
/d5/d236/d293/d211
/d5/d236/d293/d211
d119
d158
d211
d252
d32
f10/
f12/
f197
n8/
d211:5m6_2ya346uk0bh
d211:5m6_2ya346uk0bhji973
n8:dir:0
d119
d148
d158
d211
d252
d32
d51
f10/
f12/
f197
n8/
n92
d119
d158
d211
d252
d32
d51
f10/
f12/
f197
n8/
n92
Invalid operation
Null
d211:20
f197:17
d158:9
d119
d158
d211
d252
d32
d51
f10/
f12/
f197
n8/
n92
d2
d233/
d235/
d24
d279/
d293/
d30
f136
f144/
f147
f192/
f202/
f283
n51/
n62
Invalid operation
d87:2F 2F CC C9 0C
d211:5m6_2ya346uk0bhji973
d119
d158
d211
d252
d32
d51
f10/
f12/
f197
n8/
n92
d87:CC C9 0C F1
d119
d158
d211
d252
d32
d51
f10/
f12/
f197
n8/
n92
f209/
f209/
d87:8E F0 BD
d87:38 8E F0 BD
Invalid operation
/d5/d236/d293/f10/f175
Invalid operation
Invalid operation
/d5/d236/d293/d211
d95:12
n8:dir:0
d211:5m6_2ya346uk0bhji9730.djqglc3 axj6a3vg0v
d95:74 28 04
d119
d158
d252
d32
d51
d95
f10/
f12/
f197
n8/
n92
d119
d158
d252
d32
d51
d95
f10/
f12/
f197
n8/
n92
Invalid operation
d119
d158
d252
d32
d51
d95
f10/
f12/
f197
n8/
n92
d95:74 28 04
n8:dir:0
Null
/d5/d236/d293/d32
Invalid operation
/d5/d236/d293/d32
Invalid operation
d2:3ydbo2r02hwm
Invalid operation
d2:3ydbo2r02hwm
d119
d132/
d158
d252
d273/
d288
d32
d51
d6
d88/
d92/
d95
f10/
f106/
f12/
f197
f244/
f25
f80/
n8/
n92
Invalid operation
/d5/d236/d293/d32
Invalid operation
Invalid operation
Invalid operation
Invalid operation
/d5/d236/d293/d32
Invalid operation
d119/
d30/
d119/
d30/
/d5/d236/d293/d119
Null
d249:yg4q 
d95:00 00 00 00 CF 5D F4 47 76 59 00 00
Invalid operation
Invalid operation
d119
d132/
d155/
d226/
d252
d273/
d288
d32
d41/
d48/
d51
d6
d88/
d92/
d95
f10/
f106/
f12/
f142
f197
f244/
f25
f80/
f93/
n8/
n92
n8:dir:0
Null
d95:47 76 59 00 00
d119
d132/
d155/
d206
d226/
d252
d273/
d288
d32
d41/
d48/
d51
d6
d86/
d88/
d92/
d95
f10/
f106/
f12/
f138
f142
f197
f244/
f25
f80/
f93/
n60/
n8/
n92
Invalid operation
d32:36
d95:24
d32:9iug5sa.pi.cy3uu.esx6x7jiffs.2py0f44
d32:36
d95:24
f197:17
f25:16
d206:14
d252:6
/d5/d236/d293/d32
d32:9iug5sa.pi.cy3uu.esx6x7jiffs.2py0f44
d32:36
d95:24
d95:E0 9C 5E A8 10 00 00 00 00 00 F6 8D 37 2E
d32:41
d95:26
f197:17
f25:16
d206:14
d252:6
d95:00
d95:00
d32:41
d95:26
f197:17
f25:16
d95:21 E0 9C 5E A8 10 00 00 00 00 00 F6 8D 37 2E 58 70 0B 59 00 00 00 00
d32:51
d95:26
f197:17
f25:16
d206:14
d119
d132/
d155/
d206
d226/
d252
d273/
d288
d32
d41/
d48/
d51
d6
d86/
d88/
d92/
d95
f10/
f106/
f12/
f138
f142
f166/
f177
f197
f203/
f244/
f25
f80/
f84/
f93/
n53
n60/
n8/
Invalid operation
Invalid operation
d119
d132/
d155/
d206
d226/
d252
d273/
d288
d32
d41/
d48/
d51
d6
d86/
d88/
d92/
d95
f10/
f106/
f12/
f138
f142
f166/
f177
f197
f203/
f244/
f25
f80/
f84/
f93/
n53
n60/
n8/
n8:dir:0
d95:00 00 00 00 F6 8D 37 2E 58 70 0B 59 00
d119
d132/
d155/
d206
d226/
d252
d273/
d288
d32
d41/
d48/
d51
d6
d86/
d88/
d92/
d95
f10/
f106/
f12/
f138
f142
f166/
f177
f197
f203/
f244/
f25
f80/
f84/
f93/
n53
n60/
n8/
Invalid operation
Invalid operation
n8:dir:0
/d5/d236/d293/d32
Invalid operation
d32:9iug5sa.pi.cy3uu.esx6x7jiffs.2py0f44hq0.xvkqqkhqc-f
n27:md:11
Invalid operation
d119
d132/
d155/
d206
d226/
d252
d273/
d288
d32
d41/
d48/
d51
d6
d86/
d88/
d92/
f10/
f106/
f12/
f138
f142
f166/
f177
f197
f203/
f244/
f25
f289
f80/
f84/
f93/
n0/
n21
n53
n60/
n8/
n93
Invalid operation
d32:52
f197:17
f25:16
Null
Invalid operation
Invalid operation
d119
d132/
d155/
d206
d226/
d252
d269/
d273/
d288
d32
d41/
d48/
d51
d6
d86/
d88/
d92/
f10/
f106/
f12/
f138
f142
f166/
f197
f203/
f244/
f25
f289
f296
f75
f80/
f84/
f93/
n0/
n21
n53
n60/
n8/
n93
d32:9iug5sa.pi.cy3uu.esx6x7jiffs.2py0f44hq0.xvkqqkhqc-fx
d119
d132/
d155/
d206
d226/
d252
d269/
d273/
d288
d32
d41/
d48/
d51
d6
d86/
d88/
d92/
f10/
f106/
f12/
f138
f142
f166/
f197
f203/
f244/
f25
f289
f296
f75
f80/
f84/
f93/
n0/
n21
n53
n60/
n8/
n93
/d5/d236/d2
Invalid operation
Invalid operation
n110:8
d2:3ydbo2r02hwm
d2:txt:12
f218:8
f218:txt:8
f218
d121:11
f218:8
f218:dw8vycmz
d2:txt:12
Invalid operation
/d5/d236/f247/f61
f61:txt:2
/d5/d236/f247/f61
Invalid operation
f61:2
d87:76 1B 38 8E F0 BD FA
f61
f61:5y
f61:5yxx
Invalid operation
f61:5yxx
d179:11
d144:0
/d5/d236/d279/d179
/d5/d236/d279/d179
/d5/d236/d279/d179
Invalid operation
Invalid operation
d2
d233/
d235/
d24
d279/
d293/
f136
f144/
f147
f192/
f202/
f247/
f283
n51/
n62
Invalid operation
d2
d233/
d235/
d24
d279/
d293/
f136
f144/
f147
f192/
f202/
f247/
f283
n51/
n62
d2
d233/
d235/
d24
d279/
d293/
f136
f144/
f147
f192/
f202/
f247/
f283
n51/
n62
Null
f35:16
d2:12
d2:txt:12
n60:87
f35:16
d2:12
f136:8
n62:8
n60:7
f147:6
d24:4
d2
d233/
d235/
d24
d279/
d293/
d91/
f136
f144/
f147
f192/
f202/
f247/
f283
f35
n51/
n60
n62
n60:87
/d5/d236/d2
/d5/d236/d2
f35:16
d2:12
f136:8
n62:8
n60:7
f147:6
d2:txt:12
Invalid operation
d2
d233/
d235/
d24
d279/
d293/
d91/
f136
f144/
f147
f192/
f202/
f247/
f283
f32
f35
f90/
n51/
n60
n62
Invalid operation
Invalid operation
Invalid operation
f136:31
f279:17
f38:17
d39:15
f140:15
Invalid operation
Invalid operation
Invalid operation
f136:31
f279:17
f38:17
Null
d10/
d118
d14/
d141
d185/
d186
d22/
d223
d240/
d249
d251
d283/
d287/
d288/
d3
d39
d44
d45
d5/
d52/
d67
d87/
d93/
f103
f12/
f121/
f13/
f131/
f136
f140
f149
f154
f156
f199
f20/
f206/
f221/
f223/
f224
f232/
f237/
f240/
f247
f249
f257/
f259/
f26
f279
f282
f38
f46
f48/
f51
f53
f57
f69
f71
f8
f99/
n102
n104/
n113/
n26/
n27
n38/
n49/
n65
Invalid operation
Invalid operation
Invalid operation
Invalid operation
Invalid operation
Invalid operation
Invalid operation
d10/
d118
d119/
d14/
d141
d185/
d186
d223
d240/
d249
d251
d283/
d287/
d288/
d3
d39
d44
d45
d5/
d52/
d67
d87/
d93/
f103
f12/
f121/
f13/
f131/
f136
f140
f149
f154
f155
f156
f199
f20/
f206/
f221/
f223/
f224
f232/
f237/
f240/
f247
f249
f257/
f259/
f26
f279
f282
f38
f46
f48/
f53
f57
f69
f71
f8
f99/
n102
n104/
n113/
n26/
n27
n38/
n49/
n65
Invalid operation
f136:31
f279:17
f38:17
d39:15
d10/
d118
d119/
d134
d14/
d141
d185/
d186
d223
d240/
d249
d251
d283/
d287/
d288/
d3
d39
d44
d45
d5/
d52/
d67
d87/
d93/
f103
f12/
f121/
f13/
f131/
f136
f140
f145
f149
f154
f155
f156
f167/
f199
f20/
f206/
f221/
f223/
f224
f232/
f237/
f240/
f247
f249
f257/
f259/
f26
f279
f282
f38
f46
f48/
f53
f57
f69
f71
f8
f99/
n102
n104/
n113/
n26/
n27
n38/
n49/
n65
n91
Invalid operation
d10/
d118
d119/
d134
d14/
d141
d185/
d186
d223
d240/
d249
d251
d283/
d287/
d288/
d3
d39
d44
d45
d5/
d52/
d67
d87/
d93/
f103
f12/
f121/
f13/
f131/
f136
f140
f145
f149
f154
f155
f156
f167/
f199
f20/
f206/
f221/
f223/
f224
f232/
f237/
f240/
f247
f249
f257/
f259/
f26
f279
f282
f38
f46
f48/
f53
f57
f69
f71
f8
f99/
n102
n104/
n113/
n26/
n27
n38/
n49/
n65
n91
f136:31
f279:17
f38:17
d39:15
f140:15
f149:15
d45:13
Invalid operation
Invalid operation
Invalid operation
Invalid operation
Invalid operation
Invalid operation
d10/
d118
d119/
d134
d14/
d141
d185/
d186
d223
d240/
d249
d251
d283/
d287/
d288/
d3
d39
d44
d45
d5/
d52/
d67
d87/
d93/
f103
f12/
f121/
f13/
f131/
f136
f140
f145
f149
f154
f155
f156
f167/
f199
f20/
f206/
f221/
f223/
f224
f232/
f237/
f240/
f247
f249
f257/
f259/
f26
f279
f282
f38
f46
f48/
f53
f57
f69
f71
f8
f99/
n102
n104/
n113/
n26/
n27
n38/
n49/
n65
n77
n91
Invalid operation
Invalid operation
f136:31
Invalid operation
Invalid operation
Invalid operation
Invalid operation
Invalid operation
Invalid operation
Invalid operation
d10/
d118
d119/
d134
d14/
d141
d185/
d186
d223
d240/
d249
d251
d283/
d287/
d288/
d3
d39
d44
d45
d5/
d52/
d67
d87/
d93/
f103
f12/
f121/
f13/
f131/
f136
f140
f145
f149
f154
f155
f156
f167/
f199
f20/
f206/
f221/
f223/
f224
f232/
f237/
f240/
f247
f249
f257/
f259/
f26
f279
f282
f38
f46
f48/
f53
f57
f69
f71
f8
f84
f99/
n102
n104/
n113/
n26/
n27
n38/
n49/
n65
n77
n91
Invalid operation
Invalid operation
Invalid operation
f136:31
f279:17
f38:17
d39:15
f140:15
Invalid operation
Invalid operation
Null
Invalid operation
Invalid operation
Invalid operation
Invalid operation
f136:31
Invalid operation
Invalid operation
Invalid operation
d10/
d118
d119/
d134
d14/
d141
d185/
d186
d223
d240/
d249
d251
d283/
d287/
d288/
d293/
d3
d39
d44
d45
d5/
d52/
d67
d87/
d93/
f103
f12/
f121/
f13/
f131/
f136
f140
f145
f149
f154
f155
f156
f167/
f184/
f199
f20/
f206/
f221/
f223/
f224
f232/
f237/
f240/
f247
f249
f257/
f259/
f26
f279
f282
f38
f46
f48/
f53
f57
f69
f71
f8
f84
f99/
n102
n104/
n113/
n114
n26/
n27
n38/
n49/
n65
n77
n91
Invalid operation
Invalid operation
d10/
d118
d119/
d134
d14/
d141
d185/
d186
d223
d240/
d249
d251
d283/
d287/
d288/
d293/
d3
d39
d44
d45
d5/
d52/
d67
d87/
d93/
f103
f12/
f121/
f13/
f131/
f136
f140
f145
f149
f154
f155
f156
f167/
f184/
f199
f20/
f206/
f221/
f223/
f224
f232/
f237/
f240/
f247
f249
f257/
f259/
f26
f260/
f279
f282
f38
f46
f48/
f53
f57
f69
f71
f8
f84
f99/
n102
n104/
n113/
n114
n19
n26/
n27
n38/
n49/
n65
n77
n91
d10/
d118
d119/
d134
d14/
d141
d185/
d186
d223
d240/
d249
d251
d283/
d287/
d288/
d293/
d3
d39
d44
d45
d5/
d52/
d67
d87/
d93/
f103
f12/
f121/
f13/
f131/
f136
f140
f145
f149
f154
f155
f156
f167/
f184/
f199
f20/
f206/
f221/
f223/
f224
f232/
f237/
f240/
f247
f249
f257/
f259/
f26
f260/
f279
f282
f38
f46
f48/
f53
f57
f69
f71
f8
f84
f99/
n102
n104/
n113/
n114
n19
n26/
n27
n38/
n49/
n65
n77
n91
Invalid operation
f136:31
f279:17
Null
f8:l  zilrtb92t6
d194:0
d194
n91:bin:5
f89:7
f89:7
f89:hga-31m
/f260/f89
f8:l  zilrtb92t6
f133/
f81/
Invalid operation
f133/
f81/
f8:l  zilrtb92t6
Null
/f260/f48
n19:61
n92:B9
d180
d244/
f133/
f18/
f48
f81/
n92
Null
Invalid operation
Null
/f8
Invalid operation
f8:l  zilrtb92t66zm40k735d.dgl0 
d10/
d118
d119/
d134
d14/
d141
d172/
d185/
d186
d223
d224/
d240/
d249
d251
d283/
d287/
d288/
d293/
d299
d3
d39
d44
d45
d5/
d52/
d67
d87/
d93/
f103
f12/
f121/
f13/
f131/
f136
f140
f145
f149
f154
f155
f156
f167/
f184/
f199
f20/
f201
f206/
f221/
f223/
f224
f232/
f237/
f240/
f247
f248/
f249
f257/
f259/
f26
f260/
f279
f282
f38
f46
f48/
f53
f57
f69
f71
f8
f84
f99/
n102
n104/
n113/
n114
n19
n26/
n27
n38/
n49/
n65
n77
n91
/f8
f136:31
f8:29
n19:18
f279:17
f38:17
d299:16
d39:15
f140:15
/f71
Invalid operation
Invalid operation
f8:l  zilrtb92t66zm40k735d.dgl0 
Invalid operation
Invalid operation
Invalid operation
/d172/f262
f103/
f140/
f262
n88
Invalid operation
f262:E7
Invalid operation
Invalid operation
Invalid operation
f103/
f140/
f262
n25/
n88
Invalid operation
/d172/f262
Invalid operation
Invalid operation
f262:4E 38 E7 E6
d26
f103/
f140/
f150
f262
f267
n25/
Invalid operation
f262:bin:10
f262:bin:10
d26
f103/
f118/
f140/
f150
f262
f267
n25/
/d172/f262
f262:6
f267:4
d26:0
f150:0
d26
f103/
f118/
f140/
f150
f262
f267
n25/
f262:bin:6
d26
f103/
f140/
f144/
f150
f262
f267
n25/
Invalid operation
f262:bin:3
Invalid operation
Invalid operation
Invalid operation
d10/
d118
d119/
d134
d14/
d141
d172/
d185/
d186
d223
d224/
d240/
d248
d249
d251
d283/
d287/
d288/
d293/
d299
d3
d39
d44
d45
d5/
d52/
d67
d87/
d93/
f103
f12/
f121/
f13/
f131/
f136
f140
f145
f149
f153/
f154
f155
f156
f167/
f184/
f199
f20/
f201
f206/
f221/
f223/
f224
f232/
f237/
f240/
f247
f248/
f249
f257/
f259/
f26
f260/
f279
f282
f38
f46
f48/
f53
f57
f69
f71
f8
f84
f85/
f99/
n102
n104/
n113/
n114
n26/
n27
n38/
n49/
n65
n77
n90/
n91
f8:l  zilrtb92t66zm40k735d.dgl0 x
f8:l  zilrtb92t66zm40k735d.dgl0 x
f10:txt:13
f10:3bwewlumb25h5
Invalid operation
Invalid operation
Invalid operation
f10:14
f10:3bwewlumb25h5x
f10:txt:14
Invalid operation
d10/
d118
d119/
d134
d14/
d141
d172/
d185/
d186
d223
d224/
d240/
d248
d249
d251
d283/
d287/
d288/
d293/
d299
d3
d39
d44
d45
d5/
d52/
d67
d87/
d93/
f103
f12/
f121/
f13/
f131/
f136
f140
f145
f149
f153/
f154
f155
f156
f167/
f184/
f199
f20/
f201
f206/
f221/
f223/
f224
f232/
f237/
f240/
f247
f248/
f249
f257/
f259/
f26
f260/
f279
f282
f38
f46
f48/
f53
f57
f69
f71
f8
f84
f85/
f99/
n102
n104/
n113/
n114
n26/
n27
n38/
n49/
n65
n77
n90/
n91
Invalid operation
f8:l  zilrtb92t66zm40k735d.dgl0 x
Null
d10/
d118
d119/
d134
d14/
d141
d172/
d185/
d186
d223
d224/
d240/
d248
d249
d251
d283/
d287/
d288/
d293/
d299
d3
d39
d44
d45
d5/
d52/
d67
d87/
d93/
f103
f12/
f121/
f13/
f131/
f136
f140
f145
f149
f153/
f154
f155
f156
f167/
f184/
f199
f20/
f201
f206/
f221/
f223/
f224
f232/
f237/
f240/
f247
f248/
f249
f257/
f259/
f26
f260/
f279
f282
f38
f46
f48/
f53
f57
f69
f71
f8
f84
f85/
f99/
n102
n104/
n113/
n114
n26/
n27
n38/
n49/
n65
n77
n90/
n91
Invalid operation
d244:FB
d244:94 B2 FB
n91:bin:5
d244:B2
Invalid operation
Invalid operation
Null
Invalid operation
f10
f244/
n91:bin:5
d10/
d118
d119/
d134
d14/
d141
d172/
d185/
d186
d223
d224/
d240/
d244
d248
d249
d251
d283/
d287/
d288/
d293/
d299
d3
d39
d44
d45
d5/
d52/
d67
d87/
d93/
f103
f12/
f121/
f13/
f131/
f136
f140
f145
f149
f153/
f154
f155
f156
f167/
f184/
f199
f20/
f201
f206/
f221/
f223/
f224
f232/
f237/
f240/
f247
f248/
f249
f257/
f259/
f26
f260/
f279
f282
f38
f46
f48/
f53
f57
f69
f71
f8
f84
f85/
f99/
n102
n104/
n113/
n114
n26/
n27
n38/
n49/
n65
n77
n90/
n91
d244:00 3E EA CA
d244:CA 0A 45
d244:04
Null
d98/
f10
f244/
f10:14
Invalid operation
f10:14
f10:3bwewlumb25h5x
f10:3bwewlumb25h5x
Invalid operation
d216
d75/
d98/
f10
f244/
f277/
f10:txt:14
d216
d75/
d98/
f10
f244/
f261/
f277/
/f153/f81
f10:3bwewlumb25h5xjk0x8z70
d244:00 3E
f10:22
d216:1
f81:0
Invalid operation
d216
d75/
d98/
f10
f152/
f244/
f277/
Invalid operation
/f38
f8:l  zilrtb92t66zm40k735d.dgl0 x
n91:bin:5
Invalid operation
Invalid operation
Invalid operation
Invalid operation
d10/
d118
d119/
d120
d134
d14/
d141
d172/
d185/
d186
d223
d224/
d240/
d242/
d244
d248
d249
d251
d283/
d287/
d288/
d293/
d299
d3
d39
d44
d45
d5/
d52/
d67
d87/
d93/
f103
f12/
f121/
f13/
f130
f131/
f136
f140
f145
f149
f152
f153/
f154
f155
f156
f167/
f184/
f199
f20/
f201
f206/
f221/
f223/
f224
f232/
f237/
f240/
f247
f248/
f249
f257/
f259/
f26
f260/
f261/
f279
f282
f31
f38
f46
f48/
f53
f57
f69
f71
f8
f84
f85/
f99/
n102
n104/
n113/
n114
n26/
n27
n38/
n49/
n65
n77
n90/
n91
Invalid operation
f136:31
Invalid operation
Invalid operation
Invalid operation
Invalid operation
Invalid operation
Invalid operation
Invalid operation
Invalid operation
Invalid operation
Invalid operation
Invalid operation
Invalid operation
Invalid operation
d10/
d118
d119/
d134
d14/
d141
d172/
d185/
d186
d194/
d223
d224/
d240/
d242/
d244
d248
d249
d251
d283/
d287/
d288/
d293/
d299
d3
d39
d44
d45
d5/
d52/
d67
d87/
d93/
f103
f12/
f121/
f13/
f130
f131/
f136
f140
f145
f149
f152
f153/
f154
f155
f156
f157
f167/
f184/
f199
f20/
f201
f206/
f221/
f223/
f224
f232/
f237/
f240/
f247
f248/
f249
f257/
f259/
f26
f260/
f261/
f279
f282
f31
f38
f46
f48/
f53
f57
f69
f71
f8
f84
f85/
f99/
n102
n104/
n107/
n113/
n114
n26/
n27
n38/
n49/
n65
n77
n90/
n91
Invalid operation
Invalid operation
Invalid operation
Invalid operation
Null
Invalid operation
Invalid operation
Invalid operation
Invalid operation
Invalid operation
f136:31
f8:30
f279:17
f38:17
Invalid operation
Invalid operation
Invalid operation
Invalid operation
Null
Invalid operation
Invalid operation
Null
Invalid operation
Invalid operation
d44:md:0
Invalid operation
d10/
d118
d119/
d134
d14/
d141
d172/
d185/
d186
d194/
d223
d224/
d240/
d242/
d244
d248
d249
d251
d283/
d287/
d288/
d293/
d299
d3
d39
d44
d45
d5/
d52/
d67
d87/
d93/
f103
f12/
f121/
f13/
f130
f131/
f136
f140
f145
f149
f152
f153/
f154
f155
f156
f167/
f184/
f199
f20/
f201
f206/
f221/
f223/
f224
f23
f232/
f237/
f240/
f247
f248/
f249
f257/
f259/
f26
f260/
f261/
f279
f282
f31
f38
f46
f48/
f53
f57
f69
f71
f8
f84
f85/
f99/
n102
n104/
n113/
n114
n26/
n27
n38/
n49/
n65
n77
n90/
n91
Invalid operation
d10/
d118
d119/
d134
d14/
d141
d172/
d185/
d186
d194/
d223
d224/
d240/
d242/
d244
d248
d249
d251
d267
d283/
d287/
d288/
d293/
d299
d3
d39
d44
d45
d5/
d52/
d67
d87/
d93/
f103
f12/
f121/
f13/
f130
f131/
f136
f140
f145
f149
f152
f153/
f154
f155
f156
f167/
f184/
f199
f20/
f201
f206/
f221/
f223/
f224
f23
f232/
f237/
f240/
f247
f248/
f249
f257/
f259/
f26
f260/
f261/
f279
f282
f31
f38
f46
f48/
f53
f57
f69
f71
f8
f84
f85/
f9
f99/
n102
n104/
n113/
n114
n26/
n27
n38/
n49/
n65
n77
n90/
n91
Invalid operation
Invalid operation
Invalid operation
d10/
d118
d119/
d134
d14/
d141
d172/
d185/
d186
d194/
d223
d224/
d240/
d242/
d244
d248
d249
d251
d267
d283/
d287/
d288/
d293/
d299
d3
d39
d44
d45
d5/
d52/
d67
d87/
d93/
f103
f12/
f121/
f13/
f130
f131/
f136
f140
f145
f149
f152
f153/
f154
f155
f156
f167/
f184/
f199
f20/
f201
f206/
f221/
f223/
f224
f23
f232/
f237/
f240/
f247
f248/
f249
f257/
f259/
f26
f260/
f261/
f279
f282
f31
f38
f46
f48/
f53
f57
f69
f71
f8
f84
f85/
f99/
n102
n104/
n113/
n114
n26/
n27
n38/
n49/
n65
n77
n90/
n91
d10/
d118
d119/
d134
d14/
d141
d172/
d185/
d186
d194/
d223
d224/
d240/
d242/
d244
d248
d249
d251
d267
d283/
d287/
d288/
d293/
d299
d3
d39
d44
d45
d5/
d52/
d67
d87/
d93/
f103
f12/
f121/
f13/
f130
f131/
f136
f140
f145
f149
f152
f153/
f154
f155
f156
f167/
f184/
f199
f20/
f201
f206/
f221/
f223/
f224
f23
f232/
f237/
f240/
f247
f248/
f249
f257/
f259/
f26
f260/
f261/
f279
f282
f31
f38
f46
f48/
f53
f57
f69
f71
f8
f84
f85/
f99/
n102
n104/
n113/
n114
n26/
n27
n38/
n49/
n65
n77
n90/
n91
Invalid operation
d44:md:0
d44:md:0
Invalid operation
Invalid operation
Invalid operation
d44:md:0
Invalid operation
Invalid operation
d10/
d118
d119/
d134
d14/
d141
d172/
d185/
d186
d194/
d223
d224/
d240/
d242/
d244
d248
d249
d251
d267
d283/
d287/
d288/
d293/
d299
d3
d39
d44
d45
d5/
d52/
d67
d87/
d93/
d96
f103
f12/
f121/
f13/
f130
f131/
f136
f140
f145
f149
f152
f153/
f154
f155
f156
f167/
f184/
f199
f20/
f201
f206/
f221/
f223/
f224
f23
f232/
f237/
f240/
f247
f248/
f249
f257/
f259/
f26
f260/
f261/
f279
f282
f31
f38
f46
f48/
f53
f57
f69
f71
f8
f84
f85/
f99/
n102
n104/
n113/
n114
n26/
n27
n38/
n49/
n65
n77
n90/
n91
d44:md:0
f136:31
f8:30
f279:17
f38:17
d299:16
f152:16
d10/
d118
d119/
d134
d14/
d141
d172/
d185/
d186
d194/
d223
d224/
d240/
d242/
d244
d248
d249
d251
d267
d283/
d287/
d288/
d293/
d299
d3
d39
d44
d45
d5/
d52/
d67
d87/
d93/
d96
f103
f12/
f121/
f13/
f130
f131/
f136
f140
f145
f149
f152
f153/
f154
f155
f156
f167/
f184/
f199
f20/
f201
f206/
f221/
f223/
f224
f23
f232/
f237/
f240/
f247
f248/
f249
f257/
f259/
f26
f260/
f261/
f279
f282
f31
f38
f46
f48/
f53
f57
f69
f71
f8
f84
f85/
f99/
n102
n104/
n113/
n114
n26/
n27
n38/
n49/
n65
n77
n90/
n91
Invalid operation
Invalid operation
Invalid operation
Null
Invalid operation
Invalid operation
Invalid operation
Invalid operation
d10/
d118
d119/
d134
d14/
d141
d172/
d185/
d186
d194/
d22
d223
d224/
d240/
d242/
d244
d248
d249
d251
d267
d283/
d287/
d288/
d293/
d297/
d299
d3
d39
d44
d45
d5/
d52/
d67
d87/
d93/
d96
f103
f12/
f121/
f13/
f130
f131/
f136
f140
f145
f149
f152
f153/
f154
f155
f156
f167/
f184/
f199
f20/
f201
f206/
f221/
f223/
f224
f23
f232/
f237/
f240/
f247
f248/
f249
f257/
f259/
f26
f260/
f261/
f279
f282
f31
f38
f46
f48/
f53
f57
f69
f71
f8
f84
f85/
f99/
n102
n104/
n113/
n114
n26/
n27
n38/
n49/
n58
n65
n77
n90/
n91
d10/
d118
d119/
d134
d14/
d141
d172/
d185/
d186
d194/
d22
d223
d224/
d240/
d242/
d244
d248
d249
d251
d267
d283/
d287/
d288/
d293/
d297/
d299
d3
d39
d44
d45
d5/
d52/
d67
d87/
d93/
d96
f103
f12/
f121/
f13/
f130
f131/
f136
f140
f145
f149
f152
f153/
f154
f155
f156
f167/
f184/
f199
f20/
f201
f206/
f221/
f223/
f224
f23
f232/
f237/
f240/
f247
f248/
f249
f257/
f259/
f26
f260/
f261/
f279
f282
f31
f38
f46
f48/
f53
f57
f69
f71
f8
f84
f85/
f99/
n102
n104/
n113/
n114
n26/
n27
n38/
n49/
n58
n65
n77
n90/
n91
Invalid operation
Invalid operation
Invalid operation
Invalid operation
Invalid operation
Invalid operation
Invalid operation
d10/
d104/
d118
d119/
d134
d14/
d141
d172/
d185/
d186
d194/
d22
d223
d224/
d240/
d242/
d244
d248
d249
d251
d267
d283/
d287/
d288/
d293/
d297/
d299
d3
d39
d44
d45
d5/
d52/
d67
d87/
d93/
d96
f103
f12/
f121/
f13/
f130
f131/
f136
f140
f145
f149
f152
f153/
f154
f155
f156
f167/
f184/
f199
f20/
f201
f206/
f221/
f223/
f224
f23
f232/
f237/
f240/
f247
f248/
f249
f257/
f259/
f26
f260/
f261/
f279
f282
f31
f38
f46
f48/
f53
f57
f69
f71
f8
f84
f85/
f99/
n102
n104/
n113/
n114
n26/
n27
n38/
n49/
n58
n65
n77
n90/
n91
Invalid operation
Null
Invalid operation
Invalid operation
Invalid operation
d10/
d118
d119/
d134
d14/
d141
d172/
d185/
d186
d194/
d22
d223
d224/
d240/
d242/
d244
d248
d249
d251
d267
d283/
d287/
d288/
d293/
d297/
d299
d3
d39
d44
d45
d5/
d52/
d67
d87/
d93/
d96
f10/
f103
f12/
f121/
f13/
f130
f131/
f136
f140
f145
f149
f152
f153/
f154
f155
f156
f167/
f184/
f199
f20/
f201
f206/
f221/
f223/
f224
f23
f232/
f237/
f240/
f247
f248/
f249
f257/
f259/
f26
f260/
f261/
f279
f282
f31
f38
f44
f46
f48/
f53
f57
f69
f71
f8
f84
f85/
f99/
n102
n104/
n106/
n113/
n114
n26/
n27
n38/
n49/
n58
n65
n77
n90/
n91
Invalid operation
Invalid operation
Null
Invalid operation
Invalid operation
Invalid operation
Invalid operation
Invalid operation
Invalid operation
d10/
d118
d119/
d134
d14/
d141
d172/
d185/
d186
d194/
d204/
d22
d223
d224/
d240/
d242/
d244
d248
d249
d251
d267
d283/
d287/
d288/
d293/
d297/
d299
d3
d39
d44
d45
d5/
d52/
d67
d87/
d93/
d96
f10/
f103
f12/
f121/
f13/
f130
f131/
f136
f140
f145
f149
f152
f153/
f154
f155
f156
f167/
f184/
f199
f20/
f201
f206/
f221/
f223/
f224
f23
f232/
f237/
f240/
f247
f248/
f249
f257/
f259/
f26
f260/
f261/
f279
f282
f31
f38
f44
f46
f48/
f53
f57
f69
f71
f8
f84
f85/
f99/
n102
n104/
n106/
n113/
n114
n26/
n27
n32
n38/
n49/
n58
n65
n77
n90/
n91
d10/
d118
d119/
d134
d14/
d141
d172/
d185/
d186
d194/
d204/
d22
d223
d224/
d240/
d242/
d244
d248
d249
d251
d267
d283/
d287/
d288/
d293/
d297/
d299
d3
d39
d44
d45
d5/
d52/
d67
d87/
d93/
d96
f10/
f103
f12/
f121/
f13/
f130
f131/
f136
f140
f145
f149
f152
f153/
f154
f155
f156
f167/
f184/
f199
f20/
f201
f206/
f221/
f223/
f224
f23
f232/
f237/
f240/
f247
f248/
f249
f257/
f259/
f26
f260/
f261/
f279
f282
f31
f38
f44
f46
f48/
f53
f57
f69
f71
f8
f84
f85/
f99/
n102
n104/
n106/
n113/
n114
n26/
n27
n32
n38/
n49/
n58
n65
n77
n90/
n91
Invalid operation
Invalid operation
Invalid operation
Invalid operation
Invalid operation
Invalid operation
Invalid operation
Invalid operation
Invalid operation
f136:31
f8:30
f279:17
f38:17
Invalid operation
f136:47 4A 98 BB 3C 60 6F E6 18 B7 22 BD 92 3B 35 28 60 A9 4D
Invalid operation
Invalid operation
Invalid operation
Invalid operation
Invalid operation
Invalid operation
d10/
d119/
d134
d14/
d141
d159
d172/
d179
d185/
d186
d194/
d204/
d22
d223
d224/
d240/
d242/
d244
d248
d249
d251
d267
d283/
d287/
d288/
d293/
d297/
d299
d3
d39
d44
d45
d5/
d52/
d67
d87/
d93/
d96
f10/
f103
f106/
f113
f12/
f121/
f13/
f130
f131/
f136
f140
f143/
f145
f149
f152
f153/
f154
f155
f156
f167/
f184/
f199
f20/
f201
f206/
f221/
f223/
f224
f23
f232/
f237/
f240/
f247
f248/
f249
f257/
f259/
f26
f260/
f261/
f279
f282
f29/
f31
f38
f44
f46
f48/
f53
f57
f69
f71
f8
f84
f85/
f99/
n102
n104/
n106/
n113/
n114
n26/
n27
n32
n38/
n43
n49/
n58
n65
n77
n90/
n91
f136:32
f8:30
f279:17
f38:17
d299:16
f152:16
f136:00 00
f136:32
f8:30
f279:17
Invalid operation
Invalid operation
n38:dir:0
d227:82yyoprvahq
f136:60 6F E6 18 B7 35
Invalid operation
d10/
d119/
d134
d14/
d141
d159
d160
d172/
d174/
d179
d185/
d186
d194/
d204/
d22
d223
d224/
d240/
d242/
d244
d245
d248
d249
d251
d267
d283/
d287/
d288/
d293/
d297/
d299
d3
d39
d44
d45
d5/
d52/
d67
d87/
d93/
d96
f10/
f103
f106/
f113
f12/
f121/
f13/
f130
f131/
f136
f140
f143/
f145
f149
f152
f153/
f154
f155
f156
f167/
f184/
f199
f20/
f201
f206/
f221/
f223/
f224
f23
f232/
f237/
f24
f240/
f247
f248/
f249
f257/
f259/
f26
f260/
f261/
f279
f29/
f31
f38
f44
f46
f48/
f53
f57
f69
f71
f8
f84
f85/
f99/
n102
n104/
n106/
n113/
n114
n26/
n27
n32
n38/
n43
n49/
n55
n58
n65
n77
n90/
n91
f136:37
f8:30
f279:17
f38:17
Invalid operation
Invalid operation
Null
Invalid operation
Invalid operation
Invalid operation
Invalid operation
n38:dir:0
f136:42
f8:30
f279:17
f38:17
f47:dir:0
Invalid operation
f47:dir:0
Invalid operation
Invalid operation
f47:dir:0
Invalid operation
n49:73
f222:38
d116:13
d66:13
Invalid operation
d111/
d116
d146/
d169/
d225
d254/
d267/
d66
f117/
f122
f171/
f177
f222
f225/
f262/
f271/
f42/
f47/
f68
f74
n103
n49
d111/
d116
d146/
d169/
d225
d254/
d267/
d66
f117/
f122
f171/
f177
f222
f225/
f262/
f271/
f42/
f47/
f68
f74
n103
n49
f222:00 96 34 0A 7C D0 27 65 7B DB 00 00 8D 98 FB E4 21 5E 2D 6C 00 00 00 00 4D 21 9C 7D D3 C1 93 00 00 00 00 00 00 00 00 00 86 C5 B0
Null
d111/
d116
d146/
d169/
d225
d254/
d267/
d66
f117/
f122
f171/
f177
f222
f225/
f262/
f271/
f42/
f47/
f68
f74
n103
n11
n49
/d10/n49
Invalid operation
d111/
d116
d146/
d169/
d225
d254/
d267/
d66
f117/
f122
f171/
f177
f222
f225/
f262/
f271/
f42/
f47/
f68
f74
n103
n11
n49
d111/
d116
d146/
d169/
d225
d254/
d267/
d66
f117/
f122
f171/
f177
f222
f225/
f262/
f271/
f42/
f47/
f68
f74
n103
n11
n49
d111/
d116
d146/
d169/
d225
d254/
d267/
d66
f117/
f122
f171/
f177
f222
f225/
f262/
f271/
f42/
f47/
f68
f74
n103
n49
Invalid operation
n49:.4px1wcbbxsd8l7xid8mx25p2kg2rcqu2fmw9q62kt1y7q-yb7ble agp_bqm2sdbf6heg9mkjwdip95ted5n3 
n49:.4px1wcbbxsd8l7xid8mx25p2kg2rcqu2fmw9q62kt1y7q-yb7ble agp_bqm2sdbf6heg9mkjwdip95ted5n3 
Invalid operation
d111/
d116
d146/
d169/
d225
d254/
d267/
d66
f117/
f122
f15/
f171/
f177
f222
f225/
f262/
f271/
f42/
f47/
f68
f74
n103
n49
Invalid operation
Invalid operation
d111/
d116
d138/
d146/
d169/
d225
d254/
d267/
d66
f117/
f122
f15/
f171/
f177
f222
f225/
f262/
f271/
f42/
f47/
f68
f74
n103
n49
d111/
d116
d138/
d146/
d169/
d225
d254/
d267/
d66
f117/
f122
f15/
f171/
f177
f222
f225/
f262/
f271/
f42/
f47/
f68
f74
n103
n49
Invalid operation
f47:dir:0
/d10/n49
/d10/n49
Invalid operation
d10/
d119/
d134
d14/
d141
d159
d160
d172/
d174/
d179
d185/
d186
d194/
d204/
d22
d222/
d223
d224/
d240/
d242/
d244
d245
d248
d249
d251
d267
d283/
d287/
d288/
d293/
d297/
d299
d3
d39
d44
d45
d5/
d52/
d67
d87/
d93/
d96
f10/
f103
f106/
f113
f12/
f121/
f13/
f130
f131/
f136
f140
f143/
f145
f149
f152
f153/
f154
f155
f156
f167/
f184/
f199
f20/
f201
f206/
f221/
f223/
f224
f23
f232/
f237/
f24
f240/
f247
f248/
f249
f257/
f259/
f26
f260/
f261/
f279
f29/
f31
f38
f44
f46
f48/
f53
f57
f69
f71
f8
f84
f85/
f99/
n102
n104/
n106/
n109
n113/
n114
n26/
n27
n32
n38/
n43
n49/
n55
n58
n65
n77
n90/
n91
Invalid operation
Invalid operation
Invalid operation
Invalid operation
n38:dir:0
Invalid operation
f136:42
f8:30
f279:17
/f136
f136:73 0F 9B 62 66 07 73 38 61 00 00 00 00 00 D5 A9 21 FF 9D C9
f136:07 73 38 61
/f232/f115
f115: 7u4oa7626.b3i6v
f136:F1 70 73 0F 9B 62 66 07
/f232/f115
f115: 7u4oa7626.b3i6v
/f232/f115
/f232/f115
f136:1D 82 4A 49 DA F1 70 73 0F 9B 62 66 07 73 38 61 00 00 00 00 00 D5 A9
/f232/d95/d261
d261:16
d261:16
Invalid operation
f136:73 0F 9B 62 66 07 73 38 61 00 00
f136:37
f8:30
f279:17
Invalid operation
f136:A9 21 FF 9D
Invalid operation
d129/
d260/
f136:E2 60 6F 1D 82 4A 49 DA F1 70 73 0F 9B 62 66 07 73 38 61 00 00 00 00 00 D5 A9 21 FF 9D C9
/f143/f86
d236:0
f86:0
Invalid operation
f86:
d260:dir:0
d236:0
f86:0
Invalid operation
Invalid operation
d236:0
f86:0
Invalid operation
Invalid operation
/f143/d260/n28
Invalid operation
n28
n28:bin:0
Invalid operation
Invalid operation
Invalid operation
Invalid operation
n28:bin:0
Invalid operation
Invalid operation
d275/
f20/
f299
n28
f299:13
n28:0
Invalid operation
n28:00 00
/f143/d260/n28
f299:13
n28:00 00
Invalid operation
d157
d171
f20/
f299
n28
Null
/f143/d260/n28
Invalid operation
n28:A0 A3
n28:00 A0 A3 08 8C
Invalid operation
/f143/d260/n28
Invalid operation
Invalid operation
Invalid operation
d157
d171
d67
f20/
n101/
n28
n80
Invalid operation
d157
d171
d67
f20/
f285
n101/
n28
n80
Invalid operation
d157:10
d171:8
Invalid operation
Invalid operation
n28:23 FE 13 ED
d157
d171
d233/
d298
d67
f20/
f285
n101/
n28
n80
d157
d171
d233/
d298
d67
f20/
f285
n101/
n28
n80
Null
Invalid operation
/f143/f86
d260:dir:0
Invalid operation
Invalid operation
Invalid operation
Invalid operation
f86:40m_t6c8ftcko
d129/
d260/
d46/
d99/
f211
f273
f86
Invalid operation
f86:13
f211:8
Invalid operation
Invalid operation
Invalid operation
d260:dir:0
f86:40m_t6c8ftcko
Invalid operation
d278:dir:0
Invalid operation
Invalid operation
d3:17
Invalid operation
Invalid operation
n38:dir:0
Invalid operation
Invalid operation
n38:dir:0
/f136
Invalid operation
n38:dir:0
n49:87
d111/
d116
d138/
d146/
d169/
d225
d249
d254/
d267/
d288
d66
f117/
f122
f15/
f171/
f177
f222
f225/
f262/
f271/
f42/
f47/
f68
f74
n103
n110/
n49
Invalid operation
Invalid operation
f150:5
f252:4
d281/
f252
f252:bin:4
Invalid operation
f252:F1 F7
f252:bin:4
Invalid operation
f252:4
f86:0
Invalid operation
n114:mp8qe0-3n58
Invalid operation
/d10/d267/f252
Invalid operation
Null
f252:4
d281/
f244/
f252
d281/
f244/
f252
Invalid operation
/d10/d267/f252
Invalid operation
Invalid operation
f47:dir:0
Invalid operation
Invalid operation
d64/
f100/
f12
f33/
Null
Invalid operation
Null
Invalid operation
/d10/n110/d28
Invalid operation
d282/
Invalid operation
d117/
d282/
d28:_ 3i 93ig_c
d64:dir:0
d117/
d282/
n10/
n10:dir:0
Invalid operation
Invalid operation
/d10/n110/f33/f237
d117/
d282/
f23/
f237
n10/
Null
d117/
d277
d282/
d78/
f23/
f237
n10/
f222:00 00 00 00 4D 21 9C 7D D3 CC 36 7E 5E C2 DC CC 4D 32 DC 00 86 13 AE
f222:FB 33 38
Invalid operation
Invalid operation
d117/
d277
d282/
d78/
d86
f23/
f237
n10/
f222:C0 C5 3B DD 61 CE 27 49 B2
d78:dir:0
f222:00 4D 21 9C 7D D3 CC 36 7E 5E C2 DC CC 4D 32 DC 00 86 13 AE FE C0 C5 3B DD
f222:00 00 00 4D 21 9C 7D D3 CC 36 7E 5E C2 DC CC 4D 32 DC 00 86 13 AE FE C0
d78:dir:0
f222:33 38 F9 E9 C5 00 00 00 00
d117/
d277
d282/
d78/
d86
f23/
f237
n10/
d277:fen1czp48mxsjfaw_ax5aaa7c0k2h
f222:FB 33 38 F9 E9 C5 00 00 00 00 4D 21 9C 7D D3 CC 36 7E 5E C2 DC CC 4D 32
Invalid operation
Invalid operation
Invalid operation
f237:8
/f140
Invalid operation
Null
Invalid operation
d31:
Invalid operation
d31:
f215:dir:0
/d10/n110/f33/f237
f215/
f219/
/d10/n110/f33/f237
f237:tvynjiii
f222:F3 82 8C CF B4 00 BA 97 76 66 1E 2E C2 65 7B DB 00 00
d78:dir:0
Invalid operation
d196/
d28
d64/
f100/
f33/
d196/
d28
d64/
f100/
f33/
Null
d28:11
Invalid operation
Invalid operation
f222:8B 38 91 3F DD 61
Invalid operation
n33:AC A2 01
Null
Invalid operation
Invalid operation
Null
Null
Invalid operation
Invalid operation
Invalid operation
Invalid operation
n33:45
Invalid operation
Invalid operation
f191:2
d111/
d116
d138/
d146/
d169/
d225
d249
d254/
d267/
d273
d277
d288
d66
d93
f105
f111/
f117/
f122
f15/
f171/
f177
f181
f191
f222
f225/
f262/
f271/
f33/
f42/
f47/
f68
f74
f9/
f94/
f99
n103
n110/
n33
n49
n54/
n97
n33:F8 B1 53
n49:100
Invalid operation
Invalid operation
Invalid operation
d10/
d119/
d134
d14/
d141
d159
d160
d172/
d174/
d179
d185/
d186
d194/
d204/
d22
d222/
d223
d224/
d240/
d242/
d244
d245
d248
d249
d267
d283/
d287/
d288/
d293/
d297/
d299
d3
d39
d44
d45
d5/
d52/
d67
d87/
d93/
d96
f10/
f103
f106/
f113
f119
f12/
f121/
f13/
f130
f131/
f136
f140
f143/
f145
f149
f152
f153/
f154
f155
f156
f167/
f184/
f199
f20/
f201
f206/
f221/
f223/
f224
f23
f232/
f237/
f24
f240/
f247
f248/
f249
f257/
f259/
f26
f260/
f261/
f279
f29/
f31
f38
f44
f46
f48/
f53
f57
f69
f71
f8
f84
f85/
f99/
n102
n104/
n106/
n109
n113/
n114
n26/
n27
n32
n38/
n43
n49/
n55
n58
n65
n77
n9/
n90/
n91
Invalid operation
/f136
d10/
d119/
d134
d14/
d141
d159
d160
d172/
d174/
d179
d185/
d186
d192/
d194/
d198
d204/
d22
d222/
d223
d224/
d240/
d242/
d244
d245
d248
d249
d267
d283/
d287/
d288/
d293/
d297/
d299
d3
d39
d44
d45
d5/
d52/
d67
d87/
d93/
d96
f10/
f103
f106/
f113
f119
f12/
f121/
f13/
f130
f131/
f136
f140
f143/
f145
f149
f152
f153/
f154
f155
f156
f167/
f184/
f199
f20/
f201
f206/
f221/
f223/
f224
f23
f232/
f237/
f24
f240/
f247
f248/
f249
f257/
f259/
f26
f260/
f261/
f279
f29/
f31
f38
f44
f46
f47/
f48/
f53
f57
f69
f71
f8
f84
f85/
f99/
n102
n104/
n106/
n109
n113/
n114
n26/
n27
n32
n38/
n43
n49/
n55
n58
n65
n77
n90/
n91
n38:dir:0
d10/
d119/
d134
d14/
d141
d159
d160
d172/
d174/
d179
d185/
d186
d192/
d194/
d198
d204/
d22
d222/
d223
d224/
d240/
d242/
d244
d245
d248
d249
d267
d283/
d287/
d288/
d293/
d297/
d299
d3
d39
d44
d45
d5/
d52/
d67
d87/
d93/
d96
f10/
f103
f106/
f113
f119
f12/
f121/
f13/
f130
f131/
f136
f140
f143/
f145
f149
f152
f153/
f154
f155
f156
f167/
f184/
f199
f20/
f201
f206/
f221/
f223/
f224
f23
f232/
f237/
f24
f240/
f247
f248/
f249
f257/
f259/
f26
f260/
f261/
f279
f29/
f31
f38
f44
f46
f47/
f48/
f53
f57
f69
f71
f8
f84
f85/
f99/
n102
n104/
n106/
n109
n113/
n114
n26/
n27
n32
n38/
n43
n49/
n55
n58
n65
n77
n90/
n91
n38:dir:0
/f136
Invalid operation
f238:35
/d93/f238
f238:1
Invalid operation
Invalid operation
/f136
Invalid operation
Invalid operation
f136:35
f8:30
f279:17
f38:17
n55:17
f136:41 32 45 BE 13 5E 65 E2 60 6F 1D 82
Invalid operation
d10/
d119/
d134
d14/
d141
d159
d160
d172/
d174/
d179
d185/
d186
d192/
d194/
d198
d204/
d205/
d22
d222/
d223
d224/
d240/
d242/
d244
d245
d248
d249
d267
d283/
d287/
d288/
d293/
d297/
d299
d3
d39
d44
d45
d5/
d52/
d67
d87/
d93/
d96
f10/
f103
f106/
f113
f119
f12/
f121/
f13/
f130
f131/
f136
f140
f143/
f145
f149
f152
f153/
f154
f155
f156
f167/
f184/
f199
f20/
f201
f206/
f215
f221/
f223/
f224
f23
f232/
f237/
f24
f240/
f247
f248/
f249
f257/
f259/
f26
f260/
f261/
f279
f29/
f291
f31
f38
f44
f46
f47/
f48/
f53
f57
f69
f71
f8
f84
f85/
f99/
n102
n104/
n106/
n109
n113/
n114
n26/
n27
n32
n38/
n43
n47
n49/
n55
n58
n65
n77
n90/
n91
/f136
n38:dir:0
Invalid operation
Invalid operation
Invalid operation
Null
/f136
n38:dir:0
f136:35
Invalid operation
Invalid operation
d10/
d119/
d134
d14/
d141
d159
d160
d172/
d174/
d179
d185/
d186
d192/
d194/
d198
d204/
d205/
d22
d222/
d223
d224/
d240/
d242/
d244
d245
d248
d249
d267
d283/
d287/
d288/
d293/
d297/
d299
d3
d39
d44
d45
d5/
d52/
d67
d87/
d93/
d96
f10/
f103
f106/
f113
f116
f119
f12/
f121/
f13/
f130
f131/
f136
f140
f143/
f145
f149
f152
f153/
f154
f155
f156
f167/
f184/
f199
f20/
f201
f206/
f215
f221/
f223/
f224
f23
f232/
f237/
f24
f240/
f247
f248/
f249
f257/
f259/
f26
f260/
f261/
f279
f29/
f31
f38
f44
f46
f47/
f48/
f53
f57
f69
f71
f8
f84
f85/
f99/
n102
n104/
n106/
n109
n113/
n114
n26/
n27
n32
n38/
n43
n47
n49/
n55
n58
n65
n77
n90/
n91
Invalid operation
f136:5C 70 73 0F 9B DE B5 5C 2F 38 61
/f136
f136:13 5E 65
Invalid operation
f136:5C 2F 38 61 00 00 00 00 00
Invalid operation
Invalid operation
f136:F7 5C 70 73 0F 9B 62 66 07 73 38 61
Invalid operation
Invalid operation
Invalid operation
d111/
d116
d138/
d146/
d169/
d174
d206/
d225
d249
d254/
d267/
d273
d277
d288
d66
d93
f105
f111/
f117/
f122
f15/
f171/
f177
f181
f191
f222
f225/
f262/
f271/
f33/
f42/
f47/
f68
f74
f9/
f94/
f99
n103
n110/
n33
n49
n54/
n97
n49:.4px1wcbbxsd8l7xid8mx25p2kg2rcqu2fmw9q62kt1y7q-yb7ble agp_bqm2sdbf6heg9mkjwdip95ted5n3 w.2 49cefbx3x
d111/
d116
d138/
d146/
d169/
d174
d206/
d225
d249
d254/
d267/
d273
d277
d288
d66
d93
f105
f111/
f117/
f122
f15/
f171/
f177
f191
f222
f225/
f262/
f271/
f33/
f42/
f47/
f68
f74
f9/
f94/
f99
n103
n110/
n33
n49
n54/
n97
d111/
d116
d138/
d146/
d169/
d174
d206/
d225
d249
d254/
d267/
d273
d277
d288
d66
d93
f105
f111/
f117/
f122
f15/
f171/
f177
f191
f222
f225/
f262/
f271/
f33/
f42/
f47/
f68
f74
f9/
f94/
f99
n103
n110/
n33
n49
n54/
n97
Invalid operation
Invalid operation
Invalid operation
Invalid operation
n49:.4px1wcbbxsd8l7xid8mx25p2kg2rcqu2fmw9q62kt1y7q-yb7ble agp_bqm2sdbf6heg9mkjwdip95ted5n3 w.2 49cefbx3x
n49:100
f222:63
d273:14
d93:14
f47:dir:0
d10/
d119/
d134
d14/
d141
d159
d160
d172/
d174/
d179
d185/
d186
d192/
d194/
d198
d204/
d205/
d22
d222/
d223
d224/
d240/
d242/
d244
d245
d248
d249
d267
d283/
d287/
d288/
d293/
d297/
d299
d3
d39
d44
d45
d5/
d52/
d67
d87/
d93/
d96
f10/
f103
f106/
f113
f119
f12/
f121/
f13/
f130
f131/
f136
f140
f143/
f145
f149
f152
f153/
f154
f155
f156
f167/
f184/
f199
f20/
f201
f206/
f215
f221/
f223/
f224
f23
f232/
f237/
f24
f240/
f247
f248/
f249
f257/
f259/
f26
f260/
f261/
f279
f29/
f31
f38
f44
f46
f47/
f48/
f53
f57
f69
f71
f8
f84
f85/
f91/
f99/
n102
n104/
n106/
n109
n113/
n114
n25
n26/
n27
n32
n38/
n43
n47
n49/
n55
n58
n65
n77
n90/
n91
d58:dir:0
f136:A9 21
Invalid operation
Invalid operation
Invalid operation
f136:00 00 00 00 D5 A9 21 3D 23
f115: 7u4oa7626.b3i6v33c3vvoe216
f136:0F 9B 62 66 07 73 38
f115:27
n51:6
Null
d235/
d58/
d95/
f115
f298/
n51
Invalid operation
Invalid operation
Invalid operation
Null
Invalid operation
f115:54
n51:6
f115:54
n51:6
d58:dir:0
d58:dir:0
Invalid operation
Invalid operation
f136:1D 82 4A 49 F7 5C 70 73 0F 9B 62 66 07 73 38 61 00 00 00 00 00
f115: 7u4oa7626.b3i6v33c3vvoe216c4rb9lji5wu8kbf.osbyu3ym_.czenxw0fgpr 2p0973ow5bx1-9eg1l g_j
Invalid operation
Invalid operation
Null
Invalid operation
d10/
d119/
d134
d14/
d141
d159
d160
d172/
d174/
d179
d185/
d186
d192/
d194/
d198
d204/
d205/
d22
d222/
d223
d224/
d240/
d242/
d244
d245
d248
d249
d267
d283/
d287/
d288/
d293/
d297/
d299
d3
d39
d44
d45
d5/
d52/
d67
d87/
d93/
d96
f10/
f103
f106/
f113
f119
f12/
f121/
f13/
f130
f131/
f136
f140
f143/
f145
f149
f152
f153/
f154
f155
f156
f167/
f184/
f199
f20/
f201
f206/
f215
f221/
f223/
f224
f23
f232/
f237/
f24
f240/
f247
f248/
f249
f257/
f259/
f26
f260/
f261/
f279
f29/
f31
f38
f44
f46
f47/
f48/
f53
f57
f69
f71
f8
f84
f85/
f91/
f99/
n102
n104/
n106/
n109
n113/
n114
n25
n26/
n27
n32
n38/
n43
n47
n49/
n55
n58
n65
n77
n90/
n91
d10/
d119/
d134
d14/
d141
d159
d160
d172/
d174/
d179
d185/
d186
d192/
d194/
d198
d204/
d205/
d22
d222/
d223
d224/
d240/
d242/
d244
d245
d248
d249
d267
d283/
d287/
d288/
d293/
d297/
d299
d3
d39
d44
d45
d5/
d52/
d67
d87/
d93/
d96
f10/
f103
f106/
f113
f119
f12/
f121/
f13/
f130
f131/
f136
f140
f143/
f145
f149
f152
f153/
f154
f155
f156
f167/
f184/
f199
f20/
f201
f206/
f215
f221/
f223/
f224
f23
f232/
f237/
f24
f240/
f247
f248/
f249
f257/
f259/
f26
f260/
f261/
f279
f29/
f31
f38
f44
f46
f47/
f48/
f53
f57
f69
f71
f8
f84
f85/
f91/
f99/
n102
n104/
n106/
n109
n113/
n114
n25
n26/
n27
n32
n38/
n43
n47
n49/
n58
n65
n77
n90/
n91
d10/
d119/
d134
d14/
d141
d159
d160
d172/
d174/
d179
d185/
d186
d192/
d194/
d198
d204/
d205/
d22
d222/
d223
d224/
d240/
d242/
d244
d245
d248
d249
d267
d283/
d287/
d288/
d293/
d297/
d299
d3
d39
d44
d45
d5/
d52/
d67
d87/
d93/
d96
f10/
f103
f106/
f113
f119
f12/
f121/
f13/
f130
f131/
f136
f140
f143/
f145
f149
f152
f153/
f154
f155
f156
f167/
f184/
f199
f20/
f201
f206/
f215
f221/
f223/
f224
f23
f232/
f237/
f24
f240/
f247
f248/
f249
f257/
f259/
f26
f260/
f261/
f279
f29/
f31
f38
f44
f46
f47/
f48/
f53
f57
f69
f71
f8
f84
f85/
f91/
f99/
n102
n104/
n106/
n109
n113/
n114
n25
n26/
n27
n32
n38/
n43
n47
n49/
n58
n65
n77
n90/
n91
f136:61 00 00 00 00 00 D5 A9 21 3F 84
/f136
Invalid operation
Invalid operation
Invalid operation
f221:52
d260:20
Invalid operation
Invalid operation
Invalid operation
Invalid operation
d117
d192
d216/
d236/
d260
d294/
d49/
d62
d79/
d87
f105/
f116/
f13
f221
f231/
f27
f68
f83/
n35/
n43/
n53/
n68/
n72/
Invalid operation
n43:dir:0
Invalid operation
Invalid operation
f221:li2cx38_79n80ppa1w.18xmz3 opeax9bwd-xzgiiptbipocbhxx
f221:52
d260:20
d87:9
f221:li2cx38_79n80ppa1w.18xmz3 opeax9bwd-xzgiiptbipocbhxx
f221:li2cx38_79n80ppa1w.18xmz3 opeax9bwd-xzgiiptbipocbhxx
n43:dir:0
/d5/f221
f221:52
d260:20
d87:9
f13:8
d110:7
d62:6
d192:4
d205:4
n43:dir:0
Invalid operation
Invalid operation
Invalid operation
Invalid operation
d10/
d119/
d123
d134
d14/
d141
d159
d160
d172/
d174/
d179
d185/
d186
d192/
d194/
d198
d204/
d205/
d22
d222/
d223
d224/
d240/
d242/
d244
d245
d248
d249
d267
d283/
d287/
d288/
d293/
d297/
d299
d3
d39
d44
d45
d5/
d52/
d67
d87/
d93/
d96
f10/
f103
f106/
f113
f119
f12/
f121/
f13/
f130
f131/
f136
f140
f143/
f145
f149
f152
f153/
f154
f155
f156
f167/
f184/
f199
f20/
f201
f206/
f215
f221/
f223/
f224
f23
f232/
f237/
f24
f240/
f247
f248/
f249
f257/
f259/
f26
f260/
f261/
f279
f29/
f31
f38
f44
f46
f47/
f48/
f53
f57
f69
f71
f8
f84
f85/
f91/
f99/
n102
n104/
n106/
n109
n113/
n114
n25
n26/
n27
n32
n38/
n43
n47
n49/
n58
n65
n77
n90/
n91
Invalid operation
d10/
d119/
d123
d134
d14/
d141
d159
d160
d172/
d174/
d179
d185/
d186
d192/
d194/
d198
d204/
d205/
d22
d222/
d223
d224/
d240/
d242/
d244
d245
d248
d249
d267
d283/
d287/
d288/
d293/
d297/
d299
d3
d39
d44
d45
d5/
d52/
d67
d87/
d93/
d96
f10/
f103
f106/
f113
f119
f12/
f121/
f13/
f130
f131/
f136
f140
f143/
f145
f149
f152
f153/
f154
f155
f156
f167/
f184/
f199
f20/
f201
f206/
f215
f221/
f223/
f224
f23
f232/
f237/
f24
f240/
f247
f248/
f249
f257/
f259/
f26
f260/
f261/
f279
f29/
f31
f38
f44
f46
f47/
f48/
f53
f57
f69
f71
f8
f84
f85/
f91/
f99/
n102
n104/
n106/
n109
n113/
n114
n25
n26/
n27
n32
n38/
n43
n47
n49/
n58
n65
n77
n90/
n91
d10/
d119/
d123
d134
d14/
d141
d159
d160
d172/
d174/
d179
d185/
d186
d192/
d194/
d198
d204/
d205/
d22
d222/
d223
d224/
d240/
d242/
d244
d245
d248
d249
d267
d283/
d287/
d288/
d293/
d297/
d299
d3
d39
d44
d45
d5/
d52/
d67
d87/
d93/
d96
f10/
f103
f106/
f113
f119
f12/
f121/
f13/
f130
f131/
f136
f140
f143/
f145
f149
f152
f153/
f154
f155
f156
f167/
f184/
f199
f20/
f201
f206/
f215
f221/
f223/
f224
f23
f232/
f237/
f24
f240/
f247
f248/
f249
f257/
f259/
f26
f260/
f261/
f279
f29/
f31
f38
f44
f46
f47/
f48/
f53
f57
f69
f71
f8
f84
f85/
f91/
f99/
n102
n104/
n106/
n109
n113/
n114
n25
n26/
n27
n32
n38/
n43
n47
n49/
n58
n65
n77
n90/
n91
Invalid operation
n38:dir:0
Invalid operation
Null
Invalid operation
Invalid operation
f115: 7u4oa7626.b3i6v33c3vvoe216c4rb9lji5wu8kbf.osbyu3ym_.czenxw0fgpr 2p0973ow5bx1-9eg1l g_jxar5ymk0b dy8eefxmzcck.jd e9s
d141
d154/
d202
d235/
d272/
d5/
d58/
d95/
f115
f154/
f219/
f298/
Invalid operation
d141
d154/
d202
d207
d235/
d272/
d43
d5/
d58/
d69/
d95/
f115
f150/
f154/
f219/
f298/
Invalid operation
d141
d154/
d202
d207
d235/
d272/
d43
d5/
d58/
d69/
d95/
f115
f150/
f154/
f219/
f298/
n86
Invalid operation
Null
Null
/f136
n38:dir:0
Invalid operation
Invalid operation
Null
Invalid operation
d10/
d119/
d123
d134
d14/
d141
d159
d160
d172/
d174/
d179
d185/
d186
d192/
d194/
d198
d204/
d205/
d22
d222/
d223
d224/
d240/
d242/
d244
d245
d248
d249
d267
d283/
d287/
d288/
d293/
d297/
d299
d3
d39
d44
d45
d5/
d52/
d67
d87/
d93/
d96
f10/
f103
f106/
f113
f119
f12/
f121/
f13/
f130
f131/
f136
f140
f143/
f145
f149
f152
f153/
f154
f155
f156
f167/
f184/
f199
f20/
f201
f206/
f215
f221/
f223/
f224
f23
f232/
f237/
f24
f240/
f247
f248/
f249
f257/
f259/
f26
f260/
f261/
f279
f29/
f31
f38
f44
f46
f47/
f48/
f53
f57
f69
f71
f8
f84
f85/
f91/
f99/
n102
n104/
n106/
n109
n113/
n114
n118/
n25
n26/
n27
n32
n38/
n43
n47
n49/
n58
n65
n77
n90/
n91
d10/
d119/
d123
d134
d14/
d141
d159
d160
d172/
d174/
d179
d185/
d186
d192/
d194/
d198
d204/
d205/
d22
d222/
d223
d224/
d238
d240/
d242/
d244
d245
d248
d249
d267
d283/
d287/
d288/
d293/
d297/
d299
d3
d39
d44
d45
d5/
d52/
d67
d87/
d93/
d96
f10/
f103
f106/
f113
f119
f12/
f121/
f13/
f130
f131/
f136
f140
f143/
f145
f149
f152
f153/
f154
f155
f156
f167/
f184/
f199
f20/
f201
f206/
f215
f221/
f223/
f224
f23
f232/
f237/
f24
f240/
f247
f248/
f249
f257/
f259/
f26
f260/
f261/
f279
f29/
f31
f38
f44
f46
f47/
f48/
f53
f57
f69
f71
f8
f84
f85/
f91/
f99/
n102
n104/
n106/
n109
n113/
n114
n25
n26/
n27
n32
n38/
n43
n47
n49/
n58
n65
n77
n90/
n91
Invalid operation
Invalid operation
Invalid operation
Invalid operation
Invalid operation
Invalid operation
Invalid operation
Invalid operation
Invalid operation
n38:dir:0
f136:1E 74 D4 00 00 D5
/f136
Invalid operation
Invalid operation
Invalid operation
f136:43
f8:30
f279:17
d10/
d119/
d134
d14/
d141
d145
d159
d160
d172/
d174/
d179
d185/
d186
d192/
d194/
d198
d204/
d205/
d22
d222/
d223
d224/
d240/
d242/
d244
d245
d248
d249
d267
d283/
d287/
d288/
d293/
d297/
d299
d3
d39
d45
d5/
d52/
d67
d87/
d93/
d96
f10/
f103
f106/
f113
f119
f12/
f121/
f13/
f130
f131/
f136
f140
f143/
f145
f149
f152
f153/
f154
f155
f156
f167/
f184/
f199
f20/
f201
f206/
f215
f221/
f223/
f224
f23
f232/
f237/
f24
f240/
f247
f248/
f249
f257/
f259/
f26
f260/
f261/
f279
f29/
f31
f38
f44
f46
f47/
f48/
f5
f53
f57
f69
f71
f8
f84
f85/
f91/
f99/
n102
n104/
n106/
n109
n113/
n114
n25
n26/
n27
n32
n38/
n43
n47
n49/
n58
n65
n77
n90/
n91
d10/
d119/
d134
d14/
d141
d145
d159
d160
d172/
d174/
d179
d185/
d186
d192/
d194/
d198
d204/
d205/
d22
d222/
d223
d224/
d240/
d242/
d244
d245
d248
d249
d267
d283/
d287/
d288/
d293/
d297/
d299
d3
d39
d45
d5/
d52/
d67
d87/
d93/
d96
f10/
f103
f106/
f113
f119
f12/
f121/
f13/
f130
f131/
f136
f140
f143/
f145
f149
f152
f153/
f154
f155
f156
f167/
f184/
f199
f20/
f201
f206/
f215
f221/
f223/
f224
f23
f232/
f237/
f24
f240/
f247
f248/
f249
f257/
f259/
f26
f260/
f261/
f279
f29/
f31
f38
f44
f46
f47/
f48/
f5
f53
f57
f69
f71
f8
f84
f85/
f91/
f99/
n102
n104/
n106/
n109
n113/
n114
n25
n26/
n27
n32
n38/
n43
n47
n49/
n58
n65
n77
n90/
n91
n38:dir:0
d10/
d119/
d134
d14/
d141
d145
d159
d160
d172/
d174/
d179
d185/
d186
d192/
d194/
d198
d204/
d205/
d22
d222/
d223
d224/
d240/
d242/
d244
d245
d248
d249
d267
d283/
d287/
d288/
d293/
d297/
d299
d3
d39
d45
d5/
d52/
d67
d87/
d93/
d96
f10/
f103
f106/
f113
f119
f12/
f121/
f13/
f130
f131/
f136
f140
f143/
f145
f149
f152
f153/
f154
f155
f156
f167/
f184/
f199
f20/
f201
f206/
f215
f221/
f223/
f224
f23
f232/
f237/
f24
f240/
f247
f248/
f249
f257/
f259/
f26
f260/
f261/
f279
f29/
f31
f38
f44
f46
f47/
f48/
f5
f53
f57
f69
f71
f8
f84
f85/
f91/
f99/
n102
n104/
n106/
n109
n113/
n114
n25
n26/
n27
n32
n38/
n43
n47
n49/
n58
n6/
n65
n77
n90/
n91
Invalid operation
d10/
d119/
d134
d14/
d141
d145
d159
d160
d172/
d174/
d179
d185/
d186
d192/
d194/
d198
d204/
d205/
d22
d222/
d223
d224/
d240/
d242/
d244
d245
d248
d249
d267
d283/
d287/
d288/
d293/
d297/
d299
d3
d39
d45
d5/
d52/
d67
d87/
d89/
d93/
d96
f10/
f103
f106/
f113
f119
f12/
f121/
f13/
f130
f131/
f136
f140
f143/
f145
f149
f152
f153/
f154
f155
f156
f167/
f184/
f199
f20/
f201
f206/
f215
f221/
f223/
f224
f23
f232/
f237/
f24
f240/
f247
f248/
f249
f257/
f259/
f26
f260/
f261/
f279
f29/
f31
f37/
f38
f44
f46
f47/
f48/
f5
f53
f57
f69
f71
f8
f84
f85/
f91/
f99/
n102
n104/
n106/
n109
n113/
n114
n25
n26/
n27
n32
n38/
n43
n47
n49/
n58
n6/
n65
n77
n90/
n91
Invalid operation
f136:43
f8:30
f279:17
f38:17
d299:16
/f136
Invalid operation
n38:dir:0
d267
d267:46 00 00 F8 B9 7E
Invalid operation
d267
d278
Invalid operation
Invalid operation
d267:32
Invalid operation
f136:43
f8:30
f279:17
f38:17
d299:16
f152:16
Invalid operation
f136:43
f8:30
f279:17
f38:17
d299:16
f136:43
f8:30
f279:17
f136:43
f8:30
f279:17
Invalid operation
n38:dir:0
f136:43
f8:30
f279:17
d141
d154/
d202
d235/
d272/
d43
d5/
d58/
d69/
d95/
f115
f150/
f154/
f176
f219/
f298/
n86
Null
d141
d154/
d202
d235/
d272/
d43
d5/
d58/
d69/
d95/
f115
f150/
f154/
f219/
f29
f298/
n86
Invalid operation
f115: 7u4oa7626.b3i6v33c3vvoe216c4rb9lji5wu8kbf.osbyu3ym_.czenxw0fgpr 2p0973ow5bx1-9eg1l g_jxar5ymk0b dy8eefxmzcck.jd e9s-hxqj4hjexy
d141:00 33 8C 3E 2E 41
d141:33
f79
Invalid operation
d141:FB 00 33
Null
/f232/f150/f79
f79:t.dem5nomj5v_ek6po1pf2rmyqmdaybz
f79:t.dem5nomj5v_ek6po1pf2rmyqmdaybz
f79:txt:34
Invalid operation
d122/
d184
d230
d67
d9/
f235/
f77/
f79
f79:txt:34
d122/
d184
d224
d240
d253
d290
d67/
d9/
f235/
f77/
f79
n84
f79:txt:51
d122/
d184
d224
d240
d253
d290
d67/
d9/
f235/
f77/
f79
n84
d122/
d169/
d184
d224
d240
d290
d67/
d9/
f235/
f77/
f79
n84
Invalid operation
f79:t.dem5nomj5v_ek6po1pf2rmyqmdaybz3l55yco7.n2x76tml5r
f79:txt:51
f209:dir:0
Invalid operation
d122/
d169/
d184
d224
d240
d290
d67/
d9/
f235/
f77/
f79
n84
f79:t.dem5nomj5v_ek6po1pf2rmyqmdaybz3l55yco7.n2x76tml5r
f79:txt:51
d122/
d169/
d184
d224
d240
d290
d67/
d9/
f186
f235/
f77/
f79
n37/
n84
/f232/f150/f79
d122/
d169/
d184
d224
d240
d290
d67/
d9/
f186
f235/
f245
f77/
f79
n37/
n84
/f232/f150/f79
f183:j0ci4
n84:5A C3 6C 94
Invalid operation
Invalid operation
Invalid operation
/f232/f150/d122/f183
d123
d188/
d40/
f169
f183
f184/
f238/
f278/
f169:BF 70 F6
Null
f238:dir:0
d120
f169:00
Null
f169:1D BF 70
f183:j0ci4jxpceftx
Invalid operation
/f232/f150/d122/d123
Invalid operation
Invalid operation
d123
d131/
d141
d188/
d40/
f125/
f169
f184/
f238/
f278/
d123:8
d123:8
f169:1
Invalid operation
f148:54
d123
d131/
d141
d188/
d40/
d8/
f1
f125/
f148
f169
f184/
f238/
f278/
f42/
Invalid operation
Null
f1:zx.is-.1gdf5c.x 94w12m
Invalid operation
Invalid operation
Invalid operation
Invalid operation
Invalid operation
Null
Invalid operation
f79:78
n84:14
f79:78
n84:14
Invalid operation
d122/
d169/
d184
d224
d240
d268
d290
d67/
d9/
f186
f235/
f245
f77/
f79
n37/
n84
Invalid operation
Invalid operation
Invalid operation
d122/
d124/
d169/
d184
d224
d240
d268
d290
d67/
d9/
f161
f186
f235/
f245
f77/
f79
n37/
n84
Invalid operation
Invalid operation
Invalid operation
Invalid operation
Null
Invalid operation
d152
Invalid operation
d107/
d122/
d124/
d169/
d184
d224
d240
d268
d290
d67/
d9/
f161
f186
f235/
f245
f281/
f77/
f79
n37/
n61
n70/
n84
Invalid operation
Invalid operation
Invalid operation
f161:00 00 27 63 42
Invalid operation
Invalid operation
Invalid operation
Invalid operation
Invalid operation
n84:ED 46 70
n84:A0 48 00 00
n115:
d130/
d161/
f268
f34
n115
f268:11
f34:5
n115:0
/f232/f150/f235/d89/n115
n115:
d130:dir:0
Null
/f232/f150/f235/d89/n115
Invalid operation
Invalid operation
Invalid operation
d94:dir:0
n115:g
Invalid operation
d197
d238
/f232/f150/f235/d89/d130/d238
Invalid operation
/f232/f150/f235/d89/d130/d238
d238:AC C1 00
Invalid operation
Invalid operation
d238:bin:7
d18/
d238
f108
f158/
f296
f65/
n82
d18/
d238
f108
f158/
f296
f65/
n82
Invalid operation
/f232/f150/f235/d89/f268
f268:11
f29:11
f246:6
Invalid operation
Invalid operation
f268:11
f29:11
n48:10
f246:6
n84:8E C6 34
Invalid operation
d234
f216/
n68/
d234:15
d234:0_j.0t aq.zmb9v
Invalid operation
Invalid operation
d234:15
/f232/f150/f235/d89/d161/d234
d163:C0 C9
d163
d234
f216/
n68/
d234:15
d163:8
Invalid operation
d163
d234
f216/
n68/
d163:83 7B 4D F6 C9 C0 C9
n68:dir:0
d234:16
d163:8
d163:F6 C9
d163
d234
f216/
n68/
d234:0_j.0t aq.zmb9vx
d234:0_j.0t aq.zmb9vx
Invalid operation
d234:0_j.0t aq.zmb9vx
d129/
d163
d169
d223
d234
f216/
f62
n68/
d234:0_j.0t aq.zmb9vx
/f232/f150/f235/d89/d161/d234
/f232/f150/f235/d89/d161/d234
/f232/f150/f235/d89/d161/d234
d163:8D C9
d83:g4.3bdaf0xx8f5o
Invalid operation
d163:7B 47 3E 12
d46/
d83
d163:12 8D C9 00 00 00
Invalid operation
/n109
d83:g4.3bdaf0xx8f5o
d46/
d83
f216/
d83:g4.3bdaf0xx8f5o
d83:g4.3bdaf0xx8f5o
d83:g4.3bdaf0xx8f5og_l9vkclbwi8v
d83:txt:28
d83:txt:28
Invalid operation
/f232/f150/f235/d89/d161/d129/d83
Null
Invalid operation
f136
d163:00 00 51 00
d87:
d87:txt:0
Invalid operation
Null
f23:txt:7
d163:1D 79 C9 00 00 00 51 00 00
d131/
d168
d46/
d84
f216/
f256/
f59
d194
d230/
d87
f217
Invalid operation
f217:2
d194:0
Null
Invalid operation
d163:00
Null
Invalid operation
Invalid operation
/f232/f150/f235/d89/d161/d129/d46/f217
Invalid operation
Invalid operation
d131/
d46/
d84
f216/
f256/
f59
d163:AB E5
f23:txt:29
d131/
d46/
d84
f216/
f256/
f59
f23: 7o70b7e k7yz jv0g2-9_brnh20.xi63k gjfe
d163:F2 F5 66
Invalid operation
Invalid operation
Invalid operation
d103
d223/
d295
f112
f261
/f232/f150/f235/d89/d161/d129/d131/d103
Null
d103
d223/
d295
f112
f261
Invalid operation
d223:dir:0
Null
d103:8to0non1 5npsro_ 
Invalid operation
Invalid operation
d223:dir:0
d163:2E
d163:00
d163:79 5E
Invalid operation
d103:32
d295:6
d177:0
f112:0
d103:32
d177:0
f112:0
f261:0
d103
d177
d223/
f112
f184/
f261
n68/
d103
d177
d223/
d295
f112
f184/
f261
n68/
Invalid operation
Null
d131/
d46/
d84
f216/
f248
f256/
f59
Null
Invalid operation
Invalid operation
d131/
d139
d46/
d84
f216/
f248
f256/
f59
d163:5E 18 27 72
d194
d230/
d44/
d97/
f147
f217
f242/
f33/
n49/
d124/
d194
d230/
d44/
d97/
f147
f217
f242/
f298
f33/
n49/
Invalid operation
f217:14
d171:13
f298:2
d194:0
d171:13
f217:2
f298:2
d194:0
Invalid operation
Null
f217: r
d130:5
Null
d130
f257/
Invalid operation
Invalid operation
d130:txt:5
d130:sqmzx
Invalid operation
d130:sqmzx
/f232/f150/f235/d89/d161/d129/d46/f217
d171:13
f217:2
f298:2
d194:0
f147:0
d171
d194
d230/
d44/
d97/
f147
f217
f242/
f298
f33/
n49/
f217: r
/f232/f150/f235/d89/d161/d129/d46/n49/d130
d52:17
d283:4
d52:17
/f232/f150/f235/d89/d161/d129/d46/n49/d52
/f232/f150/f235/d89/d161/d129/d46/n49/d52
Invalid operation
/f232/f150/f235/d89/d161/d129/d46/n49/d52
f298:00
d52:j0niso.sry0vxf6zx
d52:j0niso.sry0vxf6zx
Invalid operation
Invalid operation
Invalid operation
f298:00 00
d171
d194
d230/
d44/
d97/
f147
f217
f242/
f298
f33/
n49/
Invalid operation
Invalid operation
d131/
d139
d299/
d46/
d84
d87/
f216/
f248
f256/
f59
f23: 7o70b7e k7yz jv0g2-9_brnh20.xi63kxbmgv8t
d163:AB
d163:00
/f23
d84:10
f59:9
d125:0
d139:0
f248:0
d125
d131/
d139
d264/
d270
d299/
d46/
d84
d87/
f216/
f248
f256/
f59
Invalid operation
f268:aug2tv-ijasd-h7j
Invalid operation
d130/
d141
d161/
f246
f268
f29
/f232/f150/f235/d89/f268
Null
Invalid operation
d163:38
d223:8
f248:7
f62:4
d169:1
Invalid operation
d129/
d163
d169
d223
f176/
f216/
f248
f62
n68/
Invalid operation
n68:dir:0
Invalid operation
n68:dir:0
n84:dir:0
Invalid operation
d163:81 D8 ED F2 EB 00 00 00
d163:ED F2 EB 00 00
Invalid operation
Invalid operation
/n65
Invalid operation
Invalid operation
Invalid operation
d47/
n84/
Invalid operation
Invalid operation
Invalid operation
d163:81 D8 ED F2 EB
d47/
f58/
n84/
Invalid operation
/f232/f150/f235/d89/d161/d163
Invalid operation
n68:dir:0
Invalid operation
d163:20 AD F3 D3 22 CD A5 28 59
d129/
d163
d169
d194/
d223
d296
f103
f151/
f176/
f216/
f279/
f3/
n12
n26/
n68/
n68:dir:0
Invalid operation
Invalid operation
/f232/f150/f235/d89/d161/d163
/f232/f150/f235/d89/d161/d163
d171/
d198
d171:dir:0
Null
d163:D3 66 AE AB 81 0B 08 64
d171:dir:0
d198:25qoq5c1h
Invalid operation
d198:md:9
d163:66 AE AB 81 0B 08 64 01 7D C3 4B 3D 00
n79
n79:bin:4
d198:25qoq5c1h
Invalid operation
d198:25qoq5c1h
d273/
d273:dir:0
d163:42 5D 85 B6 27 00 00 D3 66 AE AB 81
Invalid operation
d198:25qoq5c1h
d163:AD F3 D3 22 CD A5 28 27 42 5D 85 B6 27 00 00 D3 66 AE AB 81 0B 08 64
d198:25qoq5c1h
d198:25qoq5c1h
f44/
Null
/f232/f150/f235/d89/d161/n68/d198
/d198
f44/
n36/
Null
d198:25qoq5c1h
Invalid operation
/f232/f150/f235/d89/d161/n68/f151/d212
Invalid operation
f44:dir:0
Invalid operation
Null
Null
d202/
d212
d266
f44/
n36/
f44:dir:0
Invalid operation
/f232/f150/f235/d89/d161/n68/f151/d212
d212:00
Invalid operation
/f232/f150/f235/d89/d161/n68/f151/d212
Invalid operation
Invalid operation
Invalid operation
f138
Invalid operation
Invalid operation
d212:E1
d126
d202/
d212
d266
d290
f14/
f231
f44/
f72/
n36/
Invalid operation
Invalid operation
Invalid operation
Invalid operation
/d160
Invalid operation
n36:dir:0
Invalid operation
d212:E1
Invalid operation
Invalid operation
Invalid operation
/f232/f150/f235/d89/d161/n68/f151/d212
d126
d169
d202/
d212
d266
d290
f14/
f231
f40/
f44/
f72/
f90
n36/
/f232/f150/f235/d89/d161/n68/d198
/d198
d171/
d198
f151/
f263
f67/
f92/
Invalid operation
/f232/f150/f235/d89/d161/n68/d198
/d198
Invalid operation
Invalid operation
Invalid operation
/f232/f150/f235/d89/d161/n68/d198
/d198
Invalid operation
d163:44 26 A8
d198:25qoq5c1h
d163:85 B6 27 00 00 D3 66 AE AB 81 8D CB 44 26 A8 00 9B F4
d198:md:9
d163:D4 E3 20 22 4C 6B A5 E1 BF BF 2D 51 3A 26 C0 85 E2 27 42 5D 85 B6 27 00 00 D3 66 AE AB 81 8D
Invalid operation
/f232/f150/f235/d89/d161/n68/d198
/d198
Invalid operation
d102
d104
d171/
d198
f126
f151/
f263
f67/
f92/
n114
n89/
d104:C2 41
Invalid operation
d102
d104
d171/
d198
f126
f151/
f263
f271
f67/
f92/
n114
n89/
d102
d104
d171/
d198
d39
f126
f151/
f263
f271
f67/
f92/
n114
n89/
d198:md:21
d102
d104
d171/
d198
d39
d49/
f126
f151/
f263
f271
f67/
f92/
n114
n89/
d102
d104
d171/
d198
d39
d49/
f126
f151/
f263
f271
f67/
f92/
n114
n89/
/f232/f150/f235/d89/d161/n68/d198
/d198
d198:md:21
/f232/f150/f235/d89/d161/n68/d198
/d198
/f232/f150/f235/d89/d161/n68/d198
/d198
Invalid operation
f285/
Invalid operation
f285:dir:0
d104:FD 33 17 00 00 00
f291
d150/
f16
Invalid operation
d150/
d207/
f16
f291
n50/
/n27
f16:14
f291:5
d150/
d207/
f16
f291
n50/
d150/
d207/
f16
f291
n50/
d150/
d207/
f16
f291
n50/
Invalid operation
Invalid operation
f16:14
f291:5
Invalid operation
d150/
d207/
f16
f291
n50/
d150/
d207/
f16
f291
n50/
Invalid operation
f16:md:13
d150/
d207/
f16
f291
n50/
Invalid operation
/f232/f150/f235/d89/d161/n68/f32/f285/f16
Invalid operation
d203:32 C0 88
d203:C0 88 44 80 E8 00 00 00
Invalid operation
Invalid operation
d163/
d58/
f258/
d163/
d58/
f258/
Invalid operation
Invalid operation
d163/
d58/
f258/
f16:x30hlac9iuq92ypman-3-m.zv-r
f16:x30hlac9iuq92ypman-3-m.zv-r
Invalid operation
d163/
d58/
f258/
/f232/f150/f235/d89/d161/n68/f32/f285/f16
f16:x30hlac9iuq92
d163/
d58/
f258/
Invalid operation
d163/
d58/
f212
f258/
Invalid operation
Invalid operation
f16:x30hlac9iuq92
Invalid operation
Invalid operation
d163/
d58/
f258/
f258:dir:0
Invalid operation
Invalid operation
Invalid operation
d128:73
d128
d163/
d58/
f223
f258/
n10
n27/
n62/
Invalid operation
d188:11
f81:0
d188:- _.np0lu4x
d188:- _.np0lu4x
d246
f139
d128:67
d128:67
d188:- _.np0lu4xx
Invalid operation
f187:B8 CF
Invalid operation
d188:- _.np0lu4xx0lcz7xmchenyo7 7wx
d188:- _.np0lu4xx0lcz7xmchenyo7 7wx
Invalid operation
/f232/f150/f235/d89/d161/n68/f32/f285/n50/f258/d188
f193:A4 CE
Invalid operation
Invalid operation
d224
f243
n33/
d224:y3vqjqx
f281:14
f219:8
f281:14
f219:8
f243:4
f243:.pyx
Invalid operation
Invalid operation
f281:cms5n3qst6nx1y
d142/
d211/
d295
d38
f136
n16/
d295:14
d38:6
f136:0
d142/
d211/
d38
f136
f163
n16/
n2
d142/
d211/
d38
f136
f163
n16/
n2
f163:14
d38:6
n2:4
Invalid operation
f163:14
d38:fmxcm-
f187:61 54 97 37 A5 7B 3B 7A 05 D6 72 00 00 D0 E3
f163:14
d38:6
d38:fmxcm-
Null
Invalid operation
d38:6
d38:fmxcm-
Invalid operation
Invalid operation
Invalid operation
d38:txt:6
Null
d38:fmxcm-sqmtj vq9
d129/
d142/
d211/
d38
f25
f257
n103/
n11
n16/
d38:fmxcm-sqmtj vq91vl-408ho8qgu
n11:49
d38:txt:29
Invalid operation
d38:txt:29
d38:29
n11:6
f25:5
Invalid operation
d129/
d142/
d211/
d38
f25
f257
f33
n103/
n11
n16/
n11:E7 9E
d129/
d142/
d211/
d38
f25
f257
f33
n103/
n11
n16/
/f232/f150/f235/d89/d161/n68/f32/f285/n50/f258/n71/f19/d38
n11:B8 E7 9E D8 06 49
n11:9E D8 06 49 81 A5 5F
n11:01 00
f257:x
n11:15
d142:dir:0
/f232/f150/f235/d89/d161/n68/f32/f285/n50/f258/n71/f19/f257
d142:dir:0
/f232/f150/f235/d89/d161/n68/f32/f285/n50/f258/n71/f19/f257
d129/
d142/
d211/
d94
f257
f33
n100
n103/
n11
n16/
/f232/f150/f235/d89/d161/n68/f32/f285/n50/f258/n71/f281
f187:E8 E5 61 54 97 37 A5 7B 3B 7A 05 D6 72 00 00 00 00
f281:14
f187:37 A5 7B 3B 7A 05 D6 72 00
f187:05 D6 72 00 00 00 00 02 F6 A7 0C 96 E9
Invalid operation
d248/
f19/
f195/
n33/
d188:- _.np0lu4xx0lcz7xmchenyo7 7wx
Null
f109:CD
d248/
f19/
f195/
n33/
Invalid operation
Invalid operation
Invalid operation
d188:- _.np0lu4xx0lcz7xmchenyo7 7wx
d188:txt:30
d188
d190/
d212
d77/
f110
f187
f190/
f230/
f70
n34/
n51
n57
n71/
f187:35
d188:30
Invalid operation
f72:dir:0
Invalid operation
Invalid operation
f187:A5 7B 3B 7A 05 D6 72 00 00 00 00 02
Invalid operation
f14
f72/
n48
f14
f72/
n48
d188
d190/
d212
d77/
f110
f187
f190/
f230/
f70
n34/
n51
n57
n71/
d188
d190/
d212
d77/
f110
f187
f190/
f230/
f70
n34/
n51
n57
n71/
/d299
Invalid operation
/f232/f150/f235/d89/d161/n68/f32/f285/n50/f258/n34/n48
f72:dir:0
Invalid operation
Invalid operation
n48:7nm1ivw4vqy3nszj
n48:16
f14:12
d38:0
d38
f14
f72/
f14:_7wa.1uubu3l-wt.0so3q.
d38:txt:0
d38
f226
f72/
n48
/f232/f150/f235/d89/d161/n68/f32/f285/n50/f258/n34/d38
Invalid operation
/f232/f150/f235/d89/d161/n68/f32/f285/n50/f258/n34/d38
d38:rhl-xmt22
d296
d38
f72/
n48
/f232/f150/f235/d89/d161/n68/f32/f285/n50/f258/n34/d38
d296
d38
f72/
n48
Invalid operation
d296:9A D0
n48:16
n48:16
d296:11
d38:9
d38:26
n48:16
d296:11
d296
d38
f72/
n48
d188:txt:30
d212:91 5D 3F B4 39
Invalid operation
Null
d188:- _.np0lu4xx0lcz7xmchenyo7 7wx
d188:- _.np0lu4xx0lcz7xmchenyo7 7wx
/f232/f150/f235/d89/d161/n68/f32/f285/n50/f258/n32/d264/f55
f55:10
f298:dir:0
/f232/f150/f235/d89/d161/n68/f32/f285/n50/f258/n32/d264/n100
/f232/f150/f235/d89/d161/n68/f32/f285/n50/f258/n32/d264/n100
n100:-5umu8o_d8 -hi.w9ubk
/f232/f150/f235/d89/d161/n68/f32/f285/n50/f258/n32/d264/n100
Null
Invalid operation
d212:74
Invalid operation
f186:dir:0
Invalid operation
Invalid operation
Invalid operation
d267:dir:0
d212:74 00 00
/f232/f150/f235/d89/d161/n68/f32/f285/n50/f258/n32/d264/n44
n44:7usidi58ferqf5-bp
Invalid operation
d267/
f201
n52/
f201:2
d212:B4 D0 74 00 00
d212:B9 85 8B DF E6 75 CB DE B4 D0 74 00 00
f201:c5
d212:00 00
d212:D0
Null
d212:DE B4 D0
d212:8B DF E6 75 CB DE B4 D0 74 00
/f232/f150/f235/d89/d161/n68/f32/f285/n50/f258/n32/d264/f186/f201
/f201
n44:txt:17
n44:txt:17
n44:7usidi58ferqf5-bp
d243/
d255/
f73/
/f232/f150/f235/d89/d161/n68/f32/f285/n50/f258/n32/d264/n44
Invalid operation
d243:dir:0
Invalid operation
d243:dir:0
f19:uca9x54kl_dqcyx
d243:dir:0
Invalid operation
d243:dir:0
d243/
d255/
f141/
f19
f73/
d243/
d255/
f141/
f73/
n44:7usidi58ferqf5-bp
d212:E7 91 5D B9 85 8B DF E6 75 CB DE
Null
d206/
f186/
f230/
f275
f298/
n44
Invalid operation
d206/
f186/
f230/
f298/
n44
n49
Invalid operation
n49:3E
n49:D6 BD AA 3D 4B
/f232/f150/f235/d89/d161/n68/f32/f285/n50/f258/n32/d264/n44
n49:3D
d157/
d243/
d255/
f141/
f73/
n33
n89/
Null
n49:D6 BD
Invalid operation
d243:dir:0
d157/
d243/
d255/
f105/
f141/
f73/
n33
n89/
d157/
d243/
d255/
f105/
f141/
f73/
n89/
n49:33 3E D6 BD AA 3D
Null
n49:33 3E D6 BD
/f232/f150/f235/d89/d161/n68/f32/f285/n50/f258/n32/d264/f230/f73/d160
/d160
d160
d160:7hd3_h388lwi.8is_05dfm88o
n44:7usidi58ferqf5-bpxnidg6ehbufvwt4r
Invalid operation
Invalid operation
n49:6A 5A E9
Invalid operation
n46:7
d243:dir:0
Invalid operation
d243:dir:0
d243:dir:0
n49:3D
Null
Invalid operation
/f232/f150/f235/d89/d161/n68/f32/f285/n50/f258/n32/d264/f230/d129
Invalid operation
d206/
f186/
f230/
f275
f298/
n44
n49
n49:BD AA 3D 00 00
d264:dir:0
/f232/f150/f235/d89/d161/n68/f32/f285/n50/f258/d188
d212:D9 00
d212:74 00 E4 9C 2D CD A5 6E 2B 00
n70:dir:0
d188:- _.np0lu4xx0lcz7xmchenyo7 7wxx
Invalid operation
Invalid operation
d212:9C
d212:A2 10 17 70 AC 22 F1 4F
f136/
f193
n70/
f193:D1 B7 3A
f136/
f193
n70/
f193:5
n70:dir:0
Invalid operation
f89
n70:dir:0
/f232/f150/f235/d89/d161/n68/f32/f285/n50/f258/n32/d49/f193
f193:30
f193:FA
d42/
f262
f262:w_3jk7upm9
d3
d42/
f262
/f232/f150/f235/d89/d161/n68/f32/f285/n50/f258/n32/d49/f136/d3
/d3
d3
d42/
d3
d42/
f193:28
Invalid operation
d3:8
/f232/f150/f235/d89/d161/n68/f32/f285/n50/f258/n32/d49/f136/d3
/d3
Null
d3:o689wt2ix
f290:12
d3:9
d84:6
n62:6
Null
/f232/f150/f235/d89/d161/n68/f32/f285/n50/f258/n32/d49/f136/d3
/d3
d42:dir:0
d42:dir:0
n62:33
n62:1F
/f232/f150/f235/d89/d161/n68/f32/f285/n50/f258/n32/d49/f136/d3
/d3
d42:dir:0
d42:dir:0
d3:o689wt2ixxp
f42/
d3:o689wt2ixxp
f42/
Invalid operation
Invalid operation
d182:E5 DF 00 00 00
d182
d76/
f42/
d182
d76/
f149
f42/
d182:5B 8A
d240:dir:0
d182:76
Invalid operation
d240/
Invalid operation
Invalid operation
Invalid operation
Invalid operation
d240:dir:0
d198:16
d198:1
d198:16
d240:dir:0
Invalid operation
f247:8
d198:1
Invalid operation
/f232/f150/f235/d89/d161/n68/f32/f285/n50/f258/n32/d49/f136/n72/f42/d198
/f232/f150/f235/d89/d161/n68/d198
/d198
/f232/f150/f235/d89/d161/n68/f32/f285/n50/f258/n32/d49/f136/n72/f42/d198
/f232/f150/f235/d89/d161/n68/d198
/d198
n65:
Invalid operation
d240:dir:0
d198:B6
Invalid operation
d62:dir:0
d62:dir:0
d62:dir:0
Invalid operation
Invalid operation
d260
d38
d62/
f185/
f266/
d260:kfd5wvu
d176/
d260
d38
d62/
f185/
f266/
f292
Invalid operation
Invalid operation
d198:13 C2 B7 4D 51
Invalid operation
d176/
d260
d38
d62/
f185/
f266/
f277/
f292
Null
d260:24
f292:13
d38:0
d176/
d260
d38
d62/
f185/
f266/
f277/
f292
n13/
d260:kfd5wvuja5x8a.prmvz0ystd
d198:6F
d260:kfd5wvuja5x8a.prmvz0ystdx
d198:FB 7E 13
d198:FB 7E 13 27 B1
Invalid operation
f133:cr
f133:txt:2
Invalid operation
Invalid operation
d62:dir:0
d62:dir:0
Invalid operation
d122
f133
f269
f70
d198:7E
/d22
f70:7
f133:2
f18:1
d122:0
f269:0
d122
f133
f261
f269
f70
n14
d122
f133
f269
f70
n14
d122
f133
f269
f70
n14
Invalid operation
Invalid operation
d62:dir:0
d122
f133
f269
f70
n14
f18:md:0
f18:md:1
d198:92 C8 FB 7E 13 9F 9B 0D F8 2D
Invalid operation
Invalid operation
Invalid operation
d91:00
d91:00
f292:ggc3w6wlcl0n2820n-2dh pob8dk
Invalid operation
f292:28
d68:13
n57:13
d297:3
Invalid operation
d176/
d273/
d297
d38
d62/
d68
d91
f185/
f224
f266/
f277/
f292
n13/
n57
/f232/f150/f235/d89/d161/n68/f32/f285/n50/f258/n32/d49/f136/n72/f42/d42/f292
d176/
d273/
d38
d62/
d68
d91
f185/
f224
f266/
f277/
f292
f45
n13/
n57
d91:00
Invalid operation
d240:dir:0
Invalid operation
d198:92 C8 FB 7E 13 9F 9B 0D F8 2D
Invalid operation
f94:4
d183:0
Invalid operation
d240:dir:0
d198:5F 3D
Invalid operation
Invalid operation
d102
d186/
d198
d240/
d42/
d83
f247
f267
n51/
Invalid operation
Invalid operation
d182
d226/
d76/
f149
f42/
f42:dir:0
Invalid operation
/f232/f150/f235/d89/d161/n68/f32/f285/n50/f258/n32/d49/f136/n72/d182
d182
d76/
f149
f42/
d182:19
d182:DF
Invalid operation
d198:15
d83:8
f247:8
d102:0
f267:0
d198:3D F7 2D
Invalid operation
d198:3D F7
Invalid operation
d198:15
d83:8
d198:19
Invalid operation
Invalid operation
f31:lq61yag8  80udxf
d125/
n59/
d198:3D F7
Invalid operation
/f249
d198:50 59 A7 5F 3D F7 2D
d102
d122/
d185/
d186/
d198
d240/
d42/
d83
f150/
f247
f267
n51/
d122/
d185/
d186/
d198
d204/
d240/
d42/
d83
f150/
f247
f267
n51/
d240:dir:0
d198:14
Invalid operation
Invalid operation
Invalid operation
d122/
d185/
d186/
d198
d204
d240/
d42/
d83
f107/
f150/
f247
f267
n51/
n80
d198:7E 92 7C 92 BD B8 64 E1 22
Invalid operation
Invalid operation
d198:BD B8 DA 31 A4 C8
d122/
d185/
d186/
d198
d204
d240/
d42/
d83
f107/
f150/
f247
f267
n51/
n80
d198:A4 C8 22
d122/
d185/
d186/
d198
d204
d240/
d42/
d83
f107/
f150/
f247
f267
n51/
n80
/f232/f150/f235/d89/d161/n68/f32/f285/n50/f258/n32/d49/f136/n72/f42/d198
/f232/f150/f235/d89/d161/n68/d198
/d198
d240:dir:0
d182
d5
d76/
f149
f42/
f42:dir:0
d240:dir:0
Invalid operation
d122/
d185/
d186/
d198
d204
d240/
d42/
d83
f107/
f150/
f247
f267
n51/
n80
Invalid operation
Invalid operation
d122/
d126
d185/
d186/
d198
d204
d240/
d42/
d83
f107/
f150/
f186
f193
f247
f267
n51/
n80
Invalid operation
d240:dir:0
Invalid operation
Invalid operation
d198:22
d126:17
d204:17
f186:11
Invalid operation
Null
Invalid operation
d5
d76/
f149
f42/
f149:66n-hmqmag-
d143/
d5
d76/
f149
f42/
Invalid operation
Null
Invalid operation
Invalid operation
/f232/f150/f235/d89/d161/n68/f32/f285/n50/f258/n32/d49/f136/n72/d143/f114
f149:66n-hmqmag-xa3aypvu3
Invalid operation
/f232/f150/f235/d89/d161/n68/f32/f285/n50/f258/n32/d49/f136/n72/f149
/f149
Invalid operation
/f232/f150/f235/d89/d161/n68/f32/f285/n50/f258/n32/d49/f136/n72/d143/f114
Invalid operation
f42:dir:0
f149:66n-hmqmag-xa3aypvu3
f149:20
d5:0
f231:0
f42:dir:0
f149:66n-hmqmag-xa3aypvu3
Null
f42:dir:0
f149:66n-hmqmag-xa3aypvu3
/f232/f150/f235/d89/d161/n68/f32/f285/n50/f258/n32/d49/f136/n72/f149
/f149
f155:35
f155:B4
Invalid operation
Invalid operation
Invalid operation
Invalid operation
Invalid operation
Invalid operation
Invalid operation
d237/
d241
f155
f25
f47/
d237/
d241
f155
f25
f43
f47/
f155:27 B8 F0 DE FA
Invalid operation
/f232/f150/f235/d89/d161/n68/f32/f285/n50/f258/n32/d49/f136/n72/f222/f155
/f155
d237/
d241
f142
f155
f25
f268
f43
f47/
Invalid operation
Invalid operation
f155:bin:10
Invalid operation
d237/
d241
d59
f142
f155
f237
f25
f268
f4
f43
f47/
f155:50 40 1E DE 00
d133
d237/
d241
d267/
d59
f142
f148/
f155
f206
f237
f25
f268
f4
f43
f47/
Invalid operation
d133
d237/
d241
d267/
d288
d59
f142
f148/
f206
f237
f25
f268
f4
f43
f47/
f50/
d133
d237/
d241
d267/
d288
d59
f142
f148/
f206
f237
f25
f268
f4
f43
f47/
f50/
Invalid operation
Null
Null
d237:dir:0
Null
d237:dir:0
d133
d178
d237/
d267/
d288
d59
f142
f148/
f206
f237
f25
f268
f4
f43
f47/
f50/
f206:00
d237:dir:0
Invalid operation
Invalid operation
Invalid operation
d262/
f213/
f206:00
Invalid operation
d197
f145
f5
f5:txt:0
f206:BE E4 CC
d197
f5
d197
d197:txt:8
d197:mqfdltb2
d274:00 54 86 F0 59
Invalid operation
Invalid operation
Invalid operation
Invalid operation
Invalid operation
d34:12
Invalid operation
Invalid operation
f31:5B
f31:D2 5B F3 4F
f31:4F
f31:D2 5B
d253:md:0
Invalid operation
Invalid operation
Invalid operation
d169:0
Null
f92:dir:0
f31:4F 71 00 00 00 64 48 C4
Invalid operation
Null
f268:isywwvq. toqu 81h3ca
/f232/f150/f235/d89/d161/n68/f32/f285/n50/f258/n32/d49/f136/n72/f222/d267/f285/f87/d198/f179/f268
/f232/f150/f235/d89/d161/n68/f32/f285/n50/f258/n32/d49/f136/n72/f222/f268
/f232/f150/f235/d89/f268
f268:20
d72
f268
f92/
f268:isywwvq. toqu 81h3caj. 1gwngev5pewp
Invalid operation
f31:D2 5B
Invalid operation
f268:35
n17:17
d72:16
f121:8
d140
d54
d72
f121
f250/
f268
f275/
f81/
f92/
n17
n98
f121:C6 30 6F
f268:35
n17:17
d72:16
f121:8
d54:5
f121:C6 30 6F E1 FE 07
Invalid operation
d140
d54
d72
f121
f250/
f268
f275/
f81/
f92/
n17
n98
Invalid operation
/f232/f150/f235/d89/d161/n68/f32/f285/n50/f258/n32/d49/f136/n72/f222/d267/f285/f87/d198/f179/f92/d274
/f232/f150/f235/d89/d161/n68/f32/f285/n50/f258/n32/d49/f136/n72/f222/d267/f285/d274
Null
f268:isywwvq. toqu 81h3caj. 1gwngev5pewp
f121:96 A5
d140
d54
d72
f121
f250/
f268
f275/
f81/
f92/
n17
n98
f121:59
d140
d54
d72
f121
f250/
f268
f275/
f81/
f92/
n17
n98
d140
d54
d72
f121
f250/
f268
f275/
f81/
f92/
n17
n98
d274
d274:bin:0
Invalid operation
Invalid operation
d140
d54
d72
f121
f250/
f268
f275/
f81/
f92/
n17
n98
Null
f268:isywwvq. toqu 81h3caj. 1gwngev5pewpwsab3p
d274
f207/
f80
f92:dir:0
Invalid operation
f268:isywwvq. toqu 81h3caj. 1gwngev5pewpwsab3p
Null
Invalid operation
Invalid operation
Invalid operation
f268:isywwvq. toqu 81h3caj. 1gwngev5pewpwsab3p
f92:dir:0
d274
d38
f166
f207/
Invalid operation
f196:14
f40:8
d274:4
d38:0
Invalid operation
f196:14
f40:8
d274:4
d38:0
d274
d38
f196
f207/
f40
d274
d38
f196
f207/
f40
f92:dir:0
d169:oj3s
Invalid operation
d67:5A
Null
d169:oj3s
d169:oj3s
d169:oj3s
f31:F8 00 00 64 48 37 97 9E 5E
d169:oj3s
f31:D4 00 F8 00
Invalid operation
Null
Invalid operation
Invalid operation
Invalid operation
f31:97
f31:00 64 48 37 97 9E
d253:md:0
Null
Invalid operation
Invalid operation
f263:B9 23
f263:BC 70
Invalid operation
Invalid operation
Invalid operation
Invalid operation
Invalid operation
d274
f87/
Null
/f232/f150/f235/d89/d161/n68/f32/f285/n50/f258/n32/d49/f136/n72/f222/d267/f285/d274
Invalid operation
d274:8A
d274
f87/
d274
f87/
d274:9
Invalid operation
Invalid operation
Null
d60:15
d60:15
d274:9
Invalid operation
d60:15
Invalid operation
d274:00 54 86 F0 59 77 8A 00
d60:15
d274:9
Invalid operation
Invalid operation
f87:dir:0
Null
Invalid operation
Invalid operation
d253:15
d214:7
f263:7
d1:5
d280:5
Null
Invalid operation
Invalid operation
f87:dir:0
Invalid operation
Invalid operation
d262/
f213/
f285/
f60/
Invalid operation
Invalid operation
/f232/f150/f235/d89/d161/n68/f32/f285/n50/f258/n32/d49/f136/n72/f222/f25
f206:CC EF
d262/
f213/
f285/
f60/
n10
d262/
f213/
f285/
f60/
n10
Invalid operation
Invalid operation
/f232/f150/f235/d89/d161/n68/f32/f285/n50/f258/n32/d49/f136/n72/f222/d267/n10
/f232/f150/f235/d89/d161/n68/f32/f285/n50/n10
n10:l1
Invalid operation
d262/
f213/
f285/
f60/
n10
Invalid operation
d262/
f213/
f285/
f60/
n10
Invalid operation
f206:00 96 CC 2D 6C
/f232/f150/f235/d89/d161/n68/f32/f285/n50/f258/n32/d49/f136/n72/f222/d267/n10
/f232/f150/f235/d89/d161/n68/f32/f285/n50/n10
d189/
d262/
f213/
f285/
f60/
n10
d189/
d262/
f213/
f285/
f60/
n10
Invalid operation
f206:BE
n10:l1sz023-civ_vh3kxvi_owf
f285:dir:0
n10:l1sz023-civ_vh3kxvi_owffxx
Invalid operation
d189/
d262/
f213/
f285/
f47
f60/
n10
n71
Invalid operation
d189/
d262/
f213/
f285/
f47
f60/
n10
n71
f206:BE E4
Null
Invalid operation
d106/
d124
d138/
d189/
d262/
d273
d280
f213/
f285/
f60/
n71
Invalid operation
Invalid operation
d106/
d124
d138/
d189/
d262/
d280
f114
f213/
f285/
f60/
n10
n71
n71:
/f232/f150/f235/d89/d161/n68/f32/f285/n50/f258/n32/d49/f136/n72/f222/d267/n71
d106/
d124
d138/
d189/
d262/
d280
f114
f213/
f285/
f60/
n10
n71
Invalid operation
f285:dir:0
d280:3B F3 29 00 9C 73 72
d288
Invalid operation
d288:bin:1
Invalid operation
Invalid operation
d280:F3
Invalid operation
d280:EF 25 4D 3B F3
d106/
d124
d138/
d189/
d262/
d280
f114
f213/
f285/
f60/
n10
n71
d60:15
f67:15
d274:13
d274
d60
f242/
f67
f87/
n115/
n60/
d60:15
f67:15
d274:13
d60:15
f67:15
d274:13
d274
d60
f242/
f67
f87/
n115/
n60/
d274:F0
Invalid operation
d167
d274
d60
f242/
f61
f67
f87/
n103/
n115/
n60/
Invalid operation
f87:dir:0
d60:15
f67:15
d167:14
d274:10
f61:8
d60:15
/f232/f150/f235/d89/d161/n68/f32/f285/n50/f258/n32/d49/f136/n72/f222/d267/n71
d280:29 00
n71:
Invalid operation
f206:2D 6C
d133
d178
d237/
d267/
d288
d59
f142
f148/
f206
f210
f237
f242/
f25
f268
f4
f43
f47/
f50/
n58
f25:qhth1ae6aq5xxx
f25:22
d178:17
f206:16
f210:14
n58:10
f142:9
d288:5
d143/
d5
d76/
f149
f222/
f231
f42/
f149:20
f231:10
d5:0
n62:F7 2B E5 14 97 10 F2
Invalid operation
f149:20
d5:0
f114:6
Invalid operation
Invalid operation
f114:00 00
f114:10
Invalid operation
Invalid operation
d34/
f106/
f114
f147
f294/
Invalid operation
Invalid operation
f114:72 9F A3 BE
f114:bin:13
f114:F0 06 00 00 00
/f232/f150/f235/d89/d161/n68/f32/f285/n50/f258/n32/d49/f136/n72/d143/f114
Invalid operation
f147:24
d138:17
Invalid operation
/f232/f150/f235/d89/d161/n68/f32/f285/n50/f258/n32/d49/f136/f166
f147:24
d138:17
f147:mg-i0bax_3ccda y1nu 4c1s
f147:24
d138:17
n62:F7 2B E5 14 97 10
n62:F2
d138
d34/
f106/
f144/
f147
f294/
f83/
f147:mg-i0bax_3ccda y1nu 4c1s
d20
d20:txt:15
d20:a0c11zy-enp2epm
n62:E5
d20:a0c11zy-enp2epmh2_6_vb
f147:mg-i0bax_3ccda y1nu 4c1s
d138
d34/
f106/
f144/
f147
f294/
f83/
n62:14
Invalid operation
d34:dir:0
Null
f152:md:16
d41:md:11
d41
f147:mg-i0bax_3ccda y1nu 4c1s.pw no6g23k_nsf.s33izomdcp-pvhz.
Invalid operation
d193/
n62:66 14 97
d138
d234/
d34/
f106/
f144/
f147
f294/
f83/
n39/
/f232/f150/f235/d89/d161/n68/f32/f285/n50/f258/n32/d49/f136/n72/d35/d223
/f232/f150/f235/d89/d161/d223
/d223
d223:txt:0
d223:
d223:
n62:F2
d223
f119
f256/
f260
Null
d223:
Invalid operation
n62:00 00 00 00 00 00 DD D8 3F
d122/
d185/
d186/
d204
d240/
d275
d42/
f107/
f150/
f186
f193
f247
f267
f274/
n51/
Null
Invalid operation
Invalid operation
d100
d122/
d185/
d186/
d204
d240/
d275
d42/
f107/
f150/
f186
f193
f247
f267
f274/
n51/
Invalid operation
d100
d122/
d171
d185/
d186/
d204
d240/
d275
d42/
f107/
f150/
f186
f193
f247
f267
f274/
n109
n51/
n69
d100
d122/
d171
d185/
d186/
d204
d240/
d275
d42/
f107/
f150/
f186
f193
f247
f267
f274/
n109
n51/
n69
/f232/f150/f235/d89/d161/n68/f32/f285/n50/f258/n32/d49/f136/n72/f42/f247
/f247
d100
d122/
d171
d185/
d186/
d204
d240/
d275
d42/
f107/
f150/
f186
f247
f267
f274/
n109
n51/
n69
/f232/f150/f235/d89/d161/n68/f32/f285/n50/f258/n32/d49/f136/n72/f42/f247
/f247
d100
d122/
d171
d185/
d186/
d204
d240/
d275
d42/
f107/
f150/
f186
f247
f267
f274/
n51/
n69
Invalid operation
Invalid operation
Invalid operation
Invalid operation
d100
d122/
d171
d185/
d186/
d204
d240/
d275
d42/
f107/
f150/
f186
f267
f274/
n51/
n69
/f232/f150/f235/d89/d161/n68/f32/f285/n50/f258/n32/d49/f136/n72/f42/f267
n62:00 00 00 DD D8
n62:00 00 00 00 00 00 DD D8 3F
Invalid operation
Invalid operation
Invalid operation
/f232/f150/f235/d89/d161/n68/f32/f285/n50/f258/n32/d49/f136/d3
/d3
d166
d3
d42/
d84
d98
f166
f24
f290
n23
n62
n72/
n106:dir:0
/f232/f150/f235/d89/d161/n68/f32/f285/n50/f258/n32/d49/f136/d3
/d3
d166
d3
d42/
d98
f166
f24
f290
n23
n62
n72/
/f232/f150/f235/d89/d161/n68/f32/f285/n50/f258/n32/d49/f136/d3
/d3
n62:D8 3F 00
d221
d221:_xlc_.zj3s7d
/f232/n28
d42:dir:0
f149:66n-hmqmag-xa3aypvu3
d143/
d35/
d5
d76/
f149
f222/
f42/
d143/
d35/
d5
d76/
f149
f222/
f42/
Invalid operation
f42:dir:0
Invalid operation
/f232/f150/f235/d89/d161/n68/f32/f285/n50/f258/n32/d49/f136/n72/f149
/f149
Invalid operation
Invalid operation
Invalid operation
d3:o689wt2ixxpx
n62:28
n23:16
f64:14
n62:28
n23:16
f64:14
Invalid operation
d3:o689wt2ixxpxx
d3:o689wt2ixxpxxx
Invalid operation
Invalid operation
n62:91 10 97 26 39 77 BB
n62:77 BB 69
n62:35
d3:17
n23:16
f64:14
/f232/f150/f235/d89/d161/n68/f32/f285/n50/f258/n32/d49/f136/d3
/d3
n62:EF AC 00 00 00
n62:38
d3:17
n23:16
f64:14
f290:12
d166:8
f246:6
f166:3
Invalid operation
d3:o689wt2ixxpxx0m w
d42:dir:0
Invalid operation
d132
d166
d277/
d3
d42/
d98
f114
f160
f166
f24
f246
f248/
f271/
f290
f64
n23
n62
n72/
n81/
d3:o689wt2ixxpxx0m wypv6fr3v-9-ptwf
d42:dir:0
n62:39
d3:32
n23:16
f253:14
f64:14
f290:12
d42:dir:0
n62:E7 00 E2 91 10 97 26 39 77 BB 69 66 07 7B D0 D7 49 39 DE 6F
n62:BB 69 66 07
d42:dir:0
Invalid operation
/f232/f150/d268
d106
d132
d166
d222/
d277/
d3
d42/
d98
f114
f160
f166
f24
f246
f248/
f253
f271/
f290
f64
n23
n62
n72/
n81/
d42:dir:0
d3:o689wt2ixxpxx0m wypv6fr3v-9-ptwfdxk6wbx4tvkd9o
n62:4C A6 61
f14:74_bwpn
Invalid operation
Invalid operation
/f232/f150/f235/d89/d161/n68/f32/f285/n50/f258/n32/d49/f136/f24
n58:13
f130/
f22/
n58
Invalid operation
n58:00
Invalid operation
n58:13
d106
d132
d166
d179
d222/
d277/
d3
d42/
d98
f114
f160
f166
f24
f246
f248/
f253
f271/
f273
f290
f64
f9
f90
n23
n62
n72/
n81/
Null
d3:o689wt2ixxpxx0m wypv6fr3v-9-ptwfdxk6wbx4tvkd9o
d42:dir:0
n62:39 DE
d3:46
n62:31
f9:17
n23:16
f253:14
f64:14
f90:13
f290:12
d106
d132
d166
d179
d222/
d277/
d3
d42/
d98
f114
f160
f166
f24
f246
f248/
f253
f271/
f273
f290
f64
f9
f90
n12/
n23
n62
n70
n72/
n81/
d106
d132
d166
d179
d222/
d277/
d3
d42/
d98
f114
f160
f166
f24
f246
f248/
f253
f271/
f273
f290
f64
f9
f90
n12/
n23
n62
n70
n72/
n81/
d42:dir:0
Invalid operation
n62:25 2F 10 6B C2 91 10 97 26 39 77 BB 69 66 07 7B
Invalid operation
/f232/f150/f235/d89/d161/n68/f32/f285/n50/f258/n32/d49/f136/d3
/d3
Invalid operation
d42:dir:0
n62:D7 49 39 DE 6F E7
d3:49
n62:31
n23:16
n62:26 39 77 BB 69 66 07 7B D0
Invalid operation
n62:7B D0 D7 49 39
d221:26
n11:17
d221
d221:26
n62:15 90
/f232/f150/f235/d89/d161/n68/f32/f285/n50/f258/n32/d49/f136/d42/d221
Invalid operation
d221:_xlc_.zj3s7dpaglgpojqr475jgpkj.p-
Invalid operation
d221
f20/
f261/
n8
Invalid operation
/f232/f150/f235/d89/d161/n68/f32/f285/n50/f258/n32/d49/f136/d42/f261/f286
Invalid operation
Invalid operation
f286:B0
Invalid operation
/f232/f150/f235/d89/d161/n68/f32/f285/n50/f258/n32/d49/f136/d42/f261/f286
f154:7
f286:4
Invalid operation
f286:A0 3E
f154
f173/
f286
f65
d287/
f154
f173/
f286
/f232/f150/f235/d89/d161/n68/f32/f285/n50/f258/n32/d49/f136/d42/f261/f154
/f154
Invalid operation
d287/
d89/
f154
f173/
f286
f297
f154:11
f297:11
Null
d287/
d89/
f154
f173/
f286
f297
f154:31l6lc4kbr4
d287/
d89/
f154
f173/
f286
f297
d221:50
d82:8
n8:7
/f232/f150/f235/d89/d161/n68/f32/f285/n50/f258/n32/d49/f136/d42/d221
d221
d82
f163
f20/
f261/
n8
Null
Null
d3:94
n62:34
n23:16
f253:14
f64:14
d106
d132
d166
d222/
d277/
d3
d42/
d98
f114
f147/
f15
f160
f166
f24
f246
f248/
f253
f271/
f290
f64
f90
n12/
n23
n62
n72/
n81/
Invalid operation
n62:B0 07 E7 00 E2 91 10 97 26 39 77 BB 08 19 41 C5 6E D7
f149:20
d221:0
d5:0
d143/
d207/
d221
d35/
d5
d76/
f149
f222/
f42/
f83
/f232/f150/f235/d89/d161/n68/f32/f285/n50/f258/n32/d49/f136/n72/f149
/f149
d237:dir:0
f206:00
/f232/f150/f235/d89/d161/n68/f32/f285/n50/f258/n32/d49/f136/n72/f222/f25
d143/
d207/
d221
d35/
d5
d76/
d82/
f149
f222/
f42/
f83
d143/
d207/
d221
d35/
d5
d76/
d82/
f149
f222/
f42/
f83
d143/
d207/
d221
d35/
d5
d76/
d82/
f149
f222/
f42/
f83
f149:24
f83:7
d221:0
d0/
d143/
d207/
d221
d35/
d5
d76/
d82/
f149
f222/
f42/
f83
f149:24
f83:7
d221:0
d5:0
f149:66n-hmqmag-xa3aypvu3vciv
Null
Invalid operation
Invalid operation
f83:7
d221:0
d5:0
d0/
d143/
d207/
d221
d35/
d5
d76/
d82/
f222/
f42/
f83
d0/
d143/
d207/
d221
d35/
d5
d76/
d82/
f222/
f42/
f83
f42:dir:0
Invalid operation
d0/
d143/
d207/
d221
d35/
d38/
d5
d76/
d82/
f222/
f42/
f83
Invalid operation
d0/
d143/
d207/
d221
d35/
d38/
d5
d76/
d82/
f153
f16
f222/
f42/
f83
d5:
/f232/f150/f235/d89/d161/n68/f32/f285/n50/f258/n32/d49/f136/n72/d5
d5:
Invalid operation
d0/
d143/
d207/
d221
d35/
d38/
d5
d76/
d82/
f153
f16
f205/
f222/
f42/
f83
n62:B0 07 E7 00 E2 91 10 E7 38 45 99 D9 54 00 FB
Invalid operation
n62:54 00 FB A8 CF D7 87 D0
d0/
d143/
d207/
d221
d35/
d38/
d5
d76/
d82/
f131
f153
f16
f205/
f222/
f42/
f83
n62:00
n62:94 00 0F
d0/
d143/
d207/
d221
d35/
d38/
d5
d76/
d82/
f131
f153
f16
f205/
f222/
f42/
f83
f90
d0/
d143/
d207/
d221
d35/
d38/
d5
d76/
d82/
f131
f153
f16
f205/
f222/
f42/
f83
f90
/f232/f150/f235/d89/d161/n68/f32/f285/n50/f258/n32/d49/f136/n72/d5
d5:ef3x2mdkvs74tpv1y
d123:52 DB 3D 13 99 3C
d5:18
Invalid operation
Invalid operation
Invalid operation
d5:ef3x2mdkvs74tpv1yx
/d45
Invalid operation
d5:18
f153:16
f46:13
d5:18
f153:16
Null
d123:71 52 DB 3D 13 99 3C
f204/
d5:ef3x2mdkvs74tpv1yx
Invalid operation
d110/
d110/
Invalid operation
Null
d110:dir:0
d5:ef3x2mdkvs74tpv1yxx
Null
Invalid operation
/n91
f58/
d5:ef3x2mdkvs74tpv1yxx
Invalid operation
d235
n5
d5:ef3x2mdkvs74tpv1yxx d45
d42:dir:0
Invalid operation
/f232/f150/f235/d89/d161/n68/f32/f285/n50/f258/n32/d49/f136/d3
/d3
d3:o689wt2ixxpxx0m wypv6fr3v-9-ptwfdxk6wbx4tvkd9oxlc-i j5 _hu9tmyyt62vuu  d2asin-mxvxwjr5b1k5juwe4hg 9 6x15mh
d42:dir:0
n62:16 15
d106
d132
d166
d222/
d277/
d3
d42/
d98
f114
f147/
f15
f160
f166
f24
f246
f248/
f253
f271/
f290
f64
n12/
n23
n62
n72/
n81/
Invalid operation
n62:25
d3:o689wt2ixxpxx0m wypv6fr3v-9-ptwfdxk6wbx4tvkd9oxlc-i j5 _hu9tmyyt62vuu  d2asin-mxvxwjr5b1k5juwe4hg 9 6x15mh
/f140
/f232/f150/f235/d89/d161/n68/f32/f285/n50/f258/n32/d49/f136/d222/n58
/n58
Invalid operation
Invalid operation
Null
d10:15
n58:13
f237:0
n60:0
f130:dir:0
Invalid operation
/f232/f150/f235/d89/d161/n68/f32/f285/n50/f258/n32/d49/f136/d222/n58
/n58
Null
d10
f128/
f130/
f22/
f237
n101/
n114/
n58
n60
d10
f128/
f130/
f22/
f237
n101/
n114/
n58
n60
f130:dir:0
f130:dir:0
Null
Invalid operation
f130:dir:0
n58:04 F7 00 00 00
Invalid operation
/f232/f150/f235/d89/d161/n68/f32/f285/n50/f258/n32/d49/f136/d222/n58
/n58
Invalid operation
Invalid operation
d10
f128/
f130/
f22/
f237
n101/
n114/
n58
d267:wvts57f
Null
Invalid operation
n58:00
n58:00
Null
d10
d98
f128/
f130/
f22/
f237
n101/
n114/
n58
n60
Invalid operation
/f232/f150/f235/d89/d161/n68/f32/f285/n50/f258/f187
f130:dir:0
d10
d98
f128/
f130/
f22/
f237
n101/
n107/
n114/
n58
n60
Invalid operation
Invalid operation
Invalid operation
Invalid operation
Invalid operation
Invalid operation
Invalid operation
/f232/f150/f235/d89/d161/n68/f32/f285/n50/f258/n32/d49/f136/d222/n58
/n58
Invalid operation
Invalid operation
Invalid operation
Invalid operation
d185/
d298/
n101/
n58:08 6A 34
Invalid operation
d185/
d298/
n101/
n24/
n58:E1 00 8A 2F EB 0F
/f232/f150/f235/d89/d161/n68/f32/f285/n50/f258/n32/d49/f136/d222/n58
/n58
Invalid operation
Invalid operation
n71:30 BC 40
Invalid operation
Invalid operation
d299:0n5pu8qga_v9xp1y
Invalid operation
n101:dir:0
d185/
d298/
d82
f64/
n101/
n16/
n71
d185/
d298/
d82
f64/
n101/
n16/
n71
Invalid operation
n101:dir:0
Invalid operation
/f232/f150/f235/d89/d161/n68/f32/f285/n50/f258/n32/d49/f136/d222/f128/n96/n71
Invalid operation
d102:12
/f232/f150/f235/d89/d161/n68/f32/f285/n50/f258/n32/d49/f136/d222/f128/n96/n71
n71:A3 38
d185/
d257/
d298/
d82
f294
f4/
f64/
n101/
n16/
n71
d185/
d257/
d298/
d82
f4/
f64/
n101/
n16/
d82:99
n101:dir:0
Invalid operation
Invalid operation
Invalid operation
Invalid operation
d82:3
Invalid operation
d82:00 08
/f232/f150/f235/d89/d161/n68/f32/f285/n50/f258/n32/d49/f136/d222/f128/n96/d82
d185/
d257/
d298/
d82
d91
f4/
f64/
n101/
n16/
Invalid operation
Null
d82:00 08 1C
Invalid operation
n96/
n101:dir:0
Invalid operation
Invalid operation
Invalid operation
Invalid operation
Invalid operation
Invalid operation
Invalid operation
Invalid operation
n58:0F 89 B2 BE A3
n66:dir:0
f96:dir:0
Invalid operation
f144:6A
f96/
f96/
f96/
f96/
d15/
f144
f162/
f200/
f238
n20/
n66/
n96/
Invalid operation
f238:lb8qume7i0fxiq41yj-2kti3esxe6y.qrwxy7qr z8eeetr
Invalid operation
Invalid operation
Invalid operation
n36:04 E4
d33
f201/
f206
n36
d33
f117/
f201/
f206
f237/
n36
/f232/f150/f235/d89/d161/n68/f32/f285/n50/f258/n32/d49/f136/d222/f128/n20/n36
d288
d288:AA 22 9C B2
d288
/f232/f150/f235/d89/d161/n68/f32/f285/n50/f258/n32/d49/f136/d222/f128/n20/f237/d148
d148
d148:txt:24
Invalid operation
/f232/f150/f235/d89/d161/n68/f32/f285/n50/f258/n32/d49/f136/d222/f128/n20/f237/d148
d100:56
d33
f117/
f201/
f206
f237/
n36
Invalid operation
Invalid operation
n36:73 C3 00 00 BA E4 7F 83
Invalid operation
d33:15
f206:14
n36:13
n66:dir:0
Null
f144:D9 6B
f238:lb8qume7i0fxiq41yj-2kti3esxe6y.qrwxy7qr z8eeetr
Invalid operation
Invalid operation
d3:106
n62:48
n23:16
Invalid operation
Invalid operation
d3:106
n62:48
n23:16
Invalid operation
Invalid operation
Invalid operation
Invalid operation
d238/
f136/
f193
f262
f70
n21/
n33
n70/
Invalid operation
Invalid operation
Invalid operation
Invalid operation
n106:dir:0
n106:dir:0
d267/
f187/
d267/
f187/
Invalid operation
d267/
Invalid operation
Invalid operation
d223:92
Null
Invalid operation
d223:92
n73:dir:0
d223:92
d223:6A
n73:dir:0
Invalid operation
d17:ec
f150:38
d223:7
d235:7
d17:2
d17
d223
d235
d267/
f150
f70
n54/
n73/
f150:38
f150:38
f70:16
d17:10
d235:10
d223:7
n73:dir:0
d17:ecfq5f470f
d17:ecfq5f470fx
d17
d185/
d223
d235
d267/
d3
f150
f34/
f70
n54/
n56
n73/
d17
d185/
d223
d235
d267/
d3
f150
f34/
f70
n54/
n56
n73/
d17:ecfq5f470fx
d17
d185/
d223
d267/
d3
f150
f34/
f70
n40/
n54/
n56
n73/
d17:ecfq5f470fx
d17:ecfq5f470fx
Invalid operation
d17:txt:11
Invalid operation
Invalid operation
d17
d185/
d223
d235
d267/
d3
f150
f70
n54/
n56
n73/
d17:txt:11
f150:38
f70:16
d235:13
d17:11
d235:00
/f232/f150/f235/d89/d161/n68/f32/f285/n50/f258/n32/d49/n106/d17
d17:ecfq5f470fx_qy09_e7f8
Invalid operation
/f232/f150/f235/d89/d161/n68/f32/f285/n50/f258/n32/d49/n106/d17
f175:bin:6
Null
f175:89 A9
Invalid operation
/f232/f150/f235/d89/d161/n68/f32/f285/n50/f258/n32/d49/n106/d64/f175
/f232/f150/f235/d89/d161/n68/f32/f285/n50/f258/n32/d49/n106/d64/f175
Invalid operation
d222
f148
f175
/f232/f150/f235/d89/d161/n68/f32/f285/n50/f258/n32/d49/n106/d64/f175
Invalid operation
f175:4D
Invalid operation
d143/
d17
d185/
d223
d235
d267/
d3
d64/
f125
f150
f246
f70
n101
n54/
n56
n73/
d235:79
d17:txt:21
d143/
d17
d185/
d223
d235
d267/
d3
d64/
f125
f150
f246
f70
n101
n54/
n56
n73/
d17:ecfq5f470fx_qy09_e7f8
d235:00 00 00 00 00 BF CF
Invalid operation
d235:A4 C8 61 35 F3 40 67 00 00 00 00 00 BF CF
Null
d13/
d143/
d17
d185/
d216
d223
d235
d267/
d3
d64/
f125
f150
f238
f70
n114/
n54/
n56
n73/
d13/
d143/
d17
d185/
d216
d223
d235
d267/
d3
d64/
f125
f150
f238
f70
n114/
n54/
n56
n73/
d235:D5
Invalid operation
d13/
d143/
d17
d185/
d223
d235
d267/
d3
d64/
f125
f150
f238
f70
n114/
n54/
n56
n73/
/f232/f150/f235/d89/d161/n68/f32/f285/n50/f258/n32/d49/n106/d17
Invalid operation
d13/
d143/
d17
d185/
d223
d235
d267/
d3
d64/
f125
f150
f238
f70
n114/
n54/
n56
n73/
d17:txt:23
f150:38
d17:31
d235:18
f70:16
f125:15
f238:14
d223:7
Invalid operation
Invalid operation
d17:txt:31
d17:txt:40
d17:ecfq5f470fx_qy09_e7f8b76 f7643zfa8axbtl-
Invalid operation
Invalid operation
Invalid operation
f138/
n63/
d17:txt:40
f138/
n63/
d235:D6 B0 A4 C8 61 06 23 46 03 00 00 00 00 00 BF 4E A2 DA F5 BC D9 0B E6 46 2E
Null
n7:txt:0
f138/
n63/
f138/
n63/
f138/
n63/
Null
Invalid operation
Invalid operation
/f232/f150/f235/d89/d161/n68/f32/f285/n50/f258/n32/d49/n106/d17
Invalid operation
Null
f138/
f98/
n63/
f138/
f98/
n63/
d286:dir:0
Null
d107/
d235:E6 46 2E 1C C5 00 00 00 D0 82
d79
d229:5
/f232/f150/f235/d89/d161/n68/f32/f285/n50/f258/n32/d49/n106/d104/d229
Invalid operation
d229:8E C6
d235:F5 BC D9
Invalid operation
d155
d16/
d247/
f138/
f98/
n116
n63/
n67:dir:0
f285:79jfl4.5cah3
f285:12
n7:F7
d120/
f285
n7
d120/
f285
n67:dir:0
/f232/f150/f235/d89/d161/n68/f32/f285/n50/f258/n32/d49/n106/d104/d247/f89
/f232/f150/f235/d89/d161/n68/f32/f285/n50/f258/n32/d49/n106/d104/d247/f89
d235:40
n67:dir:0
/f232/f150/f235/d89/d161/n68/f32/f285/n50/f258/n32/d49/n106/d104/n116
Invalid operation
n67:dir:0
n67/
d235:54
n67/
d96
n67/
d96
n67/
n98
d155:bk
d155
d16/
d247/
f1
f128/
f138/
f226/
f98/
n63/
Invalid operation
/f232/f150/f235/d89/d161/n68/f32/f285/n50/f258/n32/d49/n106/d17
f1:82 3C
d155:bk
d155
d16/
d247/
f1
f128/
f138/
f226/
f98/
n63/
Invalid operation
Invalid operation
d155:bk
Invalid operation
Invalid operation
/f232/f150/f235/d89/d161/n68/f32/f285/n50/f258/n32/d49/n106/d104/d155
d155:bk
f1:1D 8E
f1:1D 8E 71 B5
Invalid operation
f1:00 9A 04 1D
f1:7
f97:4
d155:3
d144:0
Invalid operation
Null
d16:dir:0
d155:bkxu-37gm6
Invalid operation
/f232/f150/f235/d89/d161/n68/f32/f285/n50/f258/n32/d49/n106/d104/d155
/f232/f150/f235/d89/d161/n68/f32/f285/n50/f258/n32/d49/n106/d104/d155
d155:22
d57:10
f1:7
f97:4
d144:0
/f232/f150/f235/d89/d161/n68/f32/f285/n50/f258/n32/d49/n106/d104/d155
Invalid operation
Invalid operation
Null
Null
f1:71
Invalid operation
d144
d155
d16/
d247/
d255
d57
d8/
f1
f128/
f138/
f144/
f226/
f82/
f97
f98/
n63/
d155:27
d57:10
f1:7
f97:4
d255:3
d144
d155
d16/
d247/
d255
d57
d8/
f1
f128/
f138/
f144/
f226/
f82/
f97
f98/
n34
n63/
d144
d155
d16/
d247/
d255
d57
d8/
f1
f128/
f138/
f144/
f226/
f82/
f97
f98/
n63/
Invalid operation
d155:bkxu-37gm64f_4yg29f8lbdsnnb
d144
d155
d16/
d247/
d255
d57
d8/
f1
f128/
f138/
f144/
f170
f226/
f82/
f97
f98/
n63/
d155:bkxu-37gm64f_4yg29f8lbdsnnb
d104/
d125/
d13/
d143/
d17
d185/
d223
d235
d267/
d3
d64/
f125
f150
f238
f70
f77/
n114/
n54/
n56
n73/
d17:ecfq5f470fx_qy09_e7f8b76 f7643zfa8axbtl-xgcf.rzkx_q.si0j4_lzoijwxsle1cp4-p
d16:dir:0
Invalid operation
f1:1D 8E 71 B5
Invalid operation
f1:9A 04 1D 8E 71 B5 00 00 00 00 5E 0F
f1:00 00 5E 0F
Invalid operation
d155:38
f1:14
Invalid operation
d80
f248
d80:u_f qnsyj4z5g6
f1:64 00 00
d155:bkxu-37gm64f_4yg29f8lbdsnnb9nbs5rcq
f1:71 B5
d144
d155
d16/
d247/
d255
d57
d8/
f1
f128/
f138/
f144/
f153
f226/
f82/
f97
f98/
n63/
f1:00 00 5E
Invalid operation
d144
d15/
d155
d16/
d247/
d255
d57
d8/
f1
f128/
f138/
f144/
f153
f226/
f82/
f97
f98/
n63/
n77/
d144
d15/
d155
d16/
d247/
d255
d57
d8/
f1
f128/
f138/
f144/
f153
f226/
f294/
f82/
f97
f98/
n63/
n77/
d104/
d125/
d13/
d143/
d17
d185/
d223
d235
d267/
d3
d64/
f125
f150
f238
f70
f77/
n114/
n54/
n56
n73/
Invalid operation
Invalid operation
n106:dir:0
d210/
d238/
d31
d32/
f136/
f144/
f187/
f193
f262
f70
n106/
n21/
n22
n33
n70/
Invalid operation
Invalid operation
Invalid operation
Invalid operation
Invalid operation
d210/
d238/
d31
f136/
f144/
f187/
f193
f262
f70
n106/
n21/
n22
n33
n70/
Invalid operation
Invalid operation
d210/
d238/
d31
f136/
f144/
f187/
f193
f262
f70
n106/
n21/
n22
n33
n70/
Invalid operation
n106:dir:0
Invalid operation
d210/
d238/
d31
f136/
f144/
f166/
f187/
f193
f262
f70
n106/
n21/
n22
n33
n70/
Invalid operation
d210/
d238/
d31
f136/
f144/
f166/
f187/
f193
f262
f70
n106/
n21/
n22
n33
n70/
Invalid operation
Invalid operation
d264/
d298
d49/
Invalid operation
d24:dir:0
d24:dir:0
Invalid operation
Invalid operation
n78:52 40 DF
n78:40 DF
d38:txt:0
Invalid operation
Invalid operation
Invalid operation
Invalid operation
Invalid operation
Invalid operation
n106:dir:0
Invalid operation
Invalid operation
Invalid operation
n78:9
d255:5
d298:0
d38:0
Invalid operation
Invalid operation
n50:16
n78:9
d255:5
d298:0
d38:0
f143:0
Invalid operation
n50:md:18
d131
d156/
d193/
d24/
d255
d264/
d298
d38
d49/
f127/
f143
n28/
n50
n73/
n78
d131
d156/
d193/
d24/
d255
d264/
d298
d38
d49/
f127/
f143
n28/
n50
n73/
n78
Invalid operation
/f232/f150/f235/d89/d161/n68/f32/f285/n50/f258/n32/n50
n50:  7915f4qxhubweplpz3elvtlek
n50:27
n78:9
d131:5
d255:5
d298:0
d38:0
n50:md:27
/f232/f150/f235/d89/d161/n68/f32/f285/n50/f258/n32/n50
n50:27
d201:10
n78:9
d255:5
d131:3
d298:0
d38:0
Invalid operation
d131:E9 00
/f232/f150/f235/d89/d161/n68/f32/f285/n50/f258/n32/n50
n50:  7915f4qxhubweplpz3elvtlekb2plp9wloi4
d131:E9
Invalid operation
n50:  7915f4qxhubweplpz3elvtlekb2plp9wloi4
d131:E9
Invalid operation
Invalid operation
n50:39
n78:9
d255:5
d131:3
Invalid operation
/f232/f150/f235/d89/d161/n68/f32/f285/n50/f258/n32/n50
Null
n50:38
d201:10
n78:9
d255:5
d131:3
Null
d131:9F
Invalid operation
d131
d156/
d163/
d193/
d201
d24/
d255
d264/
d298
d38
d49/
d68
f127/
f143
f196
f296
n117
n13/
n28/
n50
n73/
n78
n50:md:38
Invalid operation
d131
d156/
d163/
d193/
d201
d24/
d255
d264/
d298
d38
d49/
d68
f127/
f143
f196
f205
f296
n117
n13/
n28/
n36
n50
n73/
n78
d131:CD
Invalid operation
n50:md:38
Invalid operation
/f232/f150/f235/d89/d161/n68/f32/f285/n50/f258/n32/n50
d126:bin:2
d126
d13
f68
d109:10
d20:8
d13:4
d126:2
f68:0
Invalid operation
Invalid operation
d109:10
d20:8
d126:2
d109
d126
d20
d109:10
d20:8
d126:2
d131
d156/
d163/
d193/
d24/
d255
d264/
d298
d38
d49/
d68
f127/
f143
f196
f205
f238/
n117
n13/
n28/
n36
n50
n73/
n78
d131:E1 C6
Invalid operation
n50:38
f205:14
f196:10
n78:9
f296:7
d131:6
d131:FF 05
n50:  7915f4qxhubweplpz3elvtlekb2plp9wloi4
n50:md:38
Invalid operation
f187
f250
f187
f250
f271
Invalid operation
Invalid operation
Invalid operation
Invalid operation
f187
f250
f271
f250
f271
f274/
Invalid operation
f250
f271
f274/
n8
f250:bin:4
/f232/f150/f235/d89/d161/n68/f32/f285/n50/f258/n32/n13/f250
Invalid operation
Invalid operation
f180:13
f119:0
f250:BC AE EE
/f232/f150/d184
f119:
d268/
f119
d268/
f119
f250:5A
/f232/f150/f235/d89/d161/n68/f32/f285/n50/f258/n32/n13/f274/f119
/f232/f150/f235/d89/d161/n68/f32/f285/n50/f258/n32/f119
/f119
f119
n82/
f250:00 F4 BC AE EE B3 9C
f119
f243/
n82/
f119
f243/
n103/
n82/
f250:00 F4 BC AE
f250:D8 A9 74 F4
f119:15
d182
f119
f243/
f26/
f5/
n82/
/f232/f150/f235/d89/d161/n68/f32/f285/n50/f258/n32/n13/f250
f250:bin:12
/f232/f150/f235/d89/d161/n68/f32/f285/n50/f258/n32/n13/f250
Null
f250:bin:12
Invalid operation
f250:D5 F6 0A 96 9C 6A 00 A1 95 1B 23
Invalid operation
f250:bin:19
f250:bin:19
f250:EF DA
Invalid operation
d140/
d86
d91
f144/
f250
f271
f274/
n45/
Invalid operation
d140/
d86
d91
f144/
f250
f271
f274/
n45/
d140/
d86
d91
f144/
f250
f271
f274/
n45/
Null
Invalid operation
Invalid operation
Invalid operation
Invalid operation
f261:dir:0
Invalid operation
Invalid operation
Invalid operation
Invalid operation
f130:bin:3
Invalid operation
Invalid operation
Invalid operation
Invalid operation
Invalid operation
Invalid operation
n10:15
d128:9
f127:6
d211:1
Null
Invalid operation
Invalid operation
d150/
d16
d203
d207/
f16
f243/
f291
n50/
Invalid operation
d150/
d16
d203
d207/
f16
f243/
f291
n50/
Invalid operation
Invalid operation
Invalid operation
Invalid operation
Invalid operation
Invalid operation
d150/
d16
d203
d207/
f156/
f16
f18/
f243/
f291
n50/
Invalid operation
n70:dir:0
Invalid operation
Invalid operation
d150/
d16
d203
d207/
f16
f18/
f243/
f291
f295
n50/
f295:txt:11
d150/
d16
d203
d207/
f16
f18/
f243/
f291
f295
n50/
Invalid operation
f215/
f285/
Invalid operation
f215/
f285/
n34/
Invalid operation
Null
Invalid operation
Invalid operation
Null
Invalid operation
Null
/f232/f150/f235/d89/d161/n68/n114
/n114
Invalid operation
d270/
f215/
f285/
n34/
Invalid operation
f187:17
d217:0
d217:
Invalid operation
Invalid operation
d217:
Invalid operation
Invalid operation
d217
d270/
d297
f187
f215/
f285/
f94
n11/
n34/
d217
d270/
d297
f187
f215/
f285/
f94
n11/
n34/
Invalid operation
d297:68 00 00
d217
d270/
d297
f137
f187
f215/
f285/
f94
n34/
Null
f187:17
d297:DA BB 68 00 00 00
Invalid operation
Invalid operation
f137:w9jgvhbasv
d283
Invalid operation
d283
/f232/f150/f235/d89/d161/n68/f32/f44/d283
n86:
d283
Invalid operation
n61:bin:0
Invalid operation
Invalid operation
d115:16
d283:6
d115
d283
d217
d270/
d297
f187
f215/
f247/
f285/
f44/
f56/
f94
n34/
n86
f187:17
d297:7
Invalid operation
f49:A9
f49:97 58 A9
n86:x
f247:dir:0
Invalid operation
d90/
d90/
Invalid operation
d115
d138
d248
d283
Invalid operation
n86:x
Invalid operation
f49:A9 00
Null
f49:97 58 A9 00
d115
d138
Invalid operation
f187:17
d297:7
d283:2
Invalid operation
f49:DE
f49:97 00
f49:DE
/f232/f150/f235/d89/d161/n68/f32/n86
/f232/n86
d217
d270/
d283
d297
f187
f215/
f247/
f285/
f44/
f49
f56/
f94
n34/
n86
f49:9D 67 DE 3A
n86:x
d198:36
d104:22
f126:11
n114:11
f90:6
f263:3
Invalid operation
Invalid operation
Invalid operation
Invalid operation
Null
d102
d104
d171/
d198
d227/
d49/
f126
f151/
f263
f271
f289/
f32/
f67/
f90
f92/
n114
n70
n89/
n99/
d102
d104
d171/
d198
d227/
d49/
f126
f151/
f263
f271
f289/
f32/
f67/
f90
f92/
n114
n70
n89/
n99/
Invalid operation
Invalid operation
Null
Invalid operation
n70:md:6
Invalid operation
Invalid operation
Invalid operation
Invalid operation
Invalid operation
d163:41
d223:23
f103:10
d169:1
n12:1
Invalid operation
Invalid operation
Invalid operation
d163:41
d223:23
f268:15
f135:D9
Invalid operation
f135:F3
Invalid operation
d129/
d163
d169
d194/
d223
f103
f117/
f135
f151/
f176/
f216/
f268
f279/
f3/
n12
n26/
n34/
n68/
n96
Invalid operation
Invalid operation
d130/
d141
d161/
f246
f268
f29
f8
Invalid operation
f268:16
f8:16
f29:11
Invalid operation
Invalid operation
Invalid operation
Null
Invalid operation
Invalid operation
Invalid operation
Invalid operation
Invalid operation
Invalid operation
d84/
d89/
f95/
Invalid operation
Invalid operation
Invalid operation
Invalid operation
Invalid operation
f115:127
d141:25
Invalid operation
Invalid operation
Invalid operation
Invalid operation
f79:78
Invalid operation
f79:78
d240:13
n84:12
d184:9
f161:6
d99:4
d224:2
Invalid operation
n86:
d107/
d122/
d124/
d169/
d184
d224
d240
d268
d284
d290
d67/
d9/
d99
f103/
f161
f186
f235/
f245
f281/
f77/
f79
f90/
n37/
n61
n70/
n84
n99
Invalid operation
d107/
d122/
d124/
d169/
d184
d224
d240
d268
d284
d290
d67/
d9/
d99
f103/
f161
f186
f235/
f245
f281/
f77/
f79
f90/
n37/
n61
n70/
n84
n99
Invalid operation
Invalid operation
n86:wuot
Invalid operation
Invalid operation
n86:wuot
Invalid operation
d276
Invalid operation
n86:wuot
Invalid operation
Invalid operation
Invalid operation
Invalid operation
d214
d276
f104
Invalid operation
Invalid operation
Invalid operation
d276:zkt18j_6h4m159ca
Invalid operation
d276:16
f104:15
d214:0
f79:78
d240:13
n84:12
d184:9
Invalid operation
Invalid operation
Invalid operation
Null
Invalid operation
Invalid operation
Invalid operation
f44:bin:4
d107/
d122/
d124/
d169/
d184
d215/
d224
d240
d268
d284
d288
d290
d67/
d9/
d99
f103/
f161
f186
f235/
f245
f281/
f77/
f79
f90/
n37/
n61
n70/
n84
n99
Invalid operation
Invalid operation
d107/
d122/
d124/
d169/
d184
d215/
d224
d240
d268
d284
d288
d290
d67/
d9/
d99
f103/
f161
f186
f235/
f245
f281/
f77/
f79
f90/
n37/
n61
n70/
n84
n99
Invalid operation
Invalid operation
d107/
d122/
d124/
d169/
d184
d215/
d224
d240
d268
d284
d288
d290
d67/
d9/
d99
f103/
f161
f186
f235/
f245
f281/
f77/
f79
f90/
n37/
n61
n70/
n84
n99
Invalid operation
Invalid operation
Invalid operation
Invalid operation
/n43
d276:16
d127:15
f104:15
d214:0
Invalid operation
d112/
d113/
d127
d214
d276
f104
f147/
f22
Null
d112/
d113/
d127
d180/
d214
d276
f104
f147/
f161/
f22
Invalid operation
Invalid operation
Null
Invalid operation
d112/
d113/
d127
d180/
d20
d214
d276
d289
f104
f147/
f161/
f22
Invalid operation
Invalid operation
Invalid operation
Invalid operation
f44:bin:4
Null
Invalid operation
Invalid operation
Invalid operation
Null
Invalid operation
Invalid operation
Invalid operation
d107/
d122/
d124/
d169/
d184
d215/
d224
d240
d268
d284
d288
d290
d67/
d9/
d99
f103/
f161
f186
f235/
f245
f281/
f77/
f79
f90/
n37/
n61
n70/
n84
n99
Invalid operation
f44:bin:4
Invalid operation
Invalid operation
d107/
d122/
d124/
d169/
d184
d215/
d224
d240
d268
d284
d288
d290
d67/
d9/
d99
f103/
f161
f186
f235/
f245
f281/
f77/
f79
f90/
n37/
n61
n70/
n84
n99
Null
Invalid operation
Invalid operation
Null
Invalid operation
Invalid operation
Invalid operation
Invalid operation
f79:78
Invalid operation
Invalid operation
Invalid operation
d107/
d122/
d124/
d169/
d184
d215/
d224
d240
d268
d284
d286
d288
d290
d67/
d9/
d99
f103/
f161
f186
f235/
f245
f271
f281/
f44/
f77/
f79
f90/
n37/
n61
n70/
n84
n99
d107/
d122/
d124/
d169/
d184
d215/
d224
d240
d268
d284
d286
d288
d290
d67/
d9/
d99
f103/
f161
f186
f235/
f245
f271
f281/
f44/
f77/
f79
f90/
n37/
n61
n70/
n84
n99
Invalid operation
f79:78
d240:13
n84:12
d184:9
d286:8
d288:6
Invalid operation
Invalid operation
Invalid operation
Invalid operation
Invalid operation
Invalid operation
d12/
d141
d154/
d202
d235/
d272/
d43
d5/
d58/
d69/
d84
d95/
f115
f150/
f154/
f219/
f29
f298/
n28
n86
d12/
d141
d154/
d202
d235/
d272/
d43
d5/
d58/
d69/
d95/
f115
f150/
f154/
f219/
f29
f298/
n28
n86
Invalid operation
Invalid operation
Invalid operation
Invalid operation
Invalid operation
Invalid operation
Invalid operation
Invalid operation
d10/
d119/
d124
d134
d14/
d141
d145
d159
d160
d164
d172/
d174/
d179
d185/
d186
d192/
d194/
d198
d204/
d205/
d22
d222/
d223
d224/
d240/
d242/
d244
d245
d248
d249
d267
d283/
d287/
d288/
d29/
d293/
d297/
d299
d3
d39
d45
d5/
d52/
d67
d79
d87/
d89/
d93/
d96
f10/
f103
f106/
f113
f119
f12/
f121/
f13/
f130
f131/
f134
f136
f140
f143/
f145
f149
f152
f153/
f154
f155
f156
f167/
f184/
f199
f20/
f201
f206/
f221/
f223/
f224
f23
f232/
f237/
f240/
f247
f248/
f249
f257/
f259/
f26
f260/
f261/
f279
f29/
f31
f37/
f38
f44
f46
f47/
f48/
f5
f53
f57
f65/
f69
f71
f8
f84
f85/
f86/
f91/
f99/
n102
n104/
n106/
n109
n113/
n114
n25
n26/
n27
n32
n38/
n43
n47
n49/
n58
n6/
n65
n77
n90/
n91
Invalid operation
Invalid operation
Invalid operation
Invalid operation
Invalid operation
Invalid operation
Invalid operation
Invalid operation
Invalid operation
n58:58
f136:43
f23:42
f8:30
f279:17
f38:17
d299:16
Null
Invalid operation
Invalid operation
Invalid operation
Invalid operation
Invalid operation
Invalid operation
Invalid operation
Invalid operation
Invalid operation
Invalid operation
Invalid operation
Invalid operation
Invalid operation
Null
Invalid operation
Invalid operation
Invalid operation
Invalid operation
Invalid operation
Invalid operation
Invalid operation
Invalid operation
Invalid operation
Invalid operation
Invalid operation
Null
Invalid operation
Invalid operation
Invalid operation
Invalid operation
Invalid operation
Invalid operation
Invalid operation
Invalid operation
Invalid operation
Invalid operation
Invalid operation
Invalid operation
d10/
d119/
d124
d134
d138
d14/
d141
d145
d160
d164
d172/
d174/
d179
d185/
d186
d192/
d194/
d198
d204/
d205/
d22
d222/
d223
d224/
d240/
d242/
d244
d245
d248
d249
d267
d283/
d287/
d288/
d29/
d293/
d297/
d299
d3
d39
d45
d5/
d52/
d67
d79
d87/
d89/
d93/
d96
f10/
f103
f106/
f113
f119
f12/
f121/
f126/
f13/
f130
f131/
f134
f136
f140
f143/
f145
f149
f150/
f152
f153/
f154
f155
f156
f167/
f183
f184/
f199
f20/
f201
f206/
f221/
f223/
f224
f226/
f23
f232/
f237/
f240/
f247
f248/
f249
f257/
f259/
f26
f260/
f261/
f267
f279
f29/
f31
f37/
f38
f44
f46
f47/
f48/
f5
f53
f57
f65/
f69
f71
f8
f84
f85/
f86/
f91/
f99/
n102
n104/
n106/
n109
n113/
n114
n17
n25
n26/
n27
n32
n38/
n43
n47
n49/
n58
n6/
n65
n77
n90/
n91
n93/
Invalid operation
Invalid operation
d10/
d119/
d124
d134
d138
d14/
d141
d145
d160
d164
d172/
d174/
d179
d185/
d186
d192/
d194/
d198
d204/
d205/
d22
d222/
d223
d224/
d240/
d242/
d244
d245
d248
d249
d267
d283/
d287/
d288/
d29/
d293/
d297/
d299
d3
d39
d45
d5/
d52/
d67
d79
d87/
d89/
d93/
d96
f10/
f103
f106/
f113
f119
f12/
f121/
f126/
f13/
f130
f131/
f134
f136
f140
f143/
f145
f149
f150/
f152
f153/
f154
f155
f156
f167/
f183
f184/
f199
f20/
f201
f206/
f221/
f223/
f224
f226/
f23
f232/
f237/
f240/
f247
f248/
f249
f257/
f259/
f26
f260/
f261/
f267
f279
f29/
f31
f37/
f38
f44
f46
f47/
f48/
f5
f53
f57
f65/
f69
f71
f8
f84
f85/
f86/
f91/
f99/
n102
n104/
n106/
n109
n113/
n114
n17
n25
n26/
n27
n32
n38/
n43
n47
n49/
n58
n6/
n65
n77
n90/
n91
n93/
f103:bin:7
/f130
Invalid operation
Invalid operation
Invalid operation
Invalid operation
Invalid operation
Invalid operation
d10/
d119/
d124
d134
d14/
d141
d145
d160
d164
d172/
d174/
d179
d185/
d186
d192/
d194/
d198
d204/
d205/
d207/
d22
d222/
d223
d224/
d240/
d242/
d244
d245
d248
d267
d283/
d287/
d288/
d29/
d293/
d297/
d299
d3
d39
d45
d5/
d52/
d59/
d67
d79
d87/
d89/
d93/
d95/
d96
f10/
f103
f106/
f113
f116/
f119
f12/
f121/
f126/
f129
f13/
f130
f131/
f134
f136
f140
f143/
f145
f149
f150/
f152
f153/
f154
f155
f156
f167/
f183
f184/
f199
f20/
f201
f206/
f221/
f223/
f224
f226/
f23
f232/
f237/
f240/
f247
f248/
f249
f257/
f259/
f26
f260/
f261/
f267
f279
f289/
f29/
f31
f37/
f38
f44
f46
f47/
f48/
f5
f53
f57
f65/
f69
f71
f8
f84
f85/
f86/
f91/
f99/
n102
n104/
n106/
n107
n109
n113/
n114
n17
n25
n26/
n27
n32
n38/
n43
n47
n49/
n51/
n58
n6/
n65
n77
n82
n90/
n91
n93/
Invalid operation
Invalid operation
Invalid operation
Invalid operation
Invalid operation
Null
Invalid operation
Invalid operation
Invalid operation
Invalid operation
n58:58
f136:43
f23:42
f8:30
f279:17
f38:17
Invalid operation
Invalid operation
Invalid operation
Invalid operation
Invalid operation
Invalid operation
Invalid operation
Invalid operation
Invalid operation
Invalid operation
Invalid operation
Invalid operation
Invalid operation
d198:-kxezv6-2w
Invalid operation
Null
Invalid operation
Invalid operation
d10/
d119/
d124
d134
d14/
d141
d145
d160
d164
d172/
d174/
d179
d185/
d186
d192/
d194/
d198
d204/
d205/
d207/
d22
d222/
d223
d224/
d240/
d242/
d244
d245
d248
d267
d283/
d287/
d288/
d29/
d293/
d297/
d299
d3
d39
d45
d5/
d52/
d59/
d67
d79
d87/
d89/
d93/
d95/
d96
f10/
f103
f106/
f113
f116/
f119
f12/
f121/
f126/
f129
f13/
f130
f131/
f133/
f134
f136
f140
f143/
f145
f149
f150/
f152
f153/
f154
f155
f156
f167/
f183
f184/
f199
f20/
f201
f206/
f221/
f223/
f224
f226/
f23
f232/
f237/
f240/
f247
f248/
f249
f257/
f259/
f26
f260/
f261/
f267
f279
f289/
f29/
f31
f37/
f38
f44
f46
f47/
f48/
f5
f53
f57
f65/
f69
f71
f8
f84
f85/
f86/
f91/
f99/
n102
n104/
n106/
n107
n109
n113/
n114
n17
n25
n26/
n27
n32
n38/
n43
n47
n49/
n51/
n58
n6/
n65
n77
n82
n90/
n91
n93/
d198:-kxezv6-2w rg 4nu-g69sd0b4-3d
Invalid operation
/d198
Invalid operation
Invalid operation
Invalid operation
d10/
d119/
d124
d134
d14/
d141
d145
d160
d164
d172/
d174/
d179
d185/
d186
d192/
d194/
d198
d204/
d205/
d207/
d22
d222/
d223
d224/
d240/
d242/
d244
d245
d248
d267
d283/
d287/
d288/
d29/
d293/
d297/
d299
d3
d39
d45
d5/
d52/
d59/
d67
d79
d87/
d89/
d93/
d95/
d96
f10/
f103
f106/
f113
f116/
f119
f12/
f121/
f126/
f129
f13/
f130
f131/
f133/
f134
f136
f140
f143/
f145
f149
f150/
f152
f153/
f154
f155
f156
f167/
f181/
f183
f184/
f199
f20/
f201
f206/
f221/
f223/
f224
f226/
f23
f232/
f237/
f240/
f247
f248/
f249
f257/
f259/
f26
f260/
f261/
f267
f27
f279
f289/
f29/
f31
f37/
f38
f44
f46
f47/
f48/
f5
f53
f57
f65/
f69
f71
f8
f84
f85/
f86/
f91/
f99/
n102
n104/
n106/
n107
n109
n113/
n114
n17
n25
n26/
n27
n32
n38/
n43
n47
n49/
n51/
n58
n6/
n65
n77
n82
n90/
n91
n93/
d10/
d119/
d124
d134
d14/
d141
d145
d160
d164
d172/
d174/
d179
d185/
d186
d192/
d194/
d198
d204/
d205/
d207/
d22
d222/
d223
d224/
d240/
d242/
d244
d245
d248
d267
d283/
d287/
d288/
d29/
d293/
d297/
d299
d3
d39
d45
d5/
d52/
d57
d59/
d67
d79
d87/
d89/
d93/
d95/
d96
f10/
f103
f106/
f113
f116/
f119
f12/
f121/
f126/
f129
f13/
f130
f131/
f133/
f134
f136
f140
f143/
f145
f149
f150/
f152
f153/
f154
f155
f156
f167/
f181/
f183
f184/
f199
f20/
f201
f206/
f221/
f223/
f224
f226/
f23
f232/
f237/
f240/
f247
f248/
f249
f257/
f259/
f26
f260/
f261/
f267
f27
f279
f289/
f29/
f31
f37/
f38
f44
f46
f47/
f48/
f5
f53
f57
f65/
f69
f71
f8
f84
f85/
f86/
f91/
f99/
n102
n104/
n106/
n107
n109
n113/
n114
n17
n25
n26/
n27
n32
n38/
n43
n47
n49/
n51/
n58
n6/
n65
n77
n82
n90/
n91
n93/
Null
d198:-kxezv6-2w rg 4np3a9g_24p463xx
Invalid operation
/d198
d198:-kxezv6-2w rg 4np3a9g_24p463xx
Invalid operation
d198:-kxezv6-2w rg 4np3a9g_24p463xx
d10/
d119/
d124
d134
d14/
d141
d145
d160
d164
d172/
d174/
d179
d185/
d186
d192/
d194/
d198
d204/
d205/
d207/
d22
d222/
d223
d224/
d240/
d242/
d244
d245
d248
d267
d283/
d287/
d288/
d29/
d293/
d297/
d299
d3
d39
d45
d5/
d52/
d57
d59/
d67
d79
d87/
d89/
d93/
d95/
d96
f10/
f103
f106/
f113
f116/
f119
f12/
f121/
f126/
f129
f13/
f130
f131/
f133/
f134
f136
f140
f143/
f145
f149
f150/
f152
f153/
f154
f155
f156
f167/
f181/
f183
f184/
f199
f20/
f201
f206/
f221/
f223/
f224
f226/
f23
f232/
f237/
f240/
f247
f248/
f249
f257/
f259/
f26
f260/
f261/
f267
f279
f289/
f29/
f31
f37/
f38
f44
f46
f47/
f48/
f5
f53
f57
f65/
f69
f71
f8
f84
f85/
f86/
f91/
f99/
n102
n104/
n106/
n107
n109
n113/
n114
n17
n25
n26/
n27
n32
n38/
n43
n47
n49/
n51/
n58
n6/
n65
n77
n82
n90/
n91
n93/
Invalid operation
Invalid operation
Invalid operation
Invalid operation
Invalid operation
Invalid operation
Invalid operation
d10/
d119/
d124
d134
d14/
d141
d145
d160
d164
d172/
d174/
d179
d185/
d186
d192/
d194/
d198
d204/
d205/
d207/
d22
d222/
d223
d224/
d240/
d242/
d244
d245
d248
d267
d283/
d287/
d288/
d29/
d293/
d297/
d299
d3
d39
d45
d5/
d52/
d57
d59/
d67
d79
d87/
d89/
d93/
d95/
d96
f10/
f103
f106/
f113
f116/
f119
f12/
f121/
f126/
f129
f13/
f130
f131/
f133/
f134
f136
f140
f143/
f145
f149
f150/
f152
f153/
f154
f155
f156
f167/
f181/
f183
f184/
f199
f20/
f201
f206/
f221/
f223/
f224
f226/
f23
f232/
f237/
f240/
f247
f248/
f249
f257/
f259/
f26
f260/
f261/
f267
f279
f289/
f29/
f31
f37/
f38
f44
f46
f47/
f48/
f5
f53
f57
f65/
f69
f71
f8
f84
f85/
f86/
f91/
f99/
n102
n104/
n106/
n107
n109
n113/
n114
n17
n25
n26/
n27
n32
n38/
n43
n47
n49/
n51/
n58
n6/
n65
n77
n82
n90/
n91
n93/
Invalid operation
Invalid operation
Invalid operation
Invalid operation
Invalid operation
d10/
d119/
d12/
d124
d134
d14/
d141
d145
d160
d164
d172/
d174/
d179
d185/
d186
d192/
d194/
d198
d204/
d205/
d207/
d22
d222/
d223
d224/
d240/
d242/
d244
d245
d248
d267
d283/
d287/
d288/
d29/
d293/
d297/
d299
d3
d39
d45
d5/
d52/
d57
d59/
d67
d79
d87/
d89/
d93/
d95/
d96
f10/
f103
f106/
f113
f116/
f119
f12/
f121/
f126/
f129
f13/
f130
f131/
f133/
f134
f136
f140
f143/
f145
f149
f150/
f152
f153/
f154
f155
f156
f167/
f181/
f183
f184/
f188/
f199
f20/
f201
f206/
f221/
f223/
f224
f226/
f23
f232/
f237/
f240/
f247
f248/
f249
f257/
f259/
f26
f260/
f261/
f267
f27
f279
f289/
f29/
f31
f37/
f38
f44
f46
f47/
f48/
f5
f53
f57
f65/
f69
f71
f8
f84
f85/
f86/
f91/
f99/
n102
n104/
n106/
n107
n109
n113/
n114
n17
n25
n26/
n27
n32
n38/
n43
n47
n49/
n51/
n58
n6/
n65
n77
n82
n90/
n91
n93/
d10/
d119/
d12/
d124
d134
d14/
d141
d145
d160
d164
d172/
d174/
d179
d185/
d186
d192/
d194/
d198
d204/
d205/
d207/
d22
d222/
d223
d224/
d240/
d242/
d244
d245
d248
d267
d283/
d287/
d288/
d29/
d293/
d297/
d299
d3
d39
d45
d5/
d52/
d57
d59/
d67
d79
d87/
d89/
d93/
d95/
d96
f10/
f103
f106/
f113
f116/
f119
f12/
f121/
f126/
f129
f13/
f130
f131/
f133/
f134
f136
f140
f143/
f145
f149
f150/
f152
f153/
f154
f155
f156
f167/
f181/
f183
f184/
f188/
f199
f20/
f201
f206/
f221/
f223/
f224
f226/
f23
f232/
f237/
f240/
f247
f248/
f249
f257/
f259/
f26
f260/
f261/
f267
f27
f279
f289/
f29/
f31
f37/
f38
f44
f46
f47/
f48/
f5
f53
f57
f65/
f69
f71
f8
f84
f85/
f86/
f91/
f99/
n102
n104/
n106/
n107
n109
n113/
n114
n17
n25
n26/
n27
n32
n38/
n43
n47
n49/
n51/
n58
n6/
n65
n77
n82
n90/
n91
n93/
Invalid operation
Invalid operation
d10/
d119/
d12/
d124
d134
d14/
d141
d145
d160
d164
d172/
d174/
d179
d185/
d186
d192/
d194/
d198
d204/
d205/
d207/
d22
d222/
d223
d224/
d240/
d242/
d244
d245
d248
d267
d283/
d287/
d288/
d29/
d293/
d297/
d299
d3
d39
d45
d5/
d52/
d57
d59/
d67
d79
d87/
d89/
d93/
d95/
d96
f10/
f103
f106/
f113
f116/
f119
f12/
f121/
f126/
f129
f13/
f130
f131/
f133/
f134
f136
f140
f143/
f145
f149
f150/
f152
f153/
f154
f155
f156
f167/
f181/
f183
f184/
f188/
f199
f20/
f201
f206/
f221/
f223/
f224
f226/
f23
f232/
f237/
f240/
f247
f248/
f249
f257/
f259/
f26
f260/
f261/
f267
f27
f279
f289/
f29/
f31
f37/
f38
f44
f46
f47/
f48/
f5
f53
f57
f65/
f69
f71
f8
f84
f85/
f86/
f91/
f99/
n102
n104/
n106/
n107
n109
n113/
n114
n17
n25
n26/
n27
n32
n38/
n43
n47
n49/
n51/
n58
n6/
n65
n77
n82
n90/
n91
n93/
Invalid operation
Null
Invalid operation
Invalid operation
d10/
d119/
d124
d134
d14/
d141
d145
d160
d164
d172/
d174/
d179
d185/
d186
d192/
d194/
d198
d204/
d205/
d207/
d22
d222/
d223
d224/
d240/
d242/
d244
d245
d248
d267
d283/
d287/
d288/
d29/
d293/
d297/
d299
d3
d39
d45
d5/
d52/
d57
d59/
d67
d79
d87/
d89/
d93/
d95/
d96
f10/
f103
f106/
f113
f116/
f119
f12/
f121/
f126/
f129
f13/
f130
f131/
f133/
f134
f136
f140
f143/
f145
f149
f150/
f152
f153/
f154
f155
f156
f167/
f181/
f183
f184/
f188/
f199
f20/
f201
f206/
f221/
f223/
f224
f226/
f23
f232/
f237/
f240/
f247
f248/
f249
f257/
f259/
f26
f260/
f261/
f267
f27
f279
f289/
f29/
f31
f37/
f38
f44
f46
f47/
f48/
f5
f53
f57
f65/
f69
f71
f8
f84
f85/
f86/
f91/
f99/
n102
n104/
n106/
n107
n109
n113/
n114
n17
n25
n26/
n27
n32
n38/
n43
n47
n49/
n51/
n58
n6/
n65
n77
n82
n90/
n91
n93/
n58:58
f136:43
f23:42
d10/
d119/
d124
d134
d14/
d141
d145
d160
d164
d172/
d174/
d179
d185/
d186
d192/
d194/
d198
d204/
d205/
d207/
d22
d222/
d223
d224/
d240/
d242/
d244
d245
d248
d267
d283/
d287/
d288/
d29/
d293/
d297/
d299
d3
d39
d45
d5/
d52/
d57
d59/
d67
d79
d87/
d89/
d93/
d95/
d96
f10/
f103
f106/
f113
f116/
f119
f12/
f121/
f126/
f129
f13/
f130
f131/
f133/
f134
f136
f140
f143/
f145
f149
f150/
f152
f153/
f154
f155
f156
f167/
f181/
f183
f184/
f188/
f199
f20/
f201
f206/
f221/
f223/
f224
f226/
f23
f232/
f237/
f240/
f247
f248/
f249
f257/
f259/
f26
f260/
f261/
f267
f27
f279
f289/
f29/
f31
f37/
f38
f44
f46
f47/
f48/
f5
f53
f57
f65/
f69
f71
f8
f84
f85/
f86/
f91/
f99/
n102
n104/
n106/
n107
n109
n113/
n114
n17
n25
n26/
n27
n32
n38/
n43
n47
n49/
n51/
n58
n6/
n65
n77
n82
n90/
n91
n93/
n58:58
f136:43
d10/
d119/
d124
d134
d14/
d141
d145
d160
d164
d172/
d174/
d179
d185/
d186
d192/
d194/
d198
d204/
d205/
d207/
d22
d222/
d223
d224/
d240/
d242/
d244
d245
d248
d267
d283/
d287/
d288/
d29/
d293/
d297/
d299
d3
d39
d45
d5/
d52/
d57
d59/
d67
d79
d87/
d89/
d93/
d95/
d96
f10/
f103
f106/
f113
f116/
f119
f12/
f121/
f126/
f129
f13/
f130
f131/
f133/
f134
f136
f140
f143/
f145
f149
f150/
f152
f153/
f154
f155
f156
f167/
f181/
f183
f184/
f188/
f199
f20/
f201
f206/
f221/
f223/
f224
f226/
f23
f232/
f237/
f240/
f247
f248/
f249
f257/
f259/
f26
f260/
f261/
f267
f27
f279
f289/
f29/
f31
f37/
f38
f44
f46
f47/
f48/
f5
f53
f57
f65/
f69
f71
f8
f84
f85/
f86/
f91/
f99/
n102
n104/
n106/
n107
n109
n113/
n114
n17
n25
n26/
n27
n32
n38/
n43
n47
n49/
n51/
n58
n6/
n65
n77
n82
n90/
n91
n93/
d10/
d119/
d124
d134
d14/
d141
d145
d160
d164
d172/
d174/
d179
d185/
d186
d192/
d194/
d198
d204/
d205/
d207/
d22
d222/
d223
d224/
d240/
d242/
d244
d245
d248
d267
d283/
d287/
d288/
d29/
d293/
d297/
d299
d3
d39
d45
d5/
d52/
d57
d59/
d67
d79
d87/
d89/
d93/
d95/
d96
f10/
f103
f106/
f113
f116/
f119
f12/
f121/
f126/
f129
f13/
f130
f131/
f133/
f134
f136
f140
f143/
f145
f149
f150/
f152
f153/
f154
f155
f156
f167/
f181/
f183
f184/
f188/
f199
f20/
f201
f206/
f221/
f223/
f224
f226/
f23
f232/
f237/
f240/
f247
f248/
f249
f257/
f259/
f26
f260/
f261/
f267
f27
f279
f289/
f29/
f31
f37/
f38
f44
f46
f47/
f48/
f5
f53
f57
f65/
f69
f71
f8
f84
f85/
f86/
f91/
f99/
n102
n104/
n106/
n107
n109
n113/
n114
n17
n25
n26/
n27
n32
n38/
n43
n47
n49/
n51/
n58
n6/
n65
n77
n82
n90/
n91
n93/
Invalid operation
Invalid operation
d10/
d119/
d124
d134
d14/
d141
d145
d160
d164
d172/
d174/
d179
d185/
d186
d192/
d194/
d198
d204/
d205/
d207/
d22
d222/
d223
d224/
d240/
d242/
d244
d245
d248
d267
d283/
d287/
d288/
d29/
d293/
d297/
d299
d3
d39
d45
d5/
d52/
d57
d59/
d67
d79
d87/
d89/
d93/
d95/
d96
f10/
f103
f106/
f113
f116/
f119
f12/
f121/
f126/
f129
f13/
f130
f131/
f133/
f134
f136
f140
f143/
f145
f149
f150/
f152
f153/
f154
f155
f156
f167/
f181/
f183
f184/
f188/
f199
f20/
f201
f206/
f221/
f223/
f224
f226/
f23
f232/
f237/
f240/
f247
f248/
f249
f257/
f259/
f26
f260/
f261/
f267
f27
f279
f289/
f29/
f31
f37/
f38
f44
f46
f47/
f48/
f5
f53
f57
f65/
f69
f71
f8
f84
f85/
f86/
f91/
f99/
n102
n104/
n106/
n107
n109
n113/
n114
n17
n25
n26/
n27
n32
n38/
n43
n47
n49/
n51/
n58
n6/
n65
n77
n82
n90/
n91
n93/
n58:58
f136:43
f23:42
d198:30
f8:30
Invalid operation
d198:-kxezv6-2w rg 4np3a9g_24p463xx
/d198
Invalid operation
Invalid operation
d198:-kxezv6-2w rg 4np3a9g_24p463xxq9yqebg6kp_w7k3s
Invalid operation
Invalid operation
d10/
d119/
d124
d134
d14/
d141
d145
d160
d164
d172/
d174/
d179
d185/
d186
d192/
d194/
d198
d204/
d205/
d207/
d22
d222/
d223
d224/
d240/
d242/
d244
d245
d248
d267
d283/
d287/
d288/
d29/
d293/
d297/
d299
d3
d39
d45
d5/
d52/
d57
d59/
d67
d79
d87/
d89/
d93/
d95/
d96
f10/
f103
f106/
f113
f116/
f119
f12/
f121/
f126/
f129
f13/
f130
f131/
f133/
f134
f136
f140
f143/
f145
f149
f150/
f152
f153/
f154
f155
f156
f167/
f181/
f183
f184/
f199
f20/
f201
f206/
f221/
f223/
f224
f226/
f23
f232/
f237/
f240/
f247
f248/
f249
f257/
f259/
f26
f260/
f261/
f267
f27
f279
f289/
f29/
f31
f37/
f38
f44
f46
f47/
f48/
f5
f53
f57
f65/
f69
f71
f8
f84
f85/
f86/
f91/
f99/
n102
n104/
n106/
n107
n109
n113/
n114
n17
n25
n26/
n27
n32
n38/
n43
n47
n49/
n51/
n58
n6/
n65
n77
n82
n90/
n91
n93/
Invalid operation
Invalid operation
Invalid operation
Invalid operation
/d223
Invalid operation
Invalid operation
Invalid operation
Invalid operation
Invalid operation
d10/
d119/
d124
d134
d14/
d141
d145
d160
d164
d172/
d174/
d179
d185/
d186
d192/
d194/
d198
d204/
d205/
d207/
d22
d222/
d223
d224/
d240/
d242/
d244
d245
d248
d267
d283/
d287/
d288/
d29/
d293/
d297/
d299
d3
d39
d45
d5/
d52/
d57
d59/
d67
d79
d83
d87/
d89/
d93/
d95/
d96
f10/
f103
f106/
f113
f116/
f119
f12/
f121/
f126/
f129
f13/
f130
f131/
f133/
f134
f136
f140
f143/
f145
f149
f150/
f152
f153/
f154
f155
f156
f167/
f181/
f183
f184/
f199
f20/
f201
f206/
f221/
f223/
f224
f226/
f23
f232/
f237/
f240/
f247
f248/
f249
f257/
f259/
f26
f260/
f261/
f267
f27
f279
f289/
f29/
f31
f37/
f38
f44
f46
f47/
f48/
f5
f53
f57
f65/
f69
f71
f8
f84
f85/
f86/
f91/
f99/
n102
n104/
n106/
n107
n109
n113/
n114
n17
n25
n26/
n27
n32
n38/
n43
n47
n49/
n51/
n58
n6/
n65
n77
n82
n90/
n91
n93/
Invalid operation
Invalid operation
Invalid operation
Invalid operation
d10/
d106/
d119/
d124
d134
d14/
d141
d145
d160
d164
d172/
d174/
d179
d185/
d186
d192/
d194/
d198
d204/
d205/
d207/
d22
d222/
d223
d224/
d240/
d242/
d244
d245
d248
d267
d283/
d287/
d288/
d29/
d293/
d297/
d299
d3
d39
d45
d5/
d52/
d57
d59/
d67
d79
d83
d87/
d89/
d93/
d95/
d96
f10/
f103
f106/
f113
f116/
f119
f12/
f121/
f126/
f129
f13/
f130
f131/
f133/
f134
f136
f140
f143/
f145
f149
f150/
f152
f153/
f154
f155
f156
f167/
f181/
f183
f184/
f199
f20/
f201
f206/
f221/
f223/
f224
f226/
f23
f232/
f237/
f240/
f247
f248/
f249
f257/
f259/
f26
f260/
f261/
f267
f27
f279
f289/
f29/
f31
f37/
f38
f44
f46
f47/
f48/
f5
f53
f57
f65/
f69
f71
f8
f84
f85/
f86/
f91/
f99/
n102
n104/
n106/
n107
n109
n113/
n114
n17
n25
n26/
n27
n32
n38/
n43
n47
n49/
n51/
n58
n6/
n65
n77
n82
n90/
n91
n93/
Invalid operation
Invalid operation
Invalid operation
Invalid operation
Invalid operation
Invalid operation
Invalid operation
Null
Invalid operation
Invalid operation
Invalid operation
n58:58
d198:46
f136:43
f23:42
f8:30
n58:58
d198:46
f136:43
f23:42
f8:30
f279:17
f38:17
Invalid operation
Invalid operation
n58:58
d198:46
Invalid operation
Invalid operation
Invalid operation
Invalid operation
Invalid operation
n58:58
d198:46
f136:43
f23:42
f8:30
n58:58
d198:46
Invalid operation
n93:dir:0
d243:14808-lfb.nfp
d10/
d106/
d119/
d124
d134
d14/
d141
d145
d160
d164
d172/
d174/
d179
d185/
d186
d192/
d194/
d198
d204/
d205/
d207/
d22
d222/
d223
d224/
d24/
d240/
d242/
d243
d244
d245
d248
d267
d27/
d283/
d287/
d288/
d29/
d293/
d297/
d299
d3
d39
d45
d5/
d52/
d57
d59/
d67
d79
d83
d87/
d89/
d93/
d95/
d96
f10/
f103
f106/
f107
f113
f116/
f119
f12/
f121/
f126/
f129
f13/
f130
f131/
f133/
f134
f136
f140
f143/
f145
f149
f150/
f152
f153/
f154
f155
f156
f158
f167/
f181/
f183
f184/
f199
f20/
f201
f206/
f221/
f223/
f224
f226/
f23
f232/
f237/
f240/
f247
f248/
f249
f257/
f259/
f26
f260/
f261/
f267
f27
f279
f289/
f29/
f292
f31
f37/
f38
f44
f46
f47/
f48/
f5
f53
f57
f65/
f69
f71
f8
f84
f85/
f86/
f91/
f99/
n102
n104/
n106/
n107
n109
n113/
n114
n17
n21
n25
n26/
n27
n32
n38/
n43
n47
n49/
n51/
n58
n6/
n65
n77
n82
n90/
n91
n93/
Invalid operation
n58:58
d198:46
f136:43
f23:42
Invalid operation
d10/
d106/
d119/
d124
d134
d14/
d141
d145
d160
d164
d172/
d174/
d179
d185/
d186
d192/
d194/
d198
d204/
d205/
d207/
d22
d222/
d223
d224/
d24/
d240/
d242/
d244
d245
d248
d267
d283/
d287/
d288/
d29/
d293/
d297/
d299
d3
d39
d45
d5/
d52/
d57
d59/
d67
d79
d83
d87/
d89/
d93/
d95/
d96
f10/
f103
f106/
f107
f113
f116/
f119
f12/
f121/
f126/
f129
f13/
f130
f131/
f133/
f134
f136
f140
f143/
f145
f149
f150/
f152
f153/
f154
f155
f156
f158
f167/
f181/
f183
f184/
f199
f20/
f201
f206/
f221/
f223/
f224
f226/
f23
f232/
f237/
f240/
f247
f248/
f249
f257/
f259/
f26
f260/
f261/
f267
f27
f279
f289/
f29/
f292
f31
f37/
f38
f44
f46
f47/
f48/
f5
f53
f57
f65/
f69
f71
f8
f84
f85/
f86/
f91/
f99/
n102
n104/
n106/
n107
n109
n113/
n114
n17
n25
n26/
n27
n32
n38/
n43
n47
n49/
n51/
n58
n6/
n65
n77
n82
n90/
n91
n93/
Invalid operation
Invalid operation
Invalid operation
d10/
d106/
d119/
d124
d134
d14/
d141
d145
d160
d164
d172/
d174/
d179
d18/
d185/
d186
d192/
d194/
d198
d204/
d205/
d207/
d22
d222/
d223
d224/
d24/
d240/
d242/
d244
d245
d248
d267
d283/
d287/
d288/
d29/
d293/
d297/
d299
d3
d39
d45
d5/
d52/
d57
d59/
d67
d74
d79
d83
d87/
d89/
d93/
d95/
d96
f10/
f103
f106/
f107
f113
f116/
f119
f12/
f121/
f126/
f129
f13/
f130
f131/
f133/
f134
f136
f140
f143/
f145
f149
f150/
f152
f153/
f154
f155
f156
f158
f167/
f181/
f183
f184/
f199
f20/
f201
f206/
f221/
f223/
f224
f226/
f23
f232/
f237/
f240/
f247
f248/
f249
f257/
f259/
f26
f260/
f261/
f267
f27
f279
f289/
f29/
f292
f31
f37/
f38
f44
f46
f47/
f48/
f5
f53
f57
f65/
f69
f71
f8
f84
f85/
f86/
f91/
f99/
n102
n104/
n106/
n107
n109
n113/
n114
n17
n25
n26/
n27
n32
n38/
n43
n47
n49/
n51/
n58
n6/
n65
n77
n82
n90/
n91
n93/
f155: 9525jt_v5femnp
Invalid operation
Invalid operation
Invalid operation
d10/
d106/
d119/
d124
d134
d14/
d141
d145
d160
d164
d172/
d174/
d179
d18/
d185/
d186
d192/
d194/
d198
d204/
d205/
d207/
d22
d222/
d223
d224/
d24/
d240/
d242/
d244
d245
d248
d267
d283/
d287/
d288/
d29/
d293/
d297/
d299
d3
d39
d45
d5/
d52/
d57
d59/
d67
d79
d83
d87/
d89/
d93/
d95/
d96
f10/
f103
f106/
f107
f113
f116/
f119
f12/
f121/
f125
f126/
f129
f13/
f130
f131/
f133/
f134
f136
f140
f143/
f145
f149
f150/
f152
f153/
f154
f156
f158
f167/
f181/
f183
f184/
f199
f20/
f201
f206/
f221/
f223/
f224
f226/
f23
f232/
f237/
f240/
f247
f248/
f249
f257/
f259/
f26
f260/
f261/
f267
f27
f279
f289/
f29/
f292
f31
f37/
f38
f44
f46
f47/
f48/
f5
f53
f57
f65/
f69
f71
f8
f84
f85/
f86/
f91/
f99/
n102
n104/
n106/
n107
n109
n113/
n114
n17
n25
n26/
n27
n32
n38/
n43
n47
n49/
n51/
n58
n6/
n65
n77
n82
n90/
n91
n93/
Invalid operation
n58:58
d198:46
f136:43
f23:42
f8:30
f279:17
f38:17
d299:16
d10/
d106/
d119/
d124
d134
d14/
d141
d145
d160
d164
d172/
d173/
d174/
d179
d18/
d185/
d186
d192/
d194/
d198
d204/
d205/
d207/
d22
d222/
d223
d224/
d24/
d240/
d242/
d244
d245
d248
d267
d283/
d287/
d288/
d29/
d293/
d297/
d299
d3
d39
d45
d5/
d52/
d57
d59/
d67
d79
d82/
d83
d87/
d89/
d93/
d95/
d96
f10/
f103
f106/
f107
f113
f116/
f119
f12/
f121/
f125
f126/
f129
f13/
f130
f131/
f133/
f134
f136
f140
f143/
f145
f149
f150/
f152
f153/
f154
f156
f158
f167/
f181/
f183
f184/
f199
f20/
f201
f206/
f221/
f223/
f224
f226/
f23
f232/
f237/
f240/
f247
f248/
f249
f257/
f259/
f26
f260/
f261/
f267
f27
f279
f289/
f29/
f292
f31
f37/
f38
f44
f46
f47/
f48/
f5
f53
f57
f65/
f69
f71
f8
f84
f85/
f86/
f91/
f99/
n102
n104/
n106/
n107
n109
n113/
n114
n17
n25
n26/
n27
n32
n38/
n43
n47
n49/
n51/
n58
n6/
n65
n77
n82
n90/
n91
n93/
Invalid operation
Invalid operation
n58:58
d198:46
f136:43
f23:42
f8:30
f279:17
f38:17
Null
Invalid operation
Invalid operation
n58:58
d198:46
f136:43
f23:42
f8:30
Invalid operation
d10/
d106/
d119/
d124
d134
d14/
d141
d145
d160
d164
d172/
d173/
d174/
d179
d18/
d185/
d186
d192/
d194/
d198
d204/
d205/
d207/
d22
d222/
d223
d224/
d24/
d240/
d242/
d244
d245
d248
d267
d283/
d287/
d288/
d29/
d293/
d297/
d299
d3
d39
d45
d5/
d52/
d57
d59/
d67
d79
d82/
d83
d84
d87/
d89/
d93/
d95/
d96
f10/
f103
f106/
f107
f113
f116/
f119
f12/
f121/
f125
f126/
f129
f13/
f130
f131/
f133/
f134
f136
f140
f143/
f145
f149
f150/
f152
f153/
f154
f156
f158
f167/
f181/
f183
f184/
f199
f20/
f201
f206/
f221/
f223/
f224
f226/
f23
f232/
f237/
f240/
f247
f248/
f249
f257/
f259/
f26
f260/
f261/
f267
f27
f279
f289/
f29/
f292
f31
f37/
f38
f44
f46
f47/
f48/
f5
f53
f57
f65/
f69
f71
f8
f84
f85/
f86/
f91/
f99/
n102
n104/
n106/
n107
n109
n113/
n114
n17
n25
n26/
n27
n32
n38/
n43
n47
n49/
n51/
n58
n6/
n65
n77
n82
n90/
n91
n93/
d10/
d106/
d119/
d124
d134
d14/
d141
d145
d160
d164
d172/
d173/
d174/
d179
d18/
d185/
d186
d192/
d194/
d198
d204/
d205/
d207/
d22
d222/
d223
d224/
d24/
d240/
d242/
d244
d245
d248
d267
d283/
d287/
d288/
d29/
d293/
d297/
d299
d3
d39
d45
d5/
d52/
d57
d59/
d67
d79
d82/
d83
d84
d87/
d89/
d93/
d95/
d96
f10/
f103
f106/
f107
f113
f116/
f119
f12/
f121/
f125
f126/
f129
f13/
f130
f131/
f133/
f134
f136
f140
f143/
f145
f149
f150/
f152
f153/
f154
f156
f158
f167/
f181/
f183
f184/
f199
f20/
f201
f206/
f221/
f223/
f224
f226/
f23
f232/
f237/
f240/
f247
f248/
f249
f257/
f259/
f26
f260/
f261/
f267
f27
f279
f289/
f29/
f292
f31
f37/
f38
f44
f46
f47/
f48/
f5
f53
f57
f65/
f69
f71
f8
f84
f85/
f86/
f91/
f99/
n102
n104/
n106/
n107
n109
n113/
n114
n17
n25
n26/
n27
n32
n38/
n43
n47
n49/
n51/
n58
n6/
n65
n77
n82
n90/
n91
n93/
/d124
Invalid operation
d10/
d106/
d119/
d124
d134
d14/
d141
d145
d160
d164
d172/
d173/
d174/
d179
d18/
d185/
d186
d192/
d194/
d198
d204/
d205/
d207/
d22
d222/
d223
d224/
d24/
d240/
d242/
d244
d245
d248
d267
d283/
d287/
d288/
d29/
d293/
d297/
d299
d3
d39
d45
d5/
d52/
d57
d59/
d67
d79
d82/
d83
d84
d87/
d89/
d93/
d95/
d96
f10/
f103
f106/
f107
f113
f116/
f119
f12/
f121/
f125
f126/
f129
f13/
f130
f131/
f133/
f134
f136
f140
f143/
f145
f149
f150/
f152
f153/
f154
f156
f158
f167/
f181/
f183
f184/
f199
f20/
f201
f206/
f221/
f223/
f224
f226/
f23
f232/
f237/
f240/
f247
f248/
f249
f257/
f259/
f26
f260/
f261/
f267
f27
f279
f289/
f29/
f292
f31
f37/
f38
f44
f46
f47/
f48/
f5
f53
f57
f65/
f69
f71
f8
f84
f85/
f86/
f91/
f99/
n102
n104/
n106/
n107
n109
n113/
n114
n17
n25
n26/
n27
n32
n38/
n43
n47
n49/
n51/
n58
n6/
n65
n77
n82
n90/
n91
n93/
Invalid operation
Invalid operation
d10/
d106/
d119/
d134
d14/
d141
d145
d160
d164
d172/
d173/
d174/
d179
d18/
d185/
d186
d192/
d194/
d198
d204/
d205/
d207/
d22
d222/
d223
d224/
d24/
d240/
d242/
d244
d245
d248
d267
d283/
d287/
d288/
d29/
d293/
d297/
d299
d3
d39
d45
d5/
d52/
d57
d59/
d67
d79
d82/
d83
d84
d87/
d89/
d93/
d95/
d96
f10/
f103
f106/
f107
f113
f116/
f119
f12/
f121/
f125
f126/
f129
f13/
f130
f131/
f133/
f134
f136
f140
f143/
f145
f149
f150/
f152
f153/
f154
f156
f158
f167/
f181/
f183
f184/
f199
f20/
f201
f206/
f221/
f223/
f224
f226/
f23
f232/
f237/
f240/
f247
f248/
f249
f257/
f259/
f26
f260/
f261/
f267
f27
f279
f289/
f29/
f292
f31
f37/
f38
f44
f46
f47/
f48/
f5
f53
f57
f65/
f69
f71
f8
f84
f85/
f86/
f91/
f99/
n102
n104/
n106/
n107
n109
n113/
n114
n17
n25
n26/
n27
n32
n38/
n43
n47
n49/
n51/
n58
n6/
n65
n77
n82
n90/
n91
n93/
Null
Invalid operation
d10/
d106/
d119/
d134
d14/
d141
d145
d160
d164
d172/
d173/
d174/
d179
d18/
d185/
d186
d192/
d194/
d198
d204/
d205/
d207/
d22
d222/
d223
d224/
d24/
d240/
d242/
d244
d245
d248
d267
d283/
d287/
d288/
d29/
d293/
d297/
d299
d3
d39
d45
d5/
d52/
d57
d59/
d67
d79
d82/
d83
d84
d87/
d89/
d93/
d95/
d96
f10/
f103
f106/
f107
f113
f116/
f119
f12/
f121/
f125
f126/
f129
f13/
f130
f131/
f133/
f134
f136
f140
f143/
f145
f149
f150/
f152
f153/
f154
f156
f158
f167/
f181/
f183
f184/
f199
f20/
f201
f206/
f221/
f223/
f224
f226/
f23
f232/
f237/
f240/
f247
f248/
f249
f257/
f259/
f26
f260/
f261/
f267
f27
f279
f289/
f29/
f292
f31
f37/
f38
f44
f46
f47/
f48/
f5
f53
f57
f65/
f69
f71
f8
f84
f85/
f86/
f91/
f99/
n102
n104/
n106/
n107
n109
n113/
n114
n17
n25
n26/
n27
n32
n38/
n43
n47
n49/
n51/
n58
n6/
n65
n77
n82
n90/
n91
n93/
Invalid operation
/n109
Invalid operation
d201:56
d10/
d106/
d119/
d134
d14/
d141
d145
d160
d164
d172/
d173/
d174/
d179
d18/
d185/
d186
d192/
d194/
d198
d204/
d205/
d207/
d22
d222/
d223
d224/
d24/
d240/
d242/
d244
d245
d248
d267
d283/
d287/
d288/
d29/
d293/
d297/
d299
d3
d39
d45
d5/
d52/
d57
d59/
d67
d79
d82/
d83
d84
d87/
d89/
d93/
d95/
d96
f10/
f103
f106/
f107
f113
f116/
f119
f12/
f121/
f125
f126/
f129
f13/
f130
f131/
f133/
f134
f136
f140
f143/
f145
f149
f150/
f152
f153/
f154
f156
f158
f167/
f181/
f183
f184/
f199
f20/
f201
f206/
f221/
f223/
f224
f226/
f23
f232/
f237/
f240/
f247
f248/
f249
f257/
f259/
f26
f260/
f261/
f267
f27
f279
f288
f289/
f29/
f292
f31
f37/
f38
f44
f46
f47/
f48/
f5
f53
f57
f65/
f69
f71
f8
f84
f85/
f86/
f91/
f99/
n102
n104/
n106/
n107
n109
n113/
n114
n17
n25
n26/
n27
n32
n38/
n43
n47
n49/
n51/
n58
n6/
n65
n77
n82
n90/
n91
n93/
d10/
d106/
d119/
d134
d14/
d141
d145
d160
d164
d172/
d173/
d174/
d179
d18/
d185/
d186
d192/
d194/
d198
d204/
d205/
d207/
d22
d222/
d223
d224/
d24/
d240/
d242/
d244
d245
d248
d267
d283/
d287/
d288/
d29/
d293/
d297/
d299
d3
d39
d45
d5/
d52/
d57
d59/
d67
d79
d82/
d83
d84
d87/
d89/
d93/
d95/
d96
f10/
f103
f106/
f107
f113
f116/
f119
f12/
f121/
f125
f126/
f129
f13/
f130
f131/
f133/
f134
f136
f140
f143/
f145
f149
f150/
f152
f153/
f154
f156
f158
f167/
f181/
f183
f184/
f199
f20/
f201
f206/
f221/
f223/
f224
f226/
f23
f232/
f237/
f240/
f247
f248/
f249
f257/
f259/
f26
f260/
f261/
f267
f27
f279
f288
f289/
f29/
f292
f31
f37/
f38
f44
f46
f47/
f48/
f5
f53
f57
f65/
f69
f71
f8
f84
f85/
f86/
f91/
f99/
n102
n104/
n106/
n107
n109
n113/
n114
n17
n25
n26/
n27
n32
n38/
n43
n47
n49/
n51/
n58
n6/
n65
n77
n82
n90/
n91
n93/
Invalid operation
Invalid operation
Invalid operation
Invalid operation
Invalid operation
Invalid operation
Invalid operation
Invalid operation
Null
f125:a7mpn6bxol7q
Invalid operation
/f125
Invalid operation
f150:dir:0
f66:92
Invalid operation
d52
f150/
f66
Invalid operation
f125:a7mpn6bxol7q
n59/
Invalid operation
Invalid operation
Invalid operation
Invalid operation
Invalid operation
/d18/f298
Invalid operation
/d18/f298
f298
f77
n59/
Invalid operation
Invalid operation
n100:14
f77:9
f298:4
f56:1
Invalid operation
Invalid operation
f298:ydxp
n59:dir:0
d163/
d265/
f245
f298
f77
n100
n59/
n96
Invalid operation
/d18/f77
Invalid operation
f77:19
d130:17
n100:14
d181:9
f245:5
f298:5
d130
d148/
d163/
d181
d265/
f245
f298
f77
n100
n59/
Invalid operation
Invalid operation
Invalid operation
Invalid operation
Invalid operation
d256/
Invalid operation
f77:6t9zsrgfsx4j-5yqk..x
Invalid operation
Invalid operation
Invalid operation
f77:6t9zsrgfsx4j-5yqk..xx
Invalid operation
Invalid operation
d269/
f293/
d269/
f247
f293/
Invalid operation
Invalid operation
d256/
d73/
f130/
f31/
Invalid operation
Invalid operation
Invalid operation
Invalid operation
f130:dir:0
Invalid operation
d256/
d73/
f130/
f3/
f31/
d256/
d73/
f130/
f3/
f31/
d256/
d73/
f130/
f3/
f31/
f77:6t9zsrgfsx4j-5yqk..xxxk4 ccs0_a9.zkkt_
Invalid operation
d256/
d73/
f130/
f3/
f31/
Invalid operation
/d18/d265/d150
/d245
f130:dir:0
Invalid operation
d150
d256/
d73/
f130/
f31/
f130:dir:0
Invalid operation
Invalid operation
Invalid operation
d256/
d73/
f130/
f31/
Invalid operation
Invalid operation
Invalid operation
/d18/f77
Invalid operation
Invalid operation
Invalid operation
Invalid operation
f247:o72u9m1vt9n1
Invalid operation
Invalid operation
d114
d221/
d269/
f126/
f247
f251/
f270
f293/
n18
Invalid operation
d114
d218/
d221/
d269/
f126/
f247
f251/
f270
f293/
n18
Invalid operation
Invalid operation
d114
d218/
d221/
d269/
f126/
f247
f251/
f270
f293/
n18
Null
Invalid operation
Invalid operation
f293:dir:0
Invalid operation
/d18/d265/f130/f247
/f247
d114
d221/
d269/
f126/
f247
f251/
f270
f293/
n18
/d18/d265/f130/f247
/f247
d114
d221/
d269/
f126/
f247
f251/
f270
f293/
n18
/d18/d265/f130/f247
/f247
d114
d221/
d269/
f126/
f247
f251/
f270
f293/
n18
Invalid operation
d114
d221/
d269/
d68/
f126/
f157/
f247
f251/
f270
f293/
n18
d114
d221/
d269/
d68/
f126/
f157/
f247
f251/
f270
f293/
n18
d114:53 6A 14
f293:dir:0
Invalid operation
f77:69
Invalid operation
Invalid operation
Invalid operation
f125:a7mpn6bxol7qf_ffg42nicn 19dby
Invalid operation
d10/
d106/
d119/
d134
d14/
d141
d145
d160
d164
d172/
d173/
d174/
d179
d18/
d185/
d186
d192/
d194/
d198
d204/
d205/
d207/
d22
d222/
d223
d224/
d237
d24/
d240/
d242/
d244
d245
d248
d267
d283/
d287/
d288/
d29/
d291
d293/
d297/
d299
d3
d39
d45
d5/
d52/
d57
d59/
d67
d79
d82/
d83
d84
d87/
d89/
d93/
d95/
d96
f10/
f103
f106/
f107
f113
f116/
f119
f12/
f121/
f125
f126/
f129
f13/
f130
f131/
f133/
f134
f136
f140
f143/
f145
f149
f150/
f152
f153/
f154
f156
f158
f167/
f181/
f183
f184/
f199
f20/
f201
f206/
f221/
f223/
f224
f226/
f23
f232/
f237/
f240/
f247
f248/
f249
f257/
f259/
f26
f260/
f261/
f267
f27
f279
f288
f289/
f29/
f292
f31
f37/
f38
f44
f46
f47/
f48/
f5
f53
f57
f65/
f69
f71
f8
f84
f85/
f86/
f91/
f99/
n102
n104/
n106/
n107
n109
n113/
n114
n17
n25
n26/
n27
n32
n38/
n43
n47
n49/
n51/
n58
n6/
n60/
n65
n77
n82
n90/
n91
n93/
d10/
d106/
d119/
d134
d14/
d141
d145
d160
d164
d172/
d173/
d174/
d179
d18/
d185/
d186
d192/
d194/
d198
d204/
d205/
d207/
d22
d222/
d223
d224/
d237
d24/
d240/
d242/
d244
d245
d248
d267
d283/
d287/
d288/
d29/
d291
d293/
d297/
d299
d3
d39
d45
d5/
d52/
d57
d59/
d67
d79
d82/
d83
d84
d87/
d89/
d93/
d95/
d96
f10/
f103
f106/
f107
f113
f116/
f119
f12/
f121/
f125
f126/
f129
f13/
f130
f131/
f133/
f134
f136
f140
f143/
f145
f149
f150/
f152
f153/
f154
f156
f158
f167/
f181/
f183
f184/
f199
f20/
f201
f206/
f221/
f223/
f224
f226/
f23
f232/
f237/
f240/
f247
f248/
f249
f257/
f259/
f26
f260/
f261/
f267
f27
f279
f288
f289/
f29/
f292
f31
f37/
f38
f44
f46
f47/
f48/
f5
f53
f57
f65/
f69
f71
f8
f84
f85/
f86/
f91/
f99/
n102
n104/
n106/
n107
n109
n113/
n114
n17
n25
n26/
n27
n32
n38/
n43
n47
n49/
n51/
n58
n6/
n60/
n65
n77
n82
n90/
n91
n93/
d10/
d106/
d119/
d134
d14/
d141
d145
d160
d164
d172/
d173/
d174/
d179
d18/
d185/
d186
d192/
d194/
d198
d204/
d205/
d207/
d22
d222/
d223
d224/
d237
d24/
d240/
d242/
d244
d245
d248
d267
d283/
d287/
d288/
d29/
d291
d293/
d297/
d299
d3
d39
d45
d5/
d52/
d57
d59/
d67
d79
d82/
d83
d84
d87/
d89/
d93/
d95/
d96
f10/
f103
f106/
f107
f113
f116/
f119
f12/
f121/
f125
f126/
f129
f13/
f130
f131/
f133/
f134
f136
f140
f143/
f145
f149
f150/
f152
f153/
f154
f156
f158
f167/
f181/
f183
f184/
f199
f20/
f201
f206/
f221/
f223/
f224
f226/
f23
f232/
f237/
f240/
f247
f248/
f249
f257/
f259/
f26
f260/
f261/
f267
f27
f279
f288
f289/
f29/
f292
f31
f37/
f38
f44
f46
f47/
f48/
f5
f53
f57
f65/
f69
f71
f8
f84
f85/
f86/
f91/
f99/
n102
n104/
n106/
n107
n109
n113/
n114
n17
n25
n26/
n27
n32
n38/
n43
n47
n49/
n51/
n58
n6/
n60/
n65
n77
n82
n90/
n91
n93/
/f125
Invalid operation
Invalid operation
f173/
f194/
f173/
f194/
f173/
f194/
d195:93 5B 45
Invalid operation
d174
d195
f173/
f194/
d195:68 CB
d195:93
Invalid operation
Invalid operation
Invalid operation
Invalid operation
Invalid operation
n58:58
d198:46
f125:44
f136:43
f23:42
f8:30
n17:19
d84:17
Invalid operation
Invalid operation
Null
Invalid operation
Invalid operation
Null
Invalid operation
Invalid operation
Invalid operation
Invalid operation
d10/
d106/
d119/
d134
d14/
d141
d145
d160
d164
d167
d172/
d173/
d174/
d179
d18/
d185/
d186
d192/
d194/
d198
d204/
d205/
d207/
d21/
d22
d222/
d223
d224/
d237
d24/
d240/
d242/
d244
d245
d248
d267
d283/
d287/
d288/
d29/
d291
d293/
d297/
d299
d3
d39
d45
d5/
d52/
d57
d59/
d67
d79
d82/
d83
d84
d87/
d89/
d93/
d95/
d96
f10/
f103
f106/
f107
f113
f116/
f119
f12/
f121/
f125
f126/
f129
f13/
f130
f131/
f133/
f134
f136
f140
f143/
f145
f149
f150/
f152
f153/
f154
f156
f158
f167/
f181/
f183
f184/
f199
f20/
f201
f206/
f221/
f223/
f224
f226/
f23
f232/
f237/
f240/
f247
f248/
f249
f257/
f259/
f26
f260/
f261/
f267
f27
f279
f288
f289/
f29/
f292
f31
f37/
f38
f44
f46
f47/
f48/
f5
f53
f57
f65/
f69
f71
f8
f84
f85/
f86/
f91/
f99/
n102
n104/
n106/
n107
n109
n113/
n114
n17
n25
n26/
n27
n32
n38/
n43
n47
n49/
n51/
n58
n6/
n60/
n65
n77
n82
n90/
n91
n93/
Invalid operation
Invalid operation
d21:dir:0
d21:dir:0
Invalid operation
d10/
d106/
d119/
d134
d14/
d141
d145
d160
d164
d167
d172/
d173/
d174/
d179
d18/
d185/
d186
d192/
d194/
d198
d204/
d205/
d207/
d21/
d22
d222/
d223
d224/
d237
d24/
d240/
d242/
d244
d245
d248
d267
d283/
d287/
d288/
d29/
d291
d293/
d297/
d299
d3
d39
d45
d5/
d52/
d57
d59/
d67
d79
d82/
d83
d84
d87/
d89/
d93/
d95/
d96
f10/
f103
f106/
f107
f113
f116/
f119
f12/
f121/
f125
f126/
f129
f13/
f130
f131/
f133/
f134
f136
f140
f143/
f145
f149
f150/
f152
f153/
f154
f156
f158
f167/
f181/
f183
f184/
f199
f20/
f201
f206/
f221/
f223/
f224
f226/
f23
f232/
f237/
f240/
f247
f248/
f249
f257/
f259/
f26
f260/
f261/
f267
f27
f279
f288
f289/
f29/
f292
f31
f37/
f38
f44
f46
f47/
f48/
f5
f53
f57
f65/
f69
f71
f8
f84
f85/
f86/
f91/
f99/
n102
n104/
n106/
n107
n109
n113/
n114
n17
n25
n26/
n27
n32
n38/
n43
n47
n49/
n51/
n58
n6/
n60/
n65
n77
n82
n90/
n91
n93/
Invalid operation
Invalid operation
d10/
d106/
d119/
d134
d14/
d141
d145
d160
d164
d167
d172/
d173/
d174/
d179
d18/
d185/
d186
d192/
d194/
d198
d204/
d205/
d207/
d21/
d22
d222/
d223
d224/
d237
d24/
d240/
d242/
d244
d245
d248
d267
d283/
d287/
d288/
d29/
d291
d293/
d297/
d299
d3
d39
d45
d5/
d52/
d57
d59/
d67
d79
d82/
d83
d84
d87/
d89/
d93/
d95/
d96
f10/
f103
f106/
f107
f113
f116/
f119
f12/
f121/
f125
f126/
f129
f13/
f130
f131/
f133/
f134
f136
f140
f143/
f145
f149
f150/
f152
f153/
f154
f156
f158
f167/
f181/
f183
f184/
f199
f20/
f201
f206/
f221/
f223/
f224
f226/
f23
f232/
f237/
f240/
f247
f248/
f249
f257/
f259/
f26
f260/
f261/
f267
f27
f279
f288
f289/
f29/
f292
f31
f37/
f38
f44
f46
f47/
f48/
f5
f53
f55/
f57
f65/
f69
f71
f8
f84
f85/
f86/
f91/
f99/
n102
n104/
n106/
n107
n109
n113/
n114
n17
n25
n26/
n27
n32
n38/
n43
n47
n49/
n51/
n58
n6/
n60/
n65
n77
n82
n90/
n91
n93/
Invalid operation
n58:58
Invalid operation
Invalid operation
Invalid operation
Invalid operation
Invalid operation
Invalid operation
n58:58
d198:46
f125:44
f136:43
f23:42
f8:30
d84:17
f279:17
Invalid operation
Invalid operation
d10/
d106/
d119/
d12/
d134
d14/
d141
d145
d160
d164
d167
d172/
d173/
d174/
d179
d18/
d185/
d186
d192/
d194/
d198
d204/
d205/
d207/
d21/
d22
d222/
d223
d224/
d237
d24/
d240/
d242/
d244
d245
d248
d267
d283/
d287/
d288/
d29/
d291
d293/
d297/
d299
d3
d39
d45
d5/
d52/
d57
d59/
d67
d79
d82/
d83
d84
d87/
d89/
d93/
d95/
d96
f10/
f103
f106/
f107
f113
f116/
f119
f12/
f121/
f125
f126/
f129
f13/
f130
f131/
f133/
f134
f136
f140
f143/
f145
f149
f150/
f152
f153/
f154
f156
f158
f167/
f181/
f183
f184/
f199
f20/
f201
f206/
f221/
f223/
f224
f226/
f23
f232/
f237/
f240/
f247
f248/
f249
f257/
f259/
f26
f260/
f261/
f267
f27
f279
f288
f289/
f29/
f292
f31
f37/
f38
f44
f46
f47/
f48/
f5
f53
f57
f65/
f69
f71
f8
f84
f85/
f86/
f91/
f99/
n102
n104/
n106/
n107
n109
n113/
n114
n17
n25
n26/
n27
n32
n38/
n43
n47
n49/
n51/
n58
n6/
n60/
n65
n77
n82
n90/
n91
n93/
Invalid operation
Invalid operation
Invalid operation
d10/
d106/
d119/
d12/
d134
d14/
d141
d145
d160
d164
d167
d172/
d173/
d174/
d179
d18/
d185/
d186
d192/
d194/
d198
d204/
d205/
d207/
d21/
d22
d222/
d223
d224/
d237
d24/
d240/
d242/
d244
d245
d248
d267
d283/
d287/
d288/
d29/
d291
d293/
d297/
d299
d3
d39
d45
d5/
d52/
d57
d59/
d67
d79
d82/
d83
d84
d87/
d89/
d93/
d95/
d96
f10/
f103
f106/
f107
f113
f116/
f119
f12/
f121/
f125
f126/
f129
f13/
f130
f131/
f133/
f134
f136
f140
f143/
f145
f149
f150/
f152
f153/
f154
f156
f158
f167/
f181/
f183
f184/
f199
f20/
f201
f206/
f221/
f223/
f224
f226/
f23
f232/
f237/
f240/
f247
f248/
f249
f257/
f259/
f26
f260/
f261/
f267
f27
f279
f288
f289/
f29/
f292
f31
f37/
f38
f44
f46
f47/
f48/
f5
f53
f57
f65/
f69
f71
f8
f84
f85/
f86/
f91/
f99/
n102
n104/
n106/
n107
n109
n113/
n114
n17
n25
n26/
n27
n32
n38/
n43
n47
n49/
n51/
n58
n6/
n60/
n65
n77
n82
n90/
n91
n93/
d10/
d106/
d119/
d12/
d134
d14/
d141
d145
d160
d164
d167
d172/
d173/
d174/
d179
d18/
d185/
d186
d192/
d194/
d198
d204/
d205/
d207/
d21/
d22
d222/
d223
d224/
d237
d24/
d240/
d242/
d244
d245
d248
d267
d283/
d287/
d288/
d29/
d291
d293/
d297/
d299
d3
d39
d45
d5/
d52/
d57
d59/
d67
d79
d82/
d83
d84
d87/
d89/
d93/
d95/
d96
f10/
f103
f106/
f107
f113
f116/
f119
f12/
f121/
f125
f126/
f129
f13/
f130
f131/
f133/
f134
f136
f140
f143/
f145
f149
f150/
f152
f153/
f154
f156
f158
f167/
f181/
f183
f184/
f199
f20/
f201
f206/
f221/
f223/
f224
f226/
f23
f232/
f237/
f240/
f247
f248/
f249
f257/
f259/
f26
f260/
f261/
f267
f27
f279
f288
f289/
f29/
f292
f31
f37/
f38
f44
f46
f47/
f48/
f5
f53
f57
f65/
f69
f71
f8
f84
f85/
f86/
f91/
f99/
n102
n104/
n106/
n107
n109
n113/
n114
n17
n25
n26/
n27
n32
n38/
n43
n47
n49/
n51/
n58
n6/
n60/
n65
n77
n82
n90/
n91
n93/
Invalid operation
Invalid operation
Invalid operation
Invalid operation
Invalid operation
Invalid operation
n58:58
d198:46
f125:44
f136:43
f23:42
f8:30
d84:17
f279:17
Null
Invalid operation
Invalid operation
Invalid operation
Invalid operation
Invalid operation
Invalid operation
Invalid operation
Invalid operation
Invalid operation
Invalid operation
Invalid operation
Invalid operation
n58:58
d198:46
f125:44
f136:43
f23:42
Invalid operation
Invalid operation
Invalid operation
Invalid operation
Invalid operation
Null
d10/
d106/
d119/
d12/
d134
d14/
d141
d145
d160
d164
d172/
d173/
d174/
d179
d18/
d185/
d186
d192/
d194/
d198
d204/
d205/
d207/
d21/
d22
d222/
d223
d224/
d237
d24/
d240/
d242/
d244
d245
d248
d255
d267
d283/
d287/
d288/
d29/
d291
d293/
d297/
d299
d3
d39
d45
d5/
d52/
d57
d59/
d67
d79
d82/
d83
d84
d87/
d89/
d93/
d95/
d96
f10/
f103
f106/
f107
f113
f116/
f119
f12/
f121/
f125
f126/
f129
f13/
f130
f131/
f133/
f134
f136
f140
f143/
f145
f149
f150/
f152
f153/
f154
f156
f158
f167/
f181/
f183
f184/
f199
f20/
f201
f206/
f221/
f223/
f224
f226/
f23
f232/
f234
f237/
f240/
f246/
f247
f248/
f249
f257/
f259/
f26
f260/
f261/
f267
f27
f279
f288
f289/
f29/
f292
f31
f37/
f38
f44
f46
f47/
f48/
f5
f53
f57
f65/
f69
f71
f8
f84
f85/
f86/
f91/
f99/
n102
n104/
n106/
n107
n109
n113/
n114
n17
n25
n26/
n27
n32
n38/
n43
n47
n49/
n51/
n58
n6/
n60/
n65
n73
n77
n82
n90/
n91
n93/
Invalid operation
Invalid operation
Invalid operation
Invalid operation
Invalid operation
Invalid operation
d110
d117
d192
d205
d216/
d236/
d260
d294/
d49/
d62
d79/
d82/
d87
f1/
f105/
f116/
f13
f157/
f185
f221
f231/
f250
f27
f68
f83/
n35/
n43/
n53/
n65
n68/
n72/
d110
d117
d192
d205
d216/
d236/
d260
d294/
d49/
d62
d79/
d82/
d87
f1/
f105/
f116/
f13
f157/
f185
f221
f231/
f250
f27
f68
f83/
n35/
n43/
n53/
n65
n68/
n72/
Null
d10/
d106/
d119/
d12/
d134
d14/
d141
d145
d160
d164
d172/
d173/
d174/
d179
d18/
d185/
d186
d192/
d194/
d198
d204/
d205/
d207/
d21/
d22
d222/
d223
d224/
d237
d24/
d240/
d242/
d244
d245
d248
d255
d267
d283/
d287/
d288/
d29/
d291
d293/
d297/
d299
d3
d39
d45
d5/
d52/
d57
d59/
d67
d79
d82/
d83
d84
d87/
d89/
d93/
d95/
d96
f10/
f103
f106/
f107
f113
f116/
f119
f12/
f121/
f125
f126/
f129
f13/
f130
f131/
f133/
f134
f136
f140
f143/
f145
f149
f150/
f152
f153/
f154
f156
f158
f167/
f181/
f183
f184/
f199
f20/
f201
f206/
f221/
f223/
f224
f226/
f23
f232/
f234
f237/
f240/
f246/
f247
f248/
f249
f257/
f259/
f26
f260/
f261/
f267
f27
f279
f288
f289/
f29/
f292
f31
f37/
f38
f44
f46
f47/
f48/
f5
f53
f57
f65/
f69
f71
f8
f84
f85/
f86/
f91/
f99/
n102
n104/
n106/
n107
n109
n113/
n114
n17
n25
n26/
n27
n32
n38/
n43
n47
n49/
n51/
n58
n6/
n60/
n65
n77
n82
n90/
n91
n93/
Null
Invalid operation
Invalid operation
Invalid operation
Invalid operation
Invalid operation
Null
Invalid operation
Invalid operation
Null
f221:54
d260:20
d87:9
n58:58
d198:46
f125:44
n58:58
d198:46
f125:44
Invalid operation
Invalid operation
Invalid operation
d110
d117
d192
d205
d216/
d236/
d260
d294/
d49/
d62
d79/
d82/
d87
f1/
f105/
f116/
f13
f157/
f185
f221
f231/
f250
f27
f68
f83/
n35/
n43/
n53/
n65
n68/
n72/
Invalid operation
n58:58
d198:46
f125:44
n58:58
d198:46
f125:44
Null
n58:58
d198:46
f125:44
d10/
d106/
d119/
d12/
d134
d14/
d141
d145
d160
d164
d172/
d173/
d174/
d179
d18/
d185/
d186
d192/
d194/
d198
d204/
d205/
d207/
d21/
d22
d222/
d223
d224/
d237
d24/
d240/
d242/
d244
d245
d248
d255
d267
d283/
d287/
d288/
d29/
d291
d293/
d297/
d299
d3
d39
d45
d5/
d52/
d57
d59/
d67
d79
d82/
d83
d84
d87/
d89/
d93/
d95/
d96
f10/
f103
f106/
f107
f113
f116/
f119
f12/
f121/
f125
f126/
f129
f13/
f130
f131/
f133/
f134
f136
f140
f143/
f145
f149
f150/
f152
f153/
f154
f156
f158
f167/
f181/
f183
f184/
f199
f20/
f201
f206/
f221/
f223/
f224
f226/
f23
f232/
f234
f237/
f240/
f246/
f247
f248/
f249
f257/
f259/
f26
f260/
f261/
f267
f27
f279
f288
f289/
f29/
f292
f31
f37/
f38
f44
f46
f47/
f48/
f5
f53
f57
f65/
f69
f71
f8
f84
f85/
f86/
f91/
f99/
n102
n104/
n106/
n107
n109
n113/
n114
n17
n25
n26/
n27
n32
n38/
n43
n47
n49/
n51/
n58
n6/
n60/
n65
n77
n82
n90/
n91
n93/
n38:dir:0
Invalid operation
f136:D2 16 3B 5E F9 B0 62 D4 85 3A C6 3A F7 5C 79 F1 36 2C 62 66 07 73 38 B4 1E 74 D4 05 86 D1 A9 21 3F 84 F2
Invalid operation
Invalid operation
Invalid operation
Invalid operation
Invalid operation
Invalid operation
Invalid operation
f221:54
d260:20
n2:11
Invalid operation
Invalid operation
d110
d117
d192
d205
d216/
d236/
d260
d294/
d49/
d62
d79/
d82/
d87
f1/
f105/
f116/
f13
f157/
f185
f221
f231/
f250
f27
f68
f83/
n2
n35/
n43/
n53/
n65
n68/
n72/
d110
d117
d192
d205
d216/
d236/
d260
d294/
d49/
d62
d79/
d82/
d87
f1/
f105/
f116/
f13
f157/
f185
f221
f231/
f250
f27
f68
f83/
n2
n35/
n43/
n53/
n65
n68/
n72/
Invalid operation
Invalid operation
Invalid operation
d10/
d106/
d119/
d12/
d134
d14/
d141
d145
d160
d164
d172/
d173/
d174/
d179
d18/
d185/
d186
d192/
d194/
d198
d204/
d205/
d207/
d21/
d22
d222/
d223
d224/
d237
d24/
d240/
d242/
d244
d245
d248
d255
d267
d283/
d287/
d288/
d29/
d291
d293/
d297/
d299
d3
d39
d45
d5/
d52/
d57
d59/
d67
d79
d82/
d83
d84
d87/
d89/
d93/
d95/
d96
f10/
f103
f106/
f107
f113
f116/
f119
f12/
f121/
f125
f126/
f129
f13/
f130
f131/
f133/
f134
f136
f140
f143/
f145
f149
f150/
f152
f153/
f154
f156
f158
f167/
f181/
f183
f184/
f199
f20/
f201
f206/
f221/
f223/
f224
f226/
f23
f232/
f234
f237/
f240/
f246/
f247
f248/
f249
f257/
f259/
f26
f260/
f261/
f267
f27
f279
f288
f289/
f29/
f292
f31
f37/
f38
f44
f46
f47/
f48/
f5
f53
f57
f65/
f69
f71
f8
f84
f85/
f86/
f91/
f99/
n102
n104/
n106/
n107
n109
n113/
n114
n17
n25
n26/
n27
n32
n38/
n43
n47
n49/
n51/
n58
n6/
n60/
n65
n77
n82
n90/
n91
n93/
Invalid operation
Invalid operation
Invalid operation
Invalid operation
Invalid operation
Invalid operation
Invalid operation
Invalid operation
Invalid operation
Invalid operation
Invalid operation
Invalid operation
Invalid operation
n58:58
Invalid operation
Invalid operation
Invalid operation
Invalid operation
n58:58
d198:46
f125:44
f136:43
d172:dir:0
Null
Invalid operation
Invalid operation
Invalid operation
Invalid operation
d10/
d106/
d119/
d12/
d134
d14/
d141
d145
d160
d164
d172/
d173/
d174/
d179
d18/
d180
d185/
d186
d192/
d194/
d198
d204/
d205/
d207/
d21/
d22
d222/
d223
d224/
d237
d24/
d240/
d242/
d244
d245
d248
d255
d265/
d267
d283/
d287/
d288/
d29/
d291
d293/
d297/
d299
d3
d39
d45
d5/
d52/
d57
d59/
d67
d79
d82/
d83
d84
d87/
d89/
d93/
d95/
d96
f10/
f103
f106/
f107
f113
f116/
f119
f12/
f121/
f125
f126/
f129
f13/
f130
f131/
f133/
f134
f136
f140
f143/
f145
f149
f150/
f152
f153/
f154
f156
f158
f167/
f181/
f183
f184/
f199
f20/
f201
f206/
f221/
f223/
f224
f226/
f23
f232/
f234
f237/
f240/
f246/
f247
f248/
f249
f257/
f259/
f26
f260/
f261/
f267
f27
f279
f288
f289/
f29/
f292
f31
f37/
f38
f44
f46
f47/
f48/
f5
f53
f57
f65/
f69
f71
f8
f84
f85/
f86/
f91/
f99/
n102
n104/
n106/
n107
n109
n113/
n114
n17
n25
n26/
n27
n32
n38/
n43
n47
n49/
n51/
n58
n6/
n60/
n65
n77
n82
n9/
n90/
n91
n93/
Null
Invalid operation
f136:73 38 B4 1E 74 D4 00 00 D5 A9 21 3F
n58:58
d198:46
f125:44
d10/
d106/
d119/
d12/
d134
d14/
d141
d145
d160
d164
d172/
d173/
d174/
d179
d18/
d185/
d186
d192/
d194/
d198
d204/
d205/
d207/
d21/
d22
d222/
d223
d224/
d237
d24/
d240/
d242/
d244
d245
d248
d255
d267
d283/
d287/
d288/
d29/
d291
d293/
d297/
d299
d3
d35
d39
d45
d5/
d52/
d57
d59/
d67
d79
d82/
d83
d84
d87/
d89/
d93/
d95/
d96
f10/
f103
f106/
f107
f113
f116/
f119
f12/
f121/
f125
f126/
f129
f13/
f130
f131/
f133/
f134
f136
f140
f143/
f145
f149
f150/
f152
f153/
f154
f156
f158
f167/
f181/
f183
f184/
f199
f20/
f201
f206/
f221/
f223/
f224
f226/
f23
f232/
f234
f237/
f240/
f246/
f247
f248/
f249
f257/
f259/
f26
f260/
f261/
f267
f27
f279
f288
f289/
f29/
f292
f31
f37/
f38
f44
f46
f47/
f48/
f5
f53
f57
f65/
f69
f71
f8
f84
f85/
f86/
f91/
f99/
n102
n104/
n106/
n107
n109
n113/
n114
n17
n25
n26/
n27
n32
n38/
n43
n47
n49/
n51/
n58
n6/
n60/
n65
n77
n82
n90/
n91
n93/
Invalid operation
d10/
d106/
d119/
d12/
d134
d14/
d141
d145
d160
d164
d172/
d173/
d174/
d179
d18/
d185/
d186
d192/
d194/
d198
d204/
d205/
d207/
d21/
d22
d222/
d223
d224/
d237
d24/
d240/
d242/
d244
d245
d248
d255
d267
d283/
d287/
d288/
d29/
d291
d293/
d297/
d299
d3
d35
d39
d45
d5/
d52/
d57
d59/
d67
d79
d82/
d83
d84
d87/
d89/
d93/
d95/
d96
f10/
f103
f106/
f107
f113
f116/
f119
f12/
f121/
f125
f126/
f129
f13/
f130
f131/
f133/
f134
f136
f140
f143/
f145
f149
f150/
f152
f153/
f154
f156
f158
f167/
f181/
f183
f184/
f199
f20/
f201
f206/
f221/
f223/
f224
f226/
f23
f232/
f234
f237/
f240/
f246/
f247
f248/
f249
f257/
f259/
f26
f260/
f261/
f267
f27
f279
f288
f289/
f29/
f292
f31
f37/
f38
f44
f46
f47/
f48/
f5
f53
f57
f65/
f69
f71
f8
f84
f85/
f86/
f91/
f99/
n102
n104/
n106/
n107
n109
n113/
n114
n17
n25
n26/
n27
n32
n38/
n43
n47
n49/
n51/
n58
n6/
n60/
n65
n77
n82
n90/
n91
n93/
Invalid operation
d10/
d106/
d119/
d12/
d134
d14/
d141
d145
d160
d164
d172/
d173/
d174/
d179
d18/
d185/
d186
d192/
d194/
d198
d204/
d205/
d207/
d21/
d22
d222/
d223
d224/
d237
d24/
d240/
d242/
d244
d245
d248
d255
d267
d283/
d287/
d288/
d29/
d291
d293/
d297/
d299
d3
d35
d39
d45
d5/
d52/
d57
d59/
d67
d79
d82/
d83
d84
d87/
d89/
d93/
d95/
d96
f10/
f103
f106/
f107
f113
f116/
f119
f12/
f121/
f125
f126/
f129
f13/
f130
f131/
f133/
f134
f136
f140
f143/
f145
f149
f150/
f152
f153/
f154
f156
f158
f161
f167/
f181/
f183
f184/
f199
f20/
f201
f206/
f221/
f223/
f224
f226/
f23
f232/
f234
f237/
f239
f240/
f246/
f247
f248/
f249
f257/
f259/
f26
f260/
f261/
f267
f27
f279
f288
f289/
f29/
f292
f31
f37/
f38
f44
f46
f47/
f48/
f5
f53
f57
f65/
f69
f71
f8
f84
f85/
f86/
f91/
f99/
n102
n104/
n106/
n107
n109
n113/
n114
n17
n25
n26/
n27
n32
n38/
n43
n47
n49/
n51/
n58
n6/
n60/
n65
n77
n82
n90/
n91
n93/
Invalid operation
Invalid operation
n58:58
d198:46
f125:44
Invalid operation
d10/
d106/
d119/
d12/
d134
d14/
d141
d145
d160
d164
d172/
d173/
d174/
d179
d18/
d185/
d186
d192/
d194/
d198
d204/
d205/
d207/
d21/
d22
d222/
d223
d224/
d237
d24/
d240/
d242/
d244
d245
d248
d255
d267
d283/
d287/
d288/
d29/
d291
d293/
d297/
d299
d3
d35
d39
d45
d5/
d52/
d57
d59/
d67
d79
d80/
d82/
d83
d84
d87/
d89/
d93/
d95/
d96
f10/
f103
f106/
f107
f113
f116/
f119
f12/
f121/
f125
f126/
f129
f13/
f130
f131/
f133/
f134
f136
f140
f143/
f145
f149
f150/
f152
f153/
f154
f156
f158
f161
f167/
f181/
f183
f184/
f199
f20/
f201
f206/
f221/
f223/
f224
f226/
f23
f232/
f234
f237/
f239
f240/
f246/
f247
f248/
f249
f257/
f259/
f26
f260/
f261/
f267
f27
f279
f288
f289/
f29/
f292
f31
f37/
f38
f44
f46
f47/
f48/
f5
f53
f57
f65/
f69
f71
f8
f84
f85/
f86/
f91/
f99/
n102
n104/
n106/
n107
n109
n113/
n114
n17
n25
n26/
n27
n32
n38/
n43
n47
n49/
n51/
n58
n6/
n60/
n65
n77
n82
n90/
n91
n93/
Invalid operation
Invalid operation
Invalid operation
Invalid operation
Invalid operation
Invalid operation
Invalid operation
d10/
d106/
d119/
d12/
d134
d14/
d141
d145
d160
d164
d172/
d173/
d174/
d179
d18/
d185/
d186
d192/
d194/
d198
d204/
d205/
d207/
d21/
d22
d222/
d223
d224/
d237
d24/
d240/
d242/
d244
d245
d248
d255
d267
d283/
d287/
d288/
d29/
d291
d293/
d297/
d299
d3
d35
d39
d45
d5/
d52/
d57
d59/
d67
d79
d82/
d83
d84
d87/
d89/
d93/
d95/
d96
f10/
f103
f106/
f107
f113
f116/
f119
f12/
f121/
f125
f126/
f129
f13/
f130
f131/
f133/
f134
f136
f140
f143/
f145
f149
f150/
f152
f153/
f154
f156
f158
f161
f167/
f168
f181/
f183
f184/
f199
f20/
f201
f206/
f221/
f223/
f224
f226/
f23
f232/
f234
f237/
f239
f240/
f246/
f247
f248/
f249
f257/
f259/
f26
f260/
f261/
f267
f27
f279
f288
f289/
f29/
f292
f31
f37/
f38
f44
f46
f47/
f48/
f5
f53
f57
f65/
f69
f71
f8
f84
f85/
f86/
f91/
f99/
n102
n104/
n106/
n107
n109
n113/
n114
n17
n25
n26/
n27
n32
n38/
n43
n47
n49/
n51/
n58
n6/
n60/
n65
n77
n82
n90/
n91
n93/
Invalid operation
Invalid operation
Invalid operation
Invalid operation
d10/
d106/
d119/
d12/
d134
d14/
d141
d145
d160
d164
d172/
d173/
d174/
d179
d18/
d185/
d186
d192/
d194/
d198
d204/
d205/
d207/
d21/
d22
d222/
d223
d224/
d237
d24/
d240/
d242/
d244
d245
d248
d255
d267
d283/
d287/
d288/
d29/
d291
d293/
d297/
d299
d3
d35
d39
d45
d5/
d52/
d57
d59/
d67
d79
d82/
d83
d84
d87/
d89/
d93/
d95/
d96
f10/
f103
f106/
f107
f113
f116/
f119
f12/
f121/
f125
f126/
f129
f13/
f130
f131/
f133/
f134
f136
f140
f143/
f145
f149
f150/
f152
f153/
f154
f156
f158
f161
f167/
f168
f181/
f183
f184/
f199
f20/
f201
f206/
f221/
f223/
f224
f226/
f23
f232/
f234
f237/
f239
f240/
f246/
f247
f248/
f249
f257/
f259/
f26
f260/
f261/
f267
f27
f279
f288
f289/
f29/
f292
f31
f37/
f38
f44
f46
f47/
f48/
f5
f53
f57
f65/
f69
f71
f8
f84
f85/
f86/
f91/
f99/
n102
n104/
n106/
n107
n109
n113/
n114
n17
n25
n26/
n27
n32
n38/
n43
n47
n49/
n51/
n58
n6/
n60/
n65
n77
n82
n90/
n91
n93/
d10/
d106/
d119/
d12/
d134
d14/
d141
d145
d160
d164
d172/
d173/
d174/
d179
d18/
d185/
d186
d192/
d194/
d198
d204/
d205/
d207/
d21/
d22
d222/
d223
d224/
d237
d24/
d240/
d242/
d244
d245
d248
d255
d267
d283/
d287/
d288/
d29/
d291
d293/
d297/
d299
d3
d35
d39
d45
d5/
d52/
d57
d59/
d67
d79
d82/
d83
d84
d87/
d89/
d93/
d95/
d96
f10/
f103
f106/
f107
f113
f116/
f119
f12/
f121/
f125
f126/
f129
f13/
f130
f131/
f133/
f134
f136
f140
f143/
f145
f149
f150/
f152
f153/
f154
f156
f158
f161
f167/
f168
f181/
f183
f184/
f199
f20/
f201
f206/
f221/
f223/
f224
f226/
f23
f232/
f234
f237/
f239
f240/
f246/
f247
f248/
f249
f257/
f259/
f26
f260/
f261/
f267
f27
f279
f288
f289/
f29/
f292
f31
f37/
f38
f44
f46
f47/
f48/
f5
f53
f57
f65/
f69
f71
f8
f84
f85/
f86/
f91/
f99/
n102
n104/
n106/
n107
n109
n113/
n114
n17
n25
n26/
n27
n32
n38/
n43
n47
n49/
n51/
n58
n6/
n60/
n65
n77
n82
n90/
n91
n93/
n58:58
Invalid operation
Invalid operation
Invalid operation
Invalid operation
Invalid operation
Invalid operation
d10/
d106/
d119/
d12/
d134
d14/
d141
d145
d160
d164
d172/
d173/
d174/
d179
d18/
d185/
d186
d192/
d194/
d198
d204/
d205/
d207/
d21/
d22
d222/
d223
d224/
d237
d24/
d240/
d242/
d244
d245
d248
d255
d267
d283/
d287/
d288/
d29/
d291
d293/
d297/
d299
d3
d35
d39
d45
d5/
d52/
d57
d59/
d67
d79
d82/
d83
d84
d87/
d89/
d93/
d95/
d96
f10/
f103
f106/
f107
f113
f116/
f119
f12/
f121/
f125
f126/
f129
f13/
f130
f131/
f133/
f134
f136
f140
f143/
f145
f149
f15
f150/
f152
f153/
f154
f156
f158
f161
f167/
f168
f181/
f183
f184/
f199
f20/
f201
f206/
f221/
f223/
f224
f226/
f23
f232/
f234
f237/
f239
f240/
f246/
f247
f248/
f249
f257/
f259/
f26
f260/
f261/
f267
f27
f279
f288
f289/
f29/
f292
f31
f37/
f38
f44
f46
f47/
f48/
f5
f53
f57
f65/
f69
f71
f8
f84
f85/
f86/
f91/
f99/
n102
n104/
n106/
n107
n109
n113/
n114
n17
n25
n26/
n27
n32
n38/
n43
n47
n49/
n51/
n58
n6/
n60/
n65
n77
n82
n90/
n91
n93/
Invalid operation
Invalid operation
Invalid operation
Invalid operation
d10/
d106/
d119/
d12/
d134
d14/
d141
d145
d160
d164
d172/
d173/
d174/
d179
d18/
d185/
d186
d192/
d194/
d198
d204/
d205/
d207/
d21/
d22
d222/
d223
d224/
d227
d237
d24/
d240/
d242/
d244
d245
d248
d255
d267
d283/
d287/
d288/
d29/
d291
d293/
d297/
d299
d3
d35
d39
d45
d5/
d52/
d57
d59/
d67
d79
d82/
d83
d84
d87/
d89/
d93/
d95/
d96
f10/
f103
f106/
f107
f113
f116/
f119
f12/
f121/
f125
f126/
f129
f13/
f130
f131/
f133/
f134
f136
f140
f143/
f145
f149
f15
f150/
f152
f153/
f154
f156
f158
f161
f167/
f168
f181/
f183
f184/
f199
f20/
f201
f206/
f221/
f223/
f224
f226/
f23
f232/
f234
f237/
f239
f240/
f246/
f247
f248/
f249
f257/
f259/
f26
f260/
f261/
f267
f27
f279
f288
f289/
f29/
f292
f31
f37/
f38
f44
f46
f47/
f48/
f5
f53
f57
f65/
f69
f71
f8
f84
f85/
f86/
f91/
f99/
n102
n104/
n106/
n107
n109
n113/
n114
n17
n25
n26/
n27
n32
n38/
n43
n47
n49/
n51/
n58
n6/
n60/
n65
n77
n82
n90/
n91
n93/
Invalid operation
Invalid operation
Invalid operation
Invalid operation
Invalid operation
Invalid operation
Invalid operation
d10/
d106/
d119/
d12/
d134
d14/
d141
d145
d160
d164
d172/
d173/
d174/
d179
d18/
d185/
d186
d192/
d194/
d198
d204/
d205/
d207/
d21/
d22
d222/
d223
d224/
d227
d237
d24/
d240/
d242/
d244
d245
d248
d255
d267
d283/
d287/
d288/
d29/
d291
d293/
d297/
d299
d3
d35
d39
d45
d5/
d52/
d57
d59/
d67
d79
d82/
d83
d84
d87/
d89/
d93/
d95/
d96
f10/
f103
f106/
f107
f113
f116/
f119
f12/
f121/
f125
f126/
f129
f13/
f130
f131/
f133/
f134
f136
f140
f143/
f145
f149
f15
f150/
f152
f153/
f154
f156
f158
f161
f167/
f168
f181/
f183
f184/
f199
f20/
f201
f206/
f221/
f223/
f224
f226/
f23
f232/
f234
f237/
f239
f240/
f246/
f247
f248/
f249
f257/
f259/
f26
f260/
f261/
f267
f27
f279
f288
f289/
f29/
f292
f31
f37/
f38
f44
f46
f47/
f48/
f5
f53
f57
f65/
f69
f71
f8
f84
f85/
f86/
f91/
f99/
n102
n104/
n106/
n107
n109
n113/
n114
n17
n25
n26/
n27
n32
n38/
n43
n47
n49/
n51/
n58
n6/
n60/
n65
n77
n82
n90/
n91
n93/
Invalid operation
d10/
d106/
d119/
d12/
d134
d14/
d141
d145
d160
d164
d172/
d173/
d174/
d179
d18/
d185/
d186
d192/
d194/
d198
d204/
d205/
d207/
d21/
d22
d222/
d223
d224/
d227
d237
d24/
d240/
d242/
d244
d245
d248
d255
d267
d283/
d287/
d288/
d29/
d291
d293/
d297/
d299
d3
d35
d39
d45
d5/
d52/
d57
d59/
d67
d79
d82/
d83
d84
d87/
d89/
d93/
d95/
d96
f10/
f103
f106/
f107
f113
f116/
f119
f12/
f121/
f125
f126/
f129
f13/
f130
f131/
f133/
f134
f136
f140
f143/
f145
f149
f15
f150/
f152
f153/
f154
f156
f158
f161
f167/
f168
f181/
f183
f184/
f199
f20/
f201
f206/
f221/
f223/
f224
f226/
f23
f232/
f234
f237/
f239
f240/
f246/
f247
f248/
f249
f257/
f259/
f26
f260/
f261/
f267
f27
f279
f288
f289/
f29/
f292
f31
f37/
f38
f44
f46
f47/
f48/
f5
f53
f57
f65/
f69
f71
f8
f84
f85/
f86/
f89
f91/
f99/
n102
n104/
n106/
n107
n109
n113/
n114
n17
n25
n26/
n27
n32
n38/
n43
n47
n49/
n51/
n58
n6/
n60/
n65
n77
n82
n90/
n91
n93/
Invalid operation
Invalid operation
Invalid operation
Invalid operation
Invalid operation
Invalid operation
Invalid operation
d10/
d106/
d119/
d12/
d134
d14/
d141
d145
d160
d164
d172/
d173/
d174/
d179
d18/
d185/
d186
d192/
d194/
d198
d204/
d205/
d207/
d21/
d22
d222/
d223
d224/
d227
d237
d24/
d240/
d242/
d244
d245
d248
d255
d267
d283/
d287/
d288/
d29/
d291
d293/
d297/
d299
d3
d35
d39
d45
d5/
d52/
d57
d59/
d67
d79
d82/
d83
d84
d87/
d89/
d93/
d95/
d96
f10/
f103
f106/
f107
f113
f116/
f119
f12/
f121/
f125
f126/
f129
f13/
f130
f131/
f133/
f134
f136
f140
f143/
f145
f149
f15
f150/
f152
f153/
f154
f156
f158
f161
f167/
f168
f181/
f183
f184/
f199
f20/
f201
f206/
f221/
f223/
f224
f226/
f23
f232/
f234
f237/
f239
f240/
f246/
f247
f248/
f249
f251
f257/
f259/
f26
f260/
f261/
f267
f27
f279
f288
f289/
f29/
f292
f31
f37/
f38
f44
f46
f47/
f48/
f5
f53
f57
f65/
f69
f71
f8
f84
f85/
f86/
f89
f91/
f99/
n102
n104/
n106/
n107
n109
n113/
n114
n17
n25
n26/
n27
n32
n38/
n43
n47
n49/
n51/
n58
n6/
n60/
n65
n77
n82
n90/
n91
n93/
Null
Invalid operation
d10/
d106/
d119/
d12/
d134
d14/
d141
d145
d160
d164
d172/
d173/
d174/
d179
d18/
d185/
d186
d192/
d194/
d198
d204/
d205/
d207/
d21/
d22
d222/
d223
d224/
d227
d237
d24/
d240/
d242/
d244
d245
d248
d255
d267
d283/
d287/
d288/
d29/
d291
d293/
d297/
d299
d3
d35
d39
d45
d5/
d52/
d57
d59/
d67
d79
d82/
d83
d84
d87/
d89/
d93/
d95/
d96
f10/
f103
f106/
f107
f113
f116/
f119
f12/
f121/
f125
f126/
f129
f13/
f130
f131/
f133/
f134
f136
f140
f143/
f145
f149
f15
f150/
f152
f153/
f154
f156
f158
f161
f167/
f168
f181/
f183
f184/
f199
f20/
f201
f206/
f221/
f223/
f224
f226/
f23
f232/
f234
f237/
f239
f240/
f246/
f247
f248/
f249
f251
f257/
f259/
f26
f260/
f261/
f267
f27
f279
f288
f289/
f29/
f292
f31
f37/
f38
f44
f46
f47/
f48/
f5
f53
f57
f65/
f69
f71
f8
f84
f85/
f86/
f89
f91/
f99/
n102
n104/
n106/
n107
n109
n113/
n114
n17
n25
n26/
n27
n32
n38/
n43
n47
n49/
n51/
n58
n6/
n60/
n65
n77
n82
n90/
n91
n93/
Invalid operation
d10/
d106/
d119/
d12/
d134
d14/
d141
d145
d160
d164
d172/
d173/
d174/
d179
d18/
d185/
d186
d192/
d194/
d198
d204/
d205/
d207/
d21/
d22
d222/
d223
d224/
d227
d237
d24/
d240/
d242/
d244
d245
d248
d255
d267
d283/
d287/
d288/
d29/
d291
d293/
d297/
d299
d3
d35
d39
d45
d5/
d52/
d57
d59/
d67
d79
d82/
d83
d84
d87/
d89/
d93/
d95/
d96
f10/
f103
f106/
f107
f113
f116/
f119
f12/
f121/
f125
f126/
f129
f13/
f130
f131/
f133/
f134
f136
f140
f143/
f145
f149
f15
f150/
f152
f153/
f154
f156
f158
f161
f167/
f168
f181/
f183
f184/
f199
f20/
f201
f206/
f221/
f223/
f224
f226/
f23
f232/
f234
f237/
f239
f240/
f246/
f247
f248/
f249
f251
f257/
f259/
f26
f260/
f261/
f267
f27
f279
f288
f289/
f29/
f292
f31
f37/
f38
f44
f46
f47/
f48/
f5
f53
f57
f65/
f69
f71
f8
f84
f85/
f86/
f89
f91/
f99/
n102
n104/
n106/
n107
n109
n113/
n114
n17
n25
n26/
n27
n32
n38/
n43
n47
n49/
n51/
n58
n6/
n60/
n65
n77
n82
n90/
n91
n93/
Invalid operation
Invalid operation
d10/
d106/
d119/
d12/
d134
d14/
d141
d145
d160
d164
d172/
d173/
d174/
d179
d18/
d185/
d186
d192/
d194/
d198
d204/
d205/
d207/
d21/
d22
d222/
d223
d224/
d227
d237
d24/
d240/
d242/
d244
d245
d248
d255
d267
d283/
d287/
d288/
d29/
d291
d293/
d297/
d299
d3
d35
d39
d45
d5/
d52/
d57
d59/
d67
d79
d82/
d83
d84
d87/
d89/
d93/
d95/
d96
f10/
f103
f106/
f107
f113
f116/
f119
f12/
f121/
f125
f126/
f129
f13/
f130
f131/
f133/
f134
f136
f140
f143/
f145
f149
f15
f150/
f152
f153/
f154
f156
f158
f161
f167/
f168
f181/
f183
f184/
f199
f20/
f201
f206/
f221/
f223/
f224
f226/
f23
f232/
f234
f237/
f239
f240/
f246/
f247
f248/
f249
f257/
f259/
f26
f260/
f261/
f267
f27
f279
f288
f289/
f29/
f292
f31
f37/
f38
f44
f46
f47/
f48/
f5
f53
f57
f65/
f69
f71
f8
f84
f85/
f86/
f89
f91/
f99/
n102
n104/
n106/
n107
n109
n113/
n114
n17
n25
n26/
n27
n32
n38/
n43
n47
n49/
n51/
n58
n6/
n60/
n65
n77
n82
n90/
n91
n93/
Invalid operation
Invalid operation
d10/
d106/
d119/
d12/
d134
d14/
d141
d145
d160
d164
d172/
d173/
d174/
d179
d18/
d185/
d186
d192/
d194/
d198
d204/
d205/
d207/
d21/
d22
d222/
d223
d224/
d227
d237
d24/
d240/
d242/
d244
d245
d248
d255
d267
d283/
d287/
d288/
d29/
d291
d293/
d297/
d299
d3
d35
d39
d45
d5/
d52/
d57
d59/
d67
d79
d82/
d83
d84
d87/
d89/
d93/
d95/
d96
f10/
f103
f106/
f107
f113
f116/
f119
f12/
f121/
f125
f126/
f129
f13/
f130
f131/
f133/
f134
f136
f140
f143/
f145
f149
f15
f150/
f152
f153/
f154
f156
f158
f161
f167/
f168
f181/
f183
f184/
f199
f20/
f201
f206/
f221/
f223/
f224
f226/
f23
f232/
f234
f237/
f239
f240/
f246/
f247
f248/
f249
f257/
f259/
f26
f260/
f261/
f267
f27
f279
f288
f289/
f29/
f292
f31
f37/
f38
f44
f46
f47/
f48/
f5
f53
f57
f65/
f69
f71
f8
f84
f85/
f86/
f89
f91/
f99/
n102
n104/
n106/
n107
n109
n113/
n114
n17
n25
n26/
n27
n32
n38/
n43
n47
n49/
n51/
n58
n6/
n60/
n65
n77
n82
n90/
n91
n93/
n97
Invalid operation
Invalid operation
Invalid operation
Invalid operation
Invalid operation
Invalid operation
Invalid operation
d103/
d151/
n101
n3
n101:2
n3:0
Invalid operation
n3:00
n3:05 85 67
Invalid operation
Invalid operation
Invalid operation
Null
Invalid operation
Null
d103/
d151/
n101
n3
Invalid operation
Invalid operation
Invalid operation
d10/
d106/
d119/
d12/
d134
d14/
d141
d145
d160
d164
d172/
d173/
d174/
d179
d18/
d185/
d186
d192/
d194/
d198
d204/
d205/
d207/
d21/
d22
d222/
d223
d224/
d227
d237
d24/
d240/
d242/
d244
d245
d248
d255
d267
d283/
d287/
d288/
d29/
d291
d293/
d297/
d299
d3
d35
d39
d45
d5/
d52/
d57
d59/
d67
d79
d82/
d83
d84
d87/
d89/
d93/
d95/
d96
f10/
f103
f106/
f107
f113
f116/
f119
f12/
f121/
f125
f126/
f129
f13/
f130
f131/
f133/
f134
f136
f140
f143/
f145
f149
f15
f150/
f152
f153/
f154
f156
f158
f161
f167/
f168
f181/
f183
f184/
f199
f20/
f201
f206/
f221/
f223/
f224
f226/
f23
f232/
f234
f237/
f239
f240/
f246/
f247
f248/
f249
f257/
f259/
f26
f260/
f261/
f267
f27
f279
f288
f289/
f29/
f292
f31
f37/
f38
f44
f46
f47/
f48/
f5
f53
f57
f65/
f69
f71
f8
f84
f85/
f86/
f89
f91/
f99/
n102
n104/
n106/
n107
n109
n113/
n114
n17
n25
n26/
n27
n32
n38/
n43
n47
n49/
n51/
n58
n6/
n60/
n65
n77
n82
n90/
n91
n93/
/d141
Invalid operation
Invalid operation
Invalid operation
f107:
Invalid operation
Invalid operation
Invalid operation
Invalid operation
d10/
d106/
d119/
d12/
d134
d14/
d141
d145
d153
d160
d161
d164
d172/
d173/
d174/
d179
d18/
d185/
d186
d192/
d194/
d198
d204/
d205/
d207/
d21/
d22
d222/
d223
d224/
d227
d237
d24/
d240/
d242/
d244
d245
d248
d255
d267
d283/
d287/
d288/
d29/
d291
d293/
d297/
d299
d3
d35
d39
d45
d5/
d52/
d57
d59/
d67
d79
d82/
d83
d84
d87/
d89/
d93/
d95/
d96
f10/
f103
f106/
f107
f113
f116/
f119
f12/
f121/
f125
f126/
f129
f13/
f130
f131/
f133/
f134
f136
f140
f143/
f145
f149
f15
f150/
f152
f153/
f154
f156
f158
f167/
f168
f181/
f183
f184/
f199
f20/
f201
f206/
f221/
f223/
f224
f226/
f23
f232/
f234
f237/
f239
f240/
f246/
f247
f248/
f249
f257/
f259/
f26
f260/
f261/
f267
f27
f279
f288
f289/
f29/
f292
f31
f37/
f38
f44
f46
f47/
f48/
f5
f53
f57
f58
f65/
f66/
f69
f71
f8
f84
f85/
f86/
f89
f91/
f99/
n102
n104/
n106/
n107
n109
n113/
n114
n17
n25
n26/
n27
n32
n38/
n43
n47
n49/
n51/
n58
n6/
n60/
n65
n77
n82
n90/
n91
n93/
Invalid operation
Invalid operation
Invalid operation
n58:58
d198:46
f125:44
f136:43
f23:42
f8:30
d141:24
Invalid operation
Invalid operation
Invalid operation
n58:58
d198:46
f125:44
Invalid operation
Invalid operation
/f136
f136:F2 71 F4 AE
f203
Null
n58:58
d198:46
f125:44
n58:58
d198:46
f125:44
n58:58
d198:46
f125:44
d17:dir:0
Invalid operation
n58:58
d198:46
f125:44
n38:dir:0
n58:58
d198:46
f136:45
n58:58
d198:46
f136:45
n58:58
d198:46
f136:45
n58:58
d198:46
f136:45
Invalid operation
Invalid operation
Invalid operation
n38:dir:0
n38:dir:0
d10/
d106/
d119/
d12/
d134
d14/
d141
d145
d153
d160
d161
d164
d172/
d173/
d174/
d179
d18/
d185/
d186
d192/
d194/
d198
d204/
d205/
d207/
d21/
d22
d222/
d223
d224/
d227
d237
d24/
d240/
d242/
d244
d245
d248
d255
d267
d283/
d287/
d288/
d29/
d291
d293/
d297/
d299
d3
d35
d39
d45
d5/
d52/
d57
d59/
d67
d79
d82/
d83
d84
d87/
d89/
d93/
d95/
d96
f10/
f103
f106/
f107
f113
f116/
f119
f12/
f121/
f125
f126/
f129
f13/
f130
f131/
f133/
f134
f136
f140
f143/
f145
f149
f15
f150/
f152
f153/
f154
f156
f158
f167/
f168
f181/
f183
f184/
f199
f20/
f201
f206/
f221/
f223/
f224
f226/
f23
f232/
f234
f237/
f239
f240/
f246/
f247
f248/
f249
f257/
f259/
f26
f260/
f261/
f267
f27
f279
f288
f289/
f29/
f291/
f292
f31
f37/
f38
f44
f46
f47/
f48/
f5
f53
f57
f58
f65/
f66/
f69
f71
f78/
f8
f84
f85/
f86/
f89
f91/
f99/
n102
n104/
n106/
n107
n109
n113/
n114
n17
n25
n26/
n27
n32
n38/
n43
n47
n49/
n51/
n58
n6/
n60/
n65
n77
n82
n90/
n91
n93/
Invalid operation
Invalid operation
Invalid operation
Invalid operation
n38:dir:0
Invalid operation
n38:dir:0
d10/
d106/
d119/
d12/
d134
d14/
d141
d145
d153
d160
d161
d164
d172/
d173/
d174/
d179
d18/
d185/
d186
d192/
d194/
d198
d204/
d205/
d207/
d21/
d22
d222/
d223
d224/
d227
d237
d24/
d240/
d242/
d244
d245
d248
d255
d267
d283/
d287/
d288/
d29/
d291
d293/
d297/
d299
d3
d35
d39
d45
d5/
d52/
d57
d59/
d67
d79
d82/
d83
d84
d87/
d89/
d93/
d95/
d96
f10/
f103
f106/
f107
f113
f116/
f119
f12/
f121/
f125
f126/
f129
f13/
f130
f131/
f133/
f134
f136
f140
f143/
f145
f149
f15
f150/
f152
f153/
f154
f156
f158
f167/
f168
f181/
f183
f184/
f199
f20/
f201
f206/
f221/
f223/
f224
f226/
f23
f232/
f234
f237/
f239
f240/
f246/
f247
f248/
f249
f257/
f259/
f26
f260/
f261/
f267
f27
f279
f288
f289/
f29/
f291/
f292
f31
f37/
f38
f44
f46
f47/
f48/
f5
f53
f57
f58
f65/
f66/
f69
f71
f78/
f8
f84
f85/
f86/
f89
f91/
f99/
n102
n104/
n106/
n107
n109
n113/
n114
n17
n25
n26/
n27
n32
n38/
n43
n47
n49/
n51/
n58
n6/
n60/
n65
n77
n82
n90/
n91
n93/
d10/
d106/
d119/
d12/
d134
d14/
d141
d145
d153
d160
d161
d164
d172/
d173/
d174/
d179
d18/
d185/
d186
d192/
d194/
d198
d204/
d205/
d207/
d21/
d22
d222/
d223
d224/
d227
d237
d24/
d240/
d242/
d244
d245
d248
d255
d267
d283/
d287/
d288/
d29/
d291
d293/
d297/
d299
d3
d35
d39
d45
d5/
d52/
d57
d59/
d67
d79
d82/
d83
d84
d87/
d89/
d93/
d95/
d96
f10/
f103
f106/
f107
f113
f116/
f119
f12/
f121/
f125
f126/
f129
f13/
f130
f131/
f133/
f134
f136
f140
f143/
f145
f149
f15
f150/
f152
f153/
f154
f156
f158
f167/
f168
f181/
f183
f184/
f199
f20/
f201
f206/
f221/
f223/
f224
f226/
f23
f232/
f234
f237/
f239
f240/
f246/
f247
f248/
f249
f257/
f259/
f26
f260/
f261/
f267
f27
f279
f288
f289/
f29/
f291/
f292
f31
f37/
f38
f44
f46
f47/
f48/
f5
f53
f57
f58
f65/
f66/
f69
f71
f78/
f8
f84
f85/
f86/
f89
f91/
f99/
n102
n104/
n106/
n107
n109
n113/
n114
n17
n25
n26/
n27
n32
n38/
n43
n47
n49/
n51/
n58
n6/
n60/
n65
n77
n82
n90/
n91
n93/
Null
n58:58
d198:46
f136:45
Invalid operation
Null
n58:58
d198:46
f136:45
f125:44
f23:42
d141:30
f136:96 EE F7 CF 68 C6 2C 73 62 66 07
d10/
d106/
d119/
d12/
d134
d14/
d141
d145
d153
d160
d161
d164
d172/
d173/
d174/
d179
d18/
d185/
d186
d192/
d194/
d198
d204/
d205/
d207/
d21/
d22
d222/
d223
d224/
d227
d237
d24/
d240/
d242/
d244
d245
d248
d255
d267
d283/
d287/
d288/
d29/
d291
d293/
d297/
d299
d3
d35
d39
d45
d5/
d52/
d57
d59/
d67
d79
d82/
d83
d84
d87/
d89/
d93/
d95/
d96
f10/
f103
f106/
f107
f113
f116/
f119
f12/
f121/
f125
f126/
f129
f13/
f130
f131/
f133/
f134
f136
f140
f143/
f145
f149
f15
f150/
f152
f153/
f154
f156
f158
f167/
f168
f181/
f183
f184/
f19
f199
f20/
f201
f206/
f221/
f223/
f224
f226/
f23
f232/
f234
f237/
f239
f240/
f246/
f247
f248/
f249
f257/
f259/
f260/
f261/
f267
f27
f279
f288
f289/
f29/
f291/
f292
f298
f31
f37/
f38
f44
f46
f47/
f48/
f5
f53
f57
f58
f65/
f66/
f69
f71
f78/
f8
f84
f85/
f86/
f89
f91/
f99/
n102
n104/
n106/
n107
n109
n113/
n114
n17
n25
n26/
n27
n32
n38/
n43
n47
n49/
n51/
n58
n6/
n60/
n65
n77
n82
n90/
n91
n93/
n58:58
d198:46
f136:45
n58:58
d198:46
f136:45
f136:5E C6 C1 12 32 47 15 96 EE
n58:58
d198:46
f136:45
d10/
d106/
d119/
d12/
d134
d14/
d141
d145
d153
d160
d161
d164
d172/
d173/
d174/
d179
d18/
d185/
d186
d192/
d194/
d198
d204/
d205/
d207/
d21/
d22
d222/
d223
d224/
d227
d237
d24/
d240/
d242/
d244
d245
d248
d255
d267
d283/
d287/
d288/
d29/
d291
d293/
d297/
d299
d3
d35
d39
d45
d5/
d52/
d57
d59/
d67
d79
d82/
d83
d84
d87/
d89/
d93/
d95/
d96
f10/
f103
f106/
f107
f113
f116/
f119
f12/
f121/
f125
f126/
f129
f13/
f130
f131/
f133/
f134
f136
f140
f143/
f145
f149
f15
f150/
f152
f153/
f154
f156
f158
f167/
f168
f181/
f183
f184/
f19
f199
f20/
f201
f206/
f221/
f223/
f224
f226/
f23
f232/
f234
f237/
f239
f240/
f246/
f247
f248/
f249
f257/
f259/
f260/
f261/
f267
f27
f279
f288
f289/
f29/
f291/
f292
f298
f31
f37/
f38
f44
f46
f47/
f48/
f5
f53
f57
f58
f65/
f66/
f69
f71
f78/
f8
f84
f85/
f86/
f89
f91/
f99/
n102
n104/
n106/
n107
n109
n113/
n114
n17
n25
n26/
n27
n32
n38/
n43
n47
n49/
n51/
n58
n6/
n60/
n65
n77
n82
n90/
n91
n93/
Invalid operation
n58:58
f136:47
d198:46
f125:44
f23:42
d141:30
f8:30
d84:17
d10/
d106/
d119/
d12/
d134
d14/
d141
d145
d153
d160
d161
d164
d172/
d173/
d174/
d179
d18/
d185/
d186
d192/
d194/
d198
d204/
d205/
d207/
d21/
d22
d222/
d223
d224/
d227
d237
d24/
d240/
d242/
d244
d245
d248
d255
d267
d283/
d287/
d288/
d29/
d291
d293/
d297/
d299
d3
d35
d39
d45
d5/
d52/
d57
d59/
d67
d79
d82/
d83
d84
d87/
d89/
d93/
d95/
d96
f10/
f103
f106/
f107
f113
f116/
f119
f12/
f121/
f125
f126/
f129
f13/
f130
f131/
f133/
f134
f136
f140
f143/
f145
f149
f15
f150/
f152
f153/
f154
f156
f158
f167/
f168
f181/
f183
f184/
f19
f199
f20/
f201
f206/
f221/
f223/
f224
f226/
f23
f232/
f234
f237/
f239
f240/
f246/
f247
f248/
f249
f257/
f259/
f260/
f261/
f267
f27
f279
f288
f289/
f29/
f291/
f292
f298
f31
f37/
f38
f44
f46
f47/
f48/
f5
f53
f57
f58
f65/
f66/
f69
f71
f78/
f8
f84
f85/
f86/
f89
f91/
f99/
n102
n104/
n106/
n107
n109
n113/
n114
n17
n25
n26/
n27
n32
n38/
n43
n47
n49/
n51/
n58
n6/
n60/
n65
n77
n82
n90/
n91
n93/
n58:58
f136:49
d198:46
d10/
d106/
d119/
d12/
d134
d14/
d141
d145
d153
d160
d161
d164
d172/
d173/
d174/
d179
d18/
d185/
d186
d192/
d194/
d198
d204/
d205/
d207/
d21/
d22
d222/
d223
d224/
d227
d237
d24/
d240/
d242/
d244
d245
d248
d255
d267
d283/
d287/
d288/
d29/
d291
d293/
d297/
d299
d3
d35
d39
d45
d5/
d52/
d57
d59/
d67
d79
d82/
d83
d84
d87/
d89/
d93/
d95/
d96
f10/
f103
f106/
f107
f113
f116/
f119
f12/
f121/
f125
f126/
f129
f13/
f130
f131/
f133/
f134
f136
f140
f143/
f145
f149
f15
f150/
f152
f153/
f154
f156
f158
f167/
f168
f181/
f183
f184/
f19
f199
f20/
f201
f206/
f221/
f223/
f224
f226/
f23
f232/
f234
f237/
f239
f240/
f246/
f247
f248/
f249
f257/
f259/
f260/
f261/
f267
f27
f279
f288
f289/
f29/
f291/
f292
f298
f31
f37/
f38
f44
f46
f47/
f48/
f5
f53
f57
f58
f65/
f66/
f69
f71
f78/
f8
f84
f85/
f86/
f89
f91/
f99/
n102
n104/
n106/
n107
n109
n113/
n114
n17
n25
n26/
n27
n32
n38/
n43
n47
n49/
n51/
n58
n6/
n60/
n65
n77
n82
n90/
n91
n93/
d10/
d106/
d119/
d12/
d134
d14/
d141
d145
d153
d160
d161
d164
d172/
d173/
d174/
d179
d18/
d185/
d186
d192/
d194/
d198
d204/
d205/
d207/
d21/
d22
d222/
d223
d224/
d227
d237
d24/
d240/
d242/
d244
d245
d248
d255
d267
d283/
d287/
d288/
d29/
d291
d293/
d297/
d299
d3
d35
d39
d45
d5/
d52/
d57
d59/
d67
d79
d82/
d83
d84
d87/
d89/
d93/
d95/
d96
f10/
f103
f106/
f107
f113
f116/
f119
f12/
f121/
f125
f126/
f129
f13/
f130
f131/
f133/
f134
f136
f140
f143/
f145
f149
f15
f150/
f152
f153/
f154
f156
f158
f167/
f168
f181/
f183
f184/
f19
f199
f20/
f201
f206/
f221/
f223/
f224
f226/
f23
f232/
f234
f237/
f239
f240/
f246/
f247
f248/
f249
f257/
f259/
f260/
f261/
f267
f27
f279
f288
f289/
f29/
f291/
f292
f298
f31
f37/
f38
f44
f46
f47/
f48/
f5
f53
f57
f58
f65/
f66/
f69
f71
f78/
f8
f84
f85/
f86/
f89
f91/
f99/
n102
n104/
n106/
n107
n109
n113/
n114
n17
n25
n26/
n27
n32
n38/
n43
n47
n49/
n51/
n58
n6/
n60/
n65
n77
n82
n90/
n91
n93/
n58:58
f136:49
d198:46
n58:58
f136:49
d198:46
Invalid operation
Invalid operation
d10/
d106/
d119/
d12/
d134
d14/
d141
d145
d153
d160
d161
d164
d172/
d173/
d174/
d179
d18/
d185/
d186
d192/
d194/
d198
d204/
d205/
d207/
d21/
d22
d222/
d223
d224/
d227
d237
d24/
d240/
d242/
d244
d245
d248
d255
d267
d283/
d287/
d288/
d29/
d291
d293/
d297/
d299
d3
d35
d39
d45
d5/
d52/
d57
d59/
d67
d79
d82/
d83
d84
d87/
d89/
d93/
d95/
d96
f10/
f103
f106/
f107
f113
f116/
f119
f12/
f121/
f125
f126/
f129
f13/
f130
f131/
f133/
f134
f136
f140
f143/
f145
f149
f15
f150/
f152
f153/
f154
f156
f158
f167/
f168
f181/
f183
f184/
f19
f199
f20/
f201
f206/
f221/
f223/
f224
f226/
f23
f232/
f234
f237/
f239
f240/
f246/
f247
f248/
f249
f257/
f259/
f260/
f261/
f267
f27
f279
f288
f289/
f29/
f291/
f292
f298
f31
f37/
f38
f44
f46
f47/
f48/
f5
f53
f57
f58
f65/
f66/
f69
f71
f78/
f8
f84
f85/
f86/
f89
f91/
f99/
n102
n104/
n106/
n107
n109
n113/
n114
n17
n25
n26/
n27
n32
n38/
n43
n47
n49/
n51/
n58
n6/
n60/
n65
n77
n82
n90/
n91
n93/
f136:96 EE F7 CF 68 C6 2C 73 62 66 07 73 38 B4 1E 74 D4 00 00 D5 A9 21 3F 84 F2 71 82 0E 7C 08 79 F5 A6 CB 8D 00 00
Null
Invalid operation
d10/
d106/
d119/
d12/
d134
d14/
d141
d145
d153
d160
d161
d164
d172/
d173/
d174/
d179
d18/
d185/
d186
d192/
d194/
d198
d204/
d205/
d207/
d21/
d22
d222/
d223
d224/
d227
d237
d24/
d240/
d242/
d244
d245
d248
d255
d267
d283/
d287/
d288/
d29/
d291
d293/
d297/
d299
d3
d35
d39
d45
d5/
d52/
d57
d59/
d67
d79
d82/
d83
d84
d87/
d89/
d93/
d95/
d96
f10/
f103
f106/
f107
f113
f116/
f119
f12/
f121/
f125
f126/
f129
f13/
f130
f131/
f133/
f134
f136
f140
f143/
f145
f149
f15
f150/
f152
f153/
f156
f158
f167/
f168
f181/
f183
f184/
f19
f199
f20/
f201
f206/
f221/
f223/
f224
f226/
f23
f232/
f234
f237/
f239
f240/
f246/
f247
f248/
f249
f257/
f259/
f260/
f261/
f267
f27
f279
f288
f289/
f29/
f291/
f292
f298
f31
f37/
f38
f44
f46
f47/
f48/
f5
f53
f57
f58
f63
f65/
f66/
f69
f71
f78/
f8
f84
f85/
f86/
f89
f91/
f99/
n102
n104/
n106/
n107
n109
n113/
n114
n17
n25
n26/
n27
n32
n38/
n43
n47
n49/
n51/
n58
n6/
n60/
n65
n77
n82
n90/
n91
n93/
Invalid operation
d10/
d106/
d119/
d12/
d134
d14/
d141
d145
d153
d160
d161
d164
d172/
d173/
d174/
d179
d18/
d185/
d186
d192/
d194/
d198
d204/
d205/
d207/
d21/
d22
d222/
d223
d224/
d227
d237
d24/
d240/
d242/
d244
d245
d248
d255
d267
d283/
d287/
d288/
d29/
d291
d293/
d297/
d299
d3
d35
d39
d45
d5/
d52/
d57
d59/
d67
d79
d82/
d83
d84
d87/
d89/
d93/
d95/
d96
f10/
f103
f106/
f107
f113
f116/
f119
f12/
f121/
f125
f126/
f129
f13/
f130
f131/
f133/
f134
f136
f140
f143/
f145
f149
f15
f150/
f152
f153/
f156
f158
f167/
f168
f181/
f183
f184/
f19
f199
f20/
f201
f206/
f221/
f223/
f224
f226/
f23
f232/
f234
f237/
f239
f240/
f246/
f248/
f249
f257/
f259/
f260/
f261/
f267
f27
f279
f288
f289/
f29/
f291/
f292
f298
f31
f37/
f38
f44
f46
f47/
f48/
f5
f53
f57
f58
f63
f65/
f66/
f69
f71
f78/
f8
f84
f85/
f86/
f89
f91/
f99/
n102
n104/
n106/
n107
n109
n113/
n114
n17
n25
n26/
n27
n32
n38/
n43
n47
n49/
n51/
n58
n6/
n60/
n65
n77
n82
n90/
n91
n93/
Invalid operation
d10/
d106/
d119/
d12/
d134
d14/
d141
d145
d153
d160
d161
d164
d172/
d173/
d174/
d179
d18/
d185/
d186
d192/
d194/
d198
d204/
d205/
d207/
d21/
d22
d222/
d223
d224/
d227
d237
d24/
d240/
d242/
d244
d245
d248
d255
d267
d283/
d287/
d288/
d29/
d291
d293/
d297/
d299
d3
d35
d39
d45
d5/
d52/
d57
d59/
d67
d79
d82/
d83
d84
d87/
d89/
d93/
d95/
d96
f10/
f103
f106/
f107
f113
f116/
f119
f12/
f121/
f125
f126/
f129
f13/
f130
f131/
f133/
f134
f136
f140
f143/
f145
f149
f15
f150/
f152
f153/
f156
f158
f167/
f168
f181/
f183
f184/
f19
f199
f20/
f201
f206/
f221/
f223/
f224
f226/
f23
f232/
f234
f237/
f239
f240/
f246/
f248/
f249
f257/
f259/
f260/
f261/
f267
f27
f279
f288
f289/
f29/
f291/
f292
f298
f31
f37/
f38
f44
f46
f47/
f48/
f5
f53
f57
f58
f63
f65/
f66/
f69
f71
f78/
f8
f84
f85/
f86/
f89
f91/
f99/
n102
n104/
n106/
n107
n109
n113/
n114
n17
n25
n26/
n27
n32
n38/
n43
n47
n49/
n51/
n58
n6/
n60/
n65
n77
n82
n90/
n91
n93/
f136:A9
f136:CF 68 49 CE 3D 8C 9C 88 73 38 B4 1E 74 D4 00 00 D5
n58:58
d10/
d106/
d119/
d12/
d134
d14/
d141
d145
d153
d160
d161
d164
d172/
d173/
d174/
d179
d18/
d185/
d186
d192/
d194/
d198
d204/
d205/
d207/
d21/
d22
d222/
d223
d224/
d227
d237
d24/
d240/
d242/
d244
d245
d248
d255
d267
d283/
d287/
d288/
d29/
d291
d293/
d297/
d299
d3
d35
d39
d45
d5/
d52/
d57
d59/
d67
d79
d82/
d83
d84
d87/
d89/
d93/
d95/
d96
f10/
f103
f106/
f107
f113
f116/
f119
f12/
f121/
f125
f126/
f129
f13/
f130
f131/
f133/
f134
f136
f140
f143/
f145
f149
f15
f150/
f152
f153/
f156
f158
f167/
f168
f181/
f183
f184/
f19
f199
f20/
f201
f206/
f221/
f223/
f224
f226/
f23
f232/
f234
f237/
f239
f240/
f246/
f248/
f249
f257/
f259/
f260/
f261/
f267
f27
f279
f288
f289/
f29/
f291/
f292
f298
f31
f37/
f38
f44
f46
f47/
f48/
f5
f53
f57
f58
f63
f65/
f66/
f69
f71
f78/
f8
f84
f85/
f86/
f89
f91/
f99/
n102
n104/
n106/
n107
n109
n113/
n114
n17
n25
n26/
n27
n32
n38/
n43
n47
n49/
n51/
n58
n6/
n60/
n65
n77
n82
n90/
n91
n93/
Invalid operation
f136:84 F2 71 D1 4D 18
Invalid operation
n58:58
f136:50
d198:46
n58:58
f136:50
d198:46
f125:44
f23:42
d141:30
f8:30
n38:dir:0
Invalid operation
Invalid operation
Invalid operation
n58:58
f136:53
d198:46
f125:44
f23:42
d141:30
Invalid operation
Invalid operation
/f136
Invalid operation
n58:58
f136:53
d198:46
n58:58
f136:53
d198:46
d10/
d106/
d119/
d12/
d134
d14/
d141
d145
d153
d160
d161
d164
d172/
d173/
d174/
d179
d18/
d185/
d186
d192/
d194/
d198
d204/
d205/
d207/
d21/
d22
d222/
d223
d224/
d227
d237
d24/
d240/
d242/
d244
d245
d248
d255
d267
d283/
d287/
d288/
d29/
d291
d293/
d297/
d299
d3
d35
d39
d45
d5/
d52/
d57
d59/
d67
d79
d82/
d83
d84
d87/
d89/
d93/
d95/
d96
f10/
f103
f106/
f107
f108
f113
f116/
f119
f12/
f121/
f125
f126/
f129
f13/
f130
f131/
f133/
f134
f136
f140
f143/
f145
f149
f15
f150/
f152
f153/
f156
f158
f167/
f168
f181/
f183
f184/
f19
f199
f20/
f201
f206/
f221/
f223/
f224
f226/
f23
f232/
f234
f237/
f239
f240/
f246/
f248/
f249
f257/
f259/
f260/
f261/
f267
f27
f279
f288
f289/
f29/
f291/
f292
f298
f31
f37/
f38
f44
f46
f47/
f48/
f5
f53
f57
f58
f63
f65/
f66/
f69
f71
f78/
f8
f84
f85/
f86/
f89
f91/
f99/
n102
n104/
n106/
n107
n109
n113/
n114
n17
n25
n26/
n27
n32
n38/
n43
n47
n49/
n51/
n58
n6/
n60/
n65
n77
n82
n90/
n91
n93/
Invalid operation
n49:.4px1wcbbxsd8l7xid8mx25p2kg2rcqu2fmw9q62kt1y7q-yb7ble agp_bqm2sdbf6heg9mkjwdip95ted5n3 w.2 49cefbx3x
Null
f222:91 3F DD 61 CE
f222:C2 65 7B DB 00 00 8D 98 FB 33 38 F9 E9 C5 00 00 00 00 4D 21 9C 7D D3 CC 36 7E 5A
n49:100
f222:61
d273:14
d93:14
f47:dir:0
d88:dir:0
Invalid operation
f222:84 BC 66
Null
d111/
d116
d138/
d146/
d169/
d174
d206/
d225
d249
d254/
d267/
d273
d277
d288
d66
d93
f105
f111/
f117/
f122
f15/
f158
f171/
f174/
f177
f191
f222
f225/
f262/
f271/
f33/
f42/
f47/
f68
f74
f81
f9/
f94/
f99
n103
n110/
n33
n49
n54/
n97
f222:F9 E9 C5 00 00 00 00 4D 21 9C 7D
d105
d111/
d116
d138/
d146/
d169/
d174
d191
d206/
d225
d249
d254/
d267/
d273
d277
d288
d93
f105
f111/
f117/
f122
f15/
f158
f171/
f174/
f177
f191
f222
f225/
f262/
f271/
f33/
f42/
f47/
f68
f74
f81
f9/
f94/
f99
n103
n110/
n33
n49
n54/
n97
d105
d111/
d116
d138/
d146/
d169/
d174
d191
d206/
d225
d249
d254/
d267/
d273
d277
d288
d93
f105
f111/
f117/
f122
f15/
f158
f171/
f174/
f177
f191
f222
f225/
f262/
f271/
f33/
f42/
f47/
f68
f74
f81
f9/
f94/
f99
n103
n110/
n33
n49
n54/
n97
n49:.4px1wcbbxsd8l7xid8mx25p2kg2rcqu2fmw9q62kt1y7q-yb7ble agp_bqm2sdbf6heg9mkjwdip95ted5n3 w.2 49cefbx3xm1_qhmt
Invalid operation
f47:dir:0
d105
d111/
d116
d138/
d146/
d169/
d174
d191
d206/
d225
d249
d254/
d267/
d273
d277
d288
d93
f105
f111/
f117/
f122
f15/
f158
f171/
f174/
f177
f191
f222
f225/
f262/
f271/
f33/
f42/
f47/
f68
f74
f81
f9/
f94/
f99
n103
n110/
n33
n49
n54/
n97
n58:58
f86:40m_t6c8ftckooh 
Invalid operation
Invalid operation
Invalid operation
Invalid operation
/f143/d260/n28
Null
n28:00
n28:5D 23 FE
Invalid operation
Null
n28:bin:8
d157
d233/
d298
d67
f20/
f236/
f256
f285
n101/
n28
n80
n58:pe8i19c2sqz26gphdedoxdw46.ul-uwhkiamzzkmntw qv585odbjj19b_
Invalid operation
d157
d233/
d298
d67
f0
f20/
f236/
f256
f285
n101/
n28
n80
Invalid operation
n28:11
d157:10
f0:6
Invalid operation
/f143/d260/n28
d12
d157
d233/
d298
d67
f0
f161
f20/
f236/
f256
f285
n101/
n28
n80
n28:A4 30 6C 99 FA
Null
Invalid operation
n28:BC 5D 23 FE 13 ED 00 00 A4 30 6C 99 FA B4 D8 00 00 AB 4A 18 42 25 28
/f143/d260/n28
/d153
Invalid operation
Invalid operation
d154/
/f143/d260/n28
/f143/d260/n28
Invalid operation
d12
d22/
d233/
d27/
d272/
d298
d67
f0
f161
f20/
f236/
f256
f285
n101/
n28
n80
d12
d22/
d233/
d27/
d272/
d298
d67
f0
f161
f20/
f236/
f256
f285
n101/
n28
n80
Invalid operation
n28:00
d119
d129/
d260/
d46/
d55/
d99/
f86
d119
d129/
d260/
d46/
d55/
d99/
f86
d3:17
Invalid operation
f136:D2 16 3B 5E C6 C1 12 32 47 15 96 EE F7 CF 68 49 CE 3D 8C 9C 88 73 38 B4 1E 74 D4 00 7D 3A A6 32 C3 45 6A 40 D1 4D 18 08 79 F5 A6 CB 2D
f136:16 3B 5E C6 C1 12 32 47 15 96 EE F7 CF 68 49 CE 3D 8C
f136:62 FA 24
f188:4_zwx9x9y 3za 
f188:md:14
d240
f188
f232/
n95/
f136:56
d240
f188
f232/
n95/
Invalid operation
d240
f188
f232/
n95/
f136:FB CB D2 16 3B 5E C6 C1 12 32 27 15 96
Invalid operation
f136:56 4F 68 71 D1 4D 18 45 C8 F5 A6 CB 2D C3 41
Invalid operation
f188:4_zwx9x9y 3za 
d240:zig7zk_9m
Invalid operation
Invalid operation
d3:wag5mc3h0gzeiie-8
d3:wag5mc3h0gzeiie-8
d3:wag5mc3h0gzeiie-89 86ed32zkm
Invalid operation
d3:txt:55
d202
d251/
d278/
d3
d35
d64/
f148
f261/
f291/
f43/
n61/
d3:55
d202:10
d35:4
f148:0
/f143/d99/d3
/d3
d202
d251/
d278/
d3
d35
d64/
f148
f261/
f291/
f43/
n61/
n82
d3:wag5mc3h0gzeiie-89 86ed32zkmpsb7lbmqilxiplw4548v.s7eyxxd
Invalid operation
d3:txt:56
d3:txt:56
d3:56
n82:11
Null
Null
d202
d251/
d278/
d3
d35
d64/
f148
f2
f261/
f291/
f43/
n61/
n82
Invalid operation
d202
d251/
d278/
d3
d35
d64/
f148
f2
f261/
f291/
f43/
n61/
n82
d3:txt:56
d202
d251/
d278/
d3
d35
d64/
f148
f2
f261/
f291/
f43/
n61/
n82
d3:wag5mc3h0gzeiie-89 86ed32zkmpsb7lbmqilxiplw4548v.s7eyxxd
Invalid operation
d3:txt:56
f136:D1 4D 18
Invalid operation
Invalid operation
d240:zig7zk_9mx
f128/
Invalid operation
f136:00 00 00
f136:D2 CC 95 56 4F 68 71 A2 17 A4 5C C9 9F A6 CB 2D C3 41 62 FA 24 00 00 00
Null
Invalid operation
d172/
d235/
d240
d55/
d68/
f232/
f285
n95/
f285:13
d240:10
Invalid operation
Invalid operation
Invalid operation
f285:13
d240:10
f252:8
Null
Invalid operation
/f143/d99/d278/d240
d240:md:10
Invalid operation
f285:13
d240:10
f252:8
f252:3A B5 B4 6C
d240:zig7zk_9mx
d3:56
d202:10
f270:6
f148:0
f136:4F 68 71
/f143/d99/d202
/f143/d99/d202
f86:31
d226:8
d87:7
d119:0
/f143/f86
Invalid operation
f86:40m_t6c8ftckooh x-_aatdgre7-_o0xub
f86:40m_t6c8ftckooh x-_aatdgre7-_o0xub
Invalid operation
f86:40m_t6c8ftckooh x-_aatdgre7-_o0xub
d119
d129/
d226
d260/
d46/
d55/
d87
d99/
f86
n67/
Invalid operation
d260:dir:0
f86:40m_t6c8ftckooh x-_aatdgre7-_o0xub
d226:C4 2B A3 A4
d119
d129/
d226
d260/
d46/
d55/
d87
d99/
f153
f74/
f86
n67/
f86:34
d226:20
d87:7
d119
d129/
d226
d260/
d46/
d55/
d87
d99/
f153
f74/
f86
n67/
Invalid operation
Invalid operation
Invalid operation
d226:A3 A4
d119
d129/
d226
d233
d260/
d46/
d55/
d87
d99/
f153
f74/
f86
n67/
Null
d226:AD C4 2B
Invalid operation
d260:dir:0
Invalid operation
f86:35
d226:17
d226:00 00 00 AD C4
f86:40m_t6c8ftckooh x-_aatdgre7-_o0xubx
d119
d129/
d226
d233
d260/
d35/
d46/
d55/
d87
d99/
f153
f74/
f86
n103/
n67/
Invalid operation
Null
d226:A4
d107
d119
d129/
d226
d233
d260/
d35/
d46/
d55/
d87
d99/
f153
f74/
f86
n103/
n67/
n8
d260:dir:0
/f136
Invalid operation
n38:dir:0
Invalid operation
Invalid operation
Invalid operation
Invalid operation
f86:40
d226:17
d87:7
n8:1
d107:0
d119:0
d233:0
f136:D2 16 3B 5E C6 C1 12 C3 0A DA BA EE F7 CF 68 49 CE 80 EE DB F6 8D AE B4 1E 74 D4 00 12 D2 CC 95 56 4F 68 71
f136:2D C3
d122:md:17
Invalid operation
Null
/f143/d122
f136:95 56 4F 68 71 A2 17 A4 5C
n107:tn7e-a6500yjduw o7
d107
d119
d129/
d226
d233
d260/
d35/
d46/
d55/
d87
d99/
f153
f240/
f74/
f86
n103/
n107
n111/
n67/
n8
n91
Invalid operation
d40/
d99
n79/
Invalid operation
d99:bin:0
Invalid operation
f66:dir:0
/f143/f240/d40/d6
d99:DA B9 71 75 00 00 00 2B
d6:
d6:
d180/
d218
d6
n22
d6:
Invalid operation
Invalid operation
Invalid operation
d99:5F
d65:17
d218:14
d83:5
d6:0
n22:0
d131/
d199/
d40/
d99
n111
n79/
n95
Invalid operation
Invalid operation
d99:5F 00 00 00 DF
d99:11 B7 29 EF DA B9 94 C9
Invalid operation
Invalid operation
Invalid operation
d99:00 00 00
Invalid operation
Null
Invalid operation
d6:
/f143/f240/d40/d6
Invalid operation
d6:
d6:md:5
d180/
d6
d65
d83
n22
n39/
n4/
d6:md:0
d6:md:0
d6:
d6:md:0
Invalid operation
d6:x
d149/
d180/
d6
d83
n22
n39/
n4/
n77
d149/
d180/
d6
d83
n22
n39/
n4/
n77
Invalid operation
Invalid operation
Invalid operation
Invalid operation
Invalid operation
n95:
d40:dir:0
n95:
d131/
d158
d40/
d61
f120/
f134/
f155
f159
f283
f62/
n79/
n95
/f143/f240/n95
d6:md:0
d6:
n77:10
d83:5
Null
d40:dir:0
n95:
Invalid operation
d40:dir:0
d131/
d158
d40/
d61
d67
f120/
f134/
f155
f159
f269/
f283
f62/
f92/
n79/
n95
Invalid operation
Invalid operation
/f143/f240/n95
f155:00 00 00
/f143/f240/n95
n95:
d131/
d158
d40/
d61
d67
f120/
f134/
f155
f159
f205
f269/
f283
f62/
f92/
n79/
n95
f155:7C
Invalid operation
/f136
Invalid operation
/f136
Invalid operation
Invalid operation
f136:DF 75 26 00 32 25 F7 9B 24 00 00 00
d107
d110/
d119
d129/
d226
d233
d260/
d35/
d46/
d55/
d87
d99/
f138/
f153
f240/
f43/
f47/
f74/
f86
n103/
n111/
n2
n34/
n67/
n8
n2:
f136:59
n58:58
d198:46
n2:
n111:dir:0
Invalid operation
Invalid operation
Invalid operation
d10/
d106/
d119/
d12/
d134
d14/
d141
d145
d153
d160
d161
d164
d172/
d173/
d174/
d179
d18/
d185/
d186
d192/
d194/
d198
d204/
d205/
d207/
d21/
d22
d222/
d223
d224/
d227
d237
d24/
d240/
d242/
d244
d245
d248
d255
d267
d283/
d287/
d288/
d29/
d291
d293/
d297/
d299
d3
d35
d39
d45
d5/
d52/
d57
d59/
d67
d79
d82/
d83
d84
d87/
d89/
d93/
d95/
d96
f10/
f103
f106/
f107
f108
f113
f116/
f119
f12/
f121/
f125
f126/
f129
f13/
f130
f131/
f133/
f134
f136
f140
f143/
f145
f149
f15
f150/
f152
f153/
f156
f158
f167/
f168
f181/
f183
f184/
f19
f199
f20/
f201
f206/
f221/
f223/
f224
f226/
f23
f232/
f234
f237/
f239
f240/
f246/
f248/
f249
f257/
f259/
f260/
f261/
f267
f27
f279
f288
f289/
f29/
f291/
f292
f298
f31
f37/
f38
f44
f46
f47/
f48/
f5
f53
f57
f58
f63
f65/
f66/
f69
f71
f78/
f8
f84
f85/
f86/
f89
f91/
f99/
n102
n104/
n106/
n107
n109
n113/
n114
n17
n25
n26/
n27
n32
n38/
n43
n47
n49/
n51/
n58
n6/
n60/
n65
n77
n82
n90/
n91
n93/
Invalid operation
f136:59
n58:58
d10/
d106/
d119/
d12/
d134
d14/
d141
d145
d153
d160
d161
d164
d172/
d173/
d174/
d179
d18/
d185/
d186
d192/
d194/
d198
d204/
d205/
d207/
d21/
d22
d222/
d223
d224/
d227
d237
d24/
d240/
d242/
d244
d245
d248
d255
d256
d267
d283/
d287/
d288/
d29/
d291
d293/
d297/
d299
d3
d35
d39
d45
d5/
d52/
d57
d59/
d67
d79
d82/
d83
d84
d87/
d89/
d93/
d95/
d96
f10/
f103
f106/
f107
f108
f113
f116/
f119
f12/
f121/
f125
f126/
f129
f13/
f130
f131/
f133/
f134
f136
f140
f143/
f145
f149
f15
f150/
f152
f153/
f156
f158
f167/
f168
f181/
f183
f184/
f19
f199
f20/
f201
f206/
f221/
f223/
f224
f226/
f23
f232/
f234
f237/
f239
f240/
f246/
f248/
f249
f257/
f259/
f260/
f261/
f267
f27
f279
f288
f289/
f29/
f291/
f292
f298
f31
f37/
f38
f44
f46
f47/
f48/
f5
f53
f57
f58
f63
f65/
f66/
f69
f71
f78/
f8
f84
f85/
f86/
f89
f91/
f99/
n102
n104/
n106/
n107
n109
n113/
n114
n17
n25
n26/
n27
n32
n38/
n43
n47
n49/
n51/
n58
n6/
n60/
n65
n77
n82
n90/
n91
n93/
Invalid operation
Invalid operation
f136:59
n58:58
d198:46
Invalid operation
Invalid operation
Invalid operation
Invalid operation
Invalid operation
Invalid operation
Invalid operation
n38:dir:0
Invalid operation
/d59/f124
Invalid operation
f124:txt:10
f124:txt:10
Invalid operation
Invalid operation
f136:A4 5C
Invalid operation
d10/
d106/
d119/
d12/
d134
d14/
d141
d145
d153
d160
d161
d164
d172/
d173/
d174/
d179
d18/
d185/
d186
d192/
d194/
d198
d204/
d205/
d207/
d21/
d22
d222/
d223
d224/
d227
d237
d24/
d240/
d242/
d244
d245
d248
d255
d256
d267
d283/
d287/
d288/
d29/
d291
d293/
d297/
d299
d3
d35
d39
d45
d5/
d52/
d57
d59/
d67
d79
d82/
d83
d84
d87/
d89/
d93/
d95/
d96
f10/
f103
f106/
f107
f108
f113
f116/
f119
f12/
f121/
f125
f126/
f129
f13/
f130
f131/
f133/
f134
f136
f140
f143/
f145
f149
f15
f150/
f152
f153/
f156
f158
f167/
f168
f181/
f183
f184/
f19
f199
f20/
f201
f206/
f221/
f223/
f224
f226/
f23
f232/
f234
f237/
f239
f240/
f246/
f248/
f249
f257/
f259/
f260/
f261/
f267
f27
f279
f288
f289/
f29/
f291/
f292
f298
f31
f37/
f38
f44
f46
f47/
f48/
f5
f53
f57
f58
f63
f65/
f66/
f69
f71
f78/
f8
f84
f85/
f86/
f89
f91/
f99/
n102
n104/
n106/
n107
n109
n113/
n114
n17
n25
n26/
n27
n32
n38/
n43
n47
n49/
n51/
n58
n6/
n60/
n65
n77
n82
n90/
n91
n93/
f136:25 F7 9B E7 1F C4
/f29/d227
/d227
d227
d40
f68
n22
d227
d40
f68
n22
d227:11
f68:10
f233:6
n22:5
d227:11
f68:10
f233:6
n22:5
d18/
d227
f233
f68
d227:82yyoprvahqeg
Null
Invalid operation
f136:67
n58:58
d198:46
f125:44
Invalid operation
Invalid operation
f136:67
n58:58
d198:46
Invalid operation
f136:21 FF D0 5C C1 F6 8D AE B4 F1 B1 FD 8C AE
n38:dir:0
f136:71
Invalid operation
/f136
Invalid operation
Invalid operation
f136:71
n58:58
d198:46
Invalid operation
Invalid operation
Invalid operation
Invalid operation
Invalid operation
n38:dir:0
Invalid operation
d10/
d106/
d119/
d12/
d134
d14/
d141
d145
d153
d160
d161
d164
d170/
d172/
d173/
d174/
d179
d18/
d185/
d186
d192/
d194/
d198
d204/
d205/
d207/
d21/
d22
d222/
d223
d224/
d227
d237
d24/
d240/
d242/
d244
d245
d248
d255
d256
d267
d283/
d287/
d288/
d29/
d291
d293/
d297/
d299
d3
d35
d39
d45
d5/
d52/
d57
d59/
d67
d79
d82/
d83
d84
d87/
d89/
d93/
d95/
d96
f10/
f103
f106/
f107
f108
f111
f113
f116/
f119
f12/
f121/
f125
f126/
f129
f13/
f130
f131/
f133/
f134
f136
f140
f141/
f143/
f145
f149
f15
f150/
f152
f153/
f156
f158
f167/
f168
f181/
f183
f184/
f19
f199
f20/
f201
f206/
f221/
f223/
f224
f226/
f23
f232/
f234
f237/
f239
f240/
f246/
f248/
f249
f257/
f259/
f260/
f261/
f267
f27
f279
f288
f289/
f29/
f291/
f292
f298
f31
f37/
f38
f44
f46
f47/
f48/
f5
f53
f57
f58
f63
f65/
f66/
f69
f71
f78/
f8
f84
f85/
f86/
f89
f91/
f99/
n1
n104/
n106/
n107
n109
n113/
n114
n17
n25
n26/
n27
n32
n38/
n43
n47
n49/
n51/
n58
n6/
n60/
n65
n77
n82
n88
n90/
n91
n93/
d10/
d106/
d119/
d12/
d134
d14/
d141
d145
d153
d160
d161
d164
d170/
d172/
d173/
d174/
d179
d18/
d185/
d186
d192/
d194/
d198
d204/
d205/
d207/
d21/
d22
d222/
d223
d224/
d227
d237
d24/
d240/
d242/
d244
d245
d248
d255
d256
d267
d283/
d287/
d288/
d29/
d291
d293/
d297/
d299
d3
d35
d39
d45
d5/
d52/
d57
d59/
d67
d79
d82/
d83
d84
d87/
d89/
d93/
d95/
d96
f10/
f103
f106/
f107
f108
f111
f113
f116/
f119
f12/
f121/
f125
f126/
f129
f13/
f130
f131/
f133/
f134
f136
f140
f141/
f143/
f145
f149
f15
f150/
f152
f153/
f156
f158
f167/
f168
f181/
f183
f184/
f19
f199
f20/
f201
f206/
f221/
f223/
f224
f226/
f23
f232/
f234
f237/
f239
f240/
f246/
f248/
f249
f257/
f259/
f260/
f261/
f267
f27
f279
f288
f289/
f29/
f291/
f292
f298
f31
f37/
f38
f44
f46
f47/
f48/
f5
f53
f57
f58
f63
f65/
f66/
f69
f71
f78/
f8
f84
f85/
f86/
f89
f91/
f99/
n1
n104/
n106/
n107
n109
n113/
n114
n17
n25
n26/
n27
n32
n38/
n43
n47
n49/
n51/
n58
n6/
n60/
n65
n77
n82
n88
n90/
n91
n93/
n1:
Invalid operation
/n1
Invalid operation
Invalid operation
Invalid operation
n1:txt:0
d10/
d106/
d119/
d12/
d134
d14/
d141
d145
d153
d160
d161
d164
d170/
d172/
d173/
d174/
d179
d18/
d185/
d186
d192/
d194/
d198
d204/
d205/
d207/
d21/
d22
d222/
d223
d224/
d227
d237
d24/
d240/
d242/
d244
d245
d248
d255
d256
d267
d283/
d287/
d288/
d29/
d291
d293/
d297/
d299
d3
d35
d39
d45
d5/
d52/
d57
d59/
d67
d79
d82/
d83
d84
d87/
d89/
d93/
d95/
d96
f0/
f10/
f103
f106/
f107
f108
f111
f113
f116/
f119
f12/
f121/
f125
f126/
f129
f13/
f130
f131/
f133/
f134
f136
f140
f141/
f143/
f145
f149
f15
f150/
f152
f153/
f156
f158
f167/
f168
f181/
f183
f184/
f19
f199
f20/
f201
f206/
f221/
f223/
f224
f226/
f23
f232/
f234
f237/
f239
f240/
f246/
f248/
f249
f257/
f259/
f260/
f261/
f267
f27
f279
f288
f289/
f29/
f291/
f292
f298
f31
f37/
f38
f44
f46
f47/
f48/
f5
f53
f57
f58
f63
f65/
f66/
f69
f71
f78/
f8
f84
f85/
f86/
f89
f91/
f99/
n1
n104/
n106/
n107
n109
n113/
n114
n17
n25
n26/
n27
n32
n38/
n43
n47
n49/
n51/
n58
n6/
n60/
n65
n77
n82
n88
n90/
n91
n93/
f136:76
n58:58
d198:46
f125:44
f23:42
d141:30
f8:30
Invalid operation
Invalid operation
Invalid operation
d10/
d106/
d119/
d12/
d134
d14/
d141
d145
d153
d160
d161
d164
d170/
d172/
d173/
d174/
d179
d18/
d185/
d186
d192/
d194/
d198
d204/
d205/
d207/
d21/
d22
d222/
d223
d224/
d227
d237
d24/
d240/
d242/
d244
d245
d248
d255
d256
d267
d283/
d287/
d288/
d29/
d291
d293/
d297/
d299
d3
d35
d39
d45
d5/
d52/
d57
d59/
d67
d79
d82/
d83
d84
d87/
d89/
d93/
d95/
d96
f0/
f10/
f103
f106/
f107
f108
f111
f113
f116/
f119
f12/
f121/
f125
f126/
f129
f13/
f130
f131/
f133/
f134
f136
f140
f141/
f143/
f145
f149
f15
f150/
f152
f153/
f156
f158
f167/
f168
f181/
f183
f184/
f19
f199
f20/
f201
f206/
f221/
f223/
f224
f226/
f23
f232/
f234
f237/
f239
f240/
f246/
f248/
f249
f257/
f259/
f260/
f261/
f267
f27
f279
f288
f289/
f29/
f291/
f292
f298
f31
f37/
f38
f44
f46
f47/
f48/
f5
f53
f57
f58
f63
f65/
f66/
f69
f71
f78/
f8
f84
f85/
f86/
f89
f91/
f99/
n1
n104/
n106/
n107
n109
n113/
n114
n17
n25
n26/
n27
n32
n38/
n43
n47
n49/
n51/
n58
n6/
n60/
n65
n77
n82
n88
n90/
n91
n93/
d10/
d106/
d119/
d12/
d134
d14/
d141
d145
d153
d160
d161
d164
d170/
d172/
d173/
d174/
d179
d18/
d185/
d186
d192/
d194/
d198
d204/
d205/
d207/
d21/
d22
d222/
d223
d224/
d227
d237
d24/
d240/
d242/
d244
d245
d248
d255
d256
d267
d283/
d287/
d288/
d29/
d291
d293/
d297/
d299
d3
d35
d39
d45
d5/
d52/
d57
d59/
d67
d79
d82/
d83
d84
d87/
d89/
d93/
d95/
d96
f0/
f10/
f103
f106/
f107
f108
f111
f113
f116/
f119
f12/
f121/
f125
f126/
f129
f13/
f130
f131/
f133/
f134
f136
f140
f141/
f143/
f145
f149
f15
f150/
f152
f153/
f156
f158
f167/
f168
f181/
f183
f184/
f19
f199
f20/
f201
f206/
f221/
f223/
f224
f226/
f23
f232/
f234
f237/
f239
f240/
f246/
f248/
f249
f257/
f259/
f260/
f261/
f267
f27
f279
f288
f289/
f29/
f291/
f292
f298
f31
f37/
f38
f44
f46
f47/
f48/
f5
f53
f57
f58
f63
f65/
f66/
f69
f71
f78/
f8
f84
f85/
f86/
f89
f91/
f99/
n1
n104/
n106/
n107
n109
n113/
n114
n17
n25
n26/
n27
n32
n38/
n43
n47
n49/
n51/
n58
n6/
n60/
n65
n77
n82
n88
n90/
n91
n93/
d10/
d106/
d119/
d12/
d134
d14/
d141
d145
d153
d160
d161
d164
d170/
d172/
d173/
d174/
d179
d18/
d185/
d186
d192/
d194/
d198
d204/
d205/
d207/
d21/
d22
d222/
d223
d224/
d227
d237
d24/
d240/
d242/
d244
d245
d248
d255
d256
d267
d283/
d287/
d288/
d29/
d291
d293/
d297/
d299
d3
d35
d39
d45
d5/
d52/
d57
d59/
d67
d79
d82/
d83
d84
d87/
d89/
d93/
d95/
d96
f0/
f10/
f103
f106/
f107
f108
f111
f113
f116/
f119
f12/
f121/
f125
f126/
f129
f13/
f130
f131/
f133/
f134
f136
f140
f141/
f143/
f145
f149
f15
f150/
f152
f153/
f156
f158
f167/
f168
f181/
f183
f184/
f19
f199
f20/
f201
f206/
f221/
f223/
f224
f226/
f23
f232/
f234
f237/
f239
f240/
f246/
f248/
f249
f257/
f259/
f260/
f261/
f267
f27
f279
f288
f289/
f29/
f291/
f292
f298
f31
f37/
f38
f44
f46
f47/
f48/
f5
f53
f57
f58
f63
f65/
f66/
f69
f71
f78/
f8
f84
f85/
f86/
f89
f91/
f99/
n1
n104/
n106/
n107
n109
n113/
n114
n17
n25
n26/
n27
n32
n38/
n43
n47
n49/
n51/
n58
n6/
n60/
n65
n77
n82
n88
n90/
n91
n93/
Invalid operation
Invalid operation
Invalid operation
f136:76
n58:58
d198:46
f136:0B 80 20 5B 00 00 00 00 00
Invalid operation
f136:2D D9 08 37 0F A4 5C C9 DF 75 26 00 32 25 F7 9B E7 1F C4 0B 80 20 5B 00 00 00 00 00 EE 65 D1 3F 00 00 00 00 00 00 00
Invalid operation
f269:7
f269
Invalid operation
Invalid operation
n38:dir:0
n38:dir:0
f136:76
n58:58
d198:46
f136:76
n58:58
d198:46
f125:44
f23:42
d141:30
f269:71 A7
Null
f269:E2 79 71
Invalid operation
Invalid operation
/f141/f269
f136:76
n58:58
d198:46
Invalid operation
Invalid operation
f136:76
n58:58
d198:46
f125:44
Invalid operation
f269:20
f276:0
Invalid operation
f269:bin:20
f276:7
f30:dir:0
f276:00 20 08 A5 E5
d7/
f276
f30/
Invalid operation
f30:dir:0
Invalid operation
Invalid operation
Null
Invalid operation
Invalid operation
f30:dir:0
/f141/f276
Invalid operation
Invalid operation
Invalid operation
Invalid operation
d175
d186
d7/
f170/
f204/
f276
f30/
n26/
Invalid operation
Invalid operation
Invalid operation
Invalid operation
Null
Invalid operation
f136:CE 21 FF D0 5C C1 F6 8D AE B4 F1 B1 FD 8C AE B0 CC 3C 18 2D D9 08 37 0F A4 5C C9 DF 75 26 00 32 25 F7 9B E7 1F C4 0B 80 20 5B 00 00
f150:22
f150
f160/
n87:dir:0
f150:22
f150
f160/
f150
f160/
f150:q8owl3 coh3cdor_q.hgeu_kax
f150:35
f150:txt:35
Invalid operation
f150:35
f209:8
f136:00 00 00 00
d114/
d18/
f150
f160/
f209
n101/
f150:txt:36
Invalid operation
f136:E7 1F C4 0B 80 20 5B 00 00 00 00 00 EE 65 D1 3F 00 00 00 00 00 00 00 00 00
Invalid operation
Invalid operation
f150:q8owl3 coh3cdor_q.hgeu_kax-72.y 9xs
Invalid operation
f150:q8owl3 coh3cdor_q.hgeu_kax-72.y 9xs
n18:89
/f141/n26/f150
d175:.o_lnu1e9vzuro
f136:5C C9 DF 75 26 00 32 25 F7 9B E7 1F C4 0B 80 20 5B 00 00 00 00 00 EE 65 D1 3F 00 00 00 00 00 00
/d245
Invalid operation
d175:.o_lnu1e9vzuro
d175:.o_lnu1e9vzuro
Invalid operation
d135/
d175
d50/
d7/
f170/
f204/
f30/
f66/
n119
n26/
f136:8C AE B0 CC 3C 18 2D D9 08 37 0F A4 5C C9 DF 75 26 00 32 25 F7 9B E7 1F C4 0B 80 20 5B 00 00 00 00 00 EE 65 D1 3F 00 00 00
f136:B1 FD 8C AE B0 CC 3C 18 2D D9 08 37 0F A4 5C C9 DF 75 26 00 32 25 F7 9B E7 1F C4 0B 80 20 5B 00 00 00 00 00 EE
Invalid operation
/f141/d175
f136:C3
d135/
d175
d213
d50/
d7/
f170/
f204/
f21
f30/
f66/
n119
n26/
n82/
Invalid operation
/f141/n119
Null
Null
n38:dir:0
Invalid operation
f136:74
n58:58
d198:46
f136:5A 88 A0 4F 87 67
f136:74
n58:58
d198:46
Invalid operation
Invalid operation
Invalid operation
Invalid operation
Invalid operation
f136:74
n58:58
d198:46
d10/
d106/
d119/
d12/
d127/
d134
d14/
d141
d145
d153
d160
d161
d164
d170/
d172/
d173/
d174/
d179
d18/
d185/
d186
d192/
d194/
d198
d204/
d205/
d207/
d21/
d22
d222/
d223
d224/
d227
d237
d24/
d240/
d242/
d244
d245
d248
d255
d256
d267
d283/
d287/
d288/
d29/
d291
d293/
d297/
d299
d3
d35
d39
d45
d5/
d52/
d57
d59/
d67
d79
d82/
d83
d84
d87/
d89/
d93/
d95/
d96
f0/
f10/
f103
f106/
f107
f108
f111
f113
f116/
f12/
f121/
f125
f126/
f129
f13/
f130
f131/
f133/
f134
f136
f140
f141/
f143/
f145
f149
f15
f150/
f152
f153/
f156
f158
f167/
f168
f181/
f183
f184/
f19
f199
f20/
f201
f206/
f221/
f223/
f224
f226/
f23
f232/
f234
f237/
f239
f240/
f246/
f248/
f249
f257/
f259/
f260/
f261/
f267
f27
f279
f288
f289/
f29/
f291/
f292
f298
f31
f37/
f38
f44
f46
f47/
f48/
f5
f53
f57
f58
f63
f65/
f66/
f69
f71
f78/
f8
f84
f85/
f86/
f89
f91/
f99/
n1
n104/
n106/
n107
n109
n113/
n114
n17
n25
n26/
n27
n32
n38/
n43
n47
n49/
n51/
n58
n6/
n60/
n65
n77
n82
n88
n90/
n91
n93/
Invalid operation
/f136
f136:77
n58:58
d198:46
Invalid operation
Invalid operation
Invalid operation
f136:74
n58:58
d198:46
f136:74
n58:58
d198:46
f125:44
f23:42
d141:30
f136:0C C6 A4 21 FD 98 F6 8D AE B4 F1 B1 FD 8C AE B0 CC 3C 18 2D D9 08 37 0F A4 5C C9 DF 75 26 00 32 25 F7 9B E7 1F C4 0B 5A 88
d18/
d227
f162/
f233
f68
f136:70 AE E5 0C C6 A4 21 FD 98 F6 8D AE B4 F1 B1 FD 8C AE B0 CC 3C 18 2D D9 08 37 0F A4 5C C9 DF 75
Invalid operation
Invalid operation
Invalid operation
d10/
d106/
d119/
d12/
d127/
d134
d14/
d141
d145
d153
d160
d161
d164
d170/
d172/
d173/
d174/
d179
d18/
d185/
d186
d192/
d194/
d198
d204/
d205/
d207/
d21/
d22
d222/
d223
d224/
d227
d237
d24/
d240/
d242/
d244
d245
d248
d255
d256
d267
d283/
d287/
d288/
d29/
d291
d293/
d297/
d299
d3
d35
d39
d45
d5/
d52/
d57
d59/
d67
d79
d82/
d83
d84
d87/
d89/
d93/
d95/
d96
f0/
f10/
f103
f106/
f107
f108
f111
f113
f116/
f12/
f121/
f125
f126/
f129
f13/
f130
f131/
f133/
f134
f136
f140
f141/
f143/
f145
f149
f15
f150/
f152
f153/
f156
f158
f167/
f168
f181/
f183
f184/
f19
f199
f20/
f201
f206/
f221/
f223/
f224
f226/
f23
f232/
f234
f237/
f239
f240/
f246/
f248/
f249
f257/
f259/
f260/
f261/
f267
f27
f279
f288
f289/
f29/
f291/
f292
f298
f31
f37/
f38
f44
f46
f47/
f48/
f5
f53
f57
f58
f63
f65/
f66/
f69
f71
f78/
f8
f84
f85/
f86/
f89
f91/
f99/
n1
n104/
n106/
n107
n109
n113/
n114
n17
n25
n26/
n27
n32
n38/
n43
n47
n49/
n51/
n58
n6/
n60/
n65
n77
n82
n88
n90/
n91
n93/
d12/
d154/
d202
d235/
d272/
d43
d5/
d58/
d69/
d95/
f115
f133/
f136
f150/
f154/
f219/
f29
f298/
n28
n86
f115:127
d43:15
n86:5
d202:3
n28:3
/d141
Invalid operation
Invalid operation
f115:127
/f298
Invalid operation
Invalid operation
Invalid operation
Invalid operation
Invalid operation
d10/
d106/
d119/
d12/
d127/
d134
d14/
d141
d145
d153
d160
d161
d164
d170/
d172/
d173/
d174/
d179
d18/
d185/
d186
d192/
d194/
d198
d204/
d205/
d207/
d21/
d22
d222/
d223
d224/
d227
d237
d24/
d240/
d242/
d244
d245
d248
d255
d256
d267
d283/
d287/
d288/
d29/
d291
d293/
d297/
d299
d3
d35
d39
d45
d5/
d52/
d57
d59/
d67
d79
d82/
d83
d84
d87/
d89/
d93/
d95/
d96
f0/
f10/
f103
f106/
f107
f108
f111
f113
f116/
f12/
f121/
f125
f126/
f129
f13/
f130
f131/
f133/
f134
f136
f140
f141/
f143/
f145
f149
f15
f150/
f152
f153/
f156
f158
f167/
f168
f181/
f183
f184/
f19
f199
f20/
f201
f206/
f221/
f223/
f224
f226/
f23
f232/
f234
f237/
f239
f240/
f246/
f248/
f249
f257/
f259/
f260/
f261/
f267
f27
f279
f288
f289/
f29/
f291/
f292
f298
f31
f37/
f38
f44
f46
f47/
f48/
f5
f53
f57
f58
f63
f65/
f66/
f69
f71
f78/
f8
f84
f85/
f86/
f89
f91/
f99/
n1
n104/
n106/
n107
n113/
n114
n17
n25
n26/
n27
n32
n38/
n43
n47
n49/
n51/
n58
n6/
n60/
n65
n77
n82
n88
n90/
n91
n93/
d10/
d106/
d119/
d12/
d127/
d134
d14/
d141
d145
d153
d160
d161
d164
d170/
d172/
d173/
d174/
d179
d18/
d185/
d186
d192/
d194/
d198
d204/
d205/
d207/
d21/
d22
d222/
d223
d224/
d227
d237
d24/
d240/
d242/
d244
d245
d248
d255
d256
d267
d283/
d287/
d288/
d29/
d291
d293/
d297/
d299
d3
d35
d39
d45
d5/
d52/
d57
d59/
d67
d79
d82/
d83
d84
d87/
d89/
d93/
d95/
d96
f0/
f10/
f103
f106/
f107
f108
f111
f113
f116/
f12/
f121/
f125
f126/
f129
f13/
f130
f131/
f133/
f134
f136
f140
f141/
f143/
f145
f149
f15
f150/
f152
f153/
f156
f158
f167/
f168
f181/
f183
f184/
f19
f199
f20/
f201
f206/
f221/
f223/
f224
f226/
f23
f232/
f234
f237/
f239
f240/
f246/
f248/
f249
f257/
f259/
f260/
f261/
f267
f27
f279
f288
f289/
f29/
f291/
f292
f298
f31
f37/
f38
f44
f46
f47/
f48/
f5
f53
f57
f58
f63
f65/
f66/
f69
f71
f78/
f8
f84
f85/
f86/
f89
f91/
f99/
n1
n104/
n106/
n107
n113/
n114
n17
n25
n26/
n27
n32
n38/
n43
n47
n49/
n51/
n58
n6/
n60/
n65
n77
n82
n88
n90/
n91
n93/
Invalid operation
Invalid operation
d10/
d106/
d119/
d12/
d127/
d134
d14/
d141
d145
d153
d160
d161
d164
d170/
d172/
d173/
d174/
d179
d18/
d185/
d186
d192/
d194/
d198
d204/
d205/
d207/
d21/
d22
d222/
d223
d224/
d227
d237
d24/
d240/
d242/
d244
d245
d248
d255
d256
d267
d283/
d287/
d288/
d29/
d291
d293/
d297/
d299
d3
d35
d39
d45
d5/
d52/
d57
d59/
d67
d79
d82/
d83
d84
d87/
d89/
d93/
d95/
d96
f0/
f10/
f103
f106/
f107
f108
f111
f113
f116/
f12/
f121/
f125
f126/
f129
f13/
f130
f131/
f133/
f134
f136
f140
f141/
f143/
f145
f149
f15
f150/
f152
f153/
f156
f158
f167/
f168
f181/
f183
f184/
f19
f199
f20/
f201
f206/
f221/
f223/
f224
f226/
f23
f232/
f234
f237/
f239
f240/
f246/
f248/
f249
f257/
f259/
f260/
f261/
f267
f27
f279
f288
f289/
f29/
f291/
f292
f298
f31
f37/
f38
f44
f46
f47/
f48/
f5
f53
f58
f63
f65/
f66/
f69
f71
f78/
f8
f84
f85/
f86/
f89
f91/
f99/
n1
n104/
n106/
n107
n113/
n114
n17
n25
n26/
n27
n32
n38/
n43
n47
n49/
n51/
n58
n6/
n60/
n65
n77
n82
n88
n90/
n91
n93/
d10/
d106/
d119/
d12/
d127/
d134
d14/
d141
d145
d153
d160
d161
d164
d170/
d172/
d173/
d174/
d179
d18/
d185/
d186
d192/
d194/
d198
d204/
d205/
d207/
d21/
d22
d222/
d223
d224/
d227
d237
d24/
d240/
d242/
d244
d245
d248
d255
d256
d267
d283/
d287/
d288/
d29/
d291
d293/
d297/
d299
d3
d35
d39
d45
d5/
d52/
d57
d59/
d67
d79
d82/
d83
d84
d87/
d89/
d93/
d95/
d96
f0/
f10/
f103
f106/
f107
f108
f111
f113
f116/
f12/
f121/
f125
f126/
f129
f13/
f130
f131/
f133/
f134
f136
f140
f141/
f143/
f145
f149
f15
f150/
f152
f153/
f156
f158
f167/
f168
f181/
f183
f184/
f19
f199
f20/
f201
f206/
f221/
f223/
f224
f226/
f23
f232/
f234
f237/
f239
f240/
f246/
f248/
f249
f257/
f259/
f260/
f261/
f267
f27
f279
f288
f289/
f29/
f291/
f292
f298
f31
f37/
f38
f44
f46
f47/
f48/
f5
f53
f58
f63
f65/
f66/
f69
f71
f78/
f8
f84
f85/
f86/
f89
f91/
f99/
n1
n104/
n106/
n107
n113/
n114
n17
n25
n26/
n27
n32
n38/
n43
n47
n49/
n51/
n58
n6/
n60/
n65
n77
n82
n88
n90/
n91
n93/
n38:dir:0
n38:dir:0
f136:C9 DF 75 26 00 32 25 F7 9B E7 1F C4 0B 5A 88 A0 4F 87 67 00
Invalid operation
Null
Invalid operation
Invalid operation
Invalid operation
n49:107
f222:65
f222:99 9E 47 7F A8 06 2E F1 62 C3 F8 79 E7 09 5E 1E 32 BF 66 E1 75 3B B8 BE
d105
d111/
d116
d138/
d146/
d169/
d174
d191
d206/
d225
d249
d254/
d267/
d273
d277
d287
d93
f105
f110
f111/
f117/
f122
f15/
f158
f171/
f174/
f177
f191
f222
f225/
f262/
f271/
f33/
f42/
f47/
f68
f74
f81
f9/
f94/
f98/
f99
n103
n110/
n111
n33
n49
n54/
n55
n97
Invalid operation
Null
f47:dir:0
Invalid operation
Invalid operation
f222:00
/d10/n49
d264:txt:0
n97:6
d264:0
d264:
d264:
d264
n38/
n97
d58:dir:0
Invalid operation
d58:dir:0
Invalid operation
d138
d264
n38/
n97
d138
d264
n38/
n97
d264:41
n97:14
d138:8
d138
d264
d98
n38/
n97
n97:3C 85 93 12 0B D5
/d10/d58/d264
Invalid operation
d264:30
n97:14
d138:8
d1:0
f186:5
Invalid operation
Invalid operation
d264:eimm9ftj5pub9ujtueltz0yjlh-.nf
/d10/d58/d264
d264:30
n97:14
d138:8
Null
Null
d1
d132
d138
d264
f164/
n38/
n97
Invalid operation
d264:eimm9ftj5pub9ujtueltz0yjlh-.nf
d1
d132
d138
d264
f164/
n38/
n97
d264:txt:30
/d10/d58/d264
/d10/d58/d264
Null
/d10/d58/d264
d264:30
d138:8
d132:4
d1:0
d1
d132
d138
d264
f164/
n38/
d138:68 4C 55 39 D5
Invalid operation
/d10/d58/d264
n58:pe8i19c2sqz26gphdedoxdw46.ul-uwhkiamzzkmntw qv585odbjj19b_
/d10/d58/d264
d1
d132
d138
d264
f164/
n38/
n97
Invalid operation
d264:eimm9ftj5pub9ujtueltz0yjlh-.nf
/d10/d58/d264
d138:F9 2C
d264:txt:44
d264:txt:50
d132
d138
d264
d293
f164/
n38/
n97
d132
d138
d264
d82
f164/
n38/
n97
Invalid operation
Invalid operation
d264:50
d138:6
d132:32
d132
d138
d17
d264
f164/
n38/
Null
d138
d17
d264
f164/
n38/
Null
n38:dir:0
n38:dir:0
d138:1C
/d10/d58/d17
f186:5
d31:3
d31:16 3C F3 A5
Invalid operation
/n82
f186:6g3eo
f186
f186
f186
Invalid operation
f28:
Null
d138:BE
d115:dir:0
f28:
Invalid operation
d115/
f28
n109/
d138:BE 30
f28:
d138:86 BE 30
Invalid operation
d138:4
d17:1
f36:17
d138:4
d17:1
Invalid operation
Invalid operation
d138:FF
d138
d17
d5
f164/
f36
n38/
n38:dir:0
Invalid operation
Invalid operation
d17:f
Null
d138
d17
d5
f164/
f36
n38/
d138
d17
d5
f164/
f36
n38/
Null
d138:97 FF
d138:FF B3
Invalid operation
n49:.4px1wcbbxsd8l7xid8mx25p2kg2rcqu2fmw9q62kt1y7q-yb7ble agp_bqm2sdbf6heg9mkjwdip95ted5n3 w.2 49cefbx3xm1_qhmtl5ex7luld
Invalid operation
/d10/d58/d17
Invalid operation
/d10/d58/d17
Invalid operation
d138
d17
d195/
d238/
d6/
f164/
f174
f36
f63
n112
n38/
d138:40
d138:97 40
d138
d17
d238/
d6/
f164/
f174
f36
f63
n112
n38/
d138:40 C0
d138:A7 D2 39 BD AF D9 00
f239:8vz962tur
d17:f
d17:txt:7
Invalid operation
d138
d17
d177
d238/
d252
d6/
d88
f164/
f174
f36
f63
n112
n38/
n52
d17:fj7g2sy
d88:17
f36:17
d138:13
f63:12
n52:12
d17:7
d177:6
f174:4
Null
d88:17
f36:17
d138:13
f63:12
n52:12
d17:txt:7
d88:17
f36:17
d138:13
d17:txt:7
d17:txt:7
d138
d17
d177
d238/
d252
d6/
d88
f164/
f174
f248/
f36
f63
n0
n112
n38/
n52
Invalid operation
Invalid operation
d138:CC
d138
d17
d177
d238/
d252
d6/
d88
f164/
f174
f248/
f36
f63
n0
n112
n38/
n52
/d10/d58/d17
d138
d17
d177
d238/
d252
d285/
d6/
d88
f164/
f174
f248/
f36
f44/
f63
n0
n112
n38/
n52
Invalid operation
d17:txt:7
d115/
n109/
/d10/d58/d17
d115/
n109/
Null
d115/
n109/
d138:B3 CE A7 D2 39 BD 43 CC 53
d17:fj7g2sy
Invalid operation
Null
d17:txt:7
Invalid operation
d17:txt:10
f81:0
f81
d138:CE B3 CE A7 D2 8A F5 A4 BB E6 A1
d17:txt:25
d17:25
d88:17
f36:17
d138:15
Null
d138
d17
d177
d183
d238/
d252
d285/
d44/
d6/
d88
f148
f164/
f174
f248/
f36
f44/
f63
n0
n112
n38/
n4
n52
d138:F5 A4 BB E6 A1
d17:txt:25
/d10/d58/d17
d17:txt:25
Invalid operation
d138
d17
d177
d183
d238/
d252
d285/
d6/
d88
f148
f164/
f248/
f255
f36
f44/
f63
n0
n112
n38/
n4
n52
n95/
d17:25
d88:17
f36:17
d138:15
f63:12
n52:12
n4:8
Invalid operation
Null
d138
d177
d183
d238/
d252
d285/
d6/
f148
f164/
f248/
f255
f36
f44/
f63
n0
n112
n38/
n4
n52
n95/
d138:bin:15
Null
f239:txt:9
Invalid operation
f36:17
d138:15
f63:12
n52:12
n4:8
d183:7
Invalid operation
d138
d177
d183
d238/
d252
d285/
d6/
f148
f164/
f248/
f255
f36
f44/
n0
n112
n38/
n4
n52
n95/
Invalid operation
Invalid operation
d138
d177
d183
d238/
d252
d285/
d6/
f148
f164/
f211
f248/
f255
f36
f44/
n0
n112
n38/
n4
n52
n95/
d138
d177
d183
d238/
d252
d285/
d6/
f148
f164/
f211
f248/
f255
f36
f44/
n0
n112
n38/
n4
n52
n95/
Invalid operation
Invalid operation
d138
d177
d183
d238/
d252
d285/
d6/
f148
f164/
f211
f248/
f255
f36
f44/
n0
n112
n38/
n4
n52
n95/
Invalid operation
/d10/d58/d138
d138:19
f36:17
n52:12
f211:9
n4:8
d183:7
d177:6
f255:6
Invalid operation
d138:bin:19
d138:F5 A4 BB 38 14 CB FE 39 8A F0 3A 0A
Invalid operation
Invalid operation
f36:17
d138:16
n52:12
d138:00
Invalid operation
Invalid operation
/d10/d58/d138
f36:17
d138:16
n52:12
f211:9
n4:8
f255:6
d114/
d117/
d138
d202
d238/
d252
d27
d285/
d54/
d6/
d61/
d83/
f148
f164/
f196
f211
f248/
f255
f36
f44/
n0
n112
n38/
n4
n52
n95/
Invalid operation
Invalid operation
Invalid operation
/d10/d58/d138
Invalid operation
d67:16
f212:0
Invalid operation
/d10/d58/d114/d67
/d67
d67
f212
f22/
Invalid operation
/d10/d58/d114/d67
/d67
d67:txt:23
d67:16
n99:6
d67:cwqbl.gd2u-mv zw
d67
n99
d67
d67:16
Invalid operation
Invalid operation
Invalid operation
d114/
d117/
d138
d202
d238/
d252
d27
d285/
d54/
d6/
d61/
d83/
f148
f164/
f196
f211
f234
f248/
f255
f36
f44/
n0
n112
n38/
n4
n42/
n52
n95/
Invalid operation
d114/
d117/
d138
d202
d238/
d252
d27
d285/
d54/
d6/
d61/
d83/
f148
f164/
f196
f211
f234
f248/
f255
f36
f44/
n0
n112
n38/
n4
n42/
n52
n95/
/d10/d58/d138
/d10/d58/d138
/d10/d58/d138
Invalid operation
d138:38 ED F6 F0 E2 A8 F6 A8 4C
Invalid operation
/d10/d58/d138
d138:F6 F0 E2 A8 F6 A8
n111/
Invalid operation
d114/
d117/
d202
d205
d238/
d252
d27
d285/
d54/
d6/
d61/
d83/
f148
f164/
f168/
f196
f234
f248/
f255
f294
f36
f44/
n0
n112
n31/
n38/
n42/
n52
n73
n95/
d58
d58
d58:bin:14
d58:bin:14
Null
Invalid operation
/d10/d58/n112
Invalid operation
d287
f89/
d287
f89/
n105:
d287:6
n105:0
Invalid operation
Invalid operation
d287
d63
f89/
n105
n117
n49/
/d10/d58/f168/n105
d287
d63
f89/
n105
n117
n49/
d252:45
Invalid operation
f240
f81
f81:md:1
f240:14
f81:6
n69:0
/d10/d58/d285/f81
/d10/f81
f81:xxx
f81:md:3
f100
f240
f241
f81
n69
f240:14
f100:3
f100
f203/
f240
f241
f81
n69
f100
f203/
f240
f241
f81
n69
/d10/f105
f81:md:7
f81:xxxsjvy
f100
f203/
f240
f241
f81
n69
f81:md:7
/d10/d58/d285/f81
/d10/f81
Invalid operation
f81:xxxsjvy
Invalid operation
d211
f100
f203/
f240
f241
f81
n69
Invalid operation
Null
/d10/d58/d285/f81
/d10/f81
f81:xxxsjvy41_5x8b725y5xpk1m
/d10/d58/d285/f240
Invalid operation
d125/
d153/
d211
d24/
d32/
f100
f124
f164/
f203/
f240
f241
n6
n60
Invalid operation
Invalid operation
/d10/d58/d285/f240
n6:17
f240:16
f216:11
d211:9
f241:8
f241:0C 94
Invalid operation
Invalid operation
Null
Invalid operation
d27/
d27:dir:0
f190
Invalid operation
Null
f190:41
f190:6
d27/
f241:FF 7A CD 99 92 37 A8 DE AB
f241:B3 EC 20 8C 2A 00 00 00 E8 02 9E 00 CF FF 7A CD 99 92
f241:00 E8 02
/d10/d58/d285/d32/d49
Null
f241:00 CF
d126:7
d126:5
d126:0A
d126:2F 2F
d126
d181/
d27/
d27:dir:0
Invalid operation
Invalid operation
Invalid operation
Invalid operation
f241:00 00 E8 02 9E 00 CF FF 7A CD 99 92 37
Invalid operation
d27:md:0
Invalid operation
Null
Invalid operation
Invalid operation
Invalid operation
d27:dir:0
d27:dir:0
Null
Invalid operation
d153:xhju6
/d160
/d237
d205:9A 6E 85
d153
d298/
/d10/d58/d285/d32/d27/d151
d151
d298/
d205:15
f191:6
d126:5
f175:0
d125/
d153/
d171/
d187
d211
d24/
d32/
f100
f124
f164/
f203/
f216
f240
f241
n112/
n6
n60
f241:30
Invalid operation
Invalid operation
f240:q tfo9yb0evf9-xxd53 10a4s
d252:55 FA 3F
Invalid operation
d252:00 D0 E2 FE 69
f191:
f191
n22/
/d291
Invalid operation
d155:1
d196:7
d155:1
f191:1
d155:71
d252:C7
d252:88 7D 29
Invalid operation
d252:19
f36:17
n52:12
f255:6
Invalid operation
d105
d111/
d116
d138/
d146/
d169/
d174
d191
d206/
d225
d249
d254/
d267/
d273
d277
d287
d58/
d93
f105
f110
f111/
f117/
f122
f15/
f158
f171/
f174/
f177
f191
f222
f225/
f262/
f271/
f33/
f42/
f47/
f68
f74
f81
f9/
f94/
f98/
f99
n103
n110/
n111
n33
n49
n54/
n55
n97
Invalid operation
d125/
d153/
d171/
d187
d211
d22/
d24/
d32/
f100
f124
f164/
f17
f203/
f216
f221/
f240
f241
n112/
n24/
n6
n60
Invalid operation
f240:txt:25
f240:q tfo9yb0evf9-xxd53 10a4s
f241:9E 00
f240:txt:25
f240:q tfo9yb0evf9-xxd53 10a4s
f35:dir:0
f241:A2 38 48 5E 49 1B 5D 00 00 00 E8 02 9E E8 16 AB
d127
d177/
f35/
Invalid operation
f35:dir:0
f241:00 00 C2 02 EF A2 38 48 5E 49 1B 5D 00 A1 88 44 32 D8 E8
f241:E8 16
Invalid operation
d127:3fz9jz5hf4ne5crx
d125/
d153/
d171/
d187
d211
d22/
d24/
d32/
f100
f124
f164/
f17
f203/
f216
f221/
f240
f241
n112/
n24/
n6
n60
f241:32
f240:25
n6:17
Null
Invalid operation
f103
f240:q tfo9yb0evf9-xxd53 10a4s0yyamp3j
Invalid operation
/d10/d58/d285/f240
f241:5D 00 A1 88 44 32 D8 E8 16 AB 40 81 77 8C
f240:34
/d10/d58/f294
Invalid operation
d252:55 FA 88 7D 29 6F D0 E2
d252:FA 88 7D 29 6F D0 E2 FE 69 DA 00 00 00 08 C7
d114/
d117/
d202
d205
d238/
d252
d27
d282
d285/
d51/
d54/
d6/
d61/
d83/
d90
f148
f164/
f168/
f196
f234
f248/
f255
f294
f36
f44/
n0
n112
n31/
n38/
n42/
n52
n73
n95/
Invalid operation
Invalid operation
d252:21
f36:17
n52:12
n112:9
f255:6
f148:2
d202:0
d205:0
n112:md:9
n112:md:11
Invalid operation
d252:2C
d252:00 08 C7 51 6E
Invalid operation
d252:20
f36:17
n52:12
n112:9
f255:6
f88:3
f148:2
d202:0
n112:md:9
d114/
d117/
d202
d205
d238/
d252
d27
d282
d285/
d51/
d54/
d6/
d61/
d83/
d90
f148
f164/
f168/
f234
f248/
f255
f291
f294
f36
f44/
f88
n0
n112
n31/
n38/
n42/
n52
n73
n95/
Null
n49:116
n49:.4px1wcbbxsd8l7xid8mx25p2kg2rcqu2fmw9q62kt1y7q-yb7ble agp_bqm2sdbf6heg9mkjwdip95ted5n3 w.2 49cefbx3xm1_qhmtl5ex7luld
n106:dir:0
Invalid operation
f222:00 17 19 65 8B 38 91 3F DD 61 CE 76 F9 D8
d105
d111/
d116
d138/
d146/
d169/
d174
d191
d206/
d225
d249
d252
d254/
d267/
d273
d277
d287
d58/
d93
f105
f110
f111/
f117/
f122
f15/
f158
f171/
f174/
f177
f191
f222
f225/
f262/
f271/
f33/
f42/
f47/
f68
f74
f81
f9/
f94/
f98/
f99
n103
n110/
n111
n33
n49
n54/
n55
n97
/d10/d252
Invalid operation
d10/
d106/
d119/
d12/
d127/
d134
d14/
d141
d145
d153
d160
d161
d164
d170/
d172/
d173/
d174/
d179
d18/
d185/
d186
d192/
d194/
d198
d204/
d205/
d207/
d21/
d22
d222/
d223
d224/
d227
d237
d24/
d240/
d242/
d244
d245
d248
d255
d256
d267
d277
d283/
d287/
d288/
d29/
d291
d293/
d297/
d299
d3
d35
d39
d45
d5/
d52/
d57
d59/
d67
d79
d82/
d83
d84
d87/
d89/
d93/
d95/
d96
f0/
f10/
f103
f106/
f107
f108
f111
f113
f116/
f12/
f121/
f125
f126/
f129
f13/
f130
f131/
f133/
f134
f136
f140
f141/
f143/
f145
f149
f15
f150/
f152
f153/
f156
f158
f167/
f168
f181/
f183
f184/
f19
f199
f20/
f201
f206/
f221/
f223/
f224
f226/
f23
f232/
f233
f234
f237/
f239
f240/
f246/
f248/
f249
f257/
f259/
f260/
f261/
f267
f27
f279
f288
f289/
f29/
f291/
f292
f298
f31
f37/
f38
f44
f46
f47/
f48/
f5
f53
f58
f63
f65/
f66/
f69
f71
f78/
f8
f84
f85/
f86/
f89
f91/
f99/
n1
n104/
n106/
n107
n113/
n114
n17
n25
n26/
n27
n32
n38/
n43
n47
n49/
n51/
n58
n6/
n60/
n65
n77
n82
n88
n90/
n91
n93/
Invalid operation
Invalid operation
f47:dir:0
Invalid operation
f47:dir:0
Invalid operation
Invalid operation
Invalid operation
Invalid operation
Invalid operation
Invalid operation
Invalid operation
Null
Invalid operation
Invalid operation
Invalid operation
Invalid operation
Invalid operation
Invalid operation
Invalid operation
n49:.4px1wcbbxsd8l7xid8mx25p2kg2rcqu2fmw9q62kt1y7q-yb7ble agp_bqm2sdbf6heg9mkjwdip95ted5n3 w.2 49cefbx3xm1_qhmtl5ex7luld
n49:116
f222:67
d273:14
d10/
d106/
d119/
d12/
d127/
d134
d14/
d141
d145
d153
d160
d161
d164
d170/
d172/
d173/
d174/
d179
d18/
d185/
d186
d192/
d194/
d198
d204/
d205/
d207/
d21/
d22
d222/
d223
d224/
d227
d237
d24/
d240/
d242/
d244
d245
d248
d255
d256
d267
d277
d283/
d287/
d288/
d29/
d291
d293/
d297/
d299
d3
d35
d39
d45
d5/
d52/
d57
d59/
d67
d79
d82/
d83
d84
d87/
d89/
d93/
d95/
d96
f0/
f10/
f103
f106/
f107
f108
f111
f113
f116/
f12/
f121/
f125
f126/
f129
f13/
f130
f131/
f133/
f134
f136
f140
f141/
f143/
f145
f149
f15
f150/
f152
f153/
f156
f158
f167/
f168
f181/
f183
f184/
f19
f199
f20/
f201
f206/
f221/
f223/
f224
f226/
f23
f232/
f234
f237/
f239
f240/
f246/
f248/
f249
f257/
f259/
f260/
f261/
f267
f27
f279
f288
f289/
f29/
f291/
f292
f298
f31
f37/
f38
f44
f46
f47/
f48/
f5
f53
f58
f63
f65/
f66/
f69
f71
f78/
f8
f84
f85/
f86/
f89
f91/
f99/
n1
n104/
n106/
n107
n113/
n114
n17
n25
n26/
n27
n32
n38/
n43
n47
n49/
n51/
n58
n6/
n60/
n65
n77
n82
n88
n90/
n91
n93/
Invalid operation
Invalid operation
Invalid operation
Invalid operation
Invalid operation
Invalid operation
n38:dir:0
Null
/n88
f71: ks-pgc fhq
d27
f136/
n96
Invalid operation
Invalid operation
d27:39 BD A3 22 77 1B CD
d27
f136/
f248
n96
d10/
d106/
d119/
d12/
d127/
d134
d14/
d141
d145
d153
d160
d161
d164
d170/
d172/
d173/
d174/
d179
d18/
d185/
d186
d192/
d194/
d198
d204/
d205/
d207/
d21/
d22
d222/
d223
d224/
d227
d237
d24/
d240/
d242/
d244
d245
d248
d255
d256
d267
d277
d283/
d287/
d288/
d29/
d291
d293/
d297/
d299
d3
d35
d39
d45
d5/
d52/
d57
d59/
d66/
d67
d79
d82/
d83
d84
d87/
d89/
d93/
d95/
d96
f0/
f10/
f103
f106/
f107
f108
f111
f113
f116/
f12/
f121/
f125
f126/
f129
f13/
f130
f131/
f133/
f134
f136
f140
f141/
f143/
f145
f149
f15
f150/
f152
f153/
f156
f158
f167/
f168
f181/
f183
f184/
f19
f199
f20/
f201
f206/
f221/
f223/
f224
f226/
f23
f232/
f234
f237/
f239
f240/
f246/
f248/
f249
f257/
f259/
f260/
f261/
f267
f27
f271
f279
f288
f289/
f29/
f291/
f292
f298
f31
f37/
f38
f44
f46
f47/
f48/
f5
f53
f58
f63
f65/
f66/
f69
f71
f78/
f8
f84
f85/
f86/
f89
f91/
f99/
n1
n104/
n105
n106/
n107
n113/
n114
n17
n25
n26/
n27
n32
n38/
n43
n47
n49/
n51/
n58
n6/
n60/
n65
n77
n82
n88
n90/
n91
n93/
f136:74
n58:58
d198:46
f136:74
n58:58
d198:46
f136:EE 65 D1 3F 00 00 00 00
f136:74
n58:58
d198:46
Invalid operation
Invalid operation
Invalid operation
d10/
d106/
d119/
d12/
d127/
d134
d14/
d141
d145
d153
d160
d161
d164
d170/
d172/
d173/
d174/
d179
d18/
d185/
d186
d192/
d194/
d198
d204/
d205/
d207/
d21/
d22
d222/
d223
d224/
d227
d237
d24/
d240/
d242/
d244
d245
d248
d255
d256
d267
d277
d283/
d287/
d288/
d29/
d291
d293/
d297/
d299
d3
d35
d39
d45
d5/
d52/
d57
d59/
d66/
d67
d79
d82/
d83
d84
d87/
d89/
d93/
d95/
d96
f0/
f10/
f103
f106/
f107
f108
f111
f113
f116/
f12/
f121/
f125
f126/
f129
f13/
f130
f131/
f133/
f134
f136
f140
f141/
f143/
f145
f149
f15
f150/
f152
f153/
f156
f158
f167/
f168
f181/
f183
f184/
f19
f199
f20/
f201
f206/
f221/
f223/
f224
f226/
f23
f232/
f234
f237/
f239
f240/
f246/
f248/
f249
f257/
f259/
f260/
f261/
f267
f27
f271
f279
f288
f289/
f29/
f291/
f292
f298
f31
f37/
f38
f44
f46
f47/
f48/
f5
f53
f58
f63
f65/
f66/
f69
f71
f78/
f8
f84
f85/
f86/
f89
f91/
f99/
n1
n104/
n105
n106/
n107
n113/
n114
n17
n25
n26/
n27
n32
n38/
n43
n47
n49/
n51/
n58
n6/
n60/
n65
n77
n82
n88
n90/
n91
n93/
n38:dir:0
n38:dir:0
Invalid operation
Invalid operation
d10/
d106/
d119/
d12/
d127/
d134
d14/
d141
d145
d153
d160
d161
d164
d170/
d172/
d173/
d174/
d179
d18/
d185/
d186
d192/
d194/
d198
d204/
d205/
d207/
d21/
d22
d222/
d223
d224/
d227
d237
d24/
d240/
d242/
d244
d245
d248
d255
d256
d267
d277
d283/
d287/
d288/
d29/
d291
d293/
d297/
d299
d3
d35
d39
d45
d5/
d52/
d57
d59/
d66/
d67
d79
d82/
d83
d84
d87/
d89/
d93/
d95/
d96
f0/
f10/
f103
f106/
f107
f108
f111
f113
f116/
f12/
f121/
f125
f126/
f129
f13/
f130
f131/
f133/
f134
f136
f140
f141/
f143/
f145
f149
f15
f150/
f152
f153/
f156
f158
f167/
f168
f181/
f183
f184/
f19
f199
f20/
f201
f206/
f221/
f223/
f224
f226/
f23
f232/
f234
f237/
f239
f240/
f246/
f248/
f249
f257/
f259/
f260/
f261/
f267
f27
f271
f279
f288
f289/
f29/
f291/
f292
f298
f31
f37/
f38
f44
f46
f47/
f48/
f5
f53
f58
f63
f65/
f66/
f69
f71
f78/
f8
f84
f85/
f86/
f89
f91/
f99/
n1
n104/
n105
n106/
n107
n113/
n114
n17
n25
n26/
n27
n32
n38/
n43
n47
n49/
n51/
n58
n6/
n60/
n65
n77
n82
n88
n90/
n91
n93/
f136:76
n58:58
d198:46
Invalid operation
d58:dir:0
Invalid operation
Invalid operation
/d141
f136:74
n58:58
d198:46
f136:74
n58:58
d198:46
f136:9B E7
f136:E3 FD 98 F6 8D AE B4 F1 B1 FD 8C AE B0 CC 3C 18 2D D9 08 37 0F A4 5C C9 DF 58 83 EB
/d141
Invalid operation
Invalid operation
d58:dir:0
f176:bin:0
Invalid operation
/f232/f176
Invalid operation
d116/
d12/
d148
d154/
d174
d202
d235/
d272/
d43
d5/
d58/
d69/
d95/
f115
f133/
f136
f137
f150/
f154/
f176
f192/
f219/
f29
f298/
n101
n28
n86
Invalid operation
d116/
d12/
d148
d154/
d174
d202
d235/
d272/
d43
d5/
d58/
d69/
d95/
f115
f133/
f136
f150/
f154/
f176
f192/
f219/
f29
f298/
n101
n28
n86
Invalid operation
Invalid operation
Invalid operation
Invalid operation
Invalid operation
Invalid operation
f199:dw z 
Invalid operation
Invalid operation
Invalid operation
Invalid operation
/n82
Invalid operation
Invalid operation
Invalid operation
Invalid operation
d10/
d106/
d119/
d12/
d127/
d134
d14/
d141
d145
d153
d160
d161
d164
d170/
d172/
d173/
d174/
d179
d18/
d185/
d186
d192/
d194/
d198
d204/
d205/
d207/
d21/
d22
d222/
d223
d224/
d227
d237
d24/
d240/
d242/
d244
d245
d248
d255
d256
d267
d277
d283/
d287/
d288/
d29/
d291
d293/
d297/
d299
d3
d35
d39
d43/
d45
d5/
d52/
d57
d59/
d66/
d67
d79
d82/
d83
d84
d87/
d89/
d93/
d95/
d96
f0/
f10/
f103
f106/
f107
f108
f111
f113
f116/
f12/
f121/
f125
f126/
f129
f13/
f130
f131/
f133/
f134
f136
f140
f141/
f143/
f145
f149
f15
f150/
f152
f153/
f156
f158
f167/
f168
f181/
f183
f184/
f186/
f19
f199
f20/
f201
f206/
f221/
f223/
f224
f226/
f23
f232/
f234
f237/
f239
f240/
f246/
f248/
f249
f257/
f259/
f260/
f261/
f267
f27
f271
f279
f283/
f288
f289/
f29/
f291/
f292
f298
f31
f37/
f38
f44
f46
f47/
f48/
f5
f53
f58
f63
f65/
f66/
f69
f71
f78/
f8
f84
f85/
f86/
f89
f91/
f99/
n1
n104/
n105
n106/
n107
n113/
n114
n17
n25
n26/
n27
n32
n38/
n43
n47
n49/
n51/
n58
n6/
n60/
n65
n77
n82
n88
n90/
n91
n93/
Invalid operation
Invalid operation
d10/
d106/
d119/
d12/
d127/
d134
d14/
d141
d145
d153
d160
d161
d164
d170/
d172/
d173/
d174/
d179
d18/
d185/
d186
d192/
d194/
d198
d204/
d205/
d207/
d21/
d22
d222/
d223
d224/
d227
d237
d24/
d240/
d242/
d244
d245
d248
d255
d256
d267
d277
d283/
d287/
d288/
d29/
d291
d293/
d297/
d299
d3
d35
d39
d43/
d45
d5/
d52/
d57
d59/
d66/
d67
d79
d82/
d83
d84
d87/
d89/
d93/
d95/
d96
f0/
f10/
f103
f106/
f107
f108
f111
f113
f116/
f12/
f121/
f125
f126/
f129
f13/
f130
f131/
f133/
f134
f136
f140
f141/
f143/
f145
f149
f15
f150/
f152
f153/
f156
f158
f167/
f168
f181/
f183
f184/
f186/
f19
f199
f20/
f201
f206/
f221/
f223/
f224
f226/
f23
f232/
f234
f237/
f239
f240/
f246/
f248/
f249
f257/
f259/
f260/
f261/
f267
f27
f271
f279
f283/
f288
f289/
f29/
f291/
f292
f298
f31
f37/
f38
f44
f46
f47/
f48/
f5
f53
f58
f63
f65/
f66/
f69
f71
f78/
f8
f84
f85/
f86/
f89
f91/
f99/
n1
n104/
n105
n106/
n107
n113/
n114
n17
n25
n26/
n27
n32
n38/
n43
n47
n49/
n51/
n58
n6/
n60/
n65
n77
n82
n88
n90/
n91
n93/
Invalid operation
f136:74
n58:58
Invalid operation
d10/
d106/
d119/
d12/
d127/
d134
d14/
d141
d145
d153
d160
d161
d164
d170/
d172/
d173/
d174/
d179
d18/
d185/
d186
d192/
d194/
d198
d204/
d205/
d207/
d21/
d22
d222/
d223
d224/
d227
d237
d24/
d240/
d242/
d244
d245
d248
d255
d256
d267
d277
d283/
d287/
d288/
d29/
d291
d293/
d297/
d299
d3
d35
d39
d43/
d45
d5/
d52/
d57
d59/
d66/
d67
d79
d82/
d83
d84
d87/
d89/
d93/
d95/
d96
f0/
f10/
f103
f106/
f107
f108
f111
f113
f116/
f12/
f121/
f125
f126/
f129
f13/
f130
f131/
f133/
f134
f136
f140
f141/
f143/
f145
f149
f15
f150/
f152
f153/
f156
f158
f167/
f168
f181/
f183
f184/
f186/
f19
f199
f20/
f201
f205
f206/
f221/
f223/
f224
f226/
f23
f232/
f234
f237/
f239
f240/
f246/
f248/
f249
f257/
f259/
f260/
f261/
f267
f27
f271
f279
f283/
f288
f289/
f29/
f291/
f292
f298
f31
f37/
f38
f44
f46
f47/
f48/
f5
f53
f58
f63
f65/
f66/
f69
f71
f78/
f8
f84
f85/
f86/
f89
f91/
f99/
n1
n104/
n105
n106/
n107
n113/
n114
n17
n25
n26/
n27
n32
n38/
n43
n47
n49/
n51/
n58
n6/
n60/
n65
n77
n82
n88
n90/
n91
n93/
Invalid operation
Invalid operation
f136:74
n58:58
d198:46
/f136
n38:dir:0
f136:74
n58:58
d198:46
f125:44
f23:42
d141:32
f8:30
f136:D8 25 E3 FD 98 F6
n38:dir:0
d10/
d106/
d119/
d12/
d127/
d134
d14/
d141
d145
d153
d160
d161
d164
d170/
d172/
d173/
d174/
d179
d18/
d185/
d186
d192/
d194/
d198
d204/
d205/
d207/
d21/
d22
d222/
d223
d224/
d227
d237
d24/
d240/
d242/
d244
d245
d248
d255
d256
d267
d277
d283/
d287/
d288/
d29/
d291
d293/
d297/
d299
d3
d35
d39
d43/
d45
d5/
d52/
d57
d59/
d66/
d67
d79
d82/
d83
d84
d87/
d89/
d93/
d95/
d96
f0/
f10/
f103
f106/
f107
f108
f111
f113
f116/
f12/
f121/
f125
f126/
f129
f13/
f130
f131/
f133/
f134
f136
f140
f141/
f143/
f145
f149
f15
f150/
f152
f153/
f156
f158
f167/
f168
f181/
f183
f184/
f186/
f199
f20/
f201
f205
f206/
f221/
f223/
f224
f226/
f23
f232/
f234
f237/
f239
f240/
f246/
f248/
f249
f257/
f259/
f260/
f261/
f267
f27
f271
f279
f283/
f288
f289/
f29/
f291/
f292
f298
f31
f37/
f38
f44
f46
f47/
f48/
f5
f53
f58
f63
f65/
f66/
f69
f71
f78/
f8
f84
f85/
f86/
f89
f91/
f99/
n1
n104/
n105
n106/
n107
n113/
n114
n17
n25
n26/
n27
n32
n38/
n43
n47
n49/
n51/
n58
n6/
n60/
n65
n77
n82
n88
n90/
n91
n93/
Invalid operation
Invalid operation
d10/
d106/
d119/
d12/
d127/
d134
d14/
d141
d145
d153
d160
d161
d164
d170/
d172/
d173/
d174/
d179
d18/
d185/
d186
d192/
d194/
d198
d204/
d205/
d207/
d21/
d22
d222/
d223
d224/
d227
d237
d24/
d240/
d242/
d244
d245
d248
d255
d256
d267
d277
d283/
d287/
d288/
d29/
d291
d293/
d297/
d299
d3
d35
d39
d43/
d45
d5/
d52/
d57
d59/
d66/
d67
d79
d82/
d83
d84
d87/
d89/
d93/
d95/
d96
f0/
f10/
f103
f106/
f107
f108
f111
f113
f116/
f12/
f121/
f125
f126/
f129
f13/
f130
f131/
f133/
f134
f136
f140
f141/
f143/
f145
f149
f15
f150/
f152
f153/
f156
f158
f167/
f168
f181/
f183
f184/
f186/
f199
f20/
f201
f205
f206/
f221/
f223/
f224
f226/
f23
f232/
f234
f237/
f239
f240/
f246/
f248/
f249
f257/
f259/
f260/
f261/
f267
f27
f271
f279
f283/
f288
f289/
f29/
f291/
f292
f298
f31
f37/
f38
f44
f46
f47/
f48/
f5
f53
f58
f63
f65/
f66/
f69
f71
f78/
f8
f84
f85/
f86/
f89
f91/
f99/
n1
n104/
n105
n106/
n107
n113/
n114
n17
n25
n26/
n27
n32
n38/
n43
n47
n49/
n51/
n58
n6/
n60/
n65
n77
n82
n88
n90/
n91
n93/
Invalid operation
f136:74
n58:58
d198:46
f136:74
n58:58
d198:46
/f136
/f136
f136:74
n58:58
d198:46
Null
d10/
d106/
d119/
d12/
d127/
d134
d14/
d141
d145
d153
d160
d161
d164
d170/
d172/
d173/
d174/
d179
d18/
d185/
d186
d192/
d194/
d198
d204/
d205/
d207/
d21/
d22
d222/
d223
d224/
d227
d237
d24/
d240/
d242/
d244
d245
d248
d255
d256
d267
d277
d283/
d287/
d288/
d29/
d291
d293/
d297/
d299
d3
d35
d39
d43/
d45
d5/
d52/
d57
d59/
d66/
d67
d79
d82/
d83
d84
d87/
d89/
d93/
d95/
d96
f0/
f10/
f103
f106/
f107
f108
f111
f113
f116/
f12/
f121/
f125
f126/
f129
f13/
f130
f131/
f133/
f134
f136
f140
f141/
f143/
f145
f149
f15
f150/
f152
f153/
f156
f158
f167/
f168
f181/
f183
f184/
f186/
f199
f20/
f201
f205
f206/
f221/
f223/
f224
f226/
f23
f232/
f234
f237/
f239
f240/
f246/
f248/
f249
f257/
f259/
f260/
f261/
f267
f27
f271
f279
f283/
f288
f289/
f29/
f291/
f292
f298
f31
f37/
f38
f44
f46
f47/
f48/
f5
f53
f58
f63
f65/
f66/
f69
f71
f78/
f8
f84
f85/
f86/
f89
f91/
f99/
n1
n104/
n105
n106/
n107
n113/
n114
n17
n25
n26/
n27
n32
n38/
n43
n47
n49/
n51/
n58
n6/
n60/
n65
n77
n82
n88
n90/
n91
n93/
f136:FD 8C AE B0 CC 3C 18 2D D9 08 37 0F A4 5C C9 DF 58 83 EB 32 25 F7 9B E7 1F C4 0B 5A 88 A0 4F 87
Invalid operation
f136:74
n58:58
d198:46
n38:dir:0
Invalid operation
d119/
n106
Invalid operation
n106:txt:14
n106:14
/n26/n106
n106:14
/n26/n106
n106:txt:14
n106:159agvskbt4mur
d119/
f281
f283/
n106
/n26/n106
Invalid operation
Invalid operation
n106:159agvskbt4mur0rw-h_tpkx
f136:75
n58:58
d198:46
f136:75
n58:58
d198:46
f136:00
d10/
d106/
d119/
d12/
d127/
d134
d14/
d141
d145
d153
d160
d161
d164
d170/
d172/
d173/
d174/
d179
d18/
d185/
d186
d192/
d194/
d198
d204/
d205/
d207/
d21/
d22
d222/
d223
d224/
d227
d237
d24/
d240/
d242/
d244
d245
d248
d255
d256
d267
d277
d283/
d287/
d288/
d29/
d291
d293/
d297/
d299
d3
d35
d39
d43/
d45
d5/
d52/
d57
d59/
d66/
d67
d79
d82/
d83
d84
d87/
d89/
d93/
d95/
d96
f0/
f10/
f103
f106/
f107
f108
f111
f113
f116/
f12/
f121/
f125
f126/
f129
f13/
f130
f131/
f133/
f134
f136
f140
f141/
f143/
f145
f149
f15
f150/
f152
f153/
f156
f158
f167/
f168
f181/
f183
f184/
f186/
f199
f20/
f201
f205
f206/
f221/
f223/
f224
f226/
f23
f232/
f234
f237/
f239
f240/
f246/
f248/
f249
f257/
f259/
f260/
f261/
f267
f27
f271
f279
f283/
f288
f289/
f29/
f291/
f292
f298
f31
f37/
f38
f44
f46
f47/
f48/
f5
f53
f58
f63
f65/
f66/
f69
f71
f78/
f8
f84
f85/
f86/
f89
f91/
f99/
n1
n104/
n105
n106/
n107
n113/
n114
n17
n25
n26/
n27
n32
n38/
n43
n47
n49/
n51/
n58
n6/
n60/
n65
n77
n82
n88
n90/
n91
n93/
Invalid operation
f136:F1 B1 E7 F9 74 9F 00 61 30 F3 D9 08 37 0F A4 5C C9 DF 58 83 59 C4 89 DA DA 1D 1F C4 0B 5A 88 A0 4F 87 67 51 F7 D9 7A DB 9B D4 00 00 00 00 00 00 00
f136:75
n58:58
d198:46
/f136
f136:75
n58:58
d198:46
f125:44
f23:42
d141:32
f8:30
Invalid operation
f136:72
n58:58
d198:46
Invalid operation
f136:72
n58:58
d198:46
f136:72
n58:58
d198:46
Invalid operation
f136:C6 C1 12 C3 0A 12 B7 59 B9 66 56 D8 25 E3 FD 98 F6 8D AE B4 F1 B1
f136:89 DA DA 1D 1F C4 0B BD 4D A0 4F 87 67 51 F7 D9 7A DB 9B D4 00 00 00
d10/
d106/
d119/
d12/
d127/
d134
d14/
d141
d145
d153
d160
d161
d164
d170/
d172/
d173/
d174/
d179
d18/
d185/
d186
d192/
d194/
d198
d204/
d205/
d207/
d21/
d22
d222/
d223
d224/
d227
d237
d24/
d240/
d242/
d244
d245
d248
d255
d256
d267
d277
d283/
d287/
d288/
d29/
d291
d293/
d297/
d299
d3
d35
d39
d43/
d45
d5/
d52/
d57
d59/
d66/
d67
d79
d82/
d83
d84
d87/
d89/
d93/
d95/
d96
f0/
f10/
f103
f106/
f107
f108
f111
f113
f116/
f12/
f121/
f125
f126/
f129
f13/
f130
f131/
f133/
f134
f136
f140
f141/
f143/
f145
f149
f15
f150/
f152
f153/
f156
f158
f167/
f168
f181/
f183
f184/
f186/
f199
f20/
f201
f205
f206/
f221/
f223/
f224
f226/
f23
f232/
f234
f237/
f239
f240/
f246/
f248/
f249
f257/
f259/
f260/
f261/
f267
f27
f271
f279
f283/
f288
f289/
f29/
f291/
f292
f298
f31
f37/
f38
f44
f46
f47/
f48/
f5
f53
f58
f63
f65/
f66/
f69
f71
f78/
f8
f84
f85/
f86/
f89
f91/
f99/
n1
n104/
n105
n106/
n107
n113/
n114
n17
n25
n26/
n27
n32
n38/
n43
n47
n49/
n51/
n58
n6/
n60/
n65
n77
n82
n88
n90/
n91
n93/
f136:69
n58:58
d198:46
d10/
d106/
d119/
d12/
d127/
d134
d14/
d141
d145
d153
d160
d161
d164
d170/
d172/
d173/
d174/
d179
d18/
d185/
d186
d192/
d194/
d198
d204/
d205/
d207/
d21/
d22
d222/
d223
d224/
d227
d237
d24/
d240/
d242/
d244
d245
d248
d255
d256
d267
d277
d283/
d287/
d288/
d29/
d291
d293/
d297/
d299
d3
d35
d39
d43/
d45
d5/
d52/
d57
d59/
d66/
d67
d79
d82/
d83
d84
d87/
d89/
d93/
d95/
d96
f0/
f10/
f103
f106/
f107
f108
f111
f113
f116/
f12/
f121/
f125
f126/
f129
f13/
f130
f131/
f133/
f134
f136
f140
f141/
f143/
f145
f149
f15
f150/
f152
f153/
f156
f158
f167/
f168
f181/
f183
f184/
f186/
f199
f20/
f201
f205
f206/
f221/
f223/
f224
f226/
f23
f232/
f234
f237/
f239
f240/
f246/
f248/
f249
f257/
f259/
f260/
f261/
f267
f27
f271
f279
f283/
f288
f289/
f29/
f291/
f292
f298
f31
f37/
f38
f44
f46
f47/
f48/
f5
f53
f58
f63
f65/
f66/
f69
f71
f78/
f8
f84
f85/
f86/
f89
f91/
f99/
n1
n104/
n105
n106/
n107
n113/
n114
n17
n25
n26/
n27
n32
n38/
n43
n47
n49/
n51/
n58
n6/
n60/
n65
n77
n82
n88
n90/
n91
n93/
Invalid operation
f136:72
n58:58
d198:46
f136:72
n58:58
d198:46
f136:75
n58:58
d198:46
f136:75
n58:58
d198:46
f136:72
n58:58
d198:46
f136:72
n58:58
d198:46
Invalid operation
Invalid operation
Invalid operation
d10/
d106/
d119/
d12/
d127/
d134
d14/
d141
d145
d153
d160
d161
d164
d170/
d172/
d173/
d174/
d179
d18/
d185/
d186
d192/
d194/
d198
d204/
d205/
d207/
d21/
d22
d222/
d223
d224/
d227
d237
d24/
d240/
d242/
d244
d245
d248
d255
d256
d267
d277
d283/
d287/
d288/
d29/
d291
d293/
d297/
d299
d3
d35
d39
d43/
d45
d5/
d52/
d57
d59/
d66/
d67
d79
d82/
d83
d84
d87/
d89/
d93/
d95/
d96
f0/
f10/
f103
f106/
f107
f108
f111
f113
f116/
f12/
f121/
f125
f126/
f129
f13/
f130
f131/
f133/
f134
f136
f140
f141/
f143/
f145
f149
f15
f150/
f152
f153/
f156
f158
f167/
f168
f181/
f183
f184/
f186/
f199
f20/
f201
f205
f206/
f221/
f223/
f224
f226/
f23
f232/
f234
f237/
f239
f240/
f246/
f248/
f249
f257/
f259/
f260/
f261/
f267
f27
f271
f279
f283/
f288
f289/
f29/
f291/
f292
f298
f31
f37/
f38
f44
f46
f47/
f48/
f5
f53
f58
f63
f65/
f66/
f69
f78/
f8
f84
f85/
f86/
f89
f91/
f99/
n1
n104/
n105
n106/
n107
n113/
n114
n17
n25
n26/
n27
n32
n38/
n43
n47
n49/
n51/
n58
n6/
n60/
n65
n77
n82
n88
n90/
n91
n93/
n38:dir:0
f103:6A DC 42 00 00
d10/
d106/
d119/
d12/
d127/
d134
d14/
d141
d145
d153
d160
d161
d164
d170/
d172/
d173/
d174/
d179
d18/
d185/
d186
d192/
d194/
d198
d204/
d205/
d207/
d21/
d22
d222/
d223
d224/
d227
d237
d24/
d240/
d242/
d244
d245
d248
d255
d256
d267
d277
d283/
d287/
d288/
d29/
d291
d293/
d297/
d299
d3
d33/
d35
d39
d43/
d45
d5/
d52/
d57
d59/
d66/
d67
d79
d82/
d83
d84
d87/
d89/
d93/
d95/
d96
f0/
f10/
f103
f106/
f107
f108
f111
f113
f116/
f12/
f121/
f125
f126/
f129
f13/
f130
f131/
f133/
f134
f140
f141/
f143/
f145
f149
f15
f150/
f152
f153/
f156
f158
f167/
f168
f181/
f183
f184/
f186/
f199
f20/
f201
f205
f206/
f221/
f223/
f224
f226/
f23
f232/
f234
f237/
f239
f240/
f246/
f248/
f249
f257/
f259/
f260/
f261/
f267
f27
f271
f279
f283/
f288
f289/
f29/
f291/
f292
f298
f31
f34/
f37/
f38
f44
f46
f47/
f48/
f5
f53
f58
f63
f65/
f66/
f69
f78/
f8
f84
f85/
f86/
f89
f91/
f99/
n1
n104/
n105
n106/
n107
n113/
n114
n17
n25
n26/
n27
n32
n38/
n43
n47
n49/
n51/
n58
n6/
n60/
n65
n77
n82
n88
n90/
n91
n93/
f53:tkwml
Invalid operation
n58:58
d198:46
f125:44
n58:58
d198:46
f125:44
Invalid operation
Invalid operation
Invalid operation
n58:58
d198:46
f125:44
f23:42
d141:32
f8:30
n58:58
d198:46
f125:44
/f53
f103:00 00 20
f53:tkwmla1zmv5fa2dbgyi29w
f53:tkwml
n58:58
d198:46
f125:44
n58:58
d198:46
f125:44
n58:58
d198:46
f125:44
n58:58
d198:46
f125:44
d10/
d106/
d119/
d12/
d127/
d134
d14/
d141
d145
d153
d160
d161
d164
d170/
d172/
d173/
d174/
d179
d18/
d185/
d186
d192/
d194/
d198
d204/
d205/
d207/
d21/
d22
d222/
d223
d224/
d227
d237
d24/
d240/
d242/
d244
d245
d248
d255
d256
d267
d277
d283/
d287/
d288/
d29/
d291
d293/
d297/
d299
d3
d33/
d35
d39
d43/
d45
d5/
d52/
d57
d59/
d66/
d67
d79
d82/
d83
d84
d87/
d89/
d93/
d95/
d96
f0/
f10/
f103
f106/
f107
f108
f111
f113
f116/
f12/
f121/
f125
f126/
f129
f13/
f130
f131/
f133/
f134
f141/
f143/
f145
f149
f15
f150/
f152
f153/
f156
f158
f167/
f168
f181/
f183
f184/
f186/
f199
f20/
f201
f205
f206/
f221/
f223/
f224
f226/
f23
f232/
f234
f237/
f239
f240/
f246/
f248/
f249
f257/
f259/
f260/
f261/
f267
f27
f271
f279
f283/
f286/
f288
f289/
f29/
f291/
f292
f298
f31
f34/
f37/
f38
f44
f46
f47/
f48/
f5
f53
f58
f63
f65/
f66/
f69
f78/
f8
f84
f85/
f86/
f89
f91/
f99/
n1
n104/
n105
n106/
n107
n113/
n114
n17
n25
n26/
n27
n32
n38/
n43
n47
n49/
n51/
n58
n6/
n60/
n65
n77
n82
n88
n90/
n91
n93/
Invalid operation
Invalid operation
Invalid operation
n58:58
d198:46
f125:44
d10/
d106/
d119/
d12/
d127/
d134
d14/
d141
d145
d153
d160
d161
d164
d170/
d172/
d173/
d174/
d179
d18/
d185/
d186
d192/
d194/
d198
d204/
d205/
d207/
d21/
d22
d222/
d223
d224/
d227
d237
d24/
d240/
d242/
d244
d245
d248
d255
d256
d267
d277
d283/
d287/
d288/
d29/
d291
d293/
d297/
d299
d3
d33/
d35
d39
d43/
d45
d5/
d52/
d57
d59/
d66/
d67
d79
d82/
d83
d84
d87/
d89/
d93/
d95/
d96
f0/
f10/
f103
f106/
f107
f108
f111
f113
f116/
f12/
f121/
f125
f126/
f129
f13/
f130
f131/
f133/
f134
f141/
f143/
f145
f149
f15
f150/
f152
f153/
f156
f158
f167/
f168
f181/
f183
f184/
f186/
f199
f20/
f201
f205
f206/
f221/
f223/
f224
f226/
f23
f232/
f234
f237/
f239
f240/
f246/
f248/
f249
f257/
f259/
f260/
f261/
f267
f27
f271
f279
f283/
f288
f289/
f29/
f291/
f292
f298
f31
f34/
f37/
f38
f44
f46
f47/
f48/
f5
f53
f58
f63
f65/
f66/
f69
f78/
f8
f84
f85/
f86/
f89
f91/
f99/
n1
n104/
n105
n106/
n107
n113/
n114
n17
n25
n26/
n27
n32
n38/
n43
n47
n49/
n51/
n58
n6/
n60/
n65
n77
n82
n88
n90/
n91
n93/
n58:58
d198:46
f125:44
n38:dir:0
f53:tkwmlxo83khl_7
Invalid operation
Invalid operation
Invalid operation
f103:4F 26
Invalid operation
Null
Invalid operation
f174:md:11
Invalid operation
Invalid operation
Null
f152
f174
f87/
f103:19 C1 CC 3D 52 09 0B 9A A6 5A 00 00 00 06 CF 8F C9 2A 5C A1 A4 10 CA 33
f152:ld5rj 4oy. c6b9
d61/
f152
f174
f87/
n99/
Invalid operation
d52
d61/
f152
f174
f87/
n99/
Invalid operation
f103:5A
f103:A6 5A 00 00 00 06 CF 8F C9 2A 5C A1
f103:0B 9A A6 5A 00 00 00 06 CF 8F C9 2A
d256
d52
d61/
f152
f174
f87/
n99/
Invalid operation
n58:58
d198:46
f125:44
Invalid operation
n58:58
d198:46
f125:44
d10/
d106/
d119/
d12/
d127/
d134
d14/
d141
d145
d153
d160
d161
d164
d170/
d172/
d173/
d174/
d179
d18/
d185/
d186
d192/
d194/
d198
d204/
d205/
d207/
d21/
d22
d222/
d223
d224/
d227
d237
d24/
d240/
d242/
d244
d245
d248
d255
d256
d267
d277
d283/
d287/
d288/
d29/
d291
d293/
d297/
d299
d3
d33/
d35
d39
d43/
d45
d5/
d52/
d57
d59/
d66/
d67
d79
d82/
d83
d84
d87/
d89/
d93/
d95/
d96
f0/
f10/
f103
f106/
f107
f108
f111
f113
f116/
f12/
f121/
f125
f126/
f129
f13/
f130
f131/
f133/
f134
f141/
f143/
f145
f149
f15
f150/
f152
f153/
f156
f158
f167/
f168
f181/
f183
f184/
f186/
f199
f20/
f201
f205
f206/
f221/
f223/
f224
f226/
f23
f232/
f234
f237/
f239
f240/
f246/
f248/
f249
f257/
f259/
f260/
f261/
f267
f27
f271
f279
f283/
f288
f289/
f29/
f291/
f292
f298
f31
f34/
f37/
f38
f44
f46
f47/
f48/
f5
f53
f58
f63
f65/
f66/
f69
f78/
f8
f84
f85/
f86/
f89
f91/
f99/
n1
n104/
n105
n106/
n107
n113/
n114
n17
n25
n26/
n27
n32
n38/
n43
n47
n49/
n51/
n58
n6/
n60/
n65
n77
n82
n88
n90/
n91
n93/
Invalid operation
d209:txt:6
/d174/d209
/d174/d209
Invalid operation
n58:58
f53:48
d198:46
f103:2A 5C
d209
f134
n58:58
f53:48
d198:46
f103:CC 3D 52 09 0B 9A A6 5A 00 00 00 06 CF 8F C9 2A 5C
Invalid operation
d209:jrtd-sx7qm8k__baprm_fidne4sqy-pr57yr
f103:00 00 00 06 CF 8F C9 2A
Null
d209:36
f186:7
d209
f186
f53/
/f53
d272:fsmojl99m_fmvbkx
n58:58
f53:48
d198:46
f125:44
f23:42
d141:32
Invalid operation
n58:58
f53:48
d198:46
f53:tkwmlxo83khl_7i-f8lssb8fjyo5958qtr5x39d35e.sngoa
n58:58
f53:48
d198:46
f103:61 00 06 CF 8F C9 2A
d10/
d106/
d119/
d12/
d127/
d134
d14/
d141
d145
d153
d160
d161
d164
d170/
d172/
d173/
d174/
d179
d18/
d185/
d186
d192/
d194/
d204/
d205/
d207/
d21/
d22
d222/
d223
d224/
d227
d237
d24/
d240/
d242/
d244
d245
d248
d255
d256
d267
d283/
d287/
d288/
d29/
d291
d293/
d297/
d299
d3
d33/
d35
d39
d43/
d45
d5/
d52/
d57
d59/
d66/
d67
d79
d82/
d83
d84
d87/
d89/
d93/
d95/
d96
f0/
f10/
f103
f106/
f107
f108
f111
f113
f116/
f12/
f121/
f125
f126/
f129
f13/
f130
f131/
f133/
f134
f141/
f143/
f145
f149
f15
f150/
f152
f153/
f156
f158
f167/
f168
f181/
f183
f184/
f186/
f199
f20/
f201
f205
f206/
f221/
f223/
f224
f226/
f23
f232/
f234
f237/
f239
f240/
f246/
f248/
f249
f257/
f259/
f260/
f261/
f267
f27
f271
f279
f283/
f288
f289/
f29/
f291/
f292
f298
f31
f34/
f37/
f38
f44
f46
f47/
f48/
f49
f5
f53
f58
f63
f65/
f66/
f69
f78/
f8
f84
f85/
f86/
f89
f91/
f99/
n1
n104/
n105
n106/
n107
n113/
n114
n17
n25
n26/
n27
n32
n38/
n43
n47
n49/
n51/
n58
n6/
n60/
n65
n77
n82
n88
n90/
n91
n93/
Invalid operation
f53:tkwmlxo83khl_7i-f8lssb8fjyo5958qtr5x39d35e.sngoa
f232/
f42/
f89/
f232/
f42/
f89/
n38:dir:0
Invalid operation
Invalid operation
f53:tkwmlxo83khl_7i-f8lssb8fjyo5958qtr5x39d35e.sngoa
f41:23
Invalid operation
Invalid operation
f249:x
d238/
f230/
f232/
f41
f42/
f89/
/f149
Invalid operation
f41:00
f41:00 E8
Invalid operation
Invalid operation
/f246/f230/f268
f268:
f103:19 C1 CC 3D 52 09 C0 86 5B B4 AE 61 00 06 CF 8F C9
f268:
Null
f274:tmn._t
d51/
f197/
f257/
f268
n90
d51/
f197/
f257/
f268
n87/
n90
f103:5B B4
f103:8F C9
n90:lm0jrc.yb-gdd_hjx
n90:lm0jrc.yb-gdd_hjx
Null
/f246/f230/n90
d238/
f230/
f232/
f42/
f89/
Invalid operation
d51:dir:0
d51:dir:0
n90:19
f145:13
d168:4
d168:C3
d168
d51/
f145
f197/
f246/
f257/
f285/
f54/
n87/
n90
d168
d51/
f145
f197/
f246/
f257/
f285/
f54/
n87/
n90
Invalid operation
d51:dir:0
Invalid operation
Invalid operation
Invalid operation
Invalid operation
Invalid operation
Invalid operation
Invalid operation
d292
d168:00
Invalid operation
/f246/f230/d168
Invalid operation
Invalid operation
f84:dir:0
f17:14
f84:dir:0
Invalid operation
Null
/f246/f230/f54/d57
/d57
Invalid operation
Invalid operation
f231/
/f246/f230/f54/d57
/d57
Invalid operation
Invalid operation
/f246/f230/f54/f211/f13
f13
f231/
n2/
f13
f231/
n2/
f13:7
f84:dir:0
Invalid operation
f231/
f231/
f17:14
f178:8
d57:3
f9:3
Invalid operation
Invalid operation
d203/
d57
f17
f178
f211/
f84/
f9
d203/
d57
f17
f178
f211/
f84/
f9
Invalid operation
/f246/f230/f54/d57
/d57
d203/
d210
f17
f178
f211/
f276
f84/
f9
Invalid operation
Invalid operation
Invalid operation
/f246/f230/f145
/f145
d238/
f230/
f232/
f42/
f89/
Invalid operation
/f53
f103:AE
Invalid operation
f151:CD 4A
d51/
f145
f151
f197/
f246/
f257/
f285/
f54/
n87/
Invalid operation
f151:C3 64
Invalid operation
f205
f4
f4:md:20
d82
f4
f78
d82
f4
f78
f4:20
d82:6
f78:5
f145:37
f151:9
f184:0
Invalid operation
d51:dir:0
Invalid operation
Invalid operation
d200/
d51/
f11
f145
f151
f184
f197/
f246/
f256/
f257/
f285/
f54/
n87/
Invalid operation
f145:8qnjs15l.spt73o_o .fwkyex7zb 5gi2no3r
d51:dir:0
f145:37
f151:15
f11:7
f145:8qnjs15l.spt73o_o .fwkyex7zb 5gi2no3r
f145:8qnjs15l.spt73o_o .fwkyex7zb 5gi2no3r
d199:9
f105:7
d199
f105
f131
Invalid operation
f105:md:7
f145:37
f151:13
f11:7
f113:3
f184:0
d51:dir:0
d200/
d51/
f11
f113
f145
f151
f184
f197/
f246/
f256/
f257/
f285/
f54/
f7
n87/
d200/
d51/
f11
f113
f145
f151
f184
f197/
f246/
f256/
f257/
f285/
f54/
f7
n87/
f230:dir:0
d238/
f149/
f230/
f232/
f298/
f42/
f89/
Invalid operation
Invalid operation
/d35
Invalid operation
d101
d238/
f149/
f230/
f232/
f298/
f42/
f89/
d101:fr
Invalid operation
f230:dir:0
f53:58
n58:58
f125:44
f23:42
d141:32
f8:30
f53:58
n58:58
f125:44
f23:42
d141:32
f8:30
Invalid operation
f53:tkwmlxo83khl_7i-f8lssb8fjyo5958qtr5x39d35e.sngoar613z3kssx
f53:58
n58:58
f125:44
f23:42
d141:32
f8:30
f103:22
d84:17
f280:0
f280
f53:73
n58:58
f125:44
d10/
d106/
d119/
d12/
d127/
d134
d14/
d141
d145
d153
d160
d161
d164
d170/
d172/
d173/
d174/
d179
d18/
d185/
d186
d192/
d194/
d204/
d205/
d207/
d21/
d22
d222/
d223
d224/
d227
d237
d24/
d240/
d242/
d244
d245
d248
d255
d256
d267
d283/
d287/
d288/
d29/
d291
d293/
d297/
d299
d3
d33/
d35
d39
d43/
d45
d5/
d52/
d57
d59/
d66/
d67
d79
d82/
d83
d84
d87/
d89/
d93/
d95/
d96
f0/
f10/
f103
f106/
f107
f108
f111
f113
f116/
f12/
f121/
f125
f126/
f129
f13/
f130
f131/
f133/
f134
f141/
f143/
f145
f149
f15
f150/
f152
f153/
f156
f158
f167/
f168
f181/
f183
f184/
f186/
f199
f20/
f201
f205
f206/
f221/
f223/
f224
f226/
f23
f232/
f234
f237/
f239
f240/
f246/
f248/
f249
f257/
f259/
f260/
f261/
f267
f27
f271
f279
f283/
f288
f289/
f29/
f291/
f292
f298
f31
f34/
f37/
f38
f44
f46
f47/
f48/
f49
f5
f53
f58
f63
f65/
f66/
f69
f78/
f8
f84
f85/
f86/
f89
f91/
f99/
n1
n104/
n105
n106/
n107
n113/
n114
n17
n25
n26/
n27
n32
n38/
n43
n47
n49/
n51/
n58
n6/
n60/
n65
n77
n82
n88
n90/
n91
n93/
f53:tkwmlxo83khl_7i-f8lssb8fjyo5958qtr5x39d35e.sngoar613z3kssxfvj8mkhownrbmuh
/f53
Invalid operation
f103:00 06 CF 8F C9 2A 00 00
f53:tkwmlxo83khl_7i-f8lssb8fjyo5958qtr5x39d35e.sngoar613z3kssxfvj8mkhownrbmuh
Invalid operation
Invalid operation
f53:73
n58:58
f125:44
Invalid operation
Invalid operation
/f53
n38:dir:0
f144/
f203/
f41/
n86/
Invalid operation
Invalid operation
f203:dir:0
f103:E5 7D
d194
f144/
f203/
f41/
n115
n86/
n92
Invalid operation
Invalid operation
f199:BA
d164
d194
f144/
f199
f203/
f41/
n115
n86/
n92
f203:dir:0
Invalid operation
Invalid operation
d194
d69
f144/
f199
f203/
f41/
n115
n20
n86/
n92
f53:73
n58:58
f125:44
f23:42
d141:32
f103:32
f8:30
d84:17
Invalid operation
f53:tkwmlxo83khl_7i-f8lssb8fjyo5958qtr5x39d35e.sngoar613z3kssxfvj8mkhownrbmuh
f53:tkwmlxo83khl_7i-f8lssb8fjyo5958qtr5x39d35e.sngoar613z3kssxfvj8mkhownrbmuh
Invalid operation
n38:dir:0
f53:78
n58:58
f125:44
d10/
d106/
d119/
d12/
d127/
d134
d14/
d141
d145
d153
d160
d161
d164
d170/
d172/
d173/
d174/
d179
d18/
d185/
d186
d192/
d194/
d204/
d205/
d207/
d21/
d22
d221
d222/
d223
d224/
d227
d237
d24/
d240/
d242/
d244
d245
d248
d255
d256
d267
d283/
d287/
d288/
d29/
d291
d293/
d297/
d299
d3
d33/
d35
d39
d43/
d45
d5/
d52/
d57
d59/
d66/
d67
d79
d82/
d83
d84
d87/
d89/
d93/
d95/
d96
f0/
f10/
f103
f106/
f107
f108
f111
f113
f116/
f12/
f121/
f125
f126/
f129
f13/
f130
f131/
f133/
f134
f141/
f143/
f145
f149
f15
f150/
f152
f153/
f156
f158
f167/
f168
f181/
f183
f184/
f186/
f199
f20/
f201
f205
f206/
f221/
f223/
f224
f226/
f23
f232/
f234
f237/
f239
f240/
f246/
f248/
f249
f257/
f259/
f260/
f261/
f267
f27
f271
f279
f283/
f288
f289/
f29/
f291/
f292
f298
f31
f34/
f37/
f38
f44
f46
f47/
f48/
f49
f5
f53
f58
f63
f65/
f66/
f69
f78/
f8
f84
f85/
f86/
f89
f91/
f99/
n1
n104/
n105
n106/
n107
n113/
n114
n17
n25
n26/
n27
n32
n38/
n43
n47
n49/
n51/
n58
n6/
n60/
n65
n77
n82
n88
n90/
n91
n93/
f53:78
n58:58
f125:44
d10/
d106/
d119/
d12/
d127/
d134
d14/
d141
d145
d153
d160
d161
d164
d170/
d172/
d173/
d174/
d179
d18/
d185/
d186
d192/
d194/
d204/
d205/
d207/
d21/
d22
d221
d222/
d223
d224/
d227
d237
d24/
d240/
d242/
d244
d245
d248
d255
d256
d267
d283/
d287/
d288/
d29/
d291
d293/
d297/
d299
d3
d33/
d35
d39
d43/
d45
d5/
d52/
d57
d59/
d66/
d67
d79
d82/
d83
d84
d87/
d89/
d93/
d95/
d96
f0/
f10/
f103
f106/
f107
f108
f111
f113
f116/
f12/
f121/
f125
f126/
f129
f13/
f130
f131/
f133/
f134
f141/
f143/
f145
f149
f15
f150/
f152
f153/
f156
f158
f167/
f168
f181/
f183
f184/
f186/
f199
f20/
f201
f205
f206/
f221/
f223/
f224
f226/
f23
f232/
f234
f237/
f239
f240/
f246/
f248/
f249
f257/
f259/
f260/
f261/
f267
f27
f271
f279
f283/
f288
f289/
f29/
f291/
f292
f298
f31
f34/
f37/
f38
f44
f46
f47/
f48/
f49
f5
f53
f58
f63
f65/
f66/
f69
f78/
f8
f84
f85/
f86/
f89
f91/
f99/
n1
n104/
n105
n106/
n107
n113/
n114
n17
n25
n26/
n27
n32
n38/
n43
n47
n49/
n51/
n58
n6/
n60/
n65
n77
n82
n88
n90/
n91
n93/
Invalid operation
Invalid operation
n1:txt:0
n1:
n1:
Invalid operation
Invalid operation
Invalid operation
Invalid operation
f111:47bqe0f1f8eq 6 0
f53:78
n58:58
f125:44
f23:42
d141:32
f103:32
f8:30
d84:17
Invalid operation
d10/
d106/
d119/
d12/
d127/
d134
d14/
d141
d145
d153
d160
d161
d164
d170/
d172/
d173/
d174/
d179
d18/
d185/
d186
d192/
d194/
d204/
d205/
d207/
d21/
d22
d221
d222/
d223
d224/
d227
d237
d24/
d240/
d242/
d244
d245
d248
d255
d256
d267
d283/
d287/
d288/
d29/
d291
d293/
d297/
d299
d3
d33/
d35
d39
d43/
d45
d5/
d52/
d57
d59/
d66/
d67
d79
d82/
d83
d84
d87/
d89/
d93/
d95/
d96
f0/
f10/
f103
f106/
f107
f108
f111
f113
f116/
f12/
f121/
f125
f126/
f129
f13/
f130
f131/
f133/
f134
f141/
f143/
f145
f149
f15
f150/
f152
f153/
f156
f158
f167/
f168
f181/
f183
f184/
f186/
f199
f20/
f201
f205
f206/
f221/
f223/
f224
f226/
f23
f232/
f234
f237/
f239
f240/
f246/
f248/
f249
f257/
f259/
f260/
f261/
f267
f27
f271
f279
f283/
f288
f289/
f29/
f291/
f292
f298
f31
f34/
f37/
f38
f44
f46
f47/
f48/
f49
f5
f53
f58
f63
f65/
f66/
f69
f78/
f8
f84
f85/
f86/
f89
f91/
f99/
n104/
n105
n106/
n107
n113/
n114
n17
n25
n26/
n27
n32
n38/
n43
n47
n49/
n51/
n58
n6/
n60/
n65
n77
n82
n88
n90/
n91
n93/
Null
d10/
d106/
d119/
d12/
d127/
d134
d14/
d141
d145
d153
d160
d161
d164
d170/
d172/
d173/
d174/
d179
d18/
d185/
d186
d192/
d194/
d204/
d205/
d207/
d21/
d22
d221
d222/
d223
d224/
d227
d237
d24/
d240/
d242/
d244
d245
d248
d255
d256
d267
d283/
d287/
d288/
d29/
d291
d293/
d297/
d299
d3
d33/
d35
d39
d43/
d45
d5/
d52/
d57
d59/
d66/
d67
d79
d82/
d83
d84
d87/
d89/
d93/
d95/
d96
f0/
f10/
f103
f106/
f107
f108
f111
f113
f116/
f12/
f121/
f125
f126/
f129
f13/
f130
f131/
f133/
f134
f141/
f143/
f145
f149
f15
f150/
f152
f153/
f156
f158
f167/
f168
f181/
f183
f184/
f186/
f199
f20/
f201
f205
f206/
f221/
f223/
f224
f226/
f23
f232/
f234
f237/
f239
f240/
f246/
f248/
f249
f257/
f259/
f260/
f261/
f267
f27
f271
f279
f283/
f288
f289/
f29/
f291/
f292
f298
f31
f34/
f37/
f38
f44
f46
f47/
f48/
f49
f5
f53
f58
f63
f65/
f66/
f69
f78/
f8
f84
f85/
f86/
f89
f91/
f99/
n104/
n105
n106/
n107
n113/
n114
n17
n25
n26/
n27
n32
n38/
n43
n47
n49/
n51/
n58
n6/
n60/
n65
n77
n82
n88
n90/
n91
n93/
f111:47bqe0f1f8eq 6 0
Invalid operation
Invalid operation
d10/
d106/
d119/
d12/
d127/
d134
d14/
d141
d145
d153
d160
d161
d164
d170/
d172/
d173/
d174/
d179
d18/
d185/
d186
d192/
d194/
d204/
d205/
d207/
d21/
d22
d221
d222/
d223
d224/
d227
d237
d24/
d240/
d242/
d244
d245
d248
d255
d256
d267
d283/
d287/
d288/
d29/
d291
d293/
d297/
d299
d3
d33/
d35
d39
d43/
d45
d5/
d52/
d57
d59/
d66/
d67
d79
d82/
d83
d84
d87/
d89/
d93/
d95/
d96
f0/
f10/
f103
f106/
f107
f108
f111
f113
f116/
f12/
f121/
f125
f126/
f129
f13/
f130
f131/
f133/
f134
f141/
f143/
f145
f149
f15
f150/
f152
f153/
f156
f158
f167/
f168
f181/
f183
f184/
f186/
f199
f20/
f201
f205
f206/
f221/
f223/
f224
f226/
f23
f232/
f234
f237/
f239
f240/
f246/
f248/
f249
f257/
f259/
f260/
f261/
f267
f27
f271
f279
f283/
f288
f289/
f29/
f291/
f292
f298
f31
f34/
f37/
f38
f44
f46
f47/
f48/
f49
f5
f53
f58
f63
f65/
f66/
f69
f78/
f8
f84
f85/
f86/
f89
f91/
f99/
n104/
n105
n106/
n107
n113/
n114
n17
n25
n26/
n27
n32
n38/
n43
n47
n49/
n51/
n58
n6/
n60/
n65
n77
n82
n88
n90/
n91
n93/
Invalid operation
f53:78
n58:58
f125:44
f23:42
d141:32
f103:32
f8:30
f53:78
Invalid operation
Invalid operation
f111:47bqe0f1f8eq 6 0
Invalid operation
Invalid operation
d10/
d106/
d119/
d12/
d127/
d134
d14/
d141
d145
d153
d160
d161
d164
d170/
d172/
d173/
d174/
d179
d18/
d185/
d186
d192/
d194/
d204/
d205/
d207/
d21/
d22
d221
d222/
d223
d224/
d227
d237
d24/
d240/
d242/
d244
d245
d248
d255
d256
d267
d283/
d287/
d288/
d29/
d291
d293/
d297/
d299
d3
d33/
d35
d39
d43/
d45
d5/
d52/
d57
d59/
d66/
d67
d79
d82/
d83
d84
d87/
d89/
d93/
d95/
d96
f0/
f10/
f103
f106/
f107
f108
f111
f113
f116/
f12/
f121/
f125
f126/
f129
f13/
f130
f131/
f133/
f134
f141/
f143/
f145
f149
f15
f150/
f152
f153/
f156
f158
f167/
f168
f181/
f183
f184/
f186/
f199
f20/
f201
f205
f206/
f212/
f221/
f223/
f224
f226/
f23
f232/
f234
f237/
f239
f240/
f246/
f248/
f249
f257/
f259/
f260/
f261/
f267
f27
f271
f279
f283/
f288
f289/
f29/
f291/
f292
f298
f31
f34/
f37/
f38
f44
f46
f47/
f48/
f49
f5
f53
f58
f63
f65/
f66/
f69
f78/
f8
f84
f85/
f86/
f89
f91/
f99/
n104/
n105
n106/
n107
n113/
n114
n17
n25
n26/
n27
n32
n38/
n43
n47
n49/
n51/
n58
n6/
n60/
n65
n77
n82
n88
n90/
n91
n93/
Invalid operation
Invalid operation
d10/
d106/
d119/
d12/
d127/
d134
d14/
d141
d145
d153
d160
d161
d164
d170/
d172/
d173/
d174/
d179
d18/
d185/
d186
d192/
d194/
d204/
d205/
d207/
d21/
d22
d221
d222/
d223
d224/
d227
d237
d24/
d240/
d242/
d244
d245
d248
d255
d256
d267
d283/
d287/
d288/
d29/
d291
d293/
d297/
d299
d3
d33/
d35
d39
d43/
d45
d5/
d52/
d57
d59/
d66/
d67
d79
d82/
d83
d84
d87/
d89/
d93/
d95/
d96
f0/
f10/
f103
f106/
f107
f108
f111
f113
f116/
f12/
f121/
f125
f126/
f129
f13/
f130
f131/
f133/
f134
f141/
f143/
f145
f149
f15
f150/
f152
f153/
f156
f158
f167/
f168
f181/
f183
f184/
f186/
f199
f20/
f201
f205
f206/
f212/
f213/
f221/
f223/
f224
f226/
f23
f232/
f234
f237/
f239
f240/
f246/
f248/
f249
f257/
f259/
f260/
f261/
f267
f27
f271
f279
f283/
f288
f289/
f29/
f291/
f292
f298
f31
f34/
f37/
f38
f44
f46
f47/
f48/
f49
f5
f53
f58
f63
f65/
f66/
f69
f78/
f8
f84
f85/
f86/
f89
f91/
f99/
n104/
n105
n106/
n107
n113/
n114
n17
n25
n26/
n27
n32
n38/
n43
n47
n49/
n51/
n58
n6/
n60/
n65
n77
n82
n88
n90/
n91
n93/
Invalid operation
Invalid operation
f111:47bqe0f1f8eq 6 0
Invalid operation
Invalid operation
Invalid operation
d119:dir:0
d10/
d106/
d119/
d12/
d127/
d134
d14/
d141
d145
d153
d160
d161
d164
d170/
d172/
d173/
d174/
d179
d18/
d185/
d186
d192/
d194/
d204/
d205/
d207/
d21/
d22
d221
d222/
d223
d224/
d227
d237
d24/
d240/
d242/
d244
d245
d248
d255
d256
d267
d283/
d287/
d288/
d29/
d291
d293/
d297/
d299
d3
d33/
d35
d39
d43/
d45
d5/
d52/
d57
d59/
d64/
d66/
d67
d79
d82/
d83
d84
d87/
d89/
d93/
d95/
d96
f0/
f10/
f103
f106/
f107
f108
f111
f113
f116/
f12/
f121/
f125
f126/
f129
f13/
f130
f131/
f133/
f134
f141/
f143/
f145
f149
f15
f150/
f152
f153/
f156
f158
f167/
f168
f181/
f183
f184/
f186/
f199
f20/
f201
f205
f206/
f212/
f213/
f221/
f223/
f224
f226/
f23
f232/
f234
f237/
f239
f240/
f246/
f248/
f249
f257/
f259/
f260/
f261/
f267
f27
f271
f279
f283/
f288
f289/
f29/
f291/
f292
f298
f31
f34/
f37/
f38
f44
f46
f47/
f48/
f49
f5
f53
f58
f63
f65/
f66/
f69
f78/
f8
f84
f85/
f86/
f89
f91/
f99/
n104/
n105
n106/
n107
n113/
n114
n17
n25
n26/
n27
n32
n38/
n43
n47
n49/
n51/
n58
n6/
n60/
n65
n77
n82
n88
n90/
n91
n93/
d10/
d106/
d119/
d12/
d127/
d134
d14/
d141
d145
d153
d160
d161
d164
d170/
d172/
d173/
d174/
d179
d18/
d185/
d186
d192/
d194/
d204/
d205/
d207/
d21/
d22
d221
d222/
d223
d224/
d227
d237
d24/
d240/
d242/
d244
d245
d248
d255
d256
d267
d283/
d287/
d288/
d29/
d291
d293/
d297/
d299
d3
d33/
d35
d39
d43/
d45
d5/
d52/
d57
d59/
d64/
d66/
d67
d79
d82/
d83
d84
d87/
d89/
d93/
d95/
d96
f0/
f10/
f103
f106/
f107
f108
f111
f113
f116/
f12/
f121/
f125
f126/
f129
f13/
f130
f131/
f133/
f134
f141/
f143/
f145
f149
f15
f150/
f152
f153/
f156
f158
f167/
f168
f181/
f183
f184/
f186/
f199
f20/
f201
f205
f206/
f212/
f213/
f221/
f223/
f224
f226/
f23
f232/
f234
f237/
f239
f240/
f246/
f248/
f249
f257/
f259/
f260/
f261/
f267
f27
f271
f279
f283/
f288
f289/
f29/
f291/
f292
f298
f31
f34/
f37/
f38
f44
f46
f47/
f48/
f49
f5
f53
f58
f63
f65/
f66/
f69
f78/
f8
f84
f85/
f86/
f89
f91/
f99/
n104/
n105
n106/
n107
n113/
n114
n17
n25
n26/
n27
n32
n38/
n43
n47
n49/
n51/
n58
n6/
n60/
n65
n77
n82
n88
n90/
n91
n93/
d10/
d106/
d119/
d12/
d127/
d134
d14/
d141
d145
d153
d160
d161
d164
d170/
d172/
d173/
d174/
d179
d18/
d185/
d186
d192/
d194/
d204/
d205/
d207/
d21/
d22
d221
d222/
d223
d224/
d227
d232
d237
d24/
d240/
d242/
d244
d245
d248
d255
d256
d267
d283/
d287/
d288/
d29/
d291
d293/
d297/
d299
d3
d33/
d35
d39
d43/
d45
d5/
d52/
d57
d59/
d64/
d66/
d67
d79
d82/
d83
d84
d87/
d89/
d93/
d95/
d96
f0/
f10/
f103
f106/
f107
f108
f111
f113
f116/
f12/
f121/
f125
f126/
f129
f13/
f130
f131/
f133/
f134
f141/
f143/
f145
f149
f15
f150/
f152
f153/
f156
f158
f167/
f168
f181/
f183
f184/
f186/
f199
f20/
f201
f205
f206/
f212/
f213/
f221/
f223/
f224
f226/
f23
f232/
f234
f237/
f239
f240/
f246/
f248/
f249
f257/
f259/
f260/
f261/
f267
f27
f271
f279
f283/
f288
f289/
f29/
f291/
f292
f298
f31
f34/
f37/
f38
f44
f46
f47/
f48/
f49
f5
f53
f58
f63
f65/
f66/
f69
f78/
f8
f84
f85/
f86/
f89
f91/
f99/
n104/
n105
n106/
n107
n113/
n114
n17
n25
n26/
n27
n32
n38/
n43
n47
n49/
n51/
n58
n6/
n60/
n65
n77
n82
n88
n90/
n91
n93/
Invalid operation
Invalid operation
d232:bin:8
Invalid operation
Invalid operation
Invalid operation
Invalid operation
Invalid operation
d10/
d106/
d119/
d12/
d127/
d134
d14/
d141
d145
d153
d160
d161
d164
d170/
d172/
d173/
d174/
d179
d18/
d185/
d186
d192/
d194/
d204/
d205/
d207/
d21/
d22
d221
d222/
d223
d224/
d227
d232
d237
d24/
d240/
d242/
d244
d245
d248
d255
d256
d267
d283/
d287/
d288/
d29/
d291
d293/
d297/
d299
d3
d33/
d35
d39
d43/
d45
d5/
d52/
d57
d59/
d64/
d66/
d67
d79
d82/
d83
d84
d87/
d89/
d93/
d95/
d96
f0/
f10/
f103
f106/
f107
f108
f111
f113
f116/
f12/
f121/
f125
f126/
f129
f13/
f130
f131/
f133/
f134
f141/
f143/
f145
f15
f150/
f152
f153/
f156
f158
f167/
f168
f181/
f183
f184/
f186/
f199
f20/
f201
f205
f206/
f212/
f213/
f221/
f223/
f224
f226/
f23
f232/
f234
f237/
f239
f240/
f246/
f248/
f249
f257/
f259/
f260/
f261/
f267
f27
f271
f279
f283/
f288
f289/
f29/
f291/
f292
f298
f31
f34/
f37/
f38
f44
f46
f47/
f48/
f49
f5
f53
f58
f63
f65/
f66/
f69
f78/
f8
f84
f85/
f86/
f89
f91/
f98
f99/
n104/
n105
n106/
n107
n112
n113/
n114
n17
n25
n26/
n27
n32
n38/
n43
n47
n49/
n51/
n58
n6/
n60/
n65
n77
n82
n88
n90/
n91
n93/
Invalid operation
Invalid operation
Null
Invalid operation
f53:78
n58:58
f125:44
f23:42
d141:32
Invalid operation
Invalid operation
Invalid operation
Invalid operation
Invalid operation
d10/
d106/
d119/
d12/
d127/
d134
d14/
d141
d145
d153
d160
d161
d164
d170/
d172/
d173/
d174/
d179
d18/
d185/
d186
d192/
d194/
d204/
d205/
d207/
d21/
d22
d221
d222/
d223
d224/
d227
d232
d237
d24/
d240/
d242/
d244
d245
d248
d255
d256
d267
d283/
d287/
d288/
d29/
d291
d293/
d297/
d299
d3
d33/
d35
d39
d43/
d5/
d52/
d57
d59/
d64/
d66/
d67
d79
d82/
d83
d84
d87/
d89/
d93/
d95/
d96
f0/
f10/
f103
f106/
f107
f108
f111
f113
f116/
f12/
f121/
f125
f126/
f129
f13/
f130
f131/
f133/
f134
f141/
f143/
f145
f15
f150/
f152
f153/
f156
f158
f167/
f168
f181/
f183
f184/
f186/
f199
f20/
f201
f205
f206/
f212/
f213/
f221/
f223/
f224
f226/
f23
f232/
f234
f237/
f239
f240/
f246/
f248/
f249
f257/
f259/
f260/
f261/
f267
f27
f271
f279
f283/
f288
f289/
f29/
f291/
f292
f298
f31
f34/
f37/
f38
f44
f46
f47/
f48/
f49
f5
f53
f58
f63
f65/
f66/
f69
f78/
f8
f84
f85/
f86/
f89
f91/
f98
f99/
n104/
n105
n106/
n107
n113/
n114
n17
n25
n26/
n27
n32
n38/
n43
n47
n49/
n51/
n58
n6/
n60/
n65
n77
n82
n88
n90/
n91
n93/
Invalid operation
f53:78
n58:58
Invalid operation
d10/
d106/
d119/
d12/
d127/
d134
d14/
d141
d145
d153
d160
d161
d164
d170/
d172/
d173/
d174/
d179
d18/
d185/
d186
d192/
d194/
d204/
d205/
d207/
d21/
d22
d221
d222/
d223
d224/
d227
d232
d237
d24/
d240/
d242/
d244
d245
d248
d255
d256
d267
d283/
d287/
d288/
d29/
d291
d293/
d297/
d299
d3
d32
d33/
d35
d39
d43/
d5/
d52/
d57
d59/
d64/
d66/
d67
d79
d82/
d83
d84
d87/
d89/
d93/
d95/
d96
f0/
f10/
f103
f106/
f107
f108
f111
f113
f116/
f12/
f121/
f125
f126/
f129
f13/
f130
f131/
f133/
f134
f141/
f143/
f145
f15
f150/
f152
f153/
f156
f158
f167/
f168
f181/
f183
f184/
f186/
f199
f20/
f201
f205
f206/
f212/
f213/
f221/
f223/
f224
f226/
f23
f232/
f234
f237/
f239
f240/
f246/
f248/
f249
f257/
f259/
f260/
f261/
f267
f27
f271
f279
f283/
f288
f289/
f29/
f291/
f292
f298
f31
f34/
f37/
f38
f44
f46
f47/
f48/
f49
f5
f53
f58
f63
f65/
f66/
f69
f78/
f8
f84
f85/
f86/
f89
f91/
f98
f99/
n104/
n105
n106/
n107
n113/
n114
n17
n25
n26/
n27
n32
n38/
n43
n47
n49/
n51/
n58
n6/
n60/
n65
n77
n82
n88
n90/
n91
n93/
Invalid operation
Invalid operation
Invalid operation
Null
Invalid operation
f53:78
n58:58
f125:44
f23:42
d141:32
f103:32
f8:30
d232:17
f53:78
n58:58
f125:44
f53:78
n58:58
Invalid operation
Invalid operation
d10/
d106/
d119/
d12/
d127/
d134
d14/
d141
d145
d153
d160
d161
d164
d170/
d172/
d173/
d174/
d179
d18/
d185/
d186
d192/
d194/
d204/
d205/
d207/
d21/
d22
d221
d222/
d223
d224/
d227
d232
d237
d24/
d240/
d242/
d244
d245
d248
d255
d256
d267
d283/
d287/
d288/
d29/
d291
d293/
d297/
d299
d3
d32
d33/
d35
d39
d43/
d5/
d52/
d57
d59/
d64/
d66/
d67
d79
d82/
d83
d84
d87/
d89/
d93/
d95/
d96
f0/
f10/
f103
f106/
f107
f108
f111
f113
f116/
f12/
f121/
f125
f126/
f129
f13/
f130
f131/
f133/
f134
f141/
f143/
f145
f15
f150/
f152
f153/
f156
f158
f167/
f168
f181/
f183
f184/
f186/
f199
f20/
f201
f205
f206/
f212/
f213/
f221/
f223/
f224
f226/
f23
f232/
f234
f237/
f239
f240/
f246/
f248/
f249
f257/
f259/
f260/
f261/
f267
f27
f271
f279
f283/
f288
f289/
f29/
f291/
f292
f298
f31
f34/
f37/
f38
f44
f46
f47/
f48/
f49
f5
f53
f58
f63
f65/
f66/
f69
f78/
f8
f84
f85/
f86/
f89
f91/
f99/
n104/
n105
n106/
n107
n113/
n114
n17
n25
n26/
n27
n32
n34/
n38/
n43
n47
n49/
n51/
n58
n6/
n60/
n65
n77
n82
n88
n90/
n91
n93/
Null
Invalid operation
d10/
d106/
d119/
d12/
d127/
d134
d14/
d141
d145
d153
d160
d161
d164
d170/
d172/
d173/
d174/
d179
d18/
d185/
d186
d192/
d194/
d204/
d205/
d207/
d21/
d22
d221
d222/
d223
d224/
d227
d23/
d232
d237
d24/
d240/
d242/
d244
d245
d248
d255
d256
d267
d283/
d287/
d288/
d29/
d291
d293/
d297/
d299
d3
d32
d33/
d35
d39
d43/
d5/
d52/
d57
d59/
d64/
d66/
d67
d79
d82/
d83
d84
d87/
d89/
d93/
d95/
d96
f0/
f10/
f103
f106/
f107
f108
f111
f113
f116/
f12/
f121/
f125
f126/
f129
f13/
f130
f131/
f133/
f134
f141/
f143/
f145
f15
f150/
f152
f153/
f156
f158
f167/
f168
f181/
f183
f184/
f186/
f199
f20/
f201
f205
f206/
f212/
f213/
f221/
f223/
f224
f226/
f23
f232/
f234
f237/
f239
f240/
f246/
f248/
f249
f257/
f259/
f260/
f261/
f267
f27
f271
f279
f283/
f288
f289/
f29/
f291/
f292
f298
f31
f34/
f37/
f38
f44
f46
f47/
f48/
f49
f5
f53
f58
f63
f65/
f66/
f69
f78/
f8
f84
f85/
f86/
f89
f91/
f99/
n104/
n105
n106/
n107
n113/
n114
n17
n25
n26/
n27
n32
n34/
n38/
n43
n47
n49/
n51/
n58
n6/
n60/
n65
n77
n82
n88
n90/
n91
n93/
Invalid operation
d10/
d106/
d119/
d12/
d127/
d134
d14/
d141
d145
d153
d160
d161
d164
d170/
d172/
d173/
d174/
d179
d18/
d185/
d186
d192/
d194/
d204/
d205/
d207/
d21/
d22
d221
d222/
d223
d224/
d227
d23/
d232
d237
d24/
d240/
d242/
d244
d245
d248
d255
d256
d267
d283/
d287/
d288/
d29/
d291
d293/
d297/
d299
d3
d32
d33/
d35
d39
d43/
d5/
d52/
d57
d59/
d64/
d66/
d67
d79
d82/
d83
d84
d87/
d89/
d93/
d95/
d96
f0/
f10/
f103
f106/
f107
f108
f111
f113
f116/
f12/
f121/
f125
f126/
f129
f13/
f130
f131/
f133/
f134
f141/
f143/
f145
f15
f150/
f152
f153/
f156
f158
f167/
f168
f181/
f183
f184/
f186/
f192/
f199
f20/
f201
f205
f206/
f212/
f213/
f221/
f223/
f224
f226/
f23
f232/
f234
f237/
f239
f240/
f246/
f248/
f249
f257/
f259/
f260/
f261/
f267
f27
f271
f279
f283/
f288
f289/
f29/
f291/
f292
f298
f31
f34/
f37/
f38
f44
f46
f47/
f48/
f49
f5
f53
f58
f63
f65/
f66/
f69
f78/
f8
f84
f85/
f86/
f89
f91/
f99/
n104/
n105
n106/
n107
n113/
n114
n17
n25
n26/
n27
n32
n34/
n38/
n43
n47
n49/
n51/
n58
n6/
n60/
n65
n77
n82
n88
n90/
n91
n93/
Invalid operation
d232:34
Invalid operation
Invalid operation
d10/
d106/
d119/
d12/
d127/
d134
d14/
d141
d145
d153
d160
d161
d164
d170/
d172/
d173/
d174/
d179
d18/
d185/
d186
d192/
d194/
d204/
d205/
d207/
d21/
d22
d221
d222/
d223
d224/
d227
d23/
d232
d237
d24/
d240/
d242/
d244
d245
d248
d255
d256
d267
d283/
d287/
d288/
d29/
d291
d293/
d297/
d299
d3
d32
d33/
d35
d39
d43/
d5/
d52/
d57
d59/
d64/
d66/
d67
d79
d82/
d83
d84
d87/
d89/
d93/
d95/
d96
f0/
f10/
f103
f106/
f107
f108
f111
f113
f116/
f12/
f121/
f125
f126/
f129
f13/
f130
f131/
f133/
f134
f141/
f143/
f145
f15
f150/
f152
f153/
f156
f158
f167/
f168
f174/
f181/
f183
f184/
f186/
f192/
f199
f20/
f201
f205
f206/
f210
f212/
f213/
f221/
f223/
f224
f226/
f23
f232/
f234
f237/
f239
f240/
f246/
f248/
f249
f257/
f259/
f260/
f261/
f267
f27
f271
f279
f283/
f287
f288
f289/
f29/
f291/
f292
f298
f31
f34/
f37/
f38
f44
f46
f47/
f48/
f49
f5
f53
f58
f63
f65/
f66/
f69
f78/
f8
f84
f85/
f86/
f89
f91/
f99/
n104/
n105
n106/
n107
n113/
n114
n17
n25
n26/
n27
n32
n34/
n38/
n43
n47
n49/
n51/
n58
n6/
n60/
n65
n77
n82
n88
n90/
n91
n93/
d10/
d106/
d119/
d12/
d127/
d134
d14/
d141
d145
d153
d160
d161
d164
d170/
d172/
d173/
d174/
d179
d18/
d185/
d186
d192/
d194/
d204/
d205/
d207/
d21/
d22
d221
d222/
d223
d224/
d227
d23/
d232
d237
d24/
d240/
d242/
d244
d245
d248
d255
d256
d267
d283/
d287/
d288/
d29/
d291
d293/
d297/
d299
d3
d32
d33/
d35
d39
d43/
d5/
d52/
d57
d59/
d64/
d66/
d67
d79
d82/
d83
d84
d87/
d89/
d93/
d95/
d96
f0/
f10/
f103
f106/
f107
f108
f111
f113
f116/
f12/
f121/
f125
f126/
f129
f13/
f130
f131/
f133/
f134
f141/
f143/
f145
f15
f150/
f152
f153/
f156
f158
f167/
f168
f174/
f181/
f183
f184/
f186/
f192/
f199
f20/
f201
f205
f206/
f210
f212/
f213/
f221/
f223/
f224
f226/
f23
f232/
f234
f237/
f239
f240/
f246/
f248/
f249
f257/
f259/
f260/
f261/
f267
f27
f271
f279
f283/
f287
f288
f289/
f29/
f291/
f292
f298
f31
f34/
f37/
f38
f44
f46
f47/
f48/
f49
f5
f53
f58
f63
f65/
f66/
f69
f78/
f8
f84
f85/
f86/
f89
f91/
f99/
n104/
n105
n106/
n107
n113/
n114
n17
n25
n26/
n27
n32
n34/
n38/
n43
n47
n49/
n51/
n58
n6/
n60/
n65
n77
n82
n88
n90/
n91
n93/
d232:bin:18
Invalid operation
Invalid operation
d232:bin:18
Null
Invalid operation
d10/
d106/
d119/
d12/
d127/
d134
d14/
d141
d145
d153
d160
d161
d164
d170/
d172/
d173/
d174/
d179
d18/
d185/
d186
d192/
d194/
d204/
d205/
d207/
d21/
d22
d221
d222/
d223
d224/
d227
d23/
d232
d237
d24/
d240/
d242/
d244
d245
d248
d255
d256
d267
d283/
d287/
d288/
d29/
d291
d293/
d297/
d299
d3
d32
d33/
d35
d39
d43/
d5/
d52/
d57
d59/
d64/
d66/
d67
d79
d82/
d83
d84
d87/
d89/
d9
d93/
d95/
d96
f0/
f10/
f103
f106/
f107
f108
f111
f113
f116/
f12/
f121/
f125
f126/
f129
f13/
f130
f131/
f133/
f134
f141/
f143/
f145
f15
f150/
f152
f153/
f156
f158
f167/
f168
f174/
f181/
f183
f184/
f186/
f192/
f199
f20/
f201
f205
f206/
f210
f212/
f213/
f221/
f223/
f224
f226/
f23
f232/
f234
f237/
f239
f240/
f246/
f248/
f249
f257/
f259/
f260/
f261/
f267
f27
f271
f279
f283/
f287
f288
f289/
f29/
f291/
f292
f298
f31
f34/
f37/
f38
f44
f46
f47/
f48/
f49
f5
f53
f58
f63
f65/
f66/
f69
f78/
f8
f84
f85/
f86/
f89
f91/
f99/
n104/
n105
n106/
n107
n113/
n114
n17
n25
n26/
n27
n32
n34/
n38/
n43
n47
n49/
n51/
n58
n6/
n60/
n65
n77
n82
n88
n90/
n91
n93/
/d232
f53:78
f125:44
f23:42
d141:32
Invalid operation
d10/
d106/
d119/
d12/
d127/
d134
d14/
d141
d145
d153
d160
d161
d164
d170/
d172/
d173/
d174/
d179
d18/
d185/
d186
d192/
d194/
d204/
d205/
d207/
d21/
d22
d221
d222/
d223
d224/
d227
d23/
d237
d24/
d240/
d242/
d244
d245
d248
d255
d256
d267
d283/
d287/
d288/
d29/
d291
d293/
d297/
d299
d3
d32
d33/
d35
d39
d43/
d5/
d52/
d57
d59/
d64/
d66/
d67
d79
d82/
d83
d84
d87/
d89/
d93/
d95/
d96
f0/
f10/
f103
f106/
f107
f108
f111
f113
f116/
f12/
f121/
f125
f126/
f129
f13/
f130
f131/
f133/
f134
f141/
f143/
f145
f15
f150/
f152
f153/
f156
f158
f167/
f168
f174/
f181/
f183
f184/
f186/
f192/
f199
f20/
f201
f205
f206/
f210
f212/
f213/
f221/
f223/
f224
f226/
f23
f232/
f234
f237/
f239
f240/
f246/
f248/
f249
f257/
f259/
f260/
f261/
f267
f27
f271
f279
f283/
f287
f288
f289/
f29/
f291/
f292
f298
f31
f34/
f37/
f38
f44
f46
f47/
f48/
f49
f5
f53
f58
f63
f65/
f66/
f69
f78/
f8
f84
f85/
f86/
f89
f91/
f99/
n104/
n105
n106/
n107
n113/
n114
n17
n25
n26/
n27
n32
n34/
n38/
n43
n47
n49/
n51/
n6/
n60/
n65
n77
n82
n88
n90/
n91
n93/
Invalid operation
d23:dir:0
Invalid operation
Invalid operation
f287:s5mxgb_82-kkjyq3
Invalid operation
Null
d10/
d106/
d119/
d12/
d127/
d134
d14/
d141
d145
d153
d160
d161
d164
d170/
d172/
d173/
d174/
d179
d18/
d184/
d185/
d186
d192/
d194/
d204/
d205/
d207/
d21/
d22
d221
d222/
d223
d224/
d227
d23/
d237
d24/
d240/
d242/
d244
d245
d247
d248
d255
d256
d267
d283/
d287/
d288/
d29/
d291
d293/
d297/
d299
d3
d32
d33/
d35
d39
d43/
d5/
d52/
d57
d59/
d64/
d66/
d67
d79
d82/
d83
d84
d87/
d89/
d93/
d95/
d96
f0/
f10/
f103
f106/
f107
f108
f111
f113
f116/
f12/
f121/
f125
f126/
f129
f13/
f130
f131/
f133/
f134
f141/
f143/
f145
f15
f150/
f152
f153/
f156
f158
f167/
f168
f174/
f181/
f183
f184/
f186/
f192/
f199
f20/
f201
f205
f206/
f210
f212/
f213/
f221/
f223/
f224
f226/
f23
f232/
f234
f237/
f239
f240/
f246/
f248/
f249
f257/
f259/
f260/
f261/
f267
f27
f271
f279
f283/
f287
f288
f289/
f29/
f291/
f292
f298
f31
f34/
f37/
f38
f44
f46
f47/
f48/
f49
f5
f53
f58
f63
f65/
f66/
f69
f78/
f8
f84
f85/
f86/
f89
f91/
f99/
n104/
n105
n106/
n107
n113/
n114
n17
n25
n26/
n27
n32
n34/
n38/
n43
n47
n49/
n51/
n6/
n60/
n65
n77
n82
n88
n90/
n91
n93/
Invalid operation
d119:dir:0
Invalid operation
f53:78
f125:44
f23:42
d141:32
f103:32
f8:30
d84:17
f279:17
d10/
d106/
d119/
d12/
d127/
d134
d14/
d141
d145
d153
d160
d161
d164
d170/
d172/
d173/
d174/
d179
d18/
d185/
d186
d192/
d194/
d204/
d205/
d207/
d21/
d22
d221
d222/
d223
d224/
d227
d23/
d237
d24/
d240/
d242/
d244
d245
d247
d248
d255
d256
d267
d283/
d287/
d288/
d29/
d291
d293/
d297/
d299
d3
d32
d33/
d35
d39
d43/
d5/
d52/
d57
d59/
d64/
d66/
d67
d79
d82/
d83
d84
d87/
d89/
d93/
d95/
d96
f0/
f10/
f103
f106/
f107
f108
f111
f113
f116/
f12/
f121/
f125
f126/
f129
f13/
f130
f131/
f133/
f134
f141/
f143/
f145
f15
f150/
f152
f153/
f156
f158
f167/
f168
f174/
f181/
f183
f184/
f186/
f192/
f199
f20/
f201
f205
f206/
f210
f212/
f213/
f221/
f223/
f224
f226/
f23
f232/
f234
f237/
f239
f240/
f246/
f248/
f249
f257/
f259/
f260/
f261/
f267
f27
f271
f279
f283/
f287
f288
f289/
f29/
f291/
f292
f298
f31
f34/
f37/
f38
f44
f46
f47/
f48/
f49
f5
f53
f58
f63
f65/
f66/
f69
f78/
f8
f84
f85/
f86/
f89
f91/
f99/
n104/
n105
n106/
n107
n113/
n114
n17
n25
n26/
n27
n32
n34/
n38/
n43
n47
n49/
n51/
n6/
n60/
n65
n77
n82
n88
n90/
n91
n93/
Invalid operation
Invalid operation
Invalid operation
Invalid operation
Invalid operation
Invalid operation
f53:78
f125:44
Null
f53:78
f125:44
f23:42
f53:78
f125:44
f23:42
f53:78
f125:44
f23:42
Invalid operation
d226:D5 D8 8D 00 00 00
Invalid operation
Invalid operation
d260:dir:0
Invalid operation
Invalid operation
d107
d110/
d119
d129/
d226
d233
d260/
d35/
d46/
d55/
d87
d99/
f1
f138/
f153
f240/
f272/
f297
f43/
f47/
f74/
f86
n103/
n111/
n2
n34/
n67/
n8
Invalid operation
f86:45
d226:23
f297:15
d260:dir:0
d10/
d106/
d119/
d12/
d127/
d134
d14/
d141
d145
d153
d160
d161
d164
d170/
d172/
d173/
d174/
d179
d18/
d185/
d186
d192/
d194/
d204/
d205/
d207/
d21/
d22
d221
d222/
d223
d224/
d227
d23/
d237
d24/
d240/
d242/
d244
d245
d248
d255
d256
d267
d283/
d287/
d288/
d29/
d291
d293/
d297/
d299
d3
d32
d33/
d35
d39
d43/
d5/
d52/
d57
d59/
d64/
d66/
d67
d79
d82/
d83
d84
d87/
d89/
d93/
d95/
d96
f0/
f10/
f103
f106/
f107
f108
f111
f113
f116/
f12/
f121/
f125
f126/
f129
f13/
f130
f131/
f133/
f134
f141/
f143/
f145
f15
f150/
f152
f153/
f156
f158
f167/
f168
f174/
f181/
f183
f184/
f186/
f192/
f199
f20/
f201
f205
f206/
f210
f212/
f213/
f221/
f223/
f224
f226/
f23
f232/
f234
f237/
f239
f240/
f246/
f248/
f249
f257/
f259/
f260/
f261/
f267
f27
f271
f279
f283/
f287
f288
f289/
f29/
f291/
f292
f298
f31
f34/
f37/
f38
f44
f46
f47/
f48/
f49
f5
f53
f58
f63
f65/
f66/
f69
f78/
f8
f84
f85/
f86/
f89
f91/
f99/
n104/
n105
n106/
n107
n113/
n114
n17
n25
n26/
n27
n32
n34/
n38/
n43
n47
n49/
n51/
n6/
n60/
n65
n77
n82
n88
n90/
n91
n93/
f53:78
f125:44
f23:42
d10/
d106/
d119/
d12/
d127/
d134
d14/
d141
d145
d153
d160
d161
d164
d170/
d172/
d173/
d174/
d179
d18/
d185/
d186
d192/
d194/
d204/
d205/
d207/
d21/
d22
d221
d222/
d223
d224/
d227
d23/
d237
d24/
d240/
d242/
d244
d245
d248
d255
d256
d267
d283/
d287/
d288/
d29/
d291
d293/
d297/
d299
d3
d32
d33/
d35
d39
d43/
d5/
d52/
d57
d59/
d64/
d66/
d67
d79
d82/
d83
d84
d87/
d89/
d93/
d95/
d96
f0/
f10/
f103
f106/
f107
f108
f111
f113
f116/
f12/
f121/
f125
f126/
f129
f13/
f130
f131/
f133/
f134
f141/
f143/
f145
f15
f150/
f152
f153/
f156
f158
f167/
f168
f174/
f181/
f183
f184/
f186/
f192/
f199
f20/
f201
f205
f206/
f210
f212/
f213/
f221/
f223/
f224
f226/
f23
f232/
f234
f237/
f239
f240/
f246/
f248/
f249
f257/
f259/
f260/
f261/
f267
f27
f271
f279
f283/
f287
f288
f289/
f29/
f291/
f292
f298
f31
f34/
f37/
f38
f44
f46
f47/
f48/
f49
f5
f53
f58
f63
f65/
f66/
f69
f78/
f8
f84
f85/
f86/
f89
f91/
f99/
n104/
n105
n106/
n107
n113/
n114
n17
n25
n26/
n27
n32
n34/
n38/
n43
n47
n49/
n51/
n6/
n60/
n65
n77
n82
n88
n90/
n91
n93/
d10/
d106/
d119/
d12/
d127/
d134
d14/
d141
d145
d153
d160
d161
d164
d170/
d172/
d173/
d174/
d179
d18/
d185/
d186
d192/
d194/
d204/
d205/
d207/
d21/
d22
d221
d222/
d223
d224/
d227
d23/
d237
d24/
d240/
d242/
d244
d245
d248
d255
d256
d267
d283/
d287/
d288/
d29/
d291
d293/
d297/
d299
d3
d32
d33/
d35
d39
d43/
d5/
d52/
d57
d59/
d64/
d66/
d67
d79
d82/
d83
d84
d87/
d89/
d93/
d95/
d96
f0/
f10/
f103
f106/
f107
f108
f111
f113
f116/
f12/
f121/
f125
f126/
f129
f13/
f130
f131/
f133/
f134
f141/
f143/
f145
f15
f150/
f152
f153/
f156
f158
f167/
f168
f174/
f181/
f183
f184/
f186/
f192/
f199
f20/
f201
f205
f206/
f210
f212/
f213/
f221/
f223/
f224
f226/
f23
f232/
f234
f237/
f239
f240/
f246/
f248/
f249
f257/
f259/
f260/
f261/
f267
f27
f271
f279
f283/
f287
f288
f289/
f29/
f291/
f292
f298
f31
f34/
f37/
f38
f44
f46
f47/
f48/
f49
f5
f53
f58
f63
f65/
f66/
f69
f78/
f8
f84
f85/
f86/
f89
f91/
f99/
n104/
n105
n106/
n107
n113/
n114
n17
n25
n26/
n27
n32
n34/
n38/
n43
n47
n49/
n51/
n6/
n60/
n65
n77
n82
n88
n90/
n91
n93/
f53:78
f125:44
f23:42
Invalid operation
f280:
f280:txt:0
Invalid operation
f53:tkwmlxo83khl_7i-f8lssb8fjyo5958qtr5x39d35e.sngoar613z3kssxfvj8mkhownrbmuhhteoa
f53:78
f125:44
f23:42
f53:78
f125:44
f23:42
d141:32
f103:31
f8:30
d84:17
f53:78
f125:44
f23:42
f53:78
f125:44
f23:42
Invalid operation
Invalid operation
Invalid operation
f124:0
n86:0
Invalid operation
Invalid operation
f103:88 ED 60 E9 E0 06 CF 8F C9 2A 00
Invalid operation
f103:00 00 00
Invalid operation
f53:tkwmlxo83khl_7i-f8lssb8fjyo5958qtr5x39d35e.sngoar613z3kssxfvj8mkhownrbmuhhteoa
Invalid operation
f53:tkwmlxo83khl_7i-f8lssb8fjyo5958qtr5x39d35e.sngoar613z3kssxfvj8mkhownrbmuhhteoa
d10/
d106/
d119/
d12/
d127/
d134
d14/
d141
d145
d153
d160
d161
d164
d170/
d172/
d173/
d174/
d179
d18/
d185/
d186
d192/
d194/
d204/
d205/
d207/
d21/
d22
d221
d222/
d223
d224/
d227
d23/
d237
d24/
d240/
d242/
d244
d245
d248
d255
d256
d267
d283/
d287/
d288/
d29/
d291
d293/
d297/
d299
d3
d32
d33/
d35
d39
d43/
d5/
d52/
d57
d59/
d64/
d66/
d67
d79
d82/
d83
d84
d87/
d89/
d93/
d95/
d96
f0/
f10/
f103
f106/
f107
f108
f111
f113
f116/
f12/
f121/
f125
f126/
f129
f13/
f130
f131/
f133/
f134
f141/
f143/
f145
f15
f150/
f152
f153/
f156
f158
f167/
f168
f174/
f181/
f183
f184/
f186/
f192/
f199
f20/
f201
f205
f206/
f210
f212/
f213/
f221/
f223/
f224
f226/
f23
f232/
f234
f237/
f239
f240/
f246/
f248/
f249
f257/
f259/
f260/
f261/
f267
f27
f271
f279
f283/
f287
f288
f289/
f29/
f291/
f292
f298
f31
f34/
f37/
f38
f44
f46
f47/
f48/
f49
f5
f53
f63
f65/
f66/
f69
f78/
f8
f84
f85/
f86/
f89
f91/
f99/
n104/
n105
n106/
n107
n113/
n114
n17
n25
n26/
n27
n32
n34/
n38/
n43
n47
n49/
n51/
n6/
n60/
n65
n77
n82
n88
n90/
n91
n93/
Invalid operation
Invalid operation
Invalid operation
n38:dir:0
Invalid operation
Invalid operation
d10/
d106/
d119/
d12/
d127/
d134
d14/
d141
d145
d153
d160
d161
d164
d170/
d172/
d173/
d174/
d179
d18/
d185/
d186
d19
d192/
d194/
d204/
d205/
d207/
d21/
d22
d221
d222/
d223
d224/
d227
d23/
d237
d24/
d240/
d242/
d244
d245
d248
d255
d256
d267
d283/
d287/
d288/
d29/
d291
d293/
d297/
d299
d3
d32
d33/
d35
d39
d43/
d5/
d52/
d57
d59/
d64/
d66/
d67
d79
d82/
d83
d84
d87/
d89/
d93/
d95/
d96
f0/
f10/
f103
f106/
f107
f108
f111
f113
f116/
f12/
f121/
f125
f126/
f129
f13/
f130
f131/
f133/
f134
f141/
f143/
f145
f15
f150/
f152
f153/
f156
f158
f167/
f168
f174/
f181/
f183
f184/
f186/
f192/
f199
f20/
f201
f205
f206/
f210
f212/
f213/
f221/
f223/
f224
f226/
f23
f232/
f234
f237/
f239
f240/
f246/
f248/
f249
f257/
f259/
f260/
f261/
f267
f27
f271
f279
f283/
f287
f288
f289/
f29/
f291/
f292
f298
f31
f34/
f37/
f38
f44
f46
f47/
f48/
f49
f5
f53
f58
f63
f65/
f66/
f69
f78/
f8
f84
f85/
f86/
f89
f91/
f99/
n104/
n105
n106/
n107
n113/
n114
n17
n25
n26/
n27
n32
n34/
n38/
n43
n47
n49/
n51/
n6/
n60/
n65
n77
n82
n88
n90/
n91
n93/
Invalid operation
f53:78
f125:44
f23:42
d10/
d106/
d119/
d12/
d127/
d134
d14/
d141
d145
d153
d160
d161
d164
d170/
d172/
d173/
d174/
d179
d18/
d185/
d186
d19
d192/
d194/
d204/
d205/
d207/
d21/
d22
d221
d222/
d223
d224/
d227
d23/
d237
d24/
d240/
d242/
d244
d245
d248
d255
d256
d267
d283/
d287/
d288/
d29/
d291
d293/
d297/
d299
d3
d32
d33/
d35
d39
d43/
d5/
d52/
d57
d59/
d64/
d66/
d67
d79
d82/
d83
d84
d87/
d89/
d93/
d95/
d96
f0/
f10/
f103
f106/
f107
f108
f111
f113
f116/
f12/
f121/
f125
f126/
f129
f13/
f130
f131/
f133/
f134
f141/
f143/
f145
f15
f150/
f152
f153/
f156
f158
f167/
f168
f174/
f181/
f183
f184/
f186/
f192/
f199
f20/
f201
f205
f206/
f210
f212/
f213/
f221/
f223/
f224
f226/
f23
f232/
f234
f237/
f239
f240/
f246/
f248/
f249
f257/
f259/
f260/
f261/
f267
f27
f271
f279
f283/
f287
f288
f289/
f29/
f291/
f292
f298
f31
f34/
f37/
f38
f44
f46
f47/
f48/
f49
f5
f53
f58
f63
f65/
f66/
f69
f78/
f8
f84
f85/
f86/
f89
f91/
f99/
n104/
n105
n106/
n107
n113/
n114
n17
n25
n26/
n27
n32
n34/
n38/
n43
n47
n49/
n51/
n6/
n60/
n65
n77
n82
n88
n90/
n91
n93/
f53:tkwmlxo83khl_7i-f8lssb8fjyo5958qtr5x39d35e.sngoar613z3kssxfvj8mkhownrbmuhhteoa
n38:dir:0
f103:8F C9 2A 00 00 00 00
Invalid operation
Invalid operation
d10/
d106/
d119/
d12/
d127/
d134
d14/
d141
d145
d153
d160
d161
d164
d170/
d172/
d173/
d174/
d179
d18/
d185/
d186
d19
d192/
d194/
d204/
d205/
d207/
d21/
d22
d221
d222/
d223
d224/
d227
d23/
d237
d24/
d240/
d242/
d244
d245
d248
d255
d256
d267
d283/
d287/
d288/
d29/
d291
d293/
d297/
d299
d3
d32
d33/
d35
d39
d43/
d5/
d52/
d57
d59/
d64/
d66/
d67
d79
d82/
d83
d84
d87/
d89/
d93/
d95/
d96
f0/
f10/
f103
f106/
f107
f108
f111
f113
f116/
f12/
f121/
f125
f126/
f129
f13/
f130
f131/
f133/
f134
f141/
f143/
f145
f15
f150/
f152
f153/
f156
f158
f167/
f168
f174/
f181/
f183
f184/
f186/
f192/
f199
f20/
f201
f205
f206/
f210
f212/
f213/
f221/
f223/
f224
f226/
f23
f232/
f234
f237/
f239
f240/
f246/
f248/
f249
f257/
f259/
f260/
f261/
f267
f27
f271
f279
f283/
f287
f288
f289/
f29/
f291/
f292
f298
f31
f34/
f37/
f38
f44
f46
f47/
f48/
f49
f5
f53
f58
f63
f65/
f66/
f69
f78/
f8
f84
f85/
f86/
f89
f91/
f99/
n104/
n105
n106/
n107
n113/
n114
n17
n25
n26/
n27
n32
n34/
n38/
n43
n47
n49/
n51/
n6/
n60/
n65
n77
n82
n88
n90/
n91
n93/
f53:tkwmlxo83khl_7i-f8lssb8fjyo5958qtr5x39d35e.sngoar613z3kssxfvj8mkhownrbmuhhteoa
n38:dir:0
Invalid operation
f103:8F C9
Invalid operation
f90/
Invalid operation
Invalid operation
d131
f90/
Invalid operation
Invalid operation
d131
f90/
Invalid operation
d10/
d106/
d119/
d12/
d127/
d134
d14/
d141
d145
d153
d160
d161
d164
d170/
d172/
d173/
d174/
d179
d18/
d185/
d186
d19
d192/
d194/
d204/
d205/
d207/
d21/
d22
d221
d222/
d223
d224/
d227
d23/
d237
d24/
d240/
d242/
d244
d245
d248
d255
d256
d267
d283/
d287/
d288/
d29/
d291
d293/
d297/
d299
d3
d32
d33/
d35
d39
d43/
d5/
d52/
d57
d59/
d64/
d66/
d67
d79
d82/
d83
d84
d87/
d89/
d93/
d95/
d96
f0/
f10/
f103
f106/
f107
f108
f111
f113
f116/
f12/
f121/
f125
f126/
f129
f13/
f130
f131/
f133/
f134
f141/
f143/
f145
f15
f150/
f152
f153/
f156
f158
f167/
f168
f174/
f181/
f183
f184/
f186/
f192/
f199
f20/
f201
f205
f206/
f210
f212/
f213/
f221/
f223/
f224
f226/
f23
f232/
f234
f237/
f239
f240/
f246/
f248/
f249
f257/
f259/
f260/
f261/
f267
f27
f271
f279
f283/
f287
f288
f289/
f29/
f291/
f292
f298
f31
f34/
f37/
f38
f44
f46
f47/
f48/
f49
f5
f53
f58
f63
f65/
f66/
f69
f78/
f8
f84
f85/
f86/
f89
f91/
f99/
n104/
n105
n106/
n107
n113/
n114
n17
n25
n26/
n27
n32
n34/
n38/
n43
n47
n49/
n51/
n6/
n60/
n65
n77
n82
n88
n90/
n91
n93/
f53:93
f125:44
f23:42
d10/
d106/
d119/
d12/
d127/
d134
d14/
d141
d145
d153
d160
d161
d164
d170/
d172/
d173/
d174/
d179
d18/
d185/
d186
d19
d192/
d194/
d204/
d205/
d207/
d21/
d22
d221
d222/
d223
d224/
d227
d23/
d237
d24/
d240/
d242/
d244
d245
d248
d255
d256
d267
d283/
d287/
d288/
d29/
d291
d293/
d297/
d299
d3
d32
d33/
d35
d39
d43/
d5/
d52/
d57
d59/
d64/
d66/
d67
d79
d82/
d83
d84
d87/
d89/
d93/
d95/
d96
f0/
f10/
f103
f106/
f107
f108
f111
f113
f116/
f12/
f121/
f125
f126/
f129
f13/
f130
f131/
f133/
f134
f141/
f143/
f145
f15
f150/
f152
f153/
f156
f158
f167/
f168
f174/
f181/
f183
f184/
f186/
f192/
f199
f20/
f201
f205
f206/
f210
f212/
f213/
f221/
f223/
f224
f226/
f23
f232/
f234
f237/
f239
f240/
f246/
f248/
f249
f257/
f259/
f260/
f261/
f267
f27
f271
f279
f283/
f287
f288
f289/
f29/
f291/
f292
f298
f31
f34/
f37/
f38
f44
f46
f47/
f48/
f49
f5
f53
f58
f63
f65/
f66/
f69
f78/
f8
f84
f85/
f86/
f89
f91/
f99/
n104/
n105
n106/
n107
n113/
n114
n17
n25
n26/
n27
n32
n34/
n38/
n43
n47
n49/
n51/
n6/
n60/
n65
n77
n82
n88
n90/
n91
n93/
f103:8F C9 2A 00 00 00 00
Invalid operation
Invalid operation
Invalid operation
Invalid operation
Invalid operation
f103:03 D9 88 ED 60 E9 E0 06 CF 8F C9 2A 00
Invalid operation
/f53
f53:tkwmlxo83khl_7i-f8lssb8fjyo5958qtr5x39d35e.sngoar613z3kssxfvj8mkhownrbmuhhteoaci0w_h8b.-yha_xvqwttb.h5-s-sh
Invalid operation
d110/
n83/
n83:dir:0
n38:dir:0
f53:99
f125:44
f23:42
Invalid operation
Invalid operation
n38:dir:0
f53:107
f125:44
f23:42
Null
f53:111
f125:44
f23:42
f53:111
f125:44
f23:42
f53:tkwmlxo83khl_7i-f8lssb8fjyo5958qtr5x39d35e.sngoar613z3kssxfvj8mkhownrbmuhhteoaci0w_h8b.-yha_xvqwttbz1fjahtc7a7v
f53:107
Invalid operation
/f53
f53:107
f125:44
f23:42
f53:107
f125:44
f23:42
f53:99
f125:44
f23:42
Invalid operation
f53:99
f125:44
f23:42
d10/
d106/
d119/
d12/
d127/
d134
d14/
d141
d145
d153
d160
d161
d164
d170/
d172/
d173/
d174/
d179
d18/
d185/
d186
d19
d192/
d194/
d204/
d205/
d207/
d21/
d22
d221
d222/
d223
d224/
d227
d23/
d237
d24/
d240/
d242/
d244
d245
d248
d255
d256
d267
d283/
d287/
d288/
d29/
d291
d293/
d297/
d299
d3
d32
d33/
d35
d39
d43/
d5/
d52/
d57
d59/
d64/
d66/
d67
d79
d82/
d83
d84
d87/
d89/
d93/
d95/
d96
f0/
f10/
f103
f106/
f107
f108
f111
f113
f116/
f12/
f121/
f125
f126/
f129
f13/
f130
f131/
f133/
f134
f141/
f143/
f145
f15
f150/
f152
f153/
f156
f158
f167/
f168
f174/
f181/
f183
f184/
f186/
f192/
f199
f20/
f201
f205
f206/
f210
f212/
f213/
f221/
f223/
f224
f226/
f23
f232/
f234
f237/
f239
f240/
f246/
f248/
f249
f257/
f259/
f260/
f261/
f267
f27
f271
f279
f283/
f287
f288
f289/
f29/
f291/
f292
f298
f31
f34/
f37/
f38
f44
f46
f47/
f48/
f49
f5
f53
f58
f63
f65/
f66/
f69
f78/
f8
f84
f85/
f86/
f89
f91/
f99/
n104/
n105
n106/
n107
n113/
n114
n17
n25
n26/
n27
n32
n34/
n38/
n43
n47
n49/
n51/
n6/
n60/
n65
n77
n82
n88
n90/
n91
n93/
f103:03 D9 88 ED 60
d10/
d106/
d119/
d12/
d127/
d134
d14/
d141
d145
d153
d160
d161
d164
d170/
d172/
d173/
d174/
d179
d18/
d185/
d186
d19
d192/
d194/
d204/
d205/
d207/
d21/
d22
d221
d222/
d223
d224/
d227
d23/
d237
d24/
d240/
d242/
d244
d245
d248
d255
d256
d267
d283/
d287/
d288/
d29/
d291
d293/
d297/
d299
d3
d32
d33/
d35
d39
d43/
d5/
d52/
d57
d59/
d64/
d66/
d67
d79
d82/
d83
d84
d87/
d89/
d93/
d95/
d96
f0/
f10/
f103
f106/
f107
f108
f111
f113
f116/
f12/
f121/
f125
f126/
f129
f13/
f130
f131/
f133/
f134
f141/
f143/
f145
f15
f150/
f152
f153/
f156
f158
f167/
f168
f174/
f181/
f183
f184/
f186/
f192/
f199
f20/
f201
f205
f206/
f210
f212/
f213/
f221/
f223/
f224
f226/
f23
f232/
f234
f237/
f239
f240/
f246/
f248/
f249
f257/
f259/
f260/
f261/
f267
f27
f271
f279
f283/
f287
f288
f289/
f29/
f291/
f292
f298
f31
f34/
f37/
f38
f44
f46
f47/
f48/
f49
f5
f53
f58
f63
f65/
f66/
f69
f78/
f8
f84
f85/
f86/
f89
f91/
f99/
n104/
n105
n106/
n107
n113/
n114
n17
n25
n26/
n27
n32
n34/
n38/
n43
n47
n49/
n51/
n6/
n60/
n65
n77
n82
n88
n90/
n91
n93/
Invalid operation
Invalid operation
d10/
d106/
d119/
d12/
d127/
d134
d14/
d141
d145
d153
d160
d161
d164
d170/
d172/
d173/
d174/
d179
d18/
d185/
d186
d19
d192/
d194/
d204/
d205/
d207/
d21/
d22
d221
d222/
d223
d224/
d227
d23/
d237
d24/
d240/
d242/
d244
d245
d248
d255
d256
d267
d283/
d287/
d288/
d29/
d291
d293/
d297/
d299
d3
d32
d33/
d35
d39
d43/
d5/
d52/
d57
d59/
d64/
d66/
d67
d79
d82/
d83
d84
d87/
d89/
d93/
d95/
d96
f0/
f10/
f103
f106/
f107
f108
f111
f113
f116/
f12/
f121/
f125
f126/
f129
f13/
f130
f131/
f133/
f134
f141/
f143/
f145
f15
f150/
f152
f153/
f156
f158
f167/
f168
f174/
f181/
f183
f184/
f186/
f192/
f199
f20/
f201
f205
f206/
f210
f212/
f213/
f221/
f223/
f224
f226/
f23
f232/
f234
f237/
f239
f240/
f246/
f248/
f249
f257/
f259/
f260/
f261/
f267
f27
f271
f279
f283/
f287
f288
f289/
f29/
f291/
f292
f298
f31
f34/
f37/
f38
f44
f46
f47/
f48/
f49
f5
f53
f58
f63
f65/
f66/
f69
f78/
f8
f84
f85/
f86/
f89
f91/
f99/
n104/
n105
n106/
n107
n113/
n114
n17
n25
n26/
n27
n32
n34/
n38/
n43
n47
n49/
n51/
n6/
n60/
n65
n77
n82
n88
n90/
n91
n93/
n38:dir:0
f103:8F
Invalid operation
f53:107
f125:44
f23:42
f53:107
f125:44
f23:42
d141:32
f8:30
f103:24
d84:17
f279:17
f53:tkwmlxo83khl_7i-f8lssb8fjyo5958qtr5x39d35e.sngoar613z3kssxfvj8mkhownrbmuhhteoaci0w_h8b.-yha_xvqwttb62ejq6w5
/f53
n38:dir:0
Invalid operation
/f53
Null
/d29/f124
f103:2A
Invalid operation
Invalid operation
d70:11
d233:10
Invalid operation
d70:00 1E
d70:A9
f57:dir:0
d70
f103
f215/
f297
f57/
f57:dir:0
f57:dir:0
d70
f103
f215/
f297
f57/
Invalid operation
Invalid operation
Invalid operation
Invalid operation
d70:27 D4
d70:11
d70:11
d70
f103
f215/
f57/
Invalid operation
d70:20
Invalid operation
d60/
d70
f103
f215/
f57/
/d29/d278/d70
Invalid operation
d60/
d70
f103
f215/
f57/
Invalid operation
Invalid operation
Invalid operation
Invalid operation
d70:DF 5E
d70:A9 A4 4F D9 A6 DF 5E 00
/d227
Invalid operation
Invalid operation
d60/
d77
f215/
f57/
d60/
d77
f215/
f57/
Null
f103:19 C1 CC 3D 52 09 03 D9 88 ED 60 E9 E0 06
d278/
f119/
f124
f144
f195
n86
Invalid operation
f103:3D
Invalid operation
f124:13
Invalid operation
f103:06 CF 61 C9
d10/
d106/
d119/
d12/
d127/
d134
d14/
d141
d153
d160
d161
d164
d170/
d172/
d173/
d174/
d179
d18/
d185/
d186
d19
d192/
d194/
d204/
d205/
d207/
d21/
d22
d221
d222/
d223
d224/
d227
d23/
d237
d24/
d240/
d242/
d244
d245
d248
d255
d256
d267
d283/
d287/
d288/
d29/
d291
d293/
d297/
d299
d3
d32
d33/
d35
d39
d43/
d5/
d52/
d57
d59/
d64/
d66/
d67
d79
d82/
d83
d84
d87/
d89/
d93/
d95/
d96
f0/
f10/
f103
f106/
f107
f108
f111
f113
f116/
f12/
f121/
f125
f126/
f129
f13/
f130
f131/
f133/
f134
f141/
f143/
f145
f15
f150/
f152
f153/
f156
f158
f167/
f168
f174/
f181/
f183
f184/
f186/
f192/
f199
f20/
f201
f205
f206/
f210
f212/
f213/
f221/
f223/
f224
f226/
f23
f232/
f234
f237/
f239
f240/
f246/
f248/
f249
f257/
f259/
f260/
f261/
f267
f27
f271
f279
f283/
f287
f288
f289/
f29/
f291/
f292
f298
f31
f34/
f37/
f38
f44
f46
f47/
f48/
f49
f5
f53
f58
f63
f65/
f66/
f69
f78/
f8
f84
f85/
f86/
f89
f91/
f99/
n104/
n105
n106/
n107
n113/
n114
n17
n25
n26/
n27
n32
n34/
n38/
n43
n47
n49/
n51/
n55/
n6/
n60/
n65
n77
n82
n88
n90/
n91
n93/
Invalid operation
f103:C9 2A 00 32 E9 CD 00 00
f53:99
f125:44
f23:42
n38:dir:0
d107
d110/
d119
d129/
d226
d233
d260/
d35/
d46/
d55/
d87
d96/
d99/
f1
f138/
f153
f240/
f251
f272/
f297
f37/
f43/
f47/
f74/
f86
f9
n103/
n111/
n2
n34/
n67/
n8
d107
d110/
d119
d129/
d173
d226
d233
d260/
d35/
d46/
d55/
d87
d96/
d99/
f1
f138/
f153
f240/
f251
f272/
f297
f37/
f43/
f47/
f74/
f86
f9
n103/
n111/
n2
n34/
n67/
n8
Invalid operation
f53:99
f125:44
f23:42
/f53
f53:tkwmlxo83khl_7i-f8lssb8fjyo5958qtr5x39d35e.sngoar613z3kssxfvj8mkhownrbmuhhteoaci0w_h8b.-yha_xvqwttb
f53:101
f125:44
f23:42
f53:101
f125:44
f23:42
d10/
d106/
d119/
d12/
d127/
d134
d14/
d141
d153
d160
d161
d164
d170/
d172/
d173/
d174/
d179
d18/
d185/
d186
d19
d192/
d194/
d204/
d205/
d207/
d21/
d22
d221
d222/
d223
d224/
d227
d23/
d237
d24/
d240/
d242/
d244
d245
d248
d255
d256
d267
d283/
d287/
d288/
d29/
d291
d293/
d297/
d299
d3
d32
d33/
d35
d39
d43/
d5/
d52/
d57
d59/
d64/
d66/
d67
d79
d82/
d83
d84
d87/
d89/
d93/
d95/
d96
f0/
f10/
f103
f106/
f107
f108
f111
f113
f116/
f12/
f121/
f125
f126/
f129
f13/
f130
f131/
f133/
f134
f141/
f143/
f145
f15
f150/
f152
f153/
f156
f158
f167/
f168
f174/
f181/
f183
f184/
f186/
f192/
f199
f20/
f201
f205
f206/
f210
f212/
f213/
f221/
f223/
f224
f226/
f23
f232/
f234
f237/
f239
f240/
f246/
f248/
f249
f257/
f259/
f260/
f261/
f267
f27
f271
f279
f283/
f287
f288
f289/
f29/
f291/
f292
f298
f31
f34/
f37/
f38
f44
f46
f47/
f48/
f49
f5
f53
f58
f63
f65/
f66/
f69
f78/
f8
f84
f85/
f86/
f89
f91/
f99/
n104/
n105
n106/
n107
n113/
n114
n17
n25
n26/
n27
n32
n34/
n38/
n43
n47
n49/
n51/
n55/
n6/
n60/
n65
n77
n82
n88
n90/
n91
n93/
d10/
d106/
d119/
d12/
d127/
d134
d14/
d141
d153
d160
d161
d164
d170/
d172/
d173/
d174/
d179
d18/
d185/
d186
d19
d192/
d194/
d204/
d205/
d207/
d21/
d22
d221
d222/
d223
d224/
d227
d23/
d237
d24/
d240/
d242/
d244
d245
d248
d255
d256
d267
d283/
d287/
d288/
d29/
d291
d293/
d297/
d299
d3
d32
d33/
d35
d39
d43/
d5/
d52/
d57
d59/
d64/
d66/
d67
d79
d82/
d83
d84
d87/
d89/
d93/
d95/
d96
f0/
f10/
f103
f106/
f107
f108
f111
f113
f116/
f12/
f121/
f125
f126/
f129
f13/
f130
f131/
f133/
f134
f141/
f143/
f145
f15
f150/
f152
f153/
f156
f158
f167/
f168
f174/
f181/
f183
f184/
f186/
f192/
f199
f20/
f201
f205
f206/
f210
f212/
f213/
f221/
f223/
f224
f226/
f23
f232/
f234
f237/
f239
f240/
f246/
f248/
f249
f257/
f259/
f260/
f261/
f267
f27
f271
f279
f283/
f287
f288
f289/
f29/
f291/
f292
f298
f31
f34/
f37/
f38
f44
f46
f47/
f48/
f49
f5
f53
f58
f63
f65/
f66/
f69
f78/
f8
f84
f85/
f86/
f89
f91/
f99/
n104/
n105
n106/
n107
n113/
n114
n17
n25
n26/
n27
n32
n34/
n38/
n43
n47
n49/
n51/
n55/
n6/
n60/
n65
n77
n82
n88
n90/
n91
n93/
n38:dir:0
Invalid operation
f53:106
f125:44
f23:42
f53:106
f125:44
f23:42
f53:107
f125:44
f23:42
f53:107
f125:44
f23:42
d10/
d106/
d119/
d12/
d127/
d134
d14/
d141
d153
d160
d161
d164
d170/
d172/
d173/
d174/
d179
d18/
d185/
d186
d19
d192/
d194/
d204/
d205/
d207/
d21/
d22
d221
d222/
d223
d224/
d227
d23/
d237
d24/
d240/
d242/
d244
d245
d248
d255
d256
d267
d283/
d287/
d288/
d29/
d291
d293/
d297/
d299
d3
d32
d33/
d35
d39
d43/
d5/
d52/
d57
d59/
d64/
d66/
d67
d79
d82/
d83
d84
d87/
d89/
d93/
d95/
d96
f0/
f10/
f103
f106/
f107
f108
f111
f113
f116/
f12/
f121/
f125
f126/
f129
f13/
f130
f131/
f133/
f134
f141/
f143/
f145
f15
f150/
f152
f153/
f156
f158
f167/
f168
f174/
f181/
f183
f184/
f186/
f192/
f199
f20/
f201
f205
f206/
f210
f212/
f213/
f221/
f223/
f224
f226/
f23
f232/
f234
f237/
f239
f240/
f246/
f248/
f249
f257/
f259/
f260/
f261/
f267
f27
f271
f279
f283/
f287
f288
f289/
f29/
f291/
f292
f298
f31
f34/
f37/
f38
f44
f46
f47/
f48/
f49
f5
f53
f58
f63
f65/
f66/
f69
f78/
f8
f84
f85/
f86/
f89
f91/
f99/
n104/
n105
n106/
n107
n113/
n114
n17
n25
n26/
n27
n32
n34/
n38/
n43
n47
n49/
n51/
n55/
n6/
n60/
n65
n77
n82
n88
n90/
n91
n93/
f53:106
f125:44
f23:42
f53:106
f125:44
f23:42
f103:00 00
/f53
f53:113
f125:44
f23:42
f53:113
f125:44
f23:42
Null
f53:106
f125:44
f23:42
f53:tkwmlxo83khl_7i-f8lssb8fjyo5958qtr5x39d35e.sngoar613z3kssxfvj8mkhownrbmuhhteoaci0w_h8b.-yha_xvqwttbxxe5ken
Invalid operation
d10/
d106/
d119/
d12/
d127/
d134
d14/
d141
d153
d160
d161
d164
d170/
d172/
d173/
d174/
d179
d18/
d185/
d186
d19
d192/
d194/
d204/
d205/
d207/
d21/
d22
d221
d222/
d223
d224/
d227
d23/
d237
d24/
d240/
d242/
d244
d245
d248
d255
d267
d283/
d287/
d288/
d29/
d291
d293/
d297/
d299
d3
d32
d33/
d35
d39
d43/
d5/
d52/
d57
d59/
d64/
d66/
d67
d79
d82/
d83
d84
d87/
d89/
d93/
d95/
d96
f0/
f10/
f103
f106/
f107
f108
f111
f113
f116/
f12/
f121/
f125
f126/
f129
f13/
f130
f131/
f133/
f134
f141/
f143/
f145
f15
f150/
f152
f153/
f156
f158
f167/
f168
f174/
f181/
f183
f184/
f186/
f192/
f199
f20/
f201
f205
f206/
f210
f212/
f213/
f221/
f223/
f224
f226/
f23
f232/
f234
f237/
f239
f240/
f246/
f248/
f249
f257/
f259/
f260/
f261/
f267
f27
f271
f279
f283/
f287
f288
f289/
f29/
f291/
f292
f298
f31
f34/
f37/
f38
f44
f46
f47/
f48/
f49
f5
f53
f58
f63
f65/
f66/
f69
f78/
f8
f84
f85/
f86/
f89
f91/
f99/
n104/
n105
n106/
n107
n113/
n114
n17
n25
n26/
n27
n32
n34/
n38/
n43
n47
n49/
n51/
n55/
n6/
n60/
n65
n77
n82
n88
n90/
n91
n93/
f53:120
f125:44
f23:42
d10/
d106/
d119/
d12/
d127/
d134
d14/
d141
d153
d160
d161
d164
d170/
d172/
d173/
d174/
d179
d18/
d185/
d186
d19
d192/
d194/
d204/
d205/
d207/
d21/
d22
d221
d222/
d223
d224/
d227
d23/
d237
d24/
d240/
d242/
d244
d245
d248
d255
d256
d267
d283/
d287/
d288/
d29/
d291
d293/
d297/
d299
d3
d32
d33/
d35
d39
d43/
d5/
d52/
d57
d59/
d64/
d66/
d67
d79
d82/
d83
d84
d87/
d89/
d93/
d95/
d96
f0/
f10/
f103
f106/
f107
f108
f111
f113
f116/
f12/
f121/
f125
f126/
f129
f13/
f130
f131/
f133/
f134
f141/
f143/
f145
f15
f150/
f152
f153/
f156
f158
f167/
f168
f174/
f181/
f183
f184/
f186/
f192/
f199
f20/
f201
f205
f206/
f210
f212/
f213/
f221/
f223/
f224
f226/
f23
f232/
f234
f237/
f239
f240/
f246/
f248/
f249
f257/
f259/
f260/
f261/
f267
f27
f271
f279
f283/
f287
f288
f289/
f29/
f291/
f292
f298
f31
f34/
f37/
f38
f44
f46
f47/
f48/
f49
f5
f53
f58
f63
f65/
f66/
f69
f78/
f8
f84
f85/
f86/
f89
f91/
f99/
n104/
n105
n106/
n107
n113/
n114
n17
n25
n26/
n27
n32
n34/
n38/
n43
n47
n49/
n51/
n55/
n6/
n60/
n65
n77
n82
n88
n90/
n91
n93/
f53:116
f125:44
f23:42
f53:116
f125:44
f23:42
d10/
d106/
d119/
d12/
d127/
d134
d14/
d141
d153
d160
d161
d164
d170/
d172/
d173/
d174/
d179
d18/
d185/
d186
d19
d192/
d194/
d204/
d205/
d207/
d21/
d22
d221
d222/
d223
d224/
d227
d23/
d237
d24/
d240/
d242/
d244
d245
d248
d255
d256
d267
d283/
d287/
d288/
d29/
d291
d293/
d297/
d299
d3
d32
d33/
d35
d39
d43/
d5/
d52/
d57
d59/
d64/
d66/
d67
d79
d82/
d83
d84
d87/
d89/
d93/
d95/
d96
f0/
f10/
f103
f106/
f107
f108
f111
f113
f116/
f12/
f121/
f125
f126/
f129
f13/
f130
f131/
f133/
f134
f141/
f143/
f145
f15
f150/
f152
f153/
f156
f158
f167/
f168
f174/
f181/
f183
f184/
f186/
f192/
f199
f20/
f201
f205
f206/
f210
f212/
f213/
f221/
f223/
f224
f226/
f23
f232/
f234
f237/
f239
f240/
f246/
f248/
f249
f257/
f259/
f260/
f261/
f267
f27
f271
f279
f283/
f287
f288
f289/
f29/
f291/
f292
f298
f31
f34/
f37/
f38
f44
f46
f47/
f48/
f49
f5
f53
f58
f63
f65/
f66/
f69
f78/
f8
f84
f85/
f86/
f89
f91/
f99/
n104/
n105
n106/
n107
n113/
n114
n17
n25
n26/
n27
n32
n34/
n38/
n43
n47
n49/
n51/
n55/
n6/
n60/
n65
n77
n82
n88
n90/
n91
n93/
f53:tkwmlxo83khl_7i-f8lssb8fjyo5958qtr5x39d35e.sngoar613z3kssxfvj8mkhownrbmuhhteoaci0w_h8b.-yha_xvqwttbxxe5ken
f53:106
f125:44
f23:42
d10/
d106/
d119/
d12/
d127/
d134
d14/
d141
d153
d160
d161
d164
d170/
d172/
d173/
d174/
d179
d18/
d185/
d186
d19
d192/
d194/
d204/
d205/
d207/
d21/
d22
d221
d222/
d223
d224/
d227
d23/
d237
d24/
d240/
d242/
d244
d245
d248
d255
d256
d267
d283/
d287/
d288/
d29/
d291
d293/
d297/
d299
d3
d32
d33/
d35
d39
d43/
d5/
d52/
d57
d59/
d64/
d66/
d67
d79
d82/
d83
d84
d87/
d89/
d93/
d95/
d96
f0/
f10/
f103
f106/
f107
f108
f111
f113
f116/
f12/
f121/
f125
f126/
f129
f13/
f130
f131/
f133/
f134
f141/
f143/
f145
f15
f150/
f152
f153/
f156
f158
f167/
f168
f174/
f181/
f183
f184/
f186/
f192/
f199
f20/
f201
f205
f206/
f210
f212/
f213/
f221/
f223/
f224
f226/
f23
f232/
f234
f237/
f239
f240/
f246/
f248/
f249
f257/
f259/
f260/
f261/
f267
f27
f271
f279
f283/
f287
f288
f289/
f29/
f291/
f292
f298
f31
f34/
f37/
f38
f44
f46
f47/
f48/
f49
f5
f53
f58
f63
f65/
f66/
f69
f78/
f8
f84
f85/
f86/
f89
f91/
f99/
n104/
n105
n106/
n107
n113/
n114
n17
n25
n26/
n27
n32
n34/
n38/
n43
n47
n49/
n51/
n55/
n6/
n60/
n65
n77
n82
n88
n90/
n91
n93/
Invalid operation
f53:tkwmlxo83khl_7i-f8lssb8fjyo5958qtr5x39d35e.sngoar613z3kssxfvj8mkhownrbmuhhteoaci0w_h8b.-yha_xvqwttbxxe5ken
f53:tkwmlxo83khl_7i-f8lssb8fjyo5958qtr5x39d35e.sngoar613z3kssxfvj8mkhownrbmuhhteoaci0w_h8b.-yha_xvqwttbxxe5ken
Invalid operation
Invalid operation
Invalid operation
f103:00 00 00
d10/
d106/
d119/
d12/
d127/
d134
d14/
d141
d153
d160
d161
d164
d170/
d172/
d173/
d174/
d179
d18/
d185/
d186
d19
d192/
d194/
d204/
d205/
d207/
d21/
d22
d221
d222/
d223
d224/
d227
d23/
d237
d24/
d240/
d242/
d244
d245
d248
d255
d256
d267
d283/
d287/
d288/
d29/
d291
d293/
d297/
d299
d3
d32
d33/
d35
d39
d43/
d5/
d52/
d57
d59/
d64/
d66/
d67
d79
d82/
d83
d84
d87/
d89/
d93/
d95/
d96
f0/
f10/
f103
f106/
f107
f108
f111
f113
f116/
f12/
f121/
f125
f126/
f129
f13/
f130
f131/
f133/
f134
f141/
f143/
f145
f15
f150/
f152
f153/
f156
f158
f167/
f168
f174/
f181/
f183
f184/
f186/
f192/
f199
f20/
f201
f205
f206/
f210
f212/
f213/
f221/
f223/
f224
f226/
f23
f232/
f234
f237/
f239
f240/
f246/
f248/
f249
f257/
f259/
f260/
f261/
f267
f27
f271
f279
f283/
f287
f288
f289/
f29/
f291/
f292
f298
f31
f34/
f37/
f38
f44
f46
f47/
f48/
f49
f5
f53
f58
f63
f65/
f66/
f69
f78/
f8
f84
f85/
f86/
f89
f91/
f99/
n104/
n105
n106/
n107
n113/
n114
n17
n25
n26/
n27
n32
n34/
n38/
n43
n47
n49/
n51/
n55/
n6/
n60/
n65
n77
n82
n88
n90/
n91
n93/
d10/
d106/
d119/
d12/
d127/
d134
d14/
d141
d153
d160
d161
d164
d170/
d172/
d173/
d174/
d179
d18/
d185/
d186
d19
d192/
d194/
d204/
d205/
d207/
d21/
d22
d221
d222/
d223
d224/
d227
d23/
d237
d24/
d240/
d242/
d244
d245
d248
d255
d256
d267
d283/
d287/
d288/
d29/
d291
d293/
d297/
d299
d3
d32
d33/
d35
d39
d43/
d5/
d52/
d57
d59/
d64/
d66/
d67
d79
d82/
d83
d84
d87/
d89/
d93/
d95/
d96
f0/
f10/
f103
f106/
f107
f108
f111
f113
f116/
f12/
f121/
f125
f126/
f129
f13/
f130
f131/
f133/
f134
f141/
f143/
f145
f15
f150/
f152
f153/
f156
f158
f167/
f168
f174/
f181/
f183
f184/
f186/
f192/
f199
f20/
f201
f205
f206/
f210
f212/
f213/
f221/
f223/
f224
f226/
f23
f232/
f234
f237/
f239
f240/
f246/
f248/
f249
f257/
f259/
f260/
f261/
f267
f27
f271
f279
f283/
f287
f288
f289/
f29/
f291/
f292
f298
f31
f34/
f37/
f38
f44
f46
f47/
f48/
f49
f5
f53
f58
f63
f65/
f66/
f69
f78/
f8
f84
f85/
f86/
f89
f91/
f99/
n104/
n105
n106/
n107
n113/
n114
n17
n25
n26/
n27
n32
n34/
n38/
n43
n47
n49/
n51/
n55/
n6/
n60/
n65
n77
n82
n88
n90/
n91
n93/
Invalid operation
f53:tkwmlxo83khl_7i-f8lssb8fjyo5958qtr5x39d35e.sngoar613z3kssxfvj8mkhownrbmuhhteoaci0w_h8b.-yha_xvqwttbxxe5ken
f53:106
f125:44
f23:42
f53:106
f125:44
f23:42
f53:106
f125:44
f23:42
f103:D9 88 ED 60 E9 62 AD 89 CD 67 33 50 49 8E
f103:60 E9 62 AD 89 CD 67 33 50
f53:115
f125:44
f23:42
f53:115
f125:44
f23:42
Invalid operation
Invalid operation
Invalid operation
Invalid operation
Invalid operation
/f46
f53:106
f125:44
f23:42
f53:106
f125:44
f23:42
d141:32
f53:tkwmlxo83khl_7i-f8lssb8fjyo5958qtr5x39d35e.sngoar613z3kssxfvj8mkhownrbmuhhteoaci0w_h8b.-yha_xvqwttbxxe5ken
f53:106
f125:44
f23:42
d141:32
f8:30
f103:26
Invalid operation
f53:106
f125:44
f23:42
f53:106
f125:44
f23:42
f53:106
f125:44
f23:42
f103:ED
d10/
d106/
d119/
d12/
d127/
d134
d14/
d141
d153
d160
d161
d164
d170/
d172/
d173/
d174/
d179
d18/
d185/
d186
d19
d192/
d194/
d204/
d205/
d207/
d21/
d22
d221
d222/
d223
d224/
d227
d23/
d237
d24/
d240/
d242/
d244
d245
d248
d255
d256
d267
d283/
d287/
d288/
d29/
d291
d293/
d297/
d299
d3
d32
d33/
d35
d39
d43/
d5/
d52/
d57
d59/
d64/
d66/
d67
d79
d82/
d83
d84
d87/
d89/
d93/
d95/
d96
f0/
f10/
f103
f106/
f107
f108
f111
f113
f116/
f12/
f121/
f125
f126/
f129
f13/
f130
f131/
f133/
f134
f141/
f143/
f145
f15
f150/
f152
f153/
f156
f158
f167/
f168
f174/
f181/
f183
f184/
f186/
f192/
f199
f20/
f201
f205
f206/
f210
f212/
f213/
f221/
f223/
f224
f226/
f23
f232/
f234
f237/
f239
f240/
f246/
f248/
f249
f257/
f259/
f260/
f261/
f267
f27
f271
f279
f283/
f287
f288
f289/
f29/
f291/
f292
f298
f31
f34/
f37/
f38
f44
f46
f47/
f48/
f49
f5
f53
f58
f63
f65/
f66/
f69
f78/
f8
f84
f85/
f86/
f89
f91/
f99/
n104/
n105
n106/
n107
n113/
n114
n17
n25
n26/
n27
n32
n34/
n38/
n43
n47
n49/
n51/
n55/
n6/
n60/
n65
n77
n82
n88
n90/
n91
n93/
Invalid operation
Invalid operation
f53:106
f125:44
f23:42
d141:32
f8:30
f103:26
d84:17
f279:17
d10/
d106/
d119/
d12/
d127/
d134
d14/
d141
d153
d160
d161
d164
d170/
d172/
d173/
d174/
d179
d18/
d185/
d186
d19
d192/
d194/
d204/
d205/
d207/
d21/
d22
d221
d222/
d223
d224/
d227
d23/
d237
d24/
d240/
d242/
d244
d245
d248
d255
d256
d26
d267
d283/
d287/
d288/
d29/
d291
d293/
d297/
d299
d3
d32
d33/
d35
d39
d43/
d5/
d52/
d57
d59/
d64/
d66/
d67
d79
d82/
d83
d84
d87/
d89/
d93/
d95/
d96
f0/
f10/
f103
f106/
f107
f108
f111
f113
f116/
f12/
f121/
f125
f126/
f129
f13/
f130
f131/
f133/
f134
f141/
f143/
f145
f15
f150/
f152
f153/
f156
f158
f167/
f168
f174/
f181/
f183
f184/
f186/
f192/
f199
f20/
f201
f205
f206/
f210
f212/
f213/
f221/
f223/
f224
f226/
f23
f232/
f234
f237/
f239
f240/
f246/
f248/
f249
f257/
f259/
f260/
f261/
f267
f27
f271
f279
f283/
f287
f288
f289/
f29/
f291/
f292
f298
f31
f34/
f37/
f38
f44
f46
f47/
f48/
f49
f5
f53
f58
f63
f65/
f66/
f69
f78/
f8
f84
f85/
f86/
f89
f91/
f99/
n102/
n104/
n105
n106/
n107
n113/
n114
n17
n25
n26/
n27
n32
n34/
n38/
n43
n49/
n51/
n55/
n6/
n60/
n65
n77
n82
n88
n90/
n91
n93/
Invalid operation
f53:117
f125:44
f23:42
f53:tkwmlxo83khl_7i-f8lssb8fjyo5958qtr5x39d35e.sngoar613z3kssxfvj8mkhownrbmuhhteoaci0w_h8b.-yha_xvqwttbxxe5kene r44idisph
f53:117
f125:44
f23:42
d10/
d106/
d119/
d12/
d127/
d134
d14/
d141
d153
d160
d161
d164
d170/
d172/
d173/
d174/
d179
d18/
d185/
d186
d19
d192/
d194/
d204/
d205/
d207/
d21/
d22
d221
d222/
d223
d224/
d227
d23/
d237
d24/
d240/
d242/
d244
d245
d248
d255
d256
d26
d267
d283/
d287/
d288/
d29/
d291
d293/
d297/
d299
d3
d32
d33/
d35
d39
d43/
d5/
d52/
d57
d59/
d64/
d66/
d67
d79
d82/
d83
d84
d87/
d89/
d93/
d95/
d96
f0/
f10/
f103
f106/
f107
f108
f111
f113
f116/
f12/
f121/
f125
f126/
f129
f13/
f130
f131/
f133/
f134
f141/
f143/
f145
f15
f150/
f152
f153/
f156
f158
f167/
f168
f174/
f181/
f183
f184/
f186/
f192/
f199
f20/
f201
f205
f206/
f210
f212/
f213/
f221/
f223/
f224
f226/
f23
f232/
f234
f237/
f239
f240/
f246/
f248/
f249
f257/
f259/
f260/
f261/
f267
f27
f271
f279
f283/
f287
f288
f289/
f29/
f291/
f292
f298
f31
f34/
f37/
f38
f44
f46
f47/
f48/
f49
f5
f53
f58
f63
f65/
f66/
f69
f78/
f8
f84
f85/
f86/
f89
f91/
f99/
n102/
n104/
n105
n106/
n107
n113/
n114
n17
n25
n26/
n27
n32
n34/
n38/
n43
n49/
n51/
n55/
n6/
n60/
n65
n77
n82
n88
n90/
n91
n93/
f53:129
f125:44
f23:42
f53:tkwmlxo83khl_7i-f8lssb8fjyo5958qtr5x39d35e.sngoar613z3kssxfvj8mkhownrbmuhhteoaci0w_h8b.-yha_xvqwttbxxe5kene r44idisphvv3kjg_.s msxx
f53:131
f125:44
f23:42
f53:129
f125:44
f23:42
n38:dir:0
Null
Invalid operation
f53:139
f125:44
f23:42
d17/
f120/
d17/
f120/
Invalid operation
Invalid operation
d10/
d106/
d119/
d12/
d127/
d134
d14/
d141
d153
d160
d161
d164
d170/
d172/
d173/
d174/
d179
d18/
d185/
d186
d19
d192/
d194/
d204/
d205/
d207/
d21/
d22
d221
d222/
d223
d224/
d227
d23/
d237
d24/
d240/
d242/
d244
d245
d248
d255
d256
d26
d267
d283/
d287/
d288/
d29/
d291
d293/
d297/
d299
d3
d32
d33/
d35
d39
d43/
d5/
d52/
d57
d59/
d64/
d66/
d67
d79
d82/
d83
d84
d87/
d89/
d93/
d95/
d96
f0/
f10/
f103
f106/
f107
f108
f111
f113
f116/
f12/
f121/
f125
f126/
f129
f13/
f130
f131/
f133/
f134
f141/
f143/
f145
f15
f150/
f152
f153/
f156
f158
f167/
f168
f174/
f181/
f183
f184/
f186/
f192/
f199
f20/
f201
f205
f206/
f210
f212/
f213/
f221/
f223/
f224
f226/
f23
f232/
f234
f237/
f239
f240/
f246/
f248/
f249
f257/
f259/
f260/
f261/
f267
f27
f271
f279
f283/
f287
f288
f289/
f29/
f291/
f292
f298
f31
f34/
f37/
f38
f44
f46
f47/
f48/
f49
f5
f53
f58
f63
f65/
f66/
f69
f78/
f8
f84
f85/
f86/
f89
f91/
f99/
n102/
n104/
n105
n106/
n107
n113/
n114
n17
n25
n26/
n27
n32
n34/
n38/
n43
n49/
n51/
n55/
n6/
n60/
n65
n77
n82
n88
n90/
n91
n93/
d10/
d106/
d119/
d12/
d127/
d134
d14/
d141
d153
d160
d161
d164
d170/
d172/
d173/
d174/
d179
d18/
d185/
d186
d19
d192/
d194/
d204/
d205/
d207/
d21/
d22
d221
d222/
d223
d224/
d227
d23/
d237
d24/
d240/
d242/
d244
d245
d248
d255
d256
d26
d267
d283/
d287/
d288/
d29/
d291
d293/
d297/
d299
d3
d32
d33/
d35
d39
d43/
d5/
d52/
d57
d59/
d64/
d66/
d67
d79
d82/
d83
d84
d87/
d89/
d93/
d95/
d96
f0/
f10/
f103
f106/
f107
f108
f111
f113
f116/
f12/
f121/
f125
f126/
f129
f13/
f130
f131/
f133/
f134
f141/
f143/
f145
f15
f150/
f152
f153/
f156
f158
f167/
f168
f174/
f181/
f183
f184/
f186/
f192/
f199
f20/
f201
f205
f206/
f210
f212/
f213/
f221/
f223/
f224
f226/
f23
f232/
f234
f237/
f239
f240/
f246/
f248/
f249
f257/
f259/
f260/
f261/
f267
f27
f271
f279
f283/
f287
f288
f289/
f29/
f291/
f292
f298
f31
f34/
f37/
f38
f44
f46
f47/
f48/
f49
f5
f53
f58
f63
f65/
f66/
f69
f78/
f8
f84
f85/
f86/
f89
f91/
f99/
n102/
n104/
n105
n106/
n107
n113/
n114
n17
n25
n26/
n27
n32
n34/
n38/
n43
n49/
n51/
n55/
n6/
n60/
n65
n77
n82
n88
n90/
n91
n93/
f53:140
f125:44
f23:42
f53:151
f125:44
f23:42
/f107
f53:154
f125:44
f23:42
n38:dir:0
d10/
d106/
d119/
d12/
d127/
d134
d14/
d141
d153
d160
d161
d164
d170/
d172/
d173/
d174/
d179
d18/
d185/
d186
d19
d192/
d194/
d204/
d205/
d207/
d21/
d22
d221
d222/
d223
d224/
d227
d23/
d237
d24/
d240/
d242/
d244
d245
d248
d255
d256
d26
d267
d283/
d287/
d288/
d29/
d291
d293/
d297/
d299
d3
d32
d33/
d35
d39
d43/
d5/
d52/
d57
d59/
d64/
d66/
d67
d79
d82/
d83
d84
d87/
d89/
d93/
d95/
d96
f0/
f10/
f103
f106/
f107
f108
f111
f113
f116/
f12/
f121/
f125
f126/
f129
f13/
f130
f131/
f133/
f134
f141/
f143/
f145
f15
f150/
f152
f153/
f156
f158
f167/
f168
f174/
f181/
f183
f184/
f186/
f192/
f199
f20/
f201
f205
f206/
f210
f212/
f213/
f221/
f223/
f224
f226/
f23
f232/
f234
f237/
f239
f240/
f246/
f248/
f249
f257/
f259/
f260/
f261/
f267
f27
f271
f279
f283/
f287
f288
f289/
f29/
f291/
f292
f298
f31
f34/
f37/
f38
f44
f46
f47/
f48/
f49
f5
f53
f58
f63
f65/
f66/
f69
f78/
f8
f84
f85/
f86/
f89
f91/
f99/
n102/
n104/
n105
n106/
n107
n113/
n114
n17
n25
n26/
n27
n32
n34/
n38/
n43
n49/
n51/
n55/
n6/
n60/
n65
n77
n82
n88
n90/
n91
n93/
Invalid operation
Invalid operation
f53:154
f125:44
f23:42
Invalid operation
n38:dir:0
f53:154
f125:44
f23:42
f53:154
f125:44
f23:42
f53:154
f125:44
f23:42
f53:154
f125:44
f23:42
f53:154
f125:44
f23:42
f53:154
f125:44
f23:42
d10/
d106/
d119/
d12/
d127/
d134
d14/
d141
d153
d160
d161
d164
d170/
d172/
d173/
d174/
d179
d18/
d185/
d186
d19
d192/
d194/
d204/
d205/
d207/
d21/
d22
d221
d222/
d223
d224/
d227
d23/
d237
d24/
d240/
d242/
d244
d245
d248
d255
d256
d26
d267
d283/
d287/
d288/
d29/
d291
d293/
d297/
d299
d3
d32
d33/
d35
d39
d43/
d5/
d52/
d57
d59/
d64/
d66/
d67
d79
d82/
d83
d84
d87/
d89/
d93/
d95/
d96
f0/
f10/
f103
f106/
f107
f108
f111
f113
f116/
f12/
f121/
f125
f126/
f129
f13/
f130
f131/
f133/
f134
f141/
f143/
f145
f15
f150/
f152
f153/
f156
f158
f167/
f168
f174/
f181/
f183
f184/
f186/
f192/
f199
f20/
f201
f205
f206/
f210
f212/
f213/
f221/
f223/
f224
f226/
f23
f232/
f234
f237/
f239
f240/
f246/
f248/
f249
f257/
f259/
f260/
f261/
f267
f27
f271
f279
f283/
f287
f288
f289/
f29/
f291/
f292
f298
f31
f34/
f37/
f38
f44
f46
f47/
f48/
f49
f5
f53
f58
f63
f65/
f66/
f69
f78/
f8
f84
f85/
f86/
f89
f91/
f99/
n102/
n104/
n105
n106/
n107
n113/
n114
n17
n25
n26/
n27
n32
n34/
n38/
n43
n49/
n51/
n55/
n6/
n60/
n65
n77
n82
n88
n90/
n91
n93/
f103:88 ED
Invalid operation
f103:8E
n38:dir:0
f53:154
f125:44
f23:42
Invalid operation
f53:154
f125:44
f23:42
f53:154
f125:44
f23:42
d141:32
f8:30
f103:21
d84:17
f279:17
f53:154
f125:44
f23:42
f53:154
f125:44
f23:42
d141:32
f8:30
f103:21
f53:154
f125:44
f23:42
d141:32
f8:30
f103:21
d84:17
d10/
d106/
d119/
d12/
d127/
d134
d14/
d141
d153
d160
d161
d164
d170/
d172/
d173/
d174/
d179
d18/
d185/
d186
d19
d192/
d194/
d204/
d205/
d207/
d21/
d22
d221
d222/
d223
d224/
d227
d23/
d237
d24/
d240/
d242/
d244
d245
d248
d255
d256
d26
d267
d283/
d287/
d288/
d29/
d291
d293/
d297/
d299
d3
d32
d33/
d35
d39
d43/
d5/
d52/
d57
d59/
d64/
d66/
d67
d79
d82/
d83
d84
d87/
d89/
d93/
d95/
d96
f0/
f10/
f103
f106/
f107
f108
f111
f113
f116/
f12/
f121/
f125
f126/
f129
f13/
f130
f131/
f133/
f134
f141/
f143/
f145
f15
f150/
f152
f153/
f156
f158
f167/
f168
f174/
f181/
f183
f184/
f186/
f192/
f199
f20/
f201
f205
f206/
f210
f212/
f213/
f221/
f223/
f224
f226/
f23
f232/
f234
f237/
f239
f240/
f246/
f248/
f249
f257/
f259/
f260/
f261/
f267
f27
f271
f279
f283/
f287
f288
f289/
f29/
f291/
f292
f298
f31
f34/
f37/
f38
f44
f46
f47/
f48/
f49
f5
f53
f58
f63
f65/
f66/
f69
f78/
f8
f84
f85/
f86/
f89
f91/
f99/
n102/
n104/
n105
n106/
n107
n113/
n114
n17
n26/
n27
n32
n34/
n38/
n43
n49/
n51/
n55/
n6/
n60/
n65
n77
n82
n88
n90/
n91
n93/
d10/
d106/
d119/
d12/
d127/
d134
d14/
d141
d153
d160
d161
d164
d170/
d172/
d173/
d174/
d179
d18/
d185/
d186
d19
d192/
d194/
d204/
d205/
d207/
d21/
d22
d221
d222/
d223
d224/
d227
d23/
d237
d24/
d240/
d242/
d244
d245
d248
d255
d256
d26
d267
d283/
d287/
d288/
d29/
d291
d293/
d297/
d299
d3
d32
d33/
d35
d39
d43/
d5/
d52/
d57
d59/
d64/
d66/
d67
d79
d82/
d83
d84
d87/
d89/
d93/
d95/
d96
f0/
f10/
f103
f106/
f107
f108
f111
f113
f116/
f12/
f121/
f125
f126/
f129
f13/
f130
f131/
f133/
f134
f141/
f143/
f145
f15
f150/
f152
f153/
f156
f158
f167/
f168
f174/
f181/
f183
f184/
f186/
f192/
f199
f20/
f201
f205
f206/
f210
f212/
f213/
f221/
f223/
f224
f226/
f23
f232/
f234
f237/
f239
f240/
f246/
f248/
f249
f257/
f259/
f260/
f261/
f267
f27
f271
f279
f283/
f287
f288
f289/
f29/
f291/
f292
f298
f31
f34/
f37/
f38
f44
f46
f47/
f48/
f49
f5
f53
f58
f63
f65/
f66/
f69
f78/
f8
f84
f85/
f86/
f89
f91/
f99/
n102/
n104/
n105
n106/
n107
n113/
n114
n17
n26/
n27
n32
n34/
n38/
n43
n49/
n51/
n55/
n6/
n60/
n65
n77
n82
n88
n90/
n91
n93/
Invalid operation
f53:154
f125:44
f23:42
n38:dir:0
Invalid operation
n38:dir:0
Invalid operation
d10/
d106/
d119/
d12/
d127/
d134
d14/
d141
d153
d160
d161
d164
d170/
d172/
d173/
d174/
d179
d18/
d185/
d186
d19
d192/
d194/
d204/
d205/
d207/
d21/
d22
d221
d222/
d223
d224/
d227
d23/
d237
d24/
d240/
d242/
d244
d245
d248
d255
d256
d26
d267
d283/
d287/
d288/
d29/
d291
d293/
d297/
d299
d3
d32
d33/
d35
d39
d43/
d5/
d52/
d57
d59/
d64/
d66/
d67
d79
d82/
d83
d84
d87/
d89/
d93/
d95/
d96
f0/
f10/
f103
f106/
f107
f108
f111
f113
f116/
f12/
f121/
f125
f126/
f129
f13/
f130
f131/
f133/
f134
f141/
f143/
f145
f15
f150/
f152
f153/
f156
f158
f167/
f168
f174/
f181/
f183
f184/
f186/
f192/
f199
f20/
f201
f205
f206/
f210
f212/
f213/
f221/
f223/
f224
f226/
f23
f232/
f234
f237/
f239
f240/
f246/
f248/
f249
f257/
f259/
f260/
f261/
f267
f27
f271
f279
f283/
f287
f288
f289/
f29/
f291/
f292
f298
f31
f34/
f37/
f38
f44
f46
f47/
f48/
f49
f5
f53
f58
f63
f65/
f66/
f69
f78/
f8
f84
f85/
f86/
f89
f91/
f99/
n102/
n104/
n105
n106/
n107
n113/
n114
n17
n26/
n27
n32
n34/
n38/
n43
n49/
n51/
n55/
n6/
n60/
n65
n77
n82
n88
n90/
n91
n93/
Null
Invalid operation
f53:154
f125:44
f23:42
d141:32
d10/
d106/
d119/
d12/
d127/
d134
d14/
d141
d153
d160
d161
d164
d170/
d172/
d173/
d174/
d179
d18/
d185/
d186
d19
d192/
d194/
d204/
d205/
d207/
d21/
d22
d221
d222/
d223
d224/
d227
d23/
d237
d24/
d240/
d242/
d244
d245
d248
d255
d256
d26
d267
d283/
d287/
d288/
d29/
d291
d293/
d297/
d299
d3
d32
d33/
d35
d39
d43/
d5/
d52/
d57
d59/
d64/
d66/
d67
d79
d82/
d83
d84
d87/
d89/
d93/
d95/
d96
f0/
f10/
f103
f106/
f107
f108
f111
f113
f116/
f12/
f121/
f125
f126/
f129
f13/
f130
f131/
f133/
f134
f141/
f143/
f145
f15
f150/
f152
f153/
f156
f158
f167/
f168
f174/
f181/
f183
f184/
f186/
f192/
f199
f20/
f201
f205
f206/
f210
f212/
f213/
f221/
f223/
f224
f226/
f23
f232/
f234
f237/
f239
f240/
f246/
f248/
f249
f257/
f259/
f260/
f261/
f267
f27
f271
f279
f283/
f287
f288
f289/
f29/
f291/
f292
f298
f31
f34/
f37/
f38
f44
f46
f47/
f48/
f49
f5
f53
f58
f63
f65/
f66/
f69
f78/
f8
f84
f85/
f86/
f89
f91/
f99/
n102/
n104/
n105
n106/
n107
n113/
n114
n17
n26/
n27
n32
n34/
n38/
n43
n49/
n51/
n55/
n6/
n60/
n65
n77
n82
n88
n90/
n91
n93/
f53:tkwmlxo83khl_7i-f8lssb8fjyo5958qtr5x39d35e.sngoar613z3kssxfvj8mkhownrbmuhhteoaci0w_h8b.-yha_xvqwttbxxe5kene r44idisphvv3kjg_.s msh80fej8-r7x85atzwsfzo512xxx
d10/
d106/
d119/
d12/
d127/
d134
d14/
d141
d153
d160
d161
d164
d170/
d172/
d173/
d174/
d179
d18/
d185/
d186
d19
d192/
d194/
d204/
d205/
d207/
d21/
d22
d221
d222/
d223
d224/
d227
d23/
d237
d24/
d240/
d242/
d244
d245
d248
d255
d256
d26
d267
d283/
d287/
d288/
d29/
d291
d293/
d297/
d299
d3
d32
d33/
d35
d39
d43/
d47/
d5/
d52/
d57
d59/
d64/
d66/
d67
d79
d82/
d83
d84
d87/
d89/
d93/
d95/
d96
f0/
f10/
f103
f106/
f107
f108
f111
f113
f116/
f12/
f121/
f125
f126/
f129
f13/
f130
f131/
f133/
f134
f141/
f143/
f145
f15
f150/
f152
f153/
f156
f158
f167/
f168
f174/
f181/
f183
f184/
f186/
f192/
f199
f20/
f201
f205
f206/
f210
f212/
f213/
f221/
f223/
f224
f226/
f23
f232/
f234
f237/
f239
f240/
f246/
f248/
f249
f257/
f259/
f260/
f261/
f267
f27
f271
f279
f283/
f287
f288
f289/
f29/
f291/
f292
f298
f31
f34/
f37/
f38
f44
f46
f47/
f48/
f49
f5
f53
f58
f63
f65/
f66/
f69
f78/
f8
f84
f85/
f86/
f89
f91/
f99/
n102/
n104/
n105
n106/
n107
n113/
n17
n26/
n27
n32
n34/
n38/
n43
n49/
n51/
n55/
n6/
n60/
n65
n77
n82
n88
n90/
n91
n93/
f53:156
f125:44
f23:42
Invalid operation
Invalid operation
f53:156
f125:44
f23:42
/f53
f53:156
f125:44
f23:42
n38:dir:0
f103:67
Invalid operation
d114:31
d264:23
d95:11
d157:5
d264:51 D9
d123:dir:0
Invalid operation
Invalid operation
Invalid operation
Invalid operation
d114:mltt52-f36q.6u3x4n5zbbaqkdst1rxcg.vwipv
Invalid operation
f24
d114:mltt52-f36q.6u3x4n5zbbaqkdst1rxcg.vwipv
Invalid operation
Invalid operation
Invalid operation
d119/
d123/
f221/
n83/
/d185/d283/d114
f221:dir:0
f221:dir:0
Invalid operation
d119/
d123/
f221/
f249/
n83/
d264:BD CB 0A 8C 19 F1
Invalid operation
d119/
d123/
f221/
f249/
n83/
d119/
d123/
f209
f221/
f249/
n83/
d114:mltt52-f36q.6u3x4n5zbbaqkdst1rxcg.vwipv
d264:34 05 A3
d114
d157
d187/
d192/
d40
d98/
f230
f239/
f45/
n60/
n92
Invalid operation
f221:dir:0
Invalid operation
d112:bj
/d185/d283/f45/d112
Invalid operation
d112:bj
Invalid operation
f103:88 ED 60 E9 62
Invalid operation
f221:dir:0
f103:0D
/d185/d283/d114
Invalid operation
d119/
d123/
d48/
f17/
f221/
f249/
f90/
n83/
Null
f221:dir:0
Null
Invalid operation
f103:CE
d114:mltt52-f36q.6u3x4n5zbbaqkdst1rxcg.vwipvzu2zza358fh y6ar
d135/
d234/
Invalid operation
Invalid operation
d114:mltt52-f36q.6u3x4n5zbbaqkdst1rxcg.vwipvzu2zza358fh y6arr.
f199:2
Invalid operation
Invalid operation
f221:dir:0
f103:86 09 03 D9 88 ED 60 E9 62 AD 89 CD D2
f221:dir:0
f103:D2 EA E7 CE
Invalid operation
/d185/d283/f45/f10
f10:3
Invalid operation
Invalid operation
Invalid operation
f103:3D D8 86 09 03 D9 88 ED 60 E9 62 AD 89 CD
Invalid operation
d110
d119/
d123/
d48/
d57/
d6
f17/
f221/
f249/
f41
f90/
n56/
n83/
Invalid operation
Invalid operation
d110
d119/
d123/
d296
d48/
d57/
d6
f17/
f221/
f249/
f41
f90/
n56/
n83/
f41:EF F0
/d185/d283/f45/d57/d21
Invalid operation
Null
Invalid operation
Null
/d185/d283/f45/d57/d21
Invalid operation
Invalid operation
Invalid operation
d285:AD
d120/
d120/
d180/
Invalid operation
d120/
d180/
n93
d285:21 AB
Invalid operation
n93:4
d192:0
d120/
d180/
d192
d250/
n93
Invalid operation
f267:goudzv dm8
Invalid operation
/d185/d283/f45/d57/d102/d245/d192
d120:dir:0
d120/
d151/
d180/
d192
d250/
f35
f97
n88/
n93
n95
d120:dir:0
d120/
d151/
d180/
d192
d250/
f35
f97
n88/
n93
n95
f97:11
f35:9
n93:8
d192:0
n95:0
Null
f97:0F
d120/
d151/
d180/
d192
d250/
f292
f35
f97
n57
n88/
n95
n57:13
f97:11
f35:9
d285:bin:4
f152:g83 -thtpay.3wu3
d285:bin:3
f41:F0 00 00 00 44 E8 81
d102/
d21
f153/
d285:bin:3
n19:F9
Invalid operation
d21:19
d215:13
f160:10
n19:2
f153:dir:0
d21:1m62y hrwjgmdygs79d
Invalid operation
Invalid operation
Invalid operation
n57:13
f97:11
f35:9
f292:8
d137:4
d192:0
Invalid operation
d120/
d137
d151/
d180/
d250/
f292
f35
f97
n57
n88/
n95
Invalid operation
Invalid operation
f97:49 58 2A 20
/d185/d283/f45/d57/d102/d245/n95
/d185/d283/f45/d57/d102/d245/n95
Invalid operation
d120/
d137
d151/
d180/
d250/
d255
f290
f292
f35
f44/
f97
n57
n88/
n95
f97:CC
Invalid operation
Invalid operation
Invalid operation
Invalid operation
Invalid operation
d120:dir:0
Null
n95: sxkh .d7dlag
Invalid operation
d120/
d137
d151/
d165/
d180/
d232
d250/
d255
f290
f292
f35
f44/
f97
n57
n88/
f97:00
Invalid operation
Invalid operation
Invalid operation
d120/
d151/
d165/
d180/
d232
d250/
d255
d36/
f290
f35
f44/
f97
n57
n88/
d120:dir:0
Invalid operation
Invalid operation
Invalid operation
Invalid operation
Invalid operation
d120/
d151/
d165/
d180/
d232
d240/
d250/
f29
f290
f35
f44/
f97
n30/
n45/
n57
n70
n88/
f97:26
f35:23
n57:13
Invalid operation
f97:87
d120/
d151/
d165/
d180/
d232
d240/
d250/
f29
f290
f35
f44/
f97
n30/
n45/
n57
n70
n88/
n19:A7
/d185/d283/f45/d57/d21
d102/
d183/
d21
d215
d228
d259
f153/
f261/
f55/
Invalid operation
f41:17
Invalid operation
d102/
d183/
d21
d215
d226/
d228
d259
f153/
f250
f261/
f42/
f55/
f66
d21:1m62y hrwjgmdygs79dqw1dqx
f153:dir:0
d21:40
d215:13
f250:12
d259:8
f66:3
d228:0
Invalid operation
/d185/d283/f45/d57/d21
d21:1m62y hrwjgmdygs79dqw1dqxsc0dzlk7r.8woo8
f41:F2 D3 11 67
f153:dir:0
Invalid operation
d21:1m62y hrwjgmdygs79dqw1dqxsc0dzlk7r.8woo8
Invalid operation
f41:2E EF
f153:dir:0
Null
f41:26 ED 5D 1D F3 F2 D3 11 67 17 79 D3
f41:D0 EF F0
f41:80 D0 EF F0 26 ED 5D
d21:1m62y hrwjgmdygs79dqw1dqxsc0dzlk7r.8woo8
d21:40
d215:13
f250:12
d259:8
f153:dir:0
/d185/d283/f45/d57/d21
d21:1m62y hrwjgmdygs79dqw1dqxsc0dzlk7r.8woo8
d21:1m62y hrwjgmdygs79dqw1dqxsc0dzlk7r.8woo8
d102/
d183/
d21
d215
d226/
d228
d259
f147
f153/
f250
f261/
f298/
f42/
f43
f55/
f66
n16
Invalid operation
f147:00
Invalid operation
d110
d119/
d123/
d264
d48/
d57/
d6
f17/
f221/
f249/
f41
f59
f90/
n56/
n83/
d110
d119/
d123/
d264
d48/
d57/
d6
f166
f17/
f221/
f249/
f3
f54
f59
f90/
n56/
n83/
d6:A0 A9
d114:57
n98:10
d157:5
d114:57
n98:10
d157:5
d40:0
f168:0
/d185/d283/d114
d114
d157
d187/
d192/
d40
d98/
f168
f239/
f45/
n60/
n92
n98
/d185/d283/d114
f103:62 AD 89
Invalid operation
Invalid operation
Invalid operation
Invalid operation
d114:57
f143:11
f46:7
d157:5
d40:0
n92:0
d114
d157
d187/
d192/
d40
d98/
f143
f239/
f45/
f46
n60/
n90/
n92
Invalid operation
d6:93 35 78 A0
d110
d119/
d123/
d264
d48/
d57/
d6
f166
f17/
f221/
f249/
f257/
f3
f54
f59
f90/
n56/
n82/
n83/
d110
d119/
d123/
d264
d48/
d57/
d6
f166
f17/
f221/
f249/
f257/
f3
f54
f59
f90/
n56/
n72
n82/
n83/
d6:87 C7 0B 00
d107:p2g6eqbfgbx5ru00c
d6:93 99 A2
Invalid operation
d69:3
Invalid operation
Invalid operation
Null
d69:3
Invalid operation
d69:bin:4
d69:bin:4
Invalid operation
Invalid operation
d67/
n48/
d6:A8 53 1A
d67:dir:0
d6:93 99 A2
Invalid operation
d67:dir:0
/d185/d283/f45/f17/f60/n119
Invalid operation
d67:dir:0
d204/
d258
d67/
f197/
f84/
f91
n31/
n48/
f91:4
d258:2
Invalid operation
Invalid operation
Invalid operation
Invalid operation
d258:73
d67:dir:0
Invalid operation
Invalid operation
n103:17
f91:4
n103:17
/d185/d283/f45/f17/f60/d7/d258
Null
Invalid operation
d45/
Invalid operation
f108: mc_ aljn_hb
d45/
f17
f99/
f99:dir:0
d45/
f99/
Invalid operation
Invalid operation
d67:dir:0
Invalid operation
d204/
d258
d67/
f197/
f292/
f84/
f91
n103
n31/
n48/
Invalid operation
d6:4F C1 93 99 A2 87 C7
d7/
f162/
n119
n119:26
d7/
f162/
n119
Invalid operation
d6:C7
n48:
Invalid operation
n48:
Invalid operation
d7/
f162/
n119
Invalid operation
f75:00
d0:dir:0
d0/
n48:os471xx
n48:os471xxxwsacwfchmzx5yxd
Invalid operation
Invalid operation
Invalid operation
/d185/d283/f45/f17/f36/d0/f191
n48:os471xxxwsacwfchmzx5yxd
Invalid operation
d294/
Invalid operation
n48:os471xxxwsacwfchmzx5yxdbe.-
n48:os471xxxwsacwfchmzx5yxdbe.-
Invalid operation
f75:45 58 43 B6 00 00
f75:00 7A CD
Invalid operation
d0/
Invalid operation
Invalid operation
d0:dir:0
/d185/d283/f45/f17/n48
/d185/d283/f45/n72
f75:00 69 82 B6 49 16 79
Invalid operation
Invalid operation
/d185/d283/f45/f17/n48
d108:
Invalid operation
n104/
n104/
Null
f75:69 82 B6 49 16 79 43
d108:c-n
d108:c-n
d134:txt:9
n104/
f75:F3 A3 00 00 00
d108:c-n
d108:c-n
/d185/d283/f45/f17/f36/d0/d108
n104/
d108:3
f75:13 D7 7D C8 04 B9 5D F3 A3 00 00 00 69 82 B6 49 16 79
d28:dir:0
d28:dir:0
f75:69 82 B6
n104/
n37
d255/
n104/
n37
n37:r__4d_ej3b09qe
Invalid operation
Invalid operation
n37:txt:15
Invalid operation
Invalid operation
/d185/d283/f45/f17/f36/d0/n89/n37
Invalid operation
d174
d255/
d298
f111/
f5/
n104/
n37
d174
d255/
d298
f111/
f5/
n104/
n37
f75:5D F3 A3 00 00 00 69 82 B6 49 16 79 43 E1
n37:txt:15
/d185/d283/f45/f17/f36/d0/n89/n37
f75:00 00 00 69 82
f75:44 4C F2 CC DE 6B
Invalid operation
Invalid operation
n37:txt:15
n37:r__4d_ej3b09qex
n37:txt:15
n37:txt:15
Invalid operation
n37:r__4d_ej3b09qex
Null
Invalid operation
Invalid operation
Invalid operation
Invalid operation
f109/
f38/
f8
f109/
f38/
f8
f150:0
f150:6C 4C 56
Invalid operation
n37:r__4d_ej3b09qex
/d185/d283/f45/f17/f36/d0/d108
Invalid operation
d108
d28/
d294/
d46/
d55
n89/
n93/
d28:dir:0
d108:c-nx
f75:00 00 00 69
f75:49
f75:51 AF 00 00
Invalid operation
Invalid operation
d108:c-nx
f75:C5 5D 51 AF 00 00
/d185/d283/f45/f17/f36/d0/d108
d108:c-nx
d108:4
d55:0
Null
Invalid operation
Invalid operation
d108
d132/
d28/
d294/
d46/
d93/
n26/
n89/
n93/
d108:4
Invalid operation
Invalid operation
f224/
Invalid operation
d109
f224/
/d185/d283/f45/f17/f36/d241/d109
f108: mc_ aljn_hb
d109:8
Invalid operation
Invalid operation
d109:9
d109
d63/
f224/
f270/
Null
Null
d109:9
d100:6
Invalid operation
Invalid operation
Invalid operation
d100
d109
f224/
f270/
Invalid operation
d109:9
d83:
Invalid operation
f224:dir:0
Null
/d185/d283/f45/f17/f36/d241/d109
d109:9
f212:4
f206:0
/d185/d283/f45/f17/f36/f168
/f168
Invalid operation
d135/
d234/
f139/
f256/
f258
f36/
f60/
f75
n48
n93/
f36:dir:0
Invalid operation
d135/
d234/
f139/
f256/
f257/
f258
f36/
f60/
f75
n38/
n48
n93/
d135/
d234/
f139/
f256/
f257/
f258
f36/
f60/
f75
n38/
n48
n93/
n48:os471xxxwsacwfchmzx5yxdbe.-ymh3fvexj366 y1ni08c8qd1ka4uaa8r7w
Invalid operation
f75:45 58 44 4C F2
Invalid operation
Invalid operation
f258:
d135/
d234/
d240
d249
f139/
f2/
f256/
f257/
f258
f36/
f60/
f75
n38/
n93/
f75:B6 49 B0 CB 7B
f75:41 58
Null
f75:00 69 82 B6 49
d135/
d234/
d240
d249
f139/
f2/
f256/
f257/
f258
f36/
f60/
f75
n38/
n93/
d110:46
d6:9
f166:7
f54:6
Invalid operation
f75:DE 9D C5 5D 51 AF 00 00 00 69 82 B6 49 B0 CB 7B 68
Invalid operation
Invalid operation
f36:dir:0
f75:AF 00 00 00 69 82 B6 49 B0 CB 7B
f36:dir:0
d135/
d234/
d240
d249
d255/
d295
d93
f139/
f2/
f256/
f257/
f258
f36/
f60/
f75
n38/
n58
n93/
Invalid operation
f36:dir:0
Null
d135/
d162
d234/
d240
d249
d255/
d295
d93
f139/
f2/
f256/
f257/
f258
f273/
f36/
f60/
f75
n38/
n58
n93/
f75:4C F2 CC DE 9D C5 5D 51 AF 00 00 00
f75:F2 CC DE 9D C5 5D 51 AF 00 00 00 69 82 B6 49 B0 CB 7B 68 41 58 2E 00 00 00
d135/
d157
d162
d234/
d240
d249
d255/
d93
f139/
f19
f2/
f256/
f257/
f258
f273/
f36/
f60/
f75
n38/
n58
n93/
f36:dir:0
Invalid operation
f75:F2 CC DE 9D C5 5D 51 AF 00 00 00
Invalid operation
f75:30
d162:13
d93:12
/d185/d283/f45/f17/f75
f75:30
d162:13
d93:12
n119:26
Invalid operation
n119:md:26
n17:bldy 
Invalid operation
d0/
d241/
d25
f168
f247/
n25/
n56/
d0/
d241/
d25
f168
f247/
n25/
n56/
d0/
d241/
d25
f168
n25/
n56/
/d185/d283/f45/f17/f36/f168
/f168
Invalid operation
d0:dir:0
/d185/d283/f45/f17/f36/f168
/f168
d0/
d241/
d25
f168
f217
f84
n25/
n56/
d135/
d157
d162
d234/
d240
d249
d255/
d93
f139/
f19
f2/
f223
f256/
f257/
f258
f273/
f281
f36/
f60/
f79
n38/
n58
n93/
d162:13
d93:12
d249:10
Invalid operation
Invalid operation
d249:00 3B A4 08 5B
f36:dir:0
d135/
d157
d162
d180
d234/
d249
d255/
d260
f139/
f19
f2/
f223
f256/
f257/
f258
f273/
f281
f36/
f60/
f79
n38/
n58
n93/
Invalid operation
Invalid operation
Invalid operation
d249:C6 6C 19 AE 93 7B BF
Invalid operation
/d185/d283/f45/f17/d249
/d185/d283/f45/f17/d249
d32:dir:0
Invalid operation
d249:C6 6C 19
/d185/d283/f45/f17/f2/d32/n63
n63:g20pucu9udfytr
/d185/d283/f45/f17/f2/d32/n63
n63
Invalid operation
Invalid operation
n63:14
Null
n63:g20pucu9udfytr
n63:g20pucu9udfytr
n63
n63:14
Invalid operation
d249:00 00 00 0E F5 32 A4 01 84
n63:g20pucu9udfytr
n63:14
n63
Null
Null
Invalid operation
f158:0
n63:txt:14
n63:14
d258:9
d55:3
n71:3
d187/
d258
d55
f113
n63
n71
Null
n69/
d281:bin:0
d163
d281
f23/
d163
d281
f23/
d163:10
d281:0
d281:bin:0
d281:bin:0
/d185/d283/f45/f17/f2/f282/n69/f23/d147
d147:txt:0
Null
d147:txt:7
d147:c3hcmgd
d147:txt:7
d281:A8
d147:txt:7
d163
d281
f23/
d147:txt:7
Invalid operation
d147
d28
/d185/d283/f45/f17/f2/f282/n69/f23/d147
Invalid operation
Invalid operation
d147:txt:7
d281:2E 73
Invalid operation
d147
d28
d147
d28
d147:txt:8
/d185/d283/f45/f17/f2/f282/n69/d163
d281:23
d163:10
d163
d281
f23/
Invalid operation
Null
Invalid operation
d281:BE 7B 2E 73 00 00
d281:00 3B 45 DD 0F F1 CB CA 0D BE 7B 2E 73 00 00
d126
d147
d207
d28
f229/
f42
f98/
Invalid operation
d163:10
f149:8
Invalid operation
/d185/d283/f45/f17/f2/f282/n69/d163
/f145
Invalid operation
f149:7A 24 5B CB 09 00 DD 79 F4
Invalid operation
Null
d163
f1/
f23/
f43
d163
f1/
f23/
f43
Invalid operation
f158:
d66:F6 16 C1
d252/
f1/
f137/
f23/
d252/
f1/
f137/
f23/
n102
d147:54
Invalid operation
n69/
Invalid operation
Invalid operation
d105
d32/
d66
f158
f198/
f282/
Invalid operation
Invalid operation
/d185/d283/f45/f17/f2/f158
/f158
d32:dir:0
d247
d32/
d66
f158
f198/
f282/
Null
d32:dir:0
Invalid operation
Invalid operation
d147:54
Invalid operation
/d185/d283/f45/f17/f2/f282/f69
/f69
f69:v8bqij
Invalid operation
Invalid operation
d168:10
f69:6
Invalid operation
d168
d272/
d75/
f107/
f69
n17/
n69/
d66:1C BE 25 4A
d66:4A
Invalid operation
Invalid operation
Invalid operation
/d185/d283/f45/f17/f2/f158
/f158
d272/
d75/
f107/
f249/
f69
n17/
n2
n69/
n8
n8:2D
n8:2D
Null
Invalid operation
Invalid operation
Invalid operation
Invalid operation
f8:l  zilrtb92t66zm40k735d.dgl0 xxlf6dd0k4 o
/f8
n8:2D 00
f8:txt:41
d16
d164/
d231
d272/
d299/
d75/
f107/
f148
f177/
f249/
f69
n17/
n2
n69/
n8
Invalid operation
d231:D1 9A
/f8
f69:30
d231:9
f246:5
n8:3
f8:l  zilrtb92t66zm40k735d.dgl0 xxlf6dd0k4 o9bgtxc9vev
Invalid operation
Invalid operation
Invalid operation
f69:v8bqijl1vx3166d5iulx5p.7 0_in_
n69:dir:0
d16
d164/
d231
d272/
d299/
d75/
f107/
f148
f177/
f246
f249/
f251
f279
f69
n17/
n2
n69/
n8
d16
d164/
d231
d272/
d299/
d75/
f107/
f148
f177/
f246
f249/
f279
f69
n17/
n2
n69/
n8
/d185/d283/f45/f17/f2/f282/f69
/f69
Invalid operation
n8:CF 66 A2 2E 8F
Invalid operation
Invalid operation
d16
d164/
d216
d231
d257/
d272/
d299/
d75/
f107/
f110
f148
f177/
f184
f246
f249/
f279
f69
n17/
n2
n69/
n8
n8:CF 66 A2 62 A7
f69:v8bqijl1vx3166d5iulx5p.7 0_in_c6_g2
Invalid operation
Invalid operation
n8:DF
f69:35
n100:17
Invalid operation
/d185/d283/f45/f17/d249
d135/
d157
d180
d234/
d249
d255/
d260
f139/
f19
f2/
f223
f256/
f257/
f258
f273/
f281
f36/
f60/
f79
n38/
n58
n93/
Invalid operation
f36:dir:0
d216
d229/
Invalid operation
d216:2
d216:c4
Invalid operation
f34:3
d216:2
d216
d229/
f34
f88/
d229:dir:0
f34:4
d216:2
Invalid operation
/d185/d283/f45/f17/d255/d216
d216
d229/
d81/
f34
f88/
Invalid operation
Invalid operation
Invalid operation
Invalid operation
Invalid operation
/d185/d283/f45/f17/d255/d216
f34:00 00 00
f34:8
f292:7
d148:5
d216:2
d37:0
d148
d216
d229/
d81/
f292
f34
f88/
d216:9
f292:7
f34:6
d148:5
Invalid operation
Invalid operation
d148
d216
d229/
d81/
f139
f292
f34
f88/
d229:dir:0
Null
d148
d216
d229/
d81/
f292
f34
f88/
Invalid operation
Invalid operation
/d185/d283/f45/f17/d255/d216
d229:dir:0
Invalid operation
f34:00 00
/d185/d283/f45/f17/d255/d229/d189
d189:.wpnxrsia daazcx0
d189:.wpnxrsia daazcx0
f34:2F
f34:00 00 00 2F F4 57
d229:dir:0
/d185/d283/f45/f17/d255/d216
Invalid operation
f34:28 A7 AB 00 00
f198/
f198:dir:0
/d185/d283/f45/f17/d255/d229/f150/d291
/d291
d291:
d135:CC 79
d135
d14
d235
d291
f198/
d135:13
d135
d14
d235
d291
f118
f198/
d135:BB F6 CC 79
Null
d135
d14
d230
d235
d266
d291
f110/
f118
f120
f198/
n12/
n66/
d135:A5
d135:16
d291:fpyru633
f198:dir:0
Null
d135:16
d135:16
f120:12
d291:9
d230:8
d204:6
f118:6
d14:4
d266:0
d135:16
f120:12
f198:dir:0
Null
d135
d14
d204
d230
d266
d291
f110/
f118
f120
f198/
f252
f58/
f98/
n12/
n66/
Invalid operation
/d185/d283/f45/f17/d255/d229/f150/d291
/d291
f198:dir:0
d291:fpyru633-7scnweb6g47fprn4
Invalid operation
d135:BB F6 CC 79 13 93 0E
d291:fpyru633-7scnweb6g47fprn4
d291:fpyru633-7scnweb6g47fprn4
f144:dir:0
Invalid operation
Invalid operation
f144/
d135:57 D4 F6 CC 79 13 1D 54 5E 07 1E 31 E1 65 D3 00
d135:07
f144/
Invalid operation
f144/
d135:00 00
d135:31 E1 65
Invalid operation
/d185/d283/f45/f17/d255/d229/f150/d291
/d291
d157/
f144/
d157/
f144/
n9
/d185/d283/f45/f17/d255/d229/f150/f110/n9
n9:-v
d135:13 1D 54 5E 07 1E 31 E1 65 D3 00 00
d157/
f144/
d135:D4 F6 CC 79 13 1D 54 5E 07 1E
Invalid operation
d157/
f144/
Null
f144:dir:0
d135:5E 07 1E 31 E1 65 D3 00
f12:17
Invalid operation
f144:dir:0
Invalid operation
Invalid operation
d187:txt:3
d187:tcj
d111/
d187
d86/
n103/
d111/
d187
d86/
n103/
d187:3
d187:3
Invalid operation
d187:tcj
d157/
f144/
Invalid operation
f144:dir:0
Invalid operation
f144:dir:0
d157/
f144/
Invalid operation
f144:dir:0
Invalid operation
d135
d14
d202/
d204
d230
d266
d291
f110/
f118
f120
f155
f198/
f252
f58/
f87
f98/
n12/
n66/
f198:dir:0
Invalid operation
/d185/d283/f45/f17/d255/d229/f150/f110/f242
f242:65 79
d291:60
d135:23
f120:12
f87:11
f155:9
d230:8
d204:6
d135:CC 79
d157/
d213
d255/
f144/
f174
f242
n26
Invalid operation
/d185/d283/f45/f17/d255/d229/f150/d291
/d291
/d185/d283/f45/f17/d255/d229/f150/d291
/d291
f198:dir:0
d291:60
d135:22
f120:12
f87:11
f155:9
d230:8
d135
d14
d202/
d204
d230
d266
d291
f110/
f118
f120
f155
f198/
f232/
f244/
f252
f58/
f87
f98/
n12/
n66/
d135
d14
d202/
d204
d230
d266
d291
f110/
f118
f120
f155
f198/
f232/
f244/
f252
f58/
f87
f98/
n12/
n66/
f198:dir:0
d135:76
d135:F1 76 39 00 00 00 00 00 00
/d185/d283/f45/f17/d255/d229/f150/d291
/d291
Invalid operation
Invalid operation
d135
d14
d181/
d202/
d204
d230
d266
d291
f110/
f118
f120
f155
f198/
f204
f232/
f244/
f252
f51
f58/
f87
f98/
n12/
n66/
Invalid operation
d291:60
d135:23
f120:12
f87:11
f155:9
d230:8
Invalid operation
Invalid operation
d177
d71/
f150/
f34:00 2F F4
d229:dir:0
d148
d216
d229/
d50/
d81/
d9
f292
f34
f88/
d148
d216
d229/
d81/
d9
f292
f34
f88/
f34:F4 00
Null
f34:5E 00 2F
d216:44
d9:15
f34:10
f292:7
d148:5
n105:5
d229:dir:0
/d185/d283/f45/f17/d255/d216
d216:44
d9:15
f34:10
f292:7
f188:6
d148:5
f267:goudzv dm8
d147/
d148
d216
d229/
d81/
d9
f188
f292
f34
f88/
n105
d147/
d148
d216
d229/
d270
d81/
d9
f188
f292
f34
f88/
n105
d147/
d148
d216
d229/
d270
d81/
d9
f188
f292
f34
f88/
n105
Invalid operation
/d185/d283/f45/f17/d255/n105
/n105
Null
Invalid operation
d147/
d148
d216
d229/
d270
d81/
d84
d9
f188
f218/
f292
f34
f60/
f88/
n105
d229:dir:0
Invalid operation
d216:c4elhjfn0glnsnxy5dfxuret.st 63ncln_wysc09q0u
f34:FF
Invalid operation
/d185/d283/f45/f17/d255/d216
n21
Invalid operation
f34:F4 D0
d147/
d148
d216
d229/
d270
d81/
d84
d9
f188
f218/
f292
f34
f48/
f60/
f88/
n105
d147/
d148
d216
d229/
d270
d81/
d84
d9
f218/
f292
f34
f48/
f60/
f88/
n105
Invalid operation
n21:
n21:1
d184:0
d184
n21
n21:md:1
Invalid operation
d135/
d157
d162
d180
d200
d234/
d249
d255/
d260
f139/
f176/
f19
f2/
f223
f256/
f257/
f258
f273/
f281
f36/
f60/
f79
n38/
n58
n93/
Null
Invalid operation
f224:031-49.j
Invalid operation
Invalid operation
Invalid operation
d110:iv5angm5x.knp3sxx5_e3cd_jyak-p5aq6rh-l_cput_5c
Invalid operation
Invalid operation
Invalid operation
d50:0
d50:0
Invalid operation
d119/
d123/
d264
d48/
d57/
d6
f166
f17/
f221/
f249/
f257/
f3
f54
f59
f90/
n56/
n63/
n72
n82/
n83/
Invalid operation
Invalid operation
Invalid operation
f17:dir:0
Invalid operation
f17:dir:0
Invalid operation
Null
d119/
d123/
d48/
d57/
d6
f166
f17/
f19
f221/
f249/
f257/
f268/
f3
f38
f54
f59
f90/
n56/
n63/
n82/
n83/
Invalid operation
d119/
d123/
d48/
d57/
d6
f17/
f19
f221/
f249/
f257/
f268/
f3
f38
f54
f59
f90/
n56/
n63/
n82/
n83/
Invalid operation
d6:31 07 31
Invalid operation
f17:dir:0
Invalid operation
Invalid operation
Invalid operation
Invalid operation
Invalid operation
/d185/d283/f45/f59
f162:15
n110:15
f275:7
f19:6
f54:6
d15:5
f59:4
f3:0
Invalid operation
Invalid operation
Invalid operation
/d185/d283/f45/f17/d249
Invalid operation
Invalid operation
f17:dir:0
Invalid operation
Invalid operation
Invalid operation
d249:6C 12 00
Invalid operation
Invalid operation
Invalid operation
/d185/d283/f45/f17/d249
/d185/d283/f45/f17/d249
d249:36
d135/
d157
d162
d180
d186
d194/
d200
d205
d234/
d249
d255/
d260
d36/
d72
f139/
f176/
f19
f2/
f223
f244
f252/
f256/
f257/
f258
f273/
f281
f36/
f60/
f79
f89/
n38/
n58
n93/
Invalid operation
d0/
d240
d241/
d25
f168
f217
f84
n25/
n56/
Invalid operation
Invalid operation
d109
f206
f224/
f256/
f270/
d109:9
f206:0
Invalid operation
d249:54 5B A2 00 00 00 00 00 0E F5 32 A4 01 84 B3 D2 42 1C 6C 12 00 00 00
d157
d256
f131
f206
f224/
f256/
f270/
n110
n45/
Invalid operation
Invalid operation
d0/
d240
d241/
d25
f168
f217
f84
n25/
n56/
d0:dir:0
d249:A2 00 00 00 00 00 0E 1D D8 A9 CC 92 AD D2 42 1C 6C 12 00 00 00
d249:93 7B BF 54 5B A2 00 00 00
f107:17
f84:16
f168:12
f92:3
f217:1
d240:0
d25:0
/d179
d0/
d240
d241/
d25
d96
f107
f168
f201
f217
f84
f92
n25/
n56/
Invalid operation
Invalid operation
Invalid operation
f92:76 37 E6 8F
f92:5B 76
f206:6t8s14wt7zyna36lf381lm p
d291:md:0
f206:24
d157:11
Invalid operation
Invalid operation
Invalid operation
Invalid operation
d157
d174/
d193
d41
f124/
f131
f224/
f228/
f253/
f256/
f270/
f35/
n119/
n45/
Invalid operation
d157:12
d193:10
d41:5
d0/
d240
d241/
d25
d96
f107
f168
f201
f217
f84
f92
n25/
n56/
f107:17
f84:16
d96:12
f168:12
f201:8
d0/
d240
d241/
d25
d96
f107
f152/
f168
f201
f217
f84
f92
n25/
n56/
Invalid operation
Invalid operation
/d185/d283/f45/f17/f36/f168
/f168
Invalid operation
f92:E6 8F
f92:8F
Invalid operation
d0:dir:0
d0/
d240
d241/
d25
d96
f107
f152/
f168
f201
f217
f84
f92
n25/
n56/
Null
f92:37
d0:dir:0
f168:8rc0fk85ibk-x
f168:8rc0fk85ibk-xt5ep_glo
f168:8rc0fk85ibk-xt5ep_glo
f168:8rc0fk85ibk-xt5ep_glov8lu0hhjzy.3
d0/
d240
d241/
d25
d96
f152/
f168
f201
f217
f84
f92
n112
n25/
n56/
d0:dir:0
Invalid operation
f168:8rc0fk85ibk-xt5ep_glov8lu0hhjzy.3
f168:8rc0fk85ibk-xt5ep_glov8lu0hhjzy.3
Invalid operation
f168:8rc0fk85ibk-xt5ep_glov8lu0hhjzy.3
d0/
d158
d240
d241/
d25
d96
f152/
f168
f201
f217
f84
f92
n112
n25/
n56/
f168:33
f84:16
f92:14
d96:12
d158:10
f201:8
Invalid operation
Invalid operation
Invalid operation
Invalid operation
d113
d157
d174/
d193
d222/
d41
f124/
f131
f224/
f228/
f253/
f256/
f270/
f35/
n119/
n45/
d41:96
Invalid operation
d113
d157
d174/
d193
d222/
d41
f124/
f131
f183/
f224/
f228/
f253/
f256/
f270/
f35/
n119/
n45/
d157:txt:13
d175:3
f17:16
f125:4
f17:p4h-c4ge50gcxjyl
f235:dir:0
f17:p4h-c4ge50gcxjyl
d200
f125
f17
f235/
f17:p4h-c4ge50gcxjyl
/d185/d283/f45/f17/f36/d241/f228/f17
f235:dir:0
Invalid operation
f125:88
f235:dir:0
f125:08 8A 08 4E 4C 15 7A
/d185/d283/f45/f17/f36/d241/f228/f17
d113
d157
d174/
d193
d222/
d41
f124/
f183/
f224/
f228/
f253/
f256/
f270/
f35/
n119/
n45/
d113
d157
d174/
d193
d222/
d41
f124/
f183/
f224/
f228/
f253/
f256/
f270/
f35/
n119/
n45/
d113
d157
d174/
d193
d222/
d41
f124/
f183/
f224/
f228/
f253/
f256/
f270/
f35/
n119/
n45/
Invalid operation
d41:66 96 7B
d41:00 8B DB FF
d113
d174/
d193
d222/
d41
d53/
f124/
f183/
f224/
f228/
f253/
f256/
f270/
f35/
n119/
n45/
f279
d41:BA 8B 0F FF 5B 05 66 96 7B 1B
d193:13
d41:12
d193:13
d193:873xa2da5nwwx
Invalid operation
d41:66 96 7B 1B C7
Invalid operation
Invalid operation
Invalid operation
Invalid operation
Invalid operation
Invalid operation
Invalid operation
/d185/d283/f45/f17/f36/d241/d193
f235:dir:0
d123
d152/
d181
f125
f17
f235/
f73
f8
Invalid operation
Invalid operation
f125:39 39
d123
d152/
d181
d210/
f125
f17
f235/
f73
f8
d123
d152/
d181
d210/
f125
f17
f235/
f73
f8
d123
d152/
d181
d210/
f125
f17
f235/
f73
f8
Invalid operation
f17:p4h-c4ge50gcxjylolzz7r6.d.m-zox
Invalid operation
Invalid operation
d123
d152/
d181
d20/
d210/
d280
f125
f14/
f17
f235/
f237
f35/
f73
f8
f88
n68/
f17:p4h-c4ge50gcxjylolzz7r6.d.m-zox 9wv.ulm1v4moanrf
/d185/d283/f45/f17/f36/d241/f228/f17
f140:9
/d39
d163:dir:0
d163/
d163:dir:0
d163/
f17:p4h-c4ge50gcxjylolzz7r6.d.m-zox 9wv.ulm1v4moanrfxnipa2ytr5x
f125:47 51 FB E5
d163/
d166
d47/
f125:CB 49 D5
d166:8
d163/
d166
d47/
d163/
d166
d47/
d163/
d166
d47/
Invalid operation
d137
d163/
d47/
d137:wn6llx7ypvs
f278:30 91
d137:29
f278:4
Null
/d185/d283/f45/f17/f36/d241/f228/n68/f278
d163/
d47/
f139/
f278
Invalid operation
f156:wivl9d4e
Invalid operation
f158
f265/
/d185/d283/f45/f17/f36/n112
d227/
f158
f265/
d227/
d28/
f158
f265/
f265:dir:0
f265:dir:0
f192:3
f192:txt:3
Invalid operation
f192:txt:3
Invalid operation
f192:7be
f192:txt:8
f192:7be03x8-
Invalid operation
f192:txt:8
Invalid operation
f192:7be
f242:13
f192:3
d205/
f192
f242
n10/
Invalid operation
f192
f242
n10/
f192:txt:3
f278:F6
f192:7be
f278:AC F6
Invalid operation
f192:txt:3
f242:13
f25:13
Invalid operation
d227/
d28/
f158
f265/
f278:5E
Invalid operation
d227/
d28/
f265/
Invalid operation
Invalid operation
/d185/d283/f45/f17/f36/d241/f228/n68/f278
f278:00
Invalid operation
d227/
d28/
f265/
f40
n63/
Invalid operation
d227/
d28/
f265/
f40
n63/
d227/
d28/
f265/
f40
n63/
d227:dir:0
d227:dir:0
d274:pj_v7wd14o
d227:dir:0
f278:00 00 BA 6A
d227:dir:0
Invalid operation
Invalid operation
Invalid operation
d227:dir:0
Null
d274:pj_v7wd14ofu-t2j6tsy
Invalid operation
d101/
d210
d227/
d274
d28/
d7/
f199
f206/
f265/
n63/
n9
f278:08
Invalid operation
Invalid operation
Invalid operation
f199:c4m
Null
d227:dir:0
/d185/d283/f45/f17/f36/d241/f228/n68/f139/f199
/f199
f199:c4mbnxks0uwqvo4fin
Invalid operation
f199:c4mbnxks0uwqvo4finx
d101/
d164/
d188
d210
d227/
d236
d270/
d28/
d7/
f199
f206/
f235/
f257/
f265/
f293/
n5
n63/
n9
f199:c4mbnxks0uwqvo4finx
d227:dir:0
f199:c4mbnxks0uwqvo4finx
Invalid operation
Invalid operation
Invalid operation
Invalid operation
d188:00 00
n79:12
n79:md:12
/d185/d283/f45/f17/f36/d241/f228/n68/f139/d7/n79
n79:1treyixox1-s
d197/
f106/
n79
n79:23
d231:16
Null
n79:1treyixox1-sfi1mc r1gag ys.0od
Invalid operation
n79:1treyixox1-sfi1mc r1gag ys.0odx
Invalid operation
n79:1treyixox1-sfi1mc r1gag ys.0odxnww986t
Invalid operation
n79:38
d231:16
d239:6
n4:2
n79:39
d231:16
d239:6
n4:2
/d185/d283/f45/f17/f36/d241/f228/n68/f139/d7/n79
d197/
d231
d239
f106/
f24/
n114/
n4
n79
n79:md:45
d227:dir:0
d163/
d47/
f139/
f278
d227:dir:0
Invalid operation
f278:11
Invalid operation
Invalid operation
f278:bin:12
f278:bin:12
Invalid operation
Null
f35/
Invalid operation
Invalid operation
f278:11
Invalid operation
f161:17
f278:0A 76 A0 48 11 0F
f278:24
Invalid operation
Invalid operation
d130/
d163/
d47/
f101/
f111
f139/
f278
f283/
f279:mh8xvoli1 ixlag5w
Null
Invalid operation
f278:bin:10
f153:dir:0
d130/
d163/
d279
d47/
f101/
f111
f139/
f202/
f278
f283/
Invalid operation
Invalid operation
f278:10
Null
f278:10
f176:6
d279:4
Null
Invalid operation
Invalid operation
d130/
d163/
d22/
d279
d47/
f101/
f139/
f176
f202/
f278
f283/
f278:19
Invalid operation
Invalid operation
Invalid operation
Invalid operation
/d291
Invalid operation
Invalid operation
d130/
d163/
d22/
d279
d292/
d47/
f101/
f139/
f150/
f176
f202/
f233/
f278
f283/
n55/
f278:bin:20
/d185/d283/f45/f17/f36/d241/f228/n68/f278
d130/
d163/
d22/
d279
d292/
d47/
f101/
f139/
f150/
f173/
f176
f202/
f233/
f278
f283/
n36
n55/
Invalid operation
/d185/d283/f45/f17/f36/d241/f228/n68/f278
Invalid operation
d130/
d163/
d22/
d279
d292/
d47/
f101/
f139/
f150/
f173/
f176
f202/
f233/
f278
f283/
n36
n55/
n57/
Invalid operation
Invalid operation
Null
f278:2C
Null
Invalid operation
f278:20
n36:16
f176:6
f278:D7 A0 CF 2C 63 24 00 00 B5 CF D7 FF
d130/
d160/
d163/
d22/
d279
d292/
d47/
f101/
f139/
f150/
f173/
f176
f202/
f233/
f278
f283/
n36
n55/
f278:63 24 00 00 B5 CF D7 FF 18 AC 00 00
Invalid operation
f278:0A D7 A0 CF
Invalid operation
f278:18 AC 00
/d185/d283/f45/f17/f36/d241/f228/n68/f278
Invalid operation
/d185/d283/f45/f17/f36/d241/f228/n68/f278
Invalid operation
Invalid operation
f278:63 24 00 00 B5 CF D7 17 93 AD E7 00
Invalid operation
f278:20
n36:16
f176:6
d279:4
f53:3
f278:93 AD
Invalid operation
f278:00 00 00 29 25 D3 3A
Invalid operation
/d185/d283/f45/f17/f36/d241/f228/n68/f278
/d26
Invalid operation
Invalid operation
f278:93 AD E7 00 00 00 00 29
/d185/d283/f45/f17/f36/d241/f228/n68/d160/f226
Invalid operation
/n65
n43:
d213
d51/
f226
f57
n112/
f57:md:13
Invalid operation
d213
d51/
f57
n112/
Invalid operation
Invalid operation
Invalid operation
Invalid operation
f233
n10/
/d185/d283/f45/f17/f36/d241/f228/n68/d292/f233
f233:txt:8
f278:AD
/d185/d283/f45/f17/f36/d241/f228/n68/d292/f233
f278:bin:31
d130/
d134
d160/
d163/
d22/
d26/
d279
d292/
d45/
d47/
d55/
d68
f101/
f139/
f150/
f173/
f176
f189/
f202/
f233/
f278
f283/
f293
f53
f7
f97/
n36
n55/
Invalid operation
f233
n10/
Invalid operation
d132/
f233
n10/
/d185/d283/f45/f17/f36/d241/f228/n68/f278
Invalid operation
Invalid operation
f278:F8 00
d130/
d134
d160/
d163/
d22/
d26/
d279
d292/
d45/
d47/
d55/
d68
f101/
f139/
f150/
f173/
f176
f189/
f202/
f233/
f278
f283/
f293
f53
f7
f97/
n36
n55/
d130/
d134
d160/
d163/
d22/
d26/
d279
d292/
d45/
d47/
d55/
d68
f101/
f139/
f150/
f173/
f176
f189/
f202/
f233/
f278
f283/
f293
f53
f7
f97/
n36
n55/
Invalid operation
f278:00 00
d130/
d134
d160/
d163/
d22/
d247
d26/
d279
d292/
d45/
d47/
d55/
d68
f101/
f139/
f150/
f173/
f176
f189/
f202/
f233/
f278
f283/
f293
f53
f7
f97/
n36
n55/
Invalid operation
f278:A0 CF 2C 63 24 00 00 B5 CF D7 17 93 AD E7 00 00
d130/
d134
d160/
d163/
d22/
d247
d26/
d279
d288/
d292/
d45/
d47/
d55/
d68
f101/
f139/
f150/
f173/
f176
f189/
f202/
f233/
f278
f283/
f293
f53
f7
f97/
n36
n55/
f278:bin:31
d113
d123
d152/
d181
d20/
d210/
d243
d280
f125
f14/
f17
f235/
f237
f35/
f73
f8
f88
n68/
f125:88 8B 47 51 FB E5
f17:p4h-c4ge50gcxjylolzz7r6.d.m-zox 9wv.ulm1v4moanrfxnipa2ytr5xx
Invalid operation
f125:AE
Invalid operation
f125:8A 08 4E 4C 15
Null
n82:0
n82:
f125:8A 08 4E 4C 15 7A 88 8B 47 51 FB E5 03 CB 49 24
f125:39
n82:
/d185/d283/f45/f17/f36/d241/f228/f155/n82
/n82
n82:
/d185/d283/f45/f17/f36/d241/f228/f155/n82
/n82
d170
f188/
n2/
n82
d170
f188/
n2/
n82
Invalid operation
Null
d170
d181/
f188/
f241
f267/
n2/
d170:
d170:0
f241:0
d181/
f188/
f241
f267/
f38/
n2/
f125:88 8B 47 51 FB E5 03 CB 49 24 32 47 E6
f241:0
f241:
/d185/d283/f45/f17/f36/d241/f228/f155/f241
Null
f241:0
/d185/d283/f45/f17/f36/d241/f228/f155/f241
f241:
/d185/d283/f45/f17/f36/d241/f228/f155/f241
f17:p4h-c4ge50gcxjylolzz7r6.d.m-zox 9wv.ulm1v4moanrfxnipa2ytr5xxv51r067bs5oi.
Invalid operation
n2:dir:0
n101:
f125:49 24 32 47 E6
n101:
f154
f125:E5 03 CB 49
f125:03
Invalid operation
f125:39 08 C6 07 2E 1A
Invalid operation
/f49
Invalid operation
Invalid operation
Invalid operation
Invalid operation
d148/
d156
d193
d37/
d56/
f103
f277/
f35/
f43
d148/
d156
d193
d218
d37/
d56/
f103
f277/
f35/
f43
Invalid operation
Invalid operation
d156:31
/d185/d283/f45/f17/f36/d241/f228/f155/n2/d156
f43:00 C9 1E DF
Invalid operation
d148/
d156
d193
d218
d37/
d4
d56/
f103
f215
f260/
f277/
f35/
f43
f60/
d148/
d156
d193
d218
d37/
d4
d56/
f103
f215
f260/
f277/
f35/
f43
f60/
f43:00
f43:C9
Invalid operation
d255/
d11/
d255/
f43:00
/d248
Invalid operation
d11/
d255/
/d185/d283/f45/f17/f36/d241/f228/f155/n2/d156
d156:puhasthy2i08siwzkn99npdpqxt_lxbx
d225
Null
d153:8vrtfvazi
Invalid operation
f76/
Invalid operation
Invalid operation
f76/
d153:8vrtfvazi
Null
f76/
d255:dir:0
d19:md:8
d19:md:8
d19:s0xmvs73
Invalid operation
d19:md:8
d19:s0xmvs73
d19:s0xmvs73
Invalid operation
/d185/d283/f45/f17/f36/d241/f228/f155/n2/f60/f291/d19
/d19
Invalid operation
/d185/d283/f45/f17/f36/d241/f228/f155/n2/f60/f291/d19
/d19
Invalid operation
d19:md:25
d19:s0xmvs73j-0yyli1aqj80eney
d19
d264
f201
f265/
f76/
f79
Invalid operation
f265:dir:0
f265:dir:0
f43:9A
f265:dir:0
Invalid operation
f79:vwp1k7xcttt1zat10.z-g
Invalid operation
f43:42 08 D8 94 63 00 00 00 00 07 1F 81 DD
f79:vwp1k7xcttt1zat10.z-g
/d185/d283/f45/f17/f36/d241/f228/f155/n2/f60/f291/f79
/d185/d283/f45/f17/f79
/d185/d283/f45/f17/f36/d241/f228/f155/n2/f60/d153
/d153
d11/
d153
d255/
f291/
Invalid operation
d153:8vrtfvazi
Null
f43:DD E7 9A
d153:8vrtfvazi
d255:dir:0
Invalid operation
Invalid operation
f43:42 08
d153:8vrtfvaziz2jq0ck
d11:dir:0
d11/
d153
d255/
f192/
f291/
Invalid operation
Invalid operation
d11/
d153
d255/
f192/
f291/
/d185/d283/f45/f17/f36/d241/f228/f155/n2/f60/d153
/d153
Invalid operation
/d185/d283/f45/f17/f36/d241/f228/f155/n2/f60/d11/d225
/d185/d283/f45/f17/f36/d241/f228/f155/n2/f60/d11/d225
Null
f43:94 63 00 00 00 00 07 1F 81 DD E7 9A 24 4F 29 3D
d225
n97
d225
f76
n97
Null
d153:8vrtfvaziz2jq0cknlq2d15rf
Invalid operation
f43:94 63
d153:25
d66:2
d220:1
/d185/d283/f45/f17/f36/d241/f228/f155/n2/f60/d11/n97
/d185/d283/f45/f17/f36/d241/f228/f155/n2/f60/d11/n97
n97:38xjbtcz0uw s24.ba hta
Invalid operation
Invalid operation
d66:96
d66:96
d66:96 78
d66:96
n23/
n97:38xjbtcz0uw s24.ba hta
d16
d224/
f161/
f216
f76
n97
d66:96
/f113
n97:md:22
/d185/d283/f45/f17/f36/d241/f228/f155/n2/f60/d11/n97
n97:38xjbtcz0uw s24.ba hta
n97:38xjbtcz0uw s24.ba hta
d66:96 78
Invalid operation
d66:96 78
Invalid operation
Invalid operation
f103/
n23/
d112
f103/
n23/
d112:txt:22
d112:hu_c.65qegvkhs.a0aj3hx
/d185/d283/f45/f17/f79
d112:txt:22
d112:hu_c.65qegvkhs.a0aj3hx
d112:txt:22
d146:33
d112:hu_c.65qegvkhs.a0aj3hx-5 vu 
Invalid operation
Invalid operation
d112
d146
d267/
d6
f103/
f178/
f256/
f269/
f71
n2
n23/
d112:36
d146:13
f71:4
Invalid operation
Invalid operation
Null
d92
d92:t79uev_e6o7hc
d92
d146:C3 5A 76 26 7B CA
d112:hu_c.65qegvkhs.a0aj3hx-5 vu kxzrzy9xqmp6ur-e7ra6kn.0
/d185/d283/f45/f17/f36/d241/f228/f155/n2/f60/d11/f161/d112
d112:txt:52
Invalid operation
d16:3
d197:0
f216:0
f76:0
Invalid operation
d66:96 78 31 D2 BC 4A
d11:dir:0
Invalid operation
d11/
d25/
d255/
d66
f192/
f291/
d174:_9pl
Invalid operation
d174:4
d174:_9pl
Invalid operation
Null
Invalid operation
Invalid operation
d66:96 78 45
Invalid operation
Invalid operation
n14:13
d204:6
d66:5
Invalid operation
d11/
d176/
d204
d25/
d255/
d66
f192/
f291/
n14
Null
d11/
d176/
d204
d25/
d255/
d66
f192/
f291/
n14
d11:dir:0
d11/
d176/
d204
d25/
d255/
d66
f192/
f291/
n14
Invalid operation
Invalid operation
d66:BA 64 EC 31 E1 93 61 88
/d185/d283/f45/f17/f36/d241/f228/f155/n2/d156
Invalid operation
Invalid operation
d66:BA 64 EC 31 E1 93 61 88 F0
n14:13
d17:10
Invalid operation
d11:dir:0
d66:EC 31 E1 93 61 88 F0 00 3A 02 3E 52 64 6D
Invalid operation
Invalid operation
/f152
Invalid operation
Invalid operation
Null
Invalid operation
Invalid operation
Invalid operation
Invalid operation
d156:puhasthy2i08siwzkn99npdpqxt_lxbx
d148/
d156
d183/
d193
d218
d37/
d4
d56/
f103
f215
f260/
f277/
f35/
f43
f60/
d271:ipywu6ji.rai
/d185/d283/f45/f17/f36/d241/f228/f155/n2/f260/d271
Invalid operation
d30
/d185/d283/f45/f17/f36/d241/f228/f155/n2/f260/d256/d30
d30:bin:3
Invalid operation
d30:bin:3
d232/
d30
n73/
d30:B4 F4
Invalid operation
d232/
d30
n73/
d30:0A
Invalid operation
Invalid operation
d30:3
d30:0A B4
Invalid operation
d30:B4
Invalid operation
Invalid operation
Invalid operation
Invalid operation
Invalid operation
d232/
d271/
d30
f239
f99/
n73/
Invalid operation
d256/
d271
f4/
d256/
d271
f4/
Invalid operation
/d185/d283/f45/f17/f36/d241/f228/f155/n2/f260/d256/d30
Invalid operation
d30:bin:4
d30:4
d66:4
f239:1
d232/
d271/
d30
d66
f239
f99/
n73/
Invalid operation
f43:6B B9
Invalid operation
Null
Invalid operation
Null
Invalid operation
d271:txt:42
d181/
d256/
d271
f4/
f7
Null
d156:md:32
Invalid operation
d181/
d256/
d271
f4/
f7
/d185/d283/f45/f17/f36/d241/f228/f155/n2/f260/f7
Invalid operation
/d185/d283/f45/f17/f36/d241/f228/f155/n2/f260/f7
f7:AB 58 55
Invalid operation
Invalid operation
/d185/d283/f45/f17/f36/d241/f228/f155/n2/f260/f7
d181/
d256/
f227
f4/
f7
d181/
d256/
f4/
f7
f7:00
Invalid operation
f7:10
Invalid operation
f7:14
/d185/d283/f45/f17/f36/d241/f228/f155/n2/f260/f7
Invalid operation
/d185/d283/f45/f17/f36/d241/f228/f155/n2/f260/f7
f7:11
Invalid operation
d181/
d253/
d256/
f4/
f7
d64:dir:0
Invalid operation
Invalid operation
Null
f60:md:0
Invalid operation
Invalid operation
d148/
d156
d183/
d193
d218
d37/
d4
d56/
f103
f142/
f146
f215
f260/
f277/
f35/
f43
f60/
/d185/d283/f45/f17/f36/d241/f228/f155/n2/d156
d156:puhasthy2i08siwzkn99npdpqxt_lxbx
Invalid operation
d148/
d156
d183/
d193
d218
d37/
d4
d56/
f142/
f146
f215
f260/
f262
f277/
f278/
f35/
f43
f60/
f187:dir:0
Invalid operation
Invalid operation
d58
f187/
Invalid operation
Invalid operation
Invalid operation
d58
f187/
Invalid operation
Invalid operation
d58
f187/
d32
d58
f106
f187/
d58:21
d32:9
f106:0
Invalid operation
Invalid operation
d109/
d58
f106
f187/
f77
Invalid operation
/d185/d283/f45/f17/f36/d241/f228/f155/n2/f142/f187/d146
d146
f218
/d185/d283/f45/f17/f36/d241/f228/f155/n2/f142/f187/d146
Invalid operation
d146:48 29 27 A5 4E 20 4F DF 00 00 CD
d146
f218
f262/
Invalid operation
d146
f218
f262/
f218:1hsw
f77:00
Invalid operation
f218:txt:4
f77:00
f77:00 00 00
f218:1hswp.-n
Invalid operation
d8/
Null
Invalid operation
f77:00
f218:1hswp.-n
f77:00
d8/
f77:00
d8/
f77:00
d269:4
d269
d8/
Invalid operation
/d185/d283/f45/f17/f36/d241/f228/f155/n2/f142/f187/f262/d269
d188
f155/
f218
f262/
n68/
f218:txt:8
f218:1hswp.-n
d156/
d188
f155/
f218
f262/
n68/
f77:DE 04 9B
Invalid operation
f77:DE 04 9B 84
Invalid operation
d109/
f106
f187/
f77
/d185/d283/f45/f17/f36/d241/f228/f155/n2/f142/f106
/d185/d283/f45/f17/f36/d241/f228/f155/n2/f142/f106
Invalid operation
d109/
f106
f187/
f77
n87/
Invalid operation
/d185/d283/f45/f17/f36/d241/f228/f155/n2/f142/f77
Invalid operation
f68/
d299:txt:16
Null
Invalid operation
Invalid operation
d147
d163/
d212/
f68/
f68:dir:0
f77:23 23 98 D7 93
