Invalid operation
f197
f197:17
f197
f197:3og3qqvt8yy4c73zm
Null
Invalid operation
Invalid operation
Invalid operation
Invalid operation
d249
f197
f123
f197
f123
f197
n109
f123
f197
f234
n109
Invalid operation
Invalid operation
f123
f197
f234
n109
f123
f197
f234
n109
f123
f197
f234
n109
Invalid operation
f197:3og3qqvt8yy4c73zmd33p8cg44.9e
d9
Invalid operation
Invalid operation
f197:3og3qqvt8yy4c73zmd33p8cg44.9er
Invalid operation
f197:3og3qqvt8yy4c73zmd33p8cg44.9er
f219:C9 0E
Invalid operation
Null
f246:txt:1
Invalid operation
d229
f123
f197
f219
f288/
f298
n109
Invalid operation
f123
f197
f219
f288/
f298
n109
f197:43
f298:12
Invalid operation
Null
f298:12
f219:7
f123:0
n109:0
f123
f219
f288/
f298
n109
Invalid operation
Invalid operation
Invalid operation
Invalid operation
Null
d265:aea_z38r8227-85texgx
d126
d227
d265
d73
f230/
n1
n106
n21/
Invalid operation
d265:md:21
Invalid operation
d73:-.gtm30jmufy-l
f219:60
d73:-.gtm30jmufy-l
f219:27 6D A1 60 31
f242:C4
Invalid operation
d73:-.gtm30jmufy-l
Invalid operation
n21:dir:0
Invalid operation
Invalid operation
/f288/n106
Invalid operation
d111/
d111/
d111/
d177/
d62/
f215
Invalid operation
Invalid operation
f215:7ww3j2p
Invalid operation
f226/
f215:7ww3j2p1uwhbf7liqda28d_44
d111/
d134
d177/
d204/
d210
d264
d62/
f147
f215
f226/
n4
n47/
f116:u531qb80.r
Invalid operation
f215:7ww3j2p1uwhbf7liqda28d_44
d111/
d134
d177/
d204/
d210
d264
d273/
d62/
f147
f215
f226/
n4
n47/
d111:dir:0
f215:37
d134:10
f147:9
d210:6
n4:5
d111/
d134
d177/
d204/
d210
d264
d273/
d62/
f147
f215
f226/
n4
n47/
d111/
d134
d177/
d204/
d210
d264
d273/
d62/
f147
f215
f226/
n4
n47/
Null
d111/
d134
d177/
d204/
d210
d273/
d62/
f147
f215
f226/
n4
n47/
/f288/n26/f215
d126
d259/
d78/
d79/
f242
f249/
f282/
n106
n21/
n26/
n87/
f288/
├── d119
├── d259/
├── d78/
├── d79/
├── d93/
├── f242
├── f249/
├── n106
├── n21/
├── n26/
│   ├── d111/
│   ├── d134
│   ├── d150
│   ├── d177/
│   ├── d204/
│   ├── d210
│   ├── d273/
│   ├── d62/
│   ├── f147
│   ├── f215
│   ├── f226/
│   │   ├── d292/
│   │   └── n108
│   ├── f95
│   ├── n4
│   └── n47/
└── n87/
f288/
├── d119
├── d259/
├── d78/
├── d79/
├── d93/
├── f242
├── f249/
├── n106
├── n21/
├── n26/
│   ├── d111/
│   ├── d134
│   ├── d150
│   ├── d177/
│   ├── d204/
│   ├── d210
│   ├── d273/
│   ├── d62/
│   ├── f147
│   ├── f215
│   ├── f226/
│   │   ├── d292/
│   │   └── n108
│   ├── f95
│   ├── n4
│   └── n47/
└── n87/
Invalid operation
f242:19
d119:16
Invalid operation
Invalid operation
f123
f219
f271
f288/
f298
n109
Invalid operation
f123
f219
f271
f288/
f298
n109
f123
f219
f271
f288/
f298
n109
Invalid operation
f123:md:0
Invalid operation
n2:dir:0
/f288/f242
Invalid operation
/f288/d78/d135
Null
d15
d259/
d15
d259/
f253
f119/
├── d15
├── d259/
└── f253
f242:18 14 6B
Invalid operation
d127:md:12
Invalid operation
d127:md:12
d127
d262
f104/
n83/
f242:7B
d127:p517f2gk37l4
Invalid operation
/f288/d78/f275/f119/d259/d127
n109/
d79
n109/
n64
d79
n109/
n109:dir:0
Invalid operation
Invalid operation
Invalid operation
f79/
n109/
f79/
n109/
Invalid operation
d15
d259/
f253
Invalid operation
f242:89 10 40 3F BF
Invalid operation
Invalid operation
f119/
├── d15
└── f93/
f119/
├── d15
└── f93/
Invalid operation
Invalid operation
f248/
/f288/d78/f275/f263
f119/
f263
f93:dir:0
Invalid operation
Invalid operation
f93:dir:0
d9
f152
f270
f70/
f93/
f97/
/f288/d78/f275/f119/f270
Invalid operation
f270:z4oe_3p36sfte05_y
Invalid operation
f119/
f192/
f2/
f263
f119/
f192/
f2/
f263
f119/
f192/
f2/
f263
f242:00 00 66 A2 23 6F 79 35 E0 B5 00 00
f242:00 08 B0 99 01 F2 B8 00 00 66 A2 23 6F 79
f119/
f145/
f192/
f2/
f230/
f263
Invalid operation
f242:27 00 00 08 B0 99 01 F2 B8 00 00 66 A2 23 6F 23 07 E0 B5 00
f119/
f145/
f192/
f2/
f230/
f263
n58
f242:36
d119:16
f275/
n37
f275/
Invalid operation
f200
f275/
Invalid operation
f219:22
Invalid operation
f123:md:0
Invalid operation
d171
d260/
d267
f122/
f123
f219
f271
f288/
f54/
n109
f123:md:0
Invalid operation
d171
d267
f122/
f123
f204/
f240
f271
f288/
f54/
n109
Invalid operation
d171
d267
d270
f122/
f123
f204/
f271
f288/
f54/
n109
d171
d267
d270
f122/
f123
f271
f288/
f54/
n109
Invalid operation
Invalid operation
Invalid operation
Invalid operation
Invalid operation
f288:dir:0
f271:28
d270:16
d171:0
n109:0
Invalid operation
f271:28
d167/
d171
d47/
f122/
f271
f288/
f296/
f54/
n109
Invalid operation
d167/
d171
d47/
f122/
f271
f288/
f296/
f54/
n109
Invalid operation
Invalid operation
Invalid operation
Invalid operation
d167/
d171
d47/
f122/
f271
f288/
f296/
f54/
n109
Null
d167/
d171
d47/
f122/
f271
f288/
f296/
f54/
n109
Invalid operation
Invalid operation
Invalid operation
Invalid operation
Invalid operation
Invalid operation
Invalid operation
Invalid operation
Invalid operation
Null
Invalid operation
f169/
Invalid operation
d171:zu423gsrsyh4w5oeoy2s0ha31k5
Invalid operation
Invalid operation
Invalid operation
Invalid operation
d117
d167/
d171
d248/
f100
f122/
f160
f247/
f288/
f54/
n109
n2/
d171:27
f100:13
d117:8
Invalid operation
n24
Invalid operation
Invalid operation
/d171
d117
d148
d167/
d171
d248/
f100
f122/
f160
f247/
f288/
f54/
n109
n2/
Invalid operation
Invalid operation
f288:dir:0
Invalid operation
Invalid operation
/d171
d171:29
d148:13
f100:13
d117:8
f288:dir:0
d171:zu423gsrsyh4w5oeoy2s0ha31k5xx
/
├── d117
├── d148
├── d171
├── d248/
├── f100
├── f122/
│   └── d86/
├── f140/
├── f160
├── f288/
│   ├── d119
│   ├── d260/
│   ├── d78/
│   │   └── f200
│   ├── d79/
│   ├── d93/
│   ├── f242
│   ├── f249/
│   ├── n21/
│   ├── n26/
│   │   ├── d111/
│   │   ├── d134
│   │   ├── d150
│   │   ├── d177/
│   │   ├── d204/
│   │   ├── d210
│   │   ├── d273/
│   │   ├── d62/
│   │   ├── f147
│   │   ├── f215
│   │   ├── f226/
│   │   │   ├── d292/
│   │   │   └── n108
│   │   ├── f95
│   │   ├── n4
│   │   └── n47/
│   └── n87/
├── f54/
│   └── n24
├── f55
├── n109
└── n2/
d117
d148
d171
d190/
d248/
f100
f122/
f140/
f160
f288/
f54/
f55
n109
n2/
d117
d148
d171
d190/
d248/
f100
f122/
f140/
f160
f288/
f54/
f55
n109
n2/
Invalid operation
Invalid operation
d171:zu423gsrsyh4w5oeoy2s0ha31k5xx
Invalid operation
d171:zu423gsrsyh4w5oeoy2s0ha31k5xx
Invalid operation
d171:29
d148:13
f100:13
d117:8
f55:4
Invalid operation
Invalid operation
Invalid operation
Invalid operation
d117
d148
d171
d248/
f100
f122/
f140/
f157
f160
f23/
f243/
f248
f288/
f54/
f55
n109
n2/
d117
d148
d171
d248/
f100
f122/
f140/
f157
f160
f23/
f243/
f248
f288/
f54/
f55
f96
n109
n2/
n109:
n109:
Invalid operation
f288:dir:0
n109:
n109:
d171:29
f248:15
d148:13
f157:2C E5
Invalid operation
Invalid operation
/n109
Invalid operation
d149
d86/
n45
d86:dir:0
f122/
├── d149
└── d86/
Invalid operation
f288:dir:0
d117
d148
d248/
f100
f122/
f140/
f157
f23/
f248
f261
f288/
f54/
f55
n109
n2/
n20
Invalid operation
d117
d148
d248/
f100
f122/
f140/
f157
f23/
f248
f261
f288/
f54/
f55
n109
n2/
n20
d117
d148
d176/
d248/
f100
f122/
f140/
f157
f248
f261
f288/
f54/
f55
n109
n2/
n20
n82
Invalid operation
Invalid operation
Invalid operation
Invalid operation
Invalid operation
d86:dir:0
d111:l
Invalid operation
Invalid operation
Invalid operation
f68:14
n28:11
d111
d21/
d86/
f193/
f68
n28
/f122/d111
d111
d21/
d86/
f193/
f68
f78/
n28
d111:l_ 7hhpj
d111:l_ 7hhpj
d111:l_ 7hhpjy5_f7uhw.wqw-wfi
Null
f157:E5 F0 BA 20 ED AF 0C 6E 00 5D B6 61 D0 2C 93 17 2B F8
Invalid operation
f68:emedh0831p9i7a
/f122/f68
/f122/f68
d86/
f162/
f193/
f287/
f57
f68
f78/
n111/
n114/
n28
n28: 5fkwmyjrzee7yfl
/f122/f57
Invalid operation
Invalid operation
Invalid operation
Invalid operation
Invalid operation
/f122/f57
f57:CF
f2/
f2:dir:0
Invalid operation
f57:1E
f181
f2/
n20
f181
f2/
n116
n20
n20:13
f125:0
f2:dir:0
f2:dir:0
/f122/f193/f181
f181:x96lmbku8b 
d238/
d239
f125
f181
f2/
f282/
n116
n88/
d239:EF 85 54
Invalid operation
Null
Invalid operation
d238/
d239
d264/
d90
f125
f181
f2/
f282/
n10/
n116
n37/
n88/
Invalid operation
Invalid operation
f2:dir:0
Null
f181:46
n59:7
d239:6
d90:6
n74:1
f125:0
n116:0
Invalid operation
f57:B8
Invalid operation
Null
Invalid operation
/f122/f57
d86/
f162/
f193/
f243
f287/
f57
f78/
n111/
n114/
Null
Invalid operation
Invalid operation
d86/
f162/
f193/
f243
f287/
f57
f78/
n111/
Invalid operation
Invalid operation
f57:E4 CF D5
Invalid operation
f57:95 68 7D
Invalid operation
d86:dir:0
f57:0C
f157:A4 00
d86/
f162/
f193/
f198
f226/
f243
f298/
f45
f78/
n111/
n99
Invalid operation
d172/
d86/
f162/
f193/
f198
f226/
f243
f298/
f45
f78/
n111/
n8
n80/
n99
Invalid operation
Invalid operation
d172/
d86/
f162/
f193/
f198
f226/
f243
f298/
f45
f78/
n111/
n8
n80/
n98/
n99
f243:
Invalid operation
f157:17 2C E5 F0 BA 20 ED E3 53 6E 00 5D B6 61 D0 2C 93 17 2B F8 AD A4 73 80 54 FD 6C BD
d86:dir:0
/f122/f243
Invalid operation
Invalid operation
Invalid operation
Invalid operation
Invalid operation
Invalid operation
d86:dir:0
d172/
d296/
d86/
f16/
f162/
f193/
f198
f226/
f243
f298/
f45
f78/
n111/
n8
n80/
n98/
n99
d45:37 1A E3 44
d45:88
Null
Invalid operation
f181:x96lmbku8b sgfbqqmuw03ns-enmb121t elg3c n172cz4l
d116/
d238/
d239
d264/
f125
f176/
f181
f2/
f207
f282/
n37/
n59
n74
n88/
d238/
d239
d264/
f125
f176/
f181
f207
f282/
n37/
n59
n74
n88/
d239:8C 85
n62/
Invalid operation
Invalid operation
f157:34
f248:15
d148:13
f100:13
d117
d148
d176/
d24
d248/
d40/
f100
f122/
f140/
f157
f191
f248
f261
f288/
f40/
f54/
f55
f91
n109
n2/
n20
n27
n82
Invalid operation
n24:7 hipz_w7kx
Invalid operation
f157:2F BD 6E 00 5D B6
Invalid operation
f87:7x
d275/
f87
d275/
f87
d275/
f87
n86/
d275/
f87
n86/
/f54/f87
Invalid operation
f146:md:0
Invalid operation
f157:38
n109:21
Invalid operation
d117
d148
d176/
d24
d248/
d40/
f100
f122/
f140/
f157
f191
f248
f261
f288/
f40/
f54/
f55
f73/
n109
n2/
n20
n27
n82
Invalid operation
Invalid operation
/n109
Invalid operation
f288:dir:0
n109:fb2lkpa3126xv-epbcm2toyhg5m1bwlt47
Invalid operation
Invalid operation
f157:00 D4 5B 00
n109:fb2lkpa3126xv-epbcm2toyhg5m1bwlt47
f157:2F B6 61 D0 2C 93 17 2B F8 AD A4 13
d117
d148
d176/
d241
d270/
d40/
d89
f100
f122/
f140/
f157
f191
f248
f254
f261
f288/
f54/
f55
f73/
n109
n2/
n20
n27
n82
d117
d148
d176/
d180/
d241
d270/
d40/
d89
f100
f122/
f157
f191
f248
f254
f261
f288/
f54/
f55
f73/
n109
n2/
n20
n27
n82
f288:dir:0
Invalid operation
Invalid operation
Invalid operation
n109:fb2lkpa3126xv-epbcm2toyhg5m1bwlt47khxdxfzue
n109:fb2lkpa3126xv-epbcm2toyhg5m1bwlt47khxdxfzue
Invalid operation
Null
Invalid operation
f157:00 00 00 00 D1 00 00
Invalid operation
d117
d176/
d216
d224/
d241
d270/
d58
d7/
f100
f121/
f122/
f155
f157
f168/
f191
f248
f254
f288/
f54/
f55
f73/
n109
n2/
n20
n27
d117
d176/
d216
d224/
d241
d270/
d58
d7/
f100
f121/
f122/
f155
f157
f168/
f191
f248
f254
f288/
f54/
f55
f73/
n109
n2/
n20
n27
d117
d176/
d216
d224/
d241
d270/
d58
d7/
f100
f121/
f122/
f155
f157
f168/
f191
f248
f254
f288/
f54/
f55
f73/
n109
n2/
n20
n27
Null
/f288/f242
d119
d260/
d78/
d79/
d93/
f242
f249/
n21/
n26/
n87/
f242:9D A0
f242:37
d119:16
d207:9
d225:8
n104:7
Invalid operation
Invalid operation
n21:dir:0
f242:00 00 00
d119
d207
d217/
d225
d260/
d287/
d78/
d79/
d93/
f242
n104
n21/
n26/
n87/
n94/
Invalid operation
f242:E2 9F 9E 7B 6F
n21:dir:0
f242:37
d119:16
d207:9
d225:8
d185:0
n21:dir:0
Invalid operation
d119
d127
d185
d207
d217/
d225
d260/
d78/
d79/
d93/
f242
n104
n21/
n26/
n87/
n94/
f242:9F 9E 7B 6F
Null
f242:37
d119:16
d127:15
d207:9
d225:8
n104:7
d185:0
d3:0
Invalid operation
d119:lkxece0ufr x1zwx
Invalid operation
d119
d127
d185
d207
d217/
d260/
d298/
d3
d78/
d79/
d93/
f137/
f242
n104
n21/
n26/
n87/
n94/
Invalid operation
d119
d127
d207
d217/
d260/
d298/
d3
d78/
d79/
d93/
f137/
f242
n104
n21/
n26/
n87/
n94/
Invalid operation
f288:dir:0
d199
d200
f51
d199
d200
f246
f51
d200:avau1va8v405l7
d200:txt:37
/d176/d199
d176/
├── d74/
├── f100/
├── f51
└── f76
d74/
f100/
f51
f76
Invalid operation
d178/
f51:F8 E8
f12:2-bh
f51:1F 8B
Invalid operation
f179/
f51:8F F8 E8
Invalid operation
d293
f179/
Invalid operation
f51:D1 FA 86
f51:D1 FA 86
d149
f179/
Invalid operation
Invalid operation
Null
d149:8-4
f51:1F 8B D1 FA 86
/d176/d74/d178/f179/f182
f182
f8/
Invalid operation
f51:F8 E8 DB 1F 8B D1 FA 35 AD 1D 35 7A
/d176/d74/d178/f123
f123:
Invalid operation
f123:
Invalid operation
Invalid operation
d261/
/d176/d74/d178/f123
n30:bin:4
Invalid operation
Invalid operation
Invalid operation
Null
f209/
f123:txt:0
d258:87 FF
Invalid operation
n60/
Null
f51:00 45 13
f49/
f161:764g
d178/
f76:_sotk6.ut.k7fl8zwq6g.0t5er2cuw
Invalid operation
d178/
n2
f51:76 4D
Invalid operation
d74/
f100/
f51
f76
n54/
Invalid operation
f76:_sotk6.ut.k7fl8zwq6g.0t5er2cuwe6 e6s
d74/
f100/
f51
f76
n54/
d74/
f51
f76
n54/
Invalid operation
Invalid operation
Invalid operation
Invalid operation
d74:dir:0
Invalid operation
/n109
Invalid operation
Invalid operation
Invalid operation
f121/
f288:dir:0
f157:47 DB AD A4 13 2C 9B FD 6C BD
f271
f271:2
Invalid operation
Invalid operation
Invalid operation
d176/
d224/
d241
d270/
d31/
d58
d7/
f100
f121/
f122/
f155
f157
f16/
f168/
f191
f222
f248
f254
f288/
f73/
n109
n2/
n66/
Invalid operation
f288:dir:0
Invalid operation
Invalid operation
n109:fb2lkpa3126xv-epbcm2toyhg5m1bwlt47khxdxfzue.-o_aw9x
d176/
d224/
d241
d267/
d270/
d31/
d58
d7/
d76/
f121/
f122/
f155
f16/
f168/
f191
f248
f254
f278/
f288/
f73/
n109
n2/
n66/
Invalid operation
n109:fb2lkpa3126xv-epbcm2toyhg5m1bwlt47khxdxfzue.-o_aw9x
d241:D1
Invalid operation
Invalid operation
Invalid operation
n109:fb2lkpa3126xv-epbcm2toyhg5m1bwlt47khxdxfzue.-o_aw9x
n109:fb2lkpa3126xv-epbcm2toyhg5m1bwlt47khxdxfzue.-o_aw9x
Invalid operation
Invalid operation
Invalid operation
Invalid operation
Invalid operation
Invalid operation
/n109
Invalid operation
/n109
Invalid operation
Invalid operation
Invalid operation
Invalid operation
d94:
d241:00
Invalid operation
Invalid operation
d109
d17
d26/
d94
n41
Invalid operation
d241:CB
d94:txt:0
Invalid operation
Invalid operation
d94
n41
d94
n41
d94:
Invalid operation
Invalid operation
d178/
n2
Invalid operation
Invalid operation
d195
d6
d74/
d98
f160
f21
f76
f76:_sotk6.ut.k7fl8zwq6g.0t5er2cuwe6 e6sx
Null
Invalid operation
/n109
Invalid operation
/n109
Invalid operation
d241:85
Invalid operation
Invalid operation
Invalid operation
Invalid operation
f297/
d124/
d124/
Invalid operation
d124/
Invalid operation
f104/
Invalid operation
Invalid operation
f180:17
f176:13
d284/
├── f176
└── f180
Invalid operation
d236/
f176
f180
/d284/f176
Invalid operation
Invalid operation
Invalid operation
d176/
d224/
d267/
d270/
d284/
d285/
d31/
d58
d76/
f121/
f122/
f158
f16/
f191
f248
f266/
f288/
f73/
f98/
n109
n116/
n2/
n66/
n95/
/f288/f137/f223
d176/
d224/
d267/
d270/
d284/
d285/
d31/
d58
d76/
f121/
f122/
f158
f16/
f191
f248
f266/
f288/
f73/
f98/
n109
n116/
n2/
n66/
n95/
d176/
d224/
d267/
d270/
d284/
d285/
d31/
d58
d76/
f121/
f122/
f158
f16/
f191
f248
f266/
f288/
f73/
f98/
n109
n116/
n2/
n60
n66/
n95/
n109:fb2lkpa3126xv-epbcm2toyhg5m1bwlt47khxdxfzue.-o_aw9xo9 coxxfc4sagx4 5ajgzd
f288:dir:0
d1/
d176/
d267/
d270/
d284/
d285/
d31/
d58
d76/
f121/
f122/
f158
f16/
f191
f248
f266/
f288/
f73/
f98/
n109
n116/
n2/
n60
n66/
n95/
Invalid operation
n109:fb2lkpa3126xv-epbcm2toyhg5m1bwlt47khxdxfzue.-o_aw9xo9 coxxfc4sagx4 5ajgzd
d1/
d176/
d182
d267/
d270/
d284/
d285/
d31/
d58
d76/
f121/
f122/
f158
f16/
f191
f248
f266/
f288/
f73/
f98/
n109
n116/
n2/
n60
n66/
n95/
d1/
d176/
d182
d267/
d270/
d284/
d285/
d31/
d58
d76/
f121/
f122/
f158
f16/
f191
f248
f266/
f288/
f73/
f98/
n109
n116/
n2/
n60
n66/
n95/
Invalid operation
Invalid operation
d17
d53/
d94
n41
n73
Invalid operation
d17
d53/
d94
n41
Invalid operation
Invalid operation
d94:
d17
d53/
d94
f155/
n41
n73
Null
Null
Invalid operation
Invalid operation
d144/
d17
d53/
d94
f155/
n116/
n41
n73
Invalid operation
d94:txt:0
Invalid operation
Invalid operation
Null
Invalid operation
d17
d94
f152
f155/
f254
n116/
n41
n73
Invalid operation
d17
d94
f155/
f254
n116/
n41
n73
d100/
d17
d94
f155/
f254
n116/
n41
n73
d1/
d176/
d182
d267/
d270/
d284/
d285/
d31/
d58
d76/
f121/
f122/
f158
f16/
f191
f248
f266/
f288/
f73/
f98/
n109
n116/
n2/
n60
n66/
n95/
Invalid operation
Invalid operation
f288:dir:0
n109:fb2lkpa3126xv-epbcm2toyhg5m1bwlt47khxdxfzue.-o_aw9xo9 coxxfc4sagx4 5ajgzdg1xcxsp e_g3
d1/
d176/
d182
d267/
d270/
d284/
d285/
d31/
d58
d76/
f121/
f122/
f158
f16/
f191
f248
f266/
f288/
f73/
f98/
n109
n116/
n2/
n60
n66/
n95/
Invalid operation
Invalid operation
d1/
d176/
d182
d267/
d270/
d284/
d285/
d31/
d58
d76/
f121/
f122/
f158
f16/
f191
f248
f266/
f288/
f73/
f98/
n109
n116/
n2/
n60
n66/
n95/
d1/
d176/
d182
d267/
d270/
d284/
d285/
d31/
d58
d76/
f121/
f122/
f158
f16/
f191
f248
f266/
f288/
f73/
f98/
n109
n116/
n2/
n60
n66/
n95/
Invalid operation
d1/
d176/
d182
d267/
d270/
d284/
d285/
d31/
d58
d76/
f121/
f122/
f158
f16/
f191
f248
f266/
f288/
f73/
f98/
n109
n116/
n2/
n60
n66/
n95/
n109:fb2lkpa3126xv-epbcm2toyhg5m1bwlt47khxdxfzue.-o_aw9xo9 coxxfc4sagx4 5ajgzdg1xcxsp e_g3.tx5aap.87p6b1u0exxm a
Invalid operation
Invalid operation
f288:dir:0
Invalid operation
Invalid operation
Invalid operation
d1/
d176/
d267/
d270/
d284/
d285/
d31/
d58
d66/
d76/
f121/
f122/
f158
f16/
f191
f211/
f248
f266/
f288/
f73/
f98/
n109
n116/
n2/
n25
n60
n66/
n95/
Invalid operation
d1/
d176/
d267/
d270/
d284/
d285/
d31/
d58
d66/
d76/
f121/
f122/
f158
f16/
f191
f211/
f248
f266/
f288/
f73/
f98/
n109
n116/
n2/
n25
n60
n95/
Invalid operation
d1/
d176/
d267/
d270/
d284/
d285/
d31/
d58
d66/
d76/
f121/
f122/
f158
f16/
f191
f211/
f248
f266/
f288/
f73/
f98/
n109
n116/
n2/
n25
n60
n95/
d11:.b02rjrnm
Invalid operation
Invalid operation
Invalid operation
Invalid operation
d1/
d176/
d267/
d270/
d284/
d285/
d31/
d58
d66/
d76/
f121/
f122/
f158
f16/
f191
f211/
f248
f266/
f288/
f73/
f98/
n109
n116/
n2/
n25
n60
n95/
Null
d1/
d176/
d267/
d270/
d284/
d285/
d31/
d58
d66/
d76/
f121/
f122/
f158
f16/
f191
f211/
f248
f266/
f288/
f73/
f98/
n109
n116/
n2/
n25
n60
n95/
Invalid operation
Invalid operation
Invalid operation
Invalid operation
Invalid operation
Invalid operation
d142/
f125
d142/
f125
Invalid operation
d244
Invalid operation
Invalid operation
Invalid operation
Invalid operation
Invalid operation
Null
n45/
Invalid operation
d244:bin:3
Invalid operation
d244
d93/
Invalid operation
Invalid operation
f288:dir:0
Invalid operation
Invalid operation
Invalid operation
d1/
d173/
d176/
d267/
d270/
d284/
d285/
d31/
d66/
d76/
f121/
f122/
f153
f158
f16/
f191
f248
f263
f266/
f288/
f73/
n109
n116/
n2/
n25
n60
n95/
d1/
d173/
d176/
d267/
d270/
d284/
d285/
d31/
d66/
d76/
f121/
f122/
f153
f158
f16/
f191
f248
f263
f266/
f288/
f73/
n109
n116/
n2/
n25
n60
n95/
Invalid operation
Null
Invalid operation
/n109
f288:dir:0
d1/
d173/
d176/
d194
d267/
d270/
d284/
d285/
d31/
d66/
d76/
f121/
f122/
f158
f16/
f191
f192/
f248
f263
f266/
f288/
f73/
n109
n116/
n2/
n20
n25
n60
n95/
Invalid operation
n109:fb2lkpa3126xv-epbcm2toyhg5m1bwlt47khxdxfzue.-o_aw9xo9 coxxfc4sagx4 5ajgzdg1xcxsp e_g3.tx5aap.87p6b1u0exxm ax3-otu4mlp3kzdze4vd0mae40f_iklhcj-ou8.-52as14ycya dxgf4g30x
Invalid operation
Invalid operation
d1/
d173/
d176/
d194
d25
d267/
d270/
d284/
d285/
d3/
d31/
d66/
f115
f121/
f122/
f158
f16/
f191
f248
f263
f266/
f288/
f73/
n116/
n2/
n20
n25
n60
n95/
d248
d248:1
Invalid operation
Invalid operation
d248
Invalid operation
Null
Invalid operation
f263:15
/f158
Invalid operation
Invalid operation
Invalid operation
Invalid operation
Invalid operation
Invalid operation
f263:AC E9 17 92 15 FC
Invalid operation
d152
d194
d25
d267/
d270/
d284/
d285/
d3/
d66/
f115
f121/
f122/
f158
f16/
f191
f226
f263
f266/
f288/
f73/
f93
n116/
n14
n2/
n37
n46
n60
n95/
f158:43
d152
d194
d229
d25
d267/
d27
d270/
d284/
d285/
d3/
d66/
f115
f121/
f122/
f158
f16/
f191
f226
f263
f266/
f288/
f73/
f93
n116/
n14
n2/
n26
n37
n46
n60
n95/
Invalid operation
f288:dir:0
d152
d194
d229
d25
d252
d267/
d27
d270/
d284/
d285/
d3/
d66/
f115
f121/
f122/
f158
f16/
f191
f263
f266/
f288/
f47/
f73/
f93
n116/
n14
n2/
n26
n37
n46
n60
n95/
Invalid operation
Invalid operation
Invalid operation
Null
Invalid operation
d7:bin:7
d7:bin:7
Invalid operation
d7:C0 E9 E2 0A
d7
Invalid operation
Invalid operation
Invalid operation
Invalid operation
Invalid operation
/d3/d7
d7
f56/
Invalid operation
Invalid operation
Invalid operation
d152
d194
d229
d25
d252
d267/
d27
d270/
d284/
d285/
d3/
d66/
f115
f121/
f122/
f158
f16/
f191
f263
f266/
f288/
f47/
f58
f73/
f93
n116/
n14
n2/
n26
n37
n46
n60
n95/
d3/
├── d54
├── f219
└── n90
n60:49
f158:43
f263:17
Invalid operation
f263:70 69 F4 66 89 E3 10 15 08 4D 5D 8A 7F
d152
d194
d229
d25
d252
d267/
d27
d270/
d284/
d285/
d3/
d66/
f115
f121/
f122/
f158
f16/
f191
f263
f266/
f288/
f47/
f58
f73/
f93
n116/
n14
n2/
n26
n37
n46
n60
n95/
f263:08 4D 5D 8A 7F 30 7A 76
Invalid operation
f288:dir:0
d152
d194
d199/
d229
d25
d252
d267/
d27
d270/
d284/
d285/
d3/
d66/
f115
f121/
f122/
f158
f16/
f191
f263
f266/
f288/
f47/
f58
f73/
f93
n116/
n14
n2/
n26
n37
n46
n60
n78
n95/
f263:30 7A
n60:xn6dlgutp_8nad4 343kyn04g.f0b6r6 lfg5b8.ebjdj.a93qr zruavod
d152
d194
d199/
d229
d25
d252
d267/
d27
d270/
d284/
d285/
d3/
d66/
f115
f121/
f122/
f158
f16/
f191
f263
f266/
f288/
f47/
f58
f73/
f93
n116/
n14
n2/
n26
n37
n46
n60
n78
n95/
d152
d194
d199/
d229
d25
d252
d267/
d27
d270/
d284/
d285/
d3/
d66/
f115
f117/
f121/
f122/
f158
f16/
f191
f263
f266/
f288/
f47/
f58
f73/
f93
n116/
n14
n2/
n26
n37
n46
n60
n78
n95/
f263:69 F4 87 E0 2E DA DB 08 4D 5D 8A 7F 30
Invalid operation
Invalid operation
Invalid operation
Invalid operation
n60:xn6dlgutp_8nad4 343kyn04g.f0b6r6 lfg5b8.ebjdj.a93qr zruavodhynvwx
n60:65
f158:43
f263:22
n26:16
d194:14
d252:14
f263:8A 7F 30 7A 76 00 00 00
n60:xn6dlgutp_8nad4 343kyn04g.f0b6r6 lfg5b8.ebjdj.a93qr zruavodhynvwx
Invalid operation
Null
Invalid operation
Invalid operation
f31:oy0exn97nsfx
Invalid operation
Invalid operation
d152
d199/
d229
d25
d252
d27
d270/
d284/
d285/
d3/
d66/
f115
f117/
f121/
f122/
f158
f16/
f191
f235/
f238/
f263
f266/
f288/
f33/
f47/
f58
f73/
f93
n116/
n14
n2/
n26
n35
n37
n39/
n46
n60
n78
n95/
f263:2E DA DB 08 4D 5D 8A 7F 31 D3 B5 E6 86 00 00 00 00 00 00
f263:00 00
f263:00 00 00 00 00
d152
d199/
d229
d25
d27
d270/
d284/
d285/
d3/
d66/
f115
f117/
f121/
f122/
f158
f16/
f191
f235/
f238/
f263
f266/
f288/
f33/
f47/
f58
f73/
f93
n116/
n14
n2/
n26
n35
n37
n39/
n46
n60
n78
n95/
f288:dir:0
Invalid operation
Invalid operation
Invalid operation
d117:1D 47
d49
d94
Invalid operation
n79/
└── d94
d94
/f266/n79/d94
Invalid operation
d117:89 77
d117:0C 75 00 36 89 77 0E
Invalid operation
d117:36
Invalid operation
d269
d6/
d68
f104/
f124/
f136
f199
f39
Invalid operation
Null
Invalid operation
/n60
n79:dir:0
Invalid operation
/f266/f182
n104:00
Invalid operation
Invalid operation
f288/
├── d119
├── d190
├── d207
├── d215/
├── d217/
├── d260/
├── d298/
│   ├── d132
│   ├── d66/
│   ├── f48
│   └── f73
├── d3
├── d77
├── d78/
│   └── f200
├── d79/
├── d93/
├── f137/
│   ├── f223
│   ├── f65
│   └── n29
├── f178
├── f224
├── f242
├── f55/
├── n104
├── n116
├── n21/
├── n26/
│   ├── d111/
│   ├── d134
│   ├── d150
│   ├── d177/
│   ├── d204/
│   ├── d210
│   ├── d273/
│   ├── d62/
│   ├── f147
│   ├── f215
│   ├── f226/
│   │   ├── d292/
│   │   └── n108
│   ├── f95
│   ├── n4
│   └── n47/
└── n94/
d132
d66/
f48
f73
Invalid operation
d132:yx
d119
d190
d207
d215/
d217/
d260/
d298/
d3
d77
d78/
d79/
d93/
f137/
f178
f224
f242
f55/
n104
n116
n21/
n26/
n94/
d119
d190
d207
d215/
d217/
d260/
d298/
d3
d77
d78/
d79/
d93/
f137/
f153/
f178
f224
f242
f55/
n104
n116
n21/
n26/
n31
n94/
Invalid operation
/n60
n60:xn6dlgutp_8nad4 343kyn04g.f0b6r6 lfg5b8.ebjdj.a93qr zruavodhynvwxxh9vjcwahr0j2e4ax
f288:dir:0
n60:xn6dlgutp_8nad4 343kyn04g.f0b6r6 lfg5b8.ebjdj.a93qr zruavodhynvwxxh9vjcwahr0j2e4ax
d299/
Null
Invalid operation
f143:
f143:x
Invalid operation
f263:D3 B5 E6
/f117/d299/f143
f143:txt:1
Invalid operation
d137/
d299/
f263:DB 08 4D DA AF CC 40 D3 B5 E6 86 00 00
d299/
/f117/d149
Null
Invalid operation
Invalid operation
Invalid operation
f143:x
Invalid operation
d217
d299/
f79/
n88
d217:11
n88:1
Null
Invalid operation
d217
d299/
f269
f79/
n88
d217
d299/
f269
f79/
n88
n94
Invalid operation
f263:8A 8D 77 8F 5D F2
n60:101
f158:43
f263:42
d152
d199/
d229
d25
d27
d270/
d284/
d285/
d3/
d66/
f115
f117/
f121/
f122/
f158
f16/
f191
f235/
f238/
f263
f266/
f288/
f33/
f47/
f58
f73/
f93
n116/
n14
n2/
n26
n35
n37
n39/
n46
n60
n78
n95/
Null
d172/
d249/
d296/
d45
d86/
d90/
f141
f16/
f162/
f188
f193/
f198
f226/
f243
n111/
n8
n80/
n98/
n99
Invalid operation
f243:2auniwroxx
Invalid operation
Invalid operation
d86:dir:0
f243:2auniwroxxxm6vn
Invalid operation
Invalid operation
d152
d199/
d229
d25
d27
d270/
d284/
d285/
d3/
d66/
f115
f117/
f121/
f122/
f158
f16/
f191
f235/
f238/
f263
f266/
f288/
f33/
f36/
f47/
f58
f73/
f93
n116/
n14
n2/
n26
n35
n37
n39/
n46
n5
n60
n78
n95/
Invalid operation
Invalid operation
d135/
d152
d199/
d229
d25
d27
d270/
d284/
d285/
d3/
d66/
f115
f117/
f121/
f122/
f158
f16/
f235/
f238/
f262
f263
f266/
f288/
f33/
f36/
f47/
f58
f73/
f93
n116/
n14
n2/
n26
n35
n37
n39/
n46
n5
n60
n78
n95/
Invalid operation
Invalid operation
n60:xn6dlgutp_8nad4 343kyn04g.f0b6r6 lfg5b8.ebjdj.a93qr zruavodhynvwxxh9vjcwahr0j2e4axtx4.xlvzac744d6s5eqwzf.d7hy9h1tewibts2qr126yil4usxx-g_3fzh r66hawlz0nyxd
d111
d135/
d152
d199/
d229
d25
d27
d270/
d284/
d285/
d3/
d66/
f115
f117/
f121/
f122/
f158
f16/
f188
f235/
f238/
f262
f263
f266/
f288/
f33/
f36/
f47/
f58
f73/
f93
n116/
n2/
n26
n35
n37
n39/
n46
n5
n60
n78
n95/
Invalid operation
d111
d135/
d152
d199/
d229
d25
d27
d270/
d284/
d285/
d3/
d66/
f115
f117/
f121/
f122/
f158
f16/
f188
f235/
f238/
f262
f263
f266/
f288/
f33/
f36/
f47/
f58
f73/
f93
n116/
n2/
n26
n35
n37
n39/
n46
n5
n60
n78
n95/
d111
d135/
d152
d199/
d229
d25
d27
d270/
d284/
d285/
d3/
d66/
f115
f117/
f121/
f122/
f158
f16/
f235/
f238/
f262
f263
f266/
f288/
f33/
f36/
f47/
f58
f73/
f93
n116/
n2/
n26
n35
n37
n39/
n46
n5
n60
n78
n95/
d111
d135/
d152
d199/
d229
d25
d27
d270/
d284/
d285/
d3/
d66/
f115
f117/
f121/
f122/
f158
f16/
f235/
f238/
f262
f263
f266/
f280
f288/
f33/
f36/
f47/
f58
f73/
f93
n116/
n2/
n26
n35
n37
n39/
n46
n5
n60
n78
n95/
d111
d135/
d152
d199/
d229
d25
d27
d270/
d284/
d285/
d3/
d66/
f115
f117/
f121/
f122/
f158
f16/
f235/
f238/
f262
f263
f266/
f288/
f33/
f36/
f47/
f58
f73/
f93
n116/
n2/
n26
n35
n37
n39/
n46
n5
n60
n78
n95/
d111
d135/
d152
d199/
d229
d25
d27
d270/
d284/
d285/
d3/
d66/
f115
f117/
f121/
f122/
f158
f16/
f235/
f238/
f262
f263
f266/
f288/
f33/
f36/
f47/
f53
f58
f73/
f93
n116/
n2/
n26
n35
n37
n39/
n46
n5
n60
n78
n95/
d111
d135/
d152
d199/
d229
d25
d27
d270/
d284/
d285/
d3/
d66/
d68/
f115
f117/
f121/
f122/
f158
f16/
f235/
f238/
f262
f263
f266/
f288/
f33/
f36/
f47/
f53
f58
f73/
f93
n116/
n2/
n26
n35
n37
n39/
n46
n5
n60
n78
n95/
n60:171
f158:43
f263:40
n5:17
n26:16
n46:9
n60:xn6dlgutp_8nad4 343kyn04g.f0b6r6 lfg5b8.ebjdj.a93qr zruavodhynvwxxh9vjcwahr0j2e4axtx4.xlvzac744d6s5eqwzf.d7hy9h1tewibts2qr126yil4usxx-g_3fzh r66hawlz0nyxd7ud ybvgklrui6imj
f263:00
d111
d135/
d152
d199/
d229
d25
d27
d270/
d284/
d285/
d3/
d66/
f115
f117/
f121/
f122/
f158
f16/
f235/
f238/
f262
f263
f266/
f288/
f33/
f36/
f47/
f53
f58
f73/
f93
n116/
n2/
n26
n35
n37
n39/
n46
n5
n60
n78
n95/
f288:dir:0
f263:F9 CC 28 38
Invalid operation
f263:E6 9E C7 51 5D 4D 82
f263:F4 12 5B A4 0F B4 2D E6 9E C7 51 5D 4D 82 E6 C7 8E 00
Invalid operation
d94:1
Invalid operation
Invalid operation
Invalid operation
d143
d17
d94
f155/
n41
n73
Null
Invalid operation
Invalid operation
Invalid operation
Invalid operation
/f16/d94
d143:9F E1 14 47
Invalid operation
d94:22
d196:12
d143:11
n73:7
d94:39
d196:12
d143:11
n73:7
f134:1
d11:0
f228:0
Null
Null
d11
d143
d196
d62/
d89/
d94
f134
f155/
f228
n44/
n46/
n73
Invalid operation
d143:47 AE
Null
d11
d143
d196
d62/
d89/
d94
f155/
f228
f52/
n44/
n46/
n53/
n73
d143:2A
Invalid operation
f191/
d143:D0
Invalid operation
d17:dir:0
Invalid operation
d0/
d111
d135/
d152
d177
d199/
d229
d25
d27
d270/
d284/
d285/
d3/
d66/
f115
f117/
f121/
f122/
f158
f16/
f225
f235/
f238/
f263
f266/
f288/
f33/
f36/
f47/
f53
f58
f73/
f93
n100
n116/
n2/
n26
n35
n37
n39/
n5
n60
n78
n95/
n60:188
f158:43
Invalid operation
f263:91 8A 55 77 8F 00
Invalid operation
n60:xn6dlgutp_8nad4 343kyn04g.f0b6r6 lfg5b8.ebjdj.a93qr zruavodhynvwxxh9vjcwahr0j2e4axtx4.xlvzac744d6s5eqwzf.d7hy9h1tewibts2qr126yil4usxx-g_3fzh r66hawlz0nyxd7ud ybvgklrui6imjm8rg3_29c2xh4z0zrtf_ -g
d0/
d111
d135/
d152
d177
d199/
d229
d25
d263/
d27
d270/
d284/
d285/
d3/
d66/
f115
f117/
f121/
f122/
f158
f16/
f225
f235/
f238/
f263
f266/
f288/
f33/
f36/
f47/
f53
f58
f73/
f93
n100
n116/
n2/
n26
n35
n37
n39/
n5
n60
n78
n95/
f263:38 91 8A 55
Invalid operation
Invalid operation
n60:195
f158:43
f263:40
Invalid operation
Invalid operation
f288:dir:0
f288:dir:0
f263:51 5D 4D 82 E6 C7 EC 20 80 AF 00 00 00 00 00 4C EE B4
n60:xn6dlgutp_8nad4 343kyn04g.f0b6r6 lfg5b8.ebjdj.a93qr zruavodhynvwxxh9vjcwahr0j2e4axtx4.xlvzac744d6s5eqwzf.d7hy9h1tewibts2qr126yil4usxx-g_3fzh r66hawlz0nyxd7ud ybvgklrui6imjm8rg3_29c2xh4z0zrtf_ -gxx
n33/
f263:F4 6B 24 00 BE 5C 9B B7 9E C7 51 5D 4D 82 E6 C7 EC 20 80 AF
Invalid operation
f263:B7 9E C7 51 5D 4D 82 E6 C7 EC 20 80
f288:dir:0
f263:38
d0/
d111
d135/
d152
d177
d199/
d224
d229
d25
d27
d270/
d284/
d285/
d299
d3/
d66/
f115
f117/
f121/
f122/
f158
f16/
f209/
f225
f235/
f238/
f263
f266/
f288/
f33/
f36/
f47/
f53
f58
f73/
f93
n100
n116/
n2/
n26
n35
n37
n39/
n5
n60
n78
n95/
d0/
d111
d135/
d152
d177
d199/
d224
d229
d25
d27
d270/
d284/
d285/
d299
d3/
d66/
f115
f117/
f121/
f122/
f158
f16/
f209/
f225
f235/
f238/
f263
f266/
f288/
f33/
f36/
f47/
f53
f58
f73/
f93
n100
n116/
n2/
n26
n35
n37
n39/
n5
n60
n78
n95/
/n60
Invalid operation
Invalid operation
n60:xn6dlgutp_8nad4 343kyn04g.f0b6r6 lfg5b8.ebjdj.a93qr zruavodhynvwxxh9vjcwahr0j2e4axtx4.xlvzac744d6s5eqwzf.d7hy9h1tewibts2qr126yil4usxx-g_3fzh r66hawlz0nyxd7ud ybvgklrui6imjm8rg3_29c2xh4z0zrtf_ -gxx
Invalid operation
f263:F4 6B 24 00 BE 5C 9B B7 9E C7 25 89 70 06 E6 C7 EC 20
n60:xn6dlgutp_8nad4 343kyn04g.f0b6r6 lfg5b8.ebjdj.a93qr zruavodhynvwxxh9vjcwahr0j2e4axtx4.xlvzac744d6s5eqwzf.d7hy9h1tewibts2qr126yil4usxx-g_3fzh r66hawlz0nyxd7ud ybvgklrui6imjm8rg3_29c2xh4z0zrtf_ -gxx
n60:xn6dlgutp_8nad4 343kyn04g.f0b6r6 lfg5b8.ebjdj.a93qr zruavodhynvwxxh9vjcwahr0j2e4axtx4.xlvzac744d6s5eqwzf.d7hy9h1tewibts2qr126yil4usxx-g_3fzh r66hawlz0nyxd7ud ybvgklrui6imjm8rg3_29c2xh4z0zrtf_ -gxx
Invalid operation
Invalid operation
Invalid operation
d0/
d111
d135/
d152
d162
d177
d199/
d224
d229
d25
d27
d270/
d284/
d285/
d292
d299
d3/
d66/
f115
f117/
f121/
f122/
f158
f16/
f209/
f225
f23
f235/
f238/
f263
f266/
f288/
f29
f33/
f36/
f47/
f53
f58
f73/
f93
n100
n102/
n116/
n26
n35
n37
n39/
n43
n5
n60
n78
n95/
Invalid operation
Invalid operation
Invalid operation
Invalid operation
Invalid operation
n60:196
f158:43
f263:43
n43:17
n26:16
d154:13
d299:11
d0/
d111
d135/
d152
d154
d162
d177
d199/
d224
d229
d25
d27
d270/
d284/
d285/
d297
d299
d3/
d66/
f115
f117/
f121/
f122/
f147
f158
f16/
f225
f23
f235/
f238/
f263
f266/
f288/
f29
f33/
f36/
f47/
f53
f58
f73/
f93
n100
n102/
n116/
n26
n35
n37
n39/
n43
n60
n95/
d0/
d111
d135/
d152
d154
d162
d177
d199/
d224
d229
d25
d27
d270/
d284/
d285/
d292
d297
d299
d3/
d66/
f115
f117/
f121/
f122/
f147
f158
f16/
f225
f23
f235/
f238/
f263
f266/
f288/
f29
f33/
f36/
f47/
f53
f58
f73/
f93
n100
n102/
n116/
n26
n35
n37
n39/
n43
n60
n95/
Invalid operation
Null
f263:9B B7 9E C7 25 89 70 06 E6 C7 EC 20 80 AF 88 93 8B A6 25 1D FC 62 BC 03 28 38 91 8A 55
Invalid operation
d248:1
Invalid operation
d248:D4
d248:D4
Invalid operation
f151/
Invalid operation
f151:dir:0
d234
f151/
d248:D4 00 00
d244/
d248
f12/
Invalid operation
d234:txt:13
d66/
├── d244/
├── d248
└── f12/
    ├── d234
    ├── d91
    └── f36
d248:00
Invalid operation
d244/
d248
f12/
d248:bin:4
d244/
d248
f12/
Invalid operation
/d66/d248
d244/
d248
f12/
f241/
n40
Invalid operation
Invalid operation
f263:AF 88 93 8B A6 25 1D FC 62 BC 03 28 38 91 8A 55 77 8F 00
Null
d249/
f12/
f125
n40
Invalid operation
n40:9.juecez.bsowqwzn
Null
d249/
f12/
f125
n40
f125
Invalid operation
d192
f125
d0/
d111
d135/
d152
d154
d162
d177
d199/
d224
d229
d25
d27
d270/
d284/
d285/
d292
d297
d299
d3/
d66/
f115
f117/
f121/
f122/
f147
f158
f16/
f225
f23
f235/
f238/
f263
f266/
f288/
f29
f33/
f36/
f47/
f53
f58
f93
n100
n102/
n116/
n26
n35
n37
n39/
n43
n60
n95/
n98/
Invalid operation
d0/
d111
d135/
d152
d154
d162
d177
d224
d229
d25
d27
d270/
d284/
d285/
d292
d297
d299
d3/
d66/
f115
f117/
f121/
f122/
f147
f158
f16/
f225
f23
f235/
f238/
f263
f266/
f288/
f29
f33/
f36/
f47/
f53
f58
f93
n100
n102/
n116/
n26
n35
n37
n39/
n43
n60
n95/
n98/
Invalid operation
Invalid operation
Invalid operation
d0/
d135/
d152
d154
d162
d177
d224
d229
d25
d27
d270/
d284/
d285/
d292
d297
d299
d3/
d66/
f115
f117/
f121/
f122/
f147
f158
f16/
f225
f23
f235/
f238/
f263
f266/
f288/
f29
f33/
f36/
f47/
f53
f58
f93
n100
n102/
n116/
n26
n35
n37
n39/
n43
n60
n95/
n98/
d0/
d135/
d152
d154
d162
d177
d224
d229
d25
d27
d270/
d284/
d285/
d292
d297
d299
d3/
d66/
f115
f117/
f121/
f122/
f147
f158
f16/
f225
f23
f235/
f238/
f263
f266/
f288/
f29
f33/
f36/
f47/
f53
f58
f93
n100
n102/
n116/
n26
n35
n37
n39/
n43
n60
n95/
n98/
Invalid operation
Invalid operation
d0/
d135/
d152
d154
d162
d177
d224
d229
d25
d27
d270/
d284/
d285/
d292
d297
d299
d3/
d66/
f115
f117/
f121/
f122/
f147
f158
f16/
f225
f23
f235/
f238/
f263
f266/
f288/
f29
f33/
f36/
f47/
f53
f58
f93
n100
n102/
n116/
n26
n35
n37
n39/
n43
n60
n95/
n98/
d0/
d135/
d152
d154
d162
d177
d224
d229
d25
d27
d270/
d284/
d285/
d292
d297
d299
d3/
d66/
f115
f117/
f121/
f122/
f147
f158
f16/
f225
f23
f235/
f238/
f263
f266/
f288/
f29
f33/
f36/
f47/
f53
f58
f93
n100
n102/
n116/
n26
n35
n37
n39/
n43
n60
n95/
n98/
f288:dir:0
n60:xn6dlgutp_8nad4 343kyn04g.f0b6r6 lfg5b8.ebjdj.a93qr zruavodhynvwxxh9vjcwahr0j2e4axtx4.xlvzac744d6s5eqwzf.d7hy9h1tewibts2qr126yil4usxx-g_3fzh r66hawlz0nyxd7ud ybvgklrui6imjm8rg3_29c2xh4z0zrtf_ -gxxy29nr13 8zn-elarevz x5gxvw0.9x
d0/
d135/
d152
d154
d162
d177
d224
d229
d25
d27
d270/
d284/
d285/
d292
d297
d299
d3/
d66/
f115
f117/
f119/
f121/
f122/
f147
f158
f16/
f225
f23
f235/
f238/
f263
f266/
f288/
f29
f33/
f47/
f53
f58
f93
n100
n102/
n116/
n26
n35
n37
n39/
n43
n60
n95/
n98/
n60:226
f263:44
n60:xn6dlgutp_8nad4 343kyn04g.f0b6r6 lfg5b8.ebjdj.a93qr zruavodhynvwxxh9vjcwahr0j2e4axtx4.xlvzac744d6s5eqwzf.d7hy9h1tewibts2qr126yil4usxx-g_3fzh r66hawlz0nyxd7ud ybvgklrui6imjm8rg3_29c2xh4z0zrtf_ -gxxy29nr13 8zn-elarevz x5gxvw0.9x
Invalid operation
d0/
d135/
d152
d154
d162
d177
d224
d229
d25
d27
d270/
d284/
d285/
d292
d297
d299
d3/
d66/
d83
f115
f117/
f119/
f121/
f122/
f147
f158
f16/
f23
f235/
f238/
f263
f266/
f288/
f29
f33/
f47/
f53
f58
f93
n100
n102/
n116/
n26
n35
n37
n39/
n43
n60
n95/
n98/
Invalid operation
Invalid operation
Invalid operation
d0/
d135/
d152
d154
d162
d175
d177
d224
d229
d25
d27
d284/
d285/
d292
d297
d299
d3/
d66/
f115
f117/
f119/
f121/
f122/
f138
f147
f157/
f158
f16/
f23
f235/
f238/
f263
f288/
f29
f33/
f47/
f53
f58
f93
n100
n102/
n116/
n26
n39/
n43
n60
n95/
n98/
n60:241
f158:43
f263:41
n43:17
n26:16
Invalid operation
f202
n95/
d19:
d19:
Null
f288:dir:0
d0/
d135/
d152
d154
d162
d175
d177
d194
d224
d229
d25
d27
d284/
d285/
d292
d297
d299
d3/
d66/
f115
f117/
f119/
f121/
f122/
f147
f157/
f158
f16/
f172/
f23
f235/
f238/
f263
f268
f288/
f29
f33/
f47/
f53
f58
f93
n100
n102/
n116/
n26
n39/
n43
n60
n95/
n98/
Invalid operation
d0/
d135/
d152
d154
d162
d175
d177
d194
d224
d229
d25
d27
d284/
d285/
d292
d297
d299
d3/
d66/
f115
f117/
f119/
f121/
f122/
f147
f157/
f158
f16/
f172/
f23
f235/
f238/
f263
f268
f288/
f29
f33/
f47/
f53
f58
f93
f97
n100
n102/
n116/
n26
n39/
n43
n60
n95/
n98/
d0/
d135/
d152
d154
d162
d175
d177
d194
d224
d229
d25
d27
d284/
d285/
d292
d297
d299
d3/
d66/
f115
f117/
f119/
f121/
f122/
f147
f157/
f158
f16/
f172/
f23
f235/
f238/
f263
f268
f288/
f29
f33/
f47/
f53
f58
f93
f97
n100
n102/
n116/
n26
n39/
n43
n60
n95/
n98/
Invalid operation
Invalid operation
d0/
d135/
d152
d154
d162
d175
d177
d194
d224
d229
d25
d27
d284/
d285/
d292
d297
d299
d3/
d66/
f115
f117/
f119/
f121/
f122/
f147
f157/
f158
f16/
f172/
f23
f235/
f238/
f263
f268
f288/
f29
f33/
f47/
f53
f58
f93
f97
n100
n102/
n116/
n26
n39/
n43
n60
n95/
n98/
f288:dir:0
f288:dir:0
d0/
d135/
d152
d154
d162
d175
d177
d194
d224
d229
d25
d27
d284/
d285/
d292
d297
d299
d3/
d66/
f115
f117/
f119/
f121/
f122/
f147
f157/
f158
f16/
f172/
f23
f235/
f238/
f260/
f263
f268
f288/
f29
f33/
f47/
f53
f58
f93
f97
n100
n102/
n116/
n39/
n60
n95/
n98/
f288:dir:0
n60:251
f158:43
f263:40
d154:13
d0/
d135/
d152
d154
d162
d175
d177
d194
d224
d229
d25
d27
d284/
d285/
d292
d297
d299
d3/
d66/
f115
f117/
f119/
f121/
f122/
f147
f157/
f158
f16/
f172/
f23
f235/
f238/
f260/
f263
f268
f288/
f29
f33/
f47/
f53
f58
f93
f97
n100
n102/
n116/
n39/
n60
n69
n95/
n98/
Invalid operation
f263:6B 24 00 50 98 F9 1F 2A 41 DC 89 70 06 E6 C7 EC 4F CC 01 DE 0C 11 A6 25 1D FC 62 BC 03 3A 38 91 8A
Invalid operation
Invalid operation
Invalid operation
d0/
d135/
d152
d154
d162
d175
d177
d194
d224
d244
d25
d27
d284/
d285/
d292
d297
d299
d3/
d66/
f115
f117/
f119/
f121/
f122/
f147
f157/
f158
f16/
f172/
f23
f235/
f260/
f263
f268
f288/
f29
f33/
f47/
f53
f58
f93
f97
n100
n102/
n11
n116/
n39/
n60
n69
n77/
n95/
n98/
n60:xn6dlgutp_8nad4 343kyn04g.f0b6r6 lfg5b8.ebjdj.a93qr zruavodhynvwxxh9vjcwahr0j2e4axtx4.xlvzac744d6s5eqwzf.d7hy9h1tewibts2qr126yil4usxx-g_3fzh r66hawlz0nyxd7ud ybvgklrui6imjm8rg3_29c2xh4z0zrtf_ -gxxy29nr13 8zn-elarevz x5gxvw0.9xujd_w2gl69_t hwxeiy1vwgy3wpiwqf eklw7e0p
f288:dir:0
d0/
d135/
d152
d154
d162
d175
d177
d194
d224
d244
d25
d27
d284/
d285/
d292
d297
d299
d3/
d66/
f115
f117/
f119/
f121/
f122/
f147
f157/
f158
f16/
f172/
f23
f235/
f260/
f263
f268
f288/
f29
f33/
f47/
f53
f58
f93
f97
n100
n102/
n116/
n39/
n60
n69
n95/
n98/
Invalid operation
Invalid operation
f288:dir:0
d0/
d135/
d152
d154
d162
d175
d177
d194
d224
d244
d27
d284/
d285/
d292
d297
d299
d3/
d59
d66/
f115
f117/
f119/
f121/
f122/
f147
f157/
f158
f16/
f172/
f23
f235/
f260/
f263
f268
f288/
f29
f33/
f47/
f53
f58
f93
f97
n100
n102/
n116/
n39/
n47/
n60
n69
n95/
n98/
f263:91 8A 55 00
f263:89 D4 91 D0 4F CC 01 DE 0C 11 3C 8F 7A 05 D1 56 D6 49 44 91 8A 55 00
d236/
f176
d236/
f176
d236/
f176
n60:266
f288:dir:0
Invalid operation
d181
f285/
Invalid operation
d181
f285/
f285:dir:0
d0/
├── d181
└── f285/
d181
f285/
d181
f285/
d0/
d135/
d152
d154
d162
d175
d177
d182/
d194
d224
d244
d27
d284/
d285/
d292
d297
d299
d3/
d59
d66/
f115
f117/
f119/
f121/
f147
f157/
f158
f16/
f172/
f23
f235/
f260/
f263
f268
f288/
f29
f33/
f47/
f53
f58
f93
f97
n100
n102/
n116/
n39/
n47/
n60
n69
n95/
n98/
Invalid operation
d0/
d152
d154
d162
d175
d177
d182/
d194
d224
d244
d27
d284/
d285/
d292
d297
d299
d3/
d59
d66/
f115
f117/
f119/
f121/
f147
f157/
f158
f16/
f172/
f23
f235/
f260/
f263
f268
f288/
f29
f293
f33/
f47/
f53
f58
f93
f97
n100
n102/
n116/
n39/
n47/
n60
n69
n95/
n98/
n60:266
f263:55
f158:43
Invalid operation
d0/
d152
d154
d162
d175
d177
d182/
d194
d224
d244
d27
d284/
d285/
d292
d297
d299
d3/
d59
d66/
f115
f121/
f147
f157/
f158
f16/
f172/
f23
f235/
f260/
f263
f268
f288/
f29
f293
f33/
f47/
f53
f58
f93
f97
n100
n102/
n116/
n39/
n47/
n60
n69
n95/
n98/
d0/
d152
d154
d162
d175
d177
d182/
d194
d224
d244
d248
d27
d284/
d285/
d292
d297
d299
d3/
d59
d66/
f115
f121/
f147
f157/
f158
f16/
f172/
f23
f235/
f260/
f263
f268
f288/
f29
f293
f33/
f47/
f53
f58
f93
f97
n100
n102/
n116/
n39/
n47/
n60
n69
n95/
n98/
d0/
d152
d154
d162
d175
d177
d182/
d194
d224
d244
d248
d27
d284/
d285/
d292
d297
d299
d3/
d59
d66/
f115
f121/
f147
f157/
f158
f16/
f172/
f23
f235/
f260/
f263
f268
f288/
f29
f293
f33/
f47/
f53
f58
f93
f97
n100
n102/
n116/
n39/
n47/
n60
n69
n95/
n98/
d0/
d152
d154
d162
d175
d177
d182/
d194
d224
d244
d248
d27
d284/
d285/
d292
d297
d299
d3/
d59
d66/
f115
f121/
f147
f157/
f158
f16/
f172/
f174
f23
f235/
f260/
f263
f268
f288/
f29
f293
f33/
f47/
f53
f58
f93
f97
n100
n102/
n116/
n39/
n47/
n60
n69
n95/
n98/
n60:266
f263:52
f158:43
d154:13
d194:12
d292:12
/f263
d0/
d152
d154
d162
d175
d177
d182/
d194
d224
d244
d248
d284/
d285/
d292
d297
d299
d3/
d59
d66/
f115
f121/
f147
f157/
f158
f16/
f172/
f174
f198
f23
f235/
f260/
f263
f268
f288/
f29
f293
f33/
f47/
f53
f58
f93
f97
n100
n102/
n116/
n39/
n47/
n60
n69
n95/
n98/
Invalid operation
d45
f263:D4 91 D0 4F CC 01
Invalid operation
Invalid operation
f263:70 69 F4 6B 24 00 50 98 F9 1F 2A 41 04 5D F7 89 D4 91 D0
d0/
d152
d154
d162
d175
d177
d182/
d194
d224
d244
d248
d284/
d285/
d292
d297
d299
d3/
d59
d66/
f115
f121/
f147
f157/
f158
f16/
f172/
f174
f198
f199
f23
f235/
f260/
f263
f268
f288/
f29
f293
f33/
f47/
f53
f58
f93
f97
n100
n102/
n116/
n39/
n47/
n60
n69
n98/
Invalid operation
Invalid operation
Invalid operation
d0/
d152
d154
d162
d175
d177
d182/
d194
d224
d244
d248
d284/
d285/
d292
d297
d299
d3/
d59
d66/
f115
f121/
f124
f157/
f158
f16/
f172/
f174
f198
f199
f23
f235/
f242
f260/
f263
f268
f288/
f29
f293
f33/
f47/
f58
f93
f97
n100
n102/
n116/
n39/
n47/
n60
n69
n98/
d233/
d243/
f170/
f193/
f31
n91/
Invalid operation
/d285/f31
f31:26
Invalid operation
/f121/d288
d288
n16/
Invalid operation
d288
n16/
f263:D6 49 04 B8 73
Invalid operation
Invalid operation
d288
n16/
Invalid operation
Invalid operation
d288
n16/
f263:EA DA BE D1 CB
d288
n16/
f259
n16/
n24/
f259
n16/
n24/
Null
f259:txt:16
Invalid operation
f154/
f259
f67/
n16/
n24/
f121/
├── f154/
├── f259
├── f67/
├── n16/
│   └── f231/
└── n24/
Invalid operation
Invalid operation
Invalid operation
Invalid operation
Invalid operation
Invalid operation
/f121/f67/d160
Invalid operation
d157/
d160
d209/
d289/
d34/
n67/
d160:0
d160:
d157/
d160
d161
d209/
d26
n67/
f263:00 00
d131/
d161
d209/
d228
d37/
d41
f282
n67/
d161:ro.glazc-f39b
f282:E5
d161:ro.glazc-f39b
d161
d209/
d228
d37/
d41
d57
n67/
Invalid operation
Invalid operation
f231/
├── d34/
├── f184/
├── f60/
└── n48
f263:56 D6 49 04 B8 73 08 58
n48:mqng-zb9zsi
Invalid operation
Invalid operation
d34/
f59/
n48
Invalid operation
f263:58 C4 37 4F D9 AC 32 16 04 03 00 2F 3A 5A B9 B1
f263:44 1C C0 5F AE 30 0B D5 6E 91 E9 0C 11 3C 8F 7A 05 55 3F AF 3F 39 C8 73 08 58 C4 37 4F F3 AC 32 16 04 03 00 2F 3A
d284/
d34/
f168
f219
f251/
f59/
f86
n74
n83/
d284/
d34/
f106
f168
f219
f251/
f59/
n74
n83/
d34:dir:0
Invalid operation
d278
d284/
f106
f219
f59/
n74
n83/
f263:0B D5 6E 91 E9 0C 11 3C 8F 7A 05 55 3F AF 3F 39 C8 73 08 58 C4 37 4F F3 AC 32
Invalid operation
n74:3usxpcqgk mf7jdy6c-url87d_7zcy9bpo
f59:dir:0
d278
d284/
f59/
n74
n83/
f59:dir:0
f59:dir:0
f59:dir:0
Invalid operation
Invalid operation
Invalid operation
Invalid operation
Invalid operation
f263:91 E9 0C 11 3C 8F 7A 05 55 3F AF
f231/
├── d13
├── d144
├── d21/
├── d210/
├── d284/
├── f59/
└── n83/
d144:98
d13:
d13
d144
d21/
d210/
d246/
d26
d284/
f59/
n83/
Null
Invalid operation
f231/
├── d13
├── d144
├── d165/
├── d21/
├── d246/
├── d26
├── d291/
├── d94/
├── f176
├── f229
└── n83/
d13
d141
d144
d165/
d21/
d246/
d291/
d94/
f176
f229
n83/
Invalid operation
Invalid operation
Invalid operation
Invalid operation
n83:dir:0
Invalid operation
d141
d144
d165/
d246/
d291/
d56
d94/
f176
f229
f45
f93/
n83/
d141
d144
d165/
d246/
d291/
d56
d94/
f176
f229
f45
f93/
n83/
Invalid operation
Invalid operation
Invalid operation
d141
d144
d165/
d246/
d291/
d94/
f176
f229
f93/
n83/
Invalid operation
Invalid operation
Invalid operation
d141
d144
d165/
d246/
d291/
d94/
f176
f229
f28/
n83/
f263:C0 5F AE 30 0B D5 6E 91 E9 0C 11 3C 8F 7A 05 55 3F AF 3F
/f121/n16/f38
Invalid operation
f102/
Invalid operation
f102/
Invalid operation
f102/
/f263
Invalid operation
Invalid operation
n16:dir:0
Invalid operation
d135/
f154/
f67/
n16/
d135/
f154/
f67/
n16/
Invalid operation
d21/
f154/
f67/
n74/
Invalid operation
Invalid operation
Invalid operation
f154:dir:0
Invalid operation
f95:00 00 87 B3 18 66
Null
d103/
f142/
f154/
f95
Invalid operation
d103/
f142/
f154/
f212
f95
Invalid operation
d103/
f142/
f154/
f212
f95
n87/
f121/
├── d103/
├── f142/
├── f154/
├── f212
├── f95
└── n87/
d103/
f142/
f154/
f212
f95
n87/
Invalid operation
d103/
f142/
f154/
f212
f95
n87/
d103/
f142/
f154/
f212
f95
n87/
Null
Invalid operation
Invalid operation
Invalid operation
Invalid operation
f95:2E
Invalid operation
d103/
f142/
f154/
f239/
f45/
f95
d103/
d196
f142/
f154/
f239/
f45/
f95
Invalid operation
f154:dir:0
Null
/f121/f239/f158
/f158
Invalid operation
Invalid operation
Invalid operation
Invalid operation
f201/
Invalid operation
Invalid operation
f201/
f281/
Invalid operation
d103/
f142/
f154/
f239/
f45/
f95
f95:1C 00 00 7A 07 C0 55 1B B8
d103/
d289/
f142/
f154/
f239/
f45/
f95
f97
/f121/f95
d103/
d157
d289/
f142/
f154/
f233/
f239/
f45/
f95
f97
n81
f95:C0 55 1B
Invalid operation
/f121/f95
f154:dir:0
Invalid operation
d103/
d157
d289/
f142/
f15
f154/
f233/
f239/
f45/
f95
f97
n81
Invalid operation
Invalid operation
d33
d33
f95:08 E0 66 BD 5E
n100/
f95:00 7A 07 C0 CC BF
/f121/f95
Invalid operation
Invalid operation
f95:7A 07 67 48
Invalid operation
Invalid operation
Null
d0/
d152
d154
d162
d175
d177
d182/
d194
d224
d244
d248
d284/
d285/
d292
d297
d299
d3/
d46/
d59
d66/
f115
f121/
f124
f157/
f158
f16/
f172/
f174
f198
f199
f23
f235/
f242
f260/
f263
f268
f288/
f29
f293
f33/
f47/
f58
f93
f97
n100
n102/
n116/
n39/
n47/
n60
n69
n98/
Invalid operation
Invalid operation
Null
Invalid operation
d103/
d144/
d157
d94/
f142/
f154/
f239/
f25
f31/
f38/
f59/
f95
f97
n107/
d103/
d144/
d157
d94/
f142/
f154/
f239/
f25
f31/
f38/
f59/
f95
f97
n107/
d103/
d144/
d157
d94/
f142/
f154/
f239/
f25
f31/
f38/
f59/
f95
f97
n107/
Invalid operation
/f16/d94
Invalid operation
Invalid operation
Invalid operation
Invalid operation
Invalid operation
d0/
d152
d154
d162
d175
d177
d182/
d194
d224
d244
d248
d284/
d285/
d292
d296/
d297
d299
d3/
d46/
d59
d66/
f115
f121/
f124
f157/
f158
f16/
f172/
f174
f198
f199
f23
f235/
f242
f260/
f263
f268
f272/
f288/
f29
f293
f33/
f47/
f56/
f58
f93
f97
n100
n102/
n116/
n39/
n47/
n60
n69
n90/
n98/
Invalid operation
f263:1E ED 10 38 25 4D CB 1C 00 00 00 00 00 00 00 A6 1D B5
d0/
d152
d154
d162
d175
d177
d182/
d194
d224
d244
d248
d284/
d285/
d292
d296/
d297
d299
d3/
d46/
d59
d66/
f115
f121/
f124
f157/
f158
f16/
f172/
f174
f198
f199
f23
f235/
f242
f260/
f263
f268
f272/
f288/
f29
f293
f33/
f47/
f56/
f58
f93
f97
n100
n102/
n116/
n39/
n47/
n60
n69
n90/
n98/
/f263
/f263
f263:3C F9
f263:4F
f288:dir:0
Invalid operation
d0/
d152
d154
d162
d175
d177
d182/
d194
d224
d244
d248
d284/
d285/
d292
d296/
d297
d299
d3/
d46/
d59
d66/
f115
f121/
f124
f157/
f158
f16/
f172/
f174
f198
f199
f23
f235/
f242
f260/
f263
f268
f272/
f288/
f29
f293
f33/
f47/
f56/
f58
f93
f97
n100
n102/
n116/
n39/
n47/
n60
n69
n90/
n98/
Invalid operation
f263:79 1E ED 10 38 25 4D CB 1C
Invalid operation
Invalid operation
Invalid operation
/f263
f96/
Invalid operation
f263:79 1E ED 10 38 25 4D CB 1C 00
Invalid operation
d0/
d152
d154
d161/
d162
d177
d182/
d194
d224
d244
d248
d284/
d285/
d292
d296/
d297
d299
d3/
d46/
d59
d66/
f115
f121/
f124
f157/
f158
f16/
f172/
f174
f198
f199
f23
f235/
f242
f260/
f263
f268
f272/
f288/
f29
f293
f30/
f33/
f47/
f56/
f58
f93
n100
n102/
n116/
n39/
n47/
n60
n69
n90/
n98/
Invalid operation
d0/
d152
d154
d161/
d162
d177
d182/
d194
d224
d244
d248
d285/
d292
d296/
d297
d299
d3/
d46/
d59
d66/
f115
f121/
f124
f157/
f158
f16/
f172/
f174
f198
f199
f23
f235/
f242
f260/
f263
f268
f272/
f288/
f29
f293
f30/
f33/
f47/
f56/
f58
f93
n100
n102/
n116/
n47/
n60
n69
n90/
n98/
f263:39
d0/
d152
d154
d158
d161/
d162
d177
d182/
d194
d224
d244
d248
d284/
d285/
d292
d296/
d297
d299
d3/
d46/
d59
d66/
f115
f121/
f124
f157/
f158
f16/
f172/
f174
f198
f199
f23
f235/
f242
f260/
f263
f268
f272/
f288/
f29
f293
f30/
f33/
f47/
f56/
f58
f93
n100
n102/
n116/
n39/
n47/
n60
n69
n90/
n98/
Invalid operation
f263:D5 6E 91
Invalid operation
Invalid operation
d0/
d152
d154
d161/
d162
d177
d182/
d194
d224
d244
d248
d284/
d285/
d292
d296/
d297
d299
d3/
d46/
d59
d66/
f115
f121/
f124
f157/
f158
f16/
f172/
f174
f198
f199
f235/
f242
f260/
f263
f268
f272/
f288/
f29
f293
f30/
f33/
f47/
f56/
f58
f93
n100
n102/
n116/
n39/
n47/
n69
n90/
n98/
Invalid operation
Invalid operation
Invalid operation
d0/
d152
d154
d162
d177
d182/
d194
d224
d244
d248
d284/
d285/
d292
d296/
d297
d299
d3/
d46/
d59
d66/
f115
f121/
f124
f157/
f158
f16/
f172/
f174
f198
f199
f235/
f242
f260/
f263
f268
f272/
f288/
f29
f293
f30/
f33/
f47/
f56/
f58
f93
n100
n102/
n116/
n39/
n47/
n69
n90/
n98/
f288:dir:0
d0/
d152
d154
d162
d177
d182/
d194
d224
d244
d248
d284/
d285/
d292
d296/
d297
d299
d3/
d46/
d59
d66/
f115
f121/
f124
f157/
f158
f16/
f172/
f174
f199
f235/
f242
f260/
f263
f267
f268
f272/
f288/
f29
f293
f30/
f33/
f47/
f56/
f58
f93
n100
n102/
n116/
n39/
n47/
n69
n90/
n98/
f263:00
d0/
d152
d154
d162
d177
d182/
d194
d224
d244
d248
d284/
d285/
d292
d296/
d297
d299
d3/
d46/
d59
d66/
d9/
f115
f121/
f124
f157/
f158
f16/
f172/
f174
f199
f235/
f242
f260/
f263
f267
f268
f272/
f288/
f29
f293
f30/
f33/
f47/
f56/
f58
f93
n100
n102/
n116/
n39/
n47/
n69
n90/
n98/
Invalid operation
Invalid operation
Invalid operation
f263:69
f158:43
d154:13
d194:12
d292:12
d299:11
d59:10
Invalid operation
Invalid operation
Invalid operation
/f263
Invalid operation
d0/
d152
d154
d162
d177
d182/
d194
d224
d244
d248
d284/
d285/
d292
d296/
d297
d299
d3/
d46/
d59
d66/
d9/
f121/
f124
f157/
f158
f16/
f172/
f174
f199
f235/
f242
f260/
f263
f267
f268
f272/
f288/
f29
f293
f30/
f33/
f47/
f56/
f58
f71
f93
n100
n102/
n116/
n39/
n47/
n69
n90/
n98/
Invalid operation
Invalid operation
Invalid operation
f219:E7 E1 4B 5A
f263:00 B0 88 CE 2F 03 48 54
d54
Invalid operation
d118
d299
d54
d118
d299
d54
d118
d299
d54
d118
d54
d3/
└── d54
d54
f60
/d3/d54
f263:CE 2F 03 48 54 43 D0 8F 00 00 00 00 00 00
Invalid operation
Invalid operation
Invalid operation
f263:74
f158:43
f49:17
f263:74
f158:43
f49:17
f263:76
f158:43
f49:17
d0/
d114/
d116
d152
d154
d162
d177
d182/
d189/
d194
d221/
d224
d244
d248
d284/
d285/
d292
d296/
d297
d299
d3/
d46/
d59
d66/
d9/
f121/
f124
f157/
f158
f16/
f172/
f174
f199
f235/
f242
f260/
f263
f267
f268
f272/
f288/
f29
f293
f294
f30/
f33/
f47/
f49
f56/
f58
f71
f93
n100
n102/
n116/
n39/
n47/
n52/
n69
n98/
f263:76
f158:43
f49:17
Invalid operation
f288:dir:0
Invalid operation
f263:8F 00 A8 62 12 6D
/f263
f63:dir:0
Invalid operation
Null
f263:6D C9 F9 E3 8E 28 55 09 BD 70 01 7E 07 23 16 2B 0B F6 EE 8D 00 BA 11
f263:78
f158:43
f49:17
Invalid operation
f263:B0 88 CE 2F 03 48 54 43 D0 8F 00 A8 62 12 6D 00 00 00 00 00
Invalid operation
f263:25 2C 2A 00 DD AE 00
Invalid operation
Invalid operation
Invalid operation
Invalid operation
d0/
d114/
d116
d152
d154
d162
d177
d182/
d189/
d194
d221/
d224
d244
d248
d284/
d285/
d292
d296/
d297
d3/
d46/
d59
d66/
d9/
f121/
f124
f158
f16/
f172/
f174
f199
f2
f242
f246
f263
f267
f268
f272/
f288/
f29
f293
f294
f30/
f33/
f47/
f49
f56/
f58
f71
f93
n100
n102/
n116/
n39/
n47/
n52/
n69
n98/
/f263
d11
d143
d89/
f155/
f164/
n44/
n46/
n53/
Invalid operation
Invalid operation
d89/
f155/
f164/
n44/
Null
Invalid operation
Invalid operation
Invalid operation
Invalid operation
Invalid operation
f263:F9 E3 8E 28 55 09 BD 70 01 7E 07 23 16 2B 0B F6 EE 8D 00 BA 11 01 13 6B ED 55 34 BB A5 39 C8 72 59 31 C0 A6 E3 CD 8C C0 19 66 38 25 2C 2A 00 DD AE 00 00 B0 88 CE 2F 03
f263:83 99 72 59 31 C0 A6 E3 CD 8C C0 19 66 38 25 2C 2A 00 DD AE 00 00 B0 88 CE 2F 03 48 54 43 D0 8F 00 A8 62 12 6D 00 00 00 00 00 00 00 00 CB 47 82 B8
Invalid operation
d123:0
f161:0
d123
f161
Invalid operation
f263:2C 2A 00 DD AE 00 00 B0
d102
f155/
f164/
n44/
d102:9
d102
f155/
f164/
n44/
Invalid operation
Invalid operation
f16/
├── d102
├── d291/
├── f155/
├── f164/
│   ├── d123
│   ├── d125/
│   └── f161
└── n44/
d102:2zl_y42hi
f263:82 B8 00
f263:8C C0 19
/f16/d102
Invalid operation
/f16/d102
d102:2zl_y42hi
d81:12
Invalid operation
d102
d200
d263/
d81
f176/
n44/
Invalid operation
d102:2zl_y42hi
f288:dir:0
Invalid operation
Invalid operation
Invalid operation
d0/
d114/
d116
d152
d154
d162
d177
d182/
d189/
d194
d221/
d224
d244
d284/
d285/
d292
d296/
d3/
d46/
d59
d9/
f121/
f124
f147/
f158
f16/
f172/
f174
f199
f2
f242
f246
f263
f267
f268
f272/
f288/
f29
f293
f294
f30/
f47/
f49
f56/
f58
f71
f93
n100
n102/
n116/
n39/
n47/
n52/
n69
n98/
d0/
d114/
d116
d152
d154
d162
d177
d182/
d189/
d194
d221/
d224
d244
d284/
d285/
d292
d296/
d3/
d46/
d59
d9/
f121/
f124
f147/
f158
f16/
f172/
f174
f199
f2
f242
f246
f263
f267
f268
f272/
f288/
f29
f293
f294
f30/
f47/
f49
f56/
f58
f71
f93
n100
n102/
n116/
n39/
n47/
n52/
n69
n98/
Invalid operation
d0/
d114/
d152
d154
d162
d177
d182/
d189/
d194
d221/
d224
d244
d284/
d285/
d292
d296/
d3/
d46/
d59
d9/
f121/
f124
f147/
f158
f16/
f172/
f174
f199
f2
f242
f246
f263
f267
f268
f272/
f288/
f29
f293
f294
f30/
f47/
f49
f56/
f58
f71
f93
n100
n102/
n116/
n39/
n47/
n52/
n69
n98/
d0/
d114/
d152
d154
d162
d177
d182/
d189/
d194
d221/
d224
d244
d284/
d285/
d292
d296/
d3/
d46/
d59
d9/
f121/
f124
f147/
f158
f16/
f172/
f174
f199
f2
f242
f246
f263
f267
f268
f272/
f288/
f29
f293
f294
f30/
f47/
f49
f56/
f58
f71
f93
n100
n102/
n116/
n39/
n47/
n52/
n69
n98/
Invalid operation
Null
n52/
n85/
Invalid operation
Invalid operation
Invalid operation
f288:dir:0
Invalid operation
d0/
d114/
d152
d154
d162
d177
d182/
d189/
d194
d204
d221/
d224
d244
d284/
d285/
d292
d296/
d3/
d46/
d59
d9/
f121/
f124
f147/
f158
f16/
f172/
f174
f199
f2
f242
f246
f263
f267
f268
f272/
f288/
f29
f293
f294
f30/
f47/
f49
f56/
f58
f71
f93
n100
n102/
n116/
n39/
n47/
n52/
n69
n98/
f263:B0 88 CE 2F 03 48 54 48 BE 56 62 15 62 12 6D 00 00 00 00 00 00 00 00 CB 00
Invalid operation
f263:00 DD AE 00 00 B0 88 CE 2F 03 48 54 48 BE 56 62 15 62 12 6D 00 00 00 00
Invalid operation
Null
Invalid operation
Invalid operation
Invalid operation
n34:7
Invalid operation
Invalid operation
Invalid operation
f263:3F B9 3A 78 67 BE 2C B4 25 2C 2A 00 DD AE 00 00 B0 88 CE
Invalid operation
Invalid operation
Invalid operation
Invalid operation
Invalid operation
Invalid operation
Invalid operation
f263:BA 11 01 13 6B ED 73 34 71 1E 83 99 72 59 19 CE 3F B9 3A 78 67 BE 2C B4 25 2C
f98:ye8cu1
/n52/f98
f98:10
f98:md:10
f98:10
d210/
f98
n118
f98:md:11
/f263
Invalid operation
f288:dir:0
f263:95
f158:43
f49:17
n118:14
d154:13
d194:12
f263:07 72 E6 2B FE C6 D3 AF 57 4B 9A
Invalid operation
f263:FE C6 D3 AF 57 4B 9A 01 13 6B ED 73 34 71 1E 83 99 72 59 19 CE 3F B9 3A 78 67 BE 2C B4 25 2C 2A 00 DD AE 00 00 B0 88 CE 2F 03 48 54 48 BE 56 74 84 04 8B 6D 00 00 00 C8 A4 F6 29 EF 21 00
Invalid operation
Invalid operation
Invalid operation
d113
d113:bin:6
/d285/d206
Invalid operation
Invalid operation
f263:19 CE DB 04 38 86 94 BE 2C B4 25 2C 2A 00 DD AE 00 00 B0 88 CE 2F 03 48 54 48 BE 56 74 84 04 8B 6D 00 00 00 C8 A4 F6 29 EF 21 00 00 19 F4 E8 4E 01 6B D7 9C 78 06 BA AB 00 00
Invalid operation
/f263
f263:BE 56 74 84 04 8B 6D 00 00 00 C8 A4 F6 29 EF 21 00 00 19 F4 E8 4E
Invalid operation
Invalid operation
Invalid operation
Invalid operation
d114/
d182/
d195
f151/
f64/
d114/
d182/
d195
f151/
f64/
d114/
d182/
d195
f64/
d114/
d182/
d195
f64/
n64/
Invalid operation
/d221/d195
Invalid operation
d114/
d182/
d195
d289
f64/
n64/
Invalid operation
d114/
d182/
d195
d289
f64/
n64/
Invalid operation
Invalid operation
d289:11
n56:10
d195:6
d114/
d182/
d195
d289
f64/
n56
d114:dir:0
Invalid operation
Invalid operation
d114/
d182/
d289
f229
f64/
n56
n64/
d114/
d182/
d289
f229
f64/
n56
n64/
Invalid operation
Invalid operation
f263:95
f158:43
f49:17
f98:md:11
Invalid operation
Invalid operation
n118:txt:0
f263:86 94 BE 2C B4 25 2C 2A 00 DD AE 00 00 B0 88 CE 2F 03 48 54 48 BE 56 74 84 04 8B 6D 00 00 00 C8 A4 F6 29 EF 21 00 00 19 F4 E8 4E 01 6B D7
Invalid operation
Invalid operation
Invalid operation
f288:dir:0
f263:97
f158:43
f49:17
Invalid operation
d128/
d152
d154
d162
d164/
d177
d182/
d189/
d194
d204
d221/
d224
d244
d254
d256
d277/
d284/
d285/
d292
d296/
d3/
d43/
d46/
d59
d61
d9/
f121/
f124
f147/
f158
f16/
f172/
f174
f199
f2
f242
f246
f263
f268
f272/
f279
f288/
f289
f29
f293
f294
f47/
f49
f56/
f58
f71
f93
n102/
n116/
n39/
n47/
n52/
n69
n80
n98/
Invalid operation
f263:97
f158:43
f49:17
f263:97
f158:43
f49:17
d128/
d152
d154
d162
d164/
d177
d182/
d189/
d194
d204
d221/
d224
d244
d254
d256
d277/
d284/
d285/
d292
d296/
d3/
d46/
d59
d61
d9/
f121/
f124
f147/
f158
f16/
f172/
f174
f199
f2
f242
f246
f263
f268
f272/
f279
f288/
f289
f29
f293
f294
f47/
f49
f56/
f58
f71
f93
n102/
n116/
n118
n39/
n47/
n52/
n69
n80
n98/
f263:97
f158:43
f49:17
Invalid operation
f263:97
d213:17
f49:17
Invalid operation
Invalid operation
f263:97
d213:17
f49:17
Invalid operation
Invalid operation
f263:97
d213:17
f49:17
Invalid operation
f288:dir:0
f263:3F 0B 82 6F 89 F0 42 7E 48 BE 56 74 84 04 8B 6D 00 00 00 C8 A4 F6 29 EF 21 00 00 19 F4 E8 4E 01 6B D7 9C 78 06 BA AB 00 00 00
d128/
d152
d154
d162
d164/
d177
d182/
d189/
d194
d204
d213
d221/
d224
d244
d254
d256
d277/
d284/
d285/
d292
d296/
d3/
d46/
d59
d61
d9/
f121/
f124
f147/
f16/
f172/
f174
f199
f2
f242
f246
f263
f268
f272/
f279
f288/
f289
f29
f293
f294
f47/
f49
f56/
f58
f71
f93
n102/
n116/
n118
n39/
n47/
n52/
n69
n80
n98/
Invalid operation
f263:97
d213:17
f49:17
Invalid operation
Invalid operation
f263:97
d213:17
f49:17
f263:98
d213:17
f49:17
f263:98
d213:17
f49:17
d128/
d152
d154
d162
d164/
d177
d182/
d189/
d194
d204
d213
d221/
d224
d244
d254
d256
d277/
d284/
d285/
d292
d296/
d3/
d59
d61
d9/
f121/
f124
f147/
f16/
f172/
f174
f199
f2
f242
f246
f263
f268
f272/
f279
f288/
f289
f29
f293
f294
f47/
f49
f56/
f58
f71
f93
n102/
n116/
n118
n39/
n47/
n52/
n69
n80
n98/
Invalid operation
f263:98
d213:17
f49:17
d128/
d152
d154
d162
d164/
d177
d182/
d189/
d194
d204
d213
d221/
d224
d244
d254
d256
d277/
d284/
d285/
d292
d296/
d3/
d46/
d59
d61
d9/
f121/
f124
f147/
f16/
f172/
f174
f199
f2
f242
f246
f263
f268
f272/
f279
f288/
f289
f29
f293
f294
f47/
f49
f56/
f58
f71
f93
n102/
n116/
n118
n39/
n47/
n52/
n69
n80
n98/
f263:98
d213:17
f49:17
Invalid operation
f263:101
d213:17
f49:17
f263:101
d213:17
f49:17
/f263
Invalid operation
Invalid operation
Invalid operation
Invalid operation
Invalid operation
f43/
Invalid operation
Invalid operation
Invalid operation
f294/
f263:BA AB 00 00 00 00 00 00 00
f80:
f294/
f60
f43/
├── f294/
├── f60
└── f97/
Invalid operation
f263:00
d198/
d202
d87
f294/
f97
/n98/f43/d87
d198/
d202
d87
f294/
f60
f97
d87:u8nrrg c62u60
d87:txt:13
Invalid operation
d246/
f263:00 00 00 00 00
f263:7E 48 BE 56 74 84 04 8B 7E 5A 07 0A C8 A4 F6 29 EF 21 00 00 8E 21 E8 4E
d246/
Invalid operation
d246/
f263:F6 29 EF 21 00 00 8E 21 E8 4E 01 0E 6D 9C 78 06
Invalid operation
f263/
Invalid operation
d198/
d202
d87
f294/
f60
f97
f263:DE 7F 65 26 19 CE DB 04 38 86 94 BE 2C B4 25 2C 2A 00 DD AE 00 3F 1B 68 80 1D 24 42 7E 48 BE 56 74 84 04 8B 80 A3 FC 22 F8 B7 F6 29 EF 21 00 00 8E
d87:u8nrrg c62u60 f3a5wm5.w3ao_ilt724omb8_8g37xb
d198/
d202
d295/
d46
d87
f129/
f134
f203
f294/
f32/
f60
f73/
f97
f263:84
d133/
f43/
f80
Invalid operation
Invalid operation
Invalid operation
Invalid operation
d133/
f299/
f43/
f91/
Invalid operation
f43:dir:0
Null
Invalid operation
Invalid operation
f43:dir:0
Invalid operation
d167/
d251
d258/
f259
f261/
f299/
f43/
f91/
d167/
d251
d258/
f259
f261/
f299/
f43/
f91/
d167/
d251
d258/
f259
f261/
f299/
f43/
f91/
n113
Null
f288:dir:0
f263:115
d213:17
f49:17
Invalid operation
f263:119
d213:17
f49:17
f263:120
d213:17
f49:17
f263:120
d213:17
f49:17
f263:120
d213:17
f49:17
f263:118
d213:17
f49:17
f263:118
d213:17
f49:17
Invalid operation
f263:118
d213:17
f49:17
Invalid operation
Invalid operation
Invalid operation
d128/
d152
d154
d162
d164/
d177
d182/
d189/
d194
d204
d213
d221/
d224
d244
d254
d256
d277/
d284/
d285/
d292
d296/
d3/
d46/
d59
d61
d9/
f121/
f124
f147/
f16/
f172/
f174
f199
f242
f246
f263
f268
f272/
f279
f288/
f289
f29
f293
f294
f47/
f49
f56/
f58
f71
f93
n102/
n116/
n118
n39/
n47/
n52/
n69
n80
n98/
f263:80 1D 24 42 7E 48 BE 56 74 84 04 8B 80 A3 FC 8E D5 8B 44 7A 4A D0 4B EA 2F 21 E8 4E 01 0E 6D 9C 78 06 BA AB 00 00 00 00 00 00 00 00 00 00 C8 D5 71 BA 52 84 00 00 00 00 00 00 00 00
Invalid operation
f288:dir:0
Invalid operation
Invalid operation
d128/
d152
d154
d162
d164/
d177
d182/
d189/
d194
d204
d213
d221/
d224
d244
d254
d256
d277/
d284/
d285/
d292
d296/
d3/
d46/
d59
d61
d9/
f121/
f124
f147/
f16/
f172/
f174
f199
f242
f246
f263
f268
f272/
f279
f288/
f289
f29
f293
f294
f47/
f49
f56/
f58
f71
f93
n102/
n116/
n118
n39/
n47/
n52/
n69
n80
n98/
Invalid operation
Invalid operation
d128/
d152
d154
d162
d164/
d177
d182/
d189/
d194
d204
d213
d221/
d224
d244
d254
d256
d277/
d284/
d285/
d292
d296/
d3/
d46/
d59
d61
d9/
f121/
f124
f147/
f16/
f172/
f174
f199
f242
f246
f263
f268
f272/
f279
f288/
f289
f29
f293
f294
f47/
f49
f56/
f58
f71
f93
n102/
n116/
n118
n39/
n47/
n52/
n69
n80
n98/
Invalid operation
f263:1D 24 42 7E 48 BE 56 74 84 04 8B 80
Invalid operation
Invalid operation
f263:0E 6D 9C 78 06 BA AB 00 00 00 00 00 00 00 00
f263:114
d213:17
f49:17
d128/
d152
d154
d162
d177
d182/
d189/
d194
d196
d204
d213
d22/
d221/
d224
d225/
d244
d254
d256
d277/
d284/
d285/
d292
d296/
d3/
d46/
d59
d61
d9/
f121/
f124
f129
f147/
f16/
f172/
f174
f199
f242
f246
f263
f268
f272/
f279
f288/
f29
f293
f294
f47/
f56/
f58
f71
f93
n102/
n116/
n118
n39/
n47/
n52/
n69
n80
f288:dir:0
f263:7E 48 BE 56 74 84 04 8B 80 A3 FC 8E
/f263
d128/
d152
d154
d162
d164/
d177
d182/
d189/
d194
d196
d204
d213
d22/
d221/
d224
d244
d254
d256
d277/
d284/
d285/
d292
d296/
d3/
d46/
d59
d61
d9/
f121/
f124
f129
f147/
f16/
f172/
f174
f199
f242
f246
f263
f268
f272/
f279
f288/
f29
f293
f294
f47/
f56/
f58
f71
f93
n102/
n116/
n118
n39/
n47/
n52/
n69
n80
f263:114
d213:17
f49:17
n118:14
d154:13
d194:12
d292:12
Invalid operation
Invalid operation
Invalid operation
d128/
d152
d154
d162
d164/
d177
d182/
d189/
d194
d204
d213
d221/
d224
d244
d254
d256
d277/
d284/
d285/
d292
d296/
d3/
d46/
d59
d61
d9/
f1
f121/
f124
f129
f147/
f151
f16/
f172/
f174
f199
f242
f246
f263
f268
f272/
f279
f288/
f29
f293
f294
f47/
f49
f56/
f58
f71
f93
n102/
n116/
n118
n39/
n47/
n52/
n69
n80
Invalid operation
f263:114
d213:17
f49:17
f263:114
d213:17
f49:17
Invalid operation
f263:114
d213:17
f49:17
f131:14
n118:14
d154:13
d194:12
f263:114
d213:17
f49:17
f263:52 84 00 00 00 00
Invalid operation
f263:114
d213:17
f49:17
Invalid operation
f263:114
d213:17
f49:17
f263:114
d213:17
f49:17
d128/
d152
d154
d162
d164/
d177
d182/
d189/
d194
d204
d205
d213
d221/
d224
d244
d254
d256
d277/
d284/
d285/
d292
d296/
d3/
d46/
d59
d61
d9/
f1
f121/
f124
f129
f131
f147/
f16/
f172/
f174
f199
f242
f246
f263
f268
f272/
f279
f288/
f29
f293
f294
f47/
f49
f56/
f58
f71
n102/
n116/
n118
n39/
n47/
n52/
n69
n80
f288:dir:0
Invalid operation
f263:6E 21 AA 34 8E 26 19 CE DB 04 38 86 94 BE 2C 95 27 F5 AF 45 BF 05 00 3F 1B 68 80 1D 24 42 7E 48 BE 56 74
Invalid operation
d35/
f263:6E 87 1A 89 85 61 A6 6A 29 58 9D C6 24 82 2A 00 30 E3 FA 6E 21 AA 34 8E 26 19 CE DB 04 38 86 94 BE 2C 95 27 F5 AF 45 BF 05 00 3F 1B 68 80 1D 24 42 7E 48 BE 56 74 84 04 8B 80 A3
d35/
d202
d35/
/f56/f281/d202
d35:dir:0
Invalid operation
f281/
f263:42 7E 48 BE 56 74 84 04 8B 80 A3 B2 CC 06 67 E5 A1 4A D0 4B EA 2F 21 E8 4E 01 0E 6D 9C 78 06 BA AB 00 00 00 00 00 00 00 00 84 38 77 E5 49 BA
d279:2
Invalid operation
d35:dir:0
d35/
f263:38 86 94 BE 2C 95 27 F5 AF 45 BF 05 00 3F 1B 68 80 1D 24 42 7E 48 BE 56 74 84 04 8B 80 A3 B2 CC 06 67 E5 A1 4A D0 4B EA 2F 21 E8 4E 01 0E
Invalid operation
f281:dir:0
f9
Invalid operation
f190:txt:13
f190:29
d278:5
Invalid operation
f190:tlpkk2-._a2s2lp .xz4l.bo7d.1l
f190:tlpkk2-._a2s2lp .xz4l.bo7d.1l
f190:tlpkk2-._a2s2lp .xz4l.bo7d.1labiw-i96z0v5_mt9apdfwc44vfi- 9j7t
d276/
d98
f156/
f179/
f190
f24
f261
f6/
Invalid operation
d276/
d98
f156/
f190
f24
f261
f6/
Invalid operation
f263:111
d213:17
f49:17
Invalid operation
f263:111
d213:17
f49:17
/f263
f288:dir:0
Invalid operation
Invalid operation
f263:07 A1 C2 F5 AF 45 BF 05 00 3F 1B 68 80
/f263
d128/
d152
d154
d162
d164/
d177
d182/
d189/
d194
d204
d205
d213
d221/
d224
d244
d254
d256
d277/
d284/
d285/
d292
d296/
d3/
d46/
d59
d61
d9/
f1
f121/
f129
f131
f147/
f16/
f172/
f174
f183/
f199
f242
f246
f263
f268
f272/
f279
f288/
f29
f293
f294
f47/
f56/
f71
n102/
n116/
n118
n39/
n47/
n52/
n69
n80
d128/
d152
d154
d164/
d177
d182/
d189/
d194
d204
d205
d213
d221/
d224
d244
d254
d256
d277/
d284/
d285/
d292
d296/
d3/
d46/
d59
d61
d9/
f1
f121/
f129
f131
f147/
f16/
f172/
f174
f183/
f199
f242
f246
f263
f268
f272/
f279
f288/
f29
f293
f294
f47/
f56/
f71
n102/
n116/
n118
n39/
n47/
n52/
n69
n80
f263:67 E5 A1 4A D0 4B EA 2F 21 E8 4E 01 0E 6D 9C 78 06 BA AB 00 00 00 00 00 00 00
Invalid operation
Invalid operation
Invalid operation
d128/
d152
d154
d164/
d177
d182/
d189/
d194
d204
d205
d213
d221/
d224
d244
d254
d256
d277/
d284/
d285/
d292
d296/
d3/
d46/
d59
d61
d9/
f1
f121/
f129
f131
f147/
f16/
f172/
f174
f183/
f199
f242
f246
f263
f268
f272/
f279
f288/
f29
f293
f294
f39
f47/
f56/
n102/
n116/
n118
n39/
n47/
n52/
n69
n80
Invalid operation
Invalid operation
d128/
d152
d154
d164/
d177
d182/
d189/
d194
d204
d205
d213
d221/
d224
d244
d254
d256
d277/
d284/
d285/
d292
d296/
d3/
d46/
d59
d61
d9/
f1
f121/
f129
f131
f147/
f16/
f172/
f174
f183/
f199
f242
f246
f263
f268
f272/
f279
f288/
f29
f293
f294
f39
f47/
f56/
n102/
n116/
n118
n39/
n47/
n52/
n69
n80
d128/
d152
d154
d164/
d177
d182/
d189/
d194
d204
d205
d213
d221/
d224
d244
d254
d256
d277/
d284/
d285/
d292
d296/
d3/
d46/
d59
d61
d9/
f1
f121/
f129
f131
f147/
f16/
f172/
f174
f183/
f199
f242
f246
f263
f268
f272/
f279
f288/
f29
f293
f294
f39
f47/
f56/
n102/
n116/
n118
n39/
n47/
n52/
n69
n80
d128/
d152
d154
d164/
d177
d182/
d189/
d194
d204
d205
d213
d221/
d224
d244
d254
d256
d277/
d284/
d285/
d292
d296/
d3/
d46/
d59
d61
d9/
f1
f121/
f129
f131
f147/
f16/
f172/
f174
f183/
f199
f242
f246
f263
f268
f272/
f279
f288/
f29
f293
f294
f39
f47/
f56/
n102/
n116/
n118
n39/
n47/
n52/
n69
n80
Invalid operation
d128/
d152
d154
d164/
d177
d182/
d189/
d194
d204
d205
d213
d221/
d224
d244
d254
d256
d277/
d284/
d285/
d292
d296/
d3/
d46/
d59
d61
d85
d9/
f1
f121/
f129
f131
f147/
f16/
f172/
f174
f183/
f199
f242
f246
f263
f268
f272/
f279
f288/
f29
f293
f294
f39
f47/
f56/
n102/
n116/
n118
n39/
n47/
n52/
n69
n80
Invalid operation
f288:dir:0
/f263
Invalid operation
d128/
d152
d154
d164/
d177
d182/
d189/
d194
d204
d205
d213
d221/
d224
d244
d254
d256
d277/
d284/
d285/
d292
d296/
d3/
d46/
d59
d61
d85
d9/
f1
f121/
f129
f131
f147/
f16/
f172/
f174
f183/
f199
f242
f246
f263
f268
f272/
f279
f288/
f293
f294
f39
f47/
f56/
f81
n102/
n116/
n118
n39/
n47/
n52/
n69
n80
Invalid operation
Invalid operation
/f288/d119
Null
f260:md:22
f260
n118/
n61/
/n102/f260
Invalid operation
f260:5u-mrc2r2w.ft_6lrk0.5l
d50/
Invalid operation
Invalid operation
f82:7B 96 58 E0 E7 B3
f82:3E
Invalid operation
Invalid operation
Invalid operation
d128/
d152
d154
d164/
d177
d189/
d194
d204
d205
d213
d221/
d224
d244
d254
d256
d277/
d284/
d285/
d292
d296/
d3/
d46/
d59
d61
d9/
f1
f121/
f128/
f129
f131
f147/
f16/
f172/
f174
f183/
f199
f242
f246
f263
f272/
f279
f288/
f293
f294
f39
f47/
f56/
f81
n102/
n116/
n118
n39/
n47/
n52/
n69
n80
Invalid operation
d128/
d152
d154
d164/
d177
d189/
d194
d204
d205
d213
d221/
d224
d244
d254
d256
d277/
d284/
d285/
d292
d296/
d3/
d46/
d59
d61
d9/
f1
f121/
f128/
f129
f131
f132/
f147/
f16/
f172/
f174
f183/
f199
f242
f246
f263
f272/
f279
f288/
f293
f294
f39
f47/
f56/
f81
n102/
n116/
n118
n39/
n47/
n52/
n69
n80
Invalid operation
f288:dir:0
Invalid operation
Invalid operation
d128/
d152
d154
d164/
d177
d189/
d194
d204
d205
d213
d221/
d224
d244
d254
d256
d277/
d284/
d285/
d292
d296/
d3/
d46/
d51/
d59
d61
d9/
f1
f120/
f121/
f128/
f129
f131
f132/
f147/
f16/
f172/
f174
f183/
f199
f242
f246
f263
f272/
f279
f285
f288/
f293
f294
f47/
f56/
f81
n102/
n116/
n118
n39/
n47/
n52/
n69
n80
Invalid operation
d128/
d15
d152
d154
d164/
d177
d189/
d194
d204
d205
d221/
d224
d244
d254
d256
d277/
d284/
d285/
d292
d296/
d3/
d46/
d59
d61
d8
d9/
f1
f120/
f121/
f128/
f129
f131
f132/
f147/
f16/
f172/
f174
f181/
f183/
f199
f214
f242
f246
f272/
f279
f285
f288/
f294
f47/
f56/
f81
n102/
n116/
n118
n39/
n47/
n52/
n69
n80
Invalid operation
Invalid operation
n69:45 D7 93 00 00 00
d200
n69:67
d200:s5tubwtx 5
Invalid operation
d200
d200
d200
Invalid operation
Invalid operation
d152:20
n69:18
d213:17
d152:20
n69:18
d213:17
Invalid operation
d152:28
n69:18
d213:17
d152:28
n69:18
d213:17
d152:28
n69:18
d213:17
d152:28
n69:18
d213:17
d152:28
n69:18
d213:17
Invalid operation
d15
d152
d154
d164/
d177
d189/
d194
d204
d205
d213
d221/
d224
d244
d254
d256
d277/
d284/
d285/
d292
d296/
d3/
d46/
d59
d61
d8
d9/
f120/
f121/
f128/
f129
f131
f132/
f147/
f16/
f172/
f174
f181/
f183/
f199
f214
f242
f246
f272/
f279
f285
f288/
f294
f47/
f56/
f81
n102/
n116/
n118
n39/
n47/
n52/
n69
n80
Invalid operation
f181/
d159
d213
d213:E7
Invalid operation
d15
d152
d154
d164/
d177
d189/
d194
d204
d205
d213
d221/
d224
d244
d254
d256
d277/
d284/
d292
d296/
d3/
d46/
d61
d8
d9/
f120/
f121/
f128/
f129
f131
f147/
f16/
f172/
f174
f181/
f183/
f199
f214
f220/
f246
f272/
f279
f285
f288/
f294
f47/
f56/
f81
n102/
n116/
n118
n39/
n47/
n52/
n69
n80
d15
d152
d154
d164/
d177
d189/
d194
d204
d205
d213
d221/
d224
d244
d254
d256
d277/
d284/
d292
d296/
d3/
d46/
d61
d8
d9/
f120/
f121/
f128/
f129
f131
f147/
f16/
f172/
f174
f181/
f183/
f199
f214
f220/
f246
f272/
f279
f285
f288/
f294
f47/
f56/
f81
n102/
n116/
n118
n39/
n47/
n52/
n69
n80
Invalid operation
n69:67 19 60 93
Invalid operation
Invalid operation
n69:60 93 08 45 BE
d152:qy5.oo74ncmqvzj.h6xx543qniw3
Invalid operation
n69:45 BE 37 70 D0 C1 A4 35 26 35 89 0E 87 B1 65 8F
d152:qy5.oo74ncmqvzj.h6xx543qniw3
/d152
Invalid operation
f288:dir:0
Invalid operation
Invalid operation
Invalid operation
Invalid operation
Invalid operation
d15
d152
d154
d164/
d166
d177
d189/
d194
d204
d205
d213
d221/
d224
d239
d244
d256
d277/
d284/
d296/
d3/
d46/
d61
d8
d9/
d91/
f120/
f128/
f129
f131
f147/
f16/
f172/
f181/
f183/
f199
f214
f218
f220/
f246
f272/
f279
f285
f288/
f294
f296
f41/
f47/
f56/
f81
n0
n102/
n116/
n118
n24/
n39/
n47/
n52/
n69
n80
Null
d152:28
n69:25
d213:17
Invalid operation
Invalid operation
Invalid operation
Invalid operation
Null
/d152
/d152
d15
d152
d154
d164/
d166
d177
d189/
d194
d204
d205
d213
d221/
d224
d239
d244
d256
d284/
d296/
d3/
d46/
d61
d8
d9/
d91/
f120/
f128/
f131
f142
f147/
f16/
f172/
f173
f181/
f199
f214
f218
f220/
f246
f272/
f279
f285
f288/
f296
f41/
f47/
f56/
n0
n102/
n116/
n118
n24/
n47/
n52/
n69
n8
n80
d152:qy5.oo74ncmqvzj.h6xx543qniw3 pz3l5i5_i.qax
Invalid operation
Invalid operation
d15
d152
d154
d164/
d166
d177
d189/
d194
d204
d205
d213
d221/
d224
d239
d244
d256
d284/
d296/
d3/
d46/
d61
d8
d9/
d91/
f120/
f128/
f131
f142
f147/
f16/
f172/
f173
f181/
f199
f214
f218
f220/
f246
f272/
f279
f285
f288/
f296
f41/
f47/
f56/
n0
n102/
n116/
n118
n24/
n47/
n52/
n69
n8
n80
d15
d152
d154
d164/
d166
d177
d189/
d194
d204
d205
d213
d221/
d224
d239
d244
d256
d284/
d296/
d3/
d46/
d61
d8
d9/
d91/
f120/
f128/
f131
f142
f147/
f16/
f172/
f173
f181/
f199
f214
f218
f220/
f246
f272/
f279
f281
f285
f288/
f296
f41/
f47/
f56/
n0
n102/
n116/
n118
n24/
n47/
n52/
n69
n8
n80
Invalid operation
d15
d152
d154
d164/
d166
d177
d189/
d194
d204
d205
d213
d221/
d224
d239
d244
d256
d284/
d296/
d3/
d46/
d61
d8
d9/
d91/
f120/
f128/
f131
f142
f147/
f16/
f173
f181/
f199
f218
f220/
f246
f272/
f279
f281
f285
f288/
f296
f41/
f47/
f56/
n0
n102/
n116/
n118
n24/
n47/
n52/
n69
n8
n80
Invalid operation
d15
d152
d154
d164/
d166
d177
d189/
d194
d204
d205
d213
d221/
d224
d239
d244
d256
d284/
d296/
d3/
d46/
d50
d61
d8
d9/
d91/
f120/
f128/
f131
f142
f147/
f16/
f173
f181/
f199
f218
f220/
f246
f272/
f279
f281
f285
f288/
f296
f41/
f47/
f56/
n0
n102/
n116/
n118
n24/
n47/
n52/
n69
n8
n80
Invalid operation
n69:33 D3
/d152
f102
d119
d15
d152
d154
d164/
d166
d189/
d194
d204
d205
d221/
d224
d239
d244
d256
d284/
d296/
d3/
d46/
d50
d61
d8
d9/
d91/
f120/
f128/
f131
f142
f147/
f16/
f173
f181/
f199
f218
f220/
f231/
f246
f272/
f279
f281
f285
f288/
f296
f41/
f47/
f56/
n0
n102/
n116/
n118
n24/
n27
n47/
n69
n8
n80
Invalid operation
d119
d15
d152
d154
d164/
d166
d189/
d194
d200
d204
d205
d221/
d224
d239
d244
d284/
d296/
d3/
d46/
d50
d52
d61
d8
d9/
d91/
f120/
f128/
f131
f142
f147/
f16/
f173
f181/
f199
f218
f220/
f231/
f246
f272/
f281
f285
f296
f297/
f31
f41/
f47/
f56/
n0
n102/
n116/
n118
n24/
n27
n47/
n69
n8
n80
n97/
/
├── d119
├── d15
├── d152
├── d154
├── d164/
├── d166
├── d189/
├── d194
├── d200
├── d204
├── d205
├── d221/
│   ├── d114/
│   ├── d182/
│   ├── f244
│   ├── f64/
│   ├── n56
│   └── n64/
├── d224
├── d239
├── d244
├── d284/
│   └── d236/
├── d296/
│   └── n11
├── d3/
│   ├── d251/
│   ├── d282
│   ├── d54
│   ├── d68/
│   ├── f295
│   └── f60
├── d46/
│   └── d113
├── d50
├── d52
├── d61
├── d8
├── d9/
│   └── d83/
├── d91/
├── f120/
├── f128/
├── f131
├── f142
├── f147/
├── f16/
│   └── d200
├── f173
├── f181/
│   ├── d159
│   └── d213
├── f199
├── f218
├── f220/
├── f231/
├── f246
├── f272/
├── f281
├── f285
├── f296
├── f297/
├── f31
├── f41/
├── f47/
│   ├── f269
│   ├── f7
│   └── n33/
├── f56/
│   ├── d20/
│   ├── d43/
│   ├── f269
│   └── f281/
│       ├── d107/
│       ├── d276/
│       ├── d98
│       ├── f156/
│       ├── f190
│       ├── f24
│       ├── f261
│       ├── f276/
│       └── f6/
├── n0
├── n102/
│   ├── f260
│   └── n118/
│       └── f177
├── n116/
├── n118
├── n24/
├── n27
├── n47/
├── n69
├── n8
├── n80
└── n97/
Invalid operation
d119
d15
d152
d154
d164/
d166
d189/
d194
d200
d204
d205
d221/
d224
d239
d244
d284/
d296/
d3/
d46/
d50
d52
d61
d8
d9/
d91/
f120/
f128/
f131
f142
f147/
f16/
f173
f181/
f199
f218
f220/
f231/
f246
f272/
f281
f285
f296
f297/
f31
f41/
f47/
f56/
n0
n102/
n116/
n118
n24/
n27
n47/
n69
n8
n80
n97/
n69:FF A8 6A 97 F1 00 00 00 00
d119
d15
d152
d154
d164/
d166
d189/
d194
d200
d204
d205
d221/
d224
d239
d244
d284/
d296/
d3/
d46/
d50
d52
d61
d8
d9/
f120/
f128/
f131
f142
f147/
f16/
f173
f181/
f199
f218
f220/
f231/
f246
f272/
f281
f285
f296
f297/
f31
f41/
f47/
f56/
n0
n102/
n116/
n118
n24/
n27
n47/
n69
n8
n80
n97/
Invalid operation
n69:8D A6 00
n69:9E FA 8D 33 D3 8D A6 00 00 00 00 00 FF A8 6A 97 F1 00 0B
/
├── d139/
├── d15
├── d152
├── d154
├── d164/
├── d166
├── d189/
├── d194
├── d200
├── d204
├── d205
├── d22/
├── d221/
│   ├── d114/
│   ├── d182/
│   ├── f244
│   ├── f64/
│   ├── n56
│   └── n64/
├── d224
├── d239
├── d244
├── d284/
│   └── d236/
├── d296/
│   └── n11
├── d3/
│   ├── d251/
│   ├── d282
│   ├── d54
│   ├── d68/
│   ├── f295
│   └── f60
├── d46/
│   └── d113
├── d50
├── d52
├── d61
├── d8
├── d9/
│   └── d83/
├── f120/
├── f128/
├── f131
├── f142
├── f147/
├── f16/
│   └── d200
├── f173
├── f181/
│   ├── d159
│   └── d213
├── f199
├── f218
├── f220/
│   └── d170
├── f231/
├── f246
├── f264
├── f272/
├── f281
├── f296
├── f297/
├── f31
├── f41/
├── f47/
│   ├── f269
│   ├── f7
│   └── n33/
├── f56/
│   ├── d20/
│   ├── d43/
│   ├── f269
│   └── f281/
│       ├── d107/
│       ├── d276/
│       ├── d98
│       ├── f156/
│       ├── f190
│       ├── f24
│       ├── f261
│       ├── f276/
│       └── f6/
├── n102/
│   ├── f260
│   └── n118/
│       └── f177
├── n116/
├── n118
├── n24/
├── n27
├── n47/
├── n69
├── n8
└── n80
Null
Invalid operation
Invalid operation
f247
n109
n111
d263/
├── f247
├── n109
└── n111
Invalid operation
n69:35 92 9E FA 8D 33 D3 8D A6 00 00 00 00 00 FF A8 6A 97 F1 00 0B 5E 00 00 C4
d263:dir:0
Invalid operation
/f41/d263/n70
d263/
├── f220/
└── f262/
d263/
d263:dir:0
/d152
Invalid operation
Invalid operation
Invalid operation
f41/
├── d128
├── d219/
├── d263/
│   ├── f220/
│   └── f262/
├── f199/
└── n69
Invalid operation
d128
d219/
d263/
f199/
n20
Invalid operation
Invalid operation
/f41/n20
Invalid operation
Invalid operation
Invalid operation
d133/
d38/
f229/
n53/
Invalid operation
Invalid operation
Invalid operation
Invalid operation
Invalid operation
d281:C4 2F
Invalid operation
d133:dir:0
d110/
d133/
d281
d38/
f229/
d110/
d133/
d281
d38/
f229/
d133:dir:0
Invalid operation
d110/
d129/
d133/
d227/
d281
f229/
d110/
d129/
d133/
d227/
d281
f229/
Invalid operation
d110/
d227/
d281
f229/
/f128/d281
/f128/d281
/f128/d281
Invalid operation
Invalid operation
d281:00 39 40 D2 9A B3 D3
Invalid operation
Invalid operation
Invalid operation
d227/
d230/
d281
f229/
d227/
d230/
d281
f229/
Invalid operation
Invalid operation
d242:dir:0
Invalid operation
Invalid operation
/d152
n69:B4 43 AD 7D
d139/
d15
d152
d154
d164/
d166
d189/
d194
d200
d204
d205
d22/
d221/
d224
d239
d244
d284/
d296/
d3/
d46/
d50
d52
d61
d64/
d8
d9/
f120/
f124/
f128/
f131
f142
f147/
f16/
f173
f181/
f199
f218
f220/
f231/
f246
f264
f281
f296
f297/
f31
f39
f41/
f47/
f56/
n102/
n116/
n118
n24/
n27
n47/
n69
n8
n80
Invalid operation
d152:102
n69:40
d52:17
Invalid operation
Invalid operation
Invalid operation
d139/
d15
d152
d154
d164/
d166
d189/
d194
d204
d205
d22/
d221/
d224
d239
d244
d284/
d296/
d3/
d46/
d50
d52
d61
d64/
d8
d9/
f120/
f124/
f128/
f131
f142
f147/
f16/
f173
f181/
f199
f218
f220/
f231/
f246
f264
f272/
f281
f296
f297/
f31
f39
f41/
f47/
f56/
n102/
n116/
n118
n24/
n27
n47/
n69
n80
n69:FF A8 6A
Invalid operation
Invalid operation
d139/
d15
d152
d154
d164/
d166
d189/
d194
d204
d205
d22/
d221/
d224
d239
d244
d284/
d296/
d3/
d46/
d50
d52
d61
d64/
d8
d9/
f120/
f124/
f128/
f131
f142
f144
f147/
f16/
f173
f181/
f199
f218
f220/
f231/
f246
f264
f272/
f281
f296
f297/
f31
f39
f41/
f47/
f56/
n102/
n116/
n118
n24/
n27
n47/
n69
n80
Invalid operation
n69:09 2B 00 00 00
d152:117
n69:38
d52:17
d61:16
f131:14
f281:14
n118:14
d154:13
d139/
d15
d152
d154
d164/
d166
d189/
d194
d204
d205
d212
d22/
d221/
d224
d239
d244
d284/
d296/
d3/
d46/
d50
d52
d61
d64/
d8
d9/
f120/
f124/
f128/
f131
f142
f144
f147/
f16/
f173
f181/
f199
f218
f220/
f231/
f246
f264
f272/
f281
f296
f297/
f31
f39
f41/
f47/
f56/
n102/
n116/
n118
n24/
n27
n47/
n69
n80
n69:08 E2 F7 86 09 2B 00 00 00 FF A8 6A 97 F1 00 0B 5E 00 00 00 00
d139/
d15
d152
d154
d164/
d166
d189/
d194
d204
d205
d212
d22/
d221/
d224
d238/
d239
d244
d284/
d296/
d3/
d46/
d50
d52
d61
d64/
d8
d9/
f120/
f124/
f128/
f142
f144
f147/
f16/
f173
f181/
f199
f218
f220/
f231/
f246
f264
f272/
f281
f296
f297/
f31
f39
f41/
f47/
f56/
n102/
n116/
n118
n24/
n27
n47/
n69
n80
d139/
d15
d152
d154
d164/
d166
d189/
d194
d204
d205
d212
d22/
d221/
d224
d238/
d239
d244
d284/
d296/
d3/
d46/
d50
d52
d61
d64/
d8
d9/
f120/
f124/
f128/
f142
f144
f147/
f16/
f173
f181/
f199
f218
f220/
f231/
f246
f264
f272/
f281
f296
f297/
f31
f39
f41/
f47/
f56/
n102/
n116/
n118
n24/
n27
n47/
n69
n80
/d152
d139/
d152
d154
d164/
d166
d189/
d194
d204
d205
d212
d22/
d221/
d224
d238/
d239
d244
d284/
d296/
d3/
d46/
d50
d52
d61
d64/
d8
d9/
f120/
f124/
f128/
f142
f144
f147/
f16/
f173
f181/
f199
f218
f220/
f231/
f246
f264
f272/
f281
f296
f297/
f31
f39
f41/
f47/
f56/
n102/
n116/
n118
n24/
n27
n47/
n69
n80
Invalid operation
d114/
d182/
f244
f64/
n56
n64/
d114/
d182/
f244
f64/
n56
n64/
d114/
d182/
f244
f64/
n56
n64/
d114/
d182/
f244
f64/
n56
n64/
n56:n9qc150jba
/d221/f244
f168:h
f222:D2
f222:D2
d172:16
f168:13
f2:8
Invalid operation
Invalid operation
f168:txt:14
Invalid operation
Invalid operation
f244:12
d102:5
f222:2
f183:1
f244:xc.g0ecycq9q
/d221/f244
f222:00
f244:xc.g0ecycq9q
/d221/f244
Invalid operation
Invalid operation
d218
d252/
n14
n69:FF A8 6A
d252/
f202
f52/
Invalid operation
Invalid operation
f52:dir:0
f52:dir:0
n69:03 45 08 E2 F7
Invalid operation
d191
d252/
d191
d252/
d191
d252/
f130
Invalid operation
d191
d252/
f130
d191
d252/
f130
d252:dir:0
n75
d252/
d59
f60
Invalid operation
Invalid operation
Invalid operation
Invalid operation
d248
Invalid operation
Invalid operation
d152:qy5.oo74ncmqvzj.h6xx543qniw3 pz3l5i5_i.qaxo5r9fjmigvnn.2n0o.k3pdujiyli3pj.n9_o4pmjb80.axnc2d1l_kjt8d_ i3k6budm32o4kf9gbcmjiu3-cg-n1e5m 83.s
f63:dir:0
f63/
Null
Null
Invalid operation
Invalid operation
Invalid operation
Invalid operation
n69:5D
d295/
/d164/f108
Invalid operation
n69:22 D0
Invalid operation
Invalid operation
Invalid operation
f299
d55/
f108
f189/
f108:txt:30
f108:y7_rxuy5 5tuvou9_9t2ho7j-lndxx
Invalid operation
d188/
f108
f189/
f232
f32
f64/
d188/
f108
f189/
f32
n2/
f108:y7_rxuy5 5tuvou9_9t2ho7j-lndxx
Invalid operation
f22
d103
d188/
f108
f189/
f32
n2/
n69:93 9B 99 7E CF
Invalid operation
f108:y7_rxuy5 5tuvou9_9t2ho7j-lndxx
d103
d125
f108
f189/
f32
f62
n2/
Invalid operation
Invalid operation
n69:45 08 E2 F7 86 09
d139/
d152
d154
d164/
d166
d189/
d194
d204
d205
d212
d22/
d221/
d224
d238/
d239
d284/
d296/
d3/
d46/
d50
d52
d61
d64/
d8
d9/
f120/
f124/
f128/
f142
f144
f147/
f16/
f173
f175/
f181/
f199
f218
f220/
f231/
f246
f264
f272/
f281
f296
f297/
f31
f39
f41/
f47/
f56/
n102/
n116/
n118
n24/
n27
n47/
n69
n80
n69:C4
n69:9B 99
/d152
n69:EF E6 95 24 B1 5B 45
Invalid operation
d152:qy5.oo74ncmqvzj.h6xx543qniw3 pz3l5i5_i.qaxo5r9fjmigvnn.2n0o.k3pdujiyli3pj.n9_o4pmjb80.axnc2d1l_kjt8d_ i3k6budm32o4kf9gbcmjiu3-cg-n1e5m 83.sx8pl1bd067kl4kga8r
d263
n95/
d263:
d263:j3bqq-dkjzi
n95/
d191
Invalid operation
d157:0
d253:0
Invalid operation
Invalid operation
Invalid operation
d191:md:22
f71:50 18 18 37 00 CE
Invalid operation
Invalid operation
d181
d188/
d191
d249
d68
d86/
f171/
f71
d181
d188/
d191
d249
d68
d86/
f162/
f71
Invalid operation
/d152
f222:2D F9 35 8B 2D DA DD F2 00 00
f16:dir:0
Invalid operation
n69:CA 85 B6 EB 8C 90
Invalid operation
n69:EB 8C 90 65 5D C4 4B DE EF E6 95 24 B1 5B 45
f16:dir:0
d139/
d150
d152
d164/
d166
d189/
d194
d204
d205
d212
d22/
d221/
d224
d238/
d259
d284/
d296/
d3/
d46/
d50
d61
d64/
d8
d9/
f120/
f124/
f128/
f142
f144
f147/
f16/
f173
f175/
f181/
f199
f218
f220/
f231/
f238/
f246
f264
f272/
f281
f296
f297/
f31
f39
f41/
f47/
f56/
n102/
n116/
n118
n24/
n27
n47/
n69
n80
f16:dir:0
f16:dir:0
d139/
d150
d152
d164/
d166
d189/
d194
d204
d205
d212
d22/
d224
d238/
d259
d284/
d296/
d3/
d46/
d50
d61
d64/
d8
d9/
f120/
f124/
f128/
f142
f144
f147/
f16/
f173
f175/
f181/
f199
f218
f220/
f231/
f238/
f246
f264
f272/
f281
f296
f297/
f31
f39
f41/
f47/
f56/
n102/
n116/
n118
n24/
n27
n47/
n69
n80
d152:qy5.oo74ncmqvzj.h6xx543qniw3 pz3l5i5_i.qaxo5r9fjmigvnn.2n0o.k3pdujiyli3pj.n9_o4pmjb80.axnc2d1l_kjt8d_ i3k6budm32o4kf9gbcmjiu3-cg-n1e5m 83.sx8pl1bd067kl4kga8ry-n18p9 0s9s48f. 9je2f3mb7pni8shfldmenu.
f16:dir:0
n69:07 8C 90 65 5D C4 4B
Invalid operation
d139/
d150
d152
d164/
d166
d189/
d194
d204
d205
d22/
d224
d238/
d259
d278/
d284/
d296/
d3/
d46/
d50
d61
d64/
d8
d9/
f120/
f124/
f128/
f142
f144
f147/
f16/
f173
f175/
f181/
f199
f218
f220/
f231/
f238/
f246
f264
f272/
f281
f296
f297/
f31
f39
f41/
f47/
f56/
n102/
n116/
n118
n24/
n27
n47/
n69
n80
Invalid operation
d139/
d150
d152
d164/
d166
d189/
d194
d204
d205
d22/
d224
d238/
d259
d278/
d284/
d296/
d3/
d45/
d46/
d50
d61
d64/
d8
d9/
f120/
f124/
f128/
f142
f144
f147/
f16/
f173
f175/
f181/
f199
f218
f220/
f231/
f238/
f246
f264
f272/
f281
f296
f297/
f31
f39
f41/
f47/
f56/
n102/
n116/
n118
n24/
n27
n47/
n69
n80
Invalid operation
Invalid operation
Invalid operation
/d152
d139/
d150
d152
d164/
d166
d189/
d194
d204
d205
d22/
d224
d238/
d259
d278/
d284/
d296/
d3/
d45/
d46/
d50
d61
d64/
d8
d9/
f120/
f124/
f128/
f142
f144
f147/
f16/
f173
f175/
f181/
f199
f218
f220/
f231/
f238/
f246
f264
f272/
f281
f296
f297/
f31
f39
f41/
f47/
f56/
n102/
n116/
n118
n24/
n27
n47/
n69
n80
Invalid operation
Invalid operation
Invalid operation
Invalid operation
Invalid operation
d121
d139/
d150
d152
d164/
d166
d189/
d194
d204
d205
d22/
d224
d238/
d259
d278/
d296/
d3/
d46/
d50
d61
d64/
d8
d9/
f120/
f124/
f128/
f142
f144
f147/
f16/
f175/
f181/
f199
f218
f220/
f231/
f238/
f246
f264
f272/
f281
f296
f297/
f31
f39
f41/
f47/
f56/
f88
n102/
n118
n24/
n27
n47/
n69
n80
Invalid operation
Invalid operation
Invalid operation
n69:93 9B 99
Invalid operation
d152:qy5.oo74ncmqvzj.h6xx543qniw3 pz3l5i5_i.qaxo5r9fjmigvnn.2n0o.k3pdujiyli3pj.n9_o4pmjb80.axnc2d1l_kjt8d_ i3k6budm32o4kf9gbcmjiu3-cg-n1e5m 83.sx8pl1bd067kl4kga8ry-n18p9 0s9s48f. 9je2f3mb7pni8shfldmenu.c0m4a4xhxxe.owzg
f16:dir:0
/d152
Invalid operation
Invalid operation
n69:DE 7B 17 95 24 B1 5B 45 08 E2 F7 36 C7 B9 36 91 8F 93 9B 6E B9 1D D2 F9 2D CB 8F 73
Invalid operation
f99:dir:0
Invalid operation
n69:73 00 00 57 7C 0C 51 88 0A 3D 64
Invalid operation
d121
d139/
d150
d152
d164/
d166
d189/
d194
d204
d205
d22/
d224
d233/
d238/
d259
d278/
d296/
d3/
d36
d46/
d50
d61
d64/
d8
d9/
f120/
f124/
f128/
f142
f144
f147/
f16/
f175/
f181/
f182/
f199
f213/
f218
f220/
f238/
f246
f264
f272/
f296
f297/
f31
f39
f41/
f47/
f88
f90
n102/
n118
n24/
n27
n69
n80
Invalid operation
Invalid operation
n69:B9 36 91 8F 93 9B 6E B9 1D D2 F9 2D CB 8F 73 00 00 57 7C 0C 51 88
Invalid operation
Invalid operation
Invalid operation
d121
d139/
d150
d152
d164/
d166
d189/
d194
d204
d205
d22/
d224
d233/
d238/
d259
d278/
d285
d296/
d3/
d36
d46/
d50
d64/
d8
d9/
f102/
f120/
f124/
f128/
f142
f144
f147/
f16/
f175/
f181/
f182/
f199
f213/
f218
f220/
f238/
f246
f264
f272/
f296
f297/
f39
f41/
f47/
f88
f90
n102/
n118
n24/
n27
n69
n80
d121
d139/
d150
d152
d164/
d166
d189/
d194
d202/
d204
d205
d22/
d224
d233/
d238/
d259
d278/
d285
d296/
d3/
d36
d46/
d50
d64/
d8
d9/
f102/
f120/
f124/
f128/
f139
f142
f144
f147/
f16/
f175/
f181/
f182/
f199
f213/
f218
f220/
f238/
f264
f272/
f296
f297/
f39
f41/
f47/
f88
f90
n102/
n118
n24/
n27
n69
n80
d152:265
n69:57
f296:14
n118:14
d166:13
f296:81 A8
d152:qy5.oo74ncmqvzj.h6xx543qniw3 pz3l5i5_i.qaxo5r9fjmigvnn.2n0o.k3pdujiyli3pj.n9_o4pmjb80.axnc2d1l_kjt8d_ i3k6budm32o4kf9gbcmjiu3-cg-n1e5m 83.sx8pl1bd067kl4kga8ry-n18p9 0s9s48f. 9je2f3mb7pni8shfldmenu.c0m4a4xhxxe.owzgxlx215h2kxu0qk.kg6ebh3u7h3xwvo8uwqk.1eal8x7wc0qgzrw3
Invalid operation
Invalid operation
d121
d139/
d150
d152
d164/
d166
d189/
d194
d202/
d204
d205
d218
d22/
d224
d233/
d238/
d278/
d285
d296/
d3/
d36
d46/
d50
d64/
d8
d9/
f102/
f120/
f124/
f128/
f139
f142
f144
f147/
f16/
f175/
f181/
f182/
f199
f213/
f218
f220/
f238/
f264
f272/
f296
f39
f41/
f47/
f88
f90
n102/
n118
n24/
n27
n69
n80
n99/
d121
d139/
d150
d152
d164/
d166
d189/
d194
d202/
d204
d205
d218
d22/
d224
d233/
d238/
d278/
d285
d296/
d3/
d36
d46/
d50
d64/
d8
d9/
f102/
f120/
f124/
f128/
f139
f142
f144
f147/
f16/
f175/
f181/
f182/
f199
f213/
f218
f220/
f238/
f264
f272/
f296
f39
f41/
f47/
f88
f90
n102/
n118
n24/
n27
n69
n80
n99/
d121
d139/
d150
d152
d164/
d166
d189/
d194
d202/
d204
d205
d218
d22/
d224
d233/
d238/
d278/
d285
d296/
d3/
d36
d46/
d50
d64/
d8
d9/
f102/
f120/
f124/
f128/
f139
f142
f144
f147/
f16/
f175/
f181/
f182/
f199
f213/
f218
f220/
f238/
f264
f272/
f296
f39
f41/
f47/
f88
f90
n102/
n118
n24/
n27
n80
n99/
Invalid operation
Invalid operation
d152:265
f296:14
n118:14
d166:13
d194:12
f90:10
d150:8
f296:27 04 6B 14 81
Invalid operation
d152:266
f296:14
n118:14
d166:13
Invalid operation
Invalid operation
f296:76 7A
d152:266
n118:14
d166:13
d121
d150
d152
d164/
d166
d189/
d194
d202/
d204
d205
d218
d22/
d224
d233/
d238/
d278/
d285
d296/
d297
d3/
d36
d4/
d41
d46/
d50
d64/
d8
d9/
f102/
f124/
f128/
f139
f142
f144
f147/
f16/
f175/
f181/
f182/
f199
f213/
f217
f218
f220/
f229
f264
f272/
f296
f39
f41/
f47/
f88
f90
n102/
n118
n24/
n80
n99/
Invalid operation
Invalid operation
Invalid operation
d121
d150
d152
d164/
d166
d189/
d194
d202/
d204
d205
d218
d22/
d224
d233/
d238/
d278/
d285
d296/
d297
d3/
d36
d4/
d41
d46/
d50
d64/
d8
d9/
f102/
f124/
f128/
f139
f142
f144
f147/
f16/
f175/
f181/
f182/
f199
f213/
f217
f218
f220/
f229
f264
f272/
f296
f39
f41/
f47/
f88
f90
n102/
n118
n24/
n80
n99/
Invalid operation
Invalid operation
f16:dir:0
d121
d150
d152
d164/
d166
d189/
d194
d202/
d204
d205
d218
d22/
d224
d233/
d238/
d278/
d285
d296/
d297
d3/
d36
d4/
d41
d46/
d50
d64/
d8
d9/
f102/
f124/
f128/
f139
f142
f144
f147/
f16/
f175/
f181/
f182/
f199
f213/
f218
f220/
f229
f264
f272/
f296
f39
f41/
f47/
f88
f90
n102/
n118
n24/
n80
n99/
Invalid operation
Invalid operation
d121
d150
d152
d164/
d166
d189/
d194
d202/
d204
d205
d218
d22/
d224
d233/
d238/
d278/
d285
d296/
d297
d3/
d36
d4/
d41
d46/
d50
d64/
d8
d9/
f102/
f124/
f128/
f139
f142
f144
f147/
f16/
f175/
f181/
f182/
f199
f213/
f218
f220/
f229
f264
f272/
f296
f39
f41/
f47/
f88
f90
n102/
n118
n24/
n80
n99/
Invalid operation
f296:CB 5C B0
Invalid operation
Invalid operation
Invalid operation
d121
d150
d152
d164/
d166
d189/
d194
d202/
d204
d205
d218
d22/
d224
d233/
d238/
d278/
d285
d296/
d297
d3/
d36
d4/
d46/
d50
d64/
d8
d9/
f102/
f124/
f128/
f139
f142
f144
f147/
f16/
f175/
f181/
f182/
f199
f213/
f218
f220/
f229
f264
f272/
f296
f299
f41/
f47/
f88
f90
n102/
n118
n18/
n24/
n80
n99/
d121
d150
d152
d164/
d166
d189/
d194
d202/
d204
d205
d218
d22/
d224
d233/
d238/
d278/
d285
d296/
d297
d3/
d36
d4/
d46/
d50
d64/
d8
d9/
f102/
f124/
f128/
f139
f142
f144
f147/
f16/
f175/
f181/
f182/
f199
f213/
f218
f220/
f229
f264
f272/
f296
f299
f41/
f88
f90
n102/
n118
n18/
n24/
n80
n99/
n11
/d152
Invalid operation
Invalid operation
d121
d150
d152
d164/
d166
d189/
d194
d202/
d204
d205
d218
d22/
d224
d233/
d238/
d25
d278/
d285
d296/
d297
d3/
d36
d4/
d46/
d50
d64/
d8
d9/
f102/
f124/
f128/
f139
f142
f144
f147/
f16/
f175/
f181/
f182/
f199
f213/
f218
f220/
f229
f264
f272/
f296
f299
f41/
f88
f90
n102/
n118
n18/
n24/
n80
n99/
Invalid operation
d121
d150
d152
d164/
d166
d189/
d194
d202/
d204
d205
d218
d22/
d224
d233/
d238/
d25
d278/
d285
d294
d296/
d297
d3/
d36
d4/
d46/
d50
d64/
d8
d9/
f102/
f124/
f128/
f139
f142
f144
f147/
f16/
f175/
f181/
f182/
f199
f213/
f218
f220/
f229
f264
f272/
f296
f299
f41/
f88
f90
n102/
n118
n18/
n24/
n80
n99/
Invalid operation
Invalid operation
f296:6B 4D 51 5B 8C 82 08 2B 3A 76 E3 00 00 7A 46 63 ED FA 00 00 00 00
d152:267
f296:30
f16:dir:0
Null
Null
Invalid operation
f16:dir:0
d121
d150
d152
d160
d164/
d166
d189/
d194
d202/
d204
d205
d218
d22/
d224
d233/
d238/
d25
d278/
d285
d294
d296/
d297
d3/
d36
d4/
d46/
d50
d64/
d9/
f1/
f102/
f124/
f128/
f139
f142
f144
f147/
f16/
f175/
f181/
f182/
f199
f213/
f218
f220/
f229
f264
f272/
f273
f296
f299
f41/
f90
n102/
n118
n80
n99/
Invalid operation
Invalid operation
Invalid operation
Invalid operation
Invalid operation
d152:285
f296:31
d160:15
d294:15
f273:14
n118:14
d166:13
Invalid operation
Invalid operation
Invalid operation
Invalid operation
d152:286
f296:30
d160:15
d294:15
f273:14
d103
d125
d185
f108
f157
f189/
f201
f295
f32
f62
f86
n11
n2/
Invalid operation
Invalid operation
Invalid operation
d152:292
f296:30
d160:15
d101/
d121
d150
d152
d160
d164/
d166
d189/
d194
d202/
d204
d205
d218
d22/
d224
d233/
d238/
d25
d278/
d285
d294
d296/
d297
d3/
d36
d4/
d46/
d50
d63
d64/
d88
d9/
f1/
f102/
f124/
f128/
f139
f142
f16/
f175/
f181/
f195
f199
f213/
f218
f220/
f225/
f229
f264
f272/
f273
f296
f299
f41/
f90
n1
n102/
n118
n80
n99/
d101/
d121
d150
d152
d160
d164/
d166
d189/
d194
d202/
d204
d205
d218
d22/
d224
d233/
d238/
d25
d278/
d285
d294
d296/
d297
d3/
d36
d4/
d46/
d50
d63
d64/
d88
d9/
f1/
f102/
f124/
f128/
f139
f142
f16/
f175/
f181/
f195
f199
f213/
f218
f220/
f225/
f229
f264
f272/
f273
f296
f299
f41/
f90
n1
n102/
n118
n80
n99/
d3:dir:0
Invalid operation
d3:dir:0
f296:FA 00 00 9F EA 8B 70 00 00 00
Null
Invalid operation
d152:qy5.oo74ncmqvzj.h6xx543qniw3 pz3l5i5_i.qaxo5r9fjmigvnn.2n0o.k3pdujiyli3pj.n9_o4pmjb80.axnc2d1l_kjt8d_ i3k6budm32o4kf9gbcmjiu3-cg-n1e5m 83.sx8pl1bd067kl4kga8ry-n18p9 0s9s48f. 9je2f3mb7pni8shfldmenu.c0m4a4xhxxe.owzgxlx215h2kxu0qk.kg6ebh3u7h3xwvo8uwqk.1eal8x7wc0qgzrw3xxpie7uv63luo7j_srmux6vyg28
Invalid operation
Invalid operation
d101/
d121
d150
d152
d164/
d166
d189/
d194
d204
d205
d218
d22/
d224
d233/
d238/
d25
d278/
d285
d294
d296/
d297
d3/
d36
d4/
d46/
d50
d63
d88
d9/
f102/
f124/
f128/
f139
f142
f16/
f175/
f181/
f195
f199
f213/
f218
f220/
f225/
f229
f264
f272/
f273
f296
f299
f41/
f90
n1
n102/
n118
n80
n99/
Invalid operation
Invalid operation
Invalid operation
Invalid operation
d152:292
f296:35
d294:15
Invalid operation
Invalid operation
d152:qy5.oo74ncmqvzj.h6xx543qniw3 pz3l5i5_i.qaxo5r9fjmigvnn.2n0o.k3pdujiyli3pj.n9_o4pmjb80.axnc2d1l_kjt8d_ i3k6budm32o4kf9gbcmjiu3-cg-n1e5m 83.sx8pl1bd067kl4kga8ry-n18p9 0s9s48f. 9je2f3mb7pni8shfldmenu.c0m4a4xhxxe.owzgxlx215h2kxu0qk.kg6ebh3u7h3xwvo8uwqk.1eal8x7wc0qgzrw3xxpie7uv63luo7j_srmux6vyg28
d152:296
f296:34
d294:15
Null
Invalid operation
f296:F0 31
Invalid operation
Invalid operation
d3:dir:0
Invalid operation
d3:dir:0
Invalid operation
f296:9F 2A 48 62 F0 31 34 46 63 ED FA 00 00
d11/
d115
d121
d142/
d150
d152
d164/
d189/
d194
d202/
d204
d205
d218
d22/
d224
d238/
d243
d25
d267
d278/
d294
d296/
d3/
d36
d46/
d50
d88
d9/
f10
f102/
f124/
f128/
f139
f16/
f175/
f181/
f195
f199
f218
f220/
f225/
f229
f24/
f264
f272/
f273
f296
f299
f31/
f41/
f67
f80/
f85/
f90
n1
n102/
n118
n99/
d11/
d115
d121
d142/
d150
d152
d164/
d189/
d194
d202/
d204
d205
d218
d22/
d224
d238/
d243
d25
d267
d278/
d294
d296/
d3/
d36
d46/
d50
d88
d9/
f10
f102/
f124/
f128/
f139
f16/
f175/
f181/
f195
f199
f218
f220/
f225/
f229
f24/
f264
f272/
f273
f296
f299
f31/
f41/
f67
f80/
f85/
f90
n1
n102/
n118
n99/
Null
d152:qy5.oo74ncmqvzj.h6xx543qniw3 pz3l5i5_i.qaxo5r9fjmigvnn.2n0o.k3pdujiyli3pj.n9_o4pmjb80.axnc2d1l_kjt8d_ i3k6budm32o4kf9gbcmjiu3-cg-n1e5m 83.sx8pl1bd067kl4kga8ry-n18p9 0s9s48f. 9je2f3mb7pni8shfldmenu.c0m4a4xhxxe.owzgxlx215h2kxu0qk.kg6ebh3u7h3xwvo8uwqk.1eal8x7wc0qgzrw3xxpie7uv63luo7j_srmux6vyg28vicsd_a3-.snbl2d7ev9ukuw8.808ddntv20
Invalid operation
d11/
d115
d121
d142/
d150
d152
d164/
d165
d189/
d194
d202/
d204
d205
d218
d22/
d224
d238/
d243
d25
d267
d278/
d294
d296/
d36
d46/
d50
d88
d9/
f10
f102/
f124/
f128/
f139
f16/
f175/
f181/
f195
f199
f218
f220/
f225/
f229
f24/
f264
f272/
f273
f296
f298
f299
f31/
f41/
f67
f80/
f85/
f90
n1
n102/
n118
n99/
d152:329
f296:34
d294:15
d152:329
f296:34
d294:15
d152:329
f296:34
d294:15
d152:329
f296:42
d294:15
d152:329
f296:42
d294:15
d152:qy5.oo74ncmqvzj.h6xx543qniw3 pz3l5i5_i.qaxo5r9fjmigvnn.2n0o.k3pdujiyli3pj.n9_o4pmjb80.axnc2d1l_kjt8d_ i3k6budm32o4kf9gbcmjiu3-cg-n1e5m 83.sx8pl1bd067kl4kga8ry-n18p9 0s9s48f. 9je2f3mb7pni8shfldmenu.c0m4a4xhxxe.owzgxlx215h2kxu0qk.kg6ebh3u7h3xwvo8uwqk.1eal8x7wc0qgzrw3xxpie7uv63luo7j_srmux6vyg28vicsd_a3-.snbl2d7ev9ukuw8.808ddntv20x
Invalid operation
Invalid operation
Invalid operation
d152:344
f296:37
d294:15
d152:md:344
Invalid operation
d152:qy5.oo74ncmqvzj.h6xx543qniw3 pz3l5i5_i.qaxo5r9fjmigvnn.2n0o.k3pdujiyli3pj.n9_o4pmjb80.axnc2d1l_kjt8d_ i3k6budm32o4kf9gbcmjiu3-cg-n1e5m 83.sx8pl1bd067kl4kga8ry-n18p9 0s9s48f. 9je2f3mb7pni8shfldmenu.c0m4a4xhxxe.owzgxlx215h2kxu0qk.kg6ebh3u7h3xwvo8uwqk.1eal8x7wc0qgzrw3xxpie7uv63luo7j_srmux6vyg28vicsd_a3-.snbl2d7ev9ukuw8.808ddntv20xilwdn3m6h-qgl6cx
d152:md:345
d152:345
d294:15
d267:14
Invalid operation
d152:345
d294:15
d267:14
d152:345
d294:15
d267:14
Invalid operation
Invalid operation
d152:345
d294:15
d50:15
d50:60 08
d152:360
d294:15
d50:15
d152:360
d294:15
d50:15
d152:360
d294:15
d50:15
d152:qy5.oo74ncmqvzj.h6xx543qniw3 pz3l5i5_i.qaxo5r9fjmigvnn.2n0o.k3pdujiyli3pj.n9_o4pmjb80.axnc2d1l_kjt8d_ i3k6budm32o4kf9gbcmjiu3-cg-n1e5m 83.sx8pl1bd067kl4kga8ry-n18p9 0s9s48f. 9je2f3mb7pni8shfldmenu.c0m4a4xhxxe.owzgxlx215h2kxu0qk.kg6ebh3u7h3xwvo8uwqk.1eal8x7wc0qgzrw3xxpie7uv63luo7j_srmux6vyg28vicsd_a3-.snbl2d7ev9ukuw8.808ddntv20xilwdn3m6h-qgl6cxw99b mu_312xozy
d11/
d115
d121
d142/
d150
d152
d164/
d165
d189/
d194
d202/
d204
d205
d218
d22/
d232/
d238/
d243
d25
d267
d278/
d294
d296/
d36
d46/
d50
d88
d9/
d99/
f10
f102/
f112
f124/
f128/
f139
f16/
f175/
f181/
f195
f199
f220/
f225/
f229
f24/
f264
f272/
f273
f298
f299
f31/
f41/
f67
f80/
f85/
f90
n1
n102/
n118
n61
n99/
Invalid operation
d152:369
d294:15
d267:14
d152:360
d294:15
d267:14
d152:360
d294:15
d267:14
d152:qy5.oo74ncmqvzj.h6xx543qniw3 pz3l5i5_i.qaxo5r9fjmigvnn.2n0o.k3pdujiyli3pj.n9_o4pmjb80.axnc2d1l_kjt8d_ i3k6budm32o4kf9gbcmjiu3-cg-n1e5m 83.sx8pl1bd067kl4kga8ry-n18p9 0s9s48f. 9je2f3mb7pni8shfldmenu.c0m4a4xhxxe.owzgxlx215h2kxu0qk.kg6ebh3u7h3xwvo8uwqk.1eal8x7wc0qgzrw3xxpie7uv63luo7j_srmux6vyg28vicsd_a3-.snbl2d7ev9ukuw8.808ddntv20xilwdn3m6h-qgl6cxw99b mu_312xozy
d11/
d115
d121
d142/
d150
d152
d164/
d165
d189/
d194
d202/
d204
d205
d218
d22/
d232/
d238/
d243
d25
d267
d278/
d294
d296/
d36
d46/
d50
d88
d9/
d99/
f10
f102/
f112
f124/
f128/
f139
f16/
f175/
f181/
f195
f199
f220/
f225/
f229
f24/
f264
f272/
f273
f298
f299
f31/
f41/
f67
f80/
f85/
f90
n1
n102/
n118
n61
n99/
d152:360
d294:15
d267:14
Invalid operation
d11/
d115
d121
d142/
d150
d152
d164/
d165
d189/
d194
d202/
d204
d205
d218
d22/
d232/
d238/
d243
d25
d267
d278/
d294
d296/
d36
d46/
d50
d88
d9/
d99/
f10
f102/
f112
f124/
f128/
f139
f16/
f175/
f181/
f195
f199
f220/
f225/
f229
f24/
f264
f272/
f273
f298
f299
f31/
f41/
f67
f80/
f85/
f90
n1
n102/
n118
n61
n99/
Invalid operation
Invalid operation
d152:360
d294:15
d267:14
/d152
f10
n90:7
f10:
Invalid operation
d11/
d115
d121
d142/
d150
d164/
d165
d189/
d194
d202/
d204
d205
d218
d22/
d232/
d238/
d243
d25
d267
d278/
d294
d296/
d36
d46/
d50
d88
d9/
d99/
f10
f102/
f112
f124/
f128/
f139
f16/
f175/
f181/
f195
f199
f220/
f225/
f229
f24/
f264
f272/
f273
f298
f299
f31/
f41/
f67
f80/
f85/
f90
n1
n102/
n118
n61
n99/
d11/
d115
d121
d142/
d150
d164/
d165
d189/
d194
d202/
d204
d205
d218
d22/
d232/
d238/
d243
d25
d267
d278/
d294
d296/
d36
d46/
d50
d88
d9/
d99/
f10
f102/
f112
f124/
f128/
f139
f16/
f175/
f181/
f195
f199
f220/
f225/
f229
f24/
f264
f272/
f273
f298
f299
f31/
f41/
f67
f80/
f85/
f90
n1
n102/
n118
n61
n99/
Invalid operation
d194:kl__.280vniz
Invalid operation
Invalid operation
Invalid operation
Invalid operation
d50:65 A8 A7 EE 00 4A 86 60 08 6A 7C 24 CA 00 83 1D 1E 9D BA AA
d115
d121
d142/
d150
d164/
d165
d189/
d194
d202/
d204
d205
d218
d22/
d232/
d238/
d243
d25
d267
d27
d278/
d294
d296/
d36
d44/
d46/
d50
d88
d9/
d99/
f10
f102/
f124/
f128/
f139
f16/
f175/
f181/
f195
f199
f220/
f225/
f229
f24/
f264
f269/
f272/
f273
f298
f299
f31/
f41/
f67
f85/
f90
n1
n102/
n118
n4/
n99/
Invalid operation
d50:30
d194:24
d294:15
d115
d121
d142/
d150
d164/
d165
d189/
d194
d202/
d204
d205
d218
d22/
d232/
d238/
d243
d25
d267
d27
d278/
d294
d296/
d36
d44/
d46/
d50
d88
d9/
d99/
f10
f102/
f124/
f128/
f139
f16/
f175/
f181/
f195
f199
f220/
f225/
f227/
f264
f269/
f272/
f273
f298
f299
f31/
f41/
f85/
f90
n1
n102/
n118
n4/
n99/
d115
d121
d142/
d150
d164/
d165
d189/
d194
d202/
d204
d205
d218
d22/
d232/
d238/
d243
d25
d267
d27
d278/
d294
d296/
d36
d44/
d46/
d50
d88
d9/
d99/
f10
f102/
f124/
f128/
f139
f16/
f175/
f181/
f195
f199
f220/
f225/
f227/
f264
f269/
f272/
f273
f298
f299
f31/
f41/
f85/
f90
n1
n102/
n118
n4/
n99/
Invalid operation
Invalid operation
d115
d121
d142/
d150
d164/
d165
d189/
d194
d202/
d204
d205
d218
d22/
d232/
d238/
d243
d25
d267
d27
d278/
d294
d296/
d36
d44/
d46/
d50
d88
d9/
d99/
f10
f102/
f124/
f128/
f139
f16/
f175/
f181/
f195
f199
f220/
f225/
f227/
f229
f264
f269/
f272/
f273
f298
f299
f31/
f41/
f85/
f90
n1
n102/
n118
n4/
n99/
d115
d121
d142/
d150
d164/
d165
d189/
d194
d202/
d204
d205
d218
d22/
d232/
d238/
d243
d25
d267
d27
d278/
d294
d296/
d36
d44/
d46/
d50
d88
d9/
d99/
f10
f102/
f124/
f128/
f139
f16/
f175/
f181/
f195
f199
f220/
f225/
f227/
f229
f264
f269/
f272/
f273
f298
f299
f31/
f41/
f85/
f90
n1
n102/
n118
n4/
n99/
d50:08
d194:41
d50:28
d294:15
Invalid operation
f10:txt:11
Invalid operation
d194:41
d50:28
d294:15
d115
d121
d142/
d150
d164/
d165
d189/
d194
d202/
d204
d205
d218
d22/
d232/
d238/
d243
d25
d267
d27
d278/
d294
d296/
d36
d44/
d46/
d50
d88
d9/
d99/
f10
f102/
f124/
f128/
f139
f16/
f175/
f181/
f195
f199
f220/
f225/
f227/
f229
f264
f269/
f272/
f273
f298
f299
f31/
f41/
f67
f85/
f90
n1
n102/
n118
n16
n4/
n99/
d194:kl__.280vnizxsuz 9ftjz-5-b8zy0j91tj5mt2n2
d103
d125
d185
f108
f127
f157
f189/
f201
f295
f32
f62
f86
n11
n2/
n76/
f127:00 00 00 00
f108:y7_rxuy5 5tuvou9_9t2ho7j-lndxx
Invalid operation
f108:30
f157:17
f32:15
f62:14
Invalid operation
f189:dir:0
d194:52
d50:28
d294:15
d115
d121
d142/
d150
d164/
d165
d181/
d189/
d194
d202/
d204
d205
d218
d22/
d232/
d238/
d25
d267
d27
d278/
d294
d296/
d36
d44/
d46/
d50
d70
d9/
d99/
f10
f102/
f124/
f128/
f139
f16/
f175/
f181/
f199
f220/
f225/
f227/
f229
f264
f269/
f272/
f273
f282
f298
f299
f31/
f41/
f67
f85/
f90
n1
n102/
n118
n16
n4/
n99/
d194:52
d50:32
d294:15
d194:52
d50:32
d294:15
d115
d121
d142/
d150
d164/
d165
d181/
d189/
d194
d202/
d204
d205
d218
d22/
d232/
d238/
d25
d267
d27
d278/
d294
d296/
d36
d44/
d46/
d50
d70
d9/
d99/
f10
f102/
f124/
f128/
f139
f16/
f175/
f181/
f199
f220/
f225/
f227/
f229
f264
f269/
f272/
f273
f282
f298
f299
f31/
f41/
f67
f85/
f90
n1
n102/
n118
n16
n4/
n99/
d194:68
d50:32
d294:15
d115
d121
d142/
d150
d164/
d165
d181/
d189/
d194
d202/
d204
d205
d218
d22/
d232/
d238/
d25
d267
d27
d278/
d294
d296/
d36
d44/
d46/
d50
d70
d9/
d99/
f10
f102/
f124/
f128/
f139
f16/
f175/
f181/
f199
f220/
f225/
f227/
f229
f264
f269/
f272/
f273
f282
f298
f299
f31/
f41/
f67
f85/
f90
n1
n102/
n118
n16
n4/
n99/
d194:52
d50:32
d294:15
d267:14
f273:14
n118:14
f299:10
d115
d121
d142/
d150
d164/
d165
d181/
d189/
d194
d202/
d204
d205
d218
d22/
d232/
d238/
d25
d267
d27
d278/
d294
d296/
d36
d44/
d46/
d50
d70
d9/
d99/
f10
f102/
f124/
f128/
f139
f16/
f175/
f181/
f199
f220/
f225/
f227/
f229
f264
f269/
f272/
f273
f282
f298
f299
f31/
f41/
f67
f85/
f90
n1
n102/
n118
n16
n4/
n99/
Invalid operation
Invalid operation
d115
d121
d142/
d150
d164/
d165
d181/
d189/
d194
d202/
d204
d205
d218
d22/
d232/
d238/
d25
d267
d27
d278/
d294
d296/
d36
d44/
d46/
d50
d70
d9/
d99/
f10
f102/
f124/
f128/
f139
f16/
f175/
f181/
f199
f220/
f225/
f227/
f229
f264
f269/
f272/
f273
f282
f298
f299
f31/
f41/
f67
f85/
f90
n1
n102/
n118
n16
n4/
n99/
d194:52
d50:28
d294:15
d194:52
d50:28
d294:15
Invalid operation
f71:14
d106
d188/
d191
d249
d68
d86/
f162/
f261
f58/
f71
Invalid operation
Invalid operation
d191:md:33
/d22/d191
Null
f71:00
Invalid operation
d191:33
f71:14
d68:9
d191: a5wd0y-.yny2gmqd.1n83_48e-89.wlb
Invalid operation
Invalid operation
d271:E8
Invalid operation
Invalid operation
d271
d48
f22/
Invalid operation
Invalid operation
Invalid operation
d238
d240/
d260
f89/
d238:ijf_v4 oy0lp.m6n5kr30p78t
d238:txt:25
Invalid operation
Invalid operation
Invalid operation
Null
d260:l
d240/
d247
d260
f61
d240/
d247
d260
f61
d247:61 E6
d247:EA
d247:61 E6
Invalid operation
Invalid operation
Invalid operation
f22:dir:0
/n1
Invalid operation
d296/
├── d10/
├── d141
├── d174/
├── d249/
├── d64
├── f167
└── f22/
    ├── d247
    ├── d260
    └── f61
Invalid operation
Null
f22:dir:0
d296/
├── d10/
├── d141
├── d174/
├── d249/
├── d64
├── f167
├── f203/
├── f212
├── f22/
│   ├── d247
│   ├── d260
│   └── f61
└── n94
d10/
d141
d174/
d64
f203/
f212
f22/
n38/
n94
Invalid operation
d50:03 CF C0 59 3A FE 5D
f275:22
d283/
f122
f275
n13
/d296/f203/f275
Invalid operation
d50:A7 EE 00 4A 86 60 08 6A FA CD B6 21 B8 9E 92 03 CF C0 59 3A FE 5D 7C 9F 5C 00 00
Invalid operation
Invalid operation
f74:A6 71 3B B8
Invalid operation
d115
d121
d142/
d150
d164/
d165
d189/
d194
d202/
d204
d205
d218
d22/
d232/
d238/
d25
d267
d27
d278/
d294
d296/
d36
d44/
d46/
d50
d9/
d99/
f10
f102/
f124/
f128/
f139
f16/
f175/
f181/
f195
f199
f220/
f225/
f227/
f229
f264
f269/
f272/
f273
f282
f298
f299
f31/
f41/
f67
f85/
n1
n102/
n118
n16
n4/
n61
n99/
Invalid operation
d194:kl__.280vnizxsuz 9ftjz-5-b8zy0j91tj5mt2n2bdcasl90kiqrwyob4 g
Invalid operation
d194:kl__.280vnizxsuz 9ftjz-5-b8zy0j91tj5mt2n2bdcasl90kiqrwyob4 g
Invalid operation
Invalid operation
Invalid operation
d115
d121
d142/
d150
d164/
d165
d189/
d194
d202/
d204
d205
d218
d22/
d232/
d238/
d25
d267
d27
d278/
d294
d296/
d36
d44/
d46/
d50
d9/
d99/
f10
f102/
f124/
f128/
f139
f16/
f175/
f181/
f195
f199
f220/
f225/
f227/
f229
f264
f269/
f272/
f273
f282
f298
f299
f31/
f41/
f67
f85/
n1
n102/
n118
n16
n4/
n61
n99/
d115
d121
d142/
d164/
d165
d189/
d194
d202/
d204
d205
d218
d22/
d232/
d238/
d25
d267
d27
d278/
d294
d296/
d36
d44/
d46/
d50
d9/
d99/
f10
f102/
f124/
f128/
f139
f16/
f175/
f181/
f195
f198
f199
f220/
f225/
f227/
f229
f264
f269/
f272/
f273
f298
f299
f31/
f41/
f67
f85/
n1
n101
n102/
n118
n16
n4/
n61
n99/
f115/
f131/
n37/
f131:dir:0
f115/
f131/
f274
n109/
n3
n37/
/d194
d115
d121
d142/
d164/
d165
d189/
d194
d202/
d204
d205
d218
d22/
d232/
d238/
d25
d267
d27
d278/
d294
d296/
d36
d44/
d46/
d50
d9/
d99/
f10
f102/
f124/
f128/
f139
f16/
f175/
f181/
f195
f198
f199
f220/
f225/
f227/
f229
f264
f269/
f272/
f273
f298
f299
f31/
f41/
f67
f85/
n1
n101
n102/
n118
n16
n4/
n61
n99/
d194:90
d50:41
f8:16
d194:90
d50:44
f8:16
Invalid operation
d115
d121
d142/
d164/
d165
d189/
d194
d202/
d204
d205
d22/
d232/
d238/
d25
d267
d27
d278/
d294
d296/
d36
d44/
d46/
d50
d9/
d99/
f0
f10
f102/
f124/
f128/
f139
f16/
f175/
f181/
f195
f198
f199
f220/
f225/
f227/
f229
f264
f269/
f272/
f273
f298
f299
f31/
f41/
f67
f8
f85/
n1
n101
n102/
n118
n16
n4/
n61
n99/
Invalid operation
d125
d185
d267/
d94/
f127
f157
f189/
f201
f232
f271/
f295
f3
f62
n2/
n76/
Invalid operation
Invalid operation
Invalid operation
d115
d121
d142/
d164/
d165
d194
d202/
d204
d205
d22/
d232/
d238/
d25
d267
d27
d278/
d283/
d294
d296/
d36
d44/
d46/
d50
d9/
d99/
f0
f10
f102/
f124/
f128/
f139
f16/
f175/
f181/
f195
f198
f199
f220/
f225/
f227/
f229
f264
f269/
f272/
f273
f298
f299
f31/
f41/
f67
f8
f85/
n1
n101
n102/
n118
n16
n4/
n61
n99/
d50:37 21 F5 40 64 8D CD
d194:102
d50:44
d194:103
d50:42
f8:16
n102:dir:0
Invalid operation
d194:102
d50:43
f8:16
Invalid operation
Invalid operation
Invalid operation
d194:102
d50:44
f8:16
d50:99 70
Invalid operation
d194:kl__.280vnizxsuz 9ftjz-5-b8zy0j91tj5mt2n2bdcasl90kiqrwyob4 gxxsukayqslhy25d63ha2p7r0jkj5936g3697csq2dt
d194:102
d50:44
f8:16
d194:102
d50:44
f8:16
d194:102
d50:44
f8:16
Invalid operation
Invalid operation
d50:00
d194:103
d50:46
f8:16
d194:102
d50:46
f8:16
Invalid operation
Invalid operation
Invalid operation
Invalid operation
Null
d115
d121
d164/
d165
d180
d194
d202/
d204
d205
d22/
d232/
d238/
d25
d267
d27
d278/
d283/
d294
d296/
d44/
d46/
d50
d9/
d99/
f0
f10
f102/
f124/
f128/
f132
f139
f16/
f175/
f181/
f195
f198
f220/
f227/
f229
f269/
f273
f298
f31/
f41/
f54/
f67
f8
f85/
n1
n101
n102/
n118
n16
n4/
n61
n66
n74
n99/
Invalid operation
d194:102
d50:46
f8:16
d194:102
d50:46
f8:16
d194:102
d50:46
f8:16
d194:102
d50:46
f8:16
d194:102
d50:46
f8:16
n66:16
d294:15
d267:14
d194:kl__.280vnizxsuz 9ftjz-5-b8zy0j91tj5mt2n2bdcasl90kiqrwyob4 gxxsukayqslhy25d63ha2p7r0jkj5936g3697csq2dt
d115
d121
d164/
d165
d180
d194
d202/
d204
d205
d22/
d232/
d238/
d25
d267
d27
d277
d278/
d283/
d294
d296/
d44/
d46/
d50
d9/
d99/
f0
f10
f102/
f124/
f128/
f132
f139
f16/
f175/
f181/
f195
f198
f220/
f227/
f229
f269/
f273
f298
f31/
f41/
f54/
f67
f8
f85/
n1
n101
n102/
n118
n16
n4/
n61
n66
n74
n99/
d194:102
d50:46
f8:16
/d194
d115
d121
d164/
d165
d180
d194
d200
d202/
d204
d22/
d232/
d238/
d25
d267
d27
d277
d278/
d283/
d294
d296/
d44/
d46/
d50
d9/
d99/
f0
f10
f102/
f124/
f128/
f132
f139
f16/
f175/
f181/
f195
f198
f220/
f227/
f229
f269/
f273
f298
f31/
f41/
f54/
f67
f8
f85/
n1
n101
n102/
n118
n16
n4/
n61
n66
n74
n99/
d50:A5 80 98 A1 56 CB A8 D1 C0 00
d194:102
d50:46
f8:16
n102:dir:0
Invalid operation
d115
d121
d164/
d165
d180
d194
d200
d202/
d204
d212
d22/
d232/
d238/
d25
d267
d27
d277
d278/
d283/
d294
d296/
d44/
d46/
d50
d9/
d99/
f0
f10
f102/
f124/
f128/
f132
f139
f16/
f175/
f181/
f195
f198
f220/
f227/
f229
f269/
f273
f298
f31/
f41/
f54/
f67
f8
f85/
n1
n101
n102/
n118
n16
n4/
n61
n66
n74
n99/
Invalid operation
Invalid operation
d50:70 0D BC 7D A3
Invalid operation
Invalid operation
d115
d121
d164/
d165
d180
d194
d200
d202/
d204
d212
d22/
d232/
d238/
d246/
d25
d267
d27
d277
d278/
d283/
d294
d296/
d44/
d46/
d50
d9/
d99/
f0
f10
f102/
f124/
f128/
f132
f139
f16/
f175/
f198
f220/
f227/
f229
f269/
f276
f298
f31/
f41/
f54/
f67
f8
f85/
n101
n102/
n118/
n21/
n4/
n61
n66
n74
n99/
d115
d121
d164/
d165
d180
d194
d200
d202/
d204
d212
d22/
d232/
d238/
d246/
d25
d267
d27
d277
d278/
d283/
d294
d296/
d44/
d46/
d50
d9/
d99/
f0
f10
f102/
f124/
f128/
f132
f139
f154
f16/
f175/
f198
f220/
f227/
f229
f269/
f276
f298
f31/
f41/
f54/
f67
f8
f85/
n101
n102/
n118/
n21/
n4/
n61
n66
n74
n99/
Null
d115
d121
d164/
d165
d180
d194
d200
d202/
d204
d212
d22/
d232/
d238/
d246/
d25
d267
d27
d277
d278/
d283/
d294
d296/
d44/
d46/
d50
d9/
d99/
f0
f10
f102/
f124/
f128/
f132
f139
f16/
f175/
f198
f220/
f227/
f229
f269/
f276
f298
f31/
f41/
f54/
f67
f8
f85/
n101
n102/
n118/
n21/
n4/
n61
n66
n74
n99/
Invalid operation
Invalid operation
d115
d121
d164/
d165
d180
d194
d200
d202/
d204
d212
d218/
d22/
d232/
d238/
d246/
d25
d27
d277
d278/
d283/
d294
d296/
d44/
d46/
d50
d9/
d99/
f0
f10
f102/
f124/
f128/
f132
f16/
f175/
f198
f220/
f227/
f229
f269/
f276
f29
f298
f31/
f41/
f54/
f67
f8
f85/
n101
n102/
n118/
n21/
n22/
n4/
n61
n66
n74
n99/
d50:CC C4 EF EB 10 55 15 0E 4F C7 71 D5 D1 00 00 6A 41 9A A1 85 F8 4F BE BC 7D A3 00
d194:kl__.280vnizxsuz 9ftjz-5-b8zy0j91tj5mt2n2bdcasl90kiqrwyob4 gxxsukayqslhy25d63ha2p7r0jkj5936g3697csq2dtx
Null
d50:A1 85 F8 4F BE BC 7D A3 00
d115
d121
d164/
d165
d180
d194
d200
d202/
d204
d212
d22/
d224/
d232/
d238/
d246/
d25
d27
d277
d278/
d283/
d294
d296/
d44/
d46/
d50
d9/
d99/
f0
f10
f102/
f124/
f128/
f132
f150/
f16/
f175/
f198
f220/
f227/
f229
f269/
f276
f29
f298
f31/
f41/
f54/
f67
f8
f85/
n101
n102/
n118/
n21/
n22/
n4/
n61
n66
n74
n99/
d194:118
d50:50
f8:16
Invalid operation
d194:118
d50:50
f8:16
d194:118
d50:50
n41:17
d194:118
d50:51
n41:17
Invalid operation
Invalid operation
d194:118
d50:51
n41:17
d115
d121
d164/
d165
d180
d194
d200
d202/
d204
d212
d22/
d224/
d232/
d246/
d25
d27
d277
d278/
d283/
d294
d296/
d44/
d46/
d50
d9/
d99/
f0
f10
f102/
f124/
f128/
f132
f150/
f16/
f175/
f198
f220/
f227/
f229
f269/
f276
f29
f298
f31/
f41/
f54/
f67
f8
f85/
n101
n102/
n118/
n21/
n22/
n4/
n41
n61
n66
n74
n99/
d50:14 57 55 1D EA D1 00 00 6A 41 9A
Invalid operation
Invalid operation
d50:00 37 21 F5 40 64 94 CD B6 21 31 D0 99 70 5C CC C4 EF EB 10 55 23 14 57 55 1D
d115
d121
d164/
d165
d180
d194
d200
d202/
d204
d212
d22/
d224/
d232/
d246/
d25
d27
d277
d278/
d283/
d294
d296/
d44/
d46/
d50
d9/
d99/
f0
f10
f102/
f124/
f128/
f132
f150/
f16/
f175/
f198
f220/
f227/
f229
f269/
f276
f29
f298
f31/
f41/
f54/
f67
f8
f85/
n102/
n118/
n21/
n22/
n4/
n41
n61
n66
n74
n99/
d107/
d115
d121
d164/
d165
d180
d194
d200
d202/
d204
d212
d22/
d224/
d232/
d246/
d25
d27
d277
d278/
d283/
d294
d296/
d44/
d46/
d50
d9/
d99/
f0
f10
f102/
f124/
f128/
f132
f150/
f16/
f175/
f198
f220/
f227/
f229
f269/
f276
f29
f298
f31/
f41/
f54/
f67
f85/
n102/
n118/
n21/
n22/
n4/
n41
n61
n66
n74
n99/
Invalid operation
d115
d121
d164/
d165
d180
d194
d200
d202/
d204
d212
d22/
d224/
d232/
d246/
d25
d27
d277
d278/
d283/
d294
d296/
d44/
d46/
d50
d9/
d99/
f0
f10
f102/
f124/
f128/
f132
f150/
f16/
f175/
f198
f220/
f227/
f229
f269/
f276
f29
f298
f31/
f41/
f54/
f67
f8
f85/
n102/
n118/
n21/
n22/
n4/
n41
n61
n66
n74
n99/
d194:121
d50:51
n41:17
d194:121
d50:51
n41:17
d194:121
d50:51
n41:17
Invalid operation
d115
d121
d164/
d165
d180
d194
d200
d202/
d204
d212
d22/
d224/
d232/
d246/
d25
d27
d277
d278/
d283/
d294
d296/
d44/
d46/
d50
d9/
d99/
f0
f10
f102/
f124/
f128/
f132
f150/
f16/
f175/
f198
f220/
f227/
f229
f269/
f276
f29
f298
f31/
f41/
f54/
f67
f8
f85/
n102/
n118/
n21/
n22/
n4/
n41
n61
n66
n74
n99/
Invalid operation
Invalid operation
d194:122
d50:51
f8:16
d194:122
d50:51
f8:16
Invalid operation
d29:D2
Invalid operation
Invalid operation
Invalid operation
d10/
d141
d174/
d286/
d29
d64
f203/
f212
f22/
n38/
d29:03
d141:46
d29:20
d10/
d112
d141
d174/
d286/
d29
d32
d64
f111/
f143/
f203/
f212
n38/
Null
Invalid operation
Invalid operation
d29:5A 00 00 00
Invalid operation
d79:dir:0
Invalid operation
/d296/d141
d141:le23cwvo0hl2vg8jzbyem2do44375q1lo-2j_enbcgyh4axxlaoml
d255:qlnh2gx
Invalid operation
Invalid operation
Invalid operation
f130/
Invalid operation
Invalid operation
Null
Invalid operation
f130/
├── f1/
├── f112/
├── f228
└── f69
Invalid operation
Invalid operation
d246
f112/
f228
f69
f83/
n45/
Invalid operation
Invalid operation
Invalid operation
d246
f112/
f194/
f228
f69
f83/
Invalid operation
f69:00 00
Invalid operation
Invalid operation
d225
d246
f112/
f194/
f228
f69
f83/
n118/
Invalid operation
Invalid operation
d246:16
d29:03 5A 00 00 00 00
Invalid operation
/d296/d141
d10/
d120
d141
d174/
d25/
d26/
d29
d64
f111/
f112/
f143/
f20/
f203/
f212
f272/
f8
n13
n38/
n91
Invalid operation
d141:55
d29:30
n91:12
n13:10
d120:2
d64:0
f212:0
d194:kl__.280vnizxsuz 9ftjz-5-b8zy0j91tj5mt2n2bdcasl90kiqrwyob4 gxxsukayqslhy25d63ha2p7r0jkj5936g3697csq2dtx5fcfuv14lq8qwwx5exx
d194:kl__.280vnizxsuz 9ftjz-5-b8zy0j91tj5mt2n2bdcasl90kiqrwyob4 gxxsukayqslhy25d63ha2p7r0jkj5936g3697csq2dtx5fcfuv14lq8qwwx5exx
d194:122
d50:51
f8:16
d194:122
d50:51
f8:16
Invalid operation
d29:4E 62 49 6D 39 A0 2E 00 00 00 00 7A
d10/
d107/
d120
d141
d174/
d25/
d26/
d29
d295/
d64
f112/
f143/
f144/
f203/
f212
f240/
f272/
f8
f89/
n13
n38/
n91
Invalid operation
d10/
d107/
d120
d141
d174/
d25/
d26/
d29
d295/
d64
f112/
f143/
f144/
f203/
f212
f240/
f272/
f8
f89/
n13
n38/
d10/
d107/
d120
d141
d174/
d25/
d26/
d29
d295/
d64
f112/
f143/
f144/
f203/
f212
f240/
f272/
f8
f89/
n13
n38/
d10/
d107/
d120
d141
d174/
d25/
d26/
d29
d295/
d64
f112/
f143/
f144/
f203/
f212
f240/
f272/
f8
f89/
n13
n38/
d29:8E 10 F1 65 5E 95 14 06 CB 00 00 2F EB 00 B6 4E 62 49 6D 39
Invalid operation
Invalid operation
Invalid operation
d29:00 00 7A D5 00 00
f225
f288/
n42/
d29:5E 95 14 AD 1D 00 00 2F EB 00 B6 4E 62 49 6D 39 A0
f225:15
d29:65 5E 95 14 AD 1D 00 00 2F EB
d107/
├── d135/
├── d57/
├── f225
└── n42/
/d296/d107/f225
/d296/d107/f225
d10:dir:0
Invalid operation
d10/
d107/
d120
d141
d174/
d207
d26/
d29
d295/
d64
f112/
f143/
f144/
f203/
f212
f24
f272/
f58/
f8
f89/
n13
n38/
n82/
Invalid operation
d194:122
d50:51
f8:16
d194:122
d50:51
f8:16
d194:122
d50:51
f8:16
/d194
d194:122
d50:51
f8:16
d115
d121
d164/
d165
d180
d194
d200
d202/
d204
d212
d22/
d224/
d232/
d246/
d25
d27
d277
d278/
d283/
d294
d296/
d44/
d46/
d50
d9/
d99/
f0
f10
f102/
f124/
f128/
f132
f150/
f16/
f175/
f198
f207/
f220/
f227/
f229
f269/
f276
f29
f298
f31/
f41/
f54/
f67
f8
f85/
f97
n102/
n118/
n21/
n22/
n4/
n61
n66
n74
n99/
d194:122
d50:51
f8:16
n66:16
d294:15
f198:10
d212:8
d141:58
d29:34
f24:11
n13:10
d207:3
Invalid operation
Invalid operation
d29:65 5E 95 14 AD 1D 00 00 2F EB 00 B6 1B 68 B6 9B 50 30 05 DB EA 00 00 7A D5 D9
Invalid operation
d29:EA 00 00 7A
d29:68
d194:125
d50:51
f8:16
d194:125
d50:51
f8:16
d194:125
d50:51
f8:16
d194:125
d50:51
f8:16
d115
d121
d164/
d165
d180
d194
d200
d202/
d204
d212
d22/
d224/
d232/
d246/
d25
d27
d277
d278/
d283/
d294
d296/
d44/
d46/
d50
d9/
d99/
f0
f102/
f124/
f128/
f132
f150/
f16/
f175/
f198
f207/
f220/
f227/
f229
f269/
f276
f29
f298
f31/
f41/
f54/
f67
f8
f85/
f97
n102/
n118/
n21/
n22/
n4/
n61
n66
n74
n99/
d194:kl__.280vnizxsuz 9ftjz-5-b8zy0j91tj5mt2n2bdcasl90kiqrwyob4 gxxsukayqslhy25d63ha2p7r0jkj5936g3697csq2dtx5fcfuv14lq8qwwx5exx41r
d194:135
d50:51
f8:16
d181:14 F6 AD EB 00 00 00 00 9B 43 E5 DB 65
Null
Invalid operation
Invalid operation
f48:A9
Invalid operation
Invalid operation
d28:j.iuu1y
d181
d263/
f199/
f237/
f45
n20
/f41/n20
d181:24
Invalid operation
d181
d263/
f199/
f237/
f45
f64
f97
n20
n68
d181
d263/
f199/
f237/
f45
f64
f97
n20
n68
Invalid operation
Invalid operation
d181:00 00 00 9B 43 E5 DB 65
d1:1
d138
d150/
d181
f16
f199/
f237/
f64
f97
n20
n68
d138
d150/
d181
f16
f199/
f237/
f64
f97
n20
n68
/f41/n20
d138
d150/
d181
f16
f199/
f237/
f64
f97
n20
n68
d181:30
n20:21
d138:12
f64:8
d115
d121
d164/
d165
d180
d194
d200
d202/
d204
d212
d22/
d224/
d232/
d246/
d25
d27
d277
d278/
d294
d296/
d44/
d46/
d50
d9/
d99/
f0
f102/
f124/
f128/
f132
f150/
f16/
f175/
f198
f207/
f220/
f227/
f229
f269/
f276
f29
f298
f31/
f41/
f54/
f67
f75
f8
f85/
f97
n102/
n21/
n22/
n4/
n61
n66
n74
n99/
d194:kl__.280vnizxsuz 9ftjz-5-b8zy0j91tj5mt2n2bdcasl90kiqrwyob4 gxxsukayqslhy25d63ha2p7r0jkj5936g3697csq2dtx5fcfuv14lq8qwwx5exx41ruf6ll976t-
n102:dir:0
d194:135
d50:51
f8:16
d194:135
d50:51
f8:16
d115
d121
d164/
d180
d194
d200
d202/
d204
d212
d22/
d224/
d232/
d246/
d25
d27
d277
d278/
d283/
d294
d296/
d44/
d46/
d50
d9/
d99/
f0
f102/
f124/
f128/
f132
f150/
f16/
f175/
f198
f207/
f220/
f227/
f229
f269/
f276
f29
f298
f31/
f41/
f54/
f67
f75
f8
f85/
f97
n102/
n118/
n21/
n22/
n4/
n61
n66
n74
n99/
d194:135
d50:51
f8:16
Invalid operation
Invalid operation
d50:94 CD B6 21 31 DE 07 9F DF 8A EA 96 EB 10 55 23 14 57 55 1D EA D1 00 00 6A 41 9A A1 85 F8
d194:kl__.280vnizxsuz 9ftjz-5-b8zy0j91tj5mt2n2bdcasl90kiqrwyob4 gxxsukayqslhy25d63ha2p7r0jkj5936g3697csq2dtx5fcfuv14lq8qwwx5exx41ruf6ll976t-
Invalid operation
d224/
└── n109
Invalid operation
n102:dir:0
d50:96 EB 10 55 23 14 57 55 1D EA D1 00 00 6A 41 9A A1 85 89 E5 DC 3E 6A 0B 50
Invalid operation
d194:150
d50:47
f8:16
d194:150
d50:47
f8:16
Invalid operation
n102:dir:0
d194:160
d50:47
f8:16
d194:kl__.280vnizxsuz 9ftjz-5-b8zy0j91tj5mt2n2bdcasl90kiqrwyob4 gxxsukayqslhy25d63ha2p7r0jkj5936g3697csq2dtx5fcfuv14lq8qwwx5exx41ruf6ll976t-o7x3dyw66 lrge_gy.j i5.bc
/d194
d115
d121
d164/
d180
d194
d200
d202/
d204
d212
d22/
d224/
d232/
d246/
d25
d27
d277
d278/
d283/
d294
d296/
d44/
d46/
d50
d9/
d99/
f0
f102/
f124/
f128/
f132
f150/
f16/
f175/
f198
f207/
f213/
f220/
f227/
f229
f269/
f276
f29
f298
f31/
f41/
f54/
f67
f75
f8
f85/
f97
n102/
n118/
n21/
n22/
n4/
n61
n66
n74
n99/
d194:166
d50:47
f8:16
n66:16
d294:15
f198:10
d212:8
d194:166
d50:47
f8:16
n66:16
d194:166
d50:47
f8:16
Invalid operation
d194:166
d50:44
f8:16
d115
d121
d164/
d180
d194
d200
d202/
d204
d212
d22/
d224/
d232/
d246/
d25
d27
d277
d278/
d283/
d294
d296/
d44/
d46/
d50
d9/
d99/
f0
f102/
f124/
f128/
f132
f150/
f16/
f175/
f198
f207/
f213/
f220/
f227/
f229
f269/
f276
f29
f298
f31/
f41/
f54/
f67
f75
f8
f85/
f97
n102/
n118/
n21/
n22/
n4/
n61
n66
n74
n99/
Invalid operation
d115
d121
d164/
d180
d194
d200
d202/
d204
d212
d22/
d224/
d232/
d246/
d25
d27
d277
d278/
d283/
d294
d296/
d44/
d46/
d50
d9/
d99/
f0
f102/
f124/
f128/
f132
f150/
f16/
f175/
f198
f207/
f213/
f220/
f227/
f229
f269/
f276
f29
f298
f31/
f41/
f54/
f67
f75
f8
f85/
f97
n102/
n118/
n21/
n22/
n4/
n61
n66
n74
n99/
d50:89 E5
d120
d15
d227/
d256
Invalid operation
d50:1D DE EB 4B 00 6A 41 9A A1 85 89 E5 DC
n102:dir:0
d115
d121
d164/
d180
d194
d200
d202/
d204
d212
d22/
d224/
d231
d232/
d246/
d25
d27
d277
d278/
d283/
d294
d296/
d44/
d46/
d50
d59/
d9/
d99/
f0
f102/
f124/
f128/
f132
f150/
f16/
f175/
f198
f207/
f213/
f220/
f227/
f229
f269/
f276
f29
f298
f31/
f41/
f54/
f75
f8
f85/
f97
n102/
n118/
n21/
n22/
n61
n66
n74
n99/
d194:166
d50:47
f8:16
d194:166
d50:47
f8:16
Invalid operation
d194:kl__.280vnizxsuz 9ftjz-5-b8zy0j91tj5mt2n2bdcasl90kiqrwyob4 gxxsukayqslhy25d63ha2p7r0jkj5936g3697csq2dtx5fcfuv14lq8qwwx5exx41ruf6ll976t-o7x3dyw66 lrge_gy.j i5.bccaml0l
n102:dir:0
Invalid operation
n102:dir:0
Invalid operation
Invalid operation
d35
Invalid operation
Invalid operation
Invalid operation
d115
d121
d164/
d180
d194
d200
d202/
d204
d212
d22/
d224/
d231
d232/
d246/
d25
d27
d277
d278/
d283/
d294
d296/
d44/
d46/
d50
d59/
d9/
d99/
f0
f102/
f124/
f128/
f132
f150/
f16/
f175/
f19
f198
f207/
f212/
f213/
f220/
f227/
f229
f269/
f29
f298
f31/
f41/
f54/
f75
f85/
f97
n102/
n118/
n21/
n22/
n61
n66
n74
d194:166
d50:52
f8:16
d194:166
d50:52
f8:16
d194:166
d50:52
f8:16
Invalid operation
Invalid operation
d144:16
d94:0
d194:166
d50:57
f8:16
d194:166
d50:57
f8:16
Invalid operation
d194:166
d50:60
f8:16
n66:16
d294:15
f198:10
d212:8
f19:8
Invalid operation
d115
d121
d164/
d180
d194
d200
d202/
d204
d212
d22/
d224/
d231
d232/
d246/
d25
d27
d277
d278/
d283/
d294
d296/
d44/
d50
d59/
d9/
f0
f102/
f124/
f128/
f132
f150/
f16/
f175/
f19
f198
f202
f207/
f212/
f213/
f220/
f227/
f229
f269/
f29
f298
f31/
f41/
f54/
f72/
f75
f8
f85/
f97
n102/
n118/
n21/
n22/
n61
n66
n74
Invalid operation
Invalid operation
d194:196
d50:60
f8:16
d194:196
d50:60
f8:16
Invalid operation
d194:196
d50:60
f8:16
d194:204
d50:60
f8:16
d194:204
d50:60
d106
d188/
d191
d249
f162/
f261
f263/
f71
f87/
n109/
d50:C2 00 00
d194:196
d50:60
f8:16
d191:md:37
d106
d188/
d191
d249
d44/
f261
f263/
f71
f87/
n109/
n15
d50:DF 8A EA 96 EB 10 55 23 14 57 55 1D DE EB 3D 73 0D 6D A2 FC 85 68 35 D3 74 4D 78 DC D9 D0 00 00 00 CC CF 37 78 C2
d272:C8
d106
d188/
d191
d206/
d249
d272
d34/
d44/
f22/
f240
f261
f263/
f87/
n106
n109/
n15
Invalid operation
d106
d188/
d191
d206/
d249
d272
d34/
d44/
f153
f22/
f240
f261
f263/
f87/
n106
n109/
n15
/d22/d191
Invalid operation
d191: a5wd0y-.yny2gmqd.1n83_48e-89.wlbfxfxcd1ao.ex1p9oqjs_2i1gfixomny_0-wmuje
d272:00 00
d106
d188/
d206/
d210/
d249
d272
d34/
d44/
f153
f218/
f22/
f240
f261
f263/
f87/
n106
n109/
n15
d249:txt:24
d272:2A
d272:F9 00
d249:24
d272:16
f261:8
Invalid operation
d249:txt:24
d249:24
d272:17
n30:10
f261:8
d65:3
f153:3
f240:3
d249:txt:24
d106
d188/
d206/
d210/
d249
d272
d44/
d65
f106/
f153
f218/
f22/
f237/
f240
f261
f263/
n106
n109/
n15
n30
Invalid operation
Invalid operation
d22/
├── d106
├── d188/
│   ├── d105
│   ├── d157
│   ├── d253
│   ├── f12
│   ├── f120/
│   └── f242/
├── d206/
├── d210/
├── d249
├── d272
├── d44/
├── d65
├── f106/
├── f153
├── f218/
├── f22/
├── f237/
├── f240
├── f261
├── f263/
├── n106
├── n109/
├── n15
├── n30
└── n58/
d249:9s -.a76 ge2hb2fwd7eflkgx
Invalid operation
Invalid operation
Invalid operation
d249:txt:38
d166
Invalid operation
Invalid operation
d166:bin:11
Invalid operation
d166:60 0C
d249:9s -.a76 ge2hb2fwd7eflkgx7x0mt3_mxpmfe7a684rliqi 5kz2cyu6l_iscj._d
/d22/d249
d196
d206/
d210/
d225
d249
d272
d35
d44/
d65
f106/
f14
f153
f218/
f22/
f263/
f27
n106
n109/
n15
n30
n58/
n92/
d272:6F FC 7A 63 83 ED 00
Invalid operation
Invalid operation
Invalid operation
d287
d287:txt:0
d249:9s -.a76 ge2hb2fwd7eflkgx7x0mt3_mxpmfe7a684rliqi 5kz2cyu6l_iscj._db3px2h5rwmadxu2 5x
d196
d206/
d210/
d218
d225
d249
d272
d35
d44/
d65
f106/
f14
f153
f218/
f22/
f263/
f27
n106
n109/
n15
n30
n58/
n92/
Invalid operation
n15:
Invalid operation
Invalid operation
n25/
├── d209/
└── f265/
Invalid operation
Invalid operation
d149
Invalid operation
f263:dir:0
Invalid operation
n15:x
d272:2E
n15:x
f229/
d272:25
d194:kl__.280vnizxsuz 9ftjz-5-b8zy0j91tj5mt2n2bdcasl90kiqrwyob4 gxxsukayqslhy25d63ha2p7r0jkj5936g3697csq2dtx5fcfuv14lq8qwwx5exx41ruf6ll976t-o7x3dyw66 lrge_gy.j i5.bccaml0l5qodkz1flf9 xmhk2jyb4-kppl6519
d194:196
d50:60
f8:16
f263:dir:0
Invalid operation
Invalid operation
Invalid operation
Invalid operation
d272:83 ED 00 67 2A ED
d272:2E
Invalid operation
d196
d206/
d210/
d218
d222/
d225
d272
d277/
d44/
d77/
f101/
f131/
f14
f153
f195
f218/
f22/
f263/
n30
n58/
Invalid operation
d196
d206/
d210/
d218
d222/
d225
d272
d277/
d44/
d77/
f101/
f131/
f14
f153
f195
f218/
f22/
f263/
n30
n58/
d196
d206/
d210/
d218
d222/
d225
d272
d277/
d44/
d77/
f101/
f131/
f14
f195
f218/
f22/
f263/
n30
Invalid operation
d113
d196
d206/
d210/
d218
d222/
d225
d272
d277/
d44/
d77/
f101/
f127
f131/
f14
f195
f218/
f22/
f263/
n30
Invalid operation
d113
d143/
d196
d206/
d210/
d218
d222/
d224
d225
d272
d277/
d44/
d77/
d78
f101/
f127
f131/
f14
f195
f218/
f22/
f263/
n30
/d22/d272
Invalid operation
Invalid operation
Invalid operation
Invalid operation
Invalid operation
Invalid operation
f22/
├── d39
└── f122
d39
f122
f249/
d39
f122
f249/
/d22/f22/f122
Invalid operation
f122:
Invalid operation
d113
d196
d206/
d210/
d222/
d225
d272
d277/
d44/
d77/
f101/
f122
f131/
f14
f156
f195
f218/
f22/
f263/
n30
n71
Invalid operation
d113
d196
d206/
d210/
d222/
d225
d272
d277/
d44/
d77/
f101/
f122
f131/
f14
f156
f195
f218/
f22/
f263/
n30
n45
n71
d272:F2 E1
Invalid operation
f229/
Invalid operation
Invalid operation
Invalid operation
f33:A8
Invalid operation
Invalid operation
d226:0
d35:dir:0
Invalid operation
/d22/d206/f229/d226
d226
d259
d35/
Invalid operation
d226
d35/
/d22/d206/f229/d226
Null
f33:00 00 34 C0
f170:44
Invalid operation
Invalid operation
f263:dir:0
Invalid operation
Invalid operation
Invalid operation
d113
d196
d206/
d210/
d222/
d225
d272
d277/
d44/
d48
d76
d77/
f10
f101/
f122
f131/
f14
f156
f195
f218/
f22/
f249/
f263/
n30
n45
n71
Invalid operation
d113
d196
d206/
d210/
d222/
d225
d272
d277/
d44/
d48
d76
d77/
f10
f101/
f122
f131/
f14
f156
f195
f218/
f22/
f249/
f263/
n30
n45
n71
Invalid operation
Invalid operation
d113
d196
d206/
d210/
d222/
d225
d272
d277/
d44/
d48
d76
d77/
f10
f101/
f122
f131/
f14
f156
f195
f218/
f22/
f249/
f263/
n30
n45
n71
Invalid operation
Invalid operation
Invalid operation
Invalid operation
Invalid operation
d194:196
d50:60
f8:16
d113
d143
d196
d206/
d210/
d222/
d225
d272
d277/
d44/
d48
d76
d77/
f10
f101/
f122
f131/
f14
f156
f195
f218/
f22/
f249/
f263/
n30
n45
n71
d113
d143
d196
d206/
d210/
d222/
d225
d272
d277/
d44/
d48
d76
d77/
f10
f101/
f122
f131/
f14
f156
f195
f218/
f22/
f249/
f263/
n30
n45
n71
Invalid operation
d272:68 F2 E1 04 00 00 85
d272:7A 63 83 ED 00 67 2A 4E 31 D0 60 77 49 68 F2
Invalid operation
Null
f34/
Invalid operation
d117:
d117:
d272:5E BA F6 D6 04 00 00 85 79 66
f0
f71/
f93
Invalid operation
n22/
n22:dir:0
Invalid operation
n97
Invalid operation
f242
n97
d272:2A 4E
Invalid operation
d224:9
n119:1
n22:dir:0
Invalid operation
Invalid operation
f0:1u4kwkd0i8gmy_k99xkoar8 _c6qvx
Invalid operation
Invalid operation
d30
f0
f71/
n22
d117
d287
f34/
n12/
d113
d143
d196
d206/
d210/
d222/
d225
d256/
d272
d44/
d48
d52
d76
d77/
f10
f101/
f122
f131/
f14
f156
f195
f218/
f22/
f249/
f263/
n30
n45
n71
Invalid operation
d194:196
d50:60
f8:16
d194:196
d50:60
f8:16
d50:DC D9 D0
d194:196
d50:60
f8:16
d115
d121
d164/
d180
d194
d200
d202/
d204
d212
d22/
d224/
d231
d232/
d246/
d25
d27
d277
d278/
d283/
d294
d296/
d44/
d50
d59/
d9/
f0
f102/
f124/
f128/
f132
f150/
f16/
f175/
f19
f198
f202
f207/
f212/
f213/
f220/
f227/
f229
f269/
f29
f298
f31/
f41/
f54/
f72/
f75
f8
f85/
f97
n102/
n118/
n21/
n22/
n61
n66
n74
d194:196
d50:56
f8:16
d194:197
d50:56
f8:16
d194:197
d50:56
f8:16
Invalid operation
n102:dir:0
d115
d121
d164/
d180
d194
d200
d202/
d204
d212
d22/
d224/
d231
d232/
d246/
d25
d27
d277
d278/
d283/
d294
d296/
d44/
d50
d59/
d9/
f0
f102/
f124/
f128/
f132
f150/
f16/
f175/
f19
f198
f202
f207/
f212/
f213/
f220/
f227/
f229
f269/
f29
f298
f31/
f41/
f54/
f72/
f75
f8
f85/
f97
n102/
n118/
n21/
n22/
n61
n66
n74
n102:dir:0
Invalid operation
d194:196
d50:56
f8:16
d194:kl__.280vnizxsuz 9ftjz-5-b8zy0j91tj5mt2n2bdcasl90kiqrwyob4 gxxsukayqslhy25d63ha2p7r0jkj5936g3697csq2dtx5fcfuv14lq8qwwx5exx41ruf6ll976t-o7x3dyw66 lrge_gy.j i5.bccaml0l5qodkz1flf9 xmhk2jyb4-kppl6519
d115
d121
d164/
d180
d194
d200
d202/
d204
d212
d22/
d224/
d231
d232/
d246/
d25
d27
d277
d278/
d283/
d294
d296/
d44/
d50
d59/
d9/
f0
f102/
f124/
f128/
f132
f150/
f16/
f175/
f19
f198
f202
f207/
f212/
f213/
f220/
f227/
f229
f269/
f29
f298
f31/
f41/
f54/
f72/
f75
f8
f85/
f97
n102/
n118/
n21/
n22/
n61
n66
n74
d194:kl__.280vnizxsuz 9ftjz-5-b8zy0j91tj5mt2n2bdcasl90kiqrwyob4 gxxsukayqslhy25d63ha2p7r0jkj5936g3697csq2dtx5fcfuv14lq8qwwx5exx41ruf6ll976t-o7x3dyw66 lrge_gy.j i5.bccaml0l5qodkz1flf9 xmhk2jyb4-kppl6519x7
Null
Invalid operation
Invalid operation
d194:196
d50:57
f8:16
Invalid operation
Invalid operation
Null
f208
Invalid operation
f208:bin:3
Invalid operation
Invalid operation
Invalid operation
Invalid operation
Invalid operation
Invalid operation
d194:222
d50:58
f8:16
Invalid operation
d194:222
d50:58
f8:16
Invalid operation
d115
d121
d138
d164/
d180
d194
d202/
d212
d22/
d224/
d231
d232/
d246/
d25
d27
d277
d278/
d283/
d294
d296/
d50
d59/
d9/
f0
f102/
f124/
f128/
f132
f150/
f16/
f175/
f19
f198
f202
f207/
f212/
f213/
f220/
f227/
f229
f269/
f278
f29
f298
f31/
f41/
f54/
f72/
f75
f8
f85/
f97
n102/
n118/
n21/
n22/
n61
n66
n74
Invalid operation
d115
d121
d138
d164/
d180
d194
d200
d202/
d212
d22/
d224/
d231
d232/
d246/
d25
d27
d277
d278/
d283/
d294
d296/
d50
d59/
d9/
f0
f102/
f124/
f128/
f132
f150/
f16/
f175/
f19
f198
f202
f207/
f212/
f213/
f220/
f227/
f229
f269/
f278
f29
f298
f31/
f41/
f54/
f72/
f75
f8
f85/
f97
n102/
n118/
n21/
n22/
n61
n66
n74
d194:222
d50:58
f8:16
n66:16
d294:15
f198:10
d212:8
Invalid operation
d115
d121
d138
d164/
d194
d200
d202/
d212
d22/
d224/
d231
d232/
d246/
d25
d27
d277
d278/
d283/
d294
d296/
d50
d59/
d9/
f0
f102/
f124/
f128/
f132
f150/
f16/
f175/
f19
f198
f202
f207/
f212/
f213/
f220/
f227/
f229
f269/
f278
f29
f298
f31/
f41/
f54/
f72/
f75
f8
f85/
f97
n102/
n118/
n21/
n22/
n61
n66
n74
n102:dir:0
d115
d121
d138
d164/
d194
d200
d202/
d212
d22/
d224/
d231
d232/
d246/
d25
d27
d277
d278/
d283/
d294
d296/
d50
d59/
d9/
f0
f102/
f124/
f128/
f132
f150/
f16/
f175/
f19
f198
f202
f207/
f212/
f213/
f220/
f227/
f229
f269/
f278
f29
f298
f31/
f41/
f54/
f72/
f75
f8
f85/
f97
n102/
n118/
n21/
n22/
n61
n66
n74
d50:EB 3D
f82:md:0
Invalid operation
f82:
/f212/f82
Invalid operation
d201
f82
n65
Invalid operation
Invalid operation
Invalid operation
d50:BF 27 69 E1 36 0C 03 AF 59 DF 8A EA 96 EB 10 55 23 D6 57 55 1D DE EB 3D 73 0D 6D A2 FC 85 68 86 D3
Invalid operation
Invalid operation
d50:DF
d115
d121
d138
d164/
d194
d200
d202/
d212
d22/
d224/
d231
d232/
d242
d246/
d25
d27
d277
d278/
d283/
d294
d296/
d50
d59/
d9/
f0
f102/
f124/
f128/
f132
f150/
f16/
f19
f198
f207/
f212/
f213/
f220/
f227/
f229
f269/
f278
f29
f298
f31/
f41/
f54/
f72/
f75
f8
f85/
f97
n102/
n118/
n21/
n22/
n61
n66
n74
/d194
Null
d194:228
d50:56
f8:16
d194:228
d50:58
f8:16
/d194
Invalid operation
d194:228
d50:58
f8:16
d194:kl__.280vnizxsuz 9ftjz-5-b8zy0j91tj5mt2n2bdcasl90kiqrwyob4 gxxsukayqslhy25d63ha2p7r0jkj5936g3697csq2dtx5fcfuv14lq8qwwx5exx41ruf6ll976t-o7x3dyw66 lrge_gy.j i5.bccaml0l5qodkz1flf9 xmhk2jyb4-kppl6519ab2ohr8..n1hvao2z4._ rlk5-1_ hc0
d50:EB
Invalid operation
Invalid operation
d194:228
d50:60
f8:16
Invalid operation
/d194
Invalid operation
Invalid operation
d121
d138
d164/
d194
d200
d202/
d22/
d224/
d232/
d242
d246/
d25
d27
d277
d278/
d283/
d294
d296/
d50
d59/
d70/
d9/
f0
f102/
f124/
f128/
f132
f150/
f156
f16/
f160
f19
f198
f204
f207/
f212/
f213/
f22
f220/
f227/
f269/
f278
f285/
f29
f298
f31/
f41/
f54/
f72/
f75
f78
f8
f85/
f97
n1
n102/
n21/
n39
n61
n74
d50:27 69 E1 36 0C 03 AF 59 DF 8A EA 96 EB 10
Invalid operation
d32/
n36:3
d50:C4 06 94 37 00 00
Invalid operation
Invalid operation
Invalid operation
f47:
/f54/f47
d177
d217/
d23
d274/
d32/
f150
f34/
f47
f77
n102/
Invalid operation
d177
d217/
d23
d274/
d32/
f150
f34/
f47
f77
n102/
d177
d217/
d23
d32/
d33
f150
f34/
f47
f77
n102/
n4
n49/
f47:
Null
f47:
Invalid operation
d32:dir:0
d194:229
d50:72
f8:16
Invalid operation
d194:240
d50:71
f8:16
d194:240
d50:71
f8:16
d50:27 69 E1 36 0C 03 AF 59 DF 8A EA 96 EB 9C E7 85 07 82 3D 0A DE F7 D1 55
d194:240
d50:71
f8:16
d194:240
d50:71
f8:16
d121
d138
d164/
d194
d200
d202/
d22/
d224/
d232/
d242
d246/
d25
d27
d277
d278/
d283/
d294
d296/
d50
d59/
d70/
d9/
f0
f102/
f124/
f128/
f132
f150/
f156
f16/
f160
f19
f198
f204
f207/
f212/
f213/
f22
f220/
f227/
f269/
f278
f285/
f29
f298
f31/
f41/
f54/
f72/
f75
f78
f8
f85/
f97
n1
n102/
n21/
n39
n61
n74
d121
d138
d164/
d194
d200
d202/
d22/
d224/
d232/
d242
d246/
d25
d27
d277
d278/
d283/
d294
d296/
d50
d59/
d70/
d9/
f0
f102/
f124/
f128/
f132
f150/
f156
f16/
f160
f19
f198
f204
f207/
f212/
f213/
f22
f220/
f227/
f269/
f278
f285/
f29
f298
f31/
f41/
f54/
f72/
f78
f8
f85/
f97
n1
n102/
n21/
n39
n61
n74
d50:39 44 4D 21 76 AD BF 27 69 E1 36 0C
d194:240
d50:71
f8:16
n102:dir:0
d194:240
d50:71
f8:16
Invalid operation
f271:8shr03v-
d194:kl__.280vnizxsuz 9ftjz-5-b8zy0j91tj5mt2n2bdcasl90kiqrwyob4 gxxsukayqslhy25d63ha2p7r0jkj5936g3697csq2dtx5fcfuv14lq8qwwx5exx41ruf6ll976t-o7x3dyw66 lrge_gy.j i5.bccaml0l5qodkz1flf9 xmhk2jyb4-kppl6519ab2ohr8..n1hvao2z4._ rlk5-1_ hc0xpqai9.o0wnl
n102:dir:0
Invalid operation
d121
d138
d164/
d194
d200
d202/
d22/
d224/
d232/
d242
d246/
d25
d27
d277
d278/
d294
d296/
d50
d59/
d70/
d9/
f0
f102/
f124/
f128/
f132
f150/
f156
f16/
f160
f19
f198
f204
f207/
f212/
f213/
f22
f227/
f269/
f278
f285/
f29
f298
f31/
f41/
f54/
f72/
f78
f8
f85/
f97
n1
n102/
n112/
n21/
n39
n61
n74
Invalid operation
Invalid operation
Invalid operation
/d194
d50:00 00 00 CC CF B7 BD
d121
d138
d164/
d194
d202/
d22/
d224/
d232/
d242
d246/
d25
d27
d277
d278/
d294
d296/
d50
d59/
d70/
d9/
f0
f102/
f124/
f128/
f132
f150/
f156
f16/
f160
f19
f198
f204
f207/
f212/
f213/
f22
f227/
f269/
f278
f285/
f29
f298
f31/
f41/
f54/
f72/
f78
f8
f85/
f97
n1
n102/
n112/
n20
n21/
n57/
n61
n74
n102:dir:0
Invalid operation
d121
d138
d141
d164/
d184
d194
d202/
d22/
d224/
d232/
d242
d246/
d25
d27
d277
d278/
d294
d296/
d50
d59/
d70/
d9/
f0
f102/
f124/
f128/
f132
f150/
f156
f16/
f160
f19
f198
f204
f207/
f212/
f213/
f22
f227/
f269/
f278
f285/
f29
f298
f31/
f41/
f54/
f72/
f78
f8
f85/
f97
n1
n102/
n112/
n20
n21/
n57/
n61
n74
Invalid operation
Invalid operation
Invalid operation
d194:251
d50:68
n20:17
Invalid operation
d194:241
d50:68
n20:17
/d194
d194:241
d50:68
n20:17
d194:241
d50:70
n20:17
Invalid operation
Invalid operation
Invalid operation
d50:DF 8A EA 96 EB 9C E7 85 07 82 3D 0A DE BA D1 55 C3 6D A2 FC 85 68 86 D3 74 4D C4 06 94 37 00 00 00 CC CF B7 BD 74 00 00 00 00
d194:241
d50:68
n20:17
d194:241
d50:68
n20:17
d194:241
d50:68
n20:17
d194:241
d50:68
n20:17
d194:kl__.280vnizxsuz 9ftjz-5-b8zy0j91tj5mt2n2bdcasl90kiqrwyob4 gxxsukayqslhy25d63ha2p7r0jkj5936g3697csq2dtx5fcfuv14lq8qwwx5exx41ruf6ll976t-o7x3dyw66 lrge_gy.j i5.bccaml0l5qodkz1flf9 xmhk2jyb4-kppl6519ab2ohr8..n1hvao2z4._ rlk5-1_ hc0xpqai9.o0wnlx
d194:241
d50:69
n20:17
Invalid operation
d194:249
d50:69
n20:17
d194:261
d50:69
n20:17
d194:261
d50:69
n20:17
/d194
d121
d138
d141
d164/
d184
d194
d202/
d22/
d224/
d232/
d242
d246/
d25
d27
d277
d278/
d294
d296/
d50
d59/
d70/
d9/
f0
f102/
f124/
f128/
f132
f150/
f156
f16/
f160
f19
f198
f204
f207/
f212/
f213/
f22
f227/
f269/
f278
f285/
f29
f298
f31/
f41/
f54/
f72/
f78
f8
f85/
f97
n1
n102/
n112/
n20
n21/
n57/
n61
n74
Invalid operation
d194:kl__.280vnizxsuz 9ftjz-5-b8zy0j91tj5mt2n2bdcasl90kiqrwyob4 gxxsukayqslhy25d63ha2p7r0jkj5936g3697csq2dtx5fcfuv14lq8qwwx5exx41ruf6ll976t-o7x3dyw66 lrge_gy.j i5.bccaml0l5qodkz1flf9 xmhk2jyb4-kppl6519ab2ohr8..n1hvao2z4._ rlk5-1_ hc0xpqai9.o0wnlxd2.ozv8x
d194:249
d50:69
n20:17
d194:258
d50:69
n20:17
d194:258
d50:69
n20:17
d194:kl__.280vnizxsuz 9ftjz-5-b8zy0j91tj5mt2n2bdcasl90kiqrwyob4 gxxsukayqslhy25d63ha2p7r0jkj5936g3697csq2dtx5fcfuv14lq8qwwx5exx41ruf6ll976t-o7x3dyw66 lrge_gy.j i5.bccaml0l5qodkz1flf9 xmhk2jyb4-kppl6519ab2ohr8..n1hvao2z4._ rlk5-1_ hc0xpqai9.o0wnlxd2.ozv8x_0tfy1k1c
Invalid operation
d194:263
d50:69
n20:17
n102:dir:0
Invalid operation
Invalid operation
/f78
Invalid operation
Invalid operation
/d194
Invalid operation
d181:ED 59 00 00 00 00 9B 43 E5 DB 65 46 47 40 95 7E 5F 9E 49 62 AA
n20:txt:21
/f41/n20
/n20
d138
d150/
d153
d181
d202/
f16
f199/
f237/
f263
f64
f97
n20
n28
d181:38 24 10 14 8E 1C 54 00 00 00 00 9B 43 E5 DB 65 46
d138
d150/
d153
d181
d202/
f16
f199/
f228
f237/
f263
f64
f97
n20
n28
Invalid operation
Invalid operation
d181:30
n20:21
d138:12
Invalid operation
Invalid operation
Invalid operation
Invalid operation
d181:bin:33
d138
d150/
d153
d181
d202/
d69
f16
f193
f199/
f228
f237/
f263
f4/
f64
f97
n20
n81/
Invalid operation
Invalid operation
d138
d150/
d153
d181
d202/
d69
f16
f193
f199/
f228
f237/
f263
f4/
f64
f97
n20
n81/
Invalid operation
Invalid operation
Invalid operation
Invalid operation
d181:30
n20:21
d138:12
d191:11
f228:11
f64:8
d69:7
Invalid operation
Invalid operation
Invalid operation
Invalid operation
Invalid operation
d121
d138
d141
d184
d194
d202/
d22/
d224/
d232/
d242
d246/
d25
d27
d277
d278/
d294
d50
d59/
d70/
d9/
f0
f102/
f124/
f128/
f132
f140
f150/
f156
f16/
f160
f19
f198
f204
f207/
f212/
f213/
f22
f227/
f269/
f285/
f29
f298
f31/
f41/
f54/
f72/
f78
f85/
f97
n1
n102/
n112/
n20
n21/
n57/
n61
n74
Invalid operation
d121
d138
d141
d184
d194
d202/
d22/
d224/
d232/
d242
d246/
d25
d27
d277
d278/
d294
d50
d59/
d70/
d9/
f0
f102/
f124/
f128/
f132
f140
f150/
f156
f16/
f160
f19
f198
f204
f207/
f212/
f213/
f22
f227/
f269/
f285/
f29
f298
f31/
f41/
f54/
f72/
f78
f85/
f97
n1
n102/
n112/
n20
n21/
n57/
n61
n74
d121
d138
d141
d184
d194
d202/
d22/
d224/
d232/
d242
d246/
d25
d27
d277
d278/
d294
d50
d59/
d70/
d9/
f0
f102/
f124/
f128/
f132
f140
f150/
f156
f16/
f160
f19
f198
f204
f207/
f212/
f213/
f22
f227/
f269/
f285/
f29
f298
f31/
f41/
f54/
f72/
f78
f85/
f97
n1
n102/
n112/
n20
n21/
n57/
n61
n74
Invalid operation
n102:dir:0
d121
d138
d141
d184
d194
d202/
d22/
d224/
d232/
d238
d242
d246/
d25
d27
d277
d278/
d280
d294
d50
d59/
d70/
d9/
f0
f102/
f124/
f128/
f132
f140
f150/
f156
f16/
f160
f19
f198
f204
f207/
f212/
f213/
f22
f227/
f269/
f285/
f29
f298
f31/
f41/
f54/
f72/
f78
f85/
f97
n1
n102/
n112/
n20
n21/
n57/
n61
n74
d194:kl__.280vnizxsuz 9ftjz-5-b8zy0j91tj5mt2n2bdcasl90kiqrwyob4 gxxsukayqslhy25d63ha2p7r0jkj5936g3697csq2dtx5fcfuv14lq8qwwx5exx41ruf6ll976t-o7x3dyw66 lrge_gy.j i5.bccaml0l5qodkz1flf9 xmhk2jyb4-kppl6519ab2ohr8..n1hvao2z4._ rlk5-1_ hc0xpqai9.o0wnlxd2.ozv8x_0tfy1k1cx
d194:259
d50:69
n20:17
n1:16
d294:15
d238:12
d50:21 76 AD BF 27 87 4E 94 92 03 AF 59 DF 8A EA 96 EB 9C E7 85 07 82 3D
d272/
f223
f271
f299/
Null
Invalid operation
f223
f271
f299/
Null
Invalid operation
Invalid operation
f223
Invalid operation
d25
f223
Invalid operation
Invalid operation
f223
d194:kl__.280vnizxsuz 9ftjz-5-b8zy0j91tj5mt2n2bdcasl90kiqrwyob4 gxxsukayqslhy25d63ha2p7r0jkj5936g3697csq2dtx5fcfuv14lq8qwwx5exx41ruf6ll976t-o7x3dyw66 lrge_gy.j i5.bccaml0l5qodkz1flf9 xmhk2jyb4-kppl6519ab2ohr8..n1hvao2z4._ rlk5-1_ hc0xpqai9.o0wnlxd2.ozv8x_0tfy1k1cx
Invalid operation
d50:08 E8 EF 7D 23 7D 85 25 9C DF DE
Invalid operation
d194:261
d50:66
n20:17
d121
d138
d141
d184
d188/
d194
d202/
d22/
d224/
d232/
d238
d242
d246/
d25
d27
d277
d278/
d280
d294
d50
d59/
d70/
d9/
f0
f102/
f124/
f128/
f132
f140
f150/
f156
f16/
f160
f19
f198
f204
f207/
f212/
f213/
f22
f227/
f269/
f285/
f29
f298
f31/
f41/
f54/
f72/
f78
f85/
f97
n1
n102/
n112/
n20
n21/
n57/
n61
n74
d194:261
d50:66
n20:17
Invalid operation
d121
d138
d141
d184
d188/
d194
d202/
d22/
d224/
d232/
d238
d242
d246/
d25
d27
d277
d278/
d280
d294
d50
d59/
d70/
d9/
f0
f102/
f124/
f128/
f132
f140
f150/
f156
f16/
f160
f19
f198
f204
f207/
f212/
f213/
f22
f227/
f269/
f285/
f29
f298
f31/
f41/
f54/
f72/
f78
f85/
f97
n1
n102/
n112/
n20
n21/
n57/
n61
n74
d194:261
d50:66
n20:17
d194:261
d50:66
n20:17
Invalid operation
d194:261
d50:66
n20:17
Invalid operation
d194:261
d50:66
n20:17
d194:267
d50:71
n20:17
d194:267
d50:71
n20:17
d121
d138
d141
d184
d188/
d194
d202/
d22/
d224/
d232/
d238
d242
d246/
d25
d27
d277
d278/
d280
d294
d50
d59/
d70/
d88/
d9/
f0
f102/
f124/
f128/
f132
f140
f156
f16/
f160
f19
f198
f204
f207/
f212/
f213/
f22
f227/
f269/
f285/
f29
f298
f31/
f41/
f54/
f72/
f78
f85/
f97
n1
n102/
n112/
n20
n21/
n57/
n61
n74
Invalid operation
f47:
d50:1D D8 D6 94 00 00 00 00
Invalid operation
d50:91 78 23 99 25 9C
d50:99 25 9C DF DE CF B7
f47:xo35ij6-d9nq_x
/d194
Invalid operation
Invalid operation
Invalid operation
d177
d217/
d23
d294
d32/
d33
d79/
f34/
f47
f77
n4
n49/
n87/
f54/
├── d177
├── d217/
├── d23
├── d294
├── d32/
│   └── n8
├── d33
├── d79/
├── f34/
├── f47
├── f77
├── n4
├── n49/
└── n87/
/f54/f47
n102:dir:0
Null
d35
f210/
f156
f210/
d50:D6 94
d194:269
d50:74
n20:17
Invalid operation
Invalid operation
d110
d150/
d110
d148
d150/
d50:75
n20:17
n1:16
d294:15
d238:12
Invalid operation
Invalid operation
Invalid operation
d121
d138
d141
d184
d188/
d202/
d22/
d224/
d232/
d238
d242
d246/
d25
d27
d277
d278/
d280
d294
d50
d59/
d70/
d88/
d9/
f0
f102/
f124/
f128/
f132
f140
f156
f16/
f160
f19
f198
f204
f207/
f212/
f213/
f22
f227/
f269/
f285/
f29
f298
f31/
f41/
f54/
f72/
f78
f85/
f97
n1
n102/
n112/
n20
n21/
n57/
n61
n74
n98/
Invalid operation
/d50
d50:72
n20:17
n1:16
Invalid operation
Invalid operation
Invalid operation
f156:txt:1
Invalid operation
Invalid operation
d50:72
n20:17
n1:16
Invalid operation
d50:72
n20:17
n1:16
Invalid operation
Invalid operation
Invalid operation
Invalid operation
Invalid operation
/d202/f10
d138
d141
d184
d188/
d202/
d22/
d224/
d232/
d238
d242
d246/
d25
d27
d277
d278/
d280
d294
d50
d59/
d70/
d88/
d9/
f0
f102/
f124/
f128/
f132
f140
f156
f16/
f160
f19
f198
f204
f207/
f212/
f213/
f22
f227/
f269/
f285/
f29
f298
f31/
f41/
f54/
f72/
f78
f85/
f97
n1
n102/
n112/
n20
n21/
n57/
n61
n74
n98/
Invalid operation
Invalid operation
d138
d141
d184
d188/
d202/
d22/
d224/
d232/
d238
d242
d246/
d25
d27
d277
d278/
d280
d294
d50
d59/
d70/
d88/
d9/
f0
f102/
f124/
f128/
f132
f156
f16/
f160
f19
f198
f204
f207/
f212/
f213/
f22
f227/
f269/
f285/
f29
f298
f31/
f41/
f54/
f72/
f78
f85/
f97
n1
n102/
n112/
n20
n21/
n57/
n61
n74
n98/
Invalid operation
Invalid operation
f7:a3lilemkey
Invalid operation
Invalid operation
f7:txt:10
d50:11
f145/
f7
Invalid operation
Invalid operation
Invalid operation
d138
d141
d184
d188/
d202/
d22/
d224/
d232/
d238
d242
d246/
d25
d27
d277
d278/
d280
d294
d50
d59/
d70/
d88/
d9/
f0
f102/
f124/
f128/
f132
f140
f156
f16/
f160
f19
f198
f204
f207/
f212/
f213/
f22
f227/
f269/
f285/
f29
f298
f41/
f54/
f72/
f78
f85/
f97
n1
n102/
n112/
n20
n21/
n57/
n61
n74
n98/
d138
d141
d184
d188/
d202/
d22/
d224/
d232/
d238
d242
d246/
d25
d27
d277
d278/
d280
d294
d50
d59/
d70/
d88/
d9/
f0
f102/
f124/
f128/
f132
f140
f156
f16/
f160
f19
f198
f204
f207/
f212/
f213/
f22
f227/
f269/
f285/
f29
f298
f41/
f54/
f72/
f78
f85/
f97
n1
n102/
n112/
n20
n21/
n57/
n61
n74
n98/
Invalid operation
d13:
Invalid operation
Invalid operation
/d50
d13
Invalid operation
d138
d141
d146/
d184
d188/
d202/
d22/
d224/
d232/
d238
d242
d246/
d25
d27
d277
d278/
d280
d294
d50
d59/
d70/
d88/
d9/
f0
f102/
f124/
f128/
f132
f16/
f160
f19
f198
f204
f207/
f212/
f213/
f22
f227/
f234/
f267
f269/
f285/
f29
f298
f41/
f54/
f72/
f78
f85/
f97
n1
n102/
n112/
n21/
n57/
n61
n74
n98/
Invalid operation
Invalid operation
Invalid operation
n42:0
Invalid operation
f54:dir:0
f54/
f54:dir:0
Invalid operation
f239:00
f239
n66
Invalid operation
f239
n66
n66:txt:14
/f234/n66
Invalid operation
/d50
Invalid operation
d50:73
d294:15
d238:12
f160:11
f198:10
f19:8
d141:7
d242:7
Invalid operation
d138
d141
d146/
d149/
d184
d188/
d202/
d22/
d224/
d232/
d238
d242
d246/
d25
d27
d277
d278/
d280
d294
d50
d59/
d70/
d88/
d9/
f0
f102/
f124/
f128/
f132
f16/
f160
f19
f198
f204
f207/
f212/
f213/
f22
f234/
f256
f267
f269/
f285/
f29
f298
f41/
f54/
f78
f85/
f97
n102/
n112/
n21/
n57/
n61
n74
n98/
Invalid operation
d50:5D F0 A2 73 07 EF ED A5 F7 99 25 9C DF DE CF B7 BD 74 00 00 01 0A A8 5B
d138
d141
d146/
d149/
d184
d185
d188/
d202/
d22/
d224/
d232/
d238
d242
d246/
d25
d27
d277
d278/
d280
d294
d50
d59/
d70/
d88/
d9/
f0
f102/
f124/
f132
f16/
f160
f19
f198
f204
f207/
f212/
f213/
f22
f227/
f234/
f256
f267
f269/
f285/
f29
f298
f41/
f54/
f78
f85/
f97
n102/
n112/
n21/
n57/
n61
n74
n90/
d50:73
d294:15
d185:13
d238:12
Invalid operation
d50:6F 0B
d50:AF F8 82 3D 0A 50 BA D1 1B 7E C3 62 AB 5D F0 A2 73 07 EF ED A5 F7 99 25 9C DF DE
Invalid operation
d138
d141
d146/
d149/
d184
d185
d188/
d202/
d22/
d224/
d232/
d238
d242
d246/
d25
d27
d277
d278/
d280
d294
d50
d59/
d70/
d88/
d9/
f0
f124/
f132
f16/
f19
f198
f204
f207/
f212/
f213/
f22
f227/
f234/
f256
f267
f269/
f285/
f29
f298
f41/
f54/
f78
f85/
f97
n102/
n112/
n21/
n57/
n61
n74
n90/
Invalid operation
d50:00
Invalid operation
Invalid operation
Invalid operation
Invalid operation
Invalid operation
Invalid operation
Invalid operation
d138
d141
d146/
d149/
d184
d185
d188/
d202/
d22/
d224/
d232/
d238
d242
d246/
d25
d27
d270
d277
d278/
d280
d294
d50
d59/
d70/
d88/
d9/
f0
f124/
f132
f16/
f19
f204
f207/
f212/
f213/
f22
f227/
f234/
f256
f269/
f285/
f29
f298
f41/
f54/
f78
f85/
f97
n102/
n112/
n21/
n57/
n61
n74
n90/
Invalid operation
d50:73
d294:15
d185:13
d238:12
f19:8
d141:7
d177
d217/
d23
d294
d32/
d33
d79/
d90
f34/
f47
f77
n4
n45
n49/
n87/
d177
d217/
d294
d32/
d33
d79/
d90
f34/
f47
f77
n4
n45
n49/
n87/
f77:17
f47:14
n45:7
d90:4
d177:3
d294:3
f54/
├── d177
├── d217/
├── d23
├── d294
├── d32/
│   └── n8
├── d33
├── d79/
├── d90
├── f32/
├── f34/
├── f47
├── f77
├── n113/
├── n4
├── n45
├── n49/
└── n87/
Invalid operation
Invalid operation
/f54/n113/f251
f251
Invalid operation
n113/
└── f251
d177
d190
d217/
d23
d32/
d33
d40
d79/
d90
f221
f32/
f34/
f47
f77
n113/
n32/
n4
n45
d190
d217/
d218
d32/
d33
d40
d77/
d79/
d90
f220/
f221
f32/
f34/
f47
f77
n113/
n32/
n4
n45
d190
d217/
d218
d32/
d33
d40
d77/
d79/
d90
f220/
f221
f32/
f34/
f47
f77
n113/
n32/
n4
n45
Invalid operation
f47:xo35ij6-d9nq_x5rl24j_3n59s rtl7zfe262uekdvhu6k1ux515q4fw.u 
n45:16 7C 53 58 B7 3E 00 00 00 00 00 00 00 00 00 00 00
n45:00 00 00
d294:15
d185:13
d238:12
f19:8
d141:7
d242:7
d138:6
Invalid operation
d294:15
d185:13
d238:12
f19:8
d141:7
d138
d141
d146/
d149/
d184
d185
d188/
d202/
d22/
d224/
d232/
d238
d242
d246/
d25
d27
d270
d277
d278/
d280
d294
d50
d59/
d70/
d88/
d9/
f0
f124/
f132
f16/
f173
f19
f204
f207/
f212/
f213/
f22
f227/
f234/
f256
f269/
f285/
f29
f298
f41/
f54/
f78
f85/
f97
n102/
n112/
n21/
n57/
n61
n74
n90/
d277:8E
Invalid operation
Invalid operation
Invalid operation
Invalid operation
Invalid operation
f97:62 0C
d106/
d253
f93/
Invalid operation
f93:dir:0
f298:13
f37:11
d253:3
d253:49x
f97:7D 2E
d106/
d253
f298
f93/
f97:26 00 4C B0 FD 5F 06
f93:dir:0
f97:2E 26 00 4C B0 FD 5F 06 99 29 35 6B
d253:21
f138:15
/d9/d253
/d9/d253
f93:dir:0
d106/
d253
f138
f281/
f93/
n39/
d253:49xxei246cdz k7.i3qf2
f238:dir:0
Invalid operation
Invalid operation
Invalid operation
Invalid operation
d234/
Invalid operation
Invalid operation
f77:B1 20 B4 C4
f231:14
Invalid operation
f180:txt:8
Invalid operation
Invalid operation
d182
d58/
f91
f77:00 00 A7
f180
f212/
f77:20 90 B2 1E A3 B8 7E
Invalid operation
f180:txt:19
f77:53 B1 20 90 B2 1E A3 DF DC 9E FC
f180
f199/
f205
f212/
Invalid operation
Invalid operation
Invalid operation
f238/
├── f174/
├── f180
├── f199/
├── f205
└── f212/
    ├── d182
    └── d58/
d113
d198/
f174/
f180
f199/
f205
f212/
n86
f180:txt:38
Invalid operation
f237:DF 9D 75 10
d113
d198/
d250/
f174/
f180
f199/
f205
f212/
d113
d198/
f174/
f180
f199/
f205
f212/
Invalid operation
f180:ncu-1n_yonji1f7qorgxoa.9kp30gnpo.7ooqx
d108
d113
f174/
f205
f212/
d108
d113
f174/
f212/
Invalid operation
Invalid operation
Invalid operation
Invalid operation
Invalid operation
d113/
n95
d113/
n95
/d9/f281/f238/f212/d58/n95
n95:42
d182
d58/
Invalid operation
Invalid operation
Invalid operation
d182
d58/
Invalid operation
f212:dir:0
f237:B7
Invalid operation
Invalid operation
d108
d113
f174/
f205
f212/
n77/
d176
f237
f238/
n7/
Invalid operation
Invalid operation
Invalid operation
Invalid operation
d176
f237
f238/
n7/
f237:A6 3E 20 1E
d176
f237
f238/
n7/
Invalid operation
Invalid operation
d114/
d214
d253
f138
f281/
f298
f77
f86
f93/
d114/
d214
d215
d253
d47
f138
f281/
f298
f86
f93/
Invalid operation
Invalid operation
d206
n107
Invalid operation
d181:bin:33
Invalid operation
Invalid operation
d138
d139
d150/
d153
d181
d191
d202/
d219
d69
f16
f193
f199/
f228
f237/
f263
f4/
f64
n81/
Null
f149:md:0
d97:3
d262/
d97
Null
Invalid operation
Invalid operation
f162/
d97:00 00 92
d97:30 71 3D FD 00 00 00 92 00
/f212/d97
Invalid operation
Invalid operation
Invalid operation
Invalid operation
Invalid operation
/f212/d97
Null
d97:bin:24
Invalid operation
Invalid operation
d262/
d97
Invalid operation
f158/
f202
Invalid operation
d138
d140
d141
d146/
d149/
d184
d185
d188/
d202/
d22/
d224/
d232/
d238
d242
d246/
d25
d27
d270
d278/
d280
d294
d50
d59/
d88/
d9/
f0
f124/
f132
f137
f16/
f173
f19
f204
f207/
f212/
f213/
f22
f225/
f227/
f234/
f256
f269/
f285/
f29
f298
f41/
f54/
f78
f85/
n106
n112/
n57/
n61
n74
n90/
f19:41 90 00 00
d138
d140
d141
d146/
d149/
d184
d185
d188/
d202/
d22/
d224/
d232/
d238
d242
d246/
d25
d27
d270
d278/
d280
d50
d59/
d88/
d9/
f0
f124/
f132
f137
f16/
f173
f19
f204
f207/
f212/
f213/
f22
f225/
f227/
f234/
f256
f269/
f285/
f29
f41/
f54/
f78
f85/
n106
n112/
n57/
n61
n90/
Invalid operation
d27:
Invalid operation
d27:
f19:04 00 51 6D 32 68 D6 B3
d27:
d138
d140
d141
d146/
d149/
d184
d185
d188/
d202/
d22/
d224/
d232/
d238
d242
d246/
d25
d27
d270
d278/
d280
d50
d59/
d88/
d9/
f0
f124/
f132
f137
f16/
f173
f19
f204
f207/
f212/
f213/
f22
f225/
f227/
f234/
f241
f256
f268/
f269/
f285/
f29
f41/
f54/
f78
f85/
n106
n112/
n57/
n61
n90/
Invalid operation
Invalid operation
f253:txt:14
f253:soq7b9.ax888uu2l.nf7r
f19:30 9A 5D 09
Invalid operation
d9:dir:0
d27:
Invalid operation
Invalid operation
d138
d140
d141
d146/
d149/
d184
d185
d188/
d202/
d22/
d224/
d232/
d238
d242
d246/
d25
d27
d270
d278/
d280
d50
d59/
d88/
d9/
f0
f102
f124/
f132
f137
f16/
f173
f19
f204
f207/
f212/
f213/
f22
f225/
f227/
f234/
f241
f256
f268/
f269/
f285/
f29
f41/
f54/
f78
f85/
n106
n112/
n57/
n61
n90/
Invalid operation
Invalid operation
d138
d140
d141
d146/
d149/
d184
d185
d188/
d202/
d22/
d224/
d232/
d238
d242
d246/
d25
d27
d270
d276/
d278/
d280
d50
d59/
d88/
d9/
f0
f102
f124/
f132
f137
f16/
f173
f19
f204
f207/
f212/
f213/
f22
f225/
f227/
f234/
f241
f256
f268/
f269/
f285/
f29
f41/
f54/
f78
f85/
n106
n112/
n4/
n57/
n61
n90/
f19:68 D6 B3
d138
d140
d141
d146/
d149/
d184
d185
d188/
d202/
d22/
d224/
d232/
d238
d242
d246/
d27
d270
d276/
d278/
d280
d50
d59/
d88/
d9/
f0
f102
f124/
f132
f137
f16/
f173
f19
f204
f207/
f212/
f213/
f22
f225/
f227/
f234/
f241
f256
f268/
f269/
f285/
f29
f41/
f54/
f78
f85/
n106
n112/
n4/
n57/
n61
n90/
Invalid operation
Invalid operation
/d27
f19:E2
Invalid operation
Invalid operation
d94
f123
f245
d94:md:7
Invalid operation
/f213/n18/d94
Invalid operation
f163:D2
d94:15xqm_n
d94
f245
f261
f265/
Invalid operation
d62
f245
f261
f265/
d62
f245
f261
f265/
d62
f245
f261
f265/
d62
f245
f261
f265/
n109/
f19:00 E2 8F 2B 5B 53 4E
f245:z9_5rkd5-dr-kex
f245:z9_5rkd5-dr-kex
/f213/n18/f245
Invalid operation
Invalid operation
f245:txt:31
f245:txt:31
Invalid operation
Invalid operation
d27:
n18:dir:0
Invalid operation
f62
n18/
n18/
n18:dir:0
Invalid operation
d299/
Invalid operation
f19:76 8C BD 07 28 B8 41 90 00 64 00 E2 8F 2B
d146
f19:41 90 00 64 00 E2
Invalid operation
d246/
├── f282/
└── f89
Invalid operation
f89:15
d138
d140
d141
d146/
d149/
d184
d185
d188/
d202/
d22/
d224/
d232/
d238
d242
d246/
d27
d270
d278/
d280
d50
d59/
d88/
d9/
f0
f102
f114
f124/
f132
f137
f16/
f173
f19
f204
f207/
f212/
f213/
f22
f225/
f227/
f234/
f241
f256
f268/
f269/
f285/
f29
f41/
f54/
f78
f85/
n106
n112/
n4/
n57/
n61
n90/
Invalid operation
Invalid operation
Invalid operation
f11/
f10:fl2agjnewvg
Invalid operation
Invalid operation
f11/
f47
n16
Invalid operation
Invalid operation
d30
f11/
f47
n16
f11/
f47
n16
Invalid operation
d27:xyocyfskt9mx
d27:xyocyfskt9mxvhrnx6b-ljh5 g. 
Invalid operation
d50:73
d27:28
f19:23
d50:73
d27:28
f19:23
d10
d138
d140
d141
d146/
d149/
d184
d185
d188/
d202/
d22/
d224/
d232/
d238
d242
d246/
d27
d270
d278/
d280
d50
d59/
d61
d88/
d9/
f0
f102
f124/
f132
f134/
f137
f16/
f173
f19
f204
f207/
f212/
f22
f225/
f227/
f234/
f241
f256
f268/
f269/
f274/
f285/
f29
f290/
f41/
f54/
f78
f85/
n106
n112/
n2/
n4/
n57/
n61
n90/
d27:xyocyfskt9mxvhrnx6b-ljh5 g. 
Invalid operation
d10
d138
d140
d141
d146/
d149/
d184
d185
d188/
d202/
d22/
d224/
d232/
d238
d242
d246/
d27
d270
d278/
d280
d50
d59/
d61
d88/
d9/
f0
f102
f124/
f132
f134/
f137
f16/
f173
f19
f204
f207/
f212/
f22
f225/
f227/
f234/
f241
f256
f268/
f269/
f274/
f285/
f29
f290/
f41/
f54/
f85/
n106
n112/
n2/
n4/
n57/
n61
n90/
Invalid operation
d138
d139
d150/
d153
d181
d191
d202/
d219
d69
f153/
f16
f193
f199/
f237/
f263
f4/
f64
n81/
/f41/d219
Invalid operation
d138
d139
d150/
d153
d181
d191
d202/
d219
d69
f153/
f16
f193
f199/
f237/
f263
f4/
f49
f64
n29/
n81/
Invalid operation
d1: 
d1
d269
f261
d181:BD 5D B1
Invalid operation
d138
d139
d150/
d153
d181
d191
d202/
d219
d5
d69
f153/
f16
f193
f199/
f237/
f263
f4/
f49
f64
n29/
n81/
d181:bin:26
Invalid operation
d138
d139
d150/
d153
d181
d191
d202/
d219
d5
d69
f153/
f16
f193
f199/
f237/
f263
f4/
f49
f64
n29/
n81/
Null
d181:28
d138:12
d191:11
f64:8
d69:7
f193:7
d139:0
d27:xyocyfskt9mxvhrnx6b-ljh5 g. 817vr ujca91ws24s55kiws
Invalid operation
d27:xyocyfskt9mxvhrnx6b-ljh5 g. 817vr ujca91ws24s55kiws
Invalid operation
Invalid operation
Invalid operation
d50:73
d27:51
f19:27
d9:dir:0
Invalid operation
d50:73
d27:64
f19:25
d10
d138
d141
d146/
d149/
d184
d185
d188/
d202/
d22/
d224/
d232/
d238
d242
d246/
d27
d270
d280
d45
d50
d59/
d61
d88/
d9/
f0
f102
f124/
f132
f134/
f150
f16/
f173
f19
f204
f207/
f212/
f22
f225/
f227/
f234/
f241
f256
f268/
f269/
f27/
f274/
f285/
f29
f290/
f41/
f54/
f85/
n106
n112/
n2/
n4/
n57/
n61
n90/
Invalid operation
Invalid operation
d201
f144
f228
f51
f89
f99
n56/
d10
d138
d141
d146/
d149/
d184
d185
d188/
d202/
d22/
d224/
d232/
d238
d242
d246/
d27
d270
d280
d45
d50
d59/
d61
d88/
d9/
f0
f102
f124/
f132
f134/
f150
f16/
f173
f19
f204
f207/
f212/
f22
f225/
f227/
f234/
f241
f256
f268/
f269/
f27/
f274/
f279
f285/
f29
f290/
f41/
f54/
f85/
n106
n112/
n2/
n4/
n57/
n61
n90/
d50:73
d27:64
f19:29
Invalid operation
d50:73
d27:64
f19:29
d185:13
d238:12
Invalid operation
d27:79
d50:73
f19:29
f19:00 AF BD
d10
d114
d124
d138
d141
d146/
d184
d185
d188/
d202/
d22/
d224/
d232/
d238
d242
d246/
d27
d270
d276
d280
d45
d50
d59/
d61
d88/
d9/
f0
f124/
f132
f134/
f150
f16/
f173
f19
f204
f207/
f212/
f22
f225/
f227/
f234/
f241
f256
f268/
f269/
f27/
f274/
f279
f285/
f29
f290/
f41/
f54/
f85/
n106
n112/
n2/
n4/
n57/
n90/
Invalid operation
d27:86
d50:73
f19:29
d185:13
d238:12
d114:10
n106:8
f19:3A 9E F9 EE 43 BD EA
d200
Invalid operation
Invalid operation
Invalid operation
d27:86
d50:73
f19:31
d27:86
d50:73
f19:31
d27:86
d50:73
f19:31
Invalid operation
Invalid operation
d10
d108
d114
d138
d141
d146/
d184
d185
d188/
d202/
d22/
d224/
d232/
d238
d242
d246/
d27
d270
d273
d276
d280
d299
d45
d50
d59/
d61
d88/
d9/
f0
f124/
f134/
f150
f16/
f173
f19
f204
f207/
f212/
f227/
f234/
f241
f256
f268/
f269/
f27/
f274/
f279
f285/
f29
f290/
f41/
f54/
f85/
n106
n112/
n2/
n4/
n57/
/d27
Invalid operation
f19:6F 50 C9 98 F4 62 F9
Invalid operation
Invalid operation
f113
Invalid operation
d140
d214
d215
d47
f281/
f298
f86
f19:00 AF BD C8 A7 8E 74 00 00 00 00 00 7C DF
Invalid operation
d139/
d140
d214
d215
d47
f281/
f298
f86
f93/
Invalid operation
/d9/f298
f298:7lsn02idx36lxm
f298:md:36
f298:7lsn02idx36lxm5acah91s2wnqpajp7ns_xw77nacm734
d0/
d140
d214
d215
d288
d47
d79
f147/
f298
f86
n79
d0/
d140
d214
d215
d288
d47
d79
f147/
f298
f86
n79
f19:4F BC 20 81 3A 9E E4 6F 50 C9 98 07 FA 7A 8A E5 BD C8 A7 E8 E4 6B EF 9C
f145:dir:0
f145/
f40
Invalid operation
d213
f163/
Invalid operation
Invalid operation
Invalid operation
d50:73
f19:41
d185:13
d238:12
f240:12
/f0
Invalid operation
Invalid operation
Invalid operation
Invalid operation
d9:dir:0
d9:dir:0
Invalid operation
f19:E4 AC DC 31 84 45 34 BD 8A E5 BD C8 A7 E8 BB 79 1C
d10
d114
d138
d141
d146/
d185
d202/
d22/
d224/
d232/
d238
d242
d246/
d270
d273
d276
d280
d283
d299
d45
d50
d59/
d61
d9/
f0
f124/
f134/
f150
f16/
f173
f19
f204
f207/
f208
f212/
f227/
f234/
f240
f241
f256
f268/
f269/
f27/
f274/
f279
f285/
f29
f290/
f299/
f41/
f47/
f52/
f7
f74/
f85/
n106
n112/
n2/
n4/
n57/
Invalid operation
Invalid operation
f273:AC
f273
f6/
f273
f273:bin:8
Invalid operation
f273:05 E4 25 6D D9 71 00 00 00
f273:00 00
Invalid operation
f19:C8 A7 E8 BB 79 1C 88 83 05 BF 0C 00 65 AD 3F 44
Invalid operation
d10
d114
d138
d141
d146/
d185
d202/
d22/
d224/
d232/
d238
d242
d246/
d251
d270
d273
d276
d280
d283
d45
d59/
d61
d9/
f0
f124/
f134/
f150
f16/
f173
f19
f204
f207/
f208
f212/
f227/
f234/
f240
f241
f256
f268/
f269/
f27/
f274/
f279
f285/
f29
f290/
f299/
f41/
f47/
f52/
f7
f74/
f85/
n106
n112/
n18
n2/
n4/
n57/
d10
d114
d138
d141
d146/
d185
d202/
d22/
d224/
d232/
d238
d242
d246/
d251
d270
d273
d276
d280
d283
d45
d59/
d61
d9/
f0
f124/
f134/
f150
f16/
f173
f19
f204
f207/
f208
f212/
f227/
f234/
f240
f241
f256
f268/
f269/
f27/
f274/
f279
f285/
f29
f290/
f299/
f41/
f47/
f52/
f7
f74/
f85/
n106
n112/
n18
n2/
n4/
n57/
Invalid operation
f19:44
d185:13
d238:12
f19:A5 41 89 CD 4F BC 20 81 FC 9E E4 AC DC 31 84 45 34 BD 8A E5 BD
d10
d114
d138
d141
d146/
d163/
d185
d202/
d22/
d224/
d232/
d238
d242
d246/
d251
d270
d273
d276
d280
d283
d45
d59/
d61
d9/
f0
f124/
f134/
f150
f16/
f173
f19
f207/
f208
f212/
f227/
f234/
f240
f241
f256
f268/
f269/
f27/
f274/
f279
f285/
f29
f290/
f299/
f41/
f47/
f52/
f7
f74/
f85/
n106
n112/
n2/
n4/
n57/
f19:20 81 FC 9E E4 AC DC 31 84 45 34 BD 8A E5 BD C8 A7 E8 BB 79 1C 88 83 05 BF 0C 00 65
Invalid operation
f0:o9x
d9:dir:0
f124:dir:0
f19:65 AD 4C BC FF 7C
Invalid operation
Invalid operation
f124:dir:0
Invalid operation
d241
d36/
f214
n42/
Invalid operation
f19:45
f0:27
n28:16
Invalid operation
f0:o9x1ya2myc-s8-j3p74tuswb.05
f19:45
f0:27
n28:16
Invalid operation
f124:dir:0
f19:45
f0:38
n28:16
f124:dir:0
Invalid operation
Invalid operation
Invalid operation
d10
d114
d138
d141
d146/
d163/
d185
d202/
d22/
d222/
d224/
d232/
d238
d242
d246/
d251
d270
d273
d276
d280
d283
d45
d59/
d61
d73
f0
f124/
f134/
f150
f16/
f173
f19
f207/
f208
f212/
f227/
f234/
f241
f256
f268/
f269/
f274/
f279
f282
f285/
f29
f299/
f41/
f47/
f52/
f7
f74/
f85/
n106
n112/
n114/
n2/
n28
n4/
n57/
Invalid operation
f290:A2
f290:A2
n27:txt:15
Invalid operation
Invalid operation
Null
f290:00 00 00
Invalid operation
Invalid operation
Invalid operation
Null
Invalid operation
d106
f138/
d106
/d59/n84/d106
Invalid operation
f290:00
d173:-rw96q7m
f290:00 00 00 00 00
d173
f282/
d108/
d173
f177
f282/
f253
f290
n27
n84/
d108/
d173
f137/
f177
f282/
d108/
d111
d173
f137/
f177
f282/
Invalid operation
/d59/n84/d173
Invalid operation
Invalid operation
Invalid operation
d108/
├── d28
├── d53
└── n8/
Invalid operation
d28
n8/
d28:
/d59/n84/d108/d28
Invalid operation
Invalid operation
Invalid operation
d173:-rw96q7mxg8x937b0
d173:-rw96q7mxg8x937b0
d173:17
f177:17
d111:11
Invalid operation
Invalid operation
d108/
d111
d173
d267
f177
f180/
f246/
f254/
f282/
n108/
n45/
d108/
d173
d267
f177
f180/
f246/
f254/
f282/
n108/
n45/
d28
n8/
Invalid operation
n8:dir:0
d28
n8/
Invalid operation
d28
n8/
d28
n8/
Invalid operation
d28
f147/
n8/
d28:txt:0
d28:txt:0
f290:00 00 00 00 00 C6 74 33 41 BE 9F
f290:33
f290:33
n27:txt:15
Null
n27:txt:16
/d59/n27
Invalid operation
d59/
├── f14
├── f290
├── f71/
└── n27
n27:txt:33
Invalid operation
n27:v.gmkd18l8f6yz2qtsxb52.0.29wc07tnfkc2l4z8x s
n27:v.gmkd18l8f6yz2qtsxb52.0.29wc07tnfkc2l4z8x s2_ol2i1wbg9j
f0:o9x1ya2myc-s8-j3p74tuswb.05jhi_1.g8c-lx
f19:AD 4C BC
f19:47
f0:39
n28:16
d185:13
f282:13
f7:12
d114:10
n75:9
Invalid operation
Invalid operation
Invalid operation
f0:o9x1ya2myc-s8-j3p74tuswb.05jhi_1.g8c-lx
d10
d114
d138
d141
d146/
d163/
d185
d202/
d22/
d222/
d224/
d232/
d242
d246/
d251
d270
d273
d276
d280
d45
d59/
d61
d73
f0
f124/
f134/
f150
f16/
f173
f19
f207/
f208
f227/
f234/
f241
f256
f268/
f269/
f274/
f279
f282
f285/
f29
f41/
f47/
f52/
f7
f74/
f85/
n106
n112/
n114/
n2/
n28
n4/
n45/
n57/
n69/
n75
Invalid operation
f0:o9x1ya2myc-s8-j3p74tuswb.05jhi_1.g8c-lx
Invalid operation
Invalid operation
f19:48
f0:39
f120:16
f19:48
f0:39
f120:16
Invalid operation
f19:48
f0:39
f120:16
f19:48
f0:39
f120:16
f19:67 DA 50 B5 C8 A7 E8 BB
d10
d114
d138
d141
d146/
d163/
d185
d202/
d22/
d222/
d224/
d232/
d242
d246/
d251
d270
d273
d276
d280
d45
d59/
d61
d73
f0
f120
f124/
f134/
f150
f16/
f173
f187
f19
f207/
f208
f227/
f234/
f241
f256
f268/
f269/
f274/
f279
f282
f285/
f29
f47/
f52/
f7
f73
f74/
f85/
n106
n112/
n114/
n2/
n28
n4/
n45/
n57/
n75
f0:o9x1ya2myc-s8-j3p74tuswb.05jhi_1.g8c-lx
f124:dir:0
d10
d114
d138
d141
d146/
d163/
d185
d202/
d22/
d222/
d224/
d232/
d242
d246/
d251
d270
d273
d276
d280
d45
d59/
d61
d73
f0
f120
f124/
f134/
f150
f16/
f173
f187
f19
f207/
f208
f227/
f234/
f241
f256
f268/
f269/
f274/
f279
f282
f285/
f29
f47/
f52/
f7
f73
f74/
f85/
n106
n112/
n114/
n2/
n28
n4/
n45/
n57/
n75
f124:dir:0
d280:6A 00 00
d10
d114
d138
d141
d146/
d185
d202/
d22/
d222/
d224/
d232/
d246/
d251
d270
d273
d276
d280
d34/
d45
d59/
d61
d73
f0
f119/
f120
f124/
f134/
f150
f16/
f173
f187
f207/
f208
f234/
f241
f256
f268/
f269/
f274/
f279
f282
f285/
f47/
f52/
f7
f73
f74/
f85/
n106
n112/
n114/
n2/
n28
n4/
n45/
n57/
n75
Invalid operation
Invalid operation
Invalid operation
f0:o9x1ya2myc-s8-j3p74tuswb.05jhi_1.g8c-lxx0s8evthocu4muqf6
Invalid operation
d10
d114
d141
d146/
d185
d202/
d22/
d222/
d224/
d232/
d246/
d251
d270
d273
d276
d280
d296/
d34/
d45
d59/
d61
d73
d83/
f0
f101
f119/
f120
f124/
f134/
f150
f16/
f173
f187
f207/
f208
f234/
f240/
f241
f268/
f269/
f274/
f279
f282
f285/
f47/
f52/
f7
f73
f74/
f85/
n106
n112/
n114/
n2/
n28
n4/
n45/
n57/
n75
f124:dir:0
d10
d114
d141
d146/
d185
d202/
d22/
d222/
d224/
d232/
d246/
d251
d270
d273
d276
d280
d296/
d34/
d45
d59/
d61
d73
d83/
f0
f101
f119/
f120
f124/
f134/
f150
f16/
f173
f187
f207/
f208
f234/
f240/
f241
f268/
f269/
f274/
f279
f282
f285/
f47/
f52/
f7
f73
f74/
f85/
n106
n112/
n114/
n2/
n28
n4/
n45/
n57/
n75
d232/
├── f142
└── f163/
f163:dir:0
f163:dir:0
d280:58 2F DB 57 C7 74 9A EF 17 8B 0C B6 15 81 2F B3 00 19 87 12 72 1B
d6/
d85/
f142
n88
/d232/f142
Invalid operation
d136
d6/
f142
d136
d6/
f142
d136
d6/
f142
Invalid operation
d136:16
f142:1
Invalid operation
f0:o9x1ya2myc-s8-j3p74tuswb.05jhi_1.g8c-lxx0s8evthocu4muqf6
Invalid operation
Invalid operation
Null
Invalid operation
d260:4F 43
Invalid operation
/f0
f0:56
d280:23
f101:17
f124:dir:0
Invalid operation
d280:58 2F DB 57 C7 74 9A EF
d10
d114
d141
d146/
d185
d202/
d22/
d222/
d224/
d232/
d246/
d251
d270
d273
d276
d280
d296/
d34/
d45
d59/
d61
d73
d83/
f0
f101
f120
f124/
f134/
f150
f153/
f16/
f173
f187
f207/
f208
f234/
f240/
f241
f268/
f269/
f274/
f279
f282
f285/
f47/
f52/
f7
f73
f74/
f85/
n106
n112/
n114/
n2/
n28
n4/
n45/
n57/
n75
Invalid operation
Invalid operation
Invalid operation
Invalid operation
Invalid operation
f89:md:27
f228:4A 4F
/d246/f89
Null
d274/
f144
f228
f51
f89
f99
n56/
Invalid operation
Invalid operation
Invalid operation
Null
Invalid operation
d69/
d70/
f144
f225
f228
f51
f99
n47/
n56/
Invalid operation
Invalid operation
Invalid operation
d132/
f215/
d132/
f215/
f228:A5 71 F5 00 4A 4F 00
Invalid operation
Invalid operation
Invalid operation
Invalid operation
d233/
d259/
f215/
f246/
n7
n7:
n7:
Invalid operation
f228:C5 5F
Invalid operation
Invalid operation
Invalid operation
f228:0E C6 C5 5F
n3/
Invalid operation
Invalid operation
Invalid operation
Invalid operation
/d246/n56/n56/d176
Invalid operation
Invalid operation
d176:4F 00 00
Invalid operation
d176:00 00 C8 4F 00
Invalid operation
d176:bin:7
Invalid operation
d176
f41/
d176:00 00
d176:00 00
f219/
f219/
Invalid operation
d197/
Invalid operation
n56/
Invalid operation
/d246/f228
/d246/f228
Invalid operation
Invalid operation
Invalid operation
d28/
d37/
d70/
f144
f173/
f225
f228
f51
f99
n56/
f0:56
d280:23
f101:17
Null
Invalid operation
n102
Invalid operation
f54/
Invalid operation
n27:dir:0
d280:2F DB 57 C7 74 9A EF
Invalid operation
Invalid operation
Invalid operation
d280:17 8B 0C DD A7 3D 82 DE 6F 0C 2C 40 72
f240:txt:25
f240:txt:26
d169
f117
f228
f230/
f240
n38
f117:ED
Invalid operation
Invalid operation
Invalid operation
f54/
Invalid operation
d280:C7 74 9A EF 17 8B 0C DD A7 3D 82 DE 6F 0C
Null
d15:dir:0
Invalid operation
f13
f281
Invalid operation
Invalid operation
Invalid operation
d280:57 C7 74 9A EF 17 8B 0C DD A7
f267/
f267:dir:0
d280:C7
Invalid operation
d10
d114
d141
d146/
d164/
d185
d202/
d22/
d222/
d224/
d232/
d246/
d251
d270
d273
d276
d280
d281
d296/
d34/
d45
d59/
d61
d73
d83/
f0
f101
f120
f134/
f15
f150
f153/
f16/
f173
f187
f207/
f208
f216
f234/
f240/
f241
f268/
f269/
f274/
f279
f282
f285/
f47/
f52/
f7
f73
f74/
f85/
n106
n112/
n114/
n28
n4/
n45/
n57/
f117:79
f117:C5 74
Invalid operation
f54/
n75
Null
Invalid operation
Invalid operation
Null
d169
d254
d70
f117
f192
f228
f230/
Invalid operation
Invalid operation
Invalid operation
d290:00 00
d69
Invalid operation
Invalid operation
d291:scavfr_q7-.s9i..nv-p0
Invalid operation
d15/
d290
d291
d88
f175
f202/
f282
f54/
d290
d291
d88
f159
f175
f282
f54/
d290
d291
d88
f159
f175
f282
f54/
f54/
├── d169
├── d254
├── d70
├── f117
├── f192
├── f228
└── f230/
d169:13
f117:13
d70:8
f228:7
d254:6
d241:0
f192:0
f117:bin:13
Invalid operation
f54/
├── d169
├── d241
├── d254
├── d70
├── d86/
├── f117
├── f192
└── f228
f117:bin:23
f117:B3 12 4D 53 7E 00 4B 3A 24
Invalid operation
Invalid operation
n81
n81
n40
n81
Null
Invalid operation
d259/
f274
f276/
f283/
d86/
├── d271/
│   ├── d259/
│   ├── f274
│   ├── f276/
│   └── f283/
└── f80/
d271/
f80/
d271/
f80/
d259/
f274
f276/
f283/
d259/
f274
f283/
Invalid operation
d259/
f274
f283/
/d146/f54/d86/d271/f274
n88
n88:.rvz4k9 1
Null
n88:.rvz4k9 1
f257:2
d257:1
f143:0
f117:00 4B
d117
d129/
d257
f0
f143
f194/
f257
d117
d129/
d257
f143
f194/
f257
/d146/f54/d86/d271/d259/f143
Invalid operation
d117
d129/
d257
f143
f274
d129/
Invalid operation
f117:07 27 B3 12
f110
f140/
f190
f87
f140:dir:0
f117:8C 07 27 B3 12 4D 53 7E 00 4B 3A 24 00
d117
d129/
d199
d257
d75
f143
f274
d125:C4 19 1D 19
Invalid operation
d259:dir:0
d259/
f274
f283/
f60
f274:tvcqqq0uca9if3 uan3
d86/
├── d271/
│   ├── d211
│   ├── d259/
│   │   ├── d117
│   │   ├── d125
│   │   ├── d199
│   │   ├── d257
│   │   ├── d75
│   │   ├── f143
│   │   └── f274
│   └── f60
└── f80/
Invalid operation
d197
d271/
f80/
Invalid operation
d271/
f176
f176:AA
f176:AA
Invalid operation
/d146/f54/d86/f176
d271/
f176
f261/
/d146/f54/d86/f176
Invalid operation
d271:dir:0
Invalid operation
Invalid operation
Invalid operation
/d146/f54/d86/f176
d23:dir:0
Invalid operation
Invalid operation
d23/
d250
f264
n10
n10:x
Invalid operation
Null
Invalid operation
f251/
d191/
/d146/f54/d86/f261/d23/f251/d159
d181
f251/
f51/
n14
n75
Invalid operation
d181:21
n75:15
Invalid operation
Invalid operation
Invalid operation
Invalid operation
d223
f104
f176
f261/
f88
n31
f176:bin:17
d86/
├── d223
├── f104
├── f176
└── f88
Invalid operation
Null
Invalid operation
f117:12 4D 53 7E 00 4B 3A 24 00 00 00 00 23 7B 3B 51 2F 7D CD 44
Invalid operation
d154
d169
d199
d241
d254
f117
f192
f228
f117:B3 12 4D 53 7E
d154
d169
d178/
d199
d241
d254
f117
f192
f228
f264
f74
d178/
Invalid operation
d45
d45:8
Invalid operation
Invalid operation
Invalid operation
d169:3zudruzg9xu16kyq4a6jsnx m8j81ld47q
d154
d169
d178/
d185
d199
d254
f117
f192
f228
f264
f74
n101
d169:3zudruzg9xu16kyq4a6jsnx m8j81ld47q
d154
d169
d178/
d185
d199
d254
f117
f192
f228
f264
f74
n101
d290
d291
d88
f175
f282
f54/
d291:24
d290:17
f175:15
d88:6
f282:0
d290
d291
d88
f159
f175
f282
f54/
f54:dir:0
f54:dir:0
/d146/d291
Invalid operation
d290:F1 FD 1C
d146/
├── d290
├── d291
├── d88
├── f159
├── f175
├── f54/
│   ├── d154
│   ├── d169
│   ├── d178/
│   │   └── d45
│   ├── d199
│   ├── d243
│   ├── d254
│   ├── f117
│   ├── f192
│   ├── f228
│   ├── f264
│   ├── f74
│   └── n101
└── n34/
Invalid operation
d112
d290
d291
d31/
d88
f159
f175
f54/
n34/
d83/
f40
Invalid operation
Invalid operation
f48
n35
d291:scavfr_q7-.s9i..nv-p0ncxm3ng7f49x8bypr3n4vabur2
/d146/d291
f0:84
d280:24
f101:17
f0:84
d280:24
f101:17
/f0
n66:txt:14
n66:txt:14
Invalid operation
Invalid operation
d117
d157
f292
n35
Invalid operation
d117:20
d117
d157
d87/
f292
n35
Invalid operation
f0:84
d280:24
f101:17
Invalid operation
f0:84
d280:24
f101:17
f0:84
d280:24
f101:17
f120:16
n28:16
d185:13
d10
d114
d141
d146/
d164/
d185
d202/
d22/
d222/
d224/
d232/
d246/
d251
d270
d273
d276
d280
d281
d296/
d34/
d45
d59/
d61
d73
d83/
f0
f101
f120
f134/
f15
f150
f153/
f16/
f173
f187
f207/
f208
f216
f234/
f240/
f241
f268/
f269/
f274/
f279
f282
f285/
f47/
f52/
f7
f73
f74/
f85/
n106
n112/
n114/
n28
n4/
n45/
n57/
Null
d10
d114
d141
d146/
d164/
d185
d202/
d22/
d222/
d224/
d232/
d246/
d251
d270
d273
d276
d280
d281
d296/
d34/
d45
d59/
d61
d73
d83/
f0
f101
f120
f134/
f15
f150
f153/
f16/
f173
f187
f207/
f208
f216
f234/
f240/
f241
f268/
f269/
f274/
f279
f282
f285/
f47/
f52/
f7
f73
f74/
f85/
n106
n112/
n114/
n28
n4/
n45/
n57/
Invalid operation
Invalid operation
f0:84
d280:24
f101:17
Null
f0:84
d280:24
f101:17
f0:o9x1ya2myc-s8-j3p74tuswb.05jhi_1.g8c-lxx0s8evthocu4muqf6vcxuixvyy3y4qh_itosc-d40lu58
f0:84
d280:23
f101:17
Invalid operation
f0:84
d280:22
f101:17
f0:84
d280:24
f101:17
d10
d114
d141
d146/
d164/
d185
d202/
d22/
d222/
d224/
d232/
d246/
d251
d270
d273
d276
d280
d281
d296/
d34/
d45
d59/
d61
d73
d83/
f0
f101
f120
f134/
f15
f150
f153/
f16/
f173
f187
f207/
f208
f216
f234/
f240/
f241
f256
f268/
f269/
f274/
f279
f282
f285/
f47/
f52/
f73
f74/
f85/
n106
n112/
n114/
n28
n4/
n45/
n57/
f0:84
d280:24
f101:17
f0:84
d280:24
f101:17
f0:o9x1ya2myc-s8-j3p74tuswb.05jhi_1.g8c-lxx0s8evthocu4muqf6vcxuixvyy3y4qh_itosc-d40lu58
f0:84
d280:29
f101:17
Invalid operation
d10
d114
d141
d146/
d164/
d185
d202/
d22/
d222/
d224/
d232/
d246/
d251
d270
d273
d276
d280
d281
d296/
d34/
d45
d59/
d61
d73
d83/
f0
f101
f120
f134/
f15
f150
f153/
f16/
f173
f187
f207/
f208
f216
f234/
f240/
f241
f256
f268/
f269/
f274/
f279
f282
f285/
f47/
f52/
f73
f74/
f85/
n106
n112/
n114/
n28
n4/
n45/
n57/
d10
d114
d141
d146/
d164/
d185
d202/
d22/
d222/
d224/
d232/
d246/
d251
d270
d273
d276
d280
d281
d296/
d45
d59/
d61
d73
d83/
f0
f101
f120
f134/
f15
f150
f153/
f16/
f173
f187
f207/
f208
f216
f234/
f240/
f241
f256
f268/
f269/
f274/
f279
f282
f285/
f47/
f52/
f73
f74/
f85/
n106
n112/
n114/
n28
n4/
n45/
n57/
f0:84
d280:29
f101:17
d10
d114
d141
d146/
d164/
d185
d202/
d22/
d222/
d224/
d232/
d246/
d251
d270
d273
d276
d280
d281
d296/
d34/
d45
d59/
d61
d73
d83/
f0
f101
f120
f134/
f15
f150
f153/
f16/
f173
f187
f207/
f208
f216
f234/
f240/
f241
f256
f268/
f269/
f274/
f279
f282
f285/
f47/
f52/
f73
f74/
f85/
n106
n112/
n114/
n28
n4/
n45/
n57/
d280:F6 0E 33 31 DE DB B7 E2 94 DD 72 04 00 00 29 C1 6A CC 00 4D 0C 6C B2
d10
d114
d141
d146/
d164/
d185
d186/
d202/
d22/
d224/
d232/
d246/
d251
d270
d273
d276
d280
d281
d296/
d34/
d45
d59/
d61
d73
d83/
f0
f101
f120
f134/
f15
f150
f153/
f16/
f173
f187
f207/
f208
f216
f234/
f240/
f241
f256
f268/
f269/
f274/
f279
f282
f285/
f47/
f52/
f73
f74/
f85/
n106
n112/
n28
n4/
n45/
n57/
Invalid operation
d280:AB
f0:o9x1ya2myc-s8-j3p74tuswb.05jhi_1.g8c-lxx0s8evthocu4muqf6vcxuixvyy3y4qh_itosc-d40lu58xp_m
f0:88
d280:36
d10
d114
d141
d146/
d164/
d185
d186/
d202/
d22/
d224/
d232/
d246/
d251
d270
d273
d276
d280
d281
d296/
d34/
d45
d59/
d61
d73
d83/
f0
f101
f120
f134/
f15
f150
f153/
f16/
f173
f187
f207/
f208
f216
f23
f234/
f240/
f241
f256
f268/
f269/
f274/
f282
f285/
f47/
f52/
f65/
f73
f74/
f85/
f96
n106
n112/
n4/
n45/
n57/
f0:88
d280:36
f101:17
d280:0C 6C B2 A1 F5 AB AB
d10
d114
d141
d146/
d164/
d185
d186/
d202/
d22/
d224/
d232/
d246/
d251
d270
d273
d276
d280
d281
d296/
d34/
d45
d59/
d61
d73
d83/
f0
f101
f120
f134/
f15
f150
f153/
f16/
f173
f187
f207/
f208
f216
f23
f234/
f240/
f241
f256
f268/
f269/
f274/
f276/
f282
f285/
f47/
f52/
f73
f74/
f85/
f96
n106
n112/
n4/
n45/
n57/
Invalid operation
f0:88
d280:38
f101:17
Invalid operation
Invalid operation
f0:88
d280:38
f101:17
f0:97
d280:38
f101:17
f0:97
d280:38
f101:17
f0:97
d280:38
f101:17
f0:97
f0:o9x1ya2myc-s8-j3p74tuswb.05jhi_1.g8c-lxx0s8evthocu4muqf6vcxuixvyy3y4qh_itosc-d40lu58xp_m4amoo qhm
d10
d146/
d164/
d185
d186/
d202/
d22/
d224/
d232/
d246/
d251
d270
d273
d276
d280
d281
d296/
d34/
d45
d59/
d61
d73
d83/
f0
f101
f120
f134/
f15
f150
f153/
f16/
f173
f187
f207/
f208
f216
f23
f234/
f240/
f241
f256
f268/
f269/
f274/
f276/
f282
f285/
f47/
f52/
f73
f74/
f85/
f96
n106
n112/
n4/
n45/
n57/
d154
d169
d178/
d199
d222
d243
d254
f117
f192
f228
f264
f74
n101
d45
d45
d199:A3
d45
Invalid operation
f124:md:0
Invalid operation
f230:35
Invalid operation
f124
f230
Invalid operation
d154
d169
d178/
d199
d222
d243
d254
f117
f192
f228
f264
f74
n101
Null
d169:3zudruzg9xu16kyq4a6jsnx m8j81ld47qf5mfvkkn3-vn11-ps
d29/
└── f35/
d84:14
d84
f35/
f61
Invalid operation
d169:txt:62
Invalid operation
Invalid operation
Invalid operation
d169:txt:62
Invalid operation
d199:08 55 27 5D B4
Invalid operation
Invalid operation
Null
d87
f90/
n49/
n91/
d87
f90/
n49/
n91/
d87:vy
Invalid operation
d87:vy
Null
d87
f274
f91
n49/
n91/
/d146/f54/d46/d87
/d146/f54/d46/d87
n91:dir:0
Invalid operation
Invalid operation
Invalid operation
Invalid operation
d199:85 29 19 00 25 26 0B
d169
d178/
d199
d222
d234
d254
d29/
d46/
d69
f117
f15
f192
f211
f228
f248
f97
n101
d219
d289/
f124
f230
/d146/f54/d178/f230
Invalid operation
Invalid operation
f230:D1 E4 3B 00 00 00 B9 3C F0 34 BE
Invalid operation
f124
f230
Invalid operation
Invalid operation
Invalid operation
d169:txt:105
Invalid operation
Invalid operation
Invalid operation
d240
d290
d291
d31/
d88
f159
f160
f175
f224
f51/
f54/
n34/
n38/
n84/
d240
d290
d291
d31/
d88
f159
f160
f175
f224
f51/
f54/
n34/
n38/
n84/
d240
d290
d291
d31/
d88
f159
f160
f175
f224
f51/
f54/
n34/
n38/
n84/
Invalid operation
Invalid operation
Invalid operation
Invalid operation
Invalid operation
Invalid operation
d237/
d240
d290
d291
d31/
d88
f159
f160
f175
f224
f225
f54/
n34/
n38/
n84/
n92
/d146/d291
n76:
d290:1C 4F 58 59 00 A6 8A
n76:txt:0
n76:
n76:txt:0
n57
f155/
d31/
└── f155/
Invalid operation
d291:scavfr_q7-.s9i..nv-p0ncxm3ng7f49x8bypr3n4vabur2x a9tljkxwuxx
d290:A6 8A 9C
Invalid operation
Invalid operation
d251
f48
f52
n35
Invalid operation
d251
d78
f48
f52
n35
Null
Invalid operation
Invalid operation
f59:s68b3. yqj
Invalid operation
d193:12
d290:87
n9:dir:0
/d146/n38/n9/f59
n9:dir:0
Invalid operation
d291:scavfr_q7-.s9i..nv-p0ncxm3ng7f49x8bypr3n4vabur2x a9tljkxwuxxxgr8m ids2p661dgh416z-lg2yi31guufkbjhv53de_u-.mnyyn8tcjltu5-oagfmh7 n.x
d290:80
n9/
d174:dir:0
d290:71 03 30 FD 1C 4F 58 4E 0C A6 8A 9C 30 AF 00 00 22 0D 9A 93 C5 80
Null
d246
d248/
d65
d246
d248/
d65
Invalid operation
d290:C8 2B 4E 0C A6 8A 9C 30 AF 00 00
d248/
d65
f8/
n99:8
d65:1
d248:dir:0
n75:dir:0
Null
d134:r4vcz9dn
n75/
└── f286
f286:rui6nq-xu8
f286:txt:10
n75/
└── f286
d134
d138
d245
f24/
n75/
d134
d138
d245
f24/
n75/
Invalid operation
Invalid operation
Invalid operation
Invalid operation
Invalid operation
f68:8d1esn49y
f68
Invalid operation
d245:00 D2 9A E8
Invalid operation
Invalid operation
Invalid operation
d134:20
n75:dir:0
d134:r4vcz9dnxxt9 6z- f.zg5-oesvb7nh8207l
Invalid operation
Invalid operation
f24/
Null
Invalid operation
Invalid operation
n51:2
f68
n51
d245:00 F5 D0
d134
d145
d243/
d245
f24/
f296/
f57
n57
n63
n68
n75/
d134
d145
d243/
d245
f24/
f296/
f57
n57
n63
n68
n75/
d134
d145
d243/
d245
d53/
f24/
f296/
f57
n57
n63
n68
n75/
d134:r4vcz9dnxxt9 6z- f.zg5-oesvb7nh8207l7s ek- kz es40-cdioeb0bf3.4c67v
f24:dir:0
f1
d245:28 BA
d255
f258/
d255
Null
Invalid operation
Invalid operation
/d146/d291
Invalid operation
Invalid operation
Invalid operation
Invalid operation
d280/
n76/
n9/
Null
d291:scavfr_q7-.s9i..nv-p0ncxm3ng7f49x8bypr3n4vabur2x a9tljkxwuxxxgr8m ids2p661dgh416z-lg2yi31guufkbjhv53de_u-.mnyyn8tcjltu5-oagfmh7 n.xjvaap15
Invalid operation
Invalid operation
d290:A2
d290:77 F5 58 5B 60 FF 41 7F 11 00 00 00 A2 BE B4
Invalid operation
d290:00 A2 BE B4
Invalid operation
Invalid operation
d117
d200/
d237/
d240
d290
d291
d31/
d87
d88
f148
f159
f160
f175
f224
f225
f293
f54/
n34/
n38/
n84/
n92
n95
d10
d146/
d164/
d185
d186/
d202/
d22/
d224/
d232/
d246/
d251
d270
d273
d276
d280
d281
d296/
d34/
d45
d59/
d73
d83/
f0
f101
f120
f134/
f15
f150
f153/
f16/
f173
f187
f207/
f208
f216
f23
f234/
f240/
f241
f256
f268/
f269/
f274/
f276/
f282
f285/
f47/
f52/
f73
f74/
f85/
n106
n112/
n18/
n4/
n45/
n57/
f0:o9x1ya2myc-s8-j3p74tuswb.05jhi_1.g8c-lxx0s8evthocu4muqf6vcxuixvyy3y4qh_itosc-d40lu58xp_m4amoo qhmx
d280:CC
Invalid operation
f0:98
d280:40
f101:17
f120:16
f256:14
d185:13
Invalid operation
Invalid operation
f0:98
d280:54
f0:98
f0:o9x1ya2myc-s8-j3p74tuswb.05jhi_1.g8c-lxx0s8evthocu4muqf6vcxuixvyy3y4qh_itosc-d40lu58xp_m4amoo qhmx
Invalid operation
d13/
d146/
d164/
d185
d186/
d202/
d22/
d232/
d246/
d251
d266/
d270
d273
d276
d280
d281
d296/
d45
d59/
d73
d83/
f0
f101
f120
f134/
f15
f153/
f16/
f173
f187
f207/
f208
f216
f23
f234/
f240/
f241
f256
f268/
f269/
f274/
f276/
f282
f285/
f47/
f52/
f74/
f85/
n106
n112/
n116
n119
n18/
n4/
n43/
n57/
n68
Invalid operation
Invalid operation
Invalid operation
Invalid operation
f0:114
d280:54
f101:17
d280:00 4D 0C
d13/
d146/
d164/
d185
d186/
d202/
d22/
d232/
d246/
d251
d266/
d270
d273
d276
d280
d281
d296/
d45
d59/
d73
d83/
f0
f101
f102
f120
f134/
f15
f153/
f16/
f165/
f173
f187
f207/
f208
f216
f220/
f234/
f240/
f241
f256
f268/
f269/
f274/
f276/
f282
f285/
f47/
f52/
f56
f74/
f85/
n106
n112/
n116
n119
n18/
n4/
n43/
n57/
n68
d13/
d146/
d164/
d185
d186/
d202/
d22/
d232/
d246/
d251
d266/
d270
d273
d276
d280
d281
d296/
d45
d59/
d73
d83/
f0
f101
f102
f120
f134/
f15
f153/
f16/
f165/
f173
f187
f207/
f208
f216
f220/
f234/
f240/
f241
f256
f268/
f269/
f274/
f276/
f282
f285/
f47/
f52/
f56
f74/
f85/
n106
n112/
n116
n119
n18/
n4/
n43/
n57/
n68
f292
n35
f292
n35
f0:114
d280:54
f101:17
f0:114
d280:54
f101:17
f0:114
d280:54
f101:17
f0:114
d280:54
f101:17
f120:16
Invalid operation
Null
d13/
d146/
d164/
d185
d186/
d202/
d22/
d232/
d246/
d251
d266/
d270
d273
d276
d280
d281
d296/
d45
d59/
d73
d83/
f0
f101
f102
f120
f134/
f15
f153/
f16/
f165/
f173
f187
f207/
f208
f216
f220/
f234/
f240/
f241
f256
f268/
f269/
f274/
f276/
f282
f285/
f47/
f52/
f56
f74/
f85/
n106
n112/
n116
n119
n18/
n4/
n43/
n57/
n68
d280:AB 00 00 00 00 00 00 6F A9 36 6C 15 17 00
f0:116
d280:54
f101:17
d280:36 6C 15 17 00 00
f228:2A D0
f0:117
d280:50
f101:17
f0:117
d280:50
f101:17
f0:o9x1ya2myc-s8-j3p74tuswb.05jhi_1.g8c-lxx0s8evthocu4muqf6vcxuixvyy3y4qh_itosc-d40lu58xp_m4amoo qhmxmwn2l0ga7juh61jfxxx
f0:117
d280:52
f101:17
f299
f33
d280:6C
f1/
f178
Null
Invalid operation
Invalid operation
Invalid operation
f110:dir:0
d145
d9
f110/
f146/
d106/
d145
f110/
n73
d145:
Invalid operation
d280:6A E9 52 6E 04 6D 3A 67 B7 A1 94 7A B0 09 A9 B2 57 56 2C F2 F3 53 0D 2C 96 25 D5 AB
f269
d280:5C 8D 53 0D 2C 96 25 D5 AB 00 00 00 00 00 00 6F A9 36
Invalid operation
d145:
d106/
d145
d218/
f110/
f161/
f219/
n73
d106/
d145
d218/
f110/
f129/
f161/
f219/
n73
d106/
d145
d218/
d41
f110/
f129/
f161/
f219/
n73
Invalid operation
Invalid operation
d145:
d238/
d297/
f147/
f283/
Invalid operation
d145:
d188:4C
d41:60 EC AF 00 8E
Invalid operation
Invalid operation
Invalid operation
d41:00 00
Invalid operation
d28
f13
n6
n77
n97/
Invalid operation
Invalid operation
d41:0C 6F 60 EC BC 00 73 EC 91 00 00 00 33 60 5F
n77:
n77:md:0
Invalid operation
d41:00 00 33 60 5F 02 37 9F A0 00
n61/
n77
/f52/f110/f283/n77
d238/
f147/
f26/
f283/
d145:
Invalid operation
f73
n77
d124
f73
n77
f73:bin:8
f73:15
Invalid operation
d238/
f147/
f26/
f263/
f283/
f43
d238/
f147/
f26/
f263/
f283/
f43
d41:00
f162
d116/
n2
Invalid operation
d228/
d238/
f147/
f26/
f263/
f43
f43:z_mr9zffr2sple5uxwpmo7jzj
Invalid operation
/f52/d145
/f52/f161/d32/f136
Invalid operation
d145:xama8hh0h1._66ealxni_.hwabze8j
d106/
d145
d218/
d41
d98/
f105/
f110/
f129/
f161/
f168
f219/
n73
Invalid operation
Invalid operation
d41:5C
Invalid operation
Invalid operation
d145:xama8hh0h1._66ealxni_.hwabze8j
Invalid operation
Invalid operation
d106/
d141
d145
d218/
d269/
d31
d41
d46
f105/
f110/
f117
f161/
f179
f219/
f263/
f31
f80
n102/
n113
n57
Invalid operation
Invalid operation
Invalid operation
Invalid operation
d106/
d139
d141
d218/
d269/
d31
d41
f105/
f11
f110/
f111/
f117
f161/
f179
f219/
f263/
f31
f80
n102/
n113
n57
Invalid operation
d106/
d139
d141
d218/
d269/
d31
d41
d78
f105/
f11
f110/
f111/
f117
f161/
f179
f219/
f263/
f31
f80
n102/
n113
n57
Invalid operation
Invalid operation
Invalid operation
/f52/d41
f0:139
d280:47
f101:17
f0:139
d280:46
f101:17
f0:139
d280:47
f101:17
f0:139
d280:47
f101:17
f0:139
d280:47
f101:17
f0:139
d280:47
f101:17
Invalid operation
Invalid operation
Invalid operation
Invalid operation
f0:139
d280:46
f101:17
f0:139
d280:46
f101:17
d13/
d146/
d164/
d185
d186/
d202/
d204/
d22/
d232/
d246/
d251
d266/
d270
d273
d276
d280
d281
d296/
d45
d59/
d73
d83/
f0
f101
f102
f120
f134/
f15
f153/
f16/
f165/
f173
f187
f208
f216
f220/
f234/
f240/
f241
f256
f268/
f269/
f274/
f276/
f282
f285/
f47/
f52/
f56
f74/
f85/
n106
n108
n112/
n116
n119
n18/
n4/
n57/
n68
d13/
d146/
d164/
d185
d186/
d202/
d204/
d22/
d232/
d246/
d251
d266/
d270
d273
d276
d280
d281
d296/
d45
d59/
d73
f0
f101
f102
f120
f134/
f15
f153/
f16/
f165/
f173
f187
f208
f216
f220/
f240/
f241
f256
f268/
f269/
f274/
f276/
f282
f285/
f47/
f52/
f56
f74/
f85/
n106
n108
n112/
n116
n119
n18/
n3
n4/
n57/
n68
Invalid operation
Invalid operation
d13/
d146/
d164/
d185
d186/
d202/
d204/
d22/
d232/
d246/
d251
d266/
d270
d273
d276
d280
d281
d296/
d45
d59/
d73
f0
f101
f102
f120
f134/
f15
f153/
f16/
f165/
f173
f187
f208
f216
f220/
f240/
f241
f256
f268/
f269/
f274/
f276/
f282
f285/
f290/
f47/
f52/
f56
f74/
f85/
n106
n108
n112/
n116
n119
n18/
n3
n4/
n57/
n68
f0:o9x1ya2myc-s8-j3p74tuswb.05jhi_1.g8c-lxx0s8evthocu4muqf6vcxuixvyy3y4qh_itosc-d40lu58xp_m4amoo qhmxmwn2l0ga7juh61jfxxxc0o3q401d0x0qw.njqjggj
f0:139
d280:46
f101:17
d280:A1 94 7A B0 09 A9 B2 57 7E CC 5C 8D 53 0D 2C 96
f0:139
d280:46
f101:17
Invalid operation
f0:o9x1ya2myc-s8-j3p74tuswb.05jhi_1.g8c-lxx0s8evthocu4muqf6vcxuixvyy3y4qh_itosc-d40lu58xp_m4amoo qhmxmwn2l0ga7juh61jfxxxc0o3q401d0x0qw.njqjggj
f0:139
d280:46
f101:17
Invalid operation
Invalid operation
Invalid operation
Null
Invalid operation
Invalid operation
Null
Invalid operation
Invalid operation
Invalid operation
Null
Invalid operation
d287
d77/
f248
n106/
d287:
Invalid operation
d287
/d22/f263/d287
f263/
├── d183
└── d287
d272:4E 31 D0 60 99 DC 4C
/d22/f263/n32
Invalid operation
d27/
d276
f145
f172
n32
n68
n98/
Invalid operation
f263/
├── d27/
├── d276
├── f145
├── f16/
├── f172
├── n32
├── n68
└── n98/
Invalid operation
d113
d143
d191
d196
d206/
d210/
d222/
d225
d256/
d272
d44/
d48
d52
d76
d77/
f10
f101/
f122
f131/
f14
f156
f189
f218/
f22/
f220/
f237/
f251/
f263/
f59/
n45
n71
Invalid operation
f263:dir:0
Invalid operation
d272:0B 10 A7 0D 3B 3C 28 00
Invalid operation
Invalid operation
f14:CF
Invalid operation
d117
d287
f183
f2/
f34/
n12/
n78
Null
f14:CB DE CF
d77/
├── d117
├── d218
├── d287
├── f122/
├── f164/
├── f183
├── f2/
├── f34/
├── n12/
│   ├── d103/
│   ├── d30
│   ├── f0
│   ├── f71/
│   │   ├── d224
│   │   ├── d59/
│   │   ├── f138/
│   │   ├── n119
│   │   └── n22/
│   │       └── f242
│   └── n22
└── n78
f34:dir:0
d117
d218
d287
f122/
f164/
f183
f2/
f34/
n12/
n78
d117:txt:9
d103/
d30
f0
f71/
n22
Null
Null
n22:00
f0:30
Invalid operation
d103/
d277
f0
f127
f71/
n22
f71:dir:0
d103/
d277
f0
f127
f71/
Invalid operation
Invalid operation
Invalid operation
d103/
d277
f0
f127
f255
f71/
f127:38
Invalid operation
d224
d59/
n119
n22/
Invalid operation
f242
f74/
f294:
Invalid operation
Invalid operation
Invalid operation
Invalid operation
/d22/d77/n12/f71/d224
Invalid operation
Invalid operation
Invalid operation
d224
f117/
f167/
f227
n22/
n29/
n48/
n22:dir:0
d242
f167/
f227
n22/
Invalid operation
n22:dir:0
d242:11
f227:7
f224:0
f127:E4
d242
f167/
f224
f227
n22/
n22:dir:0
/d22/d77/n12/f71/f227
Invalid operation
f227:4183lgwx
d242
f167/
f18/
f224
f227
n22/
n85
Invalid operation
Invalid operation
Invalid operation
Invalid operation
f2/
Invalid operation
f127:AD
Invalid operation
Invalid operation
d258/
d258/
├── f146
├── f266
├── f69
└── n115/
f266:
Invalid operation
Invalid operation
f146:nfrzdr8k6rjbfwoi8
n86/
d87:DD
Invalid operation
f127:54 8F A7 96 1D 2B 9F 00 00 00 5D
Invalid operation
d114/
d123
d87
f69
d114/
d123
d87
f69
n86/
d87:7E EA
Invalid operation
d87:2F
d87:19 94 89 AE AD D2 CE 37 43 5E
Invalid operation
d87:89 AE
n36:waw3xre8_nn86
Invalid operation
d58/
d58/
n36:waw3xre8_nn86jtt
d58/
Invalid operation
n86:dir:0
f17/
Invalid operation
f204:100-30kl
d91/
f204
d87:9F
Invalid operation
d159
f17/
n22
n36
n44/
n5
n86/
Invalid operation
Invalid operation
d114/
d123
d166
d59/
d87
f51
f69
Invalid operation
d59/
f69:703xx
d114/
d123
d166
d59/
d87
f51
f69
d114/
d123
d166
d59/
d87
f51
f69
d114/
d123
d166
d59/
d87
f51
f69
Invalid operation
d87:18
d166:8
Invalid operation
Invalid operation
d114/
d123
d166
d230
d59/
d87
d9
f51
f69
n20
f69:703xxm76gr 6
Invalid operation
d87:CE 8E B4 90 02 2B 54 3D 9F
d114/
d123
d166
d230
d47/
d59/
d87
d9
f51
f69
Invalid operation
f127:A7 96 1D 2B 9F 00
Null
d198:43er
/d22/d77/f2/d258/f69
d258/
├── d114/
│   ├── d159
│   ├── d54/
│   ├── f159
│   ├── f17/
│   │   ├── d91/
│   │   └── f204
│   ├── f180
│   ├── n116
│   ├── n22
│   ├── n36
│   ├── n44/
│   └── n86/
├── d123
├── d166
├── d175
├── d230
├── d47/
├── d87
├── d9
├── f51
└── f69
d258/
├── d114/
│   ├── d159
│   ├── d54/
│   ├── f159
│   ├── f17/
│   │   ├── d91/
│   │   └── f204
│   ├── f180
│   ├── n116
│   ├── n22
│   ├── n36
│   ├── n44/
│   └── n86/
├── d123
├── d164
├── d166
├── d175
├── d230
├── d47/
├── d87
├── d9
├── f51
└── f69
d114/
d123
d164
d175
d230
d47/
d87
f276
f69
n51/
Invalid operation
d11/
f248/
/d22/d77/f2/d258/f69
Invalid operation
d198:43erp90iofc2q9fb
Invalid operation
d117:in-f23prp5zjq c9y_j9t
d117:in-f23prp5zjq c9y_j9t
Invalid operation
d103/
d277
d59
d80/
f0
f108
f127
f255
f71/
f74/
Invalid operation
Invalid operation
Invalid operation
f127:CF
d117
d19/
d206
d218
f127
f183
f197/
f2/
f217
f45/
n110
n12/
n41
n5
d117:36
f127:18
n41:14
f183:10
d206:1
d218:0
f217:0
n110:0
Invalid operation
d117
d19/
d206
d218
f127
f183
f197/
f2/
f217
f45/
n110
n12/
n41
n5
d117
d19/
d218
f127
f183
f197/
f2/
f217
f45/
n110
n12/
n41
n5
Null
d117
d19/
d218
f127
f183
f197/
f2/
f217
f45/
n110
n12/
n41
n5
d117
d19/
d218
d33/
f183
f197/
f2/
f217
f45/
n110
n12/
n41
n5
Invalid operation
d117:in-f23prp5zjq c9y_j9tv9bk1xtgd3ldbgkx2
Invalid operation
Invalid operation
d152:bin:12
Invalid operation
Invalid operation
d152
f224/
f236
f237/
n20/
n75/
d152
f224/
f236
f237/
n20/
n75/
Invalid operation
d152
f224/
f236
f237/
n11
n20/
Invalid operation
Invalid operation
d152:bin:15
d152:00 1B
/d22/d77/d33/d152
Null
d152:C0 D4 1B 78 96 92 5D CE 6E 34 00 00 00 00 00
f119/
f168:5
d152:00 00
f168:5
Invalid operation
Invalid operation
Invalid operation
d152:D4 1B 78
d236/
d15
d47/
d94
f168
Invalid operation
d15:2
d94:0
d94:txt:0
d94
f107
n112
f107:78
Invalid operation
d94
f107
f48/
n112
Invalid operation
Invalid operation
Invalid operation
d117
d182/
d94
f107
n112
n91
d94:18
n112:5
d117:0
n86:0
n91:0
Invalid operation
d152:6E 34 00 18 C9 68 00 CA 36 9D EA 00 00 00 00 00
d117
d182/
d185
d94
f275/
f31
n112
n60/
n81
n86
d94:19
n81:10
f31:9
d185:6
n112:5
d94:txt:19
/d73
f44/
Invalid operation
Invalid operation
Null
f118
f44/
n38
Invalid operation
Invalid operation
f169:5B
d103:a5e8weh
f230:12
Invalid operation
Invalid operation
f230
n45/
f230
n45/
n76/
n76/
└── d80
d80
Null
f276:x
Invalid operation
d296/
n100
Invalid operation
d296/
Invalid operation
/d22/d77/d33/f198/f134/f275/f44/n76/d80
/d22/d80
f189/
└── d296/
    ├── d244
    ├── f174/
    ├── f276
    └── n38/
Invalid operation
Invalid operation
d296/
d7/
n24/
n60/
d296/
d7/
n24/
n60/
Invalid operation
Invalid operation
n45:dir:0
f169:45
f44/
├── f18/
├── f230
├── n45/
├── n53
└── n76/
    ├── d80
    ├── f189/
    │   ├── d296/
    │   │   ├── d244
    │   │   ├── f174/
    │   │   ├── f276
    │   │   └── n38/
    │   ├── d7/
    │   ├── f46
    │   └── n60/
    └── f38
f230:5-hyb5lkwxyicvsyw30-b_2jf.h_
f146
f18/
f230
f42/
n45/
n53
n76/
Invalid operation
d157
d221
f146
f18/
f230
f42/
f6
f95/
n45/
n53
n73/
n76/
Invalid operation
f230:5-hyb5lkwxyicvsyw30-b_2jf.h_x
f230:29
Null
f44/
├── d157
├── d221
├── d278/
├── f18/
├── f230
├── f292
├── f42/
├── f6
├── n53
├── n73/
└── n76/
    ├── d80
    ├── f189/
    │   ├── d296/
    │   │   ├── d244
    │   │   ├── f174/
    │   │   ├── f276
    │   │   └── n38/
    │   ├── d7/
    │   ├── f46
    │   └── n60/
    └── f38
Invalid operation
Invalid operation
d11:dir:0
Null
Invalid operation
Invalid operation
Invalid operation
Invalid operation
d11:dir:0
d11/
d146
d146:tax5
f169:B5
Invalid operation
f169:47 67 69 26 5F
f118:q2jy3q4jru6.1.hx
Invalid operation
d157
d221
d278/
n53
n73/
Null
d157
d221
d278/
n53
n73/
n53:
d157
d221
d273/
d278/
d58
f155
n53
n73/
Invalid operation
d11/
d130
d146
f261
Invalid operation
/d22/d77/d33/f198/f134/f275/f44/n73/d146
f169:4E CC 7E D2 35 94 65 25 96 F3 7D 3E
Invalid operation
Invalid operation
Invalid operation
f169:B6
Invalid operation
f184:dir:0
d212
f184/
f246
Invalid operation
Invalid operation
f7:txt:9
/d22/d77/d33/f198/f134/f275/f44/n106/f184/f7
f7
Invalid operation
f184:dir:0
f184:dir:0
f40:B4 D8
f40:17 5A 06 C4 3F 5C
d114
f270/
f40
f93
f169:69 D2 4E CC 84 26 41 C7 FD DC 96 F3 7D 3E B6
Invalid operation
Invalid operation
Invalid operation
Invalid operation
Null
d114:tpqfhm_nh.f42nex
f270/
└── d275/
    └── f4
/d22/d77/d33/f198/f134/f275/f44/n106/d114
Null
f169:F3 7D 3E B6
Invalid operation
/d22/d77/d33/f198/f134/f275/f44/n106/d114
d114
d178
f270/
/d22/d77/d33/f198/f134/f275/f44/n53
Invalid operation
Invalid operation
n53:zd.a1nru8wurn63xmskzvm2gea-4rk
d268/
d269
Invalid operation
d223/
d268/
d269
f175
f202/
Invalid operation
d223/
d268/
d269
f169
f175
f202/
n105
d223/
d268/
d269
f169
f175
f202/
f289/
n105
Invalid operation
d268:dir:0
Invalid operation
f169:21
f118:16
f118
f169
f44/
d242
f118
f169
f44/
f74
Invalid operation
Invalid operation
f275/
├── d242
├── d28/
├── f169
├── f44/
│   ├── d255/
│   ├── d273/
│   ├── d58
│   ├── f155
│   ├── f188
│   ├── f292/
│   │   ├── d223/
│   │   ├── d268/
│   │   ├── d269
│   │   ├── f169
│   │   └── f175
│   ├── f9
│   ├── n106/
│   │   ├── d114
│   │   ├── d178
│   │   ├── d98/
│   │   └── f270/
│   │       ├── d237
│   │       ├── d38
│   │       └── f159
│   ├── n44/
│   ├── n53
│   └── n73/
│       ├── d146
│       ├── f247
│       ├── f260
│       └── f92/
└── f74
Invalid operation
d242
d275
d28/
f169
f44/
Invalid operation
f169:9E 18
f169:18 B4
Invalid operation
Invalid operation
Invalid operation
d185:F2 D7 04 B5 50 00 00
d242:
d11/
d159/
d187
d242
d275
f297/
f44/
d187:5
f130:3
f130:81
d11/
d138/
d159/
d187
d242
d261
d275
d289
f130
f297/
f44/
n106/
d11/
d159/
d187
d242
d261
d275
d289
f130
f297/
f44/
Invalid operation
d11/
d138/
d187
d242
d261
d275
d277/
d289
f130
f297/
f44/
f130:D5
Invalid operation
Invalid operation
Invalid operation
d185:00 00 00 00 A7
d185:B5 50 00 00 00 00
d117
d178
d185
d206
d94
f189/
f275/
f31
n112
n60/
n81
n86
d185:F7
d117
d178
d185
d206
d94
f189/
f275/
f31
n112
n60/
n81
n86
Invalid operation
Invalid operation
Invalid operation
d152
f198/
f204
f224/
f237/
f72
n11
n20/
n96
d152:26
n11:12
f204:0
f72:0
n96:0
Invalid operation
Invalid operation
d126/
d152
f198/
f204
f224/
f237/
f72
n11
n20/
n96
d154/
d28/
f50
d154/
d28/
f50
Invalid operation
Invalid operation
Invalid operation
Invalid operation
Null
d152:92 5D CE 6E 34 00 18 C9 68
Invalid operation
Invalid operation
f91:g7lb2m8
d153/
d154/
d32/
d33/
f147
f154
f91
d279:txt:11
Invalid operation
Invalid operation
d279
d279
Invalid operation
Invalid operation
n95/
Invalid operation
Invalid operation
f91:md:7
Invalid operation
Invalid operation
d116/
d153/
d154/
d32/
d33/
f147
f154
f91
n66
n20/
├── d116/
├── d153/
├── d154/
├── d32/
├── d33/
│   └── n95/
│       └── f118
├── f147
├── f154
├── f194
├── f91
└── n66
f91:md:8
d152:DA F0 97 92
Invalid operation
/d22/d77/d33/d152
d62/
└── f126
d62/
└── f126
/d22/d77/d33/d62/f126
Invalid operation
Invalid operation
Invalid operation
f106:19 86
f9:txt:5
d33/
├── d152
├── d62/
│   ├── d243
│   ├── d63/
│   └── f238/
├── f198/
│   ├── d133
│   ├── f134/
│   │   ├── d117
│   │   ├── d131/
│   │   ├── d178
│   │   ├── d185
│   │   ├── d94
│   │   ├── f189/
│   │   ├── f268/
│   │   ├── f275/
│   │   │   ├── d11/
│   │   │   ├── d138/
│   │   │   ├── d261
│   │   │   ├── d275
│   │   │   ├── d277/
│   │   │   ├── d289
│   │   │   ├── f130
│   │   │   ├── f297/
│   │   │   └── f44/
│   │   │       ├── d255/
│   │   │       ├── d273/
│   │   │       ├── d58
│   │   │       ├── f155
│   │   │       ├── f188
│   │   │       ├── f292/
│   │   │       │   ├── d223/
│   │   │       │   ├── d268/
│   │   │       │   ├── d269
│   │   │       │   ├── f169
│   │   │       │   └── f175
│   │   │       ├── f9
│   │   │       ├── n106/
│   │   │       │   ├── d114
│   │   │       │   ├── d178
│   │   │       │   ├── d98/
│   │   │       │   └── f270/
│   │   │       │       ├── d237
│   │   │       │       ├── d38
│   │   │       │       └── f159
│   │   │       ├── n44/
│   │   │       ├── n53
│   │   │       └── n73/
│   │   │           ├── d146
│   │   │           ├── f247
│   │   │           ├── f260
│   │   │           └── f92/
│   │   ├── n112
│   │   ├── n60/
│   │   ├── n81
│   │   └── n86
│   ├── f26
│   └── n15
├── f204
├── f237/
├── n11
├── n45
├── n77
└── n96
Invalid operation
Invalid operation
d117:in-f23prp5zjq c9y_j9tv9bk1xtgd3ldbgkx2pobq4q
d152
d62/
f198/
f204
f237/
n11
n45
n77
n96
d152
d62/
f198/
f204
f237/
n11
n45
n77
n96
d152:92 5D CE 6E 34 00 18 C9 68 00 CA 3D 22 08 17 14 31 EF 00 00 00 00 4C 43 F0
Invalid operation
Invalid operation
Invalid operation
Invalid operation
d152
d62/
f198/
f204
f224/
f237/
n11
n45
n77
n96
d152
d62/
f198/
f204
f224/
f237/
n11
n45
n77
n96
Invalid operation
Invalid operation
Invalid operation
d144
d62/
f198/
f204
f224/
f237/
n11
n45
n77
n96
d144
f198/
f224/
f237/
n11
n45
n77
n96
d144
f198/
f224/
f237/
n11
n45
n77
n96
Invalid operation
n11:1b w dg7rw_6
/d22/d77/d33/n11
n11:1b w dg7rw_6
n11:1b w dg7rw_6ssdygwaxlq
Invalid operation
n96:E3 26 F0 61
Invalid operation
f197:dir:0
Invalid operation
f197/
Invalid operation
Invalid operation
Invalid operation
Invalid operation
Invalid operation
Invalid operation
n96:00 E3 26 F0 A7 D0 0F 43
f197/
├── d47
└── f278
f124
Invalid operation
Invalid operation
f124
/d22/d77/d33/f224/f147
n11:1b w dg7rw_6ssdygwaxlqxx0bwmwoyn1fozlpbx4qiap0jnwxd7v
Invalid operation
d144
d60
d87
f198/
f224/
f237/
n11
n19/
n45
n77
n96
Invalid operation
d144
d60
d70
d87
f138/
f198/
f224/
n11
n19/
n45
n77
n88
n96
Invalid operation
Invalid operation
n96:00 E3 26 F0
n96:24
d124
d144
d274
d60
d70
d87
f138/
f185
f198/
f224/
n11
n19/
n45
n88
n96
d124
d144
d274
d60
d70
d87
f138/
f185
f198/
f224/
n11
n19/
n45
n88
n96
/d22/d77/d33/n11
Invalid operation
d117:txt:44
d117
d218
d286
d33/
f197/
f2/
f45/
n110
n12/
n5
d117:45
d132:15
d286:13
d218:0
n110:0
Invalid operation
d117
d132
d218
d286
d33/
f197/
f2/
f45/
n110
n12/
n5
n61
f14:A3 B5 F0 00 00 00 8B 0D DE FE 9B
Invalid operation
Invalid operation
d117
d168
d218
d286
d33/
f197/
f2/
f45/
f99/
n110
n12/
n5
n6
n61
d124
d144
d274
d60
d70
d87
f138/
f185
f198/
f224/
n11
n19/
n45
n88
n96
d124
d144
d274
d60
d70
d87
f138/
f185
f198/
f224/
n11
n19/
n45
n88
n96
Invalid operation
/d22/d77/d33/n11
n11:1b w dg7rw_6ssdygwaxlqxx0bwmwoyn1fozlpbx4qiap0jnwxd7vxsxaxq23ewz-dnjoipomx
Null
d203:E9
d203:12 5E D5
n11:1b w dg7rw_6ssdygwaxlqxx0bwmwoyn1fozlpbx4qiap0jnwxd7vxsxaxq23ewz-dnjoipomx9o4mm13rb
Invalid operation
Invalid operation
Invalid operation
n96:96 00 00 00
Invalid operation
f147:md:16
d268
f197/
f232
f38
f86/
f93
n68/
f224/
├── d268
├── f197/
├── f232
├── f38
├── f86/
├── f93
└── n68/
f93:17
d297
d101
d268
f232
f93
n68/
d101:20
Invalid operation
n102:txt:30
f93:jrz529unaur56si 4
Invalid operation
n68/
└── d114/
f168:11
/d22/d77/d33/f224/n68/f168
f168:11
n67:6
f168:11
Invalid operation
f93:jrz529unaur56si 46z8gbv5yoolloxbx
Null
Invalid operation
Invalid operation
Invalid operation
/d22/d77/d33/f224/d101
Invalid operation
Invalid operation
Invalid operation
Invalid operation
/d45
n51:15
d101:81 7D E8 00 00 00 00
Invalid operation
Invalid operation
d147/
f4/
d101:00 00 81 43 BC 53 91 0B 26 A8 74 92 12 49 BC 77 0E A1 01 A8 AF
Invalid operation
d147/
d43/
d60
Invalid operation
Invalid operation
n68:dir:0
d101
d13/
d132/
d184
d288/
f144/
f240
n68/
d101
d13/
d184
d20/
d288/
f144/
f240
f27
n36
n68/
Invalid operation
Invalid operation
Invalid operation
d144
d24
d274
d60
d70
d87
f138/
f185
f198/
f224/
f244
f274/
n11
n19/
n68
n88
n96
Invalid operation
d144
d24
d274
d60
d70
d87
f138/
f178/
f185
f198/
f206
f224/
f244
f274/
n11
n19/
n68
n88
n96
n11:1b w dg7rw_6ssdygwaxlqxx0bwmwoyn1fozlpbx4qiap0jnwxd7vxsxaxq23ewz-dnjoipomx9o4mm13rb1xy10fxo9bccfdhks
n11:md:100
n11:x
d194
d237/
f94/
n11
/d22/d77/d33/f138/d194
Invalid operation
Invalid operation
d194
d237/
d83/
f84
n11
d194:15
f84:1
n11:1
Invalid operation
Invalid operation
d194:bin:14
Invalid operation
Invalid operation
Invalid operation
d171
d194
d237/
d248
d273
d83/
f84
n11
n114/
d194:CC C4
Invalid operation
Null
d37
d97
f91/
n15/
d37:
d131/
d154:zpliwg.-k66mykx
d154:zpliwg.-k66mykx
/d22/d77/d33/f138/n114/n15/d154
d154:zpliwg.-k66mykx
Invalid operation
Invalid operation
d275:2E
d138:00
Invalid operation
d138
f12/
Invalid operation
d138
f12/
d138
f12/
d138:5
Null
Invalid operation
d154:zpliwg.-k66mykxx
/d22/d77/d33/f138/n114/n15/d154
Invalid operation
d194:2D 0D 23 7D 6A 9F
Invalid operation
Null
f133:txt:0
Invalid operation
d37
d48
f91/
n15/
Invalid operation
d185:DF 85 48
d194:2D 0D 23 7D 6A 9F 00 00
d194:12
Invalid operation
Invalid operation
d194:8A
d194
d237/
d248
d273
d57
d83/
f150/
f84
n11
n114/
Invalid operation
d57:17
d194:11
d248:2
f84:1
n11:1
d273:0
d194
d237/
d248
d273
d57
d83/
f150/
f84
n11
n114/
Invalid operation
Invalid operation
Invalid operation
Invalid operation
d194:D0 C1 DC 2D 0D 23 7D
Invalid operation
Invalid operation
d75:dir:0
d108:md:0
Invalid operation
Invalid operation
Invalid operation
d194:47 85 38 1A DD 2A 53 AF 8C 00 00
d194:0D 47 85
Invalid operation
d113/
d132/
d194
d237/
d248
d83/
f132
f134
f150/
f84
n11
n114/
Invalid operation
f71:dir:0
Null
d103/
d22
d277
d80/
f0
f108
f127
f198/
f231/
f255
f71/
f74/
f127:52 A6 D2 DF 24 DE
f71:dir:0
Invalid operation
Invalid operation
Invalid operation
f0:100
f127:14
d22:10
f108:9
f161:2
d103/
d22
d277
d80/
f0
f108
f127
f161
f198/
f231/
f255
f71/
d103/
d22
d277
d80/
f0
f108
f127
f198/
f231/
f255
f71/
f127:DF 24 DE 72 1E 42 F2 FB 5A
f71:dir:0
Invalid operation
Invalid operation
Invalid operation
Invalid operation
f252/
Null
f252/
n108
n108:sb
Invalid operation
f8:1
Invalid operation
Invalid operation
d280:D5
d11:dir:0
Invalid operation
Invalid operation
Invalid operation
f254:74
f254:61 3F 74 46
d11/
d245
d286/
d293
d46
f131/
f16/
f209/
f247/
f254
n25
n58
Invalid operation
Invalid operation
d13/
d146/
d164/
d185
d186/
d191
d202/
d204/
d22/
d232/
d246/
d251
d266/
d270
d273
d276
d281
d291
d296/
d45
d59/
d73
f0
f101
f102
f120
f134/
f15
f165/
f173
f187
f208
f216
f220/
f240/
f241
f256
f268/
f276/
f282
f285/
f290/
f47/
f52/
f56
f74/
f85/
n106
n108
n112/
n116
n119
n18/
n3
n4/
n57/
n68
/f0
d13/
d146/
d164/
d185
d186/
d191
d202/
d204/
d22/
d232/
d246/
d251
d266/
d270
d273
d276
d281
d291
d296/
d45
d59/
d73
f0
f101
f102
f120
f134/
f15
f165/
f173
f187
f208
f216
f220/
f240/
f241
f256
f268/
f276/
f282
f285/
f290/
f47/
f52/
f56
f74/
f85/
n106
n108
n112/
n116
n119
n18/
n3
n4/
n57/
n68
f10:fl2agjnewvg
Invalid operation
Invalid operation
Invalid operation
f0:o9x1ya2myc-s8-j3p74tuswb.05jhi_1.g8c-lxx0s8evthocu4muqf6vcxuixvyy3y4qh_itosc-d40lu58xp_m4amoo qhmxmwn2l0ga7juh61jfxxxc0o3q401d0x0qw.njqjggjk2ki1uebbf5rux1je04bxcegabptr1tmpo
Invalid operation
f0:o9x1ya2myc-s8-j3p74tuswb.05jhi_1.g8c-lxx0s8evthocu4muqf6vcxuixvyy3y4qh_itosc-d40lu58xp_m4amoo qhmxmwn2l0ga7juh61jfxxxc0o3q401d0x0qw.njqjggjk2ki1uebbf5rux1je04bxcegabptr1tmpo
d112
d13/
d146/
d164/
d185
d186/
d191
d202/
d204/
d22/
d232/
d246/
d251
d253
d266/
d270
d273
d276
d281
d291
d296/
d45
d59/
d73
f0
f101
f102
f120
f134/
f15
f165/
f173
f187
f192/
f208
f216
f220/
f240/
f241
f256
f268/
f276/
f282
f285/
f290/
f47/
f56
f74/
f77
f85/
n106
n108
n112/
n116
n119
n18/
n3
n4/
n57/
n68
f0:173
f101:17
n108:17
f0:o9x1ya2myc-s8-j3p74tuswb.05jhi_1.g8c-lxx0s8evthocu4muqf6vcxuixvyy3y4qh_itosc-d40lu58xp_m4amoo qhmxmwn2l0ga7juh61jfxxxc0o3q401d0x0qw.njqjggjk2ki1uebbf5rux1je04bxcegabptr1tmpo
f46
Null
d143/
f46
d143/
d49/
f46
d143/
f46
f268/
├── d143/
└── f46
d143/
d8
f46
n50/
Invalid operation
Invalid operation
f25/
n50/
n106:7A 2F 69
Invalid operation
Invalid operation
n106:2E
d110
d248/
d64:dir:0
n106:00 FF 6B 16 27 5F EF
Null
/f268/n3
/n3
Invalid operation
f25/
Invalid operation
Invalid operation
f85/
f149
f93/
f149
f93/
f85/
└── f93/
n3:mzy7 0mltr4 xxez4.gg8_dglmu899
f93/
f93/
f93/
f93/
n106:B3 C0 6F 07
n106:00 00 00 00 FF 97 B0 27 5F 1C 19 B3 C0 6F 07
f93/
n106:1F 00 00 00 00 00 00 FF 97 B0 27 5F 1C
n3:txt:47
/f268/n3
/n3
f85/
n3
f85/
n3
Invalid operation
Null
Invalid operation
Invalid operation
/f268/f85/d138
n106:A4 F5 5F 1C 19 B3 C0
d138:f_i-_fdwzcnpr
d138:md:13
d108
d138
f113
f140/
f163
f220/
f26
f55/
n38/
/f268/f85/d138
d108
d138
f113
f140/
f163
f191/
f220/
f26
f47
f55/
f75
n11
n38/
Invalid operation
Null
d108
d138
f113
f140/
f163
f191/
f220/
f26
f47
f55/
f75
n11
n38/
d138:13
f47:13
f113:12
f26:9
f47:70
/f268/f85/d138
d138:13
f47:13
f113:12
f26:9
n11:9
f163:7
Invalid operation
f47:F5
/f268/f85/f113
f26:ge6xeyneo
f85/
n3
Invalid operation
f2/
Invalid operation
n106:7A 2F 69 F3 5A 2E 1F 00 00 00 00 00 00
Null
f2:dir:0
Invalid operation
f146
f189/
f2/
f146:
d188
d267/
f146
f189/
f2/
n106:1F 00 00 00 00 00 00 2B CA
/f268/d188
d188:29
f270:2
d188
f189/
f270
d188
f189/
f270
d188
f189/
f270
d290/
d98/
f105
f270
f105:k46hw9rozuslm1z
d69:15
d290/
d69
d99
f105
Invalid operation
Invalid operation
Invalid operation
d112
d13/
d146/
d164/
d185
d186/
d191
d202/
d204/
d22/
d232/
d246/
d251
d253
d266/
d270
d273
d276
d281
d291
d296/
d45
d59/
d73
f101
f102
f120
f134/
f15
f165/
f173
f187
f192/
f208
f216
f220/
f240/
f241
f256
f268/
f276/
f282
f285/
f290/
f47/
f56
f74/
f77
f85/
n106
n108
n112/
n116
n119
n18/
n3
n4/
n57/
n68
Invalid operation
f85:dir:0
f0:183
n106:32
f101:17
Invalid operation
f0:183
n106:32
f101:17
/d185
Invalid operation
Invalid operation
n106:F6 E3 37 F6 2E FA 00 00 00 00 00 00 2B 3C A0 E2 53 6D 50 C7 CD 2E 1D
d112
d146/
d164/
d168
d185
d186/
d191
d202/
d204/
d22/
d232/
d246/
d251
d253
d266/
d270
d273
d276
d281
d291
d296/
d45
d59/
d73
f0
f101
f102
f120
f134/
f15
f165/
f173
f187
f192/
f208
f216
f220/
f240/
f241
f256
f268/
f276/
f282
f285/
f290/
f47/
f56
f74/
f77
f85/
n106
n108
n112/
n116
n119
n18/
n3
n4/
n57/
n68
d112
d146/
d164/
d168
d185
d186/
d191
d202/
d204/
d22/
d232/
d246/
d251
d253
d266/
d270
d273
d276
d281
d291
d296/
d45
d59/
d73
f0
f101
f102
f120
f134/
f15
f165/
f173
f187
f192/
f208
f216
f220/
f240/
f241
f256
f268/
f276/
f282
f285/
f290/
f47/
f56
f74/
f77
f85/
n106
n108
n112/
n116
n119
n18/
n3
n4/
n57/
n68
Invalid operation
d112
d146/
d164/
d168
d185
d191
d202/
d204/
d22/
d232/
d246/
d251
d253
d266/
d270
d273
d276
d281
d291
d296/
d45
d59/
d73
f0
f101
f102
f120
f134/
f15
f165/
f173
f187
f192/
f208
f216
f220/
f240/
f241
f256
f268/
f276/
f282
f285/
f290/
f47/
f56
f74/
f77
f85/
n106
n108
n112/
n116
n119
n18/
n3
n4/
n57/
n68
n106:00 00 00 00 00
Invalid operation
d127/
d147/
d200/
d237/
d240
d290
d31/
d87
d88
f130
f148
f159
f160
f175
f224
f225
f293
f54/
n34/
n38/
n84/
n92
n95
f54:dir:0
d127/
d147/
d200/
d237/
d240
d290
d31/
d87
d88
f130
f148
f159
f160
f175
f224
f225
f293
f54/
n34/
n38/
n84/
n92
n95
n106:50 DA 1B 0F F8 00 00 00 00 00 00
Invalid operation
Invalid operation
Invalid operation
d92
d95
f223
f85:dir:0
d224
Invalid operation
Invalid operation
Invalid operation
Invalid operation
n106:23 50 DA 1B 0F F8 00 00 00 00 00 00 2B 3C A0
d185:3eje.4se.xn0fxx q9_71.9g1i2g3ugbzlq
d112
d146/
d164/
d168
d185
d191
d202/
d204/
d22/
d232/
d246/
d251
d253
d266/
d270
d273
d276
d281
d291
d296/
d45
d59/
d73
f0
f102
f120
f134/
f158
f165/
f173
f187
f192/
f208
f216
f220/
f240/
f241
f256
f268/
f276/
f282
f285/
f290/
f47/
f56
f74/
f77
f85/
n106
n108
n112/
n116
n119
n18/
n2
n3
n4/
n57/
n68
Invalid operation
Invalid operation
Invalid operation
f0:183
n106:42
d185:36
Invalid operation
f274:D4 35
Null
f274:bin:7
Invalid operation
d130
d159
d89
f196/
f274
n1
Invalid operation
d204/
├── d130
├── d159
├── f110
├── f196/
└── f274
/d204/f274
Invalid operation
f274:8
d130:5
f110:0
Invalid operation
d130
f110
f196/
f274
Invalid operation
Invalid operation
Invalid operation
d137
d28/
f110
f196/
f274
n54/
d137
f110
f196/
f274
n54/
Invalid operation
d137:wbka7un69z-9
Null
/d204/d137
Invalid operation
d137
d4
d8
f110
f196/
n54/
/d204/d137
Invalid operation
Invalid operation
f196/
├── d287
├── f129
└── f200
/d204/f196/d287
Invalid operation
d287
f129
n25
Invalid operation
d137
d4
d8
f110
f196/
n53/
n54/
d287:AA 67 00 00
d287
d62
f129
f278/
d287:00 1C 1D
Invalid operation
d167
d97
n25/
n57
Invalid operation
Invalid operation
d287
d36
d62
f129
f278/
d4:A8
d137
d4
f110
f196/
n27
n53/
n59
Invalid operation
f85:dir:0
Invalid operation
Invalid operation
Invalid operation
Invalid operation
Invalid operation
f0:183
d185:52
n106:42
f85:dir:0
n106:00
Null
d122/
f10
f101
f116/
f232
n22
n49/
n77
f10:23
Invalid operation
f10:fl2agjnewvg5r60pf07zzo3
d122/
f10
f101
f116/
f232
n22
n49/
n77
Invalid operation
f10:fl2agjnewvg5r60pf07zzo3
n95
Null
Invalid operation
n106:00 22 D8 A2 15 4D DC E2 5D 4E 26 6E 16 1E 06 00 00 00 00
Invalid operation
d112
d164/
d168
d185
d191
d202/
d204/
d22/
d232/
d246/
d251
d253
d266/
d270
d273
d276
d281
d291
d296/
d45
d59/
d73
f0
f120
f134/
f158
f165/
f173
f187
f192/
f208
f216
f220/
f241
f256
f266
f268/
f271/
f276/
f282
f285/
f290/
f47/
f56
f74/
f77
f85/
n106
n108
n112/
n116
n119
n18/
n2
n3
n4/
n5/
n57/
n68
n106:3B 10
f0:183
d185:50
n106:39
d185:3eje.4se.xn0fxx q9_71.9g1i2g3ugbzlqxqkwhq7utoxnixxl v
f0:183
d185:53
n106:39
f0:183
d185:61
n106:39
f0:183
d185:61
n106:39
n106:AE 36
n106:27 46 A8 F4 DA 1B 0F
Invalid operation
d112
d164/
d168
d185
d191
d202/
d204/
d22/
d232/
d246/
d251
d253
d266/
d270
d273
d276
d281
d291
d296/
d45
d59/
d73
f0
f119
f120
f134/
f158
f165/
f187
f192/
f208
f216
f220/
f241
f256
f266
f268/
f271/
f276/
f282
f285/
f290/
f47/
f56
f74/
f77
f85/
n106
n108
n112/
n116
n119
n18/
n2
n3
n4/
n5/
n57/
n68
/d185
f85:dir:0
d112
d164/
d168
d185
d191
d202/
d204/
d22/
d232/
d246/
d251
d253
d266/
d270
d273
d276
d281
d291
d296/
d59/
d73
f0
f119
f120
f134/
f158
f165/
f187
f192/
f208
f216
f220/
f241
f256
f266
f268/
f271/
f276/
f282
f285/
f290/
f47/
f56
f74/
f77
f85/
n106
n108
n112/
n116
n119
n18/
n2
n3
n4/
n5/
n57/
n68
Invalid operation
Invalid operation
Null
Invalid operation
Invalid operation
d112
d164/
d168
d185
d191
d202/
d204/
d22/
d232/
d246/
d251
d253
d266/
d270
d273
d276
d281
d291
d296/
d59/
d73
f0
f119
f120
f134/
f158
f165/
f187
f192/
f208
f216
f220/
f241
f256
f266
f268/
f271/
f276/
f282
f285/
f290/
f47/
f56
f74/
f77
f85/
n106
n108
n112/
n116
n119
n18/
n2
n3
n4/
n5/
n57/
n68
d112
d164/
d168
d185
d191
d202/
d204/
d22/
d232/
d246/
d251
d253
d266/
d270
d273
d276
d281
d291
d296/
d59/
d73
f0
f119
f120
f134/
f158
f165/
f187
f192/
f208
f216
f220/
f241
f256
f266
f268/
f271/
f276/
f282
f285/
f290/
f47/
f56
f74/
f77
f85/
n106
n108
n112/
n116
n119
n18/
n2
n3
n4/
n5/
n57/
n68
f0:183
d185:64
n106:44
f0:183
d185:64
n106:44
f0:183
d185:64
n106:44
Invalid operation
Invalid operation
f0:183
d185:64
n106:44
d112
d164/
d168
d185
d191
d202/
d204/
d22/
d232/
d246/
d251
d253
d266/
d270
d273
d276
d281
d291
d296/
d59/
d73
f0
f103
f119
f120
f134/
f158
f165/
f187
f192/
f208
f216
f220/
f241
f256
f266
f268/
f271/
f276/
f282
f285/
f290/
f47/
f54/
f56
f74/
f77
f85/
n106
n108
n112/
n116
n119
n18/
n2
n3
n4/
n5/
n57/
n68
f0:183
d185:64
n106:44
f0:183
d185:64
n106:44
f0:183
d185:64
n106:44
f0:183
d185:64
n106:44
Invalid operation
f0:183
d185:64
n106:44
n106:00 3B 89 4B 15 6F AE 36 D9 F0 00 00
Invalid operation
Invalid operation
d122/
d146
f10
f116/
f232
n22
n49/
n89
Invalid operation
Invalid operation
/d202/f232
n106:0F F8 00 00 00 22 D8 BF 65 B6 F9 02 B5
f232:t
f232:md:2
Invalid operation
d202/
├── d122/
├── d146
├── d32
├── f232
└── n49/
    ├── f11/
    ├── f47
    └── n16
Invalid operation
d202/
├── d122/
├── d146
├── d32
├── f232
├── f40
├── n115
└── n49/
    ├── f11/
    ├── f47
    └── n16
Invalid operation
Invalid operation
d100/
d122/
d32
d74
f119
f232
f252/
f40
n115
n18
n49/
f40:8E
Invalid operation
Invalid operation
f0:183
d185:77
n106:47
f0:183
d185:77
n106:47
f0:183
d185:77
n106:50
Invalid operation
d185:3eje.4se.xn0fxx q9_71.9g1i2g3ugbzlqxqkwhq7utoxnixxm-kg8ff-ew0 dcwg_99for754xc_29e0
f0:183
d185:82
n106:50
Invalid operation
f0:183
d185:82
n106:51
Invalid operation
Invalid operation
f0:183
d185:82
n106:50
f0:183
d185:82
n106:50
f0:183
d185:82
n106:50
f0:183
d185:82
n106:50
f0:183
d185:83
n106:50
f0:183
d185:83
n106:50
f0:183
d185:83
n106:50
Invalid operation
Invalid operation
Invalid operation
Invalid operation
f4
f4
Invalid operation
d112
d164/
d168
d185
d191
d202/
d204/
d22/
d232/
d246/
d251
d253
d255
d256/
d266/
d270
d273
d276
d281
d291
d296/
d59/
d73
f0
f119
f120
f134/
f158
f165/
f187
f192/
f208
f216
f220/
f241
f266
f268/
f276/
f282
f290/
f47/
f71
f74/
f77
f85/
n106
n108
n112/
n116
n119
n18/
n2
n3
n4/
n5/
n57/
n68
n106:23 77 EF
d185:3eje.4se.xn0fxx q9_71.9g1i2g3ugbzlqxqkwhq7utoxnixxm-kg8ff-ew0 dcwg_99for754xc_29e0x
d132:
n97/
d2
d96
Invalid operation
Invalid operation
d96:CC
Invalid operation
d240
d26
n5/
d26:18
d253:3
d253:0C EB
d26:h2is 506urcmy9dvc7
d26:md:18
d253
d26
f10/
f214/
n5/
d26:18
d253:3
d26:md:18
Invalid operation
Invalid operation
n106:FF
Invalid operation
f85:dir:0
d26:h2is 506urcmy9dvc7
d108
d172
d253
d26
f10/
f214/
n5/
Invalid operation
Invalid operation
Invalid operation
Invalid operation
d112
d164/
d168
d185
d191
d202/
d204/
d22/
d232/
d246/
d251
d253
d255
d256/
d266/
d270
d273
d276
d281
d291
d296/
d59/
d73
f0
f10/
f117
f119
f120
f158
f165/
f187
f192/
f208
f216
f220/
f241
f266
f268/
f276/
f282
f290/
f34/
f47/
f71
f74/
f77
f85/
n106
n108
n112/
n116
n119
n18/
n3
n4/
n5/
n57/
n68
d112
d164/
d168
d185
d191
d202/
d204/
d22/
d232/
d246/
d251
d253
d255
d256/
d266/
d270
d273
d276
d281
d291
d296/
d59/
d73
f0
f10/
f117
f119
f120
f158
f165/
f187
f192/
f208
f216
f220/
f241
f266
f268/
f276/
f282
f290/
f34/
f47/
f71
f74/
f77
f85/
n106
n108
n112/
n116
n119
n18/
n3
n4/
n5/
n57/
n68
f0:183
d185:121
n106:64
n108:17
f120:16
n106:A8 F4 19 6A 9A 2A FD 1C 02 22 A5 8D 10 B4
d112
d113
d164/
d168
d185
d191
d202/
d204/
d22/
d232/
d246/
d251
d253
d255
d256/
d266/
d270
d273
d276
d281
d291
d296/
d59/
d73
f0
f10/
f117
f119
f120
f158
f165/
f187
f192/
f208
f216
f220/
f241
f266
f268/
f276/
f282
f290/
f34/
f47/
f71
f74/
f77
f85/
n106
n108
n112/
n116
n119
n18/
n3
n4/
n5/
n57/
n68
f0:183
d185:121
n106:66
d185:3eje.4se.xn0fxx q9_71.9g1i2g3ugbzlqxqkwhq7utoxnixxm-kg8ff-ew0 dcwg_99for754xc_29e0xj69vdt3dlns1.xxdj8xv.i 0inrc.to656qii-6i26ty4n-kq
f0:183
d185:132
n106:66
Invalid operation
f0:183
d185:133
n106:66
Invalid operation
f273:D9 71 00 00 00 ED E6 F4 5D
/f85/f273
Invalid operation
Invalid operation
Invalid operation
d159
f131
f273
f290
f45
n86/
f273:86 6D D9 71 00 00 00 ED E6 F4 5D
Invalid operation
Invalid operation
d297:2
f60:1
Invalid operation
d297:xx
d297
d159
f131
f273
f290
f45
n86/
Invalid operation
d159
f131
f273
f290
f45
n86/
f117:md:15
d115/
d241
f117
f187
f273:6D D9 71 00 00 00 ED E6 F4 5D
f289:
Invalid operation
Invalid operation
Invalid operation
n14/
├── d115/
│   └── f289
├── d241
├── f116
├── f117
└── f187
Invalid operation
d115/
d241
d268/
f117
f187
Invalid operation
f273:00 00 00 ED E6 F4 5D DD
Invalid operation
f273:4A 44 86 6D D9 71
d115/
d22
d259
d268/
d36/
f117
f156
f5
n103/
f117:45
d22:13
d259:0
f156:0
f5:0
/f85/n86/n14/f117
/f117
f22/
n14/
n95/
f273:C2 B3
d258:10
f273:D9 71 00 00 00 ED E6
Invalid operation
f273:F4 5D DD EF C2 B3 D5
Invalid operation
Invalid operation
f22/
n14/
n95/
n14:dir:0
Null
n40:8
f290:7
f22:dir:0
d110
d119
f22/
f290
f87
n19/
n37/
n40
Invalid operation
d110
d119
d8
f22/
f290
n37/
n40
/n116
d110
d8
f22/
n37/
n40
n40:5F
d110
d8
f22/
n37/
n40
d110
d8
f22/
n37/
n40
d110
d8
f22/
f235
n37/
n40
Invalid operation
n40:7E 8B 30 A0 2E 0A
d110
d8
f22/
f235
n107/
n37/
n40
Invalid operation
f22:dir:0
Invalid operation
d110:13
d8:9
n40:7
f235:1
Invalid operation
Invalid operation
d159:18
Invalid operation
Null
Invalid operation
Invalid operation
/f85/f131
Invalid operation
Invalid operation
/f85/f131
/f85/f131
d119/
d159
f131
f27/
f290
n63
n86/
/f85/f131
Invalid operation
d119/
d159
f131
f228
f27/
f290
f45
n31/
n63
n86/
Invalid operation
f131:3kl_51e__dh5k1eyhxb.6l1jx4h-0hotk
d159
f228
f290
f45
n31/
n63
n86/
n86:dir:0
n86:dir:0
d132
d159
f118
f200
f228
f290
f43/
n31/
n63
n86/
/f85/f290
Invalid operation
d110:f-u-lroj7e -px104ldzk4
Invalid operation
f235:71 F5 AB
Null
d110
d229/
d57
d84
f0
f211
f22/
f227/
f235
f242
f288
f6
n107/
n37/
d110
d229/
d57
d84
f0
f211
f22/
f227/
f235
f242
f288
f6
n107/
n37/
f235:02 88
f22:dir:0
n86:dir:0
n86:dir:0
f290:22
d132:12
d159:9
f200:9
Invalid operation
d121/
d132
d159
d16/
f118
f197/
f200
f228
f290
f299
f43/
f74/
n86/
f290:furi07gm u7g9mm ufiqb2v258t.tr0bgn
Invalid operation
f290:furi07gm u7g9mm ufiqb2v258t.tr0bgn
f85/
├── d121/
├── d139/
├── d159
├── d16/
├── f118
├── f132
├── f197/
├── f200
├── f228
├── f243
├── f290
├── f299
├── f43/
└── f74/
d121/
d139/
d159
d16/
f118
f132
f197/
f200
f228
f243
f290
f299
f43/
f74/
Invalid operation
Invalid operation
d159:83 42 CB 02 B8 33
d159:DC
f171:md:0
f171
f25/
d281/
└── f171
f171:md:0
d159:49
f248:9F
f248:B1 00 00 3B
f248:11
n46:4
n91:0
Invalid operation
d181
f248
f255/
f73/
n91
f290:49
d159:18
d247:15
/f85/f290
Invalid operation
Invalid operation
Invalid operation
f290:txt:49
n106:6D 9B 47 79
Invalid operation
Invalid operation
Invalid operation
Null
Null
d198
d211
n17
n88/
n17:7F
d198: 2dunl- xfm56t16g_y8w
n6/
d20:D7
f146/
n6/
f146/
n6/
d211:C6 B4 FA
Invalid operation
Invalid operation
f179:02 9D 62 E2 F7
d29/
f146/
f179
f240
n58/
n6/
d29/
f146/
f179
f240
n58/
n6/
Invalid operation
d29/
f146/
f179
f240
n58/
n6/
n6:dir:0
Invalid operation
/f85/d281/f255/d261/n88/f179
f150/
f179:D0
d238:dir:0
/f85/d281/f255/d261/n88/f179
Invalid operation
d296:4xkzab3ee9a2.er
Invalid operation
Invalid operation
d72/
Invalid operation
d72:dir:0
f179:14 05 E5 00 D3 02 9D 62 30
d69:
d69
d72/
f235/
f282/
f179:62 18 3B 80
d143/
d69
d72/
f206
f235/
f282/
f283/
d72:dir:0
Invalid operation
f179:DA 42 CF
d165/
d238/
Null
Invalid operation
Invalid operation
d63:brq3ypzizrk7k5mo5k_t1ma 5
d63:brq3ypzizrk7k5mo5k_t1ma 5x
f179:E5 00 D3 C2 8A
Invalid operation
Invalid operation
Invalid operation
Invalid operation
d238:dir:0
f179:05 E5 00
f179:05 E5 00 D3
d165/
d19
d238/
d26/
d63
n5
n96
Invalid operation
d165/
d19
d238/
d26/
d63
f45/
n5
n96
/f85/d281/f255/d261/n88/f46/d63
d129
f238/
f25/
f53
n32
Invalid operation
d26/
├── d129
├── d174
├── f150
├── f230/
├── f25/
├── f53
├── n18
└── n32
Invalid operation
Null
f53:B5 AE
Invalid operation
d174
f110/
f150
f230/
f25/
n18
n32
f25/
└── f237
Invalid operation
n96:62 F8
Invalid operation
Invalid operation
Null
/f85/d281/f255/d261/n88/f46/d26/n32
Invalid operation
f25/
└── d69
d69
f283:9
n32:4
f150:0
Invalid operation
Invalid operation
Invalid operation
Invalid operation
Invalid operation
Invalid operation
Invalid operation
Invalid operation
Invalid operation
d171/
d24/
f106/
f198
f208
f214
f291
f54
n13/
n55/
d171/
d24/
f106/
f198
f208
f214
f291
f54
n13/
n55/
d171/
d24/
d263/
f106/
f198
f208
f214
f291
f54
n13/
n55/
Invalid operation
Invalid operation
f110/
├── d263/
├── d291/
├── f105/
├── f106/
├── f198
├── f208
├── f214
├── f241
├── f291
├── f54
└── n13/
Invalid operation
Invalid operation
Invalid operation
Invalid operation
d171/
d263/
d291/
f105/
f198
f208
f214
f241
f291
n13/
Invalid operation
Invalid operation
Invalid operation
/f85/d281/f255/d261/n88/f46/d26/f110/f214
/f85/d281/f255/d261/n88/f46/d26/f110/f214
d171/
d243
d291/
d296
f105/
f198
f208
f214
f241
f291
n13/
/f85/d281/f255/d261/n88/f46/d26/f110/f214
Invalid operation
d16
d243
d291/
d296
f105/
f198
f208
f214
f241
f291
n13/
/f85/d281/f255/d261/n88/f46/d26/f110/f214
d105
d16
d243
d291/
d296
f105/
f158
f208
f214
f241
f285/
f291
f36
f54
n13/
/f85/d281/f255/d261/n88/f46/d26/f110/f214
Invalid operation
Invalid operation
/f85/d281/f255/d261/n88/f46/d26/f110/f214
Invalid operation
Invalid operation
n38:dir:0
d223/
n19
n38/
Invalid operation
f276:57
d223/
d257
f276
n19
n38/
d113
d15
d257
f276
n19
d113
d257
f175
f218/
f276
n19
n38/
Invalid operation
/f85/d281/f255/d261/n88/f46/d26/f110/f285/n19
d113
d257
f175
f225/
f276
n19
n38/
/f85/d281/f255/d261/n88/f46/d26/f110/f285/n19
Invalid operation
f276:43 E4 8D E1 00 00 B9
d105
d16
d243
d291/
d296
f105/
f158
f208
f214
f241
f285/
f291
f36
f54
n13/
Invalid operation
d105
d16
d243
d291/
d296
f105/
f158
f208
f241
f285/
f291
f36
f37
f45/
f54
n13/
Invalid operation
Invalid operation
f208:24
f158:15
f291:9
d105:6
f241:6
d105
d16
d171/
d209
d243
d291/
d296
d77/
f105/
f158
f208
f241
f285/
f291
f36
f37
f43
f54
f88
n10/
n13/
f110/
f14
f150
f225/
f25/
f283
n32
f110/
f14
f150
f225/
f25/
f283
n32
n32:2bb5
Invalid operation
n32:2bb5
n32:4
f102:3
f150:0
n32:2bb5
Invalid operation
d259
f110/
f150
f225/
n32
d259:7A 23 D6
n32:2bb5x
Invalid operation
f59
Invalid operation
Invalid operation
Invalid operation
n96:14 9A 99 29 00 F7
Invalid operation
Invalid operation
Invalid operation
Invalid operation
f179:00
Invalid operation
f179:92 D3 C2
Invalid operation
Null
f146/
├── d198
├── d206
├── d266
├── f225
└── n66
d129
d29/
f124
f146/
f212
f46/
n58/
n6/
/f85/d281/f255/d261/n88/f124
d211:C6 B4 FA 28
d211:28 B0 5F 96 26 10
d200
d261/
f48/
d200:ivly3
d190
d198
d211
d89
f280/
n88/
/f85/d281/n91
Invalid operation
d233
d261/
d31/
f48/
n80
n80:16
f85/
├── d121/
├── d16/
├── d246
├── d247
├── d281/
│   ├── d171
│   ├── d181
│   ├── f248
│   ├── f255/
│   │   ├── d261/
│   │   │   ├── d178/
│   │   │   ├── d190
│   │   │   ├── d198
│   │   │   ├── d211
│   │   │   ├── d89
│   │   │   ├── f102
│   │   │   ├── f280/
│   │   │   └── n88/
│   │   │       ├── d10
│   │   │       ├── d129
│   │   │       ├── d29/
│   │   │       ├── f124
│   │   │       ├── f146/
│   │   │       │   ├── d198
│   │   │       │   ├── d206
│   │   │       │   ├── d266
│   │   │       │   ├── f225
│   │   │       │   └── n66
│   │   │       ├── f212
│   │   │       ├── f46/
│   │   │       │   ├── d205/
│   │   │       │   ├── d214
│   │   │       │   ├── d238/
│   │   │       │   │   ├── d143/
│   │   │       │   │   ├── d69
│   │   │       │   │   ├── d72/
│   │   │       │   │   ├── f206
│   │   │       │   │   ├── f235/
│   │   │       │   │   ├── f282/
│   │   │       │   │   └── f283/
│   │   │       │   ├── d26/
│   │   │       │   │   ├── f110/
│   │   │       │   │   │   ├── d105
│   │   │       │   │   │   ├── d16
│   │   │       │   │   │   ├── d171/
│   │   │       │   │   │   ├── d209
│   │   │       │   │   │   ├── d243
│   │   │       │   │   │   ├── d291/
│   │   │       │   │   │   ├── d296
│   │   │       │   │   │   ├── d77/
│   │   │       │   │   │   ├── f105/
│   │   │       │   │   │   ├── f158
│   │   │       │   │   │   ├── f208
│   │   │       │   │   │   ├── f241
│   │   │       │   │   │   ├── f285/
│   │   │       │   │   │   │   ├── d257
│   │   │       │   │   │   │   ├── d91
│   │   │       │   │   │   │   ├── f163
│   │   │       │   │   │   │   ├── f175
│   │   │       │   │   │   │   ├── f225/
│   │   │       │   │   │   │   ├── n19
│   │   │       │   │   │   │   └── n38/
│   │   │       │   │   │   ├── f291
│   │   │       │   │   │   ├── f36
│   │   │       │   │   │   ├── f37
│   │   │       │   │   │   ├── f43
│   │   │       │   │   │   ├── f54
│   │   │       │   │   │   ├── f88
│   │   │       │   │   │   ├── n10/
│   │   │       │   │   │   └── n13/
│   │   │       │   │   ├── f150
│   │   │       │   │   ├── f225/
│   │   │       │   │   │   └── d156
│   │   │       │   │   └── n22
│   │   │       │   ├── d269
│   │   │       │   ├── d63
│   │   │       │   ├── d87/
│   │   │       │   ├── f277
│   │   │       │   ├── f45/
│   │   │       │   ├── f96/
│   │   │       │   └── n96
│   │   │       └── n58/
│   │   ├── d31/
│   │   ├── f48/
│   │   └── n80
│   ├── f28/
│   └── n91
├── d76/
├── f197/
├── f228
├── f240
├── f243
└── f43/
d121/
d16/
d246
d247
d281/
d76/
f197/
f228
f240
f243
f43/
f228:txt:9
Invalid operation
Null
Invalid operation
Invalid operation
d247:15
f228:10
f243:4
f240:2
d246:0
f240:8C
Invalid operation
d270:
d112
d113
d164/
d168
d191
d202/
d204/
d22/
d232/
d246/
d251
d253
d255
d256/
d266/
d270
d273
d281
d296/
d59/
d73
f0
f10/
f117
f119
f120
f158
f165/
f187
f192/
f208
f216
f220/
f232/
f241
f266
f268/
f276/
f282
f290/
f34/
f47/
f71
f74/
f77
f85/
n106
n108
n112/
n116
n118/
n18/
n4/
n5/
n57/
n68
d112
d113
d164/
d168
d190/
d191
d202/
d204/
d22/
d232/
d251
d253
d255
d256/
d266/
d270
d273
d281
d296/
d59/
d73
f0
f10/
f117
f119
f120
f129
f158
f165/
f187
f192/
f208
f216
f220/
f232/
f241
f266
f268/
f276/
f282
f290/
f34/
f47/
f71
f74/
f77
f85/
n106
n108
n112/
n116
n118/
n18/
n4/
n5/
n57/
n68
Invalid operation
f232:md:20
d100/
d122/
d152
d32
d74
f119
f198/
f232
f252/
f40
n115
n18
n49/
Invalid operation
f40:17 3A
Null
d112
d113
d164/
d168
d190/
d191
d202/
d204/
d22/
d232/
d251
d253
d255
d256/
d266/
d270
d273
d281
d59/
d73
f0
f10/
f117
f119
f120
f129
f158
f165/
f187
f192/
f208
f216
f220/
f232/
f241
f266
f268/
f276/
f282
f290/
f34/
f47/
f71
f74/
f77
f85/
n106
n108
n112/
n116
n118/
n18/
n4/
n5/
n57/
n68
Invalid operation
d128:md:2
f47/
└── d128
f47/
├── d128
└── d36/
Invalid operation
Invalid operation
Invalid operation
d167:dir:0
n106:F2 FD 1C 02 22 A5 8D 10 B4 F9 02 B5
Invalid operation
/f47/d258/d167/f55
Invalid operation
f55:txt:12
d95:62 24 AA
Invalid operation
d95:12 62 24 AA BD 3F
d98:A8
Invalid operation
d98
f244
Invalid operation
/f47/d258/d167/d95
Invalid operation
Invalid operation
d121/
d213/
d85
d95
f175/
f267/
f267:dir:0
d121/
d213/
d95
f175/
f267/
Invalid operation
d95:28
Invalid operation
Invalid operation
d95:9
d167/
├── d213/
├── d249/
├── d95
└── f175/
/f47/d258/d167/d95
Invalid operation
Invalid operation
Invalid operation
/n108
Invalid operation
Invalid operation
Invalid operation
d182
d153/
d182
Invalid operation
d153/
d182
f211
d288:6
f211:4
d182:0
d182:md:0
Invalid operation
d95:DE 1E 53
Invalid operation
d213/
d266/
d95
d96/
f294
n103
Invalid operation
Invalid operation
Invalid operation
n27:15
d121:13
n7:11
d75:9
f158:2
d192:0
d254:0
Invalid operation
n27:15
d121:13
n7:11
f158:2
d192:0
d254:0
Invalid operation
n27:07
Invalid operation
f158:-8x
n27:1B 59
/f47/d258/d167/f158
/f158
Invalid operation
d167/
├── d121
├── d192
├── d254
├── d284
├── d70/
├── d96/
├── f158
├── f187
├── f273/
├── n113
├── n27
├── n43/
├── n6
└── n7
Invalid operation
Invalid operation
/f47/d258/f87
Invalid operation
Invalid operation
Invalid operation
Invalid operation
d167/
d96:dir:0
Invalid operation
d96:dir:0
d96:dir:0
f158:-8xpixml xx
d121
d192
d254
d299
d70/
d96/
f158
f187
n27
n43/
n51/
n6
Invalid operation
Invalid operation
n21:dir:0
n21/
d121
d254
d299
d70/
d96/
f158
f187
f58/
n27
n43/
n6
Invalid operation
n27:B5 02 A8 E4 1B 59 1B F1 00 00 47 40 AB 71 D6 AB
d96/
├── d264/
└── n21
/f47/d258/d167/d96/n21
n21
Invalid operation
d246:txt:8
d246
Invalid operation
d96/
└── d246
Invalid operation
f158:-8xpixml xxxujp _sl8g8uc6
n27:AB 71 D6 AB EE 22 D4 02 00 D5 18
Invalid operation
Invalid operation
d96:dir:0
d167/
f0/
Invalid operation
d167:dir:0
d167/
f0/
Invalid operation
n106:FD D2
d167:dir:0
d58:E6 D0
Invalid operation
Null
d58
f0/
f100/
f160/
f17/
d128
d154
d258/
n56
Invalid operation
/f47/d128
n106:C7 4E 77 4B AF 5E E2 47 BE 92 62 FC 92 8D F3 FA EE 70 AC 83 F5 DA 52 44 CA 43 FD D2 10 FF 00 00 00 20 62 E0 2C 1E 1C 23 62 00
d58
d64
f0/
f100/
f160/
f17/
Invalid operation
/f47/d128
n106:FD 1C 02 22 A5 8D
Invalid operation
d128:2exxx.7cz2jh_cz7vym21j1h7hu73xxrxp69ek4dukz2u_x
d128
d258/
n56
Invalid operation
d128
d258/
n56
n106:F9 02 89 FE C7 4E 77 4B AF 5E E2 47 BE 92 62 FC 92 8D F3 FA EE 70 AC 83 F5 DA 52 44 CA 43 74 E7 10 FF 00 00 00 20 62
n106:D1 DD 54 10 00 00 00
Invalid operation
d128
d258/
d128
d258/
f259
d258:dir:0
Invalid operation
d258:dir:0
d128
d20
d258/
f94/
f259:00 00
d128
d20
d258/
f110/
f259
f94/
f259:00
d128
d20
d258/
d91/
f110/
f259
f94/
Invalid operation
Invalid operation
Invalid operation
Invalid operation
Null
Invalid operation
d58:05
d58:86 DE 05
Null
Invalid operation
n26:DD D7 3B
Invalid operation
d183
d233/
d28/
f101/
f260
f64
f73
n26
n38/
n26:6B DD D7 37 92 4C
Invalid operation
Invalid operation
Invalid operation
f260: dv_yhkdjgiq_bpjxoafa2
d152:txt:11
Invalid operation
d109:1
d179/
d217/
d58
f100/
f160/
n112
Invalid operation
d58:11
f185:0
n112:0
Invalid operation
d183
d233/
d28/
d77
f101/
f260
f64
f73
n26
n38/
n46
d183
d233/
d28/
d77
f101/
f260
f64
f73
n26
n38/
n46
f100/
├── d183
├── d233/
├── d28/
│   ├── f186
│   └── f9
├── d77
├── f101/
│   └── d163/
├── f260
├── f297/
├── f64
├── f73
├── n26
├── n38/
└── n46
d58:D6 10 31 0D 49 82 60
Null
d258/
├── d179/
├── d217/
├── d58
├── f100/
│   ├── d183
│   ├── d233/
│   ├── d28/
│   │   ├── f186
│   │   └── f9
│   ├── d77
│   ├── f101/
│   │   └── d163/
│   ├── f260
│   ├── f297/
│   ├── f64
│   ├── f73
│   ├── n26
│   ├── n38/
│   └── n46
├── f185
├── n112
├── n26/
└── n51
d58:31 0D
d179/
d217/
f100/
f160/
f185
n112
n26/
n51
n51:5
d179:dir:0
f15:9 243
Invalid operation
d194/
d259
f15
d194/
d259
f15
f50/
├── d259
└── f15
d36
f15
f237
f270
f15:9 2434 tmjq1-x
Invalid operation
Invalid operation
f185:37 EA 11
Invalid operation
/f47/d258/f160/f50/f15
Invalid operation
f185:A1 37 EA 11 76 EA 00 86 00 00 00 00 00 00 00
/f47/d258/f160/f50/f15
d36:16
f15:14
f15:9 2434 tmjq1-x
Invalid operation
f185:00 00 00
f185:EF 61
Invalid operation
Invalid operation
f259:00 00
f259:00
n112:_7-wj-mtf1is_q57cb1b
d152
d179/
d286/
f160/
f195
n112
n51
d152
d179/
d286/
f160/
f195
f75/
n112
n51
d258/
├── d152
├── d179/
├── d286/
├── f160/
│   ├── n119
│   └── n50
├── f195
├── n112
└── n51
d141/
d152
d179/
d286/
f160/
f195
n112
n51
n112:25
f195:12
n51:5
n112:_7-wj-mtf1is_q57cb1be297z
Invalid operation
Invalid operation
/f47/d258/n112
Invalid operation
n112:_7-wj-mtf1is_q57cb1be297zx
d152
d157
d179/
d223/
d244
d286/
f160/
f195
n112
n19
n51
f195:A2 88 18
d179:dir:0
d179:dir:0
d152
d157
d179/
d223/
f160/
f195
n112
Invalid operation
Invalid operation
f195:40 18
n112:txt:30
/f47/d258/n112
d223/
f1
f161
f195
f240
f48
n103/
n112
n19
n112:_7-wj-mtf1is_q57cb1be297zx9yex
/f47/d258/n112
Invalid operation
Invalid operation
n112:_7-wj-mtf1is_q57cb1be297zx9yex
d258/
├── d223/
├── f1
├── f161
├── f240
├── f48
├── n103/
├── n112
└── n19
d223/
f1
f161
f171/
f240
f48
n103/
n19
n36
n58
n19:28s5ej-hwx
d223/
f1
f161
f171/
f240
n103/
n19
n36
n58
f259:BB
n19:txt:10
Invalid operation
Invalid operation
Invalid operation
Invalid operation
Invalid operation
f259:3B C4
Invalid operation
Invalid operation
f259:00 00 63 3B C4 B2
Null
d128
d20
d258/
d91/
f110/
f242
f259
f94/
d223/
f1
f10/
f161
f171/
n103/
n19
n36
n58
Invalid operation
f121/
└── d142
Null
f48/
n90/
n90:dir:0
n19:28s5ej-hwxxcxjbz2
n19:28s5ej-hwxxcxjbz2
Invalid operation
d152:d22-k1nm0o3ip65
d152:d22-k1nm0o3ip65
d140
Invalid operation
Invalid operation
/f47/d258/n19
n19:28s5ej-hwxxcxjbz2
n19:28s5ej-hwxxcxjbz21mo75p-l0
Invalid operation
n0/
n0/
n19:28s5ej-hwxxcxjbz21mo75p-l0
d152
d24/
d244/
d92
f130
f48/
f60/
d152
d24/
d244/
d92
f130
f48/
f60/
Invalid operation
Invalid operation
n19:26
f161:0
Invalid operation
d128
d20
d258/
d91/
f242
f259
f94/
Invalid operation
d112
d113
d164/
d168
d190/
d191
d202/
d204/
d22/
d232/
d251
d253
d255
d256/
d266/
d270
d281
d59/
d73
f0
f10/
f117
f119
f120
f129
f158
f165/
f187
f192/
f208
f216
f220/
f232/
f241
f260/
f266
f268/
f276/
f282
f290/
f34/
f47/
f71
f74/
f77
f85/
n106
n108
n112/
n116
n118/
n18/
n4/
n5/
n57/
n68
d112
d113
d164/
d168
d190/
d191
d202/
d204/
d22/
d232/
d251
d253
d255
d256/
d266/
d270
d281
d59/
d73
f0
f10/
f117
f119
f120
f129
f158
f165/
f187
f192/
f208
f216
f220/
f232/
f241
f260/
f266
f268/
f276/
f282
f290/
f34/
f47/
f71
f74/
f77
f85/
n106
n108
n112/
n116
n118/
n18/
n4/
n5/
n57/
n68
n106:D1 DD 54 10 00 00 00 00 00 A1 80 9F 56 5C BB
d112
d113
d164/
d190/
d191
d202/
d204/
d22/
d232/
d251
d255
d256/
d266/
d270
d281
d59/
d73
f0
f10/
f117
f119
f120
f129
f158
f165/
f187
f192/
f208
f216
f220/
f232/
f241
f260/
f266
f268/
f276/
f282
f290/
f34/
f47/
f71
f74/
f77
f79
f85/
n106
n112/
n116
n118/
n18/
n4/
n5/
n57/
n68
n106:FC F7 1A 8A D2 CC 70 AC 83 F5 DA 52 44 CA 43 74 E7 10 FF 00 00 00 20 47 D7
f0:183
n106:83
f120:16
d112:15
f119:15
f282:13
d281:10
Invalid operation
d270:xp
d112
d113
d164/
d190/
d191
d202/
d204/
d22/
d232/
d251
d255
d256/
d266/
d270
d281
d59/
d73
f0
f10/
f117
f119
f120
f158
f165/
f187
f192/
f208
f216
f220/
f232/
f241
f260/
f266
f268/
f276/
f282
f290/
f34/
f44/
f47/
f71
f74/
f77
f79
f85/
n106
n112/
n116
n118/
n18/
n4/
n5/
n57/
n68
Invalid operation
Invalid operation
Invalid operation
Invalid operation
Invalid operation
d112
d113
d164/
d170
d190/
d191
d202/
d204/
d22/
d232/
d251
d255
d256/
d266/
d270
d281
d59/
d66
d73
f0
f10/
f117
f119
f120
f158
f165/
f187
f192/
f194
f208
f216
f220/
f232/
f241
f260/
f266
f268/
f276/
f282
f290/
f44/
f47/
f71
f77
f79
f85/
n106
n112/
n116
n118/
n18/
n4/
n5/
n57/
n68
Invalid operation
Invalid operation
d112
d113
d164/
d170
d190/
d191
d202/
d204/
d22/
d232/
d251
d255
d256/
d266/
d270
d281
d59/
d66
d73
f0
f10/
f117
f119
f120
f158
f165/
f187
f192/
f208
f216
f220/
f232/
f241
f260/
f266
f268/
f276/
f282
f290/
f44/
f47/
f71
f79
f85/
n106
n112/
n116
n118/
n18/
n4/
n5/
n57/
n68
/d270
/d270
Invalid operation
d270:xpa czwyo-
d112
d113
d164/
d165
d170
d190/
d191
d202/
d204/
d22/
d232/
d251
d255
d256/
d266/
d270
d281
d59/
d66
d73
f0
f10/
f117
f119
f120
f158
f165/
f187
f192/
f216
f220/
f232/
f241
f260/
f266
f267
f276/
f282
f290/
f44/
f47/
f71
f79
f85/
n106
n112/
n116
n118/
n18/
n4/
n5/
n57/
n68
Invalid operation
Invalid operation
d112
d113
d164/
d165
d170
d190/
d191
d202/
d204/
d22/
d232/
d251
d255
d256/
d266/
d270
d281
d59/
d66
d73
d95/
f0
f10/
f117
f119
f120
f158
f165/
f187
f192/
f216
f220/
f232/
f241
f260/
f266
f267
f276/
f282
f290/
f44/
f47/
f71
f79
f85/
n106
n112/
n116
n118/
n18/
n4/
n5/
n57/
n68
Null
d260
Invalid operation
Invalid operation
Invalid operation
Invalid operation
f101/
f106/
f37
f101/
f106/
f37
f101/
f106/
f37
f101/
f106/
f37
f96
d270:xpa czwyo-x
Invalid operation
/f165/f64
f106/
f64
f106/
f194
n83
/f165/f194
Invalid operation
Invalid operation
Null
Null
d112
d113
d164/
d165
d170
d190/
d191
d202/
d204/
d22/
d232/
d235
d251
d255
d256/
d266/
d270
d281
d285/
d59/
d66
d73
d95/
f0
f10/
f117
f119
f120
f158
f165/
f181
f187
f192/
f216
f220/
f232/
f241
f260/
f266
f267
f276/
f282
f290/
f44/
f47/
f71
f79
f85/
n106
n112/
n116
n118/
n18/
n4/
n5/
n57/
n106:3E 31 6F CA 43 74 E7 10 FF 00 C2 E7 9B 2F D1 F0 15 3D A6 99
Invalid operation
Invalid operation
d270:xpa czwyo-xxxx
d54: iykx89xqaikc
d54: iykx89xqaikc
d172/
f238
f254/
f99
d172/
f238
f254/
f99
d172:dir:0
f238:7xk0cio8w9zble-
Invalid operation
f99:66
Invalid operation
d281
f254/
f267/
f98/
f99
n102
n57
Invalid operation
d281
f254/
f267/
f98/
f99
n102
n57
n5/
├── d281
├── f254/
│   └── d2
├── f267/
├── f98/
├── f99
├── n102
└── n57
Invalid operation
Invalid operation
Invalid operation
f99:bin:8
Invalid operation
f99:EF 4E 4B A5
f99:8
n57:8
Invalid operation
Invalid operation
d281
f254/
f98/
f99
n102
n57
f99:1A
d281
n102
n57
f0:183
n106:91
f120:16
d112
d113
d164/
d165
d170
d190/
d191
d202/
d204/
d22/
d232/
d235
d251
d255
d256/
d266/
d270
d281
d285/
d59/
d66
d73
d95/
f0
f10/
f117
f119
f120
f158
f16/
f165/
f181
f187
f192/
f216
f220/
f232/
f241
f260/
f266
f267
f276/
f282
f290/
f44/
f47/
f49/
f71
f79
f85/
n106
n112/
n116
n118/
n18/
n4/
n5/
n57/
n66
d112
d113
d164/
d165
d170
d190/
d191
d202/
d204/
d22/
d232/
d235
d251
d255
d256/
d266/
d270
d281
d285/
d59/
d66
d73
d95/
f0
f10/
f117
f119
f120
f158
f16/
f165/
f181
f187
f192/
f216
f220/
f232/
f241
f260/
f266
f267
f276/
f282
f290/
f44/
f47/
f49/
f71
f79
f85/
n106
n112/
n116
n118/
n18/
n4/
n5/
n57/
n66
Invalid operation
f85:dir:0
d112
d113
d164/
d165
d170
d190/
d191
d202/
d204/
d22/
d232/
d235
d251
d255
d256/
d266/
d270
d281
d285/
d59/
d66
d73
d95/
f0
f10/
f117
f119
f120
f158
f16/
f165/
f181
f187
f192/
f216
f220/
f232/
f241
f260/
f266
f267
f276/
f282
f290/
f44/
f47/
f49/
f52
f71
f79
f85/
n106
n112/
n116
n118/
n18/
n4/
n5/
n57/
n66
/d270
Invalid operation
f0:183
n106:93
d270:23
f120:16
Invalid operation
Invalid operation
d270:xpa czwyo-xxxxrpxmax07j
d112
d113
d164/
d165
d170
d190/
d191
d202/
d204/
d22/
d232/
d235
d251
d255
d256/
d266/
d270
d281
d285/
d59/
d66
d73
d95/
f0
f10/
f117
f119
f120
f158
f16/
f165/
f181
f192/
f216
f220/
f232/
f241
f260/
f266
f267
f276/
f282
f290/
f44/
f47/
f49/
f52
f71
f79
f85/
n106
n112/
n116
n118/
n18/
n4/
n5/
n57/
n66
n106:F0 15 3D A6 99 12 3F
d112
d113
d164/
d165
d170
d190/
d191
d202/
d204/
d22/
d232/
d235
d251
d255
d256/
d266/
d270
d281
d285/
d59/
d66
d73
d95/
f0
f10/
f117
f119
f120
f158
f16/
f165/
f181
f192/
f216
f220/
f232/
f241
f260/
f266
f267
f276/
f282
f290/
f44/
f47/
f49/
f52
f71
f79
f85/
n106
n112/
n116
n118/
n18/
n4/
n5/
n57/
n66
Invalid operation
Invalid operation
d266/
├── d130/
│   └── d34/
└── d133
Invalid operation
n106:8A D2 CC 70 AC EE 80 3E 31 6F CA 43 74 E7 10 FF 00 C2 E7 A6 64 D6 F0 15 3D A6 99 12 3F 5F 00 FF D1 DD 54 10 00
f0:183
n106:98
d270:33
f0:183
n106:98
d270:33
f0:183
n106:98
d270:33
f0:183
n106:98
d270:33
f0:183
n106:98
d270:33
n106:89 FE 8F 09 F1 16 78 A4 EE 02 5A E6 62 FC F7 1A 8A D2 CC 70 AC EE 80 3E 31 6F CA 43 74 E7 10 FF 00 C2 E7 A6 64 D6
Null
n106:CC 70 AC EE 80 3E 31 6F CA 43 74 E7 10 FF 00 C2 E7 A6 64 D6 F0 15 3D A6 99 12 3F 5F 00 FF D1 DD 54 10 00
Invalid operation
f0:183
n106:98
d270:33
d112
d113
d164/
d165
d170
d190/
d191
d202/
d204/
d22/
d232/
d235
d251
d255
d256/
d266/
d270
d281
d59/
d66
d73
d95/
f0
f10/
f117
f119
f120
f142
f158
f16/
f165/
f181
f192/
f216
f220/
f232/
f241
f260/
f266
f267
f276/
f282
f290/
f299
f44/
f47/
f49/
f52
f71
f79
f85/
n106
n112/
n116
n118/
n18/
n4/
n5/
n57/
n66
f0:183
n106:98
d270:33
f0:183
n106:98
d270:33
f0:183
n106:98
d270:33
f120:16
d112:15
f119:15
f282:13
f181:11
n106:CC 70 AC EE 80 3E 31 6F CA 43 74 E7 10 FF 00 C2 E7 A6 64
Invalid operation
n106:70 AC EE 80 3E 31 6F CA 43 74 E7 10 FF 00 C2 E7 A6 64 D6 F0 15 3D A6 99 12 3F 5F 00 FF D1 DD 54 80 60 64 2A 99 88 13 A0 9F 00 1C BB 6A FE 00 00 00 00 00 00
Invalid operation
f42:2
d1:0
d112
d113
d164/
d165
d170
d190/
d191
d202/
d204/
d22/
d232/
d235
d251
d255
d256/
d266/
d270
d59/
d66
d73
d95/
f0
f10/
f119
f120
f142
f158
f16/
f165/
f181
f192/
f208/
f216
f220/
f232/
f241
f260/
f266
f267
f276/
f282
f290/
f299
f44/
f47/
f49/
f52
f71
f79
f85/
n106
n112/
n116
n118/
n18/
n4/
n5/
n57/
n66
n106:23 8A
f0:183
n106:96
d270:33
d112
d113
d164/
d165
d170
d190/
d191
d202/
d204/
d22/
d232/
d235
d251
d255
d256/
d266/
d270
d48/
d59/
d66
d73
d95/
f0
f10/
f119
f120
f142
f158
f16/
f165/
f181
f192/
f208/
f216
f220/
f232/
f241
f260/
f266
f267
f276/
f282
f290/
f299
f44/
f47/
f49/
f52
f71
f79
f85/
n106
n112/
n116
n118/
n18/
n4/
n5/
n57/
n66
n106:62 FC F7 1A 8A D2 CC 70 AC EE 80 3E 31 6F CA 43 ED E7 10 FF 00 C2 E7 A6 64 D6 F0 15 3D A6 99 12 3F 5F 00 FF D1 DD 54 80 60
Invalid operation
d112
d113
d164/
d165
d170
d190/
d191
d202/
d204/
d22/
d232/
d235
d251
d256/
d266/
d270
d48/
d59/
d66
d73
d95/
f0
f10/
f119
f120
f142
f158
f16/
f165/
f181
f192/
f208/
f216
f220/
f232/
f241
f260/
f266
f267
f276/
f282
f290/
f299
f44/
f47/
f49/
f52
f71
f79
f85/
n106
n112/
n116
n118/
n18/
n4/
n5/
n57/
n66
Invalid operation
f0:183
n106:96
d270:33
d112
d113
d164/
d165
d170
d190/
d191
d202/
d204/
d22/
d232/
d235
d251
d256/
d266/
d270
d48/
d59/
d66
d73
d95/
f0
f10/
f119
f120
f142
f158
f16/
f165/
f181
f192/
f208/
f216
f220/
f232/
f241
f260/
f266
f267
f276/
f282
f290/
f299
f44/
f47/
f49/
f52
f71
f79
f85/
n106
n112/
n116
n118/
n18/
n4/
n5/
n57/
n66
Null
n106:CC 70 AC EE 80 3E 31 6F CA 43 ED E7 10 FF 00 C2 84 4D 51 D6 F0 15 3D A6 99 12 3F 5F 00 FF
Invalid operation
d112
d113
d164/
d165
d170
d190/
d191
d202/
d204/
d22/
d232/
d235
d251
d256/
d266/
d270
d291
d48/
d59/
d66
d73
d95/
f0
f119
f120
f142
f158
f16/
f165/
f181
f192/
f208/
f216
f220/
f232/
f241
f260/
f266
f267
f276/
f282
f290/
f299
f44/
f47/
f49/
f52
f65/
f71
f79
f85/
n106
n112/
n116
n118/
n18/
n4/
n5/
n57/
n66
f0:183
n106:102
d270:50
f0:183
n106:99
d270:50
Invalid operation
/d270
Invalid operation
d112
d113
d164/
d165
d170
d190/
d191
d202/
d204/
d22/
d232/
d235
d251
d256/
d266/
d270
d48/
d59/
d66
d73
d95/
f0
f119
f120
f142
f158
f16/
f164/
f165/
f181
f192/
f208/
f216
f220/
f232/
f241
f260/
f267
f276/
f282
f290/
f299
f47/
f49/
f52
f65/
f71
f79
f85/
n106
n112/
n116
n118/
n18/
n4/
n5/
n57/
n66
Invalid operation
n106:07 77 B1 3D 60 C5 FC F7
f85:dir:0
Invalid operation
Invalid operation
Invalid operation
d211/
f30
Invalid operation
Invalid operation
Invalid operation
f30:AF
Invalid operation
Invalid operation
n39/
Null
d276/
d290/
n92/
Invalid operation
d290/
f47
n92/
d290/
f47
n92/
Invalid operation
f47:0
d51/
f47
n5
n92/
Invalid operation
Invalid operation
n5:16
f107:15
f47:4
Invalid operation
Invalid operation
/f243/f47
Invalid operation
f47:bin:11
d90:
f47:00 00 00 30
Invalid operation
Invalid operation
d10/
d192
d286/
d90
n22/
d192
d286/
d90
d192
d286/
d90
d192
d286/
d90
Invalid operation
Invalid operation
Invalid operation
f47:bin:11
/f243/f47
Invalid operation
f47:00 30 C6 AF 20 5C 0B E7 00
Invalid operation
f228/
f47:E7
Invalid operation
Invalid operation
Invalid operation
Invalid operation
f47:E7 00 00 00 00 00 00
d166
d260
d51/
f296/
f31
f47
n24/
Invalid operation
Invalid operation
f47:00
Invalid operation
d166
d173
d260
d51/
f296/
f31
f47
n24/
Invalid operation
Invalid operation
Invalid operation
Invalid operation
f270/
Null
Invalid operation
f197:
d143/
d212
d267
d166:4B
Invalid operation
d143/
f270/
Invalid operation
d166:9C
n63:5C
d283:0pxbi7wbh1xy0
Invalid operation
Invalid operation
Invalid operation
Invalid operation
Invalid operation
d112
d166
d173
d260
d41
d51/
f246
f296/
f31
f42
f56
Invalid operation
Invalid operation
d166:9F 4B 00 00 06 4F
d112
d163
d166
d173
d260
d41
d51/
f246
f296/
f31
f42
f56
Invalid operation
d192:00
Invalid operation
d192
d286/
d90
f198/
f45
d192
d203
d286/
d90
f198/
f45
d90:17
f85:16
d192:10
f44:2
d203:0
d192:00 AF 93 CB D7
d192:28
d192:CB D7 28
d192:D7
Invalid operation
Invalid operation
Invalid operation
Invalid operation
/f243/d51/d192
Invalid operation
Invalid operation
Null
Invalid operation
Invalid operation
f205:dir:0
f205:dir:0
d231
f129
f184
f205/
Invalid operation
Invalid operation
Invalid operation
Invalid operation
Invalid operation
d231
f129
f205/
f129:-wzjzcn4hp1szkrt
Invalid operation
n81:9A 70
d19/
f129
f157
f205/
f96/
n59
n81
n81:9A
Invalid operation
f129:xxj4w_hkd
Invalid operation
n59:17
f157:16
f129:xxj4w_hkd
Invalid operation
f90
f90
f90:FF 83 6B 79 65 27 B6
d19/
f129
f157
f96/
n59
n81
n81:9A
d19/
f129
f157
f96/
n59
n81
n86
Invalid operation
n81:70 4B F4 23 AC 24 FA 4A 00 00 00
Invalid operation
Null
/f243/d51/d286/f129
n81:FA 4A 00
n81:4A 00
d169/
d19/
f129
f157
n67
n81
Null
/f243/d51/d286/f157
f157:md:16
Invalid operation
d133:0azerba1l037xyixvrc1c
n81:5C
d133
f89/
/f243/d51/d286/n81
Invalid operation
n81:bin:22
n55:8djkeaf2
n55:8djkeaf2
n81:CB CB 5C 23 AC 24 FA 4A 00
d252/
d270/
n55
n81:CB 5C 23 AC 24 FA 4A 00 B1 6D 69 DF 04 5D 24 7D 45
/f243/d51/d286/d169/n55
/f243/d51/d286/d169/n55
Invalid operation
Invalid operation
Invalid operation
Invalid operation
Invalid operation
n81:23 AC 24 FA 4A 00 88 22 F6 C9 04 5D 24 7D 45 4A 6B 05 00 00 D7 FC 74 D4 F2 B4
Invalid operation
Invalid operation
n81:24 FA 4A 00 88 22 F6 C9 04 5D 24 7D 45 4A 6B 05 00 00 D7 FC 74 D4 F2 B4 00 00 00 AD 47 C5 6C
Invalid operation
Invalid operation
d159/
d169/
d20
d37
f121
f49
n67
n81
n81:D7
d159/
d169/
d19/
d20
f49
n67
n81
Invalid operation
d159/
d169/
d19/
d20
f49
n23
n67
n81
d159/
d169/
d19/
d20
f49
n23
n67
n81
Invalid operation
Invalid operation
Invalid operation
d133:16
d133
d159/
d169/
d19/
d20
f49
n81
n81:bin:33
d159/
d169/
d19/
d20
d5
f49
n81
/f243/d51/d286/n81
d159/
d169/
d19/
d20
d5
f49
n81
Invalid operation
n81:35
f49:17
d20:10
f108:4
Invalid operation
Invalid operation
n81:45 2F 34 F3 55 EF 16 86 BF 53
d286/
├── d159/
├── d169/
│   ├── d270/
│   │   └── d163/
│   └── n55
├── d19/
│   └── d133
├── f108
├── f49
└── n81
n81:00 88 5F 26 89 21 13 5F 6B 45 2F 34
d159/
d169/
d19/
d20
f108
f49
n81
Invalid operation
Invalid operation
Invalid operation
/f243/d51/d192
d192
d229/
d286/
f101
f200
f295/
f44
d192:15
f101:7
f200:3
f44:2
Invalid operation
Invalid operation
d286:dir:0
d192
d209/
d229/
d286/
f101
f200
f25/
f295/
f44
d192:15
f101:7
f200:3
f44:2
d192
d209/
d229/
d286/
f101
f200
f25/
f295/
f44
Invalid operation
Invalid operation
/f243/d51/d192
d192:F2
Invalid operation
Invalid operation
f44:8D 8E
f44:E1 2E DC F0 89 13 18 79
Invalid operation
Invalid operation
Invalid operation
/f243/d51/f44
Invalid operation
Invalid operation
Invalid operation
f12:bin:1
Invalid operation
f12
Invalid operation
Invalid operation
Invalid operation
f295/
Invalid operation
Invalid operation
Invalid operation
Invalid operation
Invalid operation
Invalid operation
Invalid operation
Invalid operation
d286:dir:0
Invalid operation
Invalid operation
/f243/d51/f44
d209/
d229/
d286/
f101
f200
f237/
f25/
f295/
f44
Invalid operation
f44:8D 8E E1
d74/
f211
f233
f211:s
Invalid operation
Invalid operation
Invalid operation
f53:17
f233:3
f233:-6v
d209/
d229/
d256/
d286/
d290/
f101
f200
f237/
f25/
f44
Invalid operation
f44:22
Invalid operation
Invalid operation
/f243/d51/f44
f44:E1 21 ED 7E 7F 92 0B
d256/
d274
d286/
d290/
d47/
f101
f176
f200
f215
f25/
f44
n115
n62/
Invalid operation
f44:B3 29
d171
d247
d256/
d274
d286/
d290/
d47/
f176
f200
f215
f25/
f44
n62/
Invalid operation
Invalid operation
f44:0B FC 28
Invalid operation
Invalid operation
f176:78
Invalid operation
d247
d274
d28
d286/
d290/
d47/
d80/
d9
f120
f200
f25/
n29
n62/
Invalid operation
/f243/d51/d274
Invalid operation
d274:28
d28:8
f120:7
d271:3
d31:3
n29:1
d247:0
d9:0
d286:dir:0
d28:00
Invalid operation
d28:38 00 00 00
d28:00 00 28 E1 9B 38 00 00 00 00
Invalid operation
d112
d163
d166
d173
d20
d260
d41
d51/
f246
f296/
f31
f42
f56
n33
Invalid operation
d143/
d85
f139
n10
n27/
n63
d85:16
n63:16
Invalid operation
Invalid operation
Invalid operation
Invalid operation
Invalid operation
d143/
d294
d85
f139
n10
n63
Invalid operation
d143/
d294
d85
f139
n10
n63
d112
d163
d166
d173
d20
d41
d51/
f23
f246
f296/
f31
f42
f56
n33
Invalid operation
/f243/d166
d112
d163
d166
d173
d20
d41
d51/
f23
f246
f296/
f31
f42
f56
n33
d112
d163
d166
d173
d20
d41
d51/
f23
f246
f296/
f31
f42
f56
n33
Invalid operation
Invalid operation
Invalid operation
Invalid operation
d112
d113
d164/
d165
d190/
d191
d202/
d204/
d22/
d232/
d235
d256/
d266/
d270
d48/
d59/
d66
d67
d73
d95/
f0
f119
f120
f142
f158
f16/
f164/
f165/
f181
f192/
f208/
f216
f220/
f232/
f243/
f260/
f267
f27/
f276/
f282
f290/
f299
f47/
f49/
f52
f65/
f71
f79
f85/
n112/
n116
n118/
n18/
n4/
n5/
n57/
n66
Invalid operation
Invalid operation
Invalid operation
Invalid operation
Null
f216:8E
f216:7A 7C 97
f85:dir:0
f216:97 AF 7C 10 78 63
/f16/d19
d7:c9av wyp0-j4
f216:9A A1 1A E0 D7 20
Invalid operation
f232:md:35
Invalid operation
f11/
n16
n33/
Invalid operation
f40:E2 05 DC B1 AF 6E A8 D2 5F DE B4 6B 00 00
f0:183
d270:51
f120:16
f0:183
d270:51
f120:16
Invalid operation
f0:183
d270:51
f120:16
f0:183
d270:51
f120:16
Invalid operation
d112
d164/
d165
d170
d202/
d204/
d22/
d232/
d235
d256/
d266/
d270
d59/
d66
d67
d73
d95/
f0
f119
f120
f13/
f142
f158
f16/
f164/
f165/
f181
f192/
f208/
f227
f232/
f243/
f260/
f267
f27/
f276/
f282
f290/
f299
f47/
f49/
f52
f65/
f71
f79
f85/
n112/
n116
n118/
n18/
n4/
n5/
n57/
n66
n90
Null
Invalid operation
f14:94 E4
Invalid operation
Invalid operation
/d270
Invalid operation
d112
d164/
d165
d170
d202/
d204/
d22/
d232/
d235
d256/
d266/
d270
d66
d67
d73
d95/
f0
f119
f120
f13/
f142
f158
f164/
f165/
f181
f192/
f208/
f227
f232/
f243/
f260/
f267
f27/
f276/
f282
f290/
f299
f47/
f49/
f52
f65/
f71
f79
f85/
n112/
n118/
n18/
n5/
n57/
n62/
n66
n90
Invalid operation
Invalid operation
Invalid operation
Invalid operation
Invalid operation
Invalid operation
d270:xpa czwyo-xxxxrpxmax07jt6icap_bkpcfd5g jg5afdclc400x_-iw6xrrxx
f85:dir:0
Invalid operation
Invalid operation
f0:183
d270:71
f267:26
Invalid operation
d112
d164/
d165
d170
d202/
d204/
d22/
d226
d232/
d235
d253/
d256/
d266/
d270
d66
d67
d73
d95/
f0
f119
f120
f123
f13/
f137
f142
f158
f164/
f165/
f181
f192/
f208/
f219
f227
f232/
f243/
f260/
f267
f27/
f276/
f282
f290/
f299
f47/
f49/
f52
f65/
f68
f71
f84
f85/
n112/
n113
n118/
n18/
n5/
n57/
n61
n62/
n66
n90
Invalid operation
f0:183
d270:71
f267:29
d112
d164/
d165
d170
d202/
d204/
d22/
d226
d232/
d235
d253/
d256/
d266/
d270
d66
d67
d73
d95/
f0
f119
f120
f123
f13/
f137
f142
f158
f164/
f165/
f181
f192/
f208/
f219
f227
f232/
f243/
f260/
f267
f27/
f276/
f282
f290/
f299
f47/
f49/
f52
f65/
f68
f71
f84
f85/
n112/
n113
n118/
n18/
n5/
n57/
n61
n62/
n66
n90
n77
Invalid operation
n77:md:14
d92
n77
f85:dir:0
Invalid operation
f56/
Invalid operation
f56/
/d270
d112
d164/
d165
d170
d202/
d204/
d22/
d226
d232/
d235
d253/
d256/
d266/
d270
d66
d67
d73
d95/
f0
f119
f120
f123
f13/
f137
f142
f158
f164/
f165/
f181
f192/
f208/
f219
f227
f232/
f243/
f260/
f267
f27/
f276/
f282
f299
f47/
f49/
f52
f65/
f68
f71
f84
f85/
n112/
n113
n118/
n18/
n5/
n57/
n61
n62/
n66
n90
f0:183
d270:97
f267:32
f0:183
d270:97
f267:32
Invalid operation
f0:183
d270:97
f267:32
f0:183
d270:97
f267:32
Invalid operation
f0:183
d270:97
f267:32
d112
d164/
d165
d170
d178
d202/
d204/
d22/
d226
d232/
d235
d253/
d256/
d266/
d270
d66
d67
d73
d95/
f0
f119
f120
f123
f13/
f137
f142
f158
f164/
f165/
f181
f192/
f208/
f219
f227
f232/
f243/
f260/
f267
f27/
f276/
f282
f299
f47/
f49/
f52
f65/
f68
f71
f84
f85/
n112/
n113
n118/
n18/
n5/
n57/
n61
n62/
n66
n90
f0:183
d270:97
f267:32
Invalid operation
d270:xpa czwyo-xxxxrpxmax07jt6icap_bkpcfd5g jg5afdclc400x_-iw6xrrxxxy7lraom-lnesqk79jhu.-rq4zl 6_2un6px
f0:183
d270:98
f267:34
d130/
d133
d133:oqp f5bwl0xr
Invalid operation
Invalid operation
d130/
d133
d137
d293
f194
Invalid operation
d34/
f215
Invalid operation
d148
d34/
f215
n75
Invalid operation
d108
d148
f215
n75
Invalid operation
n75:15
d148:14
f215:3
d130:dir:0
d130/
d133
d137
d293
f121/
f194
f25
d130/
d133
d137
d293
f121/
f194
f25
d130/
d133
d137
d141/
d293
f121/
f194
f25
n104/
n118/
f0:183
d270:98
f267:34
f234/
f47/
f234/
f47/
Invalid operation
f47:dir:0
d24/
Invalid operation
f267:5F F4 26
Invalid operation
Invalid operation
Invalid operation
d293
Invalid operation
d85:1
d293:0
Invalid operation
Invalid operation
d293:
d293
d85
f72
f267:C0 E9 A5 B2 AC FD 85 40 F5 00
d293
d85
f72
f172:4A 71 43
Invalid operation
d293:.tzdpzoiu
f172:43
d293
d85
f150/
f172
f295/
n42/
Invalid operation
d293:.tzdpzoiu
Invalid operation
d85
f101
f150/
f172
n42/
Invalid operation
/d270
/n118/n65
Invalid operation
Invalid operation
f234/
n27/
f267:00 D2 41 69 AE A4
Invalid operation
f234/
n9/
f234/
n9/
/n118/f234/f10
f10:x16a8al
Invalid operation
d165:17
Invalid operation
Invalid operation
Invalid operation
d165
f93/
f267:54 05 00 40 B6 8E 35 6B B9
f93:dir:0
f93/
/n118/f213
f213:xuifw4qqti 33jbj-da3c4np
Invalid operation
d92
f117/
Invalid operation
f213
f234/
f68
n9/
f0:183
d270:135
f267:48
f0:183
d270:135
f267:48
f0:183
d270:135
f267:49
f0:183
d270:135
f267:49
f270:5
n62/
└── f270
f267:00
f0:183
d270:146
f267:52
/d270
f0:183
d270:146
f267:49
f0:183
d270:146
f267:49
Invalid operation
d10/
d119
d140
d164/
d165
d170
d202/
d204/
d22/
d226
d232/
d235
d253/
d256/
d266/
d270
d66
d67
d73
d95/
f0
f119
f123
f13/
f137
f142
f158
f165/
f192/
f208/
f219
f227
f232/
f243/
f260/
f267
f27/
f276/
f282
f299
f47/
f49/
f52
f65/
f68
f71
f84
f85/
n112/
n113
n118/
n18/
n5/
n57/
n61
n62/
n66
n73
n90
d270:xpa czwyo-xxxxrpxmax07jt6icap_bkpcfd5g jg5afdclc400x_-iw6xrrxxxy7lraom-lnesqk79jhu.-rq4zl 6_2un6pxwskdpq10wrlq-urog.pspa wokyx.3wkj0rxx.v uv624jbxeequfi2ee5cndz7yv2-o5rxcl55l1nem
f267:E2 00 D1 E7 19 E5 70 BA D3
Invalid operation
d270:195
f0:183
f267:39
Invalid operation
d270:195
f0:183
f267:39
d270:198
f0:183
f267:39
d270:198
f0:183
f267:39
d270:198
f0:183
f267:39
d270:195
f0:183
f267:39
Invalid operation
f223:bin:20
d10/
d119
d140
d164/
d165
d170
d202/
d204/
d22/
d222
d226
d232/
d235
d25/
d253/
d256/
d266/
d270
d66
d67
d73
d95/
f0
f119
f123
f13/
f137
f142
f165/
f192/
f208/
f219
f227
f232/
f243/
f260/
f267
f27/
f276/
f282
f299
f47/
f49/
f52
f65/
f68
f71
f85/
n112/
n113
n118/
n18/
n5/
n57/
n61
n62/
n66
n73
n85
n90
d270:xpa czwyo-xxxxrpxmax07jt6icap_bkpcfd5g jg5afdclc400x_-iw6xrrxxxy7lraom-lnesqk79jhu.-rq4zl 6_2un6pxwskdpq10wrlq-urog.pspa wokyx.3wkj0rxx.v uv624jbxeequfi2ee5cndz7yv2-o5rxcl55l1nem92aa a1_dm35.68wa
d270:195
f0:183
f267:39
d270:xpa czwyo-xxxxrpxmax07jt6icap_bkpcfd5g jg5afdclc400x_-iw6xrrxxxy7lraom-lnesqk79jhu.-rq4zl 6_2un6pxwskdpq10wrlq-urog.pspa wokyx.3wkj0rxx.v uv624jbxeequfi2ee5cndz7yv2-o5rxcl55l1nem92aa a1_dm35.68wa
d10/
d119
d140
d164/
d165
d170
d202/
d204/
d22/
d222
d226
d232/
d235
d25/
d253/
d256/
d266/
d270
d66
d67
d73
d95/
f0
f119
f123
f13/
f137
f142
f165/
f192/
f208/
f219
f227
f232/
f243/
f260/
f267
f27/
f276/
f282
f299
f47/
f49/
f52
f65/
f68
f71
f85/
n112/
n113
n118/
n18/
n5/
n57/
n61
n62/
n66
n73
n85
n90
d270:207
f0:183
f267:40
d10/
d119
d140
d164/
d165
d170
d202/
d204/
d22/
d222
d226
d232/
d235
d25/
d253/
d256/
d266/
d270
d66
d67
d73
d95/
f0
f119
f123
f13/
f137
f142
f165/
f192/
f208/
f219
f227
f232/
f243/
f260/
f267
f27/
f276/
f282
f299
f47/
f49/
f52
f65/
f68
f71
f85/
n112/
n113
n118/
n18/
n5/
n57/
n61
n62/
n66
n73
n85
n90
Invalid operation
Invalid operation
d270:207
f0:183
f267:43
f267:AC FD
d270:207
f0:183
f267:43
d270:xpa czwyo-xxxxrpxmax07jt6icap_bkpcfd5g jg5afdclc400x_-iw6xrrxxxy7lraom-lnesqk79jhu.-rq4zl 6_2un6pxwskdpq10wrlq-urog.pspa wokyx.3wkj0rxx.v uv624jbxeequfi2ee5cndz7yv2-o5rxcl55l1nem92aa a1_dm35.68wax72_0i27axhfjj
f267:AB E6 6D C0 6B
Invalid operation
d177/
n22/
n99
f267:00 00 D2 41 69
/f232/n99
Invalid operation
Invalid operation
f267:AC FD 85 40 F5 00 00 D2 41 69 AE A4 54 53 91 41 E5 E4 00
Invalid operation
f204:txt:12
d26
f109/
f294
f50/
n97/
d153
f294
f50/
d153
f294
f50/
n99:md:18
Invalid operation
d177/
d284
d7/
f185
f189/
n106/
n99
Invalid operation
d177/
d228
d284
d7/
f189/
n106/
Null
Invalid operation
d284:rxj1.2kuqfiuea620
d284:rxj1.2kuqfiuea620x
Invalid operation
d250/
d283
Invalid operation
Invalid operation
Null
d177/
d228
d259/
d284
d63
d7/
f189/
f213/
f299
Invalid operation
Invalid operation
d137:12
n59:10
f110:0
n27:0
d69
f196/
n27
n53/
d69
f196/
n27
n53/
d69
f196/
f297
n27
n33
n53/
Invalid operation
d69
f196/
n27
n30/
n33
n53/
d270:209
f0:183
f267:37
d270:209
f0:183
f267:37
Invalid operation
d10/
d119
d140
d164/
d165
d170
d202/
d204/
d22/
d222
d226
d232/
d235
d253/
d256/
d266/
d270
d66
d67
d73
d95/
f0
f119
f123
f13/
f137
f142
f165/
f192/
f208/
f219
f227
f232/
f243/
f260/
f267
f27/
f276/
f282
f299
f47/
f49/
f52
f65/
f68
f71
f85/
n112/
n113
n118/
n18/
n5/
n57/
n62/
n66
n73
n85
n90
n99/
f267:3C 6E B1 B1 5B 38
d270:xpa czwyo-xxxxrpxmax07jt6icap_bkpcfd5g jg5afdclc400x_-iw6xrrxxxy7lraom-lnesqk79jhu.-rq4zl 6_2un6pxwskdpq10wrlq-urog.pspa wokyx.3wkj0rxx.v uv624jbxeequfi2ee5cndz7yv2-o5rxcl55l1nem92aa a1_dm35.68wax72_0i27axhfjj
d270:209
f0:183
f267:38
d270:209
f0:183
f267:38
Invalid operation
d270:xpa czwyo-xxxxrpxmax07jt6icap_bkpcfd5g jg5afdclc400x_-iw6xrrxxxy7lraom-lnesqk79jhu.-rq4zl 6_2un6pxwskdpq10wrlq-urog.pspa wokyx.3wkj0rxx.v uv624jbxeequfi2ee5cndz7yv2-o5rxcl55l1nem92aa a1_dm35.68wax72_0i27axhfjj
d270:209
f0:183
f267:38
d270:209
f0:183
f267:38
f85:dir:0
Invalid operation
d270:209
f0:183
f267:38
d270:209
f0:183
f267:38
f267:38 C0 47 0B
Invalid operation
Invalid operation
Invalid operation
Invalid operation
Null
d28:_yd
d270:235
f0:183
f267:37
d270:235
f0:183
f267:37
Invalid operation
f85:dir:0
d10/
d140
d164/
d165
d170
d202/
d204/
d209
d22/
d222
d226
d232/
d235
d253/
d256/
d26/
d266/
d270
d287
d34/
d66
d67
d73
d95/
f0
f119
f123
f13/
f137
f165/
f192/
f208/
f219
f227
f232/
f243/
f260/
f267
f27/
f276/
f282
f299
f47/
f49/
f52
f65/
f68
f71
f85/
n112/
n113
n118/
n18/
n5/
n57/
n62/
n66
n73
n85
n99/
d10/
d140
d164/
d165
d170
d202/
d204/
d209
d22/
d222
d226
d232/
d235
d253/
d256/
d26/
d266/
d270
d287
d34/
d66
d67
d73
d95/
f0
f119
f123
f13/
f137
f165/
f192/
f208/
f219
f227
f232/
f243/
f260/
f267
f27/
f276/
f282
f299
f47/
f49/
f52
f65/
f68
f71
f85/
n112/
n113
n118/
n18/
n5/
n57/
n62/
n66
n73
n85
n99/
d270:235
f0:183
f267:36
d270:235
f0:183
f267:36
d270:241
f0:183
f267:36
f267:25 E9 A5 76 DE 14 2C
Invalid operation
Invalid operation
d270:235
f0:183
f267:36
d133:44
d270:235
f0:183
f267:36
f85:dir:0
Invalid operation
d270:235
f0:183
f267:36
d270:235
f0:183
f267:36
d270:xpa czwyo-xxxxrpxmax07jt6icap_bkpcfd5g jg5afdclc400x_-iw6xrrxxxy7lraom-lnesqk79jhu.-rq4zl 6_2un6pxwskdpq10wrlq-urog.pspa wokyx.3wkj0rxx.v uv624jbxeequfi2ee5cndz7yv2-o5rxcl55l1nem92aa a1_dm35.68wax72_0i27axhfjja-zp4gh3.l6 mgtcbmmsj89r6f
d270:242
f0:183
f267:36
f267:38 C0 47 0B 9C FC
d10/
d140
d164/
d165
d170
d202/
d204/
d209
d22/
d222
d226
d232/
d235
d253/
d256/
d26/
d266/
d270
d287
d34/
d66
d67
d73
d95/
f0
f119
f123
f13/
f137
f165/
f192/
f208/
f219
f227
f232/
f243/
f260/
f267
f27/
f276/
f282
f299
f47/
f49/
f52
f65/
f68
f71
f85/
n112/
n113
n118/
n18/
n5/
n57/
n62/
n66
n73
n85
n99/
Invalid operation
Invalid operation
Invalid operation
f267:B1 5B 38 C0 47 0B 9C FC 31 20 25 E9 A5 76 DE 14 2C A3 F5 00 39 E5 4B C8 ED 31 00 00
d270:235
f0:183
f267:43
Invalid operation
d270:236
f0:183
f267:43
d10/
d140
d164/
d165
d170
d202/
d204/
d209
d22/
d222
d226
d232/
d235
d253/
d256/
d26/
d266/
d270
d287
d34/
d66
d67
d73
d95/
f0
f119
f123
f13/
f137
f165/
f192/
f208/
f219
f227
f232/
f243/
f260/
f267
f27/
f276/
f282
f299
f47/
f49/
f52
f65/
f68
f71
f85/
n112/
n113
n118/
n18/
n5/
n57/
n62/
n66
n73
n85
n99/
f267:14 BB 37
d10/
d140
d164/
d165
d170
d202/
d204/
d209
d22/
d222
d226
d232/
d235
d253/
d256/
d26/
d266/
d270
d287
d34/
d66
d67
d73
d95/
f0
f119
f123
f13/
f137
f165/
f192/
f208/
f219
f227
f232/
f243/
f260/
f267
f27/
f276/
f282
f299
f47/
f49/
f52
f65/
f68
f71
f85/
n112/
n113
n118/
n18/
n5/
n57/
n62/
n66
n73
n85
n99/
d270:242
f0:183
f267:46
d270:xpa czwyo-xxxxrpxmax07jt6icap_bkpcfd5g jg5afdclc400x_-iw6xrrxxxy7lraom-lnesqk79jhu.-rq4zl 6_2un6pxwskdpq10wrlq-urog.pspa wokyx.3wkj0rxx.v uv624jbxeequfi2ee5cndz7yv2-o5rxcl55l1nem92aa a1_dm35.68wax72_0i27axhfjja-zp4gh3.l6 mgtcbmmsj89r6fx6j0rbd
d270:242
f0:183
f267:46
d270:242
f0:183
f267:46
Invalid operation
f85:dir:0
d10/
d140
d164/
d165
d170
d202/
d204/
d209
d22/
d222
d226
d232/
d235
d253/
d256/
d26/
d266/
d270
d287
d34/
d66
d67
d73
d95/
f0
f119
f123
f13/
f137
f165/
f192/
f208/
f219
f227
f232/
f243/
f260/
f267
f27/
f276/
f282
f299
f47/
f49/
f52
f65/
f68
f71
f85/
n112/
n113
n118/
n18/
n5/
n57/
n62/
n66
n73
n85
n99/
f85:dir:0
d270:242
f0:183
f267:49
Invalid operation
Null
d270:242
f0:183
f267:49
d270:xpa czwyo-xxxxrpxmax07jt6icap_bkpcfd5g jg5afdclc400x_-iw6xrrxxxy7lraom-lnesqk79jhu.-rq4zl 6_2un6pxwskdpq10wrlq-urog.pspa wokyx.3wkj0rxx.v uv624jbxeequfi2ee5cndz7yv2-o5rxcl55l1nem92aa a1_dm35.68wax72_0i27axhfjja-zp4gh3.l6 mgtcbmmsj89r6fx6j0rbd
d270:242
f0:183
f267:48
d270:242
f0:183
f267:48
d270:242
f0:183
f267:48
d270:xpa czwyo-xxxxrpxmax07jt6icap_bkpcfd5g jg5afdclc400x_-iw6xrrxxxy7lraom-lnesqk79jhu.-rq4zl 6_2un6pxwskdpq10wrlq-urog.pspa wokyx.3wkj0rxx.v uv624jbxeequfi2ee5cndz7yv2-o5rxcl55l1nem92aa a1_dm35.68wax72_0i27axhfjja-zp4gh3.l6 mgtcbmmsj89r6fx6j0rbd
Invalid operation
d270:242
f0:183
f267:49
f267:31 00 00 98 E9 E6 14 BB 37
Invalid operation
d10/
d140
d164/
d165
d202/
d204/
d209
d22/
d222
d226
d232/
d235
d253/
d256/
d26/
d266/
d270
d287
d34/
d67
d73
d95/
f0
f119
f123
f13/
f137
f165/
f192/
f208/
f219
f227
f232/
f243/
f260/
f267
f27/
f276/
f282
f299
f47/
f49/
f52
f65/
f68
f71
f85/
n112/
n113
n118/
n18/
n57/
n62/
n66
n73
n85
n99/
d10/
d140
d164/
d165
d202/
d204/
d209
d22/
d222
d226
d232/
d235
d253/
d256/
d26/
d266/
d270
d287
d34/
d67
d73
d95/
f0
f119
f123
f13/
f137
f165/
f192/
f208/
f219
f227
f232/
f243/
f260/
f267
f27/
f276/
f282
f299
f47/
f49/
f52
f65/
f68
f71
f85/
n112/
n113
n118/
n18/
n57/
n62/
n66
n73
n85
n99/
d270:xpa czwyo-xxxxrpxmax07jt6icap_bkpcfd5g jg5afdclc400x_-iw6xrrxxxy7lraom-lnesqk79jhu.-rq4zl 6_2un6pxwskdpq10wrlq-urog.pspa wokyx.3wkj0rxx.v uv624jbxeequfi2ee5cndz7yv2-o5rxcl55l1nem92aa a1_dm35.68wax72_0i27axhfjja-zp4gh3.l6 mgtcbmmsj89r6fx6j0rbd
Invalid operation
d270:xpa czwyo-xxxxrpxmax07jt6icap_bkpcfd5g jg5afdclc400x_-iw6xrrxxxy7lraom-lnesqk79jhu.-rq4zl 6_2un6pxwskdpq10wrlq-urog.pspa wokyx.3wkj0rxx.v uv624jbxeequfi2ee5cndz7yv2-o5rxcl55l1nem92aa a1_dm35.68wax72_0i27axhfjja-zp4gh3.l6 mgtcbmmsj89r6fx6j0rbd
Invalid operation
Invalid operation
d270:258
f0:183
f267:53
d287:17
d270:xpa czwyo-xxxxrpxmax07jt6icap_bkpcfd5g jg5afdclc400x_-iw6xrrxxxy7lraom-lnesqk79jhu.-rq4zl 6_2un6pxwskdpq10wrlq-urog.pspa wokyx.3wkj0rxx.v uv624jbxeequfi2ee5cndz7yv2-o5rxcl55l1nem92aa a1_dm35.68wax72_0i27axhfjja-zp4gh3.l6 mgtcbmmsj89r6fx6j0rbdtgm4 16lc92v4yvr
f223:bin:20
d270:xpa czwyo-xxxxrpxmax07jt6icap_bkpcfd5g jg5afdclc400x_-iw6xrrxxxy7lraom-lnesqk79jhu.-rq4zl 6_2un6pxwskdpq10wrlq-urog.pspa wokyx.3wkj0rxx.v uv624jbxeequfi2ee5cndz7yv2-o5rxcl55l1nem92aa a1_dm35.68wax72_0i27axhfjja-zp4gh3.l6 mgtcbmmsj89r6fx6j0rbdtgm4 16lc92v4yvradfz8 w5ydx70ev
d270:273
f0:183
f267:54
Invalid operation
Invalid operation
d270:273
f0:183
f267:54
Invalid operation
d232:dir:0
d270:273
f0:183
f267:54
d270:273
f0:183
f267:54
d232:dir:0
d270:xpa czwyo-xxxxrpxmax07jt6icap_bkpcfd5g jg5afdclc400x_-iw6xrrxxxy7lraom-lnesqk79jhu.-rq4zl 6_2un6pxwskdpq10wrlq-urog.pspa wokyx.3wkj0rxx.v uv624jbxeequfi2ee5cndz7yv2-o5rxcl55l1nem92aa a1_dm35.68wax72_0i27axhfjja-zp4gh3.l6 mgtcbmmsj89r6fx6j0rbdtgm4 16lc92v4yvradfz8 w5ydx70ev
d10/
d124/
d140
d164/
d165
d202/
d204/
d209
d222
d226
d232/
d235
d253/
d256/
d26/
d270
d287
d3/
d34/
d48
d67
d73
d95/
f0
f119
f123
f13/
f137
f165/
f192/
f208/
f219
f227
f232/
f243/
f248/
f260/
f267
f27/
f276/
f282
f299
f47/
f49/
f52
f65/
f68
f71
n112/
n118/
n18/
n3/
n47
n57/
n62/
n66
n73
n85
n99/
d270:273
f0:183
f267:54
d270:273
f0:183
f267:54
d270:xpa czwyo-xxxxrpxmax07jt6icap_bkpcfd5g jg5afdclc400x_-iw6xrrxxxy7lraom-lnesqk79jhu.-rq4zl 6_2un6pxwskdpq10wrlq-urog.pspa wokyx.3wkj0rxx.v uv624jbxeequfi2ee5cndz7yv2-o5rxcl55l1nem92aa a1_dm35.68wax72_0i27axhfjja-zp4gh3.l6 mgtcbmmsj89r6fx6j0rbdtgm4 16lc92v4yvradfz8 w5ydx70ev
d270:273
f0:183
f267:54
Invalid operation
d270:273
f0:183
f267:53
d270:273
f0:183
f267:53
d270:xpa czwyo-xxxxrpxmax07jt6icap_bkpcfd5g jg5afdclc400x_-iw6xrrxxxy7lraom-lnesqk79jhu.-rq4zl 6_2un6pxwskdpq10wrlq-urog.pspa wokyx.3wkj0rxx.v uv624jbxeequfi2ee5cndz7yv2-o5rxcl55l1nem92aa a1_dm35.68wax72_0i27axhfjja-zp4gh3.l6 mgtcbmmsj89r6fx6j0rbdtgm4 16lc92v4yvradfz8 w5ydx70ev
d270:273
f0:183
f267:53
/d270
Invalid operation
d10/
d124/
d140
d148/
d164/
d165
d202/
d204/
d209
d222
d226
d232/
d235
d253/
d256/
d26/
d270
d287
d3/
d34/
d48
d67
d73
d95/
f0
f119
f123
f13/
f137
f165/
f192/
f208/
f219
f232/
f243/
f248/
f260/
f267
f27/
f276/
f282
f299
f47/
f49/
f52
f65/
f68
f71
n112/
n118/
n18/
n3/
n47
n57/
n62/
n66
n73
n85
n99/
Invalid operation
Invalid operation
d10/
d124/
d140
d148/
d164/
d165
d202/
d204/
d209
d222
d226
d232/
d235
d245
d252/
d253/
d256/
d26/
d270
d287
d3/
d34/
d48
d67
d73
d95/
f0
f119
f123
f13/
f137
f165/
f192/
f208/
f219
f232/
f243/
f248/
f260/
f27/
f276/
f282
f299
f47/
f49/
f52
f65/
f68
f71
n112/
n118/
n18/
n3/
n47
n57/
n62/
n66
n73
n85
n99/
d10/
d124/
d140
d148/
d164/
d165
d202/
d204/
d209
d222
d226
d232/
d235
d245
d253/
d256/
d26/
d270
d287
d3/
d34/
d48
d67
d73
d95/
f0
f119
f123
f13/
f137
f165/
f192/
f208/
f219
f232/
f243/
f248/
f260/
f27/
f276/
f282
f299
f47/
f49/
f52
f65/
f68
f71
n112/
n118/
n18/
n3/
n47
n57/
n62/
n66
n73
n85
n99/
/d73
Invalid operation
d10/
d124/
d140
d148/
d164/
d165
d202/
d204/
d209
d222
d226
d232/
d235
d245
d253/
d256/
d26/
d287
d3/
d34/
d48
d67
d73
d95/
f119
f123
f13/
f137
f165/
f192/
f208/
f219
f232/
f243/
f248/
f260/
f27/
f276/
f282
f299
f47/
f49/
f52
f65/
f68
n112/
n118/
n18/
n3/
n47
n57/
n62/
n66
n73
n85
n99/
Invalid operation
Invalid operation
d10/
d124/
d140
d148/
d164/
d165
d202/
d204/
d209
d222
d226
d235
d245
d253/
d256/
d26/
d287
d3/
d34/
d47
d48
d67
d73
d95/
f119
f123
f13/
f137
f165/
f192/
f208/
f219
f232/
f243/
f248/
f260/
f27/
f276/
f282
f299
f47/
f49/
f52
f65/
f68
n112/
n118/
n18/
n3/
n47
n57/
n62/
n66
n73
n85
n99/
d165:00 00 74 DA E8 3E 0C DE 00
Invalid operation
Invalid operation
d165:21
d287:17
n47:16
f119:15
d47:14
Invalid operation
Invalid operation
Invalid operation
d10/
d116/
d124/
d140
d148/
d164/
d165
d202/
d209
d222
d226
d235
d245
d253/
d256/
d26/
d287
d29
d3/
d34/
d47
d48
d67
d73
d95/
f119
f123
f13/
f137
f165/
f192/
f208/
f219
f232/
f243/
f248/
f260/
f27/
f276/
f282
f299
f47/
f49/
f52
f65/
f68
n112/
n118/
n18/
n3/
n47
n57/
n62/
n66
n73
n85
n99/
d10/
d116/
d124/
d140
d148/
d164/
d165
d202/
d209
d222
d226
d235
d245
d253/
d256/
d26/
d287
d29
d3/
d34/
d47
d48
d67
d73
d95/
f119
f123
f13/
f137
f165/
f192/
f208/
f219
f232/
f243/
f248/
f260/
f27/
f276/
f282
f299
f47/
f49/
f52
f65/
f68
n112/
n118/
n18/
n3/
n47
n57/
n62/
n66
n73
n85
n99/
d165:21
d287:17
n47:16
f119:15
d165:E8 3E
d73:27zuk3vv 0k6qhb-nvfcf2s6y avptvb3hgedd
n112:dir:0
n112:dir:0
d116/
d124/
d140
d148/
d164/
d165
d202/
d209
d222
d226
d235
d245
d253/
d256/
d26/
d287
d29
d3/
d34/
d48
d67
d73
d95/
f119
f123
f126
f13/
f137
f165/
f192/
f208/
f219
f232/
f243/
f248/
f260/
f27/
f276/
f299
f47/
f49/
f52
f57
f65/
f68
n112/
n118/
n15/
n3/
n47
n57/
n62/
n73
n85
n99/
d116/
d124/
d140
d148/
d164/
d165
d202/
d209
d222
d226
d235
d245
d253/
d256/
d26/
d287
d29
d3/
d48
d67
d73
d95/
f119
f123
f126
f13/
f137
f165/
f192/
f208/
f219
f232/
f243/
f248/
f260/
f27/
f276/
f299
f47/
f49/
f52
f57
f65/
f68
n112/
n118/
n15/
n3/
n47
n57/
n62/
n73
n85
n99/
d73:27zuk3vv 0k6qhb-nvfcf2s6y avptvb3hgedd
d116/
d124/
d140
d148/
d164/
d165
d196/
d202/
d209
d222
d226
d235
d245
d253/
d256/
d26/
d287
d29
d3/
d48
d67
d73
d95/
f119
f123
f126
f13/
f137
f165/
f192/
f208/
f232/
f243/
f248/
f260/
f27/
f276/
f299
f47/
f49/
f52
f57
f65/
f68
n112/
n118/
n15/
n47
n57/
n62/
n85
n99/
d116/
d124/
d140
d148/
d164/
d165
d196/
d202/
d209
d222
d226
d235
d245
d253/
d256/
d26/
d287
d29
d3/
d48
d67
d73
d95/
f119
f123
f126
f13/
f137
f165/
f192/
f208/
f232/
f243/
f248/
f260/
f27/
f276/
f299
f47/
f49/
f52
f57
f65/
f68
n112/
n118/
n15/
n47
n57/
n62/
n85
n99/
Invalid operation
d165:BD 6B
d121
d191
f113
d149/
d260
n107/
f299:65
Null
Invalid operation
f299:65
Invalid operation
Invalid operation
Invalid operation
Invalid operation
f299:02
Invalid operation
f278:czuhyx1rady am5ixe-ix
d124/
d13/
d26/
f262
f278
Invalid operation
f278:czuhyx1rady am5ixe-ixx
Invalid operation
f278:czuhyx1rady am5ixe-ixx
d137
f256
f72/
f256:4
d137:0
d124/
d182/
d202/
d26/
f262
f278
d124/
d13/
d182/
d202/
d26/
f262
f278
Invalid operation
d117
d124/
d13/
d182/
d202/
d26/
f136
f262
f278
Invalid operation
d117
d124/
d13/
d182/
d202/
d26/
f262
f278
f278:txt:35
f299:00 00
Invalid operation
Invalid operation
Invalid operation
Invalid operation
Invalid operation
f278:txt:44
d117
d124/
d182/
d202/
d26/
f262
f278
Invalid operation
f278:czuhyx1rady am5ixe-ixxc.64uxujdsfha3f_v088xxx
d117
d124/
d182/
d188
d250
d26/
f262
f278
f32/
n3/
Invalid operation
Invalid operation
f299:50 7E 47 33 C2 6E BC
Invalid operation
Null
d246:dir:0
d246:dir:0
Invalid operation
d246/
d29
f269/
d230/
d246/
d29
f269/
Invalid operation
d29:md:10
d29:t 2gakc99w
f299:00 62 AF DA
Invalid operation
Invalid operation
f54:16
d29:10
f165:10
d106:1
Invalid operation
Invalid operation
Invalid operation
d29:md:32
f299:A3 86 A4 C0 DA 00 54
d223/
Invalid operation
Invalid operation
Invalid operation
d216/
Invalid operation
Invalid operation
Null
f299:4B 38 76 5A 56 F8 BC A1 00 62 39 B7 69 62 F4 FC 96 AC 86 A4
d215/
└── d216/
Invalid operation
d215/
n112:dir:0
n112:dir:0
Invalid operation
Invalid operation
Invalid operation
Invalid operation
Invalid operation
d165:A3 06 C1 E9
Invalid operation
Invalid operation
d73:75
d165:33
n47:16
d276:12
d89:11
d226:8
f68:8
d235:7
n112:dir:0
Invalid operation
Invalid operation
d116/
d124/
d140
d141
d148/
d154/
d164/
d165
d196/
d202/
d209
d222
d226
d235
d245
d253/
d256/
d26/
d272
d276
d3/
d46/
d67
d73
d89
d95/
f126
f13/
f133/
f137
f165/
f189/
f192/
f232/
f243/
f248/
f26/
f260/
f27/
f276/
f290
f299
f47/
f49/
f52
f57
f65/
f68
n112/
n118/
n15/
n47
n57/
n62/
n85
d116/
d124/
d140
d141
d148/
d154/
d164/
d165
d196/
d202/
d209
d222
d226
d235
d245
d253/
d256/
d26/
d272
d276
d3/
d46/
d67
d73
d89
d95/
f126
f13/
f133/
f137
f165/
f189/
f192/
f232/
f243/
f248/
f26/
f260/
f27/
f276/
f290
f299
f47/
f49/
f52
f57
f65/
f68
n112/
n118/
n15/
n47
n57/
n62/
n85
d116/
d124/
d140
d141
d148/
d154/
d164/
d165
d196/
d202/
d209
d222
d226
d235
d245
d253/
d256/
d26/
d272
d276
d3/
d46/
d67
d73
d89
d95/
f126
f13/
f133/
f137
f165/
f189/
f192/
f232/
f243/
f248/
f26/
f260/
f27/
f276/
f290
f299
f47/
f49/
f52
f57
f65/
f68
n112/
n113/
n118/
n15/
n47
n57/
n62/
n85
Invalid operation
d165:23 88
d73:88
d165:31
n47:16
d276:12
d89:11
d226:8
d116/
d124/
d140
d141
d148/
d154/
d164/
d209
d222
d226
d235
d245
d256/
d26/
d272
d276
d3/
d46/
d67
d73
d89
d95/
f13/
f133/
f137
f165/
f189/
f192/
f232/
f243/
f248/
f26/
f260/
f27/
f276/
f290
f299
f47/
f49/
f52
f57
f65/
f68
n112/
n113/
n118/
n15/
n47
n57/
n62/
n85
d73:27zuk3vv 0k6qhb-nvfcf2s6y avptvb3hgeddqc_p8r5b7ilg3-3_tvgotn1gkk6j.4v _p.-mjy-2is3dlf7liy xarktqw8 km
Invalid operation
Invalid operation
Invalid operation
d73:27zuk3vv 0k6qhb-nvfcf2s6y avptvb3hgeddqc_p8r5b7ilg3-3_tvgotn1gkk6j.4v _p.-mjy-2is3dlf7liy xarktqw8 km3_55
d73:105
n47:16
d276:12
d89:11
d235:10
d226:8
f68:8
d245:6
Null
f194:9y t6x
f194:9y t6x
Invalid operation
Invalid operation
d116/
d124/
d140
d141
d148/
d154/
d164/
d198/
d222
d226
d235
d245
d256/
d26/
d272
d276
d3/
d30/
d46/
d67
d73
d89
d95/
f101
f13/
f130/
f133/
f137
f165/
f175
f189/
f192/
f232/
f243/
f248/
f26/
f260/
f27/
f276/
f290
f299
f47/
f49/
f52
f57
f65/
f68
f7/
n103/
n112/
n15/
n47
n57/
n62/
n85
f229
n13
n20
d73:27zuk3vv 0k6qhb-nvfcf2s6y avptvb3hgeddqc_p8r5b7ilg3-3_tvgotn1gkk6j.4v _p.-mjy-2is3dlf7liy xarktqw8 km3_55x
f41:62 0D 3B
Invalid operation
Invalid operation
Invalid operation
Invalid operation
Invalid operation
Invalid operation
f41:62 0D 3B 39
Invalid operation
Invalid operation
f41:bin:11
Invalid operation
d261
f99
Invalid operation
f41:39 00
/d26/d132/d261
Invalid operation
d113/
d155/
d261
d276
f176
f242/
Invalid operation
Invalid operation
f41:62
d132/
f140
f41
n19
d113/
d155/
d20
d261
d276
f242/
n16/
d155/
├── d114
├── d79
└── f11
Invalid operation
d114
d79
f11
n23/
d114
d79
f11
n23/
f11:3D
f11:3D
Invalid operation
Invalid operation
Invalid operation
/d26/d132/d261
Invalid operation
d113/
d155/
d20
d261
f25/
f258
f290
f293
n113/
n16/
f140
f41
n19
f140
f3/
f41
n19
Invalid operation
f140:8
n19:8
f41:7
f41:1A
f41:bin:14
f41:14
f140
f268/
f3/
f41
n19
Invalid operation
Invalid operation
Invalid operation
d73:27zuk3vv 0k6qhb-nvfcf2s6y avptvb3hgeddqc_p8r5b7ilg3-3_tvgotn1gkk6j.4v _p.-mjy-2is3dlf7liy xarktqw8 km3_55xy
d116/
d124/
d140
d141
d148/
d154/
d164/
d198/
d222
d226
d235
d245
d256/
d26/
d272
d276
d3/
d30/
d46/
d67
d73
d89
d95/
f101
f13/
f130/
f133/
f137
f165/
f175
f189/
f192/
f232/
f243/
f248/
f26/
f260/
f27/
f276/
f290
f299
f47/
f49/
f52
f57
f65/
f68
f7/
n103/
n112/
n15/
n47
n57/
n62/
n85
Invalid operation
Invalid operation
Invalid operation
Invalid operation
Invalid operation
Invalid operation
d201:10
n43:2
n43:1xoq3uk6-v_lzv3aop
d261
n43
d116/
d120
d124/
d141
d148/
d152/
d164/
d198/
d222
d235
d245
d249
d256/
d26/
d272
d276
d3/
d30/
d46/
d67
d73
d89
d95/
f106
f13/
f130/
f133/
f137
f165/
f175
f189/
f192/
f232/
f243/
f248/
f26/
f260/
f27/
f276/
f290
f299
f47/
f49/
f52
f57
f65/
f68
f7/
f89
n112/
n15/
n47
n57/
n62/
n85
Invalid operation
Null
d73:27zuk3vv 0k6qhb-nvfcf2s6y avptvb3hgeddqc_p8r5b7ilg3-3_tvgotn1gkk6j.4v _p.-mjy-2is3dlf7liy xarktqw8 km3_55xyxx
n57:dir:0
d116/
d120
d124/
d141
d148/
d152/
d164/
d198/
d222
d235
d245
d256/
d26/
d268
d272
d276
d3/
d46/
d67
d73
d89
d95/
f106
f130/
f133/
f137
f165/
f175
f185/
f189/
f192/
f232/
f243/
f244/
f248/
f26/
f260/
f27/
f276/
f290
f299
f47/
f49/
f52
f57
f65/
f68
f7/
f89
n112/
n15/
n47
n57/
n62/
n65/
n85
/d73
Invalid operation
d116/
d120
d124/
d141
d148/
d152/
d164/
d198/
d222
d235
d245
d256/
d26/
d268
d272
d276
d3/
d46/
d55
d67
d73
d89
d95/
f106
f130/
f133/
f137
f165/
f175
f185/
f189/
f192/
f232/
f243/
f244/
f248/
f26/
f260/
f27/
f276/
f290
f299
f47/
f49/
f52
f57
f65/
f68
f7/
f89
n112/
n15/
n47
n57/
n62/
n65/
n85
Invalid operation
Invalid operation
d128
d140
d183/
d20
d258/
d91/
f242
f259
f286
f94/
Invalid operation
Invalid operation
Invalid operation
d128
d140
d167
d20
d258/
d91/
f242
f259
f283
f286
f94/
Invalid operation
d235:C6 4E 00
d73:27zuk3vv 0k6qhb-nvfcf2s6y avptvb3hgeddqc_p8r5b7ilg3-3_tvgotn1gkk6j.4v _p.-mjy-2is3dlf7liy xarktqw8 km3_55xyxx
Invalid operation
Invalid operation
Invalid operation
n57:dir:0
/d141
Null
Invalid operation
Invalid operation
d235:CF 00 00 A7 C0 51 5E A3
d235:FC CE 91 52 3B E0 E1 3B FF 44 4A 08 8C 9C CF 00 00 A7 C0 51 5E
d73:27zuk3vv 0k6qhb-nvfcf2s6y avptvb3hgeddqc_p8r5b7ilg3-3_tvgotn1gkk6j.4v _p.-mjy-2is3dlf7liy xarktqw8 km3_55xyxx71d39t-6upzw 4uqy5q28lj5jyssuk5pl5nvwpb_63tdu n7ovy3k
Invalid operation
d109/
d116/
d120
d124/
d141
d148/
d152/
d164/
d222
d230
d235
d245
d252
d26/
d268
d272
d276
d280
d3/
d46/
d67
d73
d89
d95/
f0/
f106
f126/
f130/
f133/
f137
f165/
f175
f189/
f192/
f232/
f234
f243/
f244/
f248/
f26/
f260/
f27/
f276/
f290
f299
f47/
f49/
f52
f57
f65/
f7/
f89
n112/
n15/
n57/
n65/
n85
Invalid operation
d109/
d116/
d120
d124/
d148/
d152/
d164/
d222
d230
d235
d245
d252
d26/
d268
d272
d276
d280
d3/
d46/
d67
d73
d89
d95/
f0/
f106
f126/
f130/
f133/
f137
f165/
f175
f192/
f232/
f234
f243/
f244/
f26/
f260/
f27/
f276/
f290
f299
f47/
f49/
f52
f57
f65/
f7/
f89
n112/
n15/
n57/
n65/
n85
Invalid operation
Invalid operation
Invalid operation
Invalid operation
f41:bin:17
f41:00
/d26/f41
Invalid operation
f268/
f283
f296
f3/
f41
n110
n19
f268/
f283
f296
f3/
f41
n110
n19
d73:27zuk3vv 0k6qhb-nvfcf2s6y avptvb3hgeddqc_p8r5b7ilg3-3_tvgotn1gkk6j.4v _p.-mjy-2is3dlf7liy xarktqw8 km3_55xyxx71d39t-6upzw 4uqy5q28lj5jyssuk5pl5nvwpb_63tdu n7ovy3kx
d109/
d116/
d120
d124/
d148/
d152/
d164/
d222
d230
d235
d245
d252
d26/
d268
d272
d276
d280
d3/
d46/
d67
d73
d89
d95/
f0/
f106
f126/
f130/
f133/
f137
f165/
f175
f192/
f232/
f234
f243/
f244/
f26/
f260/
f27/
f276/
f290
f299
f47/
f49/
f52
f57
f65/
f7/
f89
n112/
n15/
n57/
n65/
n85
d243
f139
d243
f139
Null
d105/
d243
f139
d105/
d243
f139
f139:zx
d222:00 00
Invalid operation
d222:7D 00 00
Invalid operation
f158
f57
f158
f57
Invalid operation
d105/
d243
f139
d222:98 A2
d105/
d242/
d243
f23/
/d73
d105:dir:0
d73:27zuk3vv 0k6qhb-nvfcf2s6y avptvb3hgeddqc_p8r5b7ilg3-3_tvgotn1gkk6j.4v _p.-mjy-2is3dlf7liy xarktqw8 km3_55xyxx71d39t-6upzw 4uqy5q28lj5jyssuk5pl5nvwpb_63tdu n7ovy3kx89yk64zury 0tgl
Invalid operation
d105/
d279
d57
d62/
n119/
d105/
d126/
d279
d57
d62/
n119/
Invalid operation
/f65/d57
d105/
d279
d57
d62/
d105:dir:0
Invalid operation
d222:5C FD 4C 7D 00 00
d222:FD 4C 7D 00 00 19 0A FB 98 A2 75
Invalid operation
f158:8z9z_i_2 pv0oh1do80rwpt7v
d147
d263/
f158
f57
Invalid operation
Invalid operation
Invalid operation
d222:C6 4C 6D 4C
Invalid operation
f65/
├── d105/
│   ├── d263/
│   └── f57
├── d57
├── f207/
└── f246/
d57:m7l8nqsb4l-.5
d57:m7l8nqsb4l-.5
d105/
d57
f112
f207/
f246/
f53/
n49
/f65/d57
d105:dir:0
d105:dir:0
d105/
d57
f112
f207/
f53/
n49
/f65/d57
Invalid operation
Invalid operation
d57:m7l8nqsb4l-.5
Invalid operation
Invalid operation
Invalid operation
Invalid operation
d105/
d166/
d74/
f112
f53/
f95
n49
n86/
n99
Invalid operation
Null
n25:dir:0
d250
n25/
/f65/n49
Invalid operation
Invalid operation
n49:00
n97:16
f115:2
f115
f122/
n25/
n97
d136:8
f212:6
f115:2
d136
f115
f122/
f212
f233/
n25/
d136
f115
f122/
f212
f233/
n25/
Invalid operation
Invalid operation
f253:dir:0
Invalid operation
/f65/d74/f115
n49:00 94 3F 20 00 00
Invalid operation
d177/
Invalid operation
n49:D3
f115:s_
/f65/d74/f115
f253:dir:0
f115:s_
Invalid operation
n49:AE BA 5A F3 12
Invalid operation
n49:5F 04 00
Invalid operation
d247/
d247/
d247/
n49:5F 04 00 00 00 29 23
Invalid operation
/f65/d74/f115
Invalid operation
d32/
f24
Invalid operation
d119/
d136
d265/
d90
f115
f122/
f212
f233/
f262/
n25/
f115:30
d136:8
f212:6
d90:0
d93:0
d74/
├── d119/
├── d265/
├── d90
├── d93
├── f115
├── f122/
├── f212
├── f233/
├── f262/
│   ├── f139/
│   └── f277
├── f31
└── n25/
Invalid operation
Invalid operation
d119/
d202
d265/
d90
d93
f115
f122/
f212
f233/
f262/
f31
n25/
Invalid operation
d119/
d202
d90
d93
f122/
f212
f233/
f262/
f31
n25/
/f65/d74/f212
d119/
d202
d22
d261
d90
d93
f122/
f212
f233/
f262/
f31
n25/
Invalid operation
d119/
d202
d22
d261
d90
d93
f122/
f212
f233/
f262/
f31
n25/
Invalid operation
Invalid operation
f122/
n25:dir:0
Invalid operation
Null
f218
f5/
/f65/d74/f122/f218
f5/
f5/
Invalid operation
f14:11
n115:0
Invalid operation
Null
n49:35 67
n49:35 67 1C
Invalid operation
d136/
d164/
d169/
d176/
d25/
f14
f5/
f65
n115
n12/
f65:13
d253:10
n115:0
Invalid operation
f65:-9.e fve37uqja
f122/
├── d133
├── d136/
├── d164/
├── d169/
├── d176/
├── d25/
├── d253
├── f140
├── f5/
└── f65
f122/
├── d133
├── d136/
├── d164/
├── d169/
├── d176/
├── d242
├── d25/
├── d253
├── d3
├── f140
└── f65
f65:-9.e fve37uqjb5yiw00b_t5
Invalid operation
d169:dir:0
d196
n43
/f65/d74/f122/d25/n43
/f65/d74/f122/d25/n43
Invalid operation
n43:
d133:2B
Invalid operation
n43:
d133:00 00
Invalid operation
d240/
d269
f89/
n43
n43:8
d162:7
Invalid operation
Invalid operation
Invalid operation
n95:00
Null
Null
n43:1jwk789y21d
Invalid operation
n95:86 36 29 41 3C D2 00 00 00
n43:1jwk789y21d
Invalid operation
f186/
d128:txt:16
d128:ihj7avnmz9d93p-x
d128
/f65/d74/f122/d25/n43
f161/
f161/
d88/
f161/
n95:41 3C D2 00 37 D4 98 AE C4 7E
Invalid operation
Invalid operation
d0/
d130
d269
f209/
f266
f89/
n108
n116
n43
n95
/f65/d74/f122/d25/n43
d88/
f161/
Null
d88/
f161/
Invalid operation
n95:AE C4 7E EA 7F DF C0 DA
n43:1jwk789y21dcdh5.hm.p
/f65/d74/f122/d25/d0/d88/n3
d211/
d88/
f161/
Invalid operation
Invalid operation
Null
Invalid operation
/f65/d74/f122/d25/d0/d88/d217
d88/
├── d217
├── d242/
├── d37/
├── f29
├── f97/
└── n21
d217
d242/
d37/
f29
f97/
n21
Null
f131
n27/
f131
n27/
Invalid operation
f131
f181:F4
Invalid operation
f69/
f55:A0 EC 1E 92 E2
d104/
f189/
f73
f55:E2 9C 2B CC
d104/
f189/
f248
f73
Null
Invalid operation
/f65/d74/f122/d25/d0/d88/f153/d178/f69/f73
f73:imbbj-a6f.acd-
Invalid operation
d145/
d145:dir:0
Invalid operation
Invalid operation
Invalid operation
Invalid operation
f248:AD BF A7 2E
f189:dir:0
Invalid operation
Invalid operation
d104:dir:0
Invalid operation
Invalid operation
d104/
d292
f248
f250
f283/
Invalid operation
Invalid operation
d104/
d292
f248
f283/
f42
Invalid operation
d178/
d219
f162/
f202
f55
f61
d178/
d219
f162/
f202
f55
f61
d178/
d219
f202
f55
f61
n34
Invalid operation
f55:9
n34:5
d219
f55
f61
n34
n65/
f61:md:0
d219
f55
f61
n34
n65/
n34:6F
f153/
├── d219
├── f55
├── n34
└── n65/
Null
d219
d31
f55
f97
n31/
n65/
d219
f55
f97
n31/
n40
n65/
Invalid operation
d219:f ymc2-r6uu vvdrx4so_ss1nn8dbi
/f65/d74/f122/d25/d0/d88/f153/d219
f55:E2 9C 2B CC 00 00 ED
Invalid operation
f68:695te34mu.yrrra7
f68:695te34mu.yrrra7
d200/
d255/
f55
f68
n24/
n67/
d219:f ymc2-r6uu vvdrx4so_ss1nn8dbijb3wkg
Invalid operation
Null
Invalid operation
f55:23
Invalid operation
Invalid operation
Invalid operation
Invalid operation
d219:f ymc2-r6uu vvdrx4so_ss1nn8dbijb3wkgg-pgqqwzjjyvx92n6qxq9_6z3.xqna1
d219
d234
f162
f55
f80/
n21/
n31/
n65/
d219
d234
f162
f290/
f55
f80/
n21/
n31/
n65/
Invalid operation
d219
d234
f162
f233/
f290/
f55
f80/
n21/
n65/
n85/
Invalid operation
Invalid operation
d219
d234
f162
f233/
f290/
f55
f80/
n21/
n65/
n85/
d219
d234
f162
f233/
f290/
f55
f80/
n21/
n65/
n85/
d219
d234
f233/
f290/
f80/
n85/
d234:s1iyvx
d219
d234
f233/
f276/
f290/
f33/
f80/
f90/
n85/
d219:76
n21:00
Invalid operation
Invalid operation
Invalid operation
Invalid operation
Null
d36/
Invalid operation
Invalid operation
d39:xx tnx6dcrr_egn
Invalid operation
Invalid operation
Invalid operation
d39:35
n95:21
d17:16
d243:9
f12:7
f110:6
n5:0
d154/
d17
d243
d36/
d39
f110
f12
f238/
n5
n95
d154/
d243
d36/
d39
f110
f12
f238/
n5
n95
d36:dir:0
Invalid operation
n95:00 42 E4 71 DE 8C D3 CE 8F 00
d154/
d243
d36/
d39
d41
f110
f12
f238/
n95
n95:CE 8F
d39:35
n95:21
d41:17
f12:7
d36/
d41
f110
f12
f238/
n95
Invalid operation
d36/
d41
f110
f12
f238/
n95
Invalid operation
Invalid operation
d148
d41
f110
f12
f238/
d153
d203
d255
f233/
f33/
f90/
f97/
n101
n85/
Invalid operation
Invalid operation
d105/
d148
d184/
d41
d88
f110
f263/
f3
f97/
├── d105/
├── d148
├── d184/
├── d41
├── f110
├── f263/
├── f3
└── n106/
Invalid operation
d41:wr5pnjga tf6-gekcfaxanere-3be07ix1mfb48z3x.b64yqzv r-gom
d41:wr5pnjga tf6-gekcfaxanere-3be07ix1mfb48z3x.b64yqzv r-gomx
d105/
d148
d184/
d41
f110
f263/
f3
n106/
d153
f233/
f33/
f90/
f97/
n101
n85/
n21:00
Invalid operation
Invalid operation
Invalid operation
f29:17
n21:14
Invalid operation
Invalid operation
f29:ym9gvp-eri-3ul z7x
Invalid operation
Invalid operation
/f65/d74/f122/d25/d0/d88/f29
/f65/d74/f122/d25/d0/d88/f29
Invalid operation
n45
Invalid operation
n21:6A
d88/
├── d242/
├── d57
├── f153/
│   ├── d153
│   ├── f233/
│   ├── f33/
│   ├── f90/
│   ├── f97/
│   │   ├── d105/
│   │   ├── d148
│   │   ├── d184/
│   │   ├── d32/
│   │   ├── d41
│   │   ├── f110
│   │   ├── f263/
│   │   ├── f3
│   │   └── n106/
│   ├── n101
│   └── n85/
├── f29
├── f97/
│   ├── d44
│   ├── f131
│   ├── f181
│   ├── n27/
│   └── n59/
├── n110/
└── n21
d242/
d57
f153/
f29
f97/
n110/
n21
d242/
d57
f153/
f29
f97/
n110/
n21
f181:45 51
f181:51
Invalid operation
d44
d89/
f181
n27/
n59/
f181:51
d44
d89/
f181
n27/
n59/
d44
d89/
f181
n27/
n59/
d179
d44
d89/
f181
n27/
n59/
d179
d44
d89/
f181
n27/
n59/
d44:-
Invalid operation
n27:dir:0
d135
d44
d89/
f181
f188
n27/
n59/
Invalid operation
d129
d44
d89/
f112/
f15
f188
f251/
n27/
n59/
n25
Invalid operation
d129
d289
d44
d89/
f112/
f167/
f188
/f65/d74/f122/d25/d0/d88/f97/d44
Invalid operation
d44:txt:15
d129
d250/
d289
d44
d89/
f112/
f167/
f188
d88/
├── d242/
├── f29
├── f97/
│   ├── d129
│   ├── d250/
│   ├── d289
│   ├── d44
│   ├── d89/
│   ├── f112/
│   ├── f167/
│   │   └── n25
│   ├── f188
│   └── n70/
├── n110/
├── n21
└── n39/
Invalid operation
Invalid operation
Invalid operation
Invalid operation
Invalid operation
n21:46
Invalid operation
Invalid operation
Null
Invalid operation
f29:ym9gvp-eri-3ul z7v9eyhzenanuem82xoo
Invalid operation
n21:00 1C 0D 62 9F 74 6B 07 02 B2 1E FB FD B5 97 A5 6A F9 32 E7 6B 96 44 46 24 A8 00
/f65/d74/f122/d25/d0/d88/f29
Invalid operation
Invalid operation
d243
f121
f255
f274
n108
n21
n37
n41
n9
Invalid operation
/f65/d74/f122/d25/d0/f292
Invalid operation
d243
f121
f255
f274
f50
n21
n37
/f65/d74/f122/d25/d0/d88/n21
n21:A5 6A F9
n95:C9 E5 F0 81 06 E1 DB 86
d148
d243
f121
f255
f274
f50
n21
n37
n21:bin:36
d243
f121
f255
f274
f50
n108/
n21
n37
n21:bin:36
d88:dir:0
f78:w
Invalid operation
f78:w
f78:w
Invalid operation
Invalid operation
n95:96
n95:51 B3 97 BD A4 C2 98 AE C4 7E C9 E5 F0 81 06
f147/
f147/
Invalid operation
Invalid operation
f232
f232
f232
f3
d234/
f3
d234/
f3
d234/
f3
d234:dir:0
Invalid operation
f119/
f238
f3:3cpew 5susx_m-6949yfg3gd-qvirbx
f3:3cpew 5susx_m-6949yfg3gd-qvirbx
f119/
Invalid operation
Invalid operation
n95:29 51 B3 97 BD A4 C2 98 AE C4 7E C9 E5 F0 81 06 E1 DB 86 2A
d252/
f119/
Invalid operation
Invalid operation
n95:69 71 92 0D E5 DB 86 2A 75
Invalid operation
d252/
f119/
f230/
f24
f293/
n25
n25:24
n53:6
f24:0
Invalid operation
d252/
f136
f230/
f24
f293/
n25
n53
d252/
f136
f230/
f24
n25
Invalid operation
d252/
f136
f230/
f24
f273
n25
n25:24
f136:6
f273:6
d234/
f279
f3
d234/
f279
f3
Invalid operation
Invalid operation
/f65/d74/f122/d25/n93/f147/f3
d234/
f105
f3
Invalid operation
Invalid operation
d234:dir:0
d234:dir:0
Invalid operation
Invalid operation
d261/
f109/
f147/
Invalid operation
n43:1jwk789y21dcdh5.hm.p
d0/
d130
d172/
d269
f209/
f266
f89/
n116
n43
n93/
n95
n49:2F
d133:00 00 00 00
d119/
d202
d22
d261
d90
d93
f122/
f212
f233/
f262/
f291/
n25/
n53
n49:99
f212:3jqv.ojuttcj7vr83pq3kpfuz09
Null
Invalid operation
f277:bin:5
Invalid operation
d55/
f277
f277:bin:5
Invalid operation
f277:bin:5
Invalid operation
Invalid operation
f277:00
Invalid operation
n49:1B 35 67 1C 99 2F 71
Invalid operation
d15
d270/
d55/
f10
f125/
f22
f224/
f285
f42
f44
f10:A4 E2 27 EF 06
d55:dir:0
f10:B5
f10:E2 27 EF 06
Invalid operation
Invalid operation
Invalid operation
Invalid operation
Invalid operation
d122
d15
d55/
f10
f125/
f22
f224/
f285
f42
f44
n71
f42:v119l-vvug099k9vl_zk867lq0j k3lhbcz9x
d55:dir:0
d122
d15
d55/
f10
f125/
f22
f224/
f285
f29/
f42
f44
n71
Invalid operation
Invalid operation
d253:8ql_86t47skd4.h6555k_wgbu jat0m3a4guu6m-d
d133
d136/
d164/
d169/
d176/
d242
d25/
d253
d6/
d75
f140
f15/
f229
f243
f277/
n8/
/f65/d74/f122/d253
Invalid operation
d136/
d164/
d176/
d242
d25/
d253
d257/
d47
d6/
d75
f140
f15/
f229
f243
f266
f277/
f284/
n8/
Invalid operation
d25:dir:0
Invalid operation
d136/
d167
d222/
d242
d25/
d257/
d39
d6/
d75
d78
f116
f137/
f140
f20/
f252/
f277/
f284/
f62/
n8/
d136/
d167
d222/
d242
d25/
d257/
d39
d6/
d75
d78
f116
f137/
f140
f20/
f252/
f277/
f284/
f62/
n8/
d25:dir:0
Invalid operation
f140:fn8z2kpv81u
d75:17
f140:11
d167:9
f116:2
d242:0
d25:dir:0
Invalid operation
d167
d222/
d242
d25/
d257/
d28/
d39
d6/
d75
d78
f137/
f140
f20/
f225/
f252/
f277/
f284/
n29
d167
d222/
d242
d25/
d28/
d39
d6/
d75
d78
f137/
f140
f20/
f225/
f252/
f277/
f284/
n29
d167
d222/
d242
d25/
d28/
d39
d75
d78
f137/
f140
f20/
f225/
f252/
f277/
f284/
n29
Invalid operation
Invalid operation
d25:dir:0
/f65/d74/f122/f140
d75:97 E9 CE 0A
f140:fn8z2kpv81utu9nsrqkx--jzrs
d167
d222/
d25/
d276/
d28/
d282/
d39
d46
d75
d78
f137/
f140
f252/
f277/
f284/
f32/
f77/
n11
n29
f140:26
d75:15
d167
d222/
d25/
d261
d276/
d28/
d282/
d39
d46
d75
d78
f137/
f140
f252/
f277/
f284/
f77/
n11
n29
f140:fn8z2kpv81utu9nsrqkx--jzrsmks1dl7 g6boo-6z
Invalid operation
Invalid operation
d261:17
d224:14
f267:11
n53:6
d90:3
d122:1
d93:0
Invalid operation
Invalid operation
Invalid operation
n49:19
d105/
d164/
d17
d74/
d98
f112
f53/
f95
n49
n86/
n99
Invalid operation
Invalid operation
n49:23
f82:10
n99:8
d105/
d113
d164/
d17
d74/
d98
f112
f53/
f82
f95
n20/
n49
n86/
n99
Invalid operation
n49:60 87 00 CB FC 9C 86 9F
d105/
d113
d164/
d17
d74/
d98
f112
f15/
f53/
f82
f95
n20/
n49
n86/
n99
Invalid operation
d105/
d113
d164/
d17
d74/
d98
f112
f15/
f53/
f82
f95
n20/
n49
n99
Invalid operation
Invalid operation
d105/
d113
d114
d164/
d17
d275
d47/
d74/
d95/
d98
f112
f15/
f53/
f82
n20/
n49
n99
d105/
d113
d114
d164/
d17
d47/
d74/
d95/
d98
f15/
f53/
f79
f82
n20/
n49
n99
Invalid operation
Invalid operation
Invalid operation
/f65/n49
n49:9C
Invalid operation
Invalid operation
Invalid operation
d105/
d113
d114
d164/
d17
d271
d47/
d95/
d98
f15/
f53/
f79
f82
n20/
n49
n68
n73
n99
Invalid operation
d105/
d113
d114
d164/
d17
d271
d47/
d95/
d98
f15/
f53/
f79
f82
n20/
n49
n68
n73
n99
Invalid operation
d105/
d113
d114
d164/
d17
d271
d47/
d95/
d98
f123
f15/
f53/
f79
f82
n20/
n49
n68
n73
n99
d109/
d116/
d120
d124/
d148/
d152/
d164/
d222
d230
d245
d252
d256/
d26/
d268
d272
d276
d280
d3/
d67
d73
d89
d95/
f0/
f106
f126/
f130/
f133/
f137
f165/
f175
f192/
f232/
f234
f243/
f244/
f26/
f260/
f27/
f276/
f290
f299
f49/
f52
f57
f65/
f7/
f89
n112/
n15/
n57/
n65/
n85
d109/
d116/
d120
d124/
d148/
d152/
d164/
d222
d230
d245
d252
d256/
d26/
d268
d272
d276
d280
d3/
d67
d73
d89
d95/
f0/
f106
f126/
f130/
f133/
f137
f148/
f165/
f175
f192/
f193/
f232/
f234
f243/
f244/
f26/
f260/
f27/
f276/
f290
f49/
f52
f57
f65/
f7/
f89
n112/
n15/
n57/
n65/
n85
Invalid operation
Invalid operation
d73:202
d222:30
f234:17
d273:14
d276:12
d73:27zuk3vv 0k6qhb-nvfcf2s6y avptvb3hgeddqc_p8r5b7ilg3-3_tvgotn1gkk6j.4v _p.-mjy-2is3dlf7liy xarktqw8 km3_55xyxx71d39t-6upzw 4uqy5q28lj5jyssuk5pl5nvwpb_63tdu n7ovy3kx89yk64zury 0tglyqx4rxxh7tt rwytz_14m-fy
Invalid operation
d73:27zuk3vv 0k6qhb-nvfcf2s6y avptvb3hgeddqc_p8r5b7ilg3-3_tvgotn1gkk6j.4v _p.-mjy-2is3dlf7liy xarktqw8 km3_55xyxx71d39t-6upzw 4uqy5q28lj5jyssuk5pl5nvwpb_63tdu n7ovy3kx89yk64zury 0tglyqx4rxxh7tt rwytz_14m-fya1f_gknulv1g1o
d109/
d116/
d120
d124/
d148/
d152/
d164/
d222
d230
d245
d252
d256/
d26/
d268
d272
d273
d274
d276
d280
d3/
d67
d73
d89
d95/
f0/
f106
f126/
f130/
f133/
f137
f148/
f165/
f175
f192/
f193/
f208
f232/
f234
f243/
f244/
f26/
f260/
f27/
f276/
f290
f299
f49/
f52
f57
f65/
f7/
f85/
f89
n112/
n15/
n57/
n65/
n85
d109/
d116/
d120
d124/
d148/
d152/
d164/
d222
d230
d245
d252
d256/
d26/
d268
d272
d273
d274
d276
d280
d3/
d67
d73
d89
d95/
f0/
f106
f126/
f130/
f133/
f137
f148/
f165/
f175
f192/
f193/
f208
f232/
f234
f243/
f244/
f26/
f260/
f27/
f276/
f290
f299
f49/
f52
f57
f65/
f7/
f85/
f89
n112/
n15/
n57/
n65/
n85
d109/
d116/
d120
d124/
d148/
d152/
d164/
d222
d230
d245
d252
d256/
d26/
d268
d272
d273
d274
d276
d280
d3/
d67
d73
d89
d95/
f0/
f106
f126/
f130/
f133/
f137
f148/
f165/
f175
f192/
f193/
f208
f232/
f234
f243/
f244/
f26/
f260/
f27/
f276/
f290
f299
f49/
f52
f57
f65/
f7/
f85/
f89
n112/
n15/
n57/
n65/
n85
Invalid operation
Invalid operation
d109/
d116/
d120
d124/
d148/
d152/
d164/
d222
d230
d245
d252
d26/
d268
d272
d273
d274
d276
d280
d3/
d67
d71
d73
d89
d95/
f0/
f106
f126/
f130/
f133/
f137
f148/
f165/
f175
f192/
f193/
f208
f232/
f234
f243/
f244/
f26/
f260/
f27/
f276/
f290
f299
f49/
f52
f57
f65/
f7/
f85/
f89
n112/
n15/
n57/
n65/
n85
d73:27zuk3vv 0k6qhb-nvfcf2s6y avptvb3hgeddqc_p8r5b7ilg3-3_tvgotn1gkk6j.4v _p.-mjy-2is3dlf7liy xarktqw8 km3_55xyxx71d39t-6upzw 4uqy5q28lj5jyssuk5pl5nvwpb_63tdu n7ovy3kx89yk64zury 0tglyqx4rxxh7tt rwytz_14m-fya1f_gknulv1g1o
Invalid operation
Invalid operation
n57:dir:0
Invalid operation
Invalid operation
Invalid operation
d107
d109/
d116/
d120
d124/
d148/
d152/
d164/
d211
d222
d230
d245
d252
d26/
d273
d274
d276
d280
d3/
d67
d71
d73
d89
d95/
f0/
f126/
f130/
f133/
f137
f138/
f148/
f150/
f165/
f175
f192/
f193/
f208
f232/
f234
f244/
f26/
f260/
f276/
f290
f299
f49/
f52
f57
f65/
f7/
f85/
f89
n112/
n15/
n22/
n25/
n57/
n65/
n85
n99
d291
n51
d291
n51
Invalid operation
d73:241
d222:30
f234:17
d73:241
d222:30
f234:17
d222:4C 7D 00 0C 19 0A CC 4B 0B 0D 18 0A 2A 00 00 00 00 00 40 E6 00 00
d73:241
d222:30
f234:17
d107
d109/
d116/
d120
d124/
d148/
d152/
d164/
d211
d222
d230
d245
d252
d26/
d273
d274
d276
d280
d3/
d67
d71
d73
d89
d95/
f0/
f126/
f130/
f133/
f137
f138/
f148/
f150/
f165/
f175
f192/
f193/
f208
f232/
f234
f244/
f26/
f260/
f276/
f290
f299
f49/
f52
f57
f65/
f7/
f85/
f89
n112/
n15/
n22/
n25/
n57/
n65/
n85
n99
d222:4C 6D 29 39 FC 5C FD 4C 7D 00 0C 19 0A CC 4B 0B 0D CC A1 7C A2 A4 00 00
d73:242
d222:30
f234:17
d222:7C 15 3B 2F A8 1C 59
d73:27zuk3vv 0k6qhb-nvfcf2s6y avptvb3hgeddqc_p8r5b7ilg3-3_tvgotn1gkk6j.4v _p.-mjy-2is3dlf7liy xarktqw8 km3_55xyxx71d39t-6upzw 4uqy5q28lj5jyssuk5pl5nvwpb_63tdu n7ovy3kx89yk64zury 0tglyqx4rxxh7tt rwytz_14m-fya1f_gknulv1g1oopqbh8qhhzjevd4ys1a3fn6k1x
Invalid operation
d73:242
d222:30
f234:17
d73:242
d222:33
f234:17
d73:242
d222:33
f234:17
n57:dir:0
Invalid operation
d73:248
d222:31
f234:17
Invalid operation
d164/
d222:FD 4C 7D 00 0C 19 0A CC 4B 0B 0D CC A1 7C 15
Invalid operation
d73:27zuk3vv 0k6qhb-nvfcf2s6y avptvb3hgeddqc_p8r5b7ilg3-3_tvgotn1gkk6j.4v _p.-mjy-2is3dlf7liy xarktqw8 km3_55xyxx71d39t-6upzw 4uqy5q28lj5jyssuk5pl5nvwpb_63tdu n7ovy3kx89yk64zury 0tglyqx4rxxh7tt rwytz_14m-fya1f_gknulv1g1oopqbh8qhhzjevd4ys1a3fn6k1x626zuv
d239/
Null
Null
Null
f98:o8pgg1v x3s7d2-e0
Invalid operation
Invalid operation
d143
d219/
d84/
f98
f98:md:21
Invalid operation
d143
d236
d84/
f98
/d164/f98
Invalid operation
Invalid operation
Invalid operation
d143
d215
d236
d60
d84/
f225
f297/
f44
f98
Invalid operation
f98:18
Invalid operation
Invalid operation
d107
d109/
d116/
d120
d124/
d148/
d152/
d164/
d211
d222
d230
d245
d252
d26/
d273
d274
d276
d280
d3/
d67
d71
d73
d89
d95/
f0/
f126/
f130/
f133/
f137
f138/
f148/
f150/
f165/
f175
f192/
f193/
f208
f232/
f234
f244/
f26/
f260/
f276/
f290
f32
f49/
f52
f57
f65/
f7/
f85/
f89
n112/
n15/
n22/
n25/
n57/
n65/
n85
n99
d73:248
d222:33
f234:17
d222:E1 4B 0B 0D CC A1 7C 15 3B 2F A8 1C 59 51 E9
d73:248
d222:33
f234:17
d107
d109/
d116/
d120
d124/
d148/
d152/
d164/
d211
d222
d230
d245
d252
d26/
d273
d274
d276
d280
d3/
d67
d71
d73
d89
d95/
f0/
f126/
f130/
f133/
f137
f138/
f148/
f150/
f165/
f175
f192/
f193/
f208
f232/
f234
f244/
f26/
f260/
f276/
f290
f32
f49/
f52
f57
f65/
f7/
f85/
f89
n112/
n15/
n22/
n25/
n57/
n65/
n85
n99
d73:248
d222:33
f234:17
d107
d109/
d116/
d120
d124/
d148/
d152/
d164/
d211
d222
d230
d245
d252
d26/
d273
d274
d276
d280
d3/
d67
d71
d73
d89
d95/
f0/
f126/
f130/
f133/
f137
f138/
f148/
f150/
f165/
f175
f192/
f193/
f208
f232/
f234
f244/
f26/
f260/
f276/
f290
f32
f49/
f52
f57
f65/
f7/
f85/
f89
n112/
n15/
n22/
n25/
n57/
n65/
n85
n99
d73:248
d222:33
f234:17
Invalid operation
d73:265
d222:34
f234:17
Invalid operation
d107
d109/
d116/
d120
d124/
d148/
d152/
d164/
d211
d222
d229
d230
d245
d252
d26/
d273
d274
d280
d3/
d67
d71
d73
d89
d95/
f0/
f126/
f130/
f133/
f137
f138/
f148/
f150/
f165/
f175
f192/
f193/
f208
f232/
f234
f244/
f26/
f260/
f276/
f290
f32
f49/
f52
f57
f65/
f7/
f89
n112/
n15/
n22/
n25/
n57/
n65/
n85
n99
Invalid operation
d107
d109/
d116/
d120
d124/
d148/
d152/
d164/
d211
d222
d229
d245
d252
d26/
d273
d274
d280
d3/
d67
d71
d73
d75
d89
d95/
f0/
f126/
f130/
f133/
f137
f138/
f148/
f150/
f165/
f175
f192/
f193/
f208
f232/
f234
f244/
f26/
f260/
f276/
f290
f32
f49/
f52
f65/
f7/
f89
n112/
n15/
n22/
n25/
n57/
n65/
n85
n99
d73:267
d107
d109/
d114/
d116/
d120
d124/
d148/
d152/
d164/
d211
d222
d229
d245
d252
d26/
d273
d274
d280
d3/
d67
d71
d73
d75
d89
d95/
f0/
f126/
f130/
f133/
f137
f138/
f148/
f150/
f165/
f175
f192/
f193/
f208
f232/
f234
f244/
f26/
f260/
f276/
f290
f32
f49/
f52
f65/
f7/
f89
n112/
n15/
n22/
n25/
n46/
n57/
n65/
n85
n99
d73:267
d222:40
f234:17
d73:267
d222:40
f234:17
Invalid operation
d73:267
d222:40
f234:17
/d73
d107
d109/
d114/
d116/
d120
d124/
d148/
d152/
d164/
d211
d222
d229
d245
d252
d26/
d273
d274
d280
d3/
d67
d71
d73
d75
d89
d95/
f0/
f126/
f130/
f133/
f137
f138/
f148/
f150/
f165/
f175
f192/
f193/
f208
f232/
f234
f244/
f26/
f260/
f276/
f290
f32
f49/
f52
f65/
f7/
f89
n112/
n15/
n22/
n25/
n46/
n57/
n65/
n85
n99
d73:267
d222:40
f234:17
Invalid operation
d107
d109/
d114/
d116/
d120
d124/
d134
d148/
d152/
d164/
d211
d222
d229
d245
d252
d26/
d273
d274
d280
d3/
d67
d71
d73
d75
d89
d95/
f0/
f126/
f130/
f133/
f137
f138/
f148/
f150/
f165/
f175
f192/
f193/
f208
f232/
f234
f244/
f26/
f260/
f276/
f290
f32
f49/
f52
f65/
f7/
f89
n112/
n15/
n22/
n25/
n46/
n57/
n85
n99
d107
d109/
d114/
d116/
d120
d124/
d134
d148/
d152/
d164/
d211
d222
d229
d245
d252
d26/
d273
d274
d280
d3/
d67
d71
d73
d75
d89
d95/
f0/
f126/
f130/
f133/
f137
f138/
f148/
f150/
f165/
f175
f192/
f193/
f208
f232/
f234
f244/
f26/
f260/
f276/
f290
f32
f49/
f52
f65/
f7/
f89
n112/
n15/
n22/
n25/
n46/
n57/
n85
n99
d121
Null
d107
d109/
d114/
d116/
d120
d124/
d148/
d152/
d164/
d211
d222
d229
d245
d252
d26/
d273
d274
d280
d3/
d67
d71
d73
d75
d89
d95/
f0/
f126/
f130/
f133/
f137
f138/
f148/
f150/
f165/
f175
f181/
f192/
f193/
f208
f232/
f234
f244/
f26/
f260/
f276/
f290
f32
f49/
f52
f65/
f7/
n112/
n15/
n22/
n25/
n46/
n57/
n85
n99
d101
d107
d109/
d114/
d120
d124/
d148/
d152/
d164/
d211
d222
d229
d245
d252
d26/
d273
d274
d280
d3/
d41/
d67
d71
d73
d75
d89
d95/
f0/
f126/
f130/
f137
f138/
f148/
f150/
f165/
f175
f181/
f192/
f193/
f208
f232/
f234
f244/
f26/
f260/
f276/
f290
f32
f49/
f52
f65/
f7/
n112/
n15/
n22/
n25/
n46/
n57/
n85
n99
Invalid operation
Invalid operation
d73:269
d222:42
f234:17
Invalid operation
d73:27zuk3vv 0k6qhb-nvfcf2s6y avptvb3hgeddqc_p8r5b7ilg3-3_tvgotn1gkk6j.4v _p.-mjy-2is3dlf7liy xarktqw8 km3_55xyxx71d39t-6upzw 4uqy5q28lj5jyssuk5pl5nvwpb_63tdu n7ovy3kx89yk64zury 0tglyqx4rxxh7tt rwytz_14m-fya1f_gknulv1g1oopqbh8qhhzjevd4ys1a3fn6k1x626zuvbi-bds17zhuxmwnskxx1h
d101
d107
d109/
d114/
d120
d124/
d148/
d152/
d164/
d211
d222
d229
d245
d252
d26/
d273
d274
d280
d3/
d41/
d67
d71
d73
d75
d89
d95/
f0/
f126/
f130/
f137
f138/
f148/
f150/
f165/
f169
f175
f181/
f192/
f193/
f208
f232/
f234
f244/
f260/
f276/
f290
f32
f49/
f52
f65/
f7/
n112/
n15/
n22/
n25/
n46/
n57/
n85
n99
d101
d107
d109/
d114/
d120
d124/
d148/
d152/
d164/
d211
d222
d229
d245
d252
d26/
d273
d274
d280
d3/
d41/
d67
d71
d73
d75
d89
d95/
f0/
f126/
f130/
f137
f138/
f148/
f150/
f165/
f169
f175
f181/
f192/
f193/
f208
f232/
f234
f244/
f260/
f276/
f290
f32
f49/
f52
f65/
f7/
n112/
n15/
n22/
n25/
n46/
n57/
n85
n99
d73:269
d222:42
f234:17
Invalid operation
d73:269
d222:42
f234:17
d73:269
d222:42
f234:17
Invalid operation
Invalid operation
d73:27zuk3vv 0k6qhb-nvfcf2s6y avptvb3hgeddqc_p8r5b7ilg3-3_tvgotn1gkk6j.4v _p.-mjy-2is3dlf7liy xarktqw8 km3_55xyxx71d39t-6upzw 4uqy5q28lj5jyssuk5pl5nvwpb_63tdu n7ovy3kx89yk64zury 0tglyqx4rxxh7tt rwytz_14m-fya1f_gknulv1g1oopqbh8qhhzjevd4ys1a3fn6k1x626zuvbi-bds17zhuxmwnskxx1h
Invalid operation
Invalid operation
/d73
d45:1
Invalid operation
n85:9D CB 00 00
Invalid operation
Invalid operation
Invalid operation
d172
Invalid operation
f53:dir:0
f189/
f53/
Invalid operation
Invalid operation
n57:dir:0
Invalid operation
Invalid operation
Invalid operation
d101
d107
d109/
d114/
d120
d124/
d148/
d152/
d164/
d211
d222
d229
d245
d252
d26/
d273
d280
d3/
d41/
d67
d71
d73
d75
d89
d95/
f0/
f126/
f130/
f137
f138/
f148/
f150/
f165/
f169
f175
f181/
f192/
f193/
f208
f232/
f234
f244/
f26/
f260/
f276/
f290
f32
f49/
f52
f65/
f7/
n112/
n15/
n22/
n25/
n46/
n57/
n85
f243:26
f137:17
f163:13
f243:26
Null
Invalid operation
f137
f150/
f163
f243
n108/
Invalid operation
d101
d107
d109/
d114/
d120
d124/
d148/
d152/
d164/
d211
d222
d229
d245
d252
d26/
d273
d280
d3/
d41/
d67
d71
d73
d75
d89
d95/
f0/
f126/
f130/
f137
f138/
f148/
f150/
f165/
f169
f175
f181/
f192/
f193/
f208
f232/
f234
f244/
f26/
f260/
f276/
f290
f32
f49/
f52
f65/
f7/
n112/
n15/
n22/
n25/
n46/
n57/
n85
f268/
f283
f296
f3/
f41
n19
f3:dir:0
d60/
f268/
f283
f3/
n116/
n19
Invalid operation
Invalid operation
Null
d60/
f283
f3/
n116/
n19
Invalid operation
Invalid operation
Invalid operation
Invalid operation
d60/
f268/
f47
n116/
n19
d60/
f268/
f47
n116/
n19
/d26/n19
f47
n85:89 79 9A
Invalid operation
d198
f173
d198
f173
f173:reg
Invalid operation
f173:md:4
/d26/f173
Invalid operation
d101
d107
d109/
d114/
d120
d124/
d148/
d152/
d164/
d211
d222
d229
d245
d252
d26/
d273
d280
d41/
d67
d71
d73
d75
d89
d95/
f0/
f126/
f130/
f137
f138/
f148/
f165/
f169
f181/
f192/
f193/
f208
f232/
f234
f244/
f26/
f260/
f276/
f290
f32
f49/
f52
f65/
f7/
n112/
n22/
n25/
n46/
n57/
n85
n85:FF ED C9 9C 8F B4 89 79 9A 69 07 D1 83
d101
d107
d109/
d114/
d120
d124/
d148/
d152/
d164/
d211
d222
d229
d245
d252
d26/
d273
d280
d41/
d67
d71
d73
d75
d89
d95/
f0/
f126/
f130/
f137
f138/
f148/
f165/
f169
f181/
f192/
f193/
f208
f232/
f234
f244/
f26/
f260/
f276/
f290
f32
f49/
f52
f65/
f7/
n112/
n22/
n25/
n46/
n57/
n85
Invalid operation
Invalid operation
d101
d107
d109/
d114/
d120
d124/
d130/
d148/
d152/
d164/
d211
d222
d245
d252
d26/
d273
d280
d41/
d67
d71
d73
d75
d89
d95/
f0/
f126/
f130/
f137
f138/
f148/
f165/
f169
f181/
f192/
f193/
f232/
f234
f244/
f26/
f260/
f276/
f290
f32
f41
f49/
f52
f65/
f7/
n112/
n22/
n25/
n46/
n57/
n85
n57:dir:0
Invalid operation
n57:dir:0
d101
d107
d109/
d114/
d120
d124/
d130/
d148/
d152/
d164/
d211
d222
d229
d245
d252
d26/
d273
d280
d67
d71
d73
d75
d95/
f0/
f107/
f126/
f130/
f137
f138/
f148/
f165/
f169
f181/
f192/
f193/
f232/
f234
f244/
f26/
f260/
f276/
f290
f32
f41
f49/
f52
f65/
f7/
n112/
n22/
n25/
n46/
n57/
n85
/d73
n57:dir:0
n85:07 D1 83 E1 12 00
Invalid operation
Invalid operation
Invalid operation
d107
d114/
d120
d124/
d130/
d148/
d149
d152/
d164/
d211
d222
d229
d245
d252
d26/
d273
d280
d67
d71
d73
d75
d78/
d95/
f0/
f107/
f130/
f137
f138/
f148/
f165/
f181/
f192/
f193/
f232/
f234
f244/
f26/
f260/
f276/
f290
f32
f41
f49/
f52
f65/
f69
f7/
n112/
n25/
n46/
n57/
n85
Invalid operation
d107
d114/
d120
d124/
d130/
d148/
d149
d152/
d164/
d211
d222
d229
d245
d252
d26/
d273
d280
d67
d71
d73
d75
d78/
d95/
f0/
f107/
f130/
f137
f138/
f148/
f165/
f181/
f192/
f193/
f232/
f234
f244/
f26/
f260/
f276/
f290
f32
f41
f49/
f52
f65/
f69
f7/
n112/
n25/
n39/
n46/
n57/
n85
Invalid operation
Invalid operation
n85:00
Invalid operation
Invalid operation
d107
d114/
d120
d124/
d130/
d148/
d149
d152/
d164/
d211
d222
d229
d245
d252
d26/
d273
d280
d67
d71
d73
d75
d78/
d94
d95/
f0/
f107/
f130/
f137
f138/
f148/
f165/
f181/
f192/
f193/
f232/
f234
f244/
f26/
f260/
f276/
f290
f299
f32
f41
f49/
f52
f65/
f69
f7/
n112/
n25/
n39/
n46/
n57/
n85
Invalid operation
d143:BF 05 9B A4 C9 9A 4D 6D AB 51
Invalid operation
d89
f208/
Invalid operation
d89
f208/
Invalid operation
f63:txt:17
f208:dir:0
d258
d38
d61/
d89
f188
f208/
f260/
d38:E9 A7 B5 00 00
Invalid operation
f9/
d38:A7
f73
d38:A7 B5 00
d87/
f9/
Invalid operation
Null
Invalid operation
f208:dir:0
Invalid operation
f63:18
f208/
├── d275/
├── f63
└── n21
d275/
f63
n21
f63:y6nnqxy7l-911j_5ta
d38:71 B0 11
Invalid operation
Invalid operation
Invalid operation
Invalid operation
d258:whq3osig470gt5
d258
d38
d61/
f188
f208/
f260/
n76
n9:
Invalid operation
n9:
d143:51 9F FA
d143:28
f98:19
d60:11
d143
d158
d215
d236
d39
d60
d84/
f177/
f225
f297/
f43/
f44
f98
n41
n60/
n69/
d143
d158
d215
d236
d39
d60
d84/
f177/
f225
f297/
f43/
f44
f98
n41
n60/
n69/
d143:3F 28 81 BF 05
Invalid operation
Invalid operation
d120/
d38
d61/
f188
f208/
f260/
n76
Invalid operation
Invalid operation
Invalid operation
n14/
n9
n9:txt:4
n9
n9:18
/d164/f43/f260/n9
Invalid operation
Invalid operation
d73:27zuk3vv 0k6qhb-nvfcf2s6y avptvb3hgeddqc_p8r5b7ilg3-3_tvgotn1gkk6j.4v _p.-mjy-2is3dlf7liy xarktqw8 km3_55xyxx71d39t-6upzw 4uqy5q28lj5jyssuk5pl5nvwpb_63tdu n7ovy3kx89yk64zury 0tglyqx4rxxh7tt rwytz_14m-fya1f_gknulv1g1oopqbh8qhhzjevd4ys1a3fn6k1x626zuvbi-bds17zhuxmwnskxx1hxa8nvh-f842wqcbp3xxf5jx1y--oai9zviq7f3 uoffjufnw.n.pnpz4_ .a9t.8 c45pfnwnewvd3gxdr3wxxc7g0g.yt0mx
d107
d114/
d120
d124/
d130/
d148/
d149
d152/
d164/
d211
d222
d229
d245
d252
d26/
d273
d280
d290/
d30
d67
d71
d73
d75
d78/
d94
d95/
f0/
f107/
f130/
f137
f138/
f148/
f165/
f181/
f192/
f193/
f232/
f234
f244/
f26/
f260/
f276/
f290
f299
f41
f49/
f52
f65/
f69
f7/
n112/
n25/
n39/
n46/
n57/
n85
Invalid operation
Invalid operation
Invalid operation
n104:dir:0
n85:85 CA D6 A4 25
Invalid operation
d107
d114/
d120
d124/
d130/
d148/
d149
d164/
d211
d222
d229
d245
d252
d26/
d273
d280
d290/
d30
d67
d71
d73
d75
d78/
d94
d95/
f0/
f130/
f137
f138/
f148/
f165/
f181/
f192/
f193/
f212
f232/
f234
f244/
f26/
f260/
f276/
f290
f299
f41
f49/
f52
f65/
f69
f7/
f74
n112/
n25/
n39/
n46/
n57/
n85
Invalid operation
Invalid operation
Invalid operation
d199/
d62/
f111
f29/
f38/
/f276/f111
Invalid operation
n57:dir:0
n85:53 6B
Invalid operation
/d73
d107
d114/
d120
d124/
d130/
d148/
d149
d164/
d211
d217/
d222
d229
d245
d252
d26/
d273
d280
d290/
d30
d67
d71
d73
d75
d78/
d94
d95/
f0/
f130/
f137
f138/
f148/
f165/
f181/
f192/
f193/
f212
f232/
f234
f244/
f26/
f260/
f276/
f290
f299
f41
f49/
f52
f65/
f69
f7/
f74
n112/
n25/
n39/
n46/
n57/
n85
d107
d114/
d120
d124/
d130/
d148/
d149
d164/
d211
d217/
d222
d229
d245
d252
d26/
d273
d280
d290/
d30
d67
d71
d73
d75
d78/
d94
d95/
f0/
f130/
f137
f138/
f148/
f165/
f181/
f192/
f193/
f212
f232/
f234
f244/
f26/
f260/
f276/
f290
f299
f41
f49/
f52
f65/
f69
f7/
f74
n112/
n25/
n39/
n46/
n57/
n85
n85:58 57 E4 7F 9D CB 00 00 FF ED C9 9C 8F B4 97 53 6B 69 07 D1 12 F6 D2 18 00 00 00 00 0E A3 85
Invalid operation
Null
n85:CA D6 A4
d186/
d7
Invalid operation
f148/
└── f149
n85:58 57 E4 7F 9D CB 00 00 FF ED C9 9C 8F B4 97 53 6B 69
n57:dir:0
n92/
f148/
Invalid operation
Invalid operation
d107
d114/
d120
d124/
d130/
d133/
d148/
d149
d164/
d211
d217/
d222
d229
d245
d252
d26/
d273
d280
d290/
d30
d67
d71
d73
d75
d78/
d94
d95/
f0/
f130/
f137
f138/
f148/
f165/
f181/
f192/
f193/
f212
f232/
f234
f244/
f26/
f260/
f276/
f290
f299
f41
f49/
f52
f65/
f69
f7/
f74
n112/
n25/
n39/
n46/
n57/
n85
Null
d107
d114/
d120
d124/
d130/
d133/
d148/
d149
d164/
d211
d217/
d222
d229
d245
d252
d26/
d273
d280
d290/
d30
d67
d73
d75
d78/
d91/
d94
d95/
d99/
f0/
f130/
f137
f138/
f148/
f165/
f181/
f192/
f193/
f212
f232/
f234
f244/
f260/
f27/
f276/
f290
f299
f41
f49/
f52
f65/
f69
f7/
f74
n112/
n25/
n39/
n46/
n57/
n85
Invalid operation
/d73
d73:382
d222:42
n85:42
d73:382
d222:42
n85:42
d73:382
n85:45
d222:42
d73:391
n85:45
d222:42
d73:391
n85:45
d222:42
Invalid operation
d107
d114/
d120
d130/
d133/
d148/
d149
d16/
d164/
d211
d217/
d222
d229
d245
d252
d26/
d273
d280
d290/
d30
d67
d73
d75
d78/
d91/
d94
d95/
f0/
f117/
f130/
f137
f138/
f148/
f165/
f181/
f192/
f193/
f212
f232/
f234
f244/
f260/
f27/
f276/
f290
f299
f41
f49/
f52
f65/
f69
f7/
f74
n112/
n25/
n39/
n46/
n57/
n85
/f276/d104
d199:dir:0
f148:00
d49:5
Invalid operation
Invalid operation
f100
f129/
d104:26
n3:5
n82:4
f148:1
d196:0
n31:0
Invalid operation
Invalid operation
Invalid operation
n57:dir:0
/d280
Invalid operation
d73:397
d222:42
n85:42
d107
d114/
d120
d130/
d133/
d137
d148/
d149
d16/
d178/
d211
d217/
d22
d222
d229
d245
d254
d26/
d273
d280
d290/
d30
d67
d73
d75
d78/
d91/
d94
d95/
f0/
f117/
f130/
f137
f138/
f165/
f181/
f192/
f212
f232/
f234
f244/
f260/
f27/
f276/
f290
f299
f41
f49/
f52
f65/
f69
f7/
f74
n112/
n25/
n39/
n46/
n57/
n85
d73:398
d222:42
n85:42
d107
d114/
d120
d130/
d133/
d137
d146
d148/
d149
d16/
d178/
d211
d217/
d22
d222
d229
d245
d254
d26/
d273
d280
d290/
d30
d67
d73
d75
d78/
d91/
d94
d95/
f0/
f117/
f130/
f137
f138/
f165/
f181/
f189/
f192/
f212
f232/
f234
f244/
f260/
f27/
f276/
f290
f299
f41
f49/
f52
f65/
f7/
f74
n112/
n25/
n39/
n46/
n57/
n85
Invalid operation
d107
d114/
d120
d130/
d133/
d137
d146
d148/
d149
d16/
d178/
d211
d217/
d22
d222
d229
d245
d254
d26/
d273
d280
d290/
d30
d67
d73
d75
d78/
d91/
d94
d95/
f0/
f117/
f130/
f137
f138/
f165/
f181/
f189/
f192/
f212
f232/
f234
f244/
f260/
f27/
f276/
f290
f299
f41
f49/
f52
f65/
f7/
f74
n112/
n25/
n39/
n46/
n57/
n85
Invalid operation
/d73
d73:406
d222:42
n85:42
/d73
d107
d114/
d120
d130/
d133/
d137
d146
d148/
d149
d16/
d178/
d211
d217/
d22
d222
d245
d252
d254
d26/
d273
d280
d290/
d30
d67
d73
d75
d78/
d91/
d94
d95/
f0/
f117/
f130/
f137
f138/
f165/
f181/
f189/
f192/
f212
f232/
f234
f244/
f260/
f27/
f276/
f290
f299
f41
f49/
f52
f65/
f7/
f74
n112/
n25/
n39/
n46/
n57/
n85
/d73
Invalid operation
n57:dir:0
n57:dir:0
d73:410
n85:46
d222:42
n85:1A 5B CC 00
n85:00 00 FF 1A 64 CB 22 B3 B2 53 6B 69 07 D1 12 F6 D2 18 00 00 03
d107
d114/
d120
d130/
d133/
d137
d146
d148/
d149
d16/
d178/
d211
d217/
d22
d222
d245
d252
d254
d273
d280
d290/
d30
d67
d73
d78/
d91/
d94
d95/
f0/
f117/
f130/
f137
f138/
f165/
f181/
f189/
f192/
f212
f232/
f234
f244/
f260/
f27/
f276/
f290
f299
f41
f49/
f52
f65/
f7/
f74
n112/
n25/
n39/
n46/
n57/
n85
Invalid operation
d107
d114/
d120
d130/
d133/
d137
d146
d148/
d149
d16/
d178/
d211
d217/
d22
d222
d245
d252
d273
d280
d290/
d30
d67
d73
d78/
d91/
d94
d95/
f0/
f117/
f130/
f137
f138/
f165/
f181/
f189/
f192/
f212
f232/
f234
f244/
f260/
f27/
f276/
f290
f299
f41
f49/
f52
f65/
f7/
f74
n112/
n25/
n39/
n46/
n57/
n85
Invalid operation
Invalid operation
/d73
/d73
Invalid operation
Invalid operation
Invalid operation
Invalid operation
Null
Invalid operation
f41/
n107
f41/
n107
Invalid operation
Invalid operation
/f27/n107
d132/
f119
f41/
n57:dir:0
d107
d114/
d120
d133/
d137
d146
d149
d16/
d178/
d211
d217/
d222
d245
d263
d273
d290/
d30
d67
d73
d78/
d91/
d94
d95/
f0/
f117/
f130/
f137
f138/
f165/
f176
f181/
f189/
f192/
f194
f212
f229/
f232/
f234
f244/
f27/
f276/
f290
f299
f41
f49/
f52
f65/
f7/
f74
n112/
n25/
n39/
n46/
n57/
n85
n85:1A 5B
n85:D3 0B 04 15 1A 5B CC 00 00 00 00 00 00 00 00
n57:dir:0
d107
d114/
d133/
d137
d146
d149
d16/
d178/
d194/
d211
d217/
d222
d245
d263
d273
d290/
d30
d67
d73
d78/
d91/
d94
d95/
f0/
f117/
f120/
f130/
f137
f138/
f165/
f176
f181/
f189/
f191/
f192/
f194
f212
f229/
f232/
f234
f244/
f27/
f276/
f285
f290
f299
f41
f49/
f52
f65/
f7/
f74
n112/
n25/
n39/
n46/
n57/
n60
n85
Invalid operation
d107
d114/
d133/
d137
d146
d149
d16/
d178/
d194/
d211
d217/
d222
d245
d263
d273
d290/
d30
d67
d73
d78/
d91/
d94
d95/
f0/
f117/
f120/
f130/
f137
f138/
f165/
f176
f181/
f189/
f191/
f192/
f194
f212
f229/
f232/
f234
f244/
f27/
f276/
f285
f290
f299
f41
f49/
f52
f65/
f7/
f74
n112/
n25/
n39/
n46/
n57/
n60
n85
Invalid operation
d73:27zuk3vv 0k6qhb-nvfcf2s6y avptvb3hgeddqc_p8r5b7ilg3-3_tvgotn1gkk6j.4v _p.-mjy-2is3dlf7liy xarktqw8 km3_55xyxx71d39t-6upzw 4uqy5q28lj5jyssuk5pl5nvwpb_63tdu n7ovy3kx89yk64zury 0tglyqx4rxxh7tt rwytz_14m-fya1f_gknulv1g1oopqbh8qhhzjevd4ys1a3fn6k1x626zuvbi-bds17zhuxmwnskxx1hxa8nvh-f842wqcbp3xxf5jx1y--oai9zviq7f3 uoffjufnw.n.pnpz4_ .a9t.8 c45pfnwnewvd3gxdr3wxxc7g0g.yt0mx7-4hx9oz1fwfpu5-8yrdodm2ja k-gdxaam_0s fm3f-h8g4i6am2i.u3m
n85:5B 86 CE E3 A3 6E A5 BF 03 C4 BF 2D A9 4A 9F D3 0B 04 15 1A 5B CC 00 00 00
d107
d114/
d133/
d137
d146
d149
d16/
d178/
d194/
d211
d217/
d222
d245
d263
d273
d290/
d30
d67
d73
d78/
d91/
d95/
f0/
f117/
f120/
f130/
f137
f138/
f165/
f176
f181/
f189/
f191/
f192/
f194
f212
f229/
f232/
f234
f244/
f27/
f276/
f285
f290
f299
f41
f49/
f52
f65/
f7/
f74
n112/
n25/
n39/
n46/
n57/
n60
n73/
n85
d107
d114/
d133/
d137
d146
d149
d16/
d178/
d194/
d211
d217/
d222
d245
d263
d273
d290/
d30
d67
d73
d91/
d95/
f0/
f117/
f120/
f130/
f137
f138/
f165/
f176
f181/
f189/
f191/
f192/
f194
f212
f229/
f232/
f234
f244/
f27/
f276/
f285
f290
f299
f41
f49/
f52
f65/
f7/
f74
n112/
n25/
n39/
n46/
n57/
n60
n73/
n85
n85:A3 BC DA 9D 33
Invalid operation
Invalid operation
f92:dir:0
d107
d114/
d133/
d137
d146
d149
d16/
d178/
d194/
d211
d217/
d222
d245
d263
d273
d290/
d30
d67
d73
d91/
d93/
d95/
f0/
f117/
f120/
f130/
f137
f138/
f165/
f176
f181/
f189/
f191/
f192/
f194
f212
f229/
f232/
f234
f244/
f27/
f276/
f285
f288
f290
f299
f41
f49/
f52
f65/
f7/
f74
n112/
n25/
n39/
n46/
n57/
n60
n73/
n85
Invalid operation
/d73
d107
d114/
d133/
d137
d146
d149
d16/
d178/
d194/
d211
d217/
d222
d245
d263
d273
d290/
d30
d67
d73
d91/
d95/
f0/
f120/
f130/
f137
f138/
f165/
f176
f181/
f189/
f191/
f192/
f194
f212
f229/
f232/
f234
f244/
f27/
f276/
f285
f286/
f288
f290
f299
f41
f49/
f52
f65/
f7/
f74
n112/
n25/
n39/
n46/
n57/
n60
n73/
n85
Invalid operation
n57:dir:0
d73:424
n85:44
d222:42
d107
d114/
d133/
d137
d146
d149
d16/
d178/
d194/
d211
d217/
d222
d245
d263
d273
d29
d290/
d30
d67
d73
d91/
d95/
f0/
f120/
f130/
f137
f138/
f165/
f176
f181/
f189/
f191/
f192/
f194
f212
f229/
f232/
f234
f244/
f27/
f276/
f285
f286/
f288
f290
f299
f41
f49/
f52
f65/
f7/
f74
n112/
n25/
n39/
n46/
n57/
n60
n73/
n85
Invalid operation
Invalid operation
Invalid operation
d73:441
n85:44
d222:42
Invalid operation
Invalid operation
Invalid operation
n57:dir:0
Invalid operation
Null
d107
d114/
d137
d146
d16/
d178/
d211
d217/
d222
d245
d263
d29
d290/
d30
d67
d73
d91/
d95/
f0/
f120/
f130/
f137
f138/
f165/
f176
f181/
f189/
f191/
f192/
f194
f212
f229/
f232/
f234
f244/
f27/
f276/
f285
f286/
f288
f290
f299
f41
f49/
f52
f65/
f7/
f74
n112/
n25/
n46/
n57/
n60
n73/
n85
n57:dir:0
n85:3A 2D 18 AB 82 CF A3 6E A5 BF 03 C4 BF 2D A9 4A 9F D3 0B 04 15 1A 5B CC 00
n85:4A 9F D3
d107
d114/
d137
d146
d16/
d178/
d194/
d211
d217/
d222
d245
d263
d289
d29
d290/
d30
d67
d73
d91/
d95/
f0/
f120/
f130/
f137
f138/
f165/
f176
f181/
f187
f189/
f191/
f192/
f194
f212
f229/
f232/
f234
f244/
f27/
f276/
f285
f286/
f288
f290
f299
f41
f45/
f49/
f52
f65/
f67
f7/
f74
n25/
n46/
n57/
n60
n73/
n85
n85:A5 BF 03 C4
Invalid operation
Invalid operation
d73:455
n85:44
d222:42
f234:17
d146:16
f67:13
d211:9
Invalid operation
d107
d114/
d137
d146
d16/
d178/
d194/
d211
d217/
d222
d245
d263
d289
d29
d290/
d30
d67
d73
d91/
d95/
f0/
f120/
f130/
f137
f138/
f165/
f176
f181/
f187
f189/
f191/
f192/
f194
f211/
f212
f229/
f232/
f234
f244/
f27/
f276/
f285
f286/
f288
f290
f299
f45/
f49/
f52
f65/
f67
f7/
f74
n25/
n46/
n57/
n60
n73/
n85
d87
n4/
d87
n4/
Invalid operation
Invalid operation
Invalid operation
n85:A9 4A 9F D3 0B 04
d107
d114/
d137
d146
d16/
d178/
d194/
d211
d217/
d222
d245
d263
d289
d29
d290/
d30
d67
d73
d91/
d95/
f0/
f120/
f130/
f137
f138/
f165/
f176
f181/
f187
f189/
f191/
f192/
f194
f206
f211/
f212
f229/
f232/
f234
f244/
f27/
f276/
f285
f286/
f288
f290
f299
f45/
f49/
f52
f65/
f67
f7/
f74
n25/
n46/
n57/
n60
n73/
n85
d73:457
n85:44
d222:42
Invalid operation
n85:CF 9D 29 93 BF 03 C4 BF 0D 5D 4A 9F
d107
d114/
d137
d146
d16/
d178/
d194/
d211
d217/
d222
d245
d263
d289
d29
d290/
d30
d67
d73
d91/
d95/
f0/
f120/
f137
f138/
f165/
f176
f181/
f187
f189/
f191/
f192/
f194
f206
f211/
f229/
f232/
f234
f244/
f27/
f276/
f285
f286/
f288
f290
f299
f49/
f52
f65/
f67
f7/
f74
n25/
n46/
n57/
n60
n73/
n85
d107
d114/
d137
d146
d16/
d178/
d194/
d211
d217/
d245
d263
d289
d29
d290/
d30
d67
d73
d91/
d95/
f0/
f120/
f137
f138/
f165/
f176
f181/
f187
f189/
f191/
f192/
f194
f206
f211/
f229/
f232/
f234
f244/
f27/
f276/
f285
f286/
f288
f290
f299
f49/
f52
f65/
f67
f7/
f74
n25/
n46/
n57/
n60
n73/
n85
d73:27zuk3vv 0k6qhb-nvfcf2s6y avptvb3hgeddqc_p8r5b7ilg3-3_tvgotn1gkk6j.4v _p.-mjy-2is3dlf7liy xarktqw8 km3_55xyxx71d39t-6upzw 4uqy5q28lj5jyssuk5pl5nvwpb_63tdu n7ovy3kx89yk64zury 0tglyqx4rxxh7tt rwytz_14m-fya1f_gknulv1g1oopqbh8qhhzjevd4ys1a3fn6k1x626zuvbi-bds17zhuxmwnskxx1hxa8nvh-f842wqcbp3xxf5jx1y--oai9zviq7f3 uoffjufnw.n.pnpz4_ .a9t.8 c45pfnwnewvd3gxdr3wxxc7g0g.yt0mx7-4hx9oz1fwfpu5-8yrdodm2ja k-gdxaam_0s fm3f-h8g4i6am2i.u3mzh9f0-4lbmik_7m.yunj3uvv9k-fm_2fg
d214
d214:.-kk1ejxm m3cq2drbdc
d101/
d214
d27/
Invalid operation
/f189/d214
d107
d114/
d132
d137
d146
d16/
d178/
d194/
d211
d217/
d245
d263
d289
d29
d290/
d30
d67
d73
d91/
d95/
f0/
f120/
f137
f138/
f165/
f176
f181/
f187
f189/
f191/
f192/
f194
f206
f211/
f229/
f232/
f234
f244/
f27/
f276/
f285
f286/
f288
f290
f299
f49/
f52
f65/
f67
f7/
f74
n25/
n46/
n57/
n60
n73/
n85
d73:27zuk3vv 0k6qhb-nvfcf2s6y avptvb3hgeddqc_p8r5b7ilg3-3_tvgotn1gkk6j.4v _p.-mjy-2is3dlf7liy xarktqw8 km3_55xyxx71d39t-6upzw 4uqy5q28lj5jyssuk5pl5nvwpb_63tdu n7ovy3kx89yk64zury 0tglyqx4rxxh7tt rwytz_14m-fya1f_gknulv1g1oopqbh8qhhzjevd4ys1a3fn6k1x626zuvbi-bds17zhuxmwnskxx1hxa8nvh-f842wqcbp3xxf5jx1y--oai9zviq7f3 uoffjufnw.n.pnpz4_ .a9t.8 c45pfnwnewvd3gxdr3wxxc7g0g.yt0mx7-4hx9oz1fwfpu5-8yrdodm2ja k-gdxaam_0s fm3f-h8g4i6am2i.u3mzh9f0-4lbmik_7m.yunj3uvv9k-fm_2fg
Invalid operation
n57:dir:0
d73:27zuk3vv 0k6qhb-nvfcf2s6y avptvb3hgeddqc_p8r5b7ilg3-3_tvgotn1gkk6j.4v _p.-mjy-2is3dlf7liy xarktqw8 km3_55xyxx71d39t-6upzw 4uqy5q28lj5jyssuk5pl5nvwpb_63tdu n7ovy3kx89yk64zury 0tglyqx4rxxh7tt rwytz_14m-fya1f_gknulv1g1oopqbh8qhhzjevd4ys1a3fn6k1x626zuvbi-bds17zhuxmwnskxx1hxa8nvh-f842wqcbp3xxf5jx1y--oai9zviq7f3 uoffjufnw.n.pnpz4_ .a9t.8 c45pfnwnewvd3gxdr3wxxc7g0g.yt0mx7-4hx9oz1fwfpu5-8yrdodm2ja k-gdxaam_0s fm3f-h8g4i6am2i.u3mzh9f0-4lbmik_7m.yunj3uvv9k-fm_2fgp8t_d
d73:463
n85:53
f234:17
Invalid operation
Invalid operation
d107
d114/
d132
d137
d16/
d178/
d194/
d211
d217/
d245
d257
d263
d270
d289
d29
d290/
d299
d30
d4/
d67
d73
d91/
d95/
f120/
f137
f138/
f165/
f187
f189/
f191/
f192/
f194
f206
f207
f211/
f229/
f232/
f234
f244/
f27/
f276/
f285
f288
f290
f49/
f52
f65/
f67
f7/
f74
n25/
n46/
n57/
n68/
n73/
n85
n88
d107
d114/
d132
d137
d16/
d178/
d194/
d211
d217/
d245
d257
d263
d270
d289
d29
d290/
d299
d30
d4/
d67
d73
d91/
d95/
f120/
f137
f138/
f165/
f187
f189/
f191/
f192/
f194
f206
f207
f211/
f229/
f232/
f244/
f250/
f27/
f276/
f285
f288
f290
f49/
f52
f67
f7/
f74
n25/
n46/
n57/
n68/
n73/
n85
n88
Invalid operation
n85:5D
d107
d114/
d132
d137
d16/
d178/
d194/
d211
d217/
d245
d257
d263
d270
d289
d29
d290/
d299
d30
d4/
d67
d73
d91/
d95/
f120/
f137
f138/
f165/
f187
f189/
f191/
f192/
f194
f206
f207
f211/
f229/
f232/
f244/
f250/
f27/
f276/
f285
f288
f290
f49/
f52
f67
f7/
f74
n25/
n46/
n57/
n68/
n73/
n85
n88
d107
d114/
d132
d137
d16/
d178/
d194/
d211
d217/
d245
d257
d263
d270
d289
d29
d290/
d299
d30
d4/
d67
d73
d91/
d95/
f120/
f137
f138/
f165/
f187
f189/
f191/
f192/
f194
f206
f207
f211/
f229/
f232/
f244/
f250/
f27/
f276/
f285
f288
f290
f49/
f52
f67
f7/
f74
n25/
n46/
n57/
n66/
n68/
n73/
n85
n88
Invalid operation
Invalid operation
Invalid operation
Invalid operation
d107
d132
d137
d16/
d178/
d194/
d211
d217/
d245
d257
d263
d270
d289
d29
d290/
d299
d30
d4/
d67
d73
d91/
d95/
f120/
f137
f138/
f165/
f187
f189/
f191/
f192/
f194
f206
f207
f211/
f229/
f232/
f244/
f250/
f27/
f276/
f285
f288
f290
f49/
f52
f67
f7/
f74
n25/
n46/
n57/
n68/
n73/
n85
n88
/d73
/d73
Invalid operation
Invalid operation
Invalid operation
n85:E3 B5 9D 29 93 F6 03 C4 BF 0D 5D 4A 9F D3 0B 04 15 1A 5B CC
Invalid operation
d206:dir:0
d299
Invalid operation
d73:27zuk3vv 0k6qhb-nvfcf2s6y avptvb3hgeddqc_p8r5b7ilg3-3_tvgotn1gkk6j.4v _p.-mjy-2is3dlf7liy xarktqw8 km3_55xyxx71d39t-6upzw 4uqy5q28lj5jyssuk5pl5nvwpb_63tdu n7ovy3kx89yk64zury 0tglyqx4rxxh7tt rwytz_14m-fya1f_gknulv1g1oopqbh8qhhzjevd4ys1a3fn6k1x626zuvbi-bds17zhuxmwnskxx1hxa8nvh-f842wqcbp3xxf5jx1y--oai9zviq7f3 uoffjufnw.n.pnpz4_ .a9t.8 c45pfnwnewvd3gxdr3wxxc7g0g.yt0mx7-4hx9oz1fwfpu5-8yrdodm2ja k-gdxaam_0s fm3f-h8g4i6am2i.u3mzh9f0-4lbmik_7m.yunj3uvv9k-fm_2fgp8t_dx5e149hj.xtwxvt0hmx7x
Invalid operation
d31/
d67/
f181/
Invalid operation
d10/
d31/
d67/
f181/
n83
Invalid operation
d206/
f83/
d206/
f83/
d206/
f83/
d206/
f83/
n85:BF DA
Invalid operation
d206/
f83/
Invalid operation
Invalid operation
d206:dir:0
Invalid operation
d11
d173
f280
f83/
Null
f280:txt:9
d107
d132
d137
d16/
d178/
d194/
d217/
d245
d257
d263
d270
d289
d29
d290/
d299
d30
d4/
d67
d73
d91/
d95/
f120/
f135
f137
f138/
f165/
f187
f189/
f191/
f192/
f194
f206
f207
f211/
f229/
f232/
f244/
f250/
f27/
f276/
f285
f288
f290
f49/
f52
f67
f7/
f74
n25/
n46/
n57/
n68/
n73/
n85
n88
Invalid operation
Invalid operation
Invalid operation
Invalid operation
d107
d132
d137
d16/
d178/
d194/
d217/
d245
d257
d263
d270
d289
d29
d290/
d299
d30
d4/
d67
d73
d91/
d95/
f120/
f135
f137
f138/
f165/
f187
f189/
f191/
f192/
f194
f206
f207
f211/
f229/
f232/
f244/
f250/
f27/
f276/
f285
f288
f290
f49/
f52
f67
f7/
f74
n103
n25/
n46/
n57/
n68/
n73/
n85
n88
Invalid operation
Invalid operation
Invalid operation
d107
d132
d137
d16/
d178/
d194/
d217/
d245
d257
d263
d270
d289
d29
d290/
d298/
d299
d30
d4/
d67
d73
d91/
d95/
f120/
f135
f137
f138/
f165/
f187
f189/
f191/
f192/
f194
f206
f207
f211/
f229/
f232/
f244/
f250/
f27/
f276/
f285
f288
f290
f49/
f52
f67
f7/
f74
n103
n25/
n46/
n55/
n57/
n68/
n73/
n85
n88
n57:dir:0
n85:BB 8F D1 07 2F 0A 80 52 77 BA 13 83 00 B9 E7
d73:523
n85:59
f207:16
d107
d132
d137
d16/
d178/
d194/
d217/
d245
d257
d263
d270
d289
d29
d290/
d298/
d299
d30
d4/
d65/
d67
d73
d91/
d95/
f120/
f135
f137
f138/
f165/
f187
f189/
f191/
f192/
f194
f206
f207
f211/
f229/
f232/
f244/
f250/
f27/
f276/
f285
f288
f290
f49/
f52
f67
f7/
f74
n103
n19
n25/
n46/
n55/
n57/
n68/
n73/
n85
n88
Invalid operation
d73:27zuk3vv 0k6qhb-nvfcf2s6y avptvb3hgeddqc_p8r5b7ilg3-3_tvgotn1gkk6j.4v _p.-mjy-2is3dlf7liy xarktqw8 km3_55xyxx71d39t-6upzw 4uqy5q28lj5jyssuk5pl5nvwpb_63tdu n7ovy3kx89yk64zury 0tglyqx4rxxh7tt rwytz_14m-fya1f_gknulv1g1oopqbh8qhhzjevd4ys1a3fn6k1x626zuvbi-bds17zhuxmwnskxx1hxa8nvh-f842wqcbp3xxf5jx1y--oai9zviq7f3 uoffjufnw.n.pnpz4_ .a9t.8 c45pfnwnewvd3gxdr3wxxc7g0g.yt0mx7-4hx9oz1fwfpu5-8yrdodm2ja k-gdxaam_0s fm3f-h8g4i6am2i.u3mzh9f0-4lbmik_7m.yunj3uvv9k-fm_2fgp8t_dx5e149hj.xtwxvt0hmx7x4muela iln44se0fff80z6tqwfiq92r_w1jmccxx
d107
d132
d137
d144
d16/
d178/
d194/
d217/
d257
d263
d270
d289
d29
d290/
d298/
d299
d30
d4/
d65/
d67
d73
d91/
d95/
f120/
f135
f137
f138/
f165/
f187
f189/
f191/
f192/
f194
f206
f207
f211/
f229/
f232/
f244/
f250/
f27/
f276/
f285
f288
f290
f49/
f52
f67
f7/
f74
n103
n19
n25/
n46/
n55/
n57/
n68/
n73/
n85
n88
n57:dir:0
d73:538
n85:58
f207:16
d73:538
n85:58
f207:16
Invalid operation
d73:27zuk3vv 0k6qhb-nvfcf2s6y avptvb3hgeddqc_p8r5b7ilg3-3_tvgotn1gkk6j.4v _p.-mjy-2is3dlf7liy xarktqw8 km3_55xyxx71d39t-6upzw 4uqy5q28lj5jyssuk5pl5nvwpb_63tdu n7ovy3kx89yk64zury 0tglyqx4rxxh7tt rwytz_14m-fya1f_gknulv1g1oopqbh8qhhzjevd4ys1a3fn6k1x626zuvbi-bds17zhuxmwnskxx1hxa8nvh-f842wqcbp3xxf5jx1y--oai9zviq7f3 uoffjufnw.n.pnpz4_ .a9t.8 c45pfnwnewvd3gxdr3wxxc7g0g.yt0mx7-4hx9oz1fwfpu5-8yrdodm2ja k-gdxaam_0s fm3f-h8g4i6am2i.u3mzh9f0-4lbmik_7m.yunj3uvv9k-fm_2fgp8t_dx5e149hj.xtwxvt0hmx7x4muela iln44se0fff80z6tqwfiq92r_w1jmccxxcf_q8_xuo._z.ax
n57:dir:0
d107
d132
d137
d144
d16/
d178/
d194/
d217/
d257
d263
d270
d289
d29
d290/
d298/
d299
d30
d4/
d65/
d67
d73
d91/
d95/
f120/
f135
f137
f138/
f165/
f187
f189/
f191/
f192/
f194
f206
f207
f211/
f229/
f232/
f244/
f250/
f27/
f276/
f285
f288
f290
f49/
f52
f67
f7/
f74
n103
n25/
n46/
n55/
n57/
n68/
n73/
n85
n88
d116:dir:0
n85:8F D1 07 2F 0A 80 52 77 BA 13 83 00 B9 E7 00
n85:AB 97 0B EE AE 36 51 D3 9F D3 0B 5C 02 DA 84 BB 8F D1 07 2F 0A 80 52 77 BA 13 83 00 B9 E7
d73:27zuk3vv 0k6qhb-nvfcf2s6y avptvb3hgeddqc_p8r5b7ilg3-3_tvgotn1gkk6j.4v _p.-mjy-2is3dlf7liy xarktqw8 km3_55xyxx71d39t-6upzw 4uqy5q28lj5jyssuk5pl5nvwpb_63tdu n7ovy3kx89yk64zury 0tglyqx4rxxh7tt rwytz_14m-fya1f_gknulv1g1oopqbh8qhhzjevd4ys1a3fn6k1x626zuvbi-bds17zhuxmwnskxx1hxa8nvh-f842wqcbp3xxf5jx1y--oai9zviq7f3 uoffjufnw.n.pnpz4_ .a9t.8 c45pfnwnewvd3gxdr3wxxc7g0g.yt0mx7-4hx9oz1fwfpu5-8yrdodm2ja k-gdxaam_0s fm3f-h8g4i6am2i.u3mzh9f0-4lbmik_7m.yunj3uvv9k-fm_2fgp8t_dx5e149hj.xtwxvt0hmx7x4muela iln44se0fff80z6tqwfiq92r_w1jmccxxcf_q8_xuo._z.axa2x76vmi0caokl_
n85:A4 1B 93 76 72 DD 72 6C FD 47 10 8A 9D AE 5D C1 57 DC 97 4B F7 AB 97 0B EE AE 36 51 D3 9F D3 0B 5C 02 DA 84 BB 8F D1 07 2F 0A
Invalid operation
d73:27zuk3vv 0k6qhb-nvfcf2s6y avptvb3hgeddqc_p8r5b7ilg3-3_tvgotn1gkk6j.4v _p.-mjy-2is3dlf7liy xarktqw8 km3_55xyxx71d39t-6upzw 4uqy5q28lj5jyssuk5pl5nvwpb_63tdu n7ovy3kx89yk64zury 0tglyqx4rxxh7tt rwytz_14m-fya1f_gknulv1g1oopqbh8qhhzjevd4ys1a3fn6k1x626zuvbi-bds17zhuxmwnskxx1hxa8nvh-f842wqcbp3xxf5jx1y--oai9zviq7f3 uoffjufnw.n.pnpz4_ .a9t.8 c45pfnwnewvd3gxdr3wxxc7g0g.yt0mx7-4hx9oz1fwfpu5-8yrdodm2ja k-gdxaam_0s fm3f-h8g4i6am2i.u3mzh9f0-4lbmik_7m.yunj3uvv9k-fm_2fgp8t_dx5e149hj.xtwxvt0hmx7x4muela iln44se0fff80z6tqwfiq92r_w1jmccxxcf_q8_xuo._z.axa2x76vmi0caokl_
Invalid operation
n85:83 00 B9 E7 00
n85:83 00 B9 E7 00
d73:554
n85:57
f207:16
d73:554
n85:57
f207:16
d107
d137
d16/
d178/
d194/
d217/
d257
d263
d270
d289
d29
d290/
d298/
d299
d30
d4/
d52/
d65/
d67
d73
d95/
f120/
f135
f137
f138/
f146/
f165/
f187
f189/
f191/
f192/
f194
f206
f207
f211/
f215
f229/
f232/
f244/
f250/
f27/
f276/
f280/
f285
f288
f290
f49/
f52
f67
f7/
f74
f85
n103
n25/
n46/
n55/
n57/
n68/
n85
n88
Invalid operation
d193:dir:0
d164
d193/
d234
f117/
f140/
Invalid operation
d1
d234
d274/
f117/
f140/
f143/
f249/
f85
Invalid operation
f208/
Invalid operation
Invalid operation
Null
Invalid operation
f208/
Invalid operation
Invalid operation
d294/
d60
f117
f69
n5/
Invalid operation
d60:68 D2
f85:BA C6 00 00 00 F1
Null
f208/
f208/
d234:nxx892c52-tuvwin89sn4g2xo6uwrpqg3xr
f208:dir:0
f208/
d234:nxx892c52-tuvwin89sn4g2xo6uwrpqg3xr
f208:dir:0
f85:00 F1 AD A6
f69/
Invalid operation
f69/
Null
d234:nxx892c52-tuvwin89sn4g2xo6uwrpqg3xrs4r5ox
f105/
f69/
Invalid operation
Invalid operation
f85:00 03 7D 6D 4B 00
Invalid operation
Invalid operation
Invalid operation
Invalid operation
Invalid operation
Invalid operation
Invalid operation
Invalid operation
/f280/d251/f143/n108/d211
d211:bin:8
Null
d211:4A
f263/
f263/
Invalid operation
Invalid operation
Invalid operation
f263/
f66
f66:
Invalid operation
f91/
├── f263/
└── f66
f167
f263/
f66
Invalid operation
Invalid operation
d180
d231
f127/
f283
Invalid operation
d180:-qalyd0
d17:16
f98:13
d180:7
f283:4
d105:1
d231:0
d180:-qalyd0xsn8zmkg0luvsyf.jp
f263/
├── d105
├── d106
├── d142
├── d17
├── d180
├── d211/
├── d231
├── d264/
├── f127/
├── f283
└── f98
Invalid operation
Invalid operation
Invalid operation
Invalid operation
Invalid operation
Invalid operation
d73
n108/
Invalid operation
Invalid operation
d68/
├── f227
└── n54/
Invalid operation
Invalid operation
Invalid operation
d211:9D 9B
d211:5D CC 5C 6B 26 75 59 1A
d211:bin:17
d100
d112/
d161
d211
d68/
f208
f262/
f91/
n24
Invalid operation
Invalid operation
d211:bin:17
Invalid operation
Invalid operation
Invalid operation
Invalid operation
Invalid operation
Invalid operation
/f280/d251/f143/d73
d73
f101/
n108/
Invalid operation
f85:D6 87 93 6D 93 D2 4D FB 03 7D 6D 4B
d1
d234
d263/
d274/
d30/
f117/
f85
d1
d234
d263/
d274/
d30/
d52/
f117/
f85
d1:5o6_.vxxw90ntz8aqh94l5
Invalid operation
d1
d169/
d234
d263/
d274/
d30/
d52/
f117/
f118
f85
f85:4B EB 27 02 C0 00
Invalid operation
Invalid operation
Invalid operation
f85:00 00 F1 46 E3 EC A3 00 69 AD AD F4 42 1A 58 A4 39 00 00 00 00 00 00 00
Invalid operation
Invalid operation
Invalid operation
Invalid operation
d282/
d285
f20/
f247/
f85:00 00
f85:58 A4 39 00 00 00
d251/
├── d1
├── d138/
├── d169/
├── d17
├── d234
├── d274/
├── d30/
│   ├── d282/
│   ├── d285
│   ├── f20/
│   └── f247/
│       └── d252
├── d52/
├── f117/
├── f118
├── f263
├── f46/
├── f85
└── n100
f85:4B
d1:70
f85:47
d234:42
Invalid operation
Invalid operation
Invalid operation
f125:sove0w0qcwxz
Invalid operation
Invalid operation
f125:sove0w0qcwxz
/f280/f125
n85:10 8A 88 77 5D C1 F5 E3 9B 07 C4 62
n76/
f169:dir:0
Invalid operation
d251/
f125
f169/
f125:sove0w0qcwxzxrb09mzkfxx-i8iilj1hghjl9n0zx
d251/
f125
f169/
Invalid operation
n85:62
f207:16
f67:13
f135:12
d29:9
d111:8
n85:62
f207:16
f67:13
n85:62
f207:16
f67:13
n85:62
f207:16
f67:13
n85:62
f207:16
f67:13
Invalid operation
f52:c2._7
n85:62
f207:16
f67:13
n85:62
f207:16
f67:13
n68/
d61:6
d190
d61
d190
d61
d61:6
d190:0
Invalid operation
d107
d111
d137
d16/
d178/
d194/
d217/
d257
d263
d270
d271/
d289
d29
d290/
d298/
d30
d4/
d52/
d67
d95/
f120/
f135
f138/
f146/
f165/
f187
f189/
f191/
f192/
f194
f206
f207
f211/
f215
f232/
f244/
f250/
f27/
f276/
f280/
f285
f288
f290
f49/
f52
f67
f7/
f74
f85
n103
n109/
n25/
n46/
n55/
n57/
n68/
n85
n88
Invalid operation
n85:65
f52:20
f207:16
Null
d107
d111
d137
d16/
d178/
d194/
d217/
d257
d263
d270
d271/
d289
d29
d290/
d298/
d30
d4/
d52/
d67
d95/
f120/
f135
f138/
f146/
f150
f165/
f187
f189/
f191/
f192/
f194
f206
f207
f211/
f215
f232/
f244/
f250/
f27/
f276/
f280/
f285
f288
f290
f49/
f52
f67
f7/
f74
f85
n103
n109/
n111/
n25/
n46/
n55/
n57/
n68/
n85
n88
d107
d111
d137
d16/
d178/
d194/
d217/
d257
d263
d270
d271/
d289
d29
d290/
d298/
d30
d4/
d52/
d67
d95/
f120/
f135
f138/
f146/
f165/
f187
f189/
f191/
f192/
f194
f206
f207
f211/
f215
f232/
f244/
f250/
f27/
f276/
f280/
f285
f288
f290
f49/
f52
f67
f7/
f74
f85
n103
n109/
n111/
n25/
n46/
n55/
n57/
n68/
n85
n88
Invalid operation
Null
d107
d111
d137
d16/
d178/
d194/
d217/
d257
d263
d270
d271/
d289
d29
d290/
d298/
d30
d4/
d52/
d67
d95/
f120/
f135
f138/
f146/
f165/
f187
f189/
f191/
f192/
f194
f206
f207
f211/
f215
f232/
f244/
f250/
f27/
f276/
f280/
f285
f288
f290
f49/
f52
f67
f7/
f74
f85
n103
n109/
n111/
n25/
n46/
n55/
n57/
n68/
n85
n88
Invalid operation
d107
d111
d137
d16/
d178/
d194/
d217/
d257
d263
d270
d271/
d289
d29
d290/
d298/
d30
d4/
d52/
d67
d95/
f120/
f135
f138/
f146/
f165/
f187
f189/
f191/
f192/
f194
f206
f207
f211/
f215
f232/
f244/
f250/
f27/
f276/
f280/
f285
f288
f290
f49/
f52
f67
f7/
f74
f85
n103
n109/
n111/
n25/
n46/
n55/
n57/
n68/
n85
n88
n85:65
Invalid operation
n85:83 00 B9 E7 00 00 38 58 C5 71 1D
Invalid operation
d107
d111
d137
d16/
d178/
d194/
d217/
d257
d263
d270
d271/
d289
d29
d290/
d298/
d30
d4/
d52/
d67
d95/
f120/
f135
f138/
f146/
f165/
f187
f189/
f191/
f192/
f194
f206
f207
f211/
f215
f232/
f244/
f250/
f27/
f276/
f280/
f285
f288
f290
f49/
f52
f67
f7/
f74
f85
n103
n109/
n46/
n55/
n57/
n68/
n85
n88
n57:dir:0
Invalid operation
Null
n85:84 BB 8F 75 B1 6B FB 0A B9 77 BA 13 83
d107
d111
d137
d16/
d171/
d173/
d178/
d194/
d217/
d257
d26
d263
d270
d271/
d289
d29
d290/
d298/
d30
d4/
d52/
d67
d95/
f120/
f135
f138/
f146/
f165/
f187
f189/
f191/
f192/
f194
f207
f211/
f215
f232/
f244/
f250/
f27/
f276/
f280/
f285
f288
f290
f49/
f52
f67
f7/
f74
f85
n103
n109/
n46/
n55/
n57/
n68/
n85
n88
n85:38
d107
d111
d137
d16/
d173/
d178/
d194/
d217/
d257
d26
d263
d270
d271/
d289
d29
d290/
d298/
d30
d4/
d52/
d67
d95/
f120/
f135
f138/
f146/
f165/
f187
f189/
f191/
f192/
f194
f207
f211/
f215
f232/
f244/
f250/
f27/
f276/
f280/
f285
f288
f290
f49/
f52
f67
f7/
f74
f85
n103
n109/
n46/
n55/
n57/
n68/
n85
n88
Invalid operation
n85:FB 0A B9 77
Invalid operation
d107
d111
d137
d16/
d173/
d178/
d194/
d217/
d257
d26
d263
d270
d271/
d289
d29
d290/
d298/
d30
d4/
d52/
d67
d95/
f120/
f135
f138/
f146/
f165/
f187
f189/
f191/
f192/
f194
f207
f211/
f215
f232/
f244/
f250/
f27/
f276/
f280/
f285
f288
f290
f49/
f52
f67
f7/
f74
f85
n103
n109/
n46/
n55/
n57/
n68/
n85
n88
Invalid operation
n85:65
f52:33
f207:16
Invalid operation
n85:65
f52:33
f207:16
Invalid operation
Invalid operation
f299:62 F4 FC 96
n107:dir:0
Invalid operation
n85:65
f52:33
f207:16
n85:65
f52:33
f207:16
f52:c2._7rai46.lkza.wm6sw6c390aypgeb4
d100/
f39/
n63/
n67
n85:77 5D C1 F5
Null
Invalid operation
f165/
└── n63/
d178
n63/
Null
/f165/d48
Invalid operation
d162
Invalid operation
Invalid operation
d48:22i
/f165/d48
d48:22i
d48
d72/
n34
n63/
d87/
f146/
f15
Invalid operation
Invalid operation
d72/
├── d87/
│   └── d162
├── f146/
└── f15
Invalid operation
d26/
d83/
d87/
f146/
f15
d218:dir:0
Invalid operation
Invalid operation
d218/
Invalid operation
d218:dir:0
d218/
d162
d218/
n27/
Invalid operation
d162:01 B5
Invalid operation
Invalid operation
d289/
Invalid operation
Invalid operation
f19:2
f13:md:19
Invalid operation
d58:1k.z531ex8d_
/f165/d72/d87/d58
n52
f15:C3
d128
n75
Invalid operation
Invalid operation
f15:FF 52 B3 96 7D
d83/
d87/
f146/
f15
d87:dir:0
Invalid operation
d83/
d87/
f15
d87/
f15
Invalid operation
d87/
f15
f42
Invalid operation
Invalid operation
Null
n85:83 00 B9 E7 00 00 38 58 C5
d48:txt:21
n49:00
d264:02
Invalid operation
Invalid operation
d236:7o3md5b82-bws40g
Invalid operation
d264:79 20 93 50
/f165/n10/f27
d264
f153/
f209/
f263
f27
d13
d222/
d264
f153/
f209/
f263
f27
n72/
f27:txt:0
f27:
Invalid operation
Invalid operation
Invalid operation
Invalid operation
Invalid operation
f252
f252:2
Invalid operation
Invalid operation
d13
d222/
d264
f209/
f263
n72/
n10/
├── d13
├── d222/
├── d264
├── f209/
│   └── f252
├── f263
└── n72/
Invalid operation
d13
d222/
d264
d298/
f209/
n72/
Invalid operation
Invalid operation
Null
d13:8
d283:3
Invalid operation
Invalid operation
Invalid operation
n10/
├── d105/
├── d2
├── d222/
├── d244
├── d264
├── d283
├── d298/
├── f14/
├── f209/
│   └── f252
├── f211/
└── n72/
Invalid operation
Invalid operation
d105/
d2
d222/
d244
d264
d283
d298/
f14/
f209/
f211/
n72/
d105/
d2
d222/
d244
d264
d283
d298/
f14/
f154/
f209/
f211/
d264:bin:5
d105/
d2
d222/
d243
d264
d283
d298/
d75
f104
f14/
f154/
f191/
f209/
f211/
f294
Invalid operation
Invalid operation
Invalid operation
Invalid operation
Invalid operation
Invalid operation
d105/
d192
d243
d264
d283
d298/
d75
f104
f14/
f191/
f209/
f211/
f294
n49
Invalid operation
Invalid operation
Invalid operation
d264:00 00 00 EB 4E F5 77 D6
Invalid operation
/f52
n57:dir:0
n85:63
f52:50
f207:16
f67:13
f135:12
d29:9
d111:8
d289:8
d107
d111
d137
d16/
d173/
d178/
d194/
d217/
d257
d26
d263
d270
d271/
d289
d29
d290/
d298/
d30
d4/
d52/
d67
d95/
f104/
f120/
f135
f146/
f162/
f165/
f187
f189/
f191/
f192/
f194
f207
f211/
f215
f232/
f244/
f250/
f262/
f27/
f276/
f280/
f285
f288
f290
f49/
f52
f67
f7/
f74
f85
n103
n109/
n46/
n55/
n57/
n68/
n85
n88
n85:63
f52:50
f207:16
n85:63
f52:50
f207:16
Invalid operation
n85:63
n85:63
n85:AE 36 D7 D3 9F D3 0B 5C 02 DA 96 0B 26 5D 9A 31 79 38 B9 77 BA 13 83 00 B9 E7 00 00 38 A0 C5 71 1D
n85:63
f52:50
f207:16
n57:dir:0
Invalid operation
d107
d111
d137
d16/
d173/
d178/
d194/
d217/
d257
d26
d263
d270
d271/
d289
d29
d298/
d30
d4/
d52/
d67
d95/
f104/
f120/
f135
f146/
f162/
f165/
f187
f189/
f192/
f194
f207
f211/
f215
f232/
f244/
f246
f250/
f255/
f27/
f276/
f280/
f285
f288
f290
f49/
f52
f67
f7/
f74
f85
n103
n109/
n46/
n55/
n57/
n68/
n85
n88
Invalid operation
n57:dir:0
n57:dir:0
n57:dir:0
Invalid operation
Null
Invalid operation
n85:65
f52:50
f207:16
n85:65
f52:50
f207:16
/f52
Invalid operation
Invalid operation
n85:68
f52:56
f207:16
Invalid operation
/f52
d241/
Invalid operation
Invalid operation
d271/
n85:90 8A 88 77 5D C1 B2 49 38 2B 0C 3D 67 65 EE AE 36 D7 D3 9F D3 0B 5C 02 DA 96 0B 26 5D 9A 31 79 38 B9 77
n85:69
f52:56
f207:16
d52/
├── d164
└── n62/
Invalid operation
d164
n62/
d164:2D 88
Invalid operation
Invalid operation
d164
d232
Invalid operation
Invalid operation
Invalid operation
n85:69
f52:56
f207:16
/f52
n85:69
f52:56
f207:16
d202/
d292/
Invalid operation
Invalid operation
d266
d292/
d8
f227
n17/
f299:4F BD 1C D1 8E 19 22
d266
d292/
d8
f227
n17/
Invalid operation
/f232/d7/d297/d8
/f232/d7/d297/d8
/f232/d7/d297/d8
d266
d8
d82/
f15/
n17/
d266
d8
d82/
f15/
n17/
d266
d8
d82/
f15/
n17/
f299:FC
Invalid operation
f299:A7 00 E0 02 7F
f299:42
d284:38
d228:24
n51:16
f285:2
d63:0
Invalid operation
f232/
├── d215/
├── d228
├── d259/
│   ├── d117
│   ├── d124/
│   ├── d182/
│   ├── d188
│   ├── d250
│   ├── d26/
│   ├── f262
│   ├── f278
│   ├── f32/
│   └── n3/
├── d284
├── d7/
│   ├── d149/
│   │   ├── f237
│   │   ├── f294
│   │   └── f50/
│   │       └── d200
│   ├── d260
│   ├── d297/
│   │   ├── d266
│   │   ├── d8
│   │   ├── d82/
│   │   ├── f15/
│   │   ├── f260/
│   │   └── n17/
│   ├── f201/
│   ├── n107/
│   └── n70
├── f197/
├── f285
├── f299
└── n51
Null
d284:rxj1.2kuqfiuea620xd pp7tggv9xkqfp2.8sx
d7:dir:0
f299:8E 19 22 FC 96
f232/
├── d215/
├── d228
├── d259/
│   ├── d117
│   ├── d124/
│   ├── d182/
│   ├── d188
│   ├── d250
│   ├── d26/
│   ├── f262
│   ├── f278
│   ├── f32/
│   └── n3/
├── d284
├── d7/
│   ├── d149/
│   │   ├── f237
│   │   ├── f294
│   │   └── f50/
│   │       └── d200
│   ├── d260
│   ├── d297/
│   │   ├── d266
│   │   ├── d8
│   │   ├── d82/
│   │   ├── f15/
│   │   ├── f260/
│   │   └── n17/
│   ├── f201/
│   ├── n107/
│   └── n70
├── f165
├── f197/
├── f285
├── f299
└── n51
Invalid operation
Invalid operation
/f232/d7/d260
d149/
d260
d297/
f201/
n107/
n70
Invalid operation
d215/
d228
d259/
d284
d42/
d7/
f165
f285
f299
n51
d1/
d215/
d228
d259/
d284
d42/
d7/
f285
f299
n51
d7:dir:0
Null
Invalid operation
Invalid operation
Invalid operation
d7:dir:0
Invalid operation
Invalid operation
Invalid operation
Invalid operation
/f52
n85:69
f52:56
f207:16
/f52
n85:69
f52:56
f207:16
d1/
d158
d201/
d228
d259/
d284
d294
d42/
d67/
f212/
f32/
f76
d284:rxj1.2kuqfiuea620xd pp7tggv9xkqfp2.8sx1jrx7.7w-psbsgq-t_d097oj82.6ul8-my
Invalid operation
d284:72
d158:15
f76:14
d294:5
d1/
d158
d201/
d259/
d284
d294
d42/
f212/
f32/
f76
Invalid operation
d259/
d284
d42/
f212/
f32/
d284:rxj1.2kuqfiuea620xd pp7tggv9xkqfp2.8sx1jrx7.7w-psbsgq-t_d097oj82.6ul8-mypl2_th1dlf z1vldx_jz5
n85:83 00 B9 D5 CA 6B
Invalid operation
d107
d137
d16/
d170
d173/
d178/
d182
d194/
d217/
d257
d26
d263
d270
d271/
d289
d298/
d30
d38
d4/
d52/
d67
d95/
f104/
f120/
f128/
f135
f146/
f162/
f165/
f187
f189/
f192/
f194
f207
f211/
f215
f232/
f244/
f246
f250/
f255/
f27/
f276/
f280/
f285
f288
f290
f49/
f52
f7/
f74
f85
n103
n109/
n46/
n55/
n57/
n68/
n85
n88
/f52
n85:71
f52:70
f207:16
d107
d137
d16/
d170
d173/
d178/
d182
d194/
d217/
d257
d26
d263
d270
d271/
d289
d298/
d30
d38
d4/
d52/
d67
d95/
f104/
f120/
f128/
f135
f146/
f162/
f165/
f187
f189/
f192/
f194
f207
f211/
f215
f232/
f244/
f246
f250/
f255/
f27/
f276/
f280/
f285
f288
f290
f49/
f52
f7/
f74
f85
n103
n109/
n46/
n55/
n57/
n68/
n85
n88
d107
d137
d16/
d170
d173/
d178/
d182
d194/
d217/
d257
d26
d263
d270
d271/
d289
d298/
d30
d38
d4/
d52/
d67
d95/
f104/
f120/
f128/
f135
f146/
f162/
f165/
f187
f189/
f192/
f194
f207
f211/
f215
f232/
f244/
f246
f250/
f255/
f27/
f276/
f280/
f285
f288
f290
f49/
f52
f7/
f74
f85
n103
n109/
n46/
n55/
n57/
n68/
n85
n88
n85:74
f52:70
f207:16
d107
d137
d16/
d170
d173/
d178/
d182
d194/
d217/
d257
d26
d263
d270
d271/
d289
d298/
d30
d38
d4/
d52/
d67
d95/
f104/
f120/
f128/
f135
f146/
f162/
f165/
f187
f189/
f192/
f194
f207
f211/
f215
f232/
f244/
f246
f250/
f255/
f27/
f276/
f280/
f285
f288
f290
f49/
f52
f7/
f74
f85
n103
n109/
n46/
n55/
n57/
n68/
n85
n88
n57:dir:0
Invalid operation
Invalid operation
d107
d137
d16/
d170
d173/
d178/
d182
d194/
d217/
d257
d26
d263
d270
d271/
d283/
d289
d298/
d30
d38
d4/
d52/
d67
d95/
f104/
f120/
f128/
f135
f146/
f162/
f165/
f187
f189/
f192/
f194
f211/
f215
f232/
f244/
f246
f250/
f255/
f27/
f276/
f280/
f285
f288
f290
f49/
f52
f7/
f74
f85
n103
n109/
n46/
n55/
n57/
n68/
n85
n88
f52:86
n85:74
d182:15
d101/
d12/
d175
d101/
d12/
d279
n47
d279:14
n47:4
n85:B7 05 36 D7 D3 9F D3 0B 5C 02 DA 96 0B 26 5D 9A 31 79 38 B9 77 BA 13 83 00 B9 D5 CA
Invalid operation
Invalid operation
/f189/f198
Invalid operation
/f189/d136
Invalid operation
d136:19 A5 00
Invalid operation
Invalid operation
Invalid operation
Invalid operation
d136
Invalid operation
Invalid operation
Invalid operation
n85:D7 D3 9F D3 0B 5C 02 DA 96 0B
f52:88
n85:78
d182:15
d107
d137
d16/
d170
d173/
d178/
d182
d194/
d217/
d257
d26
d263
d268
d270
d271/
d289
d298/
d30
d38
d4/
d52/
d67
d95/
f104/
f120/
f128/
f135
f146/
f162/
f165/
f187
f189/
f192/
f194
f211/
f215
f232/
f244/
f246
f250/
f255/
f27/
f276/
f280/
f285
f288
f290
f49/
f52
f7/
f74
f85
n103
n109/
n46/
n55/
n57/
n68/
n85
n88
f52:105
n85:78
d182:15
f52:105
n85:78
d182:15
d107
d137
d16/
d170
d173/
d178/
d182
d194/
d217/
d257
d26
d263
d268
d270
d271/
d289
d298/
d30
d38
d4/
d52/
d67
d95/
f104/
f120/
f128/
f135
f146/
f162/
f165/
f187
f189/
f192/
f194
f211/
f215
f232/
f244/
f246
f250/
f255/
f27/
f276/
f280/
f285
f288
f290
f49/
f52
f7/
f74
f85
n103
n109/
n46/
n55/
n57/
n68/
n85
n88
Invalid operation
Invalid operation
n85:00 B9 D5 CA 22 C2
Invalid operation
Invalid operation
Invalid operation
f52:127
n85:84
d182:15
f52:127
n85:84
d182:15
Invalid operation
d107
d137
d139
d16/
d165
d170
d173/
d178/
d182
d194/
d217/
d231
d257
d26
d263
d268
d270
d271/
d38
d4/
d52/
d67
d95/
f104/
f120/
f128/
f135
f146/
f152
f159
f162/
f165/
f187
f189/
f194
f211/
f215
f232/
f244/
f246
f250/
f255/
f27/
f276/
f280/
f288
f49/
f52
f7/
f74
f83
f85
n109/
n46/
n55/
n57/
n68/
n85
n88
d107
d137
d139
d16/
d165
d170
d173/
d178/
d182
d194/
d217/
d231
d257
d26
d263
d268
d270
d271/
d38
d4/
d52/
d67
d95/
f104/
f120/
f128/
f146/
f152
f159
f162/
f165/
f187
f189/
f194
f211/
f215
f232/
f244/
f246
f250/
f255/
f27/
f276/
f280/
f288
f49/
f52
f7/
f74
f83
f85
n109/
n46/
n55/
n57/
n68/
n85
n88
Invalid operation
d107
d137
d139
d16/
d165
d170
d173/
d178/
d182
d194/
d217/
d231
d257
d26
d263
d268
d270
d271/
d38
d4/
d52/
d67
d95/
f104/
f120/
f128/
f146/
f152
f159
f162/
f165/
f187
f189/
f194
f211/
f215
f232/
f244/
f246
f250/
f255/
f27/
f276/
f280/
f288
f49/
f52
f7/
f74
f83
f85
n109/
n46/
n55/
n57/
n68/
n85
n88
Invalid operation
d41/
Invalid operation
Invalid operation
Invalid operation
n47:
n47
d69:EF
Invalid operation
n60
n60:md:1
n60:md:1
n60
Invalid operation
Invalid operation
Invalid operation
n60:lx
Invalid operation
d41/
d48
d58/
d74/
f267
Invalid operation
f267:47 CC
Invalid operation
Invalid operation
f40
d41:dir:0
d41/
d48
d58/
d74/
f189
f267
f83
d106/
d41/
d48
d58/
d74/
f267
f83
Invalid operation
d106/
d156/
d41/
d48
d58/
d74/
f267
f83
n30
d48:yc05rm4dw33s1yry
f267:11
Invalid operation
Invalid operation
d106/
d156/
d41/
d48
d58/
d74/
f83
n30
Invalid operation
Invalid operation
Invalid operation
Invalid operation
d107
d137
d139
d165
d173/
d178/
d182
d194/
d217/
d231
d257
d26
d263
d268
d270
d271/
d38
d4/
d52/
d67
d75
d95/
f104/
f120/
f128/
f146/
f152
f159
f162/
f165/
f187
f189/
f194
f211/
f215
f232/
f244/
f246
f250/
f255/
f27/
f276/
f280/
f288
f49/
f52
f7/
f74
f83
f85
n109/
n46/
n57/
n68/
n85
n88
d107
d137
d139
d165
d173/
d178/
d182
d194/
d217/
d231
d244/
d257
d26
d263
d268
d270
d271/
d38
d4/
d52/
d67
d75
d95/
f104/
f120/
f128/
f146/
f152
f159
f162/
f165/
f187
f189/
f194
f211/
f215
f232/
f244/
f246
f250/
f255/
f27/
f276/
f280/
f288
f49/
f52
f7/
f74
f83
f85
n109/
n46/
n57/
n68/
n85
n88
d107
d137
d139
d165
d173/
d178/
d182
d194/
d217/
d231
d244/
d257
d26
d263
d268
d270
d271/
d38
d4/
d52/
d67
d75
d95/
f104/
f120/
f128/
f146/
f152
f159
f162/
f165/
f187
f189/
f194
f211/
f215
f232/
f244/
f246
f250/
f255/
f27/
f276/
f280/
f288
f49/
f52
f7/
f74
f83
f85
n109/
n12/
n46/
n57/
n68/
n85
n88
/f52
Invalid operation
Invalid operation
d259/
f142
f256
f32/
d259/
f142
f256
f32/
Invalid operation
f232/
├── d259/
│   ├── d117
│   ├── d124/
│   ├── d182/
│   ├── d188
│   ├── d250
│   ├── d26/
│   ├── f262
│   ├── f278
│   ├── f32/
│   └── n3/
├── f142
├── f196/
├── f256
└── f32/
/f232/f256
Null
n85:77 BA 13 83 00 B9 D5 CA 22 C2 41 8D 93
Invalid operation
f256:x_6 t2bv
Null
d108/
d259/
f196/
f256
n85:B3 72
Invalid operation
Invalid operation
d210
d240
f261
n118/
Invalid operation
Invalid operation
Invalid operation
Invalid operation
Invalid operation
n57:dir:0
Invalid operation
f52:150
n85:86
d231:17
f52:150
n85:86
d231:17
/f52
n85:BB 9D 82 7F F2 7B 14 B7 D3 C2 D7 9C A7 94 5D 30 5A 99 95 B7 38 B9 77 BA 13 83 00 B9 D5 CA 22 C2 41 8D 93 C2 10 91 40 51 E7 88 F7 00 E9 68 AC AC 6D AA 00 00 00
f52:167
n85:91
d231:17
d107
d137
d139
d165
d173/
d178/
d182
d194/
d216/
d231
d244/
d257
d26
d263
d268
d27
d270
d38
d4/
d52/
d75
d95/
f104/
f113/
f120/
f128/
f146/
f152
f159
f162/
f165/
f17
f174/
f187
f189/
f194
f211/
f215
f232/
f244/
f246
f250/
f255/
f276/
f280/
f288
f49/
f52
f7/
f74
f83
f85
n109/
n12/
n45
n46/
n57/
n68/
n85
n88
d199:dir:0
d199:dir:0
Invalid operation
d199/
Invalid operation
f52:c2._7rai46.lkza.wm6sw6c390aypgeb4qfbmc9 kq-xld6bteuf6 kzx3u0j5g7qhuf7i6-erk5d_s.-ld83bv1r4otx274mz3t02sigi84aqvyscn6c9eoicr1wrnxv nhsluh3blxd_iomx5sn x5sd5z8def91_xltlh
/f52
f59:5hng51zyt-zxb
Invalid operation
d95/
├── d199/
└── f59
/d95/d199/d294
n85:00 00 00 00 D0 70 FA 8E A4 0A 34 8A 00
d199/
n85:F0 14 B7 D3 C2 D7 9C A7 94 5D 30 5A 99 95 87 48 B9 77 BA 13 83 00 B9 D5 CA 22 C2 41 8D 93 C2 10 91 40 51 E7 88 F7 00 E9 68 AC AC 6D AA 00 00 00 00 00 00 D0 70 FA 8E A4 0A 34 8A 00 00
d199/
Invalid operation
d199:dir:0
d107
d137
d139
d165
d173/
d178/
d182
d194/
d216/
d231
d244/
d257
d26
d263
d268
d27
d270
d38
d4/
d52/
d75
d95/
f104/
f113/
f120/
f128/
f146/
f152
f159
f162/
f165/
f17
f174/
f187
f189/
f194
f211/
f215
f232/
f244/
f246
f250/
f255/
f276/
f280/
f288
f49/
f52
f7/
f74
f83
f85
n109/
n12/
n45
n46/
n57/
n68/
n85
n88
Invalid operation
f52:168
n85:97
d231:17
f52:168
n85:97
d231:17
Invalid operation
f52:168
n85:97
d231:17
d27:17
d182:15
d268:12
d107:7
d263:7
f52:168
/f52
d107
d137
d139
d165
d173/
d178/
d182
d194/
d216/
d231
d244/
d257
d26
d263
d268
d27
d270
d38
d4/
d52/
d75
d95/
f104/
f113/
f120/
f128/
f146/
f159
f162/
f165/
f17
f174/
f187
f189/
f194
f211/
f215
f232/
f244/
f246
f250/
f255/
f276/
f280/
f288
f49/
f52
f7/
f74
f83
f85
n109/
n12/
n45
n46/
n57/
n68/
n85
n88
Invalid operation
Invalid operation
d107
d139
d165
d173/
d182
d194/
d216/
d231
d244/
d257
d26
d263
d268
d27
d270
d38
d4/
d52/
d75
d95/
f104/
f113/
f120/
f128/
f146/
f159
f162/
f165/
f17
f174/
f187
f189/
f194
f211/
f232/
f244/
f246
f250/
f255/
f276/
f280/
f288
f49/
f52
f7/
f74
f83
f84
f85
n109/
n12/
n45
n46/
n57/
n68/
n85
n88
n85:91 40 51 E7 1E 97 9C BE 68 AC AC 6D AA 00 00 00 00 00 00 D0 70 FA 8E A4 0A 34 8A 00 00 00
/n46/f163
f137
f163
n85:B9 77 BA EA C6 00 B9 D5 CA 22 C2 41 8D 93 C2 10 91 40 51 E7 1E 97 9C BE 68 AC
n57:dir:0
f52:192
Invalid operation
Invalid operation
Invalid operation
n85:87 BE 68 AC AC 6D AA
Invalid operation
Invalid operation
n85:00 D0 70 FA 8E A4 0A 34
Invalid operation
Null
d104
d107
d139
d173/
d182
d192/
d194/
d216/
d231
d257
d26
d263
d268
d27
d270
d33/
d38
d52/
d75
d95/
f104/
f113/
f120/
f128/
f146/
f159
f162/
f165/
f17
f174/
f187
f189/
f194
f211/
f232/
f244/
f246
f250/
f255/
f276/
f280/
f288
f290/
f49/
f52
f7/
f74
f83
f84
f85
n109/
n12/
n45
n46/
n57/
n68/
n88
Invalid operation
Invalid operation
Invalid operation
/f52
d104
d107
d139
d173/
d182
d192/
d194/
d216/
d231
d257
d26
d263
d268
d27
d270
d33/
d38
d52/
d75
d95/
f104/
f113/
f120/
f128/
f146/
f159
f162/
f165/
f17
f174/
f187
f189/
f194
f211/
f232/
f244/
f246
f250/
f255/
f276/
f280/
f288
f290/
f292
f49/
f52
f7/
f74
f83
f84
f85
n109/
n12/
n45
n46/
n57/
n68/
n85
n88
d104
d107
d139
d173/
d182
d192/
d194/
d216/
d231
d257
d26
d263
d268
d27
d270
d33/
d38
d52/
d75
d95/
f104/
f113/
f120/
f128/
f146/
f159
f162/
f165/
f17
f174/
f187
f189/
f194
f211/
f232/
f244/
f246
f250/
f255/
f276/
f280/
f288
f290/
f292
f49/
f52
f7/
f74
f83
f84
f85
n109/
n12/
n45
n46/
n57/
n68/
n85
n88
f52:222
n85:94
d231:17
d104
d107
d139
d173/
d182
d192/
d194/
d216/
d231
d257
d26
d263
d268
d27
d270
d33/
d38
d52/
d75
d95/
f104/
f113/
f120/
f128/
f146/
f159
f162/
f165/
f17
f174/
f187
f189/
f194
f211/
f22/
f232/
f244/
f246
f250/
f255/
f276/
f280/
f288
f290/
f292
f49/
f52
f7/
f74
f83
f84
f85
n109/
n12/
n45
n46/
n57/
n68/
n85
n88
Invalid operation
Null
d104
d107
d139
d173/
d182
d192/
d194/
d216/
d231
d257
d26
d263
d268
d27
d270
d33/
d38
d52/
d75
d95/
f104/
f113/
f120/
f128/
f146/
f159
f162/
f165/
f17
f174/
f187
f189/
f194
f211/
f22/
f232/
f244/
f246
f250/
f255/
f276/
f280/
f288
f290/
f292
f49/
f52
f7/
f74
f83
f84
f85
n109/
n12/
n45
n46/
n57/
n68/
n85
n88
Invalid operation
d107:F7 6C 00 00
f52:222
n85:94
d231:17
d107:6B B4 7F A6 8E 04 F7 6C
Invalid operation
f52:c2._7rai46.lkza.wm6sw6c390aypgeb4qfbmc9 kq-xld6bteuf6 kzx3u0j5g7qhuf7i6-erk5d_s.-ld83bv1r4otx274mz3t02sigi84aqvyscn6c9eoicr1wrnxv nhsluh3blxd_iomx5sn x5sd5z8def91_xltlh21ckww6ivl2 vlvdl64atmgzkv_mc386_58qe6og70ds za -ga82_rfpcmxwktn1_0eo
f15:md:0
Invalid operation
Invalid operation
f15:md:0
Invalid operation
f52:c2._7rai46.lkza.wm6sw6c390aypgeb4qfbmc9 kq-xld6bteuf6 kzx3u0j5g7qhuf7i6-erk5d_s.-ld83bv1r4otx274mz3t02sigi84aqvyscn6c9eoicr1wrnxv nhsluh3blxd_iomx5sn x5sd5z8def91_xltlh21ckww6ivl2 vlvdl64atmgzkv_mc386_58qe6og70ds za -ga82_rfpcmxwktn1_0eoq235.thahd2rpzazuk64lb.b8
Invalid operation
f28
Invalid operation
n104:BE
d139
d173/
d182
d192/
d194/
d216/
d231
d257
d26
d263
d268
d27
d270
d282/
d33/
d38
d52/
d75
d95/
f104/
f113/
f120/
f128/
f146/
f159
f162/
f165/
f17
f174/
f187
f189/
f211/
f22/
f232/
f244/
f246
f250/
f255/
f276/
f280/
f288
f290/
f292
f49/
f52
f7/
f74
f83
f84
f85
n109/
n12/
n45
n46/
n57/
n68/
n85
n88
Null
f52:271
n85:94
d231:17
f74:2F 59 F7 00 00
d139
d173/
d182
d192/
d194/
d216/
d231
d257
d26
d263
d268
d27
d270
d282/
d33/
d38
d52/
d75
d95/
f104/
f113/
f120/
f128/
f146/
f159
f162/
f165/
f17
f174/
f187
f189/
f211/
f22/
f232/
f244/
f246
f250/
f255/
f271
f276/
f280/
f288
f290/
f292
f49/
f52
f7/
f74
f83
f84
f85
n108
n109/
n12/
n45
n46/
n57/
n68/
n85
n88
Invalid operation
d61:txt:12
d61:zj40o7xdi9hc5eff
Invalid operation
d61:txt:16
d190
d61
d67/
f177/
n70/
Invalid operation
d61:16
d190:0
d61:zj40o7xdi9hc5eff
f177/
└── f170
Invalid operation
f74:18 F7 00 FF 58 AB 85
d38:00
f192/
Invalid operation
Invalid operation
Invalid operation
d90/
f177
d90/
f177
d90/
f177
Invalid operation
d61:zj40o7xdi9hc5eff
d1/
f192/
f242/
n48/
f192:dir:0
d1/
f192/
f242/
n48/
Invalid operation
Invalid operation
Invalid operation
d61:zj40o7xdi9hc5eff
Invalid operation
d1/
d239
f192/
f242/
d61:31
d38:19
d190:0
d61:31
Invalid operation
d190
d38
d61
f177/
f257
f6
n70/
d190:txt:0
Invalid operation
d38:DC B2 E6 C3 D4 B7 33
d1/
d239
f192/
f242/
d1/
d239
f192/
f242/
f242/
f274/
Invalid operation
Invalid operation
d38:B2 E6 C3 33 3D 40
d190:
Invalid operation
d190:x
d38:E6 C3 33 3D 40 64 FD 00
Invalid operation
Invalid operation
Invalid operation
f152/
f272/
f4/
d38:B2 E6 C3 33 3D 40 64
f105
f272/
Invalid operation
d217/
f242/
f274/
Invalid operation
Invalid operation
Invalid operation
d38:FD 00 BC B7 61 F4 E9
Invalid operation
Invalid operation
Invalid operation
Invalid operation
f214
Invalid operation
f214:4
Invalid operation
d217/
f242/
f274/
f4
f47
n62
d38:00 00
Invalid operation
Null
Invalid operation
d38
d61
f177/
f6
n70/
Invalid operation
Invalid operation
d217/
d293
f242/
f274/
f4
f47
n62
Invalid operation
d217/
f274/
f4
f47
n62
n9
Null
Invalid operation
n70:dir:0
Invalid operation
f52:271
n85:94
d231:17
d139
d173/
d182
d192/
d194/
d216/
d231
d257
d26
d263
d268
d27
d270
d282/
d33/
d38
d52/
d75
d95/
f104/
f113/
f120/
f128/
f146/
f159
f162/
f165/
f17
f174/
f187
f189/
f211/
f22/
f232/
f244/
f246
f250/
f255/
f271
f276/
f280/
f288
f290/
f292
f49/
f52
f7/
f74
f83
f84
f85
n108
n109/
n12/
n45
n46/
n57/
n68/
n85
n88
f52:271
n85:94
d231:17
Invalid operation
f52:271
n85:94
d231:17
n57:dir:0
d139
d173/
d182
d192/
d194/
d216/
d231
d257
d26
d263
d268
d27
d270
d282/
d33/
d38
d52/
d75
d95/
f104/
f113/
f120/
f128/
f146/
f159
f162/
f165/
f17
f174/
f187
f189/
f211/
f22/
f232/
f244/
f246
f250/
f255/
f271
f276/
f280/
f288
f290/
f292
f49/
f52
f7/
f74
f83
f84
f85
n108
n109/
n12/
n45
n46/
n57/
n68/
n85
n88
f52:279
n85:94
d231:17
f74:F7 43 44 09
f52:279
n85:94
d231:17
f52:279
n85:94
d231:17
d139
d173/
d182
d192/
d194/
d216/
d231
d257
d26
d263
d268
d27
d270
d282/
d33/
d38
d52/
d75
d95/
f104/
f113/
f120/
f128/
f146/
f159
f162/
f165/
f17
f174/
f187
f189/
f211/
f22/
f232/
f244/
f246
f250/
f255/
f271
f276/
f280/
f288
f290/
f292
f49/
f52
f7/
f74
f83
f84
f85
n108
n109/
n12/
n45
n46/
n57/
n68/
n85
n88
Invalid operation
Invalid operation
f52:279
n85:94
d231:17
/f52
f52:273
n85:94
f74:23
f52:273
n85:94
d231:17
d177/
f52:c2._7rai46.lkza.wm6sw6c390aypgeb4qfbmc9 kq-xld6bteuf6 kzx3u0j5g7qhuf7i6-erk5d_s.-ld83bv1r4otx274mz3t02sigi84aqvyscn6c9eoicr1wrnxv nhsluh3blxd_iomx5sn x5sd5z8def91_xltlh21ckww6ivl2 vlvdl64atmgzkv_mc386_58qe6og70ds za -ga82_rfpcmxwktn1_0eoq235.thahd2rpzazuk64lb.b8kr2z8dtbml2
f74:A4 2F 18 F7 43 44 09 DA EF
n57:dir:0
Invalid operation
Invalid operation
Invalid operation
f52:288
n85:94
d231:17
Null
d139
d173/
d182
d192/
d194/
d216/
d231
d257
d26
d262/
d263
d268
d27
d282/
d33/
d38
d52/
d75
d95/
f104/
f113/
f120/
f128/
f146/
f159
f162/
f165/
f17
f174/
f187
f189/
f211/
f22/
f232/
f244/
f246
f255/
f271
f276/
f280/
f288
f290/
f292
f49/
f52
f7/
f74
f83
f84
f85
n108
n109/
n111/
n12/
n45
n46/
n57/
n68/
n85
n88
Invalid operation
f52:288
n85:94
d231:17
f74:F7 43 44 09
Invalid operation
d139
d173/
d182
d192/
d194/
d216/
d231
d257
d26
d262/
d263
d268
d27
d282/
d33/
d38
d52/
d75
d95/
f104/
f113/
f120/
f128/
f146/
f159
f162/
f165/
f17
f174/
f187
f189/
f22/
f232/
f244/
f246
f255/
f271
f275
f276/
f280/
f288
f290/
f292
f49/
f52
f7/
f74
f83
f84
n108
n109/
n111/
n12/
n45
n46/
n57/
n68/
n85
n88
f74:43 44 09 DA EF 7F 31
Invalid operation
f52:288
n85:94
d231:17
f52:288
n85:94
d231:17
d27:17
f74:16
d182:15
Invalid operation
f52:288
n85:94
d231:17
d139
d173/
d182
d192/
d194/
d200
d216/
d231
d254/
d257
d26
d262/
d263
d268
d27
d282/
d33/
d38
d52/
d95/
f104/
f113/
f120/
f128/
f146/
f159
f162/
f165/
f17
f174/
f187
f189/
f22/
f232/
f244/
f271
f275
f276/
f280/
f288
f290/
f292
f49/
f52
f7/
f74
f83
f84
n108
n109/
n111/
n12/
n15
n45
n46/
n57/
n68/
n85
n88
d139
d173/
d182
d192/
d194/
d200
d216/
d231
d254/
d257
d26
d262/
d263
d268
d27
d282/
d33/
d38
d52/
d95/
f104/
f113/
f120/
f128/
f146/
f159
f162/
f165/
f17
f174/
f187
f189/
f22/
f232/
f244/
f271
f275
f276/
f280/
f288
f290/
f292
f49/
f52
f7/
f74
f83
f84
n108
n109/
n111/
n12/
n15
n45
n46/
n57/
n68/
n85
n88
f52:294
n85:94
f52:294
n85:94
d139
d173/
d192/
d200
d216/
d231
d254/
d257
d26
d262/
d263
d268
d27
d282/
d33/
d38
d52/
d95/
f104/
f113/
f120/
f128/
f146/
f159
f162/
f165/
f17
f174/
f187
f189/
f22/
f232/
f244/
f271
f275
f276/
f280/
f290/
f292
f49/
f52
f7/
f74
n108
n109/
n111/
n12/
n15
n45
n46/
n57/
n68/
n85
n88
d139
d173/
d192/
d200
d216/
d231
d254/
d257
d26
d262/
d263
d268
d27
d282/
d33/
d38
d52/
d95/
f104/
f113/
f120/
f128/
f146/
f157/
f159
f162/
f165/
f17
f174/
f187
f189/
f22/
f232/
f244/
f271
f275
f276/
f280/
f290/
f292
f49/
f52
f7/
f74
n108
n109/
n111/
n117/
n12/
n15
n45
n46/
n57/
n68/
n85
n88
d47/
d47/
d47/
d47/
f74:00 00 00 45 65 7B 50
f74:09 DA EF 7F 31
d139/
d80/
d139:dir:0
Invalid operation
Invalid operation
n57:dir:0
Invalid operation
f52:c2._7rai46.lkza.wm6sw6c390aypgeb4qfbmc9 kq-xld6bteuf6 kzx3u0j5g7qhuf7i6-erk5d_s.-ld83bv1r4otx274mz3t02sigi84aqvyscn6c9eoicr1wrnxv nhsluh3blxd_iomx5sn x5sd5z8def91_xltlh21ckww6ivl2 vlvdl64atmgzkv_mc386_58qe6og70ds za -ga82_rfpcmxwktn1_0eoq235.thahd2rpzazuk64lb.b8kr2z8dtbml2x5l_1g4x.hkswhzxvft8k
d139
d153/
d173/
d192/
d200
d216/
d231
d254/
d257
d26
d262/
d263
d268
d27
d282/
d33/
d38
d52/
d95/
f104/
f113/
f120/
f128/
f146/
f157/
f159
f162/
f165/
f174/
f187
f189/
f22/
f232/
f244/
f271
f275
f276/
f280/
f290/
f292
f3/
f49/
f52
f7/
f74
n108
n109/
n111/
n12/
n15
n45
n46/
n57/
n68/
n85
n88
d0/
f291/
Invalid operation
d0/
d293
f291/
Invalid operation
/f7/f123
/f7/f123
Invalid operation
f197
f197
f197:md:4
d35:00 00
Invalid operation
Invalid operation
Invalid operation
d35:57
Invalid operation
d35:EF B8 EE
Invalid operation
d156:6B 4A
Invalid operation
f166
d35:00 44
Invalid operation
d35:60 1B EE 00 EA 3B A3 2E 6E
d223/
├── d242/
├── d36
├── d60/
├── f149
└── n23
d242/
d36
d60/
f149
Invalid operation
Invalid operation
d223/
n22
d35:44 26 13 60
d110
d223/
Invalid operation
/f7/d0/d25/d110
d110
d223/
d240
d248
n22
Invalid operation
d223:dir:0
Invalid operation
Invalid operation
d155
d25/
d54
d84
f119
f20
f283
d242/
d36
d60/
f148
f159
d36:j.i5r3bh2x7ces-bl1w-44fs5
Invalid operation
Invalid operation
d35:F9
/f7/d0/d25/d223/d36
d35:3B 58 3F 15 1D 6C F9 2A 6A 00
/f7/d0/d25/d223/d36
Invalid operation
/f7/d0/d25/d223/d36
d35:59 80 D8 44 26 13 60 AF 92 00 EA 3B 58 3F 15 1D 6C F9 2A
d35:9E
/f7/d0/d25/d223/d36
d108/
d22
d242/
d297/
d36
d60/
n67
d36:59
d22:12
n67:9
Invalid operation
d108/
d22
d242/
d297/
d36
d60/
n67
Invalid operation
d142: ld0aijc3
Invalid operation
f248
f248:txt:16
Null
d108/
d155
d190/
d22
d36
d60/
f158
n67
n83
Null
d36:61
d22:12
f74:10
n67:9
d36:txt:61
Invalid operation
f104:bin:3
Invalid operation
Invalid operation
Invalid operation
f98:dir:0
f98:dir:0
/f7/d0/d25/d223/d36
d36:j.i5r3bh2x7ces-bl1w-44fs5rr7fz7_ukjksqr822h-27v0s13tmmx esskau7c6o
/f7/d0/d25/d223/d36
d223/
├── d132
├── d155
├── d190/
│   ├── f98/
│   └── n53/
├── d22
├── d36
├── d60/
│   └── d95
├── f158
├── f74
├── n67
└── n83
d132
d155
d190/
d22
d36
d60/
f158
f220
f74
n67
n83
Invalid operation
Invalid operation
Invalid operation
d155:13
d22:12
f74:10
n67:9
d132:8
f158:8
f220:0
n83:0
d95:0
d155:5E
Invalid operation
Invalid operation
Invalid operation
Invalid operation
d155:5E 45
Null
Null
Null
f127
f98/
n53/
Invalid operation
d155:0B 00 00 30 22 00 26 5E
n67:3 x5 6iu_g
Invalid operation
Invalid operation
d155:00
n67:3 x5 6iu_garyiy.ozh3y
Invalid operation
d155:F9 97
f51/
d155:0B 00 00 30
d155:55
Invalid operation
/f7/d0/d25/d223/d60/f130/f213
f15:dir:0
f130/
f161
f66
Invalid operation
d169
d258/
f213
f288/
f298
Invalid operation
Invalid operation
Invalid operation
f130/
├── d169
├── d258/
├── f213
├── f288/
└── f298
Null
Invalid operation
f213:BF
Invalid operation
Invalid operation
Invalid operation
Invalid operation
f213:47
Invalid operation
d240
d240
Invalid operation
d110
d169
d203/
d227/
d258/
f100/
f213
f218
f298
f62/
n0
d110:15
f218:13
f213:12
n0:10
Invalid operation
Invalid operation
f130:dir:0
f130/
n71/
f213:bin:13
f213:99 00 00
f130/
n67:3 x5 6iu_garyiy.ozh3y.j.724w3mw4bqql5xj.5.olmaw8xh
n67:3 x5 6iu_garyiy.ozh3y.j.724w3mw4bqql5xj.5.olmaw8xh
d60:dir:0
n113/
Invalid operation
d132
d216
d60/
f158
f220
f43
n67
n83
d35:29 8B A3 0D 37 92 00 00 45 E1 80 77 7E 9A
n67:3 x5 6iu_garyiy.ozh3y.j.724w3mw4bqql5xj.5.olmaw8xhxx6po
/f7/d0/d25/d223/n67
Invalid operation
d132
d216
d60/
f220
f43
n67
n83
d35:20 48 49 EF B8 EE DE 08 59 80 D8
d223/
├── d132
├── d216
├── d54
├── d60/
├── f220
├── f43
├── f63/
├── n67
└── n83
Invalid operation
d248:12
Invalid operation
d248:h99749uudwa.
Invalid operation
Invalid operation
d25/
├── d223/
│   ├── d132
│   ├── d216
│   ├── d60/
│   ├── f220
│   ├── f43
│   ├── f63/
│   ├── n67
│   └── n83
├── d248
├── d64
├── f250
├── f296
├── n62
└── n70/
d223/
d248
d64
f250
f296
f50
n62
n70/
d223/
d248
d3
d64
f250
f296
f50
n62
n70/
f250:FA
Invalid operation
Invalid operation
Invalid operation
Invalid operation
d60:dir:0
d242:F7
d223:dir:0
/f7/d0/d25/d248
d223/
d248
d25
d3
d64
f250
f296
n62
n70/
/f7/d0/d25/d248
n70/
└── n90/
d248:h99749uudwa.6w2.3e8_6x
f296:00 00
f87:txt:14
Invalid operation
f257/
f87
f296:6A
Invalid operation
Invalid operation
Invalid operation
d170
d227/
f257/
f40
n117/
f257:dir:0
d232:lr
d107/
d232
f40/
Invalid operation
f227
d107/
d232
d255/
f31/
n2/
d107/
d113
d232
d255/
f31/
n2/
Invalid operation
d211:up3-o8_9
f40:23 5B FA BD DC 1D
d30
f40:1A 64
Invalid operation
d30
d30
d38:
Invalid operation
Null
d208:14
d275:2
Invalid operation
d208
d275
Invalid operation
Invalid operation
d275:md:7
Invalid operation
Invalid operation
Invalid operation
d208:14
f58:11
d275:7
d225:5
Invalid operation
d169/
d208
d225
d275
f58
Invalid operation
d164/
├── d132
├── d169/
├── d208
├── d225
├── d275
└── f58
d275:hxi4nnv
Invalid operation
d275:hxi4nnv6nksql
d132
d208
d225
d275
d82
f58
n69/
n74/
Invalid operation
Invalid operation
f58:7A 00 6A C2 23 98
Invalid operation
f58:27 AF
f58:38 6E B6 00 00
f58:00 00
Invalid operation
/f7/d0/d25/n70/n90/f257/f31/d164/d275
Null
d275:hxi4nnv6nksql-i94r_uqwul6nqcbknn-sknrg
Invalid operation
d275:md:48
d211:8
d275:md:48
Invalid operation
f58:23 98 D2 25 C1 9E A2 27 AF 38 85 47 8A
/f7/d0/d25/n70/n90/f257/f31/d164/d275
f58:25 C1 9E A2 27 AF 38 6E B6 00
f58:98 D2 25 C1 9E A2 27 AF 38 6E B6 00
d225
d244
d275
d296/
d82
f0/
f292/
f58
n41
n51/
n69/
n86
d275:hxi4nnv6nksql-i94r_uqwul6nqcbknn-sknrgoob8le2642x
d225
d244
d275
d296/
d82
f0/
f292/
f58
n41
n51/
n69/
n86
d225
d244
d275
d296/
d82
f0/
f292/
f58
n41
n51/
n69/
n86
f40:00 19 00 00 00
d232:lr76soufx-8m-52
Invalid operation
Invalid operation
d232:lr76soufx-8m-52x
d232:lr76soufx-8m-52x
d107:dir:0
Invalid operation
d107/
d2/
d255/
Invalid operation
Invalid operation
Invalid operation
Invalid operation
Invalid operation
Invalid operation
d170
d227/
d37
f257/
f40
n117/
f257:dir:0
Invalid operation
f257:dir:0
Invalid operation
Invalid operation
d119
d170
d227/
d65/
f209
f257/
f257:dir:0
Invalid operation
Invalid operation
Invalid operation
n90/
├── d119
├── d170
├── d227/
├── d231
├── d54
├── d65/
├── f209
└── f257/
    └── d255/
        └── d28/
Invalid operation
Invalid operation
Invalid operation
d170:0E
n88
Invalid operation
Invalid operation
n88:0
n88:bin:0
f227/
├── d5/
├── f239
└── n88
d5/
f239
n88
d5/
f239
n88
Invalid operation
n88:00 00 00
Invalid operation
d119
d170
d227/
d54
f209
f227/
Invalid operation
Invalid operation
Invalid operation
d7:0
Invalid operation
/f7/d0/d25/n70/n90/d227/d210/d7
Invalid operation
Invalid operation
Invalid operation
d181:txt:3
d181
d181:c3l
/f7/d0/d25/n70/n90/d227/d210/d272/f230
f231/
Invalid operation
d7:D4 1B 00
Invalid operation
Invalid operation
Invalid operation
Invalid operation
Invalid operation
Invalid operation
d7:D4 80 35 E5 33
f197:n ueklisl0xytr51
d261:md:0
d261
d147:2_uyeg8q_bq
Null
d281
d7
f193
f4
d7
f193
f4
Invalid operation
d7
f193
f234
f4
f193:28 AA F2
Invalid operation
/f7/d0/d25/n70/n90/d227/d210/d272/f63/f231/d39/d7
/f7/d0/d25/n70/n90/d227/d210/d7
Null
Invalid operation
f103:gby..x
Invalid operation
Invalid operation
d7:txt:23
d268/
d51/
f258
f4
/f7/d0/d25/n70/n90/d227/d210/d272/f63/f231/d39/f4
Invalid operation
d268/
d51/
f258
f4
d268/
d51/
f258
f4
d15:61
d15
d268/
d51/
f4
Invalid operation
Invalid operation
d15:F2 AF
f4:18
d15:6
d249:4
Invalid operation
d15:C1 88 F2 FF 61 1D 86 8B
Invalid operation
d13
d15
d249
d268/
d51/
f120/
f278/
f4
d15:F2 FF 42 7A 98
Invalid operation
f4:18
d13:13
d15:8
d249:4
Invalid operation
d13
d15
d249
d268/
d51/
f4
f44
/f7/d0/d25/n70/n90/d227/d210/d272/f63/f231/d39/d268/f103
d215
d215:
d15:7F DB 12 B8 98 8B
Invalid operation
Invalid operation
d15:1C 57 01
/f7/d0/d25/n70/n90/d227/d210/d272/f63/f231/d39/d268/f103
Invalid operation
Null
Invalid operation
Invalid operation
f103:gby..x
f262:dir:0
d15:F2 E2 1C 70 B9 41 09 B0 73 98 01 77
Invalid operation
Invalid operation
d13
d15
d249
d268/
d51/
f203/
f4
f44
d109
d13
d15
d249
d268/
d51/
f182
f203/
f210
f4
f44
d15:70
d237:dir:0
Invalid operation
d225
d237/
d39/
f135
f18
f197
Invalid operation
d225:4oiht
Invalid operation
f231:dir:0
f231:dir:0
Invalid operation
Null
f230:.j_sqe.lcq68eu.u..x
f230:19
d285:14
f166:5
f209:3
d87
f231/
f254/
d7:8A BA 00 00 EE
Invalid operation
Invalid operation
d87:17
f96:15
/f7/d0/d25/n70/n90/d227/d210/d272/f63/d87
Invalid operation
/f7/d0/d25/n70/n90/d227/d210/d272/f63/d87
d14/
d87
f218/
f231/
f254/
f281/
f96
d7:2F 8D 26 89 0B
Invalid operation
Invalid operation
d92:12
d92:txt:12
d87:22
f96:15
n46:12
f97:7
d14/
d87
f218/
f231/
f254/
f281/
f96
f97
n46
Invalid operation
Null
Invalid operation
d14/
d245/
f218/
f231/
f254/
f281/
f97
f230:.j_sqe.lcq68eu.u..xwm9 sstbhey 
d124/
d198
d285
f166
f209
f230
f63/
Null
d7:00 81 6E D3 39 8A BA 00 00 EE 60 ED CE AB 89 57 F6 FC 6E 3D 42 0B 00 00
f63/
├── d245/
├── d71/
├── f218/
├── f231/
│   ├── d225
│   ├── d233/
│   ├── d237/
│   ├── d39/
│   │   ├── d109
│   │   ├── d13
│   │   ├── d15
│   │   ├── d249
│   │   ├── d268/
│   │   │   ├── d43/
│   │   │   │   ├── d88
│   │   │   │   ├── f80/
│   │   │   │   └── n104/
│   │   │   ├── f103
│   │   │   ├── f156
│   │   │   ├── f17
│   │   │   ├── f262/
│   │   │   └── f64
│   │   ├── d51/
│   │   ├── d88
│   │   ├── d99
│   │   ├── f182
│   │   ├── f203/
│   │   ├── f210
│   │   ├── f287
│   │   ├── f4
│   │   ├── f44
│   │   └── n119/
│   ├── f135
│   ├── f177
│   ├── f18
│   └── f197
├── f254/
├── f281/
└── f97
d7:D4
d245/
d71/
f218/
f231/
f254/
f281/
f97
n111
f97:64rqx..xxxl-f-59.g27eaq-21
/f7/d0/d25/n70/n90/d227/d210/d272/f63/f97
Invalid operation
d7:45 B5 A1 00 00 14
f154:A1 CD
f231:dir:0
f154:CD C6 78 00 00
f97:44
f154:15
n111:9
Invalid operation
Invalid operation
d219
d47/
f154
f231/
f78
f82
f96/
f97
Invalid operation
d219
d47/
f154
f231/
f78
f82
f96/
f97
Null
f97:64rqx..xxxl-f-59.g27eaq-21xtfepl2z4s83g71lx6
Invalid operation
d219
d47/
f154
f231/
f78
f82
f96/
f97
Invalid operation
/f7/d0/d25/n70/n90/d227/d210/d272/f63/d47/f277
Invalid operation
Invalid operation
Invalid operation
f277:bin:1
Invalid operation
d48/
f277
f231:dir:0
Invalid operation
f97:45
Invalid operation
d47/
f131/
f140
f154
f231/
f78
f82
f97
Invalid operation
Invalid operation
Invalid operation
Invalid operation
Invalid operation
d7:bin:43
Invalid operation
Invalid operation
Invalid operation
Invalid operation
Invalid operation
Invalid operation
/f7/d0/d25/n70/n90/d227/d210/f187/f84
Null
d41
f182/
f84
Invalid operation
d7:2B 57 FC 1E EF F1 C8 BC
f182:dir:0
f84:xzwnuzlurfayr8kjl2_andkhs27gj- kt_dwuva zx
Invalid operation
Invalid operation
f84:xzwnuzlurfayr8kjl2_andkhs27gj- kt_dwuva zx
Invalid operation
f84:xzwnuzlurfayr8kjl2_andkhs27gj- kt_dwuva zx
d197
d236
f169/
f182/
f279
f84
Invalid operation
f182:dir:0
d7:14 00 81 6E D3 39 8A BA
d197
d236
d93
f153/
f169/
f182/
f198
f279
f84
Invalid operation
f84:xzwnuzlurfayr8kjl2_andkhs27gj- kt_dwuva zxx
Invalid operation
Invalid operation
d213
d272/
d7
f0
f187/
f49/
f66
f90
d210:dir:0
Invalid operation
d170:07
f90:6tqlsk25h
/f7/d0/d25/n70/n90/d227/d210/f90
/f7/f90
Null
/f7/d0/d25/n70/n90/d227/d210/f90
/f7/f90
Invalid operation
Invalid operation
Invalid operation
Invalid operation
Invalid operation
Invalid operation
d170:07 4E E8 00 00 2A
/f7/d0/d25/n70/n90/d227/f237
Invalid operation
d119:64
d0
d119
d134
d227/
d244/
d54
f209
Invalid operation
Invalid operation
/f7/d0/d25/n70/n90/d244/n91
Invalid operation
Invalid operation
d119:E1 53 8D 64 46 35 00 00 00
d119:00 00
Invalid operation
Invalid operation
Invalid operation
Invalid operation
d248:h99749uudwa.6w2.3e8_6x
Invalid operation
d248:h99749uudwa.6w2.3e8_6x
d223/
d248
d25
d3
d64
f296
n62
n70/
Invalid operation
Invalid operation
Invalid operation
d25:dir:0
Invalid operation
d155
d25/
d54
f119
f123:p6alu79un90yo460
d25:dir:0
d35:6C F9 00 00 63 5C 29 8B A3 0D 37 92 00 00 45 E1 80 35 2A 9A 00
d155
d233/
d25/
d54
d155
d233/
d25/
d54
d54:r3w0nn144iu9 3xde8 c4u1y8_67 ddtfm6u3syypq.rxwwj_
d25:dir:0
d233/
d25/
d54
f131
Invalid operation
d35:00 00 45 E1 80
Invalid operation
Invalid operation
d54:49
f131:0
d35:91 74 09 4D 3F 15 1D 6C F9 00 1A 21 7C C0 8B A3 0D 37 92
d54
f131
f234
d35:DE 83 18 4A 87 4F FE 2A 4A 80 D8 12 26 13 B9 76 B9 91 74 09 4D 3F 15 1D 6C F9 00
Invalid operation
f123:p6alu79un90yo460
d0/
d35
f123
f146
d35:43
f123:16
f146:0
Invalid operation
d139
d153/
d173/
d192/
d200
d216/
d231
d254/
d257
d26
d262/
d263
d268
d27
d282/
d33/
d38
d52/
d95/
f104/
f113/
f120/
f128/
f146/
f157/
f159
f162/
f165/
f174/
f187
f189/
f192/
f22/
f232/
f244/
f275
f276/
f280/
f290/
f292
f3/
f49/
f52
f7/
f74
n108
n109/
n111/
n12/
n15
n45
n46/
n57/
n68/
n85
n88
Invalid operation
Invalid operation
f74:00 7E 77 A0 41 26 00 4E 17
d139
d153/
d173/
d192/
d200
d216/
d231
d240/
d254/
d257
d26
d262/
d263
d268
d27
d282/
d33/
d38
d52/
f104/
f113/
f120/
f128/
f146/
f157/
f159
f162/
f165/
f174/
f187
f189/
f192/
f22/
f232/
f244/
f275
f280/
f290/
f292
f3/
f49/
f52
f7/
f74
n108
n109/
n111/
n12/
n15
n45
n46/
n57/
n68/
n85
n88
/f52
f52:c2._7rai46.lkza.wm6sw6c390aypgeb4qfbmc9 kq-xld6bteuf6 kzx3u0j5g7qhuf7i6-erk5d_s.-ld83bv1r4otx274mz3t02sigi84aqvyscn6c9eoicr1wrnxv nhsluh3blxd_iomx5sn x5sd5z8def91_xltlh21ckww6ivl2 vlvdl64atmgzkv_mc386_58qe6og70ds za -ga82_rfpcmxwktn1_0eoq235.thahd2rpzazuk64lb.b8kr2z8dtbml2x5l_1g4x.hkswhzxvft8k
Invalid operation
d259:dir:0
f74:F0 D2 00 00 00 7E 77
f48:4
Invalid operation
d108/
d191
d259/
f48
Invalid operation
d108/
d191
d259/
d68/
f48
f48:-vrz
Invalid operation
Invalid operation
Invalid operation
n48:dir:0
Invalid operation
f298:4ovmia 1p
f48:-vrz cqydj9r57hre.6nljzh5-uja 
Invalid operation
Invalid operation
Invalid operation
Invalid operation
Invalid operation
d191:10 6D 49 0C CC 69 FD CB BA
d191:00 33 82
d139
d153/
d173/
d192/
d200
d216/
d231
d240/
d254/
d257
d26
d262/
d263
d268
d27
d282/
d33/
d38
d52/
d61
f104/
f113/
f120/
f128/
f146/
f157/
f165/
f174/
f187
f189/
f192/
f22/
f232/
f244/
f280/
f290/
f292
f3/
f49/
f52
f7/
f74
f82/
n108
n109/
n111/
n12/
n15
n33
n45
n46/
n57/
n68/
n85
n88
f52:298
n85:94
f74:35
d231:17
d27:17
Invalid operation
d139
d153/
d173/
d192/
d200
d216/
d231
d240/
d254/
d257
d26
d262/
d263
d268
d27
d282/
d33/
d38
d52/
d61
f104/
f113/
f120/
f128/
f146/
f157/
f165/
f174/
f187
f189/
f192/
f22/
f232/
f244/
f280/
f290/
f292
f3/
f37
f49/
f52
f7/
f74
f82/
n108
n109/
n111/
n12/
n15
n33
n45
n46/
n57/
n68/
n85
n88
d139
d153/
d173/
d192/
d200
d216/
d231
d240/
d254/
d257
d258/
d26
d262/
d263
d268
d27
d282/
d33/
d38
d52/
d61
f104/
f113/
f120/
f128/
f146/
f157/
f165/
f174/
f187
f189/
f192/
f22/
f232/
f244/
f280/
f290/
f292
f3/
f49/
f52
f7/
f74
f82/
n108
n109/
n111/
n12/
n15
n33
n45
n46/
n57/
n68/
n85
n88
f74:DA EF 7F 31 84 EF 4A BC 7B 55 F5 4C 66 F0 D2 00 00 00 7E 77 A0 41 26 00 4E 00
Invalid operation
Invalid operation
/f52
Invalid operation
f52:c2._7rai46.lkza.wm6sw6c390aypgeb4qfbmc9 kq-xld6bteuf6 kzx3u0j5g7qhuf7i6-erk5d_s.-ld83bv1r4otx274mz3t02sigi84aqvyscn6c9eoicr1wrnxv nhsluh3blxd_iomx5sn x5sd5z8def91_xltlh21ckww6ivl2 vlvdl64atmgzkv_mc386_58qe6og70ds za -ga82_rfpcmxwktn1_0eoq235.thahd2rpzazuk64lb.b8kr2z8dtbml2x5l_1g4x.hkswhzxvft8k1vtqx.sn891wts18p_fn8y
f52:316
n85:94
f74:44
f52:316
n85:94
f52:316
n85:94
f74:44
Invalid operation
f74:8C B7 77 EE AC 8F 7F 74 F7 4A BC 7B 1E F5 4C 66 F0 D2 00 00 00 7E 77 A0 41 26
d139
d153/
d164/
d173/
d192/
d200
d216/
d231
d240/
d254/
d257
d258/
d26
d263
d27
d282/
d33/
d52/
d61
d9
f104/
f113/
f120/
f123
f125
f128/
f129
f146/
f157/
f165/
f174/
f187
f192/
f212
f22/
f232/
f244/
f280/
f290/
f292
f3/
f49/
f52
f7/
f72
f74
f82/
n108
n109/
n111/
n12/
n15
n33
n46/
n57/
n68/
n85
n88
d139
d153/
d164/
d173/
d192/
d200
d216/
d231
d240/
d254/
d257
d258/
d26
d263
d27
d282/
d33/
d52/
d61
d9
f104/
f113/
f120/
f123
f125
f128/
f129
f146/
f157/
f165/
f174/
f187
f192/
f212
f22/
f232/
f244/
f280/
f290/
f292
f3/
f49/
f52
f7/
f72
f74
f82/
n108
n109/
n111/
n12/
n15
n33
n46/
n57/
n68/
n85
n88
Invalid operation
/f52
Invalid operation
Invalid operation
Invalid operation
Invalid operation
f74:4C 66 F0 D2 00 00 00 7E 77
/f52
d139
d153/
d164/
d169/
d173/
d192/
d200
d216/
d231
d240/
d254/
d257
d258/
d26
d263
d27
d282/
d33/
d52/
d61
d9
f104/
f113/
f120/
f123
f125
f128/
f129
f146/
f157/
f165/
f174/
f187
f192/
f212
f22/
f232/
f244/
f280/
f290/
f292
f3/
f49/
f52
f7/
f72
f74
f82/
n109/
n111/
n12/
n15
n33
n46/
n57/
n68/
n85
n88
d139
d153/
d164/
d169/
d173/
d192/
d200
d216/
d231
d240/
d254/
d257
d258/
d26
d263
d27
d282/
d33/
d52/
d61
d9
f104/
f113/
f120/
f123
f125
f128/
f129
f146/
f157/
f165/
f174/
f187
f192/
f212
f22/
f232/
f244/
f280/
f290/
f292
f3/
f42/
f49/
f52
f7/
f72
f74
f82/
n109/
n12/
n15
n33
n46/
n57/
n68/
n85
n88
f52:c2._7rai46.lkza.wm6sw6c390aypgeb4qfbmc9 kq-xld6bteuf6 kzx3u0j5g7qhuf7i6-erk5d_s.-ld83bv1r4otx274mz3t02sigi84aqvyscn6c9eoicr1wrnxv nhsluh3blxd_iomx5sn x5sd5z8def91_xltlh21ckww6ivl2 vlvdl64atmgzkv_mc386_58qe6og70ds za -ga82_rfpcmxwktn1_0eoq235.thahd2rpzazuk64lb.b8kr2z8dtbml2x5l_1g4x.hkswhzxvft8k1vtqx.sn891wts18p_fn8ye0zqecxz2h khtyw5e.5uh42jx_cw8
f74:18 39 8C B7 77 EE AC 8F 7F 74 F7 4A BC 7B 1E F5 4C 66 39 A9 0A A8 3E FA 4A B8 38 E0 9E 4E 00
Invalid operation
d139
d153/
d164/
d169/
d173/
d192/
d200
d216/
d225
d231
d240/
d254/
d257
d258/
d26
d263
d27
d282/
d294
d33/
d52/
d61
d9
f104/
f113/
f120/
f123
f125
f128/
f129
f157/
f165/
f174/
f187
f192/
f212
f22/
f232/
f244/
f280/
f290/
f292
f3/
f42/
f49/
f52
f7/
f72
f74
f82/
n109/
n12/
n15
n33
n46/
n57/
n68/
n85
Invalid operation
d139
d153/
d164/
d169/
d173/
d192/
d200
d212/
d216/
d225
d231
d240/
d254/
d257
d258/
d26
d263
d27
d282/
d294
d33/
d52/
d61
d9
f104/
f113/
f120/
f123
f125
f128/
f129
f157/
f164
f165/
f174/
f187
f192/
f212
f22/
f232/
f244/
f280/
f290/
f292
f3/
f42/
f49/
f52
f7/
f72
f74
f82/
n109/
n12/
n15
n33
n46/
n57/
n68/
n85
f52:347
n85:94
f74:44
Invalid operation
f52:347
n85:94
f74:44
f52:363
n85:94
f74:44
f52:363
n85:94
f74:43
Invalid operation
Invalid operation
f74:E0 9E 4E 00 00 00 00
Invalid operation
d139
d153/
d164/
d169/
d173/
d192/
d200
d212/
d216/
d225
d231
d240/
d254/
d257
d258/
d26
d263
d27
d282/
d294
d33/
d52/
d61
d9
f104/
f113/
f120/
f123
f125
f128/
f129
f157/
f164
f165/
f174/
f187
f192/
f212
f22/
f232/
f244/
f280/
f290/
f292
f3/
f42/
f49/
f52
f7/
f72
f74
f82/
n109/
n12/
n15
n33
n46/
n57/
n68/
n85
d139
d153/
d164/
d169/
d173/
d192/
d200
d212/
d216/
d225
d231
d240/
d254/
d257
d258/
d26
d263
d27
d282/
d294
d33/
d52/
d61
d9
f104/
f113/
f120/
f123
f125
f128/
f129
f157/
f164
f165/
f174/
f187
f192/
f212
f22/
f232/
f244/
f280/
f290/
f292
f3/
f42/
f49/
f52
f7/
f72
f74
f82/
n109/
n12/
n15
n33
n46/
n57/
n68/
n85
f52:363
n85:94
f74:43
f52:363
n85:94
n57:dir:0
Invalid operation
Invalid operation
d139
d153/
d164/
d169/
d173/
d192/
d200
d212/
d216/
d225
d231
d240/
d254/
d257
d258/
d26
d263
d282/
d294
d33/
d52/
d61
d9
f104/
f113/
f120/
f123
f125
f128/
f129
f157/
f164
f165/
f174/
f187
f192/
f212
f22/
f232/
f244/
f254
f280/
f290/
f292
f3/
f42/
f49/
f52
f7/
f72
f74
f82/
n109/
n12/
n15
n33
n46/
n57/
n68/
n85
Invalid operation
Invalid operation
d139
d153/
d164/
d169/
d173/
d192/
d200
d212/
d216/
d225
d231
d240/
d254/
d257
d258/
d26
d263
d282/
d294
d33/
d52/
d61
d9
f104/
f113/
f120/
f123
f125
f128/
f129
f157/
f164
f165/
f174/
f187
f192/
f212
f22/
f232/
f244/
f254
f280/
f290/
f292
f3/
f42/
f49/
f52
f7/
f72
f74
f82/
n109/
n12/
n15
n33
n46/
n57/
n68/
n85
Invalid operation
Invalid operation
f52:379
n85:94
f74:40
f52:379
n85:94
f74:40
n57:dir:0
d139
d153/
d164/
d169/
d173/
d192/
d200
d212/
d216/
d225
d231
d240/
d254/
d257
d258/
d26
d263
d282/
d294
d33/
d52/
d61
d9
f104/
f113/
f120/
f123
f125
f128/
f129
f157/
f164
f165/
f174/
f187
f192/
f212
f22/
f232/
f244/
f280/
f290/
f292
f3/
f42/
f49/
f52
f7/
f72
f74
f82/
n109/
n12/
n15
n33
n46/
n57/
n66
n68/
n85
f52:379
n85:94
f74:40
f52:c2._7rai46.lkza.wm6sw6c390aypgeb4qfbmc9 kq-xld6bteuf6 kzx3u0j5g7qhuf7i6-erk5d_s.-ld83bv1r4otx274mz3t02sigi84aqvyscn6c9eoicr1wrnxv nhsluh3blxd_iomx5sn x5sd5z8def91_xltlh21ckww6ivl2 vlvdl64atmgzkv_mc386_58qe6og70ds za -ga82_rfpcmxwktn1_0eoq235.thahd2rpzazuk64lb.b8kr2z8dtbml2x5l_1g4x.hkswhzxvft8k1vtqx.sn891wts18p_fn8ye0zqecxz2h khtyw5e.5uh42jx_cw8xnk88pjjpk677dad2kffxrn0jcgay.od4
Invalid operation
d139
d153/
d164/
d169/
d173/
d192/
d200
d212/
d216/
d225
d231
d240/
d254/
d257
d258/
d26
d263
d282/
d294
d33/
d52/
d61
d9
f104/
f113/
f120/
f123
f125
f128/
f129
f157/
f164
f165/
f174/
f187
f192/
f212
f22/
f232/
f244/
f280/
f290/
f292
f3/
f42/
f49/
f52
f7/
f72
f74
f82/
n109/
n12/
n15
n33
n46/
n57/
n66
n68/
n85
f52:380
n85:94
f74:40
d231:17
f52:380
n85:94
f74:40
d139
d153/
d164/
d169/
d173/
d192/
d200
d212/
d216/
d225
d231
d240/
d254/
d257
d258/
d26
d263
d282/
d294
d33/
d52/
d61
d9
f104/
f113/
f120/
f123
f125
f128/
f129
f157/
f164
f165/
f174/
f187
f192/
f212
f22/
f232/
f244/
f280/
f290/
f292
f3/
f42/
f49/
f52
f7/
f72
f74
f82/
n109/
n12/
n15
n33
n46/
n57/
n66
n68/
n85
f52:380
n85:94
f74:40
f52:380
n85:94
f74:40
d139
d153/
d164/
d169/
d173/
d192/
d200
d212/
d216/
d225
d231
d240/
d257
d258/
d26
d263
d282/
d294
d33/
d52/
d61
d9
f104/
f113/
f120/
f123
f125
f128/
f129
f157/
f164
f165/
f174/
f187
f192/
f212
f22/
f232/
f244/
f280/
f290/
f292
f3/
f42/
f49/
f52
f7/
f72
f74
f82/
n109/
n12/
n15
n33
n46/
n57/
n66
n68/
n85
f52:380
n85:94
f74:40
Invalid operation
f137:6
f161:l5
f161:txt:2
f161:2
Invalid operation
Invalid operation
f161
f78
Invalid operation
Invalid operation
d161
f161:l5n46d01
Invalid operation
f52:380
n85:94
f74:50
d231:17
f72:17
f123:16
f74:39 8C
d149/
f161
f161:l5n46d01x
Invalid operation
d139
d153/
d164/
d169/
d173/
d192/
d200
d212/
d216/
d225
d231
d240/
d254/
d257
d258/
d26
d263
d282/
d294
d33/
d52/
d61
d9
f104/
f113/
f120/
f123
f125
f128/
f129
f157/
f164
f165/
f174/
f187
f192/
f212
f22/
f232/
f244/
f280/
f290/
f292
f3/
f42/
f49/
f52
f7/
f72
f74
f82/
n109/
n12/
n15
n33
n46/
n57/
n66
n68/
n85
f52:380
n85:94
f74:50
f52:380
n85:94
f74:50
f52:380
n85:94
f74:50
d139
d153/
d164/
d169/
d173/
d192/
d200
d212/
d216/
d225
d231
d240/
d254/
d257
d258/
d26
d263
d282/
d294
d33/
d52/
d61
d9
f104/
f113/
f120/
f123
f125
f128/
f129
f157/
f164
f165/
f174/
f187
f192/
f212
f22/
f232/
f244/
f280/
f290/
f292
f3/
f42/
f49/
f52
f7/
f72
f74
f82/
n109/
n12/
n15
n33
n46/
n57/
n66
n68/
n85
Invalid operation
Invalid operation
f52:381
n85:94
f74:55
Invalid operation
f52:381
n85:94
f74:55
Invalid operation
f48:-vrz cqydj9r57hre.6nljzh5-uja zpb3gx4njq
Invalid operation
d108/
d259/
d268/
f11
f202
f298/
f48
f82/
n103/
d108/
d259/
d268/
f11
f202
f298/
f48
n103/
Invalid operation
Invalid operation
d108/
d259/
d268/
d67/
f11
f202
f298/
f48
n103/
n114/
n25/
d259:dir:0
/f232/d259/f278
d117
d124/
d182/
d250
d26/
f262
f278
f32/
n3/
/f232/d259/d117
Invalid operation
d117
d124/
d182/
d26/
f262
f278
f32/
n3/
Invalid operation
Invalid operation
f52:391
n85:94
f74:59
f74:4E 77 00 00 00 00 03 90 C5 00 B0 50 72 13 AD A7 20 13 3B
Invalid operation
d174/
f51/
Invalid operation
Invalid operation
Invalid operation
d110/
f51/
n87/
d110/
f51/
n87/
d110/
d126/
d128/
d95
f51/
n87/
d110/
d126/
d128/
d95
f51/
n87/
Invalid operation
f74:57 D1 92 4F A7
f74:B9 A2 2E 3D DC 32 DA 9A 36 16 D4 A5 7B 4E 77 00 00 00 00 03 9E 0F
Invalid operation
Invalid operation
f51:dir:0
Invalid operation
Invalid operation
d164/
f253/
n29
d164/
f253/
f275/
Invalid operation
f74:00 F6 95 00 00 00
f11/
f253/
n17
Invalid operation
Invalid operation
f74:A4 2F 18 A8 30 7E 99 C2 20 E3 99 D6 96 4A BC 7B 8C B9 A2 2E 3D DC 32 DA 9A 36 16 D4 A5 7B 4E 77 00 00 00 00 03 9E 0F F8 73 57 D1 92 4F A7 20 8B 75 AC D4 00 00 F6 95 00 00 00 B7 00 00 00 00
n17:wwzx2._0a8_63lo
Invalid operation
f74:D4 A5 7B 4E 77 00 00 00 00 03 9E 0F F8 73
Invalid operation
d75/
Invalid operation
f27/
Invalid operation
Invalid operation
d218:E3 F2
/f82/n87/f138
/f82/d95
/f82/d95
Invalid operation
d157
d235
d95
f285
n87/
f74:DB 84 43 57 D1 92 4F A7 20 8B 75 AC D4 00
d95:
/f82/d95
d152/
d157
d235
d287
d95
f285
n87/
n91
d152/
d157
d235
d27/
d287
d95
f109
f128/
f247/
f285
f291
n87/
n91
Invalid operation
d152/
d157
d235
d27/
d287
d95
f109
f128/
f247/
f285
f291
f62
n91
/f82/d95
Invalid operation
Invalid operation
d95:j7rno76
d95:md:8
d95:md:8
d95:j7rno76x
d95:md:10
Invalid operation
Invalid operation
f74:F4 C2 84
Invalid operation
Invalid operation
f74:20 E3 99 D6 4C F1 6D D6 77 B9 A2
d188
d188
Invalid operation
f74:2F 33 B5 4C 4E 99 C2 20 E3 99 D6 4C F1 6D D6 77 B9 A2 2E 3D DC 0B 2E D2 41 1F 7F A5 7B 4E 77 00 00 BC 9F 49 BD DB 84 43 57 D1 9B 6A 71 F6 99 36 AC D4 00 00 F6 95 00 00 00 B7 00 00 00 00 00 00 00 00 00 F4
Invalid operation
d137/
n57:dir:0
d139
d153/
d164/
d169/
d173/
d192/
d200
d212/
d216/
d225
d231
d240/
d254/
d257
d26
d282/
d294
d33/
d52/
d61
d9
f104/
f113/
f120/
f123
f125
f128/
f129
f157/
f16/
f162/
f164
f165/
f174/
f187
f192/
f212
f22/
f232/
f244/
f280/
f290/
f292
f3/
f42/
f49/
f52
f7/
f72
f74
f82/
n109/
n12/
n15
n33
n46/
n57/
n66
n68/
n85
Invalid operation
Null
d104/
d48
f297
f92
n10/
n49
n75
Invalid operation
d264:bin:32
d105/
d192
d243
d264
d283
d298/
d38
d75
f104
f14/
f146/
f209/
f211/
f294
n33/
n4
n10/
├── d105/
│   ├── d50
│   └── f245
├── d192
├── d243
├── d264
├── d283
├── d298/
├── d38
├── d75
├── f104
├── f14/
├── f146/
├── f209/
│   └── f252
├── f211/
├── f294
├── n33/
└── n4
Invalid operation
d264:bin:32
Invalid operation
d264:DA 60 D6 6B 91 EB EF 2C 91 F8 58 36 00 00 00 C4
d264:9B
Invalid operation
Invalid operation
Invalid operation
Invalid operation
Invalid operation
d105/
d208
d263
d264
d274/
d283
d288
d298/
d38
d75
f104
f134
f14/
f146/
f209/
f211/
f246
f249
f294
n33/
n4
n75
Invalid operation
d264:41
n4:14
Invalid operation
d264:bin:45
d48
f297
f92
n10/
n49
n75
Invalid operation
d105/
d17/
d208
d263
d264
d274/
d283
d288
d298/
d38
d75
f104
f134
f14/
f146/
f209/
f211/
f246
f249
f294
n33/
n4
n75
d105/
d17/
d208
d263
d264
d274/
d283
d288
d298/
d38
d75
f104
f134
f14/
f146/
f209/
f211/
f246
f249
f294
n111/
n33/
n4
n75
Null
Invalid operation
Invalid operation
Invalid operation
/f165/n10/d264
n3:F9 00 37 97 5D C3 D0 00 3A 43 9F 85 72
/f165/n10/f211/f74
/f74
n3:3C 45
n3:5D C3 D0 00 3A 43
Invalid operation
Invalid operation
n3:5D C3 D0 00 3A
d151/
d188/
Invalid operation
Invalid operation
d264:58 36 A7 0D 8D
d48
f297
f92
n10/
n49
n75
d48:22iqbq.y3dbo sk _qhwxk4
/f165/d48
Invalid operation
d48:22iqbq.y3dbo sk _qhwxk4
Invalid operation
n57:dir:0
d139
d153/
d164/
d169/
d173/
d192/
d200
d212/
d216/
d225
d231
d240/
d254/
d257
d26
d282/
d294
d33/
d52/
d61
d9
f104/
f113/
f120/
f123
f125
f128/
f129
f157/
f16/
f162/
f164
f165/
f174/
f187
f192/
f212
f22/
f232/
f244/
f280/
f290/
f292
f3/
f42/
f49/
f52
f7/
f72
f74
f82/
n109/
n12/
n15
n33
n46/
n57/
n66
n68/
n85
f52:417
n85:94
f74:74
f52:417
n85:94
f74:74
Invalid operation
Invalid operation
Invalid operation
f52:417
n85:94
f74:74
f52:c2._7rai46.lkza.wm6sw6c390aypgeb4qfbmc9 kq-xld6bteuf6 kzx3u0j5g7qhuf7i6-erk5d_s.-ld83bv1r4otx274mz3t02sigi84aqvyscn6c9eoicr1wrnxv nhsluh3blxd_iomx5sn x5sd5z8def91_xltlh21ckww6ivl2 vlvdl64atmgzkv_mc386_58qe6og70ds za -ga82_rfpcmxwktn1_0eoq235.thahd2rpzazuk64lb.b8kr2z8dtbml2x5l_1g4x.hkswhzxvft8k1vtqx.sn891wts18p_fn8ye0zqecxz2h khtyw5e.5uh42jx_cw8xnk88pjjpk677dad2kffxrn0jcgay.od4xxr1ngbozaysqs 01c2sb34iqhlxhoey6o3kj.
d139
d153/
d164/
d169/
d173/
d192/
d200
d212/
d216/
d225
d231
d240/
d254/
d257
d26
d282/
d294
d33/
d52/
d61
d9
f104/
f113/
f120/
f123
f125
f128/
f129
f157/
f16/
f162/
f164
f165/
f174/
f187
f192/
f212
f22/
f232/
f244/
f280/
f290/
f292
f3/
f42/
f49/
f52
f7/
f72
f74
f82/
n109/
n12/
n15
n33
n46/
n57/
n66
n68/
n85
Invalid operation
Invalid operation
f297:n3r96m69c44xst5niwb4u3e
Invalid operation
Invalid operation
d116
d144/
d150/
d166/
d221/
f297
n10/
n49
n75
d116
d144/
d150/
d166/
d221/
d285/
f160
f297
n10/
n39/
n49
n75
d116
d144/
d150/
d166/
d221/
d285/
f160
f297
n10/
n39/
n49
n75
f52:417
n85:94
f74:72
d139
d153/
d164/
d169/
d173/
d192/
d200
d212/
d216/
d225
d231
d240/
d254/
d257
d26
d282/
d294
d33/
d52/
d61
d9
f104/
f113/
f120/
f123
f125
f128/
f129
f157/
f16/
f162/
f164
f165/
f174/
f187
f192/
f212
f22/
f232/
f244/
f280/
f290/
f292
f3/
f42/
f49/
f52
f7/
f72
f74
f82/
n109/
n12/
n15
n33
n46/
n57/
n66
n68/
n85
d139
d153/
d164/
d169/
d173/
d192/
d200
d212/
d216/
d225
d231
d240/
d254/
d257
d26
d282/
d294
d33/
d52/
d61
d9
f104/
f113/
f120/
f123
f125
f128/
f129
f157/
f16/
f162/
f164
f165/
f174/
f187
f192/
f212
f22/
f232/
f244/
f280/
f290/
f292
f3/
f42/
f49/
f52
f7/
f72
f74
f82/
n109/
n12/
n15
n33
n46/
n57/
n66
n68/
n85
Invalid operation
f52:418
n85:94
f74:77
d231:17
f72:17
d139
d153/
d164/
d169/
d173/
d192/
d200
d212/
d225
d231
d240/
d254/
d257
d26
d277/
d282/
d294
d33/
d52/
d61
d9
f104/
f113/
f120/
f123
f125
f128/
f129
f157/
f16/
f162/
f164
f165/
f174/
f187
f192/
f212
f22/
f232/
f244/
f280/
f290/
f292
f3/
f42/
f49/
f52
f7/
f72
f74
f82/
n109/
n12/
n15
n33
n46/
n57/
n66
n68/
n85
d139
d153/
d164/
d169/
d173/
d192/
d200
d212/
d225
d231
d240/
d254/
d257
d26
d277/
d282/
d294
d33/
d52/
d61
d9
f104/
f113/
f120/
f123
f125
f128/
f129
f157/
f16/
f162/
f164
f165/
f174/
f187
f192/
f212
f22/
f232/
f244/
f280/
f290/
f292
f3/
f42/
f49/
f52
f7/
f72
f74
f82/
n109/
n12/
n15
n33
n46/
n57/
n66
n68/
n85
Invalid operation
f52:c2._7rai46.lkza.wm6sw6c390aypgeb4qfbmc9 kq-xld6bteuf6 kzx3u0j5g7qhuf7i6-erk5d_s.-ld83bv1r4otx274mz3t02sigi84aqvyscn6c9eoicr1wrnxv nhsluh3blxd_iomx5sn x5sd5z8def91_xltlh21ckww6ivl2 vlvdl64atmgzkv_mc386_58qe6og70ds za -ga82_rfpcmxwktn1_0eoq235.thahd2rpzazuk64lb.b8kr2z8dtbml2x5l_1g4x.hkswhzxvft8k1vtqx.sn891wts18p_fn8ye0zqecxz2h khtyw5e.5uh42jx_cw8xnk88pjjpk677dad2kffxrn0jcgay.od4xxr1ngbozaysqs 01c2sb34iqhlxhoey6o3kj.xn6ztc_zi
f52:426
n85:94
f74:78
f52:c2._7rai46.lkza.wm6sw6c390aypgeb4qfbmc9 kq-xld6bteuf6 kzx3u0j5g7qhuf7i6-erk5d_s.-ld83bv1r4otx274mz3t02sigi84aqvyscn6c9eoicr1wrnxv nhsluh3blxd_iomx5sn x5sd5z8def91_xltlh21ckww6ivl2 vlvdl64atmgzkv_mc386_58qe6og70ds za -ga82_rfpcmxwktn1_0eoq235.thahd2rpzazuk64lb.b8kr2z8dtbml2x5l_1g4x.hkswhzxvft8k1vtqx.sn891wts18p_fn8ye0zqecxz2h khtyw5e.5uh42jx_cw8xnk88pjjpk677dad2kffxrn0jcgay.od4xxr1ngbozaysqs 01c2sb34iqhlxhoey6o3kj.xn6ztc_zi
f52:c2._7rai46.lkza.wm6sw6c390aypgeb4qfbmc9 kq-xld6bteuf6 kzx3u0j5g7qhuf7i6-erk5d_s.-ld83bv1r4otx274mz3t02sigi84aqvyscn6c9eoicr1wrnxv nhsluh3blxd_iomx5sn x5sd5z8def91_xltlh21ckww6ivl2 vlvdl64atmgzkv_mc386_58qe6og70ds za -ga82_rfpcmxwktn1_0eoq235.thahd2rpzazuk64lb.b8kr2z8dtbml2x5l_1g4x.hkswhzxvft8k1vtqx.sn891wts18p_fn8ye0zqecxz2h khtyw5e.5uh42jx_cw8xnk88pjjpk677dad2kffxrn0jcgay.od4xxr1ngbozaysqs 01c2sb34iqhlxhoey6o3kj.xn6ztc_zi
f52:428
n85:94
f74:79
f52:428
n85:94
f74:79
f74:2E 3D DC 0B CF C1 19 E7 BF 29 B7 DC
Invalid operation
f52:428
n85:94
f74:79
f52:428
n85:94
f74:79
f52:428
n85:94
f74:79
f52:428
n85:94
f74:79
f52:c2._7rai46.lkza.wm6sw6c390aypgeb4qfbmc9 kq-xld6bteuf6 kzx3u0j5g7qhuf7i6-erk5d_s.-ld83bv1r4otx274mz3t02sigi84aqvyscn6c9eoicr1wrnxv nhsluh3blxd_iomx5sn x5sd5z8def91_xltlh21ckww6ivl2 vlvdl64atmgzkv_mc386_58qe6og70ds za -ga82_rfpcmxwktn1_0eoq235.thahd2rpzazuk64lb.b8kr2z8dtbml2x5l_1g4x.hkswhzxvft8k1vtqx.sn891wts18p_fn8ye0zqecxz2h khtyw5e.5uh42jx_cw8xnk88pjjpk677dad2kffxrn0jcgay.od4xxr1ngbozaysqs 01c2sb34iqhlxhoey6o3kj.xn6ztc_zica
f52:c2._7rai46.lkza.wm6sw6c390aypgeb4qfbmc9 kq-xld6bteuf6 kzx3u0j5g7qhuf7i6-erk5d_s.-ld83bv1r4otx274mz3t02sigi84aqvyscn6c9eoicr1wrnxv nhsluh3blxd_iomx5sn x5sd5z8def91_xltlh21ckww6ivl2 vlvdl64atmgzkv_mc386_58qe6og70ds za -ga82_rfpcmxwktn1_0eoq235.thahd2rpzazuk64lb.b8kr2z8dtbml2x5l_1g4x.hkswhzxvft8k1vtqx.sn891wts18p_fn8ye0zqecxz2h khtyw5e.5uh42jx_cw8xnk88pjjpk677dad2kffxrn0jcgay.od4xxr1ngbozaysqs 01c2sb34iqhlxhoey6o3kj.xn6ztc_zica
Invalid operation
f74:34 DE 00 00 00 00
d111
d164/
d169/
d173/
d192/
d200
d212/
d231
d240/
d254/
d257
d26
d277/
d282/
d294
d33/
d52/
d61
d9
f104/
f113/
f120/
f123
f128/
f129
f144
f157/
f162/
f165/
f174/
f187
f192/
f212
f22/
f232/
f244/
f249
f280/
f290/
f292
f3/
f42/
f52
f57
f7/
f72
f74
f82/
f90/
n109/
n12/
n15
n33
n46/
n52
n57/
n66
n68/
n85
f52:442
n85:94
f74:80
f74:2E 3D DC 0B CF C1
d123/
f202
Invalid operation
Null
d123/
d200
d106/
d156/
d226/
d41/
d48
d58/
d74/
f136/
f280
f83
n30
d48:yc05rm4dw33s1yrylqm7sx
Invalid operation
Invalid operation
d173/
├── d106/
├── d156/
├── d226/
│   ├── d123/
│   ├── d200
│   └── d87
├── d41/
│   ├── d209/
│   ├── d283
│   ├── f171/
│   ├── f204/
│   └── n24
├── d48
├── d74/
├── f136/
├── f280
├── f83
└── n30
Invalid operation
Invalid operation
Invalid operation
d41:dir:0
d106/
d226/
d41/
d48
d74/
f136/
f263
f280
f83
n30
Null
/d173/d48
Invalid operation
Invalid operation
Invalid operation
/f52
Invalid operation
Null
Invalid operation
f74:B5 4C A6 99 33 0C 88 E7 63 85 3D 6D D6 77 B9 A2 2E 3D DC 0B CF C1 19 6A 20 29 B7 DC 77 00 00 6C 52 49 97 CD DC BC 0B F1 39 56 E1 F6 99 36 AC D4 00 00 F6 95 00 00 00 45 1F
Invalid operation
Invalid operation
Invalid operation
d111
d164/
d169/
d173/
d192/
d200
d212/
d231
d240/
d254/
d257
d26
d277/
d294
d33/
d6
d61
d9
f104/
f113/
f120/
f128/
f129
f144
f157/
f162/
f165/
f174/
f187
f192/
f212
f22/
f232/
f244/
f280/
f290/
f292
f3/
f42/
f52
f57
f7/
f72
f74
f82/
f90/
n109/
n12/
n15
n33
n46/
n52
n57/
n60
n66
n68/
n85
f74:49 97 CD DC BC 0B F1 39 56 E1 F6 99 36 AC D4 00 00
Invalid operation
/f52
Invalid operation
Invalid operation
d189:dir:0
Invalid operation
Invalid operation
Invalid operation
f52:492
n85:94
f74:87
d231:17
f72:17
f212:14
d111
d145
d164/
d169/
d173/
d192/
d200
d212/
d231
d240/
d257
d26
d277/
d283
d294
d33/
d6
d61
d9
f104/
f112/
f113/
f120/
f128/
f129
f144
f157/
f162/
f165/
f174/
f192/
f212
f22/
f232/
f244/
f280/
f290/
f292
f3/
f42/
f52
f57
f7/
f72
f74
f82/
f90/
n109/
n12/
n15
n33
n46/
n52
n57/
n60
n66
n68/
n85
/f52
Invalid operation
Invalid operation
/f52
d111
d145
d164/
d169/
d173/
d192/
d212/
d231
d240/
d257
d26
d277/
d283
d294
d33/
d42
d6
d61
d9
f104/
f112/
f113/
f120/
f122
f128/
f129
f144
f157/
f162/
f165/
f174/
f192/
f212
f22/
f232/
f244/
f280/
f290/
f292
f3/
f42/
f52
f57
f7/
f72
f74
f82/
f90/
n109/
n12/
n15
n33
n46/
n52
n57/
n60
n66
n68/
n85
Invalid operation
f52:c2._7rai46.lkza.wm6sw6c390aypgeb4qfbmc9 kq-xld6bteuf6 kzx3u0j5g7qhuf7i6-erk5d_s.-ld83bv1r4otx274mz3t02sigi84aqvyscn6c9eoicr1wrnxv nhsluh3blxd_iomx5sn x5sd5z8def91_xltlh21ckww6ivl2 vlvdl64atmgzkv_mc386_58qe6og70ds za -ga82_rfpcmxwktn1_0eoq235.thahd2rpzazuk64lb.b8kr2z8dtbml2x5l_1g4x.hkswhzxvft8k1vtqx.sn891wts18p_fn8ye0zqecxz2h khtyw5e.5uh42jx_cw8xnk88pjjpk677dad2kffxrn0jcgay.od4xxr1ngbozaysqs 01c2sb34iqhlxhoey6o3kj.xn6ztc_zicaeamo1wvgyfmy2vxwi045rcb22 rix6buhudr5wozsxhl0k5xwpenudhh_s4 yxs8
f52:492
n85:94
f74:87
f52:492
n85:94
f74:89
d111
d145
d153
d164/
d169/
d173/
d192/
d212/
d240/
d257
d26
d277/
d283
d294
d33/
d42
d6
d61
d9
f104/
f112/
f113/
f120/
f122
f128/
f129
f144
f157/
f162/
f165/
f174/
f192/
f212
f22/
f232/
f244/
f280/
f290/
f292
f3/
f42/
f52
f57
f7/
f72
f74
f77/
f82/
f90/
n109/
n12/
n15
n33
n46/
n52
n57/
n60
n66
n68/
n85
f52:492
n85:94
f74:89
f52:492
n85:94
f74:89
/f74
Invalid operation
Invalid operation
Invalid operation
Invalid operation
Invalid operation
Invalid operation
d259:dir:0
Invalid operation
f48:-vrz cqydj9r57hre.6nljzh5-uja zpb3gx4njqxockkv4fywtb97uxa8m
f48:-vrz cqydj9r57hre.6nljzh5-uja zpb3gx4njqxockkv4fywtb97uxa8m
d130
d259/
d284
d287
f11
f202
f298/
f48
n114/
n25/
Invalid operation
Invalid operation
f11:16
d284:14
f36:13
d287:9
d130:6
f202:0
n106:0
Invalid operation
Invalid operation
d119/
d130
d259/
d284
d287
f11
f298/
f36
n114/
n25/
d119/
d130
d259/
d284
d287
f11
f298/
f36
n114/
n25/
Invalid operation
f11:gu9xs  xl-lbnwe_
Invalid operation
f19:nl2mq36v67sx
d216:5A F0
Invalid operation
Invalid operation
Invalid operation
d47:7A 8C 1B
d119/
├── d108/
│   ├── d197/
│   └── d47
├── d145
├── d214/
├── d216
├── d221
├── d224
├── f19
├── f22
└── f291/
Invalid operation
Invalid operation
/f232/f11
d119/
d130
d287
f11
f298/
f36
n114/
n25/
d287:52
Invalid operation
d119/
d130
d287
f11
f298/
f36
f37/
n114/
n25/
Invalid operation
f74:A4 2F D7 57 10 64 6E 77 75 4A E7 63 85 3D 6D D6 77 58 B6 83 AB CA 0B CF C1 19 6A 20 29 B7 DC 77 00 00 6C 52 28 BE D9 DC BC 0B F1 39 56 E1 F6 99 36 AC D4 00 00 F6 95 00 00 00 45 1F 39 00 BE 2F DF 77 AB FF CC FB 34 DE 00 00 00 00 00 00 00 00 00 00 00 00 00 00 00 00 00
/f232/d130
Invalid operation
f74:00 00 00 00 00 00 00 00 00 00 00
d119/
d130
d217/
f11
f228/
f298/
f37/
n114/
n25/
f298:dir:0
f11:36
n99:15
d145:13
f19:12
d216:11
d13:9
d221:8
f22:4
d216:6D
f11:gu9xs  xl-lbnwe_5u727vo hci3rund0wv.v
f74:58 B6 83 AB CA 0B CF C1 19 6A 20 29 B7 DC 77 00 00 6C 52 28 BE D9 DC BC 0B F1 39 56 E1 F6 99 36 AC D4 00 00 F6 95
Invalid operation
/f232/d119/f19
Invalid operation
Null
Invalid operation
Invalid operation
Invalid operation
d16:dir:0
d143/
d16/
d248/
Invalid operation
d16:dir:0
d42:25
d16/
d248/
d42
/f232/d119/d108/d42
/d42
d42:4kv7m5knpy.32nj tbhnz.rblx
Invalid operation
Invalid operation
Invalid operation
f19:nl2mq36v67sxjwnxs-khg
d291
d291
f19:nl2mq36v67sxjwnxs-khg
Invalid operation
f19:nl2mq36v67sxjwnxs-khg
f222
f222
/f232/d119/f188/f222
f222:-nyyi_gygy5.ldyg3f6e-6.ai
f19:nl2mq36v67sxjwnxs-khg
d16/
d224
d235
d248/
d42
n98/
d42:4kv7m5knpy.32nj tbhnz.rblx
Null
Invalid operation
Invalid operation
d16/
d235
d248/
d42
n98/
d42:4kv7m5knpy.32nj tbhnz.rblx
Invalid operation
d235
d248/
d27/
d80
f22
f250
f49
f22:14
f49:10
d80:9
f250:7
d235:0
d235
d248/
d27/
d80
f22
f250
f49
d248:dir:0
f49:5D F9
f49:F9 39
f251/
Null
Invalid operation
Invalid operation
d249:49 19 8C 4B
Invalid operation
Invalid operation
f112
f141/
f297
d219
d290
f141/
f297
Invalid operation
d290
f141/
f212/
f297
Invalid operation
d290
f112
f126
f141/
f212/
f234
f77
d290:xx
Invalid operation
Invalid operation
d106/
d115
d210
d235
d248/
d27/
f22
f49
n47/
Invalid operation
Invalid operation
d248:dir:0
Invalid operation
d248:dir:0
Invalid operation
d106/
d115
d210
d211/
d235
d248/
d27/
f22
f291
f49
n47/
d79:80 10
Invalid operation
d236/
d106/
d115
d210
d211/
d235
d248/
d27/
f22
f291
f49
n47/
Invalid operation
d235:jps5jahobecyt-8pxlmsjp_2-0x_vr4xfvr 80 0
Invalid operation
Invalid operation
d235:jps5jahobecyt-8pxlmsjp_2-0x_vr4xfvr 80 0
d10
d115
d211/
d235
d248/
d27/
f22
f291
f49
n47/
d235:40
f49:17
f22:14
f291:5
d235:jps5jahobecyt-8pxlmsjp_2-0x_vr4xfvr 80 02cfysmy__x
d108/
├── d10
├── d115
├── d211/
├── d235
├── d248/
│   └── d237
├── d27/
├── d93
├── f22
├── f291
└── n47/
Invalid operation
d115
d211/
d235
d248/
d27/
f207
f22
f245
f291
n47/
n80/
n86/
Invalid operation
Invalid operation
f22:15
d115:14
d179:6
f291:5
d96:2
f245:2
d115
d165/
d179
d211/
d27/
d96
f22
f245
f291
f43
n47/
n80/
n86/
Invalid operation
/f232/d119/d108/f22
Invalid operation
Invalid operation
Invalid operation
f22:txt:29
f291:FA
Invalid operation
f291:51
d216:22
f19:21
d145:13
d221:8
d224:0
d135
d179
d207/
d273
d8/
d96
f22
f291
n86/
d135
d179
d207/
d273
d8/
d96
f22
f291
n86/
Invalid operation
Invalid operation
f22: de47x7se.sp8yxtyr8vt3oh_qcc0tcd 03rkg4o 2ab29u
f291:93
Invalid operation
/f232/d119/d108/f22
d135
d179
d207/
d273
d56
d8/
f22
f291
n86/
f22: de47x7se.sp8yxtyr8vt3oh_qcc0tcd 03rkg4o 2ab29u
d135
d179
d207/
d273
d56
d8/
f22
f291
n86/
d135
d179
d207/
d273
d56
d8/
f22
f291
n86/
d222
f22:48
Null
d130
d135
d179
d207/
d56
d8/
f22
f291
n86/
n92/
Invalid operation
f291:51 6B 6E B1 F8 5E 74 85 1F
Invalid operation
Invalid operation
Invalid operation
f22:49
f291:9
d133:8
d135:6
d179:6
f266:6
n95:5
/f232/d119/d108/d207/f250
/f232/f250
Invalid operation
Invalid operation
Invalid operation
Invalid operation
Invalid operation
Invalid operation
Invalid operation
d119/
d217/
d7/
f11
f228/
f250
f298/
f37/
n114/
n99
Invalid operation
f74:DE 7A CB 1D 74 A0
Invalid operation
f74:34 DE 7A CB 1D 74 A0 98 00 00 00 00 00 00 00 00 00 00 00
Invalid operation
Invalid operation
Invalid operation
Invalid operation
n57:dir:0
Invalid operation
d111
d145
d155/
d164/
d173/
d192/
d212/
d240/
d257
d26
d277/
d283
d294
d33/
d42
d6
d61
f104/
f112/
f113/
f120/
f128/
f129
f144
f147
f157/
f162/
f165/
f174/
f186/
f192/
f212
f22/
f232/
f244/
f280/
f290/
f292
f3/
f42/
f52
f7/
f72
f74
f77/
f82/
f90/
n109/
n12/
n15
n33
n46/
n52
n57/
n60
n66
n68/
n85
d111
d145
d155/
d164/
d173/
d192/
d212/
d240/
d257
d26
d277/
d283
d294
d33/
d42
d6
d61
f104/
f112/
f113/
f120/
f128/
f129
f144
f147
f157/
f162/
f165/
f174/
f186/
f192/
f212
f22/
f232/
f244/
f280/
f290/
f292
f3/
f42/
f52
f7/
f72
f74
f77/
f82/
f90/
n109/
n12/
n15
n33
n46/
n52
n57/
n60
n66
n68/
n85
Invalid operation
Invalid operation
n57:dir:0
f74:DC 77 00 00 6C 52 28 BE D9 DC BC 0B F1 39 56 E1 F6 99 36 AC D4 00 00 F6 95 00 00 00 45 1F 39 00 BE 2F DF
f52:492
n85:94
f74:88
d111
d145
d155/
d164/
d173/
d192/
d212/
d240/
d257
d26
d277/
d283
d294
d33/
d42
d6
d61
f104/
f112/
f113/
f120/
f128/
f129
f144
f147
f157/
f162/
f165/
f174/
f186/
f192/
f212
f22/
f232/
f244/
f280/
f290/
f292
f3/
f42/
f52
f7/
f72
f74
f77/
f82/
f90/
n109/
n118
n12/
n15
n33
n46/
n52
n57/
n60
n66
n68/
n85
Invalid operation
f288:F9
Invalid operation
Invalid operation
Invalid operation
d257:7
f288:3
d203
d257
d286
f227/
f288
d203
d257
f227/
f288
/f120/d257
/d257
d203:F8 44 00 00
d203:63 84
d219
f0
Invalid operation
f0:
Invalid operation
f227/
f237
f79/
f74:39 56 E1 F6 99 36 AC D4 00 00 F6 95 00 00 00 45 1F 39 00 BE 2F DF 77 AB FF CC FB 34 DE 7A CB 1D 74 A0 98 00 00 00 00 00 00 00 00 00
Invalid operation
d111
d145
d153
d155/
d164/
d173/
d192/
d212/
d257
d26
d277/
d283
d294
d33/
d42
d6
d61
f104/
f112/
f113/
f120/
f128/
f129
f144
f147
f162/
f165/
f174/
f186/
f212
f22/
f232/
f244/
f280/
f290/
f292
f3/
f42/
f52
f7/
f72
f74
f77/
f82/
f90/
n109/
n118
n12/
n15
n33
n46/
n52
n57/
n60
n66
n68/
n85
f52:492
n85:94
f74:88
d111
d145
d153
d155/
d164/
d173/
d192/
d212/
d257
d26
d277/
d283
d294
d33/
d42
d6
d61
f104/
f112/
f113/
f120/
f128/
f129
f144
f147
f162/
f165/
f174/
f186/
f212
f22/
f232/
f244/
f280/
f290/
f292
f3/
f42/
f52
f7/
f72
f74
f77/
f82/
f90/
n109/
n118
n12/
n15
n33
n46/
n52
n57/
n60
n66
n68/
n85
d111
d145
d153
d155/
d164/
d173/
d192/
d212/
d257
d26
d277/
d283
d294
d33/
d42
d6
d61
f104/
f112/
f113/
f120/
f128/
f129
f144
f147
f162/
f165/
f174/
f186/
f212
f22/
f232/
f244/
f280/
f290/
f292
f3/
f42/
f52
f7/
f72
f77/
f82/
f90/
n109/
n118
n12/
n15
n33
n46/
n52
n57/
n60
n66
n68/
n85
n85:00 00
Invalid operation
Invalid operation
f109:BC 1B
d144
d152/
d157
d172/
d235
d247/
d27/
d287
d62/
d95
f101
f109
f128/
f172/
f199
f247/
f285
f62
n49
n93
Invalid operation
d144
d152/
d157
d172/
d235
d247/
d27/
d287
d62/
d95
f101
f109
f128/
f172/
f199
f247/
f285
f62
n49
n93
d95:j7rno76xtbghphujexxg0aw-t
d95:md:25
f199:B8 98 45
f199:45
/f82/d95
Invalid operation
Invalid operation
f292
Invalid operation
f199:45
Invalid operation
d95:md:32
/f82/d95
d26:
Invalid operation
d111
d145
d153
d155/
d161
d173/
d192/
d212/
d257
d26
d277/
d283
d294
d33/
d42
d6
d61
f104/
f112/
f113/
f120/
f128/
f129
f144
f147
f162/
f165/
f174/
f186/
f212
f22/
f232/
f244/
f280/
f290/
f3/
f42/
f52
f7/
f72
f74
f77/
f82/
f90/
n109/
n112
n118
n12/
n15
n33
n46/
n52
n57/
n60
n66
n68/
n70
n85
Invalid operation
Invalid operation
Invalid operation
Invalid operation
Invalid operation
Invalid operation
Invalid operation
n85:74 B3 72 D5 95 8A 93 C8 25 C7 72 6C FD 13 29 8A 88 68 2E 37 0F 37 3C A9 18 ED 90 D2 E7 6C F5 C8 14 B7 D3 C2 D7 9C A7 10 30 30 5A 99 95 87 48 B9 77 BA EA C6 00 B9 D5 CA 22 C2 41 8D 93 C2 10 91 40 51
Invalid operation
f298:dir:0
Invalid operation
d119/
d217/
f11
f180/
f228/
f230
f250
f298/
n114/
n99
Invalid operation
d119/
d217/
f11
f180/
f195/
f228/
f230
f250
f298/
n114/
n99
Invalid operation
n85:10 30 30 5A 99 95 87 48 B9 77 BA EA C6 00 B9 D5 CA 22 C2 41 8D 93 C2 10 91 40 51 E7 1E 97 9C BE 68 AC AC 6D AA 00 00 00 00 00 00 D0 70 FA
n85:AC AC 6D AA 00 00
d101/
d119/
d217/
d230
f11
f180/
f195/
f228/
f250
f298/
n114/
n99
d111
d145
d153
d155/
d161/
d173/
d192/
d212/
d257
d26
d277/
d283
d294
d33/
d42
d6
d61
f104/
f112/
f113/
f120/
f128/
f129
f144
f147
f162/
f165/
f174/
f186/
f212
f22/
f232/
f244/
f248
f280/
f290/
f3/
f42/
f52
f7/
f72
f74
f77/
f82/
f90/
n109/
n118
n12/
n15
n33
n46/
n57/
n60
n66
n68/
n70
n85
Invalid operation
d297
Invalid operation
n85:F2 74 B3 72 D5 95 8A 93 C8 25 C7 72 6C FD 13 29 8A 13 99 65 47 77 43 3C A9 18 ED 90 D2 66 83 F5 C8 14 B7 D3 C2 D7 9C A7 10 30 30 5A 99 95 87 48 B9 77 BA EA C6 00 B9 D5 CA 22 C2 41
n85:AC AC 6D AA 00 00
Invalid operation
Invalid operation
/f3/f228
Invalid operation
f228:bin:11
Invalid operation
Invalid operation
Invalid operation
d180
d273/
d92
f135/
f25/
n118
d180
d273/
d92
f135/
f25/
n118
d180
d92
f135/
f25/
n118
Invalid operation
Invalid operation
n118:1msx61.xjyrnhocrkwk3gi1
Invalid operation
d180:B5 1B BD E0 00
d180:1B BD E0
d180:00
Invalid operation
d180:E0
Invalid operation
Invalid operation
d111
d116/
d145
d153
d155/
d161/
d173/
d192/
d212/
d257
d26
d283
d294
d33/
d42
d6
d61
f104/
f112/
f113/
f120/
f128/
f129
f144
f147
f162/
f165/
f174/
f186/
f212
f22/
f244/
f248
f290/
f3/
f42/
f52
f7/
f72
f74
f77/
f82/
f90/
n109/
n118
n12/
n15
n33
n46/
n47
n57/
n60
n66
n68/
n70
n85
Invalid operation
d111
d116/
d145
d153
d155/
d161/
d173/
d192/
d212/
d257
d26
d283
d294
d33/
d42
d6
d61
f104/
f112/
f113/
f120/
f128/
f129
f144
f147
f162/
f165/
f174/
f186/
f212
f22/
f236/
f244/
f248
f290/
f3/
f42/
f52
f7/
f72
f74
f77/
f82/
f90/
n109/
n118
n12/
n15
n33
n46/
n47
n57/
n60
n66
n68/
n70
n85
f52:492
f74:88
n85:87
d111
d116/
d145
d153
d155/
d161/
d173/
d192/
d212/
d257
d26
d283
d294
d33/
d42
d6
d61
f104/
f112/
f113/
f120/
f125/
f128/
f129
f144
f147
f162/
f165/
f174/
f178
f186/
f212
f22/
f236/
f244/
f248
f290/
f3/
f42/
f52
f7/
f72
f74
f77/
f82/
f90/
n109/
n118
n12/
n15
n33
n46/
n47
n57/
n60
n66
n68/
n70
n75
n85
Invalid operation
d111
d116/
d145
d153
d155/
d161/
d173/
d192/
d212/
d257
d26
d283
d294
d33/
d42
d6
d61
f104/
f112/
f113/
f120/
f125/
f128/
f129
f144
f147
f162/
f165/
f174/
f178
f186/
f212
f22/
f236/
f244/
f248
f290/
f3/
f42/
f52
f7/
f72
f74
f77/
f82/
f90/
n109/
n118
n12/
n15
n33
n46/
n47
n60
n66
n68/
n70
n75
n85
d111
d116/
d145
d153
d155/
d161/
d173/
d192/
d212/
d257
d26
d283
d294
d33/
d42
d6
d61
d77
f104/
f112/
f113/
f120/
f125/
f128/
f129
f144
f147
f162/
f165/
f174/
f178
f186/
f212
f22/
f236/
f244/
f248
f290/
f3/
f42/
f52
f7/
f72
f74
f77/
f82/
f90/
n109/
n118
n12/
n15
n33
n46/
n47
n60
n66
n68/
n70
n75
n85
d111
d116/
d145
d153
d155/
d161/
d173/
d192/
d212/
d257
d26
d283
d294
d33/
d42
d6
d61
d77
f104/
f112/
f113/
f120/
f125/
f128/
f129
f144
f147
f162/
f165/
f174/
f178
f186/
f212
f22/
f236/
f244/
f248
f290/
f3/
f42/
f52
f7/
f72
f74
f77/
f82/
f90/
n109/
n118
n12/
n15
n33
n46/
n47
n60
n66
n68/
n70
n75
n85
d111
d116/
d145
d153
d155/
d161/
d173/
d192/
d212/
d257
d26
d283
d294
d33/
d42
d6
d61
d77
f104/
f112/
f120/
f125/
f128/
f129
f144
f147
f162/
f165/
f174/
f178
f186/
f212
f22/
f236/
f244/
f248
f290/
f3/
f42/
f52
f7/
f72
f74
f77/
f82/
f90/
n109/
n118
n12/
n15
n33
n46/
n47
n60
n66
n68/
n70
n75
n85
Invalid operation
n85:29 8A 13 99 65 47 77 43 3C A9 18 ED 90 D2 56 6E 49 DE FD 25 D3 C2 D7 9C A7 10 30 30 5A 99 95 87 48 B9 77 BA EA C6 00 B9 D5 CA 22 C2 41 8D 93 27 58 91 40 51
d26:yg4pi-wmv.zc74ixt1x555c88t8dbp3sv1vko_f8s-
Invalid operation
f52:492
f74:88
/d26
d111
d116/
d145
d153
d161/
d173/
d192/
d212/
d257
d26
d283
d294
d33/
d42
d6
d61
d77
f104/
f112/
f113/
f120/
f125/
f128/
f129
f144
f147
f162/
f165/
f168/
f174/
f178
f186/
f212
f22/
f236/
f244/
f248
f290/
f3/
f42/
f52
f7/
f74
f77/
f82/
f90/
n109/
n118
n12/
n15
n33
n46/
n47
n60
n66
n68/
n70
n75
n85
d111
d116/
d145
d153
d161/
d173/
d192/
d212/
d257
d26
d283
d294
d33/
d42
d6
d61
d77
f104/
f112/
f113/
f120/
f125/
f128/
f129
f144
f147
f162/
f165/
f168/
f174/
f178
f186/
f212
f22/
f236/
f244/
f248
f290/
f3/
f42/
f52
f7/
f74
f77/
f82/
f90/
n109/
n118
n15
n33
n34
n46/
n47
n60
n66
n68/
n70
n75
n85
Invalid operation
f52:492
f74:88
n85:87
f52:492
f74:88
n85:87
d111
d116/
d145
d153
d161/
d173/
d192/
d212/
d257
d26
d283
d294
d33/
d42
d6
d61
d77
f104/
f112/
f113/
f120/
f125/
f128/
f129
f144
f147
f162/
f165/
f168/
f174/
f178
f186/
f212
f22/
f236/
f244/
f248
f266
f290/
f3/
f42/
f52
f7/
f74
f77/
f82/
f90/
n109/
n118
n15
n33
n34
n46/
n47
n60
n66
n68/
n70
n75
n85
f52:492
f74:88
n85:87
f52:492
f74:88
n85:87
Invalid operation
Invalid operation
f52:492
f74:88
n85:84
n85:1E 97
n85:40 51 E7 1E 97 9C BE 68 AC AC 6D
f52:492
f74:88
n85:84
Invalid operation
Null
d280/
d280/
n85:93 C8 25 C7 72 6C FD 13 29 8A 13 99 65 47 77 43 3C A9 18 ED 90 D2 56 91 8F 4B D0 F1 0D C2 D7 9C A7 10 30 30 5A 99 95 87 48 B9 77 BA EA C6 00 B9 D5 CA 22 C2 41 8D 93 27 58 91 40 51 E7 1E 97 9C BE
/d26
Invalid operation
Invalid operation
Invalid operation
n46/
└── d178
d178:DC
Invalid operation
n38
/n46/n38
Invalid operation
n38
n46/
└── n38
Invalid operation
n85:77 BA EA C6 00 B9 D5 CA 22 C2 41 8D 93 27 58 91 40 51 E7 1E 97 9C BE 68 AC AC 6D AA 00 00 F6
f52:492
f74:88
n85:82
f52:492
f74:88
n85:82
f52:492
f74:88
n85:82
Null
d111
d145
d153
d161/
d173/
d192/
d212/
d257
d26
d294
d33/
d42
d49
d6
d61
d66/
d77
f104/
f112/
f113/
f120/
f125/
f128/
f129
f147
f162/
f165/
f168/
f174/
f178
f186/
f212
f22/
f236/
f244/
f248
f266
f290/
f3/
f42/
f52
f7/
f74
f77/
f82/
f90/
f99
n109/
n118
n15
n33
n34
n46/
n47
n60
n66
n68/
n70
n75
n85
n49:1E 1E A0 6A 44 18 00 BA
Invalid operation
d116
d144/
d150/
d166/
d221/
d228
f116
f160
f272
f297
f85
n10/
n39/
n49
d116
d144/
d150/
d166/
d221/
d228
f116
f160
f272
f297
f85
n10/
n39/
n49
Invalid operation
Invalid operation
/f165/n49
Invalid operation
d116
d144/
d166/
d221/
f116
f152
f205
f297
f85
n20/
n39/
n45
n49
n58
Invalid operation
d166
f217
Invalid operation
Invalid operation
d282:FA 00 00 AD
d282
d288/
d87
f206/
f80
Invalid operation
d282
d288/
d87
f206/
f80
Invalid operation
Invalid operation
f52:492
f74:88
n85:82
d116:
f52:492
f74:88
d26:85
Invalid operation
n85:30 30 5A 99 95 CB BC F8 77 BA EA C6 00 B9 D5 CA 22 C2 41 8D 93 27 58 91 83 B4 E5 D2 FD EA 9A 98
Invalid operation
f52:492
f74:88
d26:86
f52:492
d26:97
f74:88
f52:492
d26:97
f74:88
f52:492
d26:97
f74:88
Invalid operation
/d26
Invalid operation
n85:CC 77 43 3C A9 18 ED 90 D2 56 91 8F 4B D0 F1 0D C2 D7 9C A7 10 30 30 5A 99
f52:492
d26:102
f74:88
Null
Invalid operation
/d26
f52:492
d26:97
f74:88
f52:492
d26:113
f74:88
f165:dir:0
d26:yg4pi-wmv.zc74ixt1x555c88t8dbp3sv1vko_f8s-v5tykbw08.vcyrvnr_nzkei5exja pefja5.xsnlvpcx968cvdlxe. utq6senbct5qvtsx
n85:E5 D2 FD EA 9A 98 47 A8
n85:2B 8B B6 06 09 99 95 CB BC F8 77 BA BF C6 00 B9 D5 CA
f52:492
d26:113
f74:88
Invalid operation
d111
d145
d153
d161/
d173/
d192/
d212/
d257
d26
d294
d33/
d42
d49
d6
d61
d70/
d77
f104/
f112/
f113/
f120/
f125/
f128/
f129
f147
f162/
f165/
f168/
f174/
f178
f186/
f196/
f212
f22/
f236/
f244/
f248
f290/
f3/
f42/
f52
f7/
f74
f77/
f82/
f90/
f99
n109/
n118
n15
n33
n34
n46/
n47
n66
n68/
n70
n75
n85
Invalid operation
Invalid operation
Invalid operation
Invalid operation
Invalid operation
Invalid operation
Invalid operation
n85:E5 C7 72 6C
Invalid operation
Invalid operation
Invalid operation
f52:492
f74:88
n85:75
f52:492
f74:88
n85:75
Invalid operation
Invalid operation
/f162/f114
Invalid operation
d258/
d111
d145
d153
d173/
d192/
d212/
d257
d294
d33/
d42
d49
d6
d61
d7
d70/
d77
f104/
f112/
f113/
f120/
f125/
f128/
f129
f147
f162/
f165/
f168/
f174/
f178
f186/
f196/
f212
f22/
f236/
f244/
f248
f290/
f3/
f42/
f52
f7/
f74
f77/
f82/
f90/
f93
f99
n109/
n118
n15
n33
n34
n46/
n47
n66
n70
n75
n85
/n85
d111
d145
d153
d173/
d192/
d212/
d257
d294
d33/
d42
d49
d6
d61
d7
d70/
d77
f104/
f112/
f113/
f120/
f125/
f128/
f129
f147
f162/
f165/
f168/
f174/
f178
f186/
f196/
f212
f22/
f236/
f244/
f248
f290/
f3/
f42/
f52
f7/
f74
f77/
f82/
f90/
f93
f99
n109/
n118
n15
n33
n34
n46/
n47
n66
n70
n75
n85
Null
d111
d135/
d145
d153
d173/
d192/
d212/
d294
d33/
d42
d49
d6
d61
d7
d70/
d77
f104/
f112/
f113/
f120/
f125/
f128/
f129
f147
f162/
f165/
f168/
f174/
f178
f186/
f196/
f212
f22/
f236/
f244/
f248
f290/
f3/
f42/
f52
f7/
f74
f82/
f90/
f93
f99
n109/
n118
n15
n33
n34
n46/
n47
n70
n75
n85
d111
d135/
d145
d153
d173/
d192/
d212/
d294
d33/
d42
d49
d6
d61
d7
d70/
d77
f104/
f112/
f113/
f120/
f125/
f128/
f129
f147
f162/
f165/
f168/
f174/
f178
f186/
f196/
f212
f22/
f236/
f244/
f248
f290/
f3/
f42/
f52
f61/
f7/
f74
f82/
f90/
f93
f99
n109/
n118
n15
n33
n34
n46/
n47
n70
n75
n85
Invalid operation
Invalid operation
d144
d152/
d153
d157
d172/
d247/
d27/
d62/
d70/
d95
f101
f128/
f172/
f199
f247/
f285
f295/
f62
f82/
n49
n93
Invalid operation
Invalid operation
f199:FB 7F 8E
n52/
Invalid operation
f199:DB 2F FB 7F
Invalid operation
Invalid operation
d144
d152/
d153
d157
d172/
d247/
d27/
d4
d62/
d70/
d95
f101
f128/
f172/
f199
f247/
f285
f295/
f62
f82/
n49
n93
d95:md:54
Invalid operation
d144
d152/
d153
d157
d172/
d247/
d27/
d4
d62/
d70/
d95
f101
f128/
f172/
f199
f247/
f279/
f285
f295/
f62
f82/
n49
n93
Invalid operation
d144
d152/
d153
d157
d172/
d247/
d27/
d4
d62/
d70/
d95
f101
f128/
f172/
f199
f247/
f285
f295/
f62
f82/
n49
n93
Invalid operation
Invalid operation
/f82/d95
Invalid operation
d48/
d55
f282
d48/
├── d12/
├── d67
├── f155
├── f18/
├── f286/
├── n52/
│   └── n45
└── n60/
f199:53 A4 E0 7E 41 00 00
f199:7E
Invalid operation
Invalid operation
f148:dir:0
d67:t6
f18:dir:0
/f82/d152/d48/f155
d268/
f155
f18/
f246/
f286/
f69
f74
n14
f18:dir:0
Invalid operation
Invalid operation
Invalid operation
Invalid operation
Invalid operation
Invalid operation
Invalid operation
d263
f155
f18/
f246/
f286/
f69
f74
n14
d242
d263
f155
f18/
f246/
f286/
f69
f74
n14
f199:DE BC 53 A4 E0 7E 41 00 00
f30:27 58 2B AF 65
f30:AF
Invalid operation
f30:2B AF 00
Invalid operation
Invalid operation
f155:tlhhxew8vmh67x
/f82/d152/d48/f155
f155:tlhhxew8vmh67xu gn .8kv3b
Invalid operation
d155/
d263
d294
d88/
f131
f155
f193/
f246/
f26/
f286/
f294/
f30
f64/
f74
n14
n86/
d155/
d263
d294
d88/
f131
f155
f193/
f246/
f26/
f286/
f294/
f30
f64/
f74
n14
n86/
f30:58 2B AF
Invalid operation
d155/
d263
d294
d88/
f131
f155
f190/
f193/
f246/
f26/
f286/
f294/
f30
f64/
f74
n14
n86/
f155:29
d96:12
f286:dir:0
Invalid operation
f30:12
Invalid operation
Null
f30:A1 9D A9 62
Null
d155/
d168
d169
d263
d294
d56
d88/
d96
f131
f155
f190/
f239/
f246/
f26/
f286/
f294/
f30
n86/
f155:tlhhxew8vmh67xu gn .8kv3bjtksa5m.vjp_cji4wyuly
f155:tlhhxew8vmh67xu gn .8kv3bjtksa5m.vjp_cji4wyulyj05cu5_v
Invalid operation
Invalid operation
Invalid operation
d58:dir:0
d155/
d294
d56
d59/
d88/
d96
f131
f155
f190/
f239/
f246/
f26/
f286/
f293/
f294/
f30
n86/
d155/
d294
d56
d88/
d96
f131
f152/
f155
f190/
f239/
f246/
f26/
f286/
f293/
f294/
f30
n86/
Invalid operation
Invalid operation
f30:27 58 2B
Invalid operation
f155:tlhhxew8vmh67xu gn .8kv3bjtksa5m.vjp_cji4wyulyj05cu5_vyhyko3jgdl_gv2x4xpu
d155/
d294
d56
d75
d88/
d96
f131
f152/
f155
f190/
f199/
f239/
f246/
f26/
f286/
f293/
f294/
f30
f69/
n32/
n86/
d155/
d294
d56
d75
d88/
d96
f131
f152/
f190/
f199/
f239/
f246/
f26/
f286/
f293/
f30
f69/
n32/
n86/
d155/
d294
d56
d75
d88/
d96
f131
f152/
f190/
f199/
f239/
f246/
f26/
f286/
f293/
f30
f69/
n32/
n86/
d155/
d183
d231
d294
d56
d75
d88/
d96
f131
f152/
f190/
f199/
f239/
f246/
f26/
f286/
f293/
f30
f69/
n32/
n86/
/f82/d152/d48/f30
/f82/d152/d48/f30
/f82/d152/d48/f30
Invalid operation
Invalid operation
Invalid operation
Invalid operation
Invalid operation
f86/
d194/
f274
f86/
d194/
f274
f48/
f86/
n21/
Invalid operation
d170
d182/
f41/
n42/
Invalid operation
d155/
d183
d200
d212/
d231
d294
d56
d75
d88/
d96
f131
f152/
f190/
f199/
f239/
f246/
f256/
f286/
f293/
f30
n27
n32/
n38
n47
n86/
f30:75 93 8E 69 55 12 BE 00 B0 CE B0
d170:0
d170
d182/
f41/
n42/
d170:0
d170:
f30:69 55 12 BE 00 B0 CE 28 78 92 1A 2E 31 0A 59 FF
Invalid operation
f223
n42:dir:0
d170
d182/
f226/
f41/
n109
n42/
d170
d182/
f226/
f41/
n109
f30:00 00
Null
d155/
d183
d200
d212/
d231
d294
d56
d75
d88/
d96
f131
f152/
f190/
f199/
f239/
f246/
f256/
f286/
f293/
f30
n27
n32/
n38
n47
n86/
Null
Invalid operation
Invalid operation
f256/
f54
Invalid operation
Invalid operation
Invalid operation
/f82/d152/d48/f30
/f82/d152/d48/f30
Invalid operation
Invalid operation
n56:dir:0
d211:txt:10
n56/
f30:12 BE 00
n56/
Invalid operation
Invalid operation
n56/
├── d211
└── d266
Invalid operation
Invalid operation
Invalid operation
Null
f101
f173/
n56/
f101:mf28o
d72/
f101
f173/
f33
n56/
f101:6
f33:0
Invalid operation
Invalid operation
d72/
f101
f173/
f33
n56/
Invalid operation
d72/
└── f41/
d151
d72/
f101
f87
n56/
Invalid operation
Invalid operation
Invalid operation
Invalid operation
Null
d155/
d183
d200
d212/
d231
d243
d270
d294
d75
d88/
f131
f136
f151
f190/
f199/
f239/
f246/
f286/
f293/
f30
f6
n27
n28
n32/
n86/
d155/
d172/
d183
d200
d212/
d231
d243
d270
d294
d75
d88/
f131
f136
f151
f190/
f199/
f239/
f246/
f286/
f293/
f30
f6
n27
n28
n32/
n86/
Invalid operation
Invalid operation
f256:dir:0
f196
f256/
f268
f54
f7
Invalid operation
f256:dir:0
f256:dir:0
d289
f196
f256/
f268
f54
f7
Invalid operation
f54:5xd 49qkrjxxb10.7ai8
Invalid operation
f54:txt:20
d115
d289
d66/
f234
f268
f32/
f7
n36
n78/
n99/
Invalid operation
Invalid operation
f246:dir:0
Invalid operation
Invalid operation
Invalid operation
/f82/d152/f282
Invalid operation
Invalid operation
d79:24kx2gq2 -w1aa6g5
Invalid operation
d48/
d79
f199/
Invalid operation
f227
Null
d202:16
f227:11
d12/
d202
f227
f50/
Invalid operation
n85:B2 74 D5
n85:63 32 2A 22 C2 41 8D 93 46
f50:dir:0
n85:4A 77 C4 EB 91 41 5F 98 83
f100:
f100:0
f199/
├── f50/
└── n75/
f182:jqr7v5p9 ry 70
d198
f182
n66
Invalid operation
f182:txt:38
Invalid operation
f182:jqr7v5p9 ry 70-_ro_9 60kw25mkdkoqlmi7xx_swa
d198:AE C8 F4 32 83
d198:00
Invalid operation
Invalid operation
f182:jqr7v5p9 ry 70-_ro_9 60kw25mkdkoqlmi7xx_swax
d198
d203
f123/
f182
f2
f256
f182:jqr7v5p9 ry 70-_ro_9 60kw25mkdkoqlmi7xx_swaxxxjtuj.2w79 x__51ay
Invalid operation
f182:jqr7v5p9 ry 70-_ro_9 60kw25mkdkoqlmi7xx_swaxxxjtuj.2w79 x__51ay
Invalid operation
f182:txt:73
Invalid operation
Invalid operation
f182:jqr7v5p9 ry 70-_ro_9 60kw25mkdkoqlmi7xx_swaxxxjtuj.2w79 x__51ay7qz33dej2dzylj
f182:jqr7v5p9 ry 70-_ro_9 60kw25mkdkoqlmi7xx_swaxxxjtuj.2w79 x__51ay7qz33dej2dzylj
d149:dir:0
f39/
f56
f39/
Null
Invalid operation
d270
f138
Invalid operation
d153/
d270
f138
f138:82 94 00 00 00 1B CA
/f82/d152/f199/d115/f138
Invalid operation
f138:00 00 1B CA
d270
d297
f138
f222
Invalid operation
d180
d270
d297
d69/
f138
f222
Invalid operation
Invalid operation
d180
d270
d297
d69/
f222
Invalid operation
d270:5F 07
Null
d180
d19
d270
d297
d69/
f222
Invalid operation
d270:F1 CE
Invalid operation
Invalid operation
Invalid operation
Invalid operation
d270:bin:6
d69/
Invalid operation
d180
d19
d270
d69/
f222
f272/
d270:00
d180
d19
d270
d69/
f222
f272/
Invalid operation
Invalid operation
f182:jqr7v5p9 ry 70-_ro_9 60kw25mkdkoqlmi7xx_swaxxxjtuj.2w79 x__51ay7qz33dej2dzyljx
d141
d297/
f182
f182:m753nkuyp 8r3x_2cbx
Null
f104
f104
f182:87
d198:32
f199/
├── d115/
│   ├── d180
│   ├── d19
│   ├── d270
│   ├── d69/
│   │   └── n46
│   ├── f222
│   ├── f272/
│   └── f61
├── d198
├── d203
├── d297/
│   ├── f104
│   └── f182
├── f182
├── f2
├── f69
├── f80
├── n29
├── n48
└── n93/
d48/
d79
f199/
f245/
Invalid operation
/f82/d152/n92
Invalid operation
/f82/d95
Invalid operation
d95:md:54
Invalid operation
Invalid operation
/n85
Invalid operation
Invalid operation
d111
d135/
d145
d153
d173/
d192/
d212/
d33/
d42
d49
d6
d61
d7
d70/
d77
f104/
f112/
f113/
f120/
f125/
f128/
f129
f147
f162/
f165/
f168/
f174/
f178
f186/
f212
f22/
f236/
f244/
f248
f290/
f3/
f42/
f52
f61/
f7/
f74
f82/
f90/
f93
f99
n109/
n114/
n118
n15
n33
n34
n47
n70
n75
n85
f165:dir:0
n85:F9 2B 8B B6 06 09 99 95 CB
d111
d135/
d145
d153
d173/
d192/
d212/
d294
d33/
d42
d49
d6
d61
d7
d70/
d77
f104/
f112/
f113/
f120/
f125/
f128/
f129
f147
f162/
f165/
f168/
f174/
f178
f186/
f212
f22/
f236/
f244/
f248
f290/
f3/
f42/
f52
f61/
f7/
f74
f82/
f90/
f93
f99
n109/
n114/
n118
n15
n33
n34
n47
n70
n75
n85
d111
d135/
d145
d153
d173/
d192/
d212/
d294
d33/
d42
d49
d6
d61
d7
d70/
d77
f104/
f112/
f113/
f120/
f125/
f128/
f129
f147
f162/
f165/
f168/
f174/
f178
f186/
f212
f22/
f236/
f244/
f248
f290/
f3/
f42/
f52
f61/
f7/
f74
f82/
f90/
f93
f99
n109/
n114/
n118
n15
n33
n34
n47
n70
n75
n85
d111
d135/
d145
d153
d173/
d192/
d212/
d294
d33/
d42
d49
d6
d61
d7
d70/
d77
f104/
f112/
f113/
f120/
f125/
f128/
f129
f147
f162/
f165/
f168/
f174/
f178
f186/
f212
f22/
f236/
f244/
f248
f290/
f3/
f42/
f52
f61/
f7/
f74
f82/
f90/
f93
f99
n109/
n114/
n118
n15
n33
n34
n47
n70
n75
n85
d111
d135/
d145
d153
d173/
d192/
d212/
d294
d33/
d42
d49
d6
d61
d7
d70/
d77
f104/
f112/
f113/
f120/
f125/
f128/
f129
f147
f162/
f165/
f168/
f174/
f178
f186/
f212
f22/
f236/
f244/
f248
f290/
f3/
f42/
f52
f61/
f7/
f74
f82/
f90/
f93
f99
n109/
n114/
n118
n15
n33
n34
n47
n70
n75
n85
Invalid operation
Invalid operation
Invalid operation
d111
d135/
d153
d173/
d192/
d212/
d294
d33/
d42
d49
d6
d61
d7
d77
f104/
f112/
f113/
f120/
f125/
f128/
f129
f147
f162/
f165/
f168/
f174/
f178
f186/
f212
f22/
f236/
f244/
f248
f290/
f3/
f42/
f52
f61/
f7/
f74
f82/
f90/
f93
f99
n109/
n114/
n118
n15
n33
n34
n47
n70
n75
n85
Invalid operation
d111
d135/
d153
d173/
d192/
d212/
d294
d33/
d42
d49
d6
d61
d7
d77
f104/
f112/
f113/
f120/
f125/
f128/
f129
f147
f162/
f165/
f168/
f174/
f178
f186/
f22/
f236/
f244/
f248
f290/
f3/
f42/
f52
f61/
f7/
f74
f82/
f90/
f93
f99
n109/
n114/
n118
n15
n33
n34
n47
n70
n75
n85
Invalid operation
/n85
d111
d135/
d153
d173/
d192/
d212/
d294
d33/
d42
d49
d6
d61
d7
d77
f104/
f112/
f113/
f120/
f125/
f128/
f129
f147
f162/
f165/
f168/
f174/
f178
f186/
f212
f22/
f236/
f244/
f248
f290/
f3/
f42/
f52
f61/
f7/
f74
f82/
f90/
f93
f99
n109/
n114/
n118
n15
n33
n34
n47
n70
n75
n85
n85:80 28 8E 7E 96 4A 77 C4 EB 91 41 5F 98 83 7A 5B F6 F9 2B 8B B6 06 09 99 95 CB BC F8 7C 69 7A D9 DF 63 32 2A 22 C2 41 8D 93 46 D4 27
Invalid operation
Invalid operation
Invalid operation
Invalid operation
n90:
d258:dir:0
n85:DE 6C
Invalid operation
n85:77 C4 EB 91 41 5F 98 83 7A 5B F6 F9 2B 8B B6 06 09 99 95 CB BC F8 7C 69 7A D9 DF 63 32 2A 22 C2
n90:yheiz1vzi
d258/
n90
Invalid operation
Invalid operation
Invalid operation
f280:7
Invalid operation
f168/
f280
f168/
f280
f168/
f280
f280:md:7
Invalid operation
d31:00 91 1C
Invalid operation
Invalid operation
d31:8
d31
f162/
n112/
d31:bin:5
d31:00
d31:bin:5
Invalid operation
Invalid operation
/d173/d106/d31
Invalid operation
d31:bin:14
d223/
d31
f128/
f162/
f232
f245
n112/
d223/
d31
f128/
f162/
f232
f245
n112/
d223/
d31
f128/
f162/
f232
f245
n112/
Invalid operation
Invalid operation
d223/
f128/
f162/
f225/
f232
f245
n86/
n89/
d223/
d37/
f128/
f162/
f225/
f232
f245
n21/
n86/
n89/
f232:20
f245:16
d226:4
f232:nkxcs.nysao7x9xrpxdq
f232:nkxcs.nysao7x9xrpxdq
f232:nkxcs.nysao7x9xrpxdq
d226
d37/
f128/
f225/
f232
f245
n21/
n86/
n89/
d226:00
Invalid operation
f232:nkxcs.nysao7x9xrpxdq0rtn_
f232:nkxcs.nysao7x9xrpxdq0rtn_
d226
d37/
f128/
f225/
f232
n21/
n86/
n89/
Invalid operation
Null
f232:nkxcs.nysao7x9xrpxdq0rtn_
f201/
f201:dir:0
f201/
f257
f281
Invalid operation
Invalid operation
d226
d37/
f128/
f225/
f232
n21/
n86/
n89/
f232:nkxcs.nysao7x9xrpxdq0rtn_
f232:25
d226:7
f232:nkxcs.nysao7x9xrpxdq0rtn_
Invalid operation
Invalid operation
d226
d37/
f128/
f232
f8/
n21/
n86/
Invalid operation
Invalid operation
d226:4E D8 CD
Invalid operation
f232:nkxcs.nysao7x9xrpxdq0rtn_
Invalid operation
Invalid operation
f293:dir:0
d170
f186
f293/
Invalid operation
f181/
├── d170
├── f186
├── f237/
└── f293/
d170:12
d215:12
f186:0
d170
f186
f237/
f293/
/d173/d106/n86/f181/f186
f186:E4 E3 D3 DA 0D 02 42 95 89
Invalid operation
f265:00 33
Invalid operation
d11:1C
Invalid operation
Invalid operation
Invalid operation
d11
d78
f21/
n77
Invalid operation
Invalid operation
Invalid operation
d11
d78
f21/
n36/
n77
d11:bin:10
Invalid operation
d11:00 9A C3 2D C3
d11
f21/
n36/
n77
d11:bin:19
Invalid operation
Invalid operation
f265:33 E8
n77:00
n77:78 7F 92 0D
f240/
├── f104
├── f36/
└── n39
f104
f36/
n39
n77:92
n39:md:16
f36/
n39
n77:bin:10
Invalid operation
d46/
f168
f21/
f240/
f43/
n77
f222:dir:0
f222/
f222/
f222/
f186:89
Invalid operation
Invalid operation
f222/
f186:D3 DA 0D 02 42
Invalid operation
d46/
f168
f21/
f240/
f43/
n77
Invalid operation
Invalid operation
n77:00
d46/
f168
f21/
f43/
n77
d46/
f168
f21/
f230
f43/
n77
Invalid operation
Invalid operation
Invalid operation
Null
Null
Invalid operation
Invalid operation
Invalid operation
d148
d46/
f168
f21/
f230
f43/
n77
Invalid operation
n77:00 00 0B C5 F2 8F
Invalid operation
Invalid operation
Invalid operation
Invalid operation
d148
d46/
f168
f21/
f230
f43/
n77
Invalid operation
Invalid operation
n77:bin:13
f2:xwuh30d
d148
d46/
f164/
f21/
f230
n77
f230:14
n77:13
d148:11
Invalid operation
Invalid operation
d148
d286/
d46/
f164/
f230
n77
Invalid operation
Invalid operation
d136
d148
d286/
d46/
f11/
f164/
f230
n77
n77:bin:13
Invalid operation
Invalid operation
d136
d148
d286/
d46/
f11/
f221
f230
n77
Invalid operation
n77:bin:16
Invalid operation
d46/
/d153
/d173/d106/n86/f181/f124/f222/n77
n77:00 00 00 00 0B C5 F2
f186:02 42 95
Invalid operation
f2
f222/
Invalid operation
f222:dir:0
Invalid operation
Invalid operation
d61
d65
f106/
f222/
f267
n18
n5
n18:1p2wb2o-up49c 
Invalid operation
Invalid operation
d226:AD BC
Invalid operation
f200
Invalid operation
Invalid operation
Invalid operation
Invalid operation
Invalid operation
Invalid operation
d209/
d283
f171/
f204/
n24
Invalid operation
/d173/d41/n24
n24:uyvjk
Null
Invalid operation
/d173/d41/n24
Invalid operation
Invalid operation
d209/
d283
f122/
f171/
f262
f87
n24
n78
Invalid operation
Invalid operation
d283:_s4jzhksrgnr
Invalid operation
d209:dir:0
f122/
Invalid operation
Invalid operation
d209:dir:0
Invalid operation
d209:dir:0
n78:15 38
f171:dir:0
Invalid operation
n78:38 DC 74 D2
d211/
Invalid operation
n78:00 00
d211/
d138
d148/
d199
d211/
d232
f114
f122/
f171/
f31
f87
f88/
n78
/d173/d41/n78
Invalid operation
d41/
├── d138
├── d148/
├── d199
├── d211/
├── f114
├── f122/
├── f133/
├── f171/
│   └── f286
├── f31
├── f87
├── f88/
└── n78
f114:17
d199:13
Invalid operation
f114:17
d199:13
n78:12
f83:kb5srrtf7r1i5
d41:dir:0
d138
d148/
d199
d211/
d232
f114
f122/
f133/
f171/
f31
f87
f88/
n78
f171:dir:0
Invalid operation
Invalid operation
Invalid operation
Invalid operation
Invalid operation
d138
d148/
d153
d199
d211/
d232
d284
f114
f122/
f133/
f171/
f31
f87
f88/
n78
d138
d148/
d153
d199
d211/
d232
d284
f114
f122/
f133/
f171/
f31
f87
f88/
n78
Invalid operation
d106/
d41/
d74/
f136/
f145
f158
f263
f280
f83
n30
d41/
d74/
f124
f136/
f145
f158
f263
f280
f83
n30
Invalid operation
f83:kb5srrtf7r1i5f-i8x3jc1
d153
d41/
d74/
f124
f145
f158
f208
f262/
f263
f264/
f280
f83
f83:kb5srrtf7r1i5f-i8x3jc1s5jevdrzin668b4n4
d41:dir:0
f83:kb5srrtf7r1i5f-i8x3jc1s5jevdrzin668b4n4
f165:dir:0
Invalid operation
d111
d119/
d135/
d153
d173/
d192/
d209
d212/
d294
d33/
d42
d49
d6
d61
d7
d77
f101
f104/
f112/
f113/
f120/
f128/
f129
f147
f162/
f165/
f168/
f174/
f178
f186/
f191/
f212
f22/
f236/
f244/
f290/
f42/
f45/
f52
f61/
f62
f7/
f74
f82/
f90/
f93
f99
n109/
n114/
n118
n15
n33
n47
n70
n75
n85
n85:28 8E 6F FA ED 27 D9
f52:492
Invalid operation
Invalid operation
f165:dir:0
f74:88
n85:76
d77:16
f74:88
n85:76
d77:16
d111
d119/
d135/
d153
d173/
d192/
d209
d212/
d213/
d219
d25
d294
d33/
d42
d49
d6
d61
d7
d77
f101
f104/
f112/
f113/
f120/
f128/
f129
f147
f15/
f162/
f165/
f168/
f174/
f178
f186/
f191/
f212
f214/
f22/
f236/
f244/
f290/
f42/
f61/
f62
f7/
f74
f82/
f90/
f93
f99
n109/
n114/
n118
n15
n33
n47
n70
n75
n82
n85
f74:88
n85:76
d77:16
Invalid operation
Invalid operation
f233:dir:0
Invalid operation
Invalid operation
f74:88
n85:75
d77:16
f74:88
n85:75
d77:16
f74:88
n85:75
d77:16
Invalid operation
/n85
Invalid operation
Invalid operation
Invalid operation
d111
d119/
d135/
d153
d173/
d192/
d209
d212/
d213/
d219
d25
d294
d33/
d42
d49
d6
d61
d7
d77
f101
f104/
f112/
f113/
f120/
f128/
f129
f147
f15/
f162/
f165/
f168/
f178
f186/
f191/
f212
f22/
f236/
f244/
f290/
f42/
f61/
f62
f7/
f74
f82/
f90/
f93
f99
n109/
n114/
n118
n15
n33
n47
n68/
n70
n75
n82
n85
f74:88
n85:75
d77:16
f212:14
Invalid operation
Invalid operation
Invalid operation
Invalid operation
d111
d119/
d135/
d153
d173/
d192/
d209
d212/
d213/
d219
d25
d294
d33/
d42
d49
d6
d61
d7
d77
f101
f104/
f112/
f113/
f120/
f128/
f129
f147
f15/
f162/
f165/
f168/
f178
f186/
f191/
f212
f22/
f236/
f244/
f290/
f42/
f61/
f62
f7/
f74
f82/
f90/
f93
f99
n109/
n114/
n118
n15
n33
n47
n68/
n70
n75
n82
n85
Invalid operation
Invalid operation
d111
d119/
d135/
d153
d173/
d192/
d209
d212/
d213/
d219
d25
d294
d33/
d39/
d42
d49
d6
d61
d7
d77
f101
f104/
f112/
f113/
f120/
f128/
f129
f147
f15/
f162/
f165/
f168/
f178
f186/
f191/
f212
f22/
f236/
f244/
f290/
f42/
f61/
f62
f7/
f74
f82/
f90/
f93
f99
n109/
n114/
n118
n15
n33
n47
n68/
n70
n75
n82
n85
f74:88
n85:77
d77:16
d111
d119/
d135/
d153
d173/
d192/
d209
d212/
d213/
d219
d25
d294
d33/
d39/
d42
d49
d6
d61
d7
d77
f101
f104/
f112/
f113/
f120/
f128/
f129
f147
f15/
f162/
f165/
f168/
f178
f186/
f191/
f212
f22/
f236/
f244/
f290/
f42/
f61/
f62
f7/
f74
f82/
f90/
f93
f99
n109/
n114/
n118
n15
n33
n47
n68/
n70
n75
n82
n85
Invalid operation
Invalid operation
Invalid operation
d111
d115/
d119/
d135/
d153
d173/
d192/
d209
d212/
d213/
d219
d25
d33/
d39/
d42
d49
d6
d61
d7
d77
f101
f104/
f112/
f113/
f120/
f128/
f129
f15/
f162/
f165/
f168/
f178
f186/
f191/
f212
f22/
f236/
f244/
f290/
f42/
f61/
f62
f7/
f74
f82/
f90/
f93
f99
n109/
n114/
n118
n15
n33
n47
n68/
n70
n75
n82
n85
f165:dir:0
Invalid operation
d43
d43
d43
d43:FC
f165:dir:0
f74:88
n85:78
d77:16
Invalid operation
d43
f9
Invalid operation
Invalid operation
f9: 7khw5n2i
f74:88
n85:78
d77:16
f74:88
n85:78
d77:16
f74:88
n85:78
d77:16
Invalid operation
n85:7E 5F 7B
Invalid operation
Invalid operation
Invalid operation
n85:C4 D9 73 02 26 87 5F 7E 97 CA D1 59 6E 66 0D 33 4C B4 35 80 28 8E 6F FA ED 27 D9 09 91 41 66 38 F5 7A 5B F6 F9 2B 8B B6 4E FC CF E9 CB 84 FC 1F B0 CF 48 AA 3F 22
n85:02 26 87 5F 7E 97 CA D1 59 6E 66 0D 33 4C B4 35 80 28 8E 6F FA ED 27 D9 09 91 41 66 38 F5 7A 5B F6 F9 2B 8B B6 4E FC CF E9 CB 84 FC 1F B0 CF 48 AA 3F 22 CA 39 30 7E 5F 7B 46 D4 27 08 96 E9 A2 68 CF 54 A2 EA 00 00 00 00
f74:88
n85:87
d77:16
Invalid operation
f74:88
Invalid operation
f74:88
n85:86
d77:16
f212:14
f129:13
f178:12
n82:12
d7:10
d111
d115/
d119/
d135/
d153
d173/
d192/
d209
d212/
d213/
d25
d33/
d39/
d42
d49
d6
d61
d7
d77
f101
f104/
f112/
f113/
f120/
f128/
f129
f15/
f162/
f165/
f168/
f178
f186/
f191/
f212
f22/
f236/
f244/
f290/
f42/
f61/
f62
f7/
f74
f82/
f90/
f93
f99
n109/
n114/
n118
n15
n33
n47
n68/
n70
n75
n82
n85
n91/
Invalid operation
d111
d115/
d119/
d135/
d153
d173/
d192/
d209
d212/
d213/
d25
d33/
d39/
d42
d49
d6
d61
d7
d77
f101
f104/
f112/
f113/
f120/
f128/
f129
f15/
f165/
f168/
f178
f186/
f191/
f212
f22/
f236/
f244/
f290/
f42/
f61/
f62
f7/
f74
f82/
f90/
f93
f99
n109/
n114/
n118
n15
n33
n47
n68/
n70
n75
n82
n85
n91/
f74:88
n85:88
d77:16
f212:14
f129:13
f178:12
n82:12
d95:j7rno76xtbghphujexxg0aw-tu8_g7abph 5c3reynkxsrl3f2ewb.
d95:j7rno76xtbghphujexxg0aw-tu8_g7abph 5c3reynkxsrl3f2ewb.x
f199:FB 00 00
d100
d144
d152/
d153
d157
d172/
d21/
d70/
d95
f101
f128/
f172/
f173/
f182
f199
f229
f247/
f253/
f285
f295/
f46/
f62
f82/
n25/
n49
n93
Invalid operation
Invalid operation
/f82/d95
Invalid operation
n7/
f199:E0 B2
d263:md:14
/f82/f253/d263
Invalid operation
d263:md:14
Invalid operation
Invalid operation
d95:95
f199:21
f199:00
Invalid operation
Invalid operation
Invalid operation
Invalid operation
Invalid operation
Invalid operation
Invalid operation
n85:CF 48 AA 3F 22 CA 39 30 7E 5F 7B 46 D4 27 08 79 B2 A2 68 CF 54 A2 EA 00 00 00 47 D4 7D 0B
d118:25
d118
f166
d10/
d118
d44/
f166
d247:A3
/d135/d118
/d135/d118
d247:E0 65
Invalid operation
d247:E0
Invalid operation
Null
d247:65 C5
Invalid operation
d247:65
d135/
├── d118
├── d247
├── d44/
│   ├── d270
│   └── f283
└── f166
Invalid operation
Invalid operation
d118
d247
d44/
f166
n85:2B 8B B6 4E FC CF E9 CB 84 FC 1F B0 CF 48 AA 3F
d111
d115/
d119/
d135/
d141
d173/
d209
d212/
d213/
d25
d33/
d39/
d49
d6
d61
d77
f101
f104/
f112/
f113/
f120/
f128/
f129
f15/
f165/
f168/
f178
f186/
f191/
f212
f22/
f236/
f244/
f290/
f42/
f61/
f62
f7/
f74
f82/
f90/
f93
f99
n109/
n15
n33
n47
n68/
n70
n75
n82
n85
n91/
d111
d115/
d119/
d135/
d141
d173/
d209
d212/
d213/
d25
d33/
d39/
d49
d6
d61
d77
f101
f104/
f112/
f113/
f120/
f128/
f129
f15/
f165/
f168/
f178
f186/
f191/
f212
f22/
f236/
f244/
f290/
f42/
f61/
f62
f7/
f74
f82/
f90/
f93
f99
n109/
n15
n33
n47
n68/
n70
n75
n82
n85
n91/
n85:89
f74:88
d77:16
d111
d115/
d119/
d135/
d141
d173/
d209
d212/
d213/
d25
d33/
d39/
d49
d6
d61
d77
f101
f104/
f112/
f113/
f120/
f128/
f129
f15/
f165/
f168/
f178
f186/
f191/
f212
f22/
f236/
f244/
f290/
f42/
f61/
f62
f7/
f74
f82/
f90/
f93
f99
n109/
n15
n33
n47
n68/
n70
n75
n82
n85
n91/
Invalid operation
f283
f283:00 00
f283:bin:5
Null
d118
d247
d44/
f166
Invalid operation
f283:00 00 00 00
f283:5
f251:2
Invalid operation
d296:3
Invalid operation
n15:10
Invalid operation
n15:F4 10 EC
d195/
f242
f55
n108
n15
d195/
d205/
f55
n108
n15
n15:EC 1D E2
d195:dir:0
Invalid operation
Invalid operation
Invalid operation
Invalid operation
n15:73 50
d195:dir:0
Invalid operation
f55:7-aagtw0el9q-zheed19o0e_8z9ha6sykzzc969xf2m9tc2z_u2q0
Invalid operation
Invalid operation
Invalid operation
f1:dir:0
f1:dir:0
Invalid operation
f55:7-aagtw0el9q-zheed19o0e_8z9ha6sykzzc969xf2m9tc2z_u2q0
Invalid operation
f55:7-aagtw0el9q-zheed19o0e_8z9ha6sykzzc969xf2m9tc2z_u2q0hojz
d174/
d200
d36
d174/
d200
d44/
├── d120/
├── d195/
├── d205/
├── f103/
│   ├── d174/
│   ├── d200
│   └── d36
├── f202
├── f31/
├── f55
├── n108
└── n15
Invalid operation
Invalid operation
Null
Invalid operation
Invalid operation
n15:C0 27 00 5B 97
f55:62
n15:16
f23:13
n117:13
f202:3
d34:2
f260:0
Null
d120/
d195/
d34
f103/
f202
f23
f260
f55
f6/
n108
n117
n15
Invalid operation
Invalid operation
f55:7-aagtw0el9q-zheed19o0e_8z9ha6sykzzc969xf2m9tc2z_u2q0hojzxy kr
d120/
d195/
d243
d283
d34
f103/
f202
f242
f260
f40/
f55
f6/
n108
n117
n15
Invalid operation
n15:73 50
Invalid operation
n15:3F 0F F4 6F 19 87 EC C0 27 00
Invalid operation
Invalid operation
/d77
d195:dir:0
Null
d120/
d195/
d202/
d243
d34
d99/
f103/
f202
f242
f260
f40/
f55
f6/
f88/
n108
n117
n15
/d135/d44/f55
f55:7-aagtw0el9q-zheed19o0e_8z9ha6sykzzc969xf2m9tc2z_u2q0hojzxy kreiczqy e
d120/
d195/
d202/
d34
f202
f242
f249
f260
f40/
f6/
f88/
n108
n117
n15
Invalid operation
Invalid operation
d118:md:94
d118
d159
d247
d44/
f166
f214/
f47
d118
d159
d247
d44/
f166
f214/
f47
d118
d159
d247
d291/
d44/
f166
f214/
f47
Invalid operation
d247:9F A3 E0 E3 D8 45 1E 00 00
d247:E0 E3 D8 45 1E 00 00
d247:00
Invalid operation
Invalid operation
d118
d159
d44/
f166
f214/
f239/
f47
d118
d159
d241
d44/
f166
f239/
f47
d135/
├── d118
├── d159
├── d241
├── d44/
│   ├── d120/
│   ├── d195/
│   ├── d202/
│   │   ├── d287
│   │   └── f220
│   ├── d34
│   ├── f202
│   ├── f242
│   ├── f249
│   ├── f260
│   ├── f40/
│   ├── f6/
│   ├── f88/
│   │   └── f236/
│   ├── n108
│   └── n15
├── f166
├── f239/
└── f47
/d135/d118
Invalid operation
n85:6B 70 CE 8C 9F 00 00 00 47 D4 7D 0B 17
Null
d118
d159
d205/
d230/
d241
d35
d44/
f166
f239/
n90/
Invalid operation
d75/
n85:0B
d118:r vxjnr.ze9txoecs-pezwv2jxaewbzs8ei9lxrrwy3p2qw-l c1xdeq6l 6hkhqzfm_8q--b21u9gq6_l6kv_fle.coxx_276hxfpwg_5xlwpx6ftyrgtsrqbbm0eh
Invalid operation
Invalid operation
Invalid operation
Invalid operation
Invalid operation
Invalid operation
d118
d159
d205/
d225
d230/
d241
d35
d44/
f134
f166
n90/
/d135/d118
Invalid operation
n53
f24/
n85:01 1E 80 00 0C 33 D4 27 08 79 B2 20 6B 70 CE EE FF 00 00 00 47 D4 7D 0B
Invalid operation
Invalid operation
Invalid operation
Invalid operation
f243:
d168/
f243
f8/
d52
f155/
f217
f217:94td  xe888laj5ev
Invalid operation
d136/
d168/
f243
f8/
Invalid operation
d136/
d168/
f243
f8/
f243:txt:10
d136/
d168/
f243
f8/
f243:gaj2h.np_.
f243:txt:10
Null
Invalid operation
Invalid operation
d130
d15
f0/
n98
Invalid operation
f190:7
f190:A5 32 F7 56 0E 58
d205/
f190
d205/
n67/
Invalid operation
/f244/f24/f169/f0/n67/n23
f139:10
f139
d205/
f260
n67/
Invalid operation
Invalid operation
Null
f260:8D
Invalid operation
Invalid operation
Invalid operation
Invalid operation
Invalid operation
Invalid operation
Invalid operation
n98:17
d15:14
d130:7
d130:kov5j35
d15:14
d130:7
d15:afjow1g4k hb1ta5n
Invalid operation
d15:17
d105:0
f146:0
Invalid operation
Null
n85:28 8E 41 0D ED 27 13 09 91 41 66
Invalid operation
Invalid operation
Invalid operation
Invalid operation
Invalid operation
n85:00 0C 33 D4 0E 3A 5B ED 33 6B 70 CE EE FF 32 D1 4B
Invalid operation
Null
n85:5B ED 33 6B 70 CE EE FF 32 D1
Invalid operation
f74:88
n85:86
d77:16
Invalid operation
f74:88
n85:86
d77:16
d141:14
f212:14
Invalid operation
Invalid operation
Invalid operation
d111
d115/
d124
d13
d135/
d136
d141
d173/
d191/
d209
d212/
d213/
d229
d25
d33/
d39/
d49
d54
d6
d61
d7
d77
f101
f104/
f112/
f113/
f120/
f128/
f15/
f165/
f178
f186/
f191/
f212
f22/
f244/
f290/
f295
f33/
f42/
f50/
f61/
f62
f7/
f74
f82/
f90/
f93
f99
n109/
n15
n33
n47
n70
n75
n82
n85
n9
Invalid operation
Invalid operation
Invalid operation
n85:E9 CB 84 FC 1F B0 CF 48 AA DF 4B 55 6B 1E 80
Invalid operation
d111
d115/
d124
d135/
d136
d141
d173/
d191/
d209
d212/
d213/
d229
d25
d33/
d39/
d49
d54
d61
d7
d77
f101
f104/
f112/
f113/
f120/
f128/
f15/
f178
f186/
f191/
f212
f22/
f244/
f290/
f295
f42/
f50/
f61/
f62
f7/
f74
f82/
f90/
f93
f99
n109/
n15
n33
n47
n70
n75
n82
n85
n9
n91/
Invalid operation
Invalid operation
Null
d111
d115/
d124
d135/
d136
d141
d173/
d197/
d209
d212/
d213/
d229
d25
d33/
d39/
d49
d54
d61
d64/
d7
d77
f101
f104/
f112/
f113/
f120/
f128/
f15/
f178
f186/
f191/
f212
f22/
f244/
f290/
f295
f42/
f50/
f61/
f62
f7/
f74
f82/
f90/
f93
f99
n109/
n15
n33
n47
n66/
n75
n82
n85
n9
n91/
Invalid operation
n85:FC 1F B0 CF 48 AA DF 4B 55 6B 1E 80 00 0C 33 D4 0E 3A 5B ED 33 6B 70 CE EE FF 32
d111
d115/
d124
d135/
d136
d141
d173/
d197/
d209
d212/
d229
d25
d33/
d39/
d49
d54
d61
d64/
d7
d77
f101
f104/
f113/
f120/
f128/
f15/
f178
f186/
f191/
f212
f22/
f244/
f290/
f295
f42/
f50/
f61/
f62
f7/
f74
f82/
f90/
f93
f99
n109/
n15
n33
n47
n66/
n75
n82
n85
n9
n91/
/n85
Invalid operation
d111
d115/
d124
d135/
d141
d173/
d197/
d209
d212/
d229
d25
d33/
d39/
d49
d54
d61
d64/
d7
d77
f101
f104/
f112/
f113/
f120/
f128/
f15/
f178
f186/
f191/
f212
f22/
f244/
f290/
f295
f42/
f50/
f61/
f62
f7/
f74
f82/
f90/
f93
f99
n109/
n15
n33
n47
n66/
n75
n82
n85
n9
n91/
Invalid operation
Null
Invalid operation
d111
d115/
d124
d135/
d141
d173/
d197/
d209
d212/
d229
d25
d33/
d39/
d49
d54
d61
d64/
d7
d77
f101
f104/
f112/
f113/
f120/
f128/
f15/
f171
f178
f186/
f187/
f191/
f212
f22/
f244/
f290/
f295
f42/
f50/
f61/
f62
f7/
f74
f82/
f90/
f93
n109/
n15
n33
n47
n66/
n75
n82
n85
n9
n91/
d164/
d35
f146
f20/
n21/
f7:dir:0
Invalid operation
Invalid operation
Invalid operation
Invalid operation
Null
/n85
Invalid operation
f65/
Invalid operation
n106:6r
f65:dir:0
n85:F1 34 01 05 32 F4 7A 7E BA DB EE 65 0B 7B CA ED 27 13 09 82 73 88 C3 B2 EA EE F6 F9 2B 57 3A 9B B3 33 E9 CB 84 FC 1F B0 CF 42
n85:6C C4 D9 73 02
f202
f65/
n106
n116/
Invalid operation
n106:6r
n106
n116/
f7:dir:0
Invalid operation
Invalid operation
d111
d115/
d124
d135/
d141
d173/
d197/
d209
d212/
d25
d33/
d39/
d49
d54
d61
d64/
d7
d77
f101
f104/
f112/
f113/
f120/
f128/
f15/
f171
f178
f186/
f187/
f191/
f212
f22/
f244/
f265
f290/
f295
f42/
f50/
f61/
f62
f7/
f74
f82/
f90/
f93
n109/
n15
n33
n66/
n75
n82
n85
n9
n91/
Invalid operation
d111
d115/
d124
d135/
d141
d151/
d173/
d197/
d209
d212/
d25
d33/
d39/
d49
d54
d61
d64/
d7
d77
f101
f104/
f112/
f113/
f114/
f120/
f128/
f15/
f171
f178
f186/
f187/
f191/
f212
f22/
f244/
f265
f290/
f295
f42/
f50/
f61/
f62
f7/
f74
f82/
f90/
f93
n109/
n15
n33
n66/
n75
n82
n85
n9
n91/
Invalid operation
Invalid operation
Invalid operation
n85:46 4F 0C 7F 4B B2 11 AD E7 F5 DA 19 55 6B 1E 80 00
Invalid operation
d111
d115/
d124
d135/
d141
d151/
d173/
d197/
d209
d212/
d25
d286
d33/
d39/
d49
d54
d61
d64/
d77
f101
f104/
f112/
f113/
f114/
f120/
f128/
f15/
f171
f178
f186/
f187/
f191/
f212
f22/
f244/
f265
f286/
f290/
f295
f33
f42/
f50/
f53/
f61/
f62
f7/
f82/
f90/
f93
n109/
n15
n33
n66/
n75
n82
n85
n9
n91/
f7:dir:0
Invalid operation
Invalid operation
d111
d115/
d124
d135/
d141
d151/
d171
d173/
d197/
d209
d212/
d286
d33/
d39/
d49
d54
d61
d64/
d71/
d77
f101
f104/
f112/
f113/
f114/
f120/
f128/
f15/
f178
f186/
f187/
f191/
f212
f22/
f244/
f265
f266
f286/
f290/
f295
f33
f42/
f50/
f61/
f62
f7/
f82/
f90/
f93
n109/
n15
n33
n66/
n75
n82
n85
n9
n91/
d111
d115/
d124
d135/
d141
d151/
d171
d173/
d197/
d204
d209
d212/
d286
d33/
d39/
d49
d54
d61
d64/
d71/
d77
f101
f104/
f112/
f113/
f114/
f120/
f128/
f15/
f178
f186/
f187/
f191/
f212
f22/
f244/
f265
f266
f286/
f290/
f295
f33
f42/
f50/
f61/
f62
f7/
f82/
f90/
f93
n109/
n15
n33
n82
n85
n9
n91/
/n85
Invalid operation
d111
d115/
d124
d135/
d141
d151/
d171
d173/
d197/
d204
d209
d212/
d286
d33/
d39/
d49
d54
d61
d64/
d71/
d77
f101
f104/
f112/
f113/
f114/
f120/
f128/
f15/
f178
f186/
f187/
f191/
f212
f22/
f244/
f265
f266
f286/
f290/
f295
f33
f42/
f50/
f61/
f62
f7/
f82/
f90/
f93
n109/
n111
n15
n33
n82
n85
n9
n91/
Invalid operation
n85:32 EB DC E3 7B 82 73 88 C3 B2 EA EE F6 F9 2B 57 3A 9B AA E5 4F 0C 7F 4B 78 25 58 9D F5 DA 19 55 6B 1E 80 00 0C E2 B8 0E 3A 0E 7D 33 6B 70 CE EE 15 98 1E 6A 9D 9A 7A D9 D8 7F EE 00 00 00 00 00 00
Invalid operation
Invalid operation
Invalid operation
d39/
└── f290
Null
f290:bin:4
f290:4
d183/
f290
Invalid operation
Invalid operation
f7:dir:0
Invalid operation
Invalid operation
Invalid operation
n85:90
d152:17
d77:16
n111:15
d141:14
d204:14
Invalid operation
Invalid operation
n85:16 80 00 0C E2 B8 0E 3A 0E
Invalid operation
Invalid operation
n85:90
d152:17
d77:16
n55:16
n111:15
d141:14
f212:14
f178:12
Invalid operation
f7:dir:0
/n85
d111
d115/
d135/
d141
d151/
d152
d171
d173/
d189
d197/
d209
d212/
d33/
d39/
d4/
d49
d54
d61
d71/
d77
d92/
f101
f104/
f112/
f113/
f114/
f120/
f128/
f147
f178
f18
f186/
f187/
f191/
f212
f215
f22/
f265
f266
f286/
f290/
f33
f42/
f46/
f50/
f61/
f7/
f82/
f90/
f93
n109/
n111
n15
n33
n55
n8/
n82
n85
n9
n91/
n85:90
d152:17
d77:16
Invalid operation
d111
d115/
d135/
d141
d151/
d152
d171
d173/
d189
d197/
d209
d212/
d33/
d39/
d4/
d49
d54
d61
d71/
d77
d92/
f101
f104/
f112/
f113/
f114/
f120/
f128/
f147
f178
f18
f186/
f187/
f191/
f212
f215
f22/
f265
f266
f286/
f290/
f33
f42/
f46/
f50/
f61/
f7/
f82/
f90/
f93
n109/
n111
n15
n33
n55
n8/
n82
n85
n9
n91/
Invalid operation
d152:17
d77:16
n55:16
d152:17
d77:16
n55:16
n111:15
d141:14
f212:14
f147:13
f231:13
f7:dir:0
d61:D0 11
d61:E9 15
f7:dir:0
f7:dir:0
d152:17
d77:16
n55:16
Invalid operation
n15:
d152:17
d77:16
n55:16
d152:17
d77:16
n55:16
d111
d115/
d135/
d141
d151/
d152
d171
d173/
d189
d19
d197/
d209
d212/
d33/
d39/
d4/
d49
d54
d61
d71/
d77
d92/
f101
f104/
f112/
f113/
f114/
f120/
f128/
f147
f18
f186/
f187/
f191/
f212
f22/
f221/
f231
f265
f266
f286/
f290/
f33
f42/
f46/
f50/
f61/
f7/
f82/
f90/
f93
n109/
n111
n15
n33
n55
n8/
n82
n9
n91/
Invalid operation
f71
n3
n82/
n3:md:8
f71
n3
Invalid operation
d152:17
d77:16
n55:16
d111
d115/
d135/
d141
d151/
d152
d171
d173/
d19
d197/
d209
d212/
d33/
d39/
d4/
d48/
d49
d54
d61
d71/
d77
d92/
f101
f104/
f112/
f113/
f114/
f120/
f128/
f147
f18
f186/
f187/
f191/
f212
f22/
f221/
f231
f265
f266
f286/
f290/
f33
f42/
f46/
f50/
f61/
f7/
f82/
f90/
f93
n109/
n111
n15
n33
n55
n8/
n82
n9
n91/
/n15
d152:17
d77:16
n55:16
d111
d115/
d135/
d141
d151/
d152
d171
d173/
d19
d197/
d209
d212/
d33/
d39/
d4/
d48/
d49
d54
d61
d71/
d77
d92/
f104/
f112/
f113/
f114/
f120/
f128/
f147
f18
f186/
f187/
f191/
f212
f22/
f221/
f231
f265
f266
f286/
f290/
f33
f42/
f46/
f50/
f61/
f7/
f82/
f90/
f93
n109/
n111
n15
n33
n38/
n55
n8/
n82
n9
n91/
d152:17
d77:16
n55:16
d152:17
d77:16
n55:16
d61:55
d152:17
d77:16
n55:16
d111
d115/
d135/
d141
d151/
d152
d171
d173/
d19
d197/
d209
d212/
d33/
d39/
d4/
d48/
d49
d54
d71/
d77
d92/
f104/
f112/
f113/
f114/
f120/
f128/
f147
f18
f186/
f187/
f191/
f212
f22/
f221/
f231
f265
f266
f286/
f290/
f33
f42/
f46/
f50/
f61/
f7/
f82/
f90/
f93
n109/
n111
n15
n33
n38/
n55
n8/
n82
n9
n91/
f7:dir:0
f131:14
d49:07 5B
d116
f131
f136
f237/
f272/
Invalid operation
d256:txt:14
d256
Invalid operation
d49:2F 8F
d116
d76/
f131
f136
f237/
f272/
f33/
Invalid operation
f237:dir:0
Invalid operation
Invalid operation
d49:1E E8 13
f131:-f4rfg3 glq4lmp.sp
f131:-f4rfg3 glq4lmp.sp
Invalid operation
/f104/d116
f104/
├── d116
├── d227
├── d51
├── d66
├── d76/
├── f136
├── f237/
│   └── d256
├── f272/
├── f33/
├── n104
├── n106
└── n12/
d116
d51
d66
d76/
f136
f237/
f272/
f29
f33/
n104
n106
n2
n27
d116
d51
d66
d76/
f136
f272/
f29
f33/
f43
n104
n106
n2
n27
n15:-_l8x
Invalid operation
f7:dir:0
Invalid operation
d49:00 00 00 00
d49:30
d152:17
d77:16
d49:30
d152:17
d77:16
n26
f7:dir:0
d49:30
d152:17
d77:16
d111
d115/
d135/
d141
d151/
d152
d171
d173/
d19
d197/
d209
d212/
d23/
d33/
d39/
d4/
d48/
d49
d54
d71/
d77
d92/
f104/
f112/
f113/
f114/
f120/
f128/
f18
f186/
f187/
f191/
f212
f22/
f221/
f231
f265
f266
f286/
f290/
f33
f42/
f46/
f50/
f61/
f7/
f82/
f90/
f93
n109/
n111
n15
n33
n38/
n55
n8/
n82
n9
n91/
d49:30
d152:17
d77:16
d49:30
d152:17
d77:16
d111
d115/
d135/
d141
d151/
d152
d171
d173/
d19
d197/
d209
d212/
d23/
d33/
d39/
d4/
d48/
d49
d54
d71/
d77
d92/
f104/
f112/
f113/
f114/
f120/
f128/
f147
f18
f186/
f187/
f191/
f212
f22/
f221/
f231
f265
f266
f286/
f290/
f33
f42/
f46/
f50/
f61/
f7/
f82/
f90/
f93
n109/
n111
n15
n33
n38/
n55
n8/
n82
n9
n91/
d111
d115/
d135/
d141
d151/
d152
d173/
d19
d197/
d209
d212/
d23/
d33/
d39/
d4/
d48/
d49
d54
d71/
d77
d92/
f104/
f112/
f113/
f114/
f120/
f128/
f18
f186/
f187/
f191/
f212
f214
f22/
f221/
f231
f265
f266
f286/
f290/
f33
f42/
f46/
f50/
f61/
f7/
f82/
f90/
f93
n109/
n111
n15
n33
n38/
n55
n8/
n82
n9
n91/
d49:33
d152:17
d77:16
Null
Invalid operation
d197/
├── d296/
├── d54
├── f8
└── n57/
Invalid operation
Invalid operation
d54:4C
/d197/d54
/d54
Invalid operation
d215/
d296/
d54
d93/
n57/
n80/
Invalid operation
Invalid operation
Invalid operation
Invalid operation
d111
d115/
d135/
d141
d151/
d152
d173/
d19
d197/
d209
d212/
d23/
d33/
d39/
d4/
d48/
d49
d54
d71/
d77
d92/
f104/
f112/
f113/
f114/
f120/
f128/
f18
f182/
f186/
f187/
f191/
f197/
f212
f214
f22/
f221/
f231
f265
f266
f286/
f290/
f33
f42/
f46/
f50/
f61/
f7/
f82/
f90/
f93
n109/
n111
n15
n38/
n8/
n82
n9
n91/
f7:dir:0
Invalid operation
d215/
d270
d28
d296/
d54
d93/
n118
n80/
d215/
d270
d28
d296/
d54
d93/
n118
n80/
Invalid operation
Invalid operation
Invalid operation
Invalid operation
Invalid operation
Invalid operation
Invalid operation
n42:g0fyincycx
d54:B6 37 C4 B0 9F 57 CB
Invalid operation
Invalid operation
Invalid operation
Invalid operation
Invalid operation
/d197/n80/f283/f59
d123/
Invalid operation
d123/
f2/
Invalid operation
Invalid operation
d54:00
/d197/n80/f283/f2/f17
Invalid operation
Invalid operation
d38
Invalid operation
/d197/n80/f283/f2/f54/f146
f54/
└── f146
f146:0
f146:txt:0
f103
f103
f202
f103:nqu.o0qf.paxpj06qhgdw25xtc
f54/
└── f202
n112
/d197/n80/f283/f2/f54/d200
d200
n63
d54:34 0A 79 FA 00 3F 49 F0 82 B1
Invalid operation
Null
d54:82 B1 F4 4F EE 48 72 43 30
Invalid operation
n42:25
Invalid operation
Invalid operation
Invalid operation
Invalid operation
d215/
d270
d28
d296/
d54
d93/
n118
n80/
Invalid operation
Invalid operation
Invalid operation
Invalid operation
Invalid operation
d54:bin:27
Invalid operation
Invalid operation
d270
d286
d93/
f130
f46
n80/
d270
d286
d93/
f130
f46
n80/
/d197/d270
d270
d286
d93/
f130
f46
n80/
Invalid operation
Invalid operation
Invalid operation
d49:39 3F B1 5E CA C7
d49:30
d152:17
Invalid operation
d49:30
d152:17
n15:17
Invalid operation
d111
d115/
d135/
d141
d151/
d152
d173/
d19
d197/
d212/
d23/
d33/
d39/
d4/
d48/
d49
d54
d71/
d77
d92/
f104/
f112/
f113/
f114/
f120/
f128/
f18
f182/
f186/
f191/
f197/
f212
f214
f22/
f221/
f231
f265
f266
f286/
f290/
f33
f42/
f46/
f50/
f61/
f7/
f82/
f90/
f93
n109/
n111
n15
n23
n38/
n8/
n82
n9
n91/
f7:dir:0
Invalid operation
d111
d115/
d135/
d141
d151/
d152
d173/
d19
d197/
d212/
d23/
d33/
d39/
d4/
d48/
d49
d54
d71/
d77
d92/
f104/
f112/
f113/
f114/
f120/
f128/
f18
f182/
f186/
f191/
f197/
f212
f214
f22/
f221/
f231
f265
f266
f286/
f290/
f33
f42/
f46/
f50/
f61/
f7/
f82/
f90/
f93
f95
n109/
n111
n15
n23
n38/
n8/
n82
n9
n91/
f290
Invalid operation
Invalid operation
f290:1C
Invalid operation
Invalid operation
Invalid operation
Invalid operation
d151/
d158/
f167
f290
d39/
├── d158/
├── d184/
├── f167
├── f290
└── n105
Invalid operation
d49:00 00 00
d111
d115/
d135/
d141
d151/
d152
d173/
d19
d197/
d212/
d23/
d33/
d39/
d4/
d48/
d49
d54
d71/
d77
d92/
f104/
f112/
f113/
f114/
f120/
f128/
f18
f182/
f186/
f191/
f197/
f212
f214
f22/
f221/
f231
f265
f266
f286/
f290/
f33
f42/
f46/
f50/
f61/
f7/
f82/
f90/
f93
f95
n109/
n111
n15
n23
n38/
n8/
n82
n9
n91/
d49:54 1E DD 73 A0 C1 9B E6 00 2C 5E 7D E5 9D A4 02 A7 9C D4 CA C7 D7 3C 7A DE 00 00 00
f219/
f219:dir:0
f219/
d95
d49:00
Invalid operation
Invalid operation
d49:D5
Invalid operation
d82/
/n15
Invalid operation
Invalid operation
Invalid operation
d172
d20/
d44/
f165/
f35
Invalid operation
Invalid operation
Invalid operation
Invalid operation
d20/
d44/
f114
f165/
f35
f98/
Invalid operation
d20/
d44/
f114
f165/
f35
Invalid operation
f114:
f114:
d49:73 A0 C1 9B E6 00 2C 5E A4 6B 9A 0D 79 8E 35 CD 71 2B 5B BD CC E3 D5 FC 68 00 00 00
Invalid operation
/n15
Invalid operation
Invalid operation
Invalid operation
Null
Invalid operation
d49:CD
d297/
d298/
f25/
n68/
/n15
Invalid operation
d49:00 2C
d111
d115/
d135/
d141
d151/
d152
d173/
d19
d197/
d212/
d23/
d33/
d39/
d4/
d48/
d49
d54
d71/
d77
d92/
f104/
f112/
f113/
f114/
f120/
f128/
f18
f182/
f186/
f191/
f197/
f212
f214
f22/
f221/
f231
f266
f286/
f290/
f33
f42/
f46/
f50/
f61/
f7/
f82/
f90/
f93
f95
n109/
n111
n15
n23
n38/
n8/
n82
n9
n91/
Invalid operation
d236
d274/
d297/
d298/
f165/
f25/
f264/
f81/
n68/
Invalid operation
Invalid operation
d111
d115/
d135/
d141
d151/
d152
d168
d173/
d19
d197/
d212/
d23/
d33/
d39/
d4/
d48/
d49
d54
d71/
d77
d78
d92/
f104/
f112/
f113/
f114/
f120/
f128/
f18
f182/
f191/
f197/
f212
f214
f22/
f221/
f231
f266
f286/
f290/
f33
f42/
f46/
f50/
f61/
f7/
f82/
f90/
f93
f95
n109/
n111
n15
n23
n38/
n8/
n82
n9
n91/
Invalid operation
Invalid operation
d111
d115/
d135/
d141
d151/
d152
d168
d173/
d19
d197/
d212/
d23/
d33/
d39/
d4/
d48/
d54
d71/
d77
d78
d92/
f104/
f112/
f113/
f114/
f120/
f122
f128/
f18
f182/
f191/
f197/
f212
f214
f22/
f221/
f231
f286/
f290/
f33
f42/
f46/
f50/
f61/
f7/
f82/
f90/
f93
f95
n109/
n15
n23
n38/
n58/
n8/
n82
n9
n91/
d111
d115/
d135/
d141
d151/
d152
d168
d173/
d19
d197/
d212/
d23/
d33/
d39/
d4/
d48/
d54
d71/
d77
d78
d92/
f104/
f112/
f113/
f114/
f120/
f122
f128/
f18
f182/
f191/
f197/
f212
f214
f22/
f221/
f231
f286/
f290/
f33
f42/
f46/
f50/
f61/
f7/
f82/
f90/
f93
f95
n109/
n15
n23
n38/
n58/
n8/
n82
n9
n91/
n15:81
d152:17
d77:16
d141:14
f212:14
f231:13
d168:12
n23:12
Invalid operation
d47
d6
d62
f202/
d47
d62
f202/
d47:p1c-50os80eh73n56
f7:dir:0
n15:81
d152:17
d77:16
d141:14
f212:14
f231:13
Invalid operation
d111
d135/
d151/
d152
d168
d173/
d19
d197/
d212/
d23/
d33/
d39/
d4/
d48/
d54
d71/
d77
d78
d92/
f104/
f112/
f113/
f114/
f120/
f122
f128/
f18
f182/
f191/
f197/
f212
f214
f22/
f221/
f231
f290/
f33
f42/
f46/
f50/
f61/
f7/
f82/
f90/
f93
f95
n109/
n117/
n15
n23
n38/
n40
n58/
n71/
n8/
n82
n9
n91/
f93:0C 00 D9
n15:88
d152:17
d77:16
n15:88
d152:17
d77:16
Invalid operation
/n15
d111
d135/
d141
d151/
d152
d168
d173/
d19
d197/
d23/
d33/
d39/
d4/
d48/
d54
d71/
d77
d78
d92/
f104/
f112/
f113/
f114/
f120/
f122
f128/
f18
f182/
f191/
f197/
f212
f214
f22/
f221/
f224/
f231
f234
f290/
f33
f42/
f46/
f50/
f61/
f7/
f82/
f90/
f93
f95
n109/
n117/
n15
n38/
n40
n58/
n71/
n8/
n82
n9
n91/
Invalid operation
Invalid operation
Invalid operation
n15:-_l8xxxkqh.t1okixnv045utrk66oam2rf_q66u_mjx2.vagwoexdjwogw6t5jri9y114q1wtpq-dxw6j0qypjvv
n15:88
d152:17
f234:17
n15:88
d152:17
f234:17
n15:88
d152:17
f234:17
n15:88
d152:17
f234:17
d111
d135/
d141
d142/
d151/
d152
d168
d173/
d19
d197/
d23/
d33/
d39/
d4/
d48/
d54
d71/
d77
d78
d92/
f104/
f112/
f113/
f114/
f120/
f122
f128/
f18
f182/
f191/
f197/
f212
f214
f22/
f221/
f224/
f231
f234
f290/
f33
f42/
f46/
f50/
f61/
f7/
f82/
f90/
f93
f95
n109/
n117/
n15
n38/
n40
n58/
n71/
n8/
n82
n9
n91/
d111
d135/
d141
d142/
d151/
d152
d168
d173/
d19
d197/
d23/
d33/
d39/
d4/
d48/
d54
d71/
d77
d78
d92/
f104/
f112/
f113/
f114/
f120/
f122
f128/
f18
f182/
f191/
f197/
f212
f214
f22/
f221/
f224/
f231
f234
f290/
f33
f42/
f46/
f50/
f61/
f7/
f82/
f90/
f93
f95
n109/
n117/
n15
n38/
n40
n58/
n71/
n8/
n82
n9
n91/
d111
d135/
d141
d142/
d151/
d152
d168
d173/
d19
d190/
d197/
d23/
d39/
d4/
d48/
d54
d71/
d77
d78
d92/
f104/
f112/
f113/
f114/
f120/
f122
f128/
f182/
f191/
f197/
f212
f214
f22/
f221/
f224/
f231
f234
f290/
f33
f42/
f46/
f50/
f61/
f7/
f82/
f90/
f93
f95
n109/
n117/
n15
n38/
n40
n58/
n71/
n8/
n82
n9
n91/
d111
d135/
d141
d142/
d151/
d152
d168
d173/
d19
d190/
d197/
d23/
d39/
d4/
d48/
d54
d71/
d77
d78
d92/
f104/
f112/
f113/
f114/
f120/
f122
f128/
f182/
f191/
f197/
f212
f214
f22/
f221/
f224/
f231
f234
f290/
f33
f42/
f46/
f50/
f61/
f7/
f82/
f90/
f93
f95
n109/
n117/
n15
n38/
n40
n58/
n71/
n8/
n82
n9
n91/
Invalid operation
n15:100
d152:17
f234:17
Invalid operation
Invalid operation
n15:-_l8xxxkqh.t1okixnv045utrk66oam2rf_q66u_mjx2.vagwoexdjwogw6t5jri9y114q1wtpq-dxw6j0qypjvvx5iyzy17zjr.
n15:-_l8xxxkqh.t1okixnv045utrk66oam2rf_q66u_mjx2.vagwoexdjwogw6t5jri9y114q1wtpq-dxw6j0qypjvvx5iyzy17zjr.
f7:dir:0
f93:C6
Invalid operation
d111
d135/
d141
d142/
d151/
d152
d168
d173/
d19
d190/
d197/
d222
d23/
d39/
d4/
d48/
d54
d71/
d77
d78
d92/
f104/
f112/
f113/
f114/
f120/
f122
f128/
f182/
f191/
f197/
f212
f214
f22/
f221/
f224/
f231
f234
f290/
f33
f42/
f46/
f50/
f61/
f82/
f90/
f93
f95
n109/
n117/
n15
n38/
n40
n58/
n71/
n8/
n82
n9
n91/
Invalid operation
Invalid operation
Invalid operation
n15:100
d152:17
d222:17
d111
d135/
d141
d142/
d151/
d152
d168
d173/
d19
d190/
d197/
d222
d23/
d39/
d4/
d48/
d54
d71/
d77
d78
d92/
f104/
f112/
f113/
f114/
f120/
f122
f128/
f182/
f191/
f197/
f212
f214
f22/
f221/
f224/
f231
f234
f290/
f33
f37/
f42/
f46/
f50/
f61/
f82/
f90/
f93
f95
n109/
n117/
n15
n38/
n40
n58/
n71/
n8/
n82
n9
n91/
d111
d135/
d141
d142/
d151/
d152
d168
d173/
d19
d190/
d197/
d222
d23/
d39/
d4/
d48/
d54
d71/
d77
d78
d92/
f104/
f112/
f113/
f114/
f120/
f122
f128/
f182/
f191/
f197/
f212
f214
f22/
f221/
f224/
f231
f234
f290/
f33
f37/
f42/
f46/
f50/
f61/
f82/
f90/
f93
f95
n109/
n117/
n15
n38/
n40
n58/
n71/
n8/
n82
n9
n91/
n15:100
d152:17
d222:17
Invalid operation
f120:dir:0
Invalid operation
Invalid operation
n15:-_l8xxxkqh.t1okixnv045utrk66oam2rf_q66u_mjx2.vagwoexdjwogw6t5jri9y114q1wtpq-dxw6j0qypjvvx5iyzy17zjr.z5_hwaq89mhqr2qa
Invalid operation
Invalid operation
Invalid operation
Invalid operation
d47:md:30
Invalid operation
f93:00 0C
d111
d135/
d141
d142/
d151/
d152
d168
d173/
d19
d190/
d197/
d23/
d291
d39/
d4/
d48/
d54
d71/
d77
d78
d92/
f104/
f105/
f112/
f113/
f114/
f120/
f122
f128/
f182/
f191/
f197/
f212
f214
f22/
f221/
f224/
f231
f234
f249
f290/
f33
f37/
f42/
f46/
f50/
f61/
f82/
f93
n109/
n117/
n15
n38/
n58/
n71/
n8/
n82
d111
d135/
d141
d142/
d151/
d152
d168
d173/
d19
d190/
d197/
d23/
d291
d39/
d4/
d48/
d54
d71/
d77
d78
d92/
f104/
f105/
f112/
f113/
f114/
f120/
f122
f128/
f182/
f191/
f197/
f212
f214
f22/
f221/
f224/
f231
f234
f249
f290/
f33
f37/
f42/
f46/
f50/
f61/
f82/
f93
n109/
n117/
n15
n38/
n58/
n71/
n8/
n82
/n15
Invalid operation
Invalid operation
Invalid operation
f93:0C 00 00 00 00
Invalid operation
f93:B0 00 0C
Invalid operation
/n15
f93:00 00
Null
n15:128
d152:17
f234:17
d101
d111
d135/
d141
d142/
d151/
d152
d168
d173/
d190/
d197/
d23/
d291
d39/
d4/
d48/
d54
d71/
d77
d78
d92/
f104/
f105/
f112/
f113/
f114/
f117
f120/
f122
f128/
f182/
f191/
f197/
f212
f214
f215/
f22/
f224/
f231
f234
f290/
f33
f37/
f46/
f50/
f61/
f78
f82/
f93
n109/
n117/
n15
n38/
n43
n58/
n71/
n8/
n82
n93/
f120:dir:0
n15:129
d152:17
f234:17
d77:16
d141:14
n15:129
f93:18
d152:17
d101
d111
d135/
d141
d142/
d151/
d152
d168
d173/
d190/
d197/
d23/
d291
d39/
d4/
d48/
d54
d71/
d77
d78
d92/
f104/
f105/
f112/
f113/
f114/
f117
f120/
f122
f128/
f182/
f191/
f197/
f212
f214
f215/
f22/
f224/
f231
f234
f290/
f33
f37/
f46/
f50/
f61/
f78
f82/
f86
f93
n109/
n117/
n15
n38/
n43
n58/
n71/
n8/
n82
n93/
f120:dir:0
d101
d111
d135/
d141
d142/
d151/
d152
d168
d173/
d190/
d197/
d23/
d291
d39/
d4/
d48/
d54
d71/
d77
d92/
f104/
f105/
f112/
f113/
f114/
f117
f120/
f122
f128/
f182/
f191/
f197/
f212
f214
f215/
f22/
f224/
f231
f234
f290/
f33
f37/
f46/
f50/
f61/
f78
f82/
f86
f93
n109/
n117/
n15
n38/
n43
n58/
n71/
n8/
n82
n93/
Invalid operation
/n15
n15:167
f93:23
d152:17
Invalid operation
Invalid operation
Invalid operation
d139/
d230
d139/
d230
Invalid operation
n15:183
f93:23
d152:17
n15:-_l8xxxkqh.t1okixnv045utrk66oam2rf_q66u_mjx2.vagwoexdjwogw6t5jri9y114q1wtpq-dxw6j0qypjvvx5iyzy17zjr.z5_hwaq89mhqr2qa6g8l76p3wyv9xca6t7e2a3q xrwmc0vi-v4la7apl6vkzjt_ro1x9b0gfmxjub.to6h
Invalid operation
f93:00 00 00 00
n15:-_l8xxxkqh.t1okixnv045utrk66oam2rf_q66u_mjx2.vagwoexdjwogw6t5jri9y114q1wtpq-dxw6j0qypjvvx5iyzy17zjr.z5_hwaq89mhqr2qa6g8l76p3wyv9xca6t7e2a3q xrwmc0vi-v4la7apl6vkzjt_ro1x9b0gfmxjub.to6hx88fn2xf
n15:-_l8xxxkqh.t1okixnv045utrk66oam2rf_q66u_mjx2.vagwoexdjwogw6t5jri9y114q1wtpq-dxw6j0qypjvvx5iyzy17zjr.z5_hwaq89mhqr2qa6g8l76p3wyv9xca6t7e2a3q xrwmc0vi-v4la7apl6vkzjt_ro1x9b0gfmxjub.to6hx88fn2xf
Invalid operation
/n15
f120:dir:0
Invalid operation
Invalid operation
d101
d111
d135/
d141
d142/
d151/
d152
d168
d173/
d179
d190/
d197/
d23/
d291
d39/
d4/
d54
d71/
d77
d92/
f104/
f105/
f11
f112/
f113/
f114/
f117
f120/
f122
f128/
f191/
f197/
f212
f214
f215/
f22/
f224/
f231
f234
f263
f290/
f33
f46/
f50/
f61/
f78
f82/
f86
f93
n109/
n117/
n15
n43
n58/
n71/
n8/
n82
n93/
Invalid operation
Invalid operation
Invalid operation
n15:191
f93:23
d152:17
n15:191
f93:23
d152:17
n15:191
f93:23
d152:17
n15:-_l8xxxkqh.t1okixnv045utrk66oam2rf_q66u_mjx2.vagwoexdjwogw6t5jri9y114q1wtpq-dxw6j0qypjvvx5iyzy17zjr.z5_hwaq89mhqr2qa6g8l76p3wyv9xca6t7e2a3q xrwmc0vi-v4la7apl6vkzjt_ro1x9b0gfmxjub.to6hx88fn2xf
Invalid operation
n15:192
f93:23
d152:17
n15:-_l8xxxkqh.t1okixnv045utrk66oam2rf_q66u_mjx2.vagwoexdjwogw6t5jri9y114q1wtpq-dxw6j0qypjvvx5iyzy17zjr.z5_hwaq89mhqr2qa6g8l76p3wyv9xca6t7e2a3q xrwmc0vi-v4la7apl6vkzjt_ro1x9b0gfmxjub.to6hx88fn2xfxnap61i3nsf
d101
d111
d135/
d141
d151/
d152
d168
d173/
d179
d190/
d197/
d23/
d291
d39/
d4/
d54
d71/
d77
d92/
f104/
f105/
f11
f112/
f113/
f114/
f117
f120/
f122
f128/
f165
f191/
f197/
f212
f214
f215/
f22/
f224/
f231
f234
f263
f290/
f33
f41
f46/
f50/
f53/
f61/
f78
f82/
f86
f93
n109/
n117/
n15
n43
n58/
n71/
n8/
n82
n93/
f93:ED F8 0C 00
f113/
└── n73
n73
Invalid operation
n15:-_l8xxxkqh.t1okixnv045utrk66oam2rf_q66u_mjx2.vagwoexdjwogw6t5jri9y114q1wtpq-dxw6j0qypjvvx5iyzy17zjr.z5_hwaq89mhqr2qa6g8l76p3wyv9xca6t7e2a3q xrwmc0vi-v4la7apl6vkzjt_ro1x9b0gfmxjub.to6hx88fn2xfxnap61i3nsf
d101
d111
d135/
d141
d151/
d152
d168
d173/
d179
d190/
d197/
d23/
d291
d39/
d4/
d54
d71/
d77
d92/
f104/
f105/
f11
f112/
f113/
f114/
f117
f120/
f122
f128/
f165
f191/
f197/
f212
f214
f215/
f22/
f224/
f231
f234
f263
f290/
f33
f41
f46/
f50/
f53/
f61/
f78
f82/
f86
f93
n109/
n117/
n15
n43
n58/
n71/
n8/
n82
n93/
n15:202
f93:23
d152:17
d62
n73
d62
n73
d62:txt:5
d170
n97
Invalid operation
f93:0C 00 00 00 00
d170
d28
n97
Invalid operation
Invalid operation
Invalid operation
f93:00 00
n15:202
f93:21
d152:17
d229
n15:202
f93:19
d152:17
Invalid operation
/n82
Invalid operation
n15:-_l8xxxkqh.t1okixnv045utrk66oam2rf_q66u_mjx2.vagwoexdjwogw6t5jri9y114q1wtpq-dxw6j0qypjvvx5iyzy17zjr.z5_hwaq89mhqr2qa6g8l76p3wyv9xca6t7e2a3q xrwmc0vi-v4la7apl6vkzjt_ro1x9b0gfmxjub.to6hx88fn2xfxnap61i3nsf
Invalid operation
Null
/n15
f222/
n51/
Invalid operation
/n15
Invalid operation
f93:0E 71 7F 34
f30/
f30:dir:0
Invalid operation
f93:5C B2 99 21 81 18 0E 71 7F 34 C1
f93:03 E0
Invalid operation
Invalid operation
d117/
n9/
Invalid operation
Invalid operation
/d71/f222/d256
Invalid operation
f93:0E 71 7F 34 C1 00 FA 1D
Invalid operation
d117/
d117:dir:0
Invalid operation
Invalid operation
f93:0B 03 B2 2A
n110/
d256:myhm9i33eu2ot6rl4y
Invalid operation
f288/
f293
n110/
Invalid operation
d239/
d24
f288/
n110/
n42/
/d71/f222/d256
Invalid operation
d202/
d43/
n34/
Invalid operation
d235/
n101
n103
n101
n103
n101:10
n103:3
n106:0
Invalid operation
d1/
d213
d256
d69
f109
f218/
f236
f30/
n70
f93:7D 1D 76
d150:i6g9xrbx.rze0u7
d150:15
d138:13
f93:C2
f93:06 FE 82 FE 85 0B 76 0C FF 39 B4 43 21 75 8C F1 71 7F C2 77 4A D7 2B 7D 1D 76 09 45 76
d142
Invalid operation
d142:zm6n-m3
d87:bin:2
n119/
n119/
└── d179
d179:md:0
f93:F1 71 7F C2 77 4A D7 2B 7D 1D 76 09 45 76 C0 00
d150:i6g9xrbx.rze0u7
Invalid operation
d150:i6g9xrbx.rze0u7
f93:21 75 8C F1 71 7F C2 77
f93:39 B4
Invalid operation
Null
n32:dir:0
d189/
d150:i6g9xrbx.rze0u74lg9x8.0y.a
Invalid operation
f93:75 8C F1 71 7F C2 77 4A D7 2B 7D 1D 9D
f93:D7 2B 7D 1D 9D EB 7E 76 64 02 C1 F4
Invalid operation
Invalid operation
Invalid operation
d150:i6g9xrbx.rze0u74lg9x8.0y.axe-hjtjuyx
d150:i6g9xrbx.rze0u74lg9x8.0y.axe-hjtjuyx
f238: o2t8ow7r04hy0o8
/d71/f222/f218/f177/n119/n32/f238
Invalid operation
Invalid operation
f93:51 F0 E7
Null
Null
Invalid operation
n32:dir:0
n32/
f288:vtw2q9hgl_hki 4bcb 00o2
Invalid operation
Invalid operation
f93:B4 8A 43 9B E8 37 75 45 6D 4B F3 03 7B 7D 6C 4E 42 DA 76 00
f93:4E 42 DA 76 00 00 00 00 14 19 FC 9B 99
n32/
├── d54/
└── n114
Invalid operation
Invalid operation
n32/
├── d10
├── d54/
└── n114
n114:txt:18
Invalid operation
d1
d291
d51/
Invalid operation
d1
d221/
d291
d51/
f137/
f17
f229
n103
d1
d221/
d291
d51/
f137/
f17
f229
n103
d1
d221/
d291
d51/
f137/
f17
f229
n103
/d71/f222/f218/f177/n119/n32/d54/d1
/d71/f222/f218/f177/n119/n32/d54/d1
Null
Invalid operation
n78:92
Invalid operation
d10
d26
d54/
f291
n114
/d71/f222/f218/f177/n119/n32/n114
Invalid operation
d10
d26
d54/
f291
n114
f229:5F
n78:bin:2
Invalid operation
Invalid operation
/d71/f222/f218/f177/n119/n32/d54/d221/n78
Invalid operation
/d71/f222/f218/f177/n119/n32/d54/d221/f22/f249
/d71/f222/f218/f177/n119/n32/d54/f249
Invalid operation
Invalid operation
Invalid operation
Invalid operation
Invalid operation
Null
d114/
d260
d260:txt:13
d114/
d260
Invalid operation
Invalid operation
f274
/d71/f222/f218/f177/n119/n32/d54/d221/f22/d210/d114/f274
f274:52 03 2C
d245:84 A7 9F 3E C2 03 00
Invalid operation
f255:bin:2
Invalid operation
Invalid operation
Invalid operation
f221
Invalid operation
d154/
f221
/d71/f222/f218/f177/n119/n32/d54/d221/f22/d210/d114/d20/f221
f198/
Invalid operation
Invalid operation
f58/
Invalid operation
f198/
f58/
n31
f112:4
f281:B3 14
Invalid operation
Invalid operation
d184
d256/
d293/
f281
d154
d184
d256/
d293/
f281
Invalid operation
Invalid operation
Invalid operation
d184
d293/
d52/
f281
n5
f281:6E
d184
d293/
d52/
f281
n5
n5:13 64 83
d184
d293/
d52/
n5
n5:83
Invalid operation
n5:7
d293/
d295/
n5
Invalid operation
Invalid operation
n5:10
d245:10
Invalid operation
d260:3s15s0v60zwax_avr-gg7lyhm6z
Invalid operation
/d71/f222/f218/f177/n119/n32/d54/d221/f22/d210/d114/d195
Invalid operation
f235:dir:0
d80
f101
Invalid operation
Invalid operation
Invalid operation
d157/
d198
d80
n10
f43/
├── d157/
├── d198
├── d80
└── n10
d245:28
d198:g04i03p1w3y9ekfibtbtk
Invalid operation
Invalid operation
f78:6E 98 F8 65 0E
Invalid operation
d114/
├── d195
├── d244/
├── d78/
├── f191/
├── f222
├── f282/
├── f43/
│   ├── d157/
│   │   ├── d0
│   │   └── d54
│   ├── d198
│   ├── d80
│   ├── f78
│   └── n10
├── f58
└── f62
Null
d244:dir:0
d195:g6seuyjq74ex
d195
d221/
d244/
d78/
f191/
f222
f282/
f43/
f62
n86/
d195
d221/
d244/
d78/
d98/
f191/
f282/
f43/
f62
n86/
/d71/f222/f218/f177/n119/n32/d54/d221/f22/d210/d114/d195
Invalid operation
Invalid operation
Invalid operation
d114/
d283
d114/
d130/
f150
n19
n72
Invalid operation
Invalid operation
d114:dir:0
Invalid operation
Invalid operation
d195
d221/
d244/
d288
d78/
d82/
f191/
f282/
f38/
f43/
f62
n112
n54
n86/
Invalid operation
Invalid operation
Invalid operation
Invalid operation
d195
d221/
d244/
d288
d78/
d82/
f191/
f282/
f33
f38/
f43/
f62
n112
n54
n58
n86/
d195
d221/
d244/
d288
d78/
d82/
f191/
f282/
f33
f38/
f43/
f62
n112
n54
n58
n86/
Invalid operation
Invalid operation
Invalid operation
Invalid operation
n54:3F
n54:DF
n24: c3kxji68ol07yjx0730i
n54:B8 45
Invalid operation
f193
n24
n24:md:21
d156:F1
d156:F1 00
d156:DF F1
Null
d156:00 00 00
Invalid operation
Invalid operation
Invalid operation
Invalid operation
d156
d45/
f35/
f46
n54:23
Invalid operation
Invalid operation
d244:dir:0
d190
d195
d242
d244/
d288
d78/
d82/
f191/
f195/
f282/
f33
f38/
f43/
f62
n109/
n112
n54
n58
n88
Invalid operation
Invalid operation
d245:AF FA 5C
Invalid operation
d114/
d130/
f150
n72
d130:dir:0
Invalid operation
d114/
d130/
f114/
f150
n72
Null
f277:
f277
f10/
f277
f53
n116/
n77/
n93
f10/
f277
f53
n116/
n77/
n93
f277:txt:6
f277:16
n93:11
d245:59 AD 52
Invalid operation
Invalid operation
Invalid operation
Invalid operation
d130/
├── d43/
├── d55/
├── f277
├── n116/
├── n77/
└── n83/
Invalid operation
d43/
d55/
f277
n116/
n77/
n83/
f277:txt:17
f277:txt:17
d130/
├── d43/
├── f218/
├── f277
├── n116/
├── n77/
└── n83/
Invalid operation
f277:txt:17
f277:1b9jffrg74j97nepx
f277:1b9jffrg74j97nepx
f277:1b9jffrg74j97nepx-srakgng
f24/
n103/
d177
d43/
f114/
f277
n77/
n83/
f277:25
Invalid operation
d177
d43/
d66
d82
d99
f114/
f277
n77/
n83/
n93
n72:3dnequ1plqd059t
d245:D0 00
n72:3dnequ1plqd059t
d114/
d130/
f114/
f144
f150
n72
d244:dir:0
Invalid operation
Invalid operation
d244:dir:0
/d71/f222/f218/f177/n119/n32/d54/d221/f22/d210/d114/n54
Invalid operation
Invalid operation
Invalid operation
Invalid operation
Invalid operation
Invalid operation
Invalid operation
Invalid operation
n54:23
Invalid operation
Invalid operation
d114/
d130/
f114/
f144
f150
n72
d114/
d130/
f114/
f144
f150
f32
n72
f32:8D
d264:dir:0
d245:69 68 06 96 B1 32
d264:dir:0
d114
d210/
d245
d264/
f211
f216
d245:8D
d114
d190/
d210/
d245
d264/
f211
f216
d190/
d210/
d245
d267/
f216
f289/
d245:D0 00 BF 18 76 D9 53 69 68 24 86 2F 32 B9 72 6E 8F 99 8D 42 59 52
Invalid operation
Invalid operation
n78:bin:22
n78:22
f176:11
f118/
f176
f22/
n78
Invalid operation
n78:F6 EB
d132/
d190/
d210/
d267/
d281
f216
f289/
d132/
d190/
d210/
d267/
d281
d91
f216
Invalid operation
d132/
d190/
d210/
d260
d281
d91
f128
f154
f257
d132/
d210/
d211/
d260
d281
d45/
d91
f128
f154
f257
Invalid operation
d132/
d143/
d176
d210/
d211/
d260
d274
d281
d45/
d91
f128
f154
f257
Invalid operation
Invalid operation
Null
d176
d209
d211/
d260
d274
d281
d45/
d91
f128
f154
f257
d281:txt:14
d176
d209
d211/
d260
d274
d281
d45/
d91
f128
f154
f257
d176
d209
d211/
d260
d274
d281
d45/
d91
f128
f154
f257
d281:txt:14
d281:txt:24
Invalid operation
Invalid operation
d281:ok2xxsfiyomypqqwk0 ublrx
d281:txt:24
Invalid operation
d281:ok2xxsfiyomypqqwk0 ublrx
d281:ok2xxsfiyomypqqwk0 ublrx
d281:txt:24
Invalid operation
Invalid operation
d281:ok2xxsfiyomypqqwk0 ublrx
d119/
d176
d198
d209
d244/
d260
d274
d281
d45/
d75/
d91
f128
f154
f257
f71
d119/
d176
d198
d209
d244/
d260
d274
d281
d45/
d75/
d91
f128
f154
f257
f71
d119/
d176
d198
d209
d244/
d260
d274
d281
d45/
d75/
d91
f128
f154
f257
f71
d281:ok2xxsfiyomypqqwk0 ublrx
d281:24
d198:15
Invalid operation
d119/
d176
d198
d209
d244/
d260
d274
d281
d45/
d75/
d91
f128
f154
f174
f257
f71
Invalid operation
d176:72 00
Invalid operation
Invalid operation
Invalid operation
d176
d209
d244/
d274
d281
d45/
d75/
d91
f128
f154
f257
f50/
f71
d299:txt:6
d176:AD
d299:6p03pt
f22/
├── d176
├── d209
├── d244/
├── d281
├── d45/
├── d75/
├── d91
├── f154
├── f257
├── f282
├── f50/
├── f71
├── f72/
│   ├── d175
│   ├── d299
│   └── n79
└── n116
d299:6p03pt
d175
d299
f157
n79
n79:D7
d176:AD 75
Invalid operation
d176:14 59 1F 70 DE E5 30 D3 58 71 2B C3 BE 09 86
d0/
d176
d209
d244/
d281
d45/
f154
f257
f282
f72/
n116
n53/
Invalid operation
d176
d209
d244/
d281
d45/
d50
f154
f257
f282
f72/
n116
n53/
d281:39
d176:21
d50:17
f154:14
n116:12
d209:6
f257:0
d281:39
d176:21
d50:17
d176
d209
d244/
d281
d45/
d50
f154
f257
f282
f72/
n116
n53/
d176
d209
d244/
d281
d45/
d50
f154
f257
f282
f72/
n116
n53/
Invalid operation
d176:F4 48 14 59 1F 70 DE E5 30 D3 58 71 2B BD BE 09 86 E6 B1 5D 14
d132/
d162
d163
d299
f157
n79
d299:6p03pt
Invalid operation
Invalid operation
d132/
d162
d163
d299
f157
f57/
n79
Invalid operation
d132/
d162
d163
d299
f57/
n63/
d299:6p03pt
d299:6p03ptvnx8n-mo
Invalid operation
d176:BD
d176
d209
d244/
d45/
d50
f154
f257
f282
f72/
n116
n53/
f257:txt:0
d176:59 18 74 DE E5 30 D3 58 71 2B BD BE 09 86 E6
f257:txt:0
d176:D3 58 71 2B BD
f22/
├── d125/
├── d131/
├── d161/
├── d176
├── d209
├── d4/
├── d50
├── f154
├── f257
├── f282
├── n104
├── n36
└── n53/
d176:26
d125/
d161/
d176
d2
d209
d4/
f154
f257
f273
f282
n104
n53/
d125/
d161/
d176
d2
d209
d4/
f154
f257
f273
f282
n104
n53/
Invalid operation
Null
f6
f6
f210
n112
f210
n112
f210
n112
n99
d176:E6 18 AD E6 C6 42 AA 7A
Invalid operation
Invalid operation
Invalid operation
d176:25
f154:14
d2:9
f257:8
d209:6
Invalid operation
f154:txt:14
d176:C3 D3 58 71
d176:18 AD E6 C6 42
Invalid operation
f154:iowkwog_pzj5irxp u.t49vy9_adpg
Invalid operation
Invalid operation
Invalid operation
Invalid operation
d176:F4 48 14 AE 5B 08 86 93 C3 D3 11 61 3E E3 BB 32 86 E6 18 AD E6 C6 A0 E7
f115:txt:0
d112
d215/
f115
f260/
Invalid operation
d176:F4 48 14 AE 5B 08 86 93 C3 D3
Invalid operation
Invalid operation
d125/
d146/
d155
d161/
d176
d197
d2
d209
d211
d4/
f100
f154
f257
f273
f282
f289
n104
n53/
/d71/f222/f218/f177/n119/n32/d54/d221/f22/f154
f154:43
d155:15
n107:15
d2:9
f100:8
f257:8
d107/
d125/
d146/
d155
d165
d197
d2
d209
d211
d4/
f100
f127/
f154
f257
f273
f282
f289
n104
n107
n53/
d107/
d125/
d146/
d155
d165
d197
d2
d209
d211
d4/
f100
f127/
f154
f257
f273
f282
f289
n104
n107
n53/
Invalid operation
n104:AC
Invalid operation
d107/
d125/
d155
d165
d197
d2
d209
d211
d4/
d96/
f100
f127/
f154
f237/
f257
f259/
f273
f282
f289
n104
n107
n53/
d107/
d125/
d155
d197
d2
d209
d211
d4/
d96/
f100
f127/
f154
f237/
f257
f259/
f273
f282
f289
f58
f72
n104
n107
n33
n53/
Invalid operation
n104:66 A4 EF 4E
Null
Null
n104:AB 8E
d47:dir:0
n116:hu3zum18
f154:iowkwog_pzj5irxp u.t49vy9_adpgql9fbku5qzissyn5hlm.6k02x.x7
Invalid operation
d168
d189
f160/
f282
f284:34
f284:04 34
f284:34
Invalid operation
f46:txt:0
f46:txt:0
f46
Invalid operation
Invalid operation
f46
Invalid operation
Invalid operation
f160/
└── f20/
f160/
└── f20/
f20:dir:0
f284:00
Invalid operation
d168:9b7yx2o wvu-fy-eo
Invalid operation
Invalid operation
f20/
n114
Invalid operation
/d71/f222/f218/f177/n119/n32/d54/d221/f22/d107/d47/f160/d109
Invalid operation
Invalid operation
Invalid operation
f293/
Invalid operation
/d71/f222/f218/f177/n119/n32/d54/d221/f22/d107/d47/d168
/d168
Invalid operation
/d71/f222/f218/f177/n119/n32/d54/d221/f22/d107/d47/d168
/d168
Invalid operation
d226
f129
f293/
f95/
/d71/f222/f218/f177/n119/n32/d54/d221/f22/d107/d47/f160/f129
n70/
Invalid operation
f129:4_k41u0tgy7lxeuic0.v0lig
f293:dir:0
Invalid operation
Invalid operation
/d71/f222/f218/f177/n119/n32/d54/d221/f22/d107/d47/f160/f129
Invalid operation
f284:E7 B6 D0 83
d195/
f190/
├── d153
└── d195/
d153:txt:4
f284:00 00 00 F4 7E E7 B6 D0
Invalid operation
f293:dir:0
f293:dir:0
d226
f129
f190/
f293/
f95/
n16/
f293:dir:0
d226
f129
f190/
f293/
f95/
n16/
Invalid operation
d226
f129
f170
f190/
f293/
f40/
f95/
n16/
Invalid operation
f284:00 00 00 00 F4 7E
f293:dir:0
Invalid operation
f170:oho4xbk4dk9x1q94cxwh918vc
f70:92
Invalid operation
Invalid operation
f70:EF
d77:12
f70:11
f31:7
d2:3
d31:2
f60:0
f70:CB
d114
d197
d2
d77
f130/
f165/
f293/
f31
f60
f70
n44/
f70:EF
Invalid operation
Invalid operation
d197
d2
d77
f130/
f60
f70
f94
n44/
d197
d2
d77
f130/
f226/
f296
f60
f70
n44/
f60:md:0
d168:9b7yx2o wvu-fy-eolnhy66t_5m_mip0
d196/
f151/
f60:7mz2wb
Invalid operation
n31/
Invalid operation
n99:2
Invalid operation
Invalid operation
Invalid operation
Invalid operation
f70:88 32 C9 00 00
Invalid operation
d111/
n42
Invalid operation
d276:00
d197
d2
d77
f130/
f226/
f296
f60
f70
n106
n5
n82/
f60:md:28
f70:F0 24 05 00 00 00 00 00 00 00 EB
Invalid operation
f60:md:44
Invalid operation
/d71/f222/f218/f177/n119/n32/d54/d221/f22/d107/d47/f160/f60
d18
d2
d259/
d77
f130/
f172
f226/
f60
f70
n5
n82/
f160/
├── d18
├── d19/
├── d2
├── d259/
├── d77
├── f130/
│   ├── d111/
│   ├── d276
│   ├── d65/
│   ├── f0/
│   ├── f165/
│   ├── f178
│   ├── f242
│   └── n42
├── f172
├── f226/
├── f60
├── f70
├── n5
└── n82/
d142/
f60:7mz2wbfi3ndxx7k6y n9w54k d1aru7eygi_ty0-juaussh
Invalid operation
Invalid operation
Invalid operation
Invalid operation
d269:67 4E
d269
d70
n65
/d71/f222/f218/f177/n119/n32/d54/d221/f22/d107/d47/f160/f60
/d71/f222/f218/f177/n119/n32/d54/d221/f22/d107/d47/f160/f226/f234
/f234
f60:md:60
/d71/f222/f218/f177/n119/n32/d54/d221/f22/d107/d47/f160/f60
n92
d18
d19/
d2
d259/
d77
f130/
f172
f226/
f60
f70
f87
n5
n82/
Invalid operation
f70:00 EB
f60:7mz2wbfi3ndxx7k6y n9w54k d1aru7eygi_ty0-juaussh-g7wfw9e10ws8
f60:md:60
d168:32
f284:28
f282:11
Invalid operation
d168:9b7yx2o wvu-fy-eolnhy66t_5m_mip0
Invalid operation
/d71/f222/f218/f177/n119/n32/d54/d221/f22/d107/d47/d168
/d168
Invalid operation
Invalid operation
f284:34 1F 36 9A 93 00 00 00 5E 16 00 00 F4 7E E7 5F 7A 24
d168
d189
d222
d264
f160/
f282
f284
Invalid operation
Invalid operation
d18
d19/
d2
d259/
d5
d75/
d77
f130/
f172
f191/
f226/
f60
f70
f87
n5
n82/
Invalid operation
Invalid operation
f70:37 24 05 00 00 00 00 31 00
f70:bin:37
Invalid operation
f70:37 24 05 00 00 00 00 31 00 00 EB 00 00 FB 00 00
Invalid operation
n21/
n21/
f183
n21/
Invalid operation
Invalid operation
f70:35
d18:12
Invalid operation
Invalid operation
d18
d19/
d2
d250/
d5
d75/
d77
f130/
f172
f191/
f224/
f226/
f70
f87
n82/
Invalid operation
/d71/f222/f218/f177/n119/n32/d54/d221/f22/d107/d47/f160/f70
Invalid operation
Invalid operation
/d71/f222/f218/f177/n119/n32/d54/d221/f22/d107/d47/f160/d75/d204
d79/
d195:zpqv-13vplvrx05w
Invalid operation
d195:16
Invalid operation
f142
d204:C7 98 E9 8D BC 5C 0F C0 00 00 A2
Invalid operation
Invalid operation
d195:zpqv-13vplvrx05wezxng.3k-7x-t7x
Invalid operation
d195
d79/
d204:61 78
d79:dir:0
Invalid operation
d124
d195
d79/
n112/
f176:C4
/d71/f222/f218/f177/n119/n32/d54/d221/f22/d107/d47/f160/d75/f113/f288
/d71/f222/f218/f177/n119/f288
/d71/f222/f218/f177/n119/n32/d54/d221/f22/d107/d47/f160/d75/f113/f288
/d71/f222/f218/f177/n119/f288
Invalid operation
f288:auxxdyj.e
Null
d117
d203/
d43
f253/
f288
n32/
n90
d117
d203/
d43
f253/
f288
n32/
n90
Null
d117
d203/
d43
f253/
f288
n32/
n90
f288:txt:23
Invalid operation
d117
d145/
d22
d43
f0/
f253/
f288
n90
Invalid operation
Invalid operation
Invalid operation
f288:auxxdyj.e4-xia 55ex7q30gfwjrco
n103/
Invalid operation
d59:8
Invalid operation
d258
d59
d59
Invalid operation
Invalid operation
Invalid operation
/d71/f222/f218/f177/n119/n32/d54/d221/f22/d107/d47/f160/d75/f113/f253/d67/f129
Invalid operation
f129
n103/
f129:r
Invalid operation
f147:C4
n112/
f147:56 F2 66 61
d209:
n112/
Invalid operation
n112:dir:0
f133:7
f57:7
Invalid operation
Invalid operation
Invalid operation
Null
n112:dir:0
Invalid operation
n112:dir:0
n103:dir:0
Invalid operation
Invalid operation
Invalid operation
f57:yvjzf31
d16
f230
f34/
f57
n112/
Invalid operation
n54:dir:0
n47:dir:0
f57:yvjzf31
Invalid operation
d148
d199/
d284/
d290/
n47/
d148:06
Invalid operation
d148
d199/
d284/
d290/
d296
d141/
d141/
Invalid operation
d148:45 D7 A1 EF F6 21 31 8A
Null
/d71/f222/f218/f177/n119/n32/d54/d221/f22/d107/d47/f160/d75/f113/f253/d67/n103/f34/d290/f24
Invalid operation
/d71/f222/f218/f177/n119/n32/d54/d221/f22/d107/d47/f160/d75/f113/f253/d67/n103/f34/d290/f24
d141/
f24
f28
f79/
n11/
d148:04
f24:bin:11
Invalid operation
Invalid operation
/d71/f222/f218/f177/n119/n32/d54/d221/f22/d107/d47/f160/d75/f113/f253/d67/n103/f34/d290/f24
f24:11
f28:1
Invalid operation
f24:20
f88:17
f28:1
Invalid operation
Invalid operation
f88:17
d148:E7 00 00 48 1E
n11:dir:0
d284:dir:0
Invalid operation
d290/
├── d236
├── d37/
├── f125/
├── f20
├── f28
├── f283/
├── f79/
├── f88
├── f97/
└── n11/
Invalid operation
/f117
f28:tx
Invalid operation
Invalid operation
Invalid operation
Invalid operation
Invalid operation
f11/
n1
n21/
f11/
n1
n21/
/d71/f222/f218/f177/n119/n32/d54/d221/f22/d107/d47/f160/d75/f113/f253/d67/n103/f34/d290/n11/n1
Invalid operation
Invalid operation
f11/
Invalid operation
Invalid operation
n1:9D 73 1A A0 8B
d136/
d187:2
d136/
d187
d10:0
d10
d136/
d21
d10:
Invalid operation
d136:60_6.i.vz
Invalid operation
/d71/f222/f218/f177/n119/n32/d54/d221/f22/d107/d47/f160/d75/f113/f253/d67/n103/f34/d290/n11/n1
d256:C4 AA
Invalid operation
d256
/d71/f222/f218/f177/n119/n32/d54/d221/f22/d107/d47/f160/d75/f113/f253/d67/n103/f34/d290/n11/n1
f11/
f28:tx
Invalid operation
Invalid operation
n1:94 82
d269:C5
d269
Invalid operation
Invalid operation
/d71/f222/f218/f177/n119/n32/d54/d221/f22/d107/d47/f160/d75/f113/f253/d67/n103/f34/d290/n11/n1
f268/
Invalid operation
Invalid operation
n1:94
d172/
f268/
Invalid operation
Invalid operation
Invalid operation
Invalid operation
Invalid operation
d128/
f149
f179
f244
f149:8
f244:1
f179:0
Invalid operation
d122:7
n1:8B 9D A1 60 14 F2
n1:8C
f149:txt:8
f149:.yxruna0
Invalid operation
Invalid operation
Invalid operation
f129/
f149
f11/
├── f129/
│   └── n117
└── f149
f149:.yxruna0-nmnz9d4xhzmdaq5
f129/
f149
f16
f11/
├── f129/
│   └── n117
└── f149
Invalid operation
f11/
├── f129/
│   └── n117
└── f149
f129/
f149
n1:B4 35 FB B6 59 1A
f129/
f149
Invalid operation
n1:1A A0 8B B0 7F 1A F3 3A
Invalid operation
Invalid operation
Invalid operation
Invalid operation
Invalid operation
n1:8B B0 7F 1A F3 3A 84 B7 B4
Invalid operation
f133
f133:txt:0
f133
Invalid operation
Invalid operation
Invalid operation
Invalid operation
n1:B0 7F 1A F3 3A 84 B7 B4 35 FB B6 59 1A 79 96 58
Invalid operation
Invalid operation
f11/
├── d126/
├── d269
├── d61/
├── f100/
├── f129/
│   └── n117
├── f177/
│   └── d129
├── f77/
├── n84/
└── n97/
Invalid operation
/d71/f222/f218/f177/n119/n32/d54/d221/f22/d107/d47/f160/d75/f113/f253/d67/n103/f34/d290/n11/f11/d269
d126/
d265
d269
d67/
f100/
f129/
f177/
f77/
n84/
n97/
d126/
d265
d269
d67/
f100/
f129/
f177/
f77/
n84/
n97/
d126/
d269
d67/
f100/
f129/
f177/
f77/
n84/
n97/
Invalid operation
/d71/f222/f218/f177/n119/n32/d54/d221/f22/d107/d47/f160/d75/f113/f253/d67/n103/f34/d290/n11/f11/d269
Invalid operation
f86:2
Invalid operation
Invalid operation
f87:00
Invalid operation
Invalid operation
Invalid operation
Invalid operation
d269:00
Invalid operation
Invalid operation
/d71/f222/f218/f177/n119/n32/d54/d221/f22/d107/d47/f160/d75/f113/f253/d67/n103/f34/d290/n11/f11/f77/d238
d238
d65/
f213/
Invalid operation
Invalid operation
d269:51
d238
d65/
f213/
d238
d65/
f213/
f274/
Invalid operation
Invalid operation
Invalid operation
d2
d238
d65/
d89/
f213/
Invalid operation
Invalid operation
d238
d65/
d89/
d269:51 20 02 00 B2 E1
d269:AD
Invalid operation
Invalid operation
Invalid operation
Invalid operation
f11:dir:0
Invalid operation
Invalid operation
d141
d28
f11/
f97
n1
n19
n93/
f11:dir:0
d28:B0 C6
d141
d28
f11/
f97
n93/
Invalid operation
d148:C8
Invalid operation
Invalid operation
Invalid operation
d141
d180
d254/
d28
d297/
f11/
f222
f97
n30/
n52
Invalid operation
d141
d155/
d240
d254/
d28
d286/
d297/
d63
f101/
f11/
f222
f295
f97
n30/
d28:63 00 06 9A
n11/
├── d141
├── d155/
├── d254/
├── d28
├── d286/
├── d297/
├── d63
├── f101/
├── f11/
│   ├── d126/
│   ├── d269
│   ├── d9/
│   ├── f100/
│   │   └── f87
│   ├── f129/
│   │   └── n117
│   ├── f177/
│   │   └── d129
│   ├── f77/
│   │   ├── d279
│   │   ├── d65/
│   │   └── d89/
│   ├── n84/
│   └── n97/
├── f222
├── f295
├── f97
└── n30/
Invalid operation
d141
d155/
d254/
d28
d286/
d297/
d63
f101/
f222
f295
f97
n30/
Invalid operation
Invalid operation
Invalid operation
d141
d155/
d156
d254/
d265/
d28
d286/
d297/
d63
f101/
f148/
f21/
f267
f97
Invalid operation
Invalid operation
Invalid operation
d141
d155/
d156
d254/
d265/
d28
d286/
d297/
d63
f101/
f148/
f21/
f267
f97
n53/
/d71/f222/f218/f177/n119/n32/d54/d221/f22/d107/d47/f160/d75/f113/f253/d67/n103/f34/d290/n11/d28
d28:20
d28:00 00
d141
d155/
d156
d254/
d265/
d28
d286/
d297/
d63
d87
f101/
f135
f148/
f21/
f240
f267
f97
n53/
n59/
d141
d155/
d156
d265/
d28
d286/
d68/
d87
f101/
f148/
f21/
f240
f267
f93
f97
n53/
n59/
/d71/f222/f218/f177/n119/n32/d54/d221/f22/d107/d47/f160/d75/f113/f253/d67/n103/f34/d290/n11/d28
Invalid operation
Invalid operation
Invalid operation
f28:tx9ekx5p8c9q
Invalid operation
Invalid operation
f216/
f83/
n105
Invalid operation
n105:15
Invalid operation
Invalid operation
Invalid operation
Invalid operation
Invalid operation
n91:01 C5
/d71/f222/f218/f177/n119/n32/d54/d221/f22/d107/d47/f160/d75/f113/f253/d67/n103/f34/d290/f79/n105
n91:00 00
f83:dir:0
Null
d14/
d177/
f208/
f216/
f83/
n105
n76/
n89
d24:dir:0
f294:go9ww-9me4twt_0
Invalid operation
d24/
n91:00 00
d148:8A 06
d148
d199/
d252
d284/
d290/
d296
f108/
Invalid operation
Invalid operation
Invalid operation
d148:25
d252:15
d148
d199/
d252
d284/
d290/
d296
n77/
Invalid operation
Invalid operation
Invalid operation
f147:AB A9 39 0A 28 57
d296:sg35zw4
d135/
d199/
d252
d290/
d296
f135
f166/
f59/
n77/
f147:A4
d135/
d199/
d252
d290/
d296
f114
f166/
f2
f218/
n77/
d103:93 35 66
Invalid operation
d103
d135/
d199/
d219
d252
d290/
d296
f114
f166/
f2
f209
f218/
n77/
Invalid operation
d199:dir:0
Invalid operation
d294/
Invalid operation
Null
f216/
f230
f34/
f57
n112/
Invalid operation
n112:dir:0
Invalid operation
Invalid operation
f147:06 AB 9C C1 C5 05 E4 FE 59 00 76 24 41
d103
d135/
d147
d199/
d204
d235
d290/
d296
d80/
f114
f150/
f166/
f209
f218/
f287/
f8
n36
n77/
f57:23
d241:10
n112:dir:0
/d71/f222/f218/f177/n119/n32/d54/d221/f22/d107/d47/f160/d75/f113/f253/d67/n103/f57
d103:A8 92 35
Invalid operation
/d71/f222/f218/f177/n119/n32/d54/d221/f22/d107/d47/f160/d75/f113/f253/d67/n103/f34/d296
Invalid operation
f166/
Invalid operation
d103:7B 19 5E
d157/
n106/
/d71/f222/f218/f177/n119/n32/d54/d221/f22/d107/d47/f160/d75/f113/f253/d67/n103/f34/d296
Invalid operation
Invalid operation
Invalid operation
Invalid operation
d176:7
Invalid operation
d220:18
d220
Invalid operation
/d71/f222/f218/f177/n119/n32/d54/d221/f22/d107/d47/f160/d75/f113/f253/d67/n103/f34/d296
Invalid operation
Invalid operation
d103
d147
d199/
d204
d226/
d290/
d294
d296
d80/
f100
f114
f150/
f166/
f209
f218/
f287/
f8
n36
n41
n59/
Invalid operation
d199:dir:0
Invalid operation
d283
Invalid operation
Invalid operation
Invalid operation
d283:15
Invalid operation
Invalid operation
d117
d216
d283
d62
d91
d96/
f37/
f63/
n61/
/d71/f222/f218/f177/n119/n32/d54/d221/f22/d107/d47/f160/d75/f113/f253/d67/n103/f34/d226/d283
Invalid operation
d283:bin:8
d62:13
d91:11
d283:8
d216:6
d117:3
d103
d147
d199/
d204
d226/
d290/
d294
d296
d80/
f100
f114
f126/
f150/
f166/
f209
f218/
f287/
f8
n36
n41
n59/
d117
d178/
d216
d237/
d281/
d283
d62
d91
d96/
f63/
n61/
d117:16
d62:13
f297:11
d216:6
d117
d193
d216
d281/
d62
d96/
f129
f297
f63/
d220:5abl exd8
f100/
Invalid operation
d117:txt:27
Invalid operation
d200/
d259/
/d71/f222/f218/f177/n119/n32/d54/d221/f22/d107/d47/f160/d75/f113/f253/d67/n103/f34/d226/d281/n3
f129:97 54 00 00 62 E3
f129:54 00
n3:11
d289/
n3
/d71/f222/f218/f177/n119/n32/d54/d221/f22/d107/d47/f160/d75/f113/f253/d67/n103/f34/d226/d281/f262
Invalid operation
d289:dir:0
n18:16
Invalid operation
Invalid operation
d110
f262
f297
n12/
n18
n88
/d71/f222/f218/f177/n119/n32/d54/d221/f22/d107/d47/f160/d75/f113/f253/d67/n103/f34/d226/d281/f262
d110
f262
f297
f82/
n12/
n18
n88
d110
f262
f297
f82/
n12/
n18
n88
Invalid operation
f262:84w5.jh28nan
f132
/d71/f222/f218/f177/n119/n32/d54/d221/f22/d107/d47/f160/d75/f113/f253/d67/n103/f34/d226/d281/f262
n88:54 2C 93 5C
Invalid operation
d110
f262
f297
f82/
n12/
n18
n88
Invalid operation
f262:18
n88:18
n18:16
f297:7
d110:0
d110
f262
f297
f82/
n12/
n18
n88
d203:dir:0
d110
d116/
d280/
f231
f262
f297
f82/
n12/
n88
Invalid operation
Invalid operation
Invalid operation
/d71/f222/f218/f177/n119/n32/d54/d221/f22/d107/d47/f160/d75/f113/f253/d67/n103/f34/d226/d281/n88
d110
d116/
d280/
d293/
f231
f262
f297
f82/
n12/
n88
n93/
Invalid operation
Invalid operation
Invalid operation
n88:4D
Invalid operation
Invalid operation
d203:14
Invalid operation
/d71/f222/f218/f177/n119/n32/d54/d221/f22/d107/d47/f160/d75/f113/f253/d67/n103/f34/d226/d281/n88
f212:dir:0
Invalid operation
Invalid operation
f212/
d274/
d288/
n78
n78:d0
d288/
f41/
n78
n85/
d288/
f41/
n78
n85/
n78:18
Invalid operation
d102
f212/
Null
Null
d110
d116/
d221
d280/
d36
d60
f227/
f231
f262
f285
f297
f82/
n12/
n13/
n88
n93/
/d71/f222/f218/f177/n119/n32/d54/d221/f22/d107/d47/f160/d75/f113/f253/d67/n103/f34/d226/d281/d280/d102
d102
f212/
n88:87 D4 8D 0B 90 C8 00
n88:53 4F 80 F0 4A
Invalid operation
Invalid operation
n2:0
Invalid operation
Invalid operation
n2:
f24:efy3i57hevgf2rv8i
Invalid operation
Invalid operation
Invalid operation
f61:AB 5B FE 68 C8
Invalid operation
Invalid operation
Invalid operation
f61:20
d113:11
Invalid operation
Invalid operation
f41:dir:0
Invalid operation
d134
f105
f212/
f223/
f61
n74/
Invalid operation
Invalid operation
d239
f207/
f24
f245/
f40
f41/
f84/
n78
n85/
f61:C8
Invalid operation
n78:d0csrusxr1o -5nubex
Invalid operation
d134
d168
d283/
f105
f212/
f223/
f61
n74/
Invalid operation
d134
d168
d283/
f212/
f61
n74/
n78:d0csrusxr1o -5nubex
Invalid operation
f269:00 00 00 00 C7 D9 83 00 00
Invalid operation
Invalid operation
d114
d239
f179/
f207/
f24
f245/
f269
f40
f41/
f84/
n66
n78
n85/
f41:dir:0
d114
d14
d239
f179/
f207/
f24
f245/
f269
f40
f41/
f84/
f9
n66
n78
n85/
n78:d0csrusxr1o -5nubexdblw1e aqx22cb._i
Invalid operation
n78:d0csrusxr1o -5nubexdblw1e aqx22cb._i
f41:dir:0
f41:dir:0
d114
d14
d239
f179/
f207/
f24
f245/
f269
f40
f41/
f9
n78
n85/
Invalid operation
f269:83 00 00
n78:58
f269:23
f24:18
d114
d14
d212/
d217
d239
d40/
f179/
f207/
f24
f245/
f269
f40
f41/
f9
n74/
n78
n85/
d114
d14
d212/
d217
d239
d40/
f179/
f207/
f24
f245/
f269
f40
f41/
f9
n74/
n78
n85/
Invalid operation
Invalid operation
Invalid operation
f61:7A 17 40 BC 5E 0D 00 00 00 00 00 00 00 00
Invalid operation
Invalid operation
d134
d168
d283/
f61
n74/
d168
d283/
f212/
f61
n74/
Invalid operation
d168
d266
d283/
f212/
f261/
f61
f81
n110/
n74/
n86
d168
d266
d283/
f212/
f218
f261/
f61
f81
n110/
n19
n74/
f61:40 BC 5E 0D 00 00 00 00 00 00 00 00 4C
d117:txt:27
Invalid operation
Invalid operation
n99:A7
Invalid operation
Invalid operation
n99:67 A7 00 00
Invalid operation
f86:
Invalid operation
Invalid operation
Invalid operation
n99:00 C2 46 4B 00 00
n99:A7 00 00 00 00 00 C2 46 4B 00
Invalid operation
d108
d270/
d282/
f34/
f86
n106
n112/
n99
/d71/f222/f218/f177/n119/n32/d54/d221/f22/d107/d47/f160/d75/f113/f253/d67/n103/f86
/f86
n99:D7 2A 0F 7E 81 67 A7 00 00 00 00 00 C2 46
n99:27
f86:3
n106:1
d108:0
Invalid operation
Invalid operation
f147:05
Invalid operation
/d71/f222/f218/f177/n119/n32/d54/d221/f22/d107/d47/f160/d75/f113/f253/d67/n103/f86
/f86
Invalid operation
d81
f268/
f89:iinhuq4r_4nldz-
d51
n24/
n24:dir:0
Invalid operation
Invalid operation
Invalid operation
Invalid operation
Invalid operation
n24:dir:0
f255/
f52
n24/
d15:a
Invalid operation
Invalid operation
Null
f208
f99
Invalid operation
f99:o6g91. dl6-ldk5nix
f99:o6g91. dl6-ldk5nix
Invalid operation
Invalid operation
d111
d185
f34/
f86
n106
n112/
n23/
n99
f86:9.x
Invalid operation
d111
d185
d217
f199
f34/
f86
n112/
n23/
n99
n99:AA 91 00
n99:5C
d296:sg35zw47o67xfsgryr3 v2lyryvomtgpcfz8ar5u753rf6jlb07uxm7ycxuzaxst8mgfp3
d296:70
d204:16
d103:15
d147:9
f100:9
n41:8
d294:5
f8:5
Invalid operation
Invalid operation
d103
d147
d199/
d204
d226/
d290/
d294
d296
d80/
f100
f126/
f166/
f218/
f273/
f287/
f8
n57/
n79/
n81
d103
d147
d199/
d204
d226/
d290/
d294
d296
d80/
f100
f126/
f166/
f218/
f273/
f287/
f8
n57/
n66/
n79/
n81
Invalid operation
n99:0D 5C 7B AA 91
Invalid operation
Invalid operation
Invalid operation
Invalid operation
n103:dir:0
Invalid operation
Invalid operation
Invalid operation
f147
f33
n103/
Invalid operation
Invalid operation
Invalid operation
f18:B3 8C DC 9B
d53/
f172
n103/
n113
Invalid operation
d53/
f172
f18
n103/
n113
d53/
f148
f172
f18
n103/
n113
Invalid operation
f18:38 F6 8E C7
d101
d53/
f148
f172
f18
n103/
f18:12 19 CE 5D A3 9B F1 E3 38 F6 8E
f86:9.x13he8rgtg1f6.8888i_e71ajxdp_abuu
d104/
d111
d185
d217
f199
f34/
f69
f86
n112/
n23/
n99
d0/
f255/
f52
n24/
f52:00 00
f52:AA 00
Invalid operation
Invalid operation
d0/
d151/
f202/
f255/
f51/
f52
n24/
Invalid operation
d0/
d151/
f202/
f255/
f41/
f51/
n24/
n24:dir:0
f86:9.x13he8rgtg1f6.8888i_e71ajxdp_abuu
n99:00
/d71/f222/f218/f177/n119/n32/d54/d221/f22/d107/d47/f160/d75/f113/f253/d67/n103/f86
/f86
Invalid operation
f278/
f85:C1
Invalid operation
Invalid operation
f85:D0 2F 48
Invalid operation
Invalid operation
n99:55 4D 0B AA
Invalid operation
f85
Invalid operation
f85:11
f85
/d71/f222/f218/f177/n119/n32/d54/d221/f22/d107/d47/f160/d75/f113/f253/d67/n103/n23/f255/d1
f255:dir:0
d1
d143
d192
d219
n119/
Invalid operation
n99:0F 7E 81
d143
d273
n119/
Invalid operation
Invalid operation
f255:dir:0
Invalid operation
d0/
d151/
f255/
Invalid operation
f86:9.x13he8rgtg1f6.8888i_e71ajxdp_abuu-grwp
n112:dir:0
n112:dir:0
d104/
d111
d217
f199
f211/
f25
f34/
f69
f86
n108
n112/
n23/
n72/
n99
Invalid operation
Invalid operation
Invalid operation
Null
d296:102
d103:16
Invalid operation
n99:60 4E 3D F4 7D 00 99 92 CF 00 00
d149
d203/
d224
f41/
n0/
Invalid operation
d149
d203/
d224
f41/
n0/
d149
d203/
f41/
n0/
Invalid operation
d149:14
d224:9
f41:dir:0
Invalid operation
d100/
d224
d5
f41/
f5
n0/
d100/
d224
d5
f41/
f5
Invalid operation
Invalid operation
/d71/f222/f218/f177/n119/n32/d54/d221/f22/d107/d47/f160/d75/f113/f253/d67/n103/f211/d224
f41:dir:0
f211/
├── d224
├── f215/
├── f41/
│   └── d180
└── f5
Invalid operation
d224
f41/
f5
Invalid operation
Invalid operation
d224
f215/
f228/
f41/
f5
Invalid operation
d224
f215/
f228/
f41/
f5
Invalid operation
Invalid operation
d224
f215/
f228/
f41/
f5
n93
Invalid operation
d224
f215/
f228/
f41/
f5
n93
d224:00 00 00
Invalid operation
Invalid operation
Invalid operation
/d71/f222/f218/f177/n119/n32/d54/d221/f22/d107/d47/f160/d75/f113/f253/d67/n103/f211/d224
f41:dir:0
Invalid operation
d224
f139
f215/
f228/
f41/
n93
f211/
├── d224
├── f139
├── f215/
│   └── f251
├── f228/
├── f41/
│   └── d180
└── n93
Invalid operation
Invalid operation
Invalid operation
d224
f139
f215/
f228/
f41/
n93
d224
f215/
f228/
f41/
n93
f41:dir:0
f41:dir:0
Invalid operation
Invalid operation
f41:dir:0
Invalid operation
d224
f191/
f215/
f228/
f41/
n93
Invalid operation
Invalid operation
Null
Invalid operation
/d71/f222/f218/f177/n119/n32/d54/d221/f22/d107/d47/f160/d75/f113/f253/d67/n103/f211/f79
Invalid operation
Invalid operation
Invalid operation
Invalid operation
/d71/f222/f218/f177/n119/n32/d54/d221/f22/d107/d47/f160/d75/f113/f253/d67/n103/f211/f79
Invalid operation
f79:EB
Null
Invalid operation
Invalid operation
f41:dir:0
Invalid operation
d224
d261
f105/
f112/
f188/
f215/
f228/
f41/
f79
Invalid operation
d224
d232
d261
f105/
f112/
f188/
f215/
f228/
f41/
f79
/d71/f222/f218/f177/n119/n32/d54/d221/f22/d107/d47/f160/d75/f113/f253/d67/n103/f211/f79
d224:21
d261:17
d232:16
f79:6
d224
d232
d261
f105/
f112/
f188/
f215/
f228/
f41/
f79
Invalid operation
Invalid operation
Invalid operation
Invalid operation
Invalid operation
Invalid operation
/d71/f222/f218/f177/n119/n32/d54/d221/f22/d107/d47/f160/d75/f113/f253/d67/n103/n23/d117
/d71/f222/f218/f177/n119/n32/d54/d221/f22/d107/d47/f160/d75/f113/d117
d0/
d117
d151/
d97
f255/
Null
Invalid operation
Null
d117:
f106/
Invalid operation
Invalid operation
Invalid operation
f14/
f172
f18
n103/
f14/
f172
f18
n103/
f172:txt:10
Invalid operation
f18:CA 7B EA 41 F1 E3 8D 66 CE DA B0 FB A6 2A
Null
Null
d104/
d111
d15
d19
d217
f211/
f25
f34/
f69
f86
n108
n112/
n23/
n99
f18:CE DA B0
Null
Invalid operation
d291
f172
f18
n103/
n66
n80
Invalid operation
Invalid operation
Invalid operation
Invalid operation
Invalid operation
n90:ukr60xj08w
d117:99 3B 6B
Invalid operation
Invalid operation
Invalid operation
Invalid operation
n88:10
n42:6
d276:3
f178:0
Invalid operation
Invalid operation
f183/
f284/
d276:00
d276:00 00
Null
d111/
d276
d65/
f0/
f165/
f178
f242
n113/
n42
n88
d276:00
d111/
d113
d276
d297
d65/
f0/
f165/
f178
f242
n113/
n42
n88
f70:34
d18:12
d18
d19/
d2
d250/
d75/
d95/
f130/
f172
f224/
f226/
f59/
f87
n82/
d18
d19/
d2
d250/
d75/
d95/
f172
f224/
f226/
f59/
f87
n82/
Invalid operation
Invalid operation
d2:syjn.z1y
Invalid operation
Invalid operation
f183:f8dem3
Null
Invalid operation
f87:65 C0
/d71/f222/f218/f177/n119/n32/d54/d221/f22/d107/d47/f160/n82/f183
Invalid operation
Invalid operation
f131:pbo7wpb.h
/d71/f222/f218/f177/n119/n32/d54/d221/f22/d107/d47/f160/n82/n21/f131
f285:4D
Invalid operation
f173/
f276/
f285
Invalid operation
d267
f145
f173/
f276/
f285
d166/
f183
n21/
n81/
n15:A6
d69
f256/
n15
Null
/d71/f222/f218/f177/n119/n32/d54/d221/f22/d107/d47/f160/n82/n81/d69
/d71/f222/d69
f87:53 1A E9 00
d12/
/d71/f222/f218/f177/n119/n32/d54/d221/f22/d107/d47/f160/n82/n81/d69
/d71/f222/d69
/d71/f222/f218/f177/n119/n32/d54/d221/f22/d107/d47/f160/n82/n81/d69
/d71/f222/d69
Invalid operation
d12/
d12/
n60
d12/
d12/
d12:dir:0
Invalid operation
d69/
Invalid operation
d69/
Invalid operation
d151
d197
f93
d151:e2.a30 u-56a
d150/
d197
d249
f93
f93:txt:5
d197:ihqy8s8ui6wws4dd1lg9kx
d197:22
f208:12
f230:8
d249:6
d150/
d197
d249
f166/
f208
f230
f230:59 5C C6 9A
f230:55 0D 59 5C
f230:6F
f224/
Invalid operation
Invalid operation
d150/
d197
d249
f166/
f208
f230
Null
d197
f166/
f208
f230
d197:txt:26
d197
f166/
f208
f230
d197:ihqy8s8ui6wws4dd1lg9kx58.x
f230:4D 67 50 21 BD 00 00
Invalid operation
f230:29
d197:26
f208:12
f73:0
f230:4D 67 50 21 BD
d69/
f231
f62
Invalid operation
Invalid operation
Invalid operation
Invalid operation
d22/
f231
f264
f62
f264:17
f62:7
f231:6
f231
f264
f62
Invalid operation
Null
Invalid operation
f87:E8 3C 17
Invalid operation
Invalid operation
f204/
d138/
f151
Invalid operation
f87:82 03 47 E8
Invalid operation
/d71/f222/f218/f177/n119/n32/d54/d221/f22/d107/d47/f160/n82/n81/f256/d138/d11
Invalid operation
f151:jq3n8etbof72.1x
Invalid operation
f151:jq3n8etbof72.1x
Invalid operation
f151:15
n37:2
d67:1
Invalid operation
f151:15
n37:2
d67:1
f267:1
d138/
d48/
d67
f123/
f151
f267
n3/
n37
d67:DD
d138/
d67
f123/
f151
f267
n3/
n37
Null
d138/
d67
f151
f267
n0
n3/
/d71/f222/f218/f177/n119/n32/d54/d221/f22/d107/d47/f160/n82/n81/f256/f151
f151:jq3n8etbof72.1xjd7.hgt02lz53wa
d63/
f190
f61/
n40/
Invalid operation
/d71/f222/f218/f177/n119/n32/d54/d221/f22/d107/d47/f160/n82/n81/f256/f151
d67:00 00 00 48 A8 27 9F FF
Invalid operation
Invalid operation
d69:dgypiblptjplx
Invalid operation
d164/
d69:txt:13
d128/
d69
f256/
f90/
n52
Invalid operation
f87:47 2D 69 ED
Invalid operation
Invalid operation
f87:2D
d18
d19/
d2
d250/
d75/
d95/
f172
f226/
f59/
f87
n82/
Invalid operation
d18
d19/
d2
d250/
d75/
d95/
f172
f226/
f59/
f87
n82/
Invalid operation
f87:2D 69 ED
Invalid operation
d18
d19/
d2
d250/
d75/
d95/
f172
f226/
f59/
f87
n82/
d2:txt:25
Invalid operation
Invalid operation
f87:05 58 F5 E2 C4 50 86 1C B1
Invalid operation
f87:50 86
f113:dir:0
Invalid operation
d104/
d117
d145/
d22
d237/
d43
f253/
f70/
f71
n90
d117:22
n90:10
f71:5
d43:3
d22:0
Invalid operation
Invalid operation
Invalid operation
d117:D0 AC
Null
d104/
d117
d145/
d22
d237/
d43
f253/
f70/
f71
n90
Invalid operation
Invalid operation
Invalid operation
Invalid operation
Invalid operation
d104/
d117
d145/
d22
d237/
d43
f253/
n38
n74/
Null
d104/
d117
d22
d237/
d43
f180
f253/
n38
n74/
Null
d117:3B 1B 00 00 00
Invalid operation
d117:bin:25
d117:B6 7D D4 45 B0 36
Invalid operation
d117:25
d53:8
f180:8
n38:4
d22:0
Null
Invalid operation
Invalid operation
d117:27 3B 1B 00
Null
Invalid operation
f87:5D 5E 72
Invalid operation
d21
d81
f113/
/d71/f222/f218/f177/n119/n32/d54/d221/f22/d107/d47/f160/d75/d21
d21:29
f15:3
Null
/d71/f222/f218/f177/n119/n32/d54/d221/f22/d107/d47/f160/d75/d21
Invalid operation
Invalid operation
/d71/f222/f218/f177/n119/n32/d54/d221/f22/d107/d47/f160/d75/d21
Invalid operation
Invalid operation
f91:E1
d118
d21
d8
d80/
f113/
f15
d104/
d117
d22
d237/
d53
f180
f253/
f61/
n38
n46/
n74/
d117:00 00
Invalid operation
Invalid operation
Invalid operation
Invalid operation
Invalid operation
Invalid operation
Invalid operation
d21:46
d118:7
Invalid operation
d117:24
d53:8
n38:4
d22:0
d21:46
d118:7
f270:6
n25:5
f15:3
d8:0
Invalid operation
n25:00 00
Invalid operation
Invalid operation
f87:25vnof td84botc1y
f70/
├── f72/
└── f87
d223
f130/
n25:01
Invalid operation
Invalid operation
n35/
n25:01 00
n35:dir:0
n25:00 00
Invalid operation
f182
f294/
n9
n9:bin:3
n9:17 E3 94
f182
f294/
n9
n9:bin:3
Invalid operation
d23/
f126
f182
f294/
f8/
f96/
n9
Invalid operation
Invalid operation
Invalid operation
Invalid operation
f126:17
n9:15
f182:5
n112:1
n9:FD DF 00 00 00 20 C6
n9:00 00 00 20 C6 8D
Invalid operation
Invalid operation
Invalid operation
/d71/f222/f218/f177/n119/n32/d54/d221/f22/d107/d47/f160/d75/f70/f130/n9
Null
n9:CE 9C
n25:00 0F
/d71/f222/f218/f177/n119/n32/d54/d221/f22/d107/d47/f160/d75/f70/f130/f126
Invalid operation
Invalid operation
f100
f163
f195/
f258
/d71/f222/f218/f177/n119/n32/d54/d221/f22/d107/d47/f160/d75/f70/f130/f294/f258
/d71/f222/f218/f177/n119/n32/d54/d221/f22/d107/d47/f160/d75/f70/f130/f294/f258
Invalid operation
Invalid operation
Invalid operation
Invalid operation
Invalid operation
d74:md:0
f195/
├── d165/
├── d74
├── f189/
└── f256
d165/
d74
f189/
f256
d74:md:10
d74:ycllxhjv 7s
Invalid operation
Invalid operation
f195/
├── d215
├── d74
├── f114
├── f189/
│   └── n80
├── f256
├── f51
└── f92/
d215
d74
f114
f189/
f256
f51
f80
f92/
d74:md:11
f51:5D 33
Invalid operation
Invalid operation
Invalid operation
d112/
f142/
f196
Invalid operation
Invalid operation
Invalid operation
f51:5D 33
Invalid operation
Invalid operation
d77
f176
f196
f226/
f49
f51:49
d229/
d77
f176
f196
f226/
f49
/d71/f222/f218/f177/n119/n32/d54/d221/f22/d107/d47/f160/d75/f70/f130/f294/f195/f92/f196
f51:30 30
f196:md:7
Invalid operation
f51:74 00 58
d158:E7
f163: x5h.-k
d229:dir:0
Invalid operation
Invalid operation
f51:74 00 58 5D 33 11 42 3D 8B 09 8F FD 18 5B 56 49
/d71/f222/f218/f177/n119/n32/d54/d221/f22/d107/d47/f160/d75/f70/f130/f294/f195/f256
d213
d215
f114
f256
f45
f51
f80
f92/
Invalid operation
Invalid operation
d213
d215
f114
f256
f45
f51
f80
f92/
d213
d215
f114
f256
f45
f51
f80
f92/
d213
d215
f114
f256
f45
f51
f80
f92/
Invalid operation
Invalid operation
/d71/f222/f218/f177/n119/n32/d54/d221/f22/d107/d47/f160/d75/f70/f130/f294/f258
Invalid operation
f51:EC 73 82 E1 F7 03 00 00
d215
d264
f113/
f114
f271/
f36
f45
f51
f80
f92/
Invalid operation
Invalid operation
f51:CD FE D4 5C 46 8C 0F 6E 4E 8F 39
d102/
d215
d264
f113/
f114
f271/
f36
f45
f51
f80
f92/
f114:txt:21
f195/
├── d102/
├── d215
├── d264
├── d74
├── f113/
├── f114
├── f271/
├── f36
├── f45
├── f51
├── f80
└── f92/
    ├── d158
    ├── d221/
    ├── d229/
    ├── d37
    ├── f163
    ├── f176
    ├── f31/
    ├── f37/
    ├── n19
    └── n45/
d102/
d215
d264
d74
f113/
f114
f271/
f36
f45
f51
f80
f92/
/d71/f222/f218/f177/n119/n32/d54/d255
/d71/f222/f218/f177/n119/n32/d54/d221/f22/d107/d47/f160/d75/f70/f130/f294/f195/f114
d102/
d215
d264
f113/
f114
f271/
f36
f45
f51
f80
f92/
Invalid operation
f114:ph0.mn_-quyssy-5_u28jjmmjlimq4lo1zbz7
f51:4E
Invalid operation
Invalid operation
d88/
f130/
f163
f240
Invalid operation
f163:.-2l4-o s-q0
Invalid operation
d102/
d264
d291
f113/
f114
f271/
f36
f45
f51
f54
f80
f92/
d102/
d264
d291
f113/
f114
f271/
f36
f45
f51
f54
f80
f92/
Invalid operation
f195/
f199/
f222
f258
Invalid operation
f195/
f199/
f222
f258
f263/
f41
f77
f195/
f199/
f222
f258
f263/
f41
f77
f258:zx9ke-k1
d137
d220
f195/
f199/
f222
f258
f263/
f77
d123/
d128/
d283
f294/
n112
n112:1
d283:0
n112:w
Invalid operation
Invalid operation
Invalid operation
f222:40 00 FD 7C C2 7E E5 00 00
Invalid operation
f222:AE 2A 9C 54 B5 E8 50 40
f294/
├── d137
├── d220
├── f118
├── f195/
│   ├── d161
│   ├── d205
│   ├── d230/
│   ├── d264
│   ├── d291
│   ├── f113/
│   │   ├── d157
│   │   ├── f130/
│   │   ├── f163
│   │   ├── f193
│   │   ├── f196
│   │   ├── f240
│   │   └── f36/
│   ├── f114
│   ├── f271/
│   ├── f45
│   ├── f51
│   ├── f54
│   ├── f77
│   ├── f80
│   └── f92/
│       ├── d158
│       ├── d221/
│       ├── d229/
│       ├── d37
│       ├── f163
│       ├── f176
│       ├── f31/
│       ├── f37/
│       ├── n19
│       └── n45/
├── f222
├── f258
├── f263/
├── f277
└── f77
d223
d75
d95
f130/
f189
n55/
d223:md:12
d21:61
n25:19
f139:8
Invalid operation
Null
Invalid operation
f87:D6 89 55 9C
f259:F5
Null
d199:m6 lvafc7ijz
Invalid operation
Invalid operation
f87:89 55 9C 4C
d223
d261/
d75
d95
f130/
n55/
f70/
├── d173
├── d223
├── d261/
├── d278
├── d75
├── d95
├── f130/
│   ├── d123/
│   ├── d128/
│   ├── d283
│   ├── d67
│   ├── f163
│   ├── f225
│   ├── f294/
│   │   ├── d137
│   │   ├── d220
│   │   ├── f118
│   │   ├── f195/
│   │   │   ├── d161
│   │   │   ├── d205
│   │   │   ├── d230/
│   │   │   ├── d264
│   │   │   ├── d291
│   │   │   ├── f113/
│   │   │   │   ├── d157
│   │   │   │   ├── f130/
│   │   │   │   ├── f163
│   │   │   │   ├── f193
│   │   │   │   ├── f196
│   │   │   │   ├── f240
│   │   │   │   └── f36/
│   │   │   ├── f114
│   │   │   ├── f271/
│   │   │   ├── f45
│   │   │   ├── f51
│   │   │   ├── f54
│   │   │   ├── f77
│   │   │   ├── f80
│   │   │   └── f92/
│   │   │       ├── d158
│   │   │       ├── d221/
│   │   │       ├── d229/
│   │   │       ├── d37
│   │   │       ├── f163
│   │   │       ├── f176
│   │   │       ├── f31/
│   │   │       ├── f37/
│   │   │       ├── n19
│   │   │       └── n45/
│   │   ├── f222
│   │   ├── f258
│   │   ├── f263/
│   │   ├── f277
│   │   └── f77
│   ├── f88
│   ├── n108/
│   └── n112
├── f259
└── n55/
d173
d223
d261/
d278
d75
d95
f130/
f259
n55/
Invalid operation
Null
d173
d223
d261/
d75
d95
f130/
f259
n55/
d173
d223
d261/
d75
d95
f130/
f259
n55/
n66/
Invalid operation
f70/
├── d173
├── d261/
├── d75
├── d95
├── f130/
│   ├── d123/
│   ├── d128/
│   ├── d283
│   ├── d67
│   ├── f163
│   ├── f225
│   ├── f294/
│   │   ├── d137
│   │   ├── d220
│   │   ├── f118
│   │   ├── f195/
│   │   │   ├── d161
│   │   │   ├── d205
│   │   │   ├── d230/
│   │   │   ├── d264
│   │   │   ├── d291
│   │   │   ├── f113/
│   │   │   │   ├── d157
│   │   │   │   ├── f130/
│   │   │   │   ├── f163
│   │   │   │   ├── f193
│   │   │   │   ├── f196
│   │   │   │   ├── f240
│   │   │   │   └── f36/
│   │   │   ├── f114
│   │   │   ├── f271/
│   │   │   ├── f45
│   │   │   ├── f51
│   │   │   ├── f54
│   │   │   ├── f77
│   │   │   ├── f80
│   │   │   └── f92/
│   │   │       ├── d158
│   │   │       ├── d221/
│   │   │       ├── d229/
│   │   │       ├── d37
│   │   │       ├── f163
│   │   │       ├── f176
│   │   │       ├── f31/
│   │   │       ├── f37/
│   │   │       ├── n19
│   │   │       └── n45/
│   │   ├── f222
│   │   ├── f258
│   │   ├── f263/
│   │   ├── f277
│   │   └── f77
│   ├── f88
│   ├── n108/
│   └── n112
└── f259
d173
d261/
d75
d95
f130/
f259
Invalid operation
d95:34
d173:17
f259:17
d75:11
f283:6
d210:4
d123/
d128/
d283
d67
f163
f225
f294/
f88
n112
Invalid operation
f259:A9 78 87 E9
f294:dir:0
n112:w5.8qne
n112:w5.8qne
d128/
d283
d67
f163
f225
f294/
f88
n112
n4/
Invalid operation
d128/
└── d8
Invalid operation
Null
n86/
n95
d128/
d155
d28/
d67
f163
f225
f294/
f72
f88
n112
n84/
Invalid operation
Invalid operation
d118
d128/
d155
d67
f163
f214/
f225
f294/
f72
f88
n84/
Invalid operation
d128/
d155
d28
d67
f163
f214/
f225
f294/
f72
f88
n84/
f163:c0
f130/
├── d128/
│   ├── n86/
│   └── n95
├── d155
├── d28
├── d67
├── f163
├── f214/
├── f225
├── f294/
│   ├── d137
│   ├── d220
│   ├── f118
│   ├── f195/
│   │   ├── d161
│   │   ├── d205
│   │   ├── d230/
│   │   ├── d264
│   │   ├── d291
│   │   ├── f113/
│   │   │   ├── d157
│   │   │   ├── f130/
│   │   │   ├── f163
│   │   │   ├── f193
│   │   │   ├── f196
│   │   │   ├── f240
│   │   │   └── f36/
│   │   ├── f114
│   │   ├── f271/
│   │   ├── f45
│   │   ├── f51
│   │   ├── f54
│   │   ├── f77
│   │   ├── f80
│   │   └── f92/
│   │       ├── d158
│   │       ├── d221/
│   │       ├── d229/
│   │       ├── d37
│   │       ├── f163
│   │       ├── f176
│   │       ├── f31/
│   │       ├── f37/
│   │       ├── n19
│   │       └── n45/
│   ├── f222
│   ├── f258
│   ├── f263/
│   ├── f277
│   └── f77
├── f72
├── f88
├── n75
└── n84/
d128/
d155
d28
d67
f163
f214/
f225
f294/
f72
f88
n75
n84/
Invalid operation
Invalid operation
d210
d75
d95
f130/
f259
f283
n41/
n57/
d210
d75
d95
f11
f130/
f259
f283
f91/
n41/
n57/
/d71/f222/f218/f177/n119/n32/d54/d221/f22/d107/d47/f160/d75/f70/d95
/d71/f222/f218/f177/n119/n32/d54/d221/f22/d107/d47/f160/d75/f70/d95
Invalid operation
f87:D3 D6 89 55 9C 4C 48 E6
Invalid operation
f113:dir:0
d132
d181
d190/
d21
d53
d8
f113/
f139
f15
f270
f70/
n104/
Invalid operation
Invalid operation
Invalid operation
d40:a7b_jp496jsb9vp
Invalid operation
d59
f252
f252:txt:13
d210
d75
d95
f130/
f195
f283
f292/
f42
n57/
d95:49
d75:11
f283:6
d210:4
f195:1
f42:0
d210
d75
d95
f130/
f195
f283
f292/
f42
n57/
f130:dir:0
d210
d75
d95
f130/
f259
f292/
f39/
f42
n57/
Invalid operation
Invalid operation
Invalid operation
Invalid operation
Invalid operation
f39/
└── f9/
Invalid operation
d141
d196
/d71/f222/f218/f177/n119/n32/d54/d221/f22/d107/d47/f160/d75/f70/f39/d141
/d141
Invalid operation
Invalid operation
f87:51 C8
f87:9C 4C 48 E6
d210
d229/
d294
d75
d95
f130/
f259
f286/
f292/
f39/
f42
n57/
d210
d229/
d294
d75
f130/
f259
f286/
f292/
f39/
f42
n57/
Invalid operation
d95:49
d210:15
f259:15
d75:11
d159:5
f42:0
d13/
d161/
d205
d210
d229/
d75
d80/
d95
f130/
f259
f286/
f292/
f39/
f42
n57/
d13/
d161/
d205
d210
d229/
d75
d80/
d95
f130/
f259
f286/
f292/
f39/
f42
n57/
d210:A0
Invalid operation
d161/
d173
d205
d210
d229/
d37
d75
d80/
d95
f130/
f259
f286/
f292/
f39/
f42
n57/
d75:-nlc55ey6c4
d210:86
d210:F0 00 00 40 10 10 30 3B 4F A0
Invalid operation
/d71/f222/f218/f177/n119/n32/d54/d221/f22/d107/d47/f160/d75/f70/d75
/d71/f222/f218/f177/n119/n32/d54/d221/f22/d107/d47/f160/d75/f70/d75
f130:dir:0
Invalid operation
d75:-nlc55ey6c4
Invalid operation
Invalid operation
d210:86
d210:30 3B
Invalid operation
Invalid operation
d124
d161/
d173
d191
d194/
d210
d229/
d37
d75
d80/
d95
f121
f130/
f259
f26
f286/
f292/
f39/
n58/
d210:DE C8 F0 00 00 40 10 10 30 3B
Invalid operation
d210:3B 4F 00
d210:DE
d132
d181
d190/
d21
d53
f113/
f139
f238/
f270
f55/
f70/
n104/
Invalid operation
Null
Invalid operation
f87:D3 A9 AC 51 C8
d21:59l e_hwojhujpiemjmdhhqu 8oa9 isro7kzhqp7mnn3xiee0w0w5qa3xxaudoo4hkjmtxx
Invalid operation
f87:5D
d132
d181
d190/
d21
f113/
f139
f238/
f270
f55/
f70/
n104/
d21:59l e_hwojhujpiemjmdhhqu 8oa9 isro7kzhqp7mnn3xiee0w0w5qa3xxaudoo4hkjmtxx
Invalid operation
Invalid operation
Invalid operation
d47/
n92/
Invalid operation
Invalid operation
/d71/f222/f218/f177/n119/n32/d54/d221/f22/f154
n104:52 1C AB 8E 66 A4
d47/
n86/
n92/
d219
d47/
n30
n86/
n92/
d47:dir:0
d140/
d219
d258
d47/
f111/
f33
n30
n86/
n92/
Invalid operation
d140/
d219
d258
d47/
f111/
f33
n30
n86/
n92/
d219:12
n30:9
d258:0
Invalid operation
d140/
d219
d258
d47/
f111/
f33
n30
n86/
n92/
/d71/f222/f218/f177/n119/n32/d54/d221/f22/d107/n30
n30:fubne_e3p
Null
f87:58 4B EA FF AC 55 B0 9F 15 5D F4 E8 55
f87:9F 15 5D 96 C8 55 EC D6 89 55 9C
Invalid operation
Null
/d71/f222/f218/f177/n119/n32/d54/d221/f22/d107/d47/f160/d2
/d71/f222/f218/f177/n119/n32/d54/d221/f22/d2
d18
d2
d250/
d5
d6
d75/
f172
f226/
f41/
f59/
f87
n82/
Invalid operation
d2:txt:27
Invalid operation
d2:27
f155:16
d18:12
d2:syjn.z1y__5hct.-rsm8w21lxpx
Invalid operation
Invalid operation
f172:70 00
/d71/f222/f218/f177/n119/n32/d54/d221/f22/d107/d47/f160/f59/f13
Invalid operation
d81
f13
f198
/d71/f222/f218/f177/n119/n32/d54/d221/f22/d107/d47/f160/d18
d18
d237
d259
d291
d5
d55
d6
d75/
f155
f172
f226/
f41/
f59/
f69
n82/
Null
Invalid operation
Invalid operation
d11
d126
d126:EB
d18:62ay__ma6._exp9lwk
n82:dir:0
Invalid operation
f172:00
d189
d222
d264
f160/
f282
f284
Invalid operation
f284:E7 28 41 C6 8D
d189
d222
d264
f160/
f205
f282
f284
f284:00 00 00 5E 16 00 00 F4 7E E7 28 41 C6 8D 8B D6 4A E5 F1 CA 07 03 A2 1F 13
Invalid operation
n92:dir:0
d0
d140/
d144
d219
d258
d47/
f111/
f152
f190/
f284
f296
n1
n32
n86/
n92/
Invalid operation
f66:88
Invalid operation
Invalid operation
Invalid operation
f66:64 B0 23
d61
f140
f154/
f66
Invalid operation
d238
d255/
f66:F5 2C
Invalid operation
/d71/f222/f218/f177/n119/n32/d54/d221/f22/d107/d140/f154/d238
Invalid operation
Invalid operation
Invalid operation
Invalid operation
Invalid operation
Invalid operation
Invalid operation
Invalid operation
Invalid operation
f66:bin:17
d107/
d125/
d155
d197
d2
d209
d211
d4/
d96/
f100
f127/
f154
f237/
f257
f259/
f273
f282
f289
f58
f72
n104
n107
n33
n53/
f176
f22/
n115
n78
f154:70
d155:15
f72:15
n104:15
n107:15
Invalid operation
f154:70
n104:20
d155:15
f72:15
n107:15
n104:C9
Invalid operation
Invalid operation
d123/
d13
d245/
f210
n112
n99
n112:
Invalid operation
/d71/f222/f218/f177/n119/n32/d54/d221/f22/d125/n112
d13
d241/
d245/
d215/
f168
n112/
Invalid operation
Invalid operation
d215/
n112/
d215:dir:0
d215/
d217
n112/
Invalid operation
d215/
d217
d283
n112/
d215:dir:0
Invalid operation
d283:41
d283:41
Invalid operation
d215/
d217
d283
n112/
Invalid operation
d215:dir:0
Null
d215/
d217
d283
f224
f228
n112/
d283:12
d217:11
f224:8
f228:8
Invalid operation
Invalid operation
Invalid operation
Invalid operation
d283:12
d217:11
f224:8
d57:0
d283:34 6A 78 4A F2 0B
Invalid operation
Invalid operation
d217
d283
d57
d61
d68/
f126/
f224
f37/
f62
d283
d57
d61
d68/
f126/
f224
f37/
f62
d13
d241/
d13
d241/
d283:14
f224:8
d57:0
d61:0
Invalid operation
d283
d57
d61
d68/
f126/
f189/
f224
f273
f37/
f62
/d71/f222/f218/f177/n119/n32/d54/d221/f22/d125/d241/d283
Invalid operation
d283:20
f138:16
f224:8
d57:0
Invalid operation
d283:CA 7B
d283:bin:17
Invalid operation
d283
d57
d61
d68/
f126/
f138
f224
f273
f37/
f45
f62
Invalid operation
Invalid operation
Invalid operation
Invalid operation
d13:AA 17 00 29 3B
d13
d241/
f122
d13
d241/
f122
d13
d241/
f122
Invalid operation
Invalid operation
Invalid operation
d107/
d125/
d155
d197
d209
d211
d257
d4/
d96/
f100
f127/
f154
f237/
f257
f259/
f273
f282
f289
f58
f72
n104
n107
n30/
n33
n53/
n99
d107/
d125/
d155
d197
d209
d211
d257
d4/
d96/
f100
f127/
f154
f182/
f237/
f257
f259/
f273
f282
f289
f58
f72
n104
n107
n30/
n33
n53/
n99
d107/
d125/
d155
d197
d209
d211
d257
d4/
d96/
f100
f127/
f154
f182/
f237/
f257
f259/
f273
f282
f289
f58
f72
n104
n107
n30/
n33
n53/
n99
/d71/f222/f218/f177/n119/n32/d54/d221/f22/f154
n78:23
f176:11
f265:5
f224:0
n115:0
Invalid operation
Invalid operation
/d71/f222/f218/f177/n119/n32/d54/d221/n78
f176
f187
f22/
f224
f265
n115
n78
Invalid operation
Invalid operation
d10
d200
d54/
f291
f32/
n114
n26
n26:D2 41 6E F2
n114:18
f291:14
f291:14
d10:10
n26:10
d200:4
Null
n26:97
d228
n26:11 AC
n26:27 99 D2 3F
f1
f146
d10:txt:23
Invalid operation
Invalid operation
Invalid operation
Invalid operation
f206:nxa
f206:md:13
d85
f132/
f206
f291/
n77
n26:CA 00 22 6A BB E4 D0
Invalid operation
f206:nxa0j7sfj2on9x
Invalid operation
f206:nxa0j7sfj2on9x
Invalid operation
Invalid operation
d85
f132/
f206
f291/
n77
f206:nxa0j7sfj2on9xcra6m1oe14cmss9njt
n26:00
f132/
f206
f231
f291/
f231:7whym1fnc5rora
f291:dir:0
Invalid operation
f231
f291/
Invalid operation
Invalid operation
d92:dir:0
/d71/f222/f218/f177/n119/n32/f32/f291/d127
Invalid operation
Invalid operation
n8
Invalid operation
Invalid operation
Invalid operation
Invalid operation
Invalid operation
Invalid operation
Invalid operation
Invalid operation
Invalid operation
d127:25 1C E9 00 D3
d127:68 B1
Invalid operation
Invalid operation
f149:dir:0
d156/
f180/
d156/
f180/
Invalid operation
Invalid operation
Invalid operation
d107
d127
d234/
f119
f95/
d107
d127
d234/
d55
f119
f95/
d107
d127
d234/
d55
f119
f95/
d127:E5 25 1C E9 00 E5 66 AD EE BC AF
Invalid operation
n58:00
/d71/f222/f218/f177/n119/n32/f32/f291/d107
n58:00 DB
Invalid operation
Null
Null
Invalid operation
Invalid operation
Invalid operation
d107
d234/
d249
d54
d55
f169/
f238/
f95/
n58
n60/
n72
d54:00
d107:9bhsqr9pyremk4577kgp3az_574u2pgfbibu1dm5t
Invalid operation
Invalid operation
d217/
f113
f142
f242
d234:dir:0
d107:9bhsqr9pyremk4577kgp3az_574u2pgfbibu1dm5t6tlmd59u0jsijow76mg2xx
Invalid operation
d101/
d107
d200
d234/
d54
d55
d80/
f169/
f212/
f299
n58
n60/
n72
d234:dir:0
Invalid operation
d107:63
d222:17
d200:14
Invalid operation
d107:9bhsqr9pyremk4577kgp3az_574u2pgfbibu1dm5t6tlmd59u0jsijow76mg2xx
d101/
d107
d200
d222
d234/
d268/
d54
d55
d80/
f169/
f212/
f299
n58
n60/
n72
f291/
├── d101/
├── d107
├── d200
├── d222
├── d268/
├── d54
├── d55
├── d80/
├── f169/
├── f212/
│   ├── d217/
│   ├── f113
│   ├── f142
│   └── f242
├── f299
├── n58
└── n60/
Invalid operation
d75:rl1nk8ze
Invalid operation
d75
f291/
Invalid operation
d241:.4v33
Invalid operation
d124
d241
d84/
/d71/f222/f218/f177/n119/n32/f32/d241
d241
f156
f188
f27
d10
d194
d200
d250/
d256/
f32/
n26
Invalid operation
d10
d194
d200
d250/
d256/
f32/
n26
d10
d200
d250/
d256/
f32/
n26
Invalid operation
Invalid operation
d10:txt:45
Invalid operation
d10:qxrf7t7y0by hfklx055kykzkh3grscx6 5.xm0zuxnox
n32/
├── d10
├── d200
├── d250/
├── d290/
└── f32/
    ├── d241
    ├── f156
    ├── f188
    └── f27
d10:qxrf7t7y0by hfklx055kykzkh3grscx6 5.xm0zuxnox
f93:04 91 24 B3
Invalid operation
f54:md:12
d260:28 E0 AA D3 CE AE D6 59 EC FA
Invalid operation
f236/
d10:qxrf7t7y0by hfklx055kykzkh3grscx6 5.xm0zuxnox7d
d260:59 EC FA 41
d201:dir:0
d10:qxrf7t7y0by hfklx055kykzkh3grscx6 5.xm0zuxnox7dpp_zwfhzbu2g_08ivfpwm-7jco
d260:37 1A AA D3 CE AE D6 59 EC FA 41 00 00 00 00 35 35 D8 A3 74
d260:35
d171:
d171:txt:0
Invalid operation
/d71/f222/f218/f177/n119/n32/d196/f113
Invalid operation
d260:00 00 0E
d200:gq9u
Invalid operation
Invalid operation
Invalid operation
/d71/f222/f218/f177/n119/n32/d200
d260:37 1A AA D3 CE 31 47 7B 80 47 41 00 00 00 00 35 35 D8 00 00 0E 37 2B AF C9
Invalid operation
d260:37 1A AA D3 CE 31
Invalid operation
/d71/f222/f218/f177/n119/n32/d200
d17/
d196/
d200
d250/
d260
f126/
f32/
Invalid operation
d200:gq9uxz
d260:F4 08
d200:gq9uxz4las5n3q0538e-04idtu.
d250/
└── f116
f146
Invalid operation
Invalid operation
Invalid operation
Invalid operation
Invalid operation
/d71/f222/f218/f177/n119/n32/d200
d260:00 00 CC 0A 26
d114
d17/
d196/
d200
d208/
d250/
d260
d31/
f126/
f157/
f32/
f60
n11
d17/
d196/
d200
d208/
d250/
d260
d31/
f126/
f157/
f258
f287/
f32/
f60
n11
n69
n97/
Invalid operation
f60:8A 4B 35
d17/
d196/
d200
d208/
d250/
d260
d31/
f126/
f150/
f157/
f258
f287/
f32/
f60
n11
n69
n97/
d260:31
d200:30
f258:17
n69:17
d251:16
d260:31
d200:30
n69:17
Invalid operation
Invalid operation
d200:30
n69:17
d251:16
f60:12
Invalid operation
Invalid operation
d207:9
Invalid operation
Invalid operation
f60:46 8A
d84:82
d196/
d200
d208/
d250/
d251
d84
f126/
f170/
f258
f287/
f32/
n69
d200:gq9uxz4las5n3q0538e-04idtu.nxxzwy 6dkt70pfi1epe49w03hcnck0
d196/
d200
d208/
d250/
d251
d84
f126/
f150
f170/
f258
f287/
f32/
n10
n69
Null
Invalid operation
d200:gq9uxz4las5n3q0538e-04idtu.nxxzwy 6dkt70pfi1epe49w03hcnck0 cwzngv_g33zfn
d84:53 EC 5D 89
Invalid operation
Invalid operation
d196/
d200
d208/
d250/
d251
d84
f126/
f150
f154
f170/
f258
f287/
f32/
n10
n69
d196/
d200
d208/
d250/
d251
d84
f126/
f150
f154
f170/
f258
f287/
f32/
n10
n69
Invalid operation
d200:md:72
Invalid operation
Invalid operation
d200:md:72
d200:gq9uxz4las5n3q0538e-04idtu.nxxzwy 6dkt70pfi1epe49w03hcnck0 cwzngv_g33zfn
Invalid operation
d84:EC 5D 89 00 7A 26 AC
d196/
d200
d208/
d250/
d251
d84
f150
f154
f258
f287/
f32/
n10
n69
Invalid operation
d196/
d200
d208/
d250/
d251
d84
f150
f154
f258
f287/
f32/
n10
n69
f29/
d196/
d200
d208/
d250/
d251
d84
f150
f154
f258
f287/
f32/
f76
n10
n69
d200:72
d84:19
Invalid operation
d196/
d200
d208/
d250/
d251
d84
f150
f154
f258
f287/
f32/
f76
n10
n41/
n69
d200:gq9uxz4las5n3q0538e-04idtu.nxxzwy 6dkt70pfi1epe49w03hcnck0 cwzngv_g33zfn
f29:dir:0
Invalid operation
Invalid operation
Invalid operation
d164
d236:15
d164:6
d164
f188
f297
Invalid operation
Invalid operation
Invalid operation
d164:md:6
d129
d164
f188
f260/
f287
f297
d196/
d200
d208/
d250/
d251
d84
f150
f154
f258
f287/
f32/
f76
n10
n69
d241:.4v33h
d193
d199/
d241
f156
f188
f27
d193
d199/
d241
f156
f188
f27
d199/
d241
f156
f188
f27
Invalid operation
Invalid operation
d205:bin:5
d84:53 83 DB CF 96 9B 09 0A 23 64 FB 3D 00 8C 00 00 00 00 F6 9C E6 C9
Invalid operation
d263:99 DE 02 09
f156:4
Invalid operation
Invalid operation
Invalid operation
Invalid operation
Invalid operation
d122
d199/
d244
d248
d58/
f109
f156
f188
f228
f64
f94
f95/
/d71/f222/f218/f177/n119/n32/f32/f156
Invalid operation
Invalid operation
d122
d199/
d248
d47
d58/
f109
f156
f188
f228
f64
f94
f95/
f32/
├── d122
├── d199/
│   ├── f219/
│   │   └── n106/
│   ├── f236
│   └── f257
├── d248
├── d47
├── d58/
├── f109
├── f156
├── f188
├── f228
├── f64
├── f94
└── f95/
Invalid operation
f156:md:19
d122
d199/
d248
d47
f109
f136/
f156
f228
f54/
f64
f95/
n39/
n9/
d122
d199/
d248
d47
f109
f136/
f156
f228
f54/
f64
f95/
n39/
n9/
Invalid operation
Invalid operation
Invalid operation
Invalid operation
d122
d199/
d235/
d248
d271
d39
d47
f109
f136/
f156
f54/
f64
f81
f95/
n39/
n9/
d47:40 3E
d122
d199/
d235/
d248
d271
d39
d47
f109
f136/
f156
f218/
f54/
f64
f81
f95/
n39/
n9/
d47:40 3E
Invalid operation
/d71/f222/f218/f177/n119/n32/d200
Invalid operation
d200:88
d84:33
f76:17
n10:17
n69:17
d251:16
f154:14
d84:3D 00 8C 00 00 00 00 F6 9C E6 C9
d164:md:7
d164:x56m2vx
d164:md:7
d164:x56m2vx
Invalid operation
d164:x56m2vx
d84:FB 3D 00 8E 56 EB C8 9D 41
f297:17
d196:16
n36:14
d164:13
f188:3
d129:0
d214:0
d129
d164
d196
f188
f260/
f297
f30
d84:00 8E 56
d129
d164
d196
f188
f260/
f297
f30
Invalid operation
Invalid operation
Invalid operation
d178
d196/
d200
d208/
d250/
d251
d84
f150
f154
f230
f258
f287/
f295/
f32/
f5
n10
n107/
n69
Null
Invalid operation
Invalid operation
d178
d196/
d208/
d250/
d251
d84
f150
f154
f230
f258
f287/
f295/
f32/
f5
n10
n107/
n69
Invalid operation
Invalid operation
Invalid operation
d84:29
n69:21
n10:17
d251:16
d178:14
Invalid operation
d250:dir:0
Null
Invalid operation
/d71/f222/f218/f177/n119/n32/n69
n69:d.bq1q.nzxqh_ni -h5-4
Invalid operation
d84:D1 D0 00 00 00
d84:23 F9 AD 26 C2 12 42 A8 C5 00 00 00 EF E2 A9 36 D1 D0 00 00 00 7A 9C
n69:d.bq1q.nzxqh_ni -h5-4x
Invalid operation
Invalid operation
Invalid operation
d141
d19
d191/
n77/
Invalid operation
d141
d19
d191/
f41
n77/
d191:dir:0
Invalid operation
f41:16
d141:12
d19:71 8A A5 9E 00 00 95
d191:dir:0
Invalid operation
d19:00 00 95 38
d84:AD 26 C2 12 42 A8 C5 00 00
n32/
├── d178
├── d196/
│   ├── d129
│   ├── d164
│   ├── d175/
│   ├── f110
│   ├── f188
│   ├── f260/
│   │   └── f247/
│   ├── f297
│   ├── f30
│   └── n105
├── d208/
├── d250/
│   ├── f146
│   └── f43
├── d251
├── d84
├── f150
├── f154
├── f230
├── f258
├── f287/
├── f295/
│   ├── d141
│   ├── d19
│   ├── d191/
│   ├── d212/
│   ├── d74/
│   ├── f123/
│   ├── f41
│   ├── f86/
│   └── n77/
├── f32/
│   ├── d122
│   ├── d199/
│   │   ├── f219/
│   │   │   └── n106/
│   │   ├── f236
│   │   └── f257
│   ├── d235/
│   ├── d248
│   ├── d271
│   ├── d39
│   ├── d47
│   ├── f109
│   ├── f136/
│   ├── f156
│   ├── f218/
│   ├── f54/
│   ├── f64
│   ├── f81
│   ├── f95/
│   ├── n39/
│   └── n9/
├── f5
├── n10
├── n107/
└── n69
/d71/f222/f218/f177/n119/n32/f32/f156
d47:00 9A
f156:md:21
f156:35
f64:10
d39:5
d128:4
f81:4
Invalid operation
d128
d199/
d235/
d248
d271
d292/
d39
d47
f109
f136/
f156
f218/
f220
f54/
f64
f81
f95/
n39/
n9/
n69:d.bq1q.nzxqh_ni -h5-4
Invalid operation
n69:d.bq1q.nzxqh_ni -h5-4
Invalid operation
Invalid operation
d84:CC EA B8 53 83 DB CF C8 94 85 0A 23 64 FB 3D 00 8E 56 EB C8 9D 41 23 F9 AD 26 C2 12 42 A8 C5 00 00 00 EF E2 A9 36 D1 D0 00 00 00 7A 9C 3A C3 20 00 00 00 F3 AE F6
d112
d178
d208/
d250/
d251
d84
f154
f230
f258
f259/
f263/
f287/
f295/
f32/
f36/
f5
n10
n107/
n69
d250:dir:0
d250:dir:0
d250:dir:0
Invalid operation
Invalid operation
d250:dir:0
Invalid operation
/d71/f222/f218/f177/n119/n32/n69
d112
d178
d180/
d208/
d227
d250/
d251
d272/
d84
f154
f161/
f230
f258
f259/
f263/
f287/
f295/
f32/
f36/
f5
f59
n10
n107/
n69
d112
d178
d180/
d208/
d227
d250/
d251
d272/
d84
f154
f161/
f230
f258
f259/
f263/
f287/
f295/
f32/
f36/
f5
f59
n10
n107/
n69
d84:94 0E C1 2A B0 BB
Invalid operation
f272:C3 4A 89
d250:dir:0
n69:d.bq1q.nzxqh_ni -h5-4xfj3lxq8.g1 1b
d250:dir:0
Invalid operation
Invalid operation
d250:dir:0
n69:d.bq1q.nzxqh_ni -h5-4xfj3lxq8.g1 1b
Invalid operation
Invalid operation
f230:9F 9B 54 9B 00 00 00 00 00 F2 2F 36 C5 DB
f93:0B 76 04 27 34 B4 8A 43 9B E8 37 75 45 6D 4B F3 03 7B 04 91 24 B3 DA 76 00 DE 89 C4 14 19 FC 9B 56 77 5C 64 92 00
f93:DE 89 C4 14 19
n119/
n48:txt:1
d222/
d261/
d222/
f207/
d150:i6g9xrbx.rze0u74lg9x8.0y.axe-hjtjuyxu.khiff.5_q
f207/
Null
Invalid operation
Invalid operation
Invalid operation
Invalid operation
Invalid operation
Invalid operation
Invalid operation
Invalid operation
Invalid operation
d239
d250/
d85
f14
f207/
f212/
f225
n17
n56/
n59
n85
Invalid operation
d239
d250/
d85
f14
f207/
f212/
f225
n17
n56/
n59
n85
Invalid operation
d239
d250/
d85
f14
f144
f212/
f225
f264
f286/
n17
n56/
n59
n85
Invalid operation
Invalid operation
Invalid operation
Invalid operation
Invalid operation
d239
d250/
d270
d78/
d85
f14
f144
f207/
f212/
f225
f264
f286/
n17
n56/
n59
n85
d239
d250/
d270
d78/
d85
f14
f144
f207/
f212/
f225
f264
f286/
n17
n56/
n59
n85
Invalid operation
Invalid operation
Invalid operation
d239
d250/
d78/
d85
f14
f144
f207/
f212/
f225
f264
f286/
n17
n56/
n59
n85
d239
d250/
d66/
d78/
d85
f14
f144
f207/
f212/
f225
f264
f286/
n17
n56/
n59
n85
f177/
├── d145
├── d239
├── d250/
├── d280/
├── d66/
├── d78/
├── d85
├── f14
├── f144
├── f212/
├── f225
├── f244
├── f264
├── f286/
├── n17
├── n56/
├── n59
└── n85
Invalid operation
d239:D5 0E 65 2C FC
Invalid operation
Invalid operation
Invalid operation
d145
d203/
d250/
d264
d280/
d296
d51/
d61/
d66/
d85
f14
f144
f200
f212/
f244
f264
f286/
n37/
n56/
n59
n85
f144:E2
d145
d160/
d164/
d203/
d213
d250/
d264
d265
d280/
d296
d51/
d61/
d66/
d85
f14
f144
f200
f212/
f264
f286/
n37/
n56/
n59
n85
Null
n85:tq8yxx
n115:dir:0
f144:A1
f144:A1 A0
d145
d160/
d164/
d203/
d213
d250/
d264
d265
d280/
d296
d51/
d61/
d66/
d85
f14
f144
f200
f212/
f264
f286/
n110/
n37/
n56/
n59
n85
d145
d160/
d164/
d203/
d213
d250/
d264
d265
d280/
d296
d51/
d61/
d66/
d85
f14
f144
f152
f200
f212/
f264
f286/
n110/
n37/
n56/
n59
n85
Null
Invalid operation
Invalid operation
Invalid operation
Invalid operation
d145
d164/
d203/
d213
d250/
d265
d280/
d296
d51/
d61/
d85
f14
f152
f159
f200
f212/
f264
n110/
n37/
n56/
n59
n83
n85
Invalid operation
d138:bhl1ibk3p7ymm
f93:19 FC 9B 56 77 5C 14
Invalid operation
d138:13
d253:5
d138
d153/
d253
d47
f177/
f254
n22/
f141/
f236
f254:A4
f123/
Invalid operation
Invalid operation
Invalid operation
Invalid operation
f141/
f141/
Invalid operation
Invalid operation
Invalid operation
/d71/f222/f218/f159/n65
d138:bhl1ibk3p7ymm
Invalid operation
Invalid operation
Invalid operation
Null
Invalid operation
f254:32
f254:42 D0 69 1B D5 EC 32
d279:jm3wn
/d71/f222/f218/f159/f141/d279
f254:81 18 53 81 42 D0 69 1B D5 EC
Invalid operation
Invalid operation
Invalid operation
f254:18 53 81 42 D0
Invalid operation
f254:53
Invalid operation
d211:md:7
d211:xxbkw0m
d211
Invalid operation
d138
d253
f159/
f177/
f254
n22/
d138
d253
f269
n22/
Null
f93:75 45 6D 4B F3 03 7B 04 91 24 B3 DA 76 00
d138
d253
n22/
Invalid operation
d1/
d213
d256
d69
d73/
f101/
f109
f218/
f236
f30/
n70
d1/
d213
d256
d69
d73/
f101/
f109
f218/
f236
f30/
n70
Invalid operation
f93:7B 04 91 24 B3
f138:D6 8E DF 8B 59
d1/
d213
d35
d73/
f101/
f109
f218/
f236
f30/
n70
d1/
d35
d73/
f101/
f236
f30/
n70
/d71/f222/n70
f222/
├── d35
├── d73/
├── f101/
├── f218/
│   ├── d138
│   ├── d253
│   ├── f119
│   ├── f192/
│   ├── n108/
│   ├── n20
│   ├── n22/
│   │   ├── d210
│   │   ├── d55
│   │   └── f28
│   └── n32
├── f236
├── f30/
│   ├── d202/
│   ├── d43/
│   └── n34/
│       ├── d24
│       ├── d260
│       ├── f288/
│       ├── n110/
│       └── n42/
└── n70
Invalid operation
Invalid operation
d1/
d35
d73/
f101/
f218/
f236
f30/
n70
n70:6z8f3__2_ 
Null
f30:dir:0
f93:A0
n70:6z8f3__2_ x
f179:A4
d35:15
n70:15
f179:6
d26:4
f236:0
f271:CE 4D
Invalid operation
Null
n70:6z8f3__2_ xx
Invalid operation
Invalid operation
Invalid operation
d1/
d160
d185/
d206
d35
d73/
f116
f13
f218/
f227/
f236
f26
f262
f271
f293
f30/
d33/
f222/
n15:-_l8xxxkqh.t1okixnv045utrk66oam2rf_q66u_mjx2.vagwoexdjwogw6t5jri9y114q1wtpq-dxw6j0qypjvvx5iyzy17zjr.z5_hwaq89mhqr2qa6g8l76p3wyv9xca6t7e2a3q xrwmc0vi-v4la7apl6vkzjt_ro1x9b0gfmxjub.to6hx88fn2xfxnap61i3nsfs0n0a_hotw 
Invalid operation
Invalid operation
d33:dir:0
Invalid operation
/n15
Invalid operation
f163
Invalid operation
f293:1
Invalid operation
f88:AD 7A 8E
Invalid operation
Invalid operation
f88:7A 8E 00 C2 3B 9D 3D
f293:xw0k1u4u2l2295as-fna4t7plua-o
d140/
d23/
d33/
f148
f278/
f281
f293
f32/
f36
f88
d140/
d23/
d29/
d33/
f148
f278/
f281
f293
f32/
f36
f88
d140/
d23/
d29/
d33/
f122
f148
f278/
f281
f293
f32/
f36
f88
d71/
├── d124
├── d140/
├── d162/
├── d23/
│   └── f163
├── d33/
│   ├── n101
│   └── n103
├── f164
├── f278/
├── f281
├── f293
├── f32/
├── f36
└── f88
f88:3B 9D
f88:1F AD 3E 8E 00 C2 3B 9D 3D
Null
n15:214
f93:41
d152:17
Invalid operation
n15:214
f93:41
d152:17
n15:214
f93:41
d152:17
n15:-_l8xxxkqh.t1okixnv045utrk66oam2rf_q66u_mjx2.vagwoexdjwogw6t5jri9y114q1wtpq-dxw6j0qypjvvx5iyzy17zjr.z5_hwaq89mhqr2qa6g8l76p3wyv9xca6t7e2a3q xrwmc0vi-v4la7apl6vkzjt_ro1x9b0gfmxjub.to6hx88fn2xfxnap61i3nsfs0n0a_hotw x
d101
d111
d135/
d141
d151/
d152
d168
d173/
d179
d190/
d197/
d245/
d291
d39/
d4/
d54
d71/
d77
f103
f104/
f105/
f11
f112/
f113/
f114/
f117
f120/
f122
f128/
f165
f185
f191/
f197/
f212
f214
f22/
f224/
f231
f234
f263
f290/
f33
f41
f46/
f50/
f53/
f61/
f78
f82/
f86
f93
n109/
n117/
n15
n43
n49
n58/
n8/
n82
n93/
f120:dir:0
d116/
f105/
f272
f284/
Invalid operation
Invalid operation
Invalid operation
/n109/f272
d116/
f105/
f272
f284/
n11
f93:63 D6 27 8A 77 DA 44 A1 AA 79 7A 45 6D 4B
f272:3qx
f24/
Invalid operation
Invalid operation
f91:z.4hyqu-0.jbxttw5xsyd97y
Invalid operation
Invalid operation
Invalid operation
Invalid operation
Invalid operation
f24:dir:0
f24:dir:0
Invalid operation
Invalid operation
Invalid operation
d129
n24
n45/
/n109/f284/d190/n24
f233/
Invalid operation
f35
n24
n45/
n24:5xhn6nsyqmt- _fmt7014hybxx
d267:00 00 00 B0 27 4A CD 65 CD 4D 41
Invalid operation
/n109/f284/d190/f81
f81
Invalid operation
f79
f79
/n109/f284/d190/n31
n31:ys0zcu_he9t65_cxh7up82.pe1tg f2- 
Invalid operation
Invalid operation
Invalid operation
Invalid operation
n89:txt:0
n89:0
d267:74 D7 46 D3 BB 81 C6
f278:5
Invalid operation
Invalid operation
Invalid operation
f293:md:12
d267:4A
Invalid operation
f45:B1
f260
f45
f45:bin:5
Invalid operation
d39/
f121/
f260
f45
d39/
f260
f45
Invalid operation
Invalid operation
d39/
f260
f45
Invalid operation
f45:A8 1F 29 A1 97
f199
f260
f264
f45
n18
f45:bin:5
f45:00
Invalid operation
Invalid operation
f260
f264
f45
f82/
f83
n18
f264
f283/
f45
f82/
f83
n18
f45:bin:8
Invalid operation
Invalid operation
Invalid operation
Invalid operation
d232/
d263/
f264
f283/
f45
f82/
f83
n10/
n18
Invalid operation
f45:bin:11
f45:A8 1F 29 A1 97
Invalid operation
Invalid operation
Invalid operation
d267:5F B7 E4 D5 FA
/n109/f284/d267
f225:dir:0
Invalid operation
f225/
Invalid operation
Invalid operation
f292:0
d267:CD 4D 41 77 4A AA
f225:dir:0
d190/
├── f225/
│   ├── d232/
│   ├── f264
│   ├── f283/
│   ├── f45
│   ├── f82/
│   ├── f83
│   ├── n10/
│   └── n18
├── f292
├── f65
└── n42
Null
d232/
f264
f283/
f45
f82/
f83
n10/
n18
d232/
f264
f283/
f45
f82/
f83
n10/
n18
/n109/f284/d190/f225/f45
Invalid operation
Invalid operation
d232/
f264
f283/
f45
f82/
f83
n10/
n18
Invalid operation
d232/
f264
f283/
f45
f82/
f83
n10/
n18
Invalid operation
Invalid operation
Null
Invalid operation
/n109/f284/d190/f225/f45
d232/
f18/
f264
f283/
f45
f82/
n10/
n18
n18:D4 DE 36 6E
d206:
d206:
Invalid operation
f225:dir:0
n42:
n42:lfctxk-
Invalid operation
n20
Invalid operation
f29:elau
d181/
d223/
d260/
d59
f163
n29
f163:BC
d260:dir:0
Invalid operation
Invalid operation
Invalid operation
f163:00 00
d181
d223/
d243/
d260/
d77/
f163
n29
Invalid operation
Invalid operation
n103
Invalid operation
d260:dir:0
Invalid operation
n110/
Invalid operation
n110/
n110:dir:0
d260:dir:0
d181
d207/
d223/
d243/
d260/
d36/
d77/
f163
n29
d260:dir:0
Invalid operation
Invalid operation
d207/
d223/
d243/
d260/
d37/
d77/
d260:dir:0
d207/
d243/
d260/
d37/
d77/
f159
f163
f251/
f259/
f28
Invalid operation
f163:E2
Invalid operation
d207/
d243/
d260/
d37/
f159
f163
f251/
f28
f225:dir:0
d258
d62
d99
f136
f225/
f77/
d258
d62
d99
f136
f225/
f77/
Invalid operation
f136:AF 25 09
Invalid operation
/n109/f284/d190/f225/f82/d137
d206
f82/
d137
d2
d218
d228
d294
d93
f145
n18
Invalid operation
d137
d199/
d2
d218
d228
d294
d93
f145
n18
Invalid operation
Invalid operation
Invalid operation
/n109/f284/d190/f225/f82/d137
d137:gqxu.q2w1i9-qj-r
Invalid operation
Invalid operation
d137:43
d93:20
d2:10
d218:7
d228:6
n18:1
d294:0
f234:0
/d141
d148
f171
n110
d137:45
d93:25
d2:10
d218:7
d93:16 E2 69 F7 00 00
d116/
Invalid operation
d116/
d292
f53
/n109/f284/d190/f225/f82/f289/d292
d116/
f246/
f53
d116/
f246/
f53
d116/
f246/
f53
d93:08 CB 4E 5A 00 00 00 00 00 00 35 91 4B 7A 00 16 E2 69 F7 00
Invalid operation
f53:i a8dq8xhu8gxbe5cx0
f53:19
d93:00 95 91 4B 7A 00 16 E2 69 F7 00 00 00 00 00
d93:95 91 4B 7A
Invalid operation
f246/
n79:txt:16
d93:F7 00
d93:69 F7 00 00
d93:8E 00 05 FF 83 00
Invalid operation
Null
d93:E2
d2:wktjse549p
Invalid operation
Invalid operation
d2:wktjse549p
Invalid operation
Invalid operation
f82/
├── d137
├── d173
├── d193
├── d199/
│   ├── d136/
│   ├── f71
│   └── f91/
├── d2
├── d218
├── d294
├── d79/
│   ├── d148
│   └── f171
├── d93
├── f201
├── f279/
├── f289/
│   ├── f15
│   ├── f79
│   ├── n79
│   └── n94
├── f5/
├── n10
└── n18
d137
d173
d193
d199/
d2
d218
d294
d79/
d93
f201
f279/
f289/
f5/
n10
n18
d2:txt:10
Invalid operation
/n109/f284/d190/f225/f82/d2
Invalid operation
Invalid operation
Invalid operation
f71:02
Invalid operation
Invalid operation
Invalid operation
Invalid operation
Invalid operation
Invalid operation
Invalid operation
f71:D7 00 6A
Invalid operation
Invalid operation
d136/
d216
d31
f187
f200
f206
f231/
f71
n60
Invalid operation
Invalid operation
f200:14
f71:12
d284:7
d136/
d216
d284
d31
f187
f200
f206
f231/
f71
n60
Null
Invalid operation
/n109/f284/d190/f225/f82/d199/f71
d136/
d216
d284
d31
f187
f200
f206
f231/
f71
n60
Invalid operation
Invalid operation
f71:bin:12
Invalid operation
f243
f71:67 34 A7
f243:
/n109/f284/d190/f225/f82/d199/d136/f243
Invalid operation
Invalid operation
Invalid operation
Invalid operation
d136/
d176
d216
d284
d31
f187
f200
f231/
f71
f187:0B 46 75 7F
f187:FC 33
f187:75 7F FC 33 1C
Invalid operation
d173
d199/
d2
d200
d218
d294
d79/
d93
f201
f279/
n10
n18
n69/
Invalid operation
d173
d199/
d2
d200
d218
d294
d79/
d93
f201
f279/
n10
n18
n69/
Invalid operation
d2:txt:11
d93:C5 AF E3 E1 26 00 6B 49 3F 69 F7 00 FC 65 4C 41 87 CE ED 37 D7 64
d2:11
d218:7
f201:4
d173:3
n18:1
d200:0
d173
d199/
d2
d200
d205/
d218
d294
d79/
f279/
n10
n18
n69/
d2:wktjse549p4
d2:wktjse549p4
d173
d199/
d2
d200
d205/
d218
d294
d79/
f122
f153
f279/
f297
f5
n10
n18
n58
n69/
n91/
d206: q3_
Invalid operation
d258
d62
d99
f136
f173/
f225/
f77/
f225:dir:0
Invalid operation
d190/
├── d258
├── d62
├── d99
├── f136
├── f173/
├── f225/
│   ├── d206
│   └── f82/
│       ├── d173
│       ├── d199/
│       │   ├── d136/
│       │   │   └── f243
│       │   ├── d176
│       │   ├── d216
│       │   ├── d279
│       │   ├── d284
│       │   ├── d295/
│       │   ├── f187
│       │   ├── f200
│       │   ├── f231/
│       │   └── n105/
│       ├── d2
│       ├── d200
│       ├── d205/
│       ├── d218
│       ├── d294
│       ├── d79/
│       │   ├── d148
│       │   └── f171
│       ├── f122
│       ├── f153
│       ├── f279/
│       ├── f297
│       ├── f5
│       ├── n10
│       ├── n18
│       ├── n58
│       ├── n69/
│       └── n91/
├── f260
└── f77/
    ├── d207/
    ├── d243/
    ├── d260/
    │   ├── f113
    │   ├── f246
    │   └── n35
    ├── d37/
    ├── f159
    ├── f163
    ├── f251/
    └── f28
Invalid operation
d16
d258
d62
d99
f136
f148
f225/
f260
f77/
Invalid operation
f163:6
f28:1
f159:0
Invalid operation
f127/
f246
n35
Invalid operation
f136:25 3E
Null
f77/
├── d207/
├── d240
├── d243/
├── d260/
│   ├── f246
│   └── n35
├── d37/
├── f159
├── f251/
└── f7/
    └── f157
Invalid operation
Invalid operation
f159:cjx
f159:cjx
Invalid operation
Invalid operation
f159:cjx6-
f136:66 98 7E
Invalid operation
d240:ojjq4mme8fnca8
Invalid operation
d240:ojjq4mme8fnca8-5-7uw qjz3s
d207/
d240
d243/
d260/
d269
d84
d98
f155
f251/
f67/
f91/
n29/
d260:dir:0
d207/
d240
d243/
d260/
d269
d84
d98
f107
f11
f155
f251/
f91/
n29/
/n109/f284/d190/f77/d240
Invalid operation
f136:7E 00 00 00 CC 96
d151/
d207/
d239
d240
d243/
d260/
d269
d84
d98
f107
f11
f155
f251/
f91/
n29/
n76/
d239:AA
d151/
d207/
d239
d240
d243/
d260/
d269
d84
d98
f107
f11
f155
f251/
f91/
n29/
n76/
Invalid operation
/n109/f284/d190/f77/d240
Invalid operation
d260:dir:0
Invalid operation
d130/
d151/
d181/
d207/
d239
d240
d243/
d260/
d269
d84
d98
f107
f11
f155
f251/
f91/
n29/
n76/
f252/
f252/
f265
f252/
f266
Invalid operation
Null
Invalid operation
f77/
├── d130/
├── d151/
│   ├── d233
│   ├── f252/
│   ├── f259
│   ├── f265
│   ├── f266
│   └── n96
├── d207/
├── d239
├── d240
├── d243/
├── d254/
├── d260/
│   ├── f246
│   └── n35
├── d84
├── d98
├── f107
├── f155
├── f251/
├── f284/
├── f91/
├── n29/
└── n76/
Invalid operation
Null
Invalid operation
Invalid operation
d0/
d190/
d267
d85
f24/
f136:00 00 00 8D 01 EC 70
Invalid operation
d103/
d130/
d151/
d207/
d239
d243/
d254/
d260/
d84
d98
f107
f155
f233
f251/
f284/
f91/
n29/
n76/
d103/
d130/
d151/
d207/
d239
d243/
d254/
d260/
d84
d98
f107
f155
f233
f251/
f278/
f284/
f91/
n29/
n76/
Null
d103/
d130/
d151/
d207/
d239
d243/
d254/
d260/
d84
d98
f107
f155
f233
f251/
f284/
f91/
n29/
n76/
Invalid operation
d98:og-ldohos9l 2xx7k
Invalid operation
d130/
d151/
d207/
d239
d243/
d254/
d260/
d84
d98
f107
f155
f163
f22
f233
f251/
f284/
f91/
n76/
f77/
├── d130/
├── d151/
│   ├── d233
│   ├── f252/
│   ├── f259
│   ├── f265
│   ├── f266
│   └── n96
├── d207/
├── d239
├── d243/
├── d254/
├── d260/
│   ├── f246
│   └── n35
├── d84
├── d98
├── f107
├── f155
├── f163
├── f22
├── f233
├── f251/
├── f284/
├── f91/
└── n76/
d130/
d151/
d207/
d239
d243/
d254/
d260/
d84
d98
f107
f155
f163
f22
f233
f251/
f284/
f91/
n76/
Invalid operation
Invalid operation
/n109/f284/d190/f77/d98
Null
Invalid operation
Invalid operation
Invalid operation
/n109/f284/d190/f77/d98
Invalid operation
Null
Invalid operation
Invalid operation
Invalid operation
Invalid operation
d99:xvz4gg1br-tel5sy32_92pzl8w42p45nx h1o0jfqkv2qex294g.j6dyscjne01tkk.q281kn.6o_74
Invalid operation
d275/
d62
d76
d83/
d99
f127
f136
f148
f216/
f223
f225/
f260
f37
f77/
n101
f225:dir:0
f136:61 EC 00 00 00 8D
Invalid operation
f91:24
d265/
d52/
d62/
f91
d179:4A
d179
d265/
d52/
Invalid operation
f142:10
f24:dir:0
d178:00 00 00 00
d102
d178
d190/
d85
f24/
d102
d178
d190/
d85
f24/
Invalid operation
Invalid operation
d178:00
d178
d190/
d253
d85
f24/
f251
d178
d190/
d253
d85
f24/
Invalid operation
d135
d178
d190/
d85
f24/
f87
Null
Invalid operation
d116:dir:0
d116/
d18/
f105/
f272
f284/
n86
d116/
d18/
f105/
f272
f284/
n86
n86:8
d116/
f105/
f272
f284/
n86
d112
d116/
d285/
f272
f284/
n86
Invalid operation
d112
d116/
d285/
f272
f284/
n86
Invalid operation
d112
d116/
d285/
f157
f272
f284/
n86
d112
d116/
d285/
f157
f272
f284/
n86
d112
d116/
d285/
f157
f272
f284/
n64
n86
Invalid operation
Invalid operation
Invalid operation
f87:34
d135:15
d85:8
Invalid operation
Invalid operation
d190/
f24/
f87
f24:dir:0
n64:00 D6
f38:16
n19:15
d128:2
Invalid operation
n33/
└── f260
d128:.3zc3urvw-lek ps9pl
d128:.3zc3urvw-lek ps9pl
f24:dir:0
Invalid operation
d128
d171/
d190/
d236
d81/
f24/
f31/
n19
n33/
Invalid operation
Invalid operation
d101
d111
d135/
d141
d151/
d152
d168
d173/
d179
d190/
d197/
d245/
d291
d39/
d4/
d54
d71/
d77
f104/
f105/
f11
f112/
f113/
f114/
f117
f120/
f122
f128/
f165
f185
f191/
f197/
f212
f214
f22/
f224/
f231
f234
f263
f290/
f33
f41
f46/
f50/
f53/
f61/
f78
f82/
f86
f93
n109/
n117/
n15
n49
n58/
n8/
n82
n93/
Invalid operation
d101
d111
d135/
d141
d151/
d152
d168
d173/
d179
d190/
d197/
d245/
d291
d39/
d4/
d54
d71/
d77
f104/
f105/
f11
f112/
f113/
f114/
f117
f120/
f122
f128/
f165
f185
f191/
f197/
f212
f214
f22/
f224/
f231
f234
f263
f290/
f33
f41
f46/
f50/
f53/
f61/
f78
f82/
f86
f93
n109/
n117/
n15
n49
n58/
n8/
n82
n93/
Invalid operation
d101
d111
d135/
d141
d151/
d152
d168
d173/
d190/
d197/
d245/
d291
d39/
d4/
d54
d71/
d77
f104/
f105/
f112/
f113/
f114/
f117
f120/
f122
f128/
f165
f185
f191/
f197/
f212
f214
f22/
f224/
f231
f234
f263
f290/
f33
f41
f46/
f50/
f53/
f61/
f78
f82/
f86
f93
n109/
n117/
n15
n49
n58/
n8/
n82
n93/
Invalid operation
f93:7E 45 8D 5A D1 2C 63 D6 27 6E E6 15 A4 18 94 79 7A 45 6D 4B F3 03 7B 04 91 C0 D1 B7 6E 97 93 8A 68 24 25 98 91 C1 82 B8 E5
f93:24 25 98 91 C1
f120:dir:0
Invalid operation
f93:8D 5A D1 2C 63 D6 27 6E E6 15 A4 18 94 79 7A 45 6D 4B F3 03 7B 04 91 C0 D1
d101
d111
d135/
d143/
d151/
d152
d168
d173/
d190/
d197/
d245/
d286/
d290/
d291
d295
d39/
d4/
d54
d71/
d77
f104/
f105/
f113/
f114/
f117
f120/
f122
f128/
f165
f197/
f212
f214
f22/
f234
f263
f290/
f33
f41
f46/
f50/
f53/
f61/
f78
f82/
f86
f93
n109/
n117/
n15
n30
n49
n58/
n8/
n82
n93/
n15:-_l8xxxkqh.t1okixnv045utrk66oam2rf_q66u_mjx2.vagwoexdjwogw6t5jri9y114q1wtpq-dxw6j0qypjvvx5iyzy17zjr.z5_hwaq89mhqr2qa6g8l76p3wyv9xca6t7e2a3q xrwmc0vi-v4la7apl6vkzjt_ro1x9b0gfmxjub.to6hx88fn2xfxnap61i3nsfs0n0a_hotw xdz
d104/
d156/
f93:6D
Invalid operation
Invalid operation
d101
d111
d135/
d143/
d151/
d152
d168
d173/
d190/
d197/
d245/
d286/
d290/
d291
d295
d39/
d4/
d54
d71/
d77
f104/
f105/
f113/
f114/
f117
f120/
f122
f128/
f165
f197/
f212
f214
f22/
f234
f263
f290/
f33
f41
f46/
f50/
f53/
f78
f82/
f86
f93
n109/
n117/
n15
n30
n49
n58/
n8/
n82
n93/
f93:C1 82 F8 91 00
n15:216
f93:46
d152:17
n15:-_l8xxxkqh.t1okixnv045utrk66oam2rf_q66u_mjx2.vagwoexdjwogw6t5jri9y114q1wtpq-dxw6j0qypjvvx5iyzy17zjr.z5_hwaq89mhqr2qa6g8l76p3wyv9xca6t7e2a3q xrwmc0vi-v4la7apl6vkzjt_ro1x9b0gfmxjub.to6hx88fn2xfxnap61i3nsfs0n0a_hotw xdz
Invalid operation
Null
Null
d101
d111
d135/
d143/
d151/
d152
d168
d173/
d190/
d197/
d245/
d286/
d290/
d291
d295
d39/
d4/
d54
d71/
d77
f104/
f105/
f113/
f114/
f117
f120/
f122
f128/
f165
f197/
f212
f214
f22/
f234
f263
f287/
f290/
f33
f41
f46/
f50/
f53/
f78
f82/
f86
f93
n109/
n117/
n15
n30
n49
n58/
n8/
n82
n93/
n15:-_l8xxxkqh.t1okixnv045utrk66oam2rf_q66u_mjx2.vagwoexdjwogw6t5jri9y114q1wtpq-dxw6j0qypjvvx5iyzy17zjr.z5_hwaq89mhqr2qa6g8l76p3wyv9xca6t7e2a3q xrwmc0vi-v4la7apl6vkzjt_ro1x9b0gfmxjub.to6hx88fn2xfxnap61i3nsfs0n0a_hotw xdz
d101
d111
d135/
d143/
d151/
d152
d168
d173/
d190/
d197/
d245/
d286/
d290/
d291
d295
d39/
d4/
d54
d71/
d77
f104/
f105/
f113/
f114/
f117
f120/
f128/
f165
f197/
f212
f214
f22/
f234
f263
f287/
f290/
f33
f41
f46/
f50/
f53/
f78
f86
f93
n109/
n117/
n15
n30
n49
n58/
n8/
n82
n93/
f120:dir:0
Invalid operation
d202:txt:4
Invalid operation
n15:-_l8xxxkqh.t1okixnv045utrk66oam2rf_q66u_mjx2.vagwoexdjwogw6t5jri9y114q1wtpq-dxw6j0qypjvvx5iyzy17zjr.z5_hwaq89mhqr2qa6g8l76p3wyv9xca6t7e2a3q xrwmc0vi-v4la7apl6vkzjt_ro1x9b0gfmxjub.to6hx88fn2xfxnap61i3nsfs0n0a_hotw xdz62v_jk6c
Invalid operation
f93:A2 1E 4F FA C0 EC
d101
d111
d135/
d143/
d151/
d152
d168
d173/
d190/
d197/
d245/
d286/
d290/
d291
d39/
d4/
d54
d71/
d77
f104/
f105/
f113/
f114/
f117
f120/
f128/
f165
f197/
f212
f22/
f234
f263
f287/
f290/
f33
f41
f50/
f53/
f78
f86
f93
n109/
n117/
n15
n30
n47/
n49
n5
n58/
n8/
n82
n93/
d101
d111
d135/
d143/
d151/
d152
d168
d173/
d190/
d197/
d245/
d286/
d290/
d291
d39/
d4/
d54
d71/
d77
f104/
f105/
f113/
f114/
f117
f120/
f128/
f165
f197/
f212
f22/
f234
f263
f287/
f290/
f33
f41
f50/
f53/
f78
f86
f93
n109/
n117/
n15
n30
n47/
n49
n5
n58/
n8/
n82
n93/
f93:63 D6 27 6E E6 15 A4 18 94 79 7A 45 6D 4B B5 A2 1E 4F FA C0
d101
d109
d111
d135/
d143/
d151/
d152
d168
d173/
d181/
d190/
d197/
d245/
d286/
d290/
d291
d39/
d4/
d54
d71/
d77
f104/
f105/
f113/
f114/
f117
f120/
f128/
f165
f21
f212
f22/
f234
f263
f287/
f290/
f33
f41
f50/
f53/
f78
f86
f93
n109/
n117/
n15
n47/
n49
n5
n58/
n8/
n82
n93/
n15:-_l8xxxkqh.t1okixnv045utrk66oam2rf_q66u_mjx2.vagwoexdjwogw6t5jri9y114q1wtpq-dxw6j0qypjvvx5iyzy17zjr.z5_hwaq89mhqr2qa6g8l76p3wyv9xca6t7e2a3q xrwmc0vi-v4la7apl6vkzjt_ro1x9b0gfmxjub.to6hx88fn2xfxnap61i3nsfs0n0a_hotw xdz62v_jk6c0 a5xalfzph_2mkurqx
Invalid operation
d101
d109
d111
d135/
d143/
d151/
d168
d173/
d181/
d190/
d197/
d245/
d286/
d290/
d291
d39/
d4/
d54
d71/
d77
f104/
f105/
f113/
f114/
f117
f120/
f128/
f165
f21
f212
f22/
f234
f263
f287/
f290/
f33
f41
f50/
f78
f86
f93
n109/
n117/
n15
n49
n5
n58/
n82
n93/
d156:dir:0
d156/
f149
f108/
Invalid operation
d156/
f240
Invalid operation
f240:
f240:
Null
Invalid operation
f240:txt:0
d156/
f158:dir:0
f93:31 6F 38 95 00
d101
d109
d111
d135/
d143/
d151/
d168
d173/
d175
d181/
d190/
d197/
d245/
d286/
d290/
d291
d39/
d4/
d54
d71/
d77
f104/
f105/
f113/
f114/
f117
f120/
f128/
f165
f19
f21
f212
f22/
f230/
f234
f263
f287/
f290/
f33
f41
f50/
f78
f86
f93
n109/
n117/
n15
n49
n5
n58/
n82
n93/
Invalid operation
n15:267
f93:55
Invalid operation
Null
Invalid operation
d202:txt:4
d202:x5iqx zf5
Invalid operation
f275:dir:0
Invalid operation
d202:txt:4
f93:C1 7D F8 91 00 31 6F 38 95 00 20 DD D5 9F FC DC D2 B8 00 00 06 C3 B6 CA
Invalid operation
Invalid operation
f109/
└── f275/
d225:dir:0
d159
d225/
d159:
d225:dir:0
d159:1
d256:0
d202
f109/
Invalid operation
f93:DE 94
Invalid operation
d202
f109/
d202
f109/
f256
f93:BD 93 8A 0A CB 25 C5 B1 F1 7D F8 91 00 31 6F D2 4E DC B0 8C 20 30 88 86 3D 5D F3 4F AE C3 B6 CA 00 00 00 00 00 19
d202:txt:20
f93:55 C8 2B 88 B6 E8 EA 5F 82 8B 2E 2C 52 BD 93 8A 0A CB 25 C5 B1 F1 7D F8 91 20 EF C8 14 EE 24 55 8C 20 30 88 86 3D 5D
f93:30 88 86 3D 5D F3 4F AE C3 B6 CA 00 00 00 00 00 19 D3 C2 EC 2D AA 00 00
f93:2E 2C 52 BD 93 8A 0A CB 25 C5 B1 F1 7D F8 91 20
f93:D3 C2
/d290/d140/f205
d233:dir:0
Invalid operation
f93:00 19 D3 C2 EC 2D
d233/
f205
Invalid operation
f93:3D 5D F3 4F AE C3 B6 CA 00 00 00 00
f205
f205
Invalid operation
Invalid operation
Invalid operation
Invalid operation
d290/
├── d140/
│   └── f205
├── d202
└── f101/
d202:x5iqi8zng pqfic.g9hxic5mnigm6w-onh6 _gwg
d140/
d202
f93:2D AA
n92:md:16
Invalid operation
Invalid operation
Invalid operation
f93:00 00 00 00
Invalid operation
d101
d109
d111
d135/
d143/
d151/
d168
d173/
d175
d181/
d190/
d197/
d217
d245/
d286/
d290/
d291
d39/
d4/
d54
d71/
d77
f104/
f105/
f108/
f113/
f114/
f117
f120/
f128/
f165
f186
f21
f212
f22/
f230/
f234
f263
f287/
f290/
f33
f41
f50/
f78
f86
f93
n109/
n117/
n15
n49
n5
n58/
n82
Invalid operation
d140/
d214/
d299
d7/
f103/
f273
n100
n46/
Invalid operation
n100:38
d299:8
f152:0
f273:0
Invalid operation
Invalid operation
Invalid operation
d299:55 8D
d299:00 55 8D 7A
d299:7A 33 01 BA C4 00
f205:i52wrlruxw
d299:2E 00
d260
f19
d260
f19
d299:AF E5 54 4C 58 B3
Invalid operation
Invalid operation
n15:-_l8xxxkqh.t1okixnv045utrk66oam2rf_q66u_mjx2.vagwoexdjwogw6t5jri9y114q1wtpq-dxw6j0qypjvvx5iyzy17zjr.z5_hwaq89mhqr2qa6g8l76p3wyv9xca6t7e2a3q xrwmc0vi-v4la7apl6vkzjt_ro1x9b0gfmxjub.to6hx88fn2xfxnap61i3nsfs0n0a_hotw xdz62v_jk6c0 a5xalfzph_2mkurqxokl ly3sbrxo19n9-laj8qi.-s-z
Invalid operation
f114:17
n78:16
d199:13
f31:8
d138:5
f87:4
d153:0
d232:0
d41:dir:0
d249
d41/
d74/
f124
f145
f158
f208
f262/
f263
f264/
f273/
f83
n15:-_l8xxxkqh.t1okixnv045utrk66oam2rf_q66u_mjx2.vagwoexdjwogw6t5jri9y114q1wtpq-dxw6j0qypjvvx5iyzy17zjr.z5_hwaq89mhqr2qa6g8l76p3wyv9xca6t7e2a3q xrwmc0vi-v4la7apl6vkzjt_ro1x9b0gfmxjub.to6hx88fn2xfxnap61i3nsfs0n0a_hotw xdz62v_jk6c0 a5xalfzph_2mkurqxokl ly3sbrxo19n9-laj8qi.-s-z
Invalid operation
n15:-_l8xxxkqh.t1okixnv045utrk66oam2rf_q66u_mjx2.vagwoexdjwogw6t5jri9y114q1wtpq-dxw6j0qypjvvx5iyzy17zjr.z5_hwaq89mhqr2qa6g8l76p3wyv9xca6t7e2a3q xrwmc0vi-v4la7apl6vkzjt_ro1x9b0gfmxjub.to6hx88fn2xfxnap61i3nsfs0n0a_hotw xdz62v_jk6c0 a5xalfzph_2mkurqxokl ly3sbrxo19n9-laj8qi.-s-z
Invalid operation
Invalid operation
d158/
d184/
f167
f21/
f290
n105
Invalid operation
d158/
f167
f21/
f290
f98/
n105
n27
Null
Invalid operation
Invalid operation
f290:7D DA F8 00 00 00 93 E7 7E
Invalid operation
Invalid operation
f167:00 4D
Invalid operation
Invalid operation
Invalid operation
f167:0A E0 59
d158/
d248
d267
f107/
f167
f204
f293
f99/
n105
n27
d101
d109
d111
d119
d135/
d143/
d151/
d168
d173/
d175
d181/
d183
d190/
d197/
d217
d245/
d286/
d290/
d291
d39/
d4/
d54
d71/
d77
f104/
f105/
f108/
f113/
f114/
f117
f120/
f128/
f165
f186
f21
f212
f22/
f230/
f234
f263
f287/
f290/
f33
f41
f50/
f78
f86
f90
f93
n109/
n117/
n15
n26/
n49
n5
n58/
n82
n97/
Invalid operation
n15:272
f93:79
d109:17
n15:272
f93:79
d109:17
d183:17
f234:17
f263:17
n15:284
f93:82
d109:17
Invalid operation
d101
d109
d111
d119
d135/
d143/
d151/
d168
d173/
d181/
d183
d190/
d197/
d217
d245/
d286/
d290/
d291
d31
d39/
d54
d71/
d77
f104/
f105/
f108/
f113/
f114/
f117
f120/
f128/
f165
f186
f21
f212
f22/
f230/
f233
f234
f263
f287/
f290/
f33
f41
f50/
f78
f86
f90
f93
n109/
n117/
n15
n26/
n49
n5
n58/
n82
n97/
/f33
f93:8C 20 30 88 86 3D 5D F3 4F AE C3 B6 CA 00 00 00 00 00 A3 A3 94 EC 2D AA 00 DC
d101
d109
d111
d119
d135/
d143/
d151/
d168
d173/
d181/
d183
d190/
d197/
d217
d245/
d286/
d290/
d291
d31
d39/
d54
d71/
d77
f104/
f105/
f108/
f113/
f114/
f117
f120/
f128/
f165
f186
f21
f212
f22/
f230/
f233
f234
f263
f287/
f290/
f33
f41
f50/
f78
f86
f90
f93
n109/
n117/
n15
n26/
n49
n5
n58/
n82
n97/
Invalid operation
/f86
f93:00 A3 A3 94 EC
d101
d109
d111
d119
d135/
d143/
d151/
d168
d173/
d181/
d183
d190/
d197/
d217
d245/
d290/
d291
d31
d39/
d54
d71/
d77
f104/
f105/
f108/
f113/
f114/
f117
f120/
f128/
f165
f186
f21
f212
f22/
f230/
f233
f234
f263
f287/
f290/
f33
f41
f50/
f78
f86
f90
f93
n109/
n117/
n15
n26/
n49
n5
n58/
n82
n97/
/n15
Invalid operation
Invalid operation
f93:07 E8 E8 D4 DB 82 8B 2E 2C 52 BD 93 8A 0A CB 25 C5 B1 F1 7D F8 77 20 EF C8 14 EE 24 55 8C 20 30 88 86 3D 5D F3 4F AE C3 B6 CA 00
Invalid operation
f120:dir:0
d101
d109
d111
d119
d135/
d143/
d151/
d168
d173/
d181/
d183
d190/
d197/
d217
d245/
d286/
d290/
d291
d31
d39/
d54
d71/
d77
f104/
f105/
f108/
f113/
f114/
f117
f120/
f128/
f165
f186
f201
f21
f212
f22/
f230/
f233
f234
f263
f287/
f290/
f33
f41
f50/
f78
f86
f90
f93
n109/
n117/
n15
n26/
n49
n5
n58/
n82
n97/
d101
d109
d111
d119
d135/
d151/
d168
d173/
d181/
d183
d190/
d197/
d217
d245/
d286/
d290/
d291
d31
d39/
d54
d71/
d77
f104/
f105/
f108/
f113/
f114/
f117
f120/
f128/
f165
f186
f201
f21
f212
f22/
f230/
f233
f234
f263
f287/
f290/
f33
f41
f50/
f78
f86
f90
f93
n109/
n117/
n15
n26/
n49
n5
n58/
n82
n97/
Invalid operation
f93:9D 5F 16 72 74 E9
/n15
d101
d109
d111
d119
d135/
d151/
d168
d173/
d181/
d183
d190/
d197/
d217
d245/
d286/
d290/
d291
d31
d39/
d54
d71/
d77
f104/
f105/
f108/
f113/
f114/
f117
f120/
f128/
f165
f186
f201
f21
f212
f22/
f230/
f233
f234
f263
f287/
f290/
f33
f41
f50/
f78
f86
f90
f93
n109/
n117/
n15
n26/
n49
n5
n58/
n82
n97/
d101
d109
d111
d119
d135/
d151/
d168
d173/
d181/
d183
d190/
d197/
d217
d220
d245/
d286/
d290/
d291
d31
d39/
d54
d71/
d77
f104/
f105/
f108/
f113/
f114/
f117
f120/
f128/
f165
f186
f201
f21
f212
f22/
f230/
f233
f234
f263
f287/
f290/
f33
f41
f50/
f78
f86
f90
f93
n109/
n117/
n15
n26/
n49
n5
n58/
n82
n97/
n15:-_l8xxxkqh.t1okixnv045utrk66oam2rf_q66u_mjx2.vagwoexdjwogw6t5jri9y114q1wtpq-dxw6j0qypjvvx5iyzy17zjr.z5_hwaq89mhqr2qa6g8l76p3wyv9xca6t7e2a3q xrwmc0vi-v4la7apl6vkzjt_ro1x9b0gfmxjub.to6hx88fn2xfxnap61i3nsfs0n0a_hotw xdz62v_jk6c0 a5xalfzph_2mkurqxokl ly3sbrxo19n9-laj8qi.-s-zx2r60pzdmlo6pxxbb6nap58f-84xx_pyoafw15ef6z9yh-
n15:328
f93:80
d109:17
n15:328
f93:80
d109:17
Invalid operation
d249
d41/
f124
f145
f158
f208
f262/
f264/
f273/
f83
d249
d41/
f124
f14/
f145
f158
f208
f262/
f263
f264/
f273/
f83
d249
d41/
f124
f14/
f145
f158
f208
f262/
f263
f264/
f273/
f83
d249
d41/
f124
f14/
f145
f158
f208
f262/
f263
f264/
f273/
f83
f83:53
f145:16
d249:14
f158:14
f208:7
f124:4
f263:0
Invalid operation
/d173/d249
f83:53
d249
d41/
f124
f14/
f145
f158
f208
f249
f262/
f263
f264/
f273/
f83
Invalid operation
Invalid operation
f208:FE
d249
d41/
f124
f14/
f145
f158
f208
f234/
f249
f262/
f264/
f273/
f65
f83
d249
d41/
f124
f14/
f145
f158
f208
f234/
f249
f262/
f264/
f273/
f65
f83
d280
d41/
f124
f14/
f145
f158
f208
f234/
f249
f262/
f264/
f273/
f65
f83
d41:dir:0
d280
d41/
f124
f14/
f145
f158
f208
f234/
f249
f262/
f264/
f273/
f65
f83
Invalid operation
d41/
d77/
f124
f14/
f158
f208
f234/
f249
f262/
f264/
f273/
f83
d41/
d77/
f124
f14/
f158
f208
f234/
f249
f262/
f264/
f273/
f83
Invalid operation
Invalid operation
d126/
d135/
d138
d148/
d153
d199
d211/
d232
d80/
f114
f122/
f125
f133/
f171/
f190/
f31
f87
f88/
f96/
n78
n8
f83:68
f158:14
f208:11
d76:7
f249:7
d41/
d76
d77/
f124
f14/
f158
f208
f234/
f249
f262/
f264/
f273/
f83
n46
f208:9A C5 FE AC 8C 00 72 D8 00
d41:dir:0
d41:dir:0
d41:dir:0
f208:00 00 00 00 C4 CC 94 20
f83:kb5srrtf7r1i5f-i8x3jc1s5jevdrzin668b4n4-0-9ll3am evwnm7ud1yull.yx_xx
Invalid operation
f208:9A C5 FE AC 8C
f208:00 00 00 00
Invalid operation
d147
d167/
d41/
d8
f124
f125
f14/
f150
f158
f184
f208
f249
f262/
f264/
f273/
f83
n46
d147
d41/
d8
f124
f125
f14/
f158
f184
f208
f249
f262/
f264/
f273/
f83
f92/
n46
d147
d41/
d8
f124
f125
f14/
f158
f184
f208
f249
f262/
f264/
f273/
f92/
n46
f158:.9u0s4997240i6
d41:dir:0
d41/
d8
f124
f125
f14/
f158
f184
f208
f249
f262/
f273/
f92/
n97
d41/
d8
f124
f125
f14/
f158
f184
f208
f249
f262/
f273/
f92/
n51
n97
d41/
d8
f124
f125
f14/
f158
f181
f184
f208
f249
f273/
f92/
n51
n97
f208:00 00 52 B9 94 20
f158:.9u0s4997240i63cxx
d41/
d8
d92/
f10
f124
f14/
f158
f184
f208
f249
f272/
f273/
f92/
n33
n97
d173/
├── d41/
│   ├── d126/
│   ├── d135/
│   ├── d138
│   ├── d148/
│   ├── d153
│   ├── d199
│   ├── d211/
│   ├── d232
│   ├── d80/
│   ├── f114
│   ├── f122/
│   ├── f125
│   ├── f133/
│   ├── f171/
│   │   └── f286
│   ├── f190/
│   ├── f31
│   ├── f87
│   ├── f88/
│   ├── f96/
│   ├── n78
│   └── n8
├── d8
├── d92/
├── f10
├── f124
├── f14/
├── f158
├── f184
├── f208
├── f249
├── f272/
├── f273/
├── f92/
├── n33
└── n97
d41:dir:0
d41/
d8
d92/
f10
f124
f14/
f158
f184
f208
f249
f272/
f273/
f92/
n33
n97
Invalid operation
d41/
d8
d92/
f10
f124
f14/
f158
f208
f249
f272/
f273/
f92/
n33
n97
f158:.9u0s4997240i63cxx
Null
d41/
d8
d92/
f10
f124
f14/
f158
f208
f249
f272/
f273/
f92/
n33
n97
d41/
d8
d92/
f10
f124
f14/
f158
f184
f208
f249
f272/
f273/
f92/
n33
n97
d41/
d8
d92/
f10
f124
f14/
f158
f184
f208
f249
f272/
f273/
f92/
n33
n97
d41:dir:0
Invalid operation
d101
d109
d111
d119
d135/
d143/
d151/
d168
d173/
d181/
d183
d190/
d197/
d217
d245/
d286/
d290/
d291
d31
d39/
d54
d71/
d77
f104/
f105/
f108/
f113/
f114/
f117
f120/
f128/
f155
f165
f186
f201
f21
f212
f22/
f230/
f233
f234
f263
f287/
f290/
f33
f41
f50/
f78
f86
f90
f93
n109/
n117/
n15
n26/
n49
n5
n58/
n82
n97/
n15:328
f93:88
d109:17
Invalid operation
/n15
Null
Invalid operation
Invalid operation
Invalid operation
d279:vk7-e-qe2eo.de.gxih-t0hwqowdoixuls5w7-hjzbx
/f108/n80/n61/f179
n86/
n86/
Invalid operation
f93:8F 03 00 00 00 00 0F 65 5E 9A
Invalid operation
d279:vk7-e-qe2eo.de.gxih-t0hwqowdoixuls5w7-hjzbxxx
Invalid operation
f93:29 BA 81 22 4F 30 88 86 3D 5D F3 4F AE C3 B6 CA 00 07 FD DC D9 A3 A3 94 EC 2D AA 00 DC 8F 03 00 00
Invalid operation
Invalid operation
f36:2iwt
f174/
f225/
f36
Invalid operation
Invalid operation
Invalid operation
n54:0
Invalid operation
n54:bin:0
Invalid operation
f225:dir:0
Null
Invalid operation
f225/
f225:dir:0
f225/
Invalid operation
/f108/n80/n61/f36
d169
f41/
n42/
/f108/n80/d169
n80/
n80/
Invalid operation
f172
Invalid operation
f93:00 00 00 00 00
Invalid operation
Invalid operation
d272/
d57/
f223/
f249
f255/
n115
f249:yy.a1d85o
d272/
f223/
f249
n115
d272/
f223/
f249
n115
Invalid operation
Invalid operation
Invalid operation
Invalid operation
f180:xgjyf89m9rc9wst2l
f180
f7/
Invalid operation
f93:EA 94 82
Invalid operation
Invalid operation
d230/
f212
f223/
f247
f249
n115
/f108/n80/n42/n115
Invalid operation
Invalid operation
d230/
d295
f212
f223/
f247
f249
Invalid operation
f249:9
f247:4
d295:1
Null
d230/
d232/
d295
f212/
f223/
f247
f249
n42/
f93:11 E6 AA A4 9D 5F 16 72 74 E9 92 23 FC FD CA 82 8B 2E 2C 52 BD 93 8A 0A CB 25 C5 B1 F1 00 8A 8A 42 84 62 A0 29 BA 81 22 4F 30 88 86 3D 5D F3 4F AE C3 B6 CA 00 07 FD DC D9 A3 A3 94 EC 2D AA 0B 8D 0D
Invalid operation
d181
d279
f293
n3/
n80/
d279:vk7-e-qe2eo.de.gxih-t0hwqowdoixuls5w7-hjzbxxx0q34sbqwd3-uv416pgnvxrn3v6xr_hp.6dx10hqmq5.0tkw3kz8 eb1hlh7.wx
d279:txt:107
f93:E9 92 23 FC FD CA 82 8B 2E 2C 52 BD 93 8A 0A CB 25 C5 B1 F1 71 E8 A0 5D D3 36 8C BC BA 81 22 4F 30 88 86 3D 5D F3 4F AE C3 B6 CA 00 07
f93:A0 5D D3 36 8C BC BA 81 22 4F 30 88 86 3D 5D F3 4F AE C3 B6 CA 00 07 FD DC D9 A3 A3 94 EC 2D AA 0B 8D 0D EA 94 82 CA 6D 95 AF 32
f93:5D F3 4F AE C3 B6
f93:71 E8 A0 5D D3 36 8C BC BA 81 22 4F 30 88 86 3D 5D F3 4F AE C3
Invalid operation
d198/
d241
d279
f143
f267/
f293
n3/
n15:328
f93:98
d109:17
n15:328
f93:98
d109:17
n15:328
f93:100
d109:17
Invalid operation
n15:328
f93:100
d109:17
n15:328
f93:100
d109:17
d101
d109
d111
d119
d135/
d143/
d151/
d168
d173/
d181/
d183
d190/
d197/
d217
d245/
d286/
d290/
d291
d31
d39/
d54
d71/
d77
f104/
f105/
f108/
f113/
f114/
f117
f120/
f128/
f155
f165
f186
f201
f21
f212
f22/
f230/
f233
f234
f263
f287/
f290/
f33
f41
f50/
f78
f86
f90
f93
n109/
n117/
n15
n26/
n49
n5
n58/
n82
n97/
f93:4F AE C3 B6 CA 00 07 FD DC D9 A3 A3 94 EC 2D AA
Invalid operation
Invalid operation
f200/
n4
n117/
├── f188
└── n68/
f188:u_d
f93:8D 0D EA 94 82 CA 6D 95 AF 32 48 16 00 00 00 00 00 00 00 00
f12
n26/
f12
n26/
Invalid operation
f12
n26/
Invalid operation
/n117/n68/f12
f12
n26/
n68/
├── f12
└── n26/
/n117/f188
f188:24
/n117/f188
Invalid operation
Null
f188:24
d53:17
d34:7
d34
d53
d72
n68/
d34
d53
d72
n68/
f93:8B 2E 2C 52 BD 93 8A 0A CB 25 C5 B1 F1
Invalid operation
d53:17
d72:15
d34:7
d113:0
f49:0
Invalid operation
n117/
├── d113
├── d53
├── d55
├── d72
├── f49
├── f78/
└── n68/
Invalid operation
d113
d22
d53
d72
f269/
f49
f78/
n68/
n117/
├── d113
├── d22
├── d53
├── d72
├── f269/
├── f49
├── f78/
└── n68/
/n117/d53
d113
d22
d53
d72
f269/
f49
f78/
n68/
n68:dir:0
Invalid operation
d113
d22
d53
f269/
f49
f78/
n68/
/n117/d53
f288:bin:2
Invalid operation
n15:328
f93:102
d109:17
Invalid operation
n15:328
f93:102
d109:17
Null
f293:21x0357
d18
d198/
d258/
f136/
f267/
f293
n100
n3/
n3:dir:0
Invalid operation
f93:F3 8E 1A 53 57 2C 4C 58 B7 BE 7C 38 43 95 DF A4 6B AC 8D 0D EA 94 82 CA 6D 95 AF
Invalid operation
f93:A4 6B AC 8D 0D EA 94 82 CA 6D 95 AF 32 50 6B
d107/
d109
d111
d119
d135/
d143/
d151/
d168
d173/
d183
d190/
d197/
d217
d245/
d278
d286/
d290/
d291
d31
d39/
d54
d71/
d77
f104/
f105/
f108/
f113/
f114/
f117
f120/
f128/
f155
f165
f186
f21
f212
f22/
f230/
f233
f234
f263
f287/
f290/
f33
f41
f50/
f78
f86
f90
f93
n109/
n117/
n15
n26/
n5
n50
n58/
n82
n97/
Invalid operation
Invalid operation
f93:FD CA
Invalid operation
n15:331
f93:99
d109:17
n15:331
f93:102
d109:17
d183:17
d107/
d109
d111
d119
d135/
d143/
d151/
d168
d173/
d183
d190/
d197/
d217
d245/
d278
d286/
d290/
d291
d31
d39/
d54
d71/
d77
f104/
f108/
f113/
f114/
f117
f120/
f128/
f155
f165
f186
f2
f21
f212
f22/
f230/
f233
f234
f263
f287/
f290/
f41
f50/
f78
f86
f90
f93
n109/
n117/
n15
n26/
n5
n50
n58/
n82
n97/
d107/
d109
d111
d119
d135/
d143/
d151/
d168
d173/
d183
d190/
d197/
d217
d245/
d278
d286/
d290/
d291
d31
d39/
d54
d71/
d77
f104/
f108/
f113/
f114/
f117
f120/
f128/
f155
f165
f186
f2
f21
f212
f22/
f230/
f233
f234
f263
f287/
f290/
f41
f50/
f78
f86
f90
f93
n109/
n117/
n15
n26/
n5
n50
n58/
n82
n97/
f93:A4 6B AC 8D 0D EA 94 82 CA 6D 95 AF 32 50 6B 41 6D F3 21 85 CA 00 00 7B 00 00 00 00
n15:-_l8xxxkqh.t1okixnv045utrk66oam2rf_q66u_mjx2.vagwoexdjwogw6t5jri9y114q1wtpq-dxw6j0qypjvvx5iyzy17zjr.z5_hwaq89mhqr2qa6g8l76p3wyv9xca6t7e2a3q xrwmc0vi-v4la7apl6vkzjt_ro1x9b0gfmxjub.to6hx88fn2xfxnap61i3nsfs0n0a_hotw xdz62v_jk6c0 a5xalfzph_2mkurqxokl ly3sbrxo19n9-laj8qi.-s-zx2r60pzdmlo6pxxbb6nap58f-84xx_pyoafw15ef6z9yh-it7u44.0__6pcf7mfyntg1t
Invalid operation
d116/
d285/
f157
f272
f284/
n64
n86
f272:3qxx
Invalid operation
n64:00 D6 00 00 6D D6
Invalid operation
d116/
d129/
d285/
f157
f272
f284/
n64
n86
f272:3qxx
f93:00 00 00 00 00 00 00
n15:355
f93:101
d109:17
n15:355
f93:101
d109:17
d107/
d109
d111
d135/
d143/
d151/
d168
d173/
d183
d190/
d197/
d217
d245/
d278
d286/
d290/
d291
d31
d39/
d54
d71/
d77
f104/
f108/
f113/
f114/
f117
f120/
f128/
f155
f165
f186
f2
f21
f212
f22/
f223
f230/
f233
f234
f263
f287/
f290/
f41
f50/
f78
f86
f93
n109/
n117/
n15
n20
n26/
n43
n5
n50
n58/
n82
n90
n97/
n15:355
f93:101
Invalid operation
f93:A0 5D D3 36 8C BC BA 81 22 4F 30 88 86 3D 5D F3 8E 1A 53 57 2C 4C 58 B7 BE 7C 83 E1 BF 68 63 02 68 6C
f93:4F 30 88 86 3D 5D
Invalid operation
Invalid operation
Invalid operation
n15:-_l8xxxkqh.t1okixnv045utrk66oam2rf_q66u_mjx2.vagwoexdjwogw6t5jri9y114q1wtpq-dxw6j0qypjvvx5iyzy17zjr.z5_hwaq89mhqr2qa6g8l76p3wyv9xca6t7e2a3q xrwmc0vi-v4la7apl6vkzjt_ro1x9b0gfmxjub.to6hx88fn2xfxnap61i3nsfs0n0a_hotw xdz62v_jk6c0 a5xalfzph_2mkurqxokl ly3sbrxo19n9-laj8qi.-s-zx2r60pzdmlo6pxxbb6nap58f-84xx_pyoafw15ef6z9yh-it7u44.0__6pcf7mfyntg1tifidw4ehihm0cwe_ .ka9b.olvs
n15:-_l8xxxkqh.t1okixnv045utrk66oam2rf_q66u_mjx2.vagwoexdjwogw6t5jri9y114q1wtpq-dxw6j0qypjvvx5iyzy17zjr.z5_hwaq89mhqr2qa6g8l76p3wyv9xca6t7e2a3q xrwmc0vi-v4la7apl6vkzjt_ro1x9b0gfmxjub.to6hx88fn2xfxnap61i3nsfs0n0a_hotw xdz62v_jk6c0 a5xalfzph_2mkurqxokl ly3sbrxo19n9-laj8qi.-s-zx2r60pzdmlo6pxxbb6nap58f-84xx_pyoafw15ef6z9yh-it7u44.0__6pcf7mfyntg1tifidw4ehihm0cwe_ .ka9b.olvs
Invalid operation
f47:2j
d107/
d109
d111
d135/
d143/
d151/
d168
d173/
d183
d190/
d197/
d245/
d278
d286/
d290/
d291
d31
d39/
d54
d71/
d77
f104/
f108/
f113/
f114/
f117
f120/
f128/
f155
f165
f186
f2
f21
f212
f22/
f230/
f233
f234
f263
f287/
f290/
f41
f50/
f86
f93
n109/
n117/
n15
n20
n26/
n43
n5
n50
n58/
n82
n90
n97/
n98/
Invalid operation
Invalid operation
Invalid operation
d195:dir:0
d195/
d202/
d34
f202
f242
f249
f260
f40/
f6/
f88/
n15
d195/
d202/
d34
f202
f242
f249
f260
f40/
f6/
f88/
n15
Invalid operation
Invalid operation
Null
Invalid operation
n15:5B 97 00 00
d195/
d202/
d23
d34
f202
f242
f249
f260
f40/
f6/
f88/
n15
n22/
Invalid operation
d195/
d202/
d23
d34
f202
f242
f249
f260
f40/
f6/
n15
n22/
Invalid operation
Invalid operation
Invalid operation
Invalid operation
Invalid operation
n15:C0 8E 58
/d135/d44/f6/d236
d236:k5g5c klzwsrh
d236:k5g5c klzwsrh
Invalid operation
d236
f80
Invalid operation
Invalid operation
Invalid operation
Invalid operation
Invalid operation
d11
n106/
Invalid operation
Invalid operation
Null
Invalid operation
d198/
d236
d243
f275
f275:7E
Invalid operation
Invalid operation
Invalid operation
Invalid operation
/d135/d44/n15
/n15
n15:00 5B 97 00 00 00 00 00 00 00
d195/
d202/
d216/
d23
f202
f242
f260
f6/
n15
n22/
n38
Invalid operation
d198/
d215
d243
f190
f211/
f263
f274
f83/
n43
Invalid operation
Invalid operation
Invalid operation
Invalid operation
d198/
d215
d243
f190
f211/
f263
f274
f83/
n43
d198/
d215
d243
f190
f211/
f263
f271
f274
f83/
n105/
n43
Invalid operation
Invalid operation
/d135/d44/f6/d243
d198:dir:0
d198:dir:0
d198:dir:0
Invalid operation
d198/
d212/
d243
d248/
d275/
f190
f211/
f263
f271
f274
f83/
n105/
n43
Invalid operation
Invalid operation
d152/
Invalid operation
d275/
└── f14
Invalid operation
Invalid operation
Invalid operation
f255/
n44
n44:a79q08.
n44:7
Invalid operation
d198:dir:0
Invalid operation
Invalid operation
Invalid operation
f66/
f66/
Invalid operation
d18/
d82/
f132/
f66/
Invalid operation
Invalid operation
d53:11
d198:dir:0
Invalid operation
Invalid operation
Invalid operation
d243:33 08
Invalid operation
d121
d150/
d198/
d212/
d243
d248/
d275/
f190
f211/
f247
f274
f281
n105/
n43
Invalid operation
Invalid operation
d150/
d198/
d212/
d243
d248/
d275/
f247
f274
f281
n105/
n43
Invalid operation
Invalid operation
Invalid operation
Invalid operation
Null
n5:13
Invalid operation
Invalid operation
Invalid operation
d105
d28/
d8
d44:2F D2
Invalid operation
Null
Invalid operation
/d135/d44/f6/d248/n97/d105
Invalid operation
Invalid operation
d105
d224
d28/
d44
f117
f233/
n50
n6
d105
d28/
d44
f117
n50
n6
Invalid operation
Invalid operation
n5:3.veivwums k6ck a.to.w6i3ripovx7
Invalid operation
f147
n5
f147
n5
n5:3.veivwums k6ck a.to.w6i3ripovx7
Invalid operation
/d135/d44/f6/d248/n5
/n5
d248/
├── d118
├── f147
├── f35
├── n109/
├── n5
└── n78/
/d135/d44/f6/d248/n5
/n5
n5:txt:51
n5:txt:53
n5:txt:53
Null
n5:53
d243:6F CC 00 00 00 5B 27 AD D9 E0
d26
Invalid operation
Invalid operation
f261
n5:3.veivwums k6ck a.to.w6i3ripovx7xo3e0 84adppwgqwoc7xxykzg_7n
Invalid operation
f147:cedg-_jh
d173
f147
f159
n5
Invalid operation
d243:28 38 00 17 88 CE 35 AA 6B 50 01 6B F7 93 C7 A7 8D
Invalid operation
d223
Invalid operation
f244
d243:74 94 01 6B F7 93 C7 A7 8D C7 FF D6 A2 AD C0 E9 25 8B 0A 64 CC 2C 34 A0 00
d243:C7 FF
d243:38 00 17 88 CE 8D B2 74 94 01 6B F7 93 C7 A7 8D C7 FF D6 A2 AD
d243:CC 05 21 28 38 00 17 88 CE 8D B2 74 94 01 6B F7 93 C7 A7 8D C7 FF D6 A2 AD C0 E9 25 8B 0A 64 CC 2C 34 A0 00
Invalid operation
Invalid operation
Invalid operation
d237:dir:0
d188:
d188
f176
d162
f118
f170
f170:swbu
d243:9B F9 02 94 C0 E9 25 8B 0A 64 18 E0
f170:swbuulzpf3cdreeb6fk
Invalid operation
Invalid operation
d162
f118
f170
d237/
d99/
n83/
d237:dir:0
Invalid operation
Invalid operation
Invalid operation
d237/
d5
f159:hhrpnklszi4efwxd_9j
d243:41 4E 03 45 7B 95 25 99 FA 21 03 88 CE 8D B2 74 94 01 6B F7 93
f159:hhrpnklszi4efwxd_9j
f159:hhrpnklszi4efwxd_9j
Invalid operation
f159:hhrpnklszi4efwxd_9j
Invalid operation
/d135/d44/f6/d248/f159
Invalid operation
d198:dir:0
d243:94 01 6B F7 93 C7 8D 35 D2 9B
Invalid operation
d243:74
Invalid operation
Null
f274/
Invalid operation
/d135/d44/f6/d243
d247:_a40640wop1o
f45:txt:5
/d135/d44/f6/d212/f45
d212/
└── f45
d212/
└── f45
Invalid operation
d155:bin:8
Invalid operation
d155
f40
d155
f40
Invalid operation
d155
d77/
f40
d150/
d198/
d212/
d243
d248/
d275/
f247
f274
f281
n105/
n43
d243:46
n43:12
f247:11
f274:0
f281:0
Invalid operation
Invalid operation
d243:46
Invalid operation
d134
d150/
d157/
d198/
d212/
d224/
d243
d248/
d275/
d281
f247
f274
f281
f298/
n105/
n43
d134
d150/
d157/
d198/
d212/
d224/
d243
d248/
d275/
d281
f126/
f247
f274
f281
f298/
n105/
n43
Invalid operation
d243:01 6B F7 93 C7 8D 6D 69 5E B6 A1 2E CF E9
n15:58 00
Invalid operation
Invalid operation
d118:md:139
Invalid operation
f93:C9 FB 7A 16 72 74 E9 92 23 FC FD CA 82 8B 2E 2C 52 BD 93 8A 0A CB 25 34 B8 AE A4 E8 A0 5D D3 36 8C BC BA 81 22 4F 30 88 86 3D 5D F3 8E 1A 53 57 2C 4C 58 B7 BE 7C 83 E1 BF 68 63 02 68 6C 0D EA 94 82 CA 93 83 D8 A3 0F 16 85 90 F3 21 85 CA 00 00 7B 00 00
f93:00
Null
Invalid operation
n15:-_l8xxxkqh.t1okixnv045utrk66oam2rf_q66u_mjx2.vagwoexdjwogw6t5jri9y114q1wtpq-dxw6j0qypjvvx5iyzy17zjr.z5_hwaq89mhqr2qa6g8l76p3wyv9xca6t7e2a3q xrwmc0vi-v4la7apl6vkzjt_ro1x9b0gfmxjub.to6hx88fn2xfxnap61i3nsfs0n0a_hotw xdz62v_jk6c0 a5xalfzph_2mkurqxokl ly3sbrxo19n9-laj8qi.-s-zx2r60pzdmlo6pxxbb6nap58f-84xx_pyoafw15ef6z9yh-it7u44.0__6pcf7mfyntg1tifidw4ehihm0cwe_ .ka9b.olvs
n15:367
f93:99
d109:17
Invalid operation
Invalid operation
d107/
d109
d111
d135/
d138/
d143/
d146/
d151/
d173/
d178
d183
d185/
d190/
d197/
d278
d286/
d290/
d291
d31
d39/
d54
d71/
d77
f104/
f108/
f113/
f114/
f117
f120/
f128/
f155
f159/
f186
f2
f21
f22/
f230/
f233
f263
f287/
f290/
f41
f59/
f86
f93
n109/
n117/
n15
n20
n26/
n43
n5
n50
n58/
n82
n90
n97/
n98/
f120:dir:0
d107/
d109
d111
d135/
d138/
d143/
d146/
d151/
d173/
d178
d183
d185/
d190/
d197/
d278
d286/
d290/
d291
d31
d39/
d54
d71/
d77
f104/
f108/
f113/
f114/
f117
f120/
f128/
f155
f159/
f186
f2
f21
f22/
f230/
f233
f263
f287/
f290/
f41
f59/
f86
f93
n109/
n117/
n15
n20
n26/
n43
n5
n50
n58/
n82
n90
n97/
n98/
Invalid operation
n15:-_l8xxxkqh.t1okixnv045utrk66oam2rf_q66u_mjx2.vagwoexdjwogw6t5jri9y114q1wtpq-dxw6j0qypjvvx5iyzy17zjr.z5_hwaq89mhqr2qa6g8l76p3wyv9xca6t7e2a3q xrwmc0vi-v4la7apl6vkzjt_ro1x9b0gfmxjub.to6hx88fn2xfxnap61i3nsfs0n0a_hotw xdz62v_jk6c0 a5xalfzph_2mkurqxokl ly3sbrxo19n9-laj8qi.-s-zx2r60pzdmlo6pxxbb6nap58f-84xx_pyoafw15ef6z9yh-it7u44.0__6pcf7mfyntg1tifidw4ehihm0cwe_ .ka9b.olvs
d107/
d109
d111
d135/
d138/
d143/
d146/
d151/
d173/
d178
d183
d185/
d190/
d197/
d278
d286/
d290/
d291
d31
d39/
d54
d71/
d77
f104/
f108/
f113/
f114/
f117
f120/
f128/
f155
f159/
f186
f2
f21
f22/
f230/
f233
f263
f287/
f290/
f41
f59/
f86
f93
f97/
n109/
n117/
n15
n20
n26/
n43
n5
n50
n58/
n82
n90
n97/
n98/
d107/
d109
d111
d135/
d138/
d143/
d146/
d151/
d173/
d178
d183
d185/
d190/
d197/
d278
d286/
d290/
d291
d31
d39/
d54
d71/
d77
d94/
f104/
f108/
f113/
f114/
f117
f120/
f128/
f155
f159/
f186
f2
f21
f22/
f230/
f233
f263
f287/
f290/
f41
f59/
f86
f93
f97/
n109/
n117/
n15
n20
n26/
n43
n5
n50
n58/
n82
n90
n97/
n98/
f120:dir:0
Invalid operation
d197/
├── d270
├── d286
├── d93/
├── f130
├── f46
└── n80/
    ├── d84
    └── n42
d270:00
Invalid operation
d270
d286
f130
f46
n80/
d270
d286
f130
n80/
Invalid operation
d270
d286
d67/
n80/
Invalid operation
f93:2C 52 BD 93 8A 0A CB 25 34 B8 AE A4 E8 A0 5D D3 36 8C BC BA 81 22 4F 30 88 86 3D 5D F3 8E 1A 53 57 2C 4C 58 B7 BE 7C 83 E1 BF 68 63 02 68 6C 0D EA D1 5C F6 A8 83 D8 A3 0F 16 85 90 F3
Invalid operation
Invalid operation
d223
f227/
f79/
f120:dir:0
Invalid operation
f93:7B
f120:dir:0
n15:401
f93:103
d183:17
Invalid operation
Invalid operation
f93:90 F3 21 85 E0 04 00
n15:403
f93:103
d183:17
n15:-_l8xxxkqh.t1okixnv045utrk66oam2rf_q66u_mjx2.vagwoexdjwogw6t5jri9y114q1wtpq-dxw6j0qypjvvx5iyzy17zjr.z5_hwaq89mhqr2qa6g8l76p3wyv9xca6t7e2a3q xrwmc0vi-v4la7apl6vkzjt_ro1x9b0gfmxjub.to6hx88fn2xfxnap61i3nsfs0n0a_hotw xdz62v_jk6c0 a5xalfzph_2mkurqxokl ly3sbrxo19n9-laj8qi.-s-zx2r60pzdmlo6pxxbb6nap58f-84xx_pyoafw15ef6z9yh-it7u44.0__6pcf7mfyntg1tifidw4ehihm0cwe_ .ka9b.olvs2lvdb60xqm9t7 lcw8x8_s wc0a8d48q 3xe
Invalid operation
f120:dir:0
Null
Invalid operation
n15:-_l8xxxkqh.t1okixnv045utrk66oam2rf_q66u_mjx2.vagwoexdjwogw6t5jri9y114q1wtpq-dxw6j0qypjvvx5iyzy17zjr.z5_hwaq89mhqr2qa6g8l76p3wyv9xca6t7e2a3q xrwmc0vi-v4la7apl6vkzjt_ro1x9b0gfmxjub.to6hx88fn2xfxnap61i3nsfs0n0a_hotw xdz62v_jk6c0 a5xalfzph_2mkurqxokl ly3sbrxo19n9-laj8qi.-s-zx2r60pzdmlo6pxxbb6nap58f-84xx_pyoafw15ef6z9yh-it7u44.0__6pcf7mfyntg1tifidw4ehihm0cwe_ .ka9b.olvs2lvdb60xqm9t7 lcw8x8_s wc0a8d48q 3xex
d100
d138/
d151/
d173/
d183
d185/
d190/
d197/
d200/
d278
d286/
d287
d290/
d291
d298/
d31
d39/
d54
d66/
d77
d81
f104/
f108/
f113/
f114/
f120/
f128/
f155
f159/
f164/
f186
f2
f21
f22/
f230/
f233
f287/
f290/
f32
f51
f58
f59/
f86
f93
f97/
n109/
n117/
n15
n20
n26/
n43
n5
n50
n58/
n7/
n82
n90
n97/
n99/
n15:404
f93:103
d183:17
d116:txt:17
d116:nii4k566_sgh_fxaa
f269/
d172:5
d172
f119
d172:txt:5
/f104/f272/d172
f158:7D 3A F2
Invalid operation
d116:nii4k566_sgh_fxaa
Invalid operation
Invalid operation
f158:0F F8
/f104/f272/d172
f158:00 00 00
d172:aw.0h
d51
d66
d76/
f13
f158
f210/
f272/
f29
n104
n27
d51
d66
d76/
f13
f158
f210/
f272/
f29
n104
n27
f272:dir:0
f158:C6 0F
f84/
Invalid operation
Invalid operation
d290/
d290/
Invalid operation
Invalid operation
Invalid operation
Invalid operation
Invalid operation
f213:txt:22
f115
f212
f213
f213:txt:22
f158:30 40 2A AA CB D8 62 78
Invalid operation
Null
d66:22
f158:20
f62:8
f29:5
f13:1
Invalid operation
Invalid operation
d164
d194
d272/
d76/
f13
f158
f210/
f29
f62
n104
n27
n31/
Invalid operation
d164
d194
d272/
d299
d76/
f13
f158
f210/
f29
f62
n104
n27
n31/
n104:txt:0
n104:txt:0
/f104/n104
d31:0
Invalid operation
Invalid operation
d31
f128/
Invalid operation
d76/
└── f128/
f128:dir:0
Invalid operation
f128/
f82/
Invalid operation
d99:9
f251/
f276/
d177
d229
d229
n3/
n9
Invalid operation
Invalid operation
d26
f224
n3/
n9
n9:txt:48
d99:bin:16
d99:16
d26:9
d102
d164
d194
d272/
d76/
f13
f158
f210/
f62
n104
n27
n31/
Invalid operation
n104:v5c_r2oxun7 nor
f158:30 40 2A AA CB D8 62 78 B3 B6 5B 46 BC 04 E1 27 0F 00 00 00 00 61 6E 42 A7 68
Null
f120:dir:0
Invalid operation
Invalid operation
d100
d138/
d151/
d173/
d18
d183
d185/
d190/
d197/
d200/
d278
d286/
d287
d290/
d291
d298/
d31
d39/
d54
d66/
d77
d81
f104/
f108/
f113/
f114/
f120/
f128/
f155
f159/
f164/
f186
f2
f21
f22/
f230/
f233
f287/
f290/
f32
f51
f58
f59/
f86
f93
f97/
n109/
n117/
n15
n20
n26/
n43
n5
n50
n58/
n7/
n82
n90
n97/
n99/
n15:418
f93:101
d183:17
d100
d138/
d151/
d173/
d18
d183
d185/
d190/
d197/
d278
d286/
d287
d290/
d291
d298/
d31
d39/
d54
d66/
d77
d81
f104/
f108/
f113/
f114/
f120/
f128/
f155
f159/
f164/
f186
f2
f21
f22/
f230/
f233
f287/
f290/
f32
f51
f58
f59/
f86
f93
f97/
n109/
n117/
n15
n20
n26/
n43
n5
n50
n58/
n7/
n82
n90
n97/
n99/
Invalid operation
d100
d138/
d151/
d173/
d18
d183
d185/
d190/
d197/
d278
d286/
d287
d290/
d291
d298/
d31
d39/
d54
d66/
d77
d81
f104/
f108/
f113/
f114/
f120/
f128/
f155
f159/
f164/
f186
f2
f21
f22/
f230/
f233
f287/
f290/
f32
f51
f58
f59/
f86
f93
f97/
n109/
n117/
n15
n20
n26/
n43
n5
n50
n58/
n7/
n82
n90
n97/
n99/
n15:-_l8xxxkqh.t1okixnv045utrk66oam2rf_q66u_mjx2.vagwoexdjwogw6t5jri9y114q1wtpq-dxw6j0qypjvvx5iyzy17zjr.z5_hwaq89mhqr2qa6g8l76p3wyv9xca6t7e2a3q xrwmc0vi-v4la7apl6vkzjt_ro1x9b0gfmxjub.to6hx88fn2xfxnap61i3nsfs0n0a_hotw xdz62v_jk6c0 a5xalfzph_2mkurqxokl ly3sbrxo19n9-laj8qi.-s-zx2r60pzdmlo6pxxbb6nap58f-84xx_pyoafw15ef6z9yh-it7u44.0__6pcf7mfyntg1tifidw4ehihm0cwe_ .ka9b.olvs2lvdb60xqm9t7 lcw8x8_s wc0a8d48q 3xexl7a81x3vd9wvxxn_
Invalid operation
n15:-_l8xxxkqh.t1okixnv045utrk66oam2rf_q66u_mjx2.vagwoexdjwogw6t5jri9y114q1wtpq-dxw6j0qypjvvx5iyzy17zjr.z5_hwaq89mhqr2qa6g8l76p3wyv9xca6t7e2a3q xrwmc0vi-v4la7apl6vkzjt_ro1x9b0gfmxjub.to6hx88fn2xfxnap61i3nsfs0n0a_hotw xdz62v_jk6c0 a5xalfzph_2mkurqxokl ly3sbrxo19n9-laj8qi.-s-zx2r60pzdmlo6pxxbb6nap58f-84xx_pyoafw15ef6z9yh-it7u44.0__6pcf7mfyntg1tifidw4ehihm0cwe_ .ka9b.olvs2lvdb60xqm9t7 lcw8x8_s wc0a8d48q 3xexl7a81x3vd9wvxxn_
Invalid operation
/n15
n15:-_l8xxxkqh.t1okixnv045utrk66oam2rf_q66u_mjx2.vagwoexdjwogw6t5jri9y114q1wtpq-dxw6j0qypjvvx5iyzy17zjr.z5_hwaq89mhqr2qa6g8l76p3wyv9xca6t7e2a3q xrwmc0vi-v4la7apl6vkzjt_ro1x9b0gfmxjub.to6hx88fn2xfxnap61i3nsfs0n0a_hotw xdz62v_jk6c0 a5xalfzph_2mkurqxokl ly3sbrxo19n9-laj8qi.-s-zx2r60pzdmlo6pxxbb6nap58f-84xx_pyoafw15ef6z9yh-it7u44.0__6pcf7mfyntg1tifidw4ehihm0cwe_ .ka9b.olvs2lvdb60xqm9t7 lcw8x8_s wc0a8d48q 3xexl7a81x3vd9wvxxn_
Invalid operation
n15:420
d183:17
d100:16
d100
d138/
d151/
d173/
d18
d183
d185/
d190/
d197/
d24/
d278
d286/
d287
d288/
d290/
d291
d298/
d31
d36
d39/
d54
d66/
d77
d81
f104/
f108/
f113/
f114/
f120/
f128/
f15
f155
f159/
f164/
f2
f21
f22/
f230/
f233
f287/
f290/
f32
f51
f58
f59/
f86
f97/
n109/
n117/
n15
n20
n26/
n43
n5
n50
n58/
n7/
n82
n90
n99/
Invalid operation
Invalid operation
d99
f207
f209
n49/
d99:urt-3w5bf4h4_ev.e
n50:FD
Invalid operation
Invalid operation
d99
f207
f209
n28/
n49/
d99:urt-3w5bf4h4_ev.efkioq75.xota.3
Invalid operation
/n26/d99
d99
f209
f75
n28/
n49/
d99:urt-3w5bf4h4_ev.efkioq75.xota.3
d173
d99
f209
f75
n26/
n28/
n49/
Invalid operation
d99:urt-3w5bf4h4_ev.efkioq75.xota.3
d126/
d173
d99
f160
f209
f75
n21
n26/
n28/
n49/
d173:C8
d99:31
d173:98 37 0E
d100
d138/
d151/
d173/
d18
d183
d185/
d190/
d197/
d24/
d278
d286/
d287
d288/
d290/
d291
d298/
d31
d36
d39/
d54
d66/
d77
d81
f104/
f108/
f113/
f114/
f120/
f128/
f15
f155
f159/
f164/
f2
f21
f22/
f230/
f233
f287/
f290/
f32
f51
f58
f59/
f86
f97/
n109/
n117/
n15
n20
n26/
n43
n5
n50
n58/
n7/
n82
n90
n99/
n50:F6 B6 FD 56 00 00
d100
d138/
d151/
d173/
d18
d183
d185/
d190/
d197/
d24/
d278
d286/
d287
d288/
d290/
d291
d298/
d31
d36
d39/
d54
d66/
d77
d81
f104/
f108/
f113/
f114/
f120/
f128/
f15
f155
f159/
f164/
f2
f21
f22/
f230/
f233
f287/
f290/
f32
f51
f58
f59/
f86
f97/
n109/
n117/
n15
n20
n26/
n43
n5
n50
n58/
n7/
n82
n90
n99/
/n15
d173:37 0E 0B
/n26/d99
Invalid operation
Invalid operation
n15:420
d183:17
d100:16
d99:txt:43
d298:E2 BC
/n26/n49/d298
Invalid operation
Invalid operation
Invalid operation
Invalid operation
d211
d292
f65
d292
f65
Invalid operation
Invalid operation
d292
f29
n79/
Invalid operation
Invalid operation
d292
f250/
f29
n79/
f135/
Invalid operation
d292:BF
d241:8
d241:or-i  8c4k
d182/
d241
f135/
d182/
d241
f135/
Invalid operation
Invalid operation
d108/
d182/
d222/
f135/
n66/
d292:BF
Invalid operation
Invalid operation
Invalid operation
Invalid operation
Invalid operation
Invalid operation
Invalid operation
f27:5
f89:5
f27:5
f89:5
d151
d292:BF
d292:AD
Invalid operation
f25:txt:16
Invalid operation
f27:-we0g
d292:88 0E
/n26/n49/d143/f250/f135/d274
f27:-we0gx
Invalid operation
Null
Invalid operation
f27:15
d89:10
d292:5B
Invalid operation
Invalid operation
f135:dir:0
d196
d222/
d89
f135/
f27
f50
n59/
Invalid operation
d292:BF 00 DB 00 00 3B E3
d194
f144/
f86:ho01a
/n26/n49/d143/f250/f135/f86
/f86
Invalid operation
d100:quq8k9ztnro1-6
f27:-we0gxt0s5nj2mhi172zddvz7eoldnf9nrxt9f
d292:DB 00 00 47 CA DD 91 07 45 00 21 00 00
/n26/n49/d143/f250/f27
d196
d222/
d89
f113/
f121/
f135/
f27
f50
f9/
n57
n59/
Invalid operation
Invalid operation
f250/
├── d192/
├── d196
├── d222/
├── d274/
├── d89
├── f113/
├── f121/
├── f135/
│   ├── d232
│   └── f250
├── f202/
├── f250
├── f27
├── f280
├── f50
├── f9/
├── n57
└── n59/
f27:40
f280:13
d89:10
f250:7
/n26/n49/d143/f250/f27
Invalid operation
Invalid operation
f27:-we0gxt0s5nj2mhi172zddvz7eoldnf9nrxt9fxx
f250:BE A6 C2 48 9B
f27:-we0gxt0s5nj2mhi172zddvz7eoldnf9nrxt9fxx
d292:CA DD 91 07 45
Invalid operation
d140/
d140/
d140:dir:0
Invalid operation
d232
f250
n1/
n52/
Null
Invalid operation
Invalid operation
Invalid operation
Invalid operation
f250/
├── d192/
├── d222/
├── d274/
├── d62/
├── d89
├── f113/
├── f121/
├── f135/
│   └── f233
├── f202/
├── f250
├── f27
├── f280
├── f50
├── f9/
├── n57
├── n59/
└── n94
Invalid operation
Null
/n26/n49/d143/f250/f27
Invalid operation
Invalid operation
d292:54
Null
d162
d189
n101/
n21/
d189:15
d162:5
n101:dir:0
/n26/n49/d143/f250/f27
Invalid operation
f27:53
f280:13
d89:10
n57:1
n94:0
/n26/n49/d143/f250/f27
Invalid operation
Invalid operation
f27:-we0gxt0s5nj2mhi172zddvz7eoldnf9nrxt9fxxxxsttgm_t5s-1ii06ce
Invalid operation
d117
d134
d192/
d222/
d228
d274/
d89
f113/
f121/
f135/
f202/
f27
f280
f33/
f9/
n57
n59/
n94
Invalid operation
Invalid operation
d117
d134
d192/
d200/
d222/
d228
d274/
d89
f113/
f121/
f202/
f27
f33/
f9/
n57
n94
d292:bin:35
Invalid operation
Invalid operation
d253
d291
d292
d68
f250/
f269
f271/
f29
f7/
f70
f90/
n79/
Invalid operation
d292:C7
Invalid operation
d204
d253
d291
d292
d68
f250/
f269
f271/
f29
f7/
f70
f90/
n79/
Invalid operation
Invalid operation
d204
d253
d291
d292
d68
f250/
f269
f271/
f29
f7/
f70
f90/
n26
n79/
d292:DA 21 D2 EC 81
f29:
/n26/n49/d143/f29
d117
d134
d192/
d200/
d222/
d228
d274/
d89
f113/
f117
f121/
f135/
f202/
f27
f33/
f9/
n57
n94
d228:2B 9A 98
d222:dir:0
Invalid operation
d61/
d61/
Invalid operation
d191:6D 2B 70 A1
d191
d61/
Invalid operation
d191
d61/
Invalid operation
/n26/n49/d143/f250/f27
d83:_58fou7b8es8jelf8
/n26/n49/d143/f250/d222/d281
Invalid operation
d222:dir:0
d228:F9 00
Invalid operation
n32:23
f294:0
d173
d24/
d295
d69/
d99
f160
f209
f258/
f262
f75
n14
n21
n26/
n49/
d173
d24/
d295
d69/
d99
f160
f209
f258/
f262
f75
n14
n21
n26/
n49/
d12
d173
d24/
d295
d99
f160
f209
f258/
f262
f278
f75
n14
n21
n26/
n28/
n49/
n83
d99:urt-3w5bf4h4_ev.efkioq75.xota.3 fw1fvs5bj6fm1heeg20.hd6l7a--yp95oi3.5
Invalid operation
d99:txt:69
Invalid operation
d99:txt:69
d99:txt:69
d173
d295
d99
f160
f209
f258/
f262
f278
f75
n14
n21
n26/
n28/
n49/
n83
/n26/d99
n15:420
d183:17
d100:16
n15:420
d183:17
n50:17
n15:420
d183:17
n50:17
n15:420
d183:17
n50:17
Invalid operation
n15:420
n50:25
d183:17
n50:A7
n50:B6 FD 56 C1 2C 00
Invalid operation
n50:3E B0 24 33 B6 FD 56 C1 2C 00
Invalid operation
/n15
/n15
Invalid operation
Invalid operation
n117: 5kf3ay_3uqa8g0
n115/
└── d72
n50:8D 12 93 74 00 00 00 00 00 3D 19 E7 4C 4B 68
n115/
n15:-_l8xxxkqh.t1okixnv045utrk66oam2rf_q66u_mjx2.vagwoexdjwogw6t5jri9y114q1wtpq-dxw6j0qypjvvx5iyzy17zjr.z5_hwaq89mhqr2qa6g8l76p3wyv9xca6t7e2a3q xrwmc0vi-v4la7apl6vkzjt_ro1x9b0gfmxjub.to6hx88fn2xfxnap61i3nsfs0n0a_hotw xdz62v_jk6c0 a5xalfzph_2mkurqxokl ly3sbrxo19n9-laj8qi.-s-zx2r60pzdmlo6pxxbb6nap58f-84xx_pyoafw15ef6z9yh-it7u44.0__6pcf7mfyntg1tifidw4ehihm0cwe_ .ka9b.olvs2lvdb60xqm9t7 lcw8x8_s wc0a8d48q 3xexl7a81x3vd9wvxxn_x9s4kinrjagho6.9_x
Invalid operation
d142:8
d10:1
d142
d152
n115/
n71/
d152:14
Invalid operation
Invalid operation
d72
Null
Invalid operation
d152
d20
f253
n115/
d152:14
f253:10
d20:1
Invalid operation
d152:hy2 x-vtkt9zu2
f182:F9
d20:md:1
f182:00 F6 0C F9
d20
f182
f241/
f253
f28/
f182:F9
/d24/d20
/d24/d20
Invalid operation
Invalid operation
Invalid operation
d69/
Invalid operation
d295/
n50:74 00 00
Null
Invalid operation
f241/
f28/
Invalid operation
n59:6
d147:4
Invalid operation
Invalid operation
Invalid operation
Invalid operation
Null
Null
n15:-_l8xxxkqh.t1okixnv045utrk66oam2rf_q66u_mjx2.vagwoexdjwogw6t5jri9y114q1wtpq-dxw6j0qypjvvx5iyzy17zjr.z5_hwaq89mhqr2qa6g8l76p3wyv9xca6t7e2a3q xrwmc0vi-v4la7apl6vkzjt_ro1x9b0gfmxjub.to6hx88fn2xfxnap61i3nsfs0n0a_hotw xdz62v_jk6c0 a5xalfzph_2mkurqxokl ly3sbrxo19n9-laj8qi.-s-zx2r60pzdmlo6pxxbb6nap58f-84xx_pyoafw15ef6z9yh-it7u44.0__6pcf7mfyntg1tifidw4ehihm0cwe_ .ka9b.olvs2lvdb60xqm9t7 lcw8x8_s wc0a8d48q 3xexl7a81x3vd9wvxxn_x9s4kinrjagho6.9_xss.1wm _tp fjj7yut761t397kpf
n50:AF 66 DE 60 35 87
d245/
f241/
f28/
f272:F1 3A
Invalid operation
Invalid operation
f241/
f28/
f241/
f28/
Invalid operation
d86/
f241/
f28/
Null
Invalid operation
/n15
d86/
f241/
f28/
n17/
n50:B0 24 33 F7 0E 4A 32 3D 29 B5 23 A8 23 74 67 AF 66 DE 60 35 87 96
f293:17
f177:13
d198/
d258/
d268
d291
f136/
f173
f258
f267/
n100
n103
n3/
n85
d198/
d258/
d268
d291
f136/
f173
f258
f267/
n100
n103
n3/
n85
d198/
d258/
d268
d291
f136/
f173
f258
f267/
n100
n103
n3/
n85
Invalid operation
n15:479
n50:26
d183:17
/n15
Invalid operation
n15:479
n50:26
d183:17
n50:23 A8 23 74 67 AF 66 DE 60 35 87 96 62
Invalid operation
Invalid operation
n15:485
n50:27
d183:17
n15:485
n50:27
d183:17
n15:485
n50:27
d183:17
n15:485
n50:27
d183:17
d100
d138/
d151/
d173/
d18
d183
d185/
d190/
d197/
d24/
d278
d286/
d287
d288/
d290/
d291
d298/
d31
d36
d39/
d54
d66/
d77
d81
f104/
f108/
f114/
f120/
f128/
f15
f155
f159/
f164/
f2
f216
f22/
f287/
f290/
f32
f58
f59/
f86
f93
f97/
n109/
n117/
n15
n20
n26/
n36
n39/
n43
n5
n50
n53/
n55/
n58/
n82
n90
n99/
d100
d138/
d151/
d173/
d18
d183
d185/
d190/
d197/
d24/
d278
d286/
d287
d288/
d290/
d291
d298/
d31
d36
d39/
d54
d66/
d77
d81
f104/
f108/
f114/
f120/
f128/
f15
f155
f159/
f164/
f2
f216
f22/
f287/
f290/
f32
f58
f59/
f86
f93
f97/
n109/
n117/
n15
n20
n26/
n36
n39/
n43
n5
n50
n53/
n55/
n58/
n82
n90
n99/
Invalid operation
n50:23 74 67 AF 66 DE 60 35
Null
Null
n15:485
n50:27
d183:17
d100:16
d77:16
f2:14
n15:485
n50:27
d183:17
n15:485
n50:27
d183:17
Invalid operation
n15:492
n50:27
d183:17
n15:492
n50:27
d183:17
n15:492
n50:24
d183:17
f120:dir:0
d100
d138/
d151/
d173/
d18
d183
d185/
d190/
d197/
d24/
d278
d286/
d287
d288/
d290/
d291
d298/
d31
d36
d39/
d54
d66/
d77
d81
f104/
f108/
f114/
f120/
f128/
f15
f155
f159/
f164/
f2
f216
f22/
f287/
f290/
f32
f58
f59/
f86
f93
f97/
n109/
n117/
n15
n20
n26/
n36
n39/
n43
n5
n50
n53/
n55/
n58/
n82
n90
n99/
d100
d138/
d151/
d173/
d18
d183
d185/
d190/
d197/
d24/
d278
d286/
d287
d288/
d290/
d291
d298/
d31
d36
d39/
d54
d66/
d77
d81
f104/
f108/
f114/
f120/
f128/
f15
f155
f159/
f2
f216
f22/
f287/
f290/
f32
f58
f59/
f86
f93
f97/
n109/
n117/
n15
n20
n26/
n36
n39/
n43
n5
n50
n53/
n55/
n58/
n82
n90
n99/
n50:B5 23 A8 23 74 67 AF 66 DE 60 35
n15:-_l8xxxkqh.t1okixnv045utrk66oam2rf_q66u_mjx2.vagwoexdjwogw6t5jri9y114q1wtpq-dxw6j0qypjvvx5iyzy17zjr.z5_hwaq89mhqr2qa6g8l76p3wyv9xca6t7e2a3q xrwmc0vi-v4la7apl6vkzjt_ro1x9b0gfmxjub.to6hx88fn2xfxnap61i3nsfs0n0a_hotw xdz62v_jk6c0 a5xalfzph_2mkurqxokl ly3sbrxo19n9-laj8qi.-s-zx2r60pzdmlo6pxxbb6nap58f-84xx_pyoafw15ef6z9yh-it7u44.0__6pcf7mfyntg1tifidw4ehihm0cwe_ .ka9b.olvs2lvdb60xqm9t7 lcw8x8_s wc0a8d48q 3xexl7a81x3vd9wvxxn_x9s4kinrjagho6.9_xss.1wm _tp fjj7yut761t397kpfr9ftea-5xap7xzkjxfv1fkhepe40cggtdk
n3:
Invalid operation
n50:60 35
f122
f122:
d48:n-xt3
Invalid operation
d249
d283
d48
f231
f250
f253/
f72
n118/
d143/
d249
d283
d48
f159
f231
f250
f253/
f72
n118/
Invalid operation
d100
d151/
d173/
d18
d183
d185/
d190/
d197/
d24/
d278
d286/
d287
d288/
d290/
d291
d298/
d31
d36
d39/
d66/
d77
d81
f104/
f108/
f114/
f120/
f128/
f15
f155
f159/
f2
f216
f22/
f287/
f290/
f32
f58
f59/
f86
f93
f97/
n109/
n117/
n15
n20
n26/
n36
n39/
n43
n5
n50
n53/
n55/
n58/
n82
n90
n99/
d100
d151/
d173/
d18
d183
d185/
d190/
d197/
d24/
d278
d286/
d287
d288/
d290/
d291
d298/
d31
d36
d39/
d66/
d77
d81
f104/
f108/
f114/
f120/
f128/
f15
f155
f159/
f2
f216
f22/
f287/
f290/
f32
f58
f59/
f86
f93
f97/
n109/
n117/
n15
n20
n26/
n36
n39/
n43
n5
n50
n53/
n55/
n58/
n82
n90
n99/
n50:32 3D 29 B5 23 A8 23
n50:3D 29 B5 23 A8 23 74 67 AF 66 DE 60 35 B1
Invalid operation
Invalid operation
n15:-_l8xxxkqh.t1okixnv045utrk66oam2rf_q66u_mjx2.vagwoexdjwogw6t5jri9y114q1wtpq-dxw6j0qypjvvx5iyzy17zjr.z5_hwaq89mhqr2qa6g8l76p3wyv9xca6t7e2a3q xrwmc0vi-v4la7apl6vkzjt_ro1x9b0gfmxjub.to6hx88fn2xfxnap61i3nsfs0n0a_hotw xdz62v_jk6c0 a5xalfzph_2mkurqxokl ly3sbrxo19n9-laj8qi.-s-zx2r60pzdmlo6pxxbb6nap58f-84xx_pyoafw15ef6z9yh-it7u44.0__6pcf7mfyntg1tifidw4ehihm0cwe_ .ka9b.olvs2lvdb60xqm9t7 lcw8x8_s wc0a8d48q 3xexl7a81x3vd9wvxxn_x9s4kinrjagho6.9_xss.1wm _tp fjj7yut761t397kpfr9ftea-5xap7xzkjxfv1fkhepev.6iw3l1 mx
d173:9b57_0w dbv8
d173:12
d173:txt:12
Invalid operation
d173
d43/
f48
Invalid operation
d173
d43/
f48
d173
d43/
f48
n98/
d132:14
d173:12
f48:9
f48:.yu_4x3.qxnkv0.f2l
d43:dir:0
n5:00 00
Invalid operation
Null
n5:00 00 00
f189/
f189/
Invalid operation
Invalid operation
d141:6
Invalid operation
Invalid operation
d132
d141
d141:5F 6C 2B 3B 00 00
Invalid operation
d86:dir:0
Invalid operation
Invalid operation
d86:dir:0
d86/
f144
f229
f241/
f92
n14/
n74/
d86/
f144
f229
f241/
f92
n74/
n50:24 FD
d86:dir:0
d86/
f229
f241/
f92
n111
n74/
Invalid operation
d86/
f241/
f269
f92
n111
n74/
/d24/f92
Invalid operation
d86/
f241/
f269
f92
n111
n74/
d86/
f241/
f269
f92
n111
n74/
Invalid operation
d86/
f241/
f269
f92
n111
n74/
d24/
├── d86/
│   ├── d132
│   ├── d141
│   └── d228
├── f172
├── f241/
├── f269
├── f92
├── n110/
├── n111
└── n74/
d86/
f172
f241/
f269
f92
n110/
n111
n74/
Invalid operation
f92:gfai.2zg7xivf45xrreqyinz
f92:gfai.2zg7x
/n90
Invalid operation
Invalid operation
Invalid operation
d105/
d293
f181/
Invalid operation
Invalid operation
Invalid operation
f135
d105/
d293
f181/
Invalid operation
d105/
d293
Invalid operation
d293:89 2A 2A 9E 03 AF EB
Invalid operation
Invalid operation
Invalid operation
d100
d125
d151/
d173/
d18
d183
d185/
d190/
d197/
d24/
d278
d286/
d287
d290/
d291
d298/
d31
d36
d39/
d66/
d77
d81
f104/
f108/
f114/
f120/
f128/
f15
f155
f159/
f2
f216
f22/
f287/
f290/
f32
f5/
f58
f59/
f86
f93
f97/
n109/
n117/
n15
n20
n26/
n36
n39/
n43
n5
n50
n53/
n55/
n58/
n82
n90
n99/
Invalid operation
d100
d125
d151/
d173/
d18
d183
d185/
d190/
d197/
d24/
d278
d286/
d287
d291
d298/
d31
d36
d39/
d66/
d77
d81
f104/
f108/
f114/
f120/
f128/
f15
f155
f159/
f2
f216
f22/
f287/
f290/
f32
f5/
f58
f59/
f86
f93
f97/
n109/
n117/
n15
n20
n26/
n36
n39/
n43
n5
n50
n55/
n58/
n82
n90
n99/
d100
d125
d151/
d173/
d18
d183
d185/
d190/
d197/
d24/
d278
d286/
d287
d291
d298/
d31
d36
d39/
d66/
d77
d81
f104/
f108/
f114/
f120/
f128/
f15
f155
f159/
f2
f216
f22/
f287/
f290/
f32
f5/
f58
f59/
f86
f93
f97/
n109/
n117/
n15
n20
n26/
n36
n39/
n43
n5
n50
n55/
n58/
n82
n90
n99/
Invalid operation
Invalid operation
f120:dir:0
n50:ED 89 AE
d100
d125
d151/
d173/
d18
d183
d185/
d190/
d197/
d24/
d278
d286/
d287
d290/
d291
d298/
d31
d36
d39/
d66/
d77
d81
f104/
f108/
f114/
f120/
f128/
f15
f155
f159/
f2
f216
f22/
f280/
f287/
f290/
f32
f5/
f58
f59/
f86
f93
f97/
n109/
n117/
n15
n20
n26/
n36
n39/
n43
n5
n50
n55/
n58/
n82
n90
n99/
Invalid operation
d100
d125
d151/
d173/
d18
d183
d185/
d190/
d197/
d24/
d278
d286/
d287
d290/
d291
d298/
d31
d36
d39/
d66/
d77
d81
f104/
f108/
f114/
f120/
f128/
f15
f155
f159/
f2
f216
f22/
f280/
f287/
f290/
f32
f5/
f58
f59/
f86
f93
f97/
n109/
n117/
n15
n20
n26/
n36
n39/
n43
n5
n50
n55/
n58/
n82
n90
n99/
n50:CA A2 4A 32 3D 29 B5
d100
d125
d151/
d173/
d18
d183
d185/
d190/
d197/
d24/
d278
d286/
d287
d290/
d291
d298/
d31
d36
d39/
d66/
d77
d80
d81
f104/
f108/
f114/
f120/
f128/
f15
f155
f159/
f2
f216
f22/
f280/
f287/
f290/
f32
f5/
f58
f59/
f86
f93
f97/
n109/
n117/
n15
n20
n26/
n36
n39/
n43
n5
n50
n55/
n58/
n82
n90
n99/
n15:-_l8xxxkqh.t1okixnv045utrk66oam2rf_q66u_mjx2.vagwoexdjwogw6t5jri9y114q1wtpq-dxw6j0qypjvvx5iyzy17zjr.z5_hwaq89mhqr2qa6g8l76p3wyv9xca6t7e2a3q xrwmc0vi-v4la7apl6vkzjt_ro1x9b0gfmxjub.to6hx88fn2xfxnap61i3nsfs0n0a_hotw xdz62v_jk6c0 a5xalfzph_2mkurqxokl ly3sbrxo19n9-laj8qi.-s-zx2r60pzdmlo6pxxbb6nap58f-84xx_pyoafw15ef6z9yh-it7u44.0__6pcf7mfyntg1tifidw4ehihm0cwe_ .ka9b.olvs2lvdb60xqm9t7 lcw8x8_s wc0a8d48q 3xexl7a81x3vd9wvxxn_x9s4kinrjagho6.9_xss.1wm _tp fjj7yut761t397kpfr9ftea-5xap7xzkjxfv1fkhepev.6iw3l1 mxxu6qnx
f120:dir:0
Invalid operation
Invalid operation
Invalid operation
n15:-_l8xxxkqh.t1okixnv045utrk66oam2rf_q66u_mjx2.vagwoexdjwogw6t5jri9y114q1wtpq-dxw6j0qypjvvx5iyzy17zjr.z5_hwaq89mhqr2qa6g8l76p3wyv9xca6t7e2a3q xrwmc0vi-v4la7apl6vkzjt_ro1x9b0gfmxjub.to6hx88fn2xfxnap61i3nsfs0n0a_hotw xdz62v_jk6c0 a5xalfzph_2mkurqxokl ly3sbrxo19n9-laj8qi.-s-zx2r60pzdmlo6pxxbb6nap58f-84xx_pyoafw15ef6z9yh-it7u44.0__6pcf7mfyntg1tifidw4ehihm0cwe_ .ka9b.olvs2lvdb60xqm9t7 lcw8x8_s wc0a8d48q 3xexl7a81x3vd9wvxxn_x9s4kinrjagho6.9_xss.1wm _tp fjj7yut761t397kpfr9ftea-5xap7xzkjxfv1fkhepev.6iw3l1 mxxu6qnxx
Invalid operation
f120:dir:0
f120:dir:0
Invalid operation
n90:A8 77 45 6B 00
f120:dir:0
/n15
Invalid operation
Invalid operation
f58:75 90 23
n15:541
d183:17
d100:16
f2:14
f155:13
n15:-_l8xxxkqh.t1okixnv045utrk66oam2rf_q66u_mjx2.vagwoexdjwogw6t5jri9y114q1wtpq-dxw6j0qypjvvx5iyzy17zjr.z5_hwaq89mhqr2qa6g8l76p3wyv9xca6t7e2a3q xrwmc0vi-v4la7apl6vkzjt_ro1x9b0gfmxjub.to6hx88fn2xfxnap61i3nsfs0n0a_hotw xdz62v_jk6c0 a5xalfzph_2mkurqxokl ly3sbrxo19n9-laj8qi.-s-zx2r60pzdmlo6pxxbb6nap58f-84xx_pyoafw15ef6z9yh-it7u44.0__6pcf7mfyntg1tifidw4ehihm0cwe_ .ka9b.olvs2lvdb60xqm9t7 lcw8x8_s wc0a8d48q 3xexl7a81x3vd9wvxxn_x9s4kinrjagho6.9_xss.1wm _tp fjj7yut761t397kpfr9ftea-5xap7xzkjxfv1fkhepev.6iw3l1 mxxu6qnxx1-r7f.0984fxzz_v72_7mmioa4mf-8a
n19
f58:90
Invalid operation
Invalid operation
/d190/f38
Invalid operation
d190/
├── f12/
└── f38
f224
f289
f38
d100
d125
d151/
d173/
d18
d183
d185/
d190/
d197/
d24/
d243
d278
d286/
d287
d290/
d291
d298/
d31
d36
d39/
d66/
d81
d94/
f104/
f108/
f114/
f120/
f128/
f15
f155
f159/
f2
f216
f22/
f268
f270
f287/
f290/
f32
f5/
f58
f59/
f86
f93
f97/
n109/
n117/
n15
n26/
n36
n39/
n43
n55/
n58/
n82
n99/
n15:542
d183:17
d100:16
f2:14
f155:13
f58:12
n82:12
f15:10
Invalid operation
Invalid operation
Invalid operation
Invalid operation
d82/
└── n92/
/n15
Invalid operation
Invalid operation
d229/
f70
Invalid operation
f70:bin:4
f70:bin:10
d24/
d48
f116
f233/
f257/
f280/
f70
Invalid operation
d24/
d48
f116
f257/
f280/
d24/
d48
f116
f257/
f280/
f257:dir:0
d48
f257/
f280/
f257:dir:0
Invalid operation
Invalid operation
d48:1fsi7rx3do.-5
n15:-_l8xxxkqh.t1okixnv045utrk66oam2rf_q66u_mjx2.vagwoexdjwogw6t5jri9y114q1wtpq-dxw6j0qypjvvx5iyzy17zjr.z5_hwaq89mhqr2qa6g8l76p3wyv9xca6t7e2a3q xrwmc0vi-v4la7apl6vkzjt_ro1x9b0gfmxjub.to6hx88fn2xfxnap61i3nsfs0n0a_hotw xdz62v_jk6c0 a5xalfzph_2mkurqxokl ly3sbrxo19n9-laj8qi.-s-zx2r60pzdmlo6pxxbb6nap58f-84xx_pyoafw15ef6z9yh-it7u44.0__6pcf7mfyntg1tifidw4ehihm0cwe_ .ka9b.olvs2lvdb60xqm9t7 lcw8x8_s wc0a8d48q 3xexl7a81x3vd9wvxxn_x9s4kinrjagho6.9_xss.1wm _tp fjj7yut761t397kpfr9ftea-5xap7xzkjxfv1fkhepev.6iw3l1 mxxu6qnxx1-r7f.0984fxzz_v72_7mmioa4mf-8axx0w-190fdfmxn8gx
n15:558
d183:17
f58:17
d100:16
f2:14
f155:13
n15:558
d183:17
f58:17
d100:16
f2:14
f155:13
d123:12
d1/
d100
d123
d125
d173/
d18
d183
d185/
d190/
d197/
d239
d24/
d243
d278
d286/
d287
d290/
d291
d298/
d31
d36
d39/
d66/
d82/
d94/
f104/
f108/
f114/
f120/
f128/
f15
f155
f159/
f2
f216
f22/
f268
f287/
f290/
f32
f5/
f58
f59/
f86
f93
f97/
n109/
n117/
n15
n26/
n36
n39/
n43
n55/
n58/
n82
d1/
d100
d123
d125
d173/
d18
d183
d185/
d190/
d197/
d239
d24/
d243
d278
d286/
d287
d290/
d291
d298/
d31
d36
d39/
d66/
d82/
d94/
f104/
f108/
f114/
f120/
f128/
f15
f155
f159/
f2
f216
f22/
f268
f287/
f290/
f32
f5/
f58
f59/
f86
f93
f97/
n109/
n117/
n15
n26/
n36
n39/
n43
n55/
n58/
n82
n15:568
d183:17
d100:16
n15:568
d183:17
d100:16
n15:568
d183:17
d100:16
n15:568
d183:17
d100:16
d1/
d100
d123
d125
d173/
d18
d183
d185/
d190/
d197/
d24/
d243
d278
d286/
d287
d290/
d291
d298/
d31
d36
d39/
d66/
d68/
d82/
d94/
f104/
f108/
f114/
f120/
f128/
f15
f155
f159/
f187
f2
f22/
f268
f287/
f290/
f32
f5/
f58
f59/
f8/
f86
f90/
f93
f97/
n106
n109/
n117/
n15
n26/
n36
n39/
n43
n55/
n58/
n82
f120:dir:0
Invalid operation
n15:568
d183:17
d100:16
n15:568
d183:17
d100:16
d1/
d100
d123
d125
d173/
d18
d183
d185/
d190/
d197/
d239
d24/
d243
d278
d286/
d287
d290/
d291
d298/
d31
d36
d39/
d66/
d68/
d82/
d94/
f104/
f108/
f114/
f120/
f128/
f15
f155
f159/
f187
f2
f22/
f268
f287/
f290/
f32
f5/
f58
f59/
f8/
f86
f93
f97/
n106
n109/
n117/
n15
n26/
n36
n39/
n46
n55/
n58/
n82
Invalid operation
d1/
d100
d123
d125
d173/
d18
d183
d185/
d190/
d197/
d239
d24/
d243
d278
d286/
d287
d290/
d291
d298/
d31
d36
d39/
d66/
d68/
d82/
d94/
f104/
f108/
f114/
f120/
f128/
f15
f155
f159/
f187
f2
f22/
f268
f287/
f290/
f32
f5/
f58
f59/
f8/
f86
f93
f97/
n106
n109/
n117/
n15
n36
n39/
n46
n55/
n58/
n82
d1/
d100
d123
d125
d173/
d18
d183
d185/
d190/
d197/
d239
d24/
d243
d278
d286/
d287
d291
d298/
d31
d36
d39/
d66/
d68/
d82/
d94/
f104/
f108/
f114/
f120/
f128/
f15
f155
f159/
f187
f2
f22/
f268
f287/
f290/
f32
f5/
f58
f59/
f8/
f86
f93
f97/
n106
n109/
n117/
n15
n36
n39/
n46
n55/
n58/
n82
d1/
d100
d123
d125
d173/
d18
d183
d185/
d190/
d197/
d239
d24/
d243
d278
d286/
d287
d291
d298/
d31
d36
d39/
d66/
d68/
d82/
d94/
f104/
f108/
f114/
f120/
f128/
f15
f155
f159/
f187
f2
f22/
f268
f287/
f290/
f32
f5/
f58
f59/
f8/
f86
f93
f97/
n106
n109/
n117/
n15
n36
n39/
n46
n55/
n58/
n82
/n15
d1/
d100
d123
d125
d173/
d18
d183
d185/
d190/
d197/
d239
d24/
d243
d278
d286/
d287
d291
d298/
d31
d36
d39/
d66/
d68/
d82/
d94/
f104/
f108/
f114/
f120/
f128/
f15
f155
f159/
f187
f2
f22/
f245/
f268
f290/
f32
f5/
f58
f59/
f8/
f86
f93
f97/
n106
n109/
n117/
n15
n36
n39/
n46
n55/
n58/
n82
Invalid operation
Invalid operation
Invalid operation
n15:584
f58:22
d183:17
d100:16
f187:16
d1/
d100
d123
d125
d173/
d18
d183
d185/
d190/
d197/
d239
d24/
d243
d278
d286/
d287
d291
d298/
d31
d36
d39/
d66/
d68/
d82/
d94/
f104/
f108/
f114/
f120/
f15
f155
f159/
f187
f2
f22/
f245/
f268
f290/
f32
f5/
f58
f59/
f8/
f86
f93
f97/
n106
n109/
n117/
n15
n36
n39/
n46
n55/
n58/
n82
Null
Invalid operation
d270
d286
d291
d67/
f174
n80/
d270
d286
d67/
n80/
Invalid operation
Invalid operation
d270
d286
d67/
n80/
Invalid operation
Invalid operation
d286
d67/
n80/
d286:02
Invalid operation
Invalid operation
d286:16
Invalid operation
Null
Invalid operation
Invalid operation
d215/
n53/
Invalid operation
Invalid operation
Invalid operation
Invalid operation
d172/
d215/
d32/
d89
f53
Invalid operation
Invalid operation
f53:76 00 05 C1 A7
Invalid operation
n66:fu2iq1vf1r7yt
/d197/f16/f45/n66
Invalid operation
Invalid operation
f53:C1
d286:00
Invalid operation
Invalid operation
Invalid operation
Invalid operation
Invalid operation
Invalid operation
f93/
Invalid operation
Invalid operation
Invalid operation
f93/
Invalid operation
/d197/f16/f53
f53:46 0C FC 5D 76 00 19 AD
d150/
f288/
f93/
Invalid operation
d215/
├── d150/
│   └── d26/
├── f288/
└── f93/
f265/
Invalid operation
f53:B0 D3 1E
f265/
f265/
Invalid operation
Invalid operation
d215/
├── d126
├── d150/
│   └── d26/
├── f147/
├── f176
├── f194
├── f288/
│   └── f34/
└── f42/
Invalid operation
Invalid operation
d215/
├── d126
├── d150/
│   └── d26/
├── f176
├── f194
├── f217
├── f288/
│   └── f34/
└── f42/
Invalid operation
Invalid operation
Invalid operation
Invalid operation
Invalid operation
f53:00 00 FC
Invalid operation
n66:fu2iq1vf1r7ytx3zgn_bmiry-
d183/
n2
n66
n66:fu2iq1vf1r7ytx3zgn_bmiry-
Invalid operation
f215/
└── f75/
/d197/f16/f53
f53:E5 8A B0 00 25 DB 50 75
Invalid operation
Invalid operation
Invalid operation
d138
d201
d215/
d239/
f103
f110
f207/
f212/
f215/
f234
f253/
f45/
f53
n72
Invalid operation
Invalid operation
d183/
f174/
n2
n66
d138
d201
d215/
f103
f110
f207/
f212/
f215/
f234
f253/
f45/
f53
n72
Invalid operation
Invalid operation
d201
d215/
f103
f110
f176
f207/
f212/
f215/
f234
f253/
f45/
f53
n72
d201
d215/
f103
f110
f207/
f212/
f215/
f234
f253/
f45/
f53
n72
Invalid operation
Invalid operation
Invalid operation
d138
d201
d215/
f110
f207/
f212/
f215/
f234
f253/
f45/
f53
n72
n91
Invalid operation
f53:50
f53:FC 76 00 19 AD C1 C2
Invalid operation
d197/
├── d129
├── d28/
├── d286
├── d67/
│   ├── d19/
│   └── d27
├── f16/
│   ├── d11
│   ├── d138
│   ├── d180/
│   ├── d201
│   ├── d215/
│   │   ├── d126
│   │   ├── d150/
│   │   │   └── d26/
│   │   ├── f176
│   │   ├── f194
│   │   ├── f217
│   │   ├── f288/
│   │   │   └── f34/
│   │   └── f42/
│   ├── f110
│   ├── f187
│   ├── f207/
│   ├── f212/
│   ├── f215/
│   │   └── n87/
│   ├── f234
│   ├── f24
│   ├── f245
│   ├── f253/
│   ├── f45/
│   │   ├── d109/
│   │   ├── d183/
│   │   ├── f174/
│   │   ├── f240
│   │   └── n2
│   ├── f53
│   ├── n72
│   └── n91
├── f54/
├── f89/
└── n80/
    ├── d84
    └── n42
Invalid operation
Invalid operation
f53:25
f53:28
f245:12
f187:10
n91:9
d138:5
f234:5
Invalid operation
f53:00 00
d126
d138
d180/
d215/
d227
f132/
f187
f207/
f212/
f215/
f234
f24
f245
f253/
f45/
f53
n91
Invalid operation
Invalid operation
Invalid operation
d126
d138
d180/
d215/
d227
f12/
f132/
f187
f207/
f212/
f215/
f234
f24
f245
f253/
f53
n91
d286:86
d129
d28/
d286
f16/
f54/
f89/
n80/
Invalid operation
Invalid operation
d129
d28/
d286
f16/
f54/
f89/
n80/
Invalid operation
Invalid operation
Invalid operation
Invalid operation
Invalid operation
Invalid operation
f120:dir:0
Invalid operation
d1/
d100
d108
d117
d123
d125
d173/
d18
d183
d185/
d190/
d197/
d239
d24/
d243
d278
d286/
d287
d291
d298/
d31
d36
d39/
d66/
d68/
d82/
d94/
f104/
f108/
f114/
f120/
f15
f155
f159/
f170/
f187
f2
f22/
f245/
f268
f32
f36
f5/
f58
f59/
f7
f8/
f86
f93
f97/
n106
n109/
n117/
n15
n36
n39/
n46
n55/
n58/
n82
n15:598
f58:25
d183:17
f58:75 04 A7 AC F3 CD 6F
d1/
d100
d108
d117
d123
d125
d173/
d18
d183
d185/
d190/
d197/
d239
d24/
d243
d278
d286/
d287
d291
d298/
d31
d36
d39/
d66/
d68/
d82/
d94/
f104/
f108/
f114/
f120/
f15
f155
f159/
f170/
f187
f2
f22/
f245/
f268
f32
f36
f5/
f58
f59/
f7
f8/
f86
f93
f97/
n106
n109/
n117/
n15
n36
n39/
n46
n55/
n58/
n82
n15:610
f58:25
d183:17
n15:610
f58:25
d183:17
f120:dir:0
f58:2E
d1/
d100
d108
d117
d123
d125
d173/
d18
d183
d185/
d190/
d197/
d239
d24/
d243
d278
d286/
d291
d298/
d31
d36
d39/
d66/
d68/
d82/
d94/
f104/
f108/
f114/
f120/
f15
f155
f159/
f170/
f187
f2
f22/
f238
f245/
f268
f32
f36
f5/
f58
f59/
f7
f8/
f93
f97/
n106
n109/
n117/
n15
n36
n39/
n46
n55/
n58/
n82
n15:-_l8xxxkqh.t1okixnv045utrk66oam2rf_q66u_mjx2.vagwoexdjwogw6t5jri9y114q1wtpq-dxw6j0qypjvvx5iyzy17zjr.z5_hwaq89mhqr2qa6g8l76p3wyv9xca6t7e2a3q xrwmc0vi-v4la7apl6vkzjt_ro1x9b0gfmxjub.to6hx88fn2xfxnap61i3nsfs0n0a_hotw xdz62v_jk6c0 a5xalfzph_2mkurqxokl ly3sbrxo19n9-laj8qi.-s-zx2r60pzdmlo6pxxbb6nap58f-84xx_pyoafw15ef6z9yh-it7u44.0__6pcf7mfyntg1tifidw4ehihm0cwe_ .ka9b.olvs2lvdb60xqm9t7 lcw8x8_s wc0a8d48q 3xexl7a81x3vd9wvxxn_x9s4kinrjagho6.9_xss.1wm _tp fjj7yut761t397kpfr9ftea-5xap7xzkjxfv1fkhepev.6iw3l1 mxxu6qnxx1-r7f.0984fxzz_v72_7mmioa4mf-8axx0w-190fdfmxn8gxqss9 1wzv0rdygryfdxq41tzorpftgat2.fymjs3x tkbgr0blj6
Invalid operation
f120:dir:0
f58:27 FD 65 6F
f120:dir:0
Invalid operation
n15:646
f58:32
d183:17
d100:16
f147:16
f2:14
f155:13
d1/
d10/
d100
d108
d117
d123
d125
d173/
d183
d185/
d190/
d197/
d239
d24/
d243
d258
d278
d286/
d291
d298/
d36
d39/
d66/
d68/
d82/
d94/
d95
f104/
f108/
f114/
f120/
f147
f15
f155
f159/
f170/
f2
f22/
f238
f245/
f268
f32
f36
f5/
f58
f59/
f7
f8/
f93
f97/
n106
n109/
n117/
n15
n36
n39/
n46
n55/
n58/
n82
d1/
d10/
d100
d108
d117
d123
d125
d173/
d183
d185/
d190/
d197/
d239
d24/
d243
d258
d278
d286/
d291
d298/
d36
d39/
d66/
d68/
d82/
d94/
d95
f104/
f108/
f114/
f120/
f147
f15
f155
f159/
f170/
f2
f22/
f238
f245/
f268
f32
f36
f5/
f58
f59/
f7
f8/
f93
f97/
n106
n109/
n117/
n15
n36
n39/
n46
n55/
n58/
n82
Invalid operation
n15:646
f58:32
d100:16
n15:646
f58:32
d100:16
Invalid operation
f158:18
f208:18
f10:15
n97:8
f249:7
f208:47 29 76 BE DB 9B
Invalid operation
Invalid operation
Invalid operation
d277:dir:0
Invalid operation
Invalid operation
d41:dir:0
f208:C5 FE AC AC 45 8B E4 3A BE DB 9B 97 71 00 00 A7 F1
f208:3F 9A 4E DA F7 00
f208:F1 3F 9A 4E DA F7
Invalid operation
Invalid operation
d132
d169
d198
d236/
d260/
d37
d41/
d8
f10
f102
f124
f184
f208
f236/
f249
f272/
f92/
n104/
n33
n97
d132
d169
d198
d236/
d260/
d37
d41/
d8
f10
f102
f124
f184
f208
f236/
f249
f272/
f92/
n104/
n33
n97
Invalid operation
Invalid operation
f208:E0 ED E0 BE DB 9B 1C 78 3A 00 A7 F1 3F 9A
Invalid operation
d41:dir:0
Invalid operation
/d173/f124
f208:22
f10:15
f102:8
n97:8
Invalid operation
Invalid operation
d132
d198
d260/
d37
d41/
d8
f10
f102
f124
f127/
f134
f184
f208
f249
f272/
f92/
n104/
n29/
n97
Invalid operation
f208:AC FB E0 ED E0 BE DB 9B 97 71 00 00 A7
f208:9B 97 71 00 00 A7 F1 3F 9A 4E
f208:25
f10:15
Null
f46:D2 27 E0
f46
Invalid operation
d41:dir:0
Invalid operation
f247:00
Invalid operation
Invalid operation
/d173/f92/f247
Invalid operation
Invalid operation
Invalid operation
Invalid operation
f247:00
f241/
Invalid operation
Invalid operation
Invalid operation
d25/
f247
f294
Invalid operation
Invalid operation
Invalid operation
d60/
f247
Invalid operation
Invalid operation
Invalid operation
d60/
f247
Invalid operation
Invalid operation
/d173/f92/f247
d1/
d10/
d100
d108
d123
d125
d153
d173/
d185/
d190/
d197/
d239
d24/
d243
d258
d278
d286/
d291
d298/
d36
d39/
d66/
d68/
d71/
d82/
d94/
d95
f104/
f108/
f120/
f15
f155
f159/
f170/
f2
f22/
f238
f245/
f268
f32
f35/
f36
f5/
f58
f59/
f7
f8/
f93
f97/
n106
n109/
n117/
n15
n36
n39/
n46
n55/
n58/
n82
Invalid operation
d1/
d10/
d100
d108
d123
d125
d153
d156
d173/
d185/
d190/
d197/
d239
d24/
d243
d258
d278
d286/
d291
d298/
d39/
d66/
d68/
d71/
d82/
d94/
d95
f104/
f108/
f120/
f15
f155
f159/
f170/
f2
f22/
f238
f245/
f268
f32
f35/
f36
f5/
f58
f59/
f7
f8/
f93
f97/
n106
n109/
n117/
n15
n36
n39/
n46
n55/
n82
Invalid operation
Invalid operation
d1/
d10/
d100
d108
d123
d125
d153
d156
d173/
d185/
d190/
d197/
d239
d24/
d243
d258
d278
d286/
d291
d298/
d39/
d66/
d68/
d71/
d82/
d94/
d95
f104/
f108/
f120/
f15
f155
f159/
f170/
f2
f22/
f238
f245/
f268
f32
f35/
f36
f5/
f58
f59/
f7
f8/
f97/
n106
n109/
n110/
n117/
n15
n21/
n36
n39/
n46
n55/
n82
n15:646
f58:33
d100:16
n15:646
f58:33
d100:16
f2:14
f155:13
d123:12
n82:12
Invalid operation
n15:646
f58:33
d100:16
f2:14
f155:13
Invalid operation
n15:646
f58:33
d100:16
Invalid operation
n15:646
f58:33
d100:16
d1/
d10/
d100
d108
d123
d125
d153
d156
d173/
d185/
d190/
d197/
d239
d24/
d243
d258
d278
d286/
d291
d298/
d39/
d66/
d68/
d71/
d82/
d92/
d94/
d95
f104/
f108/
f120/
f15
f155
f159/
f170/
f2
f22/
f238
f245/
f268
f32
f35/
f36
f5/
f58
f59/
f7
f8/
f97/
n106
n109/
n110/
n117/
n15
n21/
n32/
n36
n39/
n46
n82
f0/
f159/
├── d53
└── f0/
d53
f0/
Invalid operation
d153/
f10
n69/
Invalid operation
Invalid operation
f245
n69/
Null
Invalid operation
d53: _1qxs83.zsexhtrjre3-pfn6vtnla8-mf8ctyasmbw3 pe50s09
f245
f245
f245:11
Invalid operation
Invalid operation
d52/
f245
f245:18
f245:5obg8g0c8kvr3dcj-p
n51:44xjo4bdo6xaup.f
n51:16
f217:dir:0
Invalid operation
f58:D6 89
d282:dir:0
d282/
f58:B0 58 03 E1 F1 D6 89
d282:dir:0
Invalid operation
f156/
Invalid operation
Invalid operation
Invalid operation
/f159/f0/d52/n3/d114
/f159/f0/d52/n3/d114
n3/
├── f156/
│   ├── f151
│   └── f3
├── f172
├── f201
├── f208
└── f220/
Invalid operation
Invalid operation
d187
d271
d35
f156/
f172
f188/
f201
f220/
f57/
f201:x
d18
d187
d271
d35
f156/
f172
f188/
f201
f220/
f57/
Invalid operation
d103:00
Invalid operation
Invalid operation
/f159/d53
d52/
f44/
f52/
Invalid operation
d52/
f44/
f52/
d52/
f44/
f52/
d52/
f44/
f52/
d53: _1qxs83.zsexhtrjre3-pfn6vtnla8-mf8ctyasmbw3 pe50s09
f44:dir:0
Invalid operation
/f159/f0/f60
Invalid operation
f110:C2
d196/
d21/
d215/
d220
d40
f110
f129
f277/
f44/
f52/
f60
n94/
Null
f110:0E 04 A3 00 00 9E BF A7
f110:E2 85
Invalid operation
Invalid operation
Invalid operation
f110:A3 00 00 9E BF A7 73 00 67 8E 8E F4 DF
Invalid operation
f0/
├── d196/
├── d21/
│   └── d165
├── d215/
├── d220
├── d40
├── d43/
├── f110
├── f123/
├── f277/
│   ├── d64
│   ├── f228
│   └── f78
├── f52/
├── f60
└── n94/
Invalid operation
Invalid operation
f0/
├── d196/
├── d21/
│   └── d165
├── d215/
├── d220
├── d40
├── d43/
├── f110
├── f123/
├── f277/
│   ├── d64
│   ├── f228
│   └── f78
├── f52/
├── f60
└── n94/
Invalid operation
Invalid operation
f69/
n20
f69/
n20
f228
f69/
n20
Invalid operation
Invalid operation
Invalid operation
f228
f69/
n20
f69/
f0/
├── d196/
├── d21/
│   └── d165
├── d215/
├── d220
├── d40
├── d43/
├── f110
├── f123/
├── f277/
│   ├── d64
│   ├── f228
│   └── f78
├── f52/
│   ├── f182
│   ├── f69/
│   └── n1
├── f60
└── n94/
/f159/f0/f52/n1
f69:dir:0
f69:dir:0
Null
/f159/f0/f52/n1
f110:85 00 00 00 00 5D 26 9D
d84/
f163/
f182
f6/
f69/
Invalid operation
f110:40 6D A7 43 87 3A
Invalid operation
f52/
├── d18/
├── f163/
├── f44
├── f6/
├── f69/
└── n112/
Invalid operation
Invalid operation
d18/
f163/
f44
f6/
f69/
n112/
d18/
f163/
f44
f47/
f6/
f69/
n112/
f110:1E 68 3C 5D 26 9D
f110:00 9E BF A7 73 00 B7 C9 40 6D A7 43 C8 9E 46 1E 68
d18/
f163/
f44
f47/
f6/
n97/
f44:15
f158:12
d221:8
Invalid operation
d18/
d221
f158
f163/
f44
f47/
f6/
n97/
f6:dir:0
f52/
├── d18/
├── d221
├── f158
├── f199
├── f44
├── f47/
├── f6/
└── n97/
Invalid operation
d221:09 70
d115/
n11/
Null
Invalid operation
/f159/f0/f52/f47/n11/d279
Invalid operation
Invalid operation
f44:tte45qss c7dh7lnf8kkuy
Invalid operation
n11/
Invalid operation
Invalid operation
/f159/f0/f52/f44
d221:A0
Invalid operation
Invalid operation
Invalid operation
f6:dir:0
f6:dir:0
/f159/f0/f52/f44
f52:dir:0
Invalid operation
f44:tte45qss c7dh7lnf8kkuydih1am4
d221:06
Null
f60:f3.fhk0idf1j66ptxg2xocuz_e3dj
f60:f3.fhk0idf1j66ptxg2xocuz_e3dj
f110:04 A3 00 00 9E BF A7 73 2F DA AA 6D 52 B4
d292/
d64
f228
f78
d64:8-
d176/
f188/
f258
Null
Invalid operation
d292/
d64
f228
f78
d64:8-pc9qi6lwzj0f2so7
f258:7t_msazxermfrmqyt5j07n7 ej3ictpmi
Invalid operation
Invalid operation
Invalid operation
d176/
d206
d79/
d292/
d56/
d64
f228
f78
n104
d211
d292/
d56/
d64
f228
f78
n104
Invalid operation
f110:7F 73 2F DA AA 6D
Invalid operation
Invalid operation
f110:97 B9 EF 25 7F 73 2F
Invalid operation
f110:B4
Invalid operation
f0
f129/
Invalid operation
Invalid operation
f0
f190/
f225
f25/
n79
f0
f225
f25/
n79
n88/
Invalid operation
f0/
├── d157
├── d196/
├── d21/
│   └── d165
├── d220
├── d40
├── d43/
├── f110
├── f27
├── f277/
│   ├── d292/
│   ├── d56/
│   ├── d64
│   ├── d90/
│   ├── f228
│   └── f78
├── f52/
│   ├── d135
│   ├── d221
│   ├── d77
│   ├── f140
│   ├── f158
│   ├── f199
│   ├── f244
│   ├── f44
│   ├── f47/
│   │   └── n11/
│   │       └── d279
│   ├── f6/
│   └── n80/
├── f55
├── f60
└── n94/
    ├── f0
    ├── f225
    ├── f25/
    ├── n79
    └── n88/
f0/
├── d157
├── d196/
├── d21/
│   └── d165
├── d220
├── d40
├── d43/
├── f110
├── f27
├── f277/
│   ├── d292/
│   ├── d56/
│   ├── d64
│   ├── d90/
│   ├── f228
│   └── f78
├── f52/
│   ├── d135
│   ├── d221
│   ├── d77
│   ├── f140
│   ├── f158
│   ├── f199
│   ├── f244
│   ├── f44
│   ├── f47/
│   │   └── n11/
│   │       └── d279
│   ├── f6/
│   └── n80/
├── f55
├── f60
└── n94/
    ├── f0
    ├── f225
    ├── f25/
    ├── n79
    └── n88/
/f159/f0/f60
f60:f3.fhk0idf1j66ptxg2xocuz_e3djajwlikjxume1fgzw.mnsc
Invalid operation
d140/
f127/
f52:dir:0
f52:dir:0
Invalid operation
/f159/f0/d43/d15
/f159/f0/d15
f140:1B
d15:ec5kp8q-os. ffp-lyx
d15:ec5kp8q-os. ffp-lyx
d15
f104/
f18
Invalid operation
Invalid operation
f60:f3.fhk0idf1j66ptxg2xocuz_e3djajwlikjxume1fgzw.mnsc
f60:f3.fhk0idf1j66ptxg2xocuz_e3djajwlikjxume1fgzw.mnsc
Invalid operation
f52:dir:0
d165
d165
d15
d196/
d21/
d210/
d220
d232
d40
d43/
f110
f126
f147
f186/
f230/
f27
f277/
f52/
f55
f60
f7
d15
d196/
d21/
d210/
d220
d232
d40
f110
f126
f147
f186/
f230/
f27
f277/
f52/
f55
f60
f7
f110:AA 6D 52 B4 AC
Invalid operation
f75
Invalid operation
d283/
n5/
n67/
Invalid operation
d298: x8bia.bfjis7czep_pl
n5:dir:0
d283/
d170:8sk9s
Invalid operation
f60:f3.fhk0idf1j66ptxg2xocuz_e3djajwlikjxume1fgzw.mnscp nt 4.3.t4zbw
Invalid operation
f60:f3.fhk0idf1j66ptxg2xocuz_e3djajwlikjxume1fgzw.mnscp nt 4.3.t4zbwwjoknpji33537tl-8
d104
d15
d196/
d21/
d210/
d220
d232
d249/
d40
f110
f126
f147
f186/
f230/
f27
f277/
f52/
f55
f60
f7
Invalid operation
Invalid operation
Invalid operation
f58:61 83 47 92 06 0F F1 00 D7 85 35 CD 6F B0 58 03 E1 F1 56 E6 76 BB 7C 0A 13 2A 1D A1 AE 66
Invalid operation
n15:646
f58:41
d100:16
n15:646
f58:45
d100:16
d1/
d10/
d100
d108
d123
d125
d153
d156
d173/
d185/
d190/
d197/
d239
d24/
d243
d258
d278
d286/
d291
d298/
d39/
d66/
d68/
d71/
d82/
d92/
d94/
d95
f104/
f108/
f120/
f15
f155
f159/
f170/
f2
f22/
f238
f245/
f268
f32
f35/
f36
f5/
f58
f59/
f7
f8/
f97/
n106
n109/
n110/
n117/
n15
n21/
n32/
n36
n39/
n46
n82
n15:646
f58:45
d100:16
d1/
d10/
d100
d108
d123
d125
d153
d156
d173/
d185/
d190/
d197/
d239
d24/
d243
d258
d278
d286/
d291
d298/
d39/
d66/
d68/
d71/
d82/
d92/
d94/
d95
f104/
f108/
f120/
f15
f155
f159/
f170/
f2
f22/
f238
f245/
f268
f32
f35/
f36
f5/
f58
f59/
f7
f8/
f97/
n106
n109/
n110/
n117/
n15
n21/
n32/
n36
n39/
n46
n82
d1/
d10/
d100
d108
d123
d125
d153
d156
d173/
d185/
d190/
d197/
d239
d24/
d243
d258
d278
d286/
d291
d298/
d39/
d66/
d68/
d71/
d82/
d92/
d94/
d95
f104/
f108/
f120/
f15
f155
f159/
f170/
f2
f22/
f238
f245/
f268
f32
f35/
f36
f5/
f58
f59/
f7
f8/
f97/
n106
n109/
n110/
n117/
n15
n21/
n32/
n36
n39/
n46
n82
n15:-_l8xxxkqh.t1okixnv045utrk66oam2rf_q66u_mjx2.vagwoexdjwogw6t5jri9y114q1wtpq-dxw6j0qypjvvx5iyzy17zjr.z5_hwaq89mhqr2qa6g8l76p3wyv9xca6t7e2a3q xrwmc0vi-v4la7apl6vkzjt_ro1x9b0gfmxjub.to6hx88fn2xfxnap61i3nsfs0n0a_hotw xdz62v_jk6c0 a5xalfzph_2mkurqxokl ly3sbrxo19n9-laj8qi.-s-zx2r60pzdmlo6pxxbb6nap58f-84xx_pyoafw15ef6z9yh-it7u44.0__6pcf7mfyntg1tifidw4ehihm0cwe_ .ka9b.olvs2lvdb60xqm9t7 lcw8x8_s wc0a8d48q 3xexl7a81x3vd9wvxxn_x9s4kinrjagho6.9_xss.1wm _tp fjj7yut761t397kpfr9ftea-5xap7xzkjxfv1fkhepev.6iw3l1 mxxu6qnxx1-r7f.0984fxzz_v72_7mmioa4mf-8axx0w-190fdfmxn8gxqss9 1wzv0rdygryfdxq41tzorpftgat2.fymjs3x tkbgr0blj6o7ykmfdriuininn9fe5_t4w5wyeskw8o2t47b571hu
Invalid operation
d1/
d10/
d100
d108
d123
d125
d153
d156
d173/
d185/
d190/
d197/
d239
d24/
d243
d258
d278
d286/
d291
d298/
d39/
d66/
d68/
d71/
d82/
d92/
d94/
d95
f104/
f108/
f120/
f123/
f15
f155
f159/
f170/
f2
f22/
f238
f245/
f268
f32
f35/
f36
f5/
f58
f59/
f7
f8/
f97/
n106
n109/
n110/
n117/
n21/
n32/
n36
n39/
n46
n82
n82:06h p5396ptq
f58:45
d100:16
f2:14
f58:45
d100:16
f2:14
f120:dir:0
d1/
d10/
d100
d108
d123
d125
d153
d156
d173/
d185/
d190/
d197/
d239
d24/
d243
d258
d278
d286/
d291
d298/
d39/
d66/
d68/
d71/
d82/
d92/
d94/
d95
f104/
f108/
f120/
f123/
f15
f155
f159/
f170/
f2
f22/
f238
f245/
f268
f32
f35/
f36
f5/
f58
f59/
f7
f8/
f97/
n106
n109/
n110/
n117/
n21/
n32/
n36
n39/
n46
n82
Invalid operation
Invalid operation
Invalid operation
Invalid operation
d22:2j8yqp_n
d23
d126/
d135/
d138
d148/
d153
d190/
d199
d211/
d232
d48
d80/
f114
f125
f133/
f171/
f190/
f211/
f31
f87
f88/
n78
n8
d198:CA
Invalid operation
Invalid operation
f58:45
d100:16
f2:14
f58:46
d100:16
f125:15
Invalid operation
f58:46
d100:16
f125:15
d1/
d10/
d100
d108
d123
d125
d153
d156
d173/
d185/
d190/
d239
d24/
d243
d258
d278
d286/
d291
d298/
d39/
d66/
d68/
d71/
d82/
d92/
d94/
d95
f104/
f108/
f120/
f123/
f125
f15
f155
f159/
f170/
f2
f22/
f238
f245/
f268
f32
f35/
f36
f5/
f58
f59/
f7
f8/
f97/
n106
n109/
n110/
n117/
n21/
n32/
n36
n39/
n46
n82
f58:46
d100:16
f125:15
Invalid operation
f58:46
f58:46
n82:29
d100:16
f58:46
n82:29
d100:16
Invalid operation
f58:46
n82:29
d100:16
f58:46
n82:33
d100:16
Invalid operation
Invalid operation
Invalid operation
Invalid operation
d1/
d10/
d100
d108
d123
d125
d153
d156
d173/
d185/
d190/
d239
d24/
d243
d258
d278
d286/
d291
d298/
d39/
d66/
d68/
d71/
d82/
d92/
d94/
d95
f104/
f108/
f120/
f123/
f125
f15
f155
f159/
f170/
f2
f22/
f238
f245/
f268
f32
f35/
f36
f5/
f58
f59/
f7
f8/
f97/
n106
n109/
n110/
n117/
n21/
n32/
n36
n39/
n46
n82
f58:46
n82:33
d100:16
Null
d198
d260/
d37
d41/
d51/
d64/
d8
f124
f127/
f151
f184
f249
f92/
n104/
n116
f58:47
n82:33
d100:16
d1/
d10/
d100
d108
d123
d125
d153
d156
d173/
d185/
d190/
d239
d24/
d243
d258
d278
d286/
d291
d298/
d39/
d66/
d68/
d71/
d82/
d92/
d94/
d95
f104/
f108/
f120/
f123/
f125
f15
f155
f159/
f170/
f2
f22/
f238
f245/
f268
f32
f35/
f36
f5/
f58
f59/
f7
f8/
f97/
n106
n109/
n110/
n117/
n21/
n32/
n36
n39/
n46
n82
Null
d198:AF 85 00 23 59 56
d41:dir:0
Invalid operation
Invalid operation
d51/
└── f20/
f124:1t0rlpixt2u.4zc 9edoiz0wj.g9j qvkuv6xat
Invalid operation
Invalid operation
Invalid operation
Invalid operation
d114:dir:0
Invalid operation
f124:1t0rlpixt2u.4zc 9edoiz0wj.g9j qvkuv6xat
d198:51 5F E3 53 1F 06 00 2C C7 7F E8 76 AF 85 00 23 BC 90 6D BB AE CB
d156
d177
d198
d260/
d37
d41/
d51/
d64/
d8
f124
f127/
f138
f151
f184
f35/
f81/
n104/
n116
n24
d156
d177
d198
d260/
d37
d41/
d51/
d64/
d8
f124
f127/
f138
f151
f184
f35/
f81/
n104/
n116
n24
f124:1t0rlpixt2u.4zc 9edoiz0wj.g9j qvkuv6xat
/d173/f124
d198:00 2C C7 7F E8 63 2F 99 00 23 BC 90 6D BB
d198:2C C7 7F E8 63 2F 99 00
f138/
n7/
n85
n85:93.7m7i
d64/
├── f138/
└── f18/
f138/
f18/
f138/
f18/
n93/
Invalid operation
d107:14
d228:13
d107
d228
d64/
├── f111/
├── f138/
│   └── d107
├── f18/
├── n101/
└── n93/
Invalid operation
f138:dir:0
d198:7F E8 63 DA 2D 66 24 78 90 6D
f111/
f138/
f178
f18/
f284/
n101/
n32/
n93/
f178:14
d20/
f111/
f138/
f178
f18/
n101/
n78
n93/
Null
f178:qoybwddl 3e0__p6t11j-jkyr8x
Invalid operation
Invalid operation
d20/
d283/
d7/
d77/
f101/
f108
f138/
f178
f18/
n101/
n73
n78
n93/
Invalid operation
Invalid operation
Invalid operation
Invalid operation
Invalid operation
Invalid operation
d20/
d283/
d7/
d77/
f101/
f108
f138/
f178
f18/
f23
n100
n73
/d173/d64/f178
f178:44
f23:16
n73:9
f108:7
n100:0
d104/
d127/
d156
d177
d182
d198
d255/
d260/
d37
d41/
d51/
d64/
d8
f124
f127/
f138
f151
f184
f298
f35/
f81/
n104/
n116
n24
Invalid operation
n14:0
d41:dir:0
d198:E8 63 DA 2D 66 24
f124:60
d198:24
n82:06h p5396ptqxx6bux5_mt48ly9wcn0zl
f58:47
n82:33
d100:16
f120:dir:0
f58:58 03 E1 F2 9E E6 76
n82:06h p5396ptqxx6bux5_mt48ly9wcn0zlx
Invalid operation
Invalid operation
d158/
d248
d267
f107/
f167
f204
f277/
f293
f99/
n105
n27
Invalid operation
n27:17
f167:10
d248:6
n105:4
f293:2
d267:0
f167:59 F4 01
d1/
d10/
d100
d108
d123
d125
d153
d156
d173/
d185/
d190/
d239
d243
d258
d278
d286/
d291
d298/
d39/
d66/
d68/
d71/
d82/
d92/
d94/
d95
f104/
f108/
f120/
f123/
f125
f155
f159/
f170/
f2
f22/
f238
f245/
f268
f32
f35/
f36
f5/
f58
f59/
f7
f8/
f97/
n106
n109/
n110/
n117/
n32/
n36
n39/
n46
n82
Invalid operation
Invalid operation
d1/
d10/
d100
d108
d123
d125
d153
d156
d173/
d185/
d190/
d239
d243
d258
d278
d286/
d291
d298/
d39/
d66/
d68/
d71/
d8
d82/
d92/
d94/
d95
f104/
f108/
f120/
f123/
f125
f155
f159/
f170/
f2
f22/
f238
f245/
f268
f32
f35/
f36
f5/
f58
f59/
f7
f8/
f97/
n106
n109/
n110/
n117/
n32/
n36
n39/
n46
n82
d1/
d10/
d100
d108
d123
d125
d153
d156
d173/
d185/
d190/
d239
d243
d258
d278
d286/
d291
d298/
d39/
d66/
d68/
d71/
d8
d82/
d92/
d94/
d95
f104/
f108/
f120/
f123/
f125
f155
f159/
f170/
f2
f22/
f238
f245/
f268
f32
f35/
f36
f5/
f58
f59/
f7
f8/
f97/
n106
n109/
n110/
n117/
n32/
n36
n39/
n46
n82
Invalid operation
n82:47
f58:46
d100:16
f125:15
Invalid operation
f58:6C 37
d1/
d10/
d100
d108
d123
d125
d153
d156
d173/
d177/
d185/
d190/
d239
d243
d258
d278
d286/
d291
d298/
d39/
d66/
d68/
d71/
d8
d82/
d92/
d94/
d95
f104/
f108/
f120/
f123/
f124/
f125
f155
f159/
f170/
f2
f22/
f238
f245/
f268
f32
f5/
f58
f59/
f7
f8/
f97/
n106
n109/
n110/
n117/
n32/
n36
n39/
n46
n66
n82
/n82
Invalid operation
f58:BB 7C 0A 13 B3 A2 7B
Invalid operation
Invalid operation
d1/
d10/
d100
d108
d123
d125
d153
d156
d173/
d185/
d190/
d239
d243
d258
d278
d286/
d291
d298/
d39/
d57/
d66/
d68/
d71/
d8
d82/
d92/
d94/
d95
f104/
f108/
f120/
f123/
f124/
f125
f155
f159/
f170/
f2
f22/
f229
f238
f245/
f268
f32
f5/
f58
f59/
f7
f8/
f97/
n106
n109/
n110/
n117/
n32/
n36
n39/
n46
n66
n82
d1/
d10/
d100
d108
d123
d125
d153
d156
d173/
d185/
d190/
d239
d243
d258
d278
d286/
d291
d298/
d39/
d57/
d66/
d68/
d71/
d8
d82/
d92/
d94/
d95
f104/
f108/
f120/
f123/
f124/
f155
f159/
f170/
f2
f22/
f229
f238
f245/
f268
f32
f5/
f58
f59/
f7
f8/
f97/
n106
n109/
n110/
n117/
n32/
n36
n39/
n46
n66
n82
d1/
d10/
d100
d108
d123
d125
d153
d156
d173/
d185/
d190/
d239
d243
d258
d278
d286/
d291
d298/
d39/
d57/
d66/
d68/
d71/
d8
d82/
d92/
d94/
d95
f104/
f108/
f120/
f123/
f124/
f155
f159/
f170/
f2
f22/
f229
f238
f245/
f268
f32
f5/
f58
f59/
f7
f8/
f97/
n106
n109/
n110/
n117/
n32/
n36
n39/
n46
n66
n82
f120:dir:0
Invalid operation
Invalid operation
Invalid operation
f120:dir:0
n82:06h p5396ptqxx6bux5_mt48ly9wcn0zlxns48dk9qym71ms z70d991-eq58to 07
f58:75 49 61 83 47 92 06 0F 8C 36 A1 8E A3 97 D1 F1 1F 49 DA F2 9E E6 76 BB 7C 0A 13 B3 A2 7B 2C 6B A5 11 AD 0C 56 FF D6 52 93 65 6C 37
Invalid operation
d116:dir:0
d116/
d129/
d285/
f150/
f157
f272
f284/
n67
n86
f58:6C
f58:13 B3 A2 7B 2C 6B A5 11
d129/
d285/
f150/
f157
f284/
n67
n86
d129/
d285/
f150/
f157
f284/
n67
n86
f58:7C 0A 13 B3
d129/
d285/
f150/
f157
f262
f284/
n67
n86
Null
d129/
d285/
f150/
f157
f262
f284/
n67
n86
d129/
d285/
f124/
f150/
f157
f262
f284/
n67
n86
n86:.j910yrsjnhla8ltw8yz q6f
f284:dir:0
d129/
d285/
f124/
f150/
f157
f262
f284/
n67
n86
Invalid operation
n86:24
f157:10
n29:5
Invalid operation
/n109/n86
Invalid operation
d129/
f107/
f113
f124/
f150/
f157
f262
f284/
n29
n67
n86
f262:4C
Null
f284:dir:0
Invalid operation
d190:dir:0
d236:AF 87 B5 D8 AB 00 00 00
Invalid operation
/n109/f284/n33/f260
d58
d72
f260
f260:31
d254:15
f128:11
d236:CF A0 17 33 AF 87 B5 D8 AB 00 00
Invalid operation
Invalid operation
d118
d128
d171/
d179/
d190/
d236
d293/
n114
n33/
n85
d128:.3zc3urvw-lek ps9plx
Invalid operation
d118
d128
d179/
d190/
d236
d293/
d71
f96
n114
n33/
n85
d190:dir:0
Invalid operation
Invalid operation
Invalid operation
Invalid operation
Invalid operation
d114
d118
d179/
d190/
d23
d236
d293/
n10/
n114
n33/
n85
d114
d118
d179/
d190/
d23
d236
d293/
n10/
n114
n33/
n85
d114
d118
d140/
d179/
d190/
d23
d236
d293/
n10/
n114
n33/
n85
d114
d118
d140/
d179/
d190/
d23
d236
d293/
n10/
n114
n33/
n85
d114
d118
d140/
d179/
d190/
d236
d293/
n10/
n114
n33/
n85
f262:4C
f262:4C
Invalid operation
d114
d118
d179/
d190/
d236
d293/
f19
f59/
n10/
n114
n116/
n85
Invalid operation
Invalid operation
/n109/n86
d174/
d261/
d89/
f107/
f113
f124/
f15
f262
f284/
n29
n67
n86
n86:.j910yrsjnhla8ltw8yz q6f
n86:24
f15:12
n29:5
f262:00
Invalid operation
f284:dir:0
Invalid operation
Invalid operation
f262:00 00 EB F7 14
/n109/f124/f139
f139
n44/
f139:kakrk36kzku7h3ew4p-sb0zf54p-p57kt6oakxdf2ym8f
d283:7D
d283:7D
Invalid operation
f139:50
d283:1
Invalid operation
d174/
d261/
d89/
f107/
f113
f124/
f15
f262
f284/
f68
n67
n86
n99
f262:64 3E 37
d1/
d10/
d100
d108
d123
d125
d150/
d153
d156
d173/
d185/
d190/
d239
d243
d258
d278
d286/
d291
d298/
d39/
d57/
d66/
d68/
d71/
d8
d82/
d92/
d94/
d95
f104/
f108/
f120/
f123/
f124/
f125
f155
f159/
f170/
f2
f22/
f238
f245/
f268
f32
f5/
f58
f59/
f7
f97/
n106
n109/
n110/
n117/
n32/
n36
n39/
n46
n62/
n66
n82
n82:74
f58:42
d100:16
Invalid operation
Invalid operation
n82:86
f58:41
d100:16
f58:FF D6 52
f120/
f132
/f97/f253/f132
f132:16
Invalid operation
Invalid operation
f120/
f77/
Null
f120/
f77/
d48:n-xt3f o5rx32wbm2cay.x82-07bh7khx-km3_584hqe
Invalid operation
f58:00
d87
f273
f38
n118/
d144/
d249
d283
d48
d61
d93
f159
f231
f250
f253/
f72
n118/
Invalid operation
d144/
d249
d283
d48
d61
d93
f159
f231
f250
f253/
f72
n118/
Invalid operation
Invalid operation
n82:99
f58:46
d100:16
n82:99
f58:46
d100:16
n82:99
f58:46
d100:16
n82:99
f58:46
d100:16
n82:99
f58:46
d100:16
Invalid operation
n7
Invalid operation
Invalid operation
f120:dir:0
Invalid operation
n82:99
f58:46
d100:16
n82:99
f58:46
d100:16
Null
f58:DF A8
d1/
d10/
d100
d108
d125
d150/
d153
d156
d173/
d185/
d190/
d209/
d239
d243
d258
d278
d286/
d298/
d39/
d57/
d66/
d68/
d71/
d8
d82/
d92/
d94/
d95
f104/
f108/
f120/
f123/
f124/
f125
f155
f159/
f170/
f2
f22/
f238
f245/
f268
f32
f5/
f59/
f7
f88/
n109/
n117/
n15/
n32/
n36
n39/
n46
n66
n82
Invalid operation
Invalid operation
d1/
d10/
d100
d108
d125
d150/
d153
d156
d173/
d185/
d190/
d209/
d239
d243
d258
d278
d286/
d298/
d39/
d57/
d66/
d68/
d71/
d8
d82/
d92/
d94/
d95
f104/
f108/
f120/
f123/
f124/
f125
f155
f159/
f170/
f2
f22/
f238
f245/
f268
f32
f5/
f59/
f7
f88/
n109/
n117/
n15/
n32/
n36
n39/
n46
n66
n82
Invalid operation
d1/
d10/
d100
d108
d125
d150/
d151/
d153
d156
d173/
d185/
d190/
d209/
d239
d243
d258
d278
d286/
d298/
d39/
d57/
d66/
d68/
d71/
d8
d82/
d92/
d94/
d95
f104/
f108/
f120/
f123/
f124/
f125
f155
f159/
f170/
f2
f22/
f238
f245/
f268
f32
f5/
f59/
f7
f8
f88/
n109/
n117/
n15/
n32/
n36
n39/
n46
n66
n82
Invalid operation
Invalid operation
Invalid operation
d1/
d10/
d100
d108
d125
d150/
d151/
d153
d156
d173/
d185/
d190/
d209/
d22/
d239
d243
d258
d278
d286/
d298/
d39/
d57/
d66/
d68/
d71/
d8
d82/
d92/
d94/
d95
f104/
f108/
f120/
f123/
f125
f155
f159/
f170/
f2
f22/
f238
f245/
f268
f32
f5/
f59/
f7
f8
f88/
n109/
n117/
n15/
n32/
n36
n39/
n46
n66
n82
n36:37 DE BD
Invalid operation
Invalid operation
n82:104
d100:16
n48:16
d1/
d10/
d100
d108
d125
d150/
d151/
d153
d156
d173/
d185/
d190/
d209/
d22/
d239
d243
d258
d278
d286/
d298/
d39/
d57/
d66/
d68/
d71/
d8
d82/
d92/
d94/
d95
f104/
f108/
f120/
f123/
f125
f155
f159/
f170/
f2
f22/
f238
f245/
f268
f28
f32
f59/
f7
f8
f88/
n109/
n117/
n15/
n32/
n36
n39/
n46
n48
n66
n75
n82
n82:104
d100:16
n48:16
n82:119
d100:16
n48:16
n82:119
d100:16
n48:16
n82:104
d100:16
n48:16
d1/
d10/
d100
d108
d125
d150/
d151/
d153
d156
d173/
d185/
d190/
d209/
d22/
d239
d243
d258
d278
d286/
d298/
d39/
d57/
d66/
d68/
d71/
d8
d82/
d92/
d94/
d95
f104/
f108/
f120/
f123/
f125
f155
f159/
f170/
f2
f22/
f238
f245/
f268
f28
f32
f59/
f7
f8
f88/
n109/
n117/
n15/
n32/
n36
n39/
n46
n48
n66
n75
n82
n82:104
d100:16
n48:16
n82:104
d100:16
n48:16
Invalid operation
d1/
d10/
d100
d108
d125
d150/
d151/
d153
d156
d173/
d185/
d190/
d209/
d22/
d239
d243
d258
d278
d286/
d298/
d39/
d57/
d66/
d68/
d71/
d8
d82/
d92/
d94/
d95
f104/
f108/
f120/
f123/
f125
f155
f159/
f170/
f2
f22/
f238
f245/
f268
f28
f32
f59/
f7
f8
f88/
n109/
n117/
n15/
n32/
n36
n39/
n46
n48
n66
n75
n82
n36:3A 81 3C 34
d1/
d10/
d100
d108
d125
d150/
d151/
d153
d156
d173/
d185/
d190/
d209/
d22/
d239
d243
d258
d278
d286/
d298/
d39/
d57/
d66/
d68/
d71/
d8
d82/
d92/
d94/
d95
f104/
f108/
f120/
f123/
f125
f155
f159/
f170/
f2
f22/
f238
f245/
f268
f28
f32
f59/
f7
f8
f88/
n109/
n117/
n15/
n32/
n36
n39/
n46
n48
n66
n75
n82
Invalid operation
n82:121
d100:16
n48:16
n82:121
d100:16
n48:16
n82:121
d100:16
n48:16
d1/
d10/
d100
d108
d125
d150/
d151/
d153
d156
d173/
d185/
d190/
d209/
d22/
d239
d243
d258
d278
d286/
d298/
d39/
d57/
d66/
d71/
d8
d82/
d92/
d94/
d95
f104/
f108/
f120/
f123/
f125
f155
f159/
f170/
f2
f22/
f238
f245/
f268
f28
f32
f59/
f7
f8
f88/
n109/
n117/
n15/
n32/
n36
n39/
n46
n48
n66
n75
n82
n82:06h p5396ptqxx6bux5_mt48ly9wcn0zlxns48dk9qym71ms z70d991-eq58to 07277yhagqj6tb9ev elw7xszys6-iii-vs033q0.h6 a40u.jya_yyob
n82:122
d100:16
n48:16
Invalid operation
Invalid operation
n82:121
d100:16
n48:16
n82:121
d100:16
n48:16
d1/
d10/
d100
d108
d125
d150/
d151/
d153
d156
d173/
d185/
d190/
d209/
d22/
d239
d243
d258
d278
d286/
d298/
d39/
d57/
d66/
d71/
d8
d82/
d92/
d94/
d95
f104/
f108/
f120/
f123/
f125
f155
f159/
f170/
f2
f22/
f238
f245/
f268
f28
f32
f51
f59/
f7
f8
f88/
n109/
n117/
n15/
n32/
n36
n39/
n46
n48
n66
n75
n82
Invalid operation
n36:3A
Invalid operation
f120:dir:0
/n82
Invalid operation
/n82
f290
d1/
d10/
d100
d108
d150/
d151/
d153
d156
d173/
d185/
d190/
d209/
d22/
d239
d243
d258
d278
d286/
d298/
d39/
d57/
d66/
d71/
d8
d82/
d92/
d94/
d95
f104/
f108/
f120/
f123/
f125
f155
f159/
f170/
f22/
f238
f245/
f268
f28
f32
f51
f59/
f7
f8
f88/
n109/
n117/
n15/
n32/
n36
n39/
n46
n48
n66
n75
n82
n36:EC 45 24
Invalid operation
d102
d164
d194
d272/
d76/
f13
f158
f210/
f62
n104
n27
f158:B6 5B 46 BC 04 E1 27 0F 00 00 00 00 61 6E 42 A7 68
Invalid operation
Invalid operation
f120
f158:30
n104:16
f62:8
d164:4
n27:0
/f104/n104
Invalid operation
f158:46 BC 04 E1 27 0F 00
Invalid operation
n104:v5c_r2oxun7 norx
Invalid operation
Null
Invalid operation
d164
d272/
d76/
f158
f210/
f62
n27
d164
d76/
f158
f210/
f62
n27
Invalid operation
Invalid operation
d220/
d234
d26
d99
d99:C7 25 D6 9A A3 45 00
d220/
d234
d26
d290
d293/
d99
Invalid operation
d76/
├── d220/
├── d234
├── d26
├── d290
└── d99
d99:73 43 09 A3 8F C7
d220/
d234
d26
d290
d99
Invalid operation
Invalid operation
Invalid operation
d99:A3 8F C7 25 D6 9A A3 06
Invalid operation
Invalid operation
d99:09 A3 8F C7 25 D6 9A
d99:bin:19
d220/
d234
d271
d290
d99
f13/
n11
Invalid operation
Invalid operation
Invalid operation
d218/
d220/
d234
d271
d99
n11
n86/
Invalid operation
d234:md:4
Invalid operation
d220/
├── d3/
├── f15
└── f224
d3/
f15
f224
Invalid operation
d3/
f15
f224
Invalid operation
Invalid operation
Invalid operation
d179/
f15
f209
f220
f224
Invalid operation
Invalid operation
f15:A6 76 33 BA
n11:14
d190
d218/
d220/
d234
d278/
f253
n11
n45
n58/
n63
n86/
Invalid operation
d190
d218/
d220/
d234
d245
d278/
d40/
f253
n11
n45
n58/
n63
n86/
d76/
├── d190
├── d218/
├── d220/
│   ├── f15
│   ├── f189
│   ├── f209
│   ├── f220
│   ├── f224
│   ├── f86
│   └── n10
├── d234
├── d245
├── d278/
├── d40/
├── f253
├── f89
├── n11
├── n45
├── n58/
├── n63
└── n86/
Invalid operation
/f104/d76/d278/d178
Invalid operation
n63:30 33 1D 00
n63:38 33
Null
Invalid operation
f158:34
f62:8
d164:4
n27:1
Invalid operation
d218/
d220/
d234
d245
d278/
d295
d40/
d87
f20
f253
f89
n34/
n37
n45
n63
n86/
Invalid operation
Invalid operation
Invalid operation
d234:82
d87:17
f20:16
d245:12
f89:9
n45:9
d295:7
Invalid operation
n63:BC
Invalid operation
/f104/d76/d234
d218/
d220/
d234
d278/
d29/
d295
d40/
d6
d87
d9/
f100/
f20
f253
f89
n34/
n37
n45
n63
n86/
n63:68 E5 F3 FD E5 AC CC 57 8C
Invalid operation
n63:F3 FD E5 AC CC 57 8C 8F 2C
d234:3ghicall7e5k.0txvyjc hgm8c04wqnik s8.f-or_fvmblhjhqw75xeuest-w3j31a4-6-z8bsarr0u3ktsvtsol06-v613b_v
d218/
d220/
d234
d278/
d287/
d29/
d295
d40/
d6
d87
d9/
f100/
f20
f253
f36/
f89
n34/
n37
n45
n63
n86/
n63:AC CC
d234:3ghicall7e5k.0txvyjc hgm8c04wqnik s8.f-or_fvmblhjhqw75xeuest-w3j31a4-6-z8bsarr0u3ktsvtsol06-v613b_v7k
Invalid operation
n27:xx
f158:B6 5B 46 BC
f130:DE
Invalid operation
d104:dir:0
f158:A6 74
Invalid operation
Invalid operation
f283/
└── d260/
/f104/n27
/f104/f283/d65/n28
d65/
d65/
d76/
f158
f210/
f283/
f62
n54/
n76/
Invalid operation
/n82
Invalid operation
n82:141
f120:dir:0
Invalid operation
n82:141
d100:16
n48:16
f268:3F 68 00
d1/
d10/
d100
d108
d109/
d112
d150/
d151/
d153
d156
d165
d173/
d190/
d209/
d22/
d239
d258
d278
d286/
d298/
d39/
d57/
d66/
d71/
d8
d82/
d92/
d94/
d95
f104/
f108/
f120/
f123/
f125
f155
f170/
f205
f22/
f221/
f238
f245/
f268
f28
f32
f4/
f51
f59/
f7
f8
f88/
n109/
n117/
n15/
n32/
n39/
n46
n48
n66
n75
n82
f120:dir:0
Invalid operation
Null
Invalid operation
n82:141
d100:16
n48:16
n82:141
d100:16
n48:16
n82:141
d100:16
n48:16
f268:F3 49
n82:141
d100:16
n48:16
d1/
d10/
d100
d108
d109/
d112
d150/
d151/
d153
d156
d165
d173/
d190/
d209/
d22/
d239
d258
d278
d285/
d286/
d298/
d38/
d39/
d57/
d71/
d8
d82/
d92/
d94/
d95
f104/
f108/
f120/
f123/
f125
f139
f155
f170/
f205
f22/
f221/
f238
f245/
f268
f28
f32
f4/
f51
f59/
f7
f8
f88/
n109/
n117/
n15/
n39/
n48
n66
n75
n82
/n82
n82:141
d100:16
n48:16
Invalid operation
d234:101
Invalid operation
d76/
f114
f158
f210/
f280
f283/
f62
n54/
n76/
/n82
Invalid operation
n82:06h p5396ptqxx6bux5_mt48ly9wcn0zlxns48dk9qym71ms z70d991-eq58to 07277yhagqj6tb9ev elw7xszys6-iii-vs033q0.h6 a40u.jya_yyob3ddq0-t.aoiujafnpj6g
Invalid operation
n82:141
d100:16
n48:16
n82:06h p5396ptqxx6bux5_mt48ly9wcn0zlxns48dk9qym71ms z70d991-eq58to 07277yhagqj6tb9ev elw7xszys6-iii-vs033q0.h6 a40u.jya_yyob3ddq0-t.aoiujafnpj6g
d1/
d10/
d100
d108
d109/
d112
d150/
d151/
d153
d156
d165
d173/
d190/
d209/
d22/
d239
d258
d278
d285/
d286/
d298/
d38/
d39/
d57/
d71/
d8
d82/
d92/
d95
f104/
f108/
f120/
f123/
f125
f139
f155
f200/
f204
f205
f22/
f221/
f245/
f268
f28
f289
f32
f4/
f51
f62/
f7
f8
f88/
n109/
n117/
n15/
n39/
n48
n66
n75
n82
d1/
d10/
d100
d108
d109/
d112
d132
d150/
d151/
d153
d156
d165
d173/
d190/
d209/
d22/
d239
d258
d278
d285/
d286/
d38/
d39/
d5
d57/
d71/
d8
d82/
d92/
d95
f104/
f108/
f120/
f123/
f125
f139
f155
f200/
f204
f205
f22/
f221/
f245/
f268
f28
f289
f32
f4/
f51
f62/
f7
f8
n109/
n117/
n15/
n39/
n48
n66
n75
n82
n82:142
d100:16
n48:16
n82:06h p5396ptqxx6bux5_mt48ly9wcn0zlxns48dk9qym71ms z70d991-eq58to 07277yhagqj6tb9ev elw7xszys6-iii-vs033q0.h6 a40u.jya_yyob3ddq0-t.aoiujafnpj6gx
Invalid operation
n82:142
n88:17
d100:16
n88:17
d100:16
n48:16
f125:15
f268:14
f155:13
f51:10
d258:9
Invalid operation
n88:17
d100:16
n48:16
n88:17
d100:16
n48:16
f268:BF 69 7E 88 58 00
Invalid operation
f252
Invalid operation
d206
d206
f120:dir:0
Invalid operation
f129:E9
f129:0A 73
f4/
├── d295
├── f129
└── n107
n107:txt:2
n107:xs
n107:txt:2
f129:31 E9
d188/
d284
d295
f42/
n107
Invalid operation
d295:q0crxtrs9g1
f7:bin:0
Null
d188/
d284
d295
n23/
d188/
└── f226
Invalid operation
Invalid operation
Invalid operation
Invalid operation
/f4/d295
Invalid operation
d175
f268:21
n88:17
d100:16
Invalid operation
Invalid operation
f268:23
n88:17
d100:16
f268:25
n88:17
d100:16
Invalid operation
f120:dir:0
Invalid operation
Invalid operation
f120:dir:0
f268:25
d278:21
n88:17
d278:chmvsa-8z8xz9-ho5yb08
Invalid operation
f268:25
d278:21
n88:17
Invalid operation
Invalid operation
d119
d248
d26
d267
d66
f107/
f167
f204
f293
f99/
n105
n27
Invalid operation
Invalid operation
/d39/f167
Invalid operation
Invalid operation
d119
d154
d248
d26
d267
d66
f107/
f167
f204
f219
n105
n27
Invalid operation
Invalid operation
d39/
├── d119
├── d154
├── d248
├── d26
├── d66
├── f107/
├── f167
├── f204
├── f219
├── n105
└── n27
/d39/f167
d39/
├── d119
├── d154
├── d248
├── d26
├── d66
├── f107/
├── f167
├── f204
├── f219
├── n105
└── n27
f167:FE
Invalid operation
Invalid operation
Invalid operation
d119
d154
d16
d248
d26
d66
f103
f107/
f167
f219
f52/
n105
n27
n27:17
Invalid operation
d168
d182
f115/
Invalid operation
Null
Null
d168:18
d182:3
d168:q_oub_9qoyocljmhox
d168:q_oub_9qoyocljmhox
d168
f115/
f130/
f89/
n34/
f167:53 44 B9 69 FE
d168:q_oub_9qoyocljmhoxx
f130/
f145
f287/
f31
f89/
f98
n34/
f130/
f145
f262
f287/
f31
f89/
f98
n34/
f130/
f145
f262
f287/
f31
f89/
f98
n34/
f167:BB 1F 7A 19 12 53 44 B9 69 FE C1 00
f130/
f145
f262
f287/
f31
f89/
f98
n34/
Invalid operation
f31:25
f98:14
f262:5
d142:0
Invalid operation
d142
f130/
f262
f287/
f31
f89/
f98
n34/
Invalid operation
d1/
d10/
d100
d108
d109/
d132
d150/
d153
d156
d165
d173/
d209/
d22/
d239
d258
d278
d285/
d286/
d38/
d39/
d40/
d5
d57/
d63
d71/
d8
d82/
d95
f104/
f108/
f120/
f123/
f125
f139
f151/
f155
f200/
f204
f205
f22/
f221/
f245/
f268
f289
f32
f4/
f51
f62/
f7
f8
n109/
n117/
n15/
n39/
n48
n66
n75
n88
Invalid operation
d278:chmvsa-8z8xz9-ho5yb08
f268:25
d278:21
n88:17
/d278
d278:chmvsa-8z8xz9-ho5yb08
d278:chmvsa-8z8xz9-ho5yb08
f268:00 00 3F 68 65 49 16 B3 9D B4 6B B1 04 25 24 B0 5C 10
/d278
Invalid operation
d1/
d10/
d100
d108
d109/
d132
d150/
d153
d156
d165
d173/
d209/
d22/
d239
d258
d278
d285/
d286/
d39/
d40/
d5
d57/
d63
d71/
d8
d82/
f104/
f108/
f120/
f123/
f125
f139
f151/
f155
f184/
f200/
f204
f205
f22/
f221/
f245/
f249/
f268
f282
f289
f32
f4/
f51
f62/
f63/
f7
f8
n109/
n117/
n15/
n39/
n48
n66
n75
n88
d1/
d10/
d100
d108
d109/
d132
d150/
d153
d156
d165
d173/
d209/
d22/
d239
d258
d278
d285/
d286/
d39/
d40/
d5
d57/
d63
d71/
d8
d82/
f104/
f108/
f120/
f123/
f125
f139
f151/
f155
f200/
f204
f205
f22/
f221/
f245/
f249/
f268
f282
f289
f32
f4/
f51
f62/
f63/
f7
f8
n109/
n117/
n15/
n39/
n48
n66
n75
n88
d1/
d10/
d100
d108
d109/
d132
d150/
d153
d156
d165
d173/
d209/
d22/
d239
d258
d278
d285/
d286/
d39/
d40/
d5
d57/
d63
d71/
d8
d82/
f104/
f108/
f120/
f123/
f125
f139
f151/
f155
f200/
f204
f205
f22/
f221/
f245/
f249/
f268
f282
f289
f32
f4/
f51
f62/
f63/
f7
f8
n109/
n117/
n15/
n39/
n48
n66
n75
n88
Invalid operation
f120:dir:0
d236
d274/
d297/
d298/
f165/
f25/
f264/
f81/
n68/
d10/
d100
d108
d109/
d132
d150/
d153
d156
d165
d173/
d209/
d22/
d239
d258
d278
d285/
d286/
d39/
d40/
d5
d57/
d63
d71/
d8
d82/
f104/
f108/
f120/
f123/
f125
f139
f151/
f155
f200/
f204
f205
f22/
f245/
f249/
f268
f282
f289
f32
f4/
f51
f62/
f63/
f7
f8
f87
n109/
n117/
n15/
n48
n66
n75
n88
Invalid operation
d278:chmvsa-8z8xz9-ho5yb087hl
Invalid operation
Invalid operation
f120:dir:0
f268:00 00 3F 68 65 49 16 B3 9D B4 6B 84 ED
Invalid operation
Invalid operation
d10/
d100
d108
d109/
d132
d150/
d153
d156
d165
d173/
d209/
d22/
d239
d258
d278
d285/
d286/
d39/
d40/
d5
d57/
d71/
d8
d82/
f104/
f108/
f120/
f123/
f125
f139
f151/
f155
f200/
f204
f205
f22/
f245/
f249/
f268
f282
f289
f32
f4/
f51
f63/
f7
f8
f87
n109/
n117/
n15/
n48
n66
n75
n88
Invalid operation
d10/
d100
d108
d109/
d132
d150/
d153
d156
d165
d173/
d209/
d22/
d239
d258
d278
d285/
d286/
d39/
d40/
d5
d71/
d8
d82/
f104/
f108/
f120/
f123/
f125
f139
f151/
f155
f200/
f204
f205
f22/
f245/
f249/
f268
f282
f289
f32
f4/
f51
f63/
f7
f8
f87
n109/
n117/
n15/
n48
n66
n75
n88
Invalid operation
Invalid operation
Invalid operation
Invalid operation
f268:F3 49 00 00 3F 68 65 49 16 B3 9D B4 6B 84 ED 07 83 23
f120:dir:0
Invalid operation
d10/
d100
d108
d109/
d132
d140/
d150/
d153
d156
d165
d173/
d175
d205
d209/
d22/
d239
d258
d278
d285/
d286/
d288/
d39/
d40/
d71/
d8
d82/
f108/
f120/
f123/
f125
f139
f151/
f155
f200/
f204
f205
f22/
f245/
f249/
f268
f282
f289
f32
f4/
f51
f63/
f7
f8
f87
n109/
n117/
n15/
n48
n66
n75
n88
f268:4D 41 8C FB D2 00 00 00
Invalid operation
Invalid operation
Invalid operation
Invalid operation
f32:w7337x
d10/
d100
d108
d109/
d132
d140/
d150/
d153
d156
d165
d173/
d175
d209/
d22/
d232
d239
d245
d258
d285/
d286/
d288/
d39/
d40/
d71/
d8
d83/
f108/
f120/
f123/
f125
f139
f143/
f145
f151/
f155
f200/
f204
f205
f22/
f245/
f249/
f268
f289
f32
f4/
f51
f63/
f7
f8
f87
n109/
n117/
n15/
n48
n64/
n75
n88
Null
d10/
d100
d108
d109/
d132
d140/
d150/
d153
d156
d165
d173/
d175
d209/
d22/
d232
d239
d245
d258
d285/
d286/
d288/
d39/
d40/
d71/
d8
d83/
f108/
f120/
f123/
f125
f139
f143/
f151/
f155
f200/
f204
f205
f22/
f245/
f249/
f268
f289
f32
f4/
f51
f63/
f7
f8
f87
n109/
n117/
n15/
n48
n64/
n75
n88
Invalid operation
f120:dir:0
Invalid operation
Invalid operation
f120:dir:0
Invalid operation
f120:dir:0
Invalid operation
f120:dir:0
f120:dir:0
Invalid operation
f268:00
d10/
d107
d108
d109/
d132
d140/
d150/
d153
d156
d165
d173/
d175
d178/
d209/
d22/
d232
d239
d245
d285/
d288/
d291
d39/
d40/
d71/
d83/
f108/
f123/
f125
f139
f143/
f151/
f155
f171
f200/
f204
f205
f22/
f245/
f249/
f268
f32
f4/
f51
f63/
f7
f8
f87
f94
n109/
n117/
n15/
n48
n64/
n84
n88
d10/
d107
d108
d109/
d132
d140/
d150/
d153
d156
d165
d173/
d175
d178/
d209/
d22/
d232
d239
d245
d285/
d288/
d291
d39/
d40/
d71/
d83/
f108/
f123/
f125
f139
f143/
f151/
f155
f171
f20
f200/
f204
f205
f22/
f245/
f249/
f268
f32
f4/
f51
f63/
f7
f8
f87
f94
n109/
n117/
n15/
n48
n64/
n84
n88
f268:74 6D
d173:dir:0
f268:41 00 00 00
d10/
d107
d108
d109/
d132
d140/
d150/
d153
d156
d165
d173/
d175
d178/
d209/
d22/
d220
d232
d239
d245
d285/
d288/
d291
d39/
d40/
d71/
d83/
f108/
f123/
f125
f139
f143/
f151/
f155
f171
f181/
f20
f200/
f204
f205
f22/
f249/
f268
f32
f4/
f51
f63/
f7
f8
f87
f94
n109/
n117/
n15/
n48
n64/
n84
n88
Invalid operation
Invalid operation
Invalid operation
d161/
d96
n24/
f268:00 00
d13/
f3
Invalid operation
f268:B4 74 6D CE 03 08 2E 37 6E 4D 41 00 00 00 00 00 00 00 00 00 00 00
Invalid operation
f3:30
f3:md:30
d13/
d147
d186/
f3
f39/
n32
n43/
Invalid operation
f3:37
n32:4
f18:0
Invalid operation
d13/
d186/
f18
f234/
f3
f78
n13
n32
n43/
d13/
d186/
f18
f234/
f3
f78
n13
n32
n43/
/n15/d13/d96
Invalid operation
Invalid operation
d96:0
Invalid operation
Invalid operation
d96
f154
f166/
f186/
Invalid operation
d154
d29
d96
f154
f166/
f186/
d154
d29
d96
f154
f166/
f186/
Invalid operation
d29:1
f154:0
Invalid operation
Invalid operation
Invalid operation
/n15/d13/f154
Invalid operation
Invalid operation
Invalid operation
Invalid operation
Invalid operation
Invalid operation
Invalid operation
Invalid operation
Invalid operation
Invalid operation
Invalid operation
Invalid operation
d129
d177
d29
f136/
f154
f166/
n86
Invalid operation
n86:4
d177:1
d29:1
n86:4
d177:1
d29:1
Invalid operation
d177
d20
f136/
f166/
n59
n86
Invalid operation
Invalid operation
Invalid operation
Invalid operation
d56:12
Invalid operation
Invalid operation
Invalid operation
Invalid operation
Invalid operation
d56:bin:12
Invalid operation
Invalid operation
Invalid operation
Invalid operation
d88:dir:0
d56:12 E8 5E 00
Invalid operation
d150
d88/
f247/
f95/
n109/
n13
Invalid operation
Invalid operation
Invalid operation
Invalid operation
d88:dir:0
d56:59
d56:bin:20
Null
d111/
d174/
f205/
Invalid operation
d111/
d174/
f205/
n16/
Invalid operation
d177
d9/
f136/
f166/
f214
f43/
n86
Invalid operation
f102
f136/
d177
d223
d9/
f136/
f166/
f214
f43/
n86
f214:10
d177:9
n86:4
d223:3
d177
d223
d9/
f136/
f166/
f214
f43/
n1/
n86
Invalid operation
Invalid operation
f3:xm04zd9q06rjl_17xcxlsot.hustixxx
Invalid operation
Invalid operation
d13/
d149
d186/
f205/
f234/
f3
n13
n43/
f3:32
d149:14
f17:1
f268:29 D9 B3 9D B4 74 6D CE 03 08 CB 41 A5 50 00 10 75 B2
d173:dir:0
f264/
n41
f268:49 00 00 3F 02 8E 29 D9 B3 9D B4 74 6D CE 03 08 CB 41 A5 50 00 10 75 B2 00 00 91 09 90 B3 DA 00 00 00 00 00 00 00 98 C0
d268
f28
Invalid operation
f28
f268:B2 00 00 91 09 90 B3
Invalid operation
f28
f28
d10/
d107
d108
d109/
d132
d140/
d150/
d153
d156
d165
d173/
d175
d178/
d209/
d22/
d220
d232
d239
d285/
d288/
d291
d39/
d40/
d71/
d83/
f108/
f123/
f125
f139
f143/
f151/
f155
f171
f181/
f20
f200/
f204
f205
f22/
f249/
f268
f32
f4/
f51
f63/
f7
f8
f87
f94
n109/
n117/
n15/
n48
n64/
n84
n88
Null
d10/
d107
d108
d109/
d132
d140/
d150/
d153
d156
d165
d173/
d175
d178/
d184/
d209/
d22/
d220
d232
d239
d285/
d288/
d291
d39/
d40/
d71/
d83/
f108/
f123/
f125
f139
f143/
f151/
f155
f171
f181/
f20
f200/
f204
f205
f22/
f249/
f268
f32
f4/
f51
f63/
f7
f8
f87
f94
n109/
n116
n117/
n15/
n48
n64/
n84
n88
d10/
d107
d108
d109/
d132
d140/
d150/
d153
d156
d165
d173/
d175
d178/
d184/
d209/
d22/
d220
d232
d239
d285/
d288/
d291
d39/
d40/
d71/
d83/
f108/
f123/
f125
f139
f143/
f151/
f155
f171
f181/
f20
f200/
f204
f205
f22/
f249/
f268
f32
f4/
f51
f63/
f7
f8
f87
f94
n109/
n116
n117/
n15/
n48
n64/
n84
n88
Invalid operation
Invalid operation
f268:41
d264:17
n116:17
d10/
d107
d108
d109/
d132
d140/
d150/
d153
d156
d165
d173/
d175
d178/
d184/
d209/
d22/
d220
d232
d239
d264
d285/
d288/
d291
d39/
d40/
d71/
d83/
f108/
f12/
f123/
f125
f139
f143/
f151/
f155
f171
f181/
f20
f200/
f204
f205
f22/
f249/
f268
f32
f4/
f51
f63/
f7
f8
f87
f94
n109/
n116
n117/
n15/
n48
n64/
n84
n88
d10/
d107
d108
d109/
d132
d140/
d150/
d153
d156
d165
d173/
d175
d178/
d184/
d209/
d22/
d220
d232
d239
d264
d285/
d288/
d291
d39/
d40/
d71/
d83/
f108/
f12/
f123/
f125
f139
f143/
f151/
f155
f171
f181/
f20
f200/
f204
f205
f22/
f249/
f268
f32
f4/
f51
f63/
f7
f8
f87
f94
n109/
n116
n117/
n15/
n48
n64/
n84
n88
d173:dir:0
Invalid operation
d1
d10/
d107
d108
d109/
d132
d140/
d150/
d153
d156
d165
d173/
d175
d178/
d184/
d209/
d22/
d220
d232
d239
d264
d285/
d288/
d291
d39/
d40/
d71/
d83/
f108/
f12/
f123/
f125
f139
f143/
f151/
f155
f171
f181/
f20
f200/
f204
f205
f22/
f249/
f268
f32
f4/
f51
f63/
f7
f8
f87
n109/
n116
n117/
n15/
n48
n64/
n84
n88
d1
d10/
d107
d108
d109/
d132
d140/
d150/
d153
d156
d165
d173/
d175
d178/
d184/
d209/
d22/
d220
d232
d239
d264
d285/
d288/
d291
d39/
d40/
d71/
d83/
f108/
f12/
f123/
f125
f139
f143/
f151/
f155
f171
f181/
f20
f200/
f204
f205
f22/
f249/
f268
f32
f4/
f51
f63/
f7
f8
f87
n109/
n116
n117/
n15/
n48
n64/
n84
n88
f268:40
d264:17
n116:17
Invalid operation
d1
d10/
d107
d109/
d132
d140/
d150/
d153
d156
d165
d173/
d175
d178/
d184/
d209/
d22/
d220
d232
d239
d264
d285/
d288/
d291
d39/
d40/
d71/
d83/
f108/
f123/
f125
f139
f143/
f151/
f155
f171
f181/
f20
f200/
f204
f205
f22/
f249/
f268
f32
f4/
f51
f7
f8
f87
n109/
n116
n117/
n15/
n48
n64/
n84
n88
Invalid operation
d1
d10/
d107
d109/
d132
d140/
d150/
d153
d156
d165
d173/
d175
d178/
d184/
d209/
d22/
d220
d232
d239
d264
d285/
d288/
d291
d39/
d40/
d71/
d83/
f108/
f123/
f125
f139
f143/
f151/
f155
f171
f181/
f20
f200/
f204
f205
f22/
f249/
f268
f32
f4/
f51
f7
f8
f87
n109/
n116
n117/
n15/
n48
n64/
n84
n88
d22/
└── d297/
Invalid operation
d1
d10/
d107
d109/
d132
d140/
d150/
d153
d156
d165
d173/
d175
d178/
d184/
d209/
d22/
d220
d232
d239
d264
d285/
d288/
d291
d39/
d40/
d71/
d83/
f108/
f123/
f125
f139
f143/
f151/
f155
f171
f181/
f20
f200/
f204
f205
f22/
f249/
f268
f32
f4/
f51
f7
f8
f87
n109/
n116
n117/
n15/
n48
n64/
n84
n88
/f32
Invalid operation
d1
d10/
d107
d109/
d132
d140/
d150/
d153
d156
d165
d173/
d175
d178/
d184/
d209/
d22/
d220
d232
d239
d264
d28
d285/
d288/
d291
d39/
d40/
d71/
d83/
f108/
f123/
f125
f139
f143/
f151/
f155
f171
f181/
f20
f200/
f204
f205
f217/
f22/
f249/
f268
f32
f4/
f51
f7
f8
f87
n109/
n116
n117/
n15/
n48
n6
n64/
n84
n88
f268:43
d264:17
Invalid operation
d1
d10/
d107
d109/
d132
d140/
d150/
d153
d156
d165
d173/
d175
d178/
d184/
d209/
d22/
d220
d232
d239
d264
d285/
d288/
d291
d293
d39/
d40/
d71/
d83/
f108/
f123/
f125
f139
f143/
f151/
f155
f171
f181/
f20
f200/
f204
f205
f217/
f22/
f249/
f268
f32
f4/
f51
f7
f8
f87
n109/
n116
n117/
n15/
n48
n6
n64/
n84
n88
Invalid operation
Invalid operation
Null
f268:00 00 48 27 92 4D 00 00
/f32
n94:dir:0
Invalid operation
d1
d10/
d107
d109/
d132
d140/
d150/
d153
d156
d165
d173/
d175
d178/
d184/
d209/
d22/
d220
d232
d239
d264
d288/
d291
d293
d39/
d40/
d71/
d83/
f108/
f123/
f125
f139
f143/
f151/
f155
f171
f181/
f20
f200/
f204
f205
f217/
f22/
f249/
f268
f32
f4/
f51
f7
f8
f87
n109/
n116
n117/
n15/
n48
n6
n64/
n84
n88
Invalid operation
Invalid operation
Invalid operation
f266/
Null
Null
f120:txt:26
Invalid operation
d90/
f120
n4/
f120:txt:26
/d209/f266/f120
Invalid operation
f268:91 09 90 B3 DA 00 00 00 00
d51
f120
n4/
f120:txt:27
d172
f167/
d172
f167/
d144:D5 0F 00
d144
f164/
f167/
Invalid operation
Invalid operation
Invalid operation
d144:25 DA 00 00 00 D5
d147/
d293
d36/
f263
Invalid operation
d147/
d293
d36/
f263
d144:00 00 00 D5
f263:10
d214/
d36/
f263
f290
n46
Invalid operation
f263:bp6mnfexahf j_ su4c2-yi9.ep77oz2
f263:bp6mnfexahf j_ su4c2-yi9.ep77oz2x
f263:txt:33
f104
f114
f104: h
d144:F3 19 69
Invalid operation
f167:dir:0
Invalid operation
d144
d266
f121/
f164/
f167/
f190/
Invalid operation
f120:txt:27
f120:zm9sgpbbvmof-xg98ld3vf9y7zx
Invalid operation
Invalid operation
Invalid operation
f120:zm9sgpbbvmof-xg98ld3vf9y7zx6.556.lt26iv276_
Invalid operation
f266:dir:0
f268:74 D2 87 D2 0A 04 4A 00 40
Invalid operation
Invalid operation
f266:dir:0
Invalid operation
f266/
f87/
Invalid operation
f266:dir:0
Invalid operation
Invalid operation
Invalid operation
Null
d209/
├── d272
├── f266/
│   ├── d106
│   ├── d160
│   ├── f120
│   ├── f266
│   └── n4/
│       ├── d144
│       ├── d266
│       ├── d58/
│       ├── f121/
│       ├── f164/
│       │   ├── d183
│       │   ├── d251
│       │   ├── f263
│       │   ├── f290
│       │   ├── f30
│       │   ├── f45/
│       │   ├── f55/
│       │   │   ├── d270
│       │   │   └── f104
│       │   └── n118/
│       ├── f167/
│       └── f190/
├── f53/
├── f72/
├── f87/
└── n67
f266:dir:0
Null
d272:16
n67:8
d209/
├── d272
├── f266/
│   ├── d106
│   ├── d160
│   ├── f120
│   ├── f266
│   └── n4/
│       ├── d144
│       ├── d266
│       ├── d58/
│       ├── f121/
│       ├── f164/
│       │   ├── d183
│       │   ├── d251
│       │   ├── f263
│       │   ├── f290
│       │   ├── f30
│       │   ├── f45/
│       │   ├── f55/
│       │   │   ├── d270
│       │   │   └── f104
│       │   └── n118/
│       ├── f167/
│       └── f190/
├── f53/
├── f72/
└── f87/
/d209/d272
d272
f266/
f53/
f72/
f87/
f120:zm9sgpbbvmof-xg98ld3vf9y7zx6.556.lt26iv276_-7j49j3m.
Invalid operation
d272:81 wf0fptphzjwr9
d272:81 wf0fptphzjwr9.ikpdvh_6ms39.n96
d193
d272
d82
f266/
f296
f53/
f72/
f87/
d82:00 6F 6B 56 6F 9A FA
Invalid operation
d173
d179/
d193
d272
d82
f260/
f266/
f296
f53/
f72/
f87/
d173
d179/
d193
d272
d82
f260/
f266/
f296
f53/
f72/
f87/
Invalid operation
Invalid operation
d82:6B 56 6F 9A FA
Invalid operation
Invalid operation
f87:dir:0
d272:81 wf0fptphzjwr9.ikpdvh_6ms39.n96v20wf-
Null
d173:65 04 AA
d173:00
n4:dir:0
Invalid operation
n4:dir:0
f266/
├── d117/
├── d160
├── d186
└── n4/
    ├── d144
    ├── d266
    ├── d58/
    ├── f121/
    ├── f164/
    │   ├── d183
    │   ├── d251
    │   ├── f263
    │   ├── f290
    │   ├── f30
    │   ├── f45/
    │   ├── f55/
    │   │   ├── d270
    │   │   └── f104
    │   └── n118/
    ├── f167/
    └── f190/
Invalid operation
d160:10
Invalid operation
Invalid operation
Invalid operation
/f32
f266/
├── d117/
├── d160
├── n4/
│   ├── d144
│   ├── d266
│   ├── d58/
│   ├── f121/
│   ├── f164/
│   │   ├── d183
│   │   ├── d251
│   │   ├── f263
│   │   ├── f290
│   │   ├── f30
│   │   ├── f45/
│   │   ├── f55/
│   │   │   ├── d270
│   │   │   └── f104
│   │   └── n118/
│   ├── f167/
│   └── f190/
└── n97/
f87:dir:0
n61:F3
Invalid operation
d1
d10/
d107
d109/
d132
d140/
d150/
d153
d156
d165
d173/
d175
d178/
d184/
d209/
d22/
d220
d232
d239
d264
d288/
d291
d293
d39/
d40/
d71/
d83/
f108/
f123/
f125
f139
f143/
f151/
f155
f171
f181/
f20
f200/
f204
f205
f217/
f22/
f249/
f268
f32
f4/
f51
f7
f8
f87
n109/
n116
n117/
n15/
n48
n6
n64/
n84
n88
Invalid operation
Invalid operation
Invalid operation
d142
f130/
f262
f287/
f31
f89/
f98
n34/
Invalid operation
/d39/f107/f31
Invalid operation
f186:C5 C4 7F ED 55 60 73
Invalid operation
d142
f186
f262
f269
f287/
f31
f89/
f98
n114/
n34/
d26
d49
d69/
f107/
f167
f46/
n27
Null
d290
n90/
f35:bw73c32ea7f.cs
d181
d26
d49
d69/
f107/
f167
f46/
n27
d26
d49
d69/
f107/
f167
f46/
n27
d26
d49
d69/
f107/
f14
f167
f46/
n27
d26
d49
d69/
f107/
f14
f167
f46/
n27
d26
d49
d69/
f107/
f167
f46/
n27
d26
d49
d69/
f107/
f167
f46/
n27
d26
d49
d69/
f107/
f167
f46/
n101
n27
Invalid operation
d134
d26
d69/
f167
n101
n27
n27:33
f167:32
d26:10
n101:4
d24/
d261
d69/
f167
n101
n12
n27
Null
d13
d261
d43/
d69/
n101
n12
n27
Invalid operation
Invalid operation
d39/
├── d13
├── d261
├── d43/
│   ├── f104
│   └── f23/
├── d69/
│   └── d181
├── n101
├── n12
└── n27
d13
d261
d43/
d69/
n101
n12
d69:dir:0
Invalid operation
d13
d261
d43/
d69/
f238/
n101
n12
Invalid operation
Invalid operation
d13
d169/
d261
d43/
d69/
f113/
f172/
f238/
n12
d13
d169/
d261
d43/
d69/
f113/
f172/
f238/
n12
Invalid operation
Invalid operation
f268:41
f32:36
d264:17
f32:w7337xxoidvx-xvk mixxxbxv018xoak8m4kx
/f32
d265:pxvgy-wja 3zx
d265
n108/
d265:pxvgy-wja 3zx
d265:13
Invalid operation
Invalid operation
Invalid operation
n108:dir:0
f268:5B B3 51 89 14 9E 11 A5 50 00 10 75 B2 00 00 91 09 90 B3 DA 00 00 00 50 2E BC 45 2C 9C
Invalid operation
Invalid operation
Invalid operation
d271/
f11
f84
d271/
f11
f55
f84
n64/
f84:16
f11:7
/d71/d195/f84
d195/
├── d271/
├── f11
├── f279/
├── f84
└── n64/
Invalid operation
Invalid operation
d71
f11
f279/
f88/
/d153
Invalid operation
Invalid operation
Invalid operation
f11:0-out1b.s07ymytc89vz9.
d192/
d30/
f157
Invalid operation
d192/
d30/
f157
Invalid operation
Invalid operation
Invalid operation
d123
d192/
d30/
f157
n111/
d123
d192/
d30/
f157
n111/
Invalid operation
d123
d166
d192/
d2
d237/
d30/
f157
n111/
Invalid operation
f88/
├── d123
├── d166
├── d192/
│   └── n80
├── d237/
├── d30/
├── f157
└── n111/
Null
Invalid operation
Invalid operation
Invalid operation
f157:D7 30 9B 6E BD
Invalid operation
f157:bin:12
Invalid operation
Invalid operation
Invalid operation
f157:BD FA 00
n10/
└── f117/
Null
Invalid operation
f117/
f294
d247
d285/
d9/
n10/
n67
f157:FA 6D CD AD D7 30 9B 6E BD
Invalid operation
n10/
├── d113
└── f117/
d113
d113:zg7h
Invalid operation
Invalid operation
Invalid operation
d113:zg7h
Invalid operation
d113:zg7h
Invalid operation
d113:zg7hx
Invalid operation
d136/
n102/
n72/
Invalid operation
Invalid operation
d113:zg7hxxx
f157:3E DC C9 E9 00 00 00
d247
d254
d285/
d9/
f49/
n10/
d247
d254
d285/
d9/
f143
f49/
n10/
n116
n2/
Invalid operation
Invalid operation
n79:0
/d71/d195/f88/d30/n79
n79:F8 00 AF
/d71/d195/f88/d30/n79
Invalid operation
Invalid operation
Invalid operation
f157:33
d166:17
d123:0
f157:7F 4E 11 F6 62 FF A2 8B 21 6E BD E9
d195/
├── f11
└── f88/
    ├── d123
    ├── d166
    ├── d192/
    │   ├── d247
    │   ├── d254
    │   ├── d285/
    │   │   └── f5/
    │   ├── d59
    │   ├── d9/
    │   ├── f143
    │   ├── f49/
    │   ├── f73/
    │   ├── n10/
    │   │   ├── d113
    │   │   ├── d170
    │   │   ├── d283/
    │   │   ├── d34/
    │   │   │   ├── d122/
    │   │   │   ├── d136/
    │   │   │   └── n102/
    │   │   ├── f117/
    │   │   ├── f227
    │   │   ├── n102/
    │   │   │   ├── d153
    │   │   │   ├── d206
    │   │   │   └── f241
    │   │   ├── n48/
    │   │   └── n49/
    │   ├── n116
    │   └── n2/
    ├── d237/
    ├── d30/
    ├── f157
    ├── f275
    ├── n110/
    └── n111/
d123
d166
d192/
d30/
f157
f275
f50
n110/
n111/
n75
Invalid operation
Invalid operation
Invalid operation
f11
f88/
f11
f88/
f11:0-out1b.s07ymytc89vz9.
f11:txt:22
f268:00 00 00 00 1A FF
f268:00 5A BD 50 2E BC 45 2C 9C
Invalid operation
Invalid operation
Invalid operation
Invalid operation
Invalid operation
Invalid operation
/d71/d195/f88/d192/d285/d64
f157:E9 10 62 72
d247:txt:32
d247
d254
d285/
d59
d9/
f143
f73/
n10/
n116
n2/
n113
n113:txt:0
/d71/d195/f88/d192/n2/n113
Invalid operation
d192/
├── d247
├── d254
├── d285/
├── d59
├── d9/
├── f143
├── f73/
├── n10/
│   ├── d113
│   ├── d170
│   ├── d283/
│   ├── d34/
│   │   ├── d122/
│   │   ├── d136/
│   │   └── n102/
│   ├── f117/
│   ├── f227
│   ├── n102/
│   │   ├── d153
│   │   ├── d206
│   │   └── f241
│   ├── n48/
│   └── n49/
├── n116
└── n2/
    └── d63
d247
d254
d285/
d59
d9/
f143
f73/
n10/
n116
n2/
d247
d254
d285/
d59
d9/
f143
f73/
n10/
n116
n2/
d63
Invalid operation
Invalid operation
f121:txt:5
Invalid operation
f121:u-1sx
d155/
n25/
f121:u-1sx4k-.ynr88
d54:A3
n101:8_38ud v5eyf-
/d71/d195/f88/d192/n2/f121
Invalid operation
d155:dir:0
Invalid operation
f131
Invalid operation
f131:6
Invalid operation
f131
n73/
f121:u-1sx4k-.ynr88_wga0jukp5pe4ybg4ub1a7.vqz
Invalid operation
/d71/d195/f88/d192/n2/f121
f157:FA 41 2C
Invalid operation
/d71/d195/f88/d192/n2/f121
Invalid operation
f157:7F 4E 11
f121:txt:47
Invalid operation
/d71/d195/f88/d192/n2/f121
Invalid operation
f121:u-1sx4k-.ynr88_wga0jukp5pe4ybg4ub1a7.vqz
f121:u-1sx4k-.ynr88_wga0jukp5pe4ybg4ub1a7.vqz
f157:62 FF A2 8B 21 6E BD E9 10 62 72 57 79 C9 E9 00 9F C1 F6 16 54 BE 3C C8 D1 3C
d235/
d236/
d56
d70/
d98
f121
n33
d247:txt:33
Invalid operation
Invalid operation
d247:05n8o1hljhv_vd3vx1y83up24nfsefs7x
d32:71 5F AF
d32:AF
Invalid operation
d247:05n8o1hljhv_vd3vx1y83up24nfsefs7x
d247
d254
d267/
d285/
d32
f143
f73/
n10/
n116
n2/
Invalid operation
Invalid operation
d247
d254
d267/
d285/
d32
d59
f143
f73/
n10/
n2/
d32:F4 87
d32:F4 87
d32:30
Invalid operation
d44:1D
Invalid operation
f121:52
d56:17
n89:3
d127:0
f149:0
f23:0
Invalid operation
Invalid operation
n2/
├── d127
├── d236/
│   ├── d100/
│   │   ├── d126
│   │   ├── d143/
│   │   └── n47/
│   ├── d155/
│   └── d27
├── d237/
├── d294/
├── d56
├── d70/
│   └── d133/
├── f121
├── f149
├── f23
├── f7
└── n89
d127
d236/
d237/
d294/
d56
d70/
f121
f149
f23
f7
n89
/d71/d195/f88/d192/n2/d236/d27
d100/
├── d126
├── d143/
└── n47/
d126
d143/
f127
n47/
d126
d143/
d39/
f127
n47/
d126
d143/
d39/
f127
n47/
d126:17
f291:10
d126
d143/
d39/
f291
n47/
Invalid operation
Invalid operation
Null
f291:87 89
Invalid operation
Invalid operation
d126
d143/
d228/
f17
f291
n47/
f291:19 49
f291:77
Invalid operation
Invalid operation
f291:13
f73:12
Invalid operation
Invalid operation
d32:00 00 6D
d187:
Invalid operation
Invalid operation
Null
Invalid operation
d269
f74
d269
f74
d269
f74
Null
d101:0
f211:0
Invalid operation
d101
d143/
f13/
f136
f211
n47/
n82
d101:
Invalid operation
d269
Null
d101
d143/
f13/
f136
f211
n47/
n82
d101:
/d71/d195/f88/d192/n2/d236/d100/f13/d269
d269
n82/
Invalid operation
Invalid operation
d101
d115
d143/
f125
f13/
n82
Invalid operation
d101
d115
d143/
d192/
f125
f13/
f69
n82
Invalid operation
d27:p6n9
d100:dir:0
d155/
d162/
f255/
n60/
Invalid operation
Invalid operation
d32:84
d87
f211
f211:15
d87:1
d87
Invalid operation
d87
f108
f108:txt:8
d32:00
d190/
d87
Invalid operation
Invalid operation
f269
d6
f269
d87:2
n58:2
Invalid operation
Invalid operation
Invalid operation
Invalid operation
Invalid operation
d87:8a
f157:BE 3C C8 D1 3C 00 00
Invalid operation
d87:8a
f157:FF A2 8B 21 6E BD E9 10 62 72 57
d127
d14
d236/
d237/
d272
d294/
d56
d70/
f121
f149
f23
f7
n89
f121:u-1sx4k-.ynr88_wga0jukp5pe4ybg4ub1a7.vqztxkp1.dk_72x.7
Invalid operation
d127
d14
d236/
d237/
d254
d272
d294/
d70/
f149
f23
f7
n89
f23:
d190/
d268
d32/
d87
f82
n109/
d102
d127
d236/
d254
d272
d294/
d70/
f149
f23
f269/
f5/
f7
f92/
n89
Invalid operation
Invalid operation
/d71/d195/f88/d192/d247
d32:AC 06 70 BF
d32:F6 5C 92
d136
Invalid operation
Invalid operation
f286:0
/d71/d195/f88/d192/f73/f186
Null
f73/
├── d122
├── d33/
├── f171
├── f186
└── f292
d33/
f171
f186
f292
d32:F6 5C 92 00 00 00 6E 7D 5A
/d71/d195/f88/d192/f73/f171
/f171
f171
f179/
f230/
f4
f171:9166fiyov314x26m3bmhxi4-pgxklkzg4f3mf6b
f171:txt:39
f171
f230/
f268/
f4
f171:9166fiyov314x26m3bmhxi4-pgxklkzg4f3mf6by9nmr5pmvl
d32:6E 7D 5A 00 00 00
d243/
n100/
f268/
├── d243/
└── n100/
Invalid operation
Invalid operation
Invalid operation
Invalid operation
d32:59 01
/d71/d195/f88/d192/f73/f268/f159
Invalid operation
f159:dr
Invalid operation
d243/
f159
f175
f224
n100/
Invalid operation
Invalid operation
d243:dir:0
d32:BA D9 CD C8 3B 68
/d71/d195/f88/d192/f73/f268/f159
Invalid operation
Invalid operation
Invalid operation
d32:BD 7F 6D 59 01 8C 6E 7D D9 CB BA D9
d48/
d191/
d247/
d274
f159
f175
f224
n100/
Invalid operation
d247
d254
d267/
d285/
d32
d39
d59
f143
f73/
n10/
n116
n2/
Invalid operation
Invalid operation
d32:31 9C E5 D9 CB BA D9 CD
d32:7B 30
Invalid operation
Invalid operation
Invalid operation
Invalid operation
Invalid operation
Invalid operation
Invalid operation
Invalid operation
Invalid operation
Invalid operation
Invalid operation
Invalid operation
Invalid operation
n92:m3jr8cn0y
d52
n92
f170/
f134
f170/
Invalid operation
Invalid operation
f134
f170/
f170/
Invalid operation
n35:FF 00 00
d80:x
d80
f170/
n53
Invalid operation
d80
f170/
n53
d80
n53
n35:36 00 00 00 5C C1 6F 23 85 90 5A
Invalid operation
Invalid operation
Invalid operation
f191/
n68/
Invalid operation
Invalid operation
Invalid operation
Invalid operation
/d71/d195/f88/d192/n10/n48/n0
Invalid operation
Invalid operation
f44
f191/
├── d78/
├── f217
└── f44
f44:5
f217:0
f217
f44
f59
Invalid operation
Invalid operation
n0:A1 EE 79 1C 17
Invalid operation
Invalid operation
n0:72 F1
Invalid operation
n68/
n0:31
d37
n68/
Invalid operation
n0:bin:29
Invalid operation
Invalid operation
d205/
d217
d262/
d27/
f265
n31/
n61
n69/
n82/
d32:93 5E A6 BB 14 10 3A F9 7B 30 70
d32:BB 14 10 3A
Invalid operation
d153
d206
f241
Invalid operation
Invalid operation
Invalid operation
d113
d133/
d16/
d170
d283/
d34/
f117/
f21
f229
n102/
n108/
n15
n48/
n49/
n82/
d113:19
d170:7
f229:7
f21:4
n15:0
n15:B1
Invalid operation
Invalid operation
n61:00 99
Invalid operation
Invalid operation
f265:jn1x
n82:dir:0
Null
Invalid operation
Null
d205/
d217
d231/
d262/
d278
f242
f252
f265
f36/
n69/
n82/
Invalid operation
Null
n31:dir:0
f114/
n26/
n31/
/d71/d195/f88/d192/f143
Invalid operation
Invalid operation
Invalid operation
/d71/d195/f88/d192/n10/n48/f36/d81
n31:dir:0
Invalid operation
Invalid operation
/d71/d195/f88/d192/n10/n48/f36/d81
Invalid operation
/d71/d195/f88/d192/n10/n48/f36/n111/n70/d106
n70:dir:0
Invalid operation
d40
Invalid operation
Invalid operation
Null
Invalid operation
d81:26
Invalid operation
Null
/d71/d195/f88/d192/n10/n48/f36/d81
d121/
d205/
d217
d231/
d262/
d278
d280/
f158
f242
f252
f265
f36/
n69/
n82/
n82:dir:0
n15:34 79 CE 8F CA 00 00 00
d121/
d205/
d217
d231/
d262/
d278
d280/
f158
f242
f252
f265
f36/
n69/
n82/
d121/
d205/
d217
d231/
d262/
d278
d280/
f158
f242
f252
f265
f36/
n69/
n82/
f265:jn1xt7bg9_1c5k_k4.xrrbdpr8lg-xobj..6x
n15:00 8E E6 EE 75 94 2E CA 00 00 00
n15:00
Invalid operation
Invalid operation
Invalid operation
Invalid operation
Invalid operation
n15:00 00 8E E6 EE 75 94 2E
Invalid operation
d113:67
n15:18
f134:17
d170:7
f229:7
Invalid operation
Invalid operation
Invalid operation
d113:txt:68
Invalid operation
d113:zg7hxxx.smpas0-r5xx.z..rp2omqm0px.a mstxmkykuo92rotaj7v0gjyiket ._ct
Invalid operation
d113
d133/
d15/
d170
d223
d281
d283/
d70
f126/
f134
f189
f229
f3
f75
n108/
n114
n15
n48/
n49/
n118
/d71/d195/f88/d192/n10/d133/n118
Invalid operation
d102/
d127
f18
f264
n118
Invalid operation
Invalid operation
d113
d126
d223
d281
d283/
d70
f126/
f134
f188/
f189
f229
f235/
f3
f75
n108/
n114
n15
n48/
n49/
d113
d15/
d223
d281
d283/
d70
f126/
f134
f188/
f189
f229
f235/
f3
f75
n108/
n114
n15
n21/
n48/
n49/
Invalid operation
d113:txt:80
Null
/d71/d195/f88/d192/n10/f126/n19
Invalid operation
Invalid operation
d113:txt:80
d113
d120/
d15/
d223
d281
d283/
d70
f126/
f134
f188/
f189
f229
f235/
f3
f75
n108/
n114
n15
n21/
n48/
n49/
d113:zg7hxxx.smpas0-r5xx.z..rp2omqm0px.a mstxmkykuo92rotaj7v0gjyiket ._ctf-mxy7vn93gltpar
Null
/d71/d195/f88/d192/n10/d113
d113
d120/
d15/
d223
d281
d283/
d70
f126/
f134
f188/
f189
f229
f235/
f64/
f75
n108/
n114
n15
n21/
n48/
n58/
d113
d120/
d15/
d223
d281
d283/
d70
f134
f188/
f189
f229
f235/
f64/
f75
n108/
n114
n15
n21/
n48/
n58/
d113
d120/
d15/
d223
d281
d283/
d70
f134
f188/
f189
f229
f235/
f64/
f75
n108/
n114
n15
n21/
n48/
n58/
d113:zg7hxxx.smpas0-r5xx.z..rp2omqm0px.a mstxmkykuo92rotaj7v0gjyiket ._ctf-mxy7vn93gltparibpowxl5-qgmtuh.aaw0g.gncwrtj
d113:txt:113
/d71/d195/f88/d192/n10/f227/d219
Invalid operation
f227/
└── d219
d219
Invalid operation
d287:dir:0
d287/
n15:39 35 F0 35 23 5D F1
f227/
└── d168
Invalid operation
f212:13
d168:1
Null
d107
d168
d198/
f212
n29
n15:DF 9A E5 7C 69 14 F5 B2 35 A4 42 94 16 50 00 00
Invalid operation
n15:00 00 00 74 FE
Invalid operation
d103
d211
d35
f235/
Invalid operation
d103
d180
d211
d229
f235/
f299/
Invalid operation
d103
d180
d229
f235/
f299/
d103
d180
d229
f235/
f299/
d103:di0
d103:3
d229:2
/d71/d195/f88/d192/n10/f227/d198/d103
d103:3
d229:2
d180:1
Invalid operation
Invalid operation
d103:txt:3
Invalid operation
Invalid operation
Null
/d71/d195/f88/d192/n10/f227/d198/d103
d103:di0
d103:di0
d103:di0
d229:10
d103:3
d180:1
f211:0
Invalid operation
Invalid operation
d103
d180
d229
d281/
f205
f211
f299/
f84
f93
Invalid operation
d180
d281/
f205
f211
f299/
f84
f93
Invalid operation
f205:F0 E4 EF
f93:md:0
Invalid operation
Invalid operation
d117/
d180
f84
f93
n20
Invalid operation
f84:txt:24
Invalid operation
Null
d198/
├── d117/
├── f224/
├── f84
└── n56
f84:txt:25
Invalid operation
d117/
f224/
f40/
f84
n56
Invalid operation
Invalid operation
Invalid operation
d149/
d161
f224/
f84
n56
d149/
d161
d235
f19
f204/
f224/
f84
n56
d161:2E
d161
f19
f204/
f224/
f84
n56
Invalid operation
f84:txt:25
d161:52
d161
d279/
f19
f204/
f224/
n56
f1:bin:9
Invalid operation
f1:bin:9
Invalid operation
Invalid operation
d65:3
d92:1
d161:17
d38:12
n56:6
f19:0
n76:0
d161
d238/
d279/
d38
f16
f19
f204/
f224/
f78
n56
n76
n56:txt:6
n56:txt:6
Invalid operation
n56:sz-5i3
d161
d238/
d279/
d28
d38
f204/
f224/
f78
n56
d161
d238/
d279/
d28
d38
f204/
f224/
f78
n56
Invalid operation
d120/
d161
d238/
d279/
d28
d35/
d38
f204/
f224/
f78
n56
Invalid operation
Invalid operation
d120/
d161
d195/
d238/
d279/
d28
d35/
d38
d83/
f204/
f224/
f78
n56
d120/
d161
d238/
d279/
d28
d35/
d38
d83/
f204/
f224/
f78
n56
Invalid operation
n56:sz-5i3
Invalid operation
Invalid operation
d238/
Invalid operation
Invalid operation
Null
Invalid operation
f170:txt:23
/d71/d195/f88/d192/n10/f227/d198/d238/f170
d161:8E
f118
d161:04 5E A5 94 9D A2 5B D7 04 B5 9B C5 EB 9C EA 51 43 93 EC 8E
d161:A5 94 9D A2 5B D7 04
f118:md:2
Invalid operation
Null
d291/
f118
f120
f43
n44
Invalid operation
Invalid operation
Invalid operation
Null
d9/
f118
f120
f39
d149/
d9/
f118
f120
f39
d9/
f118
f120
f244
f39
f118:4hxucj.yri
f118
f120
f158
f244
f281/
f292/
f95
n75
d161:A5 94 9D
Invalid operation
f120:txt:2
d211
f120
f158
f244
f281/
f95
n75
f244:md:2
d211
f244
f95
n91
Invalid operation
f244:18
f95:13
f244:md:18
f244
f95
n100/
f244:wxkg9lhqs.h4c3t6.q
f244:md:18
f244:md:18
d161:94 9D A2 5B D7 D5 53 9B C5 EB 9C E2 CD A2 19
Invalid operation
d161:19 21 50 74 F7 13 A4 88
/d71/d195/f88/d192/n10/f227/d198/d238/f170
f170:txt:37
d128
d21
d218/
f170
Null
f170:9.cn3s8siz.jo8tca0jgpj.rv1m27dzfpkjgb01rwwj.jvhin
f280/
└── n23
Invalid operation
/d71/d195/f88/d192/n10/f227/d198/d238/f280/n83
Invalid operation
Invalid operation
Invalid operation
Invalid operation
d14/
d289
f6
n83
Invalid operation
n83:bin:2
Invalid operation
Invalid operation
Invalid operation
Invalid operation
n83:bin:2
Invalid operation
d14/
n83:00
/d71/d195/f88/d192/n10/f227/d198/d238/f280/n83
Invalid operation
Invalid operation
Invalid operation
Invalid operation
Invalid operation
Invalid operation
d14/
f6
n113/
Invalid operation
d14:dir:0
d14/
f6
n113/
d14/
n113/
d14/
f237
n113/
Invalid operation
Invalid operation
d14/
d272/
f237
n113/
d14/
d23
d272/
n113/
Invalid operation
Invalid operation
Invalid operation
Invalid operation
f35:bin:1
f258
n32/
└── f258
Invalid operation
d123/
f194
f258
f8
f258:m .
f258:m .
Invalid operation
n32/
├── d123/
├── f194
├── f258
└── f8
d123/
f194
f258
f8
f8:7
f194:5
f258:3
d123/
d222
f194
f258
f79
f8
d161:A0 19 3F 87 B9 36
d123/
f194
f258
f8
Invalid operation
d161:50 79 F5 70 A0 CA
d154/
d298
f221/
f258
f8
f258:m .pb0 9ty5y_e1_-
d154/
d298
f221/
f258
f8
d161:5F D0 2C D5 53 9B C5 EB 9C E2 CD A2 19 21 50 79 F5 70 A0 CA D8 87 B9 36 F2 22 D2 D8
d154/
d298
f221/
f258
f8
d243
f84
n32/
Invalid operation
d271:x
d161:B9 36 F2
/d71/d195/f88/d192/n10/f227/d198/d238/f280/n113/d271
Invalid operation
Invalid operation
d161/
f47/
Invalid operation
d161/
f82/
Invalid operation
n32:dir:0
Invalid operation
Invalid operation
Invalid operation
n33:md:0
d271:15
d207:1
f8
d238
f187
f258
f8
d105:16
Invalid operation
n32/
├── d238
├── f258
├── f41
├── f62/
└── n66/
d238
f196
f258
f62/
n47
d45
Invalid operation
d105:E6
f258:m .pb0 9ty5y_e1_-5tysb47a0 ul-xv2x.yegva9nt
Invalid operation
f90/
f258:m .pb0 9ty5y_e1_-5tysb47a0 ul-xv2x.yegva9nt
/d71/d195/f88/d192/n10/f227/d198/d238/f280/n113/n32/f258
Invalid operation
d182
f2
Invalid operation
Invalid operation
/d71/d195/f88/d192/n10/f227/d198/d238/f280/n113/d271
d271:xf4vvb-4y5gyo.6
d105:76 77 3A 62
d42:14
f264:2
n33:0
d42:14
f264:2
d42:EF 00 00 ED 58 0E
d42:0E
Invalid operation
d42
d79/
f264
f266/
n33
d42
d79/
f264
f266/
n33
d42
d79/
f264
f266/
n33
Invalid operation
Invalid operation
Invalid operation
Invalid operation
Invalid operation
Invalid operation
Invalid operation
Invalid operation
Invalid operation
d201:bin:7
d201:bin:9
Invalid operation
d121/
d201
n30/
n56
Invalid operation
Invalid operation
d201:15
n56:0
Invalid operation
d201
n47/
n56
d201:77 9A C6
Invalid operation
Invalid operation
Invalid operation
d105
d188/
d266
d271
d39
d49/
d87/
f187/
f32/
n32/
n50
n79
n113/
├── d105
├── d169/
├── d188/
├── d266
├── d271
├── d39
├── d49/
│   ├── d201
│   ├── d210
│   ├── d34
│   ├── n47/
│   └── n56
├── d87/
├── f187/
├── f32/
├── n32/
│   ├── d238
│   ├── d42/
│   ├── d71
│   ├── f258
│   └── f62/
│       └── f90/
│           ├── d182
│           └── f2
├── n50
└── n79
d105
d141/
d169/
d188/
d266
d271
d39
d49/
d87/
f187/
f288/
f32/
n32/
n79
d141/
d169/
d188/
d266
d271
d49/
d87/
f187/
f288/
f32/
n32/
n79
/d71/d195/f88/d192/n10/f227/d198/d238/f280/n113/n79
d141/
d188/
d266
d271
d49/
d87/
f187/
f288/
f32/
n32/
n79
n113/
├── d141/
├── d188/
├── d266
├── d271
├── d49/
│   ├── d201
│   ├── d210
│   ├── d34
│   ├── n47/
│   └── n56
├── d87/
├── f187/
├── f288/
├── f32/
├── n32/
│   ├── d238
│   ├── d42/
│   ├── d71
│   ├── f258
│   └── f62/
│       └── f90/
│           ├── d182
│           └── f2
└── n79
d161:00
d141/
d188/
d266
d271
d49/
d87/
f187/
f288/
f32/
n32/
n79
Invalid operation
Invalid operation
n32:dir:0
Null
Invalid operation
Null
d141/
d188/
d266
d49/
d59
d87/
f187/
f32/
n32/
n70/
n79
Null
n79:s6tk-glm7jltt.a1eakxx
n113/
├── d141/
├── d188/
├── d266
├── d49/
│   ├── d201
│   ├── d210
│   ├── d34
│   ├── n47/
│   └── n56
├── d59
├── d87/
├── f187/
├── f32/
├── n32/
│   ├── d238
│   ├── d42/
│   ├── d71
│   ├── f258
│   └── f62/
│       └── f90/
│           ├── d182
│           └── f2
├── n70/
└── n79
n32:dir:0
Null
d161:76 5A A0 CA D8 87 B9 36 F2 22
n79:s6tk-glm7jltt.a1eakxxfnx
d161:9B C5 EB 9C E2 88 2B BD 7B 20 0C 76
Null
Invalid operation
Invalid operation
f254:2
d256:1
Invalid operation
Invalid operation
d161:2C D5 53 9B C5 EB 62 FE E8 BA BC C2 FE DB 76 5A A0 CA D8 87 B9 36 F2
f254:3
d256:1
f104:0
Invalid operation
d164
d193/
d256
f104
f194
f254
f194:81
f77:11
f254:3
/d71/d195/f88/d192/n10/f227/d198/d238/f280/n113/n79
d141/
d188/
d266
d49/
d59
d87/
f187/
f32/
n32/
n70/
n79
Invalid operation
Invalid operation
Invalid operation
d141/
d171/
d188/
d266
d49/
d59
d87/
f177/
f187/
f246/
f32/
f72
f76
n32/
n70/
n79
n95
Invalid operation
n79:s6tk-glm7jltt.a1eakxxfnxm9-j78x4zqs3jqc8k0956xdb_1gxjz5p_bq
d141/
d171/
d188/
d266
d49/
d59
d87/
f177/
f187/
f246/
f32/
f72
n32/
n70/
n79
n95
/d71/d195/f88/d192/n10/f227/d198/d238/f280/n113/n79
d266:
d266:
d141/
d163
d171/
d266
d49/
d59
d87/
f177/
f187/
f32/
f72
n11
n32/
n70/
n95
Invalid operation
Invalid operation
Invalid operation
Invalid operation
Invalid operation
d201:15
d210:11
d34:0
n56:0
Invalid operation
n11:x-a_. v3bxtoek7t9ema3d-3lq8qev.hlepk12cfo80u7zno4k05yq.e0ko34jf
d201
d210
d34
n47/
n56
d201
d34
n47/
n56
Invalid operation
Invalid operation
Invalid operation
Invalid operation
d201:E0 F4 91 A5 CB B9 B6 50 93 D4
Invalid operation
Invalid operation
d201:E0 F4 91 A5 CB B9 B6 50 93
Invalid operation
d201:79 4E E6 93 A1 23 DA 25 E9 31 F6 A1 E0 F4 91 A5 CB B9 B6
Invalid operation
f197
f197
f197
d215/
f197
Invalid operation
Invalid operation
f197:ec9.fmuwe.0
Invalid operation
d135
d215/
d224
d279/
f197
d135:11
f197:11
d224:7
d135
d215/
d224
d279/
f197
d201:F4 91 A5 CB
Invalid operation
/d71/d195/f88/d192/n10/f227/d198/d238/f280/n113/d49/d201
/d71/d195/f88/d192/n10/f227/d198/d238/f280/n113/d49/d201
f278:16
n21:8
f278:19
n21:8
f278:9ywt_22kxshtp zl.sf
f278:9ywt_22kxshtp zl
Invalid operation
d201:bin:19
Invalid operation
Invalid operation
Invalid operation
Invalid operation
Invalid operation
Invalid operation
Null
d201:bin:24
f253:n64wbg.q85cne9
f253:n64wbg.q85cne9vw
Null
d124
d144
d201
d236
d259
d59/
d68/
f26/
f294
f75
f77/
n47/
n56
Invalid operation
d104
d171/
d188/
d214
d49/
f187/
f189
f260/
f32/
n11
n32/
n68/
n77
f189:6B 0B 00 83 01
Invalid operation
n11:63
d214:16
f213:13
n77:8
d171/
d188/
d214
f187/
f213
f260/
f32/
n11
n32/
n68/
n77
n113/
├── d171/
├── d188/
├── d214
├── f187/
│   ├── d164
│   ├── d235/
│   ├── d256
│   ├── f104
│   ├── f194
│   ├── f254
│   └── n65
├── f213
├── f260/
├── n11
├── n32/
│   ├── d238
│   ├── d42/
│   ├── d71
│   ├── f258
│   └── f62/
│       └── f90/
│           ├── d182
│           └── f2
├── n68/
└── n77
d171/
d188/
d214
f187/
f213
f260/
n11
n32/
n68/
n77
Invalid operation
d171/
d188/
d214
f187/
f213
f260/
f32/
n11
n32/
n68/
n77
/d71/d195/f88/d192/n10/f227/d198/d238/f280/n113/n11
Invalid operation
d171/
d214
d64/
f116/
f165
f187/
f189
f260/
f32/
f33
n11
n32/
n43
n68/
Null
f194:FE 00
f104:
d256:32
n65:10
f194:2
f104:0
Invalid operation
Invalid operation
f104
f273/
f3/
Invalid operation
Invalid operation
f152:B9 32 0C 7E
f104:l
f104:l
Invalid operation
Invalid operation
f189:01 F6 59 51 00 00
f104
f109/
f207/
f273/
f3/
f104:l
d286/
f3/
n21
f3:dir:0
n11:x-a_. v3bxtoek7t9ema3d-3lq8qev.hlepk12cfo80u7zno4k05yq.e0ko34jf0137oh2kw9i-t
Invalid operation
d171/
d56/
d64/
d79/
f165
f187/
f189
f260/
f32/
f33
n11
n43
n45
Invalid operation
d171/
d56/
d64/
d79/
f165
f187/
f189
f260/
f32/
f33
n11
n43
n45
d171/
d56/
d64/
d79/
f187/
f189
f260/
f32/
f33
n11
n43
n45
Invalid operation
d171/
d56/
d64/
d79/
f187/
f189
f260/
f32/
f33
n11
n43
n45
f189:00 83 01 F6 59 51 00 00 00 85 4F 16 8D
/d71/d195/f88/d192/n10/f227/d198/d238/f280/n113/n11
Invalid operation
d14/
d272/
d76
n113/
Invalid operation
d161:7B 73 00 D9 00 00
d14/
d206
f142
n113/
d14/
d206
f142
n113/
Invalid operation
d161:5F 58 34 C5 EB 62 FE E8 BA BC C2 FE DB 76 5A A0 CA B8 61 B9 57 59 F0 6F
Invalid operation
d161:E8 BA BC C2 FE DB 76 5A A0 CA B8 61 B9 57 59 F0 6F EF 7D 7B 73 00 D9
Invalid operation
Invalid operation
Invalid operation
Invalid operation
d161:76 5A A0 CA
Invalid operation
d14:dir:0
d0
d279
d36/
d62/
n113/
n95
Invalid operation
f19/
d0:26 48 36
d279:-nqzlmp2vzd
Invalid operation
Invalid operation
Invalid operation
f280/
├── d0
├── d260/
├── d279
├── d36/
├── d47/
├── d55
├── d62/
├── f99
├── n113/
│   ├── d171/
│   ├── d2/
│   ├── d56/
│   ├── d64/
│   ├── d79/
│   ├── f187/
│   │   ├── d131/
│   │   ├── d286/
│   │   ├── f3/
│   │   └── n21
│   ├── f189
│   ├── f260/
│   ├── f32/
│   ├── f33
│   ├── n11
│   ├── n43
│   └── n45
└── n95
Invalid operation
Invalid operation
d279:11
d0:9
d55:7
Invalid operation
Invalid operation
d0
d260/
d279
d36/
d47/
d55
d62/
f99
n113/
n70
n95
d0:3B 26 48 36 AE
d279:-nqzlmp2vzd
Invalid operation
d0
d260/
d279
d36/
d47/
d55
d62/
f99
n113/
n70
n113:dir:0
n113:dir:0
n113:dir:0
d260/
Invalid operation
Invalid operation
d260/
└── f194
d0:96 3B 26 48 12 AE A3 00 00 00 E6 40
d205:10
/d71/d195/f88/d192/n10/f227/d198/d238/f280/d260/d205
d0:26 48 12 AE A3 00 00 00 E6 40 A6 AE 00 00 00
n118:02 EF
f170:txt:49
Invalid operation
d128
f119/
f280/
f299/
d128
f119/
f280/
f299/
f280:dir:0
d128
f170
f280/
f299/
d161:5F 58 34 C5 EB 62 7B ED 63 11 F4 FE DB 76 5A A0 CA B8 61 B9 57 59 F0 6F EF 7D 7B 73 00 D9 28 22
d161:A9 CE 59 E0 5F D0 F7 5F 58 34 C5 EB 62 7B ED
Null
Invalid operation
f194:dir:0
Invalid operation
Invalid operation
d278:10
f106:10
d161:DB 76 5A A0 CA B8 61 B9 57 59 F0 6F EF 7D 7B
Invalid operation
d161:EF 7D 7B 73 00 D9 28 22 24 59 00 00 00 00 4B 5C 7B EF
d161:59 F0 6F EF 7D 7B 73 00 D9 28
Invalid operation
d105:dir:0
Invalid operation
d105:dir:0
Invalid operation
Invalid operation
/d71/d195/f88/d192/n10/f227/d198/d238/f78/d116
Invalid operation
d105/
d266/
d116:C1 7F A6 35 F5 7E
d105/
d58
Invalid operation
Invalid operation
d105:dir:0
/d71/d195/f88/d192/n10/f227/d198/d238/f78/f272/d286
Invalid operation
d105/
d286
Invalid operation
Invalid operation
Invalid operation
d244
d127/
d244
f212
n39
d244:owix
/d71/d195/f88/d192/n10/f227/d198/d238/f78/f272/d105/f283/d43
d115
d43
Invalid operation
d32:bin:0
n110:6ab7fk3
n39:00 00 00 00 4F A2
Null
n39:00 00
Invalid operation
Invalid operation
d105/
Invalid operation
d169
d209/
d219/
d268/
d287
f212
f94/
n109
n27/
n39
n89
d147/
d169
d209/
d219/
d268/
d287
f275/
n109
n27/
n39
n89
Invalid operation
d147/
d169
d209/
d219/
d268/
d287
d92
f275/
n109
n39
n89
d147/
d169
d209/
d219/
d268/
d287
d92
f255
f275/
n109
n39
n89
Invalid operation
Invalid operation
n63
Invalid operation
Invalid operation
f276:6
Invalid operation
Invalid operation
Invalid operation
Invalid operation
Invalid operation
Invalid operation
Invalid operation
Invalid operation
d49:x
f97:AE
d247/
d49
f144
f152
f181/
f97
Invalid operation
d116
d17/
f272/
d116:3B 31 BB 6C 4F C1
f247
f247
f82
f82
n64
Invalid operation
f82:txt:6
Invalid operation
Invalid operation
/d71/d195/f88/d192/n10/f227/d198/d238/f78/d17/f82
Invalid operation
f82: idahj
Invalid operation
Invalid operation
d76/
f168/
f82
f98/
n64
Invalid operation
d76/
f168/
f82
f98/
n38/
n64
Invalid operation
Null
Invalid operation
Invalid operation
f82:txt:22
Invalid operation
Invalid operation
Invalid operation
Null
f97:80 A1 AE
d49:x
Invalid operation
Invalid operation
d49:x
d262:dir:0
d292:
f181:dir:0
Invalid operation
d49:x
f181:dir:0
Invalid operation
Invalid operation
f181:dir:0
f97:09 B8
Invalid operation
f181:dir:0
Invalid operation
d136/
d247/
d29/
d49
f13/
f144
f152
f181/
f277
f6
f82
f86
f97
n25
n97/
Invalid operation
f97:09 B8
Invalid operation
d49:xx
d116:00
Invalid operation
Invalid operation
f97:28
f152:14
Invalid operation
f208/
f152:jssla-v04kfxfmk69d
f208:dir:0
Invalid operation
f208/
f244/
f208/
f244/
Invalid operation
f208:dir:0
f208:dir:0
f208:dir:0
Invalid operation
Invalid operation
/d71/d195/f88/d192/n10/f227/d198/d238/f78/f272/f152
n41:xbscmh7xp  j yo4kig4-65ox
n41:md:25
n27:8
f19/
f208
n27
Null
d158
d32
f19/
f258
n27
n92
n94
/d71/d195/f88/d192/n10/f227/d198/d238/f78/f272/d247/n27
n27:14
d32:10
n92:6
f258:5
d158:0
n94:0
d32
f188/
f258
n27
n92
n94
/d71/d195/f88/d192/n10/f227/d198/d238/f78/f272/d247/n27
n27:txt:14
f188/
f258
n27
n92
n94
n27:87j4xvar x8_5_
f258:00
Invalid operation
/d71/d195/f88/d192/n10/f227/d198/d238/f78/f272/d247/f187/f16
f272/
├── d136/
├── d205/
├── d247/
│   ├── f187/
│   │   └── n119
│   ├── f188/
│   ├── f258
│   ├── n27
│   ├── n41
│   ├── n92
│   └── n94
├── d267
├── d29/
├── d42/
├── f13/
├── f144
├── f152
├── f156
├── f173/
├── f204/
├── f254/
├── f277
├── f6
├── f82
├── f86
├── f90/
├── f97
├── n25
├── n79
├── n90
└── n97/
Invalid operation
/d71/d195/f88/d192/n10/f227/d198/d238/f78/f272/f152
Invalid operation
d286:16
n97/
Invalid operation
Null
f61/
d136/
d193/
d205/
d247/
d29/
d42/
f121
f13/
f144
f145/
f152
f156
f173/
f204/
f210/
f254/
f259/
f277
f6
f82
f86
f90/
f97
f99/
n25
n79
n90
n97/
Invalid operation
d116
d127
d17/
f272/
/d71/d195/f88/d192/n10/f227/d198/d238/f78/d116
d17:dir:0
Invalid operation
Invalid operation
d127:cqmxrpz.cbp2d3
Invalid operation
d161:61 B9 57 59 F0 6F EF 7D 7B 73 00 D9 28 22 24 59 00 00 00
Invalid operation
Invalid operation
d161:11 F4 FE DB
d161:62 7B ED 63 11 F4 FE DB 76 5A A0 CA B8 61 B9 57 59 F0 6F EF 7D 7B 73 00 D9 28 22 24 59 00 00 00 00 4B 5C 7B EF 69 0B A7 68 39 96 AB CD 47 F5
d18
d193
f136
f168/
f288/
f5
d17/
d3/
n114
Invalid operation
Invalid operation
d17/
d27/
d3/
f94/
n114
Invalid operation
Invalid operation
d17/
d3/
f204/
f94/
n114
d128
d175
f113
f280/
f299/
f78/
n38
Invalid operation
d17/
d3/
f204/
f94/
n114
Invalid operation
Invalid operation
Invalid operation
d17:dir:0
f58:9A
f58:00 00
Invalid operation
Invalid operation
Invalid operation
Invalid operation
d127/
d128
d175
f113
f280/
f299/
f78/
n38
n92
/d71/d195/f88/d192/n10/f227/d198/d238/d128
Invalid operation
d126
d127/
d128
d175
d192/
d90
f113
f280/
f299/
f30/
f78/
n17/
n38
Invalid operation
Invalid operation
d150/
d168
d198/
f101
f155/
f219
n29
Invalid operation
d150/
d168
d198/
f101
f155/
f219
n29
Invalid operation
n56:txt:23
Invalid operation
d120/
d161
d238/
d279/
d28
d35/
d38
d50/
d83/
f169
f204/
f224/
f31
f37
f78
n56
n72/
Invalid operation
Invalid operation
/d71/d195/f88/d192/n10/f227/d198/n56
n56:sz-5i3ftq te6cs-c0._-zx
Invalid operation
f224:dir:0
Invalid operation
f224:dir:0
d120/
d161
d238/
d279/
d28
d35/
d38
d66/
d81
d83/
f169
f204/
f224/
f31
f37
f78
n72/
Invalid operation
Invalid operation
d161:5F D4 D3 04 63 11 F4 FE DB 76 5A A0
d120/
d161
d238/
d264
d279/
d28
d35/
d38
d66/
d81
d83/
f169
f204/
f224/
f297
f31
f37
f78
n72/
d161:BA 30 8D 47
d161:0B B7 96 37 56 95 DA A7
Invalid operation
d120/
d161
d21
d238/
d264
d279/
d28
d35/
d38
d66/
d81
d83/
f169
f185
f204/
f224/
f297
f31
f37
f78
n22
n72/
Invalid operation
d161
d238/
d264
d279/
d28
d296/
d35/
d38
d66/
d81
d83/
f169
f185
f204/
f224/
f297
f31
f37
f78
n22
n72/
Invalid operation
Invalid operation
d161:65
f31:16
d38:12
d161
d238/
d264
d279/
d28
d296/
d35/
d38
d66/
d81
d83/
f169
f185
f204/
f297
f31
f37
f78
n22
n72/
Invalid operation
d161
d238/
d264
d279/
d28
d296/
d35/
d38
d66/
d81
d83/
f169
f185
f204/
f297
f31
f37
f78
n22
n72/
Invalid operation
Invalid operation
/d71/d195/f88/d192/n10/f227/d198/d161
Invalid operation
Invalid operation
d65:3
d92:1
d151:0
d243:0
Invalid operation
d151
d243
d65
d92
f223
d151
d243
d65
d92
f223
/d71/d195/f88/d192/n10/f227/d198/d81
Invalid operation
Invalid operation
d243:8C C6
d243
d65
f223
Invalid operation
Invalid operation
Invalid operation
Invalid operation
Null
d161
d238/
d264
d279/
d28
d296/
d35/
d38
d66/
d81
d83/
f169
f185
f2
f204/
f31
f37
f78
n22
n72/
Invalid operation
Invalid operation
d85:dir:0
/d71/d195/f88/d192/n10/f227/d198/d66/f163
Invalid operation
d236/
/d71/d195/f88/d192/n10/f227/d198/d161
Invalid operation
Invalid operation
d161
d238/
d264
d279/
d28
d296/
d35/
d38
d66/
d81
d83/
f169
f185
f2
f204/
f31
f37
f78
n22
n72/
d161:bin:63
d161
d238/
d264
d279/
d28
d296/
d35/
d38
d66/
d81
d83/
f169
f185
f2
f204/
f31
f37
f78
n22
n72/
Invalid operation
Invalid operation
d161
d238/
d264
d279/
d28
d296/
d35/
d38
d66/
d81
d83/
f169
f185
f2
f204/
f31
f37
f78
n22
n72/
Invalid operation
Invalid operation
d161:64
f31:16
d38:12
f20:10
d161:F5 00
Invalid operation
Invalid operation
Invalid operation
d161:bin:66
Null
Null
d161:BF BA FB 5C B4 59 91 D0 F7 5F 58
d161
d219
d238/
d264
d279/
d28
d296/
d35/
d38
d66/
d81
d83/
f169
f185
f2
f20
f204/
f31
f37
f53
f78
n22
n72/
Invalid operation
Invalid operation
d243
f191
f223
Invalid operation
d243:10
f223:5
f191:0
Invalid operation
Invalid operation
d185
d243
f191
f223
f27
n102
Invalid operation
d185
d243
f191
f223
f27
f61/
n102
d185
d243
f191
f223
f61/
n102
d243:D6
f204/
├── d185
├── d223
├── d243
├── f191
├── f223
├── f61/
└── n102
Invalid operation
f223:md:5
d107/
d185
f161
f191
f223
f48
f61/
n102
n65
Invalid operation
Null
/d71/d195/f88/d192/n10/f227/d198/f204/f223
d107/
d185
d211
f122
f161
f191
f223
f48
f61/
n102
n65
Invalid operation
n46
d211:16
n46:7g_p-ann-
f191:txt:0
n46:9
Invalid operation
Invalid operation
Invalid operation
f61/
├── f241
└── n46
d211:00 00 00 77 14 61 C3 7B CC
n46:13
f241:6
f68:15
n46:13
n108/
n108/
n108/
Invalid operation
d185
d211
d30/
f138/
f161
f169
f191
f61/
n102
n65
/d71/d195/f88/d192/n10/f227/d198/f204/f191
d185
d211
d30/
f138/
f161
f169
f191
f194/
f62/
n102
n65
d185
d211
d30/
f138/
f161
f169
f191
f194/
f62/
n102
n65
d185
d211
d30/
f138/
f161
f166/
f169
f191
f194/
f62/
f7/
n102
n112
n65
d211:00
d161:bin:70
Invalid operation
Invalid operation
d115
d127/
d161
d219
d222/
d238/
d264
d279/
d28
d296/
d35/
d38
d66/
d81
d83/
f169
f185
f20
f204/
f31
f37
f53
f69
f78
n22
n37/
n72/
d185
d211
d30/
f138/
f161
f166/
f169
f191
f194/
f62/
f7/
n102
n112
n35/
n65
n73
d211:30
n65:14
f161:13
d185
d211
d30/
f138/
f161
f166/
f169
f191
f194/
f62/
f7/
n102
n112
n35/
n65
n73
d185
d211
d30/
f138/
f161
f166/
f169
f191
f194/
f62/
f7/
n102
n112
n35/
n65
n73
Invalid operation
Invalid operation
f191:xbwenu
Null
d185
d211
d30/
f138/
f161
f166/
f169
f191
f194/
f62/
f7/
n102
n112
n35/
n65
d211:33
Invalid operation
Invalid operation
d185
d211
d30/
f138/
f161
f166/
f169
f191
f194/
f62/
f7/
f95
n102
n112
n35/
n65
d185
d211
d30/
f138/
f161
f166/
f169
f191
f194/
f62/
f7/
f95
n102
n112
n35/
n65
d211:00 77 A2 1C DC 29 E8 CC D7 00 00 00 00 00 00 00
f191:txt:7
/d71/d195/f88/d192/n10/f227/d198/f204/f191
d211:31
n65:14
f161:13
n77:13
d228:12
n112:10
f191:7
Invalid operation
d211:7E A5 46 5E FD 10 8F B0 22 14 78 2F 00 00 FE FF 67 00 77 A2 1C DC
f48
f48
d185
d211
d228
d250
d267/
d295
d30/
d74/
f138/
f161
f169
f296
f40/
f62/
f7/
f8
f95
n102
n112
n35/
n65
n77
Invalid operation
d185
d211
d228
d250
d267/
d295
d30/
d53
d66
d74/
f138/
f161
f169
f296
f40/
f62/
f8
f95
n102
n112
n35/
n65
n77
f48:txt:0
Null
Invalid operation
d165/
Invalid operation
Invalid operation
d149
Invalid operation
/d71/d195/f88/d192/n10/f227/d198/f204/d165/d149
Invalid operation
d211:14 78 2F 00 6A 31 DE 8D FD 70 83 3D DC
Invalid operation
d211:2F 00 6A 31 DE 8D FD
Invalid operation
n65:4c11vqf61xruxx.jhsk8vq-dn0l5eo1adu06qyl_2sjcdxg4azgwp-b3v7co.c76
f274:3sur3prphauc
Invalid operation
d102/
d96
f128
f130
n109
n46/
Invalid operation
Invalid operation
d96
f128
f130
f26
n23/
n46/
d104
d96
f128
f130
f259/
f26
n23/
n46/
d104
d262
d96
f128
f130
f259/
f26
n114
n23/
n46/
Invalid operation
Invalid operation
d104
d262
d96
f128
f130
f131
f259/
f26
n114
n23/
n46/
n60/
Invalid operation
d96:21 00 00 39 DD 0A 35 78 14 D7 95
f128:l56x-8wxx131zddftlj6x3xdsx
d104
d190/
d72
d96
f128
f130
f131
f259/
f26
f63
n23/
n46/
Invalid operation
f128:l56x-8wxx131zddftlj6x3xdsx
d104
d190/
d297
d55
d72
d96
f128
f130
f131
f259/
f26
f63
n23/
n46/
f128:txt:26
f128:txt:34
f128:txt:34
f128:l56x-8wxx131zddftlj6x3xdsx4.nuypf0
n99:txt:2
Invalid operation
Invalid operation
Invalid operation
f189
f27
n99
f27:E6
Invalid operation
f189
f27
f189
f27
n70/
Invalid operation
Invalid operation
Invalid operation
d128/
d165/
d185
d191/
d211
d228
d267/
d295
d30/
d53
d66
f161
f169
f40/
f62/
f8
f95
n112
n35/
n65
n77
Invalid operation
d161:69
f31:16
f69:15
d38:12
f20:10
f169:8
d161:B2 89 D0 F8 69 3A C0 7B 00 00 00
Invalid operation
Invalid operation
Invalid operation
Invalid operation
d115
d127/
d161
d219
d238/
d264
d279/
d28
d296/
d35/
d38
d42/
d66/
d81
d83/
f169
f185
f189
f2
f20
f204/
f31
f37
f69
f78
n22
n37/
n72/
Invalid operation
d115
d161
d219
d238/
d264
d279/
d28
d296/
d35/
d38
d42/
d66/
d81
d83/
f169
f185
f189
f2
f20
f204/
f248/
f269
f31
f59/
f69
f78
n22
n37/
n72/
d115
d219
d238/
d264
d279/
d28
d296/
d35/
d38
d42/
d66/
d81
d83/
f131/
f169
f185
f189
f2
f20
f204/
f248/
f269
f31
f59/
f69
f78
n22
n37/
n72/
Invalid operation
d113
d15/
d160
d223
d276
d281
d283/
d8
d84
f103
f127
f134
f188/
f189
f227/
f229
f235/
f34
f64/
f75
n108/
n114
n15
n19
n21/
n48/
n51
d113
d15/
d160
d223
d276
d281
d283/
d8
d84
f103
f127
f134
f188/
f189
f227/
f229
f235/
f254
f34
f64/
f75
n108/
n114
n15
n19
n21/
n48/
n51
Invalid operation
Invalid operation
f157:bin:63
d123
d157
d192/
d30/
d48
f157
f183
f50
n110/
n111/
n75
Invalid operation
Invalid operation
f209
f233/
n26/
n40/
f209
f233/
f92/
n26/
n40/
Invalid operation
d292/
f209
f233/
f92/
n10
n26/
n40/
f233:dir:0
Invalid operation
f157:4E 59 16 00 9F C1 F6 68 AC FB 02 0E 77 3C 00 00 C9 CB 0D 47 B4 74 B5 97 42 4F B7 B6 00
Invalid operation
f157:bin:62
Invalid operation
Invalid operation
d123
d192/
d238
d278
d30/
f157
f183
f50
n110/
n111/
n75
f157:bin:62
Invalid operation
Invalid operation
f157:4E 59 16 00 9F C1 F6 68 AC FB 02 0E 77 01 00 00 C9 CB 0D 47 B4 74 B5 97 42 4F 5F 83 2E D4 58 4E B9 73 A8 46 49 00 00 00 8D B1 6D A5
d192/
d238
d278
f157
f183
f50
n110/
n111/
n75
f157:bin:61
d123
d192/
d220/
d238
d278
f157
f183
f50
n110/
n111/
n75
Null
Invalid operation
d54
f277
f68
d54
f277
f68
f157:61
n75:12
f50:7
f183:5
d278:2
d123:0
Invalid operation
f157:00 C9 CB 0D 47 B4 74 B5 97 42 4F 5F 83 2E D4 58 4E B9 73 A8 46 49 00 00 00 8D B1 6D A5
f157:42 4F 5F 83 2E D4 58
Invalid operation
Invalid operation
d13
Invalid operation
f157:64
n75:12
f50:7
f183:5
Invalid operation
Null
Invalid operation
d225/
f157:DA 00
Invalid operation
Invalid operation
d123
d220/
d238
d278
f157
f183
n110/
n111/
n75
Invalid operation
f157:7F 4E 11 F6 62 FF A2 8B 21 FA 79 47 3E 36 C1 7B 50 CA 16 00 9F C1 F6 68 AC 54
f157:bin:64
d123
d220/
d238
d278
d282
f183
n110/
n111/
n75
d123
d220/
d238
d278
d282
f183
f189/
n110/
n75
n75:b-465u87d9n-
n75:b-465u87d9n-
Null
f88/
├── d123
├── d127
├── d220/
├── d222
├── d238
├── d275
├── f11
├── f183
├── f189/
├── n110/
│   ├── d13
│   ├── d161
│   └── f277
└── n75
Invalid operation
Invalid operation
f183:1F 0C C8 05 00
n75:b-465u87d9n-
Invalid operation
n75:b-465u87d9n-
Invalid operation
Invalid operation
Invalid operation
d3:dir:0
/d71/d195/f88/n75
Invalid operation
n110:dir:0
n109/
n75:b-465u87d9n- 5al015sww-lt_xi5j7y.p20rpywxnsx1szys8tgtsp
Invalid operation
n109:dir:0
n109/
n75:b-465u87d9n- 5al015sww-lt_xi5j7y.p20rpywxnsx1szys8tgtsp
f183:E9 C5 16 1F 0C C8 05 00 00
Invalid operation
Invalid operation
n94:
/d71/d195/f88/d220/n94
f183:38 65
f183:00
f268:06 00 00 00 00 00 00 00 46 60 55 09 24 F0 D1 00 00
Invalid operation
Invalid operation
Invalid operation
f268:1A FF
Invalid operation
f261:14
f282:2
Invalid operation
Invalid operation
Invalid operation
d195/
d51/
f152/
f172/
f261
f282
f295
n72/
d195/
d51/
f152/
f172/
f261
f282
f295
n72/
f261:8dk89r2pf8th3cxx
f268:00 00 00 00 1A FF 62 33 11 3E
d195/
d219
d51/
d57
f152/
f172/
f261
f282
n72/
Invalid operation
f268:18 BE 7A EC 51 89 14 9E 11 A5 50 C2 6A A7 F9 00 18 91 5C 96 03 4A 5C 0B BA 50 2E BC 45 2C 9C 67 4A 6B
f261:28
f282:2
d189:bin:3
d121/
└── d189
Invalid operation
/d71/f172/d121/d189
Invalid operation
f82
f82
/f139
d121/
├── f173/
└── f82
Invalid operation
f82:txt:0
d80
f173/
f82
d187/
d206/
d80
f173/
f231
f82
Invalid operation
Invalid operation
f82: 6a8sszgx
d187/
d206/
d80
f173/
f231
f82
Invalid operation
/d71/f172/d121/f82
d50:DF 24 20
d50:7B 72 00 F5
Invalid operation
f177:dir:0
Invalid operation
d50:39 00 00 7B
Invalid operation
f268:77
f32:40
d264:17
n116:17
n88:17
n48:16
f125:15
f171:15
f268:03 4A 5C 0B BA 50 2E BC 45 2C 9C 67 4A 6B 77 3E DF 0B E2 00 00 00 00 00 00 46 60 55 09 24 F0 D1 00 00
f268:74
f32:40
d264:17
f268:74
f32:40
d264:17
f268:74
f32:40
d264:17
Invalid operation
Null
d1
d10/
d107
d109/
d132
d140/
d150/
d153
d156
d165
d173/
d175
d178/
d184/
d209/
d22/
d220
d232
d264
d288/
d291
d293
d39/
d40/
d71/
d83/
d9
f108/
f123/
f125
f139
f143/
f151/
f155
f171
f181/
f20
f200/
f204
f205
f217/
f22/
f249/
f268
f32
f4/
f51
f7
f8
f87
n109/
n116
n117/
n15/
n48
n6
n64/
n84
n88
d173:dir:0
f268:F9 00 18 91 5C 96 03 4A 5C 0B BA 50 2E BC 45 2C 9C 67 4A 6B 77 3E DF 0B E2 00 00 00 00 00 00 46 60 55 09 24 F0 D1 00 00 00 00 00 00 1A FF 62 33 11
d173:dir:0
Invalid operation
d1
d10/
d107
d109/
d132
d140/
d150/
d153
d156
d165
d173/
d175
d178/
d184/
d209/
d22/
d220
d232
d264
d288/
d291
d293
d39/
d40/
d71/
d83/
d84
d9
f108/
f123/
f125
f139
f143/
f151/
f155
f171
f181/
f20
f200/
f204
f205
f217/
f22/
f249/
f268
f32
f4/
f51
f7
f8
f87
n109/
n116
n117/
n15/
n48
n6
n64/
n84
n88
f268:79
f32:43
d264:17
Invalid operation
Invalid operation
f43:12
d261:4
d13:3
Invalid operation
Invalid operation
f268:00 00 00 00 00 1A FF 62 33 11 3E 00
n56:
f268:A5 50 C2 6A A7 F9 00 1F 51 7B 7D 8A 4A 5C 0B BA 50 2E BC 45 2C 9C 67 4A 6B 77 3E DF 0B E2 00 00 00 00 00 00 46 60 55 09 24 F0 D1 00 00 00 00 00 00 1A FF 62 33 11 3E
n56
Invalid operation
f268:18 BE 7A EC
d13
d261
d43/
d69/
f147/
f157
f172/
f252/
n108
n12
d13
d261
d43/
d69/
f147/
f157
f172/
f252/
n108
n12
/d39/n12
d79/
Null
Invalid operation
Invalid operation
Invalid operation
Null
Invalid operation
d296:9
d296:bin:9
Invalid operation
Invalid operation
d129
d45
d52/
f295/
n103
Invalid operation
d129
d45
d52/
f295/
Invalid operation
Invalid operation
Invalid operation
d45:txt:50
f268:4A
Invalid operation
d45:50
d58:7
Invalid operation
f241
d208:6E
d208
d45
d58
f295/
n110/
Invalid operation
Invalid operation
d208
d254/
d45
f276
f295/
n110/
n50/
Invalid operation
d208:6E 63 61 36 D4 2E
d208
d254/
d45
f276
f295/
n110/
d208
d254/
d45
f276
f295/
n110/
d208:ED
f241:12
f241:9tgktkhf_4ou
d208:9B ED
Invalid operation
Invalid operation
d84/
f188/
f241
d97:15
Invalid operation
Invalid operation
Invalid operation
d84/
/d39/f147/n104/n110/d244
d244:txt:8
d208
d254/
f110
f295/
f97/
f99/
n110/
Invalid operation
Invalid operation
Invalid operation
d169/
d238/
d48/
n104/
Invalid operation
Null
n108:16
d261:4
d13:3
n12:3
f157:1
d13
d261
d43/
d69/
f147/
f157
f172/
f252/
n108
n12
/d39/n12
d69:dir:0
d11
d13
d261
d43/
d69/
f147/
f157
f172/
f252/
n108
n12
n22/
d11
d13
d261
d43/
d69/
f147/
f157
f172/
f252/
n108
n12
n22/
d11
d13
d261
d43/
d5
d69/
f147/
f157
f172/
f252/
n108
n12
n22/
d11:16
Invalid operation
/d39/d261
Invalid operation
d11
d13
d261
d43/
d5
d69/
f147/
f157
f172/
f252/
n108
n12
n22/
Invalid operation
d11
d13
d261
d43/
d5
d69/
f115/
f147/
f157
f172/
f252/
n108
n12
n22/
d39/
├── d11
├── d13
├── d261
├── d43/
│   ├── f104
│   └── f23/
├── d5
├── d69/
│   └── d181
├── f115/
├── f147/
│   ├── d169/
│   ├── d238/
│   ├── d48/
│   │   └── d200
│   └── n104/
│       ├── d208
│       ├── d254/
│       ├── f110
│       ├── f295/
│       ├── f85/
│       ├── f97/
│       ├── f99/
│       └── n110/
│           └── d244
├── f157
├── f172/
├── f252/
├── n108
├── n12
└── n22/
f268:94 06 18 BE 7A EC 51 89 14 9E C2 52 F3 26 64 C6 F9 00 1F 51 7B 7D 8A 4A 5C 0B BA 50 DC 1C 70 30 6D 67 4A 6B 77 3E DF 0B E2 00 00 00 00 00 00 46 60 14 09 24 F0 D1 00 00 00 00 00 00 1A FF 62 33 D8 F5 BB B9 00 00 00 00 00 00
d235:
d235:txt:0
Invalid operation
Invalid operation
Invalid operation
Invalid operation
Invalid operation
n108:v0 kgme..w2l5p0ocl_41j.yr3 va7x. n4y80h._g2
d242:rtrg320u23pp8i2
Invalid operation
Null
n47:33 58 31 00 00 0F
n108:v0 kgme..w2l5p0ocl_41j.yr3 va7x. n4y80h._g290ri85z_ocjk
Invalid operation
Invalid operation
Invalid operation
Invalid operation
n47:58 31
Invalid operation
Invalid operation
Invalid operation
n47:80
Invalid operation
Null
d69:dir:0
Invalid operation
Invalid operation
Invalid operation
Invalid operation
Invalid operation
n47:CA 80 DE 33 82
Invalid operation
n108:v0 kgme..w2l5p0ocl_41j.yr3 va7x. n4y80h._g290ri85z_ocjkn.d1u845o95bf.k.xkx5ax
n47:A6 CC
Invalid operation
d163/
d169/
d48/
f288
f53/
n104/
Null
Invalid operation
d163/
d169/
d216
d48/
f288
n104/
f288:vaqyfvud _.
Invalid operation
Invalid operation
f290
n47:22 64 DE 09 23 14 BC 25 D0 D4
f290:md:0
n47:09 23 14 BC 25 D0
Invalid operation
f25/
f290
f25/
f290
Invalid operation
f290:bvu6rakoo5tz
d163/
├── d135/
├── f249
├── f25/
└── f290
d135/
d70
d99/
f249
f25/
f290
f25:dir:0
n47:A9 67 65
Invalid operation
n104:dir:0
f288:vaqyfvud _.
/d39/f147/f288
/f288
d163/
d169/
d216
d255
d48/
f155
f230
f288
f45
n104/
f288:vaqyfvud _.
d163/
d208
f110
f295/
f97/
n110/
Invalid operation
d208:bin:12
Null
Invalid operation
Invalid operation
Invalid operation
Invalid operation
d163/
f295/
n110/
n48
/d39/f147/n104/n48
/n48
n48:_dx
Invalid operation
n48:_dx
Invalid operation
Invalid operation
/d39/f147/n104/n48
/n48
Invalid operation
d116
d275/
n110/
n48
d255:33
n110:dir:0
Invalid operation
n48:_dxx
Invalid operation
d255:68 00 00 3F 39
f265:dir:0
f15
f265/
n85
Invalid operation
Invalid operation
f265:dir:0
d172/
d207/
d299/
f15
f265/
n85
d163/
d169/
d216
d255
d48/
f230
f288
f45
n104/
Invalid operation
Invalid operation
n110:dir:0
d156
d189
f25
f267
n110/
n48
Invalid operation
d189:00
Invalid operation
Invalid operation
Invalid operation
Invalid operation
d198:14
d212:8
Invalid operation
d172/
d198
d207/
d212
d261/
d172/
d212
d261/
Invalid operation
Invalid operation
d212:00 5C
/d39/f147/n104/n110/n10
Invalid operation
/d39/f147/n104/n110/n10
d235
d235
d189:00
d172:dir:0
d189:88
d261:dir:0
d261:dir:0
d189:00 72
/n6
d189:07 88
d189
d271/
n110/
Invalid operation
Invalid operation
d261/
n10:2ak7szwy--xxol2i5v7p_r 87895
d209/
d261/
d46
f140/
f254
f290/
n10
n117
/d39/f147/n104/n110/n10
Invalid operation
n10:2ak7szwy--xxol2i5v7p_r 87895
Invalid operation
d261:dir:0
Null
Invalid operation
Invalid operation
d189:4C C1 00 00
/d39/f147/n104/n110/n10
d102/
d261/
d46
f140/
f254
f264/
f290/
n10
n117
d261:dir:0
Invalid operation
d189:4C C1 00 00 42 EE 16 D0 BE E0 3F 00 00 00
Invalid operation
/d39/f147/n104/n110/n10
d189:D0 BE E0 3F
Invalid operation
d102/
d261/
d46
d56/
f140/
f254
f290/
n10
n117
d102/
d261/
d46
d56/
f140/
f254
f290/
n10
n117
n9/
Invalid operation
Invalid operation
n10:2ak7szwy--xxol2i5v7p_r 87895xxkmoyy8i0z26ghbrppooq0s-8 
d189:89 4C C1 00 00 42 EE 16 D0 BE E0 3F 00
d10
d102/
d261/
d46
d56/
f216
f254
f290/
n10
n77
n9/
Invalid operation
n10:txt:55
Invalid operation
n10:55
n77:15
d46:11
d143:4
n10:2ak7szwy--xxol2i5v7p_r 87895xxkmoyy8i0z26ghbrppooq0s-8 
d131/
d47/
d47/
n10:txt:56
n10:2ak7szwy--xxol2i5v7p_r 87895xxkmoyy8i0z26ghbrppooq0s-8 
f130
f130:j-msmbb26
Invalid operation
f44
f65/
n78
d189:89 4C C1 00 40
Invalid operation
Invalid operation
Invalid operation
/d39/f147/n104/n110/d102/f44
n10:2ak7szwy--xxol2i5v7p_r 87895xxkmoyy8i0z26ghbrppooq0s-8 
Invalid operation
Invalid operation
Invalid operation
Invalid operation
d189
d206
d271/
f169
n110/
Invalid operation
n110:dir:0
Invalid operation
Invalid operation
Invalid operation
d189
d206
d271/
d84
f169
n110/
Null
Invalid operation
Null
d206:14
d84:14
f169:2
/d39/f147/n104/f169
Invalid operation
Invalid operation
Invalid operation
d163/
d169/
d216
d255
d48/
f230
f288
f45
n104/
Invalid operation
Invalid operation
Invalid operation
Invalid operation
Invalid operation
f53:txt:5
f53
f53:txt:5
Invalid operation
Invalid operation
n104:dir:0
d102
d147
d148
d163/
d169/
d255
d46/
d48/
f234/
f45
n104/
d102
d147
d148
d163/
d169/
d255
d46/
d48/
f234/
f45
n104/
Invalid operation
Invalid operation
Invalid operation
d200:3
d102
d147
d148
d163/
d169/
d255
d46/
d48/
f234/
f45
n104/
d271/
f169:0D 24 B0 77
Invalid operation
d255:72 07 45 A8 0E 00 81 8B 09 46 CF 00 00
f169:24
d206:14
d206
d271/
d84
f169
f183/
f256/
Invalid operation
f50/
Invalid operation
Invalid operation
Invalid operation
f169:bin:6
f169:bin:6
f169:bin:12
Invalid operation
Invalid operation
d197:10
n100:8
n24:5
f64:CB A8
d236:dir:0
n24:3i.-v
Invalid operation
Invalid operation
Invalid operation
Invalid operation
f226/
f229
f229:g5uf78_.7fuewh
f226/
f229
n51/
n90/
f226/
f229
n51/
n90/
/d39/f147/d199
Invalid operation
f64:77 6D D7 02
Invalid operation
d197:bp-4htt.0f
d197:10
n100:8
f122:6
f64:6
f38:2
d129/
d197
d236/
d36/
f122
f38
f64
n100
n54/
f169:bin:12
f169:CE C1 AA 0D 24 00 59 0A 13 D7
Invalid operation
Invalid operation
Invalid operation
Invalid operation
Invalid operation
Invalid operation
Invalid operation
Invalid operation
Invalid operation
Invalid operation
f169:00
f169:CE C1 AA 0D 24 00
d186:txt:3
d186
Invalid operation
d206
d84
f169
f237/
f260/
f273
Invalid operation
Invalid operation
Invalid operation
n104/
├── d153
├── d206
├── f237/
├── f260/
│   ├── d129/
│   │   ├── f179/
│   │   ├── f226/
│   │   ├── f229
│   │   ├── n42
│   │   ├── n51/
│   │   └── n90/
│   ├── d197
│   ├── d236/
│   ├── d36/
│   ├── f122
│   ├── f38
│   ├── f64
│   ├── n100
│   └── n54/
├── f267/
└── f273
d102
d116
d147
d148
d156
d163/
d169/
d199
d255
d46/
d48/
f234/
f45
n104/
n37
Invalid operation
Invalid operation
Invalid operation
n104:dir:0
d102
d116
d147
d148
d156
d163/
d169/
d199
d22
d255
d46/
d48/
f234/
f45
n104/
n37
Invalid operation
d102
d116
d147
d148
d156
d163/
d169/
d199
d22
d255
d46/
d48/
f234/
f45
n104/
n37
Invalid operation
Invalid operation
f147/
├── d102
├── d116
├── d147
├── d148
├── d156
├── d163/
│   ├── d135/
│   ├── d74
│   ├── d99/
│   ├── f108/
│   ├── f126
│   ├── f25/
│   ├── f290
│   └── n9
├── d169/
├── d199
├── d22
├── d255
├── d46/
├── d48/
│   ├── d215/
│   ├── n42/
│   └── n94/
├── f234/
├── f45
├── n104/
│   ├── d153
│   ├── d206
│   ├── f237/
│   ├── f260/
│   │   ├── d129/
│   │   │   ├── f179/
│   │   │   ├── f226/
│   │   │   ├── f229
│   │   │   ├── n42
│   │   │   ├── n51/
│   │   │   └── n90/
│   │   ├── d197
│   │   ├── d236/
│   │   ├── d36/
│   │   ├── f122
│   │   ├── f38
│   │   ├── f64
│   │   ├── n100
│   │   └── n54/
│   ├── f267/
│   └── f273
└── n37
Invalid operation
d102
d116
d147
d148
d156
d163/
d169/
d199
d22
d255
d46/
d48/
f234/
f45
n104/
n37
n43
Invalid operation
Invalid operation
d255:36
d116:14
d22:13
f157:9
d156:6
f45:4
d169:dir:0
/d39/f147/d255
d255:0A C4 17 91 9C 30 75 7A 06 00 00 00 72 07 45 A8 0E 00 81 79
d255:79 09 46 CF 00 00
d116
d147
d148
d156
d163/
d199
d255
d46/
d48/
f234/
f45
n104/
n37
d116
d147
d148
d156
d163/
d199
d255
d46/
d48/
f234/
f45
n104/
n37
d116
d147
d148
d156
d163/
d255
d46/
d48/
f234/
f45
n104/
n37
d255:06 00 00 00 72 07 45 A8 0E 00 81 79 09 46 CF 00 00 00 00 00
Invalid operation
d48:dir:0
d48:dir:0
Invalid operation
Invalid operation
Invalid operation
d48:dir:0
Invalid operation
d48:dir:0
d211:txt:16
/d39/f147/d46/d211
n47:65 BB 30
f32:w7337xxoidvx-xvk mixxxbxv018xoak8m4kydil 4t
d53:y913rdzchvnsv3kls8mln9hq8fb8x29cli
Invalid operation
d173:dir:0
Invalid operation
d1
d10/
d107
d109/
d132
d140/
d150/
d153
d156
d165
d173/
d175
d178/
d184/
d209/
d22/
d220
d232
d264
d288/
d291
d293
d39/
d40/
d71/
d83/
d84
d9
f108/
f123/
f125
f139
f143/
f151/
f155
f171
f20
f200/
f204
f205
f217/
f22/
f249/
f268
f288
f32
f4/
f51
f7
f8
n109/
n116
n117/
n15/
n48
n6
n64/
n84
n88
Invalid operation
f268:7E 65 00
f268:86
f32:73
d264:17
d173:dir:0
f268:86
f32:73
d264:17
Invalid operation
f268:86
f32:82
d264:17
Invalid operation
Invalid operation
Invalid operation
Invalid operation
Invalid operation
f268:86
f32:86
d264:17
d173:dir:0
f268:86
f32:86
d264:17
d1
d10/
d107
d109/
d132
d140/
d146
d150/
d153
d156
d165
d173/
d175
d178/
d184/
d209/
d22/
d220
d232
d264
d288/
d293
d39/
d40/
d71/
d84
d9
f108/
f123/
f125
f139
f143/
f151/
f155
f171
f20
f200/
f204
f205
f217/
f22/
f239
f249/
f268
f288
f32
f4/
f51
f63
f7
f8
n109/
n116
n117/
n15/
n48
n6
n64/
n84
n88
f268:86
f32:86
d264:17
Null
f268:86
f32:86
d264:17
d1
d10/
d107
d109/
d132
d140/
d146
d150/
d153
d156
d165
d173/
d175
d178/
d184/
d209/
d22/
d220
d232
d264
d288/
d293
d39/
d40/
d71/
d84
d9
f108/
f123/
f125
f139
f143/
f151/
f155
f171
f20
f200/
f204
f205
f217/
f22/
f239
f249/
f268
f288
f32
f4/
f51
f63
f7
f8
n109/
n116
n117/
n15/
n48
n6
n64/
n84
n88
f32:86
f268:83
d264:17
d173:dir:0
Invalid operation
Invalid operation
Invalid operation
f28:21
d54:2
d51:0
f32:88
f268:83
d264:17
d173:dir:0
Invalid operation
Null
d173:dir:0
f268:00 46 60 85 9B FD F0 D1 00 00 00 00 00 00 1A FF 62 33
Invalid operation
f32:92
f268:83
d264:17
f32:92
f268:83
d264:17
d1
d10/
d107
d109/
d132
d140/
d150/
d153
d156
d165
d173/
d175
d178/
d184/
d204
d209/
d22/
d220
d232
d264
d288/
d293
d30/
d39/
d40/
d71/
d84
d9
f108/
f123/
f125
f139
f143/
f151/
f155
f171
f200/
f204
f205
f217/
f22/
f239
f249/
f268
f288
f32
f4/
f51
f63
f7
f8
n109/
n116
n117/
n15/
n48
n6
n64/
n84
n88
d1
d10/
d107
d109/
d132
d140/
d150/
d153
d156
d165
d173/
d175
d178/
d184/
d204
d209/
d22/
d220
d232
d264
d288/
d293
d30/
d39/
d40/
d71/
d84
d9
f108/
f123/
f125
f139
f143/
f151/
f155
f171
f200/
f204
f205
f217/
f22/
f239
f249/
f268
f288
f32
f4/
f51
f63
f7
f8
n109/
n116
n117/
n15/
n48
n6
n64/
n84
n88
d1
d10/
d107
d109/
d132
d140/
d150/
d153
d156
d165
d173/
d175
d178/
d184/
d204
d209/
d22/
d220
d232
d264
d288/
d293
d30/
d39/
d40/
d71/
d84
d9
f108/
f123/
f125
f139
f143/
f151/
f155
f171
f200/
f204
f205
f217/
f22/
f239
f249/
f268
f288
f32
f4/
f51
f63
f7
f8
n109/
n116
n117/
n15/
n48
n6
n64/
n84
n88
f32:92
f268:83
d264:17
f32:92
f268:83
d264:17
d1
d10/
d107
d109/
d132
d140/
d150/
d153
d156
d165
d173/
d175
d178/
d184/
d204
d209/
d22/
d220
d232
d264
d288/
d293
d30/
d39/
d40/
d71/
d84
d9
f108/
f123/
f125
f139
f143/
f151/
f155
f171
f200/
f204
f205
f217/
f22/
f239
f249/
f268
f288
f32
f4/
f51
f63
f7
f8
n109/
n116
n117/
n15/
n48
n6
n64/
n84
n88
Invalid operation
d1
d10/
d107
d109/
d132
d140/
d150/
d153
d156
d165
d173/
d175
d178/
d184/
d204
d209/
d22/
d220
d232
d264
d288/
d293
d30/
d39/
d40/
d71/
d84
d9
f108/
f123/
f125
f139
f143/
f151/
f155
f171
f200/
f204
f205
f217/
f22/
f239
f249/
f268
f32
f4/
f51
f63
f7
f8
n109/
n116
n117/
n15/
n48
n6
n64/
n84
n88
f253:40 BC 70 8C
f32:106
f268:80
d264:17
Invalid operation
f268:7C EC 51 89 14 9E C2 DD 9B AE B3 9E 8B
Invalid operation
f268:EC 51 89 14 9E C2 DD 9B AE B3 9E 8B 9B 3A 51 7B 7D 8A 4A 5C 60 6C 4B 4D 1C 70 30 6D 67 4A 6B 77 3E DF 0B E2 00 00 00 00 00 00 46 60 85 9B FD F0 D1 00 00 00 00 00 00 1A FF 62 33 21 EC 7E 65 00 00 00 00 00 00
/d150/d242/d19
Invalid operation
f232:rba7fbl9hu
Invalid operation
Invalid operation
Invalid operation
d242/
d26/
f172
f232
f275
f232:15
f172:4
Invalid operation
f32:115
f268:83
d264:17
Null
Invalid operation
d289:06 8F
f152/
f279
Invalid operation
Invalid operation
d121/
d284
f114/
f121/
d121/
d284
f114/
f273
f76
f172/
├── d121/
│   ├── d187/
│   ├── d192
│   ├── d206/
│   ├── d80
│   ├── f173/
│   ├── f231
│   ├── f50
│   └── f82
├── d284
├── f114/
│   ├── d177
│   ├── d186/
│   ├── d262
│   ├── f152/
│   ├── f203
│   ├── f279
│   └── n27
├── f273
└── f76
d121/
d284
f114/
f273
f76
f273:1a-u_vuc5ek57
Invalid operation
Invalid operation
Invalid operation
d121/
d23
d284
f114/
f273
f76
Invalid operation
d121:dir:0
Invalid operation
d187/
d192
f173/
f231
f82
n37
f231:4E
d187/
d192
f173/
f231
f82
n37
Invalid operation
d132/
d140
d187/
d192
d198/
f0/
f118
f231
f28/
f82
n37
Invalid operation
d132/
d140
d187/
d192
d198/
f0/
f118
f199
f231
n37
/d71/f172/d121/f231
Invalid operation
Invalid operation
/d71/f172/d121/d198/d282
Invalid operation
d132/
d140
d187/
d192
d198/
f0/
f118
f199
f231
n37
f231:00
Invalid operation
d140
d192
d198/
f0/
f118
f199
f231
f38
n37
/d71/f172/d121/f231
Invalid operation
Invalid operation
d121/
├── d140
├── d157
├── d192
├── d198/
├── f0/
├── f118
├── f123
├── f185
├── f3
├── f38
└── n72/
d192:txt:3
d192: k3
Invalid operation
Invalid operation
d140
d157
d192
d198/
f0/
f118
f123
f185
f3
f38
n72/
d192: k3
d192: k3
d140
d157
d177
d193/
d198/
f0/
f118
f3
f38
n72/
d140
d157
d177
d193/
d198/
d43
d66/
d77/
f0/
f118
f3
f38
n72/
f118:k.4.yjt75tuptyz.
Invalid operation
d50:10 D7 92 00 00
d119/
d121/
f114/
f183/
f235
f273
f76
f172/
├── d119/
├── d121/
│   ├── d140
│   ├── d157
│   ├── d177
│   ├── d193/
│   ├── d198/
│   ├── d43
│   ├── d52/
│   ├── d66/
│   ├── f0/
│   ├── f118
│   ├── f3
│   ├── f38
│   └── n72/
├── d207/
├── f114/
│   ├── d177
│   ├── d186/
│   ├── d262
│   ├── f152/
│   ├── f203
│   ├── f279
│   └── n27
├── f149
├── f183/
├── f235
├── f273
├── f29
├── f299
├── f76
├── n34
└── n41/
/d71/f172/f273
f273:1a-u_vuc5ek57juh3fofq6dji24kcgfj2mfx2 lx
d50:72 00 F5 81 E0 7D 5B 13 73 10 D7 92 00 00 00 CF
Invalid operation
d71/
├── d195/
│   ├── d84/
│   └── f88/
│       ├── d127
│       ├── d220/
│       │   ├── f14/
│       │   └── n94
│       ├── d222
│       ├── d238
│       ├── d275
│       ├── d282
│       ├── f11
│       ├── f183
│       ├── n110/
│       │   ├── d13
│       │   ├── d161
│       │   └── f277
│       └── n75
├── d200
├── d219
├── d50
├── d51/
│   └── f240
├── d57
├── d68/
├── f152/
├── f172/
│   ├── d119/
│   ├── d121/
│   │   ├── d140
│   │   ├── d157
│   │   ├── d177
│   │   ├── d193/
│   │   ├── d198/
│   │   ├── d43
│   │   ├── d52/
│   │   ├── d66/
│   │   ├── f0/
│   │   ├── f118
│   │   ├── f3
│   │   ├── f38
│   │   └── n72/
│   ├── d207/
│   ├── f114/
│   │   ├── d177
│   │   ├── d186/
│   │   ├── d262
│   │   ├── f152/
│   │   ├── f203
│   │   ├── f279
│   │   └── n27
│   ├── f149
│   ├── f183/
│   ├── f212
│   ├── f23
│   ├── f235
│   ├── f273
│   ├── f29
│   ├── f299
│   └── f76
├── f261
├── f282
└── n72/
f47
Invalid operation
Invalid operation
Invalid operation
Invalid operation
Invalid operation
/d71/f261
f32:122
f268:81
d264:17
f268:FD F0 D1 00 00 00 00 00 00 1A FF 62 33 21 EC 7E 65 00 00
f32:122
f268:81
d264:17
f32:122
f268:81
d264:17
d1
d10/
d107
d109/
d132
d140/
d150/
d153
d156
d165
d173/
d175
d178/
d184/
d204
d209/
d22/
d220
d232
d264
d288/
d293
d30/
d39/
d40/
d71/
d84
d9
f108/
f123/
f125
f139
f143/
f151/
f155
f171
f200/
f204
f205
f217/
f22/
f239
f249/
f268
f288
f32
f4/
f51
f63
f7
f8
n109/
n116
n117/
n15/
n48
n6
n64/
n84
n88
d1
d10/
d107
d109/
d132
d140/
d150/
d153
d156
d165
d173/
d175
d178/
d184/
d204
d209/
d22/
d220
d232
d264
d288/
d293
d30/
d39/
d40/
d71/
d84
d9
f108/
f123/
f125
f139
f143/
f151/
f171
f200/
f204
f205
f217/
f22/
f239
f249/
f268
f288
f32
f4/
f51
f63
f7
f8
n109/
n116
n117/
n15/
n48
n6
n64/
n84
n88
Invalid operation
Invalid operation
/f32
f268:00 00 00 00 46 60 85 9B FD F0
d173:dir:0
d173:dir:0
/f32
Null
d173:dir:0
f268:4A 5C 60 6C 95 6D 8D 73 CA 6D 67 4A
f261:8dk89r2pf8th3cxzyd16778untzxipa924i doy1kdvh5qtdxx
d200:8C D3 1F 17 B2 00 00 00 A2 87 EA 34 87 84
Invalid operation
Invalid operation
Invalid operation
Null
d200:E4 8C D3 1F 17 B2 00 00 00 A2 87 EA 34
d200:75 00 00 A1 DD E4 8C D3 1F 17 B2 00 00 00 A2 87 EA
d200:E4 8C D3 1F 17 B2 00 00 00 A2 87 EA 34
d200:D3 1F 17 B2 00 00 00 A2 87 EA 34
d1
d10/
d107
d109/
d132
d140/
d150/
d153
d156
d165
d173/
d175
d178/
d184/
d204
d209/
d22/
d220
d232
d264
d288/
d293
d30/
d39/
d71/
d84
d9
f108/
f123/
f125
f139
f143/
f151/
f171
f200/
f204
f205
f217/
f22/
f239
f249/
f268
f288
f32
f4/
f51
f63
f7
f8
n116
n117/
n15/
n31
n48
n6
n64/
n84
n88
Invalid operation
Invalid operation
d1
d10/
d107
d109/
d132
d140/
d150/
d153
d156
d165
d173/
d175
d178/
d184/
d20/
d204
d209/
d212/
d22/
d220
d264
d288/
d293
d30/
d39/
d71/
d84
d9
f108/
f123/
f125
f139
f143/
f151/
f171
f200/
f205
f22/
f239
f249/
f268
f288
f32
f4/
f51
f63
f7
f8
n116
n117/
n15/
n31
n48
n6
n64/
n84
n88
n9
Invalid operation
Invalid operation
d173:dir:0
Invalid operation
Null
f87:dir:0
Invalid operation
Invalid operation
d173:00
d114
d173
d179/
d193
d231
d277
d279
d53
d82
d97
f140
f142/
f219/
f262/
f266/
f4
f45/
f53/
f72/
f87/
d114
d173
d179/
d193
d231
d277
d279
d53
d82
d97
f140
f142/
f219/
f262/
f266/
f4
f45/
f53/
f72/
f87/
d173:00 00
d193:gas_
Invalid operation
d193:gas_
d119
d119:txt:0
f262/
├── d119
├── d43/
└── f236/
Invalid operation
d119:
d173:65 04 AA 3F 6F 0F
Invalid operation
d1
d10/
d107
d109/
d132
d140/
d150/
d153
d156
d165
d173/
d175
d178/
d184/
d20/
d204
d209/
d22/
d220
d237
d264
d279
d288/
d293
d30/
d39/
d71/
d84
d9
d91
f108/
f125
f139
f143/
f151/
f171
f200/
f205
f22/
f239
f249/
f268
f288
f32
f4/
f51
f63
f7
f8
n116
n117/
n15/
n31
n48
n6
n64/
n84
n88
n9
f32:135
f268:74
d264:17
f32:w7337xxoidvx-xvk mixxxbxv018xoak8m4kydil 4txy4wq6p5nlv44f3mf8y28z1fa9ma1m318gn75ynnap0xxrcv5fg929wztdxuf4yx9lwx_1hi8hkwwd58xf21d byxxg2
f32:135
f268:74
d264:17
Invalid operation
f268:3B 52 76 06 B0 91 38 7C EC 51 89 14 9E C2 DD 9B AE B3 9E 8B 9B 3A 51 3C D7 9E 3F E1 60 6C 95 6D 8D 73 CA 6D 67 4A 6B 77 3E DF 0B E2 00 00 00 00 00
d1
d10/
d107
d109/
d132
d140/
d150/
d156
d165
d173/
d175
d178/
d184/
d20/
d204
d209/
d22/
d220
d237
d264
d279
d293
d30/
d39/
d51
d71/
d84
d9
d91
f108/
f125
f139
f143/
f151/
f171
f200/
f205
f22/
f239
f249/
f268
f288
f32
f4/
f51
f63
f7
f8
n116
n117/
n15/
n22/
n31
n48
n6
n64/
n84
n88
n9
Invalid operation
f32:135
f268:76
d264:17
n116:17
n88:17
n48:16
d91:15
f32:w7337xxoidvx-xvk mixxxbxv018xoak8m4kydil 4txy4wq6p5nlv44f3mf8y28z1fa9ma1m318gn75ynnap0xxrcv5fg929wztdxuf4yx9lwx_1hi8hkwwd58xf21d byxxg2
d1
d10/
d107
d109/
d132
d140/
d150/
d156
d165
d173/
d175
d178/
d184/
d20/
d204
d209/
d22/
d220
d237
d264
d279
d293
d30/
d39/
d71/
d84
d9
d91
f108/
f125
f139
f143/
f151/
f171
f200/
f205
f22/
f239
f249/
f268
f288
f32
f4/
f51
f63
f7
f8
n116
n117/
n15/
n22/
n48
n6
n64/
n84
n88
n9
Invalid operation
Null
d1
d10/
d107
d109/
d132
d140/
d150/
d156
d165
d173/
d175
d178/
d184/
d20/
d204
d209/
d22/
d220
d237
d264
d279
d286/
d30/
d39/
d71/
d84
d9
d91
f108/
f125
f139
f143/
f151/
f171
f200/
f205
f22/
f239
f249/
f268
f288
f289/
f32
f4/
f51
f63
f7
f8
n116
n117/
n15/
n22/
n48
n6
n64/
n84
n88
n9
/f32
Invalid operation
d173:dir:0
d1
d10/
d107
d109/
d132
d140/
d150/
d156
d165
d173/
d175
d178/
d184/
d20/
d204
d209/
d22/
d220
d237
d264
d279
d286/
d30/
d39/
d71/
d84
d9
d91
d94
f108/
f111
f125
f139
f143/
f151/
f171
f200/
f205
f22/
f239
f249/
f268
f288
f289/
f4/
f51
f63
f7
f8
n116
n117/
n15/
n22/
n48
n6
n64/
n84
n9
Invalid operation
f268:67 4A 6B 77
/f268
Invalid operation
Invalid operation
Invalid operation
d1
d10/
d107
d109/
d132
d140/
d150/
d156
d165
d173/
d175
d178/
d184/
d20/
d206/
d209/
d22/
d220
d237
d264
d279
d286/
d30/
d39/
d54/
d71/
d84
d9
f108/
f111
f125
f139
f143/
f151/
f171
f200/
f205
f22/
f239
f249/
f268
f288
f289/
f4/
f51
f63
f7
f8
n116
n117/
n15/
n22/
n48
n6
n64/
n84
n9
f268:39 0A 3F 00 00 46 60 85 A1 54 66 C1 83 D1 D0 E1 BD 4D 1A FF 62
f268:77
d264:17
n116:17
d173:dir:0
f268:77
d264:17
n116:17
Invalid operation
f268:77
d264:17
n116:17
f268:C1 83 D1 D0 E1 BD 4D 1A
Invalid operation
d1
d10/
d107
d109/
d132
d140/
d150/
d156
d165
d173/
d175
d178/
d184/
d20/
d206/
d209/
d22/
d220
d237
d279
d286/
d30/
d39/
d54/
d71/
d84
d9
f108/
f111
f125
f139
f143/
f151/
f171
f200/
f205
f22/
f239
f249/
f268
f288
f289/
f35/
f4/
f51
f63
f7
f8
n116
n117/
n15/
n22/
n48
n6
n64/
n84
n9
f268:00 20 3B 52
Invalid operation
Invalid operation
Invalid operation
Invalid operation
Null
Invalid operation
f268:77
n116:17
Invalid operation
d1
d10/
d107
d109/
d132
d140/
d150/
d156
d157
d173/
d175
d178/
d184/
d199
d20/
d206/
d209/
d22/
d220
d237
d279
d286/
d30/
d39/
d54/
d71/
d84
d9
f108/
f111
f125
f139
f143/
f151/
f171
f200/
f205
f22/
f239
f249/
f268
f288
f35/
f4/
f51
f63
f7
f8
n116
n117/
n15/
n22/
n48
n6
n64/
n84
n9
Invalid operation
d1
d10/
d107
d109/
d132
d140/
d150/
d156
d157
d173/
d175
d178/
d184/
d199
d20/
d206/
d209/
d22/
d220
d237
d279
d286/
d30/
d39/
d54/
d71/
d84
d9
f108/
f111
f125
f139
f143/
f151/
f171
f180
f200/
f205
f22/
f239
f249/
f268
f288
f35/
f4/
f51
f63
f7
f8
n116
n117/
n15/
n22/
n48
n6
n64/
n84
n9
Invalid operation
n42/
Invalid operation
f220
f27:50
f220
f9
f220
f9
n48/
d22
f220
f9
n48/
f9:13
d22:6
f220:5
f220:.b05l
d192
d22
f220
f9
n48/
d192
d22
f220
f9
n48/
Invalid operation
n48:dir:0
Invalid operation
/f143/n42/n99/n48/f3
Invalid operation
/f143/n42/n99/n48/f219
/f143/f219
Invalid operation
f219
f219:8
f219:D9 07
Invalid operation
Invalid operation
Invalid operation
f219:7E EC 00 00
Invalid operation
Invalid operation
Invalid operation
d230
f211
f219
n30/
Invalid operation
Invalid operation
Invalid operation
d151/
d285/
f131/
f211
f219
n30/
Invalid operation
d151/
d285/
f131/
f211
f219
n30/
d192
d22
f9
n48/
d133
d192
d22
f9
n48/
d133:15
n48:dir:0
n48:dir:0
Invalid operation
d133
d49
n48/
f219:26 B6 0E 1D 66 5D 8D BF 93 30 7E EC 00 00
Invalid operation
Invalid operation
d133
d49
f199
f243/
n48/
d133
d49
f199
f243/
n48/
d133
d274
d49
f199
f243/
n48/
d133:ki9x9i 63mp5o-2cr-zpdf0qc92_sl463qf_u.45g24b3
d133:45
d49:14
d274:0
f199:0
Invalid operation
d231/
n99/
Invalid operation
d231/
d274/
n99/
/d157
f35:E7
d157
d231/
f281
f35
n99/
Invalid operation
f35:E7
d157
d231/
f281
f35
f75/
n99/
Invalid operation
Invalid operation
/f143/n42/f35
Invalid operation
Invalid operation
Invalid operation
f35:00 FC F3 65 54
d60
f222/
f27/
Invalid operation
Invalid operation
d182/
n71
d182:dir:0
Invalid operation
d182/
d5/
f264
f266
f83
d5/
f264
f266
f83
f35:72
f246/
f264
f266
f83
Invalid operation
Invalid operation
/f143/n42/f75/f222/f266
Null
f264
f266
n75
f266:ikr54p
f264:
f264:0
f87:0
f264
f87
d183
f87
/f143/n42/f75/f222/f87
Invalid operation
d295:53 13
f87:2t 8sy6hd50-uptpizny dfx
f87:txt:24
Invalid operation
Invalid operation
d183
d295
d98/
f113
f18
f223
f229/
f32
f53
f87
Invalid operation
Invalid operation
Invalid operation
f13
Invalid operation
Invalid operation
d135
d183
d295
d98/
f113
f18
f229/
f53
f87
d135
d183
d295
d98/
f113
f18
f229/
f53
f87
Invalid operation
d295:00
d139:txt:7
d223:14
d24:7
Invalid operation
Invalid operation
Invalid operation
d295:08 00 00 00
Invalid operation
Invalid operation
d242/
f151
f220
f279/
f28
n31
f126
f279:dir:0
Invalid operation
Invalid operation
d242/
d52
f151
f198/
f220
f279/
f28
n103
n44
d216
d242/
d52
f151
f198/
f220
f279/
f28
n103
n44
f87:txt:54
Invalid operation
f35:7F 52 00 00
Invalid operation
n48:dir:0
Invalid operation
Invalid operation
f35:3B D8 D5 E7 00 FC F3 65
d127
d157
d222/
d231/
d24
d266
f281
f35
f58/
f75/
n39
n99/
d108/
d127
d157
d222/
d231/
d24
d266
f188/
f281
f35
f58/
f75/
n39
n99/
Invalid operation
Invalid operation
f35:F3 65 7F
Invalid operation
Invalid operation
Invalid operation
Invalid operation
Invalid operation
Invalid operation
Invalid operation
n42:dir:0
Invalid operation
f132:v3
/f143/f132
f132
f219
f27
n42/
n5/
Invalid operation
Invalid operation
Invalid operation
f27:21
d274
d74
d167
d274
d52
d74
f117/
f79
f85
Invalid operation
d167
d274
d52
d74
f117/
f79
f85
Invalid operation
Null
d167
d52
d74
f1
f117/
f79
f85
Invalid operation
Invalid operation
Invalid operation
n42:dir:0
Invalid operation
Invalid operation
Invalid operation
Invalid operation
d269/
f268:6D 67 4A 6B 77 3E DF 62 85 EA 39 0A 3F 00 00 46 60 85 A1 54 D1 D0 20 6C D0 E1 BD 4D 1A DC B8 DA 08 91 B5 A6 C8 00 00 00
Invalid operation
Null
Invalid operation
Invalid operation
Invalid operation
f268:6C D0 E1 BD 4D 1A DC B8 DA 08 91 B5 A6 C8 00
Invalid operation
Invalid operation
Invalid operation
Invalid operation
Invalid operation
f268:C8 00
n108: 6z3r-75g1d i3y.5x638ofqdl97xx
Invalid operation
Invalid operation
d100
d131/
d42/
n108
n26/
d100
d42/
n108
n26/
d100
d131/
d42/
n108
n26/
f268:EC 51 89 14 9E C2 DD 9B AE B3 9E 8B 9B 3A 51 3C D7 9E 3F E1 60 6C 95 6D 8D 73 CA 6D 67 4A 6B 77 3E DF 62 85 EA 39 0A 3F 00 00 46 60 85 A1 54 D1 D0 20 6C D0 E1 BD 4D 1A DC B8 DA 08 91 B5 A6
/f249/n108
f268:00
Invalid operation
Invalid operation
n108: 6z3r-75g1d i3y.5x638ofqdl97xxc_lyyojtn2uh 2d ptg3
Invalid operation
Invalid operation
Invalid operation
d173:dir:0
d173:dir:0
Invalid operation
Invalid operation
d1
d10/
d107
d109/
d132
d140/
d150/
d156
d157
d173/
d175
d184/
d199
d206/
d209/
d22/
d220
d231
d237
d286/
d30/
d39/
d54/
d71/
d9
f108/
f111
f125
f139
f143/
f151/
f180
f200/
f22/
f223
f239
f249/
f268
f35/
f4/
f51
f63
f69
f7
f70
f8
n116
n117/
n15/
n22/
n48
n6
n64/
n84
n9
Invalid operation
d1
d10/
d107
d109/
d132
d140/
d150/
d156
d157
d173/
d175
d184/
d199
d206/
d209/
d22/
d220
d231
d237
d286/
d30/
d39/
d54/
d71/
d9
f108/
f111
f125
f139
f143/
f151/
f180
f200/
f22/
f223
f239
f249/
f268
f35/
f4/
f51
f63
f69
f7
f70
f8
n116
n117/
n15/
n22/
n48
n6
n64/
n84
d1
d10/
d107
d109/
d132
d140/
d150/
d156
d157
d173/
d175
d184/
d199
d206/
d209/
d22/
d220
d231
d237
d286/
d30/
d39/
d54/
d71/
d9
f106/
f108/
f111
f125
f139
f143/
f151/
f180
f200/
f22/
f223
f239
f249/
f268
f35/
f4/
f51
f63
f69
f7
f70
f8
n116
n117/
n15/
n22/
n48
n6
n64/
n84
Invalid operation
f268:6C 95 6D 8D 73 CA 6D 67 4A 6B 77 3E DF 62 85 EA 39 0A 3F 00 00 46 60 85 A1 54 D1 D0 20 6C D0 E1 BD 4D 1A DC B8 DA 08 91 B5 A6 C8 00
/f268
Invalid operation
Invalid operation
Invalid operation
Invalid operation
Invalid operation
Invalid operation
Null
f268:79
n116:17
n33:15
d157:11
d231:11
f268:20 6C D0 E1
Invalid operation
Invalid operation
/f268
d1
d10/
d107
d109/
d132
d140/
d150/
d156
d157
d173/
d175
d199
d207
d209/
d22/
d220
d231
d237
d286/
d30/
d39/
d54/
d71/
d76/
d80
d9
f106/
f111
f134
f139
f143/
f151/
f168
f22/
f223
f239
f249/
f268
f298/
f35/
f4/
f51
f63
f69
f7
f70
f8
n116
n117/
n15/
n22/
n6
n64/
n71
n84
Invalid operation
Invalid operation
Invalid operation
d1
d10/
d107
d109/
d132
d140/
d150/
d156
d157
d173/
d175
d199
d207
d209/
d22/
d220
d231
d237
d286/
d30/
d39/
d54/
d71/
d76/
d80
d9
f106/
f111
f134
f139
f143/
f151/
f168
f22/
f223
f239
f249/
f268
f298/
f35/
f4/
f51
f63
f69
f7
f70
f8
n116
n117/
n15/
n22/
n6
n64/
n71
n84
Invalid operation
d1
d10/
d107
d109/
d132
d140/
d150/
d156
d157
d173/
d175
d199
d207
d209/
d22/
d220
d231
d237
d286/
d30/
d39/
d54/
d71/
d76/
d9
f106/
f111
f134
f139
f143/
f151/
f168
f22/
f223
f239
f249/
f268
f298/
f35/
f4/
f51
f63
f69
f7
f70
n116
n117/
n15/
n22/
n6
n64/
n71
n84
/f268
d1
d10/
d107
d109/
d132
d140/
d150/
d156
d157
d173/
d175
d199
d207
d209/
d22/
d220
d231
d237
d286/
d30/
d39/
d54/
d71/
d76/
d9
f106/
f111
f134
f139
f143/
f151/
f168
f22/
f223
f239
f249/
f268
f298/
f35/
f4/
f51
f63
f69
f7
f70
n116
n117/
n15/
n22/
n6
n64/
n71
n84
Null
d173:dir:0
Invalid operation
Invalid operation
Invalid operation
f268:DA
f268:9E
d1
d107
d109/
d132
d140/
d150/
d156
d157
d173/
d175
d199
d207
d209/
d22/
d220
d231
d237
d286/
d30/
d39/
d54/
d71/
d76/
d9
f106/
f111
f134
f139
f143/
f151/
f168
f22/
f223
f249/
f268
f298/
f35/
f4/
f51
f69
f7
n116
n117/
n15/
n22/
n6
n64/
n71
n84
f268:F3 49 81 AB 31 F2 46 37 D0 A7 02 AA 7C EC 51 89 14 9E C2
d1
d107
d109/
d132
d140/
d150/
d156
d157
d173/
d175
d199
d207
d209/
d22/
d220
d231
d237
d286/
d30/
d39/
d54/
d71/
d76/
d9
f106/
f111
f134
f139
f143/
f151/
f168
f22/
f223
f249/
f268
f298/
f35/
f4/
f51
f69
f7
n116
n117/
n15/
n22/
n6
n64/
n71
n84
Invalid operation
Null
d1
d107
d109/
d132
d140/
d150/
d156
d157
d173/
d175
d199
d207
d209/
d215
d22/
d220
d231
d237
d286/
d30/
d39/
d54/
d71/
d76/
d9
f106/
f111
f134
f137/
f139
f143/
f151/
f168
f22/
f223
f249/
f268
f298/
f35/
f4/
f51
f69
f7
n116
n117/
n15/
n22/
n44/
n6
n64/
n71
n84
Invalid operation
Invalid operation
Invalid operation
Invalid operation
/f268
Invalid operation
Invalid operation
Invalid operation
Invalid operation
d1
d107
d109/
d132
d140/
d150/
d156
d157
d173/
d175
d199
d207
d209/
d215
d22/
d220
d231
d237
d286/
d30/
d39/
d54/
d71/
d76/
d9
f106/
f111
f134
f137/
f139
f143/
f151/
f168
f22/
f223
f249/
f268
f298/
f35/
f4/
f51
f69
f7
n116
n117/
n15/
n22/
n44/
n6
n64/
n71
n84
Invalid operation
Invalid operation
d1
d107
d109/
d132
d140/
d150/
d156
d157
d173/
d175
d199
d207
d209/
d215
d22/
d220
d231
d237
d276/
d286/
d30/
d39/
d54/
d71/
d76/
d9
f106/
f111
f134
f137/
f139
f143/
f151/
f168
f184/
f22/
f223
f249/
f268
f298/
f35/
f4/
f51
f69
f7
f72
n116
n117/
n15/
n22/
n44/
n6
n64/
n71
n84
n98
d1
d107
d109/
d132
d140/
d150/
d156
d157
d173/
d175
d199
d207
d209/
d215
d22/
d220
d231
d237
d276/
d286/
d30/
d39/
d54/
d71/
d76/
d9
f106/
f111
f134
f137/
f139
f143/
f151/
f168
f184/
f22/
f223
f249/
f268
f298/
f35/
f4/
f51
f69
f7
f72
n116
n117/
n15/
n22/
n44/
n6
n64/
n71
n84
n98
f268:D0 20 6C D0 E1 BD 4D 1A DC D0 DE 94 73 F2 0E 5A 47 00 00
d173:dir:0
/n117/d53
n68:dir:0
Invalid operation
d113
d16
d175/
d22
d252
d53
f269/
f49
f78/
n36
n68/
n68:dir:0
Invalid operation
Invalid operation
d148
d236
Invalid operation
Invalid operation
f23/
├── d148
└── d236
/n117/d175/f23/f35
Invalid operation
Invalid operation
d69:86 30
Invalid operation
f23:dir:0
Invalid operation
d233/
d69
f23/
n109/
n114
n114:11
d69:8
f176:7
Null
/n117/d175/d69
Invalid operation
Invalid operation
d53:y913rdzchvnsv3kls8mln9hq8fb8x29cli
Invalid operation
d53:34
d200:16
n36:13
d252:11
d16:8
d22:6
d113:0
f288:A5
f288:bin:1
d53:txt:48
Invalid operation
d22:89
d10/
d16
d175/
d200
d22
d252
d53
f174/
f196
f269/
f49
f95
n20/
n36
n96/
Invalid operation
d10/
d101/
d16
d175/
d200
d22
d252
d53
f159/
f174/
f196
f269/
f49
f95
n20/
n29
n35/
n96/
Invalid operation
Invalid operation
Invalid operation
Invalid operation
d22:D9
Invalid operation
Invalid operation
f198/
Invalid operation
d200:dir:0
f39:txt:2
Invalid operation
f174/
├── d187
├── d200/
└── d32/
d187
d232/
d32/
f51
f84/
d187
d232/
d32/
f51
f84/
n102/
d32/
f51
f84/
n102/
f174/
├── d205
├── d32/
├── f149/
├── f51
├── f84/
└── n102/
f51:25
d205:17
Invalid operation
Invalid operation
/n117/d53
Invalid operation
n117/
├── d129/
├── d158
├── d175/
│   ├── d10/
│   ├── d112
│   ├── d233/
│   ├── d69
│   ├── f176
│   ├── f23/
│   │   └── f35
│   ├── n109/
│   ├── n114
│   ├── n66/
│   └── n80/
├── d181
├── d200
├── d252
├── d53
├── f105/
├── f174/
│   ├── d205
│   ├── d274
│   ├── d32/
│   ├── f149/
│   ├── f231/
│   ├── f51
│   ├── f84/
│   └── n102/
├── f196
├── f255
├── f282
├── f283/
├── f49
├── f87/
├── n110/
├── n21
├── n29
└── n96/
d129/
d158
d175/
d181
d200
d252
d53
f105/
f174/
f196
f255
f282
f283/
f49
f87/
n110/
n21
n29
n96/
Invalid operation
d129/
d158
d175/
d181
d200
d252
d294/
d53
f105/
f174/
f196
f255
f282
f283/
f49
f87/
n110/
n21
n29
n96/
d53:63
d200:16
d252:11
f282:10
d158:9
n29:9
d129/
d158
d175/
d181
d200
d252
d294/
d51
d53
f105/
f174/
f196
f255
f282
f283/
f49
f87/
n110/
n21
n29
n96/
d129/
d158
d175/
d181
d200
d252
d294/
d51
d53
f105/
f164/
f174/
f196
f255
f282
f283/
f49
f87/
n110/
n21
n96/
d129/
d158
d175/
d181
d200
d252
d294/
d51
d53
f105/
f164/
f174/
f196
f255
f282
f283/
f49
f87/
n110/
n21
n96/
Invalid operation
Invalid operation
n105/
f107:y032f6 0x
f107:y032f6 0xxo1q6x
f282:C2 E1 4E FA 00
d253:xbl0ygfy35ijdpi3x
d253:xbl0ygfy35ijdpi3x
/n117/f164/d253
f282:4E FA 00 00 00 00
d162/
d190/
d20/
d253
f282:F7 1A
n32:dir:0
d190/
└── n32/
Invalid operation
f282:E1
Invalid operation
n32:dir:0
f116/
d253:xbl0ygfy35ijdpi3x0e3ni.1xv_ed2bvwvcx
Invalid operation
Invalid operation
/n117/f164/d190/n32/f247
Invalid operation
f247:wxko2
f116/
f249/
f58/
d253:xbl0ygfy35ijdpi3x0e3ni.1xv_ed2bvwvcxnvsqzivb_bd
d253:xbl0ygfy35ijdpi3x0e3ni.1xv_ed2bvwvcxnvsqzivb_bd
f116/
f249/
Invalid operation
Invalid operation
f282:F7 1A B2 AC C1 49 D3
/n117/f164/d190/n32/f116/n96
d259
d272/
f109/
n96
n96:.9uwkw4ey2sqye8
Invalid operation
Invalid operation
Invalid operation
Invalid operation
f282:49 D3 A6 88 5A D3 48
d276
n96
d276
n96
d276
n96
n96:31
f54:8
Invalid operation
d253:xbl0ygfy35ijdpi3x0e3ni.1xv_ed2bvwvcxnvsqzivb_bdxg6oyxcczev5absgt0y46zl
/f51
Invalid operation
Invalid operation
n80:qvu4 28t3o606
n80:txt:13
Invalid operation
Invalid operation
n32/
├── d224/
├── f254
└── f256
Invalid operation
Invalid operation
n32/
├── d224/
├── d40/
├── f254
└── f256
Invalid operation
f254:AA D4 02
Invalid operation
Invalid operation
Null
Invalid operation
Invalid operation
f254:bin:6
f172:7F 8C 42 88 00
Invalid operation
Invalid operation
f172:DB 7F 8C 42 88 00 00
f232
f232:txt:7
Invalid operation
Invalid operation
f232
n9/
Invalid operation
f232:_icvkd 
d49:txt:12
Invalid operation
d49:12
Invalid operation
Invalid operation
n69:580pd5flx u
Invalid operation
n49
n69
f172:0E 4B 4B
d157/
d203/
d221/
d259/
d286
d63/
f68/
n84
d221:dir:0
n84:3teskj7dr3qf
Invalid operation
d141:13
n84:12
f155:8
d286:6
f269:0
f75:0
d141
d157/
d203/
d221/
d259/
d286
d63/
f140/
f269
f68/
f9/
n84
f172:31 E3 42 88 E7 E2 E4 B5 F5 10 00 00
f172:4B
Invalid operation
d34
n9/
Invalid operation
/n117/f164/d190/n32/f162/d34
f172:8C E2 E4 B5 F5
d34:dr09fo7c7th.murb8w1yvetr537
d241
d34
d55
f162/
f172
n42/
Invalid operation
Invalid operation
d55
f162/
f172
f6
n42/
d253:xbl0ygfy35ijdpi3x0e3ni.1xv_ed2bvwvcxnvsqzivb_bdxg6oyxcczev5absgt0y46zlb.rg uggwg 8kb4z
Invalid operation
Invalid operation
Invalid operation
d243/
f162/
f172
f6
n42/
d243/
f162/
f172
f6
n42/
f172:31 EE 67 F0 8C E2 E4 B5 F5 10
Invalid operation
f162/
f172
f6
n42/
Invalid operation
Invalid operation
f162/
f172
n42/
Invalid operation
f282:1F 66 40 FA 7C
Invalid operation
Invalid operation
Invalid operation
f172:16
/n117/f164/d190/n32/f172
f172:67 F0 8C E2 E4 B5 F5 10 00
Invalid operation
Invalid operation
Invalid operation
f172:18
d114
d275
d43/
f162/
f172
f6/
n10
n42/
d114
d275
d43/
f162/
f172
f6/
n10
n42/
d114
d275
d43/
f162/
f172
f6/
n10
n42/
Invalid operation
Invalid operation
Invalid operation
d43/
Invalid operation
Invalid operation
f172:91
d270
d270:n58..-kk4_ov5d9o6
Invalid operation
/n117/f164/d190/n89
Invalid operation
/n117/f164/d190/n89
Null
f282:F7 1A B1 69 EB C2
Invalid operation
d114
d263/
d35
d43/
d88
f122
f162/
f172
f176/
f269
n10
n42/
f172:F5 10 6E EE 22 18 29 EA
Invalid operation
/n117/f164/d190/n32/f172
d114
d263/
d35
d43/
d88
f122
f162/
f172
f176/
f269
n42/
f172:67 F0 8C E2 E4 B5
Invalid operation
n32:dir:0
d190/
├── d99/
└── n32/
    ├── d114
    ├── d226
    ├── d263/
    ├── d35
    ├── d43/
    │   ├── d143
    │   └── d270
    ├── d86
    ├── d88
    ├── f122
    ├── f162/
    │   ├── d241
    │   └── d34
    ├── f172
    ├── f176/
    ├── f269
    └── n42/
d99/
n32/
Invalid operation
Invalid operation
d114
d164
d226
d35
d43/
d86
d88
f122
f162/
f172
f176/
f269
f273
f81/
n40/
n42/
Invalid operation
Invalid operation
Invalid operation
n42:dir:0
/n117/f164/d253
d253:xbl0ygfy35ijdpi3x0e3ni.1xv_ed2bvwvcxnvsqzivb_bdxg6oyxcczev5absgt0y46zlb.rg uggwg 8kb4z
d253:xbl0ygfy35ijdpi3x0e3ni.1xv_ed2bvwvcxnvsqzivb_bdxg6oyxcczev5absgt0y46zlb.rg uggwg 8kb4z
Invalid operation
Invalid operation
f169:js
Invalid operation
d190/
├── d224
├── f169
├── f52
└── n32/
    ├── d114
    ├── d16
    ├── d226
    ├── d35
    ├── d43/
    │   ├── d143
    │   └── d270
    ├── d86
    ├── d88
    ├── f122
    ├── f162/
    │   ├── d241
    │   └── d34
    ├── f172
    ├── f176/
    ├── f269
    ├── f273
    ├── f81/
    ├── n113
    ├── n40/
    └── n42/
f282:1F 66 40 FA 7C 14 05 90
f169:2
f58:2
f52:1
d224:0
d224
f102/
f169
f52
f58
n32/
d190/
├── d224
├── f102/
├── f169
├── f52
├── f58
└── n32/
    ├── d114
    ├── d16
    ├── d226
    ├── d35
    ├── d43/
    │   ├── d143
    │   └── d270
    ├── d86
    ├── d88
    ├── f122
    ├── f162/
    │   ├── d241
    │   └── d34
    ├── f172
    ├── f176/
    ├── f269
    ├── f273
    ├── f81/
    ├── n113
    ├── n40/
    └── n42/
/n117/f164/d190/f169
Invalid operation
Invalid operation
Invalid operation
f172:24
Invalid operation
d10
d114
d16
d226
d35
d43/
d86
d88
f122
f162/
f172
f269
f273
f81/
n113
n40/
n42/
/n117/f164/d190/n32/f172
Invalid operation
Invalid operation
Invalid operation
Invalid operation
Invalid operation
Invalid operation
Invalid operation
Invalid operation
d224
d85
f102/
f151
f153
f169
f209/
f52
f58
n111
n32/
Invalid operation
d85:45
Invalid operation
Invalid operation
Invalid operation
d128
f291/
n30
Invalid operation
d128
f291/
n30
d128
f291/
n22/
n30
d128
f291/
n30
d128
f138/
n30
d128
f138/
n30
n35
n85
d128
f138/
n30
n35
Invalid operation
f169:jsgr-v1c6ssme88scvbeq8pcrye69xmtaox
d126/
d224
d85
f102/
f151
f153
f169
f209/
f295
f52
f58
f74
n111
n32/
d85:EC 25 7D
/n117/f164/d190/f169
d162/
d190/
d20/
d253
d129/
d158
d175/
d200
d252
d294/
d51
d53
f105/
f174/
f196
f255
f282
f283/
f49
f87/
n110/
n21
n96/
d129/
d158
d175/
d200
d252
d294/
d51
d53
f105/
f174/
f196
f255
f282
f283/
f49
f87/
n110/
n21
n96/
d162/
d190/
d20/
d253
d162/
d190/
d20/
d253
d190:dir:0
f282:C7 1F 66 40 FA 7C 14 05 90 70 66 2A 38 EB
f105/
f49:b4um
f282:45 ED C8 7C 14 05 90 70 66 2A 38
f282:26
f49:19
d200:16
Invalid operation
f282:1A B1 69 EB C2 12 49 6A 3B DE B4 F5 45 ED C8 7C 14 05 90 70 66 2A 38 EB
d129/
d158
d175/
d200
d252
d294/
d51
f105/
f164/
f196
f255
f282
f49
n102/
n21
n96/
Invalid operation
Invalid operation
d158
d175/
d252
d294/
d51
f105/
f164/
f196
f246
f255
f282
f49
n102/
n21
n58/
n96/
Invalid operation
Invalid operation
d1
d107
d109/
d132
d150/
d156
d157
d173/
d175
d199
d207
d209/
d215
d22/
d220
d231
d237
d276/
d286/
d30/
d39/
d54/
d71/
d76/
d9
f106/
f111
f134
f137/
f139
f143/
f151/
f168
f184/
f22/
f223
f249/
f268
f296
f298/
f35/
f4/
f51
f69
f7
f72
n116
n117/
n15/
n22/
n43
n44/
n6
n64/
n71
n84
n98
f268:49 81 AB 31 F2 46 37 D0 49 DF
Invalid operation
Invalid operation
d156:FC
d1
d107
d109/
d132
d150/
d156
d157
d173/
d175
d199
d207
d209/
d215
d22/
d220
d231
d237
d276/
d286/
d30/
d39/
d54/
d76/
d9
f106/
f111
f137/
f139
f143/
f151/
f168
f184/
f22/
f223
f249/
f268
f296
f298/
f35/
f4/
f45
f51
f69
f7
f72
n116
n117/
n15/
n22/
n43
n44/
n6
n64/
n71
n84
n98
d1
d107
d109/
d132
d150/
d156
d157
d173/
d175
d199
d207
d209/
d215
d22/
d220
d231
d237
d276/
d286/
d30/
d39/
d54/
d76/
d9
f106/
f111
f137/
f139
f143/
f151/
f168
f184/
f22/
f223
f249/
f268
f296
f298/
f35/
f4/
f45
f51
f69
f7
f72
n116
n117/
n15/
n22/
n43
n44/
n6
n64/
n71
n84
n98
Invalid operation
Invalid operation
Invalid operation
d156:CF CA
d173:dir:0
Invalid operation
/f7
d1
d107
d109/
d132
d150/
d156
d157
d173/
d175
d192/
d199
d207
d209/
d215
d22/
d220
d231
d237
d276/
d286/
d30/
d39/
d54/
d76/
d9
f106/
f111
f137/
f139
f143/
f151/
f168
f184/
f22/
f223
f249/
f268
f296
f298/
f35/
f4/
f45
f51
f69
f7
f71/
f72
n116
n117/
n15/
n22/
n43
n44/
n6
n64/
n71
n84
n98
f268:81
d97:17
n116:17
f268:81
d97:17
n116:17
f268:81
d97:17
n116:17
Invalid operation
f268:81
d97:17
n116:17
Invalid operation
Invalid operation
d1
d107
d109/
d125/
d126/
d132
d150/
d156
d157
d173/
d175
d192/
d199
d207
d209/
d215
d22/
d220
d231
d237
d286/
d30/
d39/
d54/
d76/
d9
d97
f106/
f111
f137/
f139
f143/
f151/
f168
f184/
f22/
f223
f249/
f268
f296
f35/
f4/
f45
f51
f69
f7
f71/
f72
n116
n117/
n15/
n22/
n43
n44/
n6
n64/
n71
n84
n98
Invalid operation
d156:1A
Invalid operation
Invalid operation
f7:94sp.35.x
d1
d107
d109/
d125/
d126/
d132
d150/
d156
d157
d173/
d175
d192/
d199
d207
d209/
d215
d22/
d220
d231
d237
d286/
d39/
d54/
d76/
d9
d97
f106/
f139
f143/
f151/
f168
f184/
f22/
f223
f249/
f268
f296
f35/
f4/
f45
f51
f69
f7
f71/
f72
n104
n116
n117/
n15/
n22/
n43
n6
n64/
n71
n84
n98
Invalid operation
d156:1A
d1
d107
d109/
d125/
d126/
d150/
d156
d157
d173/
d175
d192/
d199
d207
d209/
d215
d22/
d220
d231
d237
d286/
d39/
d54/
d76/
d9
d97
f106/
f139
f143/
f151/
f168
f184/
f22/
f223
f249/
f268
f296
f35/
f4/
f45
f51
f69
f7
f71/
f72
n104
n116
n117/
n15/
n22/
n43
n6
n63/
n64/
n71
n84
n98
d156:00
d96/
n92
Invalid operation
f251
f291
f232
f251
n37/
Invalid operation
f165
f232
f251
n37/
Invalid operation
f251:q0 d.x3lgcorhlso_is9-djk4prn6p84o7nv8 i59nglfx66pcqei
Invalid operation
f251:q0 d.x3lgcorhlso_is9-djk4prn6p84o7nv8 i59nglfx66pcqei
Invalid operation
Invalid operation
Invalid operation
f251:q0 d.x3lgcorhlso_is9-djk4prn6p84o7nv8 i59nglfx66pcqei
Invalid operation
f251:q0 d.x3lgcorhlso_is9-djk4prn6p84o7nv8 i59nglfx66pcqei
f126
f165
f232
f251
n37/
Invalid operation
f126
f165
f232
f251
n37/
Invalid operation
Invalid operation
n63:00 00 00 00 00
f165
f222
f226/
f232
f251
f255/
n2
n24
n37/
n63
Invalid operation
Invalid operation
Invalid operation
Invalid operation
f251:md:54
Invalid operation
Invalid operation
Invalid operation
d78:md:9
/n64/d96/f232
Invalid operation
/n64/d96/f251
f251:md:54
Invalid operation
Invalid operation
Null
d13
d199
f30/
Invalid operation
Invalid operation
Invalid operation
Null
n63:20 3B 40 00 00 25 B4 08 00
n63:40
f165
f226/
f232
f251
f255/
f90
n2
n24
n63
Invalid operation
d1
d107
d109/
d125/
d126/
d150/
d156
d157
d173/
d175
d192/
d199
d207
d209/
d215
d22/
d220
d231
d237
d286/
d39/
d54/
d76/
d9
d97
f106/
f139
f143/
f151/
f184/
f22/
f223
f249/
f268
f296
f35/
f4/
f51
f69
f7
f71/
f72
n104
n116
n117/
n15/
n22/
n43
n6
n63/
n64/
n71
n84
n98
d173:dir:0
f232:rba7fbl9hu 8zf3x
Invalid operation
d242/
d26/
f172
f232
d204
d242/
d26/
f172
f232
Invalid operation
f232:rba7fbl9hu 8zf3xc5g847
f232:rba7fbl9hu 8zf3xc5g847
d204
d242/
d284/
f232
d204
d242/
f232
Invalid operation
Invalid operation
Invalid operation
Invalid operation
d24
d259
f238
n23/
n95
d24:7
d259:6
f238:oo1r0x
Invalid operation
d24
f139/
n62/
n95
d24
f139/
n62/
n95
d149/
d24
f139/
n62/
n95
Invalid operation
Invalid operation
Invalid operation
d24:bin:0
d149/
d24
d84/
f139/
f178
n62/
n95
Invalid operation
d149/
d24
d84/
f178
n62/
n95
d149/
d24
d84/
f178
n62/
n95
Invalid operation
Invalid operation
Invalid operation
Invalid operation
Invalid operation
Invalid operation
Invalid operation
Null
d149/
d24
d84/
f178
f54
n62/
n86/
n95
Invalid operation
Invalid operation
Invalid operation
d24
f178
n62/
Invalid operation
d1
d107
d109/
d121/
d125/
d126/
d150/
d156
d173/
d175
d199
d207
d209/
d215
d22/
d220
d237
d245/
d252/
d286/
d39/
d54/
d76/
d9
d97
f106/
f113
f139
f143/
f151/
f184/
f22/
f223
f249/
f268
f296
f35/
f4/
f51
f62
f69
f7
f71/
f72
n104
n117/
n15/
n22/
n43
n46/
n55
n6
n63/
n64/
n71
n84
n98
Invalid operation
d156:CA 28 90 0A B2 A1 94 D2 8E 78 24
d1
d107
d109/
d121/
d125/
d126/
d150/
d156
d173/
d175
d199
d207
d209/
d215
d22/
d220
d237
d245/
d252/
d286/
d290/
d39/
d54/
d76/
d9
d97
f106/
f113
f139
f143/
f151/
f184/
f22/
f223
f245/
f249/
f268
f296
f35/
f4/
f51
f62
f69
f7
f71/
f72
n104
n117/
n15/
n22/
n43
n46/
n55
n6
n63/
n64/
n71
n84
n98
f268:81
d156:36
d97:17
Invalid operation
f268:81
d156:36
d97:17
f268:81
d156:36
d97:17
Invalid operation
d173:dir:0
f268:81
d156:36
d97:17
Invalid operation
f152
f165
f226/
f251
f255/
f90
n24
n63
Invalid operation
Invalid operation
d96/
├── f165
├── f226/
│   ├── d13
│   ├── d199
│   └── f30/
├── f251
├── f255/
├── f90
├── n24
└── n63
n63:00 25
n63:B4 08 00 00 00 72 7F 0B EE 49
d2
f87/
Invalid operation
d1
d2
f276
f99
n66/
d1
d2
f122
f276
f99
n66/
d1
d161/
d2
f122
f163
f276
f99
n66/
d2:txt:0
Invalid operation
Invalid operation
d2:kx
Invalid operation
/n64/d96/f255/n66/f269
Invalid operation
d100:bin:4
Invalid operation
d100:A8
Invalid operation
Invalid operation
Invalid operation
Invalid operation
d2:kx
Invalid operation
d111/
n91/
Invalid operation
Invalid operation
/n64/d96/f255/d161/n91/f34
n91/
└── f34
f34:jm
d196/
n116:txt:13
f122:FC B7 80
d196/
d2:kxt9pp_03qpx3i  ifq0z
Invalid operation
n51/
Invalid operation
Invalid operation
n51/
f122:7D
n91/
├── n51/
└── n6/
n51/
n6/
n6/
Invalid operation
Invalid operation
f122:11 50 DC FF 87 26 14 92
f64:dir:0
Invalid operation
Invalid operation
f64:dir:0
f182:2p.h.wd3eq 58djfllpatx
Invalid operation
Invalid operation
f182:22
Invalid operation
d250/
f64/
n91/
Invalid operation
d1
d161/
d2
f122
f163
f276
f99
n66/
d2:32
f122:18
f276:16
f99:8m-3xxs3-mdkcpibnjg_uqms
Invalid operation
f122:92 40 3E
d96/
f122/
d156:49 7C A2 F5 93 54 0A B2 A1 94 F5 F3 78 24 00 00 00 9D 99 52 0A 51 00 00 00 A1 7A
d96/
f122/
Invalid operation
d96/
f122/
f13/
f145
f160/
d23/
d96/
f122/
f13/
f160/
d23/
d96/
f160/
/n64/d96/f251
d200
f156/
f165
f226/
f251
f255/
f90
n24
n63
d200
d271
f156/
f165
f226/
f251
f255/
f90
n24
n63
Invalid operation
d200
d271
f156/
f165
f226/
f251
f255/
f90
n24
n63
Invalid operation
/n64/d96/f251
n63:00 00 00
d200
f165
f226/
f251
f255/
f90
n24
n63
Invalid operation
f7:94sp.35.xa5m9xxu9dgy0t1qi bx
d200
f165
f226/
f251
f255/
f90
n113
n24
n63
f7:94sp.35.xa5m9xxu9dgy0t1qi bx
d23/
d3/
d96/
f160/
Invalid operation
d200
f165
f226/
f251
f255/
f256
f90
n113
n24
n63
f251:138
n63:19
f251:139
n63:19
n24:14
f256:8
f165:3
Invalid operation
d165:txt:6
Invalid operation
f268:81
d156:43
f7:28
f268:81
d156:43
d173:dir:0
f268:81
d156:41
f7:28
d1
d107
d109/
d121/
d125/
d126/
d150/
d156
d173/
d175
d199
d207
d209/
d215
d22/
d220
d237
d245/
d252/
d286/
d290/
d39/
d54/
d9
d97
f106/
f113
f128
f139
f143/
f151/
f184/
f22/
f223
f245/
f249/
f255
f268
f296
f35/
f4/
f51
f62
f69
f7
f71/
f72
n104
n117/
n15/
n22/
n43
n46/
n55
n6
n63/
n64/
n71
n84
n98
f268:81
d156:42
f7:28
Invalid operation
d165
n117
d165:.slgj2
f184/
└── d165
Invalid operation
f7:94sp.35.xa5m9xxu9dgy0t1qi bxb
Invalid operation
f7:94sp.35.xa5m9xxu9dgy0t1qi bxb
f268:81
d156:42
f7:29
d1
d107
d109/
d125/
d126/
d150/
d156
d173/
d175
d199
d207
d209/
d215
d22/
d220
d237
d245/
d252/
d286/
d290/
d39/
d54/
d9
d97
f106/
f113
f128
f139
f143/
f151/
f184/
f22/
f223
f245/
f249/
f255
f268
f296
f4/
f51
f62
f69
f7
f72
n1/
n104
n117/
n22/
n43
n46/
n55
n6
n63/
n64/
n71
n84
n98
Invalid operation
f7:94sp.35.xa5m9xxu9dgy0t1qi bxbuux-o.lxwmy8 tobmx
d173:dir:0
d1
d107
d109/
d125/
d126/
d147
d150/
d156
d173/
d199
d209/
d215
d22/
d220
d237
d245/
d252/
d286/
d290/
d39/
d54/
d9
d97
f106/
f113
f128
f139
f143/
f151/
f184/
f22/
f223
f245/
f249/
f255
f268
f296
f4/
f51
f62
f69
f7
f72
n1/
n104
n117/
n22/
n46/
n55
n6
n63/
n64/
n71
n84
n98
d1
d107
d109/
d125/
d126/
d147
d150/
d156
d173/
d199
d209/
d215
d22/
d220
d237
d245/
d252/
d286/
d290/
d39/
d54/
d9
d97
f106/
f113
f128
f143/
f151/
f184/
f22/
f223
f245/
f249/
f255
f268
f296
f4/
f51
f62
f69
f7
f72
n1/
n104
n117/
n22/
n46/
n55
n6
n63/
n64/
n71
n84
n98
Invalid operation
Null
f268:81
f7:47
d156:43
/f7
Invalid operation
Invalid operation
d156:23 7C F2
d1
d107
d109/
d125/
d126/
d147
d150/
d156
d173/
d199
d209/
d215
d22/
d220
d233
d237
d245/
d252/
d286/
d290/
d39/
d54/
d9
d97
f106/
f113
f128
f143/
f151/
f175
f184/
f22/
f223
f245/
f249/
f255
f268
f296
f4/
f51
f62
f69
f7
f72
f84/
n1/
n104
n117/
n22/
n46/
n55
n56/
n6
n63/
n64/
n71
n77
n84
n98
f7:94sp.35.xa5m9xxu9dgy0t1qi bxbuux-o.lxwmy8 tobmxxxxxvi6 riv
Invalid operation
d1
d107
d109/
d125/
d126/
d147
d150/
d156
d173/
d199
d209/
d215
d22/
d220
d224
d233
d237
d245/
d252/
d290/
d39/
d54/
d9
d97
f106/
f113
f128
f143/
f151/
f175
f184/
f22/
f223
f249/
f255
f268
f296
f4/
f51
f62
f69
f7
f72
f84/
n1/
n104
n117/
n22/
n46/
n55
n56/
n6
n64/
n71
n77
n84
n98
d173:dir:0
d173:dir:0
Invalid operation
d156:99 52 B4 70 7E E7 AE 90 20 5A 8F 53 9E 63 40 00 0D 23
d210
Invalid operation
Invalid operation
d156:90 20 5A 8F 53 9E 63 40 E6 0D 23 7C F2
d173:dir:0
d1
d107
d109/
d125/
d126/
d147
d150/
d156
d173/
d182
d199
d209/
d215
d22/
d224
d233
d237
d245/
d252/
d290/
d39/
d54/
d9
d97
f106/
f113
f128
f143/
f151/
f175
f184/
f22/
f223
f249/
f255
f264/
f268
f296
f4/
f51
f62
f69
f7
f72
f84/
n1/
n104
n117/
n22/
n46/
n55
n56/
n6
n64/
n71
n77
n84
n98
n99
d41:dir:0
/d173/d198
Invalid operation
Invalid operation
Invalid operation
Invalid operation
d183
n44
d145
d183
f181/
f243/
d183:txt:9
Invalid operation
d183:4horg__ 4
d198:4F
d198:C4 4E 4F BB 6D BB
Invalid operation
Invalid operation
f220
d198:6D BB
Invalid operation
d41:dir:0
d104/
d156
d177
d182
d198
d217
d233
d255/
d260/
d296/
d41/
d64/
f127/
f138
f151
f35/
f81/
n104/
n116
n24
n71/
Invalid operation
d104/
d156
d177
d182
d198
d217
d233
d255/
d260/
d296/
d41/
d64/
f127/
f138
f151
f35/
f81/
n104/
n116
n24
n71/
d104/
d156
d177
d182
d198
d217
d233
d255/
d260/
d296/
d41/
d64/
f127/
f138
f151
f35/
f81/
n104/
n109
n116
n24
n71/
Invalid operation
Invalid operation
Invalid operation
d156:F7 B2 49 67 8A 48 7E F3 78 24 00 00 00 9D 99 52 B4 70 7E E7 AE 90 20 5A 8F 53 9E 63 40 E6 0D 23
Invalid operation
f268:81
f7:67
d156:38
Invalid operation
f268:81
f7:67
d156:38
f268:81
f7:67
d156:38
f268:81
f7:67
d156:38
Invalid operation
Invalid operation
Invalid operation
f253/
d173:dir:0
Invalid operation
Invalid operation
Invalid operation
Invalid operation
Invalid operation
d211
n18/
d211:1
d211:1
d162:30
n91:3
d162:30
n91:3
d162
d212/
n91
d162:md:30
Invalid operation
d139:D7
d139:CF
d139:D7 26 E5 F5 1B F7 AD
Invalid operation
Invalid operation
f98:dir:0
Invalid operation
f98/
f98:dir:0
Invalid operation
Invalid operation
d139:23
d194:13
d83:0
n106:0
Invalid operation
d139:23
d194:13
n106:0
Invalid operation
d110/
d194
f98/
Invalid operation
Invalid operation
/f22/f294/d212/d194
Null
d162:md:30
Invalid operation
Invalid operation
Invalid operation
d162:bk6.8bjw..nf3g31.v93jt09p2d3e4
d162
d212/
n15
n91
d162
d212/
d290/
d91
n15
n91
d284:F9 AA D1 00 00 00
d194:b73g2_26ab_di
d110/
d194
d284
f229
f98/
d110/
d194
d284
f229
f98/
/f22/f294/d212/d194
f98:dir:0
Invalid operation
Invalid operation
d194
f190
f224
f47
d194:b73g2_26ab_di.xhz_hnjnm
Invalid operation
/f22/f294/d162
d162:bk6.8bjw..nf3g31.v93jt09p2d3e4mx7j1jo pibbwg-hp8p9n
n91:82 51 63 00
Invalid operation
Invalid operation
Invalid operation
d212/
└── d194
d212:dir:0
/f22/f294/n91
Invalid operation
Invalid operation
Invalid operation
d212:dir:0
Invalid operation
Invalid operation
Invalid operation
Invalid operation
Invalid operation
d100
d131/
d42/
f40/
n108
Invalid operation
Invalid operation
Invalid operation
Null
d100
d131/
d247
d42/
f114/
f40/
n108
n12
n49/
n108:51
d247:5
d100
d131/
d247
d42/
f113/
f114/
f129/
f40/
n108
n49/
Invalid operation
Invalid operation
Invalid operation
d100
d131/
d247
d42/
d59/
f113/
f114/
f116
f129/
n108
n64
n83
n94/
d100
d131/
d247
d42/
d59/
f113/
f114/
f116
f129/
f290/
n108
n64
n83
n94/
Null
d100
d131/
d247
d59/
d8/
f113/
f114/
f116
f129/
f290/
n108
n64
n83
d100
d131/
d247
d59/
d8/
f113/
f114/
f116
f129/
f290/
n108
n64
n83
/f7
d43
Invalid operation
d156:5A 8F
d156:5A 8F
d43:195cueb
d242:dir:0
d242:dir:0
Invalid operation
Invalid operation
Invalid operation
Invalid operation
d242:dir:0
f7:94sp.35.xa5m9xxu9dgy0t1qi bxbuux-o.lxwmy8 tobmxxxxxvi6 rivxxd.igt82a36rc9cgwhk
d156:5A 8F 53
Invalid operation
Invalid operation
Invalid operation
d1
d107
d109/
d125/
d126/
d144
d147
d150/
d156
d173/
d209/
d211
d215
d22/
d224
d227/
d233
d237
d245/
d252/
d290/
d39/
d54/
d9
d97
f106/
f128
f143/
f144/
f157/
f175
f184/
f22/
f223
f249/
f255
f264/
f4/
f51
f62
f69
f7
f72
f84/
n1/
n104
n114/
n117/
n22/
n46/
n55
n56/
n6
n64/
n71
n77
n84
n98
n99
d156:8F 53 9E 63 00
d173:dir:0
d173:dir:0
/f7
d1
d107
d109/
d126/
d144
d147
d150/
d156
d173/
d209/
d211
d215
d22/
d224
d227/
d233
d237
d245/
d252/
d290/
d39/
d54/
d9
d92/
d97
f106/
f128
f133
f143/
f144/
f157/
f175
f184/
f22/
f223
f249/
f255
f264/
f4/
f51
f62
f69
f7
f72
f84/
n1/
n104
n114/
n117/
n22/
n46/
n55
n56/
n6
n64/
n77
n84
n98
n99
d1
d107
d109/
d126/
d144
d147
d150/
d156
d173/
d209/
d211
d215
d22/
d224
d227/
d233
d237
d245/
d252/
d290/
d39/
d54/
d9
d92/
d97
f106/
f128
f133
f143/
f144/
f157/
f175
f184/
f22/
f223
f249/
f255
f264/
f4/
f51
f62
f69
f7
f72
f84/
n1/
n104
n114/
n117/
n22/
n46/
n55
n56/
n6
n64/
n77
n84
n98
n99
Null
d1
d107
d109/
d126/
d144
d147
d150/
d156
d173/
d209/
d211
d215
d22/
d224
d227/
d233
d237
d245/
d252/
d290/
d39/
d54/
d9
d97
f106/
f128
f133
f143/
f144/
f157/
f175
f184/
f22/
f223
f234
f249/
f255
f264/
f3
f4/
f51
f62
f69
f7
f72
f84/
n1/
n104
n114/
n117/
n22/
n46/
n55
n56/
n6
n64/
n77
n84
n98
n99
d1
d107
d109/
d126/
d144
d147
d150/
d156
d173/
d209/
d211
d215
d22/
d224
d227/
d233
d237
d245/
d290/
d39/
d54/
d9
d97
f106/
f128
f133
f143/
f144/
f157/
f175
f184/
f22/
f223
f234
f249/
f255
f264/
f3
f4/
f51
f62
f69
f7
f72
f84/
n1/
n104
n114/
n117/
n22/
n46/
n55
n56/
n6
n64/
n77
n84
n98
n99
/f7
Invalid operation
f7:102
d156:36
d97:17
d1
d107
d109/
d126/
d144
d147
d150/
d156
d173/
d209/
d211
d215
d22/
d224
d227/
d233
d237
d245/
d252/
d290/
d39/
d54/
d9
d97
f106/
f128
f133
f143/
f144/
f157/
f175
f184/
f22/
f223
f234
f249/
f255
f264/
f3
f4/
f51
f62
f69
f7
f72
f84/
n1/
n104
n114/
n117/
n22/
n46/
n55
n56/
n6
n64/
n77
n84
n98
n99
f7:102
d156:37
d97:17
f7:104
d156:36
d97:17
Invalid operation
n30:dir:0
d156:03 B7 CE F8 83 12 4E 67 8A 48 E9 22 78 24 00 00 00 9D 99 52 AD D4 7E E7 AE 67 82
Null
Invalid operation
Invalid operation
Invalid operation
d156:F8 83 12 4E 67 8A 48 E9 22 78 24 00 00 00 9D 99
f187/
Invalid operation
Invalid operation
Invalid operation
d156:9D 99 52
Invalid operation
/d54/n30/d142
Invalid operation
n73/
Invalid operation
Invalid operation
d167
d267
f19/
d267:txt:0
Invalid operation
d142:xpdxyppg5ad_i7ti4wybx9vyoagi
d142:28
d194:38 14
d142
d145
d194
d252
d292/
f145/
f187/
n107/
n73/
d194:00 13 38
f187:dir:0
d145
d194
d252
d292/
f145/
f187/
n107/
n73/
f36:
f187:dir:0
f187:dir:0
f187:dir:0
Invalid operation
Invalid operation
d187
d187
d194:14 00
Invalid operation
n79
d145
d194
d252
d292/
f145/
f187/
n107/
n73/
d145
d194
d252
d292/
f145/
f187/
n107/
n73/
d252:2p.fovehrpwm .myd8wc588st.j9bjdayybcacky2cujg97x584vy3l5a--a5s44la
Invalid operation
d252:2p.fovehrpwm .myd8wc588st.j9bjdayybcacky2cujg97x584vy3l5a--a5s44la
Invalid operation
Invalid operation
d194:00 13 38 14 00 00 F5 50
f7:104
d156:35
d97:17
d1
d107
d109/
d126/
d144
d147
d150/
d156
d173/
d209/
d211
d215
d22/
d224
d227/
d233
d237
d245/
d252/
d290/
d39/
d54/
d9
d97
f106/
f128
f133
f143/
f144/
f157/
f175
f184/
f22/
f223
f234
f249/
f255
f264/
f3
f4/
f51
f62
f69
f7
f72
f84/
n1/
n104
n114/
n117/
n22/
n46/
n55
n56/
n6
n64/
n77
n84
n98
n99
d1
d107
d109/
d126/
d144
d147
d150/
d156
d173/
d209/
d211
d215
d22/
d224
d227/
d233
d237
d245/
d252/
d290/
d39/
d54/
d9
d97
f106/
f128
f133
f143/
f144/
f157/
f175
f184/
f22/
f223
f234
f249/
f255
f264/
f3
f4/
f51
f62
f69
f7
f72
f84/
n1/
n104
n114/
n117/
n22/
n46/
n55
n56/
n6
n64/
n77
n84
n98
n99
f7:104
d156:36
d97:17
Invalid operation
f7:104
d156:36
d97:17
d173:dir:0
f235:md:0
d1
d107
d109/
d126/
d144
d147
d150/
d156
d173/
d209/
d211
d22/
d224
d233
d237
d245/
d252/
d290/
d39/
d54/
d69/
d9
d97
f106/
f128
f133
f143/
f144/
f157/
f175
f184/
f22/
f223
f234
f249/
f255
f264/
f3
f4/
f51
f57
f62
f69
f7
f72
f84/
n1/
n104
n114/
n117/
n22/
n46/
n55
n56/
n6
n64/
n77
n84
n98
n99
Invalid operation
Invalid operation
Invalid operation
/d173/d198
Invalid operation
Invalid operation
Invalid operation
Invalid operation
Invalid operation
Invalid operation
d198:44 5F E3 3C 96 B6 F2 5D C7 7F BF 12 AF AE C4 4E 4F BB 6D BB 00 00 00
Invalid operation
Invalid operation
Invalid operation
Invalid operation
Invalid operation
f129/
d217
f129/
Invalid operation
Invalid operation
Invalid operation
Invalid operation
Invalid operation
f151
Invalid operation
Invalid operation
Invalid operation
Invalid operation
d198:AF AE
d32/
f41/
Invalid operation
Invalid operation
d32/
f147/
f41/
/d173/d198
Invalid operation
Null
Invalid operation
Invalid operation
Invalid operation
d140:7F
d140
f171/
f209
f256/
n28/
n5
n79/
d140
f209
f256/
n28/
n5
n79/
Invalid operation
d32/
f147/
d198:19 4C 65 1E ED AD 00 00 A2 5B 00
Invalid operation
d198:77 4C 45 19
Invalid operation
Invalid operation
d130/
d32/
f125/
f147/
Invalid operation
Invalid operation
Invalid operation
Invalid operation
Invalid operation
d1
d107
d109/
d126/
d144
d147
d150/
d156
d173/
d211
d22/
d224
d233
d237
d245/
d252/
d290/
d39/
d54/
d69/
d9
d97
f106/
f128
f133
f143/
f144/
f157/
f175
f184/
f22/
f223
f234
f249/
f255
f264/
f3
f4/
f51
f57
f62
f69
f7
f72
f84/
n1/
n104
n114/
n117/
n22/
n46/
n55
n56/
n6
n64/
n77
n84
n98
n99
f7:120
d156:36
d97:17
f7:120
d156:36
d97:17
f7:104
d156:36
d97:17
f7:104
d156:36
d97:17
f144/
├── f167/
└── f43
f167/
f43
f43:txt:3
d1
d107
d109/
d126/
d144
d147
d150/
d156
d173/
d211
d22/
d224
d233
d237
d245/
d252/
d290/
d299
d39/
d54/
d69/
d9
d97
f106/
f128
f133
f143/
f144/
f157/
f175
f184/
f22/
f223
f234
f249/
f255
f264/
f3
f4/
f51
f57
f62
f69
f7
f72
f84/
n1/
n104
n114/
n117/
n22/
n46/
n55
n56/
n6
n64/
n77
n84
n98
n99
Invalid operation
f7:104
d156:40
d97:17
f7:104
d156:40
d97:17
f7:94sp.35.xa5m9xxu9dgy0t1qi bxbuux-o.lxwmy8 tobmxxxxxvi6 rivxxd.igt82a36rc9cgwhkur6g9qp2py5owpk.5_9td-y_gxx
Invalid operation
d1
d107
d109/
d126/
d144
d147
d150/
d156
d173/
d211
d22/
d224
d233
d245/
d252/
d290/
d299
d39/
d54/
d69/
d9
d97
f106/
f128
f133
f143/
f144/
f157/
f175
f184/
f22/
f223
f234
f249/
f255
f264/
f3
f4/
f51
f57
f62
f69
f7
f72
f84/
n1/
n104
n114/
n117/
n22/
n46/
n55
n56/
n6
n64/
n77
n84
n98
n99
d1
d107
d109/
d126/
d144
d147
d150/
d156
d173/
d211
d22/
d224
d233
d245/
d252/
d290/
d299
d39/
d54/
d69/
d9
d97
f106/
f128
f133
f143/
f144/
f157/
f175
f184/
f22/
f223
f234
f249/
f255
f264/
f3
f4/
f51
f57
f62
f69
f7
f72
f84/
n1/
n104
n114/
n117/
n22/
n46/
n55
n56/
n6
n64/
n77
n84
n98
n99
Invalid operation
f7:94sp.35.xa5m9xxu9dgy0t1qi bxbuux-o.lxwmy8 tobmxxxxxvi6 rivxxd.igt82a36rc9cgwhkur6g9qp2py5owpk.5_9td-y_gxxr8y.7geqj9k7iskz
f7:121
d156:40
d97:17
d1
d107
d109/
d126/
d144
d147
d150/
d156
d173/
d211
d22/
d224
d233
d245/
d252/
d290/
d299
d39/
d54/
d69/
d70
d9
d97
f106/
f128
f133
f143/
f144/
f157/
f175
f184/
f22/
f223
f234
f249/
f255
f264/
f3
f4/
f51
f57
f62
f69
f7
f72
f84/
n1/
n104
n114/
n117/
n22/
n46/
n55
n56/
n6
n64/
n77
n84
n98
n99
d1
d107
d109/
d126/
d144
d147
d150/
d156
d173/
d211
d22/
d224
d233
d245/
d252/
d290/
d299
d39/
d54/
d69/
d70
d9
d97
f106/
f128
f133
f143/
f144/
f157/
f175
f184/
f22/
f223
f234
f249/
f255
f264/
f3
f4/
f51
f57
f62
f69
f7
f72
f84/
n1/
n104
n114/
n117/
n22/
n46/
n55
n56/
n6
n64/
n77
n84
n98
n99
Invalid operation
f7:121
d156:40
d97:17
n99:17
/f7
Invalid operation
d156:01 2E 53 42
d156:70 B7 A4 65 83 12 4E 67 8A 48 E9 22
/f7
d156:70 B7 A4 65
/f7
d1
d107
d109/
d147
d150/
d156
d211
d22/
d221/
d224
d233
d245/
d252/
d290/
d299
d54/
d69/
d9
d97
f106/
f109
f128
f133
f143/
f144/
f157/
f184/
f22/
f223
f249/
f255
f264/
f3
f4/
f51
f57
f62
f7
f72
f84/
n1/
n104
n114/
n117/
n22/
n55
n56/
n6
n64/
n77
n84
n99
/f7
n117:dir:0
Invalid operation
d13
d190/
f175
f185/
n23
d13:txt:26
d13
d190/
f175
f185/
f31
n23
n65/
/d221/d13
d13:g4ib34krwbfeon8tuo_itg4egbx
d13
d190/
d80
f175
f185/
f252
f31
n23
n65/
d13:33
f252:17
Null
Invalid operation
d156:4F AC 29 17 2C A3 62 A0 8C 23
Invalid operation
d1
d109/
d147
d150/
d156
d211
d22/
d221/
d224
d233
d245/
d252/
d290/
d54/
d69/
d9
d97
f106/
f109
f128
f133
f143/
f144/
f157/
f184/
f22/
f223
f249/
f255
f264/
f3
f4/
f51
f57
f62
f7
f72
f84/
n1/
n104
n114/
n117/
n22/
n55
n56/
n6
n64/
n77
n84
n98
n99
/f7
d1
d109/
d13
d147
d150/
d156
d211
d22/
d221/
d224
d233
d245/
d252/
d290/
d54/
d69/
d9
d97
f106/
f109
f128
f133
f143/
f144/
f157/
f184/
f22/
f223
f249/
f255
f264/
f3
f4/
f51
f57
f62
f7
f72
f84/
n1/
n104
n114/
n117/
n22/
n55
n56/
n6
n64/
n77
n84
n98
n99
d156:17 2C A3 62 A0 8C 23 70 F3
f7:94sp.35.xa5m9xxu9dgy0t1qi bxbuux-o.lxwmy8 tobmxxxxxvi6 rivxxd.igt82a36rc9cgwhkur6g9qp2py5owpk.5_9td-y_gxxr8y.7geqj9k7iskzsb7mexnovg9el6bx1r9-do-bw gm-kr1bgk .33gwn- 22ly_.l. n
f7:94sp.35.xa5m9xxu9dgy0t1qi bxbuux-o.lxwmy8 tobmxxxxxvi6 rivxxd.igt82a36rc9cgwhkur6g9qp2py5owpk.5_9td-y_gxxr8y.7geqj9k7iskzsb7mexnovg9el6bx1r9-do-bw gm-kr1bgk .33gwn- 22ly_.l. n
d156:70 B7 A4 65 83 12 4E 67 8A 48 E9 22 1C
d156:22 1C FE E7 3D 88 EC 39 52 AD D4 7E 79 99 4B 55 AC 29 17 2C C3 64 11
Invalid operation
d156:83 12 4E 67 8A 48 E9 22 1C FE E7 3D 88 EC 39 52 AD D4 7E
d156:67 8A 48 E9 22 1C FE E7 3D 88 EC 39 52 AD D4 7E 79 99 4B 55 AC 29 17
Invalid operation
d10/
d156:48 E9 22 1C FE E7 3D 88 EC 39 52 AD D4 7E 79 99 4B 8C E6 8E BA 5E
d10/
f130
f102:dir:0
Invalid operation
f139:4r07.2ngwhuob
Invalid operation
f102:dir:0
f136:B4 41 B8
Null
/f84/f102/n39
d192/
d28/
f102/
f136
f139
f164/
f180
f281
f102:dir:0
d192/
f102/
f136
f139
f164/
f281
/f84/f139
Invalid operation
Invalid operation
f139:4r07.2ngwhuobxmw_pkucwr4r1npvtxty wtp9td-v7bjgb4vl1
Invalid operation
f7:94sp.35.xa5m9xxu9dgy0t1qi bxbuux-o.lxwmy8 tobmxxxxxvi6 rivxxd.igt82a36rc9cgwhkur6g9qp2py5owpk.5_9td-y_gxxr8y.7geqj9k7iskzsb7mexnovg9el6bx1r9-do-bw gm-kr1bgk .33gwn- 22ly_.l. nxzqro8o_jryu.anv4zh3 xecymb.3390ql4 z5fbq
Invalid operation
Invalid operation
d1
d109/
d150/
d156
d211
d22/
d221/
d224
d233
d245/
d252/
d290/
d54/
d84
d9
d97
f106/
f109
f128
f133
f140
f143/
f144/
f157/
f184/
f215
f22/
f249/
f255
f264/
f278/
f3
f4/
f51
f57
f62
f7
f72
f84/
n1/
n104
n114/
n117/
n22/
n27
n55
n56/
n6
n64/
n77
n84
n98
n99
Invalid operation
Invalid operation
Invalid operation
Null
f7:216
d156:39
d97:17
n99:17
d211:14
n77:14
f7:221
d156:39
d97:17
f7:221
n117:dir:0
d1
d109/
d129
d150/
d156
d211
d22/
d221/
d224
d233
d252/
d265/
d288/
d290/
d54/
d84
d9
d97
f106/
f109
f133
f140
f143/
f144/
f157/
f184/
f215
f22/
f235/
f249/
f255
f264/
f278/
f3
f4/
f51
f57
f62
f63
f7
f72
f84/
f9
f99
n1/
n104
n114/
n117/
n27
n55
n56/
n6
n64/
n77
n84
n98
n99
n117:dir:0
f49:b4umhj.1g143l4cpwj5nvnq_b.kv-bvb_ch5-3tog-qx
d175/
d252
d294/
d51
d85
f105/
f164/
f196
f246
f255
f282
f293
f49
f90
n102/
n21
n58/
n96/
d175/
d252
d265/
d279
d294/
d51
d85
f105/
f164/
f196
f246
f255
f282
f293
f49
f90
n102/
n21
n58/
n96/
f49:txt:44
f282:78
f282:6A 3B DE B4 F5 45 ED
d175/
d252
d265/
d279
d294/
d51
d85
f105/
f164/
f196
f246
f255
f282
f293
f49
f90
n102/
n21
n58/
n96/
d175/
d252
d265/
d279
d294/
d51
f105/
f164/
f196
f246
f255
f282
f293
f49
f90
n102/
n21
n58/
n95
n96/
f49:b4umhj.1g143l4cpwj5nvnq_b.kv-bvb_ch5-3tog-qx
f49:txt:44
d175/
d252
d265/
d279
d294/
d51
f105/
f164/
f173
f196
f246
f255
f282
f293
f49
f90
n102/
n21
n58/
n68/
n96/
n117/
├── d175/
│   ├── d10/
│   ├── d112
│   ├── d233/
│   ├── d69
│   ├── f176
│   ├── f23/
│   │   └── f35
│   ├── n109/
│   ├── n114
│   ├── n66/
│   └── n80/
├── d252
├── d265/
├── d279
├── d294/
├── d51
├── f105/
├── f164/
│   ├── d162/
│   │   ├── f109
│   │   ├── n105/
│   │   └── n115
│   ├── d190/
│   │   ├── d126/
│   │   ├── d224
│   │   ├── d59/
│   │   ├── d85
│   │   ├── f102/
│   │   │   ├── d163
│   │   │   └── d293
│   │   ├── f151
│   │   ├── f153
│   │   ├── f169
│   │   ├── f209/
│   │   │   ├── d128
│   │   │   ├── f138/
│   │   │   ├── f164/
│   │   │   ├── n30
│   │   │   └── n35
│   │   ├── f240
│   │   ├── f295
│   │   ├── f52
│   │   ├── f58
│   │   ├── f74
│   │   ├── n111
│   │   └── n32/
│   │       ├── d10
│   │       ├── d114
│   │       ├── d16
│   │       ├── d35
│   │       ├── d43/
│   │       │   ├── d143
│   │       │   └── d270
│   │       ├── d86
│   │       ├── d88
│   │       ├── f122
│   │       ├── f126/
│   │       ├── f162/
│   │       │   ├── d241
│   │       │   └── d34
│   │       ├── f172
│   │       ├── f204/
│   │       ├── f269
│   │       ├── f273
│   │       ├── f81/
│   │       ├── n113
│   │       ├── n40/
│   │       └── n42/
│   ├── d20/
│   └── d253
├── f173
├── f196
├── f246
├── f255
├── f282
├── f293
├── f49
├── f90
├── n102/
│   ├── d119
│   └── f268/
├── n21
├── n58/
├── n68/
└── n96/
f49:txt:51
Invalid operation
f282:3B DE B4 F5 45 ED 85 02 FC FA 78 01 54 7D 4D 71 DF
d134
d175/
d206
d252
d265/
d279
d294/
d51
f105/
f164/
f173
f196
f246
f255
f282
f293
f49
f90
n102/
n21
n58/
n68/
f49:b4umhj.1g143l4cpwj5nvnq_b.kv-bvb_ch5-3tog-qx58nmmn2mo6tnr
f49:b4umhj.1g143l4cpwj5nvnq_b.kv-bvb_ch5-3tog-qx58nmmn2mo6tnr
n117/
├── d134
├── d175/
│   ├── d10/
│   ├── d112
│   ├── d233/
│   ├── d69
│   ├── f176
│   ├── f23/
│   │   └── f35
│   ├── n109/
│   ├── n114
│   ├── n66/
│   └── n80/
├── d194
├── d206
├── d252
├── d265/
├── d279
├── d294/
├── d51
├── d80
├── f0
├── f105/
├── f164/
│   ├── d162/
│   │   ├── f109
│   │   ├── n105/
│   │   └── n115
│   ├── d190/
│   │   ├── d126/
│   │   ├── d224
│   │   ├── d59/
│   │   ├── d85
│   │   ├── f102/
│   │   │   ├── d163
│   │   │   └── d293
│   │   ├── f151
│   │   ├── f153
│   │   ├── f169
│   │   ├── f209/
│   │   │   ├── d128
│   │   │   ├── f138/
│   │   │   ├── f164/
│   │   │   ├── n30
│   │   │   └── n35
│   │   ├── f240
│   │   ├── f295
│   │   ├── f52
│   │   ├── f58
│   │   ├── f74
│   │   ├── n111
│   │   └── n32/
│   │       ├── d10
│   │       ├── d114
│   │       ├── d16
│   │       ├── d35
│   │       ├── d43/
│   │       │   ├── d143
│   │       │   └── d270
│   │       ├── d86
│   │       ├── d88
│   │       ├── f122
│   │       ├── f126/
│   │       ├── f162/
│   │       │   ├── d241
│   │       │   └── d34
│   │       ├── f172
│   │       ├── f204/
│   │       ├── f269
│   │       ├── f273
│   │       ├── f81/
│   │       ├── n113
│   │       ├── n40/
│   │       └── n42/
│   ├── d20/
│   └── d253
├── f173
├── f196
├── f255
├── f282
├── f293
├── f49
├── f54/
├── f90
├── n102/
│   ├── d119
│   └── f268/
├── n21
├── n58/
└── n68/
Invalid operation
Invalid operation
Invalid operation
f7:227
d156:39
d97:17
n99:17
d211:14
n77:14
d224:13
f72:12
f7:94sp.35.xa5m9xxu9dgy0t1qi bxbuux-o.lxwmy8 tobmxxxxxvi6 rivxxd.igt82a36rc9cgwhkur6g9qp2py5owpk.5_9td-y_gxxr8y.7geqj9k7iskzsb7mexnovg9el6bx1r9-do-bw gm-kr1bgk .33gwn- 22ly_.l. nxzqro8o_jryu.anv4zh3 xecymb.3390ql4 z5fbqxyr07kddcsq
d1
d109/
d129
d156
d211
d22/
d221/
d224
d233
d252/
d265/
d288/
d290/
d54/
d69
d84
d9
d97
f106/
f109
f133
f140
f143/
f144/
f157/
f184/
f215
f22/
f235/
f249/
f255
f264/
f278/
f3
f4/
f51
f57
f62
f63
f7
f72
f84/
f9
f99
n1/
n104
n114/
n117/
n27
n55
n56/
n6
n64/
n75/
n77
n84
n98
n99
d1
d109/
d129
d156
d211
d22/
d221/
d224
d233
d252/
d265/
d288/
d290/
d54/
d69
d84
d9
d97
f106/
f109
f133
f140
f143/
f144/
f157/
f184/
f215
f22/
f235/
f249/
f255
f264/
f278/
f3
f4/
f51
f57
f62
f63
f7
f72
f84/
f9
f99
n1/
n104
n114/
n117/
n27
n55
n56/
n6
n64/
n75/
n77
n84
n98
n99
Invalid operation
Invalid operation
d1
d109/
d129
d156
d196
d211
d22/
d221/
d233
d252/
d265/
d288/
d290/
d54/
d69
d84
d9
d97
f106/
f109
f133
f140
f143/
f144/
f157/
f184/
f215
f22/
f235/
f249/
f255
f264/
f278/
f4/
f51
f57
f62
f63
f7
f72
f84/
f9
f99
n1/
n104
n114/
n117/
n27
n55
n56/
n6
n64/
n75/
n77
n84
n98
n99
Invalid operation
f27:24
f219:16
d67:10
d69:10
d114:3
Invalid operation
Invalid operation
d156:50
d97:17
n99:17
n77:14
f72:12
d233:11
Invalid operation
d1
d109/
d129
d156
d196
d22/
d221/
d233
d252/
d265/
d288/
d290/
d54/
d69
d84
d9
d97
f106/
f109
f133
f140
f143/
f144/
f157/
f184/
f215
f22/
f235/
f249/
f255
f264/
f278/
f4/
f51
f57
f62
f63
f72
f84/
f9
f99
n1/
n104
n114/
n117/
n27
n55
n56/
n6
n64/
n75/
n77
n84
n98
n99
d1
d109/
d129
d156
d196
d22/
d221/
d233
d252/
d265/
d288/
d290/
d54/
d69
d84
d9
d97
f106/
f109
f133
f140
f143/
f144/
f157/
f184/
f215
f22/
f235/
f249/
f255
f264/
f278/
f4/
f51
f57
f62
f63
f72
f84/
f9
f99
n1/
n104
n114/
n117/
n27
n55
n56/
n6
n64/
n75/
n77
n84
n98
n99
/d156
Invalid operation
Null
Invalid operation
d156:AD 26 36 6D 4B 2E 90 0C 43 D4 7E 79 99 A1 1A 72 0A EF 19 C1 2B
Invalid operation
Invalid operation
d1
d109/
d129
d156
d196
d22/
d221/
d233
d252/
d265/
d288/
d290/
d54/
d69
d84
d9
d97
f106/
f109
f133
f140
f143/
f144/
f157/
f184/
f215
f22/
f235/
f249/
f255
f264/
f278/
f4/
f51
f57
f62
f63
f72
f84/
f9
f99
n1/
n104
n114/
n117/
n27
n55
n56/
n6
n64/
n75/
n77
n84
n98
n99
Invalid operation
Invalid operation
Invalid operation
Invalid operation
d156:51
d97:17
n99:17
n77:14
Invalid operation
d109/
├── f128
└── f165/
f128
f165/
Invalid operation
Invalid operation
Invalid operation
Invalid operation
d1
d109/
d129
d156
d196
d22/
d221/
d233
d252/
d265/
d288/
d290/
d54/
d69
d84
d9
d97
f106/
f109
f133
f135/
f140
f143/
f144/
f157/
f184/
f215
f22/
f235/
f249/
f255
f264/
f277
f278/
f4/
f51
f57
f62
f63
f72
f84/
f9
f99
n1/
n104
n117/
n27
n55
n56/
n6
n64/
n75/
n77
n84
n98
n99
f27:24
f219:16
d67:10
f175:9
d114:3
d114
d188/
d67
f175
f176/
f18/
f219
f22/
f27
n42/
n5/
f27:D8
d265
f239/
Invalid operation
Invalid operation
d113
f239/
d113
f239/
d113:d9t2x
Invalid operation
d113:d9t2x
f27:89
Invalid operation
d113:d9t2x
/f143/f27
d114
d188/
d67
d85/
f175
f176/
f18/
f219
f22/
f27
n42/
n5/
Invalid operation
f27:24
f219:16
Invalid operation
f27:24
d108/
d127
d15/
d201
d231/
d24
d266
d44/
d47
f100
f265/
f281
f284
f35
f58/
f75/
n15/
n39
n99/
f35:BC
Invalid operation
/f143/n42/f35
d108/
d127
d15/
d201
d231/
d24
d266
d44/
d47
d69
f100
f265/
f281
f284
f35
f58/
f75/
n15/
n39
n99/
Invalid operation
Invalid operation
f176/
├── d167
├── d74
├── f1
├── f117/
├── f247
├── f281/
└── f79
d114
d188/
d251/
d67
f171/
f176/
f179
f18/
f219
f27
n42/
n5/
d114
d175
d188/
d251/
d67
f171/
f176/
f179
f18/
f219
f22/
f27
f87/
n42/
f27:22
f219:16
d175:10
Invalid operation
d274:17
d167:9
d74:8
f79:3
f1:0
f247:0
d74:bin:9
/f143/f176/d74
Invalid operation
d114
d175
d188/
d251/
d67
f145/
f171/
f176/
f179
f18/
f22/
f27
n103
n42/
/f143/f27
d114
d188/
d251/
d67
f145/
f149/
f171/
f176/
f179
f18/
f27
n103
Invalid operation
Invalid operation
d114
d188/
d251/
d67
f145/
f149/
f171/
f176/
f179
f18/
f27
n103
Invalid operation
Invalid operation
Invalid operation
Invalid operation
Invalid operation
Invalid operation
f27:39 DD 72
Invalid operation
Invalid operation
d114
d188/
d189/
d203/
d251/
d67
f110
f149/
f176/
f18/
f27
f7/
n103
d1
d109/
d129
d156
d189
d196
d22/
d221/
d233
d252/
d265/
d288/
d290/
d54/
d69
d84
d9
d97
f106/
f109
f133
f135/
f140
f143/
f144/
f157/
f184/
f215
f22/
f235/
f249/
f255
f264/
f277
f278/
f4/
f51
f57
f62
f63
f72
f84/
f9
f99
n1/
n104
n117/
n27
n55
n56/
n6
n64/
n75/
n77
n84
n98
n99
Invalid operation
Invalid operation
d1
d109/
d129
d156
d189
d196
d22/
d221/
d233
d252/
d265/
d288/
d290/
d54/
d69
d84
d9
d97
f106/
f109
f133
f135/
f140
f143/
f144/
f157/
f184/
f215
f22/
f235/
f249/
f255
f264/
f277
f278/
f4/
f51
f57
f62
f63
f72
f84/
f9
f99
n1/
n104
n117/
n27
n55
n56/
n6
n64/
n75/
n77
n84
n98
n99
Invalid operation
Invalid operation
d1
d109/
d129
d156
d189
d196
d22/
d221/
d233
d252/
d265/
d288/
d290/
d54/
d69
d84
d9
d97
f106/
f109
f133
f135/
f140
f143/
f144/
f157/
f184/
f215
f22/
f235/
f249/
f264/
f277
f278/
f4/
f51
f57
f62
f63
f72
f84/
f9
f99
n1/
n104
n117/
n27
n55
n56/
n6
n64/
n75/
n77
n84
n98
n99
Invalid operation
d156:48
d215:17
d97:17
n99:17
n77:14
f72:12
d233:11
f109:11
Null
d156:48
d97:17
n99:17
n77:14
f72:12
d233:11
Invalid operation
/d156
Invalid operation
d156:EF 19 C1 2B 0A 66 A1 F3 54 64 AE DB F6 19 4C A9 EC
/d156
d156:48 6F A9 9E 0C
Invalid operation
f49/
n30/
d145
d194
d206
d233/
d252
d292/
f145/
f167/
f187/
f188/
f206
f255
n107/
n111
n73/
Invalid operation
d252:67
d194:16
d145:8
d206:4
f206:1
Invalid operation
Null
d252:2p.fovehrpwm .myd8wc588st.j9bjdayybcacky2cujg97x584vy3l5a--a5s44lax
d145
d194
d206
d252
f187/
f206
f255
n107/
d252:2p.fovehrpwm .myd8wc588st.j9bjdayybcacky2cujg97x584vy3l5a--a5s44lax
n107/
├── d87/
├── f262
└── n61
Null
d87/
f262
f272/
n61
Invalid operation
d87/
n61
Invalid operation
n61:e8
Invalid operation
d87/
f262
n61
d288/
f262
n28/
n61
/d54/n30/n107/n61
Invalid operation
n61:e8
Invalid operation
Invalid operation
n61:e858mqi.xxtion
f221:1kcqd1_ m8s6nvxrro0x396
f232:dir:0
Invalid operation
Invalid operation
f135/
Invalid operation
d194:83 0B 2C 46 1E 49 16 8E 98 36 87 64 B8 F7 00 29 AE 4D 27 43 95
Invalid operation
d76:txt:9
d194:98 36 87 64 B8 F7 00 29 AE 2F 01 16
f265:md:13
Invalid operation
Invalid operation
f14/
f213:E0 27 00
/d54/n30/n107/d288/d36/f232/d74/f39/f265
f265:699k.45j3fmvzxrawvpx
Invalid operation
f251:dir:0
Invalid operation
Invalid operation
d194:3B 92 7F 83 0B 2C 46 1E 49 16 8E 98 36 87 64 B8 F7 00 29 AE 2F 01 16 00 00
f236:t5d2kdbj
/d54/n30/n107/d288/d36/f232/d74/f39/f236
d237/
d65/
f113/
f193
f236
f251/
f263
f9/
f39:dir:0
d194:13 11 AF 3B 92 7F 83 0B 2C 46 1E 49 16 8E
Null
d237/
d38
d65/
f113/
f193
f236
f251/
f263
f9/
n118/
f241
f34
f39/
n30
f236:t5d2kdbjctnprxjwewmbn5
Invalid operation
f236:t5d2kdbjctnprxjwewmbn5
Null
f236:t5d2kdbjctnprxjwewmbn5
Invalid operation
Invalid operation
Invalid operation
Invalid operation
f236:22
d38:16
f275:16
f193:12
f263:5
Invalid operation
d11/
d237/
d38
d65/
d72/
f113/
f193
f236
f251/
f263
f275
f9/
n118/
n37/
d73:dir:0
f230:6q dv_ovm27f6
f230
f230:25
f230
f230:6q dv_ovm27f6_hjq.fv -i.t
f251:dir:0
d194:29 AE
Invalid operation
f251:dir:0
d194:6C
f236:t5d2kdbjctnprxjwewmbn5vl914p7gjdz.z48qy06ufe_-p ajjtva -m6
/d54/n30/n107/d288/d36/f232/f208
/d54/n30/n107/d288/d36/f232/f208
f208:i_yhqi..qysn9qevl
n83:dir:0
n83/
d200
n83/
d200
n83/
n83/
d74/
f112/
f208
f54
f85/
/d54/n30/n107/d288/d36/f232/f208
d187/
d292/
d63/
f56/
n97
Invalid operation
n97:txb07igmyx.tq4nz6ww8.8-_-577f1wi1 17cvem0.li5hp
n97:64
d187/
d292/
d63/
f274/
/d54/n30/n107/d288/d36/f232/f208
f208:i_yhqi..qysn9qevlxx
d74/
f112/
f208
f54
f85/
f208:i_yhqi..qysn9qevlxx
f221
f232/
f221
f232/
Invalid operation
d194:B6 64 C8
d63/
f232/
f28
n31
n50
f232:dir:0
Invalid operation
Invalid operation
Invalid operation
Invalid operation
Invalid operation
Invalid operation
Invalid operation
d156
d63/
f28
f61
n50
d156
d63/
f28
f61
n50
d156
d63/
f269
f28
f61
n50
Invalid operation
d156
d63/
f269
f28
f61
n50
f121
f182
Invalid operation
Invalid operation
Invalid operation
Invalid operation
f121
f182
Invalid operation
f121:86
/d54/n30/n107/d288/d36/d63/f121
f28:bin:19
d127
d156
d63/
f269
f28
f61
n46
n50
Invalid operation
n50:48ekmum
Invalid operation
n46:16
Invalid operation
Invalid operation
d127
d163/
d179/
d63/
d94/
f201
f269
f61
n46
n50
n50:48ekmumx
/d54/n30/n107/d288/d36/n50
Invalid operation
Invalid operation
d0/
d127
d163/
d179/
d63/
d94/
f201
f269
f61
n46
n50
Invalid operation
/d54/n30/n107/d288/d36/n50
d0/
d127
d163/
d63/
d94/
f201
f61
n46
n50
n50:48ekmumx
Invalid operation
d36/
├── d0/
├── d127
├── d163/
│   ├── d230
│   └── f196/
├── d63/
│   ├── f121
│   └── f182
├── d94/
├── f201
├── f61
├── n46
├── n50
└── n75
Invalid operation
d0/
d127
d163/
d63/
d94/
f201
f61
n46
n50
n75
/d54/n30/n107/n61
Invalid operation
d112/
f124
f60
Invalid operation
f124:5
f60:4
Invalid operation
d112/
f124
f60
d72/
n113
d72/
n113
Invalid operation
Invalid operation
Invalid operation
/d54/n30/n107/d288/d36/n50
Invalid operation
n50:48ekmumx
Null
n50:19
n50:48ekmumxzpq-lxyrtl.
f201:6D
d0/
d12
d163/
d214
d63/
f201
f61
n110/
n35
n46
n50
n75
n82
n92/
Invalid operation
f201:AF 31 D5 51 00 6D
Invalid operation
d36/
├── d0/
├── d12
├── d163/
│   ├── d230
│   └── f196/
├── d214
├── d265/
├── d63/
│   ├── f121
│   └── f182
├── f0
├── f201
├── f61
├── n110/
├── n46
├── n50
├── n75
├── n82
└── n92/
    ├── f164/
    ├── n7/
    └── n87
n50:txt:19
d0/
d12
d163/
d214
d63/
f0
f61
n110/
n46
n50
n75
n82
n92/
n61:txt:36
Invalid operation
d145/
d288/
d54
f24
n28/
n61
d197/
d296/
f120
f196/
d296:dir:0
d286/
d297/
d286:dir:0
Invalid operation
d197/
d296/
f196/
Invalid operation
Invalid operation
Invalid operation
d194:2C 6E B5 2E 62 DB
d194:5C 42 34 03 4C 00 00
Invalid operation
Invalid operation
d220
d288/
d54
f140/
f24
n61
d220
d288/
d54
f140/
f24
n61
d296:dir:0
d197/
d296/
f239
n86:80
Invalid operation
f239:54
f263:14
f249:0
Invalid operation
/d54/n30/n107/d288/d296/d150/f65
Invalid operation
Invalid operation
Invalid operation
d53/
f239:9xskx253qb1n11.ya0x_0z2ssgr-m-i4.xm5s poohmfv a0ik_068
Invalid operation
/d54/n30/n107/d288/d296/f239
d53/
f21/
d53/
f21/
Invalid operation
n65:1ait6mp
n65:8
f61:0
f249:B8 EA 61
f249:61 54 86 26
f249:26
d150/
d295/
f239
f249
f263
f278/
f249:24
f249:54 86 26 DD 00 00 CB 24
d150/
d278
d295/
f239
f249
f250/
f263
f278/
n113/
d150/
d278
d295/
f239
f249
f250/
f263
f278/
n113/
f249:CB
Invalid operation
d194:6E B5
Null
n99:4
Invalid operation
d296/
f159/
n21/
n99
d296/
n21/
n99
Invalid operation
d296:dir:0
d296/
n21/
n99
Invalid operation
d296:dir:0
Invalid operation
Invalid operation
d296:dir:0
/d54/n30/n107/d288/n99
/n99
Invalid operation
/d54/n30/n107/d288/n99
/n99
Invalid operation
Invalid operation
d273:98 19 F0 8E 41
d13:dir:0
d279:
d288/
├── d13/
│   ├── d160/
│   └── d271/
├── d266
├── d273
├── d279
├── f16/
└── f89
d288/
├── d13/
│   ├── d160/
│   └── d271/
├── d266
├── d273
├── d279
├── f16/
└── f89
Null
Invalid operation
d288/
├── d13/
│   ├── d160/
│   └── d271/
├── d273
└── d279
/d54/n30/n107/d288/d279
d13:dir:0
d220
d256
d288/
d54
f140/
f24
n61
d256
d288/
d54
f140/
f24
Invalid operation
Invalid operation
Invalid operation
Invalid operation
Invalid operation
Invalid operation
Invalid operation
Invalid operation
/d54/n30/n107/f143/f188
/d54/n30/n107/f143/f188
Invalid operation
Invalid operation
Invalid operation
Invalid operation
f188:6D 58 E9 D8 75 F0 E3
Invalid operation
f188:EF F1 C2
Invalid operation
/d54/n30/n107/f143/f128/n47
Invalid operation
Invalid operation
Invalid operation
Invalid operation
Invalid operation
Invalid operation
Invalid operation
Invalid operation
/d54/n30/n107/d54
Invalid operation
Invalid operation
Invalid operation
n107/
├── d150
├── d288/
│   ├── d13/
│   │   ├── d160/
│   │   └── d271/
│   ├── d214
│   ├── d273
│   ├── d279
│   └── d71
├── d54
├── d91
├── f140
└── f143/
    ├── d191
    ├── f128/
    ├── f188
    ├── f87/
    │   ├── d221
    │   └── f55
    └── n12
Null
f36:txt:0
f36:txt:0
d194:00
d10
f36
Invalid operation
Invalid operation
Invalid operation
d145:E4
f187:dir:0
d252:2p.fovehrpwm .myd8wc588st.j9bjdayybcacky2cujg97x584vy3l5a--a5s44lax6a8dwqbl6s. dx
d91:6D 9F 1A
n77:16
Invalid operation
Invalid operation
d188/
d231
d288/
d91
f121/
f140
f143/
f42
n77
Invalid operation
d188/
d231
d288/
d91
f121/
f140
f143/
f42
n77
d91:6D
/d54/n30/n107/d91
Invalid operation
d188/
d231
d288/
d91
f121/
f140
f143/
f42
n77
Invalid operation
Invalid operation
d143
d145
d195/
d206
d252
d39/
f187/
f206
f219/
f255
f295
f298
n107/
n110/
n23
f49/
n30/
Null
Invalid operation
f283/
f49/
n30/
/d156
Invalid operation
d1
d109/
d129
d156
d189
d196
d22/
d221/
d229
d233
d252/
d265/
d295
d54/
d69
d84
d9
d97
f106/
f109
f133
f140
f143/
f144/
f157/
f184/
f215
f22/
f235/
f249/
f264/
f275/
f277
f278/
f4/
f51
f57
f62
f63
f72
f84/
f9
f99
n1/
n104
n117/
n27
n55
n56/
n6
n64/
n70/
n75/
n77
n84
n98
n99
Invalid operation
d1
d109/
d129
d156
d189
d196
d22/
d221/
d229
d233
d252/
d265/
d295
d54/
d69
d84
d9
d97
f106/
f109
f133
f140
f143/
f144/
f157/
f184/
f215
f22/
f235/
f249/
f264/
f275/
f277
f278/
f4/
f51
f57
f62
f63
f72
f84/
f9
f99
n1/
n104
n117/
n27
n55
n56/
n6
n64/
n70/
n75/
n77
n84
n98
n99
Invalid operation
Invalid operation
d156:B7 A4 65 83 12 4E 67 8A 09 C3 15 AD 26 8B 48 6F 45 F8 0C 50 4A F7 F1 38 A1 1A 72 0A EF 19 C1 2B 0A 66 C6 52 B1 AE
d1
d109/
d129
d156
d169/
d189
d196
d22/
d221/
d229
d233
d252/
d265/
d288/
d295
d54/
d69
d84
d9
d96
d97
f106/
f109
f133
f140
f143/
f144/
f157/
f184/
f215
f22/
f235/
f249/
f264/
f275/
f277
f278/
f4/
f51
f57
f62
f63
f72
f84/
f9
f99
n1/
n104
n117/
n27
n55
n56/
n6
n64/
n70/
n75/
n77
n84
n98
n99
Invalid operation
Invalid operation
Invalid operation
d145:FF C8 00 00 00 00 00
d10
f36
Invalid operation
d252:2p.fovehrpwm .myd8wc588st.j9bjdayybcacky2cujg97x584vy3l5a--a5s44lax6a8dwqbl6s. dxx
Invalid operation
Invalid operation
d136/
d143
d145
d174
d195/
d200/
d206
d252
d39/
f132/
f187/
f206
f219/
f255
f295
f298
f36
f92
n107/
n110/
n23
n33
d276/
d80
n30/
n30:dir:0
Invalid operation
Invalid operation
Invalid operation
Invalid operation
Invalid operation
n30:dir:0
Invalid operation
d54/
├── d15/
├── d284/
├── d80
├── f140/
├── f173
├── n30/
│   ├── d136/
│   ├── d143
│   ├── d145
│   ├── d174
│   ├── d195/
│   ├── d200/
│   ├── d206
│   ├── d252
│   ├── d39/
│   ├── f132/
│   ├── f187/
│   │   ├── d10
│   │   └── f36
│   ├── f206
│   ├── f219/
│   ├── f255
│   ├── f295
│   ├── f298
│   ├── f36
│   ├── f92
│   ├── n107/
│   │   ├── d188/
│   │   ├── d231
│   │   ├── d288/
│   │   │   ├── d13/
│   │   │   │   ├── d160/
│   │   │   │   └── d271/
│   │   │   ├── d214
│   │   │   ├── d273
│   │   │   ├── d279
│   │   │   └── d71
│   │   ├── d91
│   │   ├── f121/
│   │   ├── f140
│   │   ├── f143/
│   │   │   ├── d191
│   │   │   ├── f128/
│   │   │   ├── f188
│   │   │   ├── f87/
│   │   │   │   ├── d221
│   │   │   │   └── f55
│   │   │   └── n12
│   │   ├── f42
│   │   └── n77
│   ├── n110/
│   ├── n23
│   └── n33
└── n61/
d15/
d284/
d80
f140/
f173
n30/
n61/
Invalid operation
Invalid operation
d284/
Invalid operation
d80:5E 65
Invalid operation
Invalid operation
Invalid operation
f292:dir:0
Invalid operation
/d54/d284/d164
Invalid operation
d15/
d156/
d158/
d223
d80
f173
f249/
n30/
n61/
/f140
Null
Invalid operation
n6:85pdqdks
Invalid operation
Invalid operation
d100
d131/
d247
d59/
d8/
f114/
f116
f129/
f235
f290/
n108
n64
n83
n64:00 00 14 E9 8B AB 62 4B
Invalid operation
f75:
Invalid operation
Invalid operation
Invalid operation
f75:0
d1
d109/
d129
d156
d169/
d189
d196
d22/
d221/
d229
d233
d252/
d265/
d288/
d295
d54/
d69
d84
d9
d96
d97
f106/
f109
f133
f140
f143/
f144/
f157/
f184/
f215
f22/
f235/
f249/
f264/
f277
f278/
f4/
f51
f57
f62
f63
f72
f84/
f9
f99
n1/
n104
n117/
n27
n55
n56/
n6
n64/
n70/
n75/
n77
n84
n98
n99
Invalid operation
d156:49
n6:18
d97:17
Invalid operation
d156:49
n6:18
d97:17
d156:49
n104:18
n6:18
Invalid operation
d156:49
n104:18
n6:18
n104:5B 06 00
d156:49
n104:18
n6:18
Invalid operation
d1
d109/
d129
d156
d169/
d189
d196
d22/
d221/
d229
d233
d252/
d265/
d288/
d289/
d295
d54/
d69
d84
d9
d96
d97
f106/
f109
f133
f140
f143/
f144/
f157/
f184/
f215
f22/
f235/
f249/
f264/
f277
f278/
f4/
f51
f57
f62
f63
f72
f84/
f9
f99
n1/
n104
n117/
n27
n55
n56/
n6
n64/
n70/
n75/
n77
n84
n98
n99
Invalid operation
d156:49
n104:18
n6:18
n104:00 1E C4 00 36
Invalid operation
Invalid operation
d156:49
n104:19
n6:18
d156:49
n104:19
n6:18
/n6
f27:00 00
Invalid operation
Invalid operation
d114
d164
d176
d188/
d189/
d197
d203/
d230
d251/
d67
f149/
f18/
f27
f7/
n103
f143/
├── d114
├── d164
├── d176
├── d188/
│   ├── f57/
│   ├── n11/
│   └── n68/
├── d189/
├── d197
├── d203/
│   └── d298
├── d230
├── d251/
├── d67
├── f149/
├── f18/
│   └── d123
├── f27
├── f7/
└── n103
Invalid operation
n6:85pdqdkspp40.lfjm7
n117:dir:0
n104:00
d1
d109/
d129
d156
d169/
d189
d196
d22/
d221/
d229
d233
d252/
d265/
d288/
d289/
d295
d43
d54/
d64/
d69
d84
d9
d96
d97
f109
f133
f140
f143/
f144/
f157/
f184/
f215
f22/
f235/
f264/
f277
f278/
f4/
f51
f57
f62
f63
f72
f84/
f9
f99
n1/
n104
n117/
n27
n55
n56/
n6
n64/
n75/
n77
n84
n98
n99
n117:dir:0
n104:03 D0 2F C9 3F 57 00 1E C4 00 36 34
n6:85pdqdkspp40.lfjm7
d156:49
n6:18
d97:17
n104:17
Invalid operation
Invalid operation
d1
d109/
d129
d156
d169/
d189
d196
d22/
d221/
d229
d233
d252/
d265/
d288/
d289/
d295
d43
d54/
d64/
d69
d84
d9
d96
d97
f109
f133
f140
f143/
f144/
f157/
f184/
f215
f22/
f235/
f264/
f277
f278/
f4/
f51
f57
f62
f63
f72
f84/
f9
n1/
n104
n117/
n27
n55
n56/
n6
n64/
n75/
n77
n84
n98
n99
d156:49
n6:18
d97:17
n104:17
n99:17
d43:15
Invalid operation
n6:85pdqdkspp40.lfjm7
Invalid operation
d297:dir:0
d22/
├── d297/
├── f141/
└── n74/
Invalid operation
d297/
f141/
n74/
Invalid operation
/n6
d1
d109/
d129
d156
d169/
d189
d196
d22/
d221/
d229
d233
d252/
d265/
d288/
d289/
d295
d43
d54/
d64/
d69
d84
d9
d96
d97
f109
f133
f140
f143/
f144/
f157/
f184/
f215
f22/
f235/
f264/
f277
f278/
f4/
f51
f57
f62
f63
f72
f84/
f9
n1/
n104
n117/
n27
n55
n56/
n6
n64/
n75/
n77
n84
n98
n99
d1
d109/
d129
d156
d169/
d189
d196
d22/
d221/
d229
d233
d252/
d265/
d288/
d289/
d295
d43
d54/
d64/
d69
d84
d9
d96
d97
f109
f133
f140
f143/
f144/
f157/
f184/
f215
f22/
f235/
f264/
f277
f278/
f4/
f51
f57
f62
f63
f72
f84/
f9
n1/
n104
n113/
n117/
n27
n55
n56/
n6
n64/
n75/
n77
n84
n98
n99
Invalid operation
Invalid operation
Invalid operation
n104:8D 27 E0 3E
Invalid operation
d156:49
n104:25
d97:17
Invalid operation
Invalid operation
Invalid operation
d1
d109/
d129
d156
d169/
d178
d189
d196
d22/
d221/
d229
d233
d252/
d265/
d288/
d289/
d295
d43
d54/
d64/
d69
d84
d9
d96
d97
f109
f133
f140
f143/
f144/
f157/
f184/
f215
f22/
f235/
f264/
f277
f278/
f4/
f51
f57
f62
f63
f72
f84/
f9
n1/
n104
n113/
n117/
n27
n55
n56/
n64/
n75/
n77
n84
n98
n99
n84:5buzjpoq0s7l_1ab6l
d156:49
n104:34
n84:18
d156:49
n104:34
n84:18
d156:49
n104:34
n84:18
d156:49
n104:34
n84:18
d22:dir:0
d1
d109/
d129
d156
d169/
d178
d189
d196
d22/
d221/
d229
d233
d252/
d265/
d288/
d289/
d295
d43
d54/
d64/
d69
d84
d9
d96
d97
f109
f133
f140
f143/
f144/
f157/
f184/
f215
f22/
f235/
f264/
f277
f278/
f4/
f51
f57
f62
f63
f72
f84/
f9
f99
n1/
n104
n113/
n117/
n27
n55
n56/
n64/
n75/
n77
n84
n98
n99
Invalid operation
Invalid operation
d156:49
n104:30
n84:18
d156:49
n104:30
n84:18
d156:49
n104:30
n84:18
d1
d109/
d129
d156
d169/
d178
d189
d196
d22/
d221/
d229
d233
d252/
d265/
d288/
d289/
d295
d43
d54/
d64/
d69
d84
d9
d96
d97
f109
f133
f140
f143/
f144/
f157/
f184/
f215
f22/
f235/
f264/
f277
f278/
f4/
f51
f57
f62
f63
f72
f84/
f9
f99
n1/
n104
n113/
n117/
n27
n55
n56/
n64/
n75/
n77
n84
n98
n99
d156:49
n104:30
n84:18
d156:49
n104:30
n84:18
d1
d109/
d156
d169/
d178
d189
d196
d22/
d221/
d229
d233
d252/
d265/
d288/
d289/
d295
d43
d54/
d64/
d69
d84
d9
d96
d97
f109
f133
f140
f143/
f144/
f157/
f184/
f215
f22/
f235/
f264/
f277
f278/
f4/
f51
f57
f62
f63
f72
f84/
f9
f99
n1/
n104
n113/
n117/
n27
n55
n56/
n64/
n75/
n77
n84
n98
n99
d156:49
n104:30
n84:18
d156:49
n104:30
n84:18
d156:49
n104:30
n84:26
d156:49
n104:30
n84:26
d156:49
n104:30
n84:26
d156:49
n104:30
n84:26
d156:49
n104:30
n84:26
d1
d109/
d126/
d156
d169/
d178
d189
d196
d22/
d221/
d229
d233
d252/
d265/
d288/
d289/
d295
d43
d54/
d64/
d69
d84
d9
d96
d97
f109
f133
f140
f143/
f144/
f157/
f184/
f215
f22/
f235/
f264/
f277
f278/
f4/
f51
f57
f62
f63
f72
f84/
f9
f99
n1/
n104
n113/
n117/
n27
n55
n56/
n64/
n75/
n77
n84
n98
n99
n104:CE
Invalid operation
n84:55
d156:49
n104:36
n84:55
d156:49
n104:36
d1
d109/
d126/
d156
d169/
d178
d189
d196
d22/
d221/
d229
d233
d252/
d265/
d288/
d289/
d295
d43
d54/
d64/
d69
d84
d9
d96
d97
f109
f133
f140
f143/
f157/
f184/
f215
f22/
f235/
f264/
f277
f278/
f4/
f51
f57
f62
f63
f72
f84/
f9
f99
n1/
n104
n113/
n117/
n27
n55
n56/
n64/
n75/
n77
n84
n98
n99
d22:dir:0
n84:55
d156:49
n104:36
d226/
d23/
d96/
f138
f160/
d177
d23/
d96/
f138
f160/
d177
d23/
d74/
d96/
f138
f160/
d177
d23/
d74/
d96/
f138
f160/
n104:00
Invalid operation
Invalid operation
n104:00 56 ED 2F AB 00 00 86
Invalid operation
f138:8 uo2
Invalid operation
n84:55
d156:49
n104:35
d1
d109/
d126/
d156
d169/
d178
d189
d196
d22/
d221/
d229
d233
d252/
d265/
d269/
d288/
d289/
d295
d43
d54/
d64/
d69
d84
d9
d96
d97
f109
f133
f140
f143/
f157/
f184/
f215
f22/
f235/
f264/
f277
f278/
f4/
f51
f57
f62
f63
f72
f84/
f9
f99
n1/
n104
n113/
n117/
n27
n55
n56/
n64/
n75/
n77
n84
n98
n99
n84:55
d156:49
n104:35
n84:55
d156:49
n104:34
d97:17
n99:17
n84:55
d156:49
n104:34
n84:5buzjpoq0s7l_1ab6lckgbndpapj_0y.ttkigel6y 6dzt82jqtfm5x
n84:55
d156:49
n104:34
Invalid operation
d295:14
d284:13
n84:55
d156:49
n104:34
n84:55
d156:49
n104:34
d1
d109/
d126/
d156
d169/
d178
d189
d196
d22/
d221/
d229
d233
d252/
d265/
d269/
d288/
d289/
d295
d43
d54/
d64/
d69
d84
d9
d96
d97
f109
f122/
f133
f140
f143/
f157/
f184/
f215
f22/
f235/
f264/
f277
f278/
f4/
f51
f57
f62
f63
f72
f84/
f9
f99
n1/
n104
n113/
n117/
n55
n56/
n64/
n75/
n77
n84
n98
n99
Null
d22:dir:0
n84:56
d156:49
n104:34
d22:dir:0
Invalid operation
Invalid operation
n84:5buzjpoq0s7l_1ab6lckgbndpapj_0y.ttkigel6y 6dzt82jqtfm5xx
n84:56
d156:49
n104:32
d97:17
n99:17
d43:15
n77:14
Invalid operation
d1
d109/
d156
d169/
d178
d189
d196
d22/
d221/
d229
d233
d252/
d265/
d269/
d288/
d289/
d295
d43
d54/
d64/
d69
d84
d9
d96
d97
f109
f122/
f133
f140
f143/
f157/
f184/
f215
f22/
f235/
f277
f278/
f4/
f51
f57
f63
f72
f84/
f9
f99
n1/
n104
n113/
n117/
n55
n56/
n64/
n75/
n77
n84
n99
Invalid operation
Invalid operation
Invalid operation
Invalid operation
Invalid operation
Invalid operation
Invalid operation
Invalid operation
d22:dir:0
d134
d175/
d194
d252
d265/
d276
d279
d294/
d51
d80
f0
f105/
f164/
f173
f196
f255
f282
f293
f49
f54/
f86
f90
n102/
n21
n58/
n68/
f282:69 25 33 B4 B4 E0 3B DE B4
f282:4D 71
f282:B1 69 25 33 B4 B4 E0 3B DE B4 F5
f282:9E 42 E2 F9 A6 7B 3B DE B4 F5 45 ED 85 02
/n117/f49
Invalid operation
f49:b4umhj.1g143l4cpwj5nvnq_b.kv-bvb_ch5-3tog-qx58nmmn2mo6tnr5206e12a
Invalid operation
f282:12
f282:16 B2 90
Invalid operation
f118:
f282:A6 7B 3B DE B4 F5 45 ED 85 D3 05 F6 CB
f282:1B FE A3 42 E2 F9 A6 7B 3B DE
f139:dir:0
d279:5
d279
d73/
f139/
f91/
n32/
d116
d134
d173/
d175/
d194
d252
d265/
d276
d279
d294/
d51
d80
f105/
f164/
f173
f196
f199
f255
f282
f293
f49
f54/
f90
n102/
n21
n58/
n68/
Invalid operation
Invalid operation
Invalid operation
Invalid operation
n117/
├── d116
├── d134
├── d173/
│   ├── d279
│   ├── d73/
│   ├── f139/
│   ├── f91/
│   └── n32/
├── d175/
│   ├── d10/
│   ├── d112
│   ├── d233/
│   ├── d69
│   ├── f176
│   ├── f23/
│   │   └── f35
│   ├── n109/
│   ├── n114
│   ├── n66/
│   └── n80/
├── d194
├── d252
├── d265/
├── d276
├── d279
├── d294/
├── d51
├── f100
├── f105/
├── f164/
│   ├── d162/
│   │   ├── f109
│   │   ├── n105/
│   │   └── n115
│   ├── d190/
│   │   ├── d126/
│   │   ├── d224
│   │   ├── d59/
│   │   ├── d85
│   │   ├── f102/
│   │   │   ├── d163
│   │   │   └── d293
│   │   ├── f151
│   │   ├── f153
│   │   ├── f169
│   │   ├── f209/
│   │   │   ├── d128
│   │   │   ├── f138/
│   │   │   ├── f164/
│   │   │   ├── n30
│   │   │   └── n35
│   │   ├── f240
│   │   ├── f295
│   │   ├── f52
│   │   ├── f58
│   │   ├── f74
│   │   ├── n111
│   │   └── n32/
│   │       ├── d10
│   │       ├── d114
│   │       ├── d16
│   │       ├── d35
│   │       ├── d43/
│   │       │   ├── d143
│   │       │   └── d270
│   │       ├── d86
│   │       ├── d88
│   │       ├── f122
│   │       ├── f126/
│   │       ├── f162/
│   │       │   ├── d241
│   │       │   └── d34
│   │       ├── f172
│   │       ├── f204/
│   │       ├── f269
│   │       ├── f273
│   │       ├── f81/
│   │       ├── n113
│   │       ├── n40/
│   │       └── n42/
│   ├── d20/
│   └── d253
├── f173
├── f179
├── f196
├── f199
├── f248
├── f255
├── f282
├── f293
├── f49
├── f54/
├── f78/
├── f90
├── n102/
│   ├── d119
│   └── f268/
├── n21
├── n58/
└── n68/
/n84
Invalid operation
d114
d164
d176
d188/
d189/
d197
d203/
d230
d251/
d67
f149/
f18/
f27
f7/
n103
n84:5buzjpoq0s7l_1ab6lckgbndpapj_0y.ttkigel6y 6dzt82jqtfm5xxxddso.t2-yz j_
Invalid operation
Invalid operation
d1
d109/
d156
d169/
d178
d189
d196
d22/
d229
d233
d252/
d265/
d269/
d288/
d289/
d43
d54/
d64/
d69
d84
d9
d96
d97
f109
f122/
f133
f140
f143/
f157/
f181
f184/
f215
f22/
f235/
f265/
f277
f4/
f51
f57
f63
f72
f84/
f9
f99
n113/
n117/
n55
n75/
n77
n83/
n84
n99
d1
d109/
d156
d169/
d178
d189
d196
d22/
d229
d233
d252/
d265/
d269/
d288/
d289/
d43
d54/
d64/
d69
d84
d9
d96
d97
f109
f122/
f133
f140
f143/
f157/
f181
f184/
f215
f22/
f235/
f265/
f277
f4/
f51
f57
f63
f72
f84/
f9
f99
n113/
n117/
n55
n75/
n77
n83/
n84
n99
d1
d109/
d156
d169/
d178
d189
d196
d22/
d229
d233
d252/
d265/
d269/
d288/
d289/
d43
d54/
d64/
d69
d84
d9
d96
d97
f109
f122/
f133
f140
f143/
f157/
f181
f184/
f215
f22/
f235/
f265/
f277
f4/
f51
f57
f63
f72
f84/
f9
f99
n113/
n117/
n27/
n55
n75/
n77
n83/
n84
n99
n55:81 13 35 75 D8 00 00
Invalid operation
Invalid operation
/n113/f240
Invalid operation
Invalid operation
Invalid operation
Invalid operation
Invalid operation
Invalid operation
Invalid operation
d1
d109/
d156
d169/
d178
d189
d196
d22/
d229
d233
d252/
d265/
d269/
d288/
d43
d54/
d64/
d69
d84
d9
d96
d97
f109
f122/
f133
f140
f143/
f157/
f181
f184/
f215
f22/
f235/
f265/
f277
f4/
f51
f57
f63
f72
f84/
f9
f99
n110/
n113/
n117/
n27/
n55
n75/
n77
n83/
n84
n99
d1
d109/
d156
d169/
d178
d189
d196
d22/
d229
d233
d252/
d265/
d269/
d288/
d43
d54/
d64/
d69
d84
d9
d96
d97
f109
f122/
f133
f140
f143/
f157/
f181
f184/
f215
f22/
f235/
f265/
f277
f4/
f51
f57
f63
f72
f84/
f9
f99
n110/
n113/
n117/
n27/
n55
n75/
n77
n83/
n84
n99
d1
d109/
d156
d169/
d178
d189
d196
d22/
d229
d233
d252/
d265/
d269/
d288/
d43
d54/
d64/
d69
d84
d9
d96
d97
f109
f122/
f133
f140
f143/
f157/
f181
f184/
f215
f22/
f235/
f265/
f277
f4/
f51
f57
f63
f72
f84/
f9
f99
n110/
n113/
n117/
n27/
n55
n75/
n77
n83/
n84
n99
Invalid operation
Invalid operation
d1
d109/
d156
d169/
d178
d189
d196
d22/
d229
d233
d252/
d265/
d269/
d288/
d43
d54/
d64/
d69
d84
d9
d96
d97
f109
f122/
f133
f140
f143/
f157/
f181
f184/
f215
f22/
f235/
f265/
f277
f4/
f51
f57
f63
f72
f84/
f9
f99
n110/
n113/
n117/
n27/
n55
n75/
n77
n83/
n84
n99
n84:5buzjpoq0s7l_1ab6lckgbndpapj_0y.ttkigel6y 6dzt82jqtfm5xxxddso.t2-yz j_c__5du9-3f8tdijr_uao 4pay0xjr..5wdy2cyvuednx
d22:dir:0
d1
d109/
d156
d169/
d178
d189
d196
d22/
d229
d233
d252/
d265/
d269/
d288/
d43
d54/
d64/
d69
d84
d9
d96
d97
f109
f122/
f133
f135
f140
f143/
f157/
f181
f184/
f215
f22/
f235/
f265/
f277
f4/
f51
f57
f63
f72
f84/
f9
f99
n110/
n113/
n117/
n27/
n55
n75/
n77
n84
n99
n55:46 02 74 75 D8 00 00
/n84
d1
d109/
d156
d169/
d178
d189
d196
d22/
d229
d233
d252/
d265/
d269/
d288/
d43
d54/
d64/
d69
d84
d9
d96
d97
f109
f122/
f133
f143/
f157/
f181
f184/
f215
f22/
f235/
f265/
f277
f4/
f51
f57
f63
f72
f84/
f9
f99
n110/
n113/
n117/
n27/
n55
n75/
n77
n83/
n84
n99
Invalid operation
Invalid operation
Invalid operation
Invalid operation
Invalid operation
Invalid operation
n55:24 A9
Invalid operation
d109/
d156
d169/
d178
d189
d196
d22/
d229
d233
d252/
d265/
d269/
d288/
d41
d43
d54/
d64/
d69
d84
d9
d96
d97
f109
f122/
f133
f143/
f157/
f181
f184/
f215
f22/
f235/
f265/
f277
f4/
f51
f57
f63
f72
f84/
f9
f99
n110/
n113/
n117/
n27/
n55
n75/
n77
n83/
n84
n99
Invalid operation
Invalid operation
Invalid operation
Invalid operation
d169/
├── d179
└── d258
Invalid operation
d258
d297
f203/
n55:C8 14 FC
n55:45 A0 6F DB C8 14 FC BD 00
n84:127
d156:49
Invalid operation
Invalid operation
Invalid operation
d109/
d156
d169/
d178
d189
d196
d22/
d229
d233
d252/
d265/
d269/
d288/
d41
d43
d54/
d64/
d69
d84
d9
d96
d97
f109
f122/
f130/
f133
f143/
f157/
f181
f184/
f215
f22/
f235/
f265/
f4/
f51
f57
f63
f72
f84/
f9
f99
n110/
n113/
n117/
n27/
n55
n75/
n77
n83/
n84
n99
Invalid operation
d22:dir:0
d176/
Invalid operation
n84:5buzjpoq0s7l_1ab6lckgbndpapj_0y.ttkigel6y 6dzt82jqtfm5xxxddso.t2-yz j_c__5du9-3f8tdijr_uao 4pay0xjr..5wdy2cyvuednk_wtnr948zex0xto87d7fozlisx
/d109/f128
Invalid operation
f128:84
d204/
f123
f128
n110/
n84:5buzjpoq0s7l_1ab6lckgbndpapj_0y.ttkigel6y 6dzt82jqtfm5xxxddso.t2-yz j_c__5du9-3f8tdijr_uao 4pay0xjr..5wdy2cyvuednk_wtnr948zex0xto87d7fozlisx
n55:9A DA 7E F4 54 64 FC BD 00 00 C2 8A 34 A6 3B FE 00 00
Invalid operation
d22:dir:0
Null
d22:dir:0
d109/
d156
d169/
d178
d189
d196
d22/
d229
d233
d252/
d269/
d41
d43
d54/
d64/
d69
d84
d9
d96
d97
f109
f122/
f130/
f133
f143/
f157/
f181
f184/
f215
f22/
f23
f235/
f265/
f4/
f51
f57
f63
f84/
f9
f99
n113/
n117/
n27/
n50
n55
n75/
n77
n83/
n84
n99
n84:5buzjpoq0s7l_1ab6lckgbndpapj_0y.ttkigel6y 6dzt82jqtfm5xxxddso.t2-yz j_c__5du9-3f8tdijr_uao 4pay0xjr..5wdy2cyvuednk_wtnr948zex0xto87d7fozlisx
Invalid operation
Invalid operation
Invalid operation
d109/
d156
d169/
d178
d183/
d189
d196
d22/
d229
d233
d252/
d269/
d43
d54/
d64/
d69
d84
d9
d96
d97
f109
f122/
f130/
f133
f140
f143/
f157/
f181
f184/
f215
f22/
f23
f235/
f265/
f4/
f51
f57
f63
f84/
f9
f99
n113/
n117/
n27/
n50
n55
n75/
n83/
n84
n99
n55:3B FE
n84:140
d156:49
n55:26
d97:17
n99:17
d109/
d156
d169/
d178
d183/
d189
d196
d22/
d229
d233
d252/
d269/
d43
d54/
d64/
d69
d9
d96
d97
f109
f122/
f130/
f133
f140
f143/
f157/
f181
f184/
f215
f22/
f23
f235/
f265/
f4/
f51
f57
f63
f84/
f9
f99
n113/
n117/
n27/
n50
n55
n75/
n83/
n84
n99
d15/
d156/
d158/
d223
d80
f173
f249/
n30/
n61/
Invalid operation
Invalid operation
Invalid operation
Invalid operation
Invalid operation
Invalid operation
Invalid operation
Invalid operation
Invalid operation
Invalid operation
d109/
d156
d169/
d178
d183/
d189
d22/
d229
d233
d252/
d269/
d43
d54/
d64/
d69
d9
d96
d97
f109
f122/
f130/
f133
f140
f143/
f157/
f172
f181
f184/
f215
f22/
f23
f235/
f265/
f4/
f51
f57
f63
f84/
f9
f99
n1/
n113/
n117/
n27/
n50
n55
n75/
n83/
n84
n99
n84:5buzjpoq0s7l_1ab6lckgbndpapj_0y.ttkigel6y 6dzt82jqtfm5xxxddso.t2-yz j_c__5du9-3f8tdijr_uao 4pay0xjr..5wdy2cyvuednk_wtnr948zex0xto87d7fozlisxx
Invalid operation
Invalid operation
d142
d237/
d242/
f177/
f217/
f86
n31/
n47
d142
d237/
d242/
f177/
f217/
f86
n31/
n47
n47:46
d142
d237/
d242/
f177/
f217/
f86
n31/
n47
Null
/f157/n47
d142
d237/
d242/
f177/
f217/
f298
f86
n111
n31/
n47
d22:dir:0
Invalid operation
d116
d134
d173/
d175/
d194
d252
d265/
d276
d279
d51
f105/
f164/
f173
f179
f196
f199
f248
f255
f282
f293
f49
f54/
f78/
f90
n102/
n21
n58/
n68/
Invalid operation
Invalid operation
d106/
d116
d173/
d175/
d194
d252
d265/
d276
d279
d51
f105/
f164/
f173
f179
f196
f199
f248
f255
f282
f293
f49
f54/
f78/
f90
n102/
n21
n58/
n68/
d106/
d116
d173/
d175/
d194
d252
d265/
d276
d279
d51
f105/
f164/
f173
f179
f196
f199
f248
f282
f293
f49
f54/
f72
f78/
f90
n102/
n21
n58/
n68/
n91/
Invalid operation
f49:txt:110
Invalid operation
d106/
d116
d173/
d175/
d194
d252
d265/
d276
d279
d51
f105/
f164/
f173
f179
f196
f199
f248
f282
f293
f49
f54/
f72
f78/
f90
n102/
n21
n58/
n68/
n91/
/n117/f49
Invalid operation
Invalid operation
Invalid operation
/n117/f49
d242/
f105/
n43/
f282:F5 30 DF ED 85 D3
d242/
f105/
n43/
Invalid operation
f277:4wl1
f282:1A 43 A6
Invalid operation
d178/
d218/
d242/
f105/
f269
f55/
n43/
/n117/n58/f269
d178/
d218/
d242/
f105/
f227
f269
f55/
n43/
f282:4A
f195
f195
f195:12
f195
f195
Invalid operation
f248/
f269:l_ds84t3qe6cz49
f248:dir:0
f13/
f248/
f282/
f293:EA
d30/
f117
f13/
f244
n83/
f282:97 D4 5B 2A 85 D3 05 99 69 BA
d131/
d30/
d84
f117
f244
n31
n83/
n31:6
f244:1
Invalid operation
Invalid operation
f244:u
d131/
d156
d166
d30/
d84
f244
n31
f129/
Invalid operation
d22/
d66/
f129/
f282:F7 1B FE A3 42 74 08 5C FF B7 1B 97 D4 5B 2A 85 D3 05 99 69 BA B3 14 28 02
Invalid operation
f244:uxkj2ihyrya4kxynp71 2n3z2._
d30/
├── d22/
├── d66/
├── f129/
└── f297/
f244:uxkj2ihyrya4kxynp71 2n3z2._
f129:dir:0
d30/
├── d22/
├── d97/
├── f129/
└── f214/
d99:41 08
Invalid operation
Invalid operation
Invalid operation
d261:0-civd.
d261
f177
f74/
d261
d298
f177
f37/
f74/
n37/
d261:0-civd.5s.wg_5duj8qx
d99:5D
d99:00 00
/n99
Invalid operation
Invalid operation
Invalid operation
f37/
├── d187/
├── d287/
├── f94/
└── n91
d187/
└── d292
d292
f239/
n69
Invalid operation
Invalid operation
Invalid operation
d261:0-civd.5s.wg_5duj8qx 3.0jxwe6k17utfsis
/n117/n58/f55/d30/d22/d261
Invalid operation
d187/
d250/
f104/
f87
Invalid operation
Invalid operation
Invalid operation
d138
d22
d22:x
n117:00
n117:34
Invalid operation
d12
/n117/n58/f55/d30/d22/f74/d12
Invalid operation
f74/
├── d12
├── d22/
└── f220/
d12
d22/
f220/
Invalid operation
Invalid operation
Invalid operation
d12
d194/
d22/
f220/
Invalid operation
f74/
├── d12
├── d194/
├── d22/
│   └── f42
└── f220/
d12:bin:10
d12:1B C6
Invalid operation
Invalid operation
Invalid operation
d12
d22/
d85/
f220/
Invalid operation
d12:51 07 4B 96 C8
d99:00 72 C6
Invalid operation
d298
f37/
f74/
n20/
Invalid operation
Invalid operation
/n117/n58/f55/d30/d22/d298
d258:13
d298:4
Invalid operation
Invalid operation
Invalid operation
f74:dir:0
Invalid operation
Invalid operation
Invalid operation
d291/
f74/
n20/
n84
d12
d22/
d85/
f220/
Invalid operation
Invalid operation
Invalid operation
d12
d85/
Invalid operation
Invalid operation
d12
Invalid operation
Invalid operation
d12:FB AD 27
Null
Invalid operation
d249
d291/
f74/
f99/
n20/
Invalid operation
Invalid operation
d99:9A 00 D1 4C B4 00 00 00 00 72 C6
Invalid operation
d22/
d97/
d99
n11
n71
d22/
d99
n11
n71
d22/
d8/
d99
n11
n71
d30:dir:0
d131/
d156
d166
d30/
d41/
d84
f244
f91/
n31
Invalid operation
Invalid operation
d245:txt:1
f244:uxkj2ihyrya4kxynp71 2n3z2._xtniad0uqc5w_u
d30:dir:0
Invalid operation
d195/
f253/
Invalid operation
f282:A3 42 74 08 5C
d195/
d55
f230
f253/
n112/
n74
d195/
d55
f230
f253/
n112/
n74
d195/
d55
f230
f253/
n112/
n74
d55
f230
f235
n112/
n74
f282:BA B3 14 28 02 C0 6E
d106/
d116
d119
d173/
d175/
d194
d252
d265/
d276
d279
d295/
d82
f105/
f15
f164/
f173
f179
f199
f248
f282
f293
f49
f54/
f72
f78/
f90
n102/
n21
n68/
n8/
n91/
d106/
d116
d119
d175/
d194
d252
d265/
d276
d279
d295/
d82
f105/
f11
f15
f164/
f173
f179
f199
f248
f282
f293
f49
f54/
f72
f78/
f90
n102/
n21
n68/
n8/
n91/
f49:152
f282:30
f173:14
Invalid operation
/n117/f49
f190/
f278
Invalid operation
Invalid operation
Invalid operation
n84:5buzjpoq0s7l_1ab6lckgbndpapj_0y.ttkigel6y 6dzt82jqtfm5xxxddso.t2-yz j_c__5du9-3f8tdijr_uao 4pay0xjr..5wdy2cyvuednk_wtnr948zex0xto87d7fozlisxx5gqs3.-c_ogngw.wc
Invalid operation
d22:dir:0
Invalid operation
d297/
f141/
f157/
n74/
Invalid operation
f141/
f157/
n74/
/n84
f141/
f157/
n74/
d285/
f141/
f157/
n74/
f141/
f157/
n74/
f141:dir:0
d41
f141/
f157/
n74/
Invalid operation
Invalid operation
Invalid operation
Null
/d22/f188
/d22/f188
Null
n55:A7 05 C1 BA B5 6A 64 FC BD 00 00 C2 8A 34 A6 3B FE 00 8D
d277
f125
f141/
f147/
f157/
f188
f229/
f246
n74/
n55:0D A7 05 C1 BA B5 6A 64 FC BD 00 00 C2 8A 34 A6 3B FE 00 8D A1
d22/
├── d277
├── f125
├── f141/
├── f147/
├── f157/
├── f188
├── f229/
├── f246
└── n74/
n55:34 A6 3B FE 00 8D A1 00 00
f188:guv-b
d277
f125
f141/
f147/
f157/
f188
f229/
f246
f252
n74/
Invalid operation
Null
n55:83 A9 37
f141:dir:0
n55:8A 34 A6 3B FE 00 8D A1 00 00 BE
/d22/f157/f11
d180/
d252
f125
f141/
f147/
f157/
f188
f246
f252
n74/
f246:15
d34:8
d252:7
f188:6
f125:3
f252:2
n55:DE 69 00 B4
Null
d259:9
Invalid operation
d5:00 00 79
f188:guv-bx
f188:guv-bx
n55:9D
Null
d114
d259
d5
f150
f248/
d259:9
f160:BE 8B
f160:2D
Invalid operation
d180/
d220
d252
d260/
d290
d34
f125
f157/
f160
f188
f246
f252
f188:txt:6
d180/
d220
d252
d260/
d278/
d290
d34
d99/
f125
f157/
f160
f188
f246
f160:2D C5 9E BE
f160:C5 9E BE 8B 00 00 D2 C1 65 AD E7 80 00
f160:23
d290:15
d180/
d220
d252
d260/
d278/
d290
d34
f125
f157/
f160
f17/
f188
Null
d151/
d180/
d220
d252
d260/
d278/
d290
d34
f125
f157/
f160
f17/
f188
f188:guv-bx
f188:txt:6
/d22/f188
d290:15
f160:14
d34:8
d252:7
f188:6
f125:3
d220:0
f188:txt:7
d278/
Invalid operation
Invalid operation
Invalid operation
Invalid operation
Invalid operation
Invalid operation
n55:58 D1 A3 BE
Null
Invalid operation
Invalid operation
Invalid operation
Invalid operation
Invalid operation
Invalid operation
Invalid operation
n84:5buzjpoq0s7l_1ab6lckgbndpapj_0y.ttkigel6y 6dzt82jqtfm5xxxddso.t2-yz j_c__5du9-3f8tdijr_uao 4pay0xjr..5wdy2cyvuednk_wtnr948zex0xto87d7fozlisxx5gqs3.-c_ogngw.wcy9vvi90bguz0w0x
Invalid operation
n84:5buzjpoq0s7l_1ab6lckgbndpapj_0y.ttkigel6y 6dzt82jqtfm5xxxddso.t2-yz j_c__5du9-3f8tdijr_uao 4pay0xjr..5wdy2cyvuednk_wtnr948zex0xto87d7fozlisxx5gqs3.-c_ogngw.wcy9vvi90bguz0w0x
Invalid operation
d83:15
d24:dir:0
d24/
n97
d24/
n97
d109/
d116/
d138/
d156
d168
d169/
d178
d183/
d189
d219
d22/
d229
d233
d24
d252/
d274
d277
d43
d54/
d60
d64/
d69
d96
d97
f109
f122/
f130/
f133
f140
f143/
f157/
f172
f181
f184/
f186
f215
f22/
f23
f235/
f249
f4/
f5
f57
f63
f84/
f96
f99
n1/
n117/
n27/
n50
n55
n75/
n83/
n84
n99
f9/
d47/
f262/
f9/
n70
n55:1B 38 E3 DD 97 79 E4 B5 6A B0 11 7F 2B 00 C2 8A 34 37 3B FE 00 8D 58 D1
d47/
f262/
f9/
d47/
f262/
f9/
Invalid operation
d22:dir:0
Invalid operation
Invalid operation
Invalid operation
Invalid operation
Invalid operation
d64/
├── d47/
├── f262/
└── f9/
Invalid operation
n55:00 00
Invalid operation
Invalid operation
n84:5buzjpoq0s7l_1ab6lckgbndpapj_0y.ttkigel6y 6dzt82jqtfm5xxxddso.t2-yz j_c__5du9-3f8tdijr_uao 4pay0xjr..5wdy2cyvuednk_wtnr948zex0xto87d7fozlisxx5gqs3.-c_ogngw.wcy9vvi90bguz0w0xxlbs2ffs -dhpx29yigi.plo03xnhmbux5m
f27:dir:0
/d64/f262/f208
n55:6A B0 11 7F 2B 00 C2 BC 72 E9 E8 79
f208
f27/
f208:qp7golaklx
Invalid operation
d3/
d61
f208
f48/
f66
n0
Invalid operation
d245
d3/
d61
f208
f48/
f66
n0
f230:17
f208:10
f208:qp7golaklx
d15/
d245
d3/
d61
f208
f230
f4/
f48/
n112/
d245:45 34
Invalid operation
f208:md:22
d245:8E 45 34 20 DE
d245:DA
f31
f41/
Invalid operation
d3/
├── f31
└── f41/
f31
f41/
Invalid operation
f31
f41/
f208:qp7golaklxbcy..5kuqj b6ezwodf
f208:qp7golaklxbcy..5kuqj b6ezwodf
/d64/f262/d3/f199
Invalid operation
Invalid operation
n67
/d64/f262/d3/n67
/d64/f262/f208
d245
d3/
d61
f105/
f208
f230
f293/
f48/
d245:35 20 DA
f208:md:29
d188/
d245
d3/
d61
f208
f230
f293/
f48/
Invalid operation
f208:qp7golaklxbcy..5kuqj b6ezwodfz5dme9.x3z
n55:00 C2 BC 72 E9 E8 79 02 5B 58 D1 A3 BE 28 A1
Invalid operation
Invalid operation
d188/
d3/
d56
d61
f208
f230
f48/
f294:18
f294:18
Invalid operation
n84:5buzjpoq0s7l_1ab6lckgbndpapj_0y.ttkigel6y 6dzt82jqtfm5xxxddso.t2-yz j_c__5du9-3f8tdijr_uao 4pay0xjr..5wdy2cyvuednk_wtnr948zex0xto87d7fozlisxx5gqs3.-c_ogngw.wcy9vvi90bguz0w0xxlbs2ffs -dhpx29yigi.plo03xnhmbux5m32j3ybjfr1 ka7
Invalid operation
d188/
d3/
d56
d61
f2
f20/
f228/
f230
f294
f56
n32/
n39
d3/
d56
d61
f2
f20/
f228/
f229/
f230
f294
f56
n32/
n39
d3/
d56
d61
f2
f20/
f228/
f229/
f230
f248
f28
f294
f56
n32/
n39
d3/
d56
d61
f2
f20/
f228/
f229/
f230
f248
f28
f294
f56
n32/
n39
f294:5C C1
Invalid operation
d269
d3/
d56
d61
f133
f2
f20/
f228/
f229/
f230
f248
f28
f281/
f293
f294
f56
n32/
n39
n94/
Null
Invalid operation
Invalid operation
d269
d3/
d61
f133
f2
f20/
f228/
f229/
f230
f248
f28
f293
f294
f56
f78
n32/
n39
n94/
d3:dir:0
f294:18 00 00 5C
Invalid operation
Invalid operation
d269
d3/
d61
f133
f2
f20/
f228/
f229/
f230
f248
f28
f293
f294
f56
f78
n32/
n39
n94/
d269
d3/
d61
f133
f2
f20/
f228/
f229/
f230
f248
f28
f293
f294
f56
f78
n32/
n39
n94/
d170:ej19_t000
d170:txt:9
d170
d3:dir:0
Invalid operation
d94/
d142/
d94/
d142/
d94/
Invalid operation
d142/
d21/
d94/
f79/
f230:w512kx0fisl4z7kjuckknj6nziuzu7ywnf1_t5vga6p817jq3_kb82bdyk4r3i_
Invalid operation
Invalid operation
Invalid operation
Invalid operation
d149:17
d100:0
Invalid operation
d149:17
d100:0
Invalid operation
Invalid operation
Invalid operation
d94:dir:0
d100:00
Invalid operation
d100
d142/
d149
d21/
d94/
f79/
d100:00
Invalid operation
Invalid operation
Invalid operation
Null
Invalid operation
d100
d142/
d149
d21/
d94/
f79/
f98
Invalid operation
n94/
├── d100
├── d142/
├── d149
├── d21/
├── d94/
├── f108
├── f79/
└── f98
d100:00 00
d94:dir:0
d198:dir:0
d100:00
Null
d100
d142/
d149
d21/
d92/
d94/
f108
f79/
d100
d142/
d149
d21/
d57
d92/
d94/
f108
f79/
d149:17
f280:16
Invalid operation
/d64/f262/f230
Invalid operation
f230:w512kx0fisl4z7kjuckknj6nziuzu7ywnf1_t5vga6p817jq3_kb82bdyk4r3i_x
Invalid operation
f230:64
f294:17
f78:14
f28:10
d61:3
f56:1
Invalid operation
Invalid operation
f262/
├── d158
├── d3/
│   ├── f206
│   └── n67
├── d61
├── d70
├── f2
├── f20/
├── f211/
├── f228/
├── f229/
├── f230
├── f248
├── f28
├── f293
├── f294
├── f56
├── f78
├── n76
└── n94/
    ├── d100
    ├── d149
    ├── d57
    ├── d92/
    ├── d94/
    │   ├── d138/
    │   ├── d188/
    │   ├── d275/
    │   ├── f22
    │   └── n27
    ├── f280
    ├── f79/
    └── n46
d158
d3/
d61
d70
f2
f20/
f211/
f228/
f229/
f230
f248
f28
f293
f294
f56
f69
f78
n76
n94/
f262/
f262/
/d64/f262/f230
d158
d3/
d61
d70
f2
f20/
f211/
f228/
f229/
f230
f248
f28
f293
f294
f56
f69
f78
n76
n94/
Invalid operation
Invalid operation
d105
f254
f254:21
Invalid operation
Invalid operation
d149:17
f280:16
d100
d149
d57
d92/
d94/
f280
f79/
n46
d119
d149
d57
d92/
d94/
f108
f141
f280
f79/
n46
n46:84 55 E1
Invalid operation
Invalid operation
Invalid operation
Invalid operation
Invalid operation
f258:9D 72
f258:72
f22:29
n27:11
Null
Invalid operation
d138/
d188/
f295/
n27
d138/
d188/
f295/
n27
n97
/d64/f262/n94/d94/n27
n46:D6 B6 83
n97:3q3ip-opr
d138/
d188/
f295/
n97
Invalid operation
Invalid operation
Invalid operation
d138:dir:0
n46:AE 37
Invalid operation
d138/
d140
d188/
n97
Invalid operation
Invalid operation
Invalid operation
d225:isvx7.d5
d234:26 EA
/d64/f262/n94/d94/d225
d234:83
Invalid operation
Invalid operation
Invalid operation
Invalid operation
Invalid operation
d149
d57
d92/
d94/
f280
f79/
n46
f294:E8 3F 2C EB 00 40 61
Invalid operation
d105
f294:40
d3:dir:0
d158
d3/
d61
d70
f2
f20/
f211/
f228/
f229/
f230
f248
f28
f293
f294
f56
f69
f78
n76
n94/
d158
d3/
d61
d70
f2
f20/
f211/
f228/
f229/
f230
f248
f28
f293
f294
f56
f69
f78
n76
n94/
Invalid operation
d121/
d149
d161/
d92/
d94/
f280
f79/
n104/
n95
Invalid operation
d121/
d149
d161/
d92/
d94/
f280
f79/
n104/
n95
d121/
d149
d161/
d92/
d94/
f280
f79/
n104/
n95
f294:EB
d121/
d149
d161/
d92/
d94/
f79/
n104/
n95
d114
d121/
d149
d161/
d92/
d94/
f79/
n104/
n83/
n95
d114
d121/
d149
d161/
d92/
d94/
f79/
n104/
n83/
n95
d114
d121/
d149
d161/
d92/
d94/
f79/
n104/
n83/
n95
Invalid operation
d114
d121/
d149
d161/
d92/
d94/
f79/
n104/
n83/
n95
Invalid operation
f294:18 7D 84
Invalid operation
f294:17 CE 01
f230:70
f294:17
n30:17
f78:14
n76:13
d158:12
f28:10
d242:9
f230:70
f294:20
n30:17
f78:14
n76:13
d158:12
Invalid operation
Invalid operation
d114
d121/
d161/
d172/
d92/
d94/
f79/
n104/
n32/
n83/
f79:dir:0
d114
d121/
d161/
d172/
d92/
d94/
f104/
f79/
n104/
n83/
n55:C6 D5
d114
d118
d121/
d161/
d215/
d54
d92/
d94/
f104/
f79/
n104/
n58/
d114
d118
d121/
d161/
d215/
d54
d92/
d94/
f104/
f79/
n104/
n58/
n55:BD FF E3 DD 97 79 E4 27 A6 D1 11 7F 2B 00 C2 BC 72 E9
n55:4B 18 DA 34 50 C6 D5 82 00
Invalid operation
Invalid operation
d114
d121/
d161/
d215/
d54
d92/
f104/
f238
f252
n0
n104/
n58/
d114
d121/
d161/
d215/
d54
d92/
f104/
f131/
f238
f252
n0
n104/
n58/
Invalid operation
d158
d213/
d242
d3/
d61
f128/
f2
f201
f211/
f228/
f230
f28
f293
f56
f69
f78
f92
n12/
n30
n76
n94/
Invalid operation
Invalid operation
d150
d158
d213/
d242
d267/
d3/
d61
f128/
f2
f201
f211/
f228/
f230
f28
f293
f56
f69
f78
f92
n12/
n30
n76
n94/
d150
d158
d213/
d242
d267/
d3/
d57
d61
f128/
f2
f211/
f228/
f230
f28
f293
f56
f69
f78
f8
f83/
f92
n12/
n30
n60
n76
n78
n94/
d61:-ko
Invalid operation
n30:17
f78:14
f92:14
n76:13
d158:12
d150:10
f28:10
n60:10
d61:-kojwmxl9o
d131
Invalid operation
d114
d121/
d129
d161/
d215/
d54
d92/
f104/
f131/
f238
f252
n0
n104/
n58/
n65
n96
f252:11 69
/d64/f262/n94/d114
Invalid operation
Invalid operation
d92:dir:0
f252:00 00
Invalid operation
n50/
n50/
Invalid operation
/d64/f262/n94/n58/d6
Invalid operation
d114:8a6rlm1iqij9nvxtczf8o.
Invalid operation
Invalid operation
Invalid operation
d114:8a6rlm1iqij9nvxtczf8o.ixkegn6m5dbeweptyqct356z
Invalid operation
n94/
├── d114
├── d121/
├── d129
├── d161/
├── d215/
├── d54
├── d92/
│   └── d105
├── f104/
├── f131/
├── f204
├── f238
├── f252
├── n0
├── n104/
├── n58/
│   └── d271
└── n65
Invalid operation
n30:17
f78:14
f8:14
f92:14
f269:13
n76:13
d158:12
Null
Invalid operation
d3:dir:0
/d64/f262/d61
/d64/f262/d61
d278/
f262/
Invalid operation
Invalid operation
Invalid operation
d278/
f262/
f76
f85
Invalid operation
Invalid operation
f85:00 0A
Invalid operation
Invalid operation
Invalid operation
Invalid operation
Invalid operation
Invalid operation
f111:dir:0
d279
d279
f111/
f85:00
f27/
n88:dir:0
d133
n64/
n88/
d133
f273
n64/
n88/
Invalid operation
Invalid operation
d43:32
d105:0
Invalid operation
d123
d278/
f146/
f155/
f262/
f76
f85
f96
n56
Invalid operation
d123
d278/
f146/
f155/
f262/
f76
f85
f96
n56
Invalid operation
d123
d278/
f146/
f155/
f262/
f76
f85
f96
n56
d123
d278/
f146/
f155/
f262/
f76
f85
f96
n56
d123
d278/
f146/
f155/
f262/
f76
f85
f96
n56
f85:00
Invalid operation
d109/
d116/
d138/
d168
d169/
d178
d183/
d189
d219
d22/
d229
d233
d24
d252/
d274
d277
d299
d43
d54/
d60
d64/
d69
d96
d97
f109
f122/
f130/
f133
f140
f143/
f157/
f172
f181
f184/
f186
f215
f22/
f23
f235/
f249
f4/
f5
f57
f63
f84/
f96
f99
n1/
n27/
n50
n55
n60
n75/
n84
n99
n55:E3 DD 97 79 E4 27 A6 D1 11 7F 2B 00 C2 D4 45 DF E8 79 02 5B 58 D1 A3 4B 18
n55:D5
d109/
d116/
d138/
d168
d169/
d178
d183/
d189
d219
d22/
d229
d233
d24
d252/
d274
d277
d299
d43
d54/
d60
d64/
d69
d96
d97
f122/
f130/
f133
f140
f143/
f157/
f172
f181
f184/
f186
f215
f22/
f225/
f23
f235/
f249
f4/
f5
f57
f63
f84/
f96
f99
n1/
n27/
n50
n55
n60
n75/
n84
n99
Invalid operation
d22:dir:0
Invalid operation
Invalid operation
d109/
d116/
d138/
d168
d169/
d178
d183/
d189
d219
d22/
d229
d233
d24
d252/
d274
d277
d299
d43
d54/
d60
d64/
d69
d96
f122/
f130/
f133
f140
f143/
f155/
f157/
f172
f181
f184/
f186
f215
f22/
f225/
f23
f235/
f249
f255
f4/
f5
f57
f63
f84/
f96
f99
n1/
n27/
n50
n55
n60
n75/
n84
n99
Invalid operation
n55:C2 D4 45 DF E8 79 02 5B 58 67 5E 4B 18 DA 34 50 C6 D5 5A D6 FE 25 DE 87 65 85
d109/
d116/
d138/
d168
d169/
d178
d183/
d189
d219
d22/
d229
d233
d24
d252/
d274
d277
d299
d43
d54/
d57/
d60
d64/
d69
d96
f122/
f130/
f133
f140
f143/
f155/
f157/
f172
f181
f184/
f186
f215
f22/
f23
f235/
f249
f255
f284/
f4/
f5
f57
f63
f84/
f96
f99
n1/
n27/
n50
n55
n60
n61
n75/
n84
n99
d109/
d116/
d138/
d168
d169/
d178
d183/
d189
d219
d22/
d229
d233
d24
d252/
d274
d277
d299
d43
d54/
d57/
d60
d64/
d69
d96
f122/
f130/
f133
f140
f143/
f155/
f157/
f172
f181
f184/
f186
f215
f22/
f23
f235/
f249
f255
f284/
f4/
f5
f57
f63
f84/
f96
f99
n1/
n27/
n50
n55
n60
n61
n75/
n84
n99
/d64/f85
Invalid operation
Invalid operation
f85:05 2B CB 78 EC 75 38 59
Invalid operation
f85:5E 00 98 23
d109/
d116/
d138/
d168
d169/
d178
d183/
d189
d219
d22/
d229
d233
d24
d252/
d274
d299
d43
d54/
d57/
d60
d64/
d69
d96
f122/
f130/
f133
f140
f143/
f155/
f157/
f172
f181
f184/
f186
f215
f22/
f23
f235/
f249
f255
f284/
f4/
f5
f57
f63
f84/
f99
n1/
n27/
n50
n55
n60
n61
n75/
n84
n99
d109/
d116/
d138/
d168
d169/
d178
d183/
d189
d219
d22/
d229
d233
d24
d252/
d274
d299
d43
d54/
d57/
d60
d64/
d69
d96
f122/
f130/
f133
f140
f143/
f148
f155/
f157/
f172
f181
f184/
f186
f215
f22/
f23
f235/
f249
f255
f284/
f4/
f5
f57
f63
f84/
f99
n1/
n27/
n50
n55
n60
n61
n75/
n84
n99
Invalid operation
Invalid operation
n55:34 50 C6 D5 5A D6 FE 25
Invalid operation
d109/
d116/
d138/
d168
d169/
d178
d183/
d189
d219
d22/
d229
d233
d24
d252/
d274
d299
d43
d54/
d57/
d60
d64/
d69
d96
f122/
f130/
f133
f140
f143/
f148
f155/
f157/
f172
f181
f184/
f186
f215
f22/
f23
f235/
f249
f255
f284/
f4/
f5
f57
f63
f84/
f99
n1/
n27/
n50
n55
n60
n61
n75/
n84
n99
Invalid operation
d109/
d116/
d138/
d168
d169/
d178
d183/
d189
d219
d22/
d229
d233
d24
d252/
d274
d299
d43
d54/
d57/
d60
d64/
d69
d96
f122/
f130/
f133
f140
f143/
f148
f155/
f157/
f172
f181
f184/
f186
f215
f22/
f23
f235/
f249
f255
f284/
f4/
f5
f57
f59/
f63
f84/
f99
n1/
n27/
n50
n55
n60
n61
n75/
n84
n99
Invalid operation
d24:0
Invalid operation
/f4/n23/d175
n55:79 02 5B 58 67 5E 4B 18 DA
d175:txt:1
n55:AB D1 11 7F 2B 00 C2 D4 45 DF
d175:txt:1
Invalid operation
Invalid operation
d1/
d175
d223/
f16
f232
n110
d1/
d175
d223/
f16
f232
n110
Invalid operation
d208:B8 FA 2B 69
Invalid operation
d175:m
d1/
d175
d208
d223/
f16
f228/
n110
Invalid operation
d1/
d175
d208
d223/
d47/
d99
f16
f228/
n110
d208:69
Invalid operation
d1/
d175
d208
d223/
d47/
f16
f228/
n110
d175:txt:9
n55:5B 58 67 5E 4B 18 DA 34 50 C6 D5
Invalid operation
Invalid operation
Invalid operation
d295:txt:15
Invalid operation
d106/
d188/
d284
d295
f142
n23/
/f4/d295
d295:txt:16
d295:16
Invalid operation
d106/
d188/
d284
d295
f159/
f237/
f284/
f97/
n23/
n8
f4/
├── d106/
├── d153/
├── d188/
│   └── d148
├── d295
├── f159/
├── f237/
├── f284/
├── f97/
├── n23/
│   ├── d1/
│   ├── d175
│   ├── d208
│   ├── d223/
│   │   └── n4
│   ├── d47/
│   ├── f16
│   ├── f228/
│   ├── f265/
│   └── n110
└── n8
/f4/d295
d106/
d188/
d295
f159/
f237/
f284/
f97/
n23/
n8
n55:C6 D5
Invalid operation
d106/
d153/
d188/
d295
f159/
f178
f237/
f284/
f97/
n23/
d295:q0crxtrs9g1xxxxxf0j70xw4a.2qd 7szo9q
Invalid operation
d188:dir:0
n84:241
f188:guv-bxo6yjy5qe5y8vxfbckyoam9ut
Invalid operation
Invalid operation
n55:1C B9 5B 00 00
Null
f266/
Invalid operation
n84:262
n55:47
d299:17
Invalid operation
n84:262
n55:47
d299:17
d109/
d116/
d138/
d143/
d16/
d168
d169/
d178
d183/
d189
d219
d22/
d229
d233
d24
d252/
d274
d299
d35/
d43
d54/
d57/
d60
d69
d96
f122/
f130/
f133
f140
f148
f155/
f157/
f172
f181
f184/
f215
f22/
f23
f235/
f236/
f249
f255
f284/
f4/
f5
f59/
f63
f70/
f84/
f99
n1/
n27/
n50
n55
n60
n61
n75/
n84
n99
n84:5buzjpoq0s7l_1ab6lckgbndpapj_0y.ttkigel6y 6dzt82jqtfm5xxxddso.t2-yz j_c__5du9-3f8tdijr_uao 4pay0xjr..5wdy2cyvuednk_wtnr948zex0xto87d7fozlisxx5gqs3.-c_ogngw.wcy9vvi90bguz0w0xxlbs2ffs -dhpx29yigi.plo03xnhmbux5m32j3ybjfr1 ka70-2_yo28x-oo7q38bypj0y7fic2ei1vemftr8iojhu5cl
d22:dir:0
d109/
d116/
d138/
d143/
d16/
d168
d169/
d178
d183/
d189
d219
d22/
d229
d233
d24
d252/
d274
d299
d35/
d43
d54/
d57/
d60
d69
d96
f119/
f122/
f130/
f133
f140
f148
f155/
f157/
f172
f181
f184/
f215
f22/
f23
f235/
f236/
f249
f255
f284/
f4/
f5
f59/
f63
f70/
f84/
f99
n1/
n27/
n50
n55
n60
n61
n75/
n84
n99
Invalid operation
n84:276
n55:47
d299:17
n84:268
n55:47
d299:17
n84:268
n55:47
d299:17
/n84
Invalid operation
d204/
f123
n110/
f241/
Invalid operation
f123:bin:0
Invalid operation
Invalid operation
f53:dir:0
Invalid operation
Invalid operation
Invalid operation
Invalid operation
f148:10
n94:5
Invalid operation
Invalid operation
f191:xxlr_8
Invalid operation
d93:txt:14
Invalid operation
Invalid operation
Invalid operation
d109/
d116/
d138/
d143/
d151/
d168
d169/
d178
d183/
d189
d219
d22/
d229
d233
d24
d252/
d274
d299
d35/
d43
d54/
d57/
d60
d69
d96
f119/
f122/
f130/
f133
f140
f148
f155/
f157/
f172
f181
f184/
f194/
f215
f22/
f23
f235/
f236/
f249
f255
f284/
f4/
f5
f59/
f63
f70/
f84/
f99
n1/
n27/
n50
n55
n60
n61
n75/
n99
Invalid operation
Invalid operation
d109/
d116/
d138/
d143/
d151/
d168
d169/
d178
d183/
d189
d219
d22/
d229
d233
d24
d252/
d274
d299
d35/
d43
d57/
d60
d69
f119/
f121
f122/
f130/
f133
f140
f155/
f157/
f172
f181
f184/
f194/
f215
f22/
f23
f235/
f236/
f249
f255
f284/
f4/
f5
f59/
f63
f70/
f84/
f99
n1/
n27/
n50
n55
n60
n75/
n99
Invalid operation
d109/
d116/
d138/
d143/
d151/
d168
d169/
d178
d183/
d189
d219
d22/
d229
d233
d24
d252/
d274
d299
d35/
d43
d57/
d60
d69
d90
f119/
f121
f122/
f130/
f133
f140
f155/
f157/
f172
f181
f184/
f194/
f215
f22/
f23
f235/
f236/
f249
f255
f284/
f4/
f5
f59/
f70/
f84/
f99
n1/
n27/
n50
n55
n60
n75/
n99
Invalid operation
Invalid operation
Invalid operation
d104
d109/
d116/
d138/
d143/
d168
d169/
d178
d183/
d189
d219
d22/
d229
d233
d24
d252/
d274
d299
d35/
d43
d57/
d60
d69
d90
f119/
f121
f122/
f130/
f133
f140
f155/
f157/
f172
f181
f184/
f194/
f215
f22/
f23
f235/
f236/
f249
f255
f284/
f4/
f5
f59/
f70/
f84/
f89/
f99
n1/
n27/
n55
n58/
n60
n75/
n99
Invalid operation
Invalid operation
Invalid operation
d22:dir:0
Invalid operation
Invalid operation
d104
d109/
d116/
d138/
d143/
d168
d169/
d178
d183/
d189
d219
d22/
d229
d233
d24
d252/
d274
d299
d35/
d57/
d60
d69
d90
f119/
f121
f122/
f130/
f133
f140
f155/
f157/
f172
f181
f184/
f194/
f215
f22/
f23
f235/
f236/
f249
f255
f284/
f4/
f47/
f5
f59/
f70/
f84/
f89/
f99
n1/
n27/
n55
n58/
n60
n75/
n99
Invalid operation
d104
d109/
d116/
d138/
d143/
d168
d169/
d178
d183/
d189
d219
d22/
d229
d233
d24
d252/
d274
d299
d35/
d57/
d60
d69
d90
f119/
f121
f122/
f130/
f133
f140
f155/
f157/
f172
f181
f184/
f194/
f215
f22/
f23
f235/
f236/
f249
f255
f284/
f4/
f47/
f5
f59/
f70/
f84/
f89/
f99
n1/
n27/
n55
n58/
n60
n75/
n99
Invalid operation
Invalid operation
n55:52
d299:17
Invalid operation
n55:82 00 00 85
Invalid operation
Invalid operation
Invalid operation
Invalid operation
d104
d109/
d116/
d138/
d143/
d168
d169/
d178
d183/
d189
d219
d22/
d229
d233
d24
d252/
d274
d299
d35/
d57/
d60
d69
d90
f113
f119/
f121
f122/
f130/
f133
f140
f155/
f157/
f172
f181
f184/
f194/
f215
f22/
f23
f235/
f249
f255
f284/
f4/
f47/
f5
f59/
f70/
f84/
f89/
f99
n1/
n27/
n55
n58/
n60
n75/
n99
d104
d109/
d116/
d138/
d143/
d168
d169/
d178
d183/
d189
d219
d22/
d229
d233
d24
d252/
d274
d299
d57/
d60
d69
d90
f113
f119/
f122/
f130/
f133
f140
f155/
f157/
f172
f181
f184/
f194/
f215
f22/
f23
f235/
f249
f255
f284/
f4/
f47/
f5
f59/
f70/
f71
f84/
f89/
f99
n1/
n12
n27/
n55
n58/
n60
n75/
n96/
n99
Invalid operation
Invalid operation
Invalid operation
n55:00 00 00 7D FB 7E A1 82 00 00 85 00 00 00
n55:55
d299:17
f71:17
d22:dir:0
Invalid operation
Invalid operation
Invalid operation
d146
Invalid operation
Invalid operation
f231/
f231/
└── d66
n55:7C 6B 82 DC 50 65 AB D1 11 7F 79 EA
f231/
└── d9
Invalid operation
d66
d9
d104:0
f130:17
d104:0
Invalid operation
d104:
d9:txt:8
d9:nd.5z4zv5v2k-g9pi7
d9:txt:18
d9
f128/
d9
f128/
Invalid operation
Invalid operation
d9
f119
f120/
f128/
f65
f99
n30/
n9
Invalid operation
Invalid operation
d9
f119
f120/
f128/
f65
f99
n9
Invalid operation
f119:DC 3E 00 00 0B 06 B4 60
d148/
d9
f119
f120/
f128/
f65
n55:58 D6 00 00 00 7D FB 7E A1 82 00 00 6E
d286:98
Invalid operation
Null
/d116/f231/f65
Invalid operation
Invalid operation
d104
d200
f130
f135
f231/
n64/
Invalid operation
Invalid operation
f231:dir:0
f148:39
Null
d200
f130
f135
f148
f231/
Invalid operation
Invalid operation
d177/
Null
d200
f130
f135
f148
f209
f231/
n96/
f231:dir:0
f130:31
d200:11
f209:3
d126:0
f135:0
d148/
d168/
d286
d9
f120/
f128/
f65
n82/
d286:E8 26 22 E4 E8 47 EC
/d116/f231/f65
d148/
d168/
d286
d9
f120/
f128/
f65
n82/
f128:dir:0
d148/
d168/
d286
d9
f120/
f128/
f65
n82/
f65:qla2ff4 fg0iixadx
Invalid operation
d126
d200
f130
f135
f185/
f209
f231/
n96/
d126
d159/
d200
f130
f135
f185/
f209
f231/
n96/
Invalid operation
Invalid operation
d126
d159/
d200
f130
f135
f185/
f209
f231/
n96/
d126
d159/
d200
f130
f135
f168
f185/
f209
f231/
n96/
f231:dir:0
Invalid operation
f130:lbb-0sywhj3 n26c56lq31dc9ry..rkuqif-n0xq_e9-.f6_
f231:dir:0
d126:00 00
f231:dir:0
Invalid operation
d126:00
Invalid operation
d126:89 00 BD 60 9C BA BE
f231:dir:0
d126
d159/
d200
f130
f135
f168
f185/
f209
f231/
f91/
Invalid operation
d22:dir:0
Invalid operation
n55:51
d299:17
f71:17
d210
d104
d109/
d116/
d138/
d143/
d168
d169/
d170/
d178
d183/
d189
d219
d22/
d229
d233
d24
d252/
d272
d274
d299
d57/
d60
d69
d90
f119/
f122/
f130/
f133
f140
f155/
f157/
f172
f181
f184/
f194/
f215
f22/
f23
f249
f255
f284/
f4/
f47/
f5
f59/
f70/
f71
f72/
f84/
f89/
f99
n1/
n12
n27/
n55
n58/
n60
n75/
n96/
n99
d22:dir:0
n55:51
d299:17
f71:17
Invalid operation
n55:66
Invalid operation
Invalid operation
Invalid operation
f119/
├── d66
└── d96/
Invalid operation
f119/
├── d214/
├── f114/
└── f228
d22:dir:0
d104
d109/
d116/
d117/
d138/
d143/
d168
d169/
d170/
d178
d183/
d219
d22/
d229
d233
d24
d252/
d272
d274
d299
d57/
d60
d69
d90
f119/
f122/
f130/
f133
f140
f157/
f172
f181
f184/
f194/
f215
f22/
f23
f249
f255
f284/
f4/
f47/
f5
f59/
f70/
f71
f72/
f84/
f89/
f99
n1/
n12
n27/
n55
n58/
n60
n75/
n96/
n99
Invalid operation
Invalid operation
d109/
d116/
d117/
d138/
d143/
d168
d169/
d170/
d183/
d219
d22/
d229
d233
d24
d252/
d272
d274
d299
d57/
d60
d69
d90
f119/
f122/
f130/
f133
f140
f157/
f172
f181
f184/
f194/
f215
f22/
f227
f23
f249
f255
f284/
f4/
f47/
f5
f59/
f70/
f72/
f84/
f89/
f99
n1/
n12
n27/
n30/
n55
n58/
n60
n75/
n96/
n99
d109/
d116/
d117/
d138/
d143/
d168
d169/
d170/
d183/
d219
d22/
d229
d233
d24
d252/
d272
d274
d299
d57/
d60
d69
d90
f122/
f130/
f133
f140
f157/
f172
f181
f184/
f194/
f215
f22/
f227
f23
f249
f255
f284/
f4/
f47/
f5
f59/
f70/
f72/
f84/
f89/
f99
n1/
n12
n27/
n30/
n55
n58/
n60
n75/
n96/
n99
Invalid operation
n55:47 BB AB CF AE 2F 19 66 D2 2E 4F 1D 1E D6 D6 CC E3 CA 26 A5 62 EA 10 86 4B 4C B2 EA DC 38 43 8A 21 75 16 FB 7E A1 82 00 00 00 1F 04 A2 9C 72
d22:dir:0
Null
Invalid operation
Invalid operation
Invalid operation
d109/
d116/
d117/
d138/
d143/
d168
d169/
d183/
d219
d22/
d229
d233
d24
d252/
d272
d274
d283/
d299
d57/
d60
d69
d76/
d90
f122/
f130/
f133
f140
f157/
f172
f181
f184/
f194/
f215
f22/
f227
f23
f249
f255
f284/
f4/
f47/
f5
f59/
f70/
f72/
f78
f84/
f89/
f99
n1/
n12
n27/
n30/
n55
n58/
n60
n75/
n96/
n99
n55:57
d299:17
n55:57
d299:17
n99:17
d109/
d116/
d117/
d138/
d143/
d168
d169/
d183/
d219
d22/
d229
d233
d24
d252/
d272
d274
d283/
d299
d57/
d60
d69
d76/
d90
f122/
f130/
f133
f140
f142
f157/
f172
f181
f184/
f194/
f215
f22/
f226
f227
f23
f249
f255
f284/
f4/
f5
f59/
f70/
f72/
f78
f84/
f89/
f99
n1/
n12
n27/
n30/
n55
n58/
n60
n75/
n96/
n99
n55:57
d299:17
n99:17
Null
Invalid operation
Invalid operation
d109/
d116/
d117/
d138/
d143/
d146
d168
d169/
d183/
d219
d22/
d229
d233
d24
d252/
d272
d274
d299
d57/
d60
d69
d76/
d90
f122/
f130/
f133
f140
f142
f157/
f172
f181
f184/
f194/
f215
f22/
f226
f227
f23
f249
f255
f284/
f4/
f5
f59/
f70/
f72/
f78
f84/
f89/
f99
n1/
n12
n27/
n30/
n55
n58/
n60
n75/
n92
n99
n55:4B
n55:57
d299:17
n99:17
n55:57
d299:17
n99:17
n55:57
d299:17
n99:17
Invalid operation
f284/
└── f138
Invalid operation
n55:7E A1 82 00 00 00 1F 04 A2 9C
d120:0-o8j-xd1brugl
d120
n55:54
d299:17
n99:17
d22:dir:0
n55:54
d299:17
n99:17
Invalid operation
Invalid operation
n55:54
d299:17
n99:17
n55:54
d299:17
n99:17
Invalid operation
n55:66 D2 2E 4F 1D D8 D6 D6 CC E3 CA 26 A5 62 EA 10 86 4B 4C B2 EA DC 38 43 8A 21
n55:26 A5 62 EA 10 86 4B 4C B2 EA DC 38 43 8A 21 75 16 FB 7E A1 82 00 00 00 1F 04 A2
d42
Invalid operation
Invalid operation
d42:5
d42:5
Invalid operation
n55:54
d299:17
n99:17
n55:54
d299:17
n99:17
n55:54
d299:17
n99:17
n55:57
d299:17
n99:17
d146:16
d168:16
n55:57
d299:17
n99:17
d22:dir:0
n55:57
d299:17
n99:17
Invalid operation
Invalid operation
d229:0D
d233:cin 7gzpv8e
d109/
d116/
d117/
d138/
d143/
d146
d168
d169/
d183/
d219
d22/
d229
d233
d24
d252/
d272
d274
d299
d57/
d60
d69
d76/
d90
f122/
f130/
f133
f140
f142
f157/
f172
f181
f184/
f194/
f215
f22/
f226
f227
f23
f249
f255
f272
f284/
f4/
f5
f59/
f70/
f72/
f78
f84/
f89/
f99
n1/
n12
n27/
n30/
n55
n58/
n60
n75/
n99
n55:57
d233:27
d299:17
d109/
d116/
d117/
d138/
d143/
d146
d168
d169/
d183/
d219
d22/
d229
d233
d24
d252/
d272
d299
d57/
d60
d69
d76/
d90
f122/
f130/
f133
f140
f142
f157/
f172
f181
f184/
f194/
f215
f22/
f226
f227
f23
f249
f255
f272
f284/
f4/
f5
f59/
f70/
f72/
f78
f84/
f89/
f99
n1/
n12
n27/
n30/
n55
n58/
n60
n75/
n99
Invalid operation
Invalid operation
Invalid operation
/d57/d54
d229:1F 00 56
n55:57
d233:53
d299:17
d229:56 92 11
d109/
d116/
d117/
d138/
d143/
d146
d168
d169/
d183/
d219
d22/
d229
d233
d24
d252/
d272
d29
d299
d57/
d60
d69
d76/
f122/
f130/
f133
f140
f142
f144/
f157/
f181
f184/
f194/
f215
f22/
f226
f227
f23
f249
f255
f272
f284/
f4/
f5
f59/
f70/
f72/
f78
f84/
f89/
f99
n1/
n27/
n30/
n55
n58/
n60
n75/
n99
Invalid operation
d22:dir:0
d22:dir:0
d109/
d116/
d117/
d138/
d143/
d146
d168
d169/
d183/
d188/
d219
d22/
d233
d24
d252/
d272
d29
d299
d57/
d60
d69
d76/
f122/
f130/
f133
f140
f144/
f157/
f181
f184/
f194/
f202/
f215
f22/
f227
f23
f249
f255
f272
f284/
f4/
f5
f59/
f70/
f72/
f78
f84/
f89/
f99
n1/
n12
n27/
n30/
n55
n58/
n60
n75/
Invalid operation
Invalid operation
d109/
d116/
d117/
d138/
d143/
d146
d168
d169/
d183/
d188/
d219
d22/
d229
d233
d24
d252/
d272
d29
d299
d60
d69
d76/
f122/
f130/
f133
f140
f144/
f157/
f181
f184/
f194/
f202/
f215
f22/
f227
f23
f249
f255
f272
f284/
f4/
f5
f59/
f70/
f72/
f78
f84/
f89/
f99
n1/
n12
n27/
n30/
n55
n58/
n60
n75/
Invalid operation
Invalid operation
d233:cin 7gzpv8e 17nfq55nnorye0fx 05xac8hs_o-s5v_8qiifeg6xp-yjqdl7 9a7x89_mc
Invalid operation
Invalid operation
Invalid operation
Invalid operation
Invalid operation
Invalid operation
Invalid operation
Invalid operation
/f284/n60
/n60
Invalid operation
Invalid operation
Null
Invalid operation
Null
Invalid operation
d13:dir:0
Invalid operation
Null
d13:dir:0
d110:4bd335ifwzcrwu
Invalid operation
/f284/d110
d110:4bd335ifwzcrwux
d205/
f179/
f287
d205/
f179/
f287
Invalid operation
f181:23 00 14 7F CF 7C 01 4A
Null
f181:9C B8
d154
d157
d205/
f179/
n96
n96:xez9y
d154:34 1C
d154:DB
Invalid operation
d109/
d116/
d117/
d138/
d143/
d146
d168
d183/
d188/
d189
d219
d22/
d229
d233
d24
d252/
d272
d29
d299
d60
d69
d76/
f122/
f130/
f133
f140
f144/
f157/
f181
f184/
f194/
f202/
f215
f22/
f227
f23
f24/
f249
f255
f272
f284/
f4/
f5
f59/
f70/
f72/
f78
f84/
f89/
f99
n1/
n12
n27/
n30/
n55
n58/
n75/
Invalid operation
Invalid operation
d233:cin 7gzpv8e 17nfq55nnorye0fx 05xac8hs_o-s5v_8qiifeg6xp-yjqdl7 9a7x89_mcx2eejl1-jsn8.4poq68xqmefs24st j8kvaou
Invalid operation
d233:114
n55:57
f181:21
/d233
/d233
Null
d170
d191/
d274/
d298/
f25/
f294/
n68/
d170:44
d109/
d116/
d117/
d138/
d143/
d146
d168
d183/
d188/
d219
d22/
d229
d233
d252/
d272
d29
d299
d60
d69
d76/
d88
f122/
f128/
f130/
f133
f140
f144/
f157/
f181
f184/
f194/
f202/
f215
f22/
f227
f23
f24/
f249
f255
f284/
f4/
f46
f5
f59/
f70/
f72/
f78
f84/
f89/
f99
n1/
n12
n27/
n30/
n55
n58/
n75/
f181:00
n97:1
d40/
n97
n97:x
f192:E4
f192:E4
d22/
d40/
f192
f29
f78
f99
f99:g5jp2w
d22/
d40/
f192
f29
f32
f78
f99
Invalid operation
Invalid operation
d0/
d241/
d40/
d43/
f192
f210/
f29
f32
f78
f99
/d138/f99
/f99
f99:g5jp2w-9uo-r9ni 88ev4tgmy_c
f99:g5jp2w-9uo-r9ni 88ev4tgmy_c
d0/
d241/
d40/
d43/
f111
f192
f210/
f29
f32
f78
f99
n117/
n31
Invalid operation
d40:dir:0
f99:g5jp2w-9uo-r9ni 88ev4tgmy_c
d138/
├── d0/
├── d231
├── d241/
├── d40/
├── d43/
├── f111
├── f192
├── f210/
├── f29
├── f32
├── f78
├── f99
├── n117/
└── n31
d0/
d231
d241/
d40/
d43/
f111
f192
f210/
f29
f32
f78
f99
n117/
n31
d0/
d231
d241/
d40/
d43/
f111
f171
f192
f210/
f29
f32
f78
f99
n117/
n31
d0/
d231
d241/
d40/
d43/
f111
f171
f192
f210/
f29
f32
f78
f99
n117/
n31
f99:44
n31:15
f192:12
f171:7
d0/
d231
d40/
d43/
f111
f171
f192
f210/
f285/
f29
f32
f44/
f78
f99
n117/
n31
n65/
f192:5A 1F
f99:g5jp2w-9uo-r9ni 88ev4tgmy_c90dc.188_hfpa3kyu
f192:00 00 00 00 00
f201:9
Invalid operation
Invalid operation
f113
f192:33 36 43 D3
Invalid operation
d0/
d231
d40/
d43/
f111
f171
f192
f210/
f285/
f29
f32
f44/
f78
f9/
f99
n117/
n31
n65/
f192:32 B7 19 00 33 36 43 D3 68 2C 66
f192:48
Invalid operation
Invalid operation
Invalid operation
Invalid operation
f192:19 00
Invalid operation
Invalid operation
Invalid operation
f181:D3
d233:125
n55:57
f181:22
Invalid operation
d233:125
n55:57
f181:22
d233:125
n55:57
f181:22
Invalid operation
f102
f181:B8 E3 D5 35 18 8D DC 2A CA C3 D3 76 F5 92 F3 00 00 00 E4 00 00
d233:125
n55:57
f181:29
d109/
d116/
d117/
d138/
d143/
d146
d168
d183/
d188/
d219
d22/
d229
d233
d252/
d272
d29
d299
d60
d69
d76/
d84/
d88
f122/
f128/
f130/
f133
f140
f144/
f157/
f162
f181
f184/
f194/
f202/
f215
f22/
f227
f23
f24/
f249
f255
f284/
f4/
f46
f5
f59/
f70/
f72/
f78
f84/
f89/
f99
n1/
n12
n27/
n30/
n40
n55
n58/
n75/
/d233
d109/
d116/
d117/
d138/
d143/
d146
d168
d183/
d188/
d219
d22/
d229
d233
d252/
d272
d29
d299
d60
d69
d76/
d84/
d88
f122/
f128/
f130/
f133
f140
f144/
f157/
f162
f181
f184/
f194/
f202/
f215
f22/
f227
f23
f24/
f249
f255
f284/
f4/
f46
f5
f59/
f70/
f72/
f78
f84/
f89/
f99
n1/
n12
n27/
n30/
n40
n55
n58/
n75/
d233:125
n55:57
f181:29
f131/
f255
d233:125
n55:57
f181:29
d233:125
n55:57
f181:29
f128/
f131/
f255
n83
d233:125
n55:57
f181:29
d109/
d116/
d117/
d138/
d143/
d146
d168
d183/
d188/
d219
d22/
d229
d233
d252/
d272
d29
d299
d60
d69
d76/
d84/
d88
f122/
f128/
f130/
f133
f140
f144/
f157/
f162
f181
f184/
f194/
f202/
f212/
f215
f22/
f227
f23
f24/
f249
f255
f284/
f4/
f46
f5
f59/
f70/
f72/
f78
f84/
f89/
f99
n12
n27/
n30/
n40
n55
n58/
n75/
d233:125
n55:57
f181:29
d109/
d116/
d117/
d138/
d143/
d146
d168
d183/
d188/
d219
d22/
d229
d233
d252/
d272
d29
d299
d60
d69
d76/
d84/
d88
f122/
f128/
f130/
f133
f140
f144/
f157/
f162
f181
f184/
f194/
f202/
f212/
f215
f22/
f227
f23
f24/
f249
f255
f284/
f4/
f46
f5
f59/
f70/
f72/
f78
f84/
f89/
f99
n12
n27/
n30/
n40
n55
n75/
f181:9C B8 E3 D7 44 A8 86 CE D7 06 6A 8C EE F5 92 F3 00 00 00
d233:cin 7gzpv8e 17nfq55nnorye0fx 05xac8hs_o-s5v_8qiifeg6xp-yjqdl7 9a7x89_mcx2eejl1-jsn8.4poq68xqmefs24st j8kvaougb91fbw0eo6heil09
d233:125
n55:57
f181:29
d299:17
d146:16
d168:16
d229:15
f227:14
Invalid operation
d109/
d116/
d117/
d138/
d143/
d146
d168
d183/
d188/
d192
d219
d22/
d229
d233
d24/
d252/
d272
d29
d299
d60
d69
d76/
f122/
f128/
f130/
f133
f140
f144/
f157/
f162
f181
f184/
f194/
f202/
f212/
f215
f22/
f227
f23
f24/
f249
f255
f284/
f4/
f5
f59/
f70/
f72/
f78
f84/
f89/
f99
n12
n27/
n30/
n40
n55
n75/
d22:dir:0
Invalid operation
d22:dir:0
f181:81 9C B8 E3 D7 44 A8 86 CE D7 06 6A 8C EE F5 92 F3 00 00 00 E4 00 00 8A 00
d109/
d116/
d117/
d138/
d143/
d146
d168
d183/
d188/
d192
d219
d22/
d229
d233
d24/
d252/
d272
d29
d299
d60
d69
d76/
f122/
f128/
f130/
f133
f140
f144/
f157/
f162
f181
f184/
f194/
f202/
f212/
f215
f22/
f227
f23
f24/
f249
f255
f284/
f4/
f5
f59/
f70/
f72/
f78
f84/
f89/
f99
n12
n27/
n30/
n40
n55
n75/
Invalid operation
Invalid operation
d109/
d116/
d117/
d131/
d138/
d143/
d146
d168
d183/
d188/
d192
d219
d22/
d229
d233
d24/
d252/
d272
d29
d299
d60
d69
d76/
f122/
f128/
f130/
f133
f140
f144/
f157/
f162
f181
f184/
f194/
f202/
f212/
f215
f22/
f227
f23
f24/
f249
f255
f284/
f4/
f5
f59/
f70/
f72/
f78
f84/
f89/
f99
n12
n27/
n30/
n40
n55
n75/
f181:E4 00 00 8A
d22:dir:0
d233:125
n55:57
f181:34
d233:125
n55:57
f181:34
d233:125
n55:57
f181:34
d233:125
n55:57
f181:34
d299:17
d146:16
d168:16
d229:15
d233:cin 7gzpv8e 17nfq55nnorye0fx 05xac8hs_o-s5v_8qiifeg6xp-yjqdl7 9a7x89_mcx2eejl1-jsn8.4poq68xqmefs24st j8kvaougb91fbw0eo6heil09
Invalid operation
d233:125
n55:57
f181:34
d109/
d116/
d117/
d131/
d138/
d143/
d146
d168
d183/
d188/
d189
d192
d219
d22/
d229
d233
d24/
d252/
d272
d29
d299
d60
d69
d76/
f120
f122/
f128/
f130/
f133
f140
f144/
f157/
f181
f184/
f194/
f212/
f215
f22/
f227
f23
f24/
f249
f255
f284/
f4/
f5
f59/
f70/
f72/
f78
f84/
f89/
f99
n12
n20/
n27/
n30/
n40
n55
n75/
Invalid operation
n84/
f14
n84/
Invalid operation
f14:0
Invalid operation
f14
f145/
f286/
n84/
/n20/f14
f14:EC
n34:16
f14:9
f138:7
f14:bin:9
d109/
d116/
d117/
d131/
d138/
d143/
d146
d168
d183/
d188/
d189
d192
d219
d22/
d229
d24/
d252/
d272
d29
d299
d60
d69
d76/
f120
f122/
f128/
f130/
f133
f140
f144/
f157/
f181
f184/
f194/
f212/
f215
f22/
f227
f23
f24/
f249
f255
f284/
f4/
f5
f59/
f70/
f72/
f78
f84/
f89/
f99
n12
n20/
n30/
n40
n55
n75/
Invalid operation
f181:00 E6 C2 38 57 00 00
Invalid operation
/f133
f181:44 A8 86 CE D7 06 6A 8C EE F5 92
f181:F3 00 00
f284/
├── d205/
├── f233/
├── n52/
└── n96
f133:a9ab9zhk8i8ygw3yf2m
Invalid operation
/f184/d6
/f133
f181:00 00 00
Invalid operation
f266:txt:10
f266:9jqst4gd7q
f266:9jqst4gd7q
f266:9jqst4gd7q
Invalid operation
Null
f251/
f266
n66/
/f140
f181:E4 00
d195:79
d195:79 41 78 40
d49:23
d49:txt:24
d274
d49
f153/
Invalid operation
Invalid operation
n66/
├── d136/
├── d274
├── d49
└── f153/
f181:92 F3 00 00 66 E4 00 00 8A 00 E6 60
Invalid operation
Invalid operation
f266:9jqst4gd7qsowlb6d75bvm
d22/
Invalid operation
d297:00
Invalid operation
Invalid operation
Invalid operation
Invalid operation
Invalid operation
f226/
n48
Invalid operation
d297:00 00 00
d297
f211/
f266
n66/
Invalid operation
d297
f211/
f266
n66/
Invalid operation
f266:9jqst4gd7qsowlb6d75bvm
Invalid operation
f211/
f266
n66/
f181:00 78 1B B4
f185/
f43/
f80
n66/
Invalid operation
f80:n3krcdmtc h
f181:11
f181:E4 CE 18 56 85 31 5B 6D 29 61 11 AD A1 A0 00 78 1B B4 00
Null
f12/
f185/
f43/
f61/
f80
n36
n63/
n66/
Invalid operation
f80:11
n36:10
Invalid operation
Null
f181:78 1B B4 00 00
d22:dir:0
d44
Invalid operation
d44:bin:0
Invalid operation
Invalid operation
/f184/d127/d168
d168
n3
d127/
d298/
d44
f223
/f184/d44
d168
d44/
f299
d168: r338a86  rr-42x
d22:dir:0
Invalid operation
d22:dir:0
d109/
d116/
d117/
d131/
d138/
d143/
d146
d183/
d188/
d189
d192
d212/
d219
d22/
d24/
d247/
d252/
d272
d29
d299
d42
d51/
d60
d69
d76/
f120
f122/
f128/
f130/
f133
f140
f144/
f157/
f181
f184/
f194/
f212/
f215
f22/
f227
f23
f24/
f249
f255
f284/
f4/
f5
f59/
f70/
f72/
f78
f84/
f89/
f99
n12
n20/
n30/
n40
n55
n75/
d109/
d116/
d117/
d131/
d138/
d143/
d146
d183/
d188/
d189
d192
d212/
d219
d22/
d24/
d247/
d252/
d272
d29
d299
d42
d51/
d60
d69
d76/
f120
f122/
f128/
f130/
f133
f140
f144/
f157/
f181
f184/
f194/
f212/
f215
f22/
f227
f23
f24/
f249
f255
f284/
f4/
f5
f59/
f70/
f72/
f78
f84/
f89/
f99
n12
n20/
n30/
n40
n55
n75/
d109/
d116/
d117/
d131/
d138/
d143/
d146
d183/
d188/
d189
d192
d212/
d219
d22/
d24/
d247/
d252/
d272
d29
d299
d42
d51/
d60
d69
d76/
f120
f122/
f128/
f130/
f133
f140
f144/
f157/
f181
f184/
f194/
f212/
f215
f22/
f227
f23
f24/
f249
f255
f284/
f4/
f5
f59/
f70/
f72/
f78
f84/
f89/
f99
n12
n20/
n30/
n40
n55
n75/
Invalid operation
f133:a9ab9zhk8i8ygw3yf2m
n55:57
f181:40
f133:19
n55:57
f181:40
f133:19
f181:F3 00 BF 3F 66 74 E1 3F 6B 31 5B 6D 29 61 11 AD A1 A0 00 78 1B
d22:dir:0
d109/
d116/
d117/
d131/
d138/
d143/
d146
d183/
d188/
d189
d192
d212/
d219
d22/
d24/
d247/
d252/
d272
d29
d299
d42
d51/
d60
d69
d76/
f120
f122/
f128/
f130/
f133
f140
f144/
f157/
f181
f184/
f194/
f212/
f215
f22/
f227
f23
f24/
f249
f255
f284/
f4/
f5
f70/
f72/
f78
f84/
f89/
f99
n12
n20/
n30/
n40
n55
n75/
n55:57
f181:39
f133:19
Invalid operation
n55:57
f181:39
f133:20
n66:dir:0
Invalid operation
d150
f12/
f124
f185/
f43/
f61/
f68
f80
n36
n66/
n85/
Invalid operation
n36:E1
d150
d6
f12/
f124
f185/
f43/
f61/
f68
f80
n36
n66/
d150
d6
f12/
f124
f185/
f43/
f61/
f68
f80
n114/
n36
n66/
/d51/f80
Invalid operation
Invalid operation
Invalid operation
Invalid operation
n36:3F 50 27 C1 A4 00 00
d58/
f121
f61/
├── d58/
└── f121
Invalid operation
d58/
f121
n36:D7 9E AB
d263
d58/
f121
f263/
n36:50 27 C1 A4 00 00
Invalid operation
Invalid operation
Invalid operation
f189/
d184
d252/
d58/
f158/
f263/
Invalid operation
Invalid operation
d184:0
n36:0D
Invalid operation
Invalid operation
Invalid operation
Invalid operation
Invalid operation
Invalid operation
Invalid operation
d184
d252/
f121
f158/
f174
f263/
f71
Invalid operation
f181:06 6A B7 B2 F5 92 F3 00 BF 3F 66 74 E1 3F 6B 31 5B 6D
d109/
d116/
d117/
d131/
d138/
d143/
d146
d183/
d188/
d189
d192
d212/
d219
d22/
d223
d24/
d247/
d252/
d272
d29
d299
d42
d51/
d60
d69
d76/
f120
f122/
f128/
f130/
f133
f140
f144/
f157/
f181
f184/
f194/
f212/
f215
f22/
f227
f23
f24/
f249
f255
f284/
f4/
f5
f70/
f72/
f78
f84/
f89/
f99
n12
n20/
n30/
n40
n55
n75/
d109/
d116/
d117/
d131/
d138/
d143/
d146
d183/
d188/
d189
d192
d212/
d219
d22/
d223
d24/
d247/
d252/
d272
d29
d299
d42
d51/
d60
d69
d76/
f120
f122/
f128/
f130/
f133
f140
f144/
f157/
f181
f184/
f194/
f212/
f215
f22/
f227
f23
f24/
f249
f255
f284/
f4/
f5
f70/
f72/
f78
f84/
f89/
f99
n12
n20/
n30/
n40
n55
n75/
f181:A8 5B E3 D7 44 A8 86 CE D7
n55:57
f181:39
f133:20
n55:57
f181:39
f133:20
n55:57
f181:39
f133:20
/f133
n55:57
f181:39
f133:20
n55:57
f181:39
f133:33
n55:57
f181:39
f133:20
n55:57
f181:41
f133:20
Invalid operation
d109/
d116/
d117/
d131/
d138/
d143/
d183/
d188/
d189
d192
d196
d212/
d219
d22/
d223
d24/
d247/
d252/
d272
d29
d299
d42
d51/
d60
d69
d76/
f120
f122/
f128/
f130/
f133
f140
f144/
f157/
f181
f184/
f194/
f212/
f215
f22/
f227
f23
f24/
f249
f255
f284/
f4/
f5
f70/
f72/
f78
f84/
f89/
f99
n12
n20/
n30/
n40
n55
n75/
n55:57
f181:41
f133:37
d109/
d116/
d117/
d131/
d138/
d143/
d183/
d188/
d189
d192
d196
d212/
d219
d22/
d223
d24/
d247/
d252/
d272
d29
d299
d42
d51/
d60
d69
d76/
f120
f122/
f128/
f130/
f133
f140
f144/
f157/
f181
f184/
f194/
f212/
f215
f22/
f227
f23
f24/
f249
f255
f284/
f4/
f5
f70/
f72/
f78
f84/
f89/
f99
n12
n20/
n30/
n40
n55
n75/
f181:F3 00 BF
Invalid operation
d109/
d116/
d117/
d131/
d138/
d143/
d183/
d188/
d189
d192
d196
d212/
d219
d22/
d223
d24/
d247/
d252/
d272
d29
d299
d42
d51/
d60
d69
d76/
f120
f122/
f128/
f130/
f133
f140
f144/
f157/
f181
f184/
f194/
f212/
f215
f22/
f227
f23
f24/
f249
f255
f284/
f4/
f5
f70/
f72/
f78
f84/
f89/
f99
n12
n20/
n30/
n40
n55
d109/
d116/
d117/
d131/
d138/
d143/
d183/
d188/
d189
d192
d196
d212/
d219
d22/
d223
d24/
d247/
d252/
d272
d29
d299
d42
d51/
d60
d69
d76/
f120
f122/
f128/
f130/
f133
f140
f144/
f157/
f181
f184/
f194/
f212/
f215
f22/
f227
f23
f24/
f249
f255
f284/
f4/
f5
f70/
f72/
f78
f84/
f89/
f99
n12
n20/
n30/
n40
n55
Invalid operation
d109/
d116/
d117/
d131/
d138/
d143/
d183/
d188/
d189
d192
d196
d212/
d219
d22/
d223
d24/
d247/
d252/
d272
d29
d299
d42
d51/
d60
d69
d76/
f120
f122/
f128/
f130/
f133
f140
f144/
f157/
f181
f184/
f194/
f212/
f215
f22/
f227
f23
f24/
f249
f255
f284/
f4/
f5
f70/
f72/
f84/
f89/
f99
n12
n20/
n30/
n40
n55
Invalid operation
f181:DD 5B 6D
Invalid operation
f181:DD
f286:9cskt2cm0q27sgyi1qvcu7a_6sy
f286:27
d216:4
f286:9cskt2cm0q27sgyi1qvcu7a_6sy
f255:dir:0
f255:dir:0
n59/
Invalid operation
d197
f190:txt:8
f190:txt:8
f190
f76/
f10:00
f10:DC D1 02 BF
Invalid operation
f10:DC
Invalid operation
f185:0
Invalid operation
f18:dir:0
f10:DA 0D
Invalid operation
f185:
Invalid operation
f10:01 00 00 00 B0 AD 8D
Invalid operation
f33:dir:0
Invalid operation
f185:x
Null
f10:0D CA DC D1 02 BF 01 00 00 00 B0 AD 8D C2 73
n106:txt:15
n106:txt:15
d240/
n106
Invalid operation
Invalid operation
d89
Null
Invalid operation
f10:AD 8D C2 73 48 00 00 00 00 00 00
f33/
├── d240/
├── n106
└── n36
Invalid operation
Invalid operation
Invalid operation
f33/
f33:dir:0
Invalid operation
f164
Invalid operation
f10:CD 89 CD 57 80
f185:xx
Invalid operation
/f122/n59/f121/d125/f76/f185
f18:dir:0
/f122/n59/f121/d125/f76/f18/f63
f63: xf_u0
Invalid operation
d276
f171/
f18/
f185
d276
f171/
f18/
f185
d276:6
f185:2
f10:7E 3C 0E BD B0 AD 8D C2 73 48 00 00 00 00 D6 8C A5 A5 1B 00
f171/
f18/
Invalid operation
Invalid operation
f76/
├── f171/
└── f18/
    ├── f63
    └── f65
/f122/n59/f121/d125/f76/f197
f132/
Invalid operation
/f122/n59/f121/d125/f76/f18/f270/n102
f132:dir:0
f132/
n102
f10:C2 73 48 2A 15 BF 6E D6 8C A5 A5 1B 00
f10:3B 57 DA 0D CD 89 CD 57 80 7E 3C
Null
d297/
Invalid operation
Invalid operation
f133
f270/
f63
n14:0
d234/
d297/
d86
f293/
n14
d234/
d297/
d86
f293/
n14
/f122/n59/f121/d125/f76/f18/f270/n14
d22:dir:0
/f122/n59/f121/d125/f76/f18/f270/n14
d22/
f259/
d22:dir:0
f10:68 8D 00
d297:dir:0
f10:68 8D 00 00 00
/f122/n59/f121/d125/f76/f18/f270/n14
Invalid operation
Invalid operation
Invalid operation
Invalid operation
/f122/n59/f121/d125/f76/f18/f270/d297/n71/d20
/f122/n59/f121/d125/f76/f18/f270/d86
d86:gd-8yu
Invalid operation
Invalid operation
/f122/n59/f121/d125/f76/f18/f270/d86
Invalid operation
d92/
f151
n71/
f151:pz 
Invalid operation
f151:pz 
n71:dir:0
d277:74
n71:dir:0
f151:3
Invalid operation
Invalid operation
Invalid operation
Invalid operation
Invalid operation
f143/
d245
f191:b-m11h
d278
d82
f191
d278
d82
f191
Invalid operation
d278
d290
f191
d278
d290
f191
Invalid operation
Invalid operation
d277
d61
d87/
n71/
d297/
├── d277
├── d61
├── d87/
│   ├── d278
│   ├── d290
│   └── f191
└── n71/
Invalid operation
d277
d61
d87/
Invalid operation
d87:dir:0
d277:13
d61:8
Null
Invalid operation
Invalid operation
d86:gd-8yu
Invalid operation
d86:gd-8yu
d234/
d297/
d76/
d86
f293/
n14
d234/
d297/
d76/
d86
f293/
Invalid operation
Invalid operation
Invalid operation
Invalid operation
Invalid operation
Invalid operation
Invalid operation
d234/
d297/
d86
f107
f129
f163/
f206/
f229
f60
f94/
Invalid operation
d121
d234/
d297/
d86
f107
f129
f163/
f206/
f229
f60
f94/
Null
Invalid operation
d287
d297:dir:0
Invalid operation
Invalid operation
Invalid operation
Invalid operation
d121:17
Invalid operation
f229:rrtbuq7lw
d121
d297/
d47
f107
f129
f163/
f206/
f211
f229
f60
f94/
f99
n19
n98
Invalid operation
f129:00 00
f129:07 F0 E3 B1
d121
d297/
d47
f107
f129
f163/
f206/
f209
f211
f229
f60
f94/
f99
n19
n35/
f229:rrtbuq7lw6qltpy-80a7isx-x
d121
d297/
d47
f107
f163/
f206/
f209
f229
f280
f60
f94/
f99
n19
n35/
Invalid operation
Invalid operation
f107:0E 82
f107:82
d121
d297/
d47
f107
f163/
f206/
f209
f229
f278
f280
f60
f99
n19
n35/
d121
d297/
d47
f107
f163/
f206/
f209
f229
f278
f280
f60
f99
n19
n35/
d121
d297/
d47
f107
f163/
f206/
f209
f229
f278
f280
f60
f99
n19
n35/
Invalid operation
Null
d297:dir:0
f270/
├── d297/
├── d61
├── f107
├── f163/
│   └── f241/
├── f206/
├── f209
├── f229
├── f24/
├── f278
├── f280
├── f293
├── f60
├── f99
├── n19
└── n35/
Invalid operation
Invalid operation
f107:94 1E C4 D5 85 50 BC D7 24 0F 7A B8 A3 04 A1 68 A4 71
d172/
Invalid operation
Invalid operation
f24/
└── f45/
Invalid operation
f107:85 50 BC D7 24 0F 7A F8 A3 04 A1 68 A4 71 C0 B7 69 EE F1
Invalid operation
Invalid operation
f107:8E 7D 81 36 F8 A3 04 A1 68 A4 71 C0 B7 69
Invalid operation
f107:C4 50 69 E2 14 8E 7D 81 36 F8
d155
d249/
d265
d297/
d61
d88/
f107
f163/
f206/
f209
f229
f24/
f278
f280
f293
f60
f99
n19
n35/
Invalid operation
d297:dir:0
f107:C4 94 1E C4 50 69 E2 14 8E 7D 81 36 F8 A3 04 A1
d14
d155
d249/
d265
d297/
d61
d88/
f107
f163/
f206/
f209
f229
f24/
f278
f280
f293
f60
f99
n19
n35/
f107:E2 14
n31
Invalid operation
Null
Invalid operation
n31:7
Invalid operation
d14
d155
d249/
d265
d297/
d61
f107
f163/
f206/
f209
f229
f24/
f278
f280
f293
f60
f99
n19
n35/
Invalid operation
d98
f298
Null
Null
Invalid operation
d297:dir:0
d160/
f255/
n115
f229:rrtbuq7lw6qltpy-80a7isx-xo3x5widn-rc-3t9rx5c45tazto_xxp8z_r6xeyp 5-35z8sh0o8
f244/
f255/
f244/
f255/
Invalid operation
f107:4E
d192:0
Invalid operation
d192
f244/
Invalid operation
d14
d265
d297/
d61
f107
f152/
f206/
f209
f229
f24/
f278
f280
f293
f60
f99
n19
n35/
f270/
├── d14
├── d265
├── d297/
├── d61
├── f107
├── f152/
├── f206/
│   └── d98
├── f229
├── f24/
├── f278
├── f280
├── f293
├── f60
├── f99
├── n19
└── n35/
    ├── d192
    └── f244/
Invalid operation
d14
d265
d297/
d61
d89
f107
f152/
f206/
f229
f24/
f278
f280
f293
f60
f99
n19
n35/
f107:71 C0 B7 86 2F EA 37 99 1D B9 19 5A
Invalid operation
d106/
d14
d265
d61
d89
f107
f152/
f206/
f229
f24/
f278
f293
f60
f99
n19
n35/
Invalid operation
Invalid operation
f107:0E C4 94 1E C4 50 69 E2 14 8E FF FF F7 47 DC 69
/f122/n59/f121/d125/f76/f18/f270/f229
Invalid operation
Invalid operation
d106/
d14
d265
d61
d89
f107
f152/
f206/
f229
f24/
f278
f60
f99
n19
n35/
Invalid operation
d106/
d14
d265
d45/
d61
d89
f107
f152/
f206/
f229
f24/
f278
f60
f99
n19
n35/
Invalid operation
Null
Invalid operation
f18/
f195
f197
Invalid operation
Invalid operation
Invalid operation
Invalid operation
d241
f18/
f195
d241
f18/
f195
f195:7
Invalid operation
d241
f157
f165
f18/
f195
n61
d241
f157
f165
f18/
f195
n61
Invalid operation
f165:7A
f165:5F
f63:md:6
/f122/n59/f121/d125/f76/f18/f63
f149:13
d7:12
d274
d51/
d7
f149
f189/
d274:C4 DC 4D 1A
Invalid operation
f63:md:6
d127/
d41/
f133
f270/
f63
f93/
f63:19
f133:8
d79:0
f247:0
Invalid operation
Null
/f122/n59/f121/d125/f76/f18/f133
/f133
d127/
d41/
d79
f133
f247
f270/
f5
f93/
n103
n93/
f133:yc2ckc9u13j6cafuzhtkfq5.ltjo t
f229:rrtbuq7lw6qltpy-80a7isx-xo3x5widn-rc-3t9rx5c45tazto_xxp8z_r6xeyp 5-35z8sh0o8xx41y.9p53bb2_e9bfhg6x
d106/
d14
d144/
d248/
d265
d45/
d61
d89
f152/
f206/
f229
f24/
f278
f60
f99
n19
n35/
f229:md:98
Invalid operation
d89:09 62 81 CB
d89:E2
Invalid operation
/f122/n59/f121/d125/f76/f18/f270/f229
d89:AA 9C 00 9A B1 87 D6 00 00
f229:rrtbuq7lw6qltpy-80a7isx-xo3x5widn-rc-3t9rx5c45tazto_xxp8z_r6xeyp 5-35z8sh0o8xx41y.9p53bb2_e9bfhg6x6g54e
f229:rrtbuq7lw6qltpy-80a7isx-xo3x5widn-rc-3t9rx5c45tazto_xxp8z_r6xeyp 5-35z8sh0o8xx41y.9p53bb2_e9bfhg6x6g54e
d114
d14
d144/
d248/
d276
d45/
d61
d89
f152/
f206/
f229
f24/
f278
f60
f99
n35/
n5
d89:D6
Null
d89:62 81 CB 88 AA
Invalid operation
f185/
Invalid operation
d114
d14
d144/
d18/
d213
d248/
d276
d45/
f152/
f206/
f229
f278
f44/
f60
f99
n22
n35/
n5
Invalid operation
Invalid operation
d114
d121
d14
d144/
d18/
d213
d248/
d276
d28/
d34
d45/
d58
d89
f152/
f206/
f229
f278
f44/
f60
f93
n22
n35/
Invalid operation
Invalid operation
d114
d121
d14
d144/
d18/
d213
d248/
d276
d28/
d34
d45/
d58
d89
f152/
f206/
f229
f29/
f44/
f60
f93
n35/
Invalid operation
Invalid operation
f229:rrtbuq7lw6qltpy-80a7isx-xo3x5widn-rc-3t9rx5c45tazto_xxp8z_r6xeyp 5-35z8sh0o8xx41y.9p53bb2_e9bfhg6x6g54ex_0 j lmzydpzx_skm8zy6i758qjxaek50ssbyjl4xjulfrvxx9andazrc8s8s50_oyoa3mqa31u
Null
Invalid operation
Invalid operation
d114
d121
d14
d144/
d18/
d213
d248/
d276
d34
d45/
d57
d89
f152/
f206/
f229
f287
f29/
f44/
f93
n35/
d114
d121
d14
d144/
d18/
d213
d248/
d276
d34
d45/
d57
d89
f2
f206/
f229
f287
f29/
f44/
f93
n35/
Invalid operation
Null
Invalid operation
d127/
d41/
d79
f133
f247
f270/
f5
f93/
n103
n93/
d127/
d41/
d79
f133
f247
f270/
f5
f93/
n103
n93/
f270/
├── d114
├── d121
├── d14
├── d144/
├── d176
├── d18/
│   └── f142
├── d213
├── d248/
├── d276
├── d34
├── d45/
├── d57
├── d67
├── d89
├── f2
├── f206/
│   └── f185/
├── f229
├── f287
├── f29/
├── f294
├── f44/
├── f93
├── f96/
└── n35/
f229:md:188
d114
d121
d14
d144/
d176
d18/
d213
d226
d248/
d276
d34
d45/
d57
d67
d89
f2
f206/
f229
f287
f29/
f294
f44/
f93
f96/
n35/
d114:00 00
f229:191
d114:24
Invalid operation
Invalid operation
Invalid operation
f229:192
d121:16
f2:15
Invalid operation
Invalid operation
d73/
f284
Invalid operation
Invalid operation
f284:1_1mju0
Invalid operation
Invalid operation
Invalid operation
Invalid operation
d190/
├── f152
└── f196/
Invalid operation
Invalid operation
f152
f196/
Invalid operation
Invalid operation
Invalid operation
Invalid operation
Invalid operation
f152:C7
f152:8
f2:2
Invalid operation
Invalid operation
d276
d285
f152
f2
f207/
Invalid operation
f2:99
Invalid operation
Invalid operation
Invalid operation
d127/
d285
d41/
d79
f133
f136/
f247
f270/
f5
f93/
f99/
n103
n93/
Invalid operation
Invalid operation
f247:3C B9 CC 00 00 00 82 82 4C
f133:txt:54
f247:00 9C
Invalid operation
Invalid operation
Invalid operation
n93/
d285
d41/
d9
f133
f204/
f247
f270/
f296/
f49
f99/
n103
n93/
f133:55
f247:25
d285:17
n103:16
d9:11
f49:4
f133:txt:55
f133:txt:55
f133:yc2ckc9u13j6cafuzhtkfq5.l l2pfd_w3ljs36sswvn5asrwwj9pix
Invalid operation
Invalid operation
Invalid operation
Invalid operation
f76:dir:0
Invalid operation
d125/
├── d107/
└── f76/
    ├── d241
    ├── f157
    ├── f165
    ├── f18/
    │   ├── d285
    │   ├── d41/
    │   ├── d9
    │   ├── f133
    │   ├── f204/
    │   ├── f247
    │   ├── f270/
    │   │   ├── d121
    │   │   ├── d14
    │   │   ├── d146/
    │   │   ├── d176
    │   │   ├── d18/
    │   │   │   └── f142
    │   │   ├── d190/
    │   │   │   ├── d285
    │   │   │   └── d59/
    │   │   ├── d204/
    │   │   ├── d213
    │   │   ├── d226
    │   │   ├── d248/
    │   │   ├── d276
    │   │   ├── d34
    │   │   ├── d45/
    │   │   ├── d5
    │   │   ├── d57
    │   │   ├── d67
    │   │   ├── f0
    │   │   ├── f2
    │   │   ├── f206/
    │   │   │   └── f185/
    │   │   ├── f229
    │   │   ├── f287
    │   │   ├── f29/
    │   │   ├── f294
    │   │   ├── f44/
    │   │   ├── f90
    │   │   ├── f96/
    │   │   ├── n35/
    │   │   └── n52/
    │   ├── f296/
    │   ├── f49
    │   ├── f99/
    │   └── n93/
    ├── f195
    ├── f282
    └── n61
d177
d200
f76/
d177
d200
f76/
/f122/n59/f121/d125/d177
d177
d200
f275
f76/
Invalid operation
d200
f275
f76/
d200:mwpgnixis9cq7dlz
Invalid operation
f10:FD C9 D4 B5 64 E0 00 1A 20 19 88 DB D9 83 4B 00 DB 87 22 C2 68 8D
f296/
└── f32
f247:00 DB 9D 3B BE D0 87 0F 1C 40 6A 4E 8A 3C 5E 82 82 66 8A 50
Invalid operation
f133:txt:56
f133:txt:56
f247:8A 50 3E
Invalid operation
Invalid operation
d285
d41/
d9
f133
f270/
f296/
f49
f88
f99/
n93/
Invalid operation
f165:FB
d285:17
d9:11
f60:8
f88:8
f49:4
d285
d41/
d9
f238/
f270/
f49
f60
f88
f99/
n93/
d176/
f60:44
d155:10
f43:9
d155:md:10
Invalid operation
f43
f83/
Invalid operation
d176/
├── f15
├── f170
├── f43
├── f83/
└── n67/
f15
f170
f43
f83/
n67/
f15
f170
f43
n16/
n67/
f15
f170
f43
n16/
n67/
f43:txt:14
f15
f170
f43
n67/
f170:15
f43:9
d209:6
f15:4
f37:3
f60:AE
Invalid operation
f60:C5 88 9C 3E 44 00 00
d209
f15
f170
f37
f43
n67/
f60:2F 00
f60:00
d285
d41/
d9
f238/
f270/
f49
f60
f88
f99/
n93/
f60:46 10 89 A6 C2 50
d285:l4yd6lu0o4q_5g710x
n93:dir:0
Null
Invalid operation
Invalid operation
n93:dir:0
d138
d172
d215
d9
f152
f270/
f60
f88
n93/
Invalid operation
/f122/n59/f121/d125/f76/f18/d9
Invalid operation
d127
d138
d172
d215
d9
f152
f270/
f48
f60
f88
n93/
d127
d138
d172
d215
d9
f152
f270/
f48
f60
f62
f67/
f88
f91
n112/
n93/
/f122/n59/f121/d125/f76/f18/d9
f60:C2 50 00 AD 94 E4 42 AF 85 00 00 B9 41 70 4F
f60:CB C2 50 00 AD 94 E4 42 40 38 00 00
d127
d138
d172
d9
f104/
f152
f270/
f48
f60
f62
f67/
f88
f91
n112/
n93/
Invalid operation
Invalid operation
Invalid operation
n93:dir:0
/f122/n59/f121/d125/f76/f195
d241
f157
f165
f18/
f195
f218
n61
Null
Invalid operation
Invalid operation
f121/
├── d125/
│   └── f76/
│       ├── d177
│       ├── d241
│       ├── f157
│       ├── f165
│       ├── f18/
│       │   ├── d127
│       │   ├── d138
│       │   ├── d172
│       │   ├── d193/
│       │   ├── d215
│       │   ├── d9
│       │   ├── f104/
│       │   ├── f152
│       │   ├── f17
│       │   ├── f270/
│       │   │   ├── d121
│       │   │   ├── d14
│       │   │   ├── d146/
│       │   │   ├── d176
│       │   │   ├── d18/
│       │   │   │   └── f142
│       │   │   ├── d190/
│       │   │   │   ├── d285
│       │   │   │   └── d59/
│       │   │   ├── d204/
│       │   │   ├── d213
│       │   │   ├── d226
│       │   │   ├── d248/
│       │   │   ├── d276
│       │   │   ├── d34
│       │   │   ├── d45/
│       │   │   ├── d5
│       │   │   ├── d57
│       │   │   ├── d67
│       │   │   ├── f0
│       │   │   ├── f2
│       │   │   ├── f206/
│       │   │   │   └── f185/
│       │   │   ├── f229
│       │   │   ├── f287
│       │   │   ├── f29/
│       │   │   ├── f294
│       │   │   ├── f44/
│       │   │   ├── f90
│       │   │   ├── f96/
│       │   │   ├── n35/
│       │   │   └── n52/
│       │   ├── f48
│       │   ├── f60
│       │   ├── f62
│       │   ├── f67/
│       │   ├── f88
│       │   ├── f91
│       │   ├── n112/
│       │   └── n93/
│       │       ├── d92/
│       │       └── f226/
│       ├── f195
│       ├── f218
│       └── n61
├── d131
├── f170/
├── n72/
└── n74/
f170:dir:0
d125/
d286
f170/
n72/
n74/
Invalid operation
Invalid operation
Invalid operation
d275:z8 
f10:C7 0D 4E 76 CD 57 35 DE
d125/
d251
d275
n72/
d275:z8 
d125/
d251
d275
f62/
n72/
d275:3
d251:0
Invalid operation
d275:z8 
f76:dir:0
Invalid operation
d275:z8 
d275:z8 
d275:z8 
d125/
d251
d275
f62/
n107
d275:z8 x
f10:20 19 88 DB D9 83 4B 00 DB
d125:dir:0
Invalid operation
d125/
d275
n107
f121/
f286:52
f10:48
d289:7
d237:4
Invalid operation
d237
d289
d61/
f10
f286
n59/
Invalid operation
d120
d237
d289
d61/
n59/
n59:dir:0
Null
d120
d237
d289
f138/
f50
n59/
d120
d237
d289
f50
n59/
Invalid operation
d237:A6 E5
Invalid operation
f181:9B 85 8D 5C 5F F4 86 CE D7 06 6A B7 B2 F5 92 91
d199
n59/
f181:A1 47
d199
n59/
d109/
d116/
d117/
d130/
d131/
d138/
d143/
d183/
d188/
d189
d192
d196
d212/
d215/
d219
d22/
d223
d24/
d247/
d252/
d272
d299
d42
d51/
d60
d69
d76/
f120
f122/
f130/
f133
f140
f144/
f157/
f181
f184/
f194/
f212/
f215
f22/
f227
f23
f238
f24/
f249
f255
f284/
f4/
f5
f70/
f72/
f84/
f89/
f99
n12
n20/
n30/
n40
n55
f181:57 3B 29 61 11 AD A1 47
d109/
d116/
d117/
d130/
d131/
d138/
d143/
d183/
d188/
d189
d192
d196
d212/
d215/
d219
d22/
d223
d24/
d247/
d252/
d272
d299
d42
d51/
d60
d69
d76/
f120
f122/
f130/
f133
f140
f144/
f157/
f181
f184/
f194/
f212/
f215
f22/
f227
f23
f238
f24/
f249
f255
f284/
f4/
f5
f70/
f72/
f84/
f89/
f99
n12
n20/
n30/
n40
n55
n90/
f133:82
n55:57
f181:45
Invalid operation
d77
f138
f14
n34
/n20/f14
Invalid operation
f133:82
n55:57
f181:45
d109/
d116/
d117/
d130/
d131/
d138/
d143/
d183/
d188/
d189
d192
d196
d212/
d215/
d219
d22/
d223
d24/
d247/
d252/
d272
d299
d42
d51/
d60
d69
d76/
f120
f122/
f130/
f133
f140
f144/
f157/
f181
f184/
f194/
f212/
f215
f22/
f227
f23
f238
f24/
f249
f255
f284/
f4/
f5
f70/
f72/
f84/
f89/
f99
n12
n20/
n30/
n40
n55
n90/
Invalid operation
Invalid operation
d109/
d116/
d117/
d130/
d131/
d138/
d143/
d183/
d188/
d189
d192
d196
d212/
d215/
d219
d22/
d223
d24/
d247/
d252/
d272
d299
d42
d51/
d60
d69
d76/
f120
f122/
f130/
f133
f140
f144/
f157/
f181
f184/
f194/
f212/
f215
f22/
f227
f23
f238
f24/
f249
f255
f284/
f4/
f5
f70/
f72/
f84/
f89/
f99
n12
n20/
n30/
n40
n55
n90/
f133:92
n55:57
f181:45
f133:92
n55:57
f181:45
f181:2A FB 05 D3 33 23 57 3B 29 61 11 AD A1 47 45 DD 5B 00 00 26 1B 81 C0
f181:06 6A B7 B2 F5 92 91 2B 77 3F 2A FB 05 D3 33 23 57 3B 29 61 11 AD A1 47 45 DD
f4/
├── d106/
├── d153/
├── d188/
│   └── d148
├── f159/
├── f178
├── f237/
├── f284/
├── f34
├── f97/
├── n23/
│   ├── d1/
│   ├── d175
│   ├── d208
│   ├── d223/
│   │   └── n4
│   ├── d47/
│   ├── f16
│   ├── f228/
│   ├── f265/
│   └── n110
└── n8
f181:86 CE D7 06
f178:dfg-1sh3tpc93b4mz82nyr7o 61u1wz h4hx
f178:36
f34:0
n8:0
Invalid operation
Invalid operation
Invalid operation
d153/
d282
f159/
f178
f237/
f284/
f34
f37/
f97/
n23/
n35/
n8
Invalid operation
Invalid operation
f245
Invalid operation
d132/
n18/
Invalid operation
Invalid operation
n23:dir:0
f181:5C 5F F4 86 E9 18 C0 2E 07 52 55 F2 73 98 8C A2 2A FB 05 D3 33 23 57 3B 29 61 11
f178:dfg-1sh3tpc93b4mz82nyr7o 61u1wz h4hx5ao3e_3nbn9w-nbog4 4fhg2
f207:dir:0
f299
f299:txt:0
Invalid operation
Invalid operation
Invalid operation
Invalid operation
f181:52 55 F2 73 98 8C A2 2A FB 05 D3 33 23 57 3B 29 61 11 AD A1 96 7B 0E
Invalid operation
d50/
f148/
f157
d228:3B 7A 75 DE 24 FE 87 00 00 00
d132
d228
f135/
f208/
d132
d228
f135/
f208/
d228
f135/
f208/
Invalid operation
Invalid operation
Invalid operation
Invalid operation
Invalid operation
Invalid operation
Invalid operation
d228:bin:18
Invalid operation
d228:00 C4 96 46
Invalid operation
d228
d94/
f203
f72/
n32
Invalid operation
d228:A7 E9 2E
Null
Invalid operation
Invalid operation
d228
d94/
f138/
f177/
f190
f203
f72/
n32
d228
d94/
f138/
f177/
f190
f72/
n32
Invalid operation
Invalid operation
Invalid operation
Invalid operation
Invalid operation
Invalid operation
d228
d235/
d236
d84
d94/
f177/
f72/
n57/
d228
d235/
d236
d76/
d84
d94/
f177/
f72/
n57/
Invalid operation
f90
Invalid operation
d228:FA 55 F9 17 EE 24 35
d228:bin:18
d228:35 C6 5F
Invalid operation
d179
n82
d228:53
Invalid operation
d179
d213/
n82
d228:23 88 37 51 6A 59
d111
d180
d228
d235/
d236
d76/
d84
d94/
f264
f283
n3/
n57/
d228:bin:19
Invalid operation
Invalid operation
d282
f0
f159/
f178
f237/
f284/
f34
f37/
f97/
n23/
n35/
f133:92
n55:57
f181:40
f133:92
n55:57
f181:39
f133:92
n55:57
f181:39
f133:92
n55:57
f181:39
f133:107
n55:57
f181:39
d109/
d116/
d117/
d130/
d131/
d138/
d143/
d183/
d188/
d189
d192
d196
d212/
d215/
d219
d22/
d223
d24/
d247/
d252/
d272
d289/
d299
d42
d51/
d60
d69
d76/
f122/
f130/
f133
f140
f144/
f157/
f181
f184/
f194/
f212/
f215
f22/
f227
f23
f238
f24/
f249
f255
f284/
f4/
f5
f70/
f72/
f84/
f89/
f99
n12
n20/
n30/
n40
n55
n90/
f181:55 F2 73 98 8C A2 2A FB 05 D3 33 23 57 3B 29 61 1F
/f212/f147
Invalid operation
Invalid operation
d176/
f147
f286/
Invalid operation
Invalid operation
d199
f181:0E 35 00
Invalid operation
d87:5 c g2ez9-o7h
Invalid operation
d87:13
f181:C0 2E 07 52 55 F2
d87:13
d87
f244/
f286/
d87:5 c g2ez9-o7h
d87:5 c g2ez9-o7h
d87:13
Null
d87
f244/
f248
f286/
f286:dir:0
f181:4A 50 A6 68 26
d87:5 c g2ez9-o7h
d87:5 c g2ez9-o7h
f286:dir:0
Null
/f212/d245
/f212/f244/d122
f244/
Invalid operation
f181:26 5F 00 00 00
f181:A2 54 41 43 AB 00 00 57 3D 16 4A 50 A6 68 26
Invalid operation
Invalid operation
f133:122
f181:62
n55:57
d109/
d116/
d117/
d130/
d131/
d138/
d143/
d183/
d188/
d189
d192
d196
d212/
d215/
d219
d22/
d223
d24/
d247/
d252/
d272
d289/
d299
d42
d51/
d60
d69
d76/
f122/
f130/
f133
f140
f144/
f157/
f181
f184/
f194/
f212/
f215
f22/
f227
f23
f238
f24/
f249
f255
f284/
f4/
f5
f70/
f72/
f84/
f89/
f99
n12
n20/
n30/
n40
n55
n90/
f133:122
f181:62
n55:57
f133:a9ab9zhk8i8ygw3yf2mwi9iw8wkfhibf648n7.wx8crl7wxxjw pt-b.kws_3wuf.0v4l 2e94-yfloguuj-dq-16yq5cjyssork46ayb4vqoem68ig95t4udx
f133:122
f181:65
n55:57
d22:dir:0
f181:57
f133:122
f181:65
n55:57
f133:122
f181:65
n55:57
Invalid operation
Invalid operation
Invalid operation
f133:122
f181:65
n55:57
Invalid operation
f181:1B 69 44 73 8A A6 83 57 3B 29 61 1F AD A1 96 7B 0E 35 00 00 00 15 A7 A2 54 41 43 CB EC 1B 57 3D 16 4A 50 A6 68 26 5F 00 00
Invalid operation
d109/
d116/
d117/
d130/
d131/
d138/
d143/
d183/
d188/
d189
d192
d212/
d215/
d219
d22/
d223
d24/
d247/
d252/
d272
d289/
d299
d42
d51/
d60
d69
d76/
f122/
f130/
f133
f140
f144/
f157/
f181
f182/
f184/
f194/
f212/
f215
f22/
f227
f23
f238
f24/
f249
f255
f284/
f4/
f5
f70/
f72/
f84/
f89/
f99
n12
n20/
n30/
n40
n55
n90/
f133:122
f181:65
n55:57
f133:122
f181:65
n55:57
f133:122
f181:65
n55:57
d22:dir:0
f133:122
f181:65
n55:57
f133:122
f181:65
n55:57
f181:00 00
Invalid operation
f133:139
f181:65
n55:57
Invalid operation
Invalid operation
f133:139
f181:65
n55:57
f133:139
f181:65
n55:57
d109/
d116/
d117/
d130/
d131/
d138/
d143/
d183/
d188/
d189
d192
d212/
d215/
d219
d22/
d223
d24/
d247/
d252/
d272
d289/
d299
d42
d51/
d60
d69
d76/
f122/
f130/
f133
f140
f144/
f157/
f181
f184/
f194/
f212/
f215
f22/
f227
f23
f238
f24/
f249
f255
f284/
f4/
f5
f70/
f72/
f79/
f84/
f89/
f99
n12
n20/
n30/
n40
n55
n90/
Invalid operation
d24:
f155:-px
d242
Invalid operation
f181:00 00 01
d5/
└── f297/
d277:md:14
d5/
f1
f155
f200/
f17:9C
Invalid operation
d277:waluv0kvfu-6u7
Invalid operation
Null
d277:waluv0kvfu-6u7
f155:md:23
Invalid operation
Invalid operation
Invalid operation
Invalid operation
d5/
f1
f200/
f225
n63/
Invalid operation
Invalid operation
Invalid operation
d5/
f200/
f225
n63/
f225:00
d5:dir:0
f225:C7 00
Invalid operation
d200
d212/
d242
d5/
f200/
f225
f47
d242:45nf28bqeskm9kzxrp18h
f181:18 C0 2E 07 52 55 F2 7E 95 0A 7A 83 44 73 8A A6 83
f181:00
d200
d212/
d233/
d5/
d70
f160
f200/
f266/
f47
f62
n65
d120
d122/
d200
d212/
d233/
d267/
d5/
d70
d72
f160
f200/
f47
f62
n65
Invalid operation
Invalid operation
Invalid operation
f181:5A 4E 7B 0E
Invalid operation
Invalid operation
d200:24
f47:14
f160:9
f62:9
d72:7
Invalid operation
d198/
d277
d293
d35/
d122/
d196/
d200
d210/
d212/
d233/
d263
d267/
d5/
d70
d72
f160
f200/
f47
f62
n65
f147
f49/
Invalid operation
Invalid operation
f147:zvj.2syyt-k6x
Invalid operation
d263:86
d122/
d233/
d263
d267/
d70
d72
f160
f188
f200/
f47
f62
n65
Invalid operation
f47:jg--wmid09d_ 8
f234:dir:0
Invalid operation
Invalid operation
Invalid operation
d173
n18/
Invalid operation
d263:00 DB AD FF 01 B6
d17/
Invalid operation
d263:AD
Invalid operation
f127
n75/
Invalid operation
f127
f3
n75/
f127:DB
Invalid operation
d7/
f0/
f234/
Invalid operation
f47:jg--wmid09d_ 83oo6f4cv.xf4aky_9tagk8x k_a
Null
d122/
d224
d233/
d263
d267/
d70
d72
f160
f188
f200/
f37
f47
f62
n65
Invalid operation
Null
d22:dir:0
f181:81
n55:57
d299:17
f181:81
n55:57
d299:17
f181:00 00 00 00 00 00 00 00 00 00 00 01 46 0E 00 DB C5
Invalid operation
f181:82
n55:57
d299:17
f181:82
n55:57
d299:17
d109/
d116/
d117/
d130/
d131/
d138/
d143/
d183/
d188/
d189
d192
d212/
d215/
d219
d22/
d223
d24/
d247/
d252/
d272
d289/
d299
d42
d51/
d60
d69
d76/
f122/
f130/
f140
f144/
f157/
f181
f184/
f194/
f212/
f215
f22/
f227
f23
f238
f24/
f249
f255
f284/
f4/
f5
f70/
f72/
f79/
f84/
f89/
f99
n12
n20/
n30/
n40
n55
n58
n90/
f181:82
n55:57
d299:17
f181:80
n55:57
d299:17
d109/
d116/
d117/
d130/
d131/
d138/
d143/
d183/
d188/
d189
d192
d212/
d215/
d219
d22/
d223
d24/
d247/
d252/
d272
d289/
d299
d42
d51/
d60
d69
d76/
f122/
f130/
f140
f144/
f157/
f181
f184/
f194/
f212/
f215
f22/
f227
f23
f238
f24/
f249
f255
f284/
f4/
f5
f70/
f72/
f79/
f84/
f89/
f99
n12
n20/
n30/
n40
n55
n58
n90/
f181:82
n55:57
d299:17
Invalid operation
Invalid operation
Invalid operation
Invalid operation
Invalid operation
Invalid operation
d123:dir:0
d265
f134
f138
f14
f187/
f63
n34
n87/
Invalid operation
Invalid operation
Invalid operation
d105:tlxu7nkc
d272:dir:0
Invalid operation
Invalid operation
Invalid operation
Invalid operation
Invalid operation
f14:00 00 00 00 00
n87/
└── d112/
    ├── d105
    └── f62
/n20/f14
Invalid operation
Invalid operation
f62:E0 60
d105
d200/
d34
f62
f62:CC E0
d47
f167/
n53/
d200/
├── d47
├── f167/
└── n53/
d289:x
f167:dir:0
Invalid operation
d34:6
f62:6
Null
Invalid operation
Invalid operation
Invalid operation
Invalid operation
f188/
d22:dir:0
f215:g4x06feg1h587zqfjpnc9whrt0m9
Invalid operation
Invalid operation
d180/
d252
d260/
d278/
d34
f125
f157/
f17/
f188
f53
n26/
n77/
d180/
d252
d260/
d278/
d34
d76
f125
f157/
f17/
f188
f53
n26/
n45
n77/
d259:9
d259:txt:1
Invalid operation
Null
d5:ED
f188:guv-bxo6yjy5qe5y8vxfbckyoam9uta-
Invalid operation
d109/
d116/
d130/
d138/
d143/
d183/
d188/
d189
d192
d212/
d215/
d219
d22/
d223
d24/
d247/
d252/
d272
d289/
d42
d51/
d69
d76/
f10
f122/
f128
f130/
f140
f144/
f181
f184/
f194/
f212/
f215
f22/
f227
f23
f238
f24/
f249
f255
f284/
f38/
f4/
f5
f70/
f72/
f84/
f89/
f99
n12
n20/
n30/
n39/
n40
n47/
n55
n58
n90/
f181:26 5F 00 4D 00 00 00 00 00 00 00 00 00 00 00 0C BA C2 0D C8 80
f181:92
n55:57
f215:28
f181:92
n55:57
f215:28
f227:14
f181:92
n55:57
f215:28
Invalid operation
f181:92
n55:57
f215:28
f227:14
f140:13
f181:92
n55:57
f215:28
f181:92
n55:57
f215:28
Invalid operation
d109/
d116/
d130/
d138/
d143/
d183/
d188/
d189
d192
d212/
d215/
d219
d22/
d223
d24/
d247/
d252/
d272
d289/
d42
d69
d76/
f10
f122/
f128
f130/
f140
f144/
f181
f184/
f194/
f212/
f215
f22/
f227
f23
f238
f24/
f249
f254
f255
f284/
f38/
f4/
f5
f70/
f72/
f84/
f89/
f99
n12
n20/
n30/
n39/
n40
n47/
n55
n58
n90/
Invalid operation
d109/
d116/
d130/
d138/
d143/
d183/
d188/
d189
d192
d212/
d215/
d219
d22/
d223
d24/
d247/
d252/
d272
d289/
d42
d69
d76/
f10
f122/
f128
f130/
f140
f144/
f181
f184/
f194/
f212/
f215
f22/
f227
f23
f238
f24/
f249
f254
f255
f284/
f38/
f4/
f5
f70/
f72/
f84/
f89/
f99
n12
n20/
n30/
n39/
n40
n47/
n55
n58
n90/
f181:93
n55:57
f215:28
f181:93
n55:57
f215:28
f181:93
n55:57
f215:28
Invalid operation
f181:93
n55:57
f215:31
Invalid operation
d102
d260/
d278/
d3
d34
f125
f131
f157/
f17/
f188
f236
f53
f70/
n26/
n77/
Invalid operation
Invalid operation
Invalid operation
d102:70
Invalid operation
d102
d178/
d260/
d278/
d3
f125
f131
f150
f157/
f17/
f188
f21
f224
f252/
f53
f84/
n26/
n77/
d102
d178/
d260/
d278/
d3
f125
f131
f157/
f17/
f188
f21
f224
f252/
f53
f84/
n26/
n77/
/d22/f188
d102
d178/
d260/
d3
f125
f131
f157/
f17/
f188
f21
f224
f252/
f53
f84/
n26/
n77/
d102
d178/
d260/
d3
f125
f131
f157/
f17/
f188
f21
f224
f252/
f53
f84/
n26/
n77/
f188:50
f53:14
d102:12
d102
d178/
d260/
d3
f131
f157/
f17/
f188
f21
f252/
f53
f84/
n0
n26/
n77/
f181:00 9B 79 00 00
f181:93
f215:47
f227:14
d109/
d116/
d130/
d138/
d143/
d183/
d188/
d189
d192
d212/
d215/
d219
d22/
d223
d24/
d247/
d252/
d272
d289/
d41
d42
d69
d76/
f10
f122/
f128
f130/
f140
f144/
f181
f184/
f194/
f210
f212/
f215
f22/
f227
f23
f238
f24/
f249
f254
f255
f284/
f38/
f4/
f5
f70/
f72/
f84/
f89/
f99
n12
n20/
n30/
n39/
n40
n47/
n58
n90/
f181:93
f215:48
f227:14
Invalid operation
Invalid operation
d109/
d116/
d130/
d138/
d143/
d183/
d188/
d189
d192
d212/
d215/
d219
d22/
d223
d24/
d247/
d252/
d272
d289/
d41
d42
d69
d76/
f10
f122/
f128
f130/
f140
f144/
f181
f184/
f194/
f210
f212/
f215
f22/
f227
f23
f238
f249
f254
f255
f284/
f38/
f4/
f5
f70/
f72/
f84/
f89/
f99
n12
n20/
n30/
n39/
n40
n47/
n58
n90/
d109/
d116/
d130/
d138/
d143/
d183/
d188/
d189
d192
d212/
d215/
d219
d22/
d223
d24/
d247/
d252/
d272
d289/
d41
d42
d69
d76/
f10
f122/
f128
f130/
f140
f144/
f181
f184/
f194/
f210
f212/
f215
f22/
f227
f23
f238
f249
f254
f255
f284/
f38/
f4/
f5
f70/
f72/
f84/
f89/
f99
n12
n20/
n30/
n39/
n40
n47/
n58
n90/
Invalid operation
Invalid operation
f181:92
f215:48
f227:14
d109/
d116/
d130/
d138/
d143/
d183/
d188/
d189
d192
d212/
d215/
d219
d22/
d223
d24/
d247/
d252/
d272
d289/
d41
d42
d69
d76/
d99
f10
f122/
f128
f130/
f140
f144/
f181
f184/
f194/
f210
f212/
f215
f22/
f227
f23
f238
f249
f254
f255
f284/
f38/
f4/
f5
f70/
f72/
f84/
f89/
f99
n12
n20/
n30/
n39/
n40
n47/
n58
n90/
d22:dir:0
f181:92
f215:48
f227:14
Invalid operation
f215:g4x06feg1h587zqfjpnc9whrt0m9a8pd n4 oco6h7fu_3.xx
Invalid operation
d22:dir:0
Invalid operation
d143
d22:dir:0
Invalid operation
d109/
d130/
d138/
d143/
d183/
d188/
d189
d192
d212/
d215/
d219
d22/
d223
d24/
d247/
d252/
d272
d41
d42
d69
d76/
d99
f10
f110
f122/
f128
f140
f144/
f181
f184/
f194/
f210
f212/
f215
f22/
f227
f23
f238
f249
f254
f255
f284/
f4/
f5
f65/
f70/
f72/
f84/
f89/
f99
n12
n20/
n30/
n39/
n40
n58
n90/
Invalid operation
Invalid operation
/n20/f14
Invalid operation
d265
f134
f138
f14
f187/
f63
n87/
d22:dir:0
Null
n20/
├── d126
├── d265
├── f134
├── f138
├── f14
├── f187/
├── f63
└── n87/
    ├── d112/
    │   └── d200/
    │       ├── d289
    │       ├── f167/
    │       └── n53/
    ├── f165/
    └── n42
n48/
Invalid operation
f14:42 17 76 A1 5C
Invalid operation
/n20/f187/d150
d150:txt:46
/n20/f187/n48/d67
Invalid operation
f243
f50/
n48/
├── f243
├── f49
└── n43
f14:5C 3C 63 00
f243:txt:19
d214/
d264/
f18/
f215
f49
f92/
Invalid operation
Invalid operation
Invalid operation
d214/
d264/
d48/
d65/
f18/
f215
f49
f92/
d214/
d264/
d48/
d65/
f18/
f215
f49
f92/
n51
d214/
d264/
d48/
d65/
f18/
f215
f49
f92/
n51
Invalid operation
f14:4C F7 C1 61 00 FC 4F 86 50 0A 03 27 42 17 76
Invalid operation
d214/
d264/
d48/
f18/
f49
n51
Invalid operation
/n20/f187/n48/f49
f49:txt:11
Invalid operation
f49:11
n51:4
f14:5C
d128/
d214/
d233/
d264/
d30/
f18/
f49
n43
n51
d128/
d214/
d233/
d264/
d30/
f18/
f280/
f49
n43
n51
f14:F7 C1 61 00 FC 4F 86 50 0A 03 27 42
f49:5yyo6l7vxqxem285px5nfdzrto
/n20/f187/n48/f49
Invalid operation
f14:FC 4F 86 50 0A 03
f49:5yyo6l7vxqxem285px5nfdzrto
Invalid operation
Invalid operation
f49:txt:26
/n20/f187/n48/f49
Invalid operation
d128/
d264/
d30/
f160/
f18/
f280/
f45
f47
f49
f68
f76/
n43
d128/
d229/
d256/
d264/
d30/
f103
f160/
f18/
f280/
f47
f49
f68
f76/
n43
d128/
d229/
d256/
d264/
d30/
f103
f160/
f18/
f280/
f47
f49
f68
f76/
n43
d128/
d229/
d256/
d264/
d30/
f103
f160/
f173
f18/
f280/
f47
f49
f68
f76/
n0
n43
d128/
d229/
d256/
d264/
d30/
f103
f160/
f173
f18/
f205/
f280/
f47
f49
f68
f76/
f95/
n0
n43
Invalid operation
d128/
d229/
d256/
d264/
d30/
f103
f160/
f173
f18/
f205/
f280/
f47
f49
f68
f76/
f95/
n0
n43
Invalid operation
f47:C8
Invalid operation
f49:27
n0:12
f47:11
n43:11
Invalid operation
Invalid operation
Invalid operation
f49:txt:32
f49:43
n0:12
f47:11
n43:11
f103:7
n87:6
f293:2
Invalid operation
f49:5yyo6l7vxqxem285px5nfdzrtoxxxsagzzrquu94   qn0igxm
f49:txt:50
f49:50
n0:12
f47:11
n43:11
f103:7
n87:6
f293:2
n48/
├── d128/
├── d130/
├── d229/
├── d264/
├── d268/
├── d30/
├── f103
├── f18/
│   ├── f225/
│   └── f256
├── f205/
├── f293
├── f33/
├── f47
├── f49
├── f68
├── f76/
├── f95/
├── n0
├── n43
├── n75
└── n87
Invalid operation
Invalid operation
f49:5yyo6l7vxqxem285px5nfdzrtoxxxsagzzrquu94   qn0igxmg8.13igueii.r6_5yejzq
f47:5B
f49:txt:71
d130/
d229/
d245/
d264/
d268/
d284
f103
f116/
f18/
f205/
f256
f293
f47
f49
f68
f76/
f95/
n0
n43
n75
n87
f47:BE 3E 2D 7B 5B
Invalid operation
/n20/f187/n48/f49
Invalid operation
Invalid operation
Invalid operation
f47:2B
d252/
Null
Invalid operation
d252:dir:0
f34/
Invalid operation
d61
d160:00
Invalid operation
Invalid operation
Invalid operation
f181/
f181/
Invalid operation
f181/
└── d221
Invalid operation
d61:D8 B9 11 2F D0 0B 8D F5
f150/
f226/
f95
Invalid operation
d105/
d281
f150/
f226/
f95
n19/
d105/
d234/
f150/
f226/
f95
n19/
n30
f181/
├── d105/
├── d234/
├── f150/
├── f226/
├── f95
├── n19/
└── n30
Invalid operation
Invalid operation
Invalid operation
f154
f220/
Invalid operation
Invalid operation
d40:B7 75
d40
f171
Invalid operation
d44:
d44:
Invalid operation
f220/
f86/
Invalid operation
f220/
f86/
f220/
f6/
f86/
/n20/f187/n48/f116/f34/f181/n30
Invalid operation
d61:D0 0B 8D 24 2C 8F 00 00 00 10 2A C4 1D
Invalid operation
Invalid operation
d230/
d287/
d291
f220/
f86/
Invalid operation
/n20/f187/n48/f116/f34/f181/n30
Invalid operation
d61:A5
d105/
d147
d190
d234/
n19/
n30
Invalid operation
/f128
d234/
n19:dir:0
d61:F3 00 00 00
Null
n30:xxxllqxzelpd-x
d61:D8 B9 11 2F D0 0B 8D 24 2C E8
Invalid operation
f34/
├── d212
├── d61
├── f181/
│   ├── d147
│   ├── d175
│   ├── d190
│   ├── d234/
│   ├── f165/
│   ├── f195
│   ├── f22
│   ├── f86/
│   ├── n19/
│   └── n30
├── n41/
└── n62/
d61:bin:27
d212
d279
f14/
f181/
n41/
n62/
d212
d279
f14/
f181/
n41/
n60/
d212
d279
f14/
f181/
f244
n41/
d212:as2o.0cimfuscmo
Invalid operation
Invalid operation
d212:as2o.0cimfuscmox
Invalid operation
Invalid operation
Invalid operation
f244:48 B8
d212
d287/
f14/
f181/
f244
f267
f46
f61/
f68/
f8/
d212
d287/
f14/
f181/
f244
f267
f46
f61/
f68/
d212:md:16
d212
d287/
f14/
f181/
f244
f267
f46
f61/
f68/
Invalid operation
Invalid operation
Invalid operation
Invalid operation
Invalid operation
f47:7B 5B 27 00 00 00 00
Invalid operation
Invalid operation
d103:12
d182:12
n78:8
Invalid operation
/n20/f187/n48/f116/d182
d103
d182
d208
d252/
f34/
n119/
n78
d252:dir:0
n78:F6 D3 A1 61
d43/
n78:A1
n78:A1 61 4E
Invalid operation
n78:E1 00 F2 08
Invalid operation
Invalid operation
n78:25 E1 00 F2 08 DA AD 00
Invalid operation
f116/
├── d103
├── d252/
│   └── f288/
├── d96/
├── f34/
│   ├── d212
│   ├── d287/
│   ├── f14/
│   ├── f181/
│   │   ├── d147
│   │   ├── d175
│   │   ├── d190
│   │   ├── d234/
│   │   ├── f165/
│   │   ├── f195
│   │   ├── f22
│   │   ├── f86/
│   │   ├── n19/
│   │   └── n30
│   ├── f244
│   ├── f267
│   ├── f46
│   ├── f61/
│   ├── f77/
│   └── n42
├── n119/
├── n68
├── n78
└── n97
n78:00 F2 08 DA AD 00 00 00 00
d103:jjgq4gvbpnla
f47:9C EB 13
d103:14
d186:4
n68:3
f34:dir:0
d212:md:38
d212
d287/
f14/
f181/
f267
f46
f61/
f77/
n42
Invalid operation
d212:38
f267:11
n42:7
Invalid operation
Invalid operation
d212:md:38
Invalid operation
d212:md:38
/n20/f187/n48/f116/f34/f181/d190
d190:.q6yxx
d175
d190
d234/
d25
f165/
f195
f22
f86/
n19/
n30
Invalid operation
d175: _4nv0jt9
d25:11
Invalid operation
Invalid operation
d175
d25
f165/
f186/
f195
f22
f31/
f86/
n19/
n29
d25:00 80 60 6F AC 0E FA 4B 34
d25:4B 34 A3
/n20/f187/n48/f116/f34/f181/f22
d175
d25
f165/
f186/
f195
f22
f258
f31/
f86/
n19/
n29
Invalid operation
d175
d25
f165/
f186/
f195
f22
f258
f31/
f86/
n19/
n29
Invalid operation
f22:md:5
Invalid operation
Invalid operation
/n20/f187/n48/f116/f34/f181/f165/d4
f22:9n.kxhc1
d25:FA 4B 34 A3 00 00 69 8C
Null
Invalid operation
d212
d287/
f14/
f41
f77/
d212:as2o.0cimfuscmoxxh780jt0jmk4xxwbtxto5djb.cepv4dv fk
Invalid operation
d212
d287/
f14/
f41
n42
n69
d212
d287/
f14/
f41
n42
n69
Invalid operation
Invalid operation
f34:dir:0
d103
d186
d267/
d82
f297
f34/
d103
d186
d267/
d82
f297
f34/
f116/
├── d103
├── d186
├── d267/
├── d82
├── f297
└── f34/
    ├── d128/
    ├── d212
    ├── d287/
    ├── f130/
    ├── f14/
    ├── f41
    ├── n42
    └── n69
Invalid operation
/n20/f187/n48/f49
f47:68 93 7A 8F 25 3F 9A 5B 27 00 00 00 00 00 00 41 79 F3 58 49 93 59
Invalid operation
f47:93 B6 1A EA 97 22
n48/
├── d130/
├── d136
├── d186/
├── d212/
├── d229/
├── d245/
├── d251
├── d264/
├── d268/
├── d284
├── d53/
├── f103
├── f116/
│   ├── d103
│   ├── d186
│   ├── d267/
│   ├── d82
│   ├── f190/
│   └── f34/
│       ├── d128/
│       ├── d212
│       ├── d287/
│       ├── f130/
│       ├── f14/
│       ├── f41
│       ├── n42
│       └── n69
├── f18/
│   ├── f225/
│   └── f256
├── f205/
├── f225/
├── f256
├── f47
├── f49
├── f68
├── f76/
├── f95/
├── n0
├── n43
├── n67
├── n75
└── n87
d130/
d136
d186/
d212/
d229/
d245/
d251
d264/
d268/
d284
d53/
f103
f116/
f18/
f205/
f225/
f256
f47
f49
f68
f76/
f95/
n0
n43
n67
n75
n87
/n20/f187/n48/f49
Invalid operation
d280:00
d280
d41/
f225/
n41
f47:B6 F3 8B 3D
Invalid operation
f47:7A 8F 25 3F
f225:dir:0
Invalid operation
Invalid operation
Invalid operation
Invalid operation
Invalid operation
Invalid operation
f47:00 00 00 41 79 F3 58 49 93
/n20/f187/n48/f49
f49:txt:100
d130/
d186/
d212/
d229/
d245/
d251
d264/
d284
d53/
d6
f103
f116/
f18/
f188/
f205/
f214
f218/
f219
f225/
f256
f47
f49
f68
f76/
n0
n103/
n43
n59/
n75
n87
n94/
f49:100
f47:31
d284:15
n0:12
n43:11
f103:7
n87:6
f256:4
Invalid operation
d130/
d186/
d212/
d229/
d245/
d251
d258
d264/
d284
d287/
d53/
d6
f103
f116/
f155
f18/
f188/
f205/
f214
f218/
f219
f225/
f256
f47
f49
f68
f76/
n0
n103/
n43
n59/
n75
n85
n87
n94/
f49:110
f47:31
d284:15
d258:13
n0:12
n43:11
f103:7
f47:96 8F 25 3F 9A 5B 27 00 00 00 00 00 00 41 79 F3 58 49 93 B6 F3 8B
Null
f49:5yyo6l7vxqxem285px5nfdzrtoxxxsagzzrquu94   qn0igxmg8.13igueii.r6_5yejzqp.brqat8argaum6f-7ph-exnta.hz95.mty2fmm8nyfnktv
Invalid operation
Invalid operation
Invalid operation
Invalid operation
f49:txt:118
d150:txt:57
Invalid operation
d150
d195
d39
f281
n48/
f49:txt:118
n1:dir:0
Invalid operation
n1/
f49:5yyo6l7vxqxem285px5nfdzrtoxxxsagzzrquu94   qn0igxmg8.13igueii.r6_5yejzqp.brqat8argaum6f-7ph-exnta.hz95.mty2fmm8nyfnktvf-p_wu0fv1q
d79:12
d79
f187/
d79:txt:12
d79:. 4qltih-4rb
Invalid operation
Invalid operation
f47:F3 58 49 93 B6 34 8B 3D AE 33
f47:33
/n20/f187/n48/f49
f49:5yyo6l7vxqxem285px5nfdzrtoxxxsagzzrquu94   qn0igxmg8.13igueii.r6_5yejzqp.brqat8argaum6f-7ph-exnta.hz95.mty2fmm8nyfnktvf-p_wu0fv1q
Invalid operation
Invalid operation
Invalid operation
Invalid operation
Invalid operation
d186/
Invalid operation
Invalid operation
Invalid operation
Invalid operation
Invalid operation
f14:F4 4C F7 C1 34 D1 B8 E4
/n20/f187/d150
d150
d39
f281
n48/
d150
d39
n48/
f49:txt:137
d103
d186
d267/
d82
f190/
f34/
Invalid operation
Invalid operation
n26:dir:0
d121/
n26/
d298/
f49:ED
d298/
f49
d298/
f102
Invalid operation
Invalid operation
Invalid operation
Invalid operation
Invalid operation
Invalid operation
Invalid operation
d83:6F F6 00 6C E8 00 DC 68 86
d103
d186
d216
d267/
d82
f34/
Invalid operation
Invalid operation
Invalid operation
Invalid operation
n26:dir:0
d83:68
Invalid operation
Invalid operation
d83:00 00
Invalid operation
f243:0
n57:0
n26/
├── d133
├── f243
└── n57
d83:E9 3C A9 6B 9C 7C 61 A7 00 5D 5E
Invalid operation
d133
d42/
f243
n57
f243:
d83:6C E8 00 DC 68 86 1A 00 E9 3C A9 6B 9C
Invalid operation
n26:dir:0
Invalid operation
d121/
d168
d83
n117/
n26/
n86/
Invalid operation
Invalid operation
f47:00
Invalid operation
Null
d121/
d168
d83
f169/
n117/
n26/
n40/
n86/
Invalid operation
d82:00 50 04 2A 33 77 A6
Invalid operation
d82:00
Invalid operation
Invalid operation
d139
d213
d5
d82
f26/
f292/
f89
n78
d82:15
f89:10
f49:5yyo6l7vxqxem285px5nfdzrtoxxxsagzzrquu94   qn0igxmg8.13igueii.r6_5yejzqp.brqat8argaum6f-7ph-exnta.hz95.mty2fmm8nyfnktvf-p_wu0fv1qxq5twtdi
f49:5yyo6l7vxqxem285px5nfdzrtoxxxsagzzrquu94   qn0igxmg8.13igueii.r6_5yejzqp.brqat8argaum6f-7ph-exnta.hz95.mty2fmm8nyfnktvf-p_wu0fv1qxq5twtdi
f299
Invalid operation
f299
d14
d230/
d230/
Invalid operation
Invalid operation
Invalid operation
f47:00 00 FF
Invalid operation
Invalid operation
Invalid operation
Invalid operation
Invalid operation
d122/
d255/
f17
d230/
├── d122/
├── d255/
└── f17
d122/
d255/
f17
d122/
d255/
f17
f47:21 8A A1 80 B6 00 00 A9
d264/
├── d14
└── d230/
    ├── d255/
    └── f17
Null
Invalid operation
Invalid operation
f47:8A A1 80 B6 00 00 A9 00 00 00 00
f47:DB 68 00 FF 79 F3 58 49 93 B6 34 8B 21 8A A1 80
d130/
d186/
d20
d212/
d229/
d245/
d251
d258
d264/
d284
d287/
d34
d56
d6
d9
f103
f116/
f127
f155
f18/
f188/
f205/
f218/
f219
f222/
f225/
f47
f49
f68
f76/
n0
n103/
n38
n43
n5
n75
n85
n87
n94/
d150:r92or891bk5dub2h7jzn-bj_thge.vrcx2s5dh3bvg831-gy47gnbsj6xawxlhglwfekk7lmxbg0awr
d150:r92or891bk5dub2h7jzn-bj_thge.vrcx2s5dh3bvg831-gy47gnbsj6xawxlhglwfekk7lmxbg0awr
Invalid operation
d150:79
d39:5
Invalid operation
f49:5yyo6l7vxqxem285px5nfdzrtoxxxsagzzrquu94   qn0igxmg8.13igueii.r6_5yejzqp.brqat8argaum6f-7ph-exnta.hz95.mty2fmm8nyfnktvf-p_wu0fv1qxq5twtdievwvcfky5xeim
Invalid operation
/n20/f187/n48/f49
f49:150
f47:48
d284:15
d34:15
d258:13
d9:13
Invalid operation
Invalid operation
f49:txt:151
/n20/f187/n48/f49
Invalid operation
Invalid operation
Invalid operation
f47:00
Null
f49:5yyo6l7vxqxem285px5nfdzrtoxxxsagzzrquu94   qn0igxmg8.13igueii.r6_5yejzqp.brqat8argaum6f-7ph-exnta.hz95.mty2fmm8nyfnktvf-p_wu0fv1qxq5twtdievwvcfky5xeimx
f47:80 B6 00 00 A9
Invalid operation
f47:68 00 FF 79 F3 4C F0 93 B6 34 8B 21 8A A1 80
d130/
d186/
d20
d212/
d229/
d245/
d251
d258
d264/
d284
d287/
d34
d56
d6
d74/
d9
f103
f116/
f127
f155
f18/
f188/
f193
f205/
f213
f218/
f219
f222/
f225/
f285/
f47
f49
f68
f76/
n0
n103/
n38
n43
n5
n75
n83/
n85
n87
n94/
/n20/f187/n48/f49
f49:151
f47:47
d130/
d186/
d20
d212/
d229/
d245/
d251
d258
d264/
d284
d287/
d34
d56
d6
d74/
d9
f103
f116/
f127
f155
f18/
f188/
f193
f205/
f213
f218/
f219
f222/
f225/
f285/
f47
f49
f68
f76/
n0
n103/
n38
n43
n5
n75
n83/
n85
n87
n94/
Invalid operation
f49:5yyo6l7vxqxem285px5nfdzrtoxxxsagzzrquu94   qn0igxmg8.13igueii.r6_5yejzqp.brqat8argaum6f-7ph-exnta.hz95.mty2fmm8nyfnktvf-p_wu0fv1qxq5twtdievwvcfky5xeimxxxwuh4hbd0bu6eo
f49:5yyo6l7vxqxem285px5nfdzrtoxxxsagzzrquu94   qn0igxmg8.13igueii.r6_5yejzqp.brqat8argaum6f-7ph-exnta.hz95.mty2fmm8nyfnktvf-p_wu0fv1qxq5twtdievwvcfky5xeimxxxwuh4hbd0bu6eo
f49:5yyo6l7vxqxem285px5nfdzrtoxxxsagzzrquu94   qn0igxmg8.13igueii.r6_5yejzqp.brqat8argaum6f-7ph-exnta.hz95.mty2fmm8nyfnktvf-p_wu0fv1qxq5twtdievwvcfky5xeimxxxwuh4hbd0bu6eo
/n20/f187/n48/f49
d130/
d186/
d20
d212/
d229/
d251
d258
d264/
d284
d287/
d34
d56
d6
d74/
d9
f103
f116/
f127
f155
f18/
f188/
f193
f205/
f213
f218/
f219
f222/
f225/
f277
f285/
f47
f49
f68
f76/
n0
n103/
n38
n43
n5
n75
n83/
n85
n87
n94/
f47:97 FF 3F 9A 5B 27 00 00 00 DB
d14
d230/
d287
d73
f18/
f190/
f72/
d130/
d186/
d20
d212/
d229/
d251
d258
d264/
d284
d287/
d34
d56
d6
d74/
d9
f103
f116/
f127
f155
f18/
f188/
f193
f205/
f213
f218/
f219
f222/
f225/
f277
f285/
f47
f49
f68
f76/
n0
n103/
n38
n43
n5
n75
n83/
n85
n87
n94/
Invalid operation
Invalid operation
f49:5yyo6l7vxqxem285px5nfdzrtoxxxsagzzrquu94   qn0igxmg8.13igueii.r6_5yejzqp.brqat8argaum6f-7ph-exnta.hz95.mty2fmm8nyfnktvf-p_wu0fv1qxq5twtdievwvcfky5xeimxxxwuh4hbd0bu6eox
f49:5yyo6l7vxqxem285px5nfdzrtoxxxsagzzrquu94   qn0igxmg8.13igueii.r6_5yejzqp.brqat8argaum6f-7ph-exnta.hz95.mty2fmm8nyfnktvf-p_wu0fv1qxq5twtdievwvcfky5xeimxxxwuh4hbd0bu6eox
Null
f47:A0 32 97 FF 3F 9A 5B 27 00
f47:27 00 00 00 DB 68 00 FF 79 F3 58 49 93 B6 B3 FD 55 8A A1 80 89 B3 FD
d130/
d186/
d20
d212/
d229/
d251
d258
d264/
d284
d287/
d34
d56
d6
d74/
d9
f103
f116/
f117
f12/
f127
f155
f178
f18/
f188/
f193
f205/
f213
f218/
f219
f222/
f225/
f285/
f4/
f47
f49
f67/
f68
f76/
f89
n103/
n38
n43
n5
n75
n83/
n85
n87
f47:DD A9 C3 28 00 DB 68 00 FF 79 F3 58 49 93 B6 B3
f47:79 F3 58 49 93 B6 B3 FD 55 8A A1 80 89 B3 FD 46 BD DC 91 F0 00 00 00 90 1D 9D AE 93
Invalid operation
d150
d39
f247/
n48/
n74/
Invalid operation
Invalid operation
d150
d39
d40
f247/
n48/
n74/
d150:r92or891bk5dub2h7jzn-bj_thge.vrcx2s5dh3bvg831-gy47gnbsj6xawxlhglwfekk7lmxbg0awr
Invalid operation
f14:29
f12:12
d126:11
d265:7
f138:7
f63:2
Invalid operation
d126
d265
f12
f138
f14
f187/
f63
n87/
n20/
├── d126
├── d265
├── f12
├── f138
├── f14
├── f187/
│   ├── d150
│   ├── d39
│   ├── d40
│   ├── f0/
│   ├── f247/
│   ├── n48/
│   │   ├── d130/
│   │   ├── d159/
│   │   ├── d186/
│   │   ├── d20
│   │   ├── d212/
│   │   ├── d229/
│   │   ├── d251
│   │   ├── d258
│   │   ├── d264/
│   │   │   ├── d14
│   │   │   ├── d230/
│   │   │   │   ├── d255/
│   │   │   │   └── f17
│   │   │   ├── d287
│   │   │   ├── d36
│   │   │   ├── d73
│   │   │   └── f190/
│   │   ├── d284
│   │   ├── d287/
│   │   ├── d34
│   │   ├── d56
│   │   ├── d6
│   │   ├── d74/
│   │   │   ├── d283
│   │   │   └── f97
│   │   ├── d9
│   │   ├── f103
│   │   ├── f116/
│   │   │   ├── d121/
│   │   │   ├── d139
│   │   │   ├── d213
│   │   │   ├── d5
│   │   │   ├── d82
│   │   │   ├── f160
│   │   │   ├── f231
│   │   │   ├── f26/
│   │   │   ├── f292/
│   │   │   ├── f44
│   │   │   ├── f89
│   │   │   └── n78
│   │   ├── f117
│   │   ├── f12/
│   │   ├── f127
│   │   ├── f155
│   │   ├── f178
│   │   ├── f18/
│   │   ├── f188/
│   │   ├── f193
│   │   ├── f205/
│   │   │   └── d135
│   │   ├── f213
│   │   ├── f218/
│   │   ├── f219
│   │   ├── f222/
│   │   ├── f225/
│   │   ├── f285/
│   │   ├── f4/
│   │   ├── f47
│   │   ├── f49
│   │   ├── f67/
│   │   ├── f68
│   │   ├── f76/
│   │   ├── f89
│   │   ├── n103/
│   │   ├── n38
│   │   ├── n43
│   │   ├── n5
│   │   ├── n75
│   │   ├── n83/
│   │   ├── n85
│   │   └── n87
│   └── n74/
├── f63
└── n87/
    ├── d112/
    │   └── d200/
    │       ├── d289
    │       ├── f167/
    │       └── n53/
    ├── f165/
    └── n42
Invalid operation
Invalid operation
Invalid operation
Invalid operation
f14:C1 61 00 FC 4F 86 50 0A 03 27 0C 19
f12
f138
f14
f187/
n107
n46/
n87/
Invalid operation
Invalid operation
Invalid operation
f14:26
f12:12
n107:8
Invalid operation
Invalid operation
f14:9E F3 7C 03 27 0C 19 11
Invalid operation
Invalid operation
d124/
f12
f138
f14
n46/
n53/
n87/
Invalid operation
f14:9E F3 7C 03 27
Invalid operation
Invalid operation
f14:bin:23
f14:23
f12:12
d57:9
Invalid operation
f14:23
f12:12
d57:9
f138:7
Invalid operation
Invalid operation
Invalid operation
Invalid operation
f14:F3 7C 03 27 0C 19
Invalid operation
n20/
├── d124/
├── d281/
├── d57
├── f12
├── f138
├── f14
├── f191/
├── f214
├── n107
├── n53/
└── n87/
    ├── d112/
    │   └── d200/
    │       ├── d289
    │       ├── f167/
    │       └── n53/
    ├── f165/
    └── n42
d124/
d281/
d57
f12
f138
f14
f191/
f214
n107
n53/
n87/
Invalid operation
Invalid operation
d157
f299
Invalid operation
Invalid operation
Null
f299
Invalid operation
n46/
└── f299
f299:txt:19
Invalid operation
Invalid operation
Invalid operation
/n20/f14
Invalid operation
d181/
d198
d281/
d57
f12
f138
f14
f191/
f214
n107
n46/
n87/
Invalid operation
/n20/f14
d109/
d130/
d138/
d143/
d183/
d188/
d189
d192
d212/
d215/
d219
d22/
d223
d24/
d247/
d252/
d272
d41
d42
d69
d76/
d99
f10
f110
f122/
f128
f140
f144/
f181
f184/
f194/
f210
f212/
f215
f22/
f227
f23
f238
f249
f254
f255
f284/
f4/
f5
f65/
f70/
f72/
f84/
f89/
f99
n12
n20/
n30/
n39/
n40
n58
n90/
Invalid operation
f181:3F E1 55 3F 36 E9 18 20 CD 71 41 DD 78 A5 2D 0A 7A 83 44 73 8A A6 83 57 3B 29 61 1F 51 93 C9 36 CF 84 E9 1E DE BF E0 DC FD 82 44 89 00 00 57 F6 47 4A 70 14 2D 6C 5F 00 4D 00 00 00 00 00 00 23 FB B0 30 FB 9B BA C2 0D C8 80 C5 29 E0 03 00 36 09 00 00 9B 79 00 00 00
Invalid operation
f215:g4x06feg1h587zqfjpnc9whrt0m9a8pd n4 oco6h7fu_3.xx-fzcel3683v4b
Null
f215:g4x06feg1h587zqfjpnc9whrt0m9a8pd n4 oco6h7fu_3.xx-fzcel3683v4b
Invalid operation
/d109/f191
Invalid operation
f181:57 F6 47 4A 70 14 2D 6C
Invalid operation
d109/
├── d204/
│   ├── d62
│   └── n82/
├── d258/
│   └── d78
├── d265/
│   └── d59
├── f148
├── f191
├── f251/
├── n33/
└── n64/
f191:md:7
f191:xxlr_8xx
d243
f123
f173
n0/
n111/
/d109/d265/n111/n50
f181:BF E0 DC FD 82 44 89 00 00 57 F6 47 4A 70 14 2D 6C 5F 00 4D 00 00 00 00 00 00 23
d164/
d204/
d265/
f148
f191
f2
n33/
n64/
Invalid operation
d204/
d260/
d265/
f148
f191
f2
n33/
n64/
Invalid operation
d109/
d130/
d138/
d143/
d15
d183/
d188/
d189
d192
d212/
d215/
d219
d22/
d223
d24/
d247/
d252/
d265/
d272
d41
d42
d69
d76/
d99
f10
f110
f122/
f128
f140
f144/
f181
f184/
f194/
f210
f212/
f215
f22/
f227
f23
f249
f254
f255
f284/
f4/
f5
f70/
f72/
f84/
f89/
f99
n20/
n30/
n39/
n40
n68
n90/
Invalid operation
Invalid operation
Invalid operation
d109/
d130/
d138/
d143/
d183/
d188/
d189
d192
d212/
d215/
d219
d22/
d223
d24/
d247/
d252/
d265/
d272
d41
d42
d69
d76/
d99
f10
f110
f122/
f128
f140
f144/
f181
f184/
f194/
f210
f212/
f215
f22/
f227
f23
f249
f254
f255
f284/
f4/
f5
f70/
f72/
f84/
f89/
f99
n20/
n30/
n39/
n40
n68
n90/
d22:dir:0
Invalid operation
d22:dir:0
f99:g5jp2w-9uo-r9ni 88ev4tgmy_c90dc.188_hfpa3kyux1ivx1asxyrp4ub
f192:19 00
d138/
├── d0/
├── d231
├── d40/
├── d80/
├── d98
├── f111
├── f120
├── f171
├── f192
├── f225
├── f285/
│   └── f113
├── f29
├── f32
├── f44/
│   └── f67
├── f73/
├── f78
├── f9/
├── f99
├── n117/
├── n31
└── n65/
d0/
d231
d40/
d80/
d98
f111
f120
f171
f192
f225
f285/
f29
f32
f44/
f73/
f78
f9/
f99
n117/
n31
n65/
f192:48 2E 32
Null
f110
d295/
n68
d295/
d32/
n68
d295/
d32/
n68
n68:bkx
Invalid operation
d114/
f238
f256/
f76
Invalid operation
d114/
f238
f256/
f76
f256/
f76
Invalid operation
f76:00 4B 93 65 8C
Invalid operation
Null
Invalid operation
Null
f256:dir:0
d100/
d16/
d295/
d32/
d69/
f196/
f42/
n114
n13
n68
n7
n13:00 68 5A A1 45 62 0D C1 F1 73 00 00 00 7C
d100/
d16/
d295/
d32/
d69/
f196/
f42/
n114
n13
n68
n7
d0/
├── d100/
├── d16/
├── d32/
├── d69/
│   ├── d114/
│   ├── f61/
│   └── f76
├── d96/
├── f196/
├── f42/
├── n114
├── n13
├── n68
└── n7
n68:bkxpwijrgcwo3n1xpxhux
Invalid operation
Invalid operation
d192/
d222
d40/
f22/
d192/
d222
d40/
f22/
d222:C6
d40/
f112
d292/
d40/
f112
f112:0
n13:7C
f112
Null
f112
f67
d117
f67
d16/
d164
d32/
d69/
d96/
f106
f196/
f42/
f48
n114
n13
n68
n7
Invalid operation
Invalid operation
Invalid operation
Null
Invalid operation
d40:dir:0
d0/
d231
d40/
d80/
d98
f111
f171
f192
f225
f285/
f29
f32
f44/
f73/
f78
f9/
f99
n117/
n31
n32
n65/
f99:g5jp2w-9uo-r9ni 88ev4tgmy_c90dc.188_hfpa3kyux1ivx1asxyrp4ub
d138/
├── d0/
│   ├── d16/
│   ├── d32/
│   ├── d69/
│   │   ├── d114/
│   │   ├── f61/
│   │   └── f76
│   ├── d96/
│   ├── f106
│   ├── f196/
│   ├── f42/
│   ├── f48
│   ├── n114
│   ├── n13
│   ├── n68
│   └── n7
├── d231
├── d40/
├── d80/
├── d98
├── f111
├── f120
├── f171
├── f192
├── f225
├── f285/
│   └── f113
├── f29
├── f32
├── f44/
│   └── f67
├── f73/
├── f78
├── f9/
├── f99
├── n117/
├── n31
├── n32
└── n65/
Invalid operation
Invalid operation
f99:72
f192:17
n31:15
d98:8
f99:g5jp2w-9uo-r9ni 88ev4tgmy_c90dc.188_hfpa3kyux1ivx1asxyrp4ub9sc7nhbi6gqfa-r6xmsydk
Invalid operation
Invalid operation
Invalid operation
Invalid operation
d109/
d130/
d138/
d143/
d183/
d188/
d189
d192
d212/
d215/
d219
d22/
d223
d24/
d243
d247/
d252/
d265/
d272
d41
d42
d69
d76/
d99
f10
f110
f122/
f128
f140
f144/
f181
f184/
f194/
f210
f212/
f215
f22/
f227
f23
f249
f252
f254
f255
f284/
f4/
f5
f70/
f72/
f84/
f89/
f99
n20/
n30/
n37
n39/
n40
n68
n90/
Invalid operation
Invalid operation
f215:g4x06feg1h587zqfjpnc9whrt0m9a8pd n4 oco6h7fu_3.xx-fzcel3683v4bbk x9dg7eq-i62h9kmca1184nwedtc36uq1ob. r.yczhtlqejdi
Invalid operation
d109/
d130/
d138/
d143/
d183/
d188/
d189
d192
d212/
d215/
d219
d22/
d223
d24/
d247/
d252/
d265/
d272
d41
d42
d69
d76/
d99
f10
f110
f122/
f128
f140
f144/
f181
f184/
f194/
f210
f212/
f213
f215
f22/
f227
f23
f249
f252
f254
f255
f284/
f4/
f5
f70/
f72/
f84/
f89/
f99
n20/
n30/
n37
n39/
n40
n59/
n68
n90/
d22:dir:0
f215:114
f181:100
f227:14
d109/
d130/
d138/
d143/
d183/
d188/
d189
d192
d212/
d215/
d219
d22/
d223
d24/
d247/
d252/
d265/
d272
d41
d42
d69
d76/
d99
f10
f110
f122/
f128
f140
f144/
f181
f184/
f194/
f210
f212/
f213
f215
f22/
f227
f23
f249
f250
f252
f254
f255
f284/
f4/
f5
f70/
f72/
f84/
f89/
f99
n20/
n30/
n37
n39/
n40
n59/
n68
n90/
d110:393yl6
/f144/f237
f181:FD DE 0C 19 3F E1 55 3F 36 E9 18 20 CD 71 41 DD 78 A5 2D 0A 7A 83 44 73 8A A6 83 57 3B 29 61 1F 51 93 C9 36 CF 84 E9 8F FB BF E0 DC
f237:y478yl10_5hun7l7k
f206/
Invalid operation
f181:47 4A 70 14 2D 6C 5F 00 1B E7 91 00 00 00 00 23 FB B0 D8 12 52 49 B5 C5 1A 27 C5 32 67 F1 C2 DC F8 00
Invalid operation
d43:md:8
f206/
n90/
f206:dir:0
f118:83 B8
Invalid operation
Invalid operation
Invalid operation
Invalid operation
Invalid operation
Invalid operation
Invalid operation
/f144/f44/d168
d168
f118
f152
f206/
n90/
d206
n26/
f101:t0m3ondocu.ng
f101
f101
Invalid operation
Invalid operation
f101:txt:13
f101:t0m3ondocu.ng
Invalid operation
Null
Invalid operation
Null
Invalid operation
d200
n15
f181:61 1F 51 93 C9 36 CF 84 E9 8F FB BF E0 DC FD 82 44 89 00 00 57 F6 47 4A 70 14 2D 6C 5F 00 1B E7 91 00 00 00 00 23 FB B0 D8 12 AD 0B
f181:20 CD 71 41 DD 5B 46 0C 0A A8 CF 81 B3 FB B1 D0 32
d263:txt:2
Invalid operation
d263:txt:2
n52:1B E2
Invalid operation
Invalid operation
n52:00 00 00
Invalid operation
d153
d263
n10/
n52
Null
Invalid operation
Invalid operation
Invalid operation
f101:t0m3ondocu.ngx
Invalid operation
f101:14
d295:0
d81:0
Invalid operation
d263:7zq-
Invalid operation
n52:E8 EE A3 BD 27 AC
d263
n10/
n52
n92/
Invalid operation
d156
n10/
n118/
n92/
Invalid operation
Null
Invalid operation
Invalid operation
Invalid operation
Invalid operation
d156
d157/
n92/
Invalid operation
d156
d157/
Invalid operation
f101:t0m3ondocu.ngxv_c-wk-i4-4_i 84
d87/
├── d157/
└── f257/
f257:dir:0
f181:51 93 C9 36 CF 84 E9 8F FB BF E0 DC FD 82 44 89 00 00 57 F6 47 4A 70 14 2D 6C 5F 00 1B E7 91 00 00 00
f101:txt:37
d57:h41psqd_p4ab 6v
d57
/f144/f6/d87/d57
d57:txt:23
Null
/f144/f6/d87/f228
f118
f228
f251
d187/
d295
d81
d87/
f101
n109/
Invalid operation
f181:1A 92 AE 58 1D 74 00 00 00 00 00 00 B9 09 31 4B 04 3F 6F
Invalid operation
f101:t0m3ondocu.ngxv_c-wk-i4-4_i 84byrt6bv
Invalid operation
Invalid operation
Null
Invalid operation
d187/
d222
d295
d87/
f101
f218
f25/
n109/
n34/
d295:
d19/
f237
f44/
f6/
f6:dir:0
d19/
f174
f237
f44/
f6/
n69
d19/
f174
f237
f44/
f6/
n69
d19/
f174
f237
f44/
f6/
n69
d19/
f174
f237
f44/
f6/
n69
/f144/f237
f181:61 1F 51 93 C9 36 CF 84 E9 8F FB BF E0 DC FD 82 44 89 00 00 57 F6 47 4A 70 14 2D 6C 5F
d19/
f157
f174
f237
f44/
f6/
n69
/f144/f237
d19/
f157
f174
f237
f44/
f6/
f63
n69
d19/
f157
f174
f237
f44/
f6/
f63
n69
f237:y478yl10_5hun7l7ktdkb0cn15_4eitqxkk_sz855hjhov.23tyx
f181:EA 28 61 1F 51 93 C9
f215:114
f181:112
f227:14
f215:114
f181:112
f227:14
Invalid operation
Invalid operation
Invalid operation
d225:dir:0
d225/
f250
n40
f181:57 F6 47 4A 70 14 2D 6C 5F E8 2C 33 53 D6 58 4D E5 23 FB B0 D8 12
Invalid operation
d225/
d273
f250
n40
d282
f0
f159/
f178
f237/
f284/
f34
f37/
f97/
n23/
n35/
n66
Invalid operation
d273:8B AC 48
n40:yo-k  2 3 cyos99e9y6jp
d225:dir:0
d225/
d273
f183
f187
f250
f84
n40
Invalid operation
Invalid operation
f178:dfg-1sh3tpc93b4mz82nyr7o 61u1wz h4hx5ao3e_3nbn9w-nbog4 4fhg2x4np28c  nemuee-zsixnrb1j_l 6-r72a9zk8yk6-qjr8z9ycapi
d282
f0
f159/
f178
f237/
f284/
f34
f37/
f68
f97/
n112/
n23/
n35/
n66
Invalid operation
f0
f159/
f178
f237/
f284/
f34
f37/
f68
f97/
n112/
n113
n35
n66
f0
f159/
f178
f237/
f284/
f34
f37/
f68
f97/
n112/
n113
n35
n66
f0
f159/
f178
f237/
f284/
f34
f37/
f68
f97/
n112/
n113
n35
n66
d9/
f0
f159/
f178
f237/
f274
f284/
f34
f37/
f68
f97/
n112/
n113
n35
n66
Null
d9/
Invalid operation
f85:2
f59:0
d202
f141/
f59
f59:x
Invalid operation
Null
Invalid operation
/f4/d9/d202
f68:74
Invalid operation
Invalid operation
Invalid operation
Invalid operation
Invalid operation
f68:E6 73 F2 86 BC
f97/
├── d10/
├── d225/
├── d231/
├── d273
├── f135
├── f183
├── f187
├── f228/
├── f250
├── f49/
├── n40
└── n69/
n40:yo-k  2 3 cyos99e9y6jp0g o-s_e
d10/
d225/
d231/
d273
f135
f183
f187
f228/
f250
f49/
n40
n69/
n8
Invalid operation
d273:A7 D1 F7 A5
Invalid operation
Invalid operation
d9/
f0
f159/
f178
f237/
f274
f284/
f34
f37/
f68
f97/
n112/
n113
n35
n66
n94
/f4/f178
Invalid operation
f97/
├── d10/
├── d225/
├── d231/
├── d273
├── f135
├── f183
├── f187
├── f228/
├── f250
├── f49/
├── n40
├── n69/
└── n8
d225:dir:0
d273:8B 82 C6 96 A7 D1
n40:yo-k  2 3 cyos99e9y6jp0g o-s_e
n40:yo-k  2 3 cyos99e9y6jp0g o-s_e
Invalid operation
f97/
├── d10/
├── d225/
├── d231/
├── d273
├── f183
├── f187
├── f228/
├── f250
├── f49/
├── n40
├── n69/
├── n8
└── n80/
/f4/f97/n40
/n40
/f4/f97/n40
/n40
Invalid operation
Invalid operation
d9/
f0
f159/
f178
f237/
f274
f284/
f34
f37/
f68
f97/
n112/
n113
n35
n66
n94
Invalid operation
d9/
f0
f148
f159/
f178
f237/
f274
f284/
f34
f37/
f68
f97/
n112/
n113
n35
n66
n94
d9/
f0
f148
f159/
f178
f237/
f274
f284/
f34
f37/
f68
f97/
n112/
n113
n35
n66
n94
d9/
f0
f148
f159/
f178
f237/
f274
f284/
f34
f37/
f68
f97/
n112/
n113
n35
n66
n94
f178:dfg-1sh3tpc93b4mz82nyr7o 61u1wz h4hx5ao3e_3nbn9w-nbog4 4fhg2x4np28c  nemuee-zsixnrb1j_l 6-r72a9zk8yk6-qjr8z9ycapir-sta65ib9hcwiwnefzixnetjcau0ih4xchmxn0r73zi3t31-vm_
Invalid operation
Invalid operation
Invalid operation
Invalid operation
f68:00 00
d9/
f0
f106/
f159/
f162/
f178
f237/
f284/
f34
f37/
f68
f97/
n113
n35
n66
n87
f68:00
d9/
f0
f159/
f162/
f178
f237/
f284/
f34
f37/
f57
f68
f97/
n113
n35
n66
n86
n87
Invalid operation
f181:7A C6 DC FD 82 44 89 00 00 57 F6 47 4A 70 14 2D 6C 5F E8 2C 33 53 D6 58 4D E5 23 FB B0 D8 12 AD 0B DD 2D 1A 27 C5 32 67 F1 C2 DC F8 00 00 9B 79
f215:g4x06feg1h587zqfjpnc9whrt0m9a8pd n4 oco6h7fu_3.xx-fzcel3683v4bbk x9dg7eq-i62h9kmca1184nwedtc36uq1ob. r.yczhtlqejdix
Invalid operation
d22:dir:0
Invalid operation
Invalid operation
Invalid operation
Invalid operation
f215:115
f181:114
f227:14
d109/
d11
d130/
d138/
d143/
d183/
d188/
d189
d192
d212/
d215/
d219
d22/
d223
d24/
d247/
d252/
d265/
d272
d41
d42
d69
d76/
f10
f110
f122/
f128
f140
f144/
f181
f184/
f194/
f210
f212/
f213
f215
f22/
f227
f23
f249
f250
f252
f254
f255
f284/
f4/
f70/
f72/
f84/
f89/
f99
n119
n20/
n30/
n37
n39/
n40
n59/
n68
n90/
Invalid operation
Invalid operation
Invalid operation
f126:8
n41:0
n90/
├── d102
├── d46
├── f126
├── f213
└── n41
n90/
├── d102
├── d15
├── d46
├── f126
├── f213
├── f86/
└── n41
Invalid operation
Invalid operation
d102
d15
d46
f213
f86/
Invalid operation
Invalid operation
Invalid operation
Invalid operation
Invalid operation
f181:C6 DC FD D1 F7 07 00 00 57 F6 47 4A 70 14 2D 6C 5F E8 2C 33 53 D6 58 4D E5 23 FB B0 DA 83 B9 12 B5 2D 1A 27 C5 32 67 F1 C2 DC F8 00 00 9B 79 40 1A 92 AE 58 1D 74 00 00 00 00 00 00 B9 09 EC 0E 04 3F 6F 00 00
d109/
d130/
d138/
d143/
d183/
d188/
d189
d192
d212/
d215/
d219
d22/
d223
d24/
d247/
d252/
d272
d280/
d41
d42
d69
d76/
f10
f110
f122/
f128
f140
f144/
f181
f184/
f194/
f212/
f213
f215
f22/
f227
f23
f249
f250
f252
f254
f255
f284/
f4/
f70/
f72/
f84/
f89/
f99
n119
n20/
n37
n39/
n40
n59/
n68
n90/
Invalid operation
Invalid operation
f215:g4x06feg1h587zqfjpnc9whrt0m9a8pd n4 oco6h7fu_3.xx-fzcel3683v4bbk x9dg7eq-i62h9kmca1184nwedtc36uq1ob. r.yczhtlqejdix
Invalid operation
f215:g4x06feg1h587zqfjpnc9whrt0m9a8pd n4 oco6h7fu_3.xx-fzcel3683v4bbk x9dg7eq-i62h9kmca1184nwedtc36uq1ob. r.yczhtlqejdix
f181:E8 2C 33 53 D6 58 4D E5 23 FB B0 DA 83 B9 12 B5 2D 1A 27 E4 F6 38 F1 C2 DC F8 00 00 9B 79 40 1A 92 AE 58 1D 74 00 00 00 00 00 00 B9 09 EC
f181:01 61 1F 51 93 C9 36 8C 3F 98 3D F0 7A C6 DC FD D1 F7 07 00 00
d109/
d138/
d143/
d183/
d189
d192
d212/
d215/
d219
d22/
d223
d24/
d247/
d252/
d272
d280/
d41
d42
d61
d69
d76/
f10
f110
f122/
f128
f140
f144/
f181
f184/
f194/
f212/
f213
f215
f22/
f227
f23
f249
f250
f252
f254
f284/
f4/
f70/
f72/
f84/
f89/
f99
n101/
n119
n20/
n37
n39/
n59/
n68
n90/
d109/
d138/
d143/
d183/
d189
d192
d212/
d215/
d219
d22/
d223
d24/
d247/
d252/
d272
d280/
d41
d42
d69
d76/
f10
f110
f122/
f128
f140
f144/
f181
f184/
f194/
f212/
f213
f215
f22/
f227
f23
f249
f250
f252
f254
f284/
f4/
f70/
f72/
f84/
f89/
f99
n101/
n119
n20/
n37
n39/
n59/
n68
n90/
/f215
Invalid operation
d22:dir:0
Invalid operation
f215:g4x06feg1h587zqfjpnc9whrt0m9a8pd n4 oco6h7fu_3.xx-fzcel3683v4bbk x9dg7eq-i62h9kmca1184nwedtc36uq1ob. r.yczhtlqejdix9xp
Invalid operation
Invalid operation
f181:00 9B 79 40 1A 92 AE 58 1D 74 00 00 00 00 00 00 B9 09 EC
Invalid operation
Invalid operation
Invalid operation
f181:00 57 F6 47 4A 70 14 2D 6C 5F E8 2C 33 53 D6 58 4D
f181:B0 DA 83 B9 12 B5 2D 1A 27 E4 F6 38 F1 C2 DC F8 00 00 9B 79 40 1A 92 AE 58 1D 74 00 00 00 00
f215:137
f181:113
f66:16
d109/
d11
d124/
d138/
d143/
d183/
d189
d192
d212/
d215/
d219
d22/
d223
d24/
d247/
d252/
d280/
d41
d69
d76/
f10
f110
f112
f122/
f128
f140
f144/
f162/
f181
f184/
f194/
f212/
f213
f215
f22/
f227
f23
f246
f249
f250
f252
f254
f284/
f4/
f57
f66
f70/
f84/
f89/
f99
n101/
n119
n20/
n37
n39/
n46/
n59/
n68
n90/
Invalid operation
d109/
d11
d124/
d138/
d143/
d183/
d189
d192
d212/
d215/
d219
d22/
d223
d24/
d247/
d252/
d280/
d41
d69
d76/
f10
f110
f112
f122/
f128
f140
f144/
f162/
f181
f184/
f194/
f199/
f212/
f213
f215
f22/
f227
f23
f246
f249
f250
f252
f254
f284/
f4/
f57
f66
f70/
f84/
f89/
f99
n101/
n119
n20/
n37
n39/
n46/
n59/
n68
n90/
f181:B9 09 EC 0E 04 3F 6F
Invalid operation
Invalid operation
Invalid operation
f215:143
f181:113
f66:16
d109/
d11
d124/
d138/
d143/
d151/
d183/
d189
d192
d212/
d219
d22/
d223
d24/
d247/
d252/
d280/
d41
d58/
d69
d76/
f10
f110
f112
f122/
f128
f140
f144/
f162/
f181
f184/
f194/
f199/
f212/
f213
f215
f22/
f227
f23
f246
f249
f250
f254
f284/
f4/
f66
f70/
f84/
f89/
n101/
n119
n20/
n37
n46/
n59/
n68
n90/
Invalid operation
f215:157
f181:113
f66:16
Invalid operation
Invalid operation
Invalid operation
Invalid operation
f215:g4x06feg1h587zqfjpnc9whrt0m9a8pd n4 oco6h7fu_3.xx-fzcel3683v4bbk x9dg7eq-i62h9kmca1184nwedtc36uq1ob. r.yczhtlqejdix9xphxf lb-zg4l1ly88xxd_7324ugk.0fp1q3_p7fg0ywk0gb5kzbyl5
f181:B9 09 EC 0E 04 3F 6F 00 00 00 00
f215:171
f181:114
f66:16
Invalid operation
d22:dir:0
f69:md:7
Invalid operation
f181:00
f69:12
d133/
d235/
f143
f69
Invalid operation
Null
f69:19
f143:17
f181:19 3F E1 55 3F 36 E9 18 20 CD 71 41 DD 5B 7E 0C 0A A8 CF 81 87 10 C9 B6 5B 01 71 DE BD 94 93 C9 C5 DB 3F 98 3D F0 7A C6 DC FD D1 F7 07 00 00 57 F6 47 4A E1 9B 23 B0 20 E8 2C 33 53 D6 58 4D E5 23 FB B0 DA 83 B9 12 B5 2D 1A 27 E4 F6 38 F1 C2 DC F8 00 00 9B 79 40 1A
f215:g4x06feg1h587zqfjpnc9whrt0m9a8pd n4 oco6h7fu_3.xx-fzcel3683v4bbk x9dg7eq-i62h9kmca1184nwedtc36uq1ob. r.yczhtlqejdix9xphxf lb-zg4l1ly88xxd_7324ugk.0fp1q3_p7fg0ywk0gb5kzbyl5qx59imit-hbtr
f215:184
f181:115
f66:16
f215:184
f181:115
f66:16
f215:184
f181:115
f66:16
Null
d22:dir:0
f181:71 41 DD 5B 7E 0C 0A A8 CF 81 87 10 C9 B6 5B 01 71 DE BD 94 93 C9 C5 DB 3F 98 3D F0 7A C6 DC FD D1 F7 07 00 00 57 F6 47 4A E1 9B 23 B0 20 E8 2C 33 53 D6 58 4D E5 23 FB B0 DA 83 B9 12 B5 2D 1A 27 E4 F6 38 F1 C2 DC F8 00 00 9B 79 40 1A
f215:184
f181:115
f66:16
d46:00 00 95 E3 72
d46:E3 72
Invalid operation
/f215
f215:195
f181:115
f66:16
f260
/f194/f260
Invalid operation
f260:f0oa0zc3_d
f215:217
f181:113
f66:16
Invalid operation
d107
d109/
d11
d13
d138/
d143/
d151/
d183/
d189
d192
d212/
d219
d22/
d223
d24/
d247/
d252/
d270
d280/
d36
d41
d58/
d69
d76/
d95/
f10
f110
f112
f122/
f128
f140
f144/
f162/
f181
f184/
f194/
f199/
f212/
f213
f215
f22/
f227
f23
f246
f249
f250
f254
f284/
f4/
f66
f70/
f84/
f89/
n101/
n119
n20/
n37
n46/
n59/
n90/
f215:g4x06feg1h587zqfjpnc9whrt0m9a8pd n4 oco6h7fu_3.xx-fzcel3683v4bbk x9dg7eq-i62h9kmca1184nwedtc36uq1ob. r.yczhtlqejdix9xphxf lb-zg4l1ly88xxd_7324ugk.0fp1q3_p7fg0ywk0gb5kzbyl5qx59imit-hbtrp8psz53t0k3xpocj62xzwxzxr66os36lk
Invalid operation
d190:3pcaxvsy2jl
f215:221
f181:113
f66:16
f215:221
f181:113
f66:16
f215:221
f181:113
f66:16
f215:221
f181:113
f66:16
Invalid operation
Invalid operation
d143:3
f215:221
f181:113
f66:16
f215:g4x06feg1h587zqfjpnc9whrt0m9a8pd n4 oco6h7fu_3.xx-fzcel3683v4bbk x9dg7eq-i62h9kmca1184nwedtc36uq1ob. r.yczhtlqejdix9xphxf lb-zg4l1ly88xxd_7324ugk.0fp1q3_p7fg0ywk0gb5kzbyl5qx59imit-hbtrp8psz53t0k3xpocj62xzwxzxr66os36lk2otn
d22:dir:0
f181:D6 58 4D E5 23 FB B0 DA 1F 49 87 00 6D DB 08 2E F6 38 F1 C2 DC F8 00 17 9B 79 40 1A B7 AE 58 1D 74 00 00 00 00 00 00 B9 09 EC 0E
f181:DC F8 00 17 9B
f215:221
f181:113
f66:16
d107
d109/
d11
d13
d138/
d143/
d151/
d183/
d189
d192
d212/
d219
d22/
d223
d24/
d247/
d252/
d270
d280/
d36
d41
d58/
d69
d76/
d95/
f10
f110
f112
f121
f122/
f128
f140
f144/
f173
f181
f184/
f194/
f199/
f212/
f213
f215
f22/
f227
f23
f246
f249
f250
f254
f284/
f4/
f70/
f84/
f89/
n101/
n20/
n37
n46/
n59/
n90/
f215:221
f181:113
f66:16
f215:g4x06feg1h587zqfjpnc9whrt0m9a8pd n4 oco6h7fu_3.xx-fzcel3683v4bbk x9dg7eq-i62h9kmca1184nwedtc36uq1ob. r.yczhtlqejdix9xphxf lb-zg4l1ly88xxd_7324ugk.0fp1q3_p7fg0ywk0gb5kzbyl5qx59imit-hbtrp8psz53t0k3xpocj62xzwxzxr66os36lk2otn
f215:g4x06feg1h587zqfjpnc9whrt0m9a8pd n4 oco6h7fu_3.xx-fzcel3683v4bbk x9dg7eq-i62h9kmca1184nwedtc36uq1ob. r.yczhtlqejdix9xphxf lb-zg4l1ly88xxd_7324ugk.0fp1q3_p7fg0ywk0gb5kzbyl5qx59imit-hbtrp8psz53t0k3xpocj62xzwxzxr66os36lk2otn
d107
d109/
d11
d13
d138/
d143/
d151/
d183/
d189
d192
d212/
d219
d22/
d223
d230
d24/
d247/
d252/
d270
d280/
d36
d41
d58/
d69
d76/
d95/
f10
f110
f112
f121
f122/
f128
f140
f144/
f181
f184/
f194/
f199/
f212/
f213
f215
f22/
f227
f23
f246
f249
f250
f254
f284/
f4/
f66
f70/
f84/
f89/
n101/
n20/
n37
n46/
n59/
n90/
f215:222
f181:113
f66:16
/f215
Invalid operation
Invalid operation
Invalid operation
Invalid operation
Invalid operation
/n20/f191/d90
d90:bin:0
d90
Null
d90:0
d90
f266/
Invalid operation
Invalid operation
Null
/n20/f191/d90
d90:bin:11
d90:11
n69:6
Invalid operation
Invalid operation
/n20/f138
f138:B7 4E 48 34 2C E5 42 3C F2 FA
Invalid operation
d190
f169
n105/
Invalid operation
f181:1F 49 87 00 6D DB 08 2E F6 38 F1 C2 DC F8 00 17 9B 79 40 1A B7 AE 58 1D 74 00 00 00 00 00 00 9A 15 EB 36 4E 3F 6F
d190:11
f169:9
Invalid operation
Invalid operation
Null
Invalid operation
d190
d277/
d97/
f104/
f169
f51/
n105/
n62
f215:222
f181:115
f66:16
d107
d109/
d11
d13
d138/
d143/
d151/
d183/
d189
d192
d212/
d219
d22/
d223
d230
d24/
d247/
d252/
d270
d280/
d36
d41
d58/
d69
d76/
d95/
f10
f110
f112
f121
f122/
f128
f138/
f140
f144/
f181
f184/
f194/
f199/
f212/
f213
f215
f22/
f227
f23
f246
f249
f250
f254
f284/
f4/
f66
f70/
f84/
f89/
n101/
n20/
n37
n59/
n90/
f215:222
f181:115
f66:16
Invalid operation
f215:222
f181:115
f66:16
f215:222
f181:115
f66:16
d107
d109/
d11
d13
d138/
d143/
d151/
d183/
d189
d192
d212/
d219
d22/
d223
d230
d24/
d247/
d252/
d270
d280/
d36
d41
d58/
d69
d76/
d95/
f10
f110
f112
f121
f122/
f128
f138/
f140
f144/
f181
f184/
f194/
f199/
f212/
f213
f215
f22/
f227
f23
f246
f249
f250
f254
f284/
f4/
f66
f70/
f84/
f89/
n101/
n20/
n37
n59/
n90/
f215:222
f181:115
f66:16
f215:g4x06feg1h587zqfjpnc9whrt0m9a8pd n4 oco6h7fu_3.xx-fzcel3683v4bbk x9dg7eq-i62h9kmca1184nwedtc36uq1ob. r.yczhtlqejdix9xphxf lb-zg4l1ly88xxd_7324ugk.0fp1q3_p7fg0ywk0gb5kzbyl5qx59imit-hbtrp8psz53t0k3xpocj62xzwxzxr66os36lk2otnx
f215:231
f181:117
f66:16
f215:g4x06feg1h587zqfjpnc9whrt0m9a8pd n4 oco6h7fu_3.xx-fzcel3683v4bbk x9dg7eq-i62h9kmca1184nwedtc36uq1ob. r.yczhtlqejdix9xphxf lb-zg4l1ly88xxd_7324ugk.0fp1q3_p7fg0ywk0gb5kzbyl5qx59imit-hbtrp8psz53t0k3xpocj62xzwxzxr66os36lk2otnxec.r6fwoe
Invalid operation
d245:eddepq6nw_inxf9t4vjm0pe4lr8fyvnkp-zcw5b6x
d22:dir:0
f181:D6 58 6B B3 79 FB B0 DA 1F 49 87 00 6D DB
f181:DC FD D1 F7 07 00 00 57 F6 47 4A E1 9B 23 B0 20 E8 2C 33 53 D6 58 6B B3 79 FB B0 DA 1F 49 87 00 6D DB 08 2E F6 38 F1 8C 49 F9 0E 8D CB F7 40 1A B7 AE 58 1D 74 00 00 0E 24 56 3A
Invalid operation
f215:g4x06feg1h587zqfjpnc9whrt0m9a8pd n4 oco6h7fu_3.xx-fzcel3683v4bbk x9dg7eq-i62h9kmca1184nwedtc36uq1ob. r.yczhtlqejdix9xphxf lb-zg4l1ly88xxd_7324ugk.0fp1q3_p7fg0ywk0gb5kzbyl5qx59imit-hbtrp8psz53t0k3xpocj62xzwxzxr66os36lk2otnxec.r6fwoe9cvmiyjs
Invalid operation
Invalid operation
f212/
├── d136
├── d215
└── n40
d136:txt:17
d107
d109/
d11
d13
d138/
d143/
d151/
d183/
d189
d192
d212/
d219
d22/
d223
d230
d24/
d247/
d252/
d270
d280/
d36
d41
d69
d76/
d95/
f10
f110
f112
f121
f122/
f128
f138/
f140
f144/
f181
f184/
f194/
f199/
f212/
f213
f215
f22/
f227
f23
f246
f249
f250
f284/
f4/
f66
f70/
f84/
f89/
n101/
n108/
n20/
n37
n59/
n90/
Invalid operation
d107
d109/
d11
d13
d138/
d143/
d151/
d183/
d189
d192
d212/
d219
d22/
d223
d230
d24/
d247/
d252/
d270
d280/
d36
d41
d69
d76/
d95/
f10
f110
f112
f121
f122/
f128
f138/
f140
f144/
f181
f184/
f194/
f199/
f212/
f213
f215
f22/
f227
f23
f246
f249
f250
f284/
f4/
f66
f70/
f84/
f89/
n101/
n108/
n20/
n37
n59/
n90/
Invalid operation
d1
d136
d215
n40
Invalid operation
d136:txt:26
f215:g4x06feg1h587zqfjpnc9whrt0m9a8pd n4 oco6h7fu_3.xx-fzcel3683v4bbk x9dg7eq-i62h9kmca1184nwedtc36uq1ob. r.yczhtlqejdix9xphxf lb-zg4l1ly88xxd_7324ugk.0fp1q3_p7fg0ywk0gb5kzbyl5qx59imit-hbtrp8psz53t0k3xpocj62xzwxzxr66os36lk2otnxec.r6fwoe9cvmiyjs
Invalid operation
d107
d109/
d11
d13
d138/
d143/
d151/
d183/
d189
d192
d212/
d219
d22/
d223
d230
d24/
d247/
d252/
d270
d280/
d36
d41
d69
d76/
d95/
f10
f110
f112
f121
f122/
f128
f138/
f140
f144/
f181
f184/
f194/
f199/
f212/
f213
f215
f22/
f227
f23
f246
f249
f250
f284/
f4/
f66
f70/
f84/
f89/
n101/
n108/
n20/
n37
n59/
n90/
Invalid operation
f181:0C 19 3F E1 23 3F 36 E9 18 20 CD 71 41 DD 5B 7E 0C 0A A8 CF 81 87 10 C9 B6 5B 01 71 DE BD 94 93 C9 C5
f181:9B 23 B0 20 E8
d107
d109/
d11
d13
d138/
d143/
d151/
d183/
d189
d192
d212/
d219
d22/
d223
d230
d24/
d247/
d252/
d270
d280/
d36
d41
d69
d76/
d95/
f10
f110
f112
f121
f122/
f128
f140
f144/
f181
f184/
f194/
f199/
f212/
f213
f215
f22/
f227
f23
f246
f249
f250
f284/
f4/
f66
f70/
f84/
f89/
n101/
n108/
n20/
n37
n59/
n90/
Invalid operation
Invalid operation
d107
d109/
d11
d13
d138/
d143/
d151/
d183/
d189
d192
d212/
d219
d22/
d223
d230
d24/
d247/
d252/
d270
d280/
d36
d41
d69
d76/
d95/
f10
f110
f112
f121
f122/
f128
f140
f144/
f178/
f181
f184/
f194/
f199/
f212/
f213
f215
f22/
f227
f23
f246
f249
f250
f284/
f4/
f66
f70/
f84/
f89/
n101/
n108/
n20/
n37
n59/
n90/
Invalid operation
/f184/d44
d127/
d298/
d44
Invalid operation
Invalid operation
d298:dir:0
d44:00 00 BD 2F 2A DD 16
Invalid operation
d44:bin:8
d44:bin:8
d44:8
Invalid operation
Invalid operation
d22:dir:0
Invalid operation
f181:E8 B8 4E
Invalid operation
Invalid operation
Invalid operation
Invalid operation
f181:40 1A B7 AE 58 1D 74 00 00
d107
d11
d13
d138/
d143/
d151/
d183/
d189
d192
d212/
d219
d22/
d223
d230
d24/
d247/
d252/
d265/
d27
d270
d280/
d36
d41
d69
d76/
d95/
f10
f110
f112
f121
f122/
f128
f140
f144/
f178/
f181
f184/
f194/
f199/
f212/
f213
f215
f22/
f227
f23
f246
f249
f250
f284/
f35/
f4/
f66
f84/
f89/
n108/
n20/
n37
n44/
n59/
n90/
f9:34 B6 F9
f9:94
f9
f276
f35
f9
Invalid operation
f276:D4
f181:F7 40 1A B7 AE 58 1D 74 00 00 0E
f215:275
f181:116
f66:16
f215:275
f181:116
f66:16
d107
d11
d13
d138/
d143/
d151/
d183/
d189
d192
d212/
d219
d22/
d223
d230
d24/
d247/
d252/
d265/
d27
d270
d280/
d36
d41
d69
d76/
d95/
f10
f110
f112
f121
f122/
f128
f140
f144/
f178/
f181
f184/
f194/
f199/
f212/
f213
f215
f22/
f227
f23
f246
f249
f250
f284/
f35/
f4/
f66
f84/
f89/
n108/
n20/
n37
n44/
n59/
n90/
f181:00 00 00
f215:279
f181:114
f66:16
f215:g4x06feg1h587zqfjpnc9whrt0m9a8pd n4 oco6h7fu_3.xx-fzcel3683v4bbk x9dg7eq-i62h9kmca1184nwedtc36uq1ob. r.yczhtlqejdix9xphxf lb-zg4l1ly88xxd_7324ugk.0fp1q3_p7fg0ywk0gb5kzbyl5qx59imit-hbtrp8psz53t0k3xpocj62xzwxzxr66os36lk2otnxec.r6fwoe9cvmiyjs- 8weklii7thqj-8_xmgn.nbxxmtn3cx8053xzh.
f215:279
f181:113
f66:16
f181:DC FD D1 F7
f215:g4x06feg1h587zqfjpnc9whrt0m9a8pd n4 oco6h7fu_3.xx-fzcel3683v4bbk x9dg7eq-i62h9kmca1184nwedtc36uq1ob. r.yczhtlqejdix9xphxf lb-zg4l1ly88xxd_7324ugk.0fp1q3_p7fg0ywk0gb5kzbyl5qx59imit-hbtrp8psz53t0k3xpocj62xzwxzxr66os36lk2otnxec.r6fwoe9cvmiyjs- 8weklii7thqj-8_xmgn.nbxxmtn3cx8053xzh.16o4zn-etd2ynu2
d107
d11
d13
d138/
d143/
d151/
d183/
d189
d192
d212/
d219
d22/
d223
d230
d24/
d247/
d252/
d265/
d27
d270
d280/
d36
d41
d69
d76/
d95/
f10
f110
f112
f121
f122/
f128
f140
f144/
f181
f184/
f194/
f199/
f212/
f213
f215
f22/
f227
f23
f246
f249
f250
f284/
f35/
f4/
f66
f84/
f89/
n108/
n20/
n37
n44/
n59/
n90/
Invalid operation
d107
d11
d13
d138/
d143/
d151/
d183/
d189
d192
d212/
d219
d22/
d223
d230
d24/
d247/
d252/
d265/
d27
d270
d280/
d36
d41
d69
d76/
d95/
f10
f110
f112
f121
f122/
f128
f140
f144/
f181
f184/
f194/
f199/
f212/
f213
f215
f22/
f227
f23
f246
f249
f250
f284/
f35/
f4/
f66
f84/
f89/
n108/
n20/
n37
n44/
n59/
n90/
Invalid operation
Invalid operation
f215:294
f181:113
f66:16
Invalid operation
d107
d11
d13
d138/
d143/
d151/
d183/
d189
d192
d212/
d219
d22/
d223
d230
d24/
d247/
d252/
d265/
d27
d270
d280/
d36
d41
d69
d76/
d95/
f10
f110
f112
f121
f122/
f128
f140
f144/
f178/
f181
f184/
f194/
f199/
f212/
f213
f215
f22/
f227
f23
f246
f249
f250
f284/
f35/
f4/
f66
f84/
f89/
n108/
n20/
n37
n44/
n59/
n90/
Invalid operation
d107
d11
d13
d138/
d143/
d151/
d183/
d189
d192
d212/
d219
d22/
d223
d230
d24/
d247/
d252/
d265/
d27
d270
d280/
d36
d41
d69
d76/
d95/
f10
f110
f112
f121
f122/
f128
f140
f144/
f178/
f181
f184/
f194/
f199/
f212/
f213
f215
f22/
f227
f23
f246
f249
f250
f284/
f35/
f4/
f66
f84/
f89/
n108/
n20/
n37
n44/
n59/
n90/
d107
d11
d13
d138/
d143/
d151/
d183/
d189
d192
d212/
d219
d22/
d223
d230
d24/
d247/
d252/
d265/
d27
d270
d280/
d36
d41
d69
d76/
d95/
f10
f110
f112
f121
f122/
f128
f140
f144/
f178/
f181
f184/
f194/
f199/
f212/
f213
f215
f22/
f227
f23
f246
f249
f250
f284/
f35/
f4/
f66
f84/
f89/
n108/
n20/
n37
n44/
n59/
n90/
Invalid operation
d107
d11
d13
d138/
d143/
d151/
d183/
d189
d192
d212/
d219
d22/
d223
d230
d24/
d247/
d252/
d265/
d27
d270
d280/
d41
d69
d76/
d95/
f10
f110
f112
f121
f122/
f128
f140
f144/
f178/
f181
f184/
f194/
f199/
f212/
f213
f215
f22/
f227
f23
f246
f249
f250
f284/
f35/
f4/
f66
f84/
f89/
n108/
n20/
n37
n44/
n59/
n90/
d22:dir:0
d107
d11
d13
d138/
d143/
d151/
d183/
d189
d192
d212/
d219
d22/
d223
d230
d24/
d247/
d252/
d265/
d27
d270
d280/
d41
d69
d76/
d95/
f10
f110
f112
f121
f122/
f128
f140
f144/
f178/
f181
f184/
f194/
f199/
f212/
f213
f215
f22/
f227
f23
f246
f249
f250
f284/
f35/
f4/
f66
f84/
f89/
n108/
n20/
n37
n44/
n59/
n90/
Invalid operation
Invalid operation
Invalid operation
Invalid operation
f249:FD
Invalid operation
Invalid operation
Null
f197:3
f197
f215:g4x06feg1h587zqfjpnc9whrt0m9a8pd n4 oco6h7fu_3.xx-fzcel3683v4bbk x9dg7eq-i62h9kmca1184nwedtc36uq1ob. r.yczhtlqejdix9xphxf lb-zg4l1ly88xxd_7324ugk.0fp1q3_p7fg0ywk0gb5kzbyl5qx59imit-hbtrp8psz53t0k3xpocj62xzwxzxr66os36lk2otnxec.r6fwoe9cvmiyjs- 8weklii7thqj-8_xmgn.nbxxmtn3cx8053xzh.16o4zn-etd2ynu2mxxlgmpkzlv20a1e4-zgbkm03x2x102v.9z_0h41ovloixj26vqutizohwpkcnx
Invalid operation
Invalid operation
Invalid operation
d107
d11
d13
d138/
d143/
d151/
d183/
d189
d192
d212/
d22/
d223
d24/
d247/
d252/
d265/
d27
d270
d280/
d35
d41
d69
d76/
d95/
f10
f110
f112
f121
f122/
f128
f140
f144/
f178/
f180/
f181
f184/
f194/
f199/
f212/
f215
f227
f23
f246
f249
f250
f284/
f35/
f66
f84/
n1
n108/
n20/
n37
n44/
n90/
Invalid operation
Invalid operation
d107
d11
d120/
d13
d138/
d143/
d151/
d183/
d189
d192
d212/
d22/
d223
d24/
d247/
d252/
d265/
d27
d270
d280/
d35
d69
d76/
d95/
f10
f110
f112
f121
f122/
f128
f140
f144/
f178/
f180/
f181
f184/
f194/
f199/
f212/
f227
f23
f235
f246
f249
f250
f284/
f35/
f66
f84/
n1
n20/
n37
n44/
n90/
Invalid operation
f181:114
f249:17
f66:16
f140:14
f227:14
d107:13
d189:11
d192:11
f140:znl1zd-6ftnc6x
Invalid operation
d205/
f233/
n52/
n96
d107
d11
d120/
d13
d138/
d143/
d151/
d183/
d189
d192
d212/
d22/
d223
d24/
d247/
d252/
d265/
d27
d270
d280/
d35
d69
d76/
d95/
f10
f110
f112
f121
f122/
f128
f140
f144/
f178/
f180/
f181
f184/
f194/
f199/
f212/
f227
f23
f235
f246
f249
f250
f284/
f35/
f66
f84/
n1
n102/
n20/
n37
n44/
n90/
f145/
Invalid operation
f145/
n96:xez9yeocf97tbv02zftphcneokykgu9iud663t5x847o
d240/
d240:dir:0
/f284/f101/d25
Invalid operation
d25:46 9B E6 13 3B D3 C8 CD 61 DA
d153
d240/
d25
d33
d49/
f156/
d153
d240/
d25
d33
d49/
f156/
d150
d240/
d25
d33
d49/
f156/
n95
d150
d240/
d25
d33
d49/
f156/
n95
/f284/f101/d25
d240:dir:0
d150
d240/
d25
d33
d49/
f156/
n95
Invalid operation
d240/
d25
d49/
f137
f156/
d240/
d25
d49/
f137
f156/
Invalid operation
Invalid operation
Invalid operation
d205/
f101/
f233/
n52/
n96
Invalid operation
d205/
d9/
f101/
f233/
n52/
n96
d205/
d9/
f101/
f233/
n52/
n96
Invalid operation
d205/
d9/
f101/
f152/
f163
f233/
f4
n52/
n96
f249:6E 25 17 E2 53 79 C1 00 00 00 5A B2 B9 58 E2 2C 11 F8 FF 25 7E 76 80 B4 1A C2 C9
Invalid operation
f249:E2
Invalid operation
d205/
d9/
f163
f233/
n52/
n96
Invalid operation
d205/
d61/
d9/
f163
f233/
n52/
n96
f284/
├── d205/
├── d61/
├── d9/
├── f163
├── f233/
├── n52/
└── n96
n96:xez9yeocf97tbv02zftphcneokykgu9iud663t5x847o
d205/
d61/
d79
d9/
f163
f233/
n52/
n96
Invalid operation
Null
f249:5A DE 6E 1E 2E EB 3B 79 C1 00 00 00 5A B2 B9 58 E2 2C 11 F8 FF 25 7E 76 82 E7 BB F4 12 A9 16 82 A6 34 33
Invalid operation
Null
Invalid operation
d156/
d205/
d223
d61/
d79
d9/
f163
n52/
n96
/f284/n96
f249:F8 FF 25 7E 76 82
Invalid operation
f47:7
d256/
d272/
d291/
f235
f47
Invalid operation
d156/
d205/
d61/
d79
d9/
f163
f263
n52/
n96
n96:md:46
n96:md:46
n96:xez9yeocf97tbv02zftphcneokykgu9iud663t5x847oxx7w.p4c_j-hl15g4u
n96:xez9yeocf97tbv02zftphcneokykgu9iud663t5x847oxx
Invalid operation
d186
d291/
f220/
f235
f47
Invalid operation
f47:bin:13
d186
d291/
f235
f47
f77/
n90
d186
d291/
f235
f47
f77/
n90
d9/
├── d186
├── d52
├── d54
├── f77/
└── n90
f249:25 7E 23 82 E7 BB F4 12
d156/
d205/
d61/
d9/
f163
f263
n96
Invalid operation
/f140
d22:dir:0
/f140
f140:znl1zd-6ftnc6xmlwij8
Invalid operation
/f140
Invalid operation
Invalid operation
d22:dir:0
Invalid operation
f249:EB 5C EE 4C 27 00 00 5A B2 B9 58 E2 2C 11 F8 FF 25 7E 23 82 E7 BB F4 12 A9 16 82
f61:dir:0
Invalid operation
Invalid operation
Invalid operation
f61/
└── d197
Invalid operation
d197
d261
d49
/d151/f61/d197
d197
d261
d268
f61:dir:0
f61/
n27/
f61:dir:0
d151/
├── f61/
│   ├── d197
│   ├── d261
│   ├── d268
│   ├── f115
│   └── f273/
└── n27/
Invalid operation
Invalid operation
Invalid operation
f61/
n27/
f61/
n27/
f249:12
n21:txt:8
Null
f103:dir:0
Invalid operation
Invalid operation
Invalid operation
f249:A9 16 82 A6 00 00 00 00 00 00
Invalid operation
n107:486-y885eeo69xxx
Invalid operation
d234:AD 21 75 6F
Invalid operation
Invalid operation
Invalid operation
Invalid operation
Invalid operation
d189:txt:0
d22:dir:0
d162:txt:1
f263:67 93
d107
d11
d120/
d13
d138/
d143/
d151/
d155/
d183/
d189
d192
d212/
d22/
d223
d227/
d24/
d247/
d252/
d265/
d27
d270
d280/
d35
d58/
d69
d76/
d95/
f10
f110
f121
f122/
f128
f140
f144/
f178/
f181
f184/
f194/
f199/
f212/
f227
f23
f235
f246
f249
f250
f284/
f35/
f39/
f61
f66
f84/
n1
n116
n20/
n37
n44/
n66/
n72
n90/
d107
d11
d120/
d13
d138/
d143/
d151/
d155/
d183/
d189
d192
d212/
d22/
d223
d227/
d24/
d247/
d252/
d265/
d27
d270
d280/
d35
d58/
d69
d76/
d95/
f10
f110
f121
f122/
f128
f140
f144/
f178/
f181
f184/
f194/
f199/
f212/
f227
f23
f235
f249
f250
f284/
f35/
f39/
f61
f66
f84/
n1
n116
n20/
n37
n44/
n66/
n72
n90/
Invalid operation
d22:dir:0
d107
d11
d120/
d13
d138/
d143/
d151/
d155/
d183/
d189
d192
d212/
d22/
d223
d227/
d24/
d247/
d252/
d265/
d27
d270
d280/
d35
d58/
d69
d76/
d95/
f10
f110
f121
f122/
f128
f140
f144/
f178/
f181
f184/
f194/
f199/
f212/
f227
f235
f249
f250
f284/
f35/
f39/
f61
f66
f84/
n1
n116
n20/
n37
n44/
n66/
n72
n90/
Invalid operation
Invalid operation
Invalid operation
f181:114
f249:38
f140:30
f66:16
f227:14
d107:13
f181:114
f249:38
f140:30
f140:znl1zd-6ftnc6xmlwij8xxxwtpyq_b
/n44/d162
Invalid operation
f181:114
f249:38
f140:30
Invalid operation
/f140
Invalid operation
f181:114
f249:37
f140:30
d190
d277/
d97/
f104/
f169
f51/
n62
Invalid operation
d190:md:14
d107
d11
d120/
d13
d138/
d143/
d155/
d183/
d185
d189
d192
d209/
d212/
d22/
d223
d227/
d24/
d247/
d252/
d265/
d27
d270
d280/
d35
d49
d58/
d69
d95/
f10
f110
f121
f122/
f128
f140
f144/
f178/
f181
f184/
f194/
f199/
f212/
f227
f235
f249
f250
f284/
f35/
f39/
f6
f61
f66
f84/
n1
n116
n20/
n44/
n66/
n72
n79
n90/
f181:114
f249:45
f140:44
f249:82 A6 00
Invalid operation
Invalid operation
Invalid operation
Invalid operation
Invalid operation
f294:bin:7
Invalid operation
Invalid operation
Invalid operation
d227/
├── d221/
├── f179/
├── f294
└── n21
d221/
f179/
f294
n21
Invalid operation
Invalid operation
Invalid operation
/d227/f294
f294:4D E9
Invalid operation
d17
d34/
f179/
f275
d34:dir:0
d119:8 
d17:37
f179/
f275
f1/
f179/
f275
n82/
Invalid operation
Null
Invalid operation
Invalid operation
/f140
Invalid operation
f249:F4 12 34 54 3F 0B D3 79 D0 3C
d135
d223/
Invalid operation
/f140
f181:114
f140:58
f249:46
Invalid operation
d22:dir:0
Null
Invalid operation
f174
n88/
Invalid operation
Invalid operation
f249:DE 26 D8 4E E8 49 9D BA F4 12 34 54 3F 0B 24 4A 4F B8 20 BA 91 B9
/d95/n108
n108:svyk-si3gkogw_l5mx
Invalid operation
Invalid operation
d64
f150/
f160
f202/
f66
n108
n88/
Invalid operation
n88:dir:0
/d95/n108
f202/
Invalid operation
Invalid operation
f249:BA F4 12 34 54 3F 0B
f249:41 F5 DE 26 D8 4E E8 49 9D BA F4 12 34 54 3F 0B 24 4A 4F B8 20 BA 91
/d95/f160
Invalid operation
f257:dir:0
f22:17
f257:dir:0
Invalid operation
Invalid operation
d51
d93
f257/
d51
d93
f257/
d51:rtjndfwm25li
d216
f257/
d216:686.
Invalid operation
/d95/n88/f257/d175
f257/
Invalid operation
d150
Null
Invalid operation
d158/
d202
d216
f257/
n98
Invalid operation
d158/
d216
f180/
f257/
n113/
n98
f257:dir:0
d101/
d101/
Invalid operation
Invalid operation
d137:dir:0
d137/
Invalid operation
Invalid operation
f257:dir:0
Invalid operation
Invalid operation
Invalid operation
d158/
d216
d217
f188
f257/
f60/
n113/
n98
d158/
d216
d217
f188
f257/
f60/
n113/
n98
d158/
d216
d217
d91
f188
f257/
f60/
n113/
n98
d158/
d216
d217
d91
f188
f257/
f60/
n113/
n98
Invalid operation
d137
d158/
d216
d217
d91
f188
f257/
f60/
n113/
n49
n98
f150:dir:0
f249:7C 2F 82 53 CE 1C D5 22 E1 EA 65 91 75 DE DA
f160:21
d64:10
f66:1
d174
d238
f134
f150/
f160
f260
f66
f87/
n88/
d174
d238
f134
f150/
f160
f260
f66
f87/
n88/
Invalid operation
Invalid operation
Invalid operation
d174
d238
f134
f150/
f160
f260
f66
f87/
n109
n88/
Invalid operation
Invalid operation
