Invalid operation
/
Invalid operation
Invalid operation
Invalid operation
/
└── d73/
d73/
f79/
d73:dir:0
d240/
d73/
f79/
d240/
d73/
f79/
d240/
d73/
f79/
d240/
d73/
f79/
f109:
Null
f109:
Invalid operation
Invalid operation
d240/
f79/
d240/
f79/
Invalid operation
Invalid operation
d240/
f79/
/
├── d240/
└── f79/
Invalid operation
d240/
f79/
n46
d240:dir:0
Invalid operation
d240/
f79/
n46
d240/
f79/
n46
Invalid operation
Invalid operation
d175/
d240/
f79/
n1/
n46
Invalid operation
d154
d175/
d240/
f79/
n1/
n109
d154:0lqyah
Invalid operation
d154
d175/
d240/
f79/
n1/
n109
d240:dir:0
Invalid operation
d154:7
n109:6
d154
d175/
d240/
f180/
f61/
n1/
n109
n17/
n109:C3
d154
d175/
d240/
f180/
f264
f61/
n1/
n109
n17/
n66/
d154
d175/
d240/
f180/
f264
f61/
n1/
n109
n17/
n66/
Invalid operation
Invalid operation
/d154
d154
d175/
d240/
f180/
f264
f61/
n1/
n109
n17/
n66/
d154
d175/
d240/
f180/
f264
f61/
n1/
n109
n17/
n66/
Invalid operation
n109:8
d154:7
Null
d154
d175/
d22
d240/
f180/
f264
f61/
n1/
n109
n17/
n66/
d154
d175/
d22
d240/
f180/
f264
f61/
n1/
n109
n17/
n66/
d154
d175/
d22
d240/
f180/
f264
f61/
n1/
n109
n17/
n66/
Invalid operation
d240/
Invalid operation
d240:dir:0
d240:dir:0
d265:txt:16
/d154
n109:FD 4F 65
d241
f130
n14/
n41/
Invalid operation
n14:dir:0
n14:dir:0
Invalid operation
d241
n14/
n41/
n41/
Invalid operation
n109:FD
d241
n41/
Invalid operation
d175/
└── d276/
    └── d241
n109:28 9C A8
/d154
d240:dir:0
d154:15
f264:6
n109:5
d185:1
Invalid operation
Invalid operation
d154:0lqyahx7fixodqx
d71:md:9
d71
f168
f224/
f224:dir:0
Invalid operation
/d154
n109:00
d148/
d87/
f224/
n8
n8:o4q04ghs
/f180/n8
Invalid operation
n8:o4q04ghs
f224:dir:0
n8:o4q04ghs
d148/
f184/
f224/
f251
n8
f224:dir:0
f180/
├── d148/
├── f184/
├── f224/
├── f251
└── n8
Null
Invalid operation
Invalid operation
n8:o4q04ghs
/f180/n8
/f180/n8
f251:10
n8:8
d258:2
Invalid operation
f251:10
Invalid operation
d258:82
f180/
├── d148/
├── d168
├── d236
├── d258
├── d94
├── f184/
├── f200
├── f251
└── n88/
f251:l4virndut-
Null
f131:15
d258:11
f251:10
f200:7
d168:3
d94:2
f180/
├── d121
├── d148/
├── d168
├── d236
├── d258
├── d94
├── f131
├── f184/
├── f200
├── f251
└── n88/
f251:20
d121:17
f131:15
f251:txt:20
Invalid operation
f180/
├── d121
├── d148/
├── d168
├── d236
├── d258
├── d94
├── f131
├── f184/
├── f200
├── f251
├── n83
└── n88/
f251:txt:20
Invalid operation
d121
d148/
d168
d236
d258
d42
d94
f184/
f200
f251
n83
n88/
d258:00 2F
f251:20
d121:17
d258:9
d42:8
f200:7
d168:3
d94:2
n83:2
d121
d148/
d168
d236
d258
d261/
d42
d94
f184/
f200
f251
n83
n88/
f251:txt:20
/f180/f251
Invalid operation
d121
d148/
d168
d236
d25/
d258
d261/
d42
d94
f251
n83
n88/
f251:l4virndut-boe34. yng
f251:l4virndut-boe34. yng
Invalid operation
Invalid operation
d258:00 2F
d121
d148/
d168
d183/
d236
d25/
d258
d261/
d42
d94
f240
f251
f260
f296
f7/
n83
n88/
d258:21 D9 52 81 3C FC
f251:txt:27
f251:27
d121
d148/
d168
d183/
d236
d238/
d25/
d258
d261/
d42
d63
f240
f251
f260
f296
f7/
n83
n88/
f251:l4virndut-boe34. yngu_4gen7
Invalid operation
d258:2F
f251:txt:27
Invalid operation
d121
d168
d183/
d236
d25/
d258
d261/
f136
f240
f260
f296
f7/
n83
n88/
f180/
├── d121
├── d168
├── d183/
├── d236
├── d25/
├── d258
├── d261/
├── f136
├── f240
├── f260
├── f296
├── f7/
├── n83
└── n88/
n88/
Invalid operation
Invalid operation
d121
d153/
d168
d183/
d236
d25/
d258
d261/
f136
f240
f260
f296
f7/
n83
n88/
Null
d121
d153/
d168
d183/
d236
d25/
d258
d261/
f136
f223
f240
f260
f296
f7/
n83
n88/
d121
d153/
d168
d183/
d236
d25/
d258
d261/
f136
f223
f240
f260
f296
f7/
n83
n88/
Invalid operation
f180/
├── d153/
├── d168
├── d183/
├── d199/
├── d236
├── d25/
├── d258
├── d261/
├── f136
├── f223
├── f240
├── f260
├── f296
├── f7/
├── n83
└── n88/
d155/
d157
d168
d183/
d199/
d236
d258
d261/
f136
f223
f240
f260
f296
f7/
n83
n88/
Invalid operation
Invalid operation
Invalid operation
Invalid operation
Invalid operation
d154:0lqyahx7fixodqx
Null
Invalid operation
Invalid operation
/
├── d154
├── d175/
│   └── d276/
├── d185
├── d22
├── d240/
├── f106/
├── f180/
│   ├── d153/
│   ├── d155/
│   ├── d157
│   ├── d168
│   ├── d183/
│   ├── d199/
│   ├── d236
│   ├── d258
│   ├── d261/
│   ├── f136
│   ├── f223
│   ├── f240
│   ├── f260
│   ├── f296
│   ├── f7/
│   ├── n83
│   └── n88/
├── f207
├── f264
├── f45
├── f85/
├── n1/
├── n109
├── n17/
├── n66/
└── n92
d154
d164
d175/
d185
d22
d240/
d74
f106/
f180/
f207
f264
f45
f85/
n1/
n109
n17/
n66/
n92
d154:21
/
├── d154
├── d164
├── d175/
│   └── d276/
├── d185
├── d22
├── d240/
├── d74
├── f106/
├── f180/
│   ├── d153/
│   ├── d155/
│   ├── d157
│   ├── d168
│   ├── d183/
│   ├── d199/
│   ├── d236
│   ├── d258
│   ├── d261/
│   ├── f136
│   ├── f223
│   ├── f240
│   ├── f260
│   ├── f296
│   ├── f7/
│   ├── n83
│   └── n88/
├── f207
├── f264
├── f43/
├── f45
├── f85/
├── n1/
├── n109
├── n17/
├── n66/
└── n92
/d154
/
├── d154
├── d164
├── d175/
│   └── d276/
├── d185
├── d22
├── d240/
├── d74
├── f106/
├── f180/
│   ├── d153/
│   ├── d155/
│   ├── d157
│   ├── d168
│   ├── d183/
│   ├── d199/
│   ├── d236
│   ├── d258
│   ├── d261/
│   ├── f136
│   ├── f223
│   ├── f240
│   ├── f260
│   ├── f296
│   ├── f7/
│   ├── n83
│   └── n88/
├── f207
├── f212
├── f264
├── f45
├── f85/
├── n1/
├── n109
├── n17/
├── n66/
└── n92
n109:14
/d154
Invalid operation
n109:AA
n109:9C
f132:nnyte1l1n4de
f132:txt:12
Invalid operation
n109:9C
/
├── d164
├── d175/
│   └── d276/
├── d22
├── d240/
├── d74
├── f106/
├── f180/
│   ├── d153/
│   ├── d155/
│   ├── d157
│   ├── d168
│   ├── d183/
│   ├── d199/
│   ├── d236
│   ├── d258
│   ├── d261/
│   ├── f136
│   ├── f223
│   ├── f240
│   ├── f260
│   ├── f296
│   ├── f7/
│   ├── n83
│   └── n88/
├── f207
├── f212
├── f256
├── f35/
├── f45
├── f85/
├── n1/
├── n109
├── n17/
├── n66/
└── n92
d164
d175/
d22
d240/
d74
f106/
f180/
f207
f212
f256
f35/
f45
f83/
f85/
n1/
n109
n17/
n66/
n92
Invalid operation
d240:dir:0
f256:16
f31:8
f244:7
n109:3
f212:1
d164:0
d22:0
Invalid operation
Invalid operation
Invalid operation
/
├── d164
├── d175/
│   └── d276/
├── d22
├── d240/
├── d279/
├── d74
├── f106/
├── f180/
│   ├── d153/
│   ├── d155/
│   ├── d157
│   ├── d168
│   ├── d183/
│   ├── d199/
│   ├── d236
│   ├── d258
│   ├── d261/
│   ├── f136
│   ├── f223
│   ├── f240
│   ├── f260
│   ├── f296
│   ├── f7/
│   ├── n83
│   └── n88/
├── f207
├── f212
├── f244
├── f256
├── f31
├── f35/
├── f45
├── f83/
├── f85/
├── n1/
├── n109
├── n17/
│   └── n61
└── n66/
d240:dir:0
n61
n61:txt:17
n17/
└── n61
Null
f256:16
f242:15
f31:8
f244:7
n109:5
f212:1
d164:0
d22:0
n109:49 D6
Invalid operation
d240:dir:0
d130
d164
d175/
d22
d240/
d279/
d74
d75/
f106/
f160
f180/
f207
f212
f242
f244
f256
f31
f35/
f45
f83/
f85/
n1/
n109
n17/
n52
n109:00 49 D6
Invalid operation
/
├── d130
├── d163/
├── d164
├── d175/
│   └── d276/
├── d22
├── d240/
├── d279/
├── d74
├── d75/
├── f106/
├── f160
├── f180/
│   ├── d153/
│   ├── d155/
│   ├── d157
│   ├── d168
│   ├── d183/
│   ├── d199/
│   ├── d236
│   ├── d258
│   ├── d261/
│   ├── f136
│   ├── f223
│   ├── f240
│   ├── f260
│   ├── f296
│   ├── f7/
│   ├── n83
│   └── n88/
├── f207
├── f212
├── f242
├── f244
├── f31
├── f35/
├── f45
├── f83/
├── f85/
├── n1/
├── n109
├── n17/
│   └── n61
└── n52
Invalid operation
Invalid operation
Invalid operation
d16:md:4
d16
n11/
d16:zpob
d16:md:4
d16
d240/
├── d16
└── d245
d130
d163/
d164
d175/
d22
d240/
d279/
d74
d75/
f106/
f160
f180/
f207
f212
f242
f244
f256
f31
f35/
f45
f83/
f85/
n1/
n109
n17/
n52
d16
d245
f256
/d240/d16
d16
f256
f274
Null
Invalid operation
d130
d163/
d164
d175/
d22
d240/
d279/
d74
d75/
f106/
f160
f180/
f207
f212
f242
f244
f256
f31
f35/
f45
f59
f83/
f85/
n1/
n109
n17/
n52
d130
d163/
d164
d175/
d22
d240/
d279/
d74
d75/
f106/
f160
f180/
f207
f212
f242
f244
f256
f31
f35/
f45
f59
f83/
f85/
n1/
n109
n17/
n52
Invalid operation
Invalid operation
/
├── d130
├── d163/
├── d164
├── d22
├── d240/
│   ├── d16
│   ├── f256
│   └── f274
├── d279/
├── d74
├── d75/
├── f106/
├── f160
├── f180/
│   ├── d153/
│   ├── d155/
│   ├── d157
│   ├── d168
│   ├── d183/
│   ├── d199/
│   ├── d236
│   ├── d258
│   ├── d261/
│   ├── f136
│   ├── f223
│   ├── f240
│   ├── f260
│   ├── f296
│   ├── f7/
│   ├── n83
│   └── n88/
├── f212
├── f242
├── f244
├── f256
├── f31
├── f35/
├── f45
├── f59
├── f83/
├── f85/
├── n1/
├── n109
├── n17/
│   └── n61
└── n52
Invalid operation
Invalid operation
Invalid operation
Invalid operation
n109:57 00 00
/n109
d98/
n119
n59/
n119:hpi1
d98/
n119
n59/
d98:dir:0
d98:dir:0
Invalid operation
d98/
f271
n62
Invalid operation
/d163/n62
f271
f291
n62
d163/
├── f271
├── f291
└── n62
Invalid operation
f291
n62
f291:20
d130
d163/
d164
d22
d240/
d279/
d74
d75/
f106/
f160
f180/
f19
f212
f242
f244
f256
f31
f35/
f45
f59
f83/
f85/
n1/
n109
n17/
n52
/n109
Invalid operation
Invalid operation
n62:6
f250:2
f271:1
d166
d207/
f221
f250
f271
n62
Invalid operation
/d163/n62
/d163/n62
f221:06 18 CB
d166
d78/
f221
f250
f271
f44
n62
Invalid operation
n62:8uwfvewbrz6.h er67fo2m_iuzhiv
Null
n62:8uwfvewbrz6.h er67fo2m_iuzhivb9dtiwor8jz.
Invalid operation
n109:29
Null
/n109
Invalid operation
n109:49 D4
Invalid operation
Invalid operation
Null
Invalid operation
Invalid operation
d240:dir:0
Invalid operation
d240:dir:0
d130
d132/
d163/
d164
d22
d240/
d279/
d74
d75/
f106/
f160
f175
f180/
f19
f198
f242
f256
f262
f31
f35/
f45
f59
f85/
n1/
n109
n17/
n52
Null
/n109
n109:23
f175:16
f256:16
f242:15
f198:12
Invalid operation
Invalid operation
Null
d240:dir:0
d130
d132/
d163/
d164
d22
d240/
d279/
d74
d75/
f106/
f160
f175
f180/
f19
f198
f256
f31
f35/
f45
f59
f85/
n1/
n109
n17/
n52
d130
d132/
d163/
d164
d22
d240/
d279/
d74
d75/
f106/
f160
f175
f180/
f19
f198
f256
f31
f35/
f45
f59
f85/
n1/
n109
n17/
n52
Invalid operation
Null
/n109
n109:00 00 00
d240:dir:0
n109:49 D4
Invalid operation
Invalid operation
Invalid operation
Invalid operation
/
├── d130
├── d163/
│   ├── d166
│   ├── d173
│   ├── d197
│   ├── d78/
│   ├── f221
│   ├── f250
│   ├── f271
│   ├── f44
│   └── n62
├── d164
├── d22
├── d240/
│   ├── d16
│   ├── f256
│   └── f274
├── d279/
├── d74
├── f106/
├── f160
├── f175
├── f180/
│   ├── d153/
│   ├── d155/
│   ├── d157
│   ├── d168
│   ├── d183/
│   ├── d199/
│   ├── d236
│   ├── d258
│   ├── d261/
│   ├── f136
│   ├── f223
│   ├── f240
│   ├── f260
│   ├── f296
│   ├── f7/
│   ├── n83
│   └── n88/
├── f19
├── f198
├── f256
├── f289
├── f31
├── f35/
│   └── f111
├── f45
├── f59
├── f85/
├── n1/
├── n109
├── n17/
│   └── n61
└── n52
/
├── d130
├── d163/
│   ├── d166
│   ├── d173
│   ├── d197
│   ├── d78/
│   ├── f221
│   ├── f250
│   ├── f271
│   ├── f44
│   └── n62
├── d164
├── d22
├── d240/
│   ├── d16
│   ├── f256
│   └── f274
├── d279/
├── d74
├── f106/
├── f160
├── f175
├── f180/
│   ├── d153/
│   ├── d155/
│   ├── d157
│   ├── d168
│   ├── d183/
│   ├── d199/
│   ├── d236
│   ├── d258
│   ├── d261/
│   ├── f136
│   ├── f223
│   ├── f240
│   ├── f260
│   ├── f296
│   ├── f7/
│   ├── n83
│   └── n88/
├── f19
├── f198
├── f256
├── f289
├── f31
├── f35/
│   └── f111
├── f45
├── f59
├── f85/
├── n1/
├── n109
├── n17/
│   └── n61
└── n52
d130
d163/
d164
d240/
d279/
d74
f106/
f160
f180/
f19
f198
f256
f289
f31
f35/
f45
f59
f85/
n1/
n109
n17/
n52
Invalid operation
Invalid operation
Invalid operation
d231:dir:0
Invalid operation
n1/
└── d231/
n109:02 C9 7C 5F 00 00
Invalid operation
d231/
Invalid operation
d240:dir:0
Invalid operation
d240:dir:0
Invalid operation
n17/
└── n61
n61:17
d27:5
n61:5c37f dh7 qu6 ue2
d27
n61
d27:94
Invalid operation
Invalid operation
d240:dir:0
/
├── d13
├── d130
├── d163/
│   ├── d166
│   ├── d173
│   ├── d197
│   ├── d78/
│   ├── f221
│   ├── f250
│   ├── f271
│   ├── f44
│   └── n62
├── d164
├── d203/
├── d240/
│   ├── d16
│   ├── f256
│   └── f274
├── d279/
├── d74
├── f106/
├── f160
├── f180/
│   ├── d153/
│   ├── d155/
│   ├── d157
│   ├── d168
│   ├── d183/
│   ├── d199/
│   ├── d236
│   ├── d258
│   ├── d261/
│   ├── f136
│   ├── f223
│   ├── f240
│   ├── f260
│   ├── f296
│   ├── f7/
│   ├── n83
│   └── n88/
├── f198
├── f207/
├── f243/
├── f256
├── f289
├── f35/
│   └── f111
├── f45
├── f59
├── n109
├── n17/
│   ├── d27
│   └── n61
├── n52
└── n67
Invalid operation
d13
d130
d163/
d164
d203/
d240/
d279/
d287
d74
f106/
f160
f180/
f207/
f243/
f256
f289
f35/
f45
f59
n109
n17/
n52
n67
n109:45
n67:17
f256:16
d287:13
f59:11
d13:9
f160:8
d130:7
n109:45
n67:17
f256:16
d287:13
f59:11
d13:9
f160:8
d13
d130
d163/
d164
d203/
d240/
d287
d74
d92
f106/
f160
f180/
f207/
f243/
f256
f289
f35/
f40/
f59
n109
n17/
n52
n67
Invalid operation
Invalid operation
f221:19
n62:8uwfvewbrz6.h er67fo2m_iuzhivb9dtiwor8jz.n_c305_s0 fvev
Invalid operation
/d163/n62
d149
d166
d173
d197
d78/
f250
f271
f44
n62
d166
d173
d197
d78/
f250
f271
f44
n62
Invalid operation
Invalid operation
Invalid operation
d166:00 00 00 00 7B FA
Invalid operation
d149:dir:0
f260:us shd
d78/
├── d149/
├── d257/
└── f260
d22:dir:0
/d163/d78/f260
d22/
d22/
└── f134
f134
d166:25 AC 8E
d257/
└── d22/
d22/
f34/
Invalid operation
Null
d72
f161
d22/
├── d72
└── f161
d72
f161
/d163/d78/f260
d22/
└── f161
f161
f260:us shd
d257/
├── d22/
│   └── f260
└── f34/
d261
Invalid operation
f260:us shd
d22/
f34/
Invalid operation
/d163/d78/d257/d22/d261
d261
Invalid operation
Invalid operation
Invalid operation
n62:8uwfvewbrz6.h er67fo2m_iuzhivb9dtiwor8jz.n_c305_s0 fvevdl35ajigsxddt50x
d78/
└── d257/
    └── f82
d166:8E C0 A4 00 00 00
/d163/d78/d257/f82
Invalid operation
n62:72
d166:14
f57:7
Invalid operation
/d163/n62
n62:8uwfvewbrz6.h er67fo2m_iuzhivb9dtiwor8jz.n_c305_s0 fvevdl35ajigsxddt50xx
d166
d173
d78/
f271
f44
f57
n62
d166
d173
f271
f44
f57
n62
d166
d173
f271
f44
f57
n62
n62:72
d166:14
n62:72
d166:14
f57:7
d173:6
f271:1
d166
d173
d263/
f271
f57
n62
n109:00 49 D4
Invalid operation
/
├── d13
├── d130
├── d163/
│   ├── d166
│   ├── d173
│   ├── d263/
│   ├── f271
│   ├── f57
│   └── n62
├── d164
├── d203/
├── d240/
│   ├── d16
│   ├── f256
│   └── f274
├── d277/
├── d287
├── d74
├── d92
├── f106/
├── f180/
│   ├── d153/
│   ├── d155/
│   ├── d157
│   ├── d168
│   ├── d183/
│   ├── d199/
│   ├── d236
│   ├── d258
│   ├── d261/
│   ├── f136
│   ├── f223
│   ├── f240
│   ├── f260
│   ├── f296
│   ├── f7/
│   ├── n83
│   └── n88/
├── f207/
├── f243/
├── f256
├── f289
├── f35/
│   └── f111
├── f59
├── n109
├── n17/
│   ├── d27
│   └── n61
├── n52
└── n67
n109:BA C6 BA 9F 39 72 27 EC B4 86 3C 5C B3 63 00 00 EE CA 02 C9 7C 5F 00 00 35 72 5B 82
Invalid operation
/
├── d13
├── d130
├── d163/
│   ├── d166
│   ├── d173
│   ├── d263/
│   ├── f271
│   ├── f57
│   └── n62
├── d164
├── d203/
├── d240/
│   ├── d16
│   ├── f256
│   └── f274
├── d277/
├── d287
├── d43
├── d74
├── d92
├── f106/
├── f180/
│   ├── d153/
│   ├── d155/
│   ├── d157
│   ├── d168
│   ├── d183/
│   ├── d199/
│   ├── d236
│   ├── d258
│   ├── d261/
│   ├── f136
│   ├── f223
│   ├── f240
│   ├── f260
│   ├── f296
│   ├── f7/
│   ├── n83
│   └── n88/
├── f207/
├── f243/
├── f256
├── f289
├── f35/
│   └── f111
├── f59
├── n109
├── n17/
│   ├── d27
│   └── n61
├── n52
├── n67
└── n78
Invalid operation
d13
d130
d163/
d164
d203/
d240/
d277/
d287
d43
d74
d92
f106/
f180/
f207/
f243/
f256
f289
f35/
f59
n109
n17/
n52
n67
n78
d13
d130
d163/
d164
d203/
d240/
d277/
d287
d43
d74
d92
f106/
f180/
f207/
f243/
f256
f289
f35/
f59
n109
n17/
n52
n67
n78
/
├── d13
├── d130
├── d163/
│   ├── d166
│   ├── d173
│   ├── d263/
│   ├── f271
│   ├── f57
│   └── n62
├── d164
├── d203/
├── d240/
│   ├── d16
│   ├── f256
│   └── f274
├── d277/
├── d287
├── d43
├── d74
├── d92
├── f106/
├── f180/
│   ├── d153/
│   ├── d155/
│   ├── d157
│   ├── d168
│   ├── d183/
│   ├── d199/
│   ├── d236
│   ├── d258
│   ├── d261/
│   ├── f136
│   ├── f223
│   ├── f240
│   ├── f260
│   ├── f296
│   ├── f7/
│   ├── n83
│   └── n88/
├── f207/
├── f243/
├── f256
├── f289
├── f35/
│   └── f111
├── f59
├── n109
├── n17/
│   ├── d27
│   └── n61
├── n52
├── n67
└── n78
Invalid operation
f111:12
f111
n109:7C 5F 00 00 35 72 5B 82
n109:5C B3 63 00 00 EE CA 02 C9 7C
f111:md:12
Invalid operation
/f35/f111
f111:a7yvnq0sen__
Invalid operation
Invalid operation
Null
d207
f111
f153
n2
Invalid operation
f35/
├── d207
├── f153
├── f251
├── f283
└── n2
d13
d130
d163/
d164
d203/
d240/
d287
d43
d74
d92
f106/
f180/
f207/
f243/
f256
f289
f35/
f59
n109
n17/
n52
n67
n78
d13
d130
d163/
d164
d203/
d240/
d287
d43
d74
d92
f106/
f180/
f207/
f243/
f256
f289
f35/
f59
n109
n17/
n52
n67
n78
Invalid operation
n109:43
n67:17
f256:16
Invalid operation
Invalid operation
n109:63 00 00 EE CA 02 C9 7C 5F 00 00 35 72 5B 82
f251:17
n2:11
f153:8
d207:0
/f35/d207
n109:D4 59 78 C1 5E 96 15 4E 49 10 FD A0 03 DC
n109:AA C6 BA 9F 39 72 27 EC D4 59 78 C1 5E 96
Invalid operation
Invalid operation
d207:txt:9
d207:txt:9
f153
Invalid operation
f153:8
n109:82 00
Invalid operation
n109:53
n67:17
f256:16
d287:13
f59:11
d13:9
n109:53
n67:17
f256:16
d287:13
f59:11
d13:9
d43:8
d13
d130
d163/
d164
d203/
d240/
d287
d43
d74
d92
f14
f180/
f207/
f243/
f256
f289
f35/
f59
n109
n17/
n27
n67
n78
/n109
Invalid operation
n109:1F B6
n109:17 79 72 5B 82 EC A8 78 81 DC 02 80 15 00 00 00 C8 19 A4 C4 80
Invalid operation
Invalid operation
Invalid operation
Invalid operation
Invalid operation
/n109
Invalid operation
Null
d13
d130
d163/
d164
d203/
d21/
d240/
d287
d43
d74
d92
f180/
f194
f207/
f243/
f256
f260/
f35/
f59
n109
n17/
n27
n67
n78
Invalid operation
n109:62
n67:17
f256:16
d287:13
f59:11
d13
d130
d163/
d164
d203/
d21/
d240/
d271/
d287
d43
d74
d92
f180/
f194
f207/
f243/
f256
f260/
f282
f35/
f59
n109
n17/
n27
n67
n78
Invalid operation
d13
d130
d163/
d164
d203/
d21/
d219
d240/
d271/
d287
d43
d74
d92
f180/
f194
f207/
f243/
f260/
f282
f35/
f59
n109
n17/
n27
n67
n78
Invalid operation
/n109
Invalid operation
n109:62
n67:17
d287:13
f59:11
d13:9
d219:9
n109:E4 71 1E 05 13 C8 F6 C0 AA C6 BA 9F 39 72 27 EC D4 59 78 C1 5E 96 15 4E 49 10 FD A0 03
Invalid operation
n109:80 15 00 00 00 C8 19 A4
Invalid operation
/d203/n2
Invalid operation
n109:62
n67:17
d287:13
f59:11
d13:9
d43:8
d240:dir:0
n109:62
n109:62
n67:17
d287:13
Invalid operation
d13
d130
d158/
d163/
d164
d203/
d21/
d240/
d252
d271/
d287
d43
d74
d92
f180/
f194
f207/
f243/
f260/
f282
f35/
f59
n109
n17/
n27
n67
n78
d240:dir:0
Invalid operation
Invalid operation
Invalid operation
Invalid operation
n109:A0 03 DC 00 17 79 72 5B 82 EC A8 78 81 DC 02 80 15 00 00 00 C8 19 A4 C4 80 52 1F
n109:FD A0 03
n109:4E 49 10 FD A0 03 DC 00 17 79 72 5B 82 EC A8 78 81 DC 02 80 15 00 00 00 C8 19 A4
Invalid operation
n109:78 81 DC 02 80 15 00 00 00 C8 19 A4 C4 80 52
d13
d130
d158/
d163/
d164
d194
d203/
d21/
d240/
d252
d271/
d287
d43
d74
d92
f180/
f194
f207/
f243/
f282
f35/
f59
n109
n17/
n27
n62
n67
n69
n78
Invalid operation
n109:61
n67:17
d287:13
n62:12
f59:11
d13:9
Invalid operation
d240:dir:0
d13
d130
d158/
d163/
d164
d194
d203/
d21/
d240/
d252
d271/
d287
d43
d74
d92
f180/
f194
f207/
f243/
f282
f35/
f59
n109
n17/
n27
n62
n67
n69
n78
d13
d130
d158/
d163/
d164
d194
d203/
d21/
d240/
d252
d271/
d287
d43
d74
d92
f180/
f194
f207/
f243/
f282
f35/
f59
n109
n17/
n27
n62
n67
n69
n78
Invalid operation
Invalid operation
Invalid operation
n109:61
n67:17
Invalid operation
/n109
Invalid operation
n109:B2 27 40 7C DA 97 E7 E4 71 1E
Invalid operation
Invalid operation
n109:C6 BA 9F 39 72 CE CF D4 59 78 C1 5E 96
Invalid operation
d21/
└── f270/
f230
Null
f230:3
f230:md:3
Invalid operation
/n109
Invalid operation
d13
d130
d158/
d163/
d194
d203/
d21/
d240/
d271/
d287
d43
d6
d7
d74
d92
f139
f180/
f194
f207/
f243/
f282
f35/
f59
n109
n17/
n62
n67
n78
Invalid operation
f230
n109:05 13 C8 F6 C0 AA C6 BA 9F 39 72 CE CF D4 59 78 C1 5E 96 15 4E 49 10 FD A0 03 DC 00 17 79 72 5B 82 EC A8 78 81 DC 02 80 15 00 00 00 C8 19 C8
/d21/f230
n109:FD A0 03 DC 00 17 79 72 5B 82 EC A8 78 81 DC 02 80 15 00 00 00 C8 19 C8 E7
f230:md:8
n109:19 C8 E7 00 0D
Invalid operation
d13
d130
d147/
d158/
d163/
d194
d203/
d21/
d240/
d271/
d287
d43
d6
d7
d74
d92
f139
f175
f180/
f194
f207/
f243/
f35/
f59
f63/
n109
n17/
n46/
n62
n67
n78
n96/
/n109
Invalid operation
n109:EC A8 78 81 DC 02 80 15 00 00 00 C8 19 C8 E7 00
Invalid operation
d13
d130
d147/
d158/
d163/
d203/
d240/
d271/
d287
d29/
d43
d6
d7
d74
d92
f139
f180/
f194
f243/
f35/
f59
f63/
n109
n17/
n46/
n62
n67
n78
n96/
d240:dir:0
d13
d130
d147/
d158/
d163/
d203/
d240/
d271/
d287
d29/
d43
d6
d7
d74
d92
f139
f180/
f194
f243/
f35/
f59
f63/
n109
n17/
n46/
n62
n67
n78
n96/
Invalid operation
d240:dir:0
d13
d130
d131
d147/
d158/
d163/
d203/
d240/
d271/
d287
d29/
d43
d6
d7
d74
d92
f139
f180/
f194
f243/
f35/
f59
f63/
n109
n17/
n46/
n62
n67
n78
n96/
Invalid operation
Invalid operation
n109:63
n67:17
d287:13
d6:13
n62:12
f59:11
d13:9
Invalid operation
Invalid operation
Invalid operation
Invalid operation
/n109
Invalid operation
/
├── d127/
├── d13
├── d130
├── d131
├── d147/
├── d163/
│   ├── d166
│   ├── d173
│   ├── d263/
│   ├── f271
│   ├── f57
│   └── n62
├── d203/
│   ├── f88
│   └── n2
├── d240/
│   ├── d16
│   ├── f256
│   └── f274
├── d271/
├── d287
├── d43
├── d6
├── d7
├── d74
├── f139
├── f175
├── f179
├── f180/
│   ├── d153/
│   ├── d155/
│   ├── d157
│   ├── d168
│   ├── d183/
│   ├── d199/
│   ├── d236
│   ├── d258
│   ├── d261/
│   ├── f136
│   ├── f223
│   ├── f240
│   ├── f260
│   ├── f296
│   ├── f7/
│   ├── n83
│   └── n88/
├── f194
├── f243/
├── f35/
│   └── n105
├── f59
├── f63/
├── n109
├── n17/
│   ├── d27
│   └── n61
├── n46/
├── n62
├── n67
├── n78
└── n96/
Invalid operation
Null
/
├── d127/
├── d128
├── d13
├── d130
├── d131
├── d147/
├── d163/
│   ├── d166
│   ├── d173
│   ├── d263/
│   ├── f271
│   ├── f57
│   └── n62
├── d203/
│   ├── f88
│   └── n2
├── d240/
│   ├── d16
│   ├── f256
│   └── f274
├── d271/
├── d287
├── d43
├── d55
├── d6
├── d74
├── f139
├── f175
├── f179
├── f180/
│   ├── d153/
│   ├── d155/
│   ├── d157
│   ├── d168
│   ├── d183/
│   ├── d199/
│   ├── d236
│   ├── d258
│   ├── d261/
│   ├── f136
│   ├── f223
│   ├── f240
│   ├── f260
│   ├── f296
│   ├── f7/
│   ├── n83
│   └── n88/
├── f194
├── f243/
├── f35/
│   └── n105
├── f63/
├── n17/
│   ├── d27
│   └── n61
├── n46/
├── n62
├── n67
└── n78
d130:9sg2s4f
/
├── d127/
├── d128
├── d13
├── d130
├── d131
├── d147/
├── d163/
│   ├── d166
│   ├── d173
│   ├── d263/
│   ├── f271
│   ├── f57
│   └── n62
├── d203/
│   ├── f88
│   └── n2
├── d240/
│   ├── d16
│   ├── f256
│   └── f274
├── d271/
├── d287
├── d43
├── d55
├── d6
├── d74
├── f139
├── f175
├── f179
├── f180/
│   ├── d153/
│   ├── d155/
│   ├── d157
│   ├── d168
│   ├── d183/
│   ├── d199/
│   ├── d236
│   ├── d258
│   ├── d261/
│   ├── f136
│   ├── f223
│   ├── f240
│   ├── f260
│   ├── f296
│   ├── f7/
│   ├── n83
│   └── n88/
├── f194
├── f243/
├── f35/
│   └── n105
├── f59
├── f63/
├── n17/
│   ├── d27
│   └── n61
├── n46/
├── n62
├── n67
├── n78
└── n96/
Invalid operation
d16:md:18
Invalid operation
f256:7E 74 24
Null
f256:bin:12
f256:12
d132:0
f274:0
Invalid operation
f32/
Invalid operation
n71/
└── f32/
n71/
└── f32/
f32:dir:0
f32/
f32/
Invalid operation
f274:00 00
f274:0
Invalid operation
Invalid operation
d43:78 78 4F 28
/d130
f235/
n71/
n69:7
n69:2B E4
d165/
d261/
d66
f23/
f243/
n69
n71/
/d240/n69
d165/
d261/
d66
f174
f23/
f243/
n69
n71/
/d240/n69
Invalid operation
Invalid operation
Invalid operation
d240
f199/
f36/
n104
d240
f199/
f36/
n104
Invalid operation
n69:8
f174:4
d66:0
n69:8
f174:4
d66:0
Invalid operation
Invalid operation
Null
d165/
d261/
d66
f174
f23/
n69
n71/
Invalid operation
Invalid operation
n69:94
d165/
d261/
d66
f174
f23/
f3/
f47/
n69
n71/
Invalid operation
d165/
d261/
d66
f174
f23/
f3/
f47/
n69
n71/
d165/
d261/
d66
f174
f23/
f250
f3/
f47/
n69
n71/
d165/
d261/
d66
f174
f23/
f250
f3/
f47/
n69
n71/
n69:E4 94 00
/d240/n69
n69:E4 94
Invalid operation
Invalid operation
n69:D6 80 37
n69:17
d0/
d165/
d292
d3
f174
f23/
f3/
f31
f47/
f56
f85
n69
n71/
/d240/f174
Null
n71:dir:0
f174:s 99xuez
n69:17
f85:16
d292:14
f174:12
d19:6
f56:4
Invalid operation
f56:00
f174:s 99xuezggngvhz5zis5
/d240/f174
/d240/f174
f174:s 99xuezggngvhz5zis5xdqtvgff8ar8c5_
f174:s 99xuezggngvhz5zis5xdqtvgff8ar8c5_
/d240/d0/d2
Invalid operation
d2:bin:0
Invalid operation
d2
f164/
f228
f67
n16/
d2
f164/
f228
f67
n16/
Invalid operation
/d240/d0/d2
d2:73
Invalid operation
n16/
├── d162
├── d47
└── f72
Null
d2:90 B1 73
d2:00
Invalid operation
d47:33
d162:9
Invalid operation
d162
d47
/d240/d0/n16/d47
d47:47
d162:9
d162:txt:9
d2:00
n16/
├── d162
└── n60/
d162:06swclaqm
d162
n60/
d162:9
f218:5
Invalid operation
f218:47
n16/
├── d162
├── d266
└── n60/
d2:bin:2
f228:12
f12:10
f67:8
f15:6
d2:2
Invalid operation
Invalid operation
Invalid operation
d0/
├── d2
├── f12
├── f15
├── f164/
├── f228
├── f67
└── n16/
    ├── d162
    └── d266
/d240/d0/n16/d162
Invalid operation
d266
f222/
n60/
n61
d266
n60/
n61
n89:11
n89
d266:md:11
Invalid operation
d266:svqauobf0idxc740n1uw
Invalid operation
Invalid operation
Invalid operation
Invalid operation
Invalid operation
d173
d38/
f80/
n39
n61
Null
Invalid operation
n16/
├── d173
├── d38/
├── f80/
└── n39
Invalid operation
d173
d38/
f80/
n39
d173:8okc00udyhes6er--y1akk-4b
d173
d38/
f80/
n106/
n39
d173:txt:25
Invalid operation
Invalid operation
/d240/d0/n16/d173
Invalid operation
Invalid operation
d173
d38/
f283/
f80/
n39
n43/
n91
d173
d38/
f283/
f80/
n39
n43/
n91
Invalid operation
d0/
├── d2
├── f12
├── f15
├── f164/
├── f228
├── f67
└── n16/
    ├── d173
    ├── d38/
    ├── f283/
    ├── f80/
    ├── n39
    ├── n43/
    └── n91
f228:12
f12:10
f67:8
f15:6
d2:0
d164/
d2
f12
f15
f164/
f228
f67
n16/
Invalid operation
d121
d93/
Null
d121:46 00 00 00 B1 49 43
d121
d93/
n30/
n58/
d93:dir:0
Invalid operation
d164/
├── d121
├── d93/
├── f186/
├── n30/
├── n5
└── n58/
Invalid operation
d121:19
d93:dir:0
d0/
├── d164/
│   ├── d121
│   ├── d93/
│   ├── f186/
│   ├── n30/
│   ├── n5
│   └── n58/
├── d2
├── f12
├── f164/
├── f228
├── f67
└── n16/
    ├── d173
    ├── d38/
    ├── f283/
    ├── f80/
    ├── n39
    ├── n43/
    └── n91
d2:bin:13
Invalid operation
d2:bin:13
d164/
d2
f12
f164/
f228
f67
n16/
d164/
d2
f12
f164/
f228
f67
n16/
Invalid operation
d2:17
f228:12
f12:10
f67:8
d2:bin:17
d0/
├── d164/
│   ├── d121
│   ├── d93/
│   ├── f186/
│   ├── n30/
│   ├── n5
│   └── n58/
├── d2
├── f12
├── f164/
├── f228
├── f67
├── n16/
│   ├── d173
│   ├── d38/
│   ├── f283/
│   ├── f80/
│   ├── n39
│   ├── n43/
│   └── n91
└── n94
d173
d38/
f222/
f283/
f80/
n39
n43/
n91
d173
d38/
f222/
f283/
f80/
n39
n43/
n91
d173:38
n39:11
n91:9
/d240/d0/n16/d173
d173
d38/
f222/
f283/
f80/
n39
n43/
n91
d173:txt:38
n91:00 00 5D AF 4D 0B CA 08
n16/
├── d173
├── d38/
├── f222/
├── f283/
├── f80/
├── n39
├── n43/
└── n91
d173:38
n91:20
n39:11
d173
d38/
f222/
f283/
f80/
n39
n43/
n91
Invalid operation
d173:38
n91:20
n39:11
Invalid operation
d173:8okc00udyhes6er--y1akk-4b4n__2azt-8fsa
d173:txt:38
d173:txt:38
/d240/d0/n16/f222/n98
d200:dir:0
d200:dir:0
Invalid operation
Null
n43/
/d240/d0/n16/n39
Invalid operation
n43/
Invalid operation
f245/
d2:4B
n39:vi61zd3crpi79gs54zq
Null
f258:2
f245/
f245/
Invalid operation
Invalid operation
d65/
Invalid operation
/d240/d0/n16/n43/f258
/d240/d0/n16/n43/f245/f166/f146
f258:E1 4B DD 80
f104:inp7-bv-w
/d240/d0/n16/n43/f245/f166/f104
f258:DD 80 16 00
f258:35 00 00 FB 22 5B E1 4B
Invalid operation
Invalid operation
/d240/d0/n16/n43/f245/f166/f295/f54
/d240/d0/n16/n43/f245/f166/f295/f54
Invalid operation
f54:txt:6
Null
f258:00
f258:00 FB 22 5B E1 4B DD 80 16
Invalid operation
Null
f295:dir:0
Invalid operation
Null
f295:dir:0
Invalid operation
f93:14
f264:13
d78:0
f166/
├── d0/
├── f264
├── f295/
└── f93
f295:dir:0
Invalid operation
d0/
f264
f295/
n12
Invalid operation
f264:50 90 6B 4F A9
f295:dir:0
d0/
f264
f295/
f264:90 6B 4F
d0/
f264
f295/
Invalid operation
f166/
├── d0/
└── f264
d0:dir:0
f264:11
Invalid operation
Invalid operation
Invalid operation
Invalid operation
d0/
f264
f264
f264:bin:17
f166:dir:0
Invalid operation
d197:md:13
Null
/d240/d0/n16/n43/f245/f166/d197
Invalid operation
n109/
Invalid operation
d86
n109/
└── d86
Null
Invalid operation
d197:md:14
f258:00 FB 22 5B E1 4B DD 80
f258:FB 22 5B E1 4B DD 80 16 00 00 00 FA 4E 00
Invalid operation
f166/
├── d197
└── n109/
f166:dir:0
f166:dir:0
f258:00 00 00
f258:00 00 00 00
Null
Null
f258:DD 80 16 00 00 00 FA 4E 00 00 00 00 00 00
f258:00 00 00 FA
d18:9A BA D8 10
Invalid operation
f258:00 00 00 00 00 00 00 00
f258:16 00 00 00 FA AD 04 49 9B E6 1C 6C
Invalid operation
f245/
├── d98/
├── f135
└── f166/
    ├── d18
    ├── d180
    ├── d268/
    ├── d45
    ├── d97/
    ├── f171
    ├── f206
    ├── n109/
    └── n110/
f72:07
f72:81 99 F4 FA
Invalid operation
Invalid operation
Invalid operation
f166/
d18
d180
d268/
d45
d97/
f171
f206
f299
n109/
n110/
Invalid operation
Invalid operation
/d128
Invalid operation
Invalid operation
Null
Invalid operation
d18
d180
d268/
d45
d97/
f111/
f171
f206
f299
n109/
n110/
Invalid operation
d18
d180
d268/
d45
d97/
f171
f206
f299
n109/
n110/
n109:dir:0
Invalid operation
n109:dir:0
Invalid operation
Null
Invalid operation
/d240/d0/n16/n43/f245/f166/d18
d18
d45
d97/
f171
f206
f299
n109/
n110/
d18
d45
d90/
d97/
f171
f206
f299
n109/
n110/
Invalid operation
d18
d45
d90/
d97/
f171
f206
f299
n109/
n110/
n43/
Invalid operation
Invalid operation
Invalid operation
Null
d97:dir:0
d18:D8 10 00
d18:8
f299:5
d45:0
f171:0
Invalid operation
Invalid operation
d18
d45
d55/
d97/
f102/
f171
f299
f63/
n21/
d97:dir:0
Invalid operation
Invalid operation
n21/
d177:txt:4
d18:00 00 00
d177
d177:byxf
/d240/d0/n16/n43/f245/f166/n21/d177
/d240/d0/n16/n43/f245/f166/n21/d177
n21/
└── d280/
d18:00 00
Invalid operation
/d240/d0/n16/n43/f258
f258:29
d123:12
d208:0
d123
f116/
f245/
f258
d123: bqg0g6dpeyo
d123: bqg0g6dpeyo
n16/
├── d200
├── d38/
├── f222/
│   ├── d200/
│   ├── d263/
│   └── n98
├── f283/
├── f80/
├── f83/
├── n29/
├── n39
└── n43/
    ├── d111/
    ├── d123
    ├── f116/
    └── f245/
        ├── f166/
        │   ├── d18
        │   ├── d45
        │   ├── d55/
        │   ├── d94/
        │   ├── d97/
        │   ├── f102/
        │   ├── f232/
        │   ├── f299
        │   ├── f63/
        │   └── n21/
        └── f82/
n39:vi61zd3crpi79gs54zqx
/d240/d0/n16/n39
d189
d200
d38/
f222/
f283/
f61
f80/
f83/
n29/
n39
n43/
Invalid operation
Invalid operation
d189
d200
d38/
f222/
f283/
f61
f80/
f83/
n39
d189
d200
d38/
f222/
f283/
f61
f83/
n39
d38:dir:0
n39:vi61zd3crpi79gs54zqx
n39:vi61zd3crpi79gs54zqx
Invalid operation
Null
n39:vi61zd3crpi79gs54zqxwvzc h8sqbdot8j
/d240/d0/n16/n39
/d240/d0/n16/n39
Invalid operation
Null
d38:dir:0
Invalid operation
n39:vi61zd3crpi79gs54zqxwvzc h8sqbdot8j
d38:dir:0
f146:0
f28:0
Invalid operation
Invalid operation
Invalid operation
Invalid operation
d11
d189
d198
d23
d38/
d5
f222/
f283/
f61
f83/
n116
n39
Invalid operation
Invalid operation
d11
d189
d198
d23
d38/
f222/
f283/
f61
f83/
n116
n39
Invalid operation
d38:dir:0
d38/
└── d126/
d126/
f61:AA 60 00 00 00
n39:vi61zd3crpi79gs54zqxwvzc h8sqbdot8jx10rr4z546c8ig7w4x
Invalid operation
f61:00 00
f61:BE A9 D3 50 AA 60 00
Invalid operation
d126/
/d240/d0/n16/d38/d126/d276
d276:
d244/
d276
f175/
f269/
f284
f61:C1 00
d276:md:0
d276:0
f284:0
d244/
d276
f284
f61:F0 DB D6 64 30
f61:00 40 96 58 67 8D
d244/
├── d87/
└── f124
/d240/d0/n16/d38/d126/d244/f124
f124:
Invalid operation
f124:
f61:58 67 8D D3 50 E8 B4 F7 FE 2F
f124:0
f124:
Invalid operation
f124
f211
f124:14
f211:3
Invalid operation
f124
f211
f124:v-xzx8hojy7bbz
/d240/d0/n16/d38/d126/d244/f124
Null
Invalid operation
f61:FE 2F 10 A4 A3 D6 64 30 CC 95
/d240/d0/n16/d38/d126/d276
Null
Invalid operation
Null
f104:16
d276:14
f57:0
f61:2F 10 A4 A3 D6 64 30
Null
d126/
├── d194/
├── d222/
├── d297
└── f104
d194/
d222/
d297
f104
Null
d126/
d273
d94
f182/
f61:00 00 25 7F 58 67 8D D3 50 E8 B4 F7 FE 2F 10 A4 A3 D6 64 30 CC 95
Null
Invalid operation
Invalid operation
f61:64 30
f104:17
Null
d194/
d236
d28
d297
f104
n18
f104:--0telkvs8m85f61x
f104:--0telkvs8m85f61x
d194/
d199/
d236
d28
d297
f104
f208/
n18
f104:17
d213:9
Invalid operation
d257:5q
d257:md:2
d257:md:4
f59:2
Invalid operation
f59
Invalid operation
Invalid operation
f59:bin:12
f59:bin:12
d132/
d290/
f59
n19
Invalid operation
Invalid operation
f59:bin:12
Invalid operation
f59:bin:12
Invalid operation
d262/
├── d132/
├── d201
├── d290/
├── d75/
├── f59
└── n19
f59:00 0A FB 24
Invalid operation
f59:47 22
d132/
d290/
d75/
f59
d257:5q.s
d132/
d290/
d75/
f59
Null
d132/
d290/
d75/
f59
n27/
Null
Invalid operation
Invalid operation
f59:D5 0A FB 24 A6
f185:6C
d132/
d236
d290/
d75/
f101/
f183
f59
f59:42
Null
Invalid operation
d132/
d236
d290/
d75/
f101/
f183
f59
Invalid operation
Invalid operation
Invalid operation
Invalid operation
Invalid operation
Invalid operation
f104:--0telkvs8m85f61xx
Invalid operation
f208/
├── d257
└── d262/
    ├── d132/
    ├── d236
    ├── d290/
    ├── d75/
    │   ├── f185
    │   └── f53
    ├── f101/
    ├── f183
    └── f50
Invalid operation
Null
f208/
├── d257
└── d262/
    ├── d132/
    ├── d236
    ├── d290/
    ├── d75/
    │   ├── f185
    │   └── f53
    ├── f101/
    ├── f183
    └── f50
Invalid operation
d134/
d257
f103/
Null
f208/
├── d134/
└── f103/
Invalid operation
d134/
f128/
f83
n1
n98
/d240/d0/n16/d38/d126/f208/n1
Invalid operation
Invalid operation
n98:8
n1:5
f83:4
Invalid operation
d134/
d243/
f128/
f208/
f55/
f83
n1
/d240/d0/n16/d38/d126/f208/n1
d157/
d134/
└── d157/
n1:0E FA 0F 00
Invalid operation
d157/
d267
d86
f227
d267:2
d86:0
d267:75
d157/
d267
d72/
d86
Null
Invalid operation
d86:
Invalid operation
d267:5
d86:0
f17:7
d267:5
Invalid operation
d86:oolmb2z68blk6soug
/d240/d0/n16/d38/d126/f208/d134/d86
d86:oolmb2z68blk6soug
d86:17
d267:7
f123:5
n12:4
/d240/d0/n16/d38/d126/f208/d134/d86
d86:oolmb2z68blk6soug
d86:oolmb2z68blk6soug
n12:-3vj
d267:75 49 00
f238/
f238/
Invalid operation
/d240/d0/n16/d38/d126/f208/d134/n12
d267:75 49
n12:-3vj
/d240/d0/n16/d38/d126/f208/d134/d257/f282
d257/
├── d267
├── f238/
└── f282
d157/
d240
d257/
d267
d72/
f208/
f59
n12
d267:00 00 CA BD 03 6C 0C
d157/
d240
d257/
d267
d72/
f208/
f59
n12
d267:15
n12:4
d240:2
Null
d134/
├── d157/
├── d240
├── d257/
│   ├── d267
│   ├── f282
│   ├── f293
│   └── n80
├── d267
├── d72/
├── f208/
├── f59
└── n12
d267:15
n12:4
d240:2
f59:2
d267:73 4E 3E 20 BD 03
d267:73 4E 3E
d267:73 4E 3E 20 BD 03 6C 0C
d267:15
f74:14
d219:11
d240:2
f59:2
Invalid operation
/d240/d0/n16/d38/d126/f208/d134/d267
Invalid operation
d157:dir:0
d157/
d240
d257/
d72/
f208/
f59
f74
Invalid operation
Invalid operation
Invalid operation
n1:51 EA
Invalid operation
n1:70 71
n1:D4
d134:dir:0
Invalid operation
d134/
d243/
d247/
f128/
f208/
f247/
f275
f34
f55/
f83
n1
n1:19
f34:13
f275:5
f83:4
d134/
d243/
d247/
f128/
f208/
f247/
f275
f34
f83
n1
Invalid operation
f208/
├── d134/
│   ├── d157/
│   ├── d240
│   ├── d257/
│   │   ├── d267
│   │   ├── f282
│   │   ├── f293
│   │   └── n80
│   ├── d271/
│   ├── d299
│   ├── d72/
│   ├── f208/
│   ├── f59
│   └── f74
├── d243/
├── d247/
├── f128/
├── f208/
├── f247/
├── f275
├── f34
├── f83
└── n1
n1:00
n1:65 00 5F D4 02 87 70 71 51 EA 00 00
/d240/d0/n16/d38/d126/f208/n1
d134:dir:0
Invalid operation
Invalid operation
f219:dir:0
/d240/d0/n16/d38/d126/f208/n1
d228:ycl5 du8chda.-h
Null
f119:07
d228
f119
f219/
Null
d228
f119
f219/
d228
f119
f219/
f119:07
n1:7D 41 43 3A 49 FD
Invalid operation
d134/
d163
d243/
d247/
f128/
f208/
f247/
f275
f34
f5
f55/
f83
n1
d134:dir:0
Invalid operation
Null
n1:18
d163:13
f59:pe
Invalid operation
n1:12 D0 23 00 65 3F 7D 41 43 3A
n1:D8 12 D0 23 00 65 3F 7D 41 43 3A 49
d157:dir:0
d157/
d223
d232
d257/
d271/
d299
f146/
f208/
f59
f74
f59:pe
f59:pe
d157:dir:0
Null
Invalid operation
Invalid operation
f59:pex
d157/
d223
d232
d257/
d271/
d277/
d299
f146/
f208/
f59
f74
f59:pex
f74:14
d223:4
d232:4
Invalid operation
/d240/d0/n16/d38/d126/f208/d134/f59
/f59
n1:22 42
Invalid operation
d157/
d171/
d223
d232
d257/
d271/
d299
d66/
f123
f146/
f208/
f59
f74
n117/
Invalid operation
d157:dir:0
d157/
d171/
d223
d232
d257/
d271/
d299
d66/
f123
f146/
f208/
f59
f74
n117/
f59:pexru14z4pvkh925iz
d171/
d223
d232
d257/
d271/
d299
d66/
f123
f146/
f208/
f59
f74
n117/
Invalid operation
f208:dir:0
d163:12
f241:0
Null
d134/
├── d169/
├── d171/
├── d216/
├── d232
├── d257/
│   ├── d267
│   ├── f282
│   ├── f293
│   └── n80
├── d271/
├── d299
├── f123
├── f127
├── f146/
├── f208/
├── f59
├── f74
└── n117/
    ├── d163
    └── f241
d169/
d171/
d216/
d232
d257/
d271/
d299
f123
f127
f146/
f208/
f59
f74
n117/
Invalid operation
Null
Invalid operation
d104/
f208:dir:0
f208:dir:0
d13
d134/
d163
d243/
d247/
f128/
f208/
f247/
f34
f5
f83
f92
n1
n40/
Invalid operation
Invalid operation
Invalid operation
Invalid operation
d13
d134/
d163
d222/
d243/
d247/
f128/
f208/
f247/
f5
f83
f92
n1
n40/
d13
d134/
d163
d222/
d243/
d247/
f128/
f208/
f247/
f5
f83
f92
n1
n40/
d13
d134/
d163
d222/
d243/
d247/
f128/
f208/
f247/
f5
f83
f92
n1
n40/
d13
d134/
d149/
d163
d222/
d243/
d247/
f128/
f208/
f247/
f294/
f34
f5
f83
f92
n1
n40/
/d240/d0/n16/d38/d126/f208/n1
d94:txt:15
d247/
├── d94
└── f103/
d247/
├── d94
└── f103/
f103/
f103:dir:0
Invalid operation
Invalid operation
d151:FD 00 00
f103:dir:0
/d240/d0/n16/d38/d126/f208/d247/d94
f228:0
f103/
└── f228
f228:
d151:FD
f228:0
d6
f228
f103/
├── d6
└── f228
d299:17
d42:14
d6:9
f10:0
f228:
f103/
├── d299
├── d42
├── d6
├── f10
└── f228
Invalid operation
f228:
Invalid operation
f228:
Invalid operation
Invalid operation
Invalid operation
Invalid operation
/d240/d0/n16/d38/d126/f208/d247/d151
Invalid operation
d151:F7 01 35 C6 A1 00 00 00 00 00 00 00 00 00 00 00 00 00 00 00
Invalid operation
d151
f103/
f218
f277/
d151
d79
f103/
f218
f277/
Invalid operation
d299
d42
d6
f10
f228
n74
f228:
Invalid operation
f117:md:14
d164/
d235
d299
d42
d6
f10
f154
f228
n74
f228:
/d240/d0/n16/d38/d126/f208/d247/f103/f228
/d240/d0/f228
Invalid operation
Invalid operation
d299:17
n74:16
d42:14
f125:11
d6:9
f154:6
d235:0
f10:0
n74:EC F7 BB 50
f117:gg4l6y3x8q7wp7
f117
f142/
n74:00 16 14 AA
Invalid operation
n74:EC F7 BB
d233
d269/
f117
f142/
d164/
├── d233
├── d269/
├── d270
├── f117
└── f142/
Invalid operation
/d240/d0/n16/d38/d126/f208/d247/f103/d164/f117
d233
d269/
d270
f117
f142/
Invalid operation
Invalid operation
d233
d269/
d270
f117
f142/
f163
f117:md:14
Invalid operation
/d240/d0/n16/d38/d126/f208/d247/f103/d164/f117
Invalid operation
Invalid operation
Invalid operation
/d240/d0/n16/d38/d126/f208/d247/f103/d164/f117
/d240/d0/n16/d38/d126/f208/d247/f103/d164/f117
f117:gg4l6y3x8q7wp7jrg09h71trwziz28fvifw.r
/d240/d0/n16/d38/d126/f208/d247/f103/d164/f117
f117:37
d270:3
Invalid operation
d269/
d270
d273/
f117
f142/
n100/
n111/
n92/
n92/
d269/
d270
d273/
f117
f142/
n100/
n111/
n92/
d269/
d270
f117
f142/
n100/
n111/
n92/
f117:gg4l6y3x8q7wp7jrg09h71trwziz28fvifw.rxx
f116/
/d240/d0/n16/d38/d126/f208/d247/f103/d164/f117
/d240/d0/n16/d38/d126/f208/d247/f103/d164/f117
d270:00
f117:gg4l6y3x8q7wp7jrg09h71trwziz28fvifw.rxx
d269/
f117:md:39
f117:md:39
n10:0
Invalid operation
Invalid operation
Invalid operation
Invalid operation
f85/
n10
d270:00 00 00
d270:64
Invalid operation
Invalid operation
f85/
n10
f117:39
d270:25
f30:6
f117:gg4l6y3x8q7wp7jrg09h71trwziz28fvifw.rxx
f117:39
d270:25
f30:6
d270:7F 00 00
f117:md:39
d134/
d269/
d270
d273/
d77
f117
f142/
f261/
f283/
f30
n100/
n111/
n92/
d270:67 B3
d270:64 98 61 C4 83 D3 67 B3 16
/d240/d0/n16/d38/d126/f208/d247/f103/d164/f117
f117:md:49
f117:gg4l6y3x8q7wp7jrg09h71trwziz28fvifw.rxx6b66 8fe6m
d134/
d269/
d270
d273/
d77
f117
f142/
f261/
f283/
f30
n100/
n111/
n92/
d270:D3 67 B3 16
f117:md:39
d134/
d269/
d77
f117
f142/
f261/
f283/
f30
n100/
n111/
n92/
/d240/d0/n16/d38/d126/f208/d247/f103/d164/f117
f117:gg4l6y3x8q7wp7jrg09h71trwziz28fvifw.rxxx
Null
f117:40
d77:13
Invalid operation
/d240/d0/n16/d38/d126/f208/d247/f103/d164/f55/d101
d164/
├── d134/
├── d269/
│   ├── f85/
│   └── n10
├── d77
├── f117
├── f142/
├── f261/
├── f283/
├── f30
├── f55/
│   └── d101
├── n100/
├── n111/
└── n92/
f117:gg4l6y3x8q7wp7jrg09h71trwziz28fvifw.rxxx
d134/
d269/
d77
f117
f142/
f261/
f283/
f30
f55/
n100/
n111/
n92/
Invalid operation
d269/
d77
f117
f142/
f261/
f283/
f30
f55/
n100/
n111/
n92/
f117:gg4l6y3x8q7wp7jrg09h71trwziz28fvifw.rxxx
d269/
d77
f117
f142/
f261/
f283/
f30
f55/
n100/
n111/
n92/
d134/
d269/
d77
f117
f142/
f261/
f283/
f30
f55/
n100/
n111/
n92/
/d240/d0/n16/d38/d126/f208/d247/f103/d164/f117
Invalid operation
Invalid operation
Invalid operation
f30:2E 25
d164/
├── d120
├── d134/
├── d269/
│   ├── f85/
│   └── n10
├── d77
├── f117
├── f129
├── f142/
├── f189
├── f261/
├── f283/
├── f30
├── f55/
│   └── d101
├── n100/
├── n111/
├── n112
├── n51
└── n92/
f117:gg4l6y3x8q7wp7jrg09h71trwziz28fvifw.rxxxf8g0n.c
f117:47
n51:14
d77:13
f30:6C
Invalid operation
Invalid operation
n74:25
d299:17
d42:14
f125:11
f103/
├── d164/
│   ├── d120
│   ├── d134/
│   ├── d269/
│   │   ├── f85/
│   │   └── n10
│   ├── d77
│   ├── f117
│   ├── f129
│   ├── f142/
│   ├── f189
│   ├── f261/
│   ├── f283/
│   ├── f30
│   ├── f55/
│   │   └── d101
│   ├── n111/
│   ├── n112
│   ├── n51
│   └── n92/
├── d235
├── d238
├── d299
├── d42
├── d6
├── f10
├── f125
├── f154
└── n74
/d240/d0/n16/d38/d126/f208/d247/f103/d6
/d6
d6:txt:11
Invalid operation
d6:txt:11
d164/
d235
d238
d299
d42
d6
d70
f10
f125
f154
f53/
n74
d164/
d235
d238
d299
d42
d54
d6
d70
f10
f125
f154
n74
f117:gg4l6y3x8q7wp7jrg09h71trwziz28fvifw.rxxxf8g0n.c
Invalid operation
f193/
f117:gg4l6y3x8q7wp7jrg09h71trwziz28fvifw.rxxxf8g0n.cvzr84_cdcwyo8 y580wr_i4j mio_9k4y
d115:dir:0
d51:4
d115/
d51
f193/
n113/
d51:14 BE 0A FF
Invalid operation
/d240/d0/n16/d38/d126/f208/d247/f103/d164/n111/d51
/d240/d0/n16/d38/d126/f208/d247/f103/d164/n111/d51
f117:md:80
d120
d134/
d269/
d77
f117
f129
f142/
f189
f261/
f283/
f30
f55/
n111/
n112
n51
n92/
Invalid operation
n88
Null
f30:4C 25
Invalid operation
d22:md:3
Invalid operation
Null
d245:E8
d188/
├── d245
├── f168/
└── f94/
d245:07 DF A3 66 E1 E8 EF
Invalid operation
d245
f94/
Invalid operation
Invalid operation
Invalid operation
Null
f94:dir:0
Invalid operation
Invalid operation
Invalid operation
d245:E1 E8 EF
d245
f105
f142/
f94/
n72/
Invalid operation
f30:E8 6D 1C
/d240/d0/n16/d38/d126/f208/d247/f103/d164/f142/d22
/d240/d0/n16/d38/d126/f208/d247/f103/d164/f142/d22
Invalid operation
f30:E8 6D 1C
d188/
d22
n76/
f142/
├── d188/
│   ├── d245
│   ├── f105
│   ├── f142/
│   ├── f246/
│   ├── f94/
│   │   └── n33
│   └── n72/
├── d22
├── f66
└── n76/
d232/
Invalid operation
f30:6D
d22:md:4
n29/
f30:F1 E8 6D 1C B9 D9 4E 25
Invalid operation
Invalid operation
Invalid operation
Invalid operation
d272/
d88/
f281/
d22:8quxc2vail 85.ii7p
d22:8quxc2vail 85.ii7p
Invalid operation
Invalid operation
d272/
d88/
f281/
f281:dir:0
f30:6D 1C B9
Null
d272/
d55
d88/
f281/
/d240/d0/n16/d38/d126/f208/d247/f103/d164/f142/n76/d55
/d55
d55:x
d55:x
Invalid operation
f281:dir:0
/d240/d0/n16/d38/d126/f208/d247/f103/d164/f142/n76/d55
/d55
f4:dkt0s8n89f
Invalid operation
d217
Invalid operation
d217
/d240/d0/n16/d38/d126/f208/d247/f103/d164/f142/n76/d169/d217
d217:txt:0
d169/
└── d217
d169/
d272/
d31/
d55
d88/
f281/
Invalid operation
d55:3
d55:x4l
d155
d22
d291/
f66
n76/
Invalid operation
f30:08 B9 D9 4E EB FB
f66:ip9n
Invalid operation
f66:ip9n
f66:ip9n
n76:dir:0
Invalid operation
/d240/d0/n16/d38/d126/f208/d247/f103/d164/f142/f66
f30:4E EB
f66:ip9n459eav52xkgs3
f66:ip9n459eav52xkgs3
Invalid operation
f142/
├── d103/
├── d113
├── d115/
├── d221/
├── d291/
├── d56/
├── d73
├── f130/
├── f234/
├── f245
├── f59
├── f66
├── f75
├── f95
├── n21
└── n76/
    ├── d169/
    │   ├── d201
    │   └── d217
    ├── d272/
    ├── d31/
    ├── d55
    └── f281/
        └── f282
/d240/d0/n16/d38/d126/f208/d247/f103/d164/f142/f66
n76:dir:0
d103/
d113
d115/
d221/
d291/
d56/
d73
f130/
f234/
f245
f59
f66
f75
f95
n21
n76/
n76:dir:0
Null
Invalid operation
f234/
d19:xa3.mryrq0hx
d19:xa3.mryrq0hx
f59:16
f30:9E B0 08 B9 D9 4E EB FB E1 7F 28 00 00
d103/
d113
d115/
d221/
d291/
d56/
d73
f130/
f234/
f245
f278
f59
f66
f75
f95
n21
n76/
f30:6A 34 A0 DA AD
Invalid operation
f142/
├── d103/
├── d113
├── d115/
├── d221/
├── d291/
├── d73
├── f130/
├── f234/
│   ├── d19
│   └── n14
├── f245
├── f278
├── f59
├── f66
├── f75
├── f95
├── n21
└── n76/
    ├── d169/
    │   ├── d201
    │   └── d217
    ├── d272/
    ├── d31/
    ├── d55
    └── f281/
        └── f282
/d240/d0/n16/d38/d126/f208/d247/f103/d164/f142/f66
Invalid operation
Invalid operation
f66:ip9n
n76:dir:0
n76:dir:0
n76:dir:0
f30:AD
d103/
d113
d115/
d221/
d291/
d73
f130/
f234/
f245
f278
f57/
f59
f66
f75
f95
n21
n76/
Invalid operation
/d240/d0/n16/d38/d126/f208/d247/f103/d164/f142/f66
f30:5E EE 6A 34 A0 DA
/d240/d0/n16/d38/d126/f208/d247/f103/d164/f142/f66
Null
f66:ip9n
f59:16
n21:12
f278:9
f66:4
d113:0
d73:0
f30:6A 34 A0 DA
f66:ip9n
f66:ip9n9gm 2eds
d146:7
/d240/d0/n16/d38/d126/f208/d247/f103/d164/f142/f66
d167/
f30:BD 75 40 5F 00 00 D2 5E
f30:AD
d167:dir:0
d146
d151/
d167/
d63
n80/
d248:md:11
Invalid operation
Invalid operation
f108
n32
/d240/d0/n16/d38/d126/f208/d247/f103/d164/f142/f130/n80/n32
/d240/d0/n16/d38/d126/f208/d247/f103/d164/f142/f130/n80/n32
n32:d87d8vjsx
Invalid operation
Invalid operation
n32:txt:9
n80/
├── d16/
├── f108
├── f112
├── f201
├── f29/
│   └── f145
└── n32
Invalid operation
n32:txt:10
/d240/d0/n16/d38/d126/f208/d247/f103/d164/f142/f130/n80/n32
Null
f108:00 00
d16/
d24
f108
f112
f201
f29/
n32
n32:d87d8vjsxx
n32:txt:10
n32:d87d8vjsxx
f145
f201:14
d24:10
n32:10
f108:6
n100:4
n80/
├── d24
├── f108
├── f112
├── f201
├── f29/
│   └── f65
├── n100
└── n32
/d240/d0/n16/d38/d126/f208/d247/f103/d164/f142/f130/n80/n32
Invalid operation
f65:75
f65
f65
/d240/d0/n16/d38/d126/f208/d247/f103/d164/f142/f130/n80/f29/f65
Invalid operation
/d240/d0/n16/d38/d126/f208/d247/f103/d164/f142/f130/n80/f29/f218
/d240/d0/n16/d38/d126/f208/d247/f218
f218:8E E2
f201:14
d24:10
n32:10
n100:4
f112:2
f201:14
d24:10
n32:10
n97:9
n100:4
f112:2
f58:2F 01
d24
f201
f29/
n32
n55/
n97
n80/
├── d24
├── f201
├── f29/
│   └── f218
├── n32
├── n55/
└── n97
f58:2F 01 00
f58:2F 01 00 00
f201:14
d24:10
n97:9
d24
d297
f132
f201
f29/
n55/
n97
Invalid operation
f201:u.80h6sj.uphgzffb
f201:u.80h6sj.uphgzffb
f201:17
f179:13
f29:dir:0
Invalid operation
d146:-27np9xgw8x0 5e
f58:27
f58:45 2F 01 69 4A 27 77
d146
d151/
d167/
d63
f58
n80/
/d240/d0/n16/d38/d126/f208/d247/f103/d164/f142/f130/d146
f58:A0 BC
d230/
d24
d297
d30
f132
f179
f201
f269/
f29/
n55/
n97
f201:17
/d240/d0/n16/d38/d126/f208/d247/f103/d164/f142/f130/n80/f201
n80/
├── d230/
├── d24
├── d297
├── d30
├── f132
├── f179
├── f195/
├── f201
├── f269/
├── f29/
│   └── f218
├── n55/
└── n97
d230/
d24
d279
d28/
d297
d30
f132
f176
f179
f181/
f195/
f201
f269/
f29/
n55/
n97
f29:dir:0
n80/
├── d230/
├── d24
├── d279
├── d297
├── d30
├── f132
├── f176
├── f179
├── f181/
├── f195/
├── f201
├── f269/
├── f29/
│   └── f218
├── n55/
└── n97
Invalid operation
n103/
n103:dir:0
n103/
n103/
└── f231
/d240/d0/n16/d38/d126/f208/d247/f103/d164/f142/f130/n80/f181/n103/f181
f181
f291/
/d240/d0/n16/d38/d126/f208/d247/f103/d164/f142/f130/n80/f181/n103/f181
Invalid operation
d222
f181
f291/
f45
f181:0nw0nf3bc4kld893vi2acd 1on
f181:26
d187:7
Invalid operation
f181/
├── d173
└── n103/
    ├── d187
    └── f181
f58:EC
Invalid operation
f58:BF B3 93 DD
f181:0nw0nf3bc4kld893vi2acd 1on
d187:BC E8 93
d187
f181
n103/
├── d187
└── f181
f181:0nw0nf3bc4kld893vi2acd 1on
f181:txt:26
f181:txt:26
d187
f181
f215
f227/
n62
d187:00
Invalid operation
Invalid operation
/d240/d0/n16/d38/d126/f208/d247/f103/d164/f142/f130/n80/f181/n103/n62
/n62
f227:dir:0
f58:7F D2 E5 BF B3 93 DD 89 8F
n62:12
f38:7
n103/
├── f227/
├── f55/
└── n62
f156:bin:3
/d240/d0/n16/d38/d126/f208/d247/f103/d164/f142/f130/n80/f181/n103/n62
/n62
f110
f118/
f110:wjem
Invalid operation
f88/
f110:wjem
f58:7F D2 E5 BF B3 93 DD 89 8F 1F 00 EF 20 FC
f118/
f58:59 FC 00 00
f118/
f110:wjem
/d240/d0/n16/d38/d126/f208/d247/f103/d164/f142/f130/n80/f181/n103/f227/f130/f110
d95
f110
f118/
n71/
Null
Invalid operation
Invalid operation
f130/
├── f144
└── n71/
Invalid operation
n71:dir:0
Invalid operation
Invalid operation
d107/
Invalid operation
f144:7E
d107/
d123
f275
d107:dir:0
d107/
d123:gee552qt-ix7of6vmwsg 
Invalid operation
f144:00
Null
n21:dir:0
Invalid operation
f142:e3g0dzip4ls
d180
f142
f156
f159
f59
n21/
f159:17
f142:11
d180:0
f156:0
f59:0
f159:17
f142:11
n21:dir:0
Invalid operation
Invalid operation
d180:00 00
f159:17
d157:15
f142:11
d180:10
n37:8
d251:5
f142:txt:11
f142:txt:11
d157
d180
d251
d6
f142
f156
f159
n37
d157
d180
d251
d6
f142
f156
f159
n37
d157
d180
d251
d6
f142
f156
f159
n37
Invalid operation
f142:28
f159:17
d157:15
d180:10
n37:8
d157
d180
d251
d6
f142
f156
f159
n113
n37
f142:e3g0dzip4ls03jnfwqauvz0v8rw_tpde106vx0i-d3p
f142:e3g0dzip4ls03jnfwqauvz0v8rw_tpde106vx0i-d3p
f142:43
d157:15
d180:13
n37:8
d251:5
d6:0
f156:0
f142:43
d157:15
d180:13
n118:8
n37:8
d251:5
d6:0
f156:0
f142:43
d157:15
d180:13
n118:8
n37:8
d180:00 46 8E 32 90 DB 22 C7 F1 4C 90 8F 06 00
d157
d180
d251
d6
f142
f156
f256
f60
n113
n118
n26/
n37
Null
Invalid operation
d180:DB 22
Null
Invalid operation
f142:43
d180:18
f142:e3g0dzip4ls03jnfwqauvz0v8rw_tpde106vx0i-d3p
d107:dir:0
d123:43
d141:7
f275:0
n71/
├── d107/
│   ├── d157/
│   ├── d180
│   ├── d182
│   ├── d207
│   ├── d6
│   ├── f142
│   ├── f156
│   ├── f256
│   ├── n113
│   ├── n118
│   ├── n26/
│   └── n37
└── d141
Invalid operation
/d240/d0/n16/n116
d157/
d180
d182
d207
d6
f142
f156
f256
n113
n118
n26/
n37
Invalid operation
Invalid operation
Invalid operation
d107/
n24
n87
n87:16
n24:12
d243:0
d107/
d243
n24
n64/
n87
d107:dir:0
n64/
d107:dir:0
/f194
n87:3d2j3drpp.z4.ic5
Invalid operation
Invalid operation
n71/
├── d107/
│   ├── d157/
│   ├── f142
│   ├── f156
│   ├── f256
│   ├── n113
│   ├── n118
│   ├── n26/
│   └── n37
├── d243
├── f90/
├── n24
├── n64/
└── n87
f144:D6 85 2E
f144:9B 03 8C 00 00 00 00 D6 85
Invalid operation
f156:txt:0
f156:txt:11
f156:txt:11
d157/
f156
f256
n113
n118
n26/
n37
n37:3A E3 F2
d157/
f256
n113
n117/
n118
n26/
n37
/d240/d0/n16/d38/d126/f208/d247/f103/d164/f142/f130/n80/f181/n103/f227/f130/n71/d107/n37
Invalid operation
d107/
├── d157/
├── f256
├── n113
├── n118
├── n26/
└── n37
n37:14
Null
/d240/d0/n16/d38/d126/f208/d247/f103/d164/f142/f130/n80/f181/n103/f227/f130/n71/d107/n113
Null
n113:md:0
f144:03 8C 00 00 00 00 D6 85 2E
f144:03 8C 00 00 00 00 D6 85
n113:
n113:
n113:
d80:0
n113:0
/d240/d0/n16/d38/d126/f208/d247/f103/d164/f142/f130/n80/f181/n103/f227/f130/n71/d107/n113
f144:03 8C 00
Invalid operation
n26:dir:0
d153/
f147/
f20
n26/
f20:lwx3_lacyi6
Invalid operation
n26:dir:0
f20:11
Invalid operation
d107/
├── d129/
├── d236
├── f147/
├── f20
├── f31
├── f93
├── n26/
└── n65
/d240/d0/n16/d38/d126/f208/d247/f103/d164/f142/f130/n80/f181/n103/f227/f130/n71/d107/f20
d107/
├── d129/
├── d236
├── f147/
├── f197/
├── f20
├── f31
├── f93
└── n65
/d240/d0/n16/d38/d126/f208/d247/f103/d164/f142/f130/n80/f181/n103/f227/f130/n71/d107/f20
f20:lwx3_lacyi6gyk_c0uij9ov3u2-
d107/
├── d129/
├── d236
├── f147/
├── f197/
├── f20
├── f31
├── f93
├── n1
├── n100/
└── n65
Invalid operation
d129/
d225
d236
f147/
f197/
f20
f3
f31
f93
n1
n65
Invalid operation
f147:dir:0
/d240/d0/n16/d38/d126/f208/d247/f103/d164/f142/f130/n80/f181/n103/f227/f130/n71/d107/f20
Invalid operation
f197/
f197/
n65:B1
f197/
├── d187
├── d227
├── d46/
└── f48
/d240/d0/n16/d38/d126/f208/d247/f103/d164/f142/f130/n80/f181/n103/f227/f130/n71/d107/f197/f48
d187
d227
d46/
f48
n65:29
d166
d187
f48
d166
d187
f48
d166
d187
f48
/d240/d0/n16/d38/d126/f208/d247/f103/d164/f142/f130/n80/f181/n103/f227/f130/n71/d107/f197/f48
f48:md:22
f48:58f79qt.lj.xnlg2q.zuyn
n65:00 00 29
d166:
d166:1
d166
Invalid operation
d166
n65:97 9B 26 31 00
d149:dir:0
f197/
└── d135/
n65:26 31
Invalid operation
Invalid operation
f20:lwx3_lacyi6gyk_c0uij9ov3u2-tfvm
Invalid operation
f212/
n41
n65:97 9B 26 31 00 F4 00 00 00 00 00 33 15 91 FF B3 6D
Invalid operation
Invalid operation
d135/
Invalid operation
n65:DC 9E 97 9B 26 31 00 F4 00 00 00 00 00 33
d202/
f275
n43
f275:9
n43:9
/d240/d0/n16/d38/d126/f208/d247/f103/d164/f142/f130/n80/f181/n103/f227/f130/n71/d107/f197/d135/n43
Invalid operation
f275:00 00 00
d194
d202/
f275
Invalid operation
Invalid operation
Invalid operation
d168/
f172
Invalid operation
d202:dir:0
f275:14
d163:2
Invalid operation
Invalid operation
d135/
├── d163
├── d194
├── d202/
│   └── d111
├── f275
└── f277/
    └── f172
Invalid operation
d135/
f92
d135/
f92
Invalid operation
f59:dir:0
f92:8F AB A1
/d240/d0/n16/d38/d126/f208/d247/f103/d164/f142/f130/n80/f181/n103/f227/f130/n71/d107/f197/n106/f37
f37:dykoi0ri
f183/
f37
f59/
n106/
├── f183/
├── f37
└── f59/
f37:dykoi0ri
f183/
f37
f59/
f37:8
f183/
f37
f59/
f92:bin:9
f197/
├── d135/
│   ├── d163
│   ├── d194
│   ├── d202/
│   │   └── d111
│   ├── f275
│   └── f277/
│       └── f172
├── f92
└── n106/
    ├── d254/
    ├── f183/
    ├── f37
    ├── f59/
    └── n53
f92:10
d135/
f92
n106/
f197/
├── d135/
│   ├── d163
│   ├── d194
│   ├── d202/
│   │   └── d111
│   ├── f275
│   └── f277/
│       └── f172
├── f92
└── n106/
    ├── d254/
    ├── f183/
    ├── f37
    ├── f59/
    └── n53
d135/
f92
n106/
f92:10
d135/
f119/
f92
n106/
f92:16
Invalid operation
Invalid operation
f197/
├── d135/
│   ├── d163
│   ├── d194
│   ├── d202/
│   │   └── d111
│   ├── f275
│   └── f277/
│       └── f172
├── f119/
├── f92
└── n106/
    ├── d254/
    ├── f183/
    ├── f37
    ├── f59/
    └── n53
f92:AB 65 F2 29 E2 A7 98 35 00 00 9F CE
Null
Invalid operation
d135/
d276
f119/
f92
n106/
f92:bin:19
f92:bin:19
f92:00 00 9F CE 8C 16 62 00 00 00
f92:00
f92:00
Invalid operation
d129/
d236
f147/
f197/
f20
f3
f31
f93
n1
n65
d107/
├── d129/
├── d236
├── f147/
├── f197/
│   ├── d135/
│   │   ├── d163
│   │   ├── d194
│   │   ├── d202/
│   │   │   └── d111
│   │   ├── f275
│   │   └── f277/
│   │       └── f172
│   ├── d276
│   ├── f119/
│   ├── f92
│   └── n106/
│       ├── d254/
│       ├── f183/
│       ├── f37
│       ├── f59/
│       └── n53
├── f20
├── f3
├── f31
├── f93
├── n1
└── n65
f20:lwx3_lacyi6gyk_c0uij9ov3u2-tfvm
Invalid operation
Null
f20:lwx3_lacyi6gyk_c0uij9ov3u2-tfvmx
d107/
├── d129/
├── d236
├── f147/
├── f197/
│   ├── d135/
│   │   ├── d163
│   │   ├── d194
│   │   ├── d202/
│   │   │   └── d111
│   │   ├── f275
│   │   └── f277/
│   │       └── f172
│   ├── d276
│   ├── f119/
│   ├── f92
│   └── n106/
│       ├── d254/
│       ├── f183/
│       ├── f37
│       ├── f59/
│       └── n53
├── f20
├── f3
├── f31
├── f93
├── n1
└── n65
d129/
d236
f147/
f197/
f20
f3
f31
f93
n1
n65
d129/
d236
f147/
f197/
f20
f3
f31
f93
n1
n65
/d240/d0/n16/d38/d126/f208/d247/f103/d164/f142/f130/n80/f181/n103/f227/f130/n71/d107/f20
d107/
├── d129/
├── d182
├── d236
├── f147/
├── f197/
│   ├── d135/
│   │   ├── d163
│   │   ├── d194
│   │   ├── d202/
│   │   │   └── d111
│   │   ├── f275
│   │   └── f277/
│   │       └── f172
│   ├── d276
│   ├── f119/
│   ├── f92
│   └── n106/
│       ├── d254/
│       ├── f183/
│       ├── f37
│       ├── f59/
│       └── n53
├── f20
├── f3
├── f31
├── f93
├── n1
└── n65
f147:dir:0
d129/
d182
d236
f147/
f197/
f20
f3
f31
f93
n1
n65
d182
d236
f147/
f197/
f20
f3
f31
f93
n1
n65
n76/
Invalid operation
/n78
f20:lwx3_lacyi6gyk_c0uij9ov3u2-tfvmx
Null
n87:3d2j3drpp.z4.ic5
d107/
d201
d243
f205
f90/
n24
n28/
n87
d107/
d201
d243
f205
f90/
n24
n28/
f144:9B 03 8C 00 00 00 00 D6
d107/
d201
d243
f205
f90/
n28/
Invalid operation
Invalid operation
Null
Invalid operation
Invalid operation
/d240/d0/n16/d38/d126/f208/d247/f103/d164/f142/f130/n80/f181/n103/f227/f130/n71/d243
n71/
├── d107/
│   ├── d182
│   ├── d236
│   ├── d43/
│   ├── f111/
│   ├── f147/
│   ├── f197/
│   │   ├── d135/
│   │   │   ├── d163
│   │   │   ├── d194
│   │   │   ├── d202/
│   │   │   │   └── d111
│   │   │   ├── f275
│   │   │   └── f277/
│   │   │       └── f172
│   │   ├── d276
│   │   ├── f119/
│   │   ├── f92
│   │   └── n106/
│   │       ├── d254/
│   │       ├── f183/
│   │       ├── f37
│   │       ├── f59/
│   │       └── n53
│   ├── f20
│   ├── f3
│   ├── f31
│   ├── f93
│   ├── n1
│   ├── n65
│   └── n76/
├── d201
├── d243
├── f205
├── f8
├── f90/
├── n28/
└── n89/
d107:dir:0
f144:34 59
Invalid operation
Invalid operation
/d240/d0/n16/d38/d126/f208/d247/f103/d164/f142/f130/n80/f181/n103/f227/f130/n71/n89/d144
d144
d159/
f144:00 00 00
d159:dir:0
d144:12
d144:12
/d240/d0/n16/d38/d126/f208/d247/f103/d164/f142/f130/n80/f181/n103/f227/f130/n71/n89/d144
d107:dir:0
Invalid operation
f144:14 0D 9B 03
d295/
Invalid operation
f144:00
Invalid operation
n89/
n89/
Invalid operation
d243:9my_428m5oq8t1vx
Null
d32:8E
Null
/d240/d0/n16/d38/d273
d100
d32
Invalid operation
d296/
d32:bin:0
Invalid operation
d243:9my_428m5oq8t1vx
Invalid operation
Invalid operation
n62:6m9h677xf875 ik_d8eln8x7dn6f1a
d116/
d85
f130/
d116:dir:0
f227/
├── d116/
├── d85
└── f130/
    └── f144
/d240/d0/n16/d38/d126/f208/d247/f103/d164/f142/f130/n80/f181/n103/f227/d85
d116/
d85:ecyhdy1ikrmhx
d116:dir:0
d116:dir:0
Invalid operation
/d240/d0/n16/d38/d126/f208/d247/f103/d164/f142/f130/n80/f181/n103/f227/n44
Null
Invalid operation
/d240/d0/n16/d38/d126/f208/d247/f103/d164/f142/f130/n80/f181/n103/f227/d116/d20
Invalid operation
n44:00 00 00 2A 7D E6 AD
d20:jv322nxs6unypbf5ddsrsxfjb.lq1om1rmnip2wk
/d240/d0/n16/d38/d126/f208/d247/f103/d42
d20:txt:40
/d240/d0/n16/d38/d126/f208/d247/f103/d164/f142/f130/n80/f181/n103/f227/d116/d20
d20
d245
d82
f71/
d20:jv322nxs6unypbf5ddsrsxfjb.lq1om1rmnip2wk
/d240/d0/n16/d38/d126/f208/d247/f103/d164/f142/f130/n80/f181/n103/f227/d116/d20
Null
Invalid operation
Invalid operation
Invalid operation
/d240/d0/n16/d38/d126/f208/d247/f103/d164/f142/f130/n80/f181/n103/f227/n44
n44:37 B0 E4 76 24
Invalid operation
/d240/d0/n16/d38/d126/f208/d247/f103/d164/f142/f130/n80/f181/n103/f227/d248
Invalid operation
Invalid operation
Null
Invalid operation
d248:8C
/d240/d0/n16/d38/d126/f208/d247/f103/d164/f142/f130/n80/f181/n103/f227/d248
/d240/d0/n16/d38/d126/f208/d247/f103/d164/f142/f130/n80/f181/n103/f227/d248
Invalid operation
f227/
├── d116/
│   ├── d20
│   ├── d245
│   ├── d7
│   ├── d82
│   ├── d92
│   ├── f234/
│   ├── f255/
│   ├── f71/
│   └── n15/
├── d243/
├── d248
├── f130/
│   └── f144
├── n65
└── n68/
d248:C4 D6 E0
Invalid operation
d116/
d243/
d248
f130/
n65
n68/
Invalid operation
d20:40
d82:11
d92:2
d7:1
d245:0
/d240/d0/n16/d38/d126/f208/d247/f103/d164/f142/f130/n80/f181/n103/f227/d116/d20
n15/
/d240/d0/n16/d38/d126/f208/d247/f103/d164/f142/f130/n80/f181/n103/f227/d116/d20
d20:txt:40
d248:00
n15/
d248:00 00
d20:jv322nxs6unypbf5ddsrsxfjb.lq1om1rmnip2wkd- cmx2.z_a5h3x
d248:FD 14 E0 A6 40 00
d248:40 00
d107/
d15
d20
d245
d7
d82
d92
f234/
f255/
f61
f71/
Invalid operation
d248:FD
/d240/d0/n16/d38/d126/f208/d247/f103/d164/f142/f130/n80/f181/n103/f227/d116/d20
Invalid operation
f135:4B C9 23 3F 00 0E DB
d116/
├── d107/
├── d15
├── d20
├── d92
├── f135
├── f274
├── f61
└── f71/
d107/
d15
d20
d92
f135
f234/
f274
f61
f71/
Null
Null
Invalid operation
d92:mp
Invalid operation
Invalid operation
d116/
├── d15
├── d92
├── f190/
├── f234/
├── f274
├── f61
└── f71/
d92:mp
d111
d15
d92
f190/
f234/
f274
f61
f71/
Invalid operation
d15:16
f61:16
d111:12
d111
d15
d92
f234/
f274
f71/
n102
n53
n102:63 2D
d15
d197
d92
f234/
f71/
n102
n22
n53
n102:AC 75
d116/
├── d15
├── d197
├── d92
├── f234/
├── f71/
├── n102
├── n22
└── n53
f71:dir:0
f71:dir:0
Invalid operation
Invalid operation
f144:24
f130/
└── f144
f144
/d240/d0/n16/d38/d126/f208/d247/f103/d164/f142/f130/n80/f181/n103/f227/f130/f144
Invalid operation
/d240/d0/n16/d38/d126/f208/d247/f103/d164/f142/f130/n80/f181/n103/f227/f130/f144
f144:bin:24
f144:24
f149:16
Invalid operation
f144:00 00 00 25 0E
Invalid operation
Null
Null
/d240/d0/n16/d38/d126/f208/d247/f103/d164/f142/f130/n80/f181/n103/n62
/n62
d173
n103/
/d240/d0/n16/d38/d126/f208/d247/f103/d164/f142/f130/n80/f181/d173
Invalid operation
f296
n103/
/d240/d0/n16/d38/d126/f208/d247/f103/d164/f142/f130/n80/f181/n103/n62
/n62
n62:6m9h677xf875 ik_d8eln8x7dn6f1a
d248:8A 4A
Invalid operation
d103
d116/
d221/
d248
f130/
f150/
n68/
n86
n86:9
d248:5
d248:CA 8A 4A
Invalid operation
Invalid operation
Invalid operation
d103
d116/
d129
d221/
d248
f130/
f150/
n68/
n86
Invalid operation
d103
d116/
d129
d221/
d248
f130/
f150/
n68/
n86
Invalid operation
d116:dir:0
Invalid operation
Invalid operation
d116/
├── d15
├── d197
├── d92
├── f234/
├── f71/
├── n102
└── n53
/d240/d0/n16/d38/d126/f208/d247/f103/d164/f142/f130/n80/f181/n103/f227/d116/d92
/d240/d0/n16/d38/d126/f208/d247/f103/d164/f142/f130/n80/f181/n103/f227/d116/n102
f71:dir:0
n102:60 63 C8
d117/
n100
Invalid operation
/d240/d0/n16/d38/d126/f208/d247/f103/d164/f142/f130/n80/f181/n103/f227/d116/n102
/d240/d0/n16/d38/d126/f208/d247/f103/d164/f142/f130/n80/f181/n103/f227/d116/n102
n102:8
d197:7
n53:7
Invalid operation
Invalid operation
d248:8A
Invalid operation
n102:3A C3 60 63 C8
Null
f71:dir:0
d106
d197
f107/
f45/
f71/
n102
Invalid operation
/d240/d0/n16/d38/d126/f208/d247/f103/d164/f142/f130/n80/f181/n103/f227/d116/n102
Invalid operation
/d240/d0/n16/d38/d126/f208/d247/f103/d164/f142/f130/n80/f181/n103/f227/d116/d106
d106:oeppq
f45/
Invalid operation
/d240/d0/n16/d38/d126/f208/d247/f103/d164/f142/f130/n80/f181/n103/f227/d116/d106
d116/
├── d106
├── d154
├── f106/
├── f107/
├── f45/
├── f71/
├── n102
└── n51
d106
d154
f106/
f107/
f45/
f71/
n102
n51
f107:dir:0
d116/
├── d106
├── d154
├── d279/
├── d84
├── f106/
├── f107/
├── f192
├── f45/
├── f71/
├── n102
└── n51
Invalid operation
Invalid operation
d106:oeppq
d116/
├── d106
├── d154
├── d279/
├── d84
├── f106/
├── f107/
├── f192
├── f45/
├── f71/
├── n102
└── n51
/d240/d0/n16/d38/d126/f208/d247/f103/d164/f142/f130/n80/f181/n103/f227/d116/d106
d106:oeppq
Invalid operation
f106/
d106:oeppqozo5u
Invalid operation
/d240/d0/n16/d38/d126/f208/d247/f103/d164/f142/f130/n80/f181/n103/f227/d116/d106
n96/
Invalid operation
Invalid operation
f258:21
n96/
f71/
├── d289
└── n96/
f107:dir:0
n102:27 0A AD 6F F4 9B
/d240/d0/n16/d38/d126/f208/d247/f103/d164/f142/f130/n80/f181/n103/f227/d116/d106
f107:dir:0
d116/
├── d106
├── d59/
├── d84
├── f106/
├── f107/
├── f45/
├── f71/
│   ├── d289
│   └── n96/
├── n102
└── n51
Invalid operation
d114/
d106:oeppqozo5u_ ap 1vidde1x
f106/
├── d114/
└── d128/
n102:C3 60
Invalid operation
n102:F4 9B
n102:9B 00 00 00 00 00
Invalid operation
n102:EB 8C F1 E0 F4 9B 00 00 00 00 00 00 E7
d114:dir:0
d106:oeppqozo5u_ ap 1vidde1x sueq ac_eji-dvx8rjnpikfk4.i
d114:dir:0
n102:00 00 00
f106/
├── d114/
└── d128/
f106/
├── d114/
└── d128/
Invalid operation
Invalid operation
f106/
├── d128/
└── f213
Null
Invalid operation
Invalid operation
Null
d247:jdxml
d247:md:13
n102:C0 16 07
n82/
└── f169/
Null
Invalid operation
d247
n82/
Invalid operation
d247:jdxmlojudukll
Invalid operation
/d240/d0/n16/d38/d126/f208/d247/d79
f299:4
d30:2
f299:4
d30:2
f299:txt:31
/d240/d0/n16/d38/d126/f208/d247/f103/d164/f142/f130/n80/f181/n103/f227/d116/f106/d128/n82/f299
Invalid operation
/d240/d0/n16/d38/d126/f208/d247/f103/d164/f142/f66
Null
/d240/d0/n16/d38/d126/f208/d247/f103/d164/f142/f130/n80/f181/n103/f227/d116/f106/d128/n82/f299
Invalid operation
/d240/d0/n16/d38/d126/f208/d247/f103/d164/f142/f130/n80/f181/n103/f227/d116/f106/d128/d247
d128/
├── d100
├── d169/
├── d247
├── d91
├── f152/
└── n82/
    ├── d30
    └── f299
n102:9E D3 BD 14 D6 85 7A 16 2C 30 2A 47 F9 C8 68
f106/
├── d128/
│   ├── d100
│   ├── d169/
│   ├── d247
│   ├── d91
│   ├── f152/
│   └── n82/
│       ├── d30
│       └── f299
└── f213
Invalid operation
/d240/d0/n16/d38/d126/f208/d247/f103/d164/f142/f130/n80/f181/n103/f227/d116/f106/f29
d128:dir:0
Invalid operation
d128/
f29
Invalid operation
d128/
d106:oeppqozo5u_ ap 1vidde1x sueq ac_eji-dvx8rjnpikfk4.ia1 0g7n9tzdqu
Invalid operation
Invalid operation
d128:dir:0
n102:30 2A 47 F9 C8 68 2A
Invalid operation
d128/
f163
f213
Invalid operation
Invalid operation
Invalid operation
d112
d128/
f163
f213
d112
d128/
f163
f213
Invalid operation
Invalid operation
d247:13
d91:8
f49:
d247:md:13
n102:D6 85 7A 16 15 A2 2A 47
/d240/d0/n16/d38/d126/f208/d247/f103/d164/f142/f130/n80/f181/n103/f227/d116/f106/d128/d247
d247:jdxmlojudukll
/d240/d0/n16/d38/d126/f208/d247/f103/d164/f142/f130/n80/f181/n103/f227/d116/f106/d128/d247
d247:13
d91:8
d100:7
/d240/d0/n16/d38/d126/f208/d247/f103/d164/f142/f130/n80/f181/n103/f227/d116/f106/d128/d247
d224:DE E3
d247:jdxmlojudukll0d.-8-vfduvq
d247:jdxmlojudukll0d.-8-vfduvq
f23:dir:0
d224:DE E3 AA
d169/
d247:jdxmlojudukll0d.-8-vfduvq
d100
d169/
d247
d279/
d91
f152/
n82/
Invalid operation
d247:jdxmlojudukll0d.-8-vfduvq4
d100
d169/
d247
d279/
d91
f152/
f185
f285
n82/
n92/
Invalid operation
d100
d169/
d247
d279/
d91
f152/
f185
f285
n82/
n92/
Invalid operation
Invalid operation
Null
d247:md:40
d224:AA
d138/
f146/
d247:jdxmlojudukll0d.-8-vfduvq4ckpoj0_m_iwt 5
/d240/d0/n16/d38/d126/f208/d247/f103/d164/f142/f130/n80/f181/n103/f227/d116/f106/d128/d247
d138/
d224:DE E3 AA B1 9F 00 36 EA 1E 00 00 00 F3 EE 57 62
d138:dir:0
d247:jdxmlojudukll0d.-8-vfduvq4ckpoj0_m_iwt 531tp037c 8p1d
Invalid operation
f151:dir:0
f151:dir:0
d109: 42o2hj2o.16uqx
d279/
├── d109
├── d127
├── d199/
├── f151/
└── n86
n86:tubh2orl
d127
d199/
f151/
f156/
n86
f87:dir:0
f151/
└── f87/
f87/
d224:36 EA 1E 00 00 00 F3 EE 57 62 22 6C BC 54 00 00 00
Invalid operation
/d240/d0/n16/d38/d126/f208/d247/f103/d164/f142/f130/n80/f181/n103/f227/d116/f106/d128/d279/n86
/d240/d0/n16/d38/d126/f208/d247/f103/d164/f142/f130/n80/f181/n103/f227/n86
f87/
/d240/d0/n16/d38/d126/f208/d247/f103/d164/f142/f130/n80/f181/n103/f227/d116/f106/d128/d279/n86
/d240/d0/n16/d38/d126/f208/d247/f103/d164/f142/f130/n80/f181/n103/f227/n86
/d240/d0/n16/d38/d126/f208/d247/f103/d164/f142/f130/n80/f181/n103/f227/d116/f106/d128/d279/f151/f176
/d240/d0/n16/d38/d126/f208/d247/f103/d164/f142/f130/n80/f176
f176
f87/
f176
f87/
Invalid operation
f87:dir:0
d194
f87/
d224:00 F3 EE 57 62 22 6C BC 54 00 00 00 00
d224:95 2A 19 EE 57 62 22 6C BC 54 00 00 00 00 3A 53 67
f87:dir:0
n86:tubh2orlx
/d240/d0/n16/d38/d126/f208/d247/f103/d164/f142/f130/n80/f181/n103/f227/d116/f106/d128/d279/n86
/d240/d0/n16/d38/d126/f208/d247/f103/d164/f142/f130/n80/f181/n103/f227/n86
d127
d199/
f151/
n86
n86:tubh2orlx
d224:00
Invalid operation
d224:00 00
d127:16
n86:9
f151:dir:0
d279/
├── d127
├── d199/
├── f151/
│   ├── d194
│   ├── d230/
│   ├── d32/
│   └── f87/
└── n86
f142:jn 3..flvk
Invalid operation
d224:2A 19 EE 57 62 22 6C BC 54 00 00 00 00 3A 53 67 05 A4 AD 00 00 00 3C 0D DD BC AD 1D
d224:18 95 2A 19 EE 57 62 22 6C BC 54 00 00 00 00 3A 53 67 05 A4 AD 00
f162:4.
f162:4.
Invalid operation
Invalid operation
d173/
f240
Invalid operation
Invalid operation
f240:5E 25
f240:2
d173:dir:0
f173:4
f96:2
Null
/d240/d0/n16/d38/d126/f208/d247/f103/d164/f142/f130/n80/f181/n103/f227/d116/f106/d128/d279/f151/f87/n118/f96
f96:2C
Invalid operation
Invalid operation
Invalid operation
Invalid operation
Null
Invalid operation
d224:A2 02 23 3B 56 1E 41
f81
f81:md:0
n118/
├── d275
└── f81
n23:dir:0
n23:dir:0
Invalid operation
Invalid operation
d224:3A 53 67 05 A4 AD 00 00 00 3C 0D DD BC
Invalid operation
/d240/d0/n16/d38/d126/f208/d247/f103/d164/f142/f130/n80/f181/n103/f227/d116/f106/d128/d279/n86
/d240/d0/n16/d38/d126/f208/d247/f103/d164/f142/f130/n80/f181/n103/f227/n86
Invalid operation
d224:05 05 87 2A A4 9D
d32:dir:0
d224:2A A4 9D 23 3B 56 1E 41 46 C8 B1 6C
d247:jdxmlojudukll0d.-8-vfduvq4ckpoj0_m_iwt 531tp037c 8p1d
f152/
d247:jdxmlojudukll0d.-8-vfduvq4ckpoj0_m_iwt 531tp037c 8p1d
d224:05 A4 AD 00 00 00 3C 0D DD
f95:10
d224:B1
f215:7
f215:1
d214/
d244/
d253/
d73/
f215
/d240/d0/n16/d38/d126/f208/d247/f103/d164/f142/f130/n80/f181/n103/f227/d116/f106/d128/f152/f215
f215:1
d73:dir:0
f253:25 37 BF D4
f152/
├── d214/
├── d244/
├── d253/
├── d7
├── d73/
├── f215
└── f253
f253:C7 7E 40 4F
d58:bin:7
d253/
├── f208/
└── n29
/d240/d0/n16/d38/d126/f208/d247/f103/d164/f142/f130/n80/f181/n103/f227/d116/f106/d128/f152/f215
f208/
f253:1A 69 C7 A1 40 4F
d126
d182/
Invalid operation
d182:dir:0
/d240/d0/n16/d38/d126/f208/d247/f103/d164/f142/f130/n80/f181/n103/f227/d116/f106/d128/f152/d253/f208/d126
d182:dir:0
Null
d214/
d244/
d253/
d27
d7
f215
f253
f92/
/d240/d0/n16/d38/d126/f208/d247/f103/d164/f142/f130/n80/f181/n103/f227/d116/f106/d128/d247
d247:jdxmlojudukll0d.-8-vfduvq4ckpoj0_m_iwt 531tp037c 8p1d
Invalid operation
d136
d169/
d247
d279/
d281
d34
d76
d91
f152/
f185
f285
f295
n82/
n92/
Invalid operation
d224:22 E2 47 B6 B9 C3 0B 35 08 23 3B 56 1E 41
Invalid operation
/d240/d0/n16/d38/d126/f208/d247/f103/d164/f142/f130/n80/f181/n103/f227/d116/f106/d128/d247
Invalid operation
d224:C8 B1 6C BC 54 00 00 00 00 3A 53 67 05 A4 AD 22 3B
d247:jdxmlojudukll0d.-8-vfduvq4ckpoj0_m_iwt 531tp037c 8p1d
d247:jdxmlojudukll0d.-8-vfduvq4ckpoj0_m_iwt 531tp037c 8p1dx
/d240/d0/n16/d38/d126/f208/d247/f103/d164/f142/f130/n80/f181/n103/f227/d116/f106/d128/d247
d247:jdxmlojudukll0d.-8-vfduvq4ckpoj0_m_iwt 531tp037c 8p1dx
/d240/d0/n16/d38/d126/f208/d247/f103/d164/f142/f130/n80/f181/n103/f227/d116/f106/d128/d247
Invalid operation
d224:B6 B9 C3 0B 35 08 23 3B 56 1E 41 46 C8 B1 6C BC 54 00 00 00 00 3A
n86:tubh2orlx
Invalid operation
Null
d127
d169
d199/
f151/
n12
n86
d127
d169
d199/
f151/
n12
n86
d127
d169
d199/
f151/
n12
n86
d169:00
/d240/d0/n16/d38/d126/f208/d247/f103/d164/f142/f130/n80/f181/n103/f227/d116/f106/d128/d279/n86
/d240/d0/n16/d38/d126/f208/d247/f103/d164/f142/f130/n80/f181/n103/f227/n86
f191:dir:0
f191:dir:0
d273
d273
d273
Invalid operation
f30:83nfprqdr903ibh
/d240/d0/n16/d38/d126/f208/d247/f103/d164/f142/f130/n80/f181/n103/f227/d116/f106/d128/d279/d199/f30
/d240/d0/n16/d38/d126/f208/d247/f103/d164/f30
f30:83nfprqdr903ibh
Null
f30:83nfprqdr903ibh
/d240/d0/n16/d38/d126/d213
d144/
d77/
f275/
Invalid operation
d169:00 00 00 AE 71
d144/
d77/
f275/
d199/
├── d144/
├── d77/
├── d97/
├── f171
├── f275/
└── n45
f171:0
n45:0
d199/
├── d144/
├── d208
├── d77/
├── d97/
├── f275/
└── n45
n45:
d144/
d208
d77/
d97/
f275/
n45
/d240/d0/n16/d38/d126/f208/d247/f103/d164/f142/f130/n80/f181/n103/f227/d116/f106/d128/d279/d199/n45
d169:F8 9D 5A 5B
d144:dir:0
d144/
d208
d281
d77/
d97/
f275/
n111/
d144/
d159/
d208
d281
d77/
d97/
f275/
d281:10
d208:3
Invalid operation
d127
d169
d199/
f151/
n12
n40/
n86
d208:z3.
Invalid operation
Invalid operation
d208:z3.
Invalid operation
d144:dir:0
Invalid operation
/d240/d0/n16/d38/d126/f208/d247/f103/d164/f142/f130/n80/f181/n103/f227/d116/f106/d128/d279/d199/d208
d281:10
d208:3
f137:1
d144/
d159/
d208
d228/
d281
d77/
d97/
f137
f275/
Invalid operation
d230/
n42
Null
/d240/d0/n16/d38/d126/f208/d247/f103/d164/f142/f130/n80/f181/n103/f227/d116/f106/d128/d279/d199/d228/n42
d230/
n42
Invalid operation
Invalid operation
d228/
├── d230/
├── d45/
├── d52/
└── f32/
d230:dir:0
Null
d208:z3.x
Invalid operation
d169:18
d127:16
n86:11
n12:8
n72:4
Invalid operation
f116
f116:83 CF DA 16 02 74
f116:83 CF DA
Invalid operation
f116
Invalid operation
Invalid operation
f116:7
Invalid operation
Invalid operation
f116:7
Null
f116:16 02 74 CC
f116
/d240/d0/n16/d38/d126/f208/d247/f103/d164/f142/f130/n80/f181/n103/f227/d116/f106/d128/d279/f151/f116
Invalid operation
Invalid operation
d159:dir:0
d127
d169
d199/
d50
f151/
f272
n12
n30/
n40/
n72
d127
d169
d19/
d199/
d50
f151/
f272
n12
n40/
n72
d127
d169
d19/
d199/
d50
f151/
f272
n12
n40/
n72
d279/
├── d127
├── d169
├── d19/
├── d199/
│   ├── d144/
│   ├── d159/
│   ├── d208
│   ├── d228/
│   │   ├── d45/
│   │   └── d52/
│   ├── d281
│   ├── d77/
│   ├── d95/
│   ├── d97/
│   ├── f137
│   ├── f147
│   └── f275/
├── d50
├── f151/
│   └── f151
├── f272
├── n12
├── n40/
│   └── d159/
└── n72
Invalid operation
Invalid operation
Null
n40/
├── f205
└── f261/
f261:dir:0
f261:dir:0
Invalid operation
Invalid operation
f205:bin:2
f75
n92/
└── f75
Invalid operation
/d240/d0/n16/d38/d126/f208/d247/f103/d164/f142/f130/n80/f181/n103/f227/d116/f106/d128/d279/n40/f205
Invalid operation
Invalid operation
Invalid operation
f205:4B
Invalid operation
f205:bin:9
/d240/d0/f67
f205:E5 3A 03 34
Invalid operation
f205:bin:9
d82/
f205
n92/
f205:bin:9
d240:zdlo
d195/
├── d285
└── d85/
d285:17
d285
d85/
d240:txt:4
d240:zdlo
f221/
f205:76 96 FC 88
Invalid operation
d195/
d195/
d266
d82/
Invalid operation
d82/
d82:dir:0
Invalid operation
f259:6
d226:5
Invalid operation
d226:ow09z
f259:6
d226:5
Invalid operation
Null
Invalid operation
Invalid operation
d1/
d115
d172
d82/
f115/
f259
f70
Invalid operation
Null
Invalid operation
n40/
├── d1/
├── d115
├── d172
├── d41/
├── d82/
├── f115/
├── f259
└── f70
Invalid operation
f259:54
Invalid operation
d1/
d115
d161
d172
d229/
d41/
f115/
f259
f70
n11
n58/
Invalid operation
Invalid operation
n40/
├── d1/
├── d115
├── d172
├── d229/
├── d41/
├── f115/
├── f259
├── f70
├── n11
└── n58/
d1/
d115
d172
d229/
d41/
f115/
f259
f70
n11
n58/
/d240/d0/n16/d38/d126/f208/d247/f103/d164/f142/f130/n80/f181/n103/f227/d116/f106/f163
n40/
├── d1/
├── d115
├── d172
├── d202
├── d229/
├── d286/
├── d41/
├── f115/
├── f259
├── f70
├── f78
├── n11
└── n58/
d1/
d115
d172
d229/
d286/
d41/
f115/
f259
f70
f78
n11
n58/
Invalid operation
f259:E9 8E 7C
n40/
├── d1/
├── d115
├── d172
├── d229/
├── d286/
├── d41/
├── f115/
├── f259
├── f70
├── f78
├── n11
└── n58/
Null
d1/
d115
d16/
d172
d286/
d41/
f115/
f259
f70
n11
n58/
d1/
d16/
d172
d286/
d41/
f115/
f223/
f259
f70
n11
n58/
f259:7C
d1/
d16/
d286/
d41/
f115/
f223/
f259
f70
n11
n58/
Invalid operation
f259:bin:12
Invalid operation
d279/
├── d127
├── d169
├── d19/
├── d199/
│   ├── d144/
│   ├── d159/
│   ├── d208
│   ├── d228/
│   │   ├── d45/
│   │   └── d52/
│   ├── d281
│   ├── d77/
│   ├── d95/
│   ├── d97/
│   ├── f137
│   ├── f147
│   └── f275/
├── d50
├── f151/
│   └── f151
├── f272
├── n102/
├── n12
└── n40/
    ├── d1/
    ├── d16/
    ├── d286/
    ├── d41/
    ├── f115/
    ├── f223/
    ├── f259
    ├── f70
    ├── n11
    └── n58/
d127
d169
d19/
d199/
d50
f151/
f272
n102/
n12
n40/
Invalid operation
Invalid operation
d127:b62scua 1p5iuv4y x
d127
d169
d19/
d199/
d50
f151/
f272
n102/
n12
n40/
d279/
├── d127
├── d169
├── d19/
├── d199/
│   ├── d144/
│   ├── d159/
│   ├── d208
│   ├── d228/
│   │   ├── d45/
│   │   └── d52/
│   ├── d281
│   ├── d77/
│   ├── d95/
│   ├── d97/
│   ├── f137
│   ├── f147
│   └── f275/
├── d50
├── f151/
│   └── f151
├── f272
├── n102/
├── n12
└── n40/
    ├── d1/
    ├── d16/
    ├── d286/
    ├── d41/
    ├── f115/
    ├── f223/
    ├── f259
    ├── f70
    ├── n11
    └── n58/
f151:dir:0
d169:AE 71 F8 2D 15
d127
d169
d19/
d199/
d50
f151/
n12
n40/
n72
d169:15 4F FB 7E 00 00 82 50
Invalid operation
d127:b62scua 1p5iuv4y x
d199/
├── d144/
├── d159/
├── d208
├── d228/
│   ├── d45/
│   └── d52/
├── d281
├── d77/
├── d95/
├── d97/
├── f137
├── f147
└── f275/
d144/
d159/
d208
d228/
d281
d77/
d95/
d97/
f137
f147
f275/
d144:dir:0
f147:94 71 94 DA 95 70
d199/
├── d144/
├── d159/
├── d208
├── d228/
│   ├── d45/
│   └── d52/
├── d281
├── d77/
├── d95/
├── d97/
├── f137
├── f147
├── f261
└── f275/
f275/
f275/
Invalid operation
f275/
├── d133
└── n78/
f147:94 DA 95 70 08 E4 4F 4A 0C
d133
d281:.34i3z198y
f147:E4 4F 4A 0C
/d240/d0/n16/d38/d126/f208/d247/f103/d164/f142/f130/n80/f181/n103/f227/d116/f106/d128/d136
d281:.34i3z198y
f275/
└── f227/
f227:dir:0
d281:.34i3z198y
f275/
└── f227/
f277:8ky
f275/
└── f227/
f227/
f227/
d281:.34i3z198y
f147:8B BC 51 44 73 F3 00
f275/
└── f59
d144:dir:0
f147:00
f147:1F
d10
d144/
d159/
d228/
d243
d281
d77/
d95/
d97/
f147
f275/
d144/
d159/
d228/
d243
d281
d77/
d95/
d97/
f147
f275/
f147:21
d243:11
d199:dir:0
Invalid operation
Invalid operation
d294/
Invalid operation
d279/
├── d127
├── d199/
│   ├── d144/
│   ├── d159/
│   ├── d228/
│   │   ├── d45/
│   │   └── d52/
│   ├── d281
│   ├── d77/
│   ├── d95/
│   ├── d97/
│   ├── f147
│   └── f275/
│       └── f59
├── d294/
├── d50
├── f19/
├── n40/
│   ├── d1/
│   ├── d16/
│   ├── d286/
│   ├── d41/
│   ├── f115/
│   ├── f223/
│   ├── f259
│   ├── f70
│   ├── n11
│   └── n58/
└── n72
Null
d127:b62scua 1p5iuv4y xa6jtfht
d199:dir:0
d127:b62scua 1p5iuv4y xa6jtfhtx
d127:b62scua 1p5iuv4y xa6jtfhtx4t05iz2ra
/d240/d0/n16/d38/d126/f208/d247/f103/d164/f142/f130/n80/f181/n103/f227/d116/f106/d128/d279/d127
Invalid operation
d279/
├── d127
├── d199/
│   ├── d144/
│   ├── d159/
│   ├── d228/
│   │   ├── d45/
│   │   └── d52/
│   ├── d281
│   ├── d77/
│   ├── d95/
│   ├── d97/
│   ├── f147
│   └── f275/
│       └── f59
├── d272/
├── d294/
│   ├── f213/
│   └── f297/
├── d50
├── f124/
├── f299
├── f35
├── f68
├── n49
└── n72
d127:b62scua 1p5iuv4y xa6jtfhtx4t05iz2ra
/d240/d0/n16/d38/d126/f208/d247/f103/d164/f142/f130/n80/f181/n103/f227/d116/f106/d128/d279/d127
Invalid operation
d50:tu_y-.530ltb
d279/
├── d199/
│   ├── d144/
│   ├── d159/
│   ├── d228/
│   │   ├── d45/
│   │   └── d52/
│   ├── d281
│   ├── d77/
│   ├── d95/
│   ├── d97/
│   ├── f147
│   └── f275/
│       └── f59
├── d272/
├── d294/
│   ├── f213/
│   └── f297/
├── d50
├── f124/
├── f299
├── f35
├── f68
├── n49
└── n72
/d240/d0/n16/d38/d126/f208/d247/f103/d164/f142/f130/n80/f181/n103/f227/d116/f106/d128/d279/d50
Invalid operation
d199/
d201
d272/
d294/
d50
f124/
f299
f35
f68
n49
n72
d50:tu_y-.530ltb
d279/
├── d199/
│   ├── d144/
│   ├── d159/
│   ├── d228/
│   │   ├── d45/
│   │   └── d52/
│   ├── d281
│   ├── d77/
│   ├── d95/
│   ├── d97/
│   ├── f147
│   └── f275/
│       └── f59
├── d201
├── d272/
├── d294/
│   ├── f213/
│   └── f297/
├── d50
├── f124/
├── f299
├── f35
├── f68
└── n72
d199/
d201
d272/
d294/
d50
f124/
f299
f35
f68
n72
d144:dir:0
d199/
├── d144/
├── d159/
├── d175
├── d228/
│   ├── d45/
│   └── d52/
├── d281
├── d77/
├── d95/
├── d97/
├── f147
└── f275/
    └── f59
d144/
d159/
d175
d228/
d281
d77/
d95/
d97/
f147
f275/
Invalid operation
d281:.34i3z198yjujf6mskgen35
Invalid operation
f147:51 44 73 F3
d281:24
f147:21
n114:7
n40:6
d175:0
d144/
d159/
d228/
d281
d77/
d86/
d95/
f147
f275/
n114
d144/
d159/
d228/
d281
d77/
d86/
d95/
f147
f275/
n114
d144/
d159/
d228/
d281
d77/
d86/
f147
f275/
n114
n53/
d199/
├── d144/
├── d159/
├── d228/
│   ├── d45/
│   └── d52/
├── d281
├── d77/
├── d86/
├── f147
├── f275/
│   └── f59
├── n114
└── n53/
d144:dir:0
d281:24
f147:19
n114:7
Invalid operation
d50:tu_y-.530ltb
Invalid operation
Invalid operation
n114:4
Invalid operation
n114:49
Invalid operation
d52:dir:0
d52:dir:0
d153:14
n114:00
d52:dir:0
n114:00 00
d132
d153
d265/
d45/
d52/
f59/
d132
d153
d265/
d45/
d52/
f59/
Invalid operation
d15:61 A6 FD 2C 00 00 00 00
Invalid operation
/d240/d0/n16/d38/d126/f208/d247/f103/d164/f142/f130/n80/f181/n103/f227/d116/f106/d128/d279/d199/d144/d233
d144/
d159/
d228/
d77/
d86/
d95/
f275/
f98/
n114
n53/
d233:txt:11
d233:nu z2ghgosi
d233:txt:11
Invalid operation
d144/
├── d233
├── f257
└── n100/
n114:67
Invalid operation
d233:txt:11
d233
d274
f257
f76
n100/
Invalid operation
d166
d233
d274
f222
f76
n100/
d144/
├── d233
├── d274
├── f222
├── f76
└── n100/
Invalid operation
/d240/d0/n16/d38/d126/f208/d247/f103/d164/f142/f130/n80/f181/n103/f227/d116/f106/d128/d279/d199/d144/d233
d233:txt:28
/d240/d0/n16/d38/d126/f208/d247/f103/d164/f142/f130/n80/f181/n103/f227/d116/f106/d128/d279/d199/d144/d233
/d240/d0/n16/d38/d126/f208/d247/f103/d164/f142/f130/n80/f181/n103/f227/d116/f106/d128/d279/d199/d144/d233
Null
Null
/d240/d0/n16/d38/d126/f208/d247/f103/d164/f142/f130/n80/f181/n103/f227/d116/f106/d128/d279/d199/d144/n100/d69
d69:42 06 6B DA 0B
d233:txt:31
d274:96 1C 00 00 B0 FB F4 EF
n100/
└── d108
/d240/d0/n16/d38/d126/f208/d247/f103/d164/f142/f130/n80/f181/n103/f227/d116/f106/d128/d279/d199/d144/n100/d108
Invalid operation
d233:nu z2ghgosigalc7b_rm0mfntm_xn._x9y7dv2gh4w1nxo2hee
Invalid operation
Invalid operation
Invalid operation
n92/
d233:txt:66
d144/
├── d10
├── d233
├── d274
├── f222
├── f76
└── n100/
    └── n92/
Invalid operation
d10
d222
d233
d274
d68
f76
n100/
Invalid operation
d216:86
Invalid operation
d144/
├── d216
├── d222
├── d233
├── d243/
├── d69/
├── f270
├── f44/
└── f76
/d240/d0/n16/d38/d126/f208/d247/f103/d164/f142/f130/n80/f181/n103/f227/d116/f106/d128/d279/d199/d144/d233
Invalid operation
d144/
├── d216
├── d222
├── d233
├── d243/
├── d69/
├── f270
├── f44/
└── f76
d216
d222
d233
d243/
d69/
f270
f44/
f76
n94/
n114:67 68 81 00 00
n114:00
d233:txt:82
d233:82
d222:15
f270:14
n1:12
f76:7
n69:6
d107:5
d107:7D
Invalid operation
d233:82
d222:15
f270:14
n1:12
f76:7
d107:5
d144:dir:0
Null
n114:81 00 00
Null
Invalid operation
Invalid operation
n114:14
n23:4
d144/
d159/
d228/
d77/
d86/
d95/
f275/
f98/
n114
n53/
Null
d199:dir:0
Invalid operation
n114:50 75 7D 00 00 7D
d144:dir:0
Invalid operation
Invalid operation
Invalid operation
n114:7D 00
n114:D8 E6 50 75 7D
/d240/d0/n16/d38/d126/f208/d247/f103/d164/f142/f130/n80/f181/n103/f227/d116/f106/d128/d279/d199/n114
d144:dir:0
d297/
d144:dir:0
d144/
d159/
d228/
d297/
d77/
d86/
d95/
f275/
f98/
n114
Invalid operation
Invalid operation
Invalid operation
d144/
d159/
d228/
d297/
d77/
d86/
d95/
f275/
f98/
Invalid operation
d144/
d159/
d228/
d274/
d297/
d77/
d86/
d95/
f275/
f98/
n72:0E DA 47 95
Invalid operation
d144:dir:0
f289:15
d144:dir:0
Null
d144:dir:0
d199/
├── d144/
│   ├── d107
│   ├── d215/
│   ├── d222
│   ├── d233
│   ├── d243/
│   ├── d94/
│   ├── f270
│   ├── f44/
│   ├── f76
│   ├── n1
│   ├── n84
│   └── n94/
├── d159/
├── d17/
├── d228/
│   ├── d132
│   ├── d15
│   ├── d153
│   ├── d265/
│   ├── d45/
│   ├── d52/
│   └── f59/
├── d274/
├── d297/
├── d51/
├── d77/
├── d86/
├── d95/
├── f275/
│   └── f59
├── f289
├── f98/
└── n94
d144:dir:0
n72:95 F5 B6
f289:15
d199/
├── d144/
│   ├── d107
│   ├── d215/
│   ├── d222
│   ├── d233
│   ├── d243/
│   ├── d94/
│   ├── f270
│   ├── f44/
│   ├── f76
│   ├── n1
│   ├── n84
│   └── n94/
├── d159/
├── d17/
├── d228/
│   ├── d132
│   ├── d15
│   ├── d153
│   ├── d265/
│   ├── d45/
│   ├── d52/
│   └── f59/
├── d274/
├── d297/
├── d77/
├── d86/
├── d95/
├── f275/
│   └── f59
├── f289
├── f98/
└── n94
n72:7F C3 9D 42
Invalid operation
f59
f132:00
f59
f59:p1v3oflv
f59:p1v3oflv
f59:md:8
f59:md:8
f100/
Invalid operation
f100/
f30
f59
Invalid operation
f30:.i.-gi.m6_-oyifj
f275/
├── d1/
├── f100/
│   └── d239
├── f125
└── f30
Invalid operation
Invalid operation
Invalid operation
f30:28
f125:9
f30:16
f125:9
Invalid operation
d1/
d114
d129
d238/
f100/
f125
f30
Invalid operation
d129:40 89 08
d1/
d114
d129
d238/
f100/
f125
f164/
d114
d129
d238/
f100/
f125
f164/
d114
d129
d160/
f100/
f125
f164/
Invalid operation
f125:komma-pa3
f125:komma-pa3
Invalid operation
f132:6C
f132:6C
Null
f125:komma-pa3
f132:D4 F3
/d240/d0/n16/d38/d126/f208/d247/f103/d164/f142/f130/n80/f181/n103/f227/d116/f106/d128/d279/d199/f275/f125
/d240/d0/n16/d38/d126/f208/d247/f103/f125
f132:6C 00 00 53 47
d122/
d160/
f100/
f125
f164/
d122/
d160/
f100/
f125
f164/
f100:dir:0
Invalid operation
Invalid operation
d22:10
n91:5
d122/
├── d22
├── f18/
└── n91
Invalid operation
d22
n80/
n91
d22:prewdvnagzz9y31w
d22:prewdvnagzz9y31w
Null
d22:prewdvnagzz9y31w
Invalid operation
d123/
d227
f285
n80/
n91
Invalid operation
/d240/d0/n16/d38/d126/f208/d247/f103/d164/f142/f130/n80/f181/n103/f227/d116/f106/d128/d279/d199/f275/d122/n91
n91:bin:5
Invalid operation
f132:E3
d122/
d160/
f100/
f125
f164/
d122/
d160/
f100/
f125
f164/
/d240/d0/n16/d38/d126/f208/d247/f103/d164/f142/f130/n80/f181/n103/f227/d116/f106/d128/d279/d199/f275/f125
/d240/d0/n16/d38/d126/f208/d247/f103/f125
f132:39 E3 85
Invalid operation
Invalid operation
f125:27
/d240/d0/n16/d38/d126/f208/d247/f103/d164/f142/f130/n80/f181/n103/f227/d116/f106/d128/d279/d199/f289
d144:dir:0
Invalid operation
Invalid operation
Invalid operation
d247:md:55
n72:17
f35:13
d122:4
n37:4
d201:3
f299:0
f68:0
Invalid operation
d122
d199/
d201
d213/
d228/
d272/
d294/
f124/
f299
f35
f68
n37
n72
n95/
n72:0E DA 47
d122
d199/
d201
d213/
d228/
d272/
d294/
f124/
f299
f35
f68
n37
n59
n72
n95/
d122
d199/
d201
d213/
d228/
d272/
d294/
f124/
f299
f35
f68
n37
n72
n95/
Invalid operation
n72:2C 00 00 1E
/d240/d0/n16/d38/d126/f208/d247/f103/d164/f142/f130/n80/f181/n103/f227/d116/f106/d128/d279/n72
d122
d199/
d201
d213/
d228/
d272/
d294/
f124/
f299
f35
f68
n37
n72
n95/
Invalid operation
d144/
d17/
d228/
d244/
d274/
d297/
d77/
d86/
d95/
f132
f160/
f275/
f289
f98/
n94
f132:16
f289:16
n94:0
Null
f132:00
f289:dbf-2yzg7bx.5p x08mvhl921sofnq
d144/
d17/
d228/
d274/
d297/
d77/
d86/
d95/
f132
f160/
f237/
f275/
f289
f98/
n94
d144/
d17/
d228/
d274/
d297/
d77/
d86/
d95/
f132
f160/
f237/
f275/
f289
f98/
n94
Invalid operation
/d240/d0/n16/d38/d126/f208/d247/f103/d164/f142/f130/n80/f181/n103/f227/d116/f106/d128/d279/d199/f289
d144:dir:0
Null
f289:30
f132:16
d48:6
d259:0
n94:0
f132:6C 00 00 53 47 D4 F3 EC 3A
/d240/d0/n16/d38/d126/f208/d247/f103/d164/f142/f130/n80/f181/n103/f227/d116/f106/d128/d279/d199/f289
d199/
├── d144/
│   ├── d107
│   ├── d215/
│   ├── d222
│   ├── d233
│   ├── d243/
│   ├── d94/
│   ├── f270
│   ├── f44/
│   ├── f76
│   ├── n1
│   ├── n84
│   └── n94/
├── d17/
├── d228/
│   ├── d132
│   ├── d15
│   ├── d153
│   ├── d265/
│   ├── d45/
│   ├── d52/
│   └── f59/
├── d274/
├── d297/
├── d48
├── d77/
├── d86/
├── d95/
├── f132
├── f160/
├── f237/
├── f275/
│   ├── d122/
│   │   ├── d123/
│   │   ├── d227
│   │   ├── f285
│   │   └── n91
│   ├── d160/
│   ├── f100/
│   │   └── d239
│   ├── f125
│   ├── f164/
│   └── n42/
├── f289
├── f98/
└── n94
f289:dbf-2yzg7bx.5p x08mvhl921sofnqt
Invalid operation
d279/
├── d122
├── d199/
│   ├── d144/
│   │   ├── d107
│   │   ├── d215/
│   │   ├── d222
│   │   ├── d233
│   │   ├── d243/
│   │   ├── d94/
│   │   ├── f270
│   │   ├── f44/
│   │   ├── f76
│   │   ├── n1
│   │   ├── n84
│   │   └── n94/
│   ├── d17/
│   ├── d228/
│   │   ├── d132
│   │   ├── d15
│   │   ├── d153
│   │   ├── d265/
│   │   ├── d45/
│   │   ├── d52/
│   │   └── f59/
│   ├── d274/
│   ├── d297/
│   ├── d77/
│   ├── d86/
│   ├── d95/
│   ├── f132
│   ├── f160/
│   ├── f237/
│   ├── f275/
│   │   ├── d122/
│   │   │   ├── d123/
│   │   │   ├── d227
│   │   │   ├── f285
│   │   │   └── n91
│   │   ├── d160/
│   │   ├── f100/
│   │   │   └── d239
│   │   ├── f125
│   │   ├── f164/
│   │   └── n42/
│   ├── f289
│   ├── f98/
│   └── n94
├── d200
├── d213/
├── d216
├── d228/
├── d272/
├── d294/
│   ├── f213/
│   └── f297/
├── f124/
├── f299
├── f35
├── f68
├── n37
├── n48
├── n72
└── n95/
d279/
├── d122
├── d199/
│   ├── d144/
│   │   ├── d107
│   │   ├── d215/
│   │   ├── d222
│   │   ├── d233
│   │   ├── d243/
│   │   ├── d94/
│   │   ├── f270
│   │   ├── f44/
│   │   ├── f76
│   │   ├── n1
│   │   ├── n84
│   │   └── n94/
│   ├── d17/
│   ├── d228/
│   │   ├── d132
│   │   ├── d15
│   │   ├── d153
│   │   ├── d265/
│   │   ├── d45/
│   │   ├── d52/
│   │   └── f59/
│   ├── d274/
│   ├── d297/
│   ├── d77/
│   ├── d86/
│   ├── d95/
│   ├── f132
│   ├── f160/
│   ├── f237/
│   ├── f275/
│   │   ├── d122/
│   │   │   ├── d123/
│   │   │   ├── d227
│   │   │   ├── f285
│   │   │   └── n91
│   │   ├── d160/
│   │   ├── f100/
│   │   │   └── d239
│   │   ├── f125
│   │   ├── f164/
│   │   └── n42/
│   ├── f289
│   ├── f98/
│   └── n94
├── d200
├── d213/
├── d216
├── d228/
├── d272/
├── d294/
│   ├── f213/
│   └── f297/
├── f124/
├── f299
├── f35
├── f68
├── n37
├── n48
├── n72
└── n95/
d122
d199/
d200
d213/
d216
d228/
d272/
d294/
f124/
f299
f35
f68
n37
n48
n72
n95/
/d240/d0/n16/d38/d126/f208/d247/f103/d164/f142/f130/n80/f181/n103/f227/d116/f106/d128/d279/n72
d279/
├── d122
├── d199/
│   ├── d144/
│   │   ├── d107
│   │   ├── d215/
│   │   ├── d222
│   │   ├── d233
│   │   ├── d243/
│   │   ├── d94/
│   │   ├── f270
│   │   ├── f44/
│   │   ├── f76
│   │   ├── n1
│   │   ├── n84
│   │   └── n94/
│   ├── d17/
│   ├── d228/
│   │   ├── d132
│   │   ├── d15
│   │   ├── d153
│   │   ├── d265/
│   │   ├── d45/
│   │   ├── d52/
│   │   └── f59/
│   ├── d274/
│   ├── d297/
│   ├── d77/
│   ├── d86/
│   ├── d95/
│   ├── f132
│   ├── f160/
│   ├── f237/
│   ├── f275/
│   │   ├── d122/
│   │   │   ├── d123/
│   │   │   ├── d227
│   │   │   ├── f285
│   │   │   └── n91
│   │   ├── d160/
│   │   ├── f100/
│   │   │   └── d239
│   │   ├── f125
│   │   ├── f164/
│   │   └── n42/
│   ├── f289
│   ├── f98/
│   └── n94
├── d200
├── d213/
├── d216
├── d228/
├── d272/
├── d294/
│   ├── f213/
│   └── f297/
├── f101
├── f115
├── f124/
├── f299
├── f35
├── f68
├── n37
├── n48
├── n72
└── n95/
Null
d199:dir:0
/d240/d0/n16/d38/d126/f208/d247/f103/d164/f142/f130/n80/f181/n103/f227/d116/f106/d128/d279/n72
Invalid operation
d122
d147
d199/
d200
d213/
d216
d228/
d272/
d294/
d52/
f101
f115
f118/
f124/
f16
f256
f299
f35
f43
f68
n116
n37
n48
n72
n95/
Invalid operation
/d240/d0/n16/d38/d126/f208/d247/f103/d164/f142/f130/n80/f181/n103/f227/d116/f106/d128/d279/n72
/d240/d0/n16/d38/d126/f208/d247/f103/d164/f142/f130/n80/f181/n103/f227/d116/f106/d128/d279/n72
d147
d199/
d213/
d216
d228/
d272/
d294/
d52/
f101
f115
f118/
f124/
f16
f256
f259
f299
f35
f43
f68
n116
n37
n48
n72
n95/
Invalid operation
Invalid operation
d147
d199/
d213/
d216
d228/
d272/
d294/
d52/
f101
f115
f118/
f124/
f16
f256
f259
f299
f35
f43
f68
n116
n37
n48
n72
n95/
Invalid operation
/d240/d0/n16/d38/d126/f208/d247/f103/d164/f142/f130/n80/f181/n103/f227/d248
Invalid operation
Invalid operation
d299:txt:0
n72:EA 0B 36
Null
Invalid operation
n72:84 47 E7 9C 69 DF 32 95 F5 00 28 44
Invalid operation
Invalid operation
Invalid operation
/d240/d0/n16/d38/d126/f208/d247/f103/d164/f142/f130/n80/f181/n103/f227/d116/f106/d128/d279/n72
d241/
Invalid operation
n72:5D CF EA
Invalid operation
Invalid operation
/d240/d0/n16/d38/d126/f208/d247/f103/d164/f142/f130/n80/f181/n103/f227/d116/f106/d128/d279/n72
Invalid operation
d147
d199/
d213/
d216
d228/
d255/
d272/
d292
d294/
d52/
f101
f115
f118/
f124/
f16
f21
f256
f259
f299
f35
f43
f68
n116
n48
n72
n95/
d147
d199/
d213/
d216
d228/
d255/
d272/
d292
d294/
d52/
f101
f115
f118/
f124/
f16
f21
f256
f259
f299
f35
f43
f68
n116
n48
n72
n95/
d279/
├── d147
├── d199/
│   ├── d144/
│   │   ├── d107
│   │   ├── d215/
│   │   ├── d222
│   │   ├── d233
│   │   ├── d243/
│   │   ├── d94/
│   │   ├── f270
│   │   ├── f44/
│   │   ├── f76
│   │   ├── n1
│   │   ├── n84
│   │   └── n94/
│   ├── d17/
│   ├── d228/
│   │   ├── d132
│   │   ├── d15
│   │   ├── d153
│   │   ├── d265/
│   │   ├── d45/
│   │   ├── d52/
│   │   └── f59/
│   ├── d274/
│   ├── d297/
│   ├── d77/
│   ├── d86/
│   ├── d95/
│   ├── f132
│   ├── f160/
│   ├── f237/
│   ├── f275/
│   │   ├── d122/
│   │   │   ├── d123/
│   │   │   ├── d227
│   │   │   ├── f285
│   │   │   └── n91
│   │   ├── d160/
│   │   ├── f100/
│   │   │   └── d239
│   │   ├── f125
│   │   ├── f164/
│   │   └── n42/
│   ├── f289
│   ├── f98/
│   └── n94
├── d213/
├── d216
├── d228/
├── d255/
├── d272/
├── d292
├── d294/
│   ├── f213/
│   └── f297/
├── d52/
├── f101
├── f115
├── f118/
├── f124/
│   └── f130/
├── f16
├── f21
├── f256
├── f259
├── f299
├── f35
├── f43
├── f68
├── n116
├── n48
├── n72
└── n95/
n72:5D CF
Invalid operation
d247:58
f166:16
n26:14
f185:9
d91:8
d136:5
f178:0
d247:jdxmlojudukll0d.-8-vfduvq4ckpoj0_m_iwt 531tp037c 8p1dxx-yp
d247:jdxmlojudukll0d.-8-vfduvq4ckpoj0_m_iwt 531tp037c 8p1dxx-yp1p4tg
d247:jdxmlojudukll0d.-8-vfduvq4ckpoj0_m_iwt 531tp037c 8p1dxx-yp1p4tg
d247:63
f166:16
n26:14
d82:10
d91:8
d69:6
d136:5
f178:0
Invalid operation
Invalid operation
d136
d169/
d247
d279/
d43
d69
d82
f133/
f178
n107/
n26
n82/
d69:1C A9 D5 D2 0B 61 3C
d247:63
d43:17
Invalid operation
d136
d169/
d247
d279/
d43
d69
d82
f13
f133/
f152/
f178
n107/
n26
n50/
n82/
d136
d169/
d247
d279/
d43
d69
d82
f13
f133/
f152/
f178
n107/
n26
n50/
n82/
d69:E8 66 F4
d224:67 05 A4 AD 22 3B 27 E3 00 00 00 6A 42 94 8F
d112
d128/
d224
f163
f213
d112
d128/
d224
f163
f213
Invalid operation
/d240/d0/n16/d38/d126/f208/d247/f103/d164/f142/f130/n80/f181/n103/f227/d116/f106/d128/d136
d69:00 CB 5B 63 48 00 00 00
d69:22
d43:17
n26:14
d82:10
d136:5
f13:3
d136:- ugv
d69:00
d69:22
d43:17
n26:14
d82:10
n103:6
Invalid operation
d214/
d244/
d253/
d27
d7
f215
f253
f92/
Invalid operation
n72:0C 7F C3 9D 90
n72:32 95 F5 00 28 44 6B 2E
Invalid operation
n72:28
d216:17
f101:13
f35:13
f43:12
n72:28
d216:17
f101:13
f35:13
f43:12
n116:12
f256:7
f115:1
d69:00 00 CB B0 D1 48 00
d192
d279/
d43
d82
f125
f13
f133/
f152/
f178
f199/
f233
f261
f290
f298
n103
n26
n50/
n82/
/d240/d0/n16/d38/d126/f208/d247/f103/d164/f142/f130/n80/f181/n103/f227/d116/f106/d128/n26
Null
d128/
d224
f163
f213
n9
d224:00 00
Invalid operation
d128:dir:0
d128/
d224
f163
f213
n9
f213:eyycs555ks6280-puo9cqlsync.1qg
Invalid operation
d106
d59/
d84
f106/
f107/
f45/
f71/
n101
n51
/d240/d0/n16/d38/d126/f208/d247/f103/d164/f142/f130/n80/f181/n103/f227/d116/n51
/d240/d0/n16/d38/d126/f208/d247/f103/d164/n51
Invalid operation
/d240/d0/n16/d38/d126/f208/d247/f103/d164/f142/f130/n80/f181/n103/f227/d116/f71/d289
Invalid operation
Invalid operation
f48:2
n64:2
d289:0
d289
f232/
f48
n64
n96/
d289:
d189/
d289
f232/
f48
n49/
n64
d289:
f71/
├── d189/
├── d289
├── f232/
├── f48
└── n64
d189/
d204/
d289
f232/
f48
n64
Invalid operation
d189/
d204/
d289
f48
n64
Invalid operation
Invalid operation
Invalid operation
Invalid operation
Invalid operation
Invalid operation
Invalid operation
n64:F4 44
Invalid operation
Invalid operation
d189/
d204/
d298/
f48
n64
n64:bin:2
Invalid operation
d189/
f230/
f48
n64
d189/
f230/
f48
n64
Invalid operation
Invalid operation
Invalid operation
d189/
f230/
f48
n64
f71/
├── d189/
├── d298/
├── f48
└── n64
Invalid operation
f71/
├── d126
├── d298/
├── d66/
├── f48
├── n64
└── n82
Invalid operation
Invalid operation
Invalid operation
d126
d298/
d66/
d99
f48
n64
n82
Invalid operation
d126
d285
d298/
d3/
d66/
f48
n64
Invalid operation
n64:F4 44 00 00 AA 19 44
f71/
├── d126
├── d285
├── d298/
├── d3/
├── d66/
├── f48
└── n64
d106
d126
d285
d298/
d3/
d66/
f48
n64
d285:16
n64:12
f48:2
n64:AA 19 44 42
d107
d84
f106/
f107/
f260
f45/
f57
f71/
n101
n14/
n51
d248:6D 1D 83 8A FC 15 B4
Null
/d240/d0/n16/d38/d126/f208/d247/f103/d164/f142/f130/n80/f181/n103/f227/d116/f106/f213
Invalid operation
d224:45
f213:30
d112
d224
d234/
f157/
f213
n9
d224:45
f213:30
d112:0
n9:0
d112
d224
d234/
f157/
f213
n9
d224:45
f213:30
d112:0
n9:0
f260:17
n51:16
d84:15
n101:7
Invalid operation
d112
d224
d234/
f213
n9
/d240/d0/n16/d38/d126/f208/d247/f103/d164/f142/f130/n80/f181/n103/f227/d116/f106/f213
/d240/d0/n16/d38/d126/f208/d247/f103/d164/f142/f130/n80/f181/n103/f227/d116/f106/f213
Invalid operation
f213:txt:30
n51:b3vac_qtej1mtj.x
d248:00
d107
f106/
f107/
f165/
f45/
n101
n14/
n51
d116/
├── d107
├── f106/
│   ├── d112
│   ├── d224
│   ├── d234/
│   ├── d53
│   ├── f213
│   ├── n16
│   └── n9
├── f107/
├── f165/
├── f45/
├── n14/
└── n51
f213:txt:31
d224:42 94 8F DF
d224:00
Invalid operation
f213:txt:31
d112
d224
d234/
f213
n16
n9
Invalid operation
/d240/d0/n16/d38/d126/f208/d247/f103/d164/f142/f130/n80/f181/n103/f227/d116/f106/f213
d224:44
f213:32
n16:16
d53:14
d112:0
f9:0
n9:0
d112
d224
d234/
d53
f213
f9
n16
n9
d112
d224
d234/
d53
f213
f9
n16
n9
d234/
d224:E3 00 00 00 6A 42 94
Invalid operation
Invalid operation
f213:txt:32
d112
d202
d224
d234/
d53
f213
f9
n16
n9
d112
d202
d224
d234/
d53
f213
f9
n16
n9
Null
f213:eyycs555ks6280-puo9cqlsync.1qgxx
/d240/d0/n16/d38/d126/f208/d247/f103/d164/f142/f130/n80/f181/n103/f227/d116/f106/f213
d202:7D
f213:32
n16:16
d53:14
d202:7
f265:2
d112:0
n71:0
Null
n9:
n9:
f47/
n90/
/d240/d0/n16/d38/d126/f208/d247/f103/f154
Invalid operation
n9:
d114/
f30
f30:oavfmh7ir la70z
/d240/d0/n16/d38/d126/f208/d247/f103/d164/f142/f130/n80/f181/n103/f227/d116/f106/d234/f30
/d240/d0/n16/d38/d126/f208/d247/f103/d164/f30
f30:txt:15
Invalid operation
f30:oavfmh7ir la70z
f30:oavfmh7ir la70z
Invalid operation
f30:48
d114/
f30
d114/
d114/
d114/
Invalid operation
d202:D4
n9:p8 keezb39r
Invalid operation
Invalid operation
Invalid operation
d251/
Invalid operation
n9:p8 keezb39r
f239:DF 74
n9:p8 keezb39r
Invalid operation
d46/
n9:p8 keezb39rditz6u_7re 5o6 y
f229:
f229:0
f229:
Invalid operation
f27
f27:
Invalid operation
Invalid operation
f27:xzwhhlp-uv8k-kjjj
d2:10
f229:0
/d240/d0/n16/d38/d126/f208/d247/f103/d164/f142/f130/n80/f181/n103/f227/d116/f106/d234/f229
/d240/d0/n16/d38/d126/f208/d247/f103/d164/f142/f130/n80/f181/n103/f227/d116/f106/d234/f229
d46:dir:0
Invalid operation
d16:00 00
Invalid operation
d16:00 00
f260/
n11
n11:1
f229:.qo95p3pk pv5
f114
f223
f27
f27:txt:17
Invalid operation
d171:16
f229:13
d2:10
f107:8
d234/
├── d171
├── d2
├── d215/
│   ├── d299
│   ├── f260/
│   └── n11
├── d46/
│   ├── f223
│   └── f27
├── f107
├── f229
└── f299/
d171
d2
d215/
d46/
f107
f229
f299/
d2:o6rlbnzkmo
Invalid operation
d171:16
d61:14
d76:14
d2:10
f107:8
n92:8
d176:6
d234/
├── d171
├── d2
├── d215/
│   ├── d299
│   ├── f260/
│   └── n11
├── d46/
│   ├── f223
│   └── f27
├── f107
├── f188
├── f237
├── f238
├── f257/
├── f299/
└── n92
d46:dir:0
/d240/d0/n16/d38/d126/f208/d247/f103/d164/f142/f130/n80/f181/n103/f227/d116/f106/d234/d2
/d240/d0/d2
d234/
├── d171
├── d2
├── d215/
│   ├── d299
│   ├── f260/
│   └── n11
├── d46/
│   ├── f223
│   └── f27
├── f107
├── f188
├── f238
├── f257/
├── f299/
├── n108
└── n92
d234/
├── d171
├── d2
├── d215/
│   ├── d299
│   ├── f260/
│   └── n11
├── d46/
│   ├── f223
│   └── f27
├── f107
├── f188
├── f238
├── f257/
├── f299/
├── n108
└── n92
/d240/d0/n16/d38/d126/f208/d247/f103/d164/f142/f130/n80/f181/n103/f227/d116/f106/d234/d2
/d240/d0/d2
d46:dir:0
d2:20
f187:17
d171:16
d46:dir:0
d2:o6rlbnzkmoxt.9orhgvf
d10
d171
d2
d215/
d46/
d47
f107
f187
f188
f257/
f299/
n108
n92
d10
d171
d2
d215/
d46/
d47
f107
f187
f188
f257/
f299/
n108
n92
d46:dir:0
n9:27
n16:16
d53:14
f265:2
d112:0
n71:0
n9:p8 keezb39rditz6u_7re 5o6 y
d116/
├── d107
├── d233
├── f106/
│   ├── d112
│   ├── d234/
│   │   ├── d10
│   │   ├── d2
│   │   ├── d215/
│   │   │   ├── d299
│   │   │   ├── f260/
│   │   │   └── n11
│   │   ├── d46/
│   │   │   ├── f223
│   │   │   └── f27
│   │   ├── d47
│   │   ├── f107
│   │   ├── f187
│   │   ├── f188
│   │   ├── f257/
│   │   ├── f299/
│   │   └── n108
│   ├── d53
│   ├── f104/
│   ├── f108/
│   ├── f144/
│   ├── f265
│   ├── n16
│   ├── n71
│   └── n9
├── f107/
├── f165/
├── f18
├── f239
├── f45/
├── n101
├── n14/
└── n51
f107:dir:0
/d240/d0/n16/d38/d126/f208/d247/f103/d164/f142/f130/n80/f181/n103/f227/d116/n51
/d240/d0/n16/d38/d126/f208/d247/f103/d164/n51
/d240/d0/n16/d38/d126/f208/d247/f103/d164/f142/f130/n80/f181/n103/f227/d116/n51
/d240/d0/n16/d38/d126/f208/d247/f103/d164/n51
f239:5F F3 53 DE
Invalid operation
d107
d233
f106/
f107/
f165/
f18
f239
f45/
n101
n14/
n51
n55
n51:b3vac_qtej1mtj.xxwxg3_ekr
Invalid operation
n51:30
d233:17
n101:7
f18:3
d107:0
n55:0
Null
/d240/d0/n16/d38/d126/f208/d247/f103/d164/f142/f130/n80/f181/n103/f227/d116/n51
/d240/d0/n16/d38/d126/f208/d247/f103/d164/n51
d107
d233
f106/
f107/
f165/
f18
f45/
n51
n55
n51:b3vac_qtej1mtj.xxwxg3_ekrihq t
n51:45
f18:19
d233:17
d107:0
n55:0
Invalid operation
n51:b3vac_qtej1mtj.xxwxg3_ekrihq t0fk mslak2wlhiq_g3wnktuagj9
d233
f106/
f107/
f18
f45/
n51
n55
f18:65 4C 55 90 07 CF CD 3F 00 00
f227/
├── d103
├── d116/
│   ├── d233
│   ├── f106/
│   │   ├── d112
│   │   ├── d234/
│   │   │   ├── d10
│   │   │   ├── d2
│   │   │   ├── d215/
│   │   │   │   ├── d299
│   │   │   │   ├── f260/
│   │   │   │   └── n11
│   │   │   ├── d46/
│   │   │   │   ├── f223
│   │   │   │   └── f27
│   │   │   ├── d47
│   │   │   ├── f107
│   │   │   ├── f187
│   │   │   ├── f188
│   │   │   ├── f257/
│   │   │   ├── f299/
│   │   │   └── n108
│   │   ├── d53
│   │   ├── f104/
│   │   ├── f108/
│   │   ├── f144/
│   │   ├── f265
│   │   ├── n16
│   │   ├── n71
│   │   └── n9
│   ├── f107/
│   ├── f18
│   ├── f45/
│   ├── n51
│   └── n55
├── d129
├── d136/
├── d221/
├── d248
├── f130/
│   ├── d107
│   ├── d191/
│   ├── f101/
│   ├── f144
│   ├── f149
│   └── f47
├── f150/
├── f178
├── n68/
└── n86
Invalid operation
d103
d116/
d129
d136/
d221/
d248
f130/
f150/
f178
n68/
d248:B7 FC A7 A3 6D 1D 83 8A FC 15 B4 00 00
Invalid operation
d113:txt:6
Invalid operation
n51:59
f18:20
d233:17
f294:14
n55:0
n51:b3vac_qtej1mtj.xxwxg3_ekrihq t0fk mslak2wlhiq_g3wnktuagj9fy
d229
d233
f106/
f107/
f18
f187
f294
f45/
n51
n55
Invalid operation
n51:b3vac_qtej1mtj.xxwxg3_ekrihq t0fk mslak2wlhiq_g3wnktuagj9fye a.zszzatfy1h4
d229
d233
f106/
f107/
f18
f294
f45/
n51
n55
d229
d233
f106/
f107/
f18
f294
f45/
n51
n55
/d240/d0/n16/d38/d126/f208/d247/f103/d164/f142/f130/n80/f181/n103/f227/d116/n51
/d240/d0/n16/d38/d126/f208/d247/f103/d164/n51
Invalid operation
Invalid operation
d103
d116/
d129
d136/
d221/
d248
f130/
f150/
f178
n67
n68/
d248:23
Invalid operation
Invalid operation
Invalid operation
d103
d116/
d129
d136/
d221/
d248
f130/
f150/
f178
n67
n68/
Invalid operation
/d240/d0/n16/d38/d126/f208/d247/f103/d164/f142/f130/n80/f181/n103/f227/d248
d103
d116/
d129
d221/
d248
f130/
f150/
f178
n67
n68/
Invalid operation
d248:00 00 00 FA F6 54
/d240/d0/n16/d38/d126/f208/d247/f103/d164/f142/f130/n80/f181/n103/f227/d248
f227/
├── d103
├── d116/
│   ├── d21
│   ├── d233
│   ├── f106/
│   │   ├── d112
│   │   ├── d234/
│   │   │   ├── d10
│   │   │   ├── d2
│   │   │   ├── d215/
│   │   │   │   ├── d299
│   │   │   │   ├── f260/
│   │   │   │   └── n11
│   │   │   ├── d46/
│   │   │   │   ├── f223
│   │   │   │   └── f27
│   │   │   ├── d47
│   │   │   ├── f107
│   │   │   ├── f187
│   │   │   ├── f188
│   │   │   ├── f257/
│   │   │   ├── f299/
│   │   │   └── n108
│   │   ├── d53
│   │   ├── f104/
│   │   ├── f108/
│   │   ├── f144/
│   │   ├── f265
│   │   ├── n16
│   │   ├── n71
│   │   └── n9
│   ├── f107/
│   ├── f18
│   ├── f294
│   ├── f45/
│   ├── n51
│   └── n55
├── d129
├── d221/
├── d248
├── f130/
│   ├── d107
│   ├── d191/
│   ├── f101/
│   ├── f144
│   ├── f149
│   └── f47
├── f146
├── f15
├── f150/
├── f178
├── n67
└── n68/
/d240/d0/n16/d38/d126/f208/d247/f103/d164/f142/f130/n80/f181/n103/f227/d248
d103
d116/
d129
d221/
d248
f130/
f146
f15
f150/
f178
n67
n68/
Invalid operation
Invalid operation
f144:bin:24
Invalid operation
d191/
f101/
f144
f149
f47
f81
n30/
Invalid operation
f144:28
f149:16
f47:4
f81:3
f144:28
f149:16
f47:4
f81:3
Invalid operation
Invalid operation
f130/
├── d191/
├── f101/
├── f144
├── f149
├── f47
├── f81
└── n30/
Invalid operation
f144:27
Invalid operation
/d240/d0/n16/d38/d126/f208/d247/f103/d164/f142/f130/n80/f181/n103/f227/f130/f144
Invalid operation
f144:27
f149:16
f144
f149
f237
n30/
f144
f149
f237
n30/
f144:59 FA F8 E4 EE 23 FF 7B 9B 03 8C 00 00 00 00 00 00 17
Invalid operation
Invalid operation
f144:34
f149:16
f130/
├── f144
├── f149
└── n30/
f149:md:16
f149:o1v3l8 sx4eavhne
f130/
Invalid operation
Invalid operation
Invalid operation
/d240/d0/n16/d38/d126/f208/d247/f103/d164/f142/f130/n80/f181/n103/f227/d248
Invalid operation
/d240/d0/n16/d38/d126/f208/d247/f103/d164/f142/f130/n80/f181/n103/f227/d248
d68
d68:0
d68:txt:1
Null
n62:6m9h677xf875 ik_d8eln8x7dn6f1a
Invalid operation
Null
/d240/d0/n16/d38/d126/f208/d247/f103/d164/f142/f130/n80/f181/n103/n62
/n62
d24
f227/
n62
d24
n62
n62:md:30
f296
n103/
n103:dir:0
Null
Invalid operation
n103:dir:0
f58:D2 E5 BF B3 93 DD 89 8F 1F 00 EF 20 FC
n65:
Invalid operation
d63/
n103/
n28/
n65
f47:7
n65:0
/d240/d0/n16/d38/d126/f208/f83
Invalid operation
f47:E8 CB F1
d63/
f47
n103/
n28/
Invalid operation
d282/
d282:dir:0
Invalid operation
Invalid operation
/d240/d0/n16/d38/d126/f208/d247/f103/d164/f142/f130/n80/f181/f47
Null
f181/
├── f47
├── n103/
│   ├── d24
│   └── n62
└── n28/
n103/
f201:u.80h6sj.uphgzffbp-8iwiiwq_
f181/
├── f36/
└── n103/
    ├── d24
    └── n62
f201:u.80h6sj.uphgzffbp-8iwiiwq_x
f150/
f36/
n103/
n103:dir:0
f150/
f36/
n103/
f150/
f36/
n103/
d230/
d24
d279
d297
d30
f132
f176
f179
f181/
f195/
f201
f239
f269/
f29/
n55/
n97
d146:-27np9xgw8x0 5ekq 5zd1r
d146
d151/
f58
n108/
n111
n51
n53/
n80/
Invalid operation
Invalid operation
f59:ews-kkvd 60.x4u 
d103/
d113
d115/
d221/
d277/
d291/
d73
f130/
f234/
f245
f278
f57/
f59
f95
n76/
Invalid operation
Invalid operation
f59:16
f66:13
f278:9
/d240/d0/n16/d38/d126/f208/d247/f103/d164/f142/f59
/f59
Invalid operation
Invalid operation
d103/
d113
d115/
d221/
d277/
d291/
d73
f130/
f234/
f245
f278
f57/
f59
f66
f95
n76/
f30:D2 5E EE 6A 34 A0 DA AD 00 00
f59:ews-kkvd 60.x4u 7cl4vudfplq.nywf7xug23vo0kxtre
f30:DA AD 00 00 00 00 54 27
f30:27 71
f59:ews-kkvd 60.x4u 7cl4vudfplq.nywf7xug23vo0kxtre2liz6rrsjjfgl.lwu
Invalid operation
f59:ews-kkvd 60.x4u 7cl4vudfplq.nywf7xug23vo0kxtre2liz6rrsjjfgl.lwu
d277/
├── f297
├── n118/
└── n18
f297:42 41
Invalid operation
f297:9
f297:E0 E9 5B E4 42 41 3F D8
f297
n118/
f297:9
f297
n118/
n97
Invalid operation
d277/
├── n118/
└── n97
Null
Invalid operation
n97:20
Invalid operation
n97
n97:ppcy83gbebtlhnf6_-4 
Null
n97
n97
n97
f142/
├── d103/
├── d113
├── d115/
├── d136
├── d22
├── d221/
├── d277/
│   ├── d34/
│   └── n97
├── d291/
├── d73
├── f130/
│   ├── d146
│   ├── d151/
│   ├── d63
│   ├── f58
│   ├── n108/
│   ├── n51
│   ├── n53/
│   └── n80/
│       ├── d230/
│       ├── d24
│       ├── d279
│       ├── d297
│       ├── d30
│       ├── f132
│       ├── f176
│       ├── f179
│       ├── f181/
│       │   ├── f150/
│       │   ├── f36/
│       │   └── n103/
│       │       ├── d24
│       │       └── n62
│       ├── f195/
│       ├── f201
│       ├── f239
│       ├── f269/
│       ├── f29/
│       │   └── f218
│       ├── n55/
│       └── n97
├── f234/
│   ├── d19
│   └── n14
├── f245
├── f278
├── f57/
├── f59
├── f66
└── f95
Null
Invalid operation
/d240/d0/n16/d38/d126/f208/d247/f103/d164/f142/d221/d218
d218:12
f30:5B E2 39 EE 6A 34 A0 DA AD 00
d103/
d113
d115/
d136
d22
d221/
d277/
d291/
f130/
f234/
f245
f278
f5/
f57/
f59
f66
f95
/d240/d0/n16/d38/d126/f208/d247/f103/d164/f142/f59
/f59
Invalid operation
Invalid operation
f59:65
f66:12
d22:11
f278:9
f30:27 71 5D 55 00 00
f59:ews-kkvd 60.x4u 7cl4vudfplq.nywf7xug23vo0kxtre2liz6rrsjjfgl.lwuxx
f30:5D 55
Invalid operation
d291:dir:0
/d240/d0/n16/d38/d126/f208/d247/f103/d164/f142/f59
/f59
Null
d103/
└── f159/
f159/
f59:ews-kkvd 60.x4u 7cl4vudfplq.nywf7xug23vo0kxtre2liz6rrsjjfgl.lwuxx
f159/
Invalid operation
Invalid operation
f59:66
f66:12
f59:ews-kkvd 60.x4u 7cl4vudfplq.nywf7xug23vo0kxtre2liz6rrsjjfgl.lwuxxx
Invalid operation
d291:dir:0
f30:EB 7C 3C D4 B8 EB FB BD 75 A1
/d240/d0/n16/d38/d126/f208/d247/f103/d164/f142/f59
/f59
f59:ews-kkvd 60.x4u 7cl4vudfplq.nywf7xug23vo0kxtre2liz6rrsjjfgl.lwuxxx
f59:ews-kkvd 60.x4u 7cl4vudfplq.nywf7xug23vo0kxtre2liz6rrsjjfgl.lwuxxx
d103/
d109
d115/
d136
d152
d22
d221/
d247
d277/
d291/
f130/
f234/
f278
f5/
f57/
f59
f66
n20
n56/
n67/
d291:dir:0
/d240/d0/n16/d38/d126/f208/d247/f103/d164/f142/f59
/f59
f30:D9 37 C5 78 6C 6F 8E
f30:6F 8E 93 B9 CC 0A 10 99 CC EF
Invalid operation
f141:dir:0
f141/
f57/
├── d115/
├── f141/
├── f195/
└── f32/
f141/
└── f91/
f141/
└── f91/
f141/
└── f91/
f141/
└── f91/
f91/
f91/
f30:A1 A9 D9 5B E2 39 EE 6A 34 09 AA D9 37 C5 78 6C 6F 8E 93 B9 CC 0A 10 99
f91:dir:0
f91/
n4
/d240/d0/n16/d38/d126/f208/d247/f103/d164/f142/f57/f141/n4
f91:dir:0
f91:dir:0
f30:E2 AA E7 CD 88 0A 7E 50 24 D9 5B E2 39 EE 6A 34 09 AA D9 37 C5 78 6C 6F 8E 93 B9 CC 0A 10 99 CC EF 00 00
d120
f125/
f91/
n4
d120
f125/
f59/
f91/
n4
f141/
├── d120
├── f125/
├── f59/
├── f91/
└── n4
f91:dir:0
Null
f199:_h o5ol
Invalid operation
f199:_h o5ol
f199:7
Invalid operation
f125/
f59/
f91/
n105
n4
/d240/d0/n16/d38/d126/f208/d247/f103/d164/f142/f57/f141/n4
n4:bkg-_ho 01yzx
f30:FD 97 E7 2D CD D9 5B E2
n14:dir:0
n14:dir:0
f30:CD D9 5B E2
f30:E7 2D CD D9 5B E2 39 EE 6A 34 09 AA D9 37 C5 78 6C 6F 8E 93 B9 CC 0A 10 99
/d240/d0/n16/d38/d126/f208/d247/f103/d164/f142/f57/d115/f147
f147:0
f147:
f147:txt:0
Invalid operation
f147:0
f147:
f147:0
Invalid operation
d203/
d249/
f147
f266/
d203/
d222/
d249/
f147
f266/
f147:txt:0
f147:txt:0
f147:
Invalid operation
d203/
d249/
f147
f266/
d115/
├── d203/
├── d249/
├── d280/
├── f147
└── f266/
f30:5B E2 39
d115/
├── d203/
├── d280/
├── f147
└── f266/
Null
f30:E7 CD
d115/
├── d203/
├── d280/
├── f147
└── f266/
d203/
d234
f266/
n45/
d203/
d234
f266/
n45/
n53
d234:4
n53:1
d234:44i_
f30:E7 2D CD D9 5B E2 39 EE 6A 34 09 AA D9 37 C5 78 6C 6F 8E 93 B9 CC 0A 10
Invalid operation
f30:E2 39 EE 6A 34 09 AA D9 37
Invalid operation
Null
n57/
└── f6
f6:bin:9
f6:76
n57/
└── f6
Invalid operation
d115/
f141/
f195/
f284
f32/
n117/
Null
/d240/d0/n16/d38/d126/f208/d247/f103/d164/f142/f57/d115/d234
Invalid operation
f30:E2 39 EE 6A 34 09
d234:44i_-i6eruu-9kk76m1
/d240/d0/n16/d38/d126/f208/d247/f103/d164/f142/f57/f284
f284:7u86bq.wy7egd
/d240/d0/n16/d38/d126/f208/d247/f103/d164/f142/f57/f284
f30:55 E2 AA
Null
f141:dir:0
Invalid operation
f284:7u86bq.wy7egdogqo8bh2i1l
f30:EE 6A 34 09 AA D9 37 01 02 14 72 0E AE 8F D9 D5 A2 9A 91
Null
Invalid operation
Invalid operation
f30:8B 82 E2 39 EE 6A 34 09 AA
d32:n3kxv7-m
f30:82 E2 39 EE
Null
d32:n3kxv7-m-dx5owaxcosye237s-93hi_
d134/
d215:dir:0
d215/
d60
d60:00
d215/
d60
d215/
d60
Invalid operation
Invalid operation
d60:4
f30:D9 37 01 02 14 72 0E AE
f30:30 84 29
d215/
d32:n3kxv7-m-dx5owaxcosye237s-93hi_x
f30:2D CD FF 51 E2 39 EE 6A 34 09 AA D9 37 01 02 14 72 0E AE 8F D9 D5 A2 9A 91 FE
d215/
f151/
f30:C7 58 95 28 E2 AA E7 CD FD 97 E7 2D CD FF 51 E2 39 EE 6A 34 09 AA D9 37 01 02 14 72 0E AE 8F D9 D5 A2 9A 2B 6F D8 C6 38 84
Invalid operation
d134:dir:0
f30:37 01 02 14 72 0E AE 8F D9 D5 A2
Invalid operation
d32:md:32
d32:n3kxv7-m-dx5owaxcosye237s-93hi_x
f30:38
f30:A2 9A 2B 6F
f30:6F D8 C6 38 84
f15:17
f276:6
d183:0
f225:0
f146:dir:0
d183
d90/
f15
f22/
f225
f276
f15:txt:18
d183
d275
d90/
f118
f15
f22/
f276
d160
d183
d275
f118
f15
f22/
f272
f15:txt:30
Null
f30:C6
f15:sd97wqxrrmfnetahtx3 -fy-3pbt-q
/d240/d0/n16/d38/d126/f208/d247/f103/d164/f142/f57/f195/f15
Null
Invalid operation
d275:13
n23:12
d183:
Null
f248:1B
d183:md:0
d160
d183
d73
f22/
f248
f272
f86/
n23
n81/
n92/
Invalid operation
Invalid operation
Invalid operation
Invalid operation
Invalid operation
d157
d2
d276/
Invalid operation
Invalid operation
d157
d2
d276/
Invalid operation
Invalid operation
d157:92 06
Invalid operation
d2:
Invalid operation
d2:
Invalid operation
Invalid operation
d2
d276/
d8/
f112/
d2
d276/
d8/
f112/
d2
d276/
d8/
f112/
Invalid operation
Invalid operation
d2
d8/
f112/
f248:00 00 2B 90 47 B6 9C D2 D1
d2:
d2:1
d2
d276/
d8/
f112/
d2
d276/
d8/
f112/
Invalid operation
d2
d219/
d276/
d8/
f112/
f136/
f248:2B 90 00 00
Invalid operation
Invalid operation
d2
d219/
d276/
f112/
f136/
f92
d2:xx3oqktfbkqb6nmww--
d2
d219/
d276/
f112/
f136/
f204/
f92
f248:00 41
d160
d183
f22/
f248
f272
f86/
n23
n81/
n92/
/d240/d0/n16/d38/d126/f208/d247/f103/d164/f142/f57/f195/d183
f248:13
n23:12
f272:1
d160:0
d160
d183
f22/
f248
f272
f86/
n23
n81/
n92/
d160
d183
f22/
f248
f272
f86/
n23
n81/
n92/
/d240/d0/n16/d38/d126/f208/d247/f103/d164/f142/f57/f195/d183
d183:
Invalid operation
Null
Invalid operation
/d240/d0/n16/d38/d126/f208/d247/f103/d164/f142/f57/f195/f22/d30
d30:68oa09.vcwkforcsi
Invalid operation
d30:68oa09.vcwkforcsix
Invalid operation
d30:68oa09.vcwkforcsix
Invalid operation
d30:68oa09.vcwkforcsix
/d240/d0/n16/d38/d126/f208/d247/f103/d164/f142/f57/f195/f22/d30
d211
d284
d30
f112
f264
f67
n41/
Invalid operation
d30:68oa09.vcwkforcsixrt
Null
n2:7
d56:3
d5:dir:0
Invalid operation
f259/
/d240/d0/n16/d38/d126/f208/d247/f103/d164/f142/f57/f195/n92/d44/f259/d277
f259/
d277
d56:00
f259:dir:0
f259/
f259/
f259/
f259/
d44/
└── f259/
    └── d277
f259/
d56:47 E0
/d240/d0/n16/d38/d126/f208/d247/f103/d164/f142/f57/f195/n92/d56
n92/
├── d271
├── d56
├── f299/
└── n2
/d240/d0/n16/d38/d126/f208/d247/f103/d164/f142/f57/f195/n92/d56
Null
Invalid operation
Null
n2:bin:7
n2:5D FC 4A
Invalid operation
Invalid operation
/d240/d0/n16/d38/d126/f208/d247/f103/d164/f142/f57/f195/n92/n2
Invalid operation
Invalid operation
Invalid operation
Null
Invalid operation
f195/
├── d160
├── d183
├── f167
├── f22/
│   ├── d211
│   ├── d284
│   ├── d30
│   ├── f112
│   ├── f264
│   └── f67
├── f248
├── f272
├── f86/
│   ├── d2
│   ├── d219/
│   ├── d276/
│   ├── f112/
│   ├── f136/
│   ├── f204/
│   └── f92
├── n112
├── n23
├── n81/
└── n92/
    ├── d229/
    ├── d294/
    ├── d55
    ├── f221
    ├── f299/
    └── n2
d160:
d160
d183
f167
f22/
f248
f86/
n112
n23
n81/
n92/
Invalid operation
Invalid operation
d2
d276/
f112/
f136/
f204/
f92
n13
n90
Invalid operation
Invalid operation
Invalid operation
/d240/d0/n16/d38/d126/f208/d247/f103/d164/f142/f57/f195/f86/n13
d276/
f112/
f113/
f204/
f286/
f72
n13
f86/
├── d276/
├── f112/
├── f113/
├── f204/
├── f286/
├── f72
└── n13
d276/
f112/
f113/
f204/
f286/
f72
n13
f248:AA
n13:-0ct_vhjtaqwpw6g
f248:00 A4 75
n25/
Invalid operation
/d240/d0/n16/d38/d126/f208/d247/f103/d164/f142/f57/f195/f86/f112/f15
f15:7
Invalid operation
f15
f155/
f251
n25/
f15:_0hs9ev
/d240/d0/n16/d38/d126/f208/d247/f103/d164/f142/f57/f195/f86/f112/f15
f15:7
d276/
f112/
f113/
f204/
f56/
f72
n13
f248:00
f112/
f113/
f204/
f56/
f72
f72:9
f112/
f113/
f204/
f56/
f72
Invalid operation
f112/
f113/
f204/
f56/
f72
f86/
├── f112/
│   ├── f15
│   ├── f3/
│   └── n25/
├── f113/
├── f204/
├── f56/
└── f72
f112/
f113/
f56/
f72
f86/
├── f112/
│   ├── f15
│   ├── f3/
│   └── n25/
├── f113/
├── f56/
└── f72
Invalid operation
f72:9
Invalid operation
f248:00 00 D7 5C
f112:dir:0
f86/
├── f112/
│   ├── f15
│   ├── f3/
│   └── n25/
├── f113/
├── f204/
└── n73/
f248:AA
f112:dir:0
d160:x
f112/
f204/
f112:dir:0
f248:10 4E
f248:00 00 95 10 4E
f112:dir:0
d48:DD 9D
d244:dir:0
d48:2F
/d240/d0/n16/d38/d126/f208/d247/f103/d164/f142/f57/f195/f86/f204/d48
d48:35 2F 6E
d48:10
Invalid operation
d244:dir:0
Invalid operation
f204/
├── d244/
├── d48
├── d99/
└── n79
/d240/d0/n16/d38/d126/f208/d247/f103/d164/f142/f57/f195/f86/f204/d48
Invalid operation
/d240/d0/n16/d38/d126/f208/d247/f103/d164/f142/f57/f195/f86/f204/d48
Null
d244/
d297/
d48
d99/
n105
n79
Invalid operation
d48:44 27
d48:79 53
Invalid operation
f248:F1 CD 41 79 A4
f112/
f198/
f204/
f86/
├── f112/
│   ├── f15
│   ├── f3/
│   └── n25/
├── f198/
└── f204/
    ├── d244/
    ├── d297/
    ├── d48
    ├── d99/
    ├── f172
    ├── f217
    ├── n105
    └── n79
Invalid operation
Invalid operation
Invalid operation
Invalid operation
d244/
d266/
d297/
d48
d99/
f172
f210/
f217
n105
n39/
n79
f204/
├── d244/
├── d266/
├── d297/
├── d48
├── d99/
├── f172
├── f210/
├── f217
├── n105
├── n39/
└── n79
d244:dir:0
d48:19
n105:15
f217:14
f172:10
Invalid operation
Invalid operation
d48:1D 98 44 27 79 53 65 00 00
Invalid operation
Invalid operation
f52
/d240/d0/n16/d38/d126/f208/d247/f103/d164/f142/f57/f195/f86/f204/d48
f250:fp4yct8_8m2d
f250:12
f250:12
Invalid operation
f250
d48:7A 53 65 00 00 00 FB C9 3F 38
Invalid operation
d48:19
n105:15
f217:14
f172:10
n79:1
/d240/d0/n16/d38/d126/f208/d247/f103/d164/f142/f57/f195/f86/f204/d48
d48:19
n105:15
f172:10
f200:5
n79:1
d170/
d244/
d26/
d266/
d48
d99/
f172
f200
f284/
n105
n39/
n79
d170/
d244/
d26/
d266/
d48
d99/
f172
f200
f284/
n105
n39/
d244:dir:0
d244:dir:0
/d240/d0/n16/d38/d126/f208/d247/f103/d164/f142/f57/f195/f86/f204/d48
d48:27 79 53 65 00 00 00
Invalid operation
n39/
└── f13
Invalid operation
d48:19
f204/
├── d170/
├── d179
├── d244/
├── d26/
├── d266/
├── d38
├── d48
├── d99/
│   └── d93
├── f148
├── f172
├── f186
├── f200
├── f284/
│   └── n110
├── n105
└── n39/
    └── f13
Invalid operation
Invalid operation
d48:79
Invalid operation
Invalid operation
f158:dir:0
d48:5B 35 2F
d170/
d179
d244/
d26/
d266/
d38
d48
d99/
f148
f172
f177/
f186
f200
f284/
n105
Null
d170/
d179
d244/
d26/
d266/
d38
d48
d99/
f148
f172
f186
f200
f284/
n105
d48:16
n105:15
f172:10
d48:2F 6E
f284/
Invalid operation
/d240/d0/n16/d38/d126/f208/d247/f103/d164/f142/f57/f195/f86/f204/d48
Invalid operation
Invalid operation
Invalid operation
Invalid operation
/d240/d0/n16/d38/d126/f208/d247/f103/d164/f142/f57/f195/f86/f204/d48
d48:71 79 E4 72 E4 90 60 CD
/d240/d0/n16/d38/d126/f208/d247/f103/d164/f142/f57/f195/f86/f204/d26/d147
f158:dir:0
/d240/d0/n16/d38/d126/f208/d247/f103/d164/f142/f57/f195/f86/f204/d26/d147
/d240/d0/n16/d38/d126/f208/d247/f103/d164/f142/f57/f195/f86/f204/d26/d147
d147
d50/
f158/
f275/
f37
d147
d50/
f158/
f275/
f37
Invalid operation
d147:9ky4kh
d147
d50/
f158/
f275/
f37
f37:9
d147:6
n103:6
f68:0
d147:9ky4kh
Invalid operation
d147:9ky4kh
d147
d50/
f158/
f208/
f37
f68
n103
d147
d50/
f158/
f208/
f37
f68
n103
Invalid operation
f248:CD 41 79 A4 75 AA 00 00 95 10 4E
Invalid operation
f112/
f204/
f215
f73
n88/
Invalid operation
Invalid operation
f112:dir:0
f248:00
d25/
d273
d81/
f112/
f117
f215
f73
n107
n88/
n107:A4 04
f215:42
f117:13
n107:8
f73:4
d273:0
n107:04 7D
d25/
d273
d81/
f112/
f117
f215
f73
n107
n88/
n107:38 29 82 A4 04
f112:dir:0
f215:42
d255:10
n107:8
d294:7
f73:4
d273:0
d25/
d255
d273
d294
d81/
f112/
f215
f73
n107
n88/
/d240/d0/n16/d38/d126/f208/d247/f103/d164/f142/f57/f195/f86/f215
f215:fuelt0doi197paby8-k33ybothhl-mqv23748-9repn1m.e4ge8
d25/
d255
d273
d294
d81/
f112/
f215
f73
n107
n88/
d25/
d255
d273
d294
d81/
f112/
f215
f73
n107
n88/
d25/
d255
d273
d294
d81/
f112/
f215
f73
n107
n88/
n107:A4 04 7D 00 00
n107:04 7D 00
Invalid operation
f215:fuelt0doi197paby8-k33ybothhl-mqv23748-9repn1m.e4ge80jeyyo5a
Invalid operation
f112:dir:0
/d240/d0/n16/d38/d126/f208/d247/f103/d164/f142/f57/f195/f86/f215
Invalid operation
n107:5C 38 29
n107:5C 38 29
d136
d253/
d273
d294
d81/
f112/
f215
f73
f82/
n107
n88/
n107:38 29 82 A4 04 7D 00 00
f215:59
n107:10
d294:7
f73:4
d136:0
d273:0
n107:A4 04 7D 00 00
f215:69
n107:10
d294:7
f73:4
d136:0
n107:38 29 82
f86/
├── d136
├── d253/
├── d273
├── d294
├── d81/
├── f112/
│   ├── f15
│   ├── f3/
│   └── n25/
├── f215
├── f73
├── f82/
├── n107
└── n88/
n107:38 29 82 A4 04 7D
n107:00 00
d136
d273
d294
d81/
f112/
f172/
f215
f73
f82/
n107
n88/
/d240/d0/n16/d38/d126/f208/d247/f103/d164/f142/f57/f195/f86/f215
/d240/d0/n16/d38/d126/f208/d247/f103/d164/f142/f57/f195/f86/f215
/d240/d0/n16/d38/d126/f208/d247/f103/d164/f142/f57/f195/f86/f215
f15
f155
f3/
n25/
Null
d237/
f15
f155
f266
f3/
n25/
/d240/d0/n16/d38/d126/f208/d247/f103/d164/f142/f57/f195/f86/f112/f15
f15:_0hs9evys9fr4b5gcxkda_5i4gu_58jkgrw
f15:_0hs9evys9fr4b5gcxkda_5i4gu_58jkgrw
Invalid operation
d270
f15
f266
f3/
n25/
n25:dir:0
f15:50
f266:7
n75:3
d270:0
f15:_0hs9evys9fr4b5gcxkda_5i4gu_58jkgrwzthu6ekui-5_6sn
n75:12
f15:_0hs9evys9fr4b5gcxkda_5i4gu_58jkgrwzthu6ekui-5_6sn
n25:dir:0
n25:dir:0
n75:7E DF 7E 00 A4 12 00
Invalid operation
n75:77 7E DF 7E 00
Invalid operation
f15:_0hs9evys9fr4b5gcxkda_5i4gu_58jkgrwzthu6ekui-5_6sn
f15:_0hs9evys9fr4b5gcxkda_5i4gu_58jkgrwzthu6ekui-5_6sn
d113
d270
d87
f15
f266
f3/
n25/
n89
n23: n_
f266:20 D3 05 45 A2
n25:dir:0
f266:09
Null
Invalid operation
f15:_0hs9evys9fr4b5gcxkda_5i4gu_58jkgrwzthu6ekui-5_6snv7q8z0ab.lcepx
n25:dir:0
/d240/d0/n16/d38/d126/f208/d247/f103/d164/f142/f57/f195/f86/f112/n25/d223
/d240/d223
d223
n0
Invalid operation
d223
n0
Invalid operation
Invalid operation
Invalid operation
Invalid operation
Invalid operation
n89:AE
/d240/d0/n16/d38/d126/f208/d247/f103/d164/f142/f57/f195/f86/f112/f15
/d240/d0/n16/d38/d126/f208/d247/f103/d164/f142/f57/f195/f86/f112/f15
n89:F5 00
d113
d270
d87
f127/
f15
f244
n25/
n89
n97
Invalid operation
d113
d172
d87
f108
f127/
f15
f150
f244
n25/
n89
n97
n89:00 00
Invalid operation
n107:13 00
f112:dir:0
f112:dir:0
f112:dir:0
d136
d219
d273
d294
d81/
f112/
f172/
f215
f73
f82/
n107
n88/
f112:dir:0
d135
Invalid operation
d135
f215:fuelt0doi197paby8-k33ybothhl-mqv23748-9repn1m.e4ge80jeyyo5a
Invalid operation
f215:fuelt0doi197paby8-k33ybothhl-mqv23748-9repn1m.e4ge80jeyyo5a
d136
d219
d273
d294
d81/
f112/
f172/
f215
f73
f82/
n107
n88/
f215:fuelt0doi197paby8-k33ybothhl-mqv23748-9repn1m.e4ge80jeyyo5ax
d136
d219
d252
d273
d294
d97/
f112/
f172/
f215
f73
n107
n88/
d136
d219
d252
d273
d294
d97/
f112/
f172/
f215
f73
n107
n88/
Invalid operation
f86/
├── d136
├── d219
├── d252
├── d273
├── d294
├── d97/
├── d98
├── f112/
│   ├── d113
│   ├── d172
│   ├── d269/
│   ├── d6/
│   ├── d87
│   ├── f108
│   ├── f127/
│   ├── f15
│   ├── f150
│   ├── f244
│   ├── f247
│   ├── f292
│   ├── n25/
│   │   ├── d223
│   │   └── n0
│   └── n89
├── f172/
├── f215
├── n107
├── n19
└── n88/
f112:dir:0
n107:5C 38 29
Invalid operation
f112:dir:0
Invalid operation
n19:17
d219:14
d30:14
d272:12
n107:12
d136:0
Invalid operation
d136
d150
d219
d272
d290
d30
d97/
f112/
f138/
f156/
f172/
f55/
n107
n19
n37/
n65/
n88/
n19:17
d150:15
n107:15
d219:14
n107:82 01 12 CA 8B 5C 5F
Invalid operation
f86/
├── d136
├── d150
├── d219
├── d263
├── d272
├── d290
├── d30
├── d97/
├── f112/
│   ├── d113
│   ├── d172
│   ├── d269/
│   ├── d6/
│   ├── d87
│   ├── f108
│   ├── f127/
│   ├── f15
│   ├── f150
│   ├── f244
│   ├── f247
│   ├── f292
│   ├── n25/
│   │   ├── d223
│   │   └── n0
│   └── n89
├── f138/
├── f156/
├── f172/
├── f263
├── f55/
├── f74/
├── f86/
├── n107
├── n19
├── n37/
├── n65/
└── n88/
f112:dir:0
f248:30 E8 3C BE A5
d160:xr7
Invalid operation
Invalid operation
f269:bin:0
Null
d122/
f274
/d240/d0/n16/d38/d126/f208/d247/f103/d164/f142/f57/f195/n81/f274
d160:xr7x
Invalid operation
Invalid operation
Invalid operation
/d240/d0/n16/d38/d126/f208/d247/f103/d164/f142/f57/f195/n92/n2
Null
d229/
d269/
d294/
d55
f221
f299/
n2
Invalid operation
f86:dir:0
Invalid operation
Invalid operation
Invalid operation
Invalid operation
d183
d27
d35/
f248
f29/
f38
f86/
f91
n106
n112
n92/
Null
f86:dir:0
f34/
n90/
d248:m
f34:dir:0
/d240/d0/n16/d38/d126/f208/d247/f103/d164/f142/f57/f195/f248
Invalid operation
f248:7B 7A 9C AC
d183
d27
d35/
d89
d95
f248
f29/
f38
f74
f86/
f91
n106
n112
n92/
f248:E8 3C BE 10 75
Invalid operation
f195/
├── d183
├── d27
├── d35/
├── d89
├── d95
├── f248
├── f29/
├── f38
├── f74
├── f86/
│   ├── d136
│   ├── d150
│   ├── d219
│   ├── d263
│   ├── d272
│   ├── d290
│   ├── d30
│   ├── d97/
│   ├── f112/
│   │   ├── d113
│   │   ├── d172
│   │   ├── d269/
│   │   ├── d6/
│   │   ├── d87
│   │   ├── f108
│   │   ├── f127/
│   │   ├── f15
│   │   ├── f150
│   │   ├── f244
│   │   ├── f247
│   │   ├── f292
│   │   ├── n25/
│   │   │   ├── d223
│   │   │   └── n0
│   │   └── n89
│   ├── f138/
│   ├── f156/
│   ├── f172/
│   ├── f263
│   ├── f55/
│   ├── f74/
│   ├── f86/
│   ├── n107
│   ├── n19
│   ├── n37/
│   ├── n65/
│   └── n88/
├── f91
├── n106
├── n112
└── n92/
    ├── d229/
    ├── d269/
    ├── d294/
    ├── d55
    ├── f221
    ├── f299/
    └── n2
f248:D2 98
Invalid operation
f86:dir:0
f86:dir:0
f30:A2
f86:dir:0
f86:dir:0
f30:33 A7 EE 13
d183
d27
d35/
d89
f29/
f297/
f38
f74
f86/
f91
n106
n112
n92/
f86:dir:0
d115/
f141/
f195/
f284
f32/
n117/
n19
f141:dir:0
f284:7u86bq.wy7egdogqo8bh2i1l4x
d115/
f141/
f183
f195/
f284
f32/
n117/
n19
/d240/d0/n16/d38/d126/f208/d247/f103/d164/f142/f57/f284
f284:7u86bq.wy7egdogqo8bh2i1l4x
f284:26
d249:17
n19:7
f183:5
f284:7u86bq.wy7egdogqo8bh2i1l4x
Invalid operation
f141:dir:0
d115/
d249
d4
f141/
f183
f195/
f218
f220
f276
n117/
n19
d103/
d109
d115/
d136
d152
d22
d221/
d277/
d291/
f130/
f278
f5/
f57/
f59
f66
n107
n20
n27
n56/
n67/
f30:97 E7 2D CD FF 30 33 A7 EE 13 3D 09 AA D9 37 01 02 14 72 0E AE 8F C6 E2 A2 DB 1C 93 3C
f59:ews-kkvd 60.x4u 7cl4vudfplq.nywf7xug23vo0kxtre2liz6rrsjjfgl.lwuxxxx0buaghilvbauj
Invalid operation
f59:txt:92
d103/
d109
d115/
d136
d152
d22
d277/
d291/
f130/
f234/
f278
f5/
f57/
f59
f66
n107
n20
n27
n56/
n67/
d103/
d109
d115/
d136
d152
d22
d277/
d291/
f130/
f234/
f278
f5/
f57/
f59
f66
n107
n20
n27
n56/
n67/
f59:txt:92
d103/
d109
d115/
d136
d152
d22
d277/
d291/
f130/
f234/
f278
f5/
f57/
f59
f66
f81
n107
n20
n27
n56/
n67/
f81:00
d103/
d109
d115/
d136
d152
d22
d277/
d291/
d66/
f130/
f234/
f278
f5/
f57/
f59
f66
f81
n107
n20
n27
n56/
n66
n67/
Invalid operation
f81:00
Invalid operation
Invalid operation
f81:00 00
f59:txt:109
f81:00
Null
Invalid operation
Invalid operation
/d240/d0/n16/d38/d126/f208/d247/f103/d164/f142/f59
/f59
Invalid operation
f164
n118/
Invalid operation
Null
Invalid operation
/d240/d0/n16/d38/d126/f208/d247/f103/d164/f142/n67/f164
f164:
f164
f18
n118/
f164
f18
n118/
f18:1
f164:0
f164:
Invalid operation
n118/
├── d16
└── n90/
d16
n42
n90/
d16
f19
f273/
n42
n90/
Invalid operation
d16
d4/
f19
f273/
n42
n65
n90/
/d240/d0/n16/d38/d126/f208/d247/f103/d164/f142/n67/n118/d16
Invalid operation
/d240/d0/n16/d38/d126/f208/d247/f103/d164/f142/n67/f164
/d240/d0/n16/d38/d126/f208/d247/f103/d164/f142/n67/f164
n118:dir:0
/d240/d0/n16/d38/d126/f208/d247/f103/d164/f142/n67/f18
n118:dir:0
f18:00 50 B2 24 E3 60 47 3A 7C 34 64
f18:B2 24 E3 60 47
f18
f28
f40/
n118/
Invalid operation
Invalid operation
Invalid operation
Invalid operation
f59:txt:109
d103/
d109
d115/
d136
d152
d22
d277/
d291/
d66/
f130/
f234/
f278
f5/
f59
f66
f81
n107
n27
n66
n67/
f81:45
f30:58 95 28 E2
Invalid operation
d145
Invalid operation
d145:4
f59:ews-kkvd 60.x4u 7cl4vudfplq.nywf7xug23vo0kxtre2liz6rrsjjfgl.lwuxxxx0buaghilvbauj-lm_iyo1i0acrik zilkpe_mywxt2cnh613 4lvj9gfh9g
Invalid operation
d120
d134/
d269/
d77
f117
f129
f142/
f189
f229
f261/
f283/
f30
f55/
n111/
n112
n51
n92/
f103:dir:0
d151
d166
d79
f103/
f218
/d240/d0/n16/d38/d126/f208/d247/f103/d6
/d6
d6:-5ipi7dklx
d164/
d238
d299
d42
d54
d6
d65
d68/
d70
f10
f114
f119/
f125
f154
f190
n74
n74:31
d299:17
d65:17
f114:15
d42:14
f190:14
d70:13
d6:11
n74:31
d299:17
d65:17
f114:15
d42:14
f190:14
d70:13
d6:11
n74:00 00 00 67
d164/
d299
d42
d54
d6
d65
d68/
d70
f10
f114
f119/
f125
f154
f190
n74
Invalid operation
d151:23
d166:0
d79:0
f218:0
n74:00 00
n74:00 00 16 14 AA 42 8B EC F7 BB 50 2C 8A 00 00 00 67 FD D8 F0 36 81 BC 00 08 74
d164/
d299
d42
d54
d6
d65
d68/
f10
f114
f119/
f125
f154
f190
n74
Invalid operation
Null
d6:txt:27
d164/
d299
d42
d54
d6
d65
f10
f114
f119/
f125
f154
f190
n74
d6:-5ipi7dklxx0cx4.x-q.7 e.91f
/d240/d0/n16/d38/d126/f208/d247/f103/d6
/d6
Invalid operation
d6:txt:27
d164/
d299
d42
d54
d6
d65
f10
f114
f119/
f125
f154
f190
n74
/d240/d0/n16/d38/d126/f208/d247/f103/d6
/d6
Invalid operation
d145/
d164/
d299
d42
d54
d6
d65
f10
f119/
f125
f154
f190
Invalid operation
/d240/d0/n16/d38/d126/f208/d247/f103/d6
/d6
/d240/d0/n16/d38/d126/f208/d247/f103/d6
/d6
Invalid operation
d6:-5ipi7dklxx0cx4.x-q.7 e.91f
n74:30
d6:27
d65:17
Null
d145/
d164/
d39/
d42
d54
d6
d65
d81
f10
f112
f119/
f125
f154
n118
n74
Invalid operation
d6:33
n74:30
d65:17
d42:14
f125:11
d54:6
f154:6
n118:1
d145/
d164/
d39/
d42
d54
d6
d65
d81
f112
f119/
f125
f154
n118
n29/
n74
d6:-5ipi7dklxx0cx4.x-q.7 e.91fmi929d
/d240/d0/n16/d38/d126/f208/d247/f103/d6
/d6
n74:00 08
d6:-5ipi7dklxx0cx4.x-q.7 e.91fmi929d
Null
Invalid operation
n74:08 74 00 00
/d240/d0/n16/d38/d126/f208/d247/f103/d6
/d6
Invalid operation
/d240/d0/n16/d38/d126/f208/d247/f103/d6
/d6
Invalid operation
Invalid operation
n74:24 E2 F7 BB 50 2C 8A
Null
d151:25
d166:0
d79:0
f218:0
d151:00
d145/
d164/
d42
d54
d6
d81
f112
f119/
f125
f154
f276
n34/
n74
n74:D8 F0 36 81 BC 00
d120
d134/
d269/
d77
f117
f129
f142/
f189
f229
f261/
f283/
f30
f55/
n111/
n112
n51
n92/
f30:3D 09 AA D9 37
d120
d134/
d269/
d77
f117
f129
f142/
f189
f229
f261/
f283/
f30
f55/
n111/
n112
n51
n92/
d164/
├── d120
├── d134/
├── d269/
│   ├── f85/
│   └── n10
├── d77
├── f117
├── f129
├── f142/
│   ├── d103/
│   ├── d136
│   ├── d152
│   ├── d22
│   ├── d277/
│   │   ├── d34/
│   │   └── n97
│   ├── d291/
│   ├── d66/
│   ├── f120
│   ├── f130/
│   │   ├── d146
│   │   ├── d151/
│   │   ├── d63
│   │   ├── f58
│   │   ├── n108/
│   │   ├── n51
│   │   ├── n53/
│   │   └── n80/
│   │       ├── d230/
│   │       ├── d24
│   │       ├── d279
│   │       ├── d297
│   │       ├── d30
│   │       ├── f132
│   │       ├── f176
│   │       ├── f179
│   │       ├── f181/
│   │       │   ├── f150/
│   │       │   ├── f36/
│   │       │   └── n103/
│   │       │       ├── d24
│   │       │       └── n62
│   │       ├── f195/
│   │       ├── f201
│   │       ├── f239
│   │       ├── f269/
│   │       ├── f29/
│   │       │   └── f218
│   │       ├── n55/
│   │       └── n97
│   ├── f234/
│   │   ├── d19
│   │   └── n14
│   ├── f278
│   ├── f5/
│   ├── f59
│   ├── f66
│   ├── n107
│   ├── n66
│   └── n67/
│       ├── f207/
│       ├── f28
│       ├── f40/
│       ├── n104
│       ├── n118/
│       │   ├── d16
│       │   ├── f169/
│       │   ├── f19
│       │   ├── f237/
│       │   ├── n42
│       │   ├── n65
│       │   └── n90/
│       └── n50
├── f189
├── f229
├── f261/
├── f283/
├── f30
├── n111/
│   ├── d115/
│   ├── d51
│   ├── f193/
│   ├── n113/
│   └── n25
├── n112
├── n51
└── n92/
d6:txt:79
f103/
├── d108/
├── d145/
├── d164/
│   ├── d120
│   ├── d134/
│   ├── d269/
│   │   ├── f85/
│   │   └── n10
│   ├── d77
│   ├── f117
│   ├── f129
│   ├── f142/
│   │   ├── d103/
│   │   ├── d136
│   │   ├── d152
│   │   ├── d22
│   │   ├── d277/
│   │   │   ├── d34/
│   │   │   └── n97
│   │   ├── d291/
│   │   ├── d66/
│   │   ├── f120
│   │   ├── f130/
│   │   │   ├── d146
│   │   │   ├── d151/
│   │   │   ├── d63
│   │   │   ├── f58
│   │   │   ├── n108/
│   │   │   ├── n51
│   │   │   ├── n53/
│   │   │   └── n80/
│   │   │       ├── d230/
│   │   │       ├── d24
│   │   │       ├── d279
│   │   │       ├── d297
│   │   │       ├── d30
│   │   │       ├── f132
│   │   │       ├── f176
│   │   │       ├── f179
│   │   │       ├── f181/
│   │   │       │   ├── f150/
│   │   │       │   ├── f36/
│   │   │       │   └── n103/
│   │   │       │       ├── d24
│   │   │       │       └── n62
│   │   │       ├── f195/
│   │   │       ├── f201
│   │   │       ├── f239
│   │   │       ├── f269/
│   │   │       ├── f29/
│   │   │       │   └── f218
│   │   │       ├── n55/
│   │   │       └── n97
│   │   ├── f234/
│   │   │   ├── d19
│   │   │   └── n14
│   │   ├── f278
│   │   ├── f5/
│   │   ├── f59
│   │   ├── f66
│   │   ├── n107
│   │   ├── n66
│   │   └── n67/
│   │       ├── f207/
│   │       ├── f28
│   │       ├── f40/
│   │       ├── n104
│   │       ├── n118/
│   │       │   ├── d16
│   │       │   ├── f169/
│   │       │   ├── f19
│   │       │   ├── f237/
│   │       │   ├── n42
│   │       │   ├── n65
│   │       │   └── n90/
│   │       └── n50
│   ├── f189
│   ├── f229
│   ├── f261/
│   ├── f283/
│   ├── f30
│   ├── n112
│   ├── n51
│   └── n92/
├── d42
├── d54
├── d6
├── d81
├── f112
├── f119/
├── f154
├── f276
├── n34/
│   └── d220
└── n74
n74:14 30 24 E2 F7 BB 50
Invalid operation
Invalid operation
Invalid operation
n74:BC 00 08 74 00
d55
n118
d55:4F
Null
Null
Invalid operation
Invalid operation
f103/
├── d108/
├── d145/
│   ├── d55
│   └── n118
├── d164/
│   ├── d120
│   ├── d134/
│   ├── d269/
│   │   ├── f85/
│   │   └── n10
│   ├── d77
│   ├── f117
│   ├── f129
│   ├── f142/
│   │   ├── d103/
│   │   ├── d136
│   │   ├── d152
│   │   ├── d22
│   │   ├── d277/
│   │   │   ├── d34/
│   │   │   └── n97
│   │   ├── d291/
│   │   ├── d66/
│   │   ├── f120
│   │   ├── f130/
│   │   │   ├── d146
│   │   │   ├── d151/
│   │   │   ├── d63
│   │   │   ├── f58
│   │   │   ├── n108/
│   │   │   ├── n51
│   │   │   ├── n53/
│   │   │   └── n80/
│   │   │       ├── d230/
│   │   │       ├── d24
│   │   │       ├── d279
│   │   │       ├── d297
│   │   │       ├── d30
│   │   │       ├── f132
│   │   │       ├── f176
│   │   │       ├── f179
│   │   │       ├── f181/
│   │   │       │   ├── f150/
│   │   │       │   ├── f36/
│   │   │       │   └── n103/
│   │   │       │       ├── d24
│   │   │       │       └── n62
│   │   │       ├── f195/
│   │   │       ├── f201
│   │   │       ├── f239
│   │   │       ├── f269/
│   │   │       ├── f29/
│   │   │       │   └── f218
│   │   │       ├── n55/
│   │   │       └── n97
│   │   ├── f234/
│   │   │   ├── d19
│   │   │   └── n14
│   │   ├── f278
│   │   ├── f5/
│   │   ├── f59
│   │   ├── f66
│   │   ├── n107
│   │   ├── n66
│   │   └── n67/
│   │       ├── f207/
│   │       ├── f28
│   │       ├── f40/
│   │       ├── n104
│   │       ├── n118/
│   │       │   ├── d16
│   │       │   ├── f169/
│   │       │   ├── f19
│   │       │   ├── f237/
│   │       │   ├── n42
│   │       │   ├── n65
│   │       │   └── n90/
│   │       └── n50
│   ├── f189
│   ├── f229
│   ├── f261/
│   ├── f283/
│   ├── f30
│   ├── n112
│   ├── n51
│   └── n92/
├── d287
├── d42
├── d44/
├── d54
├── d6
├── d76
├── d81
├── f112
├── f119/
├── f154
├── f226/
├── n34/
│   └── d220
└── n74
d6:txt:79
d55:bin:9
d55:5E 51 39 19 A8
Invalid operation
d55
n62/
d55
n62/
Invalid operation
Invalid operation
Invalid operation
/d240/d0/n16/d38/d126/f208/d247/f103/d145/d55
/d55
Invalid operation
d161/
d55
n62/
d55:bin:12
/d240/d0/n16/d38/d126/f208/d247/f103/d145/d55
/d55
d161/
d55
n62/
Null
Invalid operation
Invalid operation
d161/
d55
n62/
Invalid operation
d161/
d55
Invalid operation
/d240/d0/n16/d38/d126/f208/d247/f103/d145/d55
/d55
d55:bin:7
Invalid operation
d161/
d30/
d55
d78
f296
d78:13
f296:10
d55:9
Invalid operation
Invalid operation
Invalid operation
d55:bin:6
d145/
├── d161/
├── d30/
├── d55
├── d78
└── f296
Invalid operation
d161/
d244/
d30/
d55
d67/
f296
/d240/d0/n16/d38/d126/f208/d247/f103/d145/d55
/d55
f296:10
d55:8
Invalid operation
d161/
└── f136
f136
Null
Invalid operation
f88:13
d55:bin:8
Invalid operation
d108/
d145/
d164/
d287
d42
d44/
d54
d6
d76
d81
f112
f154
f30/
n34/
n74
d151
d166
d79
f103/
Invalid operation
Invalid operation
d151:00 00 00 00 00 00 00
d13
d134/
d149/
d163
d222/
d243/
d247/
f128/
f208/
f247/
f294/
f34
f5
f83
f92
n1
n40/
Invalid operation
Invalid operation
n1:24
f92:17
d163:13
f34:13
d13:8
f83:4
d13
d134/
d149/
d163
d222/
d243/
d247/
f128/
f208/
f247/
f286/
f294/
f34
f5
f83
f92
n1
n40/
/d240/d0/n16/d38/d126/f208/n1
Invalid operation
Invalid operation
d13
d134/
d149/
d222/
d243/
d247/
d51
f128/
f208/
f294/
f34
f5
f83
f92
n1
n40/
n1:21
f92:17
f34:13
d13:8
f83:4
d51:3
f5:0
n1:21
f92:17
f34:13
d13:8
Invalid operation
d13
d134/
d149/
d222/
d243/
d247/
d51
f128/
f208/
f294/
f34
f5
f83
f92
n1
n40/
Invalid operation
d194/
d199/
d213
d236
d27
d28
d297
f104
f208/
n18
d28:83 26 6E 2A 00 00 00 44 76 79 42 15
Invalid operation
d159/
d194/
d199/
d213
d236
d27
d28
d297
f208/
n18
d297:e1gk15zg67ch18
f61:D3 50 E8 F6 E1 FE 2F 10 A4 A3 D6 64 30 CC 95 1B 76
d28:79
d297:e1gk15zg67ch18
Invalid operation
Invalid operation
d194/
d199/
d236
d28
d297
f208/
f217
f236/
d194/
d199/
d236
d28
d297
f208/
f217
f236/
Invalid operation
d273:16
d273:30
f61:95 1B 76
Null
d11
d189
d198
d23
d38/
f222/
f283/
f61
f83/
n116
n39
/d240/d0/n16/n39
Invalid operation
d2:18
f228:12
f12:10
n94:9
d164/
d180
d2
f12
f164/
f228
f67
n16/
n94
Invalid operation
d2:21
f228:12
f12:10
n94:9
d180:8
f67:8
n115:6
Invalid operation
Invalid operation
d2:00 00
Invalid operation
Invalid operation
Invalid operation
d2:4B 00 00
Invalid operation
d164/
d180
d2
f12
f164/
f228
n16/
n94
d2:21
f228:12
f12:10
n94:9
d2:bin:21
d2:FD EB F8 BF F9 BC AB 89 60 6B 92
f174:s 99xuezggngvhz5zis5xdqtvgff8ar8c5_
Null
Invalid operation
d43:67 ED EB 8E F3 00 00
d43:8E F3 00 00 00 00
/d130
Invalid operation
/
├── d127/
├── d128
├── d13
├── d130
├── d131
├── d147/
├── d163/
│   ├── d166
│   ├── d173
│   ├── d263/
│   ├── f271
│   ├── f57
│   └── n62
├── d203/
│   ├── f88
│   └── n2
├── d240/
│   ├── d0/
│   │   ├── d164/
│   │   │   ├── d121
│   │   │   ├── d93/
│   │   │   ├── f186/
│   │   │   ├── n30/
│   │   │   ├── n5
│   │   │   └── n58/
│   │   ├── d180
│   │   ├── d2
│   │   ├── f12
│   │   ├── f164/
│   │   ├── f228
│   │   └── n94
│   ├── d165/
│   │   └── d230/
│   ├── d215/
│   ├── d223
│   ├── d292
│   ├── d97
│   ├── f174
│   ├── f23/
│   ├── f291/
│   ├── f3/
│   ├── f56
│   ├── f85
│   ├── n69
│   └── n71/
│       ├── d240
│       ├── f199/
│       ├── f36/
│       └── n104
├── d271/
├── d287
├── d43
├── d55
├── d6
├── d74
├── f139
├── f175
├── f179
├── f180/
│   ├── d153/
│   ├── d155/
│   ├── d157
│   ├── d168
│   ├── d183/
│   ├── d199/
│   ├── d236
│   ├── d258
│   ├── d261/
│   ├── f136
│   ├── f223
│   ├── f240
│   ├── f260
│   ├── f296
│   ├── f7/
│   ├── n83
│   └── n88/
├── f194
├── f213/
├── f243/
├── f35/
│   └── n105
├── f59
├── f63/
├── n17/
│   ├── d27
│   └── n61
├── n46/
├── n62
├── n67
├── n78
└── n96/
Null
Invalid operation
d240:dir:0
Invalid operation
d130:9sg2s4f2m.7-zu.j.5m 7
d240:dir:0
d130:9sg2s4f2m.7-zu.j.5m 7
d130:21
d43:18
n67:17
d287:13
d6:13
d43:2E DE
d240:dir:0
d240:dir:0
d127/
d13
d130
d131
d147/
d163/
d178/
d208
d240/
d271/
d287
d43
d55
d6
d74
f139
f175
f179
f180/
f194
f213/
f243/
f35/
f59
f63/
n17/
n46/
n62
n67
n78
n8
n96/
d130:9sg2s4f2m.7-zu.j.5m 7
d127/
d13
d130
d131
d147/
d163/
d178/
d208
d240/
d271/
d287
d43
d55
d6
d74
f139
f175
f179
f180/
f194
f213/
f243/
f35/
f59
f63/
n17/
n46/
n62
n67
n78
n8
n96/
/d130
d130:32
d43:20
n67:17
n8:14
d287:13
d6:13
n62:12
f59:11
d240:dir:0
d130:9sg2s4f2m.7-zu.j.5m 7
Invalid operation
d127/
d13
d130
d131
d147/
d163/
d178/
d208
d240/
d271/
d287
d43
d55
d6
d74
f139
f175
f179
f180/
f194
f213/
f243/
f35/
f4/
f59
f63/
n17/
n46/
n62
n67
n78
n8
n96/
/d130
n67:lvf3siawmvmouwbmj
n67:lvf3siawmvmouwbmj
f180:dir:0
Invalid operation
n62:txt:81
n62:txt:81
d166:A4 00
n62:8uwfvewbrz6.h er67fo2m_iuzhivb9dtiwor8jz.n_c305_s0 fvevdl35ajigsxddt50xxxqerrm px
d166:8E
d166:12
d173:6
n44:1
Invalid operation
d166:A7 AC
d166:bin:12
d166:A7 AC
Invalid operation
Null
d166:00 02 76 7F A7
d166
d256/
f134/
f245/
n44
Invalid operation
Invalid operation
Invalid operation
n44:1
f67:0
Invalid operation
n44:7F
Invalid operation
Null
Invalid operation
Invalid operation
d196/
d256/
f134/
f67
n44
n44:00 00
Invalid operation
n44:bin:6
d196/
d256/
f134/
n44
Invalid operation
Invalid operation
Invalid operation
Invalid operation
/n67
f194:7B
Invalid operation
f194:92 63 F3
Invalid operation
Invalid operation
n67:lvf3siawmvmouwbmj8i3kn2meyce1.x2s_e
Null
f180:dir:0
Null
Invalid operation
Invalid operation
d127/
d13
d131
d163/
d208
d271/
d287
d55
d6
d74
f100
f139
f175
f180/
f181
f194
f196/
f213/
f243/
f35/
f4/
f81/
n17/
n46/
n5/
n62
n67
n78
n8
n96/
f194:80 4C 44
n105
Invalid operation
/f35/n105
Null
/f35/n105
Null
f35/
Invalid operation
Invalid operation
Invalid operation
f180:dir:0
/n67
n67:101
Invalid operation
n67:lvf3siawmvmouwbmj8i3kn2meyce1.x2s_exsh3wl1txa70gxu0f006bbwbtn-o5655iz3oo9z4cygild.qfxldil.fe.pyxg32a8
n67:101
f194:17
n8:14
d287:13
d6:13
n62:12
d13:9
Invalid operation
n67:lvf3siawmvmouwbmj8i3kn2meyce1.x2s_exsh3wl1txa70gxu0f006bbwbtn-o5655iz3oo9z4cygild.qfxldil.fe.pyxg32a8x
Invalid operation
n67:102
f194:28
n8:14
d287:13
n67:lvf3siawmvmouwbmj8i3kn2meyce1.x2s_exsh3wl1txa70gxu0f006bbwbtn-o5655iz3oo9z4cygild.qfxldil.fe.pyxg32a8x
d127/
d13
d131
d163/
d208
d212
d242/
d287
d55
d6
d74
f100
f175
f180/
f181
f194
f196/
f213/
f243/
f34
f35/
f4/
f81/
n111/
n17/
n29
n46/
n5/
n62
n67
n8
n96/
Null
d127/
d13
d131
d163/
d208
d212
d242/
d287
d55
d6
d74
f100
f175
f180/
f181
f194
f196/
f213/
f243/
f34
f35/
f4/
f81/
n111/
n17/
n29
n46/
n5/
n62
n67
n8
n96/
Null
d200:eet1rs9wsuo
d200
n111/
d200:txt:23
/n46/f253/d200
/n46/f253/d200
d200:23
f215:12
d200
f215
d200:23
f215:12
d200
f215
d200:eet1rs9wsuojmmd60znervh
f253/
├── d200
└── f215
f194:00
f253/
├── d200
├── f21
├── f215
└── n14
Invalid operation
d200:23
f21:14
f215:12
d19
d200
d52/
f135
f21
f215
d200:eet1rs9wsuojmmd60znervhx
/n46/f253/d200
f194:88 57 DB 26
Invalid operation
f194:F1 00 00 00 08
n103:dir:0
n103/
d200:eet1rs9wsuojmmd60znervhxm43z1rglwnx
n103/
d200:eet1rs9wsuojmmd60znervhxm43z1rglwnx
/n46/f253/f219/f170/d275
Invalid operation
d275
d71/
d275
d71/
f194:7C 27 92 63 F3 AF 0F 62 76 80 40 C7 DD 54 71 1C FF 86 28 88 57 DB 26 21 F5 2B F1
d275:7b_g1dx02
d275
d71/
f82
d275
d71/
f82
d275
d71/
f82
d275:9
f82:4
Invalid operation
Invalid operation
d275:9
f82:4
Invalid operation
d275:7b_g1dx02
d275:7b_g1dx02
d275:7b_g1dx02
d111:13
d275:9
f206:4
f82:4
/n46/f253/f219/f170/d275
Invalid operation
Invalid operation
d275:7b_g1dx02
d275:txt:9
Invalid operation
d118
f145/
f181/
Invalid operation
f257:5
d256:1
d118:0
d111
d157
d275
d71/
f127/
f206
f82
n37
n39/
f170/
├── d111
├── d157
├── d275
├── d71/
│   ├── d118
│   ├── d256
│   ├── f105/
│   ├── f145/
│   ├── f181/
│   ├── f257
│   ├── f278/
│   └── f48
├── f127/
├── f206
├── f82
├── n37
└── n39/
Invalid operation
f170/
├── d111
├── d157
├── d275
├── d71/
│   ├── d118
│   ├── d256
│   ├── f105/
│   ├── f145/
│   ├── f181/
│   ├── f257
│   ├── f278/
│   └── f48
├── f127/
├── f206
├── f82
├── n30/
└── n37
d157:FC 00 00 00 2B 7D E9 22 85 98
d111
d157
d275
d71/
f127/
f206
f82
n30/
n37
d275:26
d157:17
d111:13
Invalid operation
Null
d111
d157
d275
d71/
f127/
f206
f82
n37
d275:txt:26
Invalid operation
d205
/n46/f253/f215
d157:00 00 21 AF 9C A7 D3 6B E6 14 9E 23 A8
/n46/f253/f219/f170/d275
d157:00 05 F1 A1 F3 43
n5:dir:0
d275:7b_g1dx02d4o4nevr2dpqz1b.39kj8 inxycfea6sb4xeupx2r1iaaozrbm
d157:14 9E 23 A8 00 00 00 05 F1 A1 F3 43 00 71
d146
d95/
n5/
d146:
d157:00 00 05
f127/
├── d146
├── d45
├── d95/
├── f106/
└── n5/
d45
d95/
f106/
f152
n5/
f127/
├── d45
├── d95/
├── f106/
├── f152
├── f277/
└── n5/
d45:b.zw-g4633 g.mv 133o.rbp.t_l4b1hej8p5qjcw83 
d45:44
f152:8
d45:44
Invalid operation
f152:38
d236
d45
d95/
f106/
f152
f277/
n5/
d236
d45
d95/
f106/
f122
f152
f277/
n5/
f127/
├── d236
├── d45
├── d95/
├── f106/
├── f122
├── f152
├── f277/
└── n5/
Invalid operation
Invalid operation
d45:b.zw-g4633 g.mv 133o.rbp.t_l4b1hej8p5qjcw83 x
Invalid operation
Invalid operation
d45:45
f152:9
d236:0
d238:0
f122:0
f243:0
d236
d238
d45
d95/
f122
f152
f243
f277/
n5/
d236
d238
d281
d45
d95/
f122
f152
f243
f277/
n5/
f152:00
Invalid operation
f127/
├── d236
├── d238
├── d281
├── d45
├── d95/
├── f122
├── f152
├── f198/
├── f243
├── f277/
├── n105
└── n5/
d45:47
d281:11
f152:9
n105:8
d236:0
f152:13 F4 A3 91 B8
Invalid operation
d45:47
d281:11
d45:60
d281:11
f152:9
n105:8
d236:0
d238:0
d236
d238
d281
d45
d95/
f122
f152
f198/
f243
n105
n5/
d45:b.zw-g4633 g.mv 133o.rbp.t_l4b1hej8p5qjcw83 xfo
d45:47
d168:14
d281:11
f152:9
n105:8
d236:0
d238:0
f122:0
d168
d236
d238
d281
d45
d95/
f122
f152
f198/
f243
n105
n5/
n5:dir:0
Invalid operation
d275:59
d157:40
d111:13
f206:4
f82:4
f170/
f64/
n103/
d157:AF 9C A7 D3 6B E6 14 9E 23 A8 00 00 00 05 F1
d111
d157
d275
f121/
f127/
f82
f90/
n110
d111
d157
d275
f121/
f127/
f82
f90/
n110
Null
d275:7b_g1dx02d4o4nevr2dpqz1b.39kj8 inxycfea6sb4xeupx2r1iaaozrbm16ou495c05y4cgyz
d275:75
d157:40
d228:15
Invalid operation
d275:75
d157:40
d228:15
d111:13
n110:11
f82:4
f170/
├── d111
├── d157
├── d228
├── d275
├── f127/
│   ├── d168
│   ├── d236
│   ├── d238
│   ├── d281
│   ├── d45
│   ├── d95/
│   ├── f122
│   ├── f152
│   ├── f198/
│   ├── n105
│   └── n5/
├── f90/
└── n110
/n46/f253/f219/f170/d275
d111
d157
d228
d244/
d275
f127/
f39
f90/
n110
n79
Invalid operation
Invalid operation
f170/
├── d215
├── d228
├── d244/
├── d275
├── d43/
├── f127/
│   ├── d168
│   ├── d236
│   ├── d238
│   ├── d281
│   ├── d45
│   ├── d95/
│   ├── f122
│   ├── f152
│   ├── f198/
│   ├── n105
│   └── n5/
├── f192
├── f39
├── f90/
├── n110
└── n79
Invalid operation
n110:3juw9ic9-mw
d275:75
d275:75
n110:18
f170/
├── d215
├── d228
├── d244/
├── d254
├── d275
├── d43/
├── f127/
│   ├── d168
│   ├── d236
│   ├── d238
│   ├── d281
│   ├── d45
│   ├── d95/
│   ├── f122
│   ├── f152
│   ├── f198/
│   ├── n105
│   └── n5/
├── f192
├── f232
├── f297
├── f39
├── n67/
└── n79
d215
d228
d244/
d254
d275
d43/
f127/
f192
f232
f297
f39
n67/
n79
d275:75
d228:47
n79:13
f39:7
f192:4
Invalid operation
n101:6
d147
n101
d147:11
n101:6
f130:1
n101:jabkg.
n101:jabkg.
Invalid operation
Null
n79:66 DD 00 00 00 64 6D
Invalid operation
d275:75
d228:47
n79:23
f137:8
f39:7
f192:4
d215:0
d275:75
d228:47
n79:23
f137:8
n79:00 00 E9 4E
d228:zg.9x7f0hy_54wut-oxjzj38nacud30xh.qma. woc3.7 e
f170/
├── d215
├── d228
├── d244/
├── d254
├── d275
├── d37/
├── d43/
│   └── f95
├── f127/
│   ├── d168
│   ├── d236
│   ├── d238
│   ├── d281
│   ├── d45
│   ├── d95/
│   ├── f122
│   ├── f152
│   ├── f198/
│   ├── n105
│   └── n5/
├── f137
├── f192
├── f232
├── f297
├── f39
├── n67/
│   └── n101
└── n79
d228:zg.9x7f0hy_54wut-oxjzj38nacud30xh.qma. woc3.7 e
/d13
/n46/f253/f219/f170/d228
/n46/f253/f219/f170/d228
n79:00 00 00 E9 4E 31 07 00 00 00
/n46/f253/f219/f170/d228
d228:zg.9x7f0hy_54wut-oxjzj38nacud30xh.qma. woc3.7 e
Invalid operation
Invalid operation
f127:dir:0
/n46/f253/f219/f170/d228
d215
d228
d244/
d254
d275
d37/
d43/
d49
f127/
f137
f192
f232
f263
f27/
f297
f39
f53
n67/
d228:zg.9x7f0hy_54wut-oxjzj38nacud30xh.qma. woc3.7 exxpeb6ibh1py73rx
Invalid operation
d41/
d45:b.zw-g4633 g.mv 133o.rbp.t_l4b1hej8p5qjcw83 xfoxll 
d48:8q1ikokn6bp j0
Null
Null
d45:b.zw-g4633 g.mv 133o.rbp.t_l4b1hej8p5qjcw83 xfoxll 
Invalid operation
f152:CE
Invalid operation
Null
f4:7B
f4:5
d220:4
f234:3
d226:dir:0
d141/
d220
d226/
f234
f31
f4
f97/
d226:dir:0
d13/
d141/
d220
d226/
f234
f31
f4
f97/
d226:dir:0
d226:dir:0
d13/
d141/
d226/
f234
f4
f97/
d13/
d141/
d226/
f234
f4
f97/
Invalid operation
/n46/f253/f219/f170/f127/d41/d141/f265
f265:7o0aspf4_jh5vs.
d141/
└── f265
f265:7o0aspf4_jh5vs.
f4:68
Invalid operation
f4:4B 33 BC 00
Invalid operation
Invalid operation
f4:68 43 4B 33
d113/
f244/
Invalid operation
d113:dir:0
d113/
d246
f244/
d246:1cndwa9s4ebsnl3m605ocrq f
/n46/f253/f219/f170/f127/d41/d13/d246
f4:C0
d246:1cndwa9s4ebsnl3m605ocrq f
d113/
f244/
f256/
Null
d13/
├── d113/
├── d273/
├── f244/
└── f256/
Invalid operation
/n46/f253/f219/f170/f127/d41/d13/f212
f4:1C
f4:8C 68 CE A7 E9 C0 81 3C 0A
n32:7
f212:0
d113:dir:0
f212:
n32:7
d69:0
f212:0
f4:E9 C0 81 3C
Invalid operation
Invalid operation
Null
f212:x
d113/
d22/
d273/
d69
f212
f244/
f256/
n71
n71:4
d13/
├── d113/
├── d123
├── d182
├── d22/
├── d273/
├── f157/
├── f212
├── f256/
└── n71
n71:00
f212:x
f212:x
/n46/f253/f219/f170/f127/d41/d13/f212
d13/
├── d113/
├── d123
├── d182
├── d273/
├── f157/
├── f212
├── f256/
└── n71
Invalid operation
Invalid operation
d13/
d141/
f234
f4
f97/
n73
Invalid operation
d13/
d141/
d192/
f234
f4
f97/
n73
Invalid operation
Invalid operation
Invalid operation
f152:AB 3A D0 CA
f152:3A D0 CA
d236
d238
d251
d281
d41/
d45
d81
d95/
f111
f122
f152
f198/
n105
n5/
n86/
n99/
d45:b.zw-g4633 g.mv 133o.rbp.t_l4b1hej8p5qjcw83 xfoxll xx
Invalid operation
d45:b.zw-g4633 g.mv 133o.rbp.t_l4b1hej8p5qjcw83 xfoxll xx
/n46/f253/f219/f170/f127/d45
d236
d238
d251
d281
d41/
d45
d81
d95/
f111
f122
f198/
f297
n105
n5/
n86/
n99/
Invalid operation
f127/
├── d236
├── d238
├── d251
├── d281
├── d41/
│   ├── d13/
│   │   ├── d113/
│   │   ├── d138
│   │   ├── d182
│   │   ├── d273/
│   │   ├── d39
│   │   ├── f212
│   │   ├── f256/
│   │   ├── n3/
│   │   └── n71
│   ├── d141/
│   │   ├── f0
│   │   └── f265
│   ├── d192/
│   ├── d231
│   ├── f234
│   ├── f4
│   ├── f97/
│   └── n73
├── d45
├── d81
├── d95/
├── f111
├── f122
├── f198/
├── f297
├── n105
├── n5/
├── n86/
└── n99/
Invalid operation
f127/
├── d236
├── d238
├── d251
├── d281
├── d41/
│   ├── d13/
│   │   ├── d113/
│   │   ├── d138
│   │   ├── d182
│   │   ├── d273/
│   │   ├── d39
│   │   ├── f212
│   │   ├── f256/
│   │   ├── n3/
│   │   └── n71
│   ├── d141/
│   │   ├── f0
│   │   └── f265
│   ├── d192/
│   ├── d231
│   ├── f234
│   ├── f4
│   ├── f97/
│   └── n73
├── d45
├── d81
├── d95/
├── f111
├── f122
├── f198/
├── f297
├── n105
├── n5/
├── n86/
└── n99/
Invalid operation
d236
d238
d251
d281
d41/
d45
d81
d95/
f111
f122
f198/
f297
n105
n5/
n86/
n99/
d45:61
f297:13
d281:11
/n46/f253/f219/f170/f127/n105
d45:61
f297:13
d281:11
n105:8
d81:7
f284:4
d236:1
d238:0
d45:b.zw-g4633 g.mv 133o.rbp.t_l4b1hej8p5qjcw83 xfoxll xxpnmh-nbp
Null
d45:b.zw-g4633 g.mv 133o.rbp.t_l4b1hej8p5qjcw83 xfoxll xxpnmh-nbp
f127/
├── d236
├── d238
├── d251
├── d281
├── d41/
│   ├── d13/
│   │   ├── d113/
│   │   ├── d138
│   │   ├── d182
│   │   ├── d273/
│   │   ├── d39
│   │   ├── f212
│   │   ├── f256/
│   │   ├── n3/
│   │   └── n71
│   ├── d141/
│   │   ├── f0
│   │   └── f265
│   ├── d192/
│   ├── d231
│   ├── f234
│   ├── f4
│   ├── f97/
│   └── n73
├── d45
├── d81
├── d95/
├── f111
├── f122
├── f198/
├── f284
├── f297
├── f79
├── n105
├── n5/
├── n86/
└── n99/
Invalid operation
n5/
Invalid operation
/n46/f253/f219/f170/f127/n5/n0
Invalid operation
Null
Null
Invalid operation
Invalid operation
Null
f127/
├── d236
├── d238
├── d24
├── d251
├── d281
├── d41/
│   ├── d13/
│   │   ├── d113/
│   │   ├── d138
│   │   ├── d182
│   │   ├── d273/
│   │   ├── d39
│   │   ├── f212
│   │   ├── f256/
│   │   ├── n3/
│   │   └── n71
│   ├── d141/
│   │   ├── f0
│   │   └── f265
│   ├── d192/
│   ├── d231
│   ├── f234
│   ├── f4
│   ├── f97/
│   └── n73
├── d45
├── d81
├── d95/
├── f111
├── f284
├── f297
├── f79
├── n105
├── n5/
│   ├── f265
│   ├── f85/
│   └── n0
├── n86/
└── n99/
d236
d238
d24
d251
d281
d41/
d45
d81
d95/
f111
f284
f297
f79
n105
n5/
n86/
n99/
d95:dir:0
Invalid operation
d254:00
Invalid operation
Invalid operation
d141
d215
d228
d244/
d254
d43/
d49
f127/
f137
f178
f198
f232
f263
f27/
f297
f39
f53
f84
n67/
f170/
├── d141
├── d215
├── d228
├── d244/
├── d254
├── d43/
│   └── f95
├── d49
├── f127/
│   ├── d236
│   ├── d238
│   ├── d24
│   ├── d251
│   ├── d281
│   ├── d41/
│   │   ├── d13/
│   │   │   ├── d113/
│   │   │   ├── d138
│   │   │   ├── d182
│   │   │   ├── d273/
│   │   │   ├── d39
│   │   │   ├── f212
│   │   │   ├── f256/
│   │   │   ├── n3/
│   │   │   └── n71
│   │   ├── d141/
│   │   │   ├── f0
│   │   │   └── f265
│   │   ├── d192/
│   │   ├── d231
│   │   ├── f234
│   │   ├── f4
│   │   ├── f97/
│   │   └── n73
│   ├── d45
│   ├── d81
│   ├── d95/
│   ├── f111
│   ├── f284
│   ├── f297
│   ├── f79
│   ├── n105
│   ├── n5/
│   │   ├── f265
│   │   ├── f85/
│   │   └── n0
│   ├── n86/
│   └── n99/
├── f137
├── f178
├── f198
├── f232
├── f263
├── f27/
├── f297
├── f39
├── f53
├── f84
└── n67/
    └── n101
f170/
├── d141
├── d215
├── d228
├── d244/
├── d254
├── d43/
│   └── f95
├── d49
├── f127/
│   ├── d236
│   ├── d238
│   ├── d24
│   ├── d251
│   ├── d281
│   ├── d41/
│   │   ├── d13/
│   │   │   ├── d113/
│   │   │   ├── d138
│   │   │   ├── d182
│   │   │   ├── d273/
│   │   │   ├── d39
│   │   │   ├── f212
│   │   │   ├── f256/
│   │   │   ├── n3/
│   │   │   └── n71
│   │   ├── d141/
│   │   │   ├── f0
│   │   │   └── f265
│   │   ├── d192/
│   │   ├── d231
│   │   ├── f234
│   │   ├── f4
│   │   ├── f97/
│   │   └── n73
│   ├── d45
│   ├── d81
│   ├── d95/
│   ├── f111
│   ├── f284
│   ├── f297
│   ├── f79
│   ├── n105
│   ├── n5/
│   │   ├── f265
│   │   ├── f85/
│   │   └── n0
│   ├── n86/
│   └── n99/
├── f137
├── f178
├── f198
├── f232
├── f263
├── f27/
├── f297
├── f39
├── f53
├── f84
└── n67/
    └── n101
d141
d215
d228
d244/
d254
d43/
d49
f127/
f137
f178
f198
f232
f263
f27/
f297
f39
f53
f84
n67/
d254:00
f127:dir:0
Null
Invalid operation
Invalid operation
d254:00
d254:00 00
d254:00
f2:15
Invalid operation
f194:F5 2B F1 00 00 00 08 E9 2A
f170:dir:0
Invalid operation
f2:tq3xyg_h1.h_ewb
f2:15
d248:2
Invalid operation
f2:tq3xyg_h1.h_ewb
f2:15
d248:2
Invalid operation
f126:-c4-1wu_y_m7
f194:6B 65 1B 1A 7A 13 81 7B
f194:B8 F9 43 6C 71 1C FF 86 28 88 57 DB 26 21 F5 2B F1 00
f170:dir:0
/n46/f253/f219/f2
f170:dir:0
Invalid operation
f236:obk
Null
f194:63 F3 AF 0F 62 76 80 B8 F9 43 6C 71 1C FF 86
f194:00 00 08 E9 2A 47
f55/
Invalid operation
/n46/f253/f219/f55/n67
/n67
n67
f194:27 92 63 F3 AF 0F 62 76 80
Invalid operation
Invalid operation
Invalid operation
Invalid operation
f2:60
d54:0
Null
Invalid operation
f219/
├── d54
├── f170/
│   ├── d141
│   ├── d215
│   ├── d228
│   ├── d244/
│   ├── d254
│   ├── d43/
│   │   └── f95
│   ├── d49
│   ├── f127/
│   │   ├── d236
│   │   ├── d238
│   │   ├── d24
│   │   ├── d251
│   │   ├── d281
│   │   ├── d41/
│   │   │   ├── d13/
│   │   │   │   ├── d113/
│   │   │   │   ├── d138
│   │   │   │   ├── d182
│   │   │   │   ├── d273/
│   │   │   │   ├── d39
│   │   │   │   ├── f212
│   │   │   │   ├── f256/
│   │   │   │   ├── n3/
│   │   │   │   └── n71
│   │   │   ├── d141/
│   │   │   │   ├── f0
│   │   │   │   └── f265
│   │   │   ├── d192/
│   │   │   ├── d231
│   │   │   ├── f234
│   │   │   ├── f4
│   │   │   ├── f97/
│   │   │   └── n73
│   │   ├── d45
│   │   ├── d81
│   │   ├── d95/
│   │   ├── f111
│   │   ├── f284
│   │   ├── f297
│   │   ├── f79
│   │   ├── n105
│   │   ├── n5/
│   │   │   ├── f265
│   │   │   ├── f85/
│   │   │   └── n0
│   │   ├── n86/
│   │   └── n99/
│   ├── f137
│   ├── f178
│   ├── f195
│   ├── f198
│   ├── f232
│   ├── f263
│   ├── f27/
│   ├── f297
│   ├── f39
│   ├── f53
│   ├── f84
│   └── n67/
│       └── n101
├── f2
└── f55/
    └── n67
f194:86 28 88 57 DB 26 21 F5 2B F1 00 00 00 08 E9 2A 47 6B 65 E2 59 F8 A6 29 81 92
f156
f170/
f2
f211
f55/
f2:tq3xyg_h1.h_ewb .d4h9xd2_wb qvpu4w47b_puagsoiro mojtgj.qu5_x
f219/
├── f156
├── f170/
│   ├── d141
│   ├── d215
│   ├── d228
│   ├── d244/
│   ├── d254
│   ├── d43/
│   │   └── f95
│   ├── d49
│   ├── f127/
│   │   ├── d236
│   │   ├── d238
│   │   ├── d24
│   │   ├── d251
│   │   ├── d281
│   │   ├── d41/
│   │   │   ├── d13/
│   │   │   │   ├── d113/
│   │   │   │   ├── d138
│   │   │   │   ├── d182
│   │   │   │   ├── d273/
│   │   │   │   ├── d39
│   │   │   │   ├── f212
│   │   │   │   ├── f256/
│   │   │   │   ├── n3/
│   │   │   │   └── n71
│   │   │   ├── d141/
│   │   │   │   ├── f0
│   │   │   │   └── f265
│   │   │   ├── d192/
│   │   │   ├── d231
│   │   │   ├── f234
│   │   │   ├── f4
│   │   │   ├── f97/
│   │   │   └── n73
│   │   ├── d45
│   │   ├── d81
│   │   ├── d95/
│   │   ├── f111
│   │   ├── f284
│   │   ├── f297
│   │   ├── f79
│   │   ├── n105
│   │   ├── n5/
│   │   │   ├── f265
│   │   │   ├── f85/
│   │   │   └── n0
│   │   ├── n86/
│   │   └── n99/
│   ├── f137
│   ├── f178
│   ├── f195
│   ├── f198
│   ├── f232
│   ├── f263
│   ├── f27/
│   ├── f297
│   ├── f39
│   ├── f53
│   ├── f84
│   └── n67/
│       └── n101
├── f2
├── f211
└── f55/
    └── n67
/n46/f253/f219/f170/d228
d228:zg.9x7f0hy_54wut-oxjzj38nacud30xh.qma. woc3.7 exxpeb6ibh1py73rxxxxmq4
d1:dir:0
Invalid operation
d1/
d102/
f227
f231/
n76
d1:dir:0
Invalid operation
Invalid operation
d254:00
d228:zg.9x7f0hy_54wut-oxjzj38nacud30xh.qma. woc3.7 exxpeb6ibh1py73rxxxxmq4
d228:zg.9x7f0hy_54wut-oxjzj38nacud30xh.qma. woc3.7 exxpeb6ibh1py73rxxxxmq4
d1/
d68/
d78/
f231/
d1/
d68/
d78/
d254:00 00
d228:zg.9x7f0hy_54wut-oxjzj38nacud30xh.qma. woc3.7 exxpeb6ibh1py73rxxxxmq4
d228:zg.9x7f0hy_54wut-oxjzj38nacud30xh.qma. woc3.7 exxpeb6ibh1py73rxxxxmq4
Invalid operation
d228:zg.9x7f0hy_54wut-oxjzj38nacud30xh.qma. woc3.7 exxpeb6ibh1py73rxxxxmq4wdb.3e-c9s1vn3o- 
d68/
f27/
└── d68/
d254:00 00 00
/n46/f253/f219/f170/d228
Invalid operation
Invalid operation
d266/
└── f133
f100:dir:0
Invalid operation
d254:00 00 00 00 00
d254:1A
f100:dir:0
Null
f218/
f53/
Invalid operation
/n46/f253/f219/f170/d228
d266/
f100/
Invalid operation
Invalid operation
f170/
├── d141
├── d215
├── d228
├── d244/
├── d254
├── d43/
│   └── f95
├── d49
├── f127/
│   ├── d236
│   ├── d238
│   ├── d24
│   ├── d251
│   ├── d281
│   ├── d41/
│   │   ├── d13/
│   │   │   ├── d113/
│   │   │   ├── d138
│   │   │   ├── d182
│   │   │   ├── d273/
│   │   │   ├── d39
│   │   │   ├── f212
│   │   │   ├── f256/
│   │   │   ├── n3/
│   │   │   └── n71
│   │   ├── d141/
│   │   │   ├── f0
│   │   │   └── f265
│   │   ├── d192/
│   │   ├── d231
│   │   ├── f234
│   │   ├── f4
│   │   ├── f97/
│   │   └── n73
│   ├── d45
│   ├── d81
│   ├── d95/
│   ├── f111
│   ├── f284
│   ├── f297
│   ├── f79
│   ├── n105
│   ├── n5/
│   │   ├── f265
│   │   ├── f85/
│   │   └── n0
│   ├── n86/
│   └── n99/
├── f137
├── f178
├── f195
├── f198
├── f232
├── f263
├── f27/
│   ├── d129
│   ├── d174/
│   ├── d266/
│   └── f100/
├── f297
├── f39
├── f53
├── f84
├── n115
└── n67/
    └── n101
d228:zg.9x7f0hy_54wut-oxjzj38nacud30xh.qma. woc3.7 exxpeb6ibh1py73rxxxxmq4wdb.3e-c9s1vn3o- fuyd.6hcxx
f127:dir:0
d129:12
f27/
├── d129
├── d174/
├── d266/
└── f100/
Null
d254:3B D2 80 7F EE E0 4B ED EC
Invalid operation
d122
d129
d174/
d266/
Invalid operation
d122
d129
d174/
d266/
d266:dir:0
Invalid operation
Null
f27/
├── d100
├── d122
├── d129
├── d174/
└── d266/
d100:7E
d100
d122
d174/
d226
d266/
d122:b3xz
d100:4B
d100:4B 73 00 00 00 50 AF C9 7C
d266:dir:0
d100:12 00
d266:dir:0
d254:00 00 00 00 78 79
f57
n101
d254:50 3B D2 80 7F EE
f57
n101
n101:txt:6
n101:txt:6
Invalid operation
Invalid operation
d141
d215
d228
d244/
d254
d43/
d49
f127/
f137
f178
f195
f198
f232
f263
f27/
f297
f39
f53
f84
n115
n38/
n67/
Invalid operation
Invalid operation
n38/
d141
d152/
d215
d228
d244/
d254
d43/
d49
f127/
f137
f178
f195
f198
f232
f263
f27/
f297
f39
f53
f84
n115
n34
n38/
n67/
f170/
├── d141
├── d152/
├── d215
├── d228
├── d244/
├── d43/
│   └── f95
├── d49
├── f127/
│   ├── d236
│   ├── d238
│   ├── d24
│   ├── d251
│   ├── d281
│   ├── d41/
│   │   ├── d13/
│   │   │   ├── d113/
│   │   │   ├── d138
│   │   │   ├── d182
│   │   │   ├── d273/
│   │   │   ├── d39
│   │   │   ├── f212
│   │   │   ├── f256/
│   │   │   ├── n3/
│   │   │   └── n71
│   │   ├── d141/
│   │   │   ├── f0
│   │   │   └── f265
│   │   ├── d192/
│   │   ├── d231
│   │   ├── f234
│   │   ├── f4
│   │   ├── f97/
│   │   └── n73
│   ├── d45
│   ├── d81
│   ├── d95/
│   ├── f111
│   ├── f284
│   ├── f297
│   ├── f79
│   ├── n105
│   ├── n5/
│   │   ├── f265
│   │   ├── f85/
│   │   └── n0
│   ├── n86/
│   └── n99/
├── f137
├── f178
├── f195
├── f198
├── f232
├── f263
├── f27/
│   ├── d100
│   ├── d122
│   ├── d174/
│   ├── d226
│   ├── d244
│   ├── d266/
│   ├── f190
│   └── f198/
├── f297
├── f39
├── f53
├── f84
├── n115
├── n34
├── n38/
└── n67/
    ├── f279
    ├── f57
    └── n101
f137:4C B8
f137:B8
d228:103
f84:17
f39:13
f137:9
f263:9
d141:6
f137:72
f127:dir:0
f95:
f95
/n46/f253/f219/f170/d43/f95
Invalid operation
f167:4
d141
d152/
d215
d239
d244/
d43/
d49
f127/
f137
f178
f195
f198
f263
f27/
f297
f39
f53
f84
n115
n34
n38/
n54/
n67/
d141
d152/
d215
d239
d244/
d43/
d49
f127/
f137
f178
f19
f195
f198
f263
f27/
f297
f35
f39
f53
f84
n115
n34
n38/
n54/
n67/
n74
f39:27
f84:17
f137:14
f263:9
f170/
├── d141
├── d152/
├── d215
├── d239
├── d244/
├── d43/
│   ├── f167
│   └── f95
├── d49
├── f137
├── f178
├── f19
├── f195
├── f198
├── f263
├── f27/
│   ├── d100
│   ├── d122
│   ├── d174/
│   ├── d226
│   ├── d244
│   ├── d266/
│   ├── f190
│   └── f198/
├── f297
├── f35
├── f39
├── f53
├── f84
├── n115
├── n34
├── n38/
├── n54/
├── n67/
│   ├── f279
│   ├── f57
│   └── n101
├── n74
└── n92/
d141
d152/
d215
d239
d244/
d43/
d49
f137
f178
f19
f195
f198
f263
f27/
f297
f35
f39
f53
f84
n115
n34
n38/
n54/
n67/
n74
n92/
f137:F1 9D A6 4E DB A0 DC D3 38
f2:tq3xyg_h1.h_ewb .d4h9xd2_wb qvpu4w47b_puagsoiro mojtgj.qu5_x2j1et 6vktj
f2:tq3xyg_h1.h_ewb .d4h9xd2_wb qvpu4w47b_puagsoiro mojtgj.qu5_x2j1et 6vktj
Invalid operation
d182
f156
f170/
f2
f244
f55/
n67
f219/
├── d182
├── f156
├── f170/
│   ├── d141
│   ├── d152/
│   ├── d215
│   ├── d239
│   ├── d244/
│   ├── d43/
│   │   ├── f167
│   │   └── f95
│   ├── d49
│   ├── f137
│   ├── f178
│   ├── f19
│   ├── f195
│   ├── f198
│   ├── f263
│   ├── f27/
│   │   ├── d100
│   │   ├── d122
│   │   ├── d174/
│   │   ├── d226
│   │   ├── d244
│   │   ├── d266/
│   │   ├── f190
│   │   └── f198/
│   ├── f297
│   ├── f35
│   ├── f36
│   ├── f39
│   ├── f53
│   ├── f84
│   ├── n115
│   ├── n34
│   ├── n38/
│   ├── n54/
│   ├── n67/
│   │   ├── f279
│   │   ├── f57
│   │   └── n101
│   ├── n74
│   └── n92/
├── f2
├── f244
└── f55/
    └── n67
Invalid operation
f2:tq3xyg_h1.h_ewb .d4h9xd2_wb qvpu4w47b_puagsoiro mojtgj.qu5_x2j1et 6vktj0.cxvuyg
d182
f156
f170/
f2
f55/
f6
Invalid operation
f2:tq3xyg_h1.h_ewb .d4h9xd2_wb qvpu4w47b_puagsoiro mojtgj.qu5_x2j1et 6vktj0.cxvuygvwgjnox2t.q65
f2:105
f6:15
f156:12
d182:ED 98
f170:dir:0
Null
Invalid operation
Invalid operation
Invalid operation
n67
Invalid operation
d182:8D C2 93 ED 98
f181:0
f181:
/n46/f253/f219/f55/f181
/f181
d182:8D C2 93 56 96 B8 DE CE 07 00 00 00
f6:txt:0
Invalid operation
f6:
d182:E8 8D C2 93 56 96 B8 DE CE 07
d182:E8 8D C2 93 56 96 B8 DE
f2:tq3xyg_h1.h_ewb .d4h9xd2_wb qvpu4w47b_puagsoiro mojtgj.qu5_x2j1et 6vktj0.cxvuygvwgjnox2t.q65x6ns3ngfi7-fa
f2:105
d182:15
f6:15
f156:12
f2:tq3xyg_h1.h_ewb .d4h9xd2_wb qvpu4w47b_puagsoiro mojtgj.qu5_x2j1et 6vktj0.cxvuygvwgjnox2t.q65x6ns3ngfi7-fa
f39:27
f84:17
f137:14
f263:9
d141:6
d49:5
f198:5
f35:5
f39:dsee93qo05dpl7rpkd272m5a8w3
Null
Invalid operation
Invalid operation
Invalid operation
Invalid operation
Null
d141
d152/
d215
d239
d244/
d43/
d49
f166/
f178
f19
f195
f198
f263
f27/
f297
f35
f36
f39
f53
f84
n115
n34
n38/
n54/
n67/
n92/
Invalid operation
d141
d215
d239
d244/
d43/
d49
f166/
f178
f195
f263
f27/
f297
f35
f36
f39
f53
f84
n115
n34
n38/
n54/
n67/
n92/
Invalid operation
f170/
├── d141
├── d215
├── d239
├── d244/
├── d43/
│   ├── f167
│   └── f95
├── d49
├── f118
├── f166/
├── f178
├── f195
├── f263
├── f27/
│   ├── d100
│   ├── d122
│   ├── d174/
│   ├── d226
│   ├── d244
│   ├── d266/
│   ├── f190
│   └── f198/
├── f297
├── f35
├── f36
├── f39
├── f53
├── f84
├── n115
├── n34
├── n38/
├── n54/
├── n67/
│   ├── f279
│   ├── f57
│   └── n101
└── n92/
Invalid operation
Invalid operation
Invalid operation
Invalid operation
Invalid operation
Invalid operation
d141
d215
d239
d244/
d43/
d49
f118
f166/
f178
f195
f263
f27/
f297
f35
f36
f39
f53
f84
n115
n34
n38/
n54/
n64/
n67/
n72
n92/
d141
d215
d239
d244/
d43/
d49
f118
f166/
f178
f195
f263
f27/
f297
f35
f36
f39
f53
f84
n115
n34
n38/
n54/
n64/
n67/
n72
n92/
d182:00 E8 8D C2 93 56 96 B8 DE CE
d151/
d182
d192
f156
f170/
f2
f31
f55/
f6
Invalid operation
d141
d215
d239
d43/
d49
f118
f166/
f178
f195
f263
f27/
f297
f35
f36
f39
f53
f84
n115
n34
n38/
n54/
n64/
n67/
n72
n92/
d151/
d182
d192
d290
f156
f170/
f2
f31
f55/
f6
Invalid operation
/n46/f253/d200
Invalid operation
f253/
├── d19
├── d200
├── d262/
├── f178
├── f18
├── f21
├── f215
├── f219/
│   ├── d151/
│   ├── d182
│   ├── d192
│   ├── d290
│   ├── f156
│   ├── f170/
│   │   ├── d141
│   │   ├── d215
│   │   ├── d239
│   │   ├── d43/
│   │   │   ├── f167
│   │   │   └── f95
│   │   ├── d49
│   │   ├── f118
│   │   ├── f166/
│   │   ├── f178
│   │   ├── f195
│   │   ├── f263
│   │   ├── f27/
│   │   │   ├── d100
│   │   │   ├── d122
│   │   │   ├── d174/
│   │   │   ├── d226
│   │   │   ├── d244
│   │   │   ├── d266/
│   │   │   ├── f190
│   │   │   └── f198/
│   │   ├── f297
│   │   ├── f35
│   │   ├── f36
│   │   ├── f39
│   │   ├── f53
│   │   ├── f84
│   │   ├── n115
│   │   ├── n34
│   │   ├── n38/
│   │   ├── n54/
│   │   ├── n64/
│   │   ├── n67/
│   │   │   ├── f279
│   │   │   ├── f57
│   │   │   └── n101
│   │   ├── n72
│   │   └── n92/
│   ├── f2
│   ├── f31
│   ├── f55/
│   ├── f6
│   └── n60/
├── f56/
├── f64/
└── n66/
d200:35
d19:17
Invalid operation
f194:00
d19
d200
d262/
d81
f178
f18
f21
f215
f219/
f56/
f64/
f84/
n66/
f215:.2igt6nz7.3.36z8amodbtahgj--_hi8l.5
f215:.2igt6nz7.3.36z8amodbtahgj--_hi8l.5
f253/
├── d19
├── d200
├── d262/
├── d277
├── d81
├── f178
├── f18
├── f21
├── f215
├── f219/
│   ├── d151/
│   ├── d182
│   ├── d192
│   ├── d290
│   ├── f156
│   ├── f170/
│   │   ├── d141
│   │   ├── d215
│   │   ├── d239
│   │   ├── d43/
│   │   │   ├── f167
│   │   │   └── f95
│   │   ├── d49
│   │   ├── f118
│   │   ├── f166/
│   │   ├── f178
│   │   ├── f195
│   │   ├── f263
│   │   ├── f27/
│   │   │   ├── d100
│   │   │   ├── d122
│   │   │   ├── d174/
│   │   │   ├── d226
│   │   │   ├── d244
│   │   │   ├── d266/
│   │   │   ├── f190
│   │   │   └── f198/
│   │   ├── f297
│   │   ├── f35
│   │   ├── f36
│   │   ├── f39
│   │   ├── f53
│   │   ├── f84
│   │   ├── n115
│   │   ├── n34
│   │   ├── n38/
│   │   ├── n54/
│   │   ├── n64/
│   │   ├── n67/
│   │   │   ├── f279
│   │   │   ├── f57
│   │   │   └── n101
│   │   ├── n72
│   │   └── n92/
│   ├── f2
│   ├── f31
│   ├── f55/
│   ├── f6
│   └── n60/
├── f56/
├── f64/
├── f66/
├── f84/
├── n112
└── n66/
n112:F4 56
n112:79 F4 83 87
Invalid operation
f43:txt:16
n112:83 87 24
Invalid operation
f110:dir:0
f215:.2igt6nz7.3.36z8amodbtahgj--_hi8l.5
n66/
└── f125
Invalid operation
f125:hjf
f125:txt:3
f125:hjf
n112:87 61 E7
f125:txt:3
n112:24 87
/n46/f253/f215
Null
d151
d19
d200
d262/
d277
d81
d93
f130
f178
f18
f21
f215
f219/
f56/
f64/
f66/
f84/
n112
n44/
n66/
f215:txt:35
Invalid operation
f253/
├── d151
├── d19
├── d200
├── d262/
├── d277
├── d81
├── d93
├── f130
├── f178
├── f18
├── f21
├── f215
├── f219/
│   ├── d151/
│   ├── d182
│   ├── d192
│   ├── d290
│   ├── f156
│   ├── f170/
│   │   ├── d141
│   │   ├── d215
│   │   ├── d239
│   │   ├── d43/
│   │   │   ├── f167
│   │   │   └── f95
│   │   ├── d49
│   │   ├── f118
│   │   ├── f166/
│   │   ├── f178
│   │   ├── f195
│   │   ├── f263
│   │   ├── f27/
│   │   │   ├── d100
│   │   │   ├── d122
│   │   │   ├── d174/
│   │   │   ├── d226
│   │   │   ├── d244
│   │   │   ├── d266/
│   │   │   ├── f190
│   │   │   └── f198/
│   │   ├── f297
│   │   ├── f35
│   │   ├── f36
│   │   ├── f39
│   │   ├── f53
│   │   ├── f84
│   │   ├── n115
│   │   ├── n34
│   │   ├── n38/
│   │   ├── n54/
│   │   ├── n64/
│   │   ├── n67/
│   │   │   ├── f279
│   │   │   ├── f57
│   │   │   └── n101
│   │   ├── n72
│   │   └── n92/
│   ├── f2
│   ├── f31
│   ├── f55/
│   ├── f6
│   └── n60/
├── f299/
├── f56/
├── f64/
├── f66/
├── f84/
├── n112
├── n44/
└── n66/
    └── f125
Invalid operation
Invalid operation
f215:.2igt6nz7.3.36z8amodbtahgj--_hi8l.5x
n112:71
n112:ED 78 1A F7 B3 64 98 F5
n112:35 6C 00
n112:1A
Invalid operation
Invalid operation
f56/
f215:txt:49
Invalid operation
n112:1A F7
d26
n112:7B 94 78 1A F7 B3
d26:kf0z5kpn_y
d26:md:10
d183:19
d183
n22
d183:z7.4dip4qg_ anee-op
/n46/f253/f56/n22
Invalid operation
n112:78 E5 98 B9
n112:D8 49 7B 94 78 1A F7 B3 61 DA 35 6C 00
d113
d149
d151
d166/
d19
d194/
d200
d224
d262/
d277
d49/
d81
d93
f111/
f130
f178
f18
f21
f215
f219/
f268/
f299/
f56/
f64/
f66/
f84/
n112
n28
n44/
n66/
Null
d113
d149
d151
d166/
d19
d194/
d200
d224
d262/
d277
d49/
d81
d93
f111/
f130
f178
f18
f21
f215
f219/
f299/
f56/
f64/
f66/
f84/
n112
n28
n44/
n66/
d113
d149
d151
d166/
d194/
d200
d224
d262/
d277
d49/
d81
d93
f111/
f130
f178
f18
f21
f215
f219/
f299/
f56/
f64/
f66/
f84/
n112
n28
n44/
n66/
Null
/n46/f253/f215
Null
Invalid operation
f215:.2igt6nz7.3.36z8amodbtahgj--_hi8l.5xi5eewlczix1a6kuvtzzhdmvo
d166/
└── f18/
/n46/f253/f215
Invalid operation
Null
d113
d149
d151
d166/
d194/
d200
d224
d262/
d277
d49/
d93
f11
f111/
f130
f178
f18
f21
f215
f219/
f299/
f56/
f64/
f66/
f84/
n112
n28
n44/
n66/
f215:.2igt6nz7.3.36z8amodbtahgj--_hi8l.5xi5eewlczix1a6kuvtzzhdmvo
/n46/f253/f215
Invalid operation
/n67
n46/
└── n98/
/n67
n67:lvf3siawmvmouwbmj8i3kn2meyce1.x2s_exsh3wl1txa70gxu0f006bbwbtn-o5655iz3oo9z4cygild.qfxldil.fe.pyxg32a8x
Null
Null
n98:dir:0
n98:dir:0
Invalid operation
d127/
d13
d131
d154
d163/
d212
d242/
d287
d55
d6
d74
f100
f102
f175
f180/
f181
f194
f196/
f213/
f243/
f34
f35/
f4/
f81/
n111/
n17/
n29
n46/
n5/
n62
n67
n8
n96/
f194:FF 86 28 88 57 DB 26 21 F5 2B F1 00 00 00 08
Invalid operation
n67:116
f194:44
d287:13
d6:13
n62:12
d13:9
d127/
d13
d131
d154
d163/
d212
d228
d242/
d287
d55
d6
d74
f100
f102
f175
f180/
f181
f194
f213/
f243/
f34
f35/
f4/
f81/
n111/
n17/
n29
n46/
n62
n67
n96/
/n67
Invalid operation
f194:EC 0F E7 F9 43 6C 71 1C FF 86 28 88 57 DB 26
n67:lvf3siawmvmouwbmj8i3kn2meyce1.x2s_exsh3wl1txa70gxu0f006bbwbtn-o5655iz3oo9z4cygild.qfxldil.fe.pyxg32a8xhuc7scl3d--1dswe5_2f
Invalid operation
d127/
d13
d131
d154
d163/
d212
d228
d242/
d244
d248/
d287
d46/
d55
d6
d74
f100
f102
f175
f180/
f194
f213/
f222/
f243/
f34
f35/
f38/
f4/
f81/
n111/
n17/
n29
n46/
n62
n67
n96/
f180:dir:0
d127/
d13
d131
d154
d163/
d228
d242/
d244
d248/
d287
d46/
d55
d6
d74
f100
f102
f175
f180/
f194
f213/
f222/
f243/
f34
f35/
f38/
f4/
f81/
n111/
n17/
n29
n46/
n62
n67
n96/
Invalid operation
d127/
d13
d131
d154
d163/
d228
d242/
d244
d287
d46/
d55
d6
d74
f100
f102
f175
f180/
f194
f213/
f222/
f243/
f34
f35/
f38/
f4/
f81/
n111/
n17/
n29
n46/
n62
n67
n96/
f194:08 E9 2A 47 6B
n67:122
f194:44
d287:13
d6:13
n62:12
d13:9
n67:122
f194:44
d287:13
d6:13
n62:12
d13:9
d192:32
d192:bin:4
d192:8B DC
Invalid operation
d11/
d192
d192:32 AC
d11/
d192
d11/
d192
f195/
Invalid operation
Invalid operation
Invalid operation
Invalid operation
d11/
Invalid operation
/d295/d11/n4
Null
d295/
├── d11/
│   └── n4
├── d192
└── f195/
d11/
d151
d192
f195/
f206
n40
Invalid operation
Invalid operation
n40:3
d151:0
d192:0
f206:0
d11/
d151
d192
d56
f187
f194/
f195/
f206
d295/
├── d11/
│   └── n4
├── d151
├── d192
├── d56
├── f187
├── f194/
├── f195/
└── f206
d192:00
Invalid operation
f221:md:15
Invalid operation
n67:122
f194:44
Invalid operation
d127/
d13
d131
d154
d228
d242/
d244
d287
d295/
d46/
d55
d6
d74
f100
f102
f175
f180/
f194
f213/
f222/
f243/
f34
f35/
f38/
f4/
f81/
n17/
n29
n46/
n62
n67
n96/
f194:1E EC 0F E7 F9 43 6C 71 1C FF 86 28 88 57 DB 26 21 F5 2B F1 00 00 00 08 E9 DB 76 DB 76 5F 59 F8 A6
n67:lvf3siawmvmouwbmj8i3kn2meyce1.x2s_exsh3wl1txa70gxu0f006bbwbtn-o5655iz3oo9z4cygild.qfxldil.fe.pyxg32a8xhuc7scl3d--1dswe5_2f
d127/
d13
d131
d154
d228
d242/
d244
d287
d295/
d46/
d55
d6
d74
f100
f102
f175
f180/
f194
f213/
f222/
f243/
f34
f35/
f38/
f4/
f81/
n17/
n29
n46/
n62
n67
n96/
Invalid operation
f180:dir:0
f194:65 E2 59 F8 A6 29 81
Invalid operation
Invalid operation
/n67
n67:lvf3siawmvmouwbmj8i3kn2meyce1.x2s_exsh3wl1txa70gxu0f006bbwbtn-o5655iz3oo9z4cygild.qfxldil.fe.pyxg32a8xhuc7scl3d--1dswe5_2fx
Invalid operation
f4/
└── d298
d298
n58
Invalid operation
f194:88 57 DB 26 21 F5 2B F1 00 00 00 08 E9 2A 47 6B 65 E2 59 F8 A6 29
f194:EC 4A DD 04 CF 4C 50 1E EC 0F E7 F9 43 6C 71 1C FF 86 28 88 57 DB 26 21 F5 2B F1 00 00
f180:dir:0
f180:dir:0
d187/
Null
f180:dir:0
n67:lvf3siawmvmouwbmj8i3kn2meyce1.x2s_exsh3wl1txa70gxu0f006bbwbtn-o5655iz3oo9z4cygild.qfxldil.fe.pyxg32a8xhuc7scl3d--1dswe5_2fx3c02f8t5zsv k-ihd 0p83y7fyv 0hmqx
f243/
n40:txt:13
n67:lvf3siawmvmouwbmj8i3kn2meyce1.x2s_exsh3wl1txa70gxu0f006bbwbtn-o5655iz3oo9z4cygild.qfxldil.fe.pyxg32a8xhuc7scl3d--1dswe5_2fx3c02f8t5zsv k-ihd 0p83y7fyv 0hmqx
f194:E9 2A 47 6B 65 E2
f194:26 21
f134:.rjuq 
f134:.rjuq 
f194:28 DB 7C 75 B6 A0 A0 EC 0F E7 F9 43 6C 71 1C FF 86 28 88 57 DB 26 21 F5 2B F1 00 00 00 08 E9 2A 47 6B 65 E2 59 F8 A6 00 00 00 6E 18 6A
f243/
├── f134
└── n45/
f134
n45/
f134:.rjuq 
f134:.rjuq 
/n67
Invalid operation
d127/
d13
d131
d154
d228
d242/
d244
d295/
d46/
d6
d74
f102
f175
f180/
f194
f213/
f222/
f243/
f35/
f38/
f4/
f81/
n17/
n29
n33/
n46/
n67
n96/
n67:172
f194:60
d127/
d13
d131
d154
d228
d242/
d244
d295/
d46/
d6
d74
f102
f175
f180/
f194
f213/
f222/
f243/
f35/
f38/
f4/
f81/
n17/
n29
n33/
n46/
n67
n96/
d127/
d13
d131
d154
d228
d242/
d244
d295/
d46/
d6
d74
f102
f175
f180/
f194
f213/
f222/
f243/
f35/
f38/
f4/
f81/
n17/
n29
n33/
n46/
n57
n67
n96/
d127/
d13
d131
d154
d228
d242/
d244
d295/
d46/
d6
d74
f102
f175
f180/
f194
f213/
f222/
f243/
f35/
f38/
f4/
f81/
n17/
n29
n33/
n46/
n57
n67
n96/
Invalid operation
Invalid operation
n67:172
f194:60
d6:13
d13:9
Invalid operation
d127/
d13
d131
d154
d228
d242/
d244
d295/
d46/
d6
d74
f102
f175
f180/
f194
f213/
f222/
f243/
f35/
f38/
f4/
f81/
n17/
n29
n33/
n46/
n57
n67
n96/
f180:dir:0
d131:00 00
Invalid operation
d131:13 46 50
d127/
d13
d131
d141/
d154
d228
d242/
d243
d244
d295/
d46/
d6
d74
f102
f175
f180/
f213/
f222/
f243/
f35/
f4/
f81/
n17/
n29
n33/
n46/
n57
n67
n96/
Null
d131:32
f180:dir:0
n67:lvf3siawmvmouwbmj8i3kn2meyce1.x2s_exsh3wl1txa70gxu0f006bbwbtn-o5655iz3oo9z4cygild.qfxldil.fe.pyxg32a8xhuc7scl3d--1dswe5_2fx3c02f8t5zsv k-ihd 0p83y7fyv 0hmqx_r7ejrpmuf79rdc4
f180:dir:0
/n67
f180:dir:0
Null
Invalid operation
d127/
d13
d141/
d154
d228
d243
d244
d269
d295/
d6
d74
f102
f107/
f157/
f175
f180/
f19
f213/
f222/
f243/
f35/
f4/
f81/
n17/
n29
n33/
n46/
n57
n67
n96/
d127/
d13
d141/
d154
d228
d243
d244
d262/
d269
d295/
d6
d74
d97
f102
f107/
f157/
f175
f180/
f19
f213/
f222/
f243/
f35/
f4/
f81/
n17/
n29
n33/
n46/
n57
n67
n96/
Invalid operation
Null
f175:4C 0A B8 0A F5
Null
d127/
d13
d141/
d154
d228
d243
d244
d262/
d269
d295/
d6
d74
d97
f102
f107/
f157/
f175
f180/
f19
f213/
f222/
f24/
f243/
f35/
f4/
f81/
n17/
n29
n33/
n46/
n57
n67
n96/
f180:dir:0
f175:00
Invalid operation
d127/
d13
d141/
d154
d228
d243
d244
d262/
d269
d295/
d6
d74
d97
f102
f107/
f114
f157/
f175
f180/
f19
f213/
f222/
f24/
f243/
f35/
f4/
f81/
n17/
n29
n33/
n46/
n57
n67
n96/
d127/
d13
d141/
d154
d228
d243
d244
d262/
d269
d295/
d6
d74
d97
f102
f107/
f114
f157/
f175
f180/
f19
f213/
f222/
f24/
f243/
f35/
f4/
f81/
n17/
n29
n33/
n46/
n57
n67
n96/
n67:lvf3siawmvmouwbmj8i3kn2meyce1.x2s_exsh3wl1txa70gxu0f006bbwbtn-o5655iz3oo9z4cygild.qfxldil.fe.pyxg32a8xhuc7scl3d--1dswe5_2fx3c02f8t5zsv k-ihd 0p83y7fyv 0hmqx_r7ejrpmuf79rdc4ro
/n67
Invalid operation
f180:dir:0
d127/
d13
d141/
d154
d228
d243
d244
d262/
d269
d295/
d6
d68/
d74
d97
f102
f107/
f132/
f157/
f175
f180/
f19
f213/
f222/
f24/
f243/
f35/
f4/
f81/
n17/
n29
n33/
n46/
n57
n67
n96/
Invalid operation
Invalid operation
d127/
d13
d141/
d154
d228
d243
d244
d262/
d269
d277/
d295/
d6
d74
d97
f102
f107/
f132/
f175
f180/
f19
f213/
f222/
f24/
f243/
f35/
f4/
f81/
n17/
n29
n33/
n46/
n57
n67
n96/
n99/
Invalid operation
d127/
d13
d141/
d154
d228
d243
d262/
d269
d277/
d295/
d6
d74
d97
f102
f107/
f112
f132/
f175
f180/
f19
f213/
f222/
f24/
f243/
f35/
f4/
f81/
n17/
n29
n33/
n46/
n57
n67
n96/
n99/
f180:dir:0
Invalid operation
Invalid operation
/n67
f175:6B B8 0A F5 3E 00 EB AD 46
Null
f119:15
f119:md:15
Invalid operation
f175:E2 8C 2D E4 5C 6B B8 0A F5 3E 00 EB AD 46 FE BC
Invalid operation
d127/
d13
d141/
d154
d228
d243
d262/
d265
d269
d277/
d295/
d6
d74
f102
f107/
f112
f132/
f175
f180/
f19
f213/
f222/
f24/
f243/
f35/
f4/
f81/
n17/
n29
n33/
n46/
n57
n67
n96/
n99/
f175:3E F7 67 F5 1A
f175:72 3E F7
Null
Invalid operation
f175:72
f175:E2 8C 2D E4 5C 6B B8 0A F5 3E 00
f4:x
f4:x
Null
/d262/f4
f4:x
f4:x
f175:72 3E F7
Null
f175:06 E2
f4:xnp0op71i92
d50:dir:0
f130:0la 4-a41
d50/
d56/
f130
d50:dir:0
Invalid operation
f5:6.z_cuk25qf
f5:11
n72:0
Invalid operation
f5:11
n72:0
f5:11
n113:1
n72:0
f5:6.z_cuk25qf
d164/
d184/
f219
f5
f63/
n62/
n72
d164/
d184/
f219
f5
f63/
n62/
n72
/d262/f5
f219:EB C8
Invalid operation
f5:6.z_cuk25qfymr5_lbuc5hbv v1j1-hae
d184/
f219:55
f5:6.z_cuk25qfymr5_lbuc5hbv v1j1-haeq8qq0g s80e-75i
Invalid operation
Invalid operation
Invalid operation
d164/
d184/
f219
f226
f5
f63/
n62/
n72
f5:6.z_cuk25qfymr5_lbuc5hbv v1j1-haeq8qq0g 
f5:6.z_cuk25qfymr5_lbuc5hbv v1j1-haeq8qq0g 
Invalid operation
f271:0
d68:md:20
Invalid operation
d68
d68
d68
f259
d109/
d201
d271/
f271
f271:x
f271:x
Invalid operation
Null
d271:dir:0
d100
d109/
d201
d271/
d38/
f271
f38/
n111/
n29/
Null
n62/
├── d100
├── d109/
│   ├── d163
│   ├── d68
│   └── f259
├── d201
├── d271/
├── d38/
├── f271
├── f38/
├── n111/
└── n29/
f271:x
d201:5
d100:3
f271:1
d271:dir:0
Invalid operation
Invalid operation
d271:dir:0
d100
d109/
d201
d271/
d38/
d80/
f109/
f241
f38/
n111/
n29/
Invalid operation
d201:38
Invalid operation
d201:38 00
d100
d109/
d135
d201
d271/
d38/
d80/
f109/
f241
f38/
n111/
Invalid operation
d201:38 00 4B 27
d80/
/d154
Invalid operation
Invalid operation
d84:9
d201:6
d100:3
n62/
├── d100
├── d109/
│   ├── d163
│   ├── d68
│   └── f259
├── d201
├── d38/
├── d80/
├── d84
└── f38/
d109:dir:0
d201:17
d84:9
d100:3
Invalid operation
Invalid operation
Null
Invalid operation
Invalid operation
n25
f144:11
d78
f144
f276
d201:17
d84:9
d100:3
Invalid operation
d201:17
d84:9
d100
d109/
d201
d268/
d38/
d80/
d84
f105
f38/
d100
d109/
d201
d268/
d38/
d80/
d84
f38/
Invalid operation
Invalid operation
n62/
├── d100
├── d109/
│   ├── d163
│   ├── d68
│   └── f259
├── d201
├── d268/
├── d38/
├── d80/
│   └── f144
├── d84
└── f38/
Invalid operation
Invalid operation
Invalid operation
Invalid operation
d201:00 4B 27 BD 00 00 00 33 F1 86 2D B6 AB 3D E9 00 00
Invalid operation
d201:19
d109:dir:0
/d262/n62/d201
Invalid operation
n62/
├── d0/
├── d100
├── d109/
│   ├── d163
│   ├── d68
│   └── f259
├── d142
├── d173
├── d201
├── d268/
├── d38/
├── d80/
│   └── f144
├── d84
├── f199
├── f287
└── f38/
d100
d109/
d142
d173
d201
d268/
d38/
d80/
d84
f199
f287
f38/
Invalid operation
Invalid operation
d164/
f219
f226
f5
f63/
n62/
f5:6.z_cuk25qfymr5_lbuc5hbv v1j1-haeq8qq0g 
n17:dir:0
d171:
d171:
f108:dir:0
d171
f108/
f45/
f108:dir:0
d171
d189
d220
f108/
f45/
d171:
/d262/f63/d171
Invalid operation
Invalid operation
d220:85
Invalid operation
d220:85
f229:16
f30:0
n106:0
Invalid operation
n106:
/d262/f63/f108/n106
/d262/f63/d171
Invalid operation
d171
d198
d220
f108/
n87
Invalid operation
d171:15
d220:14
d171:md:15
d171:md:15
d171:15
d220:14
d189:13
Invalid operation
f63/
├── d148/
├── d171
├── d189
├── d198
├── d220
├── d276/
└── f201
Invalid operation
Null
/d262/f63/d171
d220:02 00 00
f5:6.z_cuk25qfymr5_lbuc5hbv v1j1-haeq8qq0g 
Invalid operation
Invalid operation
f180:dir:0
d127/
d13
d141/
d154
d163
d262/
d265
d269
d277/
d295/
d6
d74
f102
f107/
f112
f120
f132/
f175
f180/
f19
f213/
f222/
f24/
f243/
f35/
f4/
f81/
n17/
n29
n33/
n46/
n57
n96/
n99/
f175:E4 5C 6B B8 C5 F5 3E
d127/
d13
d141/
d154
d163
d262/
d265
d269
d277/
d295/
d6
d74
f102
f107/
f112
f120
f132/
f175
f180/
f19
f213/
f222/
f24/
f243/
f35/
f4/
f81/
n17/
n29
n33/
n46/
n57
n96/
n99/
d127/
d13
d141/
d154
d163
d262/
d265
d269
d277/
d295/
d6
d74
f102
f107/
f112
f120
f132/
f175
f180/
f19
f213/
f222/
f24/
f243/
f35/
f4/
f81/
n17/
n29
n33/
n46/
n57
n96/
n99/
f175:C5 F5 3E 00 40 3E F7 67
Invalid operation
f175:F7 67 F5
Invalid operation
d127/
d13
d141/
d154
d163
d262/
d265
d269
d277/
d295/
d6
d74
f102
f107/
f112
f120
f132/
f175
f180/
f19
f222/
f24/
f243/
f35/
f4/
f81/
n17/
n29
n33/
n46/
n57
n96/
n99/
n38/
n38:dir:0
Invalid operation
n38/
d74:6r_ekvoi79mkrwqxj
d146:
d146:
d146:0
f175:00
Invalid operation
d48:0
Invalid operation
Invalid operation
Invalid operation
d27
n61
d27:94
d27
n61
/n17/n61
n61:txt:18
d127/
d13
d141/
d154
d163
d262/
d265
d269
d277/
d295/
d6
d74
f102
f107/
f112
f120
f132/
f175
f180/
f19
f222/
f24/
f243/
f35/
f4/
f81/
n17/
n29
n33/
n46/
n57
n96/
n99/
d127/
d13
d141/
d142/
d154
d163
d262/
d265
d269
d277/
d295/
d6
d74
f102
f107/
f112
f120
f132/
f175
f180/
f186
f19
f222/
f24/
f243/
f35/
f4/
f81/
n17/
n29
n33/
n46/
n57
n96/
n99/
d74:6r_ekvoi79mkrwqxjuj
d142/
f180:dir:0
Invalid operation
d74:6r_ekvoi79mkrwqxjuj
Invalid operation
f117/
f117:dir:0
Invalid operation
Invalid operation
d142/
└── f117/
f117:dir:0
Invalid operation
Invalid operation
d40
d7
d75
f222
f253/
f59/
f175:F5 00 00 00 EA
Null
d7
f222
f253/
f59/
Null
Invalid operation
d7
f222
f253/
f59/
n20/
Invalid operation
d7:15
f222:5
d142/
├── d126/
├── d7
├── f159
├── f239
├── f242
├── f253/
├── f59/
├── f85/
├── n56
└── n86
d7:c_gr.ddo9j ab68
Invalid operation
d7:15
n56:15
n86:12
d283:9
f159:1
f242:1
f175:C5 F5 3E 00 40 3E F7 67 F5 00 00 00 EA 6E C8 F9 00 00
d189
d279/
d52
f175:6E C8 F9 00 00 00
d52:md:0
/d142/d126/d52
d189
d233
d279/
d52
/d142/d126/d52
d177:A1
d189
d233
d279/
d52
f160/
f285
d52:md:1
Invalid operation
Invalid operation
d189
d233
d52
f160/
f196
f285
f175:00 40 3E F7 67 F5 00 00 00 EA
Invalid operation
d52:x
Null
d126/
d283
d57/
d7
f159
f239
f242
f253/
f59/
f85/
n56
n86
d7:c_gr.ddo9j ab68cj-_kjrlti3
Invalid operation
d7:26
n56:15
n86:12
f159:1
f242:1
f239:0
d189
d233
d27/
d52
f160/
f285
d52:x
Invalid operation
/d142/d126/d52
/d142/d126/d52
Invalid operation
d166
d27/
d52
d7/
f285
/d142/d126/d52
Invalid operation
f231:6i9--hmwk07s
d166:94 FD 62
Invalid operation
d52:14
f188:11
f285:11
d166:8
/d142/d126/d7/f231
Invalid operation
d7/
└── f231
f231:13
f231:6i9--hmwk07sx
f231:6i9--hmwk07sx
f231:13
d52:xine03td70w0ph
Invalid operation
n53
Invalid operation
Invalid operation
d166:D9 81 C3
f105:y _ts3k.a.2-4q-yz
f105:y _ts3k.a.2-4q-yz
/d142/d126/d7/f105
d7/
├── d226
├── d259/
│   └── n53
└── f105
d226:10
/d142/d126/d7/d226
d226:10
d259:dir:0
d259:dir:0
Null
Null
Invalid operation
d158:dir:0
Invalid operation
Invalid operation
d7/
├── d226
├── d259/
└── f51/
d226
d259/
f51/
d226
d259/
f51/
d259:dir:0
Invalid operation
Invalid operation
Invalid operation
d35
f198
f252/
Invalid operation
Null
d35:C6
f198:6
f198
n111/
Null
d259/
├── f198
└── n111/
d226:00 10 00 49 03 23 F4 5F A7 5E 47 D7 6C 7A 84 41
f198:vwk37s
d226:A7 5E 47 D7
f295:dir:0
n111/
└── f295/
Null
Invalid operation
f295:dir:0
/d142/d126/d7/d259/f198
f295:dir:0
d226:49 03 23 F4 5F A7 5E 47 D7
d226:23 F4 5F
Invalid operation
Invalid operation
Invalid operation
Invalid operation
f165:13
n13:0
f165:13
n13:0
Invalid operation
n111:dir:0
/d142/d126/d7/d259/n13
Invalid operation
d219/
f105/
f295/
d226:F4 5F A7
Invalid operation
Invalid operation
Invalid operation
n111/
n13
n13:
/d142/d126/d7/d259/n13
n35:8 bi6r2nnn_knpi
Invalid operation
Invalid operation
Null
f21/
Invalid operation
n35:8 bi6r2nnn_knpi
n35:8 bi6r2nnn_knpi
f295:dir:0
/d142/d126/d7/d259/n35
Invalid operation
d56:qw b5-
d17/
d215/
d24/
f181:19
d17/
d215/
d24/
f115
f181
Null
f295/
├── d17/
├── d215/
├── d24/
├── f115
└── f181
f295/
├── d17/
├── d215/
├── d24/
├── f115
└── f181
d226:5E 44 1A
Invalid operation
Invalid operation
Invalid operation
Invalid operation
d226:1A
n111/
├── d219/
├── f105/
└── f295/
    ├── d17/
    ├── d215/
    └── f181
n111/
├── d219/
├── f105/
└── f295/
    ├── d17/
    ├── d215/
    └── f181
Invalid operation
Null
n111/
d226:28 B9 D3 D7
n35:8 bi6r2nnn_knpix5hgr_de23
/d142/d126/d7/d259/n111/d219/n111/f222
/d142/d126/d7/d259/n111/d219/n111/f222
n35:8 bi6r2nnn_knpix5hgr_de23
d226:5E 47 D7 6C 7A 00 B7 F5 FF 27 5E 44 1A 00 00 61 7B
f245:dir:0
n111:dir:0
Invalid operation
d23/
n111/
n35:8 bi6r2nnn_knpix5hgr_de23
d226:5E 47 D7
d23/
n111/
d23/
n111/
Null
Invalid operation
d226:00 00 61 7B 29 3B 28 B9 D3 D7 00 00
/d142/d126/d7/d259/n111/d219/d197
n66:dir:0
d226:5E 47 D7 6C 7A 00 B7
d226:7A 00 B7 F5 FF 27 5E 44 1A 00 00 61 7B 29 3B 28 B9 D3 D7
Invalid operation
d226:23 F4 5F A7 5E 47 D7 6C 7A 00 B7 F5 FF 27
n35:8 bi6r2nnn_knpix5hgr_de23
d37
f224/
/d142/d126/d7/d259/n111/d172/d203/d37
Invalid operation
Invalid operation
/d142/d126/d7/d259/n111/d172/n59
n59:6ddavtuxpx3y q
d203/
n29
n59
n29
n59
d172/
├── f74
└── n59
Null
/d142/d126/d7/d259/n35
/d142/d126/d7/d259/n35
/d142/d126/d7/d259/n35
d172/
d219/
f105/
d172/
d219/
f105/
Invalid operation
d149:2
/d142/d126/d7/d259/n111/d149
d226:00 61 7B 29
d149:ly
Invalid operation
Invalid operation
Invalid operation
d172/
d219/
f105/
f105:dir:0
Invalid operation
d172/
d219/
f105/
d172/
d219/
f105/
Invalid operation
n35:8 bi6r2nnn_knpix5hgr_de23-nc09b17 7a
d226:EF 9A 23 C7
Invalid operation
f74
d226:3B 28
Invalid operation
d172/
d219/
f105/
d226:6C 3D 22 78 0F AA
Invalid operation
d226:00 00 61
f32:
Invalid operation
d169/
d172/
d219/
f32
f32:0
d226:59 47 D7 6C
Null
Invalid operation
d226:29 3B 28 00
Null
d226:22 78 0F AA 89 68 44 1A 00 00 61 7B 29
d226:00 10 EF 9A 23 C7 B0 5F A7 59 47 2E 03 3D
Invalid operation
d219:dir:0
d226:D2 58 EB 86 CD 6D 41
d226:5F A7 59 47 2E 03 3D 22 78 0F AA
d226:00 10 EF 9A 23 C7
d226:CD 6D
Invalid operation
/d142/d126/d7/d259/n111/f32
f32:pg4t07ozor 3d
d219:dir:0
Invalid operation
d16
d169/
d172/
d219/
d288/
f199
f32
n69
d16
d169/
d172/
d219/
d22
d288/
f199
f32
n69
d22:61
Null
d16
d169/
d172/
d219/
d22
d288/
d69/
f199
f32
n69
d22:FF
d219:dir:0
n111/
├── d104/
├── d16
├── d169/
├── d172/
├── d219/
│   ├── d197
│   ├── f197/
│   └── n66/
├── d22
├── d288/
├── d37/
├── d69/
├── f199
├── f32
└── n69
f32:13
d16:11
f199:11
n69:8
d22:3
d216:0
Invalid operation
Invalid operation
d219:dir:0
n111/
├── d104/
├── d16
├── d169/
├── d172/
├── d216
├── d219/
│   ├── d197
│   ├── f197/
│   └── n66/
├── d22
├── d288/
├── d37/
├── d69/
├── f199
├── f32
└── n69
d22:D1 73
/d142/d126/d7/d259/n111/f32
d219:dir:0
f32:pg4t07ozor 3dmo83r5oqbkn8emu
f32:pg4t07ozor 3dmo83r5oqbkn8emu
d104/
d169/
d172/
d179/
d216
d219/
d288/
f199
f22
f32
n69
Null
Invalid operation
/d142/d126/d7/d259/n111/f32
d216:50
/d142/d126/d7/d259/n111/f32
n111:dir:0
Invalid operation
d85
f14
n111/
n35
n35:36
d85:1
f14:0
n111:dir:0
d85
n111/
n35
n35:8 bi6r2nnn_knpix5hgr_de23-nc09b17 7a
n111/
├── d104/
├── d172/
├── d179/
├── d216
├── d219/
│   ├── d197
│   ├── f197/
│   └── n66/
├── d233
├── d288/
├── f105
├── f199
├── f22
├── f32
└── n69
d219:dir:0
d166:
d166:
d216:00
Null
d192
n111/
├── d104/
├── d172/
│   └── d192
├── d179/
├── d216
├── d219/
│   ├── d197
│   ├── f197/
│   └── n66/
├── d233
├── d288/
├── f105
├── f199
├── f22
├── f32
└── n69
Null
Invalid operation
/d142/d126/d7/d259/n111/d172/d192
f32:pg4t07ozor 3dmo83r5oqbkn8emuhikkz lmue- nc-jy62m-3q54r
d216:13
Invalid operation
Invalid operation
/d142/d126/d7/d259/n111/f32
Invalid operation
f32:59
d97:11
d216:8
n69:8
f40:3
d233:0
f105:0
f22:0
/d142/d126/d7/d259/n111/f32
f32:59
d97:11
d216:00
d104/
d172/
d179/
d216
d219/
d233
d288/
d97
f22
f224
f32
f40
n53
n69
Invalid operation
Invalid operation
d216:00 50 62 00
d104/
d172/
d179/
d216
d219/
d233
d288/
d97
f178
f22
f224
f32
f40
n53
n69
Invalid operation
f197/
Invalid operation
d216:11
Null
Invalid operation
f55/
n28/
n28:dir:0
d216:BE
/d142/d126/d7/d259/n111/d219/f197/f46
n28:dir:0
Invalid operation
/d142/d126/d7/d259/n111/d219/f197/f46
Invalid operation
n28:dir:0
/d142/d126/d7/d259/n111/d219/f197/f46
f135
f179
f222/
f40/
f46
f55/
n28/
n53/
f135
f179
f222/
f258
f40/
f46
f55/
n28/
n53/
d216:BE 50
d216:8E 67 F0 BE 50 00
f135
f179
f258
f40/
f46
f55/
f63
n28/
n53/
f135
f179
f258
f40/
f46
f55/
f63
n28/
n53/
f191
Null
f135
f179
f258
f40/
f46
f55/
n28/
n53/
f197/
├── d268/
├── f135
├── f179
├── f258
├── f40/
├── f46
├── f55/
│   └── f191
├── n28/
└── n53/
d268/
f135
f179
f258
f40/
f46
f55/
n28/
n53/
d268/
f135
f179
f258
f40/
f46
f55/
n28/
n53/
d216:4E 1D 81 5C 00 00 00 00
Null
Invalid operation
Invalid operation
/d142/d126/d7/d259/n111/d219/f197/f46
f197/
├── d219/
├── d268/
├── f135
├── f179
├── f258
├── f40/
├── f46
├── f55/
│   └── f191
├── f96
├── n53/
└── n57
f46:26
d216:B8 60 4E 1D 81 5C 00 00 00 00 00 DB 35 DB 26 79 C0 80 00 00 F9 E6 7D
d216:7D B0 6E
f197:45 D8
d219/
d268/
d62/
f135
f161
f179
f197
f246
f258
f40/
f42/
f46
f55/
f96
n41/
n53/
n57
n70
f46:..s-scxw 5zhrtinljau.dk6dzp90pdatz2
f135:qymhb5g9
/d142/d126/d7/d259/n111/d219/f197/f135
d219/
d243
d268/
d62/
d72
f135
f161
f179
f197
f246
f252/
f258
f40/
f42/
f55/
f96
n41/
n53/
n57
n70
f197/
├── d219/
├── d243
├── d268/
├── d62/
├── d72
├── f135
├── f161
├── f179
├── f197
├── f246
├── f252/
├── f258
├── f40/
├── f42/
├── f55/
│   └── f191
├── f96
├── n41/
├── n53/
├── n57
└── n70
/d142/d126/d7/d259/n111/d219/f197/f135
f197:45 D8
f197:D8
f197:93
d277:dir:0
Invalid operation
/d142/d126/d7/d259/n111/d219/f197/f135
f42/
└── d277/
Invalid operation
f135:qymhb5g9
d277/
n12
f55:dir:0
Invalid operation
Invalid operation
/d142/d126/d7/d259/n111/d219/f197/f135
f197:7E 03 E3 BF
f246:17
f258:17
f197:11
n57:11
d213
d219/
d243
d254
d268/
d62/
d72
d87
f135
f179
f197
f246
f252/
f258
f40/
f42/
f55/
f96
n53/
n57
n70
d213
d219/
d243
d254
d268/
d62/
d72
d87
f135
f179
f197
f246
f252/
f258
f40/
f42/
f55/
f96
n53/
n57
n70
Invalid operation
f197/
├── d213
├── d219/
├── d243
├── d254
├── d268/
├── d62/
├── d72
├── d87
├── f135
├── f179
├── f197
├── f246
├── f252/
├── f258
├── f40/
├── f42/
│   ├── d277/
│   └── n12
├── f55/
│   └── f191
├── f63/
├── f96
├── n53/
├── n57
└── n70
d213
d219/
d243
d254
d268/
d62/
d72
d87
f135
f179
f197
f246
f252/
f258
f40/
f42/
f55/
f63/
f96
n53/
n57
n70
f135:qymhb5g9x
f135:qymhb5g9x
f55:dir:0
f246:17
f258:17
f197:11
/d142/d126/d7/d259/n111/d219/f197/f135
d213
d219/
d243
d254
d268/
d62/
d72
d87
f135
f179
f197
f246
f252/
f258
f40/
f42/
f55/
f96
n53/
n57
n70
d213
d219/
d243
d254
d268/
d62/
d72
d87
f135
f179
f197
f246
f252/
f258
f40/
f42/
f55/
f96
n53/
n57
n70
Invalid operation
f197/
├── d213
├── d219/
├── d243
├── d254
├── d268/
├── d62/
├── d72
├── d87
├── f135
├── f179
├── f197
├── f246
├── f252/
├── f258
├── f40/
├── f42/
│   ├── d277/
│   └── n12
├── f55/
│   └── f191
├── f96
├── n53/
├── n57
└── n70
f135:qymhb5g9x
f197:1A
n66:dir:0
d197
d214
d46
f197/
n66/
d214:0
d46:0
d219/
├── d119
├── d197
├── d214
├── d46
├── f197/
│   ├── d213
│   ├── d219/
│   ├── d243
│   ├── d254
│   ├── d268/
│   ├── d62/
│   ├── d72
│   ├── d87
│   ├── f135
│   ├── f179
│   ├── f197
│   ├── f246
│   ├── f252/
│   ├── f258
│   ├── f40/
│   ├── f42/
│   │   ├── d277/
│   │   └── n12
│   ├── f55/
│   │   └── f191
│   ├── f96
│   ├── n53/
│   ├── n57
│   └── n70
└── n66/
Invalid operation
Invalid operation
d213
d219/
d243
d254
d268/
d62/
d72
d87
f135
f179
f197
f246
f252/
f258
f40/
f42/
f55/
f96
n53/
n57
n70
n91
Invalid operation
Invalid operation
f246:17
f197:24 C2 49 AA F0 61 81 34 55
Invalid operation
Invalid operation
/d142/d126/d7/d259/n111/d219/f197/f135
d170
d213
d219/
d243
d254
d268/
d293/
d62/
d72
d87
f135
f179
f197
f246
f258
f40/
f42/
f55/
f96
n53/
n57
n70
d170
d213
d219/
d243
d254
d268/
d293/
d62/
d72
d87
f135
f179
f197
f246
f258
f40/
f42/
f55/
f96
n53/
n57
n70
/d142/d126/d7/d259/n111/d219/f197/f135
d213
d219/
d243
d254
d268/
d48/
d62/
d72
f135
f179
f197
f246
f258
f40/
f55/
f96
n53/
n57
n70
d214:
d226:00
d85
n111/
n35
Invalid operation
d85
f11/
n111/
n35
Null
Invalid operation
d226:CD 6D
d7/
├── d226
├── d259/
│   ├── d85
│   ├── f11/
│   ├── n111/
│   │   ├── d104/
│   │   │   └── d160
│   │   ├── d172/
│   │   ├── d179/
│   │   ├── d216
│   │   ├── d219/
│   │   │   ├── d119
│   │   │   ├── d197
│   │   │   ├── d214
│   │   │   ├── d46
│   │   │   ├── f197/
│   │   │   │   ├── d213
│   │   │   │   ├── d219/
│   │   │   │   ├── d243
│   │   │   │   ├── d254
│   │   │   │   ├── d268/
│   │   │   │   ├── d62/
│   │   │   │   ├── d72
│   │   │   │   ├── f135
│   │   │   │   ├── f179
│   │   │   │   ├── f197
│   │   │   │   ├── f246
│   │   │   │   ├── f258
│   │   │   │   ├── f40/
│   │   │   │   ├── f55/
│   │   │   │   │   └── f191
│   │   │   │   ├── f96
│   │   │   │   ├── n53/
│   │   │   │   ├── n57
│   │   │   │   └── n70
│   │   │   └── n66/
│   │   ├── d233
│   │   ├── d288/
│   │   ├── d97
│   │   ├── f178
│   │   ├── f22
│   │   ├── f224
│   │   ├── f32
│   │   ├── f40
│   │   ├── f83/
│   │   ├── n53
│   │   └── n69
│   └── n35
├── f51/
└── f60/
Invalid operation
Invalid operation
d125:8
Invalid operation
Invalid operation
d166:D9 81 C3 3B
d85
f11/
f263
n111/
n112
n35
/d142/d126/d7/d259/n35
d85
f11/
f263
n111/
n112
n35
n65
Invalid operation
/d142/d126/d7/d125
/d142/d126/d7/d125
Invalid operation
d125
d259/
d55/
d64/
f51/
f60/
f60:dir:0
d7/
├── d125
├── d259/
│   ├── d85
│   ├── f11/
│   ├── f263
│   ├── n111/
│   │   ├── d104/
│   │   │   └── d160
│   │   ├── d172/
│   │   ├── d179/
│   │   ├── d216
│   │   ├── d219/
│   │   │   ├── d119
│   │   │   ├── d197
│   │   │   ├── d214
│   │   │   ├── d46
│   │   │   ├── f197/
│   │   │   │   ├── d213
│   │   │   │   ├── d219/
│   │   │   │   ├── d243
│   │   │   │   ├── d254
│   │   │   │   ├── d268/
│   │   │   │   ├── d62/
│   │   │   │   ├── d72
│   │   │   │   ├── f135
│   │   │   │   ├── f179
│   │   │   │   ├── f197
│   │   │   │   ├── f246
│   │   │   │   ├── f258
│   │   │   │   ├── f40/
│   │   │   │   ├── f55/
│   │   │   │   │   └── f191
│   │   │   │   ├── f96
│   │   │   │   ├── n53/
│   │   │   │   ├── n57
│   │   │   │   └── n70
│   │   │   └── n66/
│   │   ├── d233
│   │   ├── d288/
│   │   ├── d97
│   │   ├── f178
│   │   ├── f22
│   │   ├── f224
│   │   ├── f32
│   │   ├── f40
│   │   ├── f83/
│   │   ├── n53
│   │   └── n69
│   ├── n112
│   ├── n35
│   └── n65
├── d55/
├── d64/
├── f58/
└── f60/
d7/
├── d125
├── d259/
│   ├── d85
│   ├── f11/
│   ├── f263
│   ├── n111/
│   │   ├── d104/
│   │   │   └── d160
│   │   ├── d172/
│   │   ├── d179/
│   │   ├── d216
│   │   ├── d219/
│   │   │   ├── d119
│   │   │   ├── d197
│   │   │   ├── d214
│   │   │   ├── d46
│   │   │   ├── f197/
│   │   │   │   ├── d213
│   │   │   │   ├── d219/
│   │   │   │   ├── d243
│   │   │   │   ├── d254
│   │   │   │   ├── d268/
│   │   │   │   ├── d62/
│   │   │   │   ├── d72
│   │   │   │   ├── f135
│   │   │   │   ├── f179
│   │   │   │   ├── f197
│   │   │   │   ├── f246
│   │   │   │   ├── f258
│   │   │   │   ├── f40/
│   │   │   │   ├── f55/
│   │   │   │   │   └── f191
│   │   │   │   ├── f96
│   │   │   │   ├── n53/
│   │   │   │   ├── n57
│   │   │   │   └── n70
│   │   │   └── n66/
│   │   ├── d233
│   │   ├── d288/
│   │   ├── d97
│   │   ├── f178
│   │   ├── f22
│   │   ├── f224
│   │   ├── f32
│   │   ├── f40
│   │   ├── f83/
│   │   ├── n53
│   │   └── n69
│   ├── n112
│   ├── n35
│   └── n65
├── d55/
├── d64/
├── f58/
└── f60/
d125
d259/
d55/
d64/
f58/
f60/
f60:dir:0
Invalid operation
Invalid operation
d126/
├── d166
├── d27/
├── d52
├── d7/
│   ├── d125
│   ├── d259/
│   │   ├── d85
│   │   ├── f11/
│   │   ├── f263
│   │   ├── n111/
│   │   │   ├── d104/
│   │   │   │   └── d160
│   │   │   ├── d172/
│   │   │   ├── d179/
│   │   │   ├── d216
│   │   │   ├── d219/
│   │   │   │   ├── d119
│   │   │   │   ├── d197
│   │   │   │   ├── d214
│   │   │   │   ├── d46
│   │   │   │   ├── f197/
│   │   │   │   │   ├── d213
│   │   │   │   │   ├── d219/
│   │   │   │   │   ├── d243
│   │   │   │   │   ├── d254
│   │   │   │   │   ├── d268/
│   │   │   │   │   ├── d62/
│   │   │   │   │   ├── d72
│   │   │   │   │   ├── f135
│   │   │   │   │   ├── f179
│   │   │   │   │   ├── f197
│   │   │   │   │   ├── f246
│   │   │   │   │   ├── f258
│   │   │   │   │   ├── f40/
│   │   │   │   │   ├── f55/
│   │   │   │   │   │   └── f191
│   │   │   │   │   ├── f96
│   │   │   │   │   ├── n53/
│   │   │   │   │   ├── n57
│   │   │   │   │   └── n70
│   │   │   │   └── n66/
│   │   │   ├── d233
│   │   │   ├── d288/
│   │   │   ├── d97
│   │   │   ├── f178
│   │   │   ├── f22
│   │   │   ├── f224
│   │   │   ├── f32
│   │   │   ├── f40
│   │   │   ├── f83/
│   │   │   ├── n53
│   │   │   └── n69
│   │   ├── n112
│   │   ├── n35
│   │   └── n65
│   ├── d55/
│   ├── d64/
│   └── f60/
├── f188
└── f285
d166
d27/
d52
d7/
f188
f285
d52:xine03td70w0phwyyi1jpqg9msff60
d52:30
d166:19
f188:11
d52:30
d166:19
f188:11
d166:81 C3 89 91 AE 77 6F 20
d52:xine03td70w0phwyyi1jpqg9msff60xzo86q
d52:xine03td70w0phwyyi1jpqg9msff60xzo86q
n99/
Invalid operation
n99/
n99/
d166:00 00
d98/
n99/
/d142/d126/d52
f84/
├── d98/
└── n99/
d166:C0
n99/
d52:xine03td70w0phwyyi1jpqg9msff60xzo86q
Null
Invalid operation
Invalid operation
d166:FF 00 EE BD F1 68 CE C0 00 00 00 00 00 00
d166
d27/
d52
d56
d77
f198/
f84/
Invalid operation
Invalid operation
d52:md:40
Invalid operation
d52:40
d56:14
d11:10
d37:9
Invalid operation
Invalid operation
/d142/d126/d52
Invalid operation
d52:xine03td70w0phwyyi1jpqg9msff60xzo86qj6jp
Invalid operation
Invalid operation
d11
d27/
d37
d52
d89/
f267/
f84/
Invalid operation
Invalid operation
/d142/d126/d52
d37:C4 50
d11
d37
d52
d89/
f267/
f84/
d52:xine03td70w0phwyyi1jpqg9msff60xzo86qj6jp4x- y393xuxv-px7_
Invalid operation
/d142/d7
Invalid operation
f175:00 00 EA 6E C8 F9 00 00 00 00 00 BE
d7:txt:26
d74:6r_ekvoi79mkrwqxjuj75v3e_-_x
/d74
Invalid operation
d127/
d13
d141/
d142/
d154
d163
d262/
d265
d269
d272
d277/
d295/
d6
d74
f102
f107/
f112
f120
f132/
f134/
f175
f180/
f186
f19
f222/
f24/
f243/
f35/
f4/
f81/
n17/
n29
n33/
n46/
n57
n99/
Invalid operation
f175:29
d74:28
d269:17
d6:13
f19:10
d13:9
f180:dir:0
Invalid operation
f175:2D E4 D9 EF B8 C5 F5 3E 00 40 41 12 CE 54 00 00 00 EA
f175:40 41 12 CE 54 00 00 00 EA 6E C8
f180:dir:0
d127/
d13
d141/
d142/
d154
d163
d262/
d265
d269
d272
d277/
d295/
d6
d74
f102
f107/
f112
f120
f132/
f134/
f175
f180/
f186
f19
f215/
f222/
f24/
f243/
f35/
f4/
f81/
n17/
n29
n33/
n46/
n57
n94
n99/
Invalid operation
Invalid operation
Invalid operation
Invalid operation
f175:11
d127/
d13
d141/
d142/
d154
d163
d262/
d265
d269
d272
d277/
d295/
d6
d74
f102
f107/
f112
f120
f132/
f134/
f175
f180/
f186
f19
f215/
f222/
f24/
f243/
f35/
f4/
f81/
n17/
n29
n33/
n46/
n57
n94
n99/
Invalid operation
Invalid operation
d127/
d13
d141/
d142/
d154
d163
d262/
d265
d269
d272
d277/
d295/
d6
d74
f102
f107/
f112
f120
f132/
f134/
f175
f180/
f186
f19
f215/
f222/
f24/
f243/
f35/
f4/
f81/
n17/
n29
n33/
n46/
n57
n94
n99/
d127/
d13
d141/
d142/
d154
d163
d262/
d265
d269
d272
d277/
d295/
d6
d74
f102
f107/
f112
f120
f132/
f134/
f175
f180/
f186
f19
f215/
f222/
f24/
f243/
f35/
f4/
f81/
n17/
n29
n33/
n46/
n57
n94
n99/
d127/
d13
d141/
d142/
d154
d163
d262/
d265
d269
d272
d277/
d295/
d6
d74
f102
f107/
f112
f120
f132/
f134/
f175
f180/
f186
f19
f215/
f222/
f24/
f243/
f35/
f4/
f81/
n17/
n29
n33/
n46/
n57
n94
n99/
/d163
d127/
d13
d141/
d142/
d154
d163
d262/
d265
d269
d272
d277/
d295/
d6
d74
f102
f107/
f112
f120
f132/
f134/
f137
f175
f180/
f186
f19
f215/
f222/
f24/
f243/
f35/
f4/
f81/
n17/
n29
n33/
n46/
n57
n94
n99/
d74:42
f175:29
d269:17
d6:13
f19:10
Invalid operation
Null
d127/
d13
d141/
d142/
d154
d163
d262/
d265
d269
d272
d277/
d295/
d6
d74
f102
f107/
f112
f120
f132/
f134/
f137
f175
f180/
f186
f19
f215/
f222/
f24/
f243/
f35/
f4/
f81/
n17/
n29
n33/
n46/
n57
n94
n99/
Invalid operation
d74:6r_ekvoi79mkrwqxjuj75v3e_-_xxm3e2mxrdal3 6
f180:dir:0
f24/
├── d216
└── f88
f24/
├── d216
└── f88
/f24/f88
Null
/d74
f175:2D E4 D9 C2 2F CB 2D 3E 00 40 41 12 CE 54
d127/
d13
d141/
d142/
d154
d163
d262/
d265
d269
d277/
d295/
d6
d74
d80/
f102
f107/
f112
f118
f120
f132/
f134/
f137
f175
f180/
f186
f19
f215/
f224/
f24/
f243/
f35/
f4/
f74
f81/
n17/
n29
n33/
n46/
n57
n94
n99/
d74:42
f180:dir:0
f180:dir:0
/n33/d270
/n33/d270
Invalid operation
Invalid operation
d74:6r_ekvoi79mkrwqxjuj75v3e_-_xxm3e2mxrdal3 60ycneyq
f180:dir:0
Invalid operation
Invalid operation
d127/
d13
d141/
d142/
d154
d262/
d265
d269
d277/
d295/
d6
d74
d80/
f102
f107/
f112
f118
f120
f132/
f134/
f137
f175
f180/
f186
f19
f215/
f224/
f24/
f243/
f35/
f4/
f74
f81/
n17/
n29
n33/
n46/
n57
n94
n99/
f175:4F B7 FC 56 2F CC 95
d260
d260:bin:0
d260:bin:0
Invalid operation
Invalid operation
Null
d74:71
f175:30
d269:17
f175:2D E4 D9 C2 2F CB 2D 3E 00 40 41 12 CE 54 00
Invalid operation
Invalid operation
Invalid operation
Invalid operation
d258:51 D9 99 CD 55 00 00 07
f99:md:0
d199/
├── f74/
└── f99
d258:02 00 82 04 C0 EC
Null
/f180/d258
Invalid operation
f180/
├── d153/
├── d155/
├── d157
├── d168
├── d183/
├── d199/
│   ├── f149
│   ├── f74/
│   └── f99
├── d236
├── d258
├── d261/
├── f223
├── f240
├── f260
├── f296
├── f53
├── f7/
├── n83
└── n88/
Invalid operation
f180/
├── d130
├── d153/
├── d155/
├── d157
├── d168
├── d183/
├── d199/
│   ├── f149
│   ├── f74/
│   └── f99
├── d236
├── d258
├── d261/
├── f223
├── f240
├── f260
├── f53
├── f7/
├── n83
└── n88/
/f180/d258
/f180/d258
Invalid operation
Invalid operation
Invalid operation
Invalid operation
d261/
d258:00
d261/
Invalid operation
Invalid operation
d258:bin:28
Invalid operation
Invalid operation
d130
d153/
d155/
d157
d168
d183/
d199/
d236
d258
d261/
d69/
f223
f240
f260
f53
f7/
n83
n88/
d130
d153/
d155/
d157
d168
d183/
d199/
d236
d258
d261/
d69/
f223
f240
f260
f53
f7/
n83
d130
d155/
d157
d168
d183/
d199/
d236
d258
d261/
d69/
f223
f240
f260
f53
f7/
n83
d130
d155/
d157
d168
d183/
d199/
d236
d258
d261/
d69/
f223
f240
f260
f53
f7/
n83
Invalid operation
/f180/d258
Invalid operation
Invalid operation
d183/
d258:bin:26
Invalid operation
Invalid operation
Invalid operation
d143/
f69/
Invalid operation
Invalid operation
Invalid operation
Invalid operation
/f180/d258
Invalid operation
f211/
f211:dir:0
/f180/d258
d258:00 82 04 54 EC 39 44 B0 E1 51 D9 99 CD 55 00 00
Invalid operation
d258:bin:30
Invalid operation
d258:7A DE CB 7D 29 00 D5 95 7D 00 00 00 6D
d258:00
d258:bin:30
d183/
Invalid operation
Invalid operation
f126
f151
n49/
d258:7D 00 00 00 6D
n49/
f287
n49/
Invalid operation
Invalid operation
Invalid operation
d0
d106/
d130
d155/
d157
d168
d183/
d199/
d236
d258
d26
d261/
d69/
f223
f240
f260
f53
f7/
n71
n83
d258:30
d157:13
d19:13
d0:6
f260:6
f223:4
d168:3
n83:2
d258:54 EC 39 44 B0 E1 50 04 3A 08 4A DE
d0
d106/
d130
d155/
d157
d168
d183/
d19
d199/
d236
d258
d26
d261/
d69/
f223
f240
f260
f53
f7/
n71
n83
/f180/d258
Invalid operation
Invalid operation
Invalid operation
/f180/d258
d258:54 EC 39 44 B0 E1 50 04 3A 08 4A DE CB 7D 29
Invalid operation
Invalid operation
f180/
├── d0
├── d106/
├── d130
├── d155/
├── d157
├── d168
├── d183/
│   └── d10
├── d19
├── d199/
│   ├── f149
│   ├── f74/
│   └── f99
├── d211
├── d236
├── d258
├── d26
├── d261/
├── d69/
├── f152/
├── f223
├── f240
├── f260
├── f53
├── f6
├── f7/
└── n71
d10:40
Invalid operation
Invalid operation
d10
d253
f207
d10
d253
f207
n53/
f7/
Null
Invalid operation
Invalid operation
Invalid operation
Invalid operation
d258:DE CB 7D 29
d0
d106/
d130
d155/
d157
d168
d183/
d19
d199/
d211
d236
d258
d26
d261/
d69/
d73/
f152/
f223
f240
f260
f53
f6
f7/
Invalid operation
d258:00 00 00 6D
Invalid operation
d258:30
d157:13
d19:13
d0:6
d258:bin:30
d258:C9 A3 B9 DE CB 7D 29
Invalid operation
Invalid operation
d0
d106/
d130
d157
d183/
d19
d199/
d211
d258
d26
d261/
d69/
d73/
d87
f152/
f240
f53
f6
f7/
d258:bin:30
d0
d106/
d130
d155/
d157
d183/
d19
d199/
d211
d258
d26
d261/
d69/
d73/
d87
f152/
f240
f53
f6
f7/
/f180/d258
d258:7D
Invalid operation
d258:04 54 EC 39 44 B0 E1 F8 3E C9 A3
Invalid operation
d0
d106/
d130
d155/
d157
d183/
d19
d199/
d211
d258
d26
d261/
d69/
d73/
d87
f152/
f240
f53
f6
f7/
Invalid operation
Invalid operation
Null
d258:bin:32
Invalid operation
Invalid operation
f180/
├── d106/
│   └── d133
├── d155/
├── d157
├── d183/
│   ├── d10
│   ├── d253
│   ├── d80
│   └── f207
├── d19
├── d199/
│   ├── f149
│   ├── f74/
│   └── f99
├── d211
├── d258
├── d26
├── d261/
├── d69/
├── d73/
├── d87
├── f152/
├── f240
├── f52
├── f53
├── f7/
├── n1
└── n115
d106/
d155/
d157
d183/
d19
d199/
d211
d258
d26
d261/
d69/
d73/
d87
f152/
f240
f52
f53
f7/
n1
n115
f175:06 E2 8C 2D E4 D9 C2 2F CB 2D 3E 00 40 41 12 CE 54 00 00 00 4F B7 FC 56 2F CC 95
f274:dir:0
Invalid operation
d165/
d289
f274/
Invalid operation
f107/
├── d165/
├── d289
└── f274/
d165/
d289
f154/
f274/
d289:7
Invalid operation
d165/
d289
f154/
d289
f154/
f274/
d289
f154/
f274/
d74:6r_ekvoi79mkrwqxjuj75v3e_-_xxm3e2mxrdal3 60ycneyqb .c_yviy5r2v1pl7ywv56x7drttscpmch-u8
f175:2F CC 95
f175:00 00
d74:6r_ekvoi79mkrwqxjuj75v3e_-_xxm3e2mxrdal3 60ycneyqb .c_yviy5r2v1pl7ywv56x7drttscpmch-u8xx
d74:88
f175:27
d269:17
d74:6r_ekvoi79mkrwqxjuj75v3e_-_xxm3e2mxrdal3 60ycneyqb .c_yviy5r2v1pl7ywv56x7drttscpmch-u8xx
d127/
d13
d141/
d142/
d225
d262/
d265
d269
d277/
d295/
d74
d80/
f102
f107/
f112
f118
f120
f132/
f134/
f137
f175
f180/
f186
f19
f20/
f215/
f224/
f24/
f243/
f35/
f4/
f71
f74
f81/
n106/
n17/
n29
n33/
n46/
n57
n94
n99/
d127/
d13
d141/
d142/
d222
d225
d262/
d265
d269
d277/
d295/
d74
d80/
f102
f107/
f112
f118
f120
f132/
f134/
f137
f175
f180/
f186
f19
f20/
f215/
f224/
f24/
f243/
f35/
f4/
f71
f74
f81/
n106/
n17/
n29
n33/
n46/
n57
n94
n99/
f180:dir:0
Invalid operation
f180:dir:0
d74:6r_ekvoi79mkrwqxjuj75v3e_-_xxm3e2mxrdal3 60ycneyqb .c_yviy5r2v1pl7ywv56x7drttscpmch-u8xxtf7wg-iqh4
f180:dir:0
Invalid operation
f175:06 E2 8C 2D E4 D9 B4 47 CB 2D 3E 00 40 41 46 48 54 00 00 00 4F B7
d127/
d13
d141/
d142/
d217
d225
d262/
d265
d269
d277/
d295/
d5/
d74
f102
f107/
f112
f118
f120
f132/
f134/
f137
f175
f180/
f186
f19
f20/
f224/
f24/
f243/
f35/
f4/
f71
f74
f81/
n106/
n17/
n33/
n46/
n57
n94
n99/
/d74
d127/
d13
d141/
d142/
d217
d225
d262/
d265
d269
d277/
d295/
d5/
d74
f102
f107/
f112
f118
f120
f132/
f134/
f137
f175
f180/
f186
f19
f20/
f224/
f24/
f243/
f35/
f4/
f71
f74
f81/
n106/
n17/
n33/
n46/
n57
n94
n99/
Invalid operation
f180:dir:0
Invalid operation
d74:6r_ekvoi79mkrwqxjuj75v3e_-_xxm3e2mxrdal3 60ycneyqb .c_yviy5r2v1pl7ywv56x7drttscpmch-u8xxtf7wg-iqh4
d27
Invalid operation
d27:4
/n17/d27
d27:94 CF F0 FE
Invalid operation
f107/
├── d289
├── f154/
└── f274/
Invalid operation
Invalid operation
Invalid operation
n33
Invalid operation
f175:D9 B4 47 CB 2D DD E5 40 41 46 48 54 00 00 00 4F B7 FC 56
n33:12
n33
f175:F0
f175:CC B8 E1 00 00 37 F0
/d269
/d74
Invalid operation
Invalid operation
d74:6r_ekvoi79mkrwqxjuj75v3e_-_xxm3e2mxrdal3 60ycneyqb .c_yviy5r2v1pl7ywv56x7drttscpmch-u8xxtf7wg-iqh4
d74:6r_ekvoi79mkrwqxjuj75v3e_-_xxm3e2mxrdal3 60ycneyqb .c_yviy5r2v1pl7ywv56x7drttscpmch-u8xxtf7wg-iqh4
Invalid operation
f180:dir:0
Invalid operation
d13
d141/
d142/
d217
d225
d244/
d262/
d265
d269
d277/
d295/
d5/
d74
f10
f102
f107/
f112
f118
f120
f132/
f134/
f137
f175
f180/
f186
f19
f20/
f224/
f24/
f243/
f35/
f4/
f71
f74
f81/
n106/
n17/
n33/
n46/
n57
n94
n99/
d74:6r_ekvoi79mkrwqxjuj75v3e_-_xxm3e2mxrdal3 60ycneyqb .c_yviy5r2v1pl7ywv56x7drttscpmch-u8xxtf7wg-iqh4
Invalid operation
/d74
d74:98
f175:30
d269:17
f19:10
d13:9
d13
d141/
d142/
d217
d225
d244/
d262/
d265
d269
d277/
d295/
d5/
d74
f10
f102
f107/
f112
f118
f120
f132/
f134/
f137
f175
f180/
f186
f19
f20/
f200/
f224/
f24/
f243/
f35/
f4/
f71
f74
f81/
n106/
n17/
n33/
n46/
n57
n99/
Invalid operation
d13
d141/
d142/
d217
d225
d244/
d262/
d265
d269
d277/
d295/
d5/
d74
f10
f102
f107/
f112
f118
f120
f132/
f134/
f137
f175
f180/
f186
f19
f20/
f200/
f224/
f24/
f243/
f248/
f35/
f4/
f71
f74
f81/
n106/
n17/
n46/
n57
n99/
d74:6r_ekvoi79mkrwqxjuj75v3e_-_xxm3e2mxrdal3 60ycneyqb .c_yviy5r2v1pl7ywv56x7drttscpmch-u8xxtf7wg-iqh4s2rg760
d126/
d7
f109/
f159
f206/
f239
f242
f253/
f64/
f85/
n22/
n32/
n56
n86
n94/
d7:c_gr.ddo9j ab68cj-_kjrlti3
Invalid operation
d126/
d7
f109/
f159
f206/
f239
f242
f253/
f64/
f85/
n22/
n32/
n56
n86
n94/
f175:00 00
d7:txt:26
f175:00 9D
d13
d137
d141/
d142/
d217
d225
d244/
d262/
d265
d269
d277/
d295/
d5/
d74
f10
f102
f107/
f112
f118
f120
f132/
f134/
f137
f175
f180/
f186
f19
f20/
f200/
f224/
f24/
f243/
f248/
f35/
f4/
f40
f71
f74
f81/
n106/
n17/
n46/
n57
n99/
Invalid operation
d74:6r_ekvoi79mkrwqxjuj75v3e_-_xxm3e2mxrdal3 60ycneyqb .c_yviy5r2v1pl7ywv56x7drttscpmch-u8xxtf7wg-iqh4s2rg760
d13
d137
d141/
d142/
d217
d225
d244/
d262/
d265
d269
d277/
d295/
d5/
d74
d91/
f10
f102
f107/
f112
f118
f120
f132/
f134/
f137
f175
f180/
f186
f19
f20/
f200/
f224/
f24/
f243/
f248/
f35/
f4/
f40
f71
f74
f81/
n106/
n17/
n46/
n57
n99/
d13
d137
d141/
d142/
d217
d225
d244/
d262/
d265
d269
d277/
d295/
d5/
d74
d91/
f10
f102
f107/
f112
f118
f120
f132/
f134/
f137
f165
f175
f180/
f186
f19
f20/
f200/
f224/
f24/
f243/
f248/
f35/
f4/
f40
f71
f74
f81/
n106/
n17/
n46/
n57
n99/
f180:dir:0
/d74
f175:2D DD E5 40 4D D1 D5 F4 43 00 00 9D 82
d33/
n9/
d74:6r_ekvoi79mkrwqxjuj75v3e_-_xxm3e2mxrdal3 60ycneyqb .c_yviy5r2v1pl7ywv56x7drttscpmch-u8xxtf7wg-iqh4s2rg760x
d74:6r_ekvoi79mkrwqxjuj75v3e_-_xxm3e2mxrdal3 60ycneyqb .c_yviy5r2v1pl7ywv56x7drttscpmch-u8xxtf7wg-iqh4s2rg760x
d74:6r_ekvoi79mkrwqxjuj75v3e_-_xxm3e2mxrdal3 60ycneyqb .c_yviy5r2v1pl7ywv56x7drttscpmch-u8xxtf7wg-iqh4s2rg760x
d5/
d74:114
f175:41
d269:17
n26:17
d13
d137
d142/
d211
d217
d225
d244/
d262/
d265
d269
d277/
d295/
d5/
d74
d91/
f10
f102
f107/
f112
f118
f120
f132/
f134/
f137
f175
f180/
f186
f19
f196/
f20/
f200/
f24/
f243/
f248/
f261
f35/
f4/
f40
f71
f81/
n106/
n17/
n26
n46/
n57
n99/
/d74
d74:6r_ekvoi79mkrwqxjuj75v3e_-_xxm3e2mxrdal3 60ycneyqb .c_yviy5r2v1pl7ywv56x7drttscpmch-u8xxtf7wg-iqh4s2rg760xxjugf0js
n57:E4
Invalid operation
d74:125
n26:17
f19:10
d13:9
f120:8
Invalid operation
Invalid operation
f180:dir:0
Invalid operation
d13
d137
d142/
d211
d217
d220
d225
d244/
d262/
d265
d277/
d295/
d5/
d74
d91/
f10
f102
f107/
f118
f120
f132/
f134/
f137
f180/
f186
f19
f196/
f20/
f200/
f24/
f243/
f248/
f261
f35/
f4/
f40
f71
f81/
n106/
n17/
n26
n46/
n57
n99/
d13
d137
d142/
d211
d217
d220
d225
d244/
d262/
d265
d277/
d295/
d5/
d74
d91/
f10
f102
f107/
f118
f120
f132/
f134/
f137
f180/
f186
f19
f196/
f20/
f200/
f24/
f243/
f248/
f261
f35/
f4/
f40
f71
f81/
n106/
n17/
n26
n46/
n57
n99/
Invalid operation
d13
d137
d142/
d21
d211
d217
d220
d225
d244/
d262/
d265
d277/
d295/
d5/
d74
d91/
f10
f102
f107/
f118
f120
f132/
f134/
f137
f180/
f19
f196/
f20/
f200/
f24/
f243/
f248/
f261
f35/
f4/
f40
f71
f81/
n106/
n17/
n26
n46/
n57
n99/
Invalid operation
Invalid operation
f196/
n57:E1 31 B1 B8 4B C6 91
Invalid operation
f180:dir:0
f180:dir:0
f180:dir:0
/d74
/d74
f180:dir:0
Invalid operation
Invalid operation
Invalid operation
Invalid operation
f196/
f196/
n57:78
Invalid operation
n57:85 5D 02 1D
d165
d260
Invalid operation
Invalid operation
d165
d260
d80/
Invalid operation
Invalid operation
Invalid operation
Invalid operation
Invalid operation
/f134/d260
Invalid operation
d165
d260
d165
d260
Invalid operation
/f134/d260
Invalid operation
d260:bin:4
d121/
d167
f210/
Invalid operation
/f134/d167
Invalid operation
Invalid operation
d121/
d167
f210/
f295
Invalid operation
Invalid operation
Invalid operation
f210:dir:0
d121/
d167
d233
f1
f210/
d167:D1 00
d121/
d167
d233
f1
f210/
Null
Invalid operation
Invalid operation
n57:8C 00 EF
f180:dir:0
Invalid operation
d74:133
n57:22
n26:17
f19:10
d13:9
f120:8
Invalid operation
Invalid operation
Invalid operation
/d74
d74:133
n57:21
n26:17
f19:10
d13:9
f120:8
d103/
d13
d137
d142/
d188/
d21
d211
d220
d225
d244/
d262/
d265
d277/
d281/
d295/
d5/
d74
d91/
f10
f102
f107/
f118
f120
f132/
f134/
f137
f180/
f19
f196/
f200/
f24/
f243/
f248/
f261
f35/
f4/
f40
f65
f71
f81/
n106/
n17/
n26
n46/
n57
n99/
f180:dir:0
f180:dir:0
d103/
d13
d137
d142/
d188/
d21
d211
d220
d225
d244/
d262/
d265
d277/
d281/
d295/
d5/
d74
d91/
f10
f102
f107/
f118
f120
f132/
f134/
f137
f180/
f19
f196/
f200/
f24/
f243/
f248/
f261
f35/
f4/
f40
f65
f71
f81/
n106/
n17/
n26
n46/
n57
n99/
Invalid operation
f6:txt:19
Invalid operation
Invalid operation
Invalid operation
/d74
n57:54 76 A7 0F 4C C0 68 E4 2F 8C 00 EF 77 CA 85 5D 19
Invalid operation
Null
f180:dir:0
Invalid operation
n57:76 A7 0F 4C C0 68 E4
d74:6r_ekvoi79mkrwqxjuj75v3e_-_xxm3e2mxrdal3 60ycneyqb .c_yviy5r2v1pl7ywv56x7drttscpmch-u8xxtf7wg-iqh4s2rg760xxjugf0jsfhjck4wcbzhx0gh7w l
Null
n57:85 DB 7C E2 F4 CC
Invalid operation
/d74
f180:dir:0
/f200/d40
n57:2F 8C 00 EF 77
d74:6r_ekvoi79mkrwqxjuj75v3e_-_xxm3e2mxrdal3 60ycneyqb .c_yviy5r2v1pl7ywv56x7drttscpmch-u8xxtf7wg-iqh4s2rg760xxjugf0jsfhjck4wcbzhx0gh7w lxa5s
/d21
Invalid operation
f180:dir:0
Invalid operation
d74:6r_ekvoi79mkrwqxjuj75v3e_-_xxm3e2mxrdal3 60ycneyqb .c_yviy5r2v1pl7ywv56x7drttscpmch-u8xxtf7wg-iqh4s2rg760xxjugf0jsfhjck4wcbzhx0gh7w lxa5s
d142/
d163
d188/
d20
d204/
d21
d211
d220
d222
d225
d244/
d262/
d265
d277/
d281/
d295/
d5/
d74
d91/
f10
f102
f107/
f112
f118
f120
f132/
f134/
f137
f162
f173
f180/
f19
f196/
f200/
f24/
f243/
f248/
f261
f35/
f4/
f40
f65
f71
f81/
n17/
n26
n46/
n57
n99/
d142/
d163
d188/
d20
d204/
d21
d211
d220
d222
d225
d244/
d262/
d265
d277/
d281/
d295/
d5/
d74
d91/
f10
f102
f107/
f118
f120
f132/
f134/
f137
f162
f173
f180/
f19
f196/
f200/
f24/
f243/
f248/
f261
f35/
f4/
f40
f65
f71
f81/
n17/
n26
n46/
n57
n99/
d74:152
n57:24
n26:17
f267:14
Invalid operation
f180:dir:0
d142/
d152/
d163
d188/
d20
d204/
d21
d211
d222
d225
d244/
d262/
d265
d277/
d281/
d295/
d5/
d74
d91/
f10
f102
f107/
f118
f120
f132/
f134/
f137
f151/
f162
f173
f180/
f19
f196/
f200/
f24/
f243/
f248/
f261
f35/
f4/
f40
f65
f71
f81/
n17/
n26
n46/
n57
n99/
f180:dir:0
n57:4C C0 68 E4 2F 8C 00 EF 77 CA 85 DB 7C E2 73 A4 07
d13/
d142/
d152/
d163
d188/
d20
d204/
d21
d211
d222
d225
d244/
d247/
d262/
d265
d277/
d281/
d295/
d5/
d74
d91/
f10
f102
f107/
f118
f120
f132/
f134/
f137
f151/
f162
f173
f180/
f19
f196/
f200/
f24/
f243/
f248/
f261
f35/
f4/
f40
f65
f71
f81/
n17/
n26
n46/
n57
n99/
f180:dir:0
Invalid operation
Invalid operation
d13/
d142/
d152/
d163
d188/
d20
d204/
d21
d211
d222
d225
d247/
d262/
d265
d277/
d281/
d295/
d5/
d74
d91/
f10
f102
f107/
f118
f120
f132/
f134/
f137
f151/
f162
f173
f180/
f19
f196/
f200/
f24/
f243/
f248/
f261
f35/
f4/
f40
f65
f71
f81/
n17/
n26
n46/
n57
n99/
n57:A4 07 8E 7A 00 00 CB 0F 90
n57:2D 00 00
Null
f180:dir:0
Invalid operation
d74:6r_ekvoi79mkrwqxjuj75v3e_-_xxm3e2mxrdal3 60ycneyqb .c_yviy5r2v1pl7ywv56x7drttscpmch-u8xxtf7wg-iqh4s2rg760xxjugf0jsfhjck4wcbzhx0gh7w lxa5s954bybm2ck3zj52_xryqbx0gc7ag
Null
d13/
d142/
d152/
d163
d188/
d204/
d21
d211
d222
d225
d244
d247/
d262/
d265
d277/
d281/
d295/
d5/
d74
d91/
f10
f107/
f118
f120
f132/
f134/
f137
f138/
f151/
f161
f162
f173
f180/
f19
f196/
f200/
f24/
f243/
f248/
f261
f35/
f4/
f40
f65
f71
f81/
n17/
n26
n46/
n57
n99/
d13/
d142/
d152/
d163
d188/
d204/
d21
d211
d222
d225
d244
d247/
d262/
d265
d277/
d281/
d295/
d5/
d74
d91/
f10
f107/
f118
f120
f132/
f134/
f137
f138/
f151/
f161
f162
f173
f180/
f19
f196/
f200/
f24/
f243/
f248/
f261
f35/
f4/
f40
f65
f71
f81/
n17/
n26
n46/
n57
n99/
d74:165
Invalid operation
n57:85 DB 7C E2 73 A4 07 8E 7A 00 00 CB 0F 90
d74:6r_ekvoi79mkrwqxjuj75v3e_-_xxm3e2mxrdal3 60ycneyqb .c_yviy5r2v1pl7ywv56x7drttscpmch-u8xxtf7wg-iqh4s2rg760xxjugf0jsfhjck4wcbzhx0gh7w lxa5s954bybm2ck3zj52_xryqbx0gc7ag
f180:dir:0
Invalid operation
d74:165
f180:dir:0
n57:A7 0F 4C C0 68 E4 2F 8C 00 EF 77 CA 85 DB 7C E2 73 A4 07 8E 7A 00 00 CB 0F 90
Invalid operation
d74:6r_ekvoi79mkrwqxjuj75v3e_-_xxm3e2mxrdal3 60ycneyqb .c_yviy5r2v1pl7ywv56x7drttscpmch-u8xxtf7wg-iqh4s2rg760xxjugf0jsfhjck4wcbzhx0gh7w lxa5s954bybm2ck3zj52_xryqbx0gc7ag1tnw0.d68le3xxm
n57:07 8E 7A 00 00
Invalid operation
d74:6r_ekvoi79mkrwqxjuj75v3e_-_xxm3e2mxrdal3 60ycneyqb .c_yviy5r2v1pl7ywv56x7drttscpmch-u8xxtf7wg-iqh4s2rg760xxjugf0jsfhjck4wcbzhx0gh7w lxa5s954bybm2ck3zj52_xryqbx0gc7ag1tnw0.d68le3xxm
Invalid operation
Invalid operation
d13/
d142/
d152/
d154
d163
d187/
d188/
d204/
d21
d211
d222
d225
d247/
d262/
d265
d277/
d281/
d295/
d3
d5/
d74
d91/
d92
f0/
f10
f107/
f118
f120
f132/
f134/
f137
f138/
f151/
f162
f173
f180/
f19
f196/
f200/
f217
f24/
f243/
f248/
f261
f35/
f4/
f40
f65
f71
f75/
f81/
n17/
n26
n46/
n57
n99/
Invalid operation
/d74
Null
/d74
f180:dir:0
Invalid operation
Invalid operation
d74:6r_ekvoi79mkrwqxjuj75v3e_-_xxm3e2mxrdal3 60ycneyqb .c_yviy5r2v1pl7ywv56x7drttscpmch-u8xxtf7wg-iqh4s2rg760xxjugf0jsfhjck4wcbzhx0gh7w lxa5s954bybm2ck3zj52_xryqbx0gc7ag1tnw0.d68le3xxmhl11h6kvec60stmul2aw 
Invalid operation
d74:6r_ekvoi79mkrwqxjuj75v3e_-_xxm3e2mxrdal3 60ycneyqb .c_yviy5r2v1pl7ywv56x7drttscpmch-u8xxtf7wg-iqh4s2rg760xxjugf0jsfhjck4wcbzhx0gh7w lxa5s954bybm2ck3zj52_xryqbx0gc7ag1tnw0.d68le3xxmhl11h6kvec60stmul2aw 
n57:A4 07 8E 7A 00 00 CB 17 6B 23 34 6F 00 00
Null
Invalid operation
Invalid operation
d197/
/d74
d197/
d74:6r_ekvoi79mkrwqxjuj75v3e_-_xxm3e2mxrdal3 60ycneyqb .c_yviy5r2v1pl7ywv56x7drttscpmch-u8xxtf7wg-iqh4s2rg760xxjugf0jsfhjck4wcbzhx0gh7w lxa5s954bybm2ck3zj52_xryqbx0gc7ag1tnw0.d68le3xxmhl11h6kvec60stmul2aw 
d197:dir:0
/d74
d197/
Invalid operation
Null
d74:6r_ekvoi79mkrwqxjuj75v3e_-_xxm3e2mxrdal3 60ycneyqb .c_yviy5r2v1pl7ywv56x7drttscpmch-u8xxtf7wg-iqh4s2rg760xxjugf0jsfhjck4wcbzhx0gh7w lxa5s954bybm2ck3zj52_xryqbx0gc7ag1tnw0.d68le3xxmhl11h6kvec60stmul2aw xx
d197/
Invalid operation
d197/
d237/
f138/
├── d197/
│   └── n76
└── d237/
d197/
d237/
d197/
d74:6r_ekvoi79mkrwqxjuj75v3e_-_xxm3e2mxrdal3 60ycneyqb .c_yviy5r2v1pl7ywv56x7drttscpmch-u8xxtf7wg-iqh4s2rg760xxjugf0jsfhjck4wcbzhx0gh7w lxa5s954bybm2ck3zj52_xryqbx0gc7ag1tnw0.d68le3xxmhl11h6kvec60stmul2aw xx2cr6
Invalid operation
d74:6r_ekvoi79mkrwqxjuj75v3e_-_xxm3e2mxrdal3 60ycneyqb .c_yviy5r2v1pl7ywv56x7drttscpmch-u8xxtf7wg-iqh4s2rg760xxjugf0jsfhjck4wcbzhx0gh7w lxa5s954bybm2ck3zj52_xryqbx0gc7ag1tnw0.d68le3xxmhl11h6kvec60stmul2aw xx2cr6
Invalid operation
d74:207
n57:33
n26:17
f173:12
d92:11
f19:10
f118:7
d3:6
f180:dir:0
d74:6r_ekvoi79mkrwqxjuj75v3e_-_xxm3e2mxrdal3 60ycneyqb .c_yviy5r2v1pl7ywv56x7drttscpmch-u8xxtf7wg-iqh4s2rg760xxjugf0jsfhjck4wcbzhx0gh7w lxa5s954bybm2ck3zj52_xryqbx0gc7ag1tnw0.d68le3xxmhl11h6kvec60stmul2aw xx2cr6
n57:00
Invalid operation
d13/
d142/
d152/
d154
d157
d163
d187/
d188/
d198
d204/
d21
d211
d214
d222
d225
d247/
d262/
d265
d277/
d281/
d295/
d3
d5/
d74
d91/
d92
f0/
f10
f107/
f118
f132/
f134/
f137
f138/
f151/
f162
f173
f180/
f19
f196/
f200/
f217
f219/
f24/
f243/
f248/
f261
f272
f35/
f4/
f40
f65
f71
f81/
n12/
n17/
n26
n46/
n57
n99/
Invalid operation
Null
Invalid operation
Invalid operation
Null
/d74
d74:223
n57:33
n26:17
f173:12
Null
n57:CA 85 DB 8C E2
d13/
d142/
d152/
d154
d163
d187/
d188/
d198
d204/
d21
d211
d214
d222
d225
d247/
d249
d262/
d265
d275
d277/
d281/
d295/
d3
d5/
d74
d91/
d92
f0/
f10
f107/
f118
f132/
f134/
f137
f138/
f151/
f162
f173
f180/
f19
f196/
f200/
f217
f219/
f24/
f243/
f248/
f261
f35/
f4/
f40
f65
f71
f81/
n12/
n17/
n26
n46/
n57
n99/
d11
d140
f88
Null
f88:y0y70nxgtgs45omje
Invalid operation
n57:00 00 00
/d265
d74:225
n57:33
n26:17
Null
d74:223
n57:31
Invalid operation
n57:31
Invalid operation
d13/
d142/
d154
d163
d187/
d188/
d198
d204/
d21
d211
d214
d222
d225
d247/
d249
d262/
d265
d275
d277/
d281/
d295/
d3
d5/
d91/
d92
f10
f107/
f118
f132/
f134/
f137
f138/
f151/
f162
f173
f180/
f19
f196/
f200/
f217
f219/
f239/
f24/
f243/
f248/
f261
f35/
f4/
f40
f65
f71
f81/
n12/
n17/
n26
n46/
n57
n99/
n57:31
n26:17
f173:12
n57:31
n26:17
f173:12
Invalid operation
Invalid operation
n57:31
n26:17
f173:12
d92:11
f19:10
d13/
d130/
d142/
d154
d163
d187/
d188/
d198
d204/
d21
d211
d214
d216
d222
d225
d247/
d249
d262/
d265
d275
d277/
d281/
d295/
d3
d5/
d91/
d92
f10
f107/
f118
f132/
f134/
f137
f138/
f151/
f162
f173
f180/
f19
f196/
f200/
f217
f219/
f239/
f24/
f243/
f248/
f261
f35/
f4/
f40
f65
f71
f81/
n12/
n17/
n26
n46/
n57
n99/
n57:CA 85 AA C6 C9
n57:31
n26:17
f173:12
n57:31
n26:17
f173:12
n57:96
n57:31
n26:17
Invalid operation
/n57
Invalid operation
Invalid operation
Invalid operation
d13/
d130/
d142/
d154
d163
d187/
d188/
d198
d204/
d21
d211
d214
d216
d222
d225
d247/
d249
d262/
d265
d275
d277/
d281/
d295/
d3
d5/
d91/
d92
f10
f118
f132/
f134/
f137
f138/
f151/
f161/
f162
f173
f180/
f19
f196/
f200/
f217
f219/
f239/
f24/
f248/
f261
f35/
f4/
f40
f65
f71
f81/
n12/
n17/
n26
n46/
n57
n99/
n57:31
n26:17
f264:14
Invalid operation
Invalid operation
f180:dir:0
n57:31
n26:17
f264:14
n57:31
n26:17
n57:31
n26:17
f264:14
f173:12
d92:11
n57:31
n26:17
f264:14
/n57
n57:31
n26:17
f264:14
Invalid operation
Invalid operation
Invalid operation
n57:31
Invalid operation
f180:dir:0
/n57
d13/
d130/
d142/
d154
d163
d187/
d188/
d198
d204/
d21
d211
d214
d216
d222
d225
d247/
d249
d262/
d265
d275
d277/
d281/
d295/
d3
d5/
d91/
d92
f10
f118
f132/
f134/
f137
f138/
f151/
f161/
f162
f173
f180/
f196/
f200/
f205
f217
f219/
f239/
f24/
f248/
f261
f264
f277
f35/
f40
f65
f71
f81/
n101/
n12/
n17/
n26
n46/
n57
d13/
d130/
d142/
d154
d163
d187/
d188/
d198
d204/
d21
d211
d214
d216
d222
d225
d247/
d249
d262/
d265
d275
d277/
d281/
d295/
d3
d5/
d91/
d92
f10
f118
f132/
f134/
f137
f138/
f151/
f161/
f162
f173
f180/
f196/
f200/
f205
f217
f219/
f239/
f24/
f248/
f261
f264
f277
f35/
f40
f65
f71
f81/
n101/
n12/
n17/
n26
n46/
n57
f180:dir:0
/n57
Invalid operation
Invalid operation
d13/
d130/
d142/
d154
d163
d187/
d188/
d198
d204/
d21
d211
d214
d216
d222
d225
d247/
d249
d262/
d265
d275
d277/
d281/
d295/
d3
d5/
d7/
d91/
d92
f10
f118
f132/
f134/
f137
f138/
f151/
f161/
f162
f173
f180/
f196/
f200/
f217
f219/
f239/
f24/
f248/
f261
f264
f299/
f35/
f40
f65
f71
f81/
n101/
n12/
n17/
n26
n46/
n57
Invalid operation
f180:dir:0
Invalid operation
Invalid operation
n57:84 87 74 C3 76 F8 30 92 62 A1 C9 70 76 91 0C 49 00 00 D1 02
Invalid operation
Invalid operation
n57:31
n26:17
f264:14
d13/
d130/
d142/
d154
d163
d187/
d188/
d198
d202
d204/
d21
d211
d214
d216
d222
d225
d247/
d249
d262/
d265
d275
d277/
d281/
d295/
d3
d5/
d7/
d91/
d92
f10
f118
f132/
f134/
f137
f138/
f151/
f161/
f162
f173
f180/
f196/
f200/
f217
f219/
f239/
f24/
f248/
f261
f264
f299/
f35/
f40
f65
f71
f81/
n12/
n17/
n26
n46/
n57
n57:5C 96 20 F4 84 87 74 C3 76
Invalid operation
n57:31
n26:17
f264:14
/n57
d13/
d130/
d142/
d154
d163
d187/
d188/
d198
d202
d204/
d21
d211
d214
d216
d222
d225
d247/
d249
d262/
d265
d275
d277/
d281/
d295/
d3
d5/
d7/
d91/
d92
f10
f118
f132/
f134/
f137
f138/
f151/
f161/
f162
f173
f180/
f196/
f200/
f217
f219/
f24/
f248/
f261
f264
f299/
f35/
f40
f65
f71
f81/
n12/
n17/
n26
n46/
n57
d13/
d130/
d142/
d154
d163
d187/
d188/
d198
d202
d204/
d21
d211
d214
d216
d222
d225
d247/
d249
d262/
d265
d275
d277/
d281/
d295/
d3
d5/
d7/
d91/
d92
f10
f118
f132/
f134/
f137
f138/
f151/
f161/
f162
f173
f180/
f196/
f200/
f217
f219/
f24/
f248/
f261
f264
f299/
f35/
f40
f65
f71
f81/
n12/
n17/
n26
n46/
n57
d13/
d130/
d142/
d154
d163
d187/
d188/
d198
d202
d204/
d21
d211
d214
d216
d222
d225
d247/
d249
d262/
d265
d275
d277/
d281/
d295/
d3
d5/
d7/
d91/
d92
f10
f118
f132/
f134/
f137
f138/
f151/
f161/
f162
f173
f180/
f196/
f200/
f217
f219/
f24/
f248/
f261
f264
f299/
f35/
f40
f65
f71
f81/
n12/
n17/
n26
n46/
n57
Invalid operation
n57:A1 C9 70 76 91 0C 49 00 00 D1 02
f180:dir:0
Invalid operation
Invalid operation
/n57
d13/
d130/
d142/
d154
d163
d187/
d188/
d198
d202
d214
d216
d222
d225
d247/
d249
d262/
d265
d275
d277/
d281/
d286
d295/
d3
d5/
d7/
d91/
d92
f10
f105/
f118
f132/
f134/
f137
f138/
f151/
f161/
f162
f173
f180/
f196/
f200/
f217
f219/
f24/
f248/
f261
f264
f299/
f35/
f40
f65
f71
f81/
n12/
n17/
n26
n46/
n57
n57:20 F4 84 87 74 D4 BD BF 2A 92 62 A1 C9 70 76 91 0C 49
Invalid operation
Invalid operation
/n57
d13/
d130/
d142/
d154
d163
d187/
d188/
d198
d202
d214
d216
d222
d225
d247/
d249
d262/
d275
d277/
d281/
d286
d295/
d3
d5/
d7/
d91/
d92
d98/
f10
f118
f132/
f134/
f137
f138/
f151/
f161/
f162
f173
f180/
f196/
f200/
f217
f219/
f24/
f248/
f261
f264
f299/
f35/
f40
f65
f71
f81/
n12/
n17/
n26
n46/
n57
/n57
Invalid operation
Invalid operation
Invalid operation
d13/
d130/
d142/
d154
d163
d187/
d188/
d198
d202
d214
d216
d222
d225
d247/
d249
d262/
d275
d277/
d281/
d286
d295/
d3
d5/
d7/
d91/
d92
d98/
f10
f118
f132/
f134/
f137
f138/
f151/
f161/
f162
f173
f180/
f196/
f200/
f217
f219/
f24/
f248/
f261
f264
f299/
f35/
f40
f65
f71
f81/
n12/
n17/
n26
n46/
n57
n57:00 00 D1 02
Invalid operation
/n57
Invalid operation
Invalid operation
Invalid operation
Invalid operation
n57:27
n26:17
f264:14
n57:27
n26:17
f264:14
d13/
d130/
d136/
d142/
d154
d163
d187/
d188/
d198
d202
d210
d214
d222
d225
d247/
d249
d261/
d262/
d275
d277/
d281/
d286
d295/
d3
d5/
d7/
d91/
d92
d98/
f10
f118
f132/
f134/
f137
f138/
f151/
f161/
f162
f173
f180/
f196/
f200/
f217
f219/
f24/
f248/
f261
f264
f299/
f35/
f40
f65
f71
f81/
n12/
n17/
n26
n46/
n57
n57:96 20 F4 84 87 74 D4
Invalid operation
n57:D1 02
n57:27
n26:17
f264:14
n57:27
n26:17
f264:14
n57:27
n26:17
f264:14
n57:27
n26:17
f264:14
Invalid operation
d13/
d130/
d136/
d142/
d154
d163
d187/
d188/
d198
d202
d210
d214
d222
d225
d247/
d249
d261/
d262/
d275
d277/
d281/
d286
d295/
d3
d5/
d7/
d91/
d92
d98/
f10
f118
f132/
f134/
f137
f138/
f151/
f161/
f162
f173
f180/
f196/
f200/
f217
f219/
f24/
f248/
f261
f264
f35/
f40
f65
f71
f81/
n12/
n17/
n26
n39/
n46/
n57
n57:25
n26:17
f264:14
f173:12
d92:11
d275:7
f118:7
Invalid operation
Invalid operation
d121/
d167
d77
f1
f210/
Invalid operation
d121
d121
Invalid operation
Invalid operation
n57:28
Null
f180:dir:0
n57:00 00
Invalid operation
d40:
d40:x
d40:txt:1
n57:87 74 D4 BD BF 2A 7E B8 45 B7 1E 76
Null
Invalid operation
n57:5C 96 20 F4 84 87 74 D4 BD BF 2A 7E B8 45 B7 1E 76 71 B6 49 B2 D7 9F
n57:7E B8 45 B7 1E 76 71 B6
d2/
Invalid operation
d40:txt:9
Invalid operation
d40:xxxhaeaf2
d40:xxx
Null
f180:dir:0
Invalid operation
n57:30
Invalid operation
n57:30
n26:17
/n57
d13/
d130/
d136/
d142/
d163
d187/
d188/
d198
d202
d210
d214
d222
d225
d249
d261/
d262/
d275
d277/
d281/
d286
d295/
d3
d91/
d92
d98/
f10
f118
f132/
f134/
f137
f138/
f151/
f161/
f162
f173
f180/
f196/
f200/
f217
f219/
f24/
f248/
f261
f35/
f40
f65
f71
f81/
n12/
n16/
n17/
n26
n39/
n46/
n48/
n57
Invalid operation
f180:dir:0
n57:B7 1E 76 71 B6 49 B2 D7 9F 00 00 00 00
Invalid operation
d121
n27/
/f134/d121/d121
Invalid operation
d121
d138/
d295
f159
n27/
n27/
Invalid operation
Invalid operation
d121:13
d295:8
f159:2
Invalid operation
/f134/d121/f159
f159:pex
d138/
d295
f159
n104/
n27/
n27:dir:0
Invalid operation
Invalid operation
n27:dir:0
n27:dir:0
f159:pexn9o3rlxsdgbzcc1_.
d121/
├── d116
├── d138/
├── d295
├── f159
├── f176
├── f85
├── f98
├── n104/
└── n27/
f159:pexn9o3rlxsdgbzcc1_.
f176:CC
Null
f176:11 B9 4F D3 CC 00 00 00
d121/
├── d116
├── d138/
├── d295
├── f159
├── f176
├── f261
├── f85
└── n27/
Invalid operation
n27:dir:0
f159:pexn9o3rlxsdgbzcc1_.
d116
d138/
d295
f159
f176
f261
f85
n27/
f159:20
f176:10
d295:8
d58:8
d116:0
Invalid operation
d167:15
f180:dir:0
d13/
d136/
d142/
d163
d187/
d188/
d202
d210
d214
d222
d225
d249
d261/
d262/
d275
d277/
d281/
d286
d295/
d3
d91/
d92
d98/
f10
f118
f132/
f134/
f137
f138/
f151/
f161/
f162
f173
f180/
f196/
f200/
f217
f219/
f24/
f248/
f261
f35/
f40
f65
f71
f81/
n12/
n16/
n17/
n26
n39/
n46/
n48/
n57
d7:c_gr.ddo9j ab68cj-_kjrlti3mhl-_idda 
Null
n57:34
n26:17
f173:12
d92:11
d275:7
f118:7
d3:6
f137:4
d1/
d13/
d142/
d163
d187/
d188/
d198
d202
d210
d212
d214
d222
d225
d249
d261/
d262/
d275
d277/
d281/
d286
d295/
d3
d91/
d92
d98/
f10
f118
f132/
f134/
f137
f138/
f151/
f161/
f162
f173
f180/
f196/
f200/
f217
f219/
f24/
f248/
f261
f35/
f40
f65
f71
f81/
n12/
n16/
n17/
n26
n39/
n46/
n57
d1/
d13/
d142/
d163
d187/
d188/
d198
d202
d210
d212
d214
d222
d225
d249
d261/
d262/
d275
d277/
d281/
d286
d295/
d3
d91/
d92
d98/
f10
f118
f132/
f134/
f137
f138/
f151/
f161/
f162
f173
f180/
f196/
f200/
f217
f219/
f24/
f248/
f261
f35/
f40
f65
f71
f81/
n12/
n16/
n17/
n26
n39/
n46/
n57
Invalid operation
Invalid operation
Invalid operation
n57:00
n57:C0 94 B3 86 37 BD BF 2A 7E 93
d142/
d163
d187/
d188/
d198
d202
d210
d212
d214
d222
d225
d249
d261/
d262/
d275
d277/
d281/
d286
d295/
d3
d91/
d92
d98/
f10
f118
f132/
f134/
f137
f138/
f151/
f161/
f162
f173
f180/
f196/
f200/
f217
f219/
f24/
f248/
f261
f35/
f40
f55/
f65
f71
f81/
n12/
n16/
n17/
n26
n31/
n39/
n46/
n57
/n57
Invalid operation
f180:dir:0
Invalid operation
f180:dir:0
Invalid operation
Invalid operation
/n57
Invalid operation
n57:84 B4 88 71 B6 49 B2 D7 9F 00 00
Invalid operation
Invalid operation
f206
f253/
n98/
f206
f253/
n98/
n57:35
n26:17
f173:12
d92:11
d275:7
f118:7
f180:dir:0
d142/
d163
d188/
d198
d202
d210
d212
d214
d222
d225
d249
d261/
d262/
d275
d277/
d281/
d286
d295/
d3
d91/
d92
d98/
f10
f118
f132/
f134/
f137
f138/
f151/
f161/
f162
f173
f180/
f196/
f200/
f217
f219/
f24/
f248/
f261
f35/
f40
f71
f81/
n12/
n16/
n17/
n26
n31/
n39/
n46/
n57
n57:35
d142/
d163
d188/
d198
d202
d210
d212
d214
d222
d225
d249
d261/
d262/
d275
d277/
d281/
d286
d295/
d3
d91/
d92
d98/
f118
f132/
f134/
f137
f138/
f151/
f161/
f162
f173
f180/
f196/
f200/
f217
f219/
f24/
f248/
f261
f35/
f40
f71
f81/
n12/
n16/
n17/
n26
n31/
n39/
n46/
n57
n57:2A 7E 93 D0
d142/
d163
d188/
d198
d202
d210
d212
d214
d222
d225
d249
d261/
d262/
d275
d277/
d281/
d286
d295/
d3
d91/
d92
d98/
f118
f132/
f134/
f137
f138/
f151/
f161/
f162
f173
f180/
f196/
f200/
f217
f219/
f24/
f248/
f261
f35/
f40
f71
f81/
n12/
n16/
n17/
n26
n31/
n39/
n46/
n57
Invalid operation
/n57
Invalid operation
n57:38
n26:17
f173:12
d92:11
d275:7
/n57
Invalid operation
Invalid operation
Null
Null
Invalid operation
Invalid operation
Invalid operation
/n17/f34
f34:5hvad6y59bo
Invalid operation
n57:00 00 00
Invalid operation
Invalid operation
d33/
f34
f58
n26
n9/
f191:EA
Invalid operation
d33/
f291/
f34
f58
n26
d33/
f291/
f34
f58
n26
Null
d33:dir:0
d33:dir:0
Null
d188
d33/
f291/
f34
n26
n65
n79/
d176
d188
d33/
f164
f291/
f34
n26
n65
n79/
Null
/n17/f34
d33:dir:0
Invalid operation
n26:DD 94
d154/
d188
d33/
f120
f291/
f34
n26
n28
n79/
n26:16 5D EF B1 DD
d154/
d188
d33/
f120
f291/
f34
n26
n28
n79/
d142/
d163
d188/
d198
d202
d210
d212
d222
d225
d249
d261/
d262/
d275
d277/
d281/
d286
d295/
d3
d91/
d92
d98/
f118
f132/
f134/
f137
f138/
f151/
f161/
f162
f173
f180/
f196/
f200/
f217
f219/
f24/
f248/
f261
f262
f35/
f40
f71
f81/
n12/
n16/
n17/
n26
n31/
n46/
n57
Invalid operation
d103/
d142/
d163
d188/
d198
d202
d210
d212
d222
d225
d249
d261/
d262/
d275
d277/
d281/
d286
d295/
d3
d91/
d92
d98/
f118
f132/
f134/
f137
f138/
f151/
f161/
f162
f173
f180/
f196/
f200/
f217
f219/
f24/
f248/
f261
f262
f40
f71
f81/
n12/
n16/
n17/
n26
n31/
n46/
n57
Invalid operation
f180:dir:0
/n57
Invalid operation
n57:00 00 00 00 00 00 00
Invalid operation
Invalid operation
Invalid operation
Null
Invalid operation
/n57
Invalid operation
Null
d148:0
d103/
d142/
d163
d188/
d198
d202
d210
d212
d222
d225
d249
d262/
d275
d277/
d281/
d286
d295/
d3
d31
d91/
d92
d98/
f114
f118
f132/
f134/
f137
f138/
f151/
f161/
f162
f173
f196/
f200/
f217
f219/
f24/
f248/
f261
f262
f40
f71
f81/
n12/
n16/
n17/
n26
n31/
n46/
n57
n89
/n57
Invalid operation
Invalid operation
Invalid operation
Invalid operation
/f137
Invalid operation
Invalid operation
n17:dir:0
d31:17
n26:17
f173:12
n17:dir:0
d103/
d118/
d122/
d142/
d163
d188/
d198
d202
d210
d212
d222
d249
d275
d277/
d281/
d286
d295/
d3
d31
d91/
d92
d98/
f114
f118
f132/
f134/
f137
f138/
f151/
f161/
f162
f173
f196/
f200/
f217
f219/
f24/
f248/
f261
f262
f40
f71
f81/
n12/
n16/
n17/
n26
n31/
n46/
n89
f137:qvwp
n17:dir:0
Invalid operation
f137:qvwp8tqec7ntd3k-prm78ml76yk9q8p90_-
/f137
Invalid operation
d118/
d122/
d142/
d163
d188/
d198
d202
d210
d212
d222
d249
d275
d277/
d281/
d286
d295/
d3
d31
d91/
d92
d98/
f114
f118
f132/
f134/
f137
f151/
f161/
f162
f173
f196/
f200/
f217
f219/
f24/
f244
f248/
f256
f261
f262
f283
f40
f50/
f81/
n12/
n16/
n17/
n26
n28
n31/
n46/
n89
d118/
d122/
d142/
d163
d188/
d198
d202
d210
d212
d222
d249
d275
d277/
d281/
d286
d295/
d3
d31
d91/
d92
d98/
f114
f118
f132/
f134/
f137
f151/
f161/
f162
f173
f196/
f200/
f217
f219/
f24/
f244
f248/
f256
f261
f262
f283
f40
f50/
f81/
n12/
n16/
n17/
n26
n28
n31/
n46/
n89
d103/
d118/
d122/
d142/
d163
d188/
d198
d202
d210
d212
d222
d249
d275
d277/
d281/
d286
d295/
d3
d31
d91/
d92
d98/
f114
f118
f132/
f134/
f137
f151/
f161/
f162
f173
f196/
f200/
f217
f219/
f24/
f244
f248/
f256
f261
f262
f283
f40
f50/
f81/
n12/
n16/
n17/
n26
n28
n31/
n46/
n89
Invalid operation
d222:82
d222:BD
d222:00 A7 9A 82 BD
d222:9A 82 BD
Invalid operation
d222:00 A7 9A 82 BD C4
/d103/d48
d222:BD C4 1D 72 00 00
d146:dir:0
Invalid operation
d159:
d159:
Invalid operation
Null
/d103/d243/f111/d164
d222:BD 8F CF AF 61
Null
Invalid operation
d222:EF 2C 9A 1A
Null
/d103/d243/d159
d159:md:1
d152
d159
f111/
Invalid operation
d159:t
d152
f111/
Invalid operation
d152:4
d243/
├── d152
├── d190
├── d256
└── f111/
    ├── d234
    └── d38/
d152:3rps
d243/
├── d152
├── d190
├── d256
└── f111/
    ├── d234
    └── d38/
f111:dir:0
f111:dir:0
Invalid operation
d152:4
/d103/d243/d152
Invalid operation
d222:00 A7 9A 82 BD 8F CF AF 61 C9 00 00 00 EF 2C 9A 1A
Invalid operation
/d103/d243/d152
d222:9A 82 BD 8F CF AF 61 C9 00 00 00 EF
d255:24
d222:CF AF 61 C9 00 00 00 EF 2C 9A 1A 98 E4
Invalid operation
d222:9A 82 BD 8F CF AF 61 C9 00 00 00 EF 2C 9A 1A 98 E4
/d103/d243/d152
Null
Invalid operation
Null
d222:13
d222:70 B2 1A 98 E4 13 00 00
f279/
f213/
└── f279/
Invalid operation
d222:F0 1A 82 BD 8F CF AF 61 C9 00 00 6F 4F 70 B2 1A 98 E4 13 00 00 A8
f279/
f213/
└── f279/
Invalid operation
d222:8F CF AF 61 C9 00 00 6F 4F 70 B2 1A
f279/
Invalid operation
d152:3rpsx
d152:3rpsx
Invalid operation
d152:3rpsx
f213/
└── f279/
d152:3rpsx
f279/
/d103/d243/d152
Invalid operation
d269:90 05
Invalid operation
d243/
├── d152
├── f111/
│   ├── d234
│   └── d38/
└── f213/
    ├── d269
    ├── d37/
    ├── f183
    ├── f213/
    └── f279/
        └── d251
Invalid operation
Invalid operation
d234:7
/d103/d243/f111/d234
Invalid operation
Invalid operation
Invalid operation
Invalid operation
Invalid operation
d234:4C 13
Invalid operation
Invalid operation
Null
/d103/d243/f111/d295
d295:
Null
Invalid operation
d237:1
d237
/d103/d243/f111/d237
f296:69 C9
f296:69 C9 8C
/d103/d243/f296
Invalid operation
Invalid operation
/d103/d243/f296
Invalid operation
d103/
d118/
d122/
d142/
d163
d188/
d198
d202
d210
d212
d222
d249
d275
d277/
d281/
d286
d295/
d3
d31
d91/
d92
d98/
f114
f118
f132/
f134/
f137
f151/
f161/
f162
f173
f196/
f200/
f217
f219/
f24/
f244
f248/
f256
f261
f262
f283
f40
f50/
f81/
n12/
n16/
n17/
n26
n31/
n46/
n89
n17:dir:0
n17:dir:0
f137:35
d222:26
d31:17
n26:17
f173:12
f262:12
d92:11
f137:35
d222:26
d31:17
n26:17
f173:12
d103/
d118/
d122/
d142/
d163
d188/
d198
d202
d210
d212
d222
d249
d275
d277/
d281/
d286
d295/
d3
d31
d91/
d92
d98/
f114
f118
f132/
f134/
f137
f161/
f162
f173
f196/
f200/
f217
f219/
f24/
f244
f248/
f256
f261
f262
f283
f40
f50/
f81/
n12/
n16/
n17/
n26
n31/
n46/
n89
n17:dir:0
Invalid operation
Invalid operation
d222:86 40 10
Invalid operation
n17:dir:0
d103/
d118/
d122/
d142/
d163
d188/
d198
d202
d210
d212
d222
d249
d275
d277/
d281/
d286
d295/
d3
d31
d91/
d92
d98/
f114
f118
f132/
f134/
f137
f161/
f162
f172/
f173
f196/
f200/
f217
f219/
f24/
f244
f248/
f256
f261
f262
f283
f292
f40
f50/
f81/
n12/
n16/
n17/
n26
n31/
n46/
n89
Invalid operation
Null
/f137
Invalid operation
Invalid operation
f110/
f201/
Invalid operation
n4:05
Invalid operation
Invalid operation
d295
n4:bin:7
d222:13 97
Invalid operation
Invalid operation
f4/
Null
/d295/d151
f4:dir:0
Invalid operation
Invalid operation
n53/
d222:FA DD CC A2 F0 0E 86 40 10
d250:5
d250:njf_m
d250:njf_m
d222:00
d222:10
d159/
d159/
d159/
Null
n53:dir:0
f4:dir:0
d222:00 00 DB 1C 31 93 67 8B
Invalid operation
Null
d222:8B
Invalid operation
Null
Invalid operation
Invalid operation
Invalid operation
f247
f30/
f4/
Invalid operation
f4:dir:0
f4:dir:0
f247
f30/
f4/
f4:dir:0
d257
f247
f4/
n15
f247:9
n15:0
f247
f4/
n15
f247:51 69 00 00 52 97 AB 2A
Invalid operation
d116
d207
f242/
f247
f4/
n15
Invalid operation
d116:11
n15:0
Invalid operation
Invalid operation
Invalid operation
Invalid operation
f4:dir:0
d250
n53/
n53/
n55/
f4:dir:0
/d295/f32/n15
f140/
f241
f294/
f4/
n15
n15:5B 8B 86
Invalid operation
Invalid operation
Invalid operation
Invalid operation
Invalid operation
f164:dir:0
f164:dir:0
d4
f164/
n6/
n83
n93
/d295/f32/f4/n53/d4
f164:dir:0
Invalid operation
f164/
├── d136
├── d86
└── f268
d136:12
d86:0
Invalid operation
n15:E8 AD
f164:dir:0
n15:AD A4
/d295/f32/f4/n53/d4
n15:AD A4
n15:B5 58 E8
n15:58
d4:md:31
n15:00 00 00 7F
Invalid operation
Invalid operation
Invalid operation
Invalid operation
Invalid operation
f98:00
n53:dir:0
Invalid operation
f234:7
n105:5
f98:4
Invalid operation
Invalid operation
Invalid operation
d250/
f143/
f234
f98
n105
n31/
n38/
n53/
n55/
f241:10
n15:10
Invalid operation
f241
f294/
f4/
n15
Invalid operation
f32/
├── f241
├── f294/
├── f4/
│   ├── d250/
│   ├── f143/
│   ├── f234
│   ├── f98
│   ├── n105
│   ├── n31/
│   ├── n38/
│   ├── n53/
│   │   ├── d4
│   │   └── n83
│   └── n55/
├── n15
└── n33
/d295/f32/f294/f186
n15:9B
Invalid operation
Invalid operation
f294/
d102:dir:0
Invalid operation
n15:17
f241:10
Invalid operation
Null
Null
Invalid operation
f4:dir:0
/d295/f32/f241
d35:12
f45:12
f241:10
f32/
├── d35
├── f140/
├── f241
├── f294/
│   └── d102/
├── f4/
│   ├── d250/
│   ├── f143/
│   ├── f234
│   ├── f98
│   ├── n105
│   ├── n31/
│   ├── n38/
│   ├── n53/
│   │   ├── d4
│   │   └── n83
│   └── n55/
├── f45
└── n55/
/d295/f32/f241
Invalid operation
d35
d37
f140/
f177/
f241
f4/
f45
n55/
/d295/f32/f241
d35
d37
f140/
f144
f177/
f241
f4/
n55/
f234:7
n105:5
f98:4
Invalid operation
f241:vvvkq5cftw
f140/
f177/
f241
f4/
Invalid operation
f241:vvvkq5cftw
d295/
├── d11/
│   ├── d33
│   ├── f201/
│   └── n4
├── d151
├── d56
├── f194/
├── f195/
├── f206
├── f32/
│   ├── d129
│   └── f241
└── n26/
Invalid operation
d11/
d151
d224/
d56
f194/
f195/
f206
f32/
n26/
d151:r0ag9_69ee-u7830x
d295/
├── d11/
│   ├── d33
│   ├── f201/
│   └── n4
├── d151
├── d224/
├── d56
├── f194/
│   └── d210
├── f195/
├── f206
├── f32/
│   ├── d129
│   └── f241
└── n26/
Invalid operation
f195:dir:0
f195:dir:0
d151:r0ag9_69ee-u7830x
d11/
d151
d224/
d56
f194/
f195/
f206
f32/
n26/
Invalid operation
d222:80 55 0D F5 EB 76 D4 98 2B 13 97 3E 10 00 00 00 00 00 00 00 00 00 00 DB 1C 31 93
Invalid operation
Invalid operation
Invalid operation
d151
d224/
d56
f111/
f194/
f195/
f32/
n24/
n26/
d151
d224/
d56
f194/
f195/
f32/
n24/
n26/
d151
d224/
d56
f194/
f195/
f32/
n24/
n26/
Null
f62
Invalid operation
d222:00 00 00 00 00 DB 1C 31 AD
Invalid operation
Null
Invalid operation
d222:98 22 C8 71 41 46 00 00 00 00 00 00 00 DB 1C 31 AD 59 BE 00 00 00 E8 BE A2 4C 8E E9 F9 7B
d88:dir:0
d222:00 00 00 00 00 00 00 DB 1C 31 AD 59 BE 00 00 00
/d295/n24/d243
d243:7xd
d222:00 00 E8
d151:r0ag9_69ee-u7830x y_h v2iantggi
d151
d224/
f194/
f195/
f32/
n24/
n26/
Invalid operation
f137:qvwp8tqec7ntd3k-prm78ml76yk9q8p90_-mbqx
Invalid operation
/f137
Invalid operation
f208:dir:0
f208/
Invalid operation
n17:dir:0
Invalid operation
d222:00 00 00 E8 BE 16
/f137
Invalid operation
d103/
d118/
d122/
d142/
d163
d188/
d198
d202
d210
d212
d222
d249
d265/
d275
d277/
d281/
d286
d293
d295/
d3
d31
d91/
d92
d98/
f114
f118
f132/
f134/
f137
f161/
f162
f172/
f173
f196/
f200/
f217
f219/
f231
f24/
f244
f248/
f256
f261
f262
f283
f292
f40
f50/
f81/
n12/
n16/
n17/
n26
n31/
n46/
n89
d222:60
d101/
f108/
d101/
f108/
d101:dir:0
d222:0E 5E 11 FF 80 55 CC D6 27 3A D4 98 F6 0E 98 22 C8 71 41 87 19 89 99 D5 78 A3 00 DB 1C 31 AD 59 BE 00 00 00 E8 BE 16 28 FF 4E ED DB
f137:qvwp8tqec7ntd3k-prm78ml76yk9q8p90_-mbqxkn4cekex
f81/
├── d101/
├── f108/
└── f64
/f81/f64
f64:gg.lfd2ki
f64:9
n103:0
/f81/f64
Invalid operation
d101/
f108/
f123/
f64
n103
d101:dir:0
/f81/f64
d101/
f108/
f123/
f64
n103
f123/
f81/
├── f123/
├── f64
├── n103
└── n66/
d103/
d118/
d122/
d142/
d163
d188/
d198
d202
d210
d212
d222
d249
d265/
d275
d277/
d281/
d286
d293
d295/
d3
d31
d91/
d92
d98/
f114
f118
f132/
f134/
f137
f161/
f162
f172/
f173
f196/
f200/
f217
f219/
f231
f24/
f244
f248/
f256
f261
f262
f283
f292
f40
f50/
f81/
n12/
n16/
n17/
n26
n31/
n46/
n89
d222:0E 5E 11 FF 80 55 CC D6 27 3A D4 98 F6 0E 98 22 C8 71 41 87 19 89 99 D5 78 A3 00 DB 1C 00 BE 73 46 7A 91 59 E8 BE 16
d222:C8 71 41 87
d103/
d118/
d122/
d142/
d163
d188/
d198
d202
d210
d222
d235
d249
d265/
d275
d277/
d281/
d286
d293
d295/
d3
d31
d91/
d92
d98/
f114
f118
f132/
f134/
f137
f161/
f162
f172/
f173
f196/
f200/
f217
f219/
f231
f24/
f244
f248/
f256
f261
f262
f283
f292
f40
f50/
f81/
n12/
n16/
n17/
n26
n31/
n46/
n89
d103/
d118/
d122/
d142/
d163
d188/
d198
d202
d210
d222
d235
d249
d265/
d275
d277/
d281/
d286
d293
d295/
d3
d31
d91/
d92
d98/
f114
f118
f132/
f134/
f137
f161/
f162
f172/
f173
f196/
f200/
f217
f219/
f231
f24/
f244
f248/
f256
f261
f262
f283
f292
f40
f50/
f81/
n12/
n16/
n17/
n26
n31/
n46/
n89
Invalid operation
Null
d103/
d118/
d122/
d142/
d163
d188/
d198
d202
d210
d212
d222
d235
d249
d265/
d275
d277/
d281/
d286
d293
d295/
d3
d31
d91/
d92
d98/
f114
f118
f132/
f134/
f137
f161/
f162
f163
f172/
f173
f196/
f200/
f202
f217
f219/
f231
f24/
f240
f244
f248/
f256
f261
f262
f283
f292
f40
f50/
f81/
n16/
n17/
n26
n31/
n46/
n89
/f137
d103/
d118/
d122/
d142/
d163
d188/
d198
d202
d210
d212
d222
d235
d249
d265/
d275
d277/
d281/
d286
d293
d295/
d3
d31
d91/
d92
d98/
f114
f118
f132/
f134/
f137
f161/
f162
f172/
f173
f196/
f200/
f202
f217
f219/
f231
f24/
f240
f244
f248/
f256
f261
f262
f283
f292
f40
f50/
f81/
n16/
n17/
n26
n31/
n46/
n89
Invalid operation
Invalid operation
Invalid operation
n17:dir:0
Invalid operation
f137:qvwp8tqec7ntd3k-prm78ml76yk9q8p90_-mbqxkn4cekex
d222:64
f137:60
d31:17
Invalid operation
d222:64
f137:60
d31:17
d103/
d118/
d122/
d142/
d163
d188/
d198
d202
d210
d212
d222
d235
d249
d265/
d275
d277/
d281/
d286
d293
d295/
d3
d31
d91/
d92
d98/
f114
f116
f118
f129/
f132/
f134/
f137
f161/
f162
f172/
f173
f196/
f200/
f202
f217
f218
f219/
f231
f244
f248/
f256
f261
f262
f283
f292
f40
f50/
f81/
n16/
n17/
n26
n31/
n46/
n89
d103/
d118/
d122/
d142/
d163
d188/
d198
d202
d210
d212
d222
d235
d249
d265/
d275
d277/
d281/
d286
d293
d295/
d3
d31
d91/
d92
d98/
f114
f116
f118
f129/
f132/
f134/
f137
f161/
f162
f172/
f173
f196/
f200/
f202
f217
f218
f219/
f231
f244
f248/
f256
f261
f262
f283
f292
f40
f50/
f81/
n16/
n17/
n26
n31/
n46/
n89
Invalid operation
f137:72
d222:63
d31:17
Invalid operation
Invalid operation
/f137
Invalid operation
n17:dir:0
Invalid operation
f137:qvwp8tqec7ntd3k-prm78ml76yk9q8p90_-mbqxkn4cekex8.8.94fpzy95s8wvvhm99svqd
Invalid operation
Null
d222:32 6F AD E8 BE 52 28 FF 4E ED DB 00 00
Invalid operation
d222:11 FF 80 55 CC D6 27 3A D4 98 F6 0E 98 22 C8 71 41 87 19 89 99 D5 78 A3 00 DB 1C 00 BE 73 46 32 6F AD E8 BE 52 28 FF 4E ED DB 00 00 F7 A4
d103/
d122/
d142/
d163
d188/
d198
d199
d202
d210
d212
d222
d235
d249
d265/
d275
d277/
d281/
d286
d293
d295/
d3
d31
d83/
d91/
d92
d98/
f116
f118
f129/
f132/
f134/
f137
f161/
f162
f172/
f173
f196/
f200/
f202
f217
f218
f219/
f231
f244
f248/
f261
f262
f283
f292
f40
f50/
f81/
n16/
n17/
n26
n31/
n46/
n89
f137:qvwp8tqec7ntd3k-prm78ml76yk9q8p90_-mbqxkn4cekex8.8.94fpzy95s8wvvhm99svqd
Invalid operation
/f137
Null
f137:84
d222:65
d31:17
d103/
d122/
d142/
d163
d188/
d198
d199
d202
d210
d212
d222
d235
d249
d265/
d275
d277/
d281/
d286
d293
d295/
d3
d31
d83/
d91/
d92
d98/
f116
f118
f129/
f132/
f134/
f137
f161/
f162
f172/
f173
f196/
f200/
f202
f217
f218
f219/
f231
f244
f248/
f261
f262
f283
f292
f40
f50/
f81/
f9/
n16/
n17/
n26
n31/
n33
n46/
n89
d103/
d122/
d142/
d163
d188/
d198
d199
d202
d210
d212
d222
d235
d249
d265/
d275
d277/
d281/
d286
d293
d295/
d3
d31
d83/
d91/
d92
d98/
f116
f118
f129/
f132/
f134/
f137
f161/
f162
f172/
f173
f196/
f200/
f202
f217
f218
f219/
f231
f244
f248/
f261
f262
f283
f292
f40
f50/
f81/
f9/
n16/
n17/
n26
n31/
n33
n46/
n89
f137:84
d222:65
d31:17
f137:93
d222:65
d31:17
f137:93
d222:65
d31:17
n26:17
d235:16
d199:12
Invalid operation
f137:93
d222:65
d103/
d122/
d142/
d163
d188/
d198
d199
d202
d210
d212
d222
d235
d249
d265/
d275
d277/
d281/
d286
d293
d295/
d3
d31
d83/
d91/
d92
d98/
f116
f118
f129/
f132/
f134/
f137
f161/
f162
f172/
f173
f196/
f200/
f202
f217
f218
f219/
f231
f244
f248/
f261
f262
f283
f292
f40
f50/
f81/
f9/
n16/
n17/
n26
n31/
n33
n46/
n89
n17:dir:0
d103/
d122/
d142/
d163
d188/
d198
d199
d202
d210
d212
d222
d235
d249
d265/
d275
d277/
d281/
d286
d293
d295/
d3
d31
d83/
d91/
d92
d98/
f116
f118
f129/
f132/
f134/
f137
f161/
f162
f172/
f173
f196/
f200/
f202
f217
f218
f219/
f231
f244
f248/
f261
f262
f283
f292
f40
f50/
f81/
f9/
n16/
n17/
n26
n31/
n33
n46/
n89
Invalid operation
f137:93
d222:65
d31:17
n26:17
f137:qvwp8tqec7ntd3k-prm78ml76yk9q8p90_-mbqxkn4cekex8.8.94fpzy95s8wvvhm99svqdve3lbecbsityt3-wpxe2u
f137:93
d222:65
d31:17
d103/
d122/
d142/
d163
d188/
d194/
d198
d199
d202
d210
d212
d222
d235
d249
d265/
d271
d275
d277/
d286
d293
d295/
d3
d31
d83/
d91/
d92
d98/
f116
f118
f129/
f132/
f134/
f137
f161/
f162
f172/
f173
f196/
f200/
f202
f217
f219/
f231
f244
f248/
f261
f262
f283
f292
f50/
f81/
f9/
n16/
n17/
n26
n31/
n33
n46/
n89
Invalid operation
f137:qvwp8tqec7ntd3k-prm78ml76yk9q8p90_-mbqxkn4cekex8.8.94fpzy95s8wvvhm99svqdve3lbecbsityt3-wpxe2u
d103/
d122/
d142/
d163
d188/
d194/
d198
d199
d202
d210
d212
d222
d23/
d235
d249
d265/
d271
d275
d277/
d286
d293
d295/
d3
d31
d83/
d91/
d92
d98/
f116
f118
f129/
f132/
f134/
f137
f161/
f162
f172/
f173
f196/
f200/
f202
f217
f219/
f231
f244
f248/
f261
f262
f283
f292
f50/
f81/
f9/
n16/
n17/
n26
n31/
n33
n46/
n89
f137:qvwp8tqec7ntd3k-prm78ml76yk9q8p90_-mbqxkn4cekex8.8.94fpzy95s8wvvhm99svqdve3lbecbsityt3-wpxe2u
n17:dir:0
f137:93
d222:65
d271:17
d103/
d122/
d142/
d163
d188/
d194/
d198
d199
d202
d210
d212
d222
d23/
d235
d249
d265/
d271
d275
d277/
d286
d293
d295/
d3
d31
d83/
d91/
d92
d98/
f116
f118
f129/
f132/
f134/
f137
f161/
f162
f172/
f173
f196/
f200/
f202
f217
f219/
f231
f244
f248/
f261
f262
f283
f292
f50/
f81/
f9/
n16/
n17/
n26
n31/
n33
n46/
n89
f137:93
d222:65
d271:17
d31:17
n26:17
d235:16
f137:93
d222:65
d271:17
d31:17
n26:17
d235:16
f137:93
d222:65
d271:17
n17:dir:0
Invalid operation
d222:DB
d103/
d122/
d142/
d163
d188/
d194/
d198
d199
d202
d210
d212
d222
d23/
d235
d249
d265/
d271
d275
d277/
d286
d293
d295/
d3
d31
d83/
d91/
d92
d98/
f116
f118
f129/
f132/
f134/
f136/
f161/
f162
f172/
f173
f196/
f200/
f202
f217
f219/
f231
f244
f248/
f261
f262
f283
f292
f50/
f81/
f9/
n16/
n17/
n26
n31/
n33
n46/
n89
n17:dir:0
d222:E8 BE 52 28 FF 4E ED DB 60 68 4A E2 5A 1C 00 3B 00 00 00 00
d222:65
d271:17
d31:17
Invalid operation
d222:E2 5A 1C 00 3B 00 00 00 00 00
d222:65
d271:17
d31:17
d222:65
d271:17
d31:17
n26:17
d103/
d122/
d142/
d163
d188/
d194/
d198
d199
d202
d210
d212
d222
d23/
d235
d249
d265/
d271
d275
d277/
d286
d293
d295/
d3
d31
d91/
d92
d98/
f116
f118
f129/
f132/
f134/
f136/
f161/
f162
f172/
f173
f196/
f200/
f202
f217
f219/
f231
f244
f248/
f261
f262
f283
f292
f50/
f81/
f9/
n16/
n17/
n26
n31/
n33
n46/
n89
d103/
d122/
d142/
d163
d188/
d194/
d198
d199
d202
d210
d212
d222
d23/
d235
d249
d265/
d271
d275
d277/
d286
d293
d295/
d3
d31
d91/
d92
d98/
f116
f118
f129/
f132/
f134/
f136/
f161/
f162
f172/
f173
f196/
f200/
f202
f217
f219/
f231
f244
f248/
f261
f262
f283
f292
f50/
f81/
f9/
n16/
n17/
n26
n31/
n33
n46/
n89
d222:65
d271:17
d31:17
Invalid operation
d222:D4 98 F6 0E 98 22 C8
Null
Null
Null
f118:jmeipro
/f118
n17:dir:0
Invalid operation
d222:64
d271:17
d31:17
d222:64
d271:17
d31:17
Invalid operation
d222:64
d271:17
d31:17
d222:64
d271:17
d31:17
d103/
d122/
d142/
d163
d188/
d194/
d198
d199
d202
d210
d212
d222
d23/
d235
d249
d265/
d271
d275
d277/
d286
d293
d295/
d3
d31
d91/
d92
d98/
f116
f118
f129/
f132/
f134/
f136/
f161/
f162
f172/
f173
f196/
f200/
f202
f217
f219/
f231
f244
f248/
f261
f262
f283
f292
f50/
f81/
f9/
n16/
n17/
n26
n31/
n33
n46/
n49/
n89
Invalid operation
n17:dir:0
d222:64
d271:17
d31:17
f118:jmeiprox
/f118
n46/
├── f189
├── f206
├── f253/
│   ├── d113
│   ├── d13
│   ├── d149
│   ├── d151
│   ├── d166/
│   ├── d194/
│   ├── d200
│   ├── d224
│   ├── d262/
│   ├── d277
│   ├── d49/
│   ├── d93
│   ├── f11
│   ├── f111/
│   ├── f130
│   ├── f178
│   ├── f18
│   ├── f21
│   ├── f215
│   ├── f219/
│   │   ├── d151/
│   │   ├── d182
│   │   ├── d192
│   │   ├── d290
│   │   ├── f156
│   │   ├── f170/
│   │   │   ├── d141
│   │   │   ├── d215
│   │   │   ├── d239
│   │   │   ├── d43/
│   │   │   │   ├── f167
│   │   │   │   └── f95
│   │   │   ├── d49
│   │   │   ├── f118
│   │   │   ├── f166/
│   │   │   ├── f178
│   │   │   ├── f195
│   │   │   ├── f263
│   │   │   ├── f27/
│   │   │   │   ├── d100
│   │   │   │   ├── d122
│   │   │   │   ├── d174/
│   │   │   │   ├── d226
│   │   │   │   ├── d244
│   │   │   │   ├── d266/
│   │   │   │   ├── f190
│   │   │   │   └── f198/
│   │   │   ├── f297
│   │   │   ├── f35
│   │   │   ├── f36
│   │   │   ├── f39
│   │   │   ├── f53
│   │   │   ├── f84
│   │   │   ├── n115
│   │   │   ├── n34
│   │   │   ├── n38/
│   │   │   ├── n54/
│   │   │   ├── n64/
│   │   │   ├── n67/
│   │   │   │   ├── f279
│   │   │   │   ├── f57
│   │   │   │   └── n101
│   │   │   ├── n72
│   │   │   └── n92/
│   │   ├── f2
│   │   ├── f31
│   │   ├── f55/
│   │   ├── f6
│   │   └── n60/
│   ├── f299/
│   ├── f56/
│   ├── f64/
│   ├── f66/
│   ├── f84/
│   ├── n112
│   ├── n28
│   ├── n44/
│   └── n66/
│       └── f125
└── n98/
f206:wte-p6kn3foloq
n46/
├── d265
├── f189
├── f206
├── f238
└── f253/
    ├── d113
    ├── d13
    ├── d149
    ├── d151
    ├── d166/
    ├── d194/
    ├── d200
    ├── d224
    ├── d262/
    ├── d277
    ├── d49/
    ├── d93
    ├── f11
    ├── f111/
    ├── f130
    ├── f178
    ├── f18
    ├── f21
    ├── f215
    ├── f219/
    │   ├── d151/
    │   ├── d182
    │   ├── d192
    │   ├── d290
    │   ├── f156
    │   ├── f170/
    │   │   ├── d141
    │   │   ├── d215
    │   │   ├── d239
    │   │   ├── d43/
    │   │   │   ├── f167
    │   │   │   └── f95
    │   │   ├── d49
    │   │   ├── f118
    │   │   ├── f166/
    │   │   ├── f178
    │   │   ├── f195
    │   │   ├── f263
    │   │   ├── f27/
    │   │   │   ├── d100
    │   │   │   ├── d122
    │   │   │   ├── d174/
    │   │   │   ├── d226
    │   │   │   ├── d244
    │   │   │   ├── d266/
    │   │   │   ├── f190
    │   │   │   └── f198/
    │   │   ├── f297
    │   │   ├── f35
    │   │   ├── f36
    │   │   ├── f39
    │   │   ├── f53
    │   │   ├── f84
    │   │   ├── n115
    │   │   ├── n34
    │   │   ├── n38/
    │   │   ├── n54/
    │   │   ├── n64/
    │   │   ├── n67/
    │   │   │   ├── f279
    │   │   │   ├── f57
    │   │   │   └── n101
    │   │   ├── n72
    │   │   └── n92/
    │   ├── f2
    │   ├── f31
    │   ├── f55/
    │   ├── f6
    │   └── n60/
    ├── f299/
    ├── f56/
    ├── f64/
    ├── f66/
    ├── f84/
    ├── n112
    ├── n28
    ├── n44/
    └── n66/
        └── f125
d222:11 FF 80 55 CC D6 27 9D 2A 94 5D EA 1C DA C8 71 41 87 19 89 0E 0A F6 5F 7C EE 1C 00 BE 73 46 32 6F AD E8 BE 52
Invalid operation
/n46/f253/f215
d113
d13
d149
d151
d166/
d194/
d200
d224
d262/
d277
d49/
d93
f11
f111/
f130
f158/
f178
f18
f21
f215
f219/
f299/
f56/
f64/
f66/
f84/
n112
n28
n44/
n66/
f189:
d222:3B 00 91 A6 A2 91 92 02
Invalid operation
Invalid operation
d222:DB 60 68 4A E2 5A 1C 00 3B 00 91 A6
f189:o8 opa57s9t28j
d222:A6 A2 91
Null
d113
d13
d149
d151
d166/
d194/
d200
d224
d262/
d277
d49/
d93
f11
f111/
f130
f158/
f166/
f178
f18
f21
f215
f219/
f299/
f56/
f64/
f66/
f84/
n112
n28
n44/
n66/
Invalid operation
d103/
d142/
d163
d188/
d194/
d198
d199
d202
d210
d212
d222
d23/
d235
d249
d265/
d271
d275
d277/
d286
d293
d295/
d3
d31
d91/
d92
d98/
f116
f118
f129/
f132/
f134/
f136/
f161/
f162
f172/
f173
f196/
f200/
f202
f217
f244
f248/
f261
f262
f283
f292
f293/
f50/
f81/
f88/
f9/
n16/
n17/
n26
n31/
n33
n46/
n49/
n89
d222:65
d271:17
d31:17
n26:17
d235:16
n17:dir:0
Invalid operation
d222:65
f118:25
d271:17
d222:65
d103/
d163
d188/
d194/
d198
d199
d202
d210
d212
d222
d23/
d235
d239/
d249
d265/
d271
d275
d277/
d286
d293
d295/
d3
d31
d91/
d92
d98/
f110
f116
f118
f129/
f132/
f134/
f136/
f161/
f162
f172/
f173
f196/
f200/
f202
f217
f244
f248/
f261
f262
f283
f292
f293/
f50/
f81/
f88/
f9/
n16/
n17/
n26
n31/
n33
n46/
n49/
n89
Invalid operation
d103/
d163
d188/
d194/
d198
d199
d202
d210
d212
d222
d23/
d235
d239/
d249
d265/
d271
d275
d277/
d286
d293
d295/
d3
d91/
d92
d98/
f110
f116
f118
f129/
f132/
f134/
f136/
f161/
f162
f172/
f173
f196/
f200/
f202
f217
f244
f248/
f261
f262
f283
f292
f293/
f48
f50/
f81/
f88/
f9/
n16/
n17/
n26
n31/
n33
n46/
n49/
n89
n17:dir:0
Invalid operation
d222:65
f118:26
d271:17
d222:65
f118:26
d271:17
n17:dir:0
Invalid operation
n17:dir:0
d222:D6 27 9D 2A 8C FA EA 1C DA C8 71 41 87 19 89 A7 0A F6 5F 7C EE D4 18 9F FE 69 32 6F AD E8 BE 52 55 20
d103/
d163
d188/
d194/
d198
d199
d202
d210
d212
d222
d23/
d235
d239/
d249
d265/
d271
d275
d277/
d286
d293
d295/
d3
d91/
d92
d98/
f110
f116
f118
f129/
f132/
f134/
f161/
f162
f172/
f173
f196/
f200/
f202
f217
f244
f248/
f261
f262
f283
f292
f293/
f48
f50/
f81/
f88/
f9/
n16/
n17/
n31/
n33
n46/
n49/
n89
n9/
Invalid operation
Invalid operation
d222:64
f118:26
d271:17
d235:16
d199:12
f173:12
d103/
d163
d188/
d194/
d198
d199
d202
d210
d212
d222
d23/
d235
d239/
d249
d265/
d271
d275
d277/
d286
d293
d295/
d3
d91/
d92
d98/
f110
f116
f118
f129/
f132/
f134/
f161/
f162
f172/
f173
f196/
f200/
f202
f217
f244
f248/
f261
f262
f283
f292
f293/
f48
f50/
f81/
f88/
f9/
n16/
n17/
n31/
n33
n46/
n49/
n89
n9/
d222:64
f118:26
d271:17
d235:16
d199:12
f173:12
f262:12
d92:11
d222:8C FA EA 1C DA C8 71 41 87 19 89
Null
/f118
Invalid operation
Invalid operation
d103/
d163
d188/
d194/
d198
d199
d202
d210
d212
d222
d23/
d235
d239/
d249
d265/
d271
d275
d277/
d286
d293
d295/
d3
d91/
d92
d98/
f110
f116
f118
f129/
f132/
f134/
f161/
f162
f172/
f173
f196/
f200/
f202
f217
f244
f248/
f261
f262
f283
f292
f293/
f48
f50/
f81/
f88/
n16/
n17/
n31/
n33
n46/
n49/
n89
n9/
d222:9D 2A 8C FA EA 1C DA C8 71 41 87 19 89 A7 0A F6 5F 7C EE D4 18 9F
d222:63
f118:31
d271:17
d235:16
d222:63
f118:31
d271:17
/f118
Invalid operation
d103/
d163
d188/
d194/
d198
d199
d202
d210
d212
d222
d23/
d235
d239/
d249
d265/
d271
d275
d277/
d286
d293
d295/
d3
d55/
d91/
d92
d98/
f110
f116
f118
f129/
f132/
f134/
f161/
f162
f172/
f173
f196/
f200/
f202
f217
f244
f248/
f261
f262
f283
f292
f293/
f48
f50/
f81/
f88/
n16/
n17/
n31/
n33
n46/
n49/
n89
n9/
n96/
d222:63
f118:35
d271:17
d222:62
f118:35
d271:17
d222:63
f118:35
d271:17
n17:dir:0
/f118
n17:dir:0
n17:dir:0
Null
f118:jmeiproxxcb adzw5byeiolg2xs3m.n_6195-nv1jfx8ic4u.03u0_z7pe
d200
d222:D6 27 9D 2A 8C EA 2E 6D FA 57 33 BA 2B 19 89 A7 0A F6 5F 7C EE D4 18 9F FE 69 D3 36 D2 55
d222:89 A7 0A F6 5F 7C EE D4 18
f161/
└── f33/
/f118
f33:dir:0
d222:D6 27 9D 2A 8C EA 2E 6D FA 57 33 BA 2B 19 89 A7 0A F6 5F 7C EE D4 18 9F FE 69 D3 36 D2 55 BE 52 55 20 3F 21 32 60 68 4A E2 47 AF A3 7C
f118:jmeiproxxcb adzw5byeiolg2xs3m.n_6195-nv1jfx8ic4u.03u0_z7pe
f161/
├── d225/
└── f33/
f118:jmeiproxxcb adzw5byeiolg2xs3m.n_6195-nv1jfx8ic4u.03u0_z7pe
Invalid operation
d222:55 20 3F 21 32 60
/f161/d220
d220
d225/
f132/
f33/
d222:60 68 4A E2 47 AF A3 7C 75 38 A6
d103/
d163
d194/
d198
d199
d202
d210
d212
d222
d23/
d235
d239/
d249
d265/
d271
d275
d277/
d283
d286
d293
d295/
d55/
d91/
d92
d98/
f110
f111
f116
f118
f132/
f134/
f161/
f162
f172/
f173
f191
f200/
f202
f217
f223/
f244
f248/
f261
f283
f292
f293/
f45/
f48
f50/
f81/
f88/
n16/
n17/
n31/
n33
n46/
n49/
n89
n9/
n96/
d23/
└── n4/
f118:jmeiproxxcb adzw5byeiolg2xs3m.n_6195-nv1jfx8ic4u.03u0_z7pe
n4/
n4:dir:0
d23/
└── n4/
n4:dir:0
Invalid operation
/d23/f24
f24:2.j 0z
/d23/f24
Invalid operation
d22/
f106/
f24
n4/
n4:dir:0
f106/
f125/
f24
n4/
Invalid operation
Invalid operation
Invalid operation
Invalid operation
f24:2.j 0zffn42.t22
f106:dir:0
f146:mahbwctf 92jcm-84
f146:mahbwctf 92jcm-84
f106:dir:0
Invalid operation
d222:21 32 60 68
d23/
├── d233
├── d72/
├── f106/
├── f125/
├── f138
├── f146
├── f257/
├── f52/
├── f97/
└── n40
/d23/f146
f146:24
n96:7
d233:6
f138:3
n40:1
Invalid operation
f106:dir:0
f146:mahbwctf 92jcm-84vz.zw1x
Invalid operation
f106:dir:0
/d23/f146
d211
d233
d5/
d58/
d66/
d72/
f106/
f125/
f138
f146
f257/
f39
f52/
f84
f97/
n27
n40
n60
n96
Null
f146:mahbwctf 92jcm-84vz.zw1x
f146:38
n60:15
d0:12
n27:8
d0
d211
d233
d5/
d58/
d72/
f106/
f125/
f138
f146
f257/
f37
f39
f52/
f84
f97/
n27
n40
n60
f146:mahbwctf 92jcm-84vz.zw1xyo3x29k63nd1 z
f106:dir:0
d0
d211
d233
d5/
d58/
d66/
d72/
f106/
f125/
f138
f146
f257/
f37
f39
f52/
f84
f97/
n18/
n27
n40
n60
n95/
d222:65
f118:58
d271:17
n17:dir:0
Invalid operation
d222:65
f118:58
d271:17
d222:0E 5E 11 FF 80 55 CC D6
d222:66
f118:58
d271:17
/f118
/f118
Invalid operation
Null
n17:dir:0
n17:dir:0
n49/
d222:62
f118:58
d271:17
d235:16
d283:16
d199:12
Invalid operation
d222:63
f118:58
d271:17
d103/
d163
d174
d194/
d198
d199
d202
d210
d212
d222
d23/
d235
d239/
d249
d265/
d271
d275
d277/
d283
d286
d293
d295/
d4/
d55/
d91/
d92
f110
f111
f116
f118
f134/
f161/
f162
f172/
f173
f191
f200/
f202
f217
f244
f248/
f261
f263
f283
f292
f293/
f45/
f48
f50/
f88/
n16/
n17/
n31/
n33
n46/
n49/
n7/
n89
n9/
Invalid operation
Invalid operation
d222:62
f118:58
d271:17
d103/
d174
d194/
d198
d199
d202
d210
d212
d222
d23/
d235
d249
d265/
d271
d275
d277/
d286
d293
d295/
d4/
d55/
d91/
d92
f110
f111
f116
f118
f134/
f161/
f162
f172/
f173
f191
f200/
f202
f217
f244
f248/
f261
f263
f283
f292
f293/
f45/
f48
f50/
f88/
n16/
n17/
n31/
n33
n46/
n49/
n7/
n89
n9/
Invalid operation
Invalid operation
f118:jmeiproxxcb adzw5byeiolg2xs3m.n_6195-nv1jfx8ic4u.03u0_z7pez4
Invalid operation
Invalid operation
n17:dir:0
d222:7C 75
f118:jmeiproxxcb adzw5byeiolg2xs3m.n_6195-nv1jfx8ic4u.03u0_z7pez4x
d222:38
Invalid operation
Null
d222:62
f118:61
d271:17
d199:12
f173:12
d103/
d174
d194/
d198
d199
d202
d210
d212
d222
d23/
d249
d265/
d271
d275
d277/
d286
d293
d295/
d4/
d55/
d91/
d92
f110
f111
f116
f118
f134/
f161/
f162
f172/
f173
f191
f200/
f202
f217
f244
f248/
f261
f263
f283
f292
f293/
f45/
f48
f50/
f88/
n118
n16/
n17/
n31/
n33
n46/
n49/
n7/
n89
n9/
n17:dir:0
d0
d211
d233
d5/
d58/
d66/
d72/
f106/
f125/
f138
f146
f257/
f37
f39
f52/
f84
f97/
n18/
n24
n27
n40
n60
n95/
d0
d211
d233
d5/
d58/
d66/
d72/
f106/
f125/
f138
f146
f257/
f37
f39
f52/
f61/
f84
f97/
n18/
n24
n27
n40
n60
n95/
/d23/f146
d79/
d80
f168/
d79/
d80
f168/
d0:D6 00 F8 78 66 A2 40 A6 00 B3 21
Invalid operation
d80:
Invalid operation
/d23/f61/d80
Invalid operation
d103/
d79/
d80
f168/
d80:6
d0:40
f61/
├── d11
├── d79/
└── f96
Invalid operation
d11:7
f96:4
d11:bb5y99-
d0:B7 D6
Null
d11:7
f163:3
d213:0
d103/
d174
d194/
d198
d199
d202
d210
d212
d222
d23/
d249
d265/
d271
d275
d277/
d286
d293
d295/
d4/
d55/
d91/
d92
f110
f111
f116
f118
f134/
f161/
f162
f172/
f173
f191
f200/
f202
f217
f244
f248/
f261
f263
f283
f292
f293/
f45/
f48
f50/
f88/
n118
n16/
n17/
n31/
n33
n46/
n49/
n7/
n89
n9/
Invalid operation
/f118
Invalid operation
Invalid operation
f118:jmeiproxxcb adzw5byeiolg2xs3m.n_6195-nv1jfx8ic4u.03u0_z7pez4xfjq04nh4yitw61bh
d222:24 F0 1A FA DD CC 0E 5E 11 FF 80 55 CC D6 27
Invalid operation
n17:dir:0
/f118
f118:77
d222:62
d271:17
f39:13
d222:D2 F1 D6 43 9F
/f263
d103/
d174
d194/
d198
d199
d202
d210
d212
d222
d23/
d249
d265/
d271
d275
d277/
d286
d293
d295/
d4/
d55/
d91/
d92
f110
f111
f116
f118
f134/
f161/
f162
f172/
f173
f191
f200/
f202
f217
f244
f248/
f261
f263
f267/
f283
f293/
f39
f45/
f48
f50/
f67/
f87
f88/
f9
n118
n16/
n17/
n31/
n33
n46/
n49/
n7/
n89
n9/
d103/
d174
d194/
d198
d199
d202
d210
d212
d222
d23/
d249
d265/
d271
d275
d277/
d286
d293
d295/
d4/
d55/
d91/
d92
f110
f111
f116
f118
f134/
f161/
f162
f172/
f173
f191
f200/
f202
f217
f244
f248/
f261
f263
f267/
f283
f293/
f39
f45/
f48
f50/
f67/
f87
f88/
f9
n118
n16/
n17/
n31/
n33
n46/
n49/
n7/
n89
n9/
Invalid operation
f118:77
d222:62
d271:17
Invalid operation
f118:77
d222:62
d271:17
d103/
d174
d194/
d198
d199
d202
d210
d212
d222
d23/
d249
d265/
d271
d275
d277/
d286
d293
d295/
d4/
d55/
d91/
d92
f110
f111
f116
f118
f134/
f161/
f162
f172/
f173
f191
f200/
f202
f217
f244
f248/
f261
f263
f267/
f283
f293/
f39
f45/
f48
f50/
f67/
f87
f88/
f9
n118
n16/
n17/
n31/
n33
n46/
n49/
n7/
n89
n9/
Invalid operation
Invalid operation
d151:r0ag9_69ee-u7830x y_h v2iantggi
f112/
d222:C5 27 9D 2A 8C BB A5 AF 88 6B 69
Invalid operation
d71/
d71/
d71:dir:0
d71/
d222:42 24 F0 1A FA DD CC 0E 5E E4 67 30 0A AF C5 27 9D 2A 8C BB A5 AF 88 6B
Invalid operation
d222:86
n55:g5w2cvomcon3
Invalid operation
d71:dir:0
d71/
f160
n80/
f160:24
f160:24
n24/
├── d296/
├── d71/
├── f160
└── n80/
Invalid operation
Invalid operation
d222:FE A7 CA 9C 86 F6 89 46 40 4B 88 84 6A FE 69 D3 36 D2 32 78 D2 F1 D6 43 9F 7D C8 1F
/d295/n24/f160
f160:5i6bqr6kctzx73ewh18w36vl
d71/
f160
n80/
d144
d151
d224/
d71
f132/
f194/
f195/
f32/
f79
n24/
n26/
f195:dir:0
d144
d151
d224/
d71
f194/
f195/
f32/
f79
n24/
n26/
d151:33
d71:14
f79:10
d144:9
d151:r0ag9_69ee-u7830x y_h v2iantggixx
f195:dir:0
/d295/d151
d151:33
d71:14
f79:10
d144:9
Invalid operation
Invalid operation
Invalid operation
Null
d103/
d174
d194/
d198
d199
d202
d210
d212
d222
d23/
d249
d265/
d271
d275
d277/
d286
d293
d295/
d4/
d55/
d92
f110
f111
f116
f118
f134/
f161/
f162
f172/
f173
f191
f200/
f202
f217
f244
f248/
f261
f263
f267/
f283
f39
f45/
f48
f67/
f87
f88/
f9
n118
n16/
n17/
n31/
n33
n46/
n49/
n7/
n89
n9/
f118:jmeiproxxcb adzw5byeiolg2xs3m.n_6195-nv1jfx8ic4u.03u0_z7pez4xfjq04nh4yitw61bh
Invalid operation
Invalid operation
d222:C5 27 9D 2A 8C BB A5 AF 88 6B 69 FE A7 CA 9C 86 F6 89 46 40 4B 88 84 6A FE 69 D3 36 D2 32 78 D2 F1 D6 43 9F 7D C8 1F 40 86 15 A5 6E 7C 75
f118:77
d222:69
d271:17
f39:13
d199:12
f173:12
d103/
d174
d194/
d198
d199
d202
d210
d212
d222
d23/
d249
d265/
d271
d275
d277/
d293
d295/
d4/
d55/
d92
f110
f111
f116
f118
f134/
f161/
f162
f164
f172/
f173
f191
f200/
f202
f217
f244
f248/
f261
f263
f267/
f283
f39
f45/
f48
f67/
f86/
f87
f88/
f9
n118
n16/
n17/
n31/
n33
n46/
n49/
n7/
n89
n9/
d222:FA DD CC 0E 5E E4 67 30 0A AF C5 27 9D 2A 8C BB A5 AF 88 6B 69 FE A7 CA 9C 86 F6 89 46 40 4B 88 84 6A FE 69 D3 36 D2 32 78 D2 F1 D6 43 9F
d222:0A AF C5 27 9D 2A 8C BB A5 AF 88 6B 69 FE A7 CA 9C 86 F6 89 46 40 4B 88 84 6A FE 69 D3 36 D2 32 78 D2 F1 D6
Invalid operation
d103/
d16
d174
d194/
d198
d199
d202
d210
d212
d222
d23/
d233/
d249
d265/
d271
d275
d277/
d293
d295/
d4/
d55/
d92
f110
f111
f116
f118
f134/
f161/
f162
f164
f172/
f191
f200/
f202
f217
f244
f248/
f261
f263
f267/
f283
f36/
f45/
f67/
f86/
f87
f88/
n11
n118
n16/
n17/
n31/
n33
n46/
n49/
n7/
n89
n9/
d222:6A FE 69 D3 36 D2 32 78 D2 F1 D6 43 9F 7D C8 1F 40 86 15 27 A5 5C
d103/
d16
d174
d194/
d198
d199
d202
d210
d212
d222
d23/
d233/
d249
d265/
d271
d275
d277/
d293
d295/
d4/
d55/
d92
f110
f111
f116
f118
f134/
f161/
f164
f172/
f191
f200/
f202
f217
f248/
f261
f263
f267/
f283
f36/
f45/
f67/
f86/
f87
f88/
n11
n118
n16/
n17/
n31/
n33
n46/
n49/
n7/
n89
n9/
f118:80
d222:68
d271:17
d103/
d16
d174
d194/
d198
d199
d202
d210
d212
d222
d23/
d233/
d249
d265/
d271
d275
d277/
d293
d295/
d4/
d55/
d87/
d92
f111
f116
f118
f134/
f161/
f164
f172/
f191
f200/
f202
f217
f248/
f261
f263
f267/
f283
f36/
f45/
f67/
f86/
f87
f88/
n11
n118
n16/
n17/
n31/
n33
n46/
n49/
n7/
n89
n9/
Invalid operation
Null
Invalid operation
d103/
d16
d174
d194/
d198
d199
d202
d210
d212
d222
d23/
d233/
d249
d265/
d271
d275
d277/
d293
d295/
d55/
d87/
d92
f111
f116
f118
f134/
f161/
f164
f172/
f191
f200/
f202
f217
f248/
f261
f263
f267/
f283
f36/
f39/
f45/
f67/
f86/
f87
f88/
n11
n118
n16/
n17/
n31/
n33
n46/
n49/
n7/
n89
n9/
n95
Invalid operation
d103/
d16
d174
d194/
d198
d199
d202
d210
d212
d222
d23/
d233/
d249
d265/
d271
d275
d277/
d293
d295/
d55/
d87/
d92
f111
f116
f118
f134/
f161/
f164
f172/
f191
f200/
f202
f217
f248/
f261
f263
f267/
f283
f36/
f39/
f45/
f67/
f86/
f87
f88/
n11
n118
n16/
n17/
n31/
n33
n46/
n49/
n7/
n89
n9/
n95
n17:dir:0
d103/
d16
d174
d194/
d198
d199
d202
d210
d212
d222
d23/
d233/
d249
d265/
d271
d275
d277/
d293
d295/
d55/
d87/
d92
f111
f116
f118
f134/
f161/
f164
f172/
f191
f200/
f202
f217
f248/
f261
f263
f267/
f283
f36/
f39/
f45/
f67/
f86/
f87
f88/
n11
n118
n16/
n17/
n31/
n33
n46/
n49/
n7/
n89
n9/
n95
f118:jmeiproxxcb adzw5byeiolg2xs3m.n_6195-nv1jfx8ic4u.03u0_z7pez4xfjq04nh4yitw61bh5zxsceh_wxs 9gxt4zt6q2v9j0v89ijx
d277/
Invalid operation
Invalid operation
n106:txt:2
Invalid operation
Invalid operation
d235:EA
n11
Invalid operation
Invalid operation
n11:8
n11:6C 0A
n11
n106:txt:2
d45
n77
d222:21 E0 9F
d166
d210/
n106
d166
d210/
d80/
n106
n14/
n106:txt:2
n106:c8
Invalid operation
d166:
d166
d210/
d253
d80/
f61
Invalid operation
Null
Invalid operation
n116:dir:0
/d277/d166
Invalid operation
/d277/n52/d201
Invalid operation
Invalid operation
d127:s wrio9ca3_v
d127
Invalid operation
d210:dir:0
d80/
f68
f110:5B
Invalid operation
d210:dir:0
/d277/d166
d166:xgedtxvxvo
d166:xgedtxvxvo
f110:9E DE
d166
d210/
d253
d80/
f110
f255
f61
Invalid operation
Null
f118:109
d222:70
d199:12
n95:12
d92:11
f111:11
d103/
d16
d174
d194/
d198
d199
d202
d210
d212
d222
d23/
d233/
d249
d265/
d275
d277/
d293
d295/
d55/
d87/
d92
f111
f116
f118
f134/
f161/
f164
f191
f200/
f202
f248/
f261
f263
f267/
f283
f36/
f39/
f45/
f67/
f86/
f87
f88/
n11
n118
n16/
n17/
n31/
n33
n46/
n49/
n7/
n89
n9/
n95
Invalid operation
Invalid operation
Invalid operation
f118:109
d222:70
d199:12
n95:12
f111:11
f116:10
d293:9
/f118
Null
d103/
d16
d174
d194/
d198
d199
d202
d210
d212
d222
d23/
d233/
d249
d265/
d275
d277/
d293
d295/
d55/
d87/
f111
f116
f118
f134/
f161/
f164
f191
f200/
f202
f248/
f261
f263
f267/
f283
f36/
f39/
f45/
f67/
f86/
f87
f88/
n11
n118
n16/
n17/
n31/
n33
n46/
n49/
n7/
n89
n9/
n95
d222:E4 67 30 0A AF 77 17 75 24 0E 89 A5 AF 88 6B 69 FE A7 CA 9C 86 F6 89
n17:dir:0
d103/
d16
d174
d194/
d198
d199
d202
d210
d212
d222
d23/
d233/
d249
d265/
d269
d275
d277/
d293
d295/
d55/
d87/
d92
f111
f116
f118
f134/
f161/
f164
f191
f200/
f202
f248/
f261
f263
f267/
f283
f36/
f39/
f45/
f67/
f86/
f87
f88/
n11
n118
n16/
n17/
n31/
n33
n46/
n49/
n7/
n89
n9/
n95
f118:jmeiproxxcb adzw5byeiolg2xs3m.n_6195-nv1jfx8ic4u.03u0_z7pez4xfjq04nh4yitw61bh5zxsceh_wxs 9gxt4zt6q2v9j0v89ijx
f118:jmeiproxxcb adzw5byeiolg2xs3m.n_6195-nv1jfx8ic4u.03u0_z7pez4xfjq04nh4yitw61bh5zxsceh_wxs 9gxt4zt6q2v9j0v89ijx
f118:jmeiproxxcb adzw5byeiolg2xs3m.n_6195-nv1jfx8ic4u.03u0_z7pez4xfjq04nh4yitw61bh5zxsceh_wxs 9gxt4zt6q2v9j0v89ijx
Invalid operation
d103/
d16
d174
d194/
d198
d199
d201
d202
d210
d212
d222
d23/
d233/
d249
d265/
d275
d277/
d293
d295/
d38/
d87/
d92
f111
f116
f118
f134/
f161/
f164
f191
f200/
f202
f217
f248/
f261
f263
f267/
f283
f36/
f39/
f45/
f67/
f86/
f87
f88/
n11
n118
n16/
n17/
n31/
n33
n46/
n49/
n7/
n89
n9/
n95
f118:109
f118:jmeiproxxcb adzw5byeiolg2xs3m.n_6195-nv1jfx8ic4u.03u0_z7pez4xfjq04nh4yitw61bh5zxsceh_wxs 9gxt4zt6q2v9j0v89ijx
f118:109
d222:70
d201:17
d199:12
d103/
d16
d174
d194/
d198
d199
d201
d210
d212
d222
d23/
d233/
d249
d265/
d275
d277/
d293
d295/
d38/
d87/
d92
f111
f116
f118
f134/
f161/
f164
f185/
f191
f200/
f202
f217
f248/
f261
f263
f267/
f283
f34/
f36/
f39/
f45/
f67/
f86/
f87
f88/
n11
n118
n16/
n17/
n31/
n33
n46/
n49/
n7/
n89
n9/
n95
Invalid operation
f118:jmeiproxxcb adzw5byeiolg2xs3m.n_6195-nv1jfx8ic4u.03u0_z7pez4xfjq04nh4yitw61bh5zxsceh_wxs 9gxt4zt6q2v9j0v89ijx
/f118
d222:43 7D C8 1F 40 86 15 27 A5 5C F2 DA
Invalid operation
d103/
d16
d174
d194/
d198
d199
d201
d210
d212
d222
d23/
d233/
d249
d265/
d275
d277/
d293
d295/
d38/
d87/
d92
f111
f116
f118
f134/
f161/
f164
f185/
f191
f200/
f202
f217
f248/
f261
f263
f267/
f283
f34/
f36/
f39/
f45/
f67/
f86/
f87
f88/
n11
n118
n16/
n17/
n31/
n33
n46/
n49/
n7/
n89
n9/
n95
n17:dir:0
d103/
d127/
d16
d174
d194/
d198
d199
d201
d202
d210
d212
d222
d23/
d233/
d249
d265/
d275
d277/
d293
d295/
d38/
d87/
d92
f111
f116
f118
f134/
f161/
f164
f185/
f191
f200/
f202
f217
f248/
f261
f263
f267/
f283
f34/
f36/
f39/
f45/
f67/
f86/
f87
f88/
n11
n118
n16/
n17/
n31/
n33
n46/
n47
n49/
n7/
n89
n9/
n95
f118:109
d222:67
d201:17
f118:109
d222:67
d201:17
f118:109
d222:67
d201:17
Invalid operation
d222:0E 89 A5 AF 88 6B 69 FE A7 CA 9C 86 F6 89 46 40 4B 88 84 6A FE 69 D3 36 D2 32 6C B7 BD 6A 2A 43 7D C8 1F 40 86 15 27 A5 5C F2
Invalid operation
Invalid operation
d2/
d40
d40:3
Invalid operation
f200/
├── d120/
├── d2/
└── d45
d45:0
d120/
/f200/d45
/f200/d45
d120/
d2/
d45
d45:1q
f118:jmeiproxxcb adzw5byeiolg2xs3m.n_6195-nv1jfx8ic4u.03u0_z7pez4xfjq04nh4yitw61bh5zxsceh_wxs 9gxt4zt6q2v9j0v89ijx
d2:dir:0
Invalid operation
Invalid operation
d103/
d127/
d16
d174
d194/
d198
d199
d201
d202
d210
d212
d222
d23/
d233/
d249
d265/
d275
d277/
d293
d295/
d38/
d87/
d92
f111
f116
f118
f134/
f161/
f191
f200/
f202
f217
f248/
f261
f263
f267/
f283
f34/
f36/
f39/
f45/
f67/
f86/
f87
f88/
n11
n118
n16/
n17/
n31/
n33
n46/
n47
n49/
n69
n7/
n89
n9/
n95
/f118
f118:109
d222:63
d201:17
f118:109
d222:63
d201:17
f118:109
d222:63
d201:17
d199:12
n95:12
d222:15 FC F9 6C CA
n17:dir:0
d103/
d127/
d16
d174
d194/
d198
d199
d201
d202
d210
d212
d222
d23/
d233/
d249
d265/
d275
d277/
d293
d295/
d38/
d87/
d92
f111
f116
f118
f134/
f161/
f191
f200/
f202
f217
f248/
f261
f263
f267/
f283
f34/
f36/
f39/
f45/
f67/
f86/
f87
f88/
n11
n118
n16/
n17/
n26/
n31/
n33
n46/
n47
n49/
n69
n7/
n89
n9/
n95
d103/
d127/
d16
d174
d194/
d198
d199
d201
d202
d210
d212
d222
d23/
d233/
d249
d265/
d275
d277/
d293
d295/
d38/
d87/
d92
f111
f116
f118
f134/
f161/
f191
f200/
f202
f217
f248/
f261
f263
f267/
f283
f34/
f36/
f39/
f45/
f67/
f86/
f87
f88/
n11
n118
n16/
n17/
n26/
n31/
n33
n46/
n47
n49/
n69
n7/
n89
n9/
n95
Invalid operation
d103/
d127/
d16
d174
d194/
d198
d199
d201
d202
d210
d212
d222
d23/
d233/
d249
d265/
d275
d277/
d293
d295/
d38/
d87/
d92
f111
f116
f118
f134/
f161/
f191
f200/
f202
f248/
f261
f263
f267/
f283
f34/
f36/
f39/
f45/
f86/
f87
f88/
n11
n118
n16/
n17/
n26/
n31/
n33
n46/
n47
n49/
n69
n7/
n89
n9/
n95
f118:110
d222:60
d201:17
d199:12
n95:12
f118:110
d222:58
d201:17
d199:12
n95:12
d92:11
/f87
Invalid operation
Invalid operation
Invalid operation
n17:dir:0
f118:jmeiproxxcb adzw5byeiolg2xs3m.n_6195-nv1jfx8ic4u.03u0_z7pez4xfjq04nh4yitw61bh5zxsceh_wxs 9gxt4zt6q2v9j0v89ijxx0ppyz9_vd fwt9
d222:CA 9C 86 F6 89 46 40 4B 88 84 6A FE D0 5D 15 FC F9 6C CA BD 6A 2A 43 7D C8 1F 40 86
Invalid operation
n17:dir:0
f118:jmeiproxxcb adzw5byeiolg2xs3m.n_6195-nv1jfx8ic4u.03u0_z7pez4xfjq04nh4yitw61bh5zxsceh_wxs 9gxt4zt6q2v9j0v89ijxx0ppyz9_vd fwt9ir7y
d222:CA 9C 86 F6 89 46 40 4B
f137:md:6
d222:E7 56 2F 30 0A AF 77 17 75 24 0E 51 06 56 E3 41 4B AC 67 CA 9C 86 F6 89 46 40 4B 88 84 6A FE D0 5D 15 FC F9 6C 2E BD 6A 2A 43
Invalid operation
/f118
d177:dir:0
f118:jmeiproxxcb adzw5byeiolg2xs3m.n_6195-nv1jfx8ic4u.03u0_z7pez4xfjq04nh4yitw61bh5zxsceh_wxs 9gxt4zt6q2v9j0v89ijxx0ppyz9_vd fwt9ir7y5cd
d177/
f113/
n23/
Invalid operation
d1:
d1
d222:AC 67 CA 9C 86 F6 89 46 40 4B 88 84 6A FE
Invalid operation
d222:77 17 75 24 0E 51 06 56 E3 41 4B AC 67 CA 9C 86 F6 89 46 40 4B 88 84 6A FE D0 5D 15 FC F9 6C 2E BD 69 BE 29 41 46 21 8E 7D
f0:wwjil_q-vp_muz
d177:dir:0
Invalid operation
f136/
/f118
Invalid operation
f118:jmeiproxxcb adzw5byeiolg2xs3m.n_6195-nv1jfx8ic4u.03u0_z7pez4xfjq04nh4yitw61bh5zxsceh_wxs 9gxt4zt6q2v9j0v89ijxx0ppyz9_vd fwt9ir7y5cd_ppeegf us_1n1tvs
d222:41 4B AC 67 CA 9C 86 F6 89 46 40 4B 88 84
f136/
Invalid operation
Invalid operation
Invalid operation
d177/
f113/
d177/
f113/
f136/
└── f113/
Invalid operation
/n31/d289
Invalid operation
f85
f85:x17d5.cm2su_ qlf
f85
Invalid operation
d289
f136/
Invalid operation
d291
f136/
n31/
├── d291
└── n38
d291
n38
n31/
├── d291
└── n38
Invalid operation
Invalid operation
d291:bin:0
Invalid operation
d291
n38
n38
d222:F9 6C 2E BD 69 BE
d211
f231
n38
d211
f165
f231
n38
n38:txt:0
n31/
├── d131/
├── d211
├── f165
├── f231
└── n38
Invalid operation
/n31/n38
/n31/n38
Invalid operation
n38:txt:0
d131/
d137/
f126/
f165
f231
n38
Invalid operation
n31/
├── d137/
├── d181/
├── f231
├── n115/
└── n38
d103/
d127/
d16
d174
d194/
d198
d199
d201
d202
d210
d212
d222
d23/
d233/
d249
d265/
d275
d277/
d293
d295/
d38/
d87/
d92
f111
f116
f118
f134/
f161/
f191
f200/
f202
f248/
f261
f263
f267/
f283
f34/
f36/
f39/
f45/
f86/
f87
f88/
n11
n118
n16/
n17/
n26/
n31/
n33
n46/
n47
n49/
n69
n7/
n89
n9/
n95
Invalid operation
Invalid operation
Null
Null
d222:41 4B AC 67 CA 9C 86 F6 89 46 40 4B 88 84 6A FE D0 5D 15 FC F9 6C
/f118
d137/
d181/
n115/
f118:jmeiproxxcb adzw5byeiolg2xs3m.n_6195-nv1jfx8ic4u.03u0_z7pez4xfjq04nh4yitw61bh5zxsceh_wxs 9gxt4zt6q2v9j0v89ijxx0ppyz9_vd fwt9ir7y5cd_ppeegf us_1n1tvs
d222:FC
d222:E3 41 4B AC 67 CA 9C 86 F6 89 46 40 4B 88 84 6A FE D0 5D 15 FC F9 6C 2E
d137:dir:0
d137/
d181/
n115/
d222:2E BD 69
n31/
├── d137/
├── d181/
└── n115/
n115:dir:0
d181/
n115/
n31/
├── d181/
├── d42
└── n115/
n17:dir:0
f131
f131:yq_
n31/
└── f131
f131:yq_
Invalid operation
/n31/f131
d187:5
f131:3
Null
n31/
├── d187
├── d2/
└── f131
d116
d187
d2/
f131
d116:16
d187:5
d116:16
d187:13
f131:4
/n31/f131
d116
d187
d2/
f131
d187:B1 28 E3 2A 74 00 C3 00 90 E5 A4
n31/
├── d116
├── d187
├── d2/
└── f131
d187:BE
d116
d187
f131
n28/
f131:txt:21
d187:E5 A4 DA 28 00 2A D9 8F
f131:yq_xrs0d.6 uxfxw5_8m8
Invalid operation
Invalid operation
d116
d79/
f131
f136
n28/
d79/
f131
f136
n28/
f131:yq_xrs0d.6 uxfxw5_8m8l4z6l88fkg
f131:31
f136:8
f131:txt:31
n31/
├── d79/
├── f131
├── f136
└── n28/
    ├── f178
    └── n3
Null
f131:yq_xrs0d.6 uxfxw5_8m8l4z6l88fkg
d79/
f131
f185
n28/
n91
f131:txt:41
d114/
d212
f132
f132:txt:3
f132:txt:3
f132:txt:3
d114/
d222:2F 1D 15 70 2F 2F 05 24 0E 51 06 56 E3 41 4B AC 67 3D 01 E3 6D A3 F2 40 4B 88 6E A2 02 B2 F6 15 FC F9 6C 2E BD 69 BE B2 83 FE C4
d122:2jmf_afjch9wdc
Invalid operation
d222:F2 40 4B 88 6E A2 02 B2 F6 15 FC F9 6C 2E BD 69 BE B2 83 FE C4 8E
d222:BE B2 83 FE C4 8E
f279:13fk6i4
d222:A2 02 B2
Invalid operation
f279:md:7
f132:npx
Invalid operation
Invalid operation
Null
d79/
f131
f134/
f154
f92/
n28/
n91
f118:jmeiproxxcb adzw5byeiolg2xs3m.n_6195-nv1jfx8ic4u.03u0_z7pez4xfjq04nh4yitw61bh5zxsceh_wxs 9gxt4zt6q2v9j0v89ijxx0ppyz9_vd fwt9ir7y5cd_ppeegf us_1n1tvsx
/f118
f118:149
d222:57
d201:17
d199:12
n95:12
d92:11
f118:jmeiproxxcb adzw5byeiolg2xs3m.n_6195-nv1jfx8ic4u.03u0_z7pez4xfjq04nh4yitw61bh5zxsceh_wxs 9gxt4zt6q2v9j0v89ijxx0ppyz9_vd fwt9ir7y5cd_ppeegf us_1n1tvsx
Invalid operation
d103/
d127/
d15/
d16
d174
d194/
d198
d199
d201
d202
d210
d212
d222
d23/
d233/
d249
d265/
d275
d277/
d293
d295/
d87/
d92
f111
f116
f118
f134/
f161/
f191
f200/
f202
f248/
f261
f263
f267/
f283
f34/
f36/
f39/
f45/
f86/
f88/
n11
n118
n16/
n17/
n26/
n31/
n33
n46/
n47
n49/
n69
n7/
n89
n9/
n95
Null
f118:161
d222:57
d201:17
d199:12
n95:12
d92:11
f111:11
f116:10
n17:dir:0
n17:dir:0
d103/
d127/
d15/
d16
d174
d194/
d198
d199
d201
d202
d210
d212
d222
d23/
d233/
d249
d265/
d275
d277/
d293
d295/
d87/
d92
f111
f112
f116
f118
f134/
f161/
f191
f200/
f202
f248/
f261
f263
f267/
f283
f34/
f36/
f39/
f45/
f86/
f88/
n11
n118
n16/
n17/
n26/
n31/
n33
n46/
n47
n49/
n69
n7/
n89
n9/
n95
n17:dir:0
Invalid operation
d103/
d127/
d15/
d16
d174
d194/
d198
d199
d201
d202
d210
d212
d222
d23/
d233/
d249
d265/
d275
d277/
d293
d295/
d87/
d92
f111
f112
f116
f118
f134/
f161/
f191
f200/
f202
f248/
f261
f263
f267/
f276
f283
f34/
f36/
f39/
f45/
f86/
f88/
n11
n118
n16/
n17/
n26/
n31/
n33
n46/
n47
n49/
n69
n7/
n89
n9/
n95
n17:dir:0
n17:dir:0
Invalid operation
Invalid operation
f118:162
d222:63
d201:17
f118:jmeiproxxcb adzw5byeiolg2xs3m.n_6195-nv1jfx8ic4u.03u0_z7pez4xfjq04nh4yitw61bh5zxsceh_wxs 9gxt4zt6q2v9j0v89ijxx0ppyz9_vd fwt9ir7y5cd_ppeegf us_1n1tvsx4.x5xszywv5yx
d103/
d104
d127/
d15/
d16
d174
d194/
d198
d199
d201
d202
d210
d212
d222
d23/
d233/
d249
d265/
d275
d277/
d293
d295/
d87/
d92
f111
f112
f116
f118
f134/
f161/
f191
f200/
f202
f248/
f261
f263
f267/
f276
f283
f34/
f36/
f39/
f45/
f86/
f88/
n11
n118
n16/
n17/
n26/
n31/
n33
n46/
n47
n49/
n69
n7/
n89
n9/
n95
d77:17
f296:4
d48:hsobqgrja4vzk6-x-gknbw2w
Invalid operation
Invalid operation
Invalid operation
d243:dir:0
d103/
├── d243/
│   ├── d77
│   ├── f111/
│   │   └── d237
│   ├── f213/
│   │   ├── d269
│   │   ├── d37/
│   │   ├── f183
│   │   ├── f213/
│   │   └── f279/
│   │       └── d251
│   └── f296
└── d48
Invalid operation
f296:E8
f183:16
d269:7
f228:1
Invalid operation
f213/
├── d269
├── d37/
├── f183
├── f213/
├── f228
└── f279/
    └── d251
Invalid operation
d269
d37/
f183
f213/
f228
f279/
/d103/d243/f213/d269
d269:42
Invalid operation
Invalid operation
/d103/d243/f296
d77
d98
f111/
f213/
f296
/d103/d243/f296
f279:dir:0
Invalid operation
d269
d37/
d92/
f183
f213/
f228
f279/
f183:16
d64:13
d269:7
f228:1
/d103/d243/f213/d269
Invalid operation
d170/
d269
d37/
d64
d92/
f1/
f183
f213/
f228
f279/
f58/
f279:dir:0
Invalid operation
Null
f296:E8
Invalid operation
d243/
├── d156
├── d187
├── d77
├── d98
├── f111/
│   └── d237
├── f213/
│   ├── d170/
│   ├── d269
│   ├── d37/
│   ├── d64
│   ├── d92/
│   ├── f183
│   ├── f207
│   ├── f213/
│   ├── f228
│   ├── f279/
│   │   └── d251
│   └── f58/
├── f296
└── n16
Invalid operation
d156
d187
d77
d98
f213/
f296
n16
d156
d257/
d77
d98
f213/
f296
n16
d269:F6 CA 4A 49 AE 0E
Invalid operation
Invalid operation
f213/
├── d170/
├── d269
├── d64
├── d92/
├── f183
├── f207
├── f213/
├── f228
├── f279/
│   └── d251
├── f58/
└── n118/
d269:CA 4A
Invalid operation
Invalid operation
Invalid operation
d269:A5
Invalid operation
Null
d161/
d170/
d269
d64
f207
f213/
f257
f279/
f58/
f78
n103
n118/
n63/
f277:txt:15
d269:CB
d64:13
Invalid operation
d161/
d170/
d208/
d269
d64
f207
f213/
f279/
f58/
f78
f99
n103
n118/
n63/
d269:A5 CE 6C CB
d269:0B DE
Invalid operation
Invalid operation
d269:CB 00 00
Invalid operation
Invalid operation
/d103/d243/f213/d269
f99:16
/d103/d243/f213/d269
f279:dir:0
Invalid operation
f213:dir:0
f213:dir:0
f296:8C
d77:17
d98:10
f296:5
d156
d77
d98
f213/
f296
n16
Invalid operation
Invalid operation
Invalid operation
f296:98
f296:BC 98
Invalid operation
d93:13
d98:10
f296:4
d156:2
f110:0
f27:0
d156
d93
d98
f110
f27
f296
f4/
n16
f299:14
d93:13
f296:4
d156:2
f110:0
f27:0
n16:0
/d103/d243/f296
d156
d93
f1/
f110
f27
f296
f299
f4/
n117/
n16
Invalid operation
Null
Invalid operation
f296:69 C9 BC
Invalid operation
Invalid operation
d93
f1/
f110
f27
f296
f299
f4/
n117/
n16
n70/
Invalid operation
Invalid operation
Invalid operation
Invalid operation
Invalid operation
d93
f1/
f110
f112/
f27
f296
f299
f4/
f42/
n115
n16
n70/
d243/
d48
d48:24
n17:dir:0
n49/
├── d159
├── d170
└── f296/
d159:10
n53:6
d170:2
d170:-x
f118:162
d222:65
d201:17
d222:14 41 C2 CE F3 00
Invalid operation
n17:dir:0
f118:162
d222:65
d201:17
d103/
d104
d127/
d15/
d16
d174
d194/
d198
d199
d201
d202
d210
d212
d222
d23/
d233/
d249
d265/
d275
d277/
d293
d295/
d87/
d92
f111
f112
f116
f118
f134/
f161/
f191
f200/
f202
f248/
f261
f263
f267/
f276
f283
f34/
f36/
f39/
f45/
f86/
f88/
n11
n118
n16/
n17/
n26/
n31/
n33
n46/
n47
n49/
n69
n7/
n89
n9/
n95
f118:171
d222:66
d201:17
n17:dir:0
d15/
f118:jmeiproxxcb adzw5byeiolg2xs3m.n_6195-nv1jfx8ic4u.03u0_z7pez4xfjq04nh4yitw61bh5zxsceh_wxs 9gxt4zt6q2v9j0v89ijxx0ppyz9_vd fwt9ir7y5cd_ppeegf us_1n1tvsx4.x5xszywv5yx
n17:dir:0
n17:dir:0
Null
d227:dir:0
d15/
├── d227/
└── d68
Invalid operation
Invalid operation
f159/
d222:9C 8C DA 15 FC F9 6C
f118:jmeiproxxcb adzw5byeiolg2xs3m.n_6195-nv1jfx8ic4u.03u0_z7pez4xfjq04nh4yitw61bh5zxsceh_wxs 9gxt4zt6q2v9j0v89ijxx0ppyz9_vd fwt9ir7y5cd_ppeegf us_1n1tvsx4.x5xszywv5yx
f118:162
d222:68
d201:17
d103/
d104
d127/
d15/
d16
d174
d194/
d198
d199
d201
d202
d210
d212
d222
d23/
d233/
d249
d265/
d275
d277/
d293
d295/
d87/
d92
f111
f112
f116
f118
f134/
f161/
f191
f200/
f202
f248/
f261
f263
f267/
f276
f283
f34/
f36/
f39/
f45/
f86/
f88/
n11
n118
n16/
n17/
n26/
n31/
n33
n46/
n47
n49/
n69
n7/
n89
n9/
n95
Invalid operation
f118:jmeiproxxcb adzw5byeiolg2xs3m.n_6195-nv1jfx8ic4u.03u0_z7pez4xfjq04nh4yitw61bh5zxsceh_wxs 9gxt4zt6q2v9j0v89ijxx0ppyz9_vd fwt9ir7y5cd_ppeegf us_1n1tvsx4.x5xszywv5yx
d103/
d104
d127/
d15/
d16
d174
d194/
d198
d199
d201
d202
d210
d212
d222
d23/
d233/
d249
d265/
d275
d277/
d293
d295/
d87/
d92
f111
f112
f116
f118
f134/
f161/
f191
f200/
f202
f248/
f261
f263
f267/
f276
f283
f34/
f36/
f39/
f45/
f86/
f88/
n11
n118
n16/
n17/
n26/
n31/
n33
n46/
n47
n49/
n69
n7/
n89
n9/
n95
f118:162
d222:65
d201:17
d103/
d104
d127/
d15/
d16
d174
d194/
d198
d199
d201
d202
d210
d212
d222
d23/
d233/
d249
d265/
d275
d277/
d293
d295/
d87/
d92
f111
f112
f116
f118
f134/
f161/
f191
f200/
f202
f248/
f261
f263
f267/
f276
f283
f34/
f36/
f39/
f45/
f86/
f88/
n11
n118
n16/
n17/
n26/
n31/
n33
n46/
n47
n49/
n69
n7/
n89
n9/
n95
d103/
d104
d127/
d15/
d16
d174
d194/
d198
d199
d201
d202
d210
d212
d222
d23/
d233/
d249
d265/
d275
d277/
d293
d295/
d87/
d92
f111
f112
f116
f118
f134/
f161/
f191
f200/
f202
f248/
f261
f263
f267/
f276
f283
f34/
f36/
f39/
f45/
f86/
f88/
n11
n118
n16/
n17/
n26/
n31/
n33
n46/
n47
n49/
n69
n7/
n89
n9/
n95
d222:88 C3 98 3F A8 81 56 2F 1D 15 70 2F 2F 05 6A 0E 51 06 56 E3 3A 96 FD 38 53 01 E3 6D 65 CF 96 19 7B 83 D8 9C 8C DA
Invalid operation
f118:162
d222:65
d201:17
f118:162
d222:65
d201:17
d103/
d104
d127/
d15/
d16
d174
d194/
d198
d199
d201
d202
d210
d212
d222
d23/
d233/
d249
d265/
d275
d277/
d293
d295/
d87/
d92
f111
f112
f116
f118
f134/
f161/
f191
f200/
f202
f248/
f261
f263
f267/
f276
f283
f34/
f36/
f39/
f45/
f86/
f88/
n11
n118
n16/
n17/
n26/
n31/
n33
n46/
n47
n49/
n69
n7/
n89
n9/
n95
f118:162
d222:65
d201:17
f118:162
d222:65
d201:17
/f118
d48:hsobqgrja4vzk6-x-gknbw2w
Invalid operation
Invalid operation
d103/
d104
d127/
d15/
d16
d174
d194/
d198
d199
d201
d202
d210
d212
d222
d23/
d233/
d249
d265/
d275
d277/
d293
d295/
d87/
d92
f111
f112
f116
f118
f134/
f161/
f191
f200/
f202
f248/
f261
f263
f267/
f276
f283
f34/
f36/
f39/
f45/
f86/
f88/
n11
n118
n16/
n17/
n26/
n31/
n33
n46/
n47
n49/
n69
n7/
n89
n9/
n95
f118:172
d222:65
d201:17
d199:12
n95:12
d127/
d222:2E CE 97 4E
f118:172
d222:65
d201:17
Invalid operation
f118:jmeiproxxcb adzw5byeiolg2xs3m.n_6195-nv1jfx8ic4u.03u0_z7pez4xfjq04nh4yitw61bh5zxsceh_wxs 9gxt4zt6q2v9j0v89ijxx0ppyz9_vd fwt9ir7y5cd_ppeegf us_1n1tvsx4.x5xszywv5yx-vu5ijtcc1
d222:6C 2E CE 97 4E 0D C3 6C
f118:jmeiproxxcb adzw5byeiolg2xs3m.n_6195-nv1jfx8ic4u.03u0_z7pez4xfjq04nh4yitw61bh5zxsceh_wxs 9gxt4zt6q2v9j0v89ijxx0ppyz9_vd fwt9ir7y5cd_ppeegf us_1n1tvsx4.x5xszywv5yx-vu5ijtcc1
n17:dir:0
d127/
d222:A8 81 56 2F 1D 15 70 2F 2F 05 6A 0E 51 67 85 81 6D 96 FD 38 53 35 B1 97 7A D8 DB 4C 7B 83 D8 9C 8C DA 15 FC F9 6C 2E CE 97 4E 0D C3 6C C4 8E 7D 2A C8 84 50 92 35 B7
Invalid operation
Invalid operation
Invalid operation
d103/
d104
d127/
d15/
d16
d174
d194/
d198
d199
d201
d202
d210
d212
d222
d23/
d233/
d249
d265/
d275
d277/
d293
d295/
d87/
d92
f111
f112
f116
f118
f134/
f161/
f191
f200/
f202
f248/
f261
f263
f267/
f276
f283
f34/
f36/
f39/
f45/
f86/
f88/
n11
n118
n16/
n17/
n26/
n31/
n33
n46/
n47
n49/
n69
n7/
n89
n9/
n95
d103/
d104
d127/
d15/
d16
d174
d194/
d198
d199
d201
d202
d210
d212
d222
d23/
d233/
d249
d265/
d275
d277/
d293
d295/
d87/
d92
f111
f112
f116
f118
f134/
f161/
f191
f200/
f202
f248/
f261
f263
f267/
f276
f283
f34/
f36/
f39/
f45/
f86/
f88/
n11
n118
n16/
n17/
n26/
n31/
n33
n46/
n47
n49/
n69
n7/
n89
n9/
n95
Invalid operation
Invalid operation
f118:173
d222:65
d201:17
f118:jmeiproxxcb adzw5byeiolg2xs3m.n_6195-nv1jfx8ic4u.03u0_z7pez4xfjq04nh4yitw61bh5zxsceh_wxs 9gxt4zt6q2v9j0v89ijxx0ppyz9_vd fwt9ir7y5cd_ppeegf us_1n1tvsx4.x5xszywv5yx-vu5ijtcc1x
/f118
f118:173
d222:65
Invalid operation
f118:jmeiproxxcb adzw5byeiolg2xs3m.n_6195-nv1jfx8ic4u.03u0_z7pez4xfjq04nh4yitw61bh5zxsceh_wxs 9gxt4zt6q2v9j0v89ijxx0ppyz9_vd fwt9ir7y5cd_ppeegf us_1n1tvsx4.x5xszywv5yx-vu5ijtcc1x
Invalid operation
Invalid operation
f118:173
d201:17
Invalid operation
n17:dir:0
n17:dir:0
f118:jmeiproxxcb adzw5byeiolg2xs3m.n_6195-nv1jfx8ic4u.03u0_z7pez4xfjq04nh4yitw61bh5zxsceh_wxs 9gxt4zt6q2v9j0v89ijxx0ppyz9_vd fwt9ir7y5cd_ppeegf us_1n1tvsx4.x5xszywv5yx-vu5ijtcc1x3n s07c80fre
d249:DA
f179:EB
/n17/f34
f179:E0
d154/
d185
d33/
f120
f14
f179
f291/
f34
n28
n79/
Invalid operation
f34:54
f120:21
f14:17
f179:4
n28:2
f120:anb17q-ya_5bbiq.9kc3m
Null
d154/
d185
f120
f14
f291/
f34
n28
n54/
n79/
n79:dir:0
d249:68 DA 8B 00 00 00
d154/
d185
f120
f14
f291/
f34
n28
n54/
n79/
d249:00 07 44
Null
f120:anb17q-ya_5bbiq.9kc3mru2 rji9n8qe.
Invalid operation
f120:anb17q-ya_5bbiq.9kc3mru2 rji9n8qe.
n79:dir:0
d249:39 69 0D 5D D5 45 01 FD
n79:dir:0
d249:DA 8B 00 00 00 00 00 00 07 44 01 BF 00 00 EE F9 79 13 ED 45
/n17/f120
Invalid operation
Invalid operation
d249:ED 45 99 BE
d249:BF
Invalid operation
n79:dir:0
Invalid operation
Invalid operation
Invalid operation
Invalid operation
Null
Invalid operation
n79:dir:0
Null
d249:00 00 EE
d249:68 DA 8B 00 00 00 00 00
n79/
/n17/f120
Null
Null
d249:07 44 01 BF 00 00 EE F9 79
d249:44 01 BF 00 00 EE F9 79
n79:dir:0
f120:anb17q-ya_5bbiq.9kc3mru2 rji9n8qe.xwftfz77c1uxlt0a6leug1z-3e69pgl9ygn08gus1oerljbs
n17/
├── d154/
├── d185
├── d198
├── d258/
├── f120
├── f14
├── f276
├── f291/
├── f35/
├── f91
├── n28
├── n54/
│   └── n51
└── n79/
n17/
├── d154/
├── d185
├── d198
├── d258/
├── f120
├── f14
├── f276
├── f291/
├── f35/
├── f91
├── n28
├── n54/
│   └── n51
└── n79/
n17/
├── d154/
├── d185
├── d198
├── d258/
├── f120
├── f14
├── f276
├── f291/
├── f35/
├── f91
├── n28
├── n54/
│   └── n51
└── n79/
Null
f120:anb17q-ya_5bbiq.9kc3mru2 rji9n8qe.xwftfz77c1uxlt0a6leug1z-3e69pgl9ygn08gus1oerljbs
d249:00 07 44 01 BF 00
n79:dir:0
f120:82
d179/
d185
d198
d258/
f120
f14
f207/
f214
f276
f291/
f35/
f50/
f91
n28
n54/
n79/
d179/
d18
d185
d198
d232
d258/
f120
f14
f162
f207/
f214
f276
f35/
f50/
f91
n28
n54/
d179/
d18
d185
d198
d232
d258/
f120
f14
f162
f207/
f276
f35/
f50/
f91
n28
n54/
f120:anb17q-ya_5bbiq.9kc3mru2 rji9n8qe.xwftfz77c1uxlt0a6leug1z-3e69pgl9ygn08gus1oerljbsx
d179/
d18
d185
d198
d232
d258/
f120
f14
f162
f207/
f276
f35/
f50/
f91
n28
n54/
f162:3F
/n17/f120
d179/
d18
d185
d198
d232
d258/
d79
f120
f14
f207/
f214
f276
f35/
f50/
f91
n28
n54/
Invalid operation
Invalid operation
f120:txt:83
f120:83
f14:17
d198:8
f120:83
f14:17
d198:8
d18:6
d232:3
f276:3
f214:2
n28:2
n17/
├── d179/
├── d18
├── d185
├── d198
├── d225/
├── d232
├── d258/
├── d79
├── f120
├── f13/
├── f14
├── f207/
├── f214
├── f276
├── f35/
├── f50/
├── f91
├── n28
└── n54/
    └── n51
Invalid operation
Invalid operation
Null
d179/
d18
d185
d198
d225/
d232
d246/
d258/
d79
f120
f13/
f14
f207/
f214
f276
f35/
f50/
f91
n54/
n77/
d179/
d18
d185
d198
d225/
d232
d246/
d258/
d79
f120
f13/
f14
f207/
f214
f276
f35/
f50/
f91
n54/
n77/
/n17/f120
n17/
├── d179/
├── d18
├── d185
├── d198
├── d225/
├── d232
├── d246/
├── d258/
├── d7
├── d79
├── f120
├── f122
├── f13/
├── f14
├── f207/
├── f214
├── f276
├── f35/
├── f91
├── n54/
│   └── n51
└── n77/
Invalid operation
d179/
d18
d185
d198
d225/
d232
d246/
d258/
d259/
d35
d7
d79
f120
f122
f13/
f14
f207/
f214
f276
f35/
f91
n26
n54/
n77/
/n17/f120
f120:anb17q-ya_5bbiq.9kc3mru2 rji9n8qe.xwftfz77c1uxlt0a6leug1z-3e69pgl9ygn08gus1oerljbsx
d179/
d18
d185
d198
d225/
d232
d246/
d258/
d259/
d35
d7
d79
f120
f122
f13/
f14
f207/
f214
f22
f276
f35/
f91
n26
n54/
n77/
d179/
d18
d185
d198
d225/
d232
d246/
d258/
d259/
d35
d79
f120
f122
f13/
f14
f207/
f214
f22
f276
f35/
f91
n26
n54/
n77/
n93
/n17/f120
/n17/f120
d179/
d18
d185
d198
d225/
d232
d246/
d258/
d35
d79
f122
f13/
f14
f203/
f207/
f210
f214
f22
f276
f35/
f91
n26
n54/
n77/
n93
Invalid operation
f14:yfpyy7b7nmm25gpg_
Invalid operation
d79:DB
Null
d103/
d104
d127/
d15/
d174
d194/
d198
d199
d201
d202
d210
d212
d23/
d233/
d249
d265/
d266
d275
d277/
d293
d295/
d34
d87/
d92
f111
f112
f116
f118
f134/
f161/
f191
f200/
f202
f248/
f261
f263
f267/
f283
f34/
f36/
f39/
f45/
f86/
f88/
n11
n118
n16/
n17/
n26/
n31/
n33
n46/
n47
n49/
n69
n7/
n89
n9/
n95
f118:jmeiproxxcb adzw5byeiolg2xs3m.n_6195-nv1jfx8ic4u.03u0_z7pez4xfjq04nh4yitw61bh5zxsceh_wxs 9gxt4zt6q2v9j0v89ijxx0ppyz9_vd fwt9ir7y5cd_ppeegf us_1n1tvsx4.x5xszywv5yx-vu5ijtcc1x3n s07c80fre
n17:dir:0
Invalid operation
f118:jmeiproxxcb adzw5byeiolg2xs3m.n_6195-nv1jfx8ic4u.03u0_z7pez4xfjq04nh4yitw61bh5zxsceh_wxs 9gxt4zt6q2v9j0v89ijxx0ppyz9_vd fwt9ir7y5cd_ppeegf us_1n1tvsx4.x5xszywv5yx-vu5ijtcc1x3n s07c80frey-n20uk02 5f_tvuvx
Invalid operation
Invalid operation
n17:dir:0
Invalid operation
d108/
f250/
f90
f250:dir:0
d249:8B 00 00 00 00 00 00 07 CE E6 C1 E0 77 23
d249:C1 E0
d249:12 79
d148:1-3s3.l50
Invalid operation
n7/
├── d148
└── f34/
d148:1-3s3.l50
Invalid operation
d148:1-3s3.l50
d148
f34/
f61/
/n7/d148
Invalid operation
Null
f34/
└── d139
d139
d139:d8
d148:1-3s3.l50xyuiuc-b dtedu70d-s.-jmoh8x73bbl695t
/n7/d148
d148
f34/
f61/
d148
f34/
f61/
d148:1-3s3.l50xyuiuc-b dtedu70d-s.-jmo
Invalid operation
f118:jmeiproxxcb adzw5byeiolg2xs3m.n_6195-nv1jfx8ic4u.03u0_z7pez4xfjq04nh4yitw61bh5zxsceh_wxs 9gxt4zt6q2v9j0v89ijxx0ppyz9_vd fwt9ir7y5cd_ppeegf us_1n1tvsx4.x5xszywv5yx-vu5ijtcc1x3n s07c80frey-n20uk02 5f_tvuvx
Invalid operation
d148:1-3s3.l50xyuiuc-b dtedu70d-s.-jmo
Invalid operation
d148
d77/
f34/
f61/
f34:dir:0
d148
f34/
f61/
n68/
d148
d185
f34/
f61/
n68/
Invalid operation
n7/
├── d148
├── d185
├── f34/
│   └── d203
├── f61/
└── n68/
Invalid operation
f34:dir:0
Invalid operation
d148:62
d185:2
Invalid operation
Invalid operation
d3:
d3:
d148:1-3s3.l50xyuiuc-b dtedu70d-s.-jmosk_p99l12scg9czfnbaivuysj0ivxp
f34:dir:0
Invalid operation
Invalid operation
d3:md:0
d3:
d50:16
/n7/f61/d50
d50:nlhrha8p.1yi8rf8
d50:txt:16
d50:txt:16
n7/
├── d130/
├── d148
├── d185
├── f34/
│   └── d203
├── f61/
│   └── d50
├── n54
└── n68/
Invalid operation
Invalid operation
Invalid operation
d203
f170
d185:1A 00
d148:63
d185:3
Invalid operation
d148
d185
f126
f34/
f61/
n68/
Invalid operation
n7/
├── d148
├── d185
├── f126
├── f34/
│   ├── d203
│   └── f170
└── f61/
    └── d50
Invalid operation
d148:1-3s3.l50xyuiuc-b dtedu70d-s.-jmosk_p99l12scg9czfnbaivuysj0ivxp
d148:63
d249:F6 00 00
d148
f126
f199
f34/
f61/
n17:dir:0
Invalid operation
d103/
d104
d127/
d15/
d174
d194/
d198
d199
d201
d202
d210
d212
d23/
d233/
d249
d265/
d266
d275
d277/
d293
d295/
d34
d42
d87/
d92
f111
f112
f116
f118
f134/
f161/
f191
f200/
f202
f248/
f261
f263
f267/
f283
f34/
f36/
f39/
f45/
f86/
f88/
n11
n118
n16/
n17/
n26/
n31/
n33
n46/
n47
n49/
n69
n7/
n89
n9/
n95
f118:203
d249:22
d201:17
n17:dir:0
Invalid operation
f118:204
d249:22
Invalid operation
d103/
d104
d127/
d15/
d174
d198
d199
d201
d202
d210
d212
d23/
d233/
d249
d265/
d266
d275
d277/
d293
d295/
d34
d42
d87/
d92
f111
f112
f116
f118
f134/
f161/
f191
f200/
f202
f248/
f261
f263
f267/
f283
f34/
f36/
f39/
f45/
f86/
f88/
n11
n118
n16/
n17/
n26/
n31/
n33
n46/
n47
n49/
n69
n7/
n89
n9/
n95
f118:204
d249:25
d201:17
d266:13
d34:13
f118:204
d249:25
d201:17
d103/
d104
d127/
d15/
d174
d198
d199
d201
d202
d210
d212
d23/
d233/
d249
d265/
d266
d275
d277/
d293
d295/
d34
d42
d87/
d92
f111
f112
f116
f118
f134/
f161/
f191
f200/
f202
f248/
f261
f263
f267/
f283
f34/
f36/
f39/
f45/
f47
f86/
f88/
n11
n118
n16/
n17/
n26/
n31/
n33
n46/
n47
n49/
n69
n7/
n89
n9/
n95
Invalid operation
/f118
Null
/f118
d103/
d104
d127/
d15/
d174
d198
d199
d201
d202
d210
d212
d23/
d233/
d249
d265/
d266
d275
d277/
d293
d295/
d34
d42
d87/
d92
f111
f112
f116
f118
f134/
f161/
f191
f200/
f202
f248/
f261
f263
f267/
f283
f34/
f36/
f39/
f45/
f47
f86/
f88/
n11
n118
n16/
n17/
n26/
n31/
n33
n46/
n47
n49/
n69
n7/
n89
n9/
n95
n17:dir:0
f118:204
d249:25
d201:17
/f261
d103/
d104
d127/
d15/
d174
d198
d199
d201
d202
d210
d212
d23/
d233/
d241
d249
d265/
d266
d275
d277/
d293
d295/
d42
d87/
d92
f111
f112
f116
f118
f134/
f161/
f191
f200/
f202
f248/
f261
f263
f267/
f283
f34/
f36/
f39/
f45/
f47
f86/
f88/
n11
n118
n16/
n17/
n26/
n31/
n33
n46/
n47
n49/
n69
n7/
n89
n9/
n95
d103/
d104
d127/
d15/
d174
d198
d199
d201
d202
d210
d212
d23/
d233/
d249
d265/
d266
d275
d277/
d293
d295/
d42
d87/
d92
f111
f112
f116
f118
f134/
f161/
f191
f200/
f202
f244
f248/
f261
f263
f267/
f283
f34/
f36/
f39/
f45/
f47
f86/
f88/
n11
n118
n16/
n17/
n26/
n31/
n33
n46/
n47
n49/
n69
n7/
n89
n9/
n95
f118:204
d249:25
d201:17
f118:jmeiproxxcb adzw5byeiolg2xs3m.n_6195-nv1jfx8ic4u.03u0_z7pez4xfjq04nh4yitw61bh5zxsceh_wxs 9gxt4zt6q2v9j0v89ijxx0ppyz9_vd fwt9ir7y5cd_ppeegf us_1n1tvsx4.x5xszywv5yx-vu5ijtcc1x3n s07c80frey-n20uk02 5f_tvuvxx
f118:204
d249:25
d201:17
Null
f118:204
d249:25
d201:17
Invalid operation
f131:txt:55
d209/
d79/
f116/
f131
f134/
n28/
n91
f27:C9
n28/
├── f178
└── n3
Invalid operation
n28/
├── d186
├── f178
└── n3
f178:6na77gkzp5n1lcup lf3fv28o
f178:26
d186:17
f120:11
f27:2B 14 4C 00 00 98 EF E9 4F 0F 8F
d186
f120
f178
Invalid operation
f131:yq_xrs0d.6 uxfxw5_8m8l4z6l88fkg-fk7_6a2c-gf8x0.l jive45
Invalid operation
d209/
d79/
d87
f116/
f134/
f27
n28/
n91
f27:13
n91:10
d87:6
d166:15
f27:13
n91:10
d87:6
Invalid operation
Invalid operation
d103/
d104
d127/
d15/
d174
d198
d199
d201
d202
d210
d212
d23/
d233/
d249
d265/
d266
d275
d277/
d293
d295/
d42
d84/
d87/
d92
f111
f112
f116
f118
f134/
f161/
f191
f200/
f202
f244
f248/
f261
f263
f267/
f283
f34/
f36/
f39/
f45/
f47
f86/
f88/
n118
n16/
n17/
n26/
n31/
n33
n46/
n47
n49/
n69
n7/
n89
n9/
n95
d249:00 00 00
d249:C1 BD 66 F1 00 07 CE E6 46 EF B8 5D D9 79 00 F6 00 00
d103/
d104
d127/
d15/
d174
d198
d199
d201
d202
d210
d212
d23/
d233/
d249
d265/
d266
d275
d277/
d293
d295/
d42
d84/
d87/
d92
f111
f112
f116
f118
f134/
f161/
f191
f200/
f202
f244
f248/
f261
f263
f267/
f283
f34/
f36/
f39/
f45/
f47
f86/
f88/
n16/
n17/
n26/
n31/
n33
n46/
n47
n49/
n69
n7/
n89
n9/
n95
Invalid operation
n17:dir:0
f118:jmeiproxxcb adzw5byeiolg2xs3m.n_6195-nv1jfx8ic4u.03u0_z7pez4xfjq04nh4yitw61bh5zxsceh_wxs 9gxt4zt6q2v9j0v89ijxx0ppyz9_vd fwt9ir7y5cd_ppeegf us_1n1tvsx4.x5xszywv5yx-vu5ijtcc1x3n s07c80frey-n20uk02 5f_tvuvxxjmt bofp..pfr3
f118:jmeiproxxcb adzw5byeiolg2xs3m.n_6195-nv1jfx8ic4u.03u0_z7pez4xfjq04nh4yitw61bh5zxsceh_wxs 9gxt4zt6q2v9j0v89ijxx0ppyz9_vd fwt9ir7y5cd_ppeegf us_1n1tvsx4.x5xszywv5yx-vu5ijtcc1x3n s07c80frey-n20uk02 5f_tvuvxxjmt bofp..pfr3teqkj50-w
Invalid operation
d103/
d104
d127/
d15/
d174
d198
d199
d201
d202
d210
d212
d23/
d233/
d249
d265/
d266
d275
d277/
d293
d295/
d42
d84/
d87/
d92
f111
f112
f116
f118
f134/
f161/
f191
f200/
f202
f244
f248/
f261
f263
f267/
f283
f34/
f36/
f39/
f45/
f47
f86/
f88/
n16/
n17/
n26/
n31/
n33
n46/
n47
n49/
n69
n7/
n89
n9/
n95
f118:235
f118:235
d249:25
d201:17
f118:235
d249:25
d201:17
f118:235
d249:23
d201:17
f118:243
d249:23
d201:17
f118:jmeiproxxcb adzw5byeiolg2xs3m.n_6195-nv1jfx8ic4u.03u0_z7pez4xfjq04nh4yitw61bh5zxsceh_wxs 9gxt4zt6q2v9j0v89ijxx0ppyz9_vd fwt9ir7y5cd_ppeegf us_1n1tvsx4.x5xszywv5yx-vu5ijtcc1x3n s07c80frey-n20uk02 5f_tvuvxxjmt bofp..pfr3teqkj50-w56la2kpwl0.r_tfj
f118:243
d249:23
d201:17
Invalid operation
f118:243
d249:25
d201:17
d103/
d104
d127/
d15/
d174
d198
d199
d201
d202
d210
d212
d23/
d233/
d249
d265/
d266
d275
d277/
d293
d295/
d42
d84/
d87/
d92
f111
f112
f116
f118
f134/
f161/
f191
f200/
f202
f244
f248/
f261
f263
f267/
f283
f34/
f36/
f39/
f45/
f47
f86/
f88/
n0
n16/
n17/
n26/
n31/
n33
n46/
n47
n49/
n69
n7/
n89
n9/
n95
d249:D9 79
d153:md:0
d249:00 00
d153
Invalid operation
d249:F1 00
d103/
d104
d127/
d15/
d174
d198
d199
d201
d202
d210
d212
d23/
d233/
d249
d265/
d266
d275
d277/
d293
d295/
d42
d84/
d87/
d92
f111
f112
f116
f134/
f161/
f191
f200/
f202
f239/
f248/
f261
f263
f267/
f283
f34/
f36/
f39/
f45/
f47
f86/
f88/
n0
n16/
n17/
n26/
n31/
n33
n46/
n47
n49/
n69
n7/
n89
n9/
n95
d103/
d104
d127/
d15/
d174
d198
d199
d201
d202
d210
d212
d23/
d233/
d249
d265/
d266
d275
d277/
d293
d295/
d42
d84/
d87/
d92
f111
f112
f116
f134/
f161/
f191
f200/
f202
f239/
f248/
f261
f263
f267/
f283
f34/
f36/
f39/
f45/
f47
f86/
f88/
n0
n16/
n17/
n26/
n31/
n33
n46/
n47
n49/
n69
n7/
n89
n9/
n95
Invalid operation
d249:25
d201:17
d266:13
d199:12
n95:12
d92:11
f111:11
Invalid operation
n17:dir:0
d103/
d104
d127/
d15/
d174
d198
d199
d201
d202
d210
d212
d23/
d233/
d249
d265/
d266
d275
d277/
d293
d295/
d42
d84/
d87/
d91/
d92
f111
f112
f116
f134/
f161/
f182
f191
f200/
f239/
f248/
f261
f263
f267/
f283
f34/
f36/
f39/
f45/
f47
f86/
f88/
n0
n16/
n17/
n26/
n31/
n33
n46/
n47
n49/
n69
n7/
n89
n9/
n95
/d249
Invalid operation
d249:25
d201:17
d266:13
d199:12
n95:12
d92:11
f111:11
f116:10
d249:25
d201:17
d266:13
Invalid operation
d103/
d104
d127/
d15/
d174
d198
d199
d201
d202
d210
d212
d23/
d233/
d249
d265/
d266
d275
d277/
d293
d295/
d42
d84/
d87/
d91/
d92
f111
f112
f116
f134/
f161/
f191
f200/
f239/
f248/
f261
f263
f267/
f283
f34/
f36/
f39/
f45/
f47
f86/
f88/
n0
n16/
n17/
n26/
n31/
n33
n46/
n47
n49/
n69
n7/
n89
n9/
n95
n17:dir:0
Invalid operation
d249:25
d201:17
d266:13
Invalid operation
n17:dir:0
d249:25
d201:17
d266:13
d249:F6 00 00 00 00 00
d249:FA C1 BD 66 F1 00 07 CE E6
d103/
d104
d127/
d15/
d174
d198
d199
d201
d202
d210
d212
d23/
d233/
d249
d265/
d266
d277/
d293
d295/
d42
d84/
d87/
d91/
d92
f111
f112
f116
f134/
f161/
f191
f200/
f239/
f248/
f252
f261
f263
f267/
f283
f34/
f36/
f39/
f45/
f47
f86/
f88/
f98/
n0
n16/
n17/
n26/
n31/
n33
n46/
n47
n49/
n69
n7/
n89
n9/
n95
d103/
d104
d127/
d15/
d174
d198
d199
d201
d202
d210
d212
d23/
d233/
d249
d265/
d266
d277/
d293
d295/
d42
d84/
d87/
d91/
d92
f111
f112
f116
f134/
f161/
f191
f200/
f239/
f248/
f252
f261
f263
f267/
f283
f34/
f36/
f39/
f45/
f47
f86/
f88/
f98/
n0
n16/
n17/
n26/
n31/
n33
n46/
n47
n49/
n69
n7/
n89
n9/
n95
Invalid operation
f253:dir:0
Null
d249
d265
f102
f237
f238
f253/
f90
n71/
n94
d265:17
f238:17
f90:17
f237:10
d265:17
d113
d13
d149
d151
d166/
d194/
d200
d224
d262/
d277
d49/
f11
f111/
f130
f158/
f166/
f178
f18
f21
f215
f299/
f56/
f64/
f66/
f84/
n112
n28
n44/
n66/
d113
d13
d149
d151
d166/
d194/
d200
d22
d224
d262/
d277
d49/
f11
f111/
f130
f158/
f166/
f178
f18
f21
f215
f299/
f36/
f56/
f64/
f66/
f84/
n112
n28
n44/
n66/
d249
d265
f237
f238
f253/
f52/
f90
n16/
n71/
n94
Invalid operation
d265:39
f238:17
f90:16
d176:10
f237:10
n94:3
/n46/d265
d265:c0 62o._u8aptxmajx1yagwc7v71yi_mq_4advl
/n46/d265
Invalid operation
Invalid operation
Invalid operation
d249:25
d201:17
d266:13
/d249
d103/
d104
d127/
d15/
d174
d198
d199
d201
d202
d210
d212
d23/
d233/
d249
d265/
d266
d277/
d293
d295/
d42
d84/
d87/
d91/
d92
f111
f112
f116
f134/
f161/
f191
f200/
f239/
f248/
f252
f261
f263
f267/
f283
f34/
f36/
f39/
f45/
f47
f86/
f88/
f98/
n0
n16/
n17/
n26/
n31/
n33
n46/
n47
n49/
n69
n7/
n89
n9/
n95
d103/
d104
d127/
d15/
d174
d198
d199
d201
d202
d210
d212
d23/
d233/
d249
d265/
d266
d277/
d293
d295/
d42
d84/
d87/
d91/
d92
f111
f112
f116
f134/
f161/
f191
f200/
f239/
f248/
f252
f261
f263
f267/
f283
f34/
f36/
f39/
f45/
f47
f86/
f88/
f98/
n0
n16/
n17/
n26/
n31/
n33
n46/
n47
n49/
n69
n7/
n89
n9/
n95
d103/
d104
d127/
d15/
d174
d198
d199
d201
d202
d210
d212
d23/
d233/
d249
d265/
d266
d277/
d293
d295/
d42
d84/
d87/
d91/
d92
f111
f112
f116
f134/
f161/
f191
f200/
f239/
f248/
f252
f261
f263
f267/
f283
f34/
f36/
f39/
f45/
f47
f86/
f88/
f98/
n0
n16/
n17/
n26/
n31/
n33
n46/
n47
n49/
n69
n7/
n89
n9/
n95
d103/
d104
d127/
d15/
d174
d198
d199
d201
d202
d210
d212
d23/
d233/
d249
d265/
d266
d277/
d293
d295/
d42
d84/
d87/
d92
f111
f112
f116
f134/
f161/
f191
f200/
f239/
f248/
f252
f261
f263
f267/
f283
f34/
f36/
f39/
f45/
f47
f86/
f88/
f98/
n0
n16/
n17/
n26/
n31/
n33
n46/
n47
n49/
n69
n7/
n89
n9/
n95
Invalid operation
Invalid operation
d249:46 EF B8 57 0B E0 2D F6
Invalid operation
Invalid operation
Invalid operation
d103/
d104
d15/
d174
d198
d199
d201
d202
d210
d212
d23/
d233/
d249
d265/
d266
d277/
d293
d295/
d42
d84/
d87/
d92
f111
f112
f116
f134/
f161/
f191
f200/
f239/
f248/
f252
f261
f263
f267/
f283
f34/
f36/
f39/
f45/
f47
f86/
f88/
n0
n16/
n17/
n26/
n31/
n33
n46/
n47
n49/
n69
n7/
n89
n9/
n95
Invalid operation
Invalid operation
d249:60 B0 C9 CE 66 F1 00 07 CE E6 46 EF B8 57 0B E0
Invalid operation
Null
/d249
Invalid operation
Invalid operation
n46:dir:0
d249:57 0B E0
Invalid operation
Invalid operation
/d249
Invalid operation
d103/
d104
d15/
d174
d198
d199
d201
d202
d210
d212
d23/
d233/
d249
d265/
d266
d277/
d293
d295/
d42
d59
d84/
d87/
d92
f111
f112
f116
f134/
f161/
f191
f200/
f24
f248/
f252
f261
f263
f267/
f283
f34/
f36/
f39/
f45/
f47
f86/
f88/
f98/
n0
n16/
n26/
n31/
n33
n46/
n47
n49/
n6/
n69
n7/
n89
n95
d273:bin:8
d273:91 2A
Invalid operation
Invalid operation
d273
f279/
d273:5C
n46:dir:0
Invalid operation
Null
Invalid operation
n46:dir:0
f150:dir:0
/d233/n69
/n69
d233/
├── d128/
├── f150/
├── n19
└── n69
Invalid operation
f150/
Invalid operation
Invalid operation
Invalid operation
Invalid operation
f150/
Invalid operation
n12/
f106
n12/
n12:dir:0
f106
n12/
n12:dir:0
f106:7
Invalid operation
Invalid operation
f150/
├── d151
├── f106
└── n12/
n69:37 C3 9F 74 26 FA 9F 57
Invalid operation
Invalid operation
n69:15
d88:11
n19:7
f150/
n14/
n19
n69
Null
Invalid operation
f150/
n14/
n19
n69
f150/
f17/
n14/
n19
n69
Invalid operation
d295:dir:0
Invalid operation
/d249
Invalid operation
Invalid operation
d103/
d127
d15/
d174
d198
d199
d201
d210
d212
d23/
d233/
d249
d265/
d266
d277/
d293
d294/
d295/
d42
d59
d84/
d87/
d92
f111
f112
f116
f134/
f161/
f191
f200/
f235
f248/
f252
f261
f263
f267/
f283
f296/
f34/
f36/
f39/
f47
f86/
f88/
f98/
n0
n16/
n26/
n31/
n47
n49/
n6/
n69
n7/
n89
n95
d103/
d127
d15/
d174
d198
d199
d201
d210
d212
d23/
d233/
d249
d265/
d266
d277/
d293
d294/
d295/
d42
d59
d84/
d87/
d92
f111
f112
f116
f134/
f161/
f191
f200/
f235
f248/
f252
f261
f263
f267/
f283
f296/
f34/
f36/
f39/
f47
f86/
f88/
f98/
n0
n26/
n31/
n47
n49/
n58
n6/
n69
n7/
n89
n95
d249:91 69 60 B0 C9 AE 66 F1 00 07 CE
Invalid operation
d103/
d127
d15/
d174
d198
d199
d201
d210
d212
d23/
d233/
d249
d266
d277/
d293
d294/
d295/
d42
d59
d84/
d87/
d92
f111
f112
f116
f134/
f161/
f191
f200/
f235
f248/
f252
f261
f263
f267/
f283
f296/
f34/
f36/
f39/
f47
f86/
f88/
f98/
n0
n26/
n31/
n47
n49/
n58
n6/
n69
n7/
n89
n95
Invalid operation
d249:30
d201:17
d266:13
f252:13
d199:12
f67:12
n95:12
Invalid operation
Invalid operation
Invalid operation
d249:B4 B8 57 0B
d295:dir:0
d295:dir:0
Invalid operation
Invalid operation
d249:29
d201:17
d209:13
d266:13
f252:13
d199:12
n95:12
d92:11
d103/
d127
d15/
d156
d174
d198
d199
d201
d209
d210
d212
d233/
d249
d266
d277/
d293
d294/
d295/
d42
d59
d7/
d84/
d87/
d92
f111
f112
f134/
f161/
f191
f200/
f235
f248/
f252
f261
f263
f267/
f283
f296/
f34/
f36/
f39/
f47
f86/
f88/
n0
n26/
n31/
n47
n49/
n58
n69
n7/
n89
n95
d15/
Invalid operation
Null
d103/
d127
d15/
d156
d174
d198
d199
d201
d209
d210
d212
d233/
d249
d266
d277/
d293
d294/
d295/
d42
d59
d7/
d84/
d87/
d92
f111
f112
f134/
f161/
f191
f200/
f235
f248/
f252
f261
f263
f267/
f283
f296/
f34/
f36/
f39/
f47
f88/
n0
n26/
n31/
n47
n49/
n58
n69
n7/
n89
n95
Invalid operation
Invalid operation
Invalid operation
d295:dir:0
d249:28
d201:17
d209:13
d266:13
f252:13
Invalid operation
Invalid operation
d103/
d127
d132
d15/
d156
d174
d198
d199
d201
d209
d210
d212
d233/
d249
d266
d277/
d293
d294/
d295/
d42
d59
d7/
d84/
d87/
d92
f111
f112
f134/
f161/
f191
f200/
f235
f248/
f252
f261
f263
f267/
f283
f296/
f34/
f36/
f39/
f47
f63/
f86/
f88/
n0
n26/
n28
n31/
n47
n49/
n58
n69
n7/
n89
n95
d295:dir:0
Invalid operation
d249:13 E7 2A 66 18 B4 B8 57 0B E0 2D F6 00 00 00 3F 05 F4 65 06
Invalid operation
d103/
d127
d15/
d156
d174
d198
d199
d201
d209
d210
d212
d233/
d249
d266
d277/
d293
d294/
d295/
d42
d59
d7/
d84/
d87/
d92
f111
f112
f134/
f161/
f191
f200/
f235
f248/
f252
f261
f263
f267/
f283
f296/
f34/
f36/
f39/
f47
f86/
f88/
n0
n26/
n28
n31/
n47
n49/
n5
n58
n69
n7/
n89
n95
d103/
d127
d156
d174
d198
d199
d201
d209
d210
d212
d233/
d249
d266
d277/
d293
d294/
d295/
d42
d59
d7/
d84/
d87/
d92
f103/
f111
f112
f134/
f161/
f191
f200/
f235
f248/
f252
f261
f263
f267/
f283
f296/
f34/
f36/
f39/
f47
f86/
f88/
n0
n26/
n28
n30/
n31/
n47
n49/
n5
n58
n69
n7/
n89
n95
Invalid operation
d103/
d127
d156
d174
d198
d199
d201
d209
d210
d212
d233/
d249
d266
d277/
d293
d294/
d295/
d42
d59
d7/
d84/
d87/
d92
f103/
f111
f112
f134/
f161/
f191
f200/
f235
f248/
f252
f261
f263
f267/
f283
f296/
f34/
f36/
f39/
f47
f86/
f88/
n0
n26/
n28
n30/
n31/
n47
n49/
n5
n58
n69
n7/
n89
n95
Invalid operation
Null
d243/
d243/
Invalid operation
Invalid operation
Invalid operation
Invalid operation
Invalid operation
Invalid operation
Invalid operation
/d103/d243/f296
f296:bin:15
/d103/d243/f296
d93
f1/
f110
f112/
f27
f296
f299
f4/
f42/
f47
n115
n16
n70/
Invalid operation
Invalid operation
Invalid operation
d243:dir:0
Invalid operation
d93
f1/
f110
f112/
f27
f296
f299
f4/
f42/
n115
n16
d93
f1/
f110
f112/
f27
f296
f299
f4/
f42/
n115
n16
Invalid operation
Invalid operation
/d103/d243/f296
Invalid operation
Invalid operation
f1/
f110
f112/
f27
f28/
f296
f299
f4/
f42/
n115
n16
/d103/d243/f42/f263
/f263
f296:CB B0 5E 00 00
d254:i4ftj4v
Invalid operation
Invalid operation
d14:15
f27:12
d198:8
d254:7
f190:dir:0
d117/
d14
d198
d254
f190/
f211/
f27
f286/
d254:i4ftj4vx
f1/
f107/
f110
f112/
f171
f27
f28/
f296
f299
f4/
f42/
n115
n16
Invalid operation
d254:i4ftj4vxx
f248:dir:0
d223:bin:0
f190:dir:0
Invalid operation
Invalid operation
Invalid operation
Invalid operation
/d103/d243/f42/f190/d223
d223:A6 85
d177
d223
d278
f12/
n99/
d223:bin:4
Invalid operation
Invalid operation
Invalid operation
Invalid operation
d223:00
d10/
d177
d223
d278
d90
f12/
f267/
d223:6
d90:5
d177:0
d223:6
d90:5
d177:0
Null
Invalid operation
d10/
d177
d223
d90
f12/
f267/
n117/
f190/
├── d10/
├── d177
├── d223
├── d90
├── f12/
├── f267/
└── n117/
Invalid operation
Invalid operation
d254:i4ftj4vxx
f296:00 9E 80 CB
Invalid operation
/d249
Null
d249:66 F1 13 E7 2A 4E 5F B4 B8 57 0B E0 2D F6 DE 49 33 E8 0B 43 54 CE 96 00 00
d249:4E 5F B4 B8 57 0B E0 2D F6 DE 49 33 E8 0B 43
Invalid operation
d243/
f55/
Invalid operation
d249:2A 4E 5F B4 B8 57 0B E0 2D
d249:32
d201:17
f92:17
n5:14
d295:dir:0
Invalid operation
Invalid operation
d103/
d127
d156
d174
d198
d199
d201
d209
d210
d212
d233/
d249
d277/
d293
d294/
d295/
d4
d59
d7/
d84/
d87/
d91
d92
f103/
f111
f112
f134/
f161/
f191
f200/
f235
f248/
f252
f261
f263
f283
f296/
f34/
f36/
f47
f86/
f88/
f92
n0
n26/
n28
n30/
n31/
n47
n49/
n5
n58
n7/
n89
n95
Invalid operation
d249:0B E0 2D F6 DE 49 33 E8 0B 43 54 CE
d249:66 F1 13 E7 2A
d103/
d127
d156
d174
d198
d199
d201
d209
d210
d212
d233/
d249
d277/
d293
d294/
d295/
d4
d59
d7/
d84/
d87/
d91
d92
f111
f112
f134/
f161/
f191
f200/
f235
f248/
f252
f261
f263
f283
f296/
f34/
f36/
f47
f86/
f88/
f92
n0
n26/
n28
n30/
n31/
n47
n49/
n5
n58
n7/
n89
n95
Invalid operation
/d249
Invalid operation
/n7/d148
d148
d169
f34/
f61/
Invalid operation
Invalid operation
Null
d169:32
Invalid operation
Invalid operation
Invalid operation
Invalid operation
f34:dir:0
f170:01 4B
f170:01
/n7/d169
f34:dir:0
d169
f178
f282
f34/
f74
d169:r_u4z1iupyoiefizzf6ffxsk9vofitxc_s2ige.h8uxwmrfqcjvgr4m
d169:55
f282:10
f178:6
f74:0
f34:dir:0
d169:r_u4z1iupyoiefizzf6ffxsk9vofitxc_s2ige.h8uxwmrfqcjvgr4mzz-svkm.10g6
d169
f178
f282
f34/
f74
n7/
├── f178
├── f34/
└── f74
Invalid operation
/n7/f74
/n7/f74
Null
f74:x
d249:C0 A6
Invalid operation
d249:52 C0 E0 2D F6 DE 49 33 F6
f115/
n0
Invalid operation
Invalid operation
/n7/f74
f74:xpskdlcflm66v1ub
Invalid operation
f115:dir:0
f115:dir:0
Invalid operation
f115/
f142
d62
f142
d62
f142
f34/
Null
d25:txt:6
d25
n7/
├── d39
├── f178
├── f34/
│   └── d25
└── f74
d249:E0 2D F6 DE 49 33 F6 0B 4C 7C 49 31 C3 D1 A1 92
d39
f178
f34/
f74
f74:xpskdlcflm66v1ubxrteo4cg5x5x
f74:28
d39:7
f178:6
f44:5
f44:8
f178:6
Invalid operation
f44:8
f178:6
Invalid operation
f34:dir:0
/d249
d295:dir:0
Invalid operation
Invalid operation
d103/
d127
d156
d172/
d174
d198
d199
d201
d209
d210
d212
d233/
d249
d293
d294/
d295/
d4
d59
d7/
d84/
d87/
d92
f103/
f111
f112
f121/
f134/
f161/
f191
f200/
f248/
f252
f261
f263
f283
f296/
f34/
f36/
f47
f86/
f88/
f92
n0
n26/
n28
n30/
n31/
n47
n49/
n5
n58
n7/
n89
n95
Null
d103/
d127
d156
d172/
d174
d198
d199
d201
d209
d210
d212
d233/
d249
d293
d294/
d295/
d4
d59
d7/
d84/
d87/
d92
f103/
f111
f112
f121/
f134/
f161/
f191
f200/
f248/
f252
f261
f263
f283
f296/
f34/
f36/
f47
f86/
f88/
f92
n26/
n28
n30/
n31/
n47
n49/
n5
n58
n7/
n89
n95
Invalid operation
Invalid operation
Invalid operation
Invalid operation
Invalid operation
d103/
d127
d156
d172/
d174
d198
d199
d201
d209
d210
d212
d233/
d249
d294/
d295/
d4
d59
d7/
d84/
d87/
d90/
d92
f103/
f107
f111
f112
f121/
f132
f134/
f161/
f191
f200/
f248/
f252
f261
f263
f278/
f283
f296/
f34/
f36/
f47
f88/
f92
n26/
n28
n30/
n31/
n47
n49/
n5
n58
n7/
n89
n95
d295:dir:0
d295:dir:0
Invalid operation
d103/
d127
d156
d172/
d174
d198
d199
d201
d209
d210
d212
d233/
d249
d294/
d295/
d4
d59
d7/
d84/
d87/
d90/
d92
f103/
f107
f111
f112
f121/
f132
f134/
f161/
f191
f200/
f232/
f248/
f252
f261
f263
f278/
f283
f296/
f34/
f36/
f47
f88/
f92
n26/
n28
n30/
n31/
n47
n49/
n5
n58
n7/
n89
n95
Invalid operation
d295:dir:0
Invalid operation
/d249
d249:46
d201:17
Null
Invalid operation
Invalid operation
Invalid operation
Invalid operation
d103/
d127
d156
d172/
d174
d198
d199
d201
d209
d210
d212
d233/
d249
d294/
d295/
d59
d7/
d84/
d87/
d90/
d92
f103/
f107
f112
f121/
f132
f134/
f161/
f173
f191
f200/
f210
f225
f232/
f248/
f252
f261
f263
f278/
f283
f34/
f36/
f47
f88/
f92
n26/
n28
n30/
n31/
n47
n49/
n5
n58
n7/
n89
n95
d103/
d127
d133/
d156
d172/
d174
d198
d199
d201
d209
d210
d212
d233/
d249
d294/
d295/
d59
d7/
d84/
d87/
d90/
d92
f103/
f107
f112
f121/
f132
f134/
f161/
f173
f191
f200/
f210
f225
f232/
f248/
f252
f261
f263
f278/
f283
f34/
f36/
f47
f92
n26/
n28
n30/
n31/
n47
n49/
n5
n58
n7/
n89
n95
Invalid operation
/d209
d103/
d127
d156
d172/
d174
d198
d199
d201
d209
d210
d212
d233/
d249
d294/
d295/
d59
d7/
d84/
d87/
d90/
d92
f103/
f107
f112
f121/
f132
f134/
f161/
f173
f191
f200/
f210
f225
f232/
f248/
f252
f261
f263
f278/
f283
f29
f34/
f36/
f47
f92
n26/
n28
n30/
n31/
n47
n49/
n5
n58
n7/
n89
n95
d103/
d127
d156
d172/
d174
d198
d199
d201
d209
d210
d212
d233/
d249
d294/
d295/
d59
d7/
d84/
d87/
d90/
d92
f103/
f107
f112
f121/
f132
f134/
f161/
f173
f191
f200/
f210
f225
f232/
f248/
f252
f261
f263
f278/
f283
f29
f34/
f36/
f47
f92
n26/
n28
n30/
n31/
n47
n49/
n5
n58
n7/
n89
n95
d103/
d127
d156
d172/
d174
d198
d199
d201
d209
d210
d212
d233/
d249
d294/
d295/
d59
d7/
d84/
d87/
d90/
d92
f103/
f107
f112
f121/
f132
f134/
f161/
f173
f191
f200/
f210
f225
f232/
f247/
f248/
f252
f261
f263
f278/
f283
f29
f34/
f36/
f47
f92
n26/
n28
n30/
n31/
n47
n49/
n5
n58
n7/
n89
n95
d210:
d103/
d127
d156
d172/
d174
d198
d199
d201
d209
d210
d212
d233/
d249
d294/
d295/
d59
d7/
d84/
d87/
d90/
d92
f103/
f107
f112
f121/
f132
f134/
f161/
f173
f191
f200/
f210
f225
f232/
f247/
f248/
f252
f261
f263
f278/
f283
f29
f34/
f36/
f47
f92
n26/
n28
n30/
n31/
n47
n49/
n5
n58
n7/
n89
n95
Invalid operation
Null
d210:
Invalid operation
d103/
d127
d156
d172/
d174
d198
d199
d201
d209
d210
d212
d233/
d249
d294/
d295/
d59
d7/
d84/
d87/
d90/
d92
f103/
f107
f112
f121/
f132
f134/
f161/
f173
f191
f200/
f210
f225
f232/
f247/
f248/
f252
f261
f263
f278/
f283
f29
f34/
f36/
f47
f92
n26/
n28
n30/
n31/
n47
n49/
n5
n58
n7/
n89
n95
d103/
d127
d156
d172/
d174
d198
d199
d201
d209
d210
d212
d233/
d249
d294/
d295/
d59
d7/
d84/
d87/
d90/
d92
f103/
f107
f112
f121/
f132
f134/
f161/
f173
f191
f200/
f210
f225
f232/
f247/
f248/
f252
f261
f263
f278/
f283
f29
f34/
f36/
f47
f92
n26/
n28
n30/
n31/
n47
n49/
n5
n58
n7/
n89
n95
d210:
/d210
/d210
d103/
d127
d156
d172/
d174
d198
d199
d201
d209
d210
d212
d233/
d249
d294/
d295/
d59
d7/
d84/
d87/
d90/
d92
f103/
f107
f112
f121/
f132
f134/
f161/
f173
f191
f200/
f210
f225
f232/
f247/
f248/
f252
f261
f263
f278/
f283
f29
f34/
f36/
f47
f92
n26/
n28
n30/
n31/
n47
n49/
n5
n58
n7/
n89
n95
d103/
d127
d156
d172/
d174
d198
d199
d201
d209
d210
d212
d233/
d249
d294/
d295/
d59
d7/
d84/
d87/
d90/
d92
f103/
f107
f112
f121/
f132
f134/
f161/
f173
f191
f200/
f210
f225
f232/
f247/
f248/
f252
f261
f263
f278/
f283
f29
f34/
f36/
f47
f74
f92
n26/
n28
n30/
n31/
n47
n49/
n5
n58
n7/
n89
n95
d249:46
d201:17
f92:17
n5:14
d209:13
f252:13
d199:12
d103/
d127
d156
d172/
d174
d198
d199
d201
d209
d210
d212
d233/
d249
d294/
d295/
d59
d7/
d84/
d87/
d90/
d92
f103/
f107
f112
f121/
f132
f134/
f161/
f173
f191
f200/
f210
f225
f232/
f247/
f248/
f252
f261
f263
f278/
f283
f29
f34/
f36/
f47
f74
f92
n26/
n28
n30/
n31/
n47
n49/
n5
n58
n7/
n89
n95
d103/
d127
d156
d172/
d174
d198
d199
d201
d209
d210
d212
d233/
d249
d294/
d295/
d59
d7/
d84/
d87/
d90/
d92
f103/
f107
f112
f121/
f132
f134/
f161/
f173
f191
f200/
f210
f225
f232/
f247/
f248/
f252
f261
f263
f278/
f283
f29
f34/
f36/
f47
f74
f92
n26/
n28
n30/
n31/
n47
n49/
n5
n58
n7/
n89
n95
Null
d295:dir:0
d103/
d127
d156
d172/
d174
d198
d199
d201
d209
d210
d212
d233/
d249
d294/
d295/
d59
d7/
d84/
d87/
d90/
d92
f103/
f107
f112
f121/
f132
f134/
f161/
f173
f191
f200/
f210
f225
f232/
f237
f247/
f248/
f252
f263
f278/
f283
f29
f34/
f36/
f47
f74
f92
n26/
n28
n30/
n31/
n47
n49/
n5
n58
n7/
n89
n95
d249:46
d201:17
d103/
d127
d156
d172/
d174
d198
d199
d201
d209
d210
d212
d233/
d249
d294/
d295/
d59
d7/
d84/
d87/
d90/
d92
f103/
f107
f112
f121/
f132
f134/
f161/
f173
f191
f200/
f210
f225
f232/
f237
f247/
f248/
f252
f263
f278/
f283
f29
f34/
f36/
f47
f74
f92
n26/
n28
n30/
n31/
n49/
n5
n58
n7/
n89
n95
Invalid operation
d249:46
d201:17
f92:17
d103/
d127
d156
d172/
d174
d198
d199
d201
d209
d210
d212
d233/
d249
d294/
d295/
d59
d7/
d87/
d90/
d92
f103/
f107
f112
f118
f121/
f132
f134/
f161/
f173
f191
f200/
f210
f225
f232/
f237
f247/
f248/
f252
f263
f283
f29
f34/
f36/
f47
f74
f92
n26/
n28
n30/
n31/
n49/
n5
n58
n7/
n89
n95
d103/
d127
d156
d172/
d174
d198
d199
d201
d209
d210
d212
d233/
d249
d294/
d295/
d59
d7/
d87/
d90/
d92
f103/
f107
f112
f118
f121/
f132
f134/
f161/
f173
f191
f200/
f210
f225
f232/
f237
f247/
f248/
f252
f263
f278/
f283
f29
f34/
f36/
f47
f74
f92
n26/
n28
n30/
n31/
n49/
n5
n58
n7/
n89
n90
n95
d295:dir:0
d210:nliq
d210:nliq
d249:46
d201:17
f92:17
d249:46
d201:17
f92:17
d249:46
d201:17
f92:17
n5:14
d209:13
f252:13
d199:12
n95:12
Invalid operation
d233/
├── d126
├── f150/
│   ├── d293
│   └── f106
├── f17/
├── n14/
├── n19
└── n69
d126
f150/
f17/
n14/
n19
n69
n69:57 1C 04 11 59
Invalid operation
n69:15
f38:14
f111:12
Invalid operation
/d233/f150/f106
/d233/f150/d293
d293:erhpzxte73vd
Invalid operation
/d233/n69
/d233/n69
f150:dir:0
Invalid operation
Invalid operation
Invalid operation
Invalid operation
n42/
├── n92/
└── n96/
n92/
n96/
Invalid operation
n42/
├── d22
├── n92/
└── n96/
d22:cyo8tbpsokh0xx
n69:02 7D 6B 9B
n96:dir:0
Invalid operation
n42:dir:0
Invalid operation
n69:00 00
n69:6B 9B
Invalid operation
Null
f13/
n96/
Invalid operation
Invalid operation
/d233/n14/f84
f84:10
f29:9
d231:6
d231
d297/
f29
f84
n17/
d126
f111
f150/
f17/
f38
n14/
n19
n69
n69:CC C2 73 4F 64 01
n19:cuynsbl
d121
d126
f111
f150/
f17/
f38
n14/
n19
n69
n19:cuynsbl
d233/
├── d121
├── d126
├── f150/
│   └── d196/
├── f17/
├── f180
├── f38
├── f94/
├── f96
├── n14/
│   ├── d231
│   ├── d297/
│   ├── f29
│   ├── f84
│   └── n17/
├── n19
└── n69
Invalid operation
d233/
├── d121
├── d126
├── f150/
│   └── d196/
├── f17/
├── f180
├── f38
├── f94/
├── f96
├── n14/
│   ├── d231
│   ├── d297/
│   ├── f29
│   ├── f84
│   └── n17/
├── n19
└── n69
n19:cuynsbl
d121
d126
f111
f150/
f17/
f180
f38
f94/
f96
n14/
n19
n69
f150:dir:0
d121
f111
f150/
f17/
f180
f94/
f96
n14/
n19
n69
d103/
d127
d172/
d174
d198
d199
d201
d209
d210
d212
d233/
d237
d249
d294/
d295/
d59
d7/
d87/
d90/
d92
f103/
f107
f112
f118
f121/
f132
f134/
f161/
f173
f191
f200/
f210
f225
f232/
f237
f247/
f248/
f252
f263
f278/
f29
f34/
f36/
f47
f74
f92
n1
n26/
n28
n30/
n31/
n49/
n5
n58
n7/
n89
n90
n95
Invalid operation
Invalid operation
d103/
d127
d172/
d174
d198
d199
d201
d209
d210
d212
d233/
d237
d249
d294/
d295/
d59
d7/
d87/
d90/
d92
f103/
f107
f112
f118
f121/
f132
f134/
f161/
f173
f191
f200/
f210
f225
f232/
f237
f247/
f248/
f252
f263
f278/
f29
f34/
f36/
f47
f74
f92
n1
n26/
n28
n30/
n31/
n49/
n5
n58
n7/
n89
n90
n95
Null
Invalid operation
/d233/n69
f150:dir:0
Invalid operation
d121
d209/
d213/
f111
f150/
f17/
f180
f251/
f96
n14/
n69
n69:01 02
d121
d209/
d213/
f111
f150/
f17/
f180
f251/
f96
n14/
n69
/d233/n14/f84
n14/
├── d297/
└── f84
n69:25
f96:14
f150:dir:0
n69:53 75
d121
d209/
d213/
d89/
f150/
f17/
f180
f251/
f96
n14/
n69
Invalid operation
Invalid operation
n69:01 02 7D 12 9B
Invalid operation
d233/
├── d10
├── d121
├── d209/
├── d213/
├── d89/
├── f120/
├── f150/
│   └── d196/
├── f17/
├── f180
├── f251/
├── f96
├── n14/
│   ├── d297/
│   └── f84
└── n69
d121
d89/
f120/
f150/
f17/
f180
f251/
f96
n14/
n69
/d233/n69
/d233/n69
/d233/n69
Invalid operation
n69:7B 53 75
Null
Invalid operation
Invalid operation
d120/
d121
d280/
d89/
f17/
f180
f189/
f251/
f294/
f90/
f96
n14/
n65
n69
n84
d233/
├── d120/
├── d121
├── d280/
├── d89/
├── f17/
├── f180
├── f189/
├── f251/
├── f294/
├── f90/
├── f96
├── n14/
│   ├── d297/
│   └── f84
├── n65
├── n67/
├── n69
└── n84
/d233/n69
Invalid operation
d233/
├── d120/
├── d121
├── d280/
├── d89/
├── f17/
├── f180
├── f189/
├── f251/
├── f294/
├── f90/
├── f96
├── n14/
│   ├── d297/
│   └── f84
├── n65
├── n67/
├── n69
└── n84
Invalid operation
Invalid operation
Invalid operation
Invalid operation
n14:dir:0
d120/
d121
d143
d264/
d280/
d66
d89/
f164
f17/
f180
f189/
f245/
f251/
f294/
f90/
f96
n14/
n65
n69
n84
n14:dir:0
d121:14
f180:13
d189:md:7
d189:7
Invalid operation
Invalid operation
/d233/d120/d21
d137
d227/
Invalid operation
d137
d227/
Null
n65:17
Invalid operation
n65:00
d143: x
n98/
n65:00
/d233/d120/d21
/d233/d120/d21
n65:00 17
Invalid operation
n65:A1 0D
Invalid operation
Invalid operation
d227/
n77
n92
d174/
d200
d227/
n77
n92
Invalid operation
Invalid operation
d174/
d200
d227/
f44/
n77
n92
Null
Invalid operation
Invalid operation
Invalid operation
Invalid operation
n65:00 00 2B 0A
n65:0A
Invalid operation
d21:8exg_uij6k6mmhc7fkcuhtu-6j_
d186:dir:0
d21:8exg_uij6k6mmhc7fkcuhtu-6j_
n65:A1 A4 1C EF 24 0A 74
d21:8exg_uij6k6mmhc7fkcuhtu-6j_
Invalid operation
d121: jrw 6rs-_kc86x
d233/
├── d120/
│   ├── d21
│   ├── f295/
│   │   ├── d174/
│   │   ├── d200
│   │   ├── d227/
│   │   │   ├── d143
│   │   │   ├── d178/
│   │   │   ├── f190/
│   │   │   └── n98/
│   │   ├── f126
│   │   ├── n77
│   │   └── n92
│   ├── f40/
│   └── f56/
│       ├── d186/
│       ├── d261/
│       └── f8
├── d121
├── d13/
├── d143
├── d227
├── d264/
├── d280/
├── d89/
├── f164
├── f180
├── f189/
├── f216/
├── f245/
├── f251/
├── f294/
├── f90/
├── n14/
│   ├── d297/
│   └── f84
├── n65
└── n84
d121: jrw 6rs-_kc86x
n65:CF
/d233/d121
Invalid operation
d120/
d121
d13/
d143
d227
d264/
d280/
d89/
f164
f180
f189/
f216/
f245/
f251/
f294/
f90/
n14/
n45/
n65
n84
n65:0A 74 88 F5 CF 26
Invalid operation
d121:15
f180:13
n65:11
d143:8
n84:4
d227:0
Invalid operation
d120/
d121
d13/
d143
d177/
d227
d264/
d280/
d89/
f164
f180
f189/
f216/
f245/
f251/
f294/
f90/
n14/
n45/
n65
n84
d121: jrw 6rs-_kc86xx
d233/
├── d120/
│   ├── d21
│   ├── f295/
│   │   ├── d174/
│   │   ├── d200
│   │   ├── d227/
│   │   │   ├── d143
│   │   │   ├── d178/
│   │   │   ├── f190/
│   │   │   └── n98/
│   │   ├── f126
│   │   ├── n77
│   │   └── n92
│   ├── f40/
│   └── f56/
│       ├── d186/
│       ├── d261/
│       └── f8
├── d121
├── d13/
├── d177/
├── d227
├── d233/
├── d264/
├── d280/
├── d89/
├── f164
├── f180
├── f245/
├── f251/
├── f294/
├── f90/
├── n14/
│   ├── d297/
│   └── f84
├── n45/
├── n65
└── n84
d120/
d121
d13/
d177/
d227
d233/
d264/
d280/
d89/
f164
f180
f245/
f251/
f294/
f90/
n14/
n45/
n65
n84
f5:17
d121:16
n65:14
f180:13
Invalid operation
d120/
d121
d13/
d177/
d227
d233/
d264/
d280/
d89/
f164
f180
f230
f245/
f251/
f294/
f36/
f5
f90/
n14/
n45/
n65
n84
Invalid operation
Null
d121: jrw 6rs-_kc86xx
Invalid operation
n65:F5 23 79 A9
Null
d120/
d121
d13/
d187
d221
d227
d264/
d280/
d89/
f164
f191
f230
f233
f245/
f251/
f294/
f36/
f5
f90/
n14/
n45/
n65
n84
n92/
Null
d120/
d121
d13/
d187
d221
d227
d264/
d280/
d89/
f164
f191
f230
f233
f245/
f251/
f294/
f36/
f5
f90/
n105
n14/
n45/
n65
n84
n92/
/d233/d121
/d233/d121
d120/
d121
d13/
d187
d221
d227
d264/
d280/
d89/
f164
f191
f230
f233
f245/
f251/
f275
f294/
f36/
f5
f90/
n105
n14/
n45/
n65
n84
n92/
/d233/d121
d121: jrw 6rs-_kc86xx
n45/
└── f182
f182:f.jmv9w3
f182:txt:8
n65:88
Null
Invalid operation
d121: jrw 6rs-_kc86xx
d111:dir:0
d121: jrw 6rs-_kc86xx
d111:dir:0
f16:4
f16: xxv
d28
d288
d28
d288
f28/
d28
d288
f28/
d28:2
d288:0
/d233/n45/d115/d28
d28:vt
d28:txt:2
Invalid operation
d94/
f146:dir:0
/d233/n45/d115/d28
d28
d288
d94/
f135
f28/
f135:F4 F7 13 AC
d28:vtx
d115/
├── d261
├── d28
├── d288
├── d94/
│   └── f22
├── f106
├── f135
└── f28/
d28:vtx
f135:10
d28:3
d261:0
d288:0
f106:0
d115/
├── d261
├── d28
├── d288
├── d94/
│   └── f22
├── f106
├── f135
├── f20/
└── f28/
d28:vtx
d28:10
f135:10
f135:F7 13 AC 05
Invalid operation
f135:13 AC 05 00 A9 33 DC
Invalid operation
f135:F7 13 AC 05 00
d28:vtx18h7f0l
d28:vtx18h7f0l
Invalid operation
d107/
d108
d28
d288
d59/
d94/
f134/
f135
f264
f28/
f46
n108/
n111
f135:2E F4 F7 13
d28:vtx18h7f0l
f135:F7 13 20 E1 45
Invalid operation
d107/
d108
d28
d288
d59/
d94/
f134/
f135
f264
f28/
f46
f80
n108/
n111
n42/
Invalid operation
/d233/n45/d115/d28
d28:txt:10
f80:15
f135:20 E1
f135:45 74 77 DC
d28:vtx18h7f0l
Invalid operation
f135:F4 F7 13 20 E1 45 74 77
d165/
d28:vtx18h7f0l
d165:dir:0
f135:77
d59/
└── f53
Invalid operation
f189/
f189:dir:0
f189/
d28:vtx18h7f0lns1
d125
f131
f17
f173/
n4
f173/
Invalid operation
f131:9
d125:4C 99
f189/
├── d125
├── f131
├── f17
├── f173/
└── n4
Invalid operation
/d233/n45/d115/d59/f189/f131
f173/
/d233/n45/d115/d59/f189/f131
/d233/n45/d115/d59/f189/f131
/d233/n45/d115/d59/f189/f17
Invalid operation
f131/
f131/
/d233/n45/d115/d59/f189/f17
f17:F9 1E
f131/
d148:9fjhuc mwrf8d5k
d148
f127/
f17:D7
Invalid operation
f52:txt:0
f131/
Invalid operation
d29
f131/
/d233/n45/d115/d59/f189/f17
Invalid operation
/d233/n45/d115/d59/f189/f131
f131
f17
f173/
f17:11
f215:10
f131:9
f131
f17
f173/
f17:F9 1E 97 00
f131
f152
f17
f173/
/d233/n45/d115/d59/f189/f131
f131
f152
f17
f173/
Null
Invalid operation
f136:14
f17:11
f131:9
f152:0
f162:-1troad5x
f162
f190
f162
f190
Null
Invalid operation
Invalid operation
Invalid operation
f189/
├── f131
├── f136
├── f152
├── f17
└── f173/
    └── f190
f136:14
f17:11
f131:9
f152:0
Invalid operation
Invalid operation
Invalid operation
d130
f152
f17
f173/
f292/
n49/
Invalid operation
Invalid operation
f189/
├── f152
├── f17
├── f173/
│   └── f190
├── f213/
├── f292/
├── f81
├── n38
├── n49/
└── n77
d59/
└── f189/
    ├── f152
    ├── f17
    ├── f173/
    │   └── f190
    ├── f213/
    ├── f292/
    ├── f81
    ├── n38
    ├── n49/
    └── n77
f17:14
f189/
├── d110
├── f152
├── f161
├── f17
├── f173/
│   └── f190
├── f213/
├── f292/
├── f81
├── n38
├── n49/
├── n77
└── n91/
f17:14
n77:4
d110:0
f152:0
f161:0
f81:0
n38:0
f189/
├── d110
├── f152
├── f161
├── f17
├── f173/
│   └── f190
├── f213/
├── f292/
├── f58/
├── f81
├── n38
├── n49/
├── n77
└── n91/
Invalid operation
f17:41 31 88
d110
f152
f161
f17
f173/
f213/
f292/
f58/
f81
n38
n49/
n77
n91/
Invalid operation
Invalid operation
f17:14
n77:4
d110:0
f152:0
f161:0
f81:0
n38:0
d110
f152
f153/
f17
f173/
f201
f213/
f292/
f58/
f81
n38
n49/
n77
n91/
d110
f153/
f17
f173/
f201
f213/
f292/
f58/
f81
n38
n49/
n77
n91/
/d233/n45/d115/d59/f189/f17
Invalid operation
d110
f153/
f17
f173/
f201
f213/
f292/
f58/
f81
n38
n77
n91/
f17:97 00 00 BE 99 9F F8 41 31 88 00
f173:dir:0
Invalid operation
d110
d181/
f153/
f17
f173/
f201
f213/
f292/
f58/
f81
n38
n77
n91/
f173:dir:0
Invalid operation
Invalid operation
Invalid operation
f189/
├── d110
├── d181/
├── f153/
├── f17
├── f173/
│   └── f190
├── f201
├── f213/
├── f58/
├── f81
├── n38
├── n77
└── n91/
Invalid operation
f17:18
n77:4
d110:0
f201:0
f81:0
n38:0
