Invalid operation
Invalid operation
d160/
d192/
d160/
d192/
Invalid operation
d160/
d192/
Invalid operation
d160/
d192/
/
├── d160/
└── d192/
d160/
d192/
d160/
d192/
d160/
d192/
Invalid operation
Invalid operation
Invalid operation
d160/
Invalid operation
d160/
d3/
f170/
d160/
d3/
f170/
Invalid operation
Invalid operation
Invalid operation
Invalid operation
d160/
d3/
f170/
d160/
d2
d3/
f170/
d160/
d2
d3/
f170/
Invalid operation
d160/
d3/
f170/
d160/
d3/
f170/
n85/
d160/
d3/
f170/
n85/
Null
/f238
n85:dir:0
d160/
d3/
f167/
f170/
n85/
d160/
d3/
f167/
f170/
n85/
d160/
d3/
f115
f167/
f170/
n85/
/f115
f115:3r
n85:dir:0
d180:6
d180:6
f115:2
Invalid operation
n85:dir:0
Invalid operation
Null
Invalid operation
Invalid operation
Invalid operation
/
├── d160/
├── d166/
├── d180
├── d3/
├── f115
├── f170/
├── f65
└── n85/
/f115
d180:8C FD
Invalid operation
d180:FD
/f115
d123:dir:0
d123/
d236/
Invalid operation
Invalid operation
d166/
├── d123/
└── d236/
d166/
├── d123/
├── d236/
└── f73/
Invalid operation
Invalid operation
Invalid operation
d180:FD 84
Null
f115:3rxib63uozpvu34zb.yxjir. pkzr1-x3cn04j3z
Null
Invalid operation
d123:dir:0
d257:E7 00
d123:dir:0
Invalid operation
Invalid operation
d257:00
d154:17
d257:10
Invalid operation
Invalid operation
/d166/d257
Invalid operation
Null
d123:dir:0
d123:dir:0
Invalid operation
Invalid operation
d10
d123/
d154
d236/
d257
f185
f73/
n32/
/d166/d257
Invalid operation
Invalid operation
d10
d123/
d154
d236/
d257
f73/
n32/
n73
n97/
Invalid operation
d264
d80
d264:txt:14
d123/
├── d264
└── d80
d10
d123/
d154
d236/
d257
f73/
n32/
n73
n97/
Invalid operation
d10
d123/
d154
d236/
d257
f73/
n32/
n73
n97/
d166/
├── d10
├── d123/
│   ├── d264
│   └── d80
├── d154
├── d236/
├── d257
├── f73/
├── n32/
├── n73
└── n97/
d257:00 00 00 00
Invalid operation
d123:dir:0
d123:dir:0
Invalid operation
d257:92 BB 5F 00 72 38
d10
d123/
d154
d236/
d257
f201/
f73/
n32/
n73
n97/
d166/
├── d10
├── d123/
│   ├── d264
│   └── d80
├── d154
├── d236/
├── d257
├── f201/
├── f73/
├── n32/
├── n73
└── n97/
Invalid operation
d257:B3 B3 1A 7E 52 1C 38
d10
d123/
d154
d236/
d257
f201/
f73/
n32/
n73
n97/
d10
d123/
d154
d170
d236/
d257
f201/
f73/
n32/
n73
n97/
Invalid operation
Null
Invalid operation
d123:dir:0
d257:B1 1D 8A 37 B3 B3 1A 7E 52 1C
Invalid operation
Invalid operation
Invalid operation
Invalid operation
Invalid operation
d264
d80
Invalid operation
f271
/d166/d123/f271
Invalid operation
d257:1A 7E 52 1C DF 30 99 DC
d10
d123/
d170
d236/
d257
f123
f152
f201/
f73/
n32/
n73
d10
d123/
d170
d236/
d257
f123
f152
f201/
f73/
n32/
n73
d166/
├── d10
├── d123/
│   ├── f271
│   └── f294
├── d170
├── d202
├── d236/
├── d257
├── f123
├── f152
├── f201/
├── f47/
├── f73/
├── f94
└── n32/
d257:B1 1D 2D 66 8D B3 1A 7E 52
d257:B3
Invalid operation
Invalid operation
Invalid operation
f115:3rxib63uozpvu34zb.yxjir. pkzr1-x3cn04j3z
/
├── d160/
├── d166/
│   ├── d10
│   ├── d123/
│   │   ├── f271
│   │   └── f294
│   ├── d170
│   ├── d202
│   ├── d236/
│   ├── d257
│   ├── f123
│   ├── f152
│   ├── f201/
│   ├── f250
│   ├── f73/
│   ├── f94
│   ├── n32/
│   └── n73
├── d180
├── d3/
├── f115
├── f170/
├── f65
└── n85/
Invalid operation
Invalid operation
Null
Null
/
├── d160/
├── d166/
│   ├── d10
│   ├── d123/
│   │   ├── f271
│   │   └── f294
│   ├── d170
│   ├── d202
│   ├── d236/
│   ├── d257
│   ├── f123
│   ├── f152
│   ├── f201/
│   ├── f250
│   ├── f73/
│   ├── f94
│   ├── n32/
│   └── n73
├── d180
├── d3/
├── f115
├── f170/
├── f65
└── n85/
f115:3rxib63uozpvu34zb.yxjir. pkzr1-x3cn04j3z
/
├── d160/
├── d166/
│   ├── d10
│   ├── d123/
│   │   ├── f271
│   │   └── f294
│   ├── d170
│   ├── d202
│   ├── d236/
│   ├── d257
│   ├── f123
│   ├── f152
│   ├── f201/
│   ├── f250
│   ├── f73/
│   ├── f94
│   ├── n32/
│   └── n73
├── d180
├── d3/
├── f115
├── f170/
├── f65
└── n85/
d180:BA 6D
/
├── d160/
├── d166/
│   ├── d10
│   ├── d123/
│   │   ├── f271
│   │   └── f294
│   ├── d170
│   ├── d202
│   ├── d236/
│   ├── d257
│   ├── f123
│   ├── f152
│   ├── f201/
│   ├── f250
│   ├── f73/
│   ├── f94
│   ├── n32/
│   └── n73
├── d180
├── d3/
├── f115
├── f170/
├── f65
└── n85/
Invalid operation
d10
d123/
d170
d202
d236/
d257
f123
f152
f201/
f250
f73/
n32/
n73
d123:dir:0
/d166/d257
d123:dir:0
d10
d123/
d170
d202
d236/
d257
f123
f201/
f250
f73/
f8
n32/
n73
d123:dir:0
Invalid operation
Invalid operation
Invalid operation
Invalid operation
Null
Invalid operation
Invalid operation
d257:1C 00 00
Invalid operation
Invalid operation
Invalid operation
n119:md:9
d257:7E 52 1C
d257:1C 00 00
d257:66
Invalid operation
d253:13
d257:1A 7E 52
Invalid operation
Invalid operation
f163/
f207/
Invalid operation
d253:13
Invalid operation
/d166/d257
d253
f163/
f207/
d253:13
d123:dir:0
d257:2D 66 8D B3 1A
/d166/d257
Invalid operation
Invalid operation
d237
d249/
d253
d45/
f163/
f207/
Invalid operation
Invalid operation
f250:14
d257:13
d170:8
n73:6
f8:1
d10:0
d257:52
Null
d249/
d253
d45/
f163/
f207/
d249/
d253
d45/
f163/
f207/
/d166/d257
f144:6B 00 0A
d249/
d253
d45/
f144
f163/
f207/
f288
f144:bin:11
f144:6B
d249/
d253
d45/
d92
f144
f163/
f207/
f288
Null
Invalid operation
f144:bin:11
Invalid operation
Invalid operation
f144:6B 00 0A 15 93
f144:bin:11
Invalid operation
Invalid operation
Invalid operation
/d166/f201/f288
f195:9E 30 E4
n34:4
f195:84 9E 30 E4
d195/
n34
f195:64 52 84 9E 30
d195/
n34
f201/
├── d157/
├── d201
├── d248
├── d249/
├── d253
├── d45/
├── f163/
├── f18
├── f195
├── f207/
├── f254
├── f288
└── f74/
d257:92 20
d10
d123/
d202
d236/
d257
f123
f201/
f250
f73/
n32/
n73
Invalid operation
Null
d10
d123/
d202
d236/
d257
f123
f201/
f250
f73/
n32/
n73
d257:B1 1D 2D 66 8D B3 1A
Invalid operation
d10
d123/
d202
d236/
f123
f201/
f250
f73/
n32/
n73
Invalid operation
d157/
d201
d248
d249/
d253
d45/
f163/
f18
f195
f207/
f254
f288
f74/
f201/
├── d157/
├── d201
├── d248
├── d249/
├── d253
├── d45/
├── f163/
├── f18
├── f195
├── f207/
├── f254
├── f288
└── f74/
Null
Invalid operation
d253:13
d248:12
f288:txt:3
d197:0
d10/
d197
/d166/f201/f78/d197
f195:E4 EE
f195:E4 EE 00 21 C1 65
d197:md:0
Invalid operation
d197:xq5
d197
d277/
d197
d277/
d197:md:3
f195:0A
f245
Invalid operation
Invalid operation
Invalid operation
Null
f78/
├── d293/
├── f75
└── n82
d293/
f75
n82
d277
d293/
f75
n82
d277
d293/
f75
n82
f75:5A 6C
Invalid operation
n82:4
f75:1
Invalid operation
Null
d293/
n82
Null
d248
d249/
d250
d253
d260/
d45/
f163/
f168
f18
f195
f207/
f254
f288
f74/
f78/
n63/
f288:txt:3
Invalid operation
/d166/f201/f288
f288:_yt
Invalid operation
/d166/f201/f288
d241/
d243/
d248
d249/
d250
d253
d260/
d266
d45/
f163/
f168
f195
f207/
f254
f288
f74/
f78/
n28/
n63/
d241/
d243/
d248
d249/
d250
d253
d260/
d266
d45/
f163/
f168
f195
f207/
f254
f288
f74/
f78/
n28/
n63/
d241/
d243/
d248
d249/
d250
d253
d260/
d45/
f163/
f168
f195
f207/
f254
f288
f74/
f78/
n28/
n63/
Invalid operation
Invalid operation
Invalid operation
Invalid operation
Invalid operation
d82:ED BF
Invalid operation
d82:BF
d241/
d243/
d248
d249/
d250
d253
d260/
d45/
f163/
f168
f195
f207/
f254
f288
f74/
f78/
n28/
n63/
f288:_yta94eagpn
d241/
d243/
d248
d249/
d250
d253
d260/
d45/
f163/
f168
f195
f207/
f254
f288
f74/
f78/
n63/
/d166/f201/f288
Null
Invalid operation
f288:_yta94eagpnx
Invalid operation
d100
d15
d241/
d243/
d248
d249/
d250
d253
d260/
d45/
f106
f160/
f163/
f168
f195
f207/
f254
f288
f58/
f74/
f78/
n30
n63/
Invalid operation
Invalid operation
d100
d15
d241/
d243/
d248
d249/
d250
d253
d260/
d45/
f106
f160/
f163/
f168
f195
f207/
f254
f288
f58/
f74/
f78/
n30
n63/
f195:19
f288:15
d250:14
d253:13
d248:12
f254:8
d15:2
f195:21
f288:15
f195:13 87 00 00
Invalid operation
f288:txt:22
f195:24
f288:22
d250:14
d253:13
d248:12
f288:_yta94eagpnx.vzap_rk-x
d100
d15
d241/
d243/
d248
d249/
d250
d253
d260/
d35/
d45/
f160/
f163/
f168
f195
f207/
f254
f288
f58/
f74/
f78/
n30
n63/
Invalid operation
/d166/f201/f288
Invalid operation
f288:txt:22
f195:24
f195:55
/d166/f201/f288
Invalid operation
/d166/f201/f288
f195:13 87
d100
d131/
d166
d241/
d243/
d248
d249/
d250
d253
d260/
d35/
d45/
d80
f111/
f160/
f163/
f168
f195
f207/
f254
f288
f58/
f74/
f78/
n30
n63/
/d166/f201/f78/n82
n82:bin:4
Invalid operation
Invalid operation
d264
d293/
d98/
n82
n86
n82:bin:8
Invalid operation
Invalid operation
Invalid operation
Invalid operation
n82:45 53 74 14 83
n82:bin:8
n82:bin:8
Invalid operation
n82:83 87
Invalid operation
n82:8
/d166/f201/f78/n82
n82:14 83
Null
Invalid operation
/d166/f201/f78/f280/f22
Invalid operation
Invalid operation
f132
f22
n117/
f132
f22
n117/
Null
/d166/f201/f78/f280/f22
Invalid operation
d293/
d98/
f175/
f280/
f80/
n82
n86
d293/
d98/
f175/
f280/
f80/
n82
n86
n82:bin:7
Invalid operation
f129/
Invalid operation
Invalid operation
Invalid operation
Invalid operation
d152
d152:0
n82:92
n82:9C 9C DC 14 03
n82:bin:19
d127/
d212/
d293/
d86/
d98/
f175/
f280/
f80/
n82
/d166/f201/f78/n82
f78/
├── d127/
├── d212/
│   ├── d152
│   └── f294/
├── d293/
├── d86/
├── d98/
├── f175/
├── f280/
│   ├── f132
│   ├── f22
│   └── n117/
├── f80/
│   ├── f129/
│   └── f41/
└── n82
n82:bin:21
n82:21
d105:6
d105
d127/
d212/
d293/
d86/
d98/
f175/
f280/
f80/
n82
n82:21
d105:6
f225:2
n82:19 A0 9C
n82:bin:21
d105
d127/
d189
d212/
d293/
d86/
d98/
f175/
f280/
f80/
n82
f78/
├── d105
├── d127/
├── d189
├── d212/
│   ├── d152
│   └── f294/
├── d293/
├── d86/
├── d98/
├── f175/
├── f280/
│   ├── f132
│   ├── f22
│   └── n117/
├── f80/
│   ├── f129/
│   └── f41/
└── n82
Invalid operation
Invalid operation
Invalid operation
d105
d127/
d189
d212/
d293/
d86/
d98/
f175/
f280/
f80/
n82
Invalid operation
/d166/f201/f78/f280/f22
Invalid operation
Invalid operation
f68:bin:1
Invalid operation
f68:56
/d166/f201/f78/f280/f22
f132
f22
n117/
f22:6
f132:0
f132
f22
n117/
/d166/f201/f78/f280/f22
f22:D8 79 9A AA
f22:6
f132:0
f22:6
f132:0
n117:dir:0
f22:9A AA
f68:00
f68:56
Invalid operation
f68
/d166/f201/f78/f280/f22
Invalid operation
Invalid operation
Invalid operation
Invalid operation
f68:56
Null
/d166/f201/f78/f280/f22
Null
Invalid operation
f68
n62
f68:2F
Invalid operation
n117/
n117/
Invalid operation
f68:4
n62:2
Invalid operation
f68
n62
f68:56 00 00 2F
f87:16
f68:4
n62:2
f63
f68
n62
Invalid operation
Invalid operation
n117:dir:0
Invalid operation
f132:bin:10
f132
Invalid operation
/d166/f201/f78/f280/f132
d105
d127/
d189
d212/
d293/
d86/
d98/
f175/
f280/
f80/
n82
d105
d127/
d212/
d293/
d86/
d98/
f175/
f280/
f80/
n82
n82:bin:18
Null
n82:9B
Invalid operation
f226:dir:0
n83:9
/d166/f201/f78/d98/n83
Invalid operation
n83:6nmp7bmu7
f218
f226/
Invalid operation
n82:9C DC 14 03 0C
n82:bin:15
Invalid operation
Invalid operation
n82:92 EB 3D
Invalid operation
Invalid operation
Invalid operation
Invalid operation
d127/
d212/
d293/
d86/
d98/
f175/
f187
f280/
f80/
f187:17
Invalid operation
Invalid operation
f187:00
Invalid operation
Invalid operation
Invalid operation
Invalid operation
Invalid operation
Invalid operation
f187:B7 DC 8A 83 17 89 00
f78/
├── d127/
├── d212/
│   ├── d152
│   └── f294/
├── d293/
├── d86/
├── d98/
│   ├── f218
│   └── f226/
├── f175/
├── f187
├── f280/
│   └── f132
└── f80/
    ├── f129/
    └── f41/
Invalid operation
Invalid operation
f288:txt:35
d127/
d212/
d293/
d86/
d98/
f175/
f187
f280/
f80/
Null
f218:0
Invalid operation
f218
f226/
f81
f218:20
f81:0
d98/
├── f218
├── f226/
└── f81
Invalid operation
n69:0
f262/
Invalid operation
n70:mywwyn90vz_nbq
n69:
d105/
f262/
└── d105/
/d166/f201/f78/d98/d235/n30/n69
n69:
n69:txt:0
Invalid operation
/d166/f201/f78/d98/d235/n30/n69
f187:2C 13 45 2B 9C
d105/
f187:8A 84 D5 A2 AF
d40/
f13/
f262/
n69
d40/
f13/
f262/
n69
Invalid operation
Invalid operation
/d166/f201/f78/d98/d235/n30/n69
Invalid operation
Null
Invalid operation
Null
n30/
├── d40/
├── f13/
├── f262/
│   └── d105/
└── n69
Null
n69:txt:10
Invalid operation
Invalid operation
d40/
f13/
f262/
n69
d237:
d40/
n29:bin:0
n29
d237:
Invalid operation
Invalid operation
f140/
f184
n86
Invalid operation
Invalid operation
f187:1F B4 35 77 A9 63 72 13 45
Invalid operation
n86:txt:5
d40/
├── f140/
├── f184
├── f282
└── n86
/d166/f201/f78/d98/d235/n30/d40/n86
f140/
f184
f282
n30/
├── d40/
│   ├── f140/
│   ├── f184
│   └── f282
├── f13/
└── f262/
    └── d105/
Invalid operation
d40:dir:0
f187:B5 1E
d40:dir:0
d40:dir:0
/d166/f201/f78/d98/d235/f134
Invalid operation
f184:
d251
f116/
f140/
f184
f187:72 C2 E6 1B 92 42 1D
f184:
f187:1B 92 42
Null
f187:01 D2
d19
d251
f140/
f184
d40/
├── d19
├── d251
├── f140/
└── f184
d251
f140/
f184
d251
f140/
f184
d40/
├── d251
├── f140/
└── f184
Invalid operation
f187:1B 92 42
Invalid operation
Null
/d166/f201/f78/d98/d235/n30/d40/f184
Invalid operation
n113:70ah027gr271_7
/d166/f201/f78/d98/d235/n30/d40/f140/n113
d292:dir:0
Invalid operation
Invalid operation
/d166/f201/f78/d98/d235/n30/d40/f140/n113
/d166/f201/f78/d98/d235/n30/d40/f140/n113
n113:70ah027gr271_792nf7qya1h
/d166/f201/f78/d98/d235/n30/d40/f140/n113
d292/
d87/
f85/
/d166/f201/f78/d98/d235/n30/d40/f140/n113
f187:B4 35 77 A9
f85:dir:0
/d166/f201/f78/d98/d235/n30/d40/f140/n113
Invalid operation
f187:B4
n113:70ah027gr271_792nf7qya1h
f85:dir:0
Invalid operation
f85:dir:0
f85:dir:0
Invalid operation
Invalid operation
Invalid operation
Invalid operation
Invalid operation
Invalid operation
d87:dir:0
d292/
d87/
f221
f79
d87:dir:0
Invalid operation
Invalid operation
Invalid operation
Invalid operation
Invalid operation
d87/
├── d108
└── f52
d108:bin:4
d87/
├── d108
└── f52
Invalid operation
Invalid operation
d108
d242
d242:2z4h51 z4j9uq
Invalid operation
d87:dir:0
Invalid operation
d292/
d87/
f110/
f221
f252
f291/
f79
n87/
Invalid operation
f79:45 3B 68
Invalid operation
Invalid operation
d87:dir:0
d292/
f110/
f221
f291/
f79
n42
Invalid operation
n104:dir:0
f286/
n41/
f286:dir:0
n113:70ah027gr271_792nf7qya1hbyhky_dpdk026imbk3zugne
n113:70ah027gr271_792nf7qya1hbyhky_dpdk026imbk3zugne
Invalid operation
Invalid operation
f187:F3 4D 84 16 87 7A 92 2C 22 62 C2 D0 A5 92 9A 53 A3
Invalid operation
n104:dir:0
f79:bin:9
Invalid operation
/d166/f201/f78/d98/d235/n30/d40/f140/f90/f79
Invalid operation
n50:dir:0
d25
d40
n40/
n50/
n8
/d166/f201/f78/d98/d235/n30/d40/f140/f90/d216/d40
d40:b8-
Invalid operation
Invalid operation
f79:00
d40:11
/d166/f201/f78/d98/d235/n30/d40/f140/f90/d216/d40
d40:b8-56uvx_qx
d40:11
n8:6
f94:3
f222:0
d40:11
n8:6
f94:3
f222:0
f222
f226/
f94
n3/
n40/
n8
f222
f226/
f94
n3/
n40/
n40:dir:0
f222:
d124/
f222
f226/
n3/
n40/
Invalid operation
d216/
├── d124/
├── f222
├── f226/
├── n3/
└── n40/
Invalid operation
f222:
/d166/f201/f78/d98/d235/n30/d40/f140/f90/d216/f222
Invalid operation
Invalid operation
/d166/f201/f78/d98/d235/n30/d40/f140/f90/d216/f222
d216/
├── d124/
├── f222
├── n16/
├── n3/
├── n36
└── n40/
f222:
d124/
d48/
f222
n16/
n3/
n36
n40/
f79:CA E9 1F 95 AF CE 00 00 00 C0 B7 8F 81 B7 53 F3 6F FC 4F
Null
f222:
f222:
f79:00 00 00 00 00 00
Invalid operation
f222:
Invalid operation
f145
f197
f145
f186
f197
d124/
f222
n16/
n3/
n36
n40/
Invalid operation
d15/
d216/
d292/
f110/
f160
f221
f291/
f79
n31/
n42
f79:00 00 00
Invalid operation
d15/
d216/
d292/
f110/
f160
f221
f291/
f79
n31/
n42
Invalid operation
f79:B7 8F 81 B7 53 F3 6F
Invalid operation
Invalid operation
Invalid operation
Invalid operation
d47:bin:6
Invalid operation
Invalid operation
f79:bin:40
Null
f110/
├── d47
└── f214/
Invalid operation
f110/
└── d47
f110/
├── d47
└── d61
d61:13
d47:6
Invalid operation
d47
d61
Invalid operation
d47:6
Invalid operation
d47:5F
d47
d47:0B CB
d47:bin:6
d47
d47:bin:6
d47
Invalid operation
Invalid operation
Invalid operation
Invalid operation
Invalid operation
f292:13
f292:13
Invalid operation
f79:bin:38
Invalid operation
Invalid operation
Null
d216
f130/
n13/
/d166/f201/f78/d98/d235/n30/d40/f140/f90/d15/d216
d216:0
/d166/f201/f78/d98/d235/n30/d40/f140/f90/d15/d216
d15/
d216/
d292/
f110/
f160
f221
f291/
f79
n31/
n42
/d166/f201/f78/d98/d235/n30/d40/f140/f90/f79
Invalid operation
d15/
d216/
d292/
f110/
f160
f221
f291/
f79
n31/
n42
Null
Null
f79:00 00 00 00 00
f79:38
f160:3
n73:1
f221:0
n42:0
d15/
d216/
d292/
d40/
f110/
f160
f221
f291/
f79
n31/
n73
f90/
├── d15/
│   ├── d216
│   ├── f130/
│   ├── n105
│   └── n13/
├── d216/
│   ├── d124/
│   │   ├── f145
│   │   ├── f186
│   │   └── f197
│   ├── f222
│   ├── n16/
│   ├── n3/
│   ├── n36
│   └── n40/
├── d292/
├── d40/
├── f110/
├── f160
├── f221
├── f291/
├── f79
├── n31/
└── n73
Invalid operation
Null
f286:dir:0
n104/
├── d230/
├── f286/
└── n41/
Null
/d166/f201/f78/d98/d235/n30/d40/f140/n113
d184/
f90/
n104/
n113
n113:48
Invalid operation
n113:70ah027gr271_792nf7qya1hbyhky_dpdk026imbk3zugnex
d230/
n41/
d230/
n41/
d230/
n41/
n104:dir:0
d230/
f11/
n41/
f187:4D 96 D9 A5 7A 62 54 61 F4 DE AE C0 92 9A 53
n113:70ah027gr271_792nf7qya1hbyhky_dpdk026imbk3zugnex
n113:70ah027gr271_792nf7qya1hbyhky_dpdk026imbk3zugnex
f187:54 61 F4 DE AE C0 92 9A 53
d22/
d230/
f11/
n41/
n113:70ah027gr271_792nf7qya1hbyhky_dpdk026imbk3zugnexxx
Invalid operation
f187:F3 4D 96 D9 A5 7A 62 54 61 F4 DE AE C0 92 9A
f187:62
Invalid operation
d22/
d230/
f11/
n41/
n113:70ah027gr271_792nf7qya1hbyhky_dpdk026imbk3zugnexxx
Invalid operation
d106
d22/
d230/
f11/
n41/
/d166/f201/f78/d98/d235/n30/d40/f140/n104/d106
d106
d148/
d230/
f11/
n41/
d106:bin:7
/d166/f201/f78/d98/d235/n30/d40/f140/n104/d106
d106:00 00 66 8B 43
d106
d153/
d230/
f11/
n41/
d106
d230/
f11/
n41/
n113:70ah027gr271_792nf7qya1hbyhky_dpdk026imbk3zugnexxxzp7nnrz30moa8gmwzs8
d230/
f11/
n41/
f268:md:0
n4:10
f268:0
f187:D9 A5 7A 62 54 61 F4 DE AE C0 92
Invalid operation
f187:61 F4 DE
/d166/f201/f78/d98/d158
Invalid operation
Invalid operation
f187:45 F3 4D 96 D9 A5 7A 62 54 61
Null
f134:wjgkphqzc6gnx6r86t0 s45g e.69hc.xb39xoo90k
f134:txt:42
Null
d235/
f226/
f81
d235/
f226/
f187:54 61
f187:7E 99 9A A3 AE A9
f187:99 9A A3 AE A9 84
d235/
f226/
f187:88
Invalid operation
Invalid operation
Invalid operation
Invalid operation
Invalid operation
Invalid operation
Invalid operation
Invalid operation
f187:F3 4D 96
f189:u2_o_fvr1
f189:u2_o_fvr1
f189:u2_o_fvr1
f187:A5 7A 62 54 61 48
f124:dir:0
f189:u2_o_fvr1
f124/
└── f124/
Invalid operation
f124/
f124/
f161
f253
f253:FD
f253:bin:2
f124/
├── d56
├── f124/
├── f161
├── f162
└── f253
Invalid operation
Invalid operation
f161:7A 1A FA E8 0A 85 53 88
d56
f124/
f161
f162
Invalid operation
f124/
├── d56
├── f124/
├── f161
├── f162
└── f267
f161:37 7A 1A FA E8 0A 85 53
Invalid operation
Invalid operation
f189:11
Invalid operation
d127/
d212/
d293/
d86/
d98/
f175/
f280/
f80/
Invalid operation
Invalid operation
Invalid operation
d248/
d258/
Invalid operation
f194:13
Invalid operation
f194:13
/d166/f201/f78/f194
Invalid operation
d127/
d212/
d238
d293/
d86/
d98/
f175/
f194
f80/
d98:dir:0
/d166/f201/f288
/d166/f201/f288
f288:txt:35
Invalid operation
Invalid operation
/d166/d10
Invalid operation
Invalid operation
Invalid operation
Invalid operation
d160/
d166/
d3/
f115
f121
f170/
f65
f69/
n85/
d180:EC 91 D9
Invalid operation
d180:97 51 BA 6D 00 00 00
f115:41
f115:3rxib63uozpvu34zb.yxjir. pkzr1-x3cn04j3zx
d160/
d166/
d180
d3/
f115
f121
f170/
f205
f65
f69/
n85/
d180:0E 5D 74 0E
/f65
f65:md:6
f65:u.unrp
/
├── d160/
├── d166/
│   ├── d10
│   ├── d123/
│   │   ├── f271
│   │   └── f294
│   ├── d133/
│   ├── d148
│   ├── d202
│   ├── d236/
│   ├── d89/
│   ├── f201/
│   │   ├── d100
│   │   ├── d131/
│   │   ├── d166
│   │   ├── d241/
│   │   ├── d243/
│   │   ├── d248
│   │   ├── d249/
│   │   ├── d250
│   │   ├── d253
│   │   ├── d260/
│   │   ├── d35/
│   │   ├── d38
│   │   ├── d45/
│   │   ├── d80
│   │   ├── f111/
│   │   ├── f160/
│   │   ├── f163/
│   │   ├── f168
│   │   ├── f195
│   │   ├── f207/
│   │   ├── f254
│   │   ├── f288
│   │   ├── f58/
│   │   ├── f74/
│   │   ├── f78/
│   │   │   ├── d127/
│   │   │   ├── d212/
│   │   │   │   ├── d152
│   │   │   │   └── f294/
│   │   │   ├── d238
│   │   │   ├── d293/
│   │   │   ├── d86/
│   │   │   ├── d98/
│   │   │   │   ├── d235/
│   │   │   │   │   ├── d110/
│   │   │   │   │   ├── d193
│   │   │   │   │   ├── d199/
│   │   │   │   │   ├── f134
│   │   │   │   │   ├── f275
│   │   │   │   │   └── n30/
│   │   │   │   │       ├── f13/
│   │   │   │   │       └── f262/
│   │   │   │   │           └── d105/
│   │   │   │   ├── f124/
│   │   │   │   │   ├── d56
│   │   │   │   │   ├── f12
│   │   │   │   │   ├── f124/
│   │   │   │   │   ├── f161
│   │   │   │   │   ├── f162
│   │   │   │   │   └── f267
│   │   │   │   ├── f189
│   │   │   │   └── f226/
│   │   │   ├── f175/
│   │   │   │   ├── d248/
│   │   │   │   └── d258/
│   │   │   ├── f194
│   │   │   └── f80/
│   │   │       ├── f129/
│   │   │       └── f41/
│   │   ├── n30
│   │   └── n63/
│   │       ├── d6/
│   │       ├── d82
│   │       └── n93
│   ├── f263/
│   ├── f73/
│   ├── n112/
│   └── n32/
├── d180
├── d3/
├── f107
├── f115
├── f121
├── f127/
├── f170/
├── f65
├── f69/
├── f94/
├── n65
└── n85/
f65:md:6
f65:md:21
d180:97
f94/
f65:md:21
f65:u.unrptuip9zjj0r1.1_cx
d197
f280/
f291/
Null
Null
Invalid operation
Invalid operation
Null
Invalid operation
Invalid operation
Invalid operation
d197:4
Invalid operation
d197:7
f94/
├── d197
├── f200
├── f280/
└── f291/
d197:6
f200:0
Invalid operation
Invalid operation
d180:4A 88 0E 5D 74
d160/
d166/
d18
d180
d3/
f107
f115
f127/
f170/
f41/
f65
f69/
f94/
n65
n85/
d180:4A 88 0E
Invalid operation
/
├── d160/
├── d166/
│   ├── d10
│   ├── d123/
│   │   ├── f271
│   │   └── f294
│   ├── d133/
│   ├── d148
│   ├── d202
│   ├── d236/
│   ├── d89/
│   ├── f201/
│   │   ├── d100
│   │   ├── d131/
│   │   ├── d166
│   │   ├── d241/
│   │   ├── d243/
│   │   ├── d248
│   │   ├── d249/
│   │   ├── d250
│   │   ├── d253
│   │   ├── d260/
│   │   ├── d35/
│   │   ├── d38
│   │   ├── d45/
│   │   ├── d80
│   │   ├── f111/
│   │   ├── f160/
│   │   ├── f163/
│   │   ├── f168
│   │   ├── f195
│   │   ├── f207/
│   │   ├── f254
│   │   ├── f288
│   │   ├── f58/
│   │   ├── f74/
│   │   ├── f78/
│   │   │   ├── d127/
│   │   │   ├── d212/
│   │   │   │   ├── d152
│   │   │   │   └── f294/
│   │   │   ├── d238
│   │   │   ├── d293/
│   │   │   ├── d86/
│   │   │   ├── d98/
│   │   │   │   ├── d235/
│   │   │   │   │   ├── d110/
│   │   │   │   │   ├── d193
│   │   │   │   │   ├── d199/
│   │   │   │   │   ├── f134
│   │   │   │   │   ├── f275
│   │   │   │   │   └── n30/
│   │   │   │   │       ├── f13/
│   │   │   │   │       └── f262/
│   │   │   │   │           └── d105/
│   │   │   │   ├── f124/
│   │   │   │   │   ├── d56
│   │   │   │   │   ├── f12
│   │   │   │   │   ├── f124/
│   │   │   │   │   ├── f161
│   │   │   │   │   ├── f162
│   │   │   │   │   └── f267
│   │   │   │   ├── f189
│   │   │   │   └── f226/
│   │   │   ├── f175/
│   │   │   │   ├── d248/
│   │   │   │   └── d258/
│   │   │   ├── f194
│   │   │   └── f80/
│   │   │       ├── f129/
│   │   │       └── f41/
│   │   ├── n30
│   │   └── n63/
│   │       ├── d6/
│   │       ├── d82
│   │       └── n93
│   ├── f263/
│   ├── f73/
│   ├── n112/
│   └── n32/
├── d18
├── d180
├── d257
├── d276
├── d3/
├── f107
├── f115
├── f127/
├── f170/
├── f41/
├── f65
├── f69/
├── f94/
│   ├── d197
│   ├── f200
│   ├── f234
│   ├── f280/
│   ├── f291/
│   └── n99/
├── n65
└── n85/
Invalid operation
/
├── d160/
├── d166/
│   ├── d10
│   ├── d123/
│   │   ├── f271
│   │   └── f294
│   ├── d133/
│   ├── d148
│   ├── d202
│   ├── d236/
│   ├── d89/
│   ├── f201/
│   │   ├── d100
│   │   ├── d131/
│   │   ├── d166
│   │   ├── d241/
│   │   ├── d243/
│   │   ├── d248
│   │   ├── d249/
│   │   ├── d250
│   │   ├── d253
│   │   ├── d260/
│   │   ├── d35/
│   │   ├── d38
│   │   ├── d45/
│   │   ├── d80
│   │   ├── f111/
│   │   ├── f160/
│   │   ├── f163/
│   │   ├── f168
│   │   ├── f195
│   │   ├── f207/
│   │   ├── f254
│   │   ├── f288
│   │   ├── f58/
│   │   ├── f74/
│   │   ├── f78/
│   │   │   ├── d127/
│   │   │   ├── d212/
│   │   │   │   ├── d152
│   │   │   │   └── f294/
│   │   │   ├── d238
│   │   │   ├── d293/
│   │   │   ├── d86/
│   │   │   ├── d98/
│   │   │   │   ├── d235/
│   │   │   │   │   ├── d110/
│   │   │   │   │   ├── d193
│   │   │   │   │   ├── d199/
│   │   │   │   │   ├── f134
│   │   │   │   │   ├── f275
│   │   │   │   │   └── n30/
│   │   │   │   │       ├── f13/
│   │   │   │   │       └── f262/
│   │   │   │   │           └── d105/
│   │   │   │   ├── f124/
│   │   │   │   │   ├── d56
│   │   │   │   │   ├── f12
│   │   │   │   │   ├── f124/
│   │   │   │   │   ├── f161
│   │   │   │   │   ├── f162
│   │   │   │   │   └── f267
│   │   │   │   ├── f189
│   │   │   │   └── f226/
│   │   │   ├── f175/
│   │   │   │   ├── d248/
│   │   │   │   └── d258/
│   │   │   ├── f194
│   │   │   └── f80/
│   │   │       ├── f129/
│   │   │       └── f41/
│   │   ├── n30
│   │   └── n63/
│   │       ├── d6/
│   │       ├── d82
│   │       └── n93
│   ├── f263/
│   ├── f73/
│   ├── n112/
│   └── n32/
├── d18
├── d180
├── d257
├── d276
├── d3/
├── f107
├── f115
├── f127/
├── f170/
├── f41/
├── f65
├── f69/
├── f94/
│   ├── d197
│   ├── f200
│   ├── f234
│   ├── f280/
│   ├── f291/
│   └── n99/
├── n65
└── n85/
d160/
d166/
d18
d180
d257
d276
d3/
f107
f115
f127/
f170/
f41/
f65
f69/
f94/
n65
n85/
f65:u.unrptuip9zjj0r1.1_cx
d160/
d166/
d18
d180
d241/
d257
d276
d3/
f0/
f107
f115
f127/
f170/
f41/
f65
f69/
f94/
n65
n85/
f65:u.unrptuip9zjj0r1.1_cx
f65:md:22
Invalid operation
Invalid operation
d10
d123/
d148
d202
d208/
d236/
d89/
f201/
f263/
f73/
n112/
n32/
d10
d123/
d148
d181
d202
d208/
d236/
d89/
f201/
f205
f263/
f73/
n112/
n32/
n65/
d10:22
d10:7E 55
d181:11
f205:10
d148:9
d10:8
d85:1
d123:dir:0
d166/
├── d10
├── d123/
│   ├── f271
│   └── f294
├── d148
├── d181
├── d202
├── d208/
├── d224
├── d236/
├── d85
├── d89/
├── f201/
│   ├── d100
│   ├── d131/
│   ├── d166
│   ├── d241/
│   ├── d243/
│   ├── d248
│   ├── d249/
│   ├── d250
│   ├── d253
│   ├── d260/
│   ├── d35/
│   ├── d38
│   ├── d45/
│   ├── d80
│   ├── f111/
│   ├── f160/
│   ├── f163/
│   ├── f168
│   ├── f195
│   ├── f207/
│   ├── f254
│   ├── f288
│   ├── f58/
│   ├── f74/
│   ├── f78/
│   │   ├── d127/
│   │   ├── d212/
│   │   │   ├── d152
│   │   │   └── f294/
│   │   ├── d238
│   │   ├── d293/
│   │   ├── d86/
│   │   ├── d98/
│   │   │   ├── d235/
│   │   │   │   ├── d110/
│   │   │   │   ├── d193
│   │   │   │   ├── d199/
│   │   │   │   ├── f134
│   │   │   │   ├── f275
│   │   │   │   └── n30/
│   │   │   │       ├── f13/
│   │   │   │       └── f262/
│   │   │   │           └── d105/
│   │   │   ├── f124/
│   │   │   │   ├── d56
│   │   │   │   ├── f12
│   │   │   │   ├── f124/
│   │   │   │   ├── f161
│   │   │   │   ├── f162
│   │   │   │   └── f267
│   │   │   ├── f189
│   │   │   └── f226/
│   │   ├── f175/
│   │   │   ├── d248/
│   │   │   └── d258/
│   │   ├── f194
│   │   └── f80/
│   │       ├── f129/
│   │       └── f41/
│   ├── n30
│   └── n63/
│       ├── d6/
│       ├── d82
│       └── n93
├── f205
├── f263/
├── f73/
├── n112/
├── n32/
├── n65/
└── n72
d123:dir:0
d10:38
/d166/d10
Null
Invalid operation
/d166/n65/f132
f132
f38/
Null
Invalid operation
Invalid operation
f38/
├── d142/
├── d178
└── d56/
d10:71
f38/
├── d142/
├── d178
└── d56/
d142/
d178
d56/
d178:n xz_6_u
d178:n xz_6_u
d10:37
d178
d256
d56/
Invalid operation
Invalid operation
d248:dir:0
/d166/n65/f38/d178
Invalid operation
f93:
Invalid operation
d178:8
d256:0
Invalid operation
/d166/n65/f38/d178
d56:dir:0
d178
d256
d56/
f38/
├── d178
├── d256
└── d56/
    ├── f93
    └── f96
d178
d256
d56/
Invalid operation
d256:
d10:76 D2 7E 55 74 E2 FF 3F 0A 26 C7 37 22 F9 EC
f38/
├── d256
├── d56/
│   └── f93
└── f118/
Invalid operation
d10:55 74 E2 FF 3F
f38/
/d166/n65/f38/d256
d164
d256
f157/
d164
d256
f157/
d256:txt:0
Invalid operation
d164:0
d10:83 99 EB 90 26 C7 37
Invalid operation
d10:D2 7E 55 74 83 99 EB 90
Invalid operation
f132:zkrg31t_b
f238/
f104
f238/
Invalid operation
Invalid operation
Invalid operation
d123:dir:0
d123:dir:0
d10
d123/
d148
d181
d202
d208/
d236/
d286/
d85
d89/
f111
f155/
f201/
f263/
f36
f73/
n112/
n32/
n65/
n72
d213/
f132
f237
f38/
f87
f104:20
d146:0
d146
d275/
f104
f238/
Null
Invalid operation
f104:20
d146:10
f238:dir:0
Null
d146
d98/
f104
n119
n36
n89
d189/
d98/
f104
f241
n119
n36
n89
/d166/n65/f38/f104
f104:m75.dk-kctxj6l8yvq6utmo2
f38/
├── d189/
├── d250/
├── d98/
├── f104
├── f241
├── n119
└── n36
f104:m75.dk-kctxj6l8yvq6utmo2
f241:D5
f104:m75.dk-kctxj6l8yvq6utmo2
Invalid operation
d189/
d250/
d96/
d98/
f104
f164
f241
n119
n36
d98:dir:0
n36:7yt8w-ng-01z
d10:CB
d10:A4 E1 6F CB
n36:7yt8w-ng-01z
Invalid operation
f132:md:13
Null
n65/
├── d213/
├── f132
├── f237
├── f38/
│   ├── d189/
│   ├── d250/
│   ├── d96/
│   ├── d98/
│   ├── f104
│   ├── f164
│   ├── n119
│   └── n36
└── f87
d213/
f132
f237
f38/
f87
n110/
Invalid operation
f132:zkrg31t_bq6ww
f132:13
f237:13
n65/
├── d213/
├── f237
├── f38/
│   ├── d189/
│   ├── d250/
│   ├── d96/
│   ├── d98/
│   ├── f104
│   ├── f164
│   ├── n119
│   └── n36
├── f87
├── n110/
└── n44
Invalid operation
Invalid operation
f104:24
Invalid operation
n44:C4
Invalid operation
n36:7yt8w-ng-01zfz1a0w8 ktb
d96/
├── d65
├── f13/
├── f45/
└── n49
Invalid operation
Invalid operation
Invalid operation
n49:92 A1 60 89
f212/
n103/
f212/
n103/
Invalid operation
Invalid operation
Invalid operation
Invalid operation
Null
/d166/n65/f38/d96/n49
Invalid operation
Invalid operation
f212/
n103/
f14:lr8.x
Invalid operation
f14:lr8.x
f11/
Invalid operation
Invalid operation
Invalid operation
d288
f212/
n103/
Invalid operation
Invalid operation
Invalid operation
Invalid operation
f212/
Invalid operation
n49:bin:14
Null
f124
f13/
/d166/n65/f38/d96/f124
Invalid operation
f13:dir:0
Invalid operation
n44:00 00
n98/
f124:
f189/
d179
f32
d179
f32
f32:bin:8
f32:21 B3 40 B5 AA 41 08 80 9A DD BD
f32
f124:
Invalid operation
f189/
f189/
Invalid operation
f189:dir:0
Invalid operation
f189:dir:0
f189:dir:0
f32:bin:15
/d166/n65/f38/d96/n98/f65
/f65
n98/
├── f12/
├── f189/
│   └── f32
└── f65
f124
f13/
n98/
d96/
├── f124
├── f13/
│   └── f212/
├── f212/
└── n98/
    ├── f12/
    ├── f189/
    │   └── f32
    └── f65
n44:00
Invalid operation
Invalid operation
f124
f13/
f212/
f124:
Invalid operation
n36:35
f104:24
f299:14
n119:7
f164:2
d17/
d189/
d96/
d98/
f104
f164
f295/
f299
n119
n36
Invalid operation
Invalid operation
d17/
d189/
d96/
d98/
f104
f164
f295/
f299
n119
n36
n36:35
f104:24
d98:dir:0
d17/
d189/
d96/
d98/
f104
f164
f295/
f299
n119
n36
/d166/n65/f38/n36
d98:dir:0
d17/
d189/
d45
d96/
d98/
f104
f164
f295/
f299
f88
n119
n36
d17/
d189/
d45
d96/
d98/
f104
f164
f295/
f299
f88
n119
n36
f38/
├── d17/
├── d189/
├── d45
├── d96/
│   ├── f124
│   ├── f13/
│   │   └── f212/
│   └── f212/
├── d98/
├── f104
├── f164
├── f295/
├── f299
├── f88
├── n119
└── n36
/d166/n65/f38/n36
f38:dir:0
d213/
d91/
f237
f38/
f87
n110/
n44
f38:dir:0
d181:11
d148:9
d10:8
d85:1
d202:0
f111:0
Invalid operation
Null
Invalid operation
d123/
d148
d181
d190
d202
d208/
d236/
d286/
d85
d89/
d91
f111
f155/
f160/
f263/
f36
f73/
n112/
n32/
n65/
n72
d123:dir:0
Invalid operation
d123/
d141/
d148
d181
d190
d202
d208/
d236/
d286/
d85
d89/
d91
f111
f155/
f160/
f263/
f36
f45
f73/
n112/
n32/
n65/
n72
d166/
├── d123/
│   ├── f271
│   └── f294
├── d141/
├── d148
├── d181
├── d190
├── d202
├── d208/
├── d236/
├── d286/
├── d85
├── d89/
├── d91
├── f111
├── f155/
├── f160/
├── f263/
├── f36
├── f45
├── f73/
├── n112/
├── n32/
├── n65/
│   ├── d213/
│   ├── d91/
│   ├── f166
│   ├── f237
│   ├── f38/
│   │   ├── d17/
│   │   ├── d189/
│   │   ├── d45
│   │   ├── d96/
│   │   │   ├── f124
│   │   │   ├── f13/
│   │   │   │   └── f212/
│   │   │   └── f212/
│   │   ├── d98/
│   │   ├── f104
│   │   ├── f164
│   │   ├── f295/
│   │   ├── f299
│   │   ├── f88
│   │   ├── n119
│   │   └── n36
│   ├── n110/
│   ├── n44
│   └── n94/
└── n72
/d166/d202
d123:dir:0
d202:
d123/
d141/
d148
d181
d190
d202
d208/
d236/
d286/
d85
d89/
d91
f111
f155/
f160/
f176/
f263/
f36
f45
f73/
n112/
n32/
n65/
d181:11
d148:9
d190:1
d202:1
d85:1
d91:1
f111:0
f36:0
/d166/d202
d123/
d141/
d148
d181
d190
d202
d208/
d236/
d286/
d85
d89/
d91
f111
f155/
f160/
f176/
f263/
f36
f73/
f76
n112/
n32/
n65/
d181:11
d148:9
Null
d180:4D D3 B5 1E 57 F6 CF
d166/
├── d123/
│   ├── f271
│   └── f294
├── d141/
├── d148
├── d181
├── d202
├── d208/
├── d236/
├── d286/
├── d288
├── d85
├── d89/
├── d91
├── f111
├── f141
├── f155/
├── f160/
├── f176/
├── f263/
├── f36
├── f73/
├── f76
├── n112/
├── n32/
├── n56/
└── n65/
    ├── d213/
    ├── d91/
    ├── f166
    ├── f237
    ├── f38/
    │   ├── d17/
    │   ├── d189/
    │   ├── d45
    │   ├── d96/
    │   │   ├── f124
    │   │   ├── f13/
    │   │   │   └── f212/
    │   │   └── f212/
    │   ├── d98/
    │   ├── f104
    │   ├── f164
    │   ├── f295/
    │   ├── f299
    │   ├── f88
    │   ├── n119
    │   └── n36
    ├── n110/
    ├── n44
    └── n94/
Null
d180:D3 B5 1E 57
d181:11
d148:9
d288:3
Invalid operation
d166/
├── d123/
│   ├── f271
│   └── f294
├── d141/
├── d148
├── d181
├── d202
├── d208/
├── d236/
├── d286/
├── d288
├── d85
├── d89/
├── d91
├── f111
├── f141
├── f155/
├── f160/
├── f176/
├── f263/
├── f36
├── f73/
├── f76
├── n112/
├── n32/
├── n56/
└── n65/
    ├── d213/
    ├── d91/
    ├── f166
    ├── f237
    ├── f38/
    │   ├── d17/
    │   ├── d189/
    │   ├── d45
    │   ├── d96/
    │   │   ├── f124
    │   │   ├── f13/
    │   │   │   └── f212/
    │   │   └── f212/
    │   ├── d98/
    │   ├── f104
    │   ├── f164
    │   ├── f295/
    │   ├── f299
    │   ├── f88
    │   ├── n119
    │   └── n36
    ├── n110/
    ├── n44
    └── n94/
d202:md:1
d202:md:1
d180:F6
d160/
d166/
d180
d241/
d257
d264/
d276
d3/
f0/
f107
f115
f127/
f170/
f41/
f65
f69/
f94/
n65
n85/
Invalid operation
d180:25 DB 40 33 51
f65:u.unrptuip9zjj0r1.1_cxxaiiz-tz..z
f65:md:33
Invalid operation
Null
d131:5
d131:74
Invalid operation
f65:u.unrptuip9zjj0r1.1_cxxaiiz-tz..z
d160/
d166/
d180
d241/
d257
d264/
d276
d3/
f0/
f115
f127/
f170/
f41/
f65
f69/
f94/
n65
n85/
/f65
f115:52
f65:46
d180:28
d257:12
Invalid operation
f65:md:33
/f65
/d241/d131
f65:u.unrptuip9zjj0r1.1_cxxaiiz-tz..z
d180:57 F6 00
f65:u.unrptuip9zjj0r1.1_cxxaiiz-tz..z
Invalid operation
d131
n39
d131:11
n39:1
Invalid operation
f115:52
f65:33
f115:52
f65:33
d180:28
d180:74 0E 97 25 DB 40 33 51
f286:14 8A
f41/
└── f286
f286:bin:8
Invalid operation
/f65
f65:u.unrptuip9zjj0r1.1_cxxaiiz-tz..zsnu1
f65:u.unrptuip9zjj0r1.1_cxxaiiz-tz..zsnu1
/f65
Invalid operation
d180:00
d206/
└── f79
/f41/d206/f79
Invalid operation
f79:txt:5
d232:
d180:A6 4A 88 0E 5D 74 0E 97 25 DB 40 33 51 7C 73 EA 53 36 F0 2B 88
d203:d3
d180:BC 07 3A 58 4E 84 11 DB 40 33 51 7C 73 EA 53 36 F0
/f65
f65:u.unrptuip9zjj0r1.1_cxxaiiz-tz..zsnu1h
Invalid operation
f41/
d160/
d166/
d180
d241/
d257
d264/
d276
d3/
f0/
f127/
f170/
f41/
f65
f69/
f85
f94/
n65
n85/
Invalid operation
Invalid operation
Invalid operation
d180:53 36 F0 2B 88
Invalid operation
Invalid operation
Invalid operation
d197
f146/
f200
f280/
f291/
n99/
d197
f146/
f200
f280/
f291/
n99/
Invalid operation
/f94/f200
f280:dir:0
Invalid operation
f280:dir:0
Invalid operation
Invalid operation
Invalid operation
Invalid operation
d197
d209
d284/
d76
d82
f146/
f200
f255/
f280/
f291/
n21/
n3/
n99/
d197
d209
d284/
d82
f146/
f200
f255/
f280/
f291/
n21/
n3/
n99/
Null
Invalid operation
Invalid operation
Invalid operation
f280:dir:0
Invalid operation
Invalid operation
f280:dir:0
Null
/f94/f200
Invalid operation
Invalid operation
Invalid operation
Invalid operation
d197
d209
d284/
f146/
f200
f255/
f280/
f291/
n21/
n3/
n99/
f94/
├── d197
├── d209
├── d284/
├── f146/
├── f200
├── f255/
├── f280/
│   └── n10
├── f291/
├── n21/
├── n3/
└── n99/
f200:5D 19
Invalid operation
d197
d209
d284/
f146/
f200
f255/
f280/
f291/
n21/
n3/
n99/
d197
d209
d284/
f146/
f200
f255/
f280/
f291/
n21/
n3/
n99/
Invalid operation
d197
d209
d284/
f146/
f200
f255/
f280/
f291/
n21/
n3/
n99/
f200:E8 55 5D 19
Invalid operation
f200:19
d197
d209
d284/
d38
f146/
f200
f255/
f280/
f291/
n21/
n3/
n99/
d197
d209
d284/
d38
f146/
f200
f255/
f280/
f291/
n21/
n3/
n99/
f280:dir:0
Invalid operation
Invalid operation
Invalid operation
Invalid operation
f280:dir:0
Invalid operation
Invalid operation
Invalid operation
Invalid operation
d197
d209
d284/
d38
f146/
f200
f255/
f280/
f291/
n21/
n3/
n76/
n99/
Invalid operation
Invalid operation
d197
d38
f146/
f200
f255/
f280/
f291/
n21/
n3/
n99/
f200:4E E1
Invalid operation
Invalid operation
d197
d209
d38
f146/
f200
f255/
f280/
f291/
n21/
n3/
n99/
Null
d197
d209
d38
f146/
f200
f255/
f280/
f291/
n21/
n3/
n99/
d197
d209
d38
f146/
f200
f255/
f280/
f291/
n21/
n3/
n99/
d197
d209
d38
f14
f146/
f200
f255/
f280/
f291/
n21/
n3/
n99/
d192
f1/
d192
f1/
d192:spig7_kjr691tjeet_d_7az665_xug-4m_
Invalid operation
Invalid operation
f200:49 92
Invalid operation
Invalid operation
d197
d209
d221
d38
f14
f146/
f200
f255/
f280/
f291/
n21/
n3/
n99/
d197:8E BC FC
d197:54 FF 8E BC FC
Invalid operation
/f94/d197
Invalid operation
n43:13
f271:1C 4C 6A 06
Invalid operation
Invalid operation
f271:D1
/f94/f226/n43
d232/
└── d223/
n43:28rfhw9fyq.8sx
d223/
Invalid operation
Invalid operation
d42:6C
/f94/f226/n43
Invalid operation
d223/
f149/
n43:28rfhw9fyq.8sushu9kr7f
d232/
└── d223/
Invalid operation
d232/
├── d223/
├── d282
└── d55/
Null
f36:11
d282:2
Invalid operation
d55/
/f94/f226/d232/d282
Invalid operation
d232/
├── d115/
├── d174
├── d223/
├── d240
├── d55/
├── f36
└── n90/
Invalid operation
Invalid operation
Invalid operation
d115/
d174
d21
d223/
d240
d55/
f177
f258
f36
f74/
n90/
/f94/f226/d232/f36
d115/
d174
d20/
d21
d223/
d240
d55/
f177
f258
f36
f74/
n90/
n93/
/f94/f226/d232/f36
Invalid operation
d232/
├── d115/
├── d174
├── d20/
├── d21
├── d223/
├── d240
├── d55/
├── f177
├── f258
├── f36
├── f74/
├── n51
├── n90/
└── n93/
d174:9B 40 AF A5 00 22 38
d232/
├── d115/
├── d174
├── d20/
├── d21
├── d223/
├── d55/
├── f177
├── f258
├── f36
├── f74/
├── n115/
├── n51
├── n90/
└── n93/
d55:dir:0
d55:dir:0
f36:32
d174:14
f258:4
n51:3
d21:0
f177:0
f36:gi7dr376251aeth nkb5aeh4 plezi2d
d55:dir:0
Invalid operation
d115/
d174
d20/
d21
d223/
d39
d55/
f177
f258
f36
f74/
n51
n90/
n93/
d115/
d174
d20/
d21
d223/
d39
d55/
f177
f258
f74/
f83/
n51
n58
n90/
n93/
Invalid operation
Invalid operation
d156
Null
Null
d156:2jvfjii
/f94/f226/d232/f83/f184
f281: m.ok4gqb
d55:dir:0
d115/
d174
d20/
d21
d223/
d39
d55/
f177
f258
f74/
f83/
n51
n58
n90/
n93/
d174:F1 45 DF 2A 12 9B 40 AF A5 00 5E
d174:9B 40 AF A5 00 5E 38
/f94/f226/d232/d174
/f94/f226/d232/d174
Invalid operation
d115/
d174
d20/
d21
d223/
d39
d55/
f177
f258
f74/
f83/
n106
n43/
n51
n58
n90/
n93/
d174:F1 45 DF 2A 12 9B 40 AF A5 00 5E 38 00 7A 79
d102:md:6
d102
/f94/f226/d232/d174
/f94/f226/d232/d174
f160
f295/
f160
f295/
Invalid operation
f160:0E
Invalid operation
d167/
d231/
f160
f42
f160:11
f42:4
f0:2
n54:15
f160:11
f160:bin:11
f160:bin:11
Invalid operation
f160:bin:11
d167/
d231/
f0
f160
f42
n112/
n54
n43/
├── d167/
├── d231/
├── f0
├── f160
├── f42
└── n54
d167/
d231/
f0
f160
f42
n54
/f94/f226/d232/n43/f160
n54:15
f160:11
f42:4
f0:2
d15/
d167/
d231/
f0
f160
f42
f61/
n54
n43/
├── d15/
├── d167/
├── d231/
├── f0
├── f160
├── f42
├── f61/
└── n54
n54:15
f160:11
f42:4
f0:2
Invalid operation
Invalid operation
n54:15
f160:11
Null
Invalid operation
/d257
f160:bin:11
d15/
d167/
d231/
f0
f160
f42
f61/
n54
Invalid operation
d15/
d167/
d231/
f0
f160
f42
f61/
n54
n54:15
f160:11
f42:4
f0:2
n54:15
f160:11
f42:4
f0:2
n43/
├── d15/
├── d167/
├── d231/
├── f0
├── f160
├── f42
├── f61/
└── n54
Invalid operation
d15/
d167/
d231/
f0
f160
f42
f61/
n54
Invalid operation
Invalid operation
f160:bin:11
Invalid operation
f160:D3 30 0B
f160:06 EF B5 E8 0E D4 50 4C D3 30
f160:E8 0E D4 50 4C
Invalid operation
d15/
d167/
d231/
d80
f0
f160
f218
f42
f61/
n54
f160:06 EF B5 E8 0E D4 50 4C
Invalid operation
f8:8
d174:5E 38 00 7A 79 3B F9
d33:f-d.9i7vmq6x5c8v
d15/
├── d33
└── f3
d174:AF A5 00 5E 38 00 7A 8E F5
d174:4D C3 32 88
Invalid operation
d15/
d231/
f0
f218
f42
f61/
n110/
n54
Invalid operation
d15/
d231/
d51
f0
f218
f42
f61/
n110/
n54
f42:kx7jxqtm.q-_m
Invalid operation
/f94/f226/d232/n43/f42
d45
d65
f140
f46
Invalid operation
Invalid operation
d45:00 00 9F F5 01 B7 38 87 BB 93
/f94/f226/d232/n43/d167/d45
Null
Invalid operation
Invalid operation
Invalid operation
d45:bin:10
Invalid operation
n43/
├── d114
├── d15/
│   ├── d33
│   └── f3
├── d167/
│   ├── d148
│   ├── d269
│   ├── d45
│   ├── d65
│   ├── f46
│   └── n92
├── d231/
├── d254/
├── d298
├── d42
├── d69
├── d80
├── f0
├── f42
├── f61/
├── n110/
└── n54
n54:15
f42:14
d114:7
d80:7
d298:5
n54:15
f42:14
d114:7
d80:7
d298:5
d231:dir:0
Invalid operation
Null
Invalid operation
Invalid operation
d45:D9 01 B7 38 87 BB
d148
d269
d45
d65
f46
n92
d167/
├── d148
├── d269
├── d45
├── d65
├── f46
└── n92
Invalid operation
Invalid operation
d45:bin:10
d148
d215/
d269
d286
d45
d65
n89
/f94/f226/d232/n43/d167/d45
Invalid operation
d148
d215/
d269
d286
d45
d65
n89
Invalid operation
Invalid operation
d45:FD D9 01 B7 F8
Invalid operation
d167/
├── d148
├── d215/
├── d25/
├── d269
├── d286
├── d45
├── d65
└── n89
d167/
├── d148
├── d215/
├── d25/
├── d269
├── d286
├── d45
├── d65
└── n89
d167/
├── d148
├── d215/
├── d25/
├── d269
├── d286
├── d45
├── d65
└── n89
Invalid operation
d45:F8 BE 97
d45:bin:9
d45:bin:9
Invalid operation
d148
d215/
d25/
d269
d286
d45
d65
n89
Null
Invalid operation
/f94/f226/d232/n43/d167/d45
d148
d215/
d25/
d269
d286
d45
d65
n89
d45:bin:9
Invalid operation
Invalid operation
Invalid operation
Invalid operation
d167/
├── d148
├── d215/
├── d25/
├── d269
├── d286
├── d45
├── d65
└── n89
Invalid operation
/f94/f226/d232/n43/d167/d45
Invalid operation
Invalid operation
Invalid operation
Invalid operation
d148
d215/
d25/
d269
d286
d45
d65
n89
Invalid operation
Invalid operation
d148
d215/
d25/
d269
d286
d45
d65
f255/
n89
Invalid operation
Invalid operation
d45:01
Invalid operation
d148
d171
d215/
d25/
d286
d45
d65
f255/
f92/
d148
d171
d215/
d25/
d286
d45
d65
f255/
f92/
Invalid operation
Invalid operation
f92/
d148
d171
d215/
d25/
d286
d45
d65
f255/
f92/
Invalid operation
n43/
├── d15/
│   ├── d33
│   └── f3
├── d167/
│   ├── d148
│   ├── d171
│   ├── d215/
│   ├── d25/
│   ├── d286
│   ├── d45
│   ├── d65
│   ├── f255/
│   └── f92/
│       └── d183
├── d231/
├── d254/
├── d298
├── d42
├── d69
├── d80
├── f0
├── f33/
├── f61/
├── n110/
└── n54
Invalid operation
/f94/f226/d232/n43/f0
Invalid operation
d15/
d231/
d254/
d276
d298
d42
d53/
d69
d8
d80
d96/
f0
f212/
f279
f61/
n54
f0:17
n54:15
d276:13
d80:10
f279:8
d298:5
d80:F7 00 00 00
/f94/f226/d232/n43/f0
f0:31
n54:15
d276:13
d80:10
f279:8
d298:5
d15/
d194/
d231/
d254/
d276
d298
d42
d53/
d69
d80
d96/
f0
f212/
f279
f61/
n54
d15/
d177
d194/
d231/
d254/
d276
d298
d42
d53/
d69
d80
d96/
f0
f212/
f279
f61/
n54
f0:31
n54:15
Invalid operation
d231:dir:0
Invalid operation
f0:31
Invalid operation
d108
d139/
d15/
d177
d194/
d231/
d254/
d264
d276
d298
d42
d53/
d80
d96/
f0
f147/
f212/
f234/
f279
f61/
n54
d33:txt:16
d231:dir:0
Invalid operation
d80:00 00 00 00 00 00 8E
Null
Invalid operation
Invalid operation
Invalid operation
f120:lu-kz-ur58
d80:00 00 00 00 8E 00
Invalid operation
/f94/f226/d232/n43/d254/f120
Null
d254/
├── d38/
└── f120
f120:txt:13
d139/
d15/
d194/
d231/
d254/
d264
d276
d298
d53/
d80
d96/
f0
f143
f147/
f183
f212/
f234/
f279
f61/
n54
n89
Invalid operation
Invalid operation
d231:dir:0
/f94/f226/d232/n43/f0
d139/
d15/
d194/
d231/
d254/
d264
d276
d298
d53/
d80
d96/
f0
f143
f147/
f183
f212/
f234/
f279
f61/
n54
n89
f0:s_j2wm.8bdwgike 7r-jxl57u7bvk-s
f0:31
d80:8E
Invalid operation
d139/
d15/
d194/
d231/
d254/
d264
d276
d298
d53/
d80
d96/
f0
f143
f147/
f183
f212/
f234/
f279
f61/
n54
n89
f0:31
d80:20
n89:17
d139/
d15/
d194/
d231/
d254/
d264
d276
d53/
d80
d96/
f0
f147/
f183
f19
f212/
f234/
f279
f61/
n54
n89
n99/
Null
f0:31
d80:20
n89:17
n54:15
d276:13
f279:8
f19:3
Invalid operation
Null
d139/
d15/
d194/
d231/
d254/
d264
d276
d53/
d80
d96/
f0
f147/
f183
f19
f212/
f234/
f279
f61/
n54
n89
n99/
Invalid operation
d139/
d15/
d194/
d231/
d254/
d264
d276
d53/
d80
d96/
f0
f147/
f183
f19
f212/
f234/
f279
f61/
n54
n89
n99/
d80:BB 97 F7 13 00 00 00 00 00 00 8E FA 60 C7 71 CF
Null
d231:dir:0
n118:0
n118:0
Invalid operation
d169
Invalid operation
Invalid operation
d174:00 7A 8E
f258:FB B3
d232/
├── d115/
├── d20/
├── d21
├── d223/
├── d39
├── d55/
├── f177
├── f258
├── f74/
├── f83/
│   └── f281
├── n43/
│   ├── d139/
│   ├── d15/
│   │   ├── d33
│   │   └── f3
│   ├── d194/
│   ├── d231/
│   ├── d254/
│   │   ├── d38/
│   │   └── f120
│   ├── d264
│   ├── d276
│   ├── d53/
│   ├── d80
│   ├── d96/
│   ├── f0
│   ├── f147/
│   ├── f15/
│   ├── f183
│   ├── f19
│   ├── f212/
│   ├── f234/
│   ├── f279
│   ├── f61/
│   ├── n54
│   ├── n89
│   └── n99/
├── n51
├── n58
├── n90/
└── n93/
Invalid operation
/f94/f226/d232/f258
n93/
n93/
Invalid operation
f258:00 F9 A9 BA 96 9E
d55:dir:0
f258:00 00 F9 A9 BA 71 84 CA CE 6A
d115/
d20/
d21
d223/
d55/
f197
f258
f59/
f74/
f83/
n43/
n51
n58
n90/
n93/
f258:16
Invalid operation
Invalid operation
Invalid operation
f258:16
Null
Invalid operation
Invalid operation
d115/
d20/
d21
d223/
d55/
f104/
f121/
f197
f258
f59/
f74/
f83/
n43/
n51
n58
n90/
n93/
d115/
d20/
d21
d223/
d55/
f104/
f121/
f197
f258
f59/
f74/
f83/
n43/
n51
n58
n90/
n93/
f258:F9
d115/
d20/
d21
d223/
d55/
f104/
f121/
f197
f258
f59/
f74/
f83/
n43/
n51
n58
n90/
n93/
Invalid operation
Null
f104/
f258:00 F9
f282:30
Null
Invalid operation
f282:txt:30
d154/
d250/
f282
Invalid operation
d154/
d250/
f136
d154/
d250/
f136
f136:
f258:56 C8 00
f136:x
Invalid operation
Null
d154:dir:0
f258:CA CE 6A 56 C8 00 00 00 00 08 6D 9F
f258:FB B3 00 7B EB 45
Invalid operation
f136:xxyx
Null
n100:txt:17
Invalid operation
f258:63 98
f258:FB B3 00 7B EB 45 76 CB C0 9D 63 98
Null
/f94/f226/d232/f258
f258:C0 9D 63 98 06 8B 5D 64
d20/
└── d199
f258:9D 63 98 06 8B
d199:14
d199:8 mr.855-j
d199:md:10
Invalid operation
d84:bin:0
d199:8 mr.855-j
n86
n86
n86
n86:t5.8ckf2c5x
Null
n86
d199:8 mr.855-j
d241/
d199:10
Invalid operation
/f94/f226/d232/d20/d199
d199:md:11
d199
d241/
f198/
f42
Null
f42:0
f198:dir:0
f42:
f198:dir:0
f42:0
Invalid operation
/f94/f226/d232/d20/f42
f258:64 00
d241/
f198/
f42
Invalid operation
Invalid operation
Invalid operation
Invalid operation
Invalid operation
Null
d232/
├── d115/
├── d20/
│   ├── d233
│   ├── d241/
│   ├── d38/
│   └── f198/
├── d21
├── d223/
├── d55/
├── f104/
│   ├── d154/
│   │   └── n100
│   ├── d250/
│   ├── d284
│   ├── d94/
│   ├── f120
│   ├── f136
│   ├── f193/
│   ├── n55
│   └── n83/
├── f121/
├── f126/
├── f159/
├── f197
├── f258
├── f59/
├── f60
├── f74/
├── f83/
│   └── f281
├── f94/
├── n43/
│   ├── d139/
│   ├── d15/
│   │   ├── d33
│   │   └── f3
│   ├── d194/
│   ├── d231/
│   ├── d254/
│   │   ├── d38/
│   │   └── f120
│   ├── d264
│   ├── d276
│   ├── d53/
│   ├── d80
│   ├── d96/
│   ├── f0
│   ├── f147/
│   ├── f15/
│   ├── f183
│   ├── f19
│   ├── f212/
│   ├── f234/
│   ├── f279
│   ├── f61/
│   ├── n54
│   ├── n89
│   └── n99/
├── n51
├── n58
├── n90/
└── n93/
    ├── d262/
    └── f260/
/f94/f226/d232/f258
/f94/f226/d232/f258
/f94/f226/n43
n43:txt:24
Invalid operation
d232/
d240/
d129/
d138
d232/
d240/
f6/
f226/
├── d129/
├── d138
├── d232/
│   ├── d115/
│   ├── d20/
│   │   ├── d233
│   │   ├── d241/
│   │   ├── d38/
│   │   └── f198/
│   ├── d21
│   ├── d223/
│   ├── d55/
│   ├── f104/
│   │   ├── d154/
│   │   │   └── n100
│   │   ├── d250/
│   │   ├── d284
│   │   ├── d94/
│   │   ├── f120
│   │   ├── f136
│   │   ├── f193/
│   │   ├── n55
│   │   └── n83/
│   ├── f121/
│   ├── f126/
│   ├── f159/
│   ├── f197
│   ├── f258
│   ├── f59/
│   ├── f60
│   ├── f74/
│   ├── f83/
│   │   └── f281
│   ├── f94/
│   ├── n43/
│   │   ├── d139/
│   │   ├── d15/
│   │   │   ├── d33
│   │   │   └── f3
│   │   ├── d194/
│   │   ├── d231/
│   │   ├── d254/
│   │   │   ├── d38/
│   │   │   └── f120
│   │   ├── d264
│   │   ├── d276
│   │   ├── d53/
│   │   ├── d80
│   │   ├── d96/
│   │   ├── f0
│   │   ├── f147/
│   │   ├── f15/
│   │   ├── f183
│   │   ├── f19
│   │   ├── f212/
│   │   ├── f234/
│   │   ├── f279
│   │   ├── f61/
│   │   ├── n54
│   │   ├── n89
│   │   └── n99/
│   ├── n51
│   ├── n58
│   ├── n90/
│   └── n93/
│       ├── d262/
│       └── f260/
├── d240/
└── f6/
/f94/f226/d138
Invalid operation
/f94/d197
Invalid operation
Invalid operation
Invalid operation
d129/
d197:F0 58
d252
d48/
n116/
d252
n116/
d129/
d232/
d240/
f156/
f6/
n87/
Invalid operation
d232:dir:0
Invalid operation
Invalid operation
Invalid operation
Invalid operation
Invalid operation
/f94/f226/d129/d252
Invalid operation
Invalid operation
Invalid operation
d197:95 4F F7 00 00 5C 00
d129/
d232/
d240/
f152/
f6/
n87/
Invalid operation
f265:rqg-d.sipv
f265:rqg-d.sipv
/f94/f226/f265
Null
Invalid operation
d197:70 66 65 5E 3E F0
Invalid operation
Invalid operation
d197:66 65 5E
d129/
d240/
d299/
f151/
f152/
f165/
f6/
n87/
Invalid operation
Invalid operation
/f94/d197
Invalid operation
f288:v5jn
Null
Invalid operation
d129/
d240/
d256/
d299/
f151/
f152/
f165/
f6/
f95
n87/
Invalid operation
f95:4
f95:txt:4
f95:txt:4
Invalid operation
d197:3E F0 58 1D 95 4F
f95:4
f186:1
f186:h
Invalid operation
d197:B8
f186:h4y0pvf
f71:16
f186:7
f95:4
d129/
d133/
d240/
d256/
d299/
f151/
f152/
f165/
f186
f6/
f71
f95
n87/
f186:h4y0pvf
/f94/f226/f186
d133/
├── d142/
└── f145/
d197:54
f145:dir:0
/f94/f226/f186
f145:dir:0
Null
Invalid operation
Invalid operation
f145:dir:0
d133/
├── d142/
├── d205
├── d99/
├── f145/
├── f178
├── n112
└── n66
d133/
├── d142/
├── d205
├── d99/
├── f145/
├── f178
├── n112
└── n66
Null
d142/
d16/
d205
d99/
f145/
f178
n112
n59
d142/
d16/
d205
d99/
f145/
f178
n112
n59
f178:xx
Null
d142/
d16/
d205
d99/
f145/
f178
n112
n59
Null
d113:26
d133/
├── d142/
├── d16/
│   └── d113
├── d205
├── d99/
├── f145/
├── f178
├── n112
└── n59
Invalid operation
f271:26 F2 FA 0D 69
d113
f162/
f271
f271:69
d113:ykced8bd2oeysewe3c2s5altbb
Null
d113:26
f271:6
d113
f16/
f162/
f271
f271:F2 FA
f271:F2 FA 0D
Invalid operation
f271:F2 FA 0D A7
d16/
├── d113
├── d277
└── f271
/f94/f226/d133/d16/d277
Invalid operation
d197:43
d16/
└── f120/
f145:dir:0
d70
Invalid operation
/f94/f226/d133/f178
Invalid operation
Invalid operation
d197:66 65 5E 3E F0 58 1D
d197:95 4F F7 00 00 5C 00 1A 4A C7 45 52
Invalid operation
d142/
d16/
d205
d99/
f145/
n112
n59
d205:6.g_wv496 .
/f94/f226/d133/d205
Invalid operation
Invalid operation
Invalid operation
d197:48 4C
Invalid operation
Invalid operation
f191:1
d138
f138
f169/
f191
Invalid operation
Invalid operation
d130
d138
d255
f169/
f191
Invalid operation
d130
d138
d255
f169/
f191
Invalid operation
d197:65 5E 3E F0 58 1D 95 4F F7 00 00 5C 00 1A 4A C7 F2 5F B9 12
d197:5E 3E F0
f186:h4y0pvf
d129/
d133/
d240/
d256/
d299/
f151/
f152/
f165/
f186
f6/
f71
f95
n87/
d129/
d133/
d240/
d256/
d299/
f151/
f152/
f165/
f186
f6/
f71
f95
n87/
d129/
d133/
d240/
d256/
d299/
f151/
f152/
f165/
f186
f188
f6/
f71
f95
n87/
d197:1A 4A C7
Invalid operation
Invalid operation
Invalid operation
d197
d209
d221
d38
f14
f226/
f229/
f255/
f280/
f291/
n21/
n3/
n99/
/f94/d197
Invalid operation
d129:dir:0
d213:92 64
f226/
├── d129/
│   ├── d193
│   ├── d252
│   ├── d65
│   ├── f195
│   └── n116/
├── d133/
│   ├── d142/
│   ├── d16/
│   │   ├── d130
│   │   ├── d138
│   │   ├── f169/
│   │   └── f191
│   ├── d175
│   ├── d99/
│   ├── f145/
│   ├── n112
│   └── n59
├── d213
├── d240/
├── d256/
├── d299/
├── f151/
├── f152/
├── f165/
├── f186
├── f188
├── f6/
├── f71
├── f95
└── n87/
/f94/f226/d213
Invalid operation
f71:16
f55:10
d213:7
f186:7
Invalid operation
d129:dir:0
d119/
d129/
d133/
d213
d240/
d256/
d299/
f128
f151/
f165/
f186
f188
f55
f6/
f71
f95
n87/
Invalid operation
Invalid operation
Invalid operation
Invalid operation
d129/
d133/
d213
d240/
d256/
d299/
f151/
f165/
f186
f188
f232/
f55
f6/
f71
f95
n87/
d129:dir:0
Invalid operation
d197:00 70 66 65
Invalid operation
Invalid operation
d197:0B 5F B9 12
d197:00 00 70 66 65 5E 3E F0 58 1D 95 4F F7 00 00 5C 00 5D 6A
/f94/d197
Invalid operation
Invalid operation
Invalid operation
n10:5
Invalid operation
/f94/d197
f280/
└── n107/
d197:4F
Invalid operation
d3
n107/
Invalid operation
Invalid operation
Invalid operation
d197:66 65 5E 3E F0
n107/
d3
Null
d197:B9 12
n107/
└── d3
Null
d3:md:2
Invalid operation
Invalid operation
Invalid operation
d288/
f171/
n107/
Invalid operation
n107:dir:0
n107:dir:0
d3
f8
d197:83 0B 5F B9 12 00
Null
/f94/f280/n107/d3
d197:12 00
Invalid operation
Invalid operation
d53/
f205/
Invalid operation
d197:5E 3E F0 58 1D 95 4F
Invalid operation
d53/
f205/
d197:AC 32 15 81
d3:_n5x-8p_roeg2c3sc
d3:17
f8:2
n71:0
Invalid operation
f189:C8
f189:6
n107:dir:0
f280/
├── d154
├── d288/
├── f171/
├── n1
└── n107/
    ├── d294/
    │   ├── d53/
    │   └── f205/
    ├── d3
    ├── f8
    └── n71
/f65
d154:2E 7D
/f94/f280/f171/f208
f166:bin:1
Invalid operation
f142:z _wkk8kfc 9vcs3
f171/
├── d52
└── f231
Invalid operation
Invalid operation
d197:34
d38:17
f14:10
Invalid operation
d197:42 0C 79 CD 00 5C 00 5D 6A
Invalid operation
d197:34
d38:17
f14:10
f125:8
d221:5
d209:1
d197:79 CD 00 5C 00 5D 6A 83
d184/
d197
d209
d221
d284/
d38
d63/
d71
f125
f14
f226/
f229/
f255/
f280/
f291/
n21/
n72
n99/
d184/
d197
d209
d221
d284/
d38
d63/
d71
f125
f14
f226/
f229/
f255/
f280/
f291/
n21/
n72
n99/
Invalid operation
/f94/d197
Invalid operation
f280:dir:0
f94/
├── d184/
├── d191
├── d209
├── d221
├── d284/
├── d38
├── d63/
├── d71
├── f125
├── f14
├── f226/
│   ├── d129/
│   │   ├── d193
│   │   ├── d252
│   │   ├── d65
│   │   ├── f195
│   │   └── n116/
│   ├── d133/
│   │   ├── d142/
│   │   ├── d16/
│   │   │   ├── d130
│   │   │   ├── d138
│   │   │   ├── f169/
│   │   │   └── f191
│   │   ├── d175
│   │   ├── d99/
│   │   ├── f145/
│   │   ├── n112
│   │   └── n59
│   ├── d213
│   ├── d240/
│   ├── d256/
│   ├── d299/
│   ├── f151/
│   ├── f165/
│   ├── f186
│   ├── f188
│   ├── f232/
│   ├── f71
│   ├── f95
│   ├── n0
│   └── n87/
├── f229/
├── f255/
├── f280/
│   ├── d103
│   ├── d154
│   ├── d227/
│   ├── d288/
│   ├── d299/
│   ├── f171/
│   │   ├── d52
│   │   └── f231
│   ├── n1
│   ├── n107/
│   │   ├── d294/
│   │   │   ├── d53/
│   │   │   └── f205/
│   │   ├── d3
│   │   ├── f8
│   │   └── n71
│   └── n41
├── n21/
├── n72
└── n99/
d38:17
f14:10
d184/
d191
d209
d221
d284/
d38
d63/
d71
f125
f14
f226/
f229/
f255/
f280/
n21/
n72
n99/
Invalid operation
f280:dir:0
d38:a ueejct6u knu27q
Invalid operation
d38:a ueejct6u knu27qx
Null
Invalid operation
f94/
├── d184/
├── d191
├── d209
├── d221
├── d284/
├── d38
├── d63/
├── d71
├── f125
├── f14
├── f226/
│   ├── d129/
│   │   ├── d193
│   │   ├── d252
│   │   ├── d65
│   │   ├── f195
│   │   └── n116/
│   ├── d133/
│   │   ├── d142/
│   │   ├── d16/
│   │   │   ├── d130
│   │   │   ├── d138
│   │   │   ├── f169/
│   │   │   └── f191
│   │   ├── d175
│   │   ├── d99/
│   │   ├── f145/
│   │   ├── n112
│   │   └── n59
│   ├── d213
│   ├── d240/
│   ├── d256/
│   ├── d299/
│   ├── f151/
│   ├── f165/
│   ├── f186
│   ├── f188
│   ├── f232/
│   ├── f71
│   ├── f95
│   ├── n0
│   └── n87/
├── f229/
├── f255/
├── f280/
│   ├── d103
│   ├── d154
│   ├── d227/
│   ├── d288/
│   ├── d299/
│   ├── f171/
│   │   ├── d52
│   │   └── f231
│   ├── n1
│   ├── n107/
│   │   ├── d294/
│   │   │   ├── d53/
│   │   │   └── f205/
│   │   ├── d3
│   │   ├── f8
│   │   └── n71
│   └── n41
├── n116/
├── n21/
├── n72
└── n99/
Invalid operation
d156/
d184/
d191
d209
d221
d284/
d38
d63/
d71
f125
f14
f226/
f229/
f255/
f280/
n116/
n21/
n72
n99/
d38:35
f14:10
f125:8
d221:5
d191:0
d209:0
d71:0
d156/
d184/
d191
d209
d221
d284/
d38
d63/
d71
f125
f14
f226/
f229/
f255/
f280/
n116/
n21/
n72
n99/
d38:a ueejct6u knu27qx-g7z7chah2-.78vqd
Invalid operation
/f94/d38
d38:35
f14:10
f125:8
d221:5
d191:0
d209:0
d71:0
n72:0
f255/
d209:00
d38:41
f14:10
f125:8
d209:2
d191:0
d71:0
n72:0
Invalid operation
Invalid operation
d209:00
Invalid operation
d209:00
d209:00
Invalid operation
d209:00
Invalid operation
f14:10
f74:8
d209:1
d191:0
d71:0
Invalid operation
Invalid operation
Invalid operation
Null
Invalid operation
d123:dir:0
n116/
├── d123/
└── f134
n116/
├── d123/
└── f134
/f94/n116/f134
d123/
d239/
f134
d209:00
Invalid operation
Invalid operation
Invalid operation
d123/
Invalid operation
d123:dir:0
Invalid operation
f200:5
/f94/n116/f200
d209:00
d123/
f200
f200:1l-m_
Invalid operation
d156/
d184/
d191
d209
d284/
d60
d63/
d71
f117/
f125
f14
f215/
f226/
f229/
f255/
f280/
f38/
f74
n106/
n116/
n21/
n40/
n72
n99/
d156/
d184/
d191
d209
d284/
d60
d63/
d71
f117/
f125
f14
f215/
f226/
f229/
f255/
f280/
f38/
f74
n106/
n116/
n21/
n40/
n72
n99/
f94/
├── d156/
├── d184/
├── d191
├── d209
├── d240/
├── d284/
├── d60
├── d63/
├── d71
├── f117/
├── f125
├── f14
├── f215/
├── f226/
│   ├── d129/
│   │   ├── d193
│   │   ├── d252
│   │   ├── d65
│   │   ├── f195
│   │   └── n116/
│   ├── d133/
│   │   ├── d142/
│   │   ├── d16/
│   │   │   ├── d130
│   │   │   ├── d138
│   │   │   ├── f169/
│   │   │   └── f191
│   │   ├── d175
│   │   ├── d99/
│   │   ├── f145/
│   │   ├── n112
│   │   └── n59
│   ├── d213
│   ├── d240/
│   ├── d256/
│   ├── d299/
│   ├── f151/
│   ├── f165/
│   ├── f186
│   ├── f188
│   ├── f232/
│   ├── f71
│   ├── f95
│   ├── n0
│   └── n87/
├── f229/
├── f255/
├── f280/
│   ├── d103
│   ├── d154
│   ├── d227/
│   ├── d288/
│   ├── d299/
│   ├── f171/
│   │   ├── d52
│   │   └── f231
│   ├── n1
│   ├── n107/
│   │   ├── d294/
│   │   │   ├── d53/
│   │   │   └── f205/
│   │   ├── d3
│   │   ├── f8
│   │   └── n71
│   └── n41
├── f38/
├── n106/
├── n116/
│   ├── d123/
│   ├── f200
│   └── n100
├── n21/
├── n40/
├── n72
└── n99/
d209:CA 00
Null
f14:10
f125:8
d209:4
Invalid operation
d156/
d191
d209
d240/
d284/
d60
d63/
d71
f117/
f125
f14
f215/
f226/
f229/
f255/
f280/
f38/
n106/
n116/
n21/
n40/
n72
n99/
Invalid operation
Invalid operation
/f94/d209
d209:00
Invalid operation
d156/
d168
d191
d209
d240/
d284/
d60
d63/
d71
f117/
f125
f14
f215/
f226/
f229/
f255/
f280/
f286
f38/
n106/
n116/
n21/
n40/
n72
n99/
d156/
d168
d191
d209
d240/
d284/
d60
d63/
d71
f117/
f125
f14
f215/
f226/
f229/
f255/
f280/
f38/
n106/
n116/
n21/
n40/
n72
n99/
d209:CA 00
Invalid operation
Invalid operation
Invalid operation
d209:B1 39 CA
Invalid operation
Invalid operation
d209:CA 00
Invalid operation
Invalid operation
Invalid operation
f94/
├── d127
├── d156/
├── d168
├── d191
├── d209
├── d240/
├── d284/
├── d60
├── d63/
├── d71
├── f117/
├── f125
├── f14
├── f215/
├── f226/
│   ├── d129/
│   │   ├── d193
│   │   ├── d252
│   │   ├── d65
│   │   ├── f195
│   │   └── n116/
│   ├── d133/
│   │   ├── d142/
│   │   ├── d16/
│   │   │   ├── d130
│   │   │   ├── d138
│   │   │   ├── f169/
│   │   │   └── f191
│   │   ├── d175
│   │   ├── d99/
│   │   ├── f145/
│   │   ├── n112
│   │   └── n59
│   ├── d213
│   ├── d240/
│   ├── d256/
│   ├── d299/
│   ├── f151/
│   ├── f165/
│   ├── f186
│   ├── f188
│   ├── f232/
│   ├── f71
│   ├── f95
│   ├── n0
│   └── n87/
├── f229/
├── f255/
├── f259
├── f280/
│   ├── d103
│   ├── d154
│   ├── d227/
│   ├── d288/
│   ├── d299/
│   ├── f171/
│   │   ├── d52
│   │   └── f231
│   ├── n1
│   ├── n107/
│   │   ├── d294/
│   │   │   ├── d53/
│   │   │   └── f205/
│   │   ├── d3
│   │   ├── f8
│   │   └── n71
│   └── n41
├── f38/
├── n106/
├── n116/
│   ├── d123/
│   ├── f200
│   └── n100
├── n21/
├── n40/
├── n72
└── n99/
d209:0A 2C 3B
/f94/d209
Invalid operation
Invalid operation
Invalid operation
n107:dir:0
d103
d148
d154
d21
d227/
d272/
d288/
d299/
f171/
n1
n107/
n41
d21:14
d154:12
d103:11
d148:3
n1:0
n41:0
n107:dir:0
d103
d148
d154
d21
d227/
d272/
d288/
d299/
f171/
n1
n107/
n41
/f94/f280/d154
/f94/f280/d154
/f94/f280/d154
d103
d148
d154
d21
d227/
d272/
d288/
d299/
f171/
f27/
n1
n107/
n41
Invalid operation
Invalid operation
Invalid operation
d103
d148
d154
d21
d227/
d272/
d288/
d299/
f171/
n1
n107/
n41
n107:dir:0
d21:14
d154:12
d103:11
d148:3
n107:dir:0
d103
d148
d154
d21
d227/
d272/
d288/
d299/
f171/
n1
n107/
n41
Invalid operation
Invalid operation
d103
d148
d154
d227/
d272/
d288/
d299/
f171/
n1
n107/
n41
/f94/f280/d154
d103
d148
d154
d227/
d272/
d288/
d299/
f171/
n1
n107/
n41
d103
d148
d154
d227/
d272/
d288/
d299/
f171/
n1
n107/
n41
Invalid operation
Invalid operation
d103
d148
d154
d227/
d272/
d288/
d299/
f171/
f270
f59/
n1
n107/
n41
Invalid operation
/f94/f280/d154
f280/
├── d103
├── d148
├── d154
├── d227/
├── d272/
├── d288/
├── d299/
├── f171/
│   ├── d52
│   └── f231
├── f270
├── f59/
├── n1
├── n107/
│   ├── d294/
│   │   ├── d53/
│   │   └── f205/
│   ├── d3
│   ├── f8
│   └── n71
└── n41
Invalid operation
d103
d148
d154
d227/
d272/
d288/
d299/
f171/
f270
f59/
n1
n107/
n41
d103
d148
d154
d227/
d272/
d288/
d299/
f171/
f270
f59/
n1
n107/
n41
Invalid operation
f280/
├── d103
├── d148
├── d154
├── d227/
├── d272/
├── d288/
├── d299/
├── f171/
│   ├── d52
│   └── f231
├── f270
├── f59/
├── n1
├── n107/
│   ├── d294/
│   │   ├── d53/
│   │   └── f205/
│   ├── d3
│   ├── f8
│   └── n71
├── n41
└── n61
d294/
d3
f8
n71
d3:17
f8:2
n71:0
Invalid operation
d294/
d3
f8
n71
Invalid operation
n107/
├── d294/
│   ├── d53/
│   └── f205/
├── d3
├── f8
└── n71
d294/
d3
f8
n71
Invalid operation
f116:A6
d294/
d3
f116
f8
n71
/f94/f280/n107/d3
Invalid operation
Invalid operation
d3:_n5x-8p_roeg2c3scf3.i8laq
d3:25
f116:7
f241:5
f8:2
n71:0
d145/
d163/
d294/
d3
f116
f241
f5/
f8
n67
n71
d145/
d163/
d294/
d3
f116
f241
f5/
f8
n67
n71
d3:md:25
Invalid operation
n95
Invalid operation
Invalid operation
Invalid operation
Invalid operation
Invalid operation
d3:_n5x-8p_roeg2c3scf3.i8laq
Null
f219:txt:17
/f94/f280/n107/f5/f219
Invalid operation
f116:2F D5
f219:17
f199:5
f219:cejygk9wyk53_8nxb
Invalid operation
f116:AD A6 61 00
/f94/f280/n107/f5/f219
f65/
f65:dir:0
d160/
├── d82/
├── f65/
└── n77
f116:BF 13
f65:dir:0
f116:AD A6 61 00 00 2F D5
Invalid operation
f116:2F D5
d121
d23
d239
d282/
d82/
f5/
f65/
n47/
f219:21
Invalid operation
Invalid operation
f219:cejygk9wyk53_8nxb3lpo  
d80:00
f219:txt:24
f5/
├── d144
├── d160/
│   ├── d121
│   ├── d23
│   ├── d239
│   ├── d282/
│   ├── d82/
│   ├── f5/
│   ├── f65/
│   └── n47/
├── d40
├── d80
├── f177/
├── f219
├── f258/
└── f29
d80:00 9A 89 D9
Invalid operation
Invalid operation
Invalid operation
n107/
├── d145/
├── d163/
├── d196
├── d197
├── d294/
│   ├── d53/
│   └── f205/
├── d3
├── f116
├── f241
├── f5/
│   ├── d144
│   ├── d160/
│   │   ├── d121
│   │   ├── d23
│   │   ├── d239
│   │   ├── d282/
│   │   ├── d82/
│   │   ├── f5/
│   │   ├── f65/
│   │   └── n47/
│   ├── d80
│   ├── f177/
│   ├── f181/
│   ├── f219
│   ├── f258/
│   └── f29
├── f8
├── n71
└── n90/
d145/
d163/
d196
d197
d294/
d3
f116
f221/
f5/
f8
n71
n90/
Invalid operation
f116:55 2F
f116:55 2F 00 00 BF 7E
d3:_n5x-8p_roeg2c3scf3.i8laq
Invalid operation
f116:BF
d145/
d163/
d196
d197
d294/
d3
f116
f181/
f221/
f5/
f57
f8
n71
n90/
f116:D5 5A 55 2F 00 00 BF 7E C6 00
d145/
d163/
d196
d197
d294/
d3
f116
f181/
f221/
f5/
f57
f8
n71
n90/
d145/
d163/
d196
d197
d294/
d3
f116
f181/
f221/
f5/
f57
f8
n71
n90/
d3:md:25
Null
Invalid operation
d3:_n5x-8p_roeg2c3scf3.i8laq
f116:F2 50 B0 10
d145/
d163/
d196
d283/
d294/
d3
d5
d59
f116
f157
f181/
f221/
f223
f5/
f57
f8
n71
n90/
d3:25
f116:25
f57:17
d196:13
f223:11
d5:3
f8:2
d59:0
Invalid operation
Invalid operation
Invalid operation
n16:0
Invalid operation
Null
Invalid operation
n16:0
Invalid operation
Invalid operation
Invalid operation
Null
Invalid operation
Invalid operation
Invalid operation
Invalid operation
Null
Invalid operation
d103
d148
d154
d227/
d272/
d288/
d299/
f171/
f270
f59/
n1
n107/
n61
Invalid operation
Invalid operation
Invalid operation
Invalid operation
Invalid operation
Invalid operation
Invalid operation
Invalid operation
Null
Invalid operation
f280/
├── d103
├── d148
├── d154
├── d227/
├── d272/
├── d288/
├── d299/
├── f171/
│   ├── d52
│   └── f231
├── f208
├── f270
├── f59/
├── n1
├── n103/
├── n107/
│   ├── d145/
│   ├── d163/
│   ├── d196
│   ├── d283/
│   ├── d294/
│   │   ├── d53/
│   │   └── f205/
│   ├── d3
│   ├── d5
│   ├── d59
│   ├── f116
│   ├── f157
│   ├── f181/
│   ├── f221/
│   ├── f223
│   ├── f5/
│   │   ├── d144
│   │   ├── d160/
│   │   │   ├── d121
│   │   │   ├── d23
│   │   │   ├── d239
│   │   │   ├── d282/
│   │   │   ├── d82/
│   │   │   ├── f5/
│   │   │   ├── f65/
│   │   │   └── n47/
│   │   ├── d80
│   │   ├── f177/
│   │   ├── f181/
│   │   ├── f219
│   │   ├── f258/
│   │   └── f29
│   ├── f57
│   ├── f8
│   ├── n71
│   └── n90/
└── n61
d103
d148
d154
d227/
d272/
d288/
d299/
f171/
f208
f270
f59/
n1
n103/
n107/
n61
Invalid operation
Invalid operation
Invalid operation
Invalid operation
Invalid operation
Invalid operation
Invalid operation
Invalid operation
Invalid operation
Invalid operation
Invalid operation
Invalid operation
Invalid operation
d0/
d103
d148
d154
d190/
d227/
d233
d272/
d288/
d299/
d55
f102/
f171/
f270
f294/
f59/
n1
n103/
n107/
n61
Invalid operation
Invalid operation
Invalid operation
d0/
d103
d148
d154
d190/
d227/
d233
d272/
d288/
d299/
f102/
f171/
f270
f294/
f59/
n1
n103/
n107/
n42/
n61
Invalid operation
Null
Null
Invalid operation
Invalid operation
Invalid operation
Invalid operation
Null
Invalid operation
Invalid operation
Invalid operation
d49:
d0/
d103
d148
d154
d190/
d227/
d233
d272/
d288/
d291
d299/
d49
f102/
f171/
f270
f294/
f59/
n1
n103/
n107/
n61
d49:txt:0
f280/
├── d0/
├── d103
├── d148
├── d154
├── d190/
├── d227/
├── d233
├── d272/
├── d288/
├── d291
├── d299/
├── d49
├── f102/
├── f171/
│   ├── d52
│   └── f231
├── f270
├── f294/
├── f59/
├── n1
├── n103/
├── n107/
│   ├── d145/
│   ├── d163/
│   ├── d196
│   ├── d283/
│   ├── d294/
│   │   ├── d53/
│   │   └── f205/
│   ├── d3
│   ├── d5
│   ├── d59
│   ├── f116
│   ├── f157
│   ├── f181/
│   ├── f221/
│   ├── f223
│   ├── f5/
│   │   ├── d144
│   │   ├── d160/
│   │   │   ├── d121
│   │   │   ├── d23
│   │   │   ├── d239
│   │   │   ├── d282/
│   │   │   ├── d82/
│   │   │   ├── f5/
│   │   │   ├── f65/
│   │   │   └── n47/
│   │   ├── d80
│   │   ├── f177/
│   │   ├── f181/
│   │   ├── f219
│   │   ├── f258/
│   │   └── f29
│   ├── f57
│   ├── f8
│   ├── n71
│   └── n90/
└── n61
Invalid operation
Invalid operation
d0/
d103
d148
d154
d190/
d227/
d233
d272/
d288/
d299/
f102/
f171/
f270
f294/
f59/
n1
n103/
n107/
n61
Invalid operation
Invalid operation
Invalid operation
Invalid operation
Invalid operation
Invalid operation
Invalid operation
f202:txt:17
Invalid operation
f280/
├── d0/
├── d103
├── d148
├── d154
├── d190/
├── d227/
├── d233
├── d272/
├── d288/
├── d299/
├── f102/
├── f154/
├── f171/
│   ├── d52
│   └── f231
├── f202
├── f270
├── f294/
├── f59/
├── n1
├── n103/
├── n107/
│   ├── d145/
│   ├── d163/
│   ├── d196
│   ├── d283/
│   ├── d294/
│   │   ├── d53/
│   │   └── f205/
│   ├── d3
│   ├── d5
│   ├── d59
│   ├── f116
│   ├── f157
│   ├── f181/
│   ├── f221/
│   ├── f223
│   ├── f5/
│   │   ├── d144
│   │   ├── d160/
│   │   │   ├── d121
│   │   │   ├── d23
│   │   │   ├── d239
│   │   │   ├── d282/
│   │   │   ├── d82/
│   │   │   ├── f5/
│   │   │   ├── f65/
│   │   │   └── n47/
│   │   ├── d80
│   │   ├── f177/
│   │   ├── f181/
│   │   ├── f219
│   │   ├── f258/
│   │   └── f29
│   ├── f57
│   ├── f8
│   ├── n71
│   └── n90/
└── n61
Invalid operation
d0/
d103
d148
d154
d190/
d227/
d233
d272/
d288/
d299/
d30/
f102/
f154/
f171/
f202
f270
f294/
f59/
n1
n103/
n107/
n61
f202:txt:20
Invalid operation
Invalid operation
Invalid operation
Invalid operation
d0/
d103
d148
d154
d190/
d227/
d233
d272/
d288/
d299/
d30/
f102/
f154/
f171/
f202
f270
f294/
f59/
n1
n103/
n107/
n61
/f94/f280/f202
d0/
d103
d148
d154
d190/
d227/
d233
d272/
d288/
d299/
d30/
f102/
f154/
f171/
f202
f270
f294/
f59/
n1
n103/
n107/
n110
n61
f202:naigc40-fn4.snp8.5u9x
n110:B5 A9 9E
f202:36
d154:26
f270:15
d103:11
n110:10
f182:4
d148:3
n61:2
f202:36
d154:26
f270:15
d103:11
Invalid operation
f202:txt:36
Invalid operation
d212:bin:5
f154/
├── d146/
└── d212
Null
Invalid operation
f154/
├── d146/
└── d212
Invalid operation
Invalid operation
d146/
d146/
f293
Invalid operation
/f94/f280/f202
Invalid operation
Null
Invalid operation
Invalid operation
Invalid operation
Invalid operation
Invalid operation
Invalid operation
Invalid operation
Invalid operation
Invalid operation
d127
d156/
d161/
d165
d168
d191
d209
d211
d240/
d284/
d60
d63/
d71
f117/
f125
f14
f215/
f226/
f229/
f255/
f259
f280/
f38/
n106/
n116/
n21/
n40/
n72
n99/
Invalid operation
Null
Invalid operation
Invalid operation
Invalid operation
Invalid operation
Invalid operation
Invalid operation
Invalid operation
f65:41
d180:27
d228:14
Invalid operation
/
├── d160/
├── d166/
│   ├── d141/
│   ├── d148
│   ├── d181
│   ├── d202
│   ├── d208/
│   ├── d236/
│   ├── d286/
│   ├── d288
│   ├── d85
│   ├── d89/
│   ├── d91
│   ├── f111
│   ├── f141
│   ├── f155/
│   ├── f160/
│   ├── f176/
│   ├── f263/
│   ├── f36
│   ├── f73/
│   ├── f76
│   ├── n112/
│   ├── n32/
│   ├── n56/
│   └── n65/
│       ├── d213/
│       ├── d91/
│       ├── f166
│       ├── f237
│       ├── f38/
│       │   ├── d17/
│       │   ├── d189/
│       │   ├── d45
│       │   ├── d96/
│       │   │   ├── f124
│       │   │   ├── f13/
│       │   │   │   └── f212/
│       │   │   └── f212/
│       │   ├── d98/
│       │   ├── f104
│       │   ├── f164
│       │   ├── f295/
│       │   ├── f299
│       │   ├── f88
│       │   ├── n119
│       │   └── n36
│       ├── n110/
│       ├── n44
│       └── n94/
├── d180
├── d211
├── d228
├── d241/
│   ├── d131
│   └── f242/
├── d257
├── d264/
├── d276
├── d3/
├── d33
├── f0/
├── f127/
├── f133/
├── f170/
├── f177
├── f41/
├── f65
├── f69/
├── f85
├── f94/
│   ├── d127
│   ├── d156/
│   ├── d161/
│   ├── d165
│   ├── d168
│   ├── d191
│   ├── d209
│   ├── d211
│   ├── d240/
│   ├── d284/
│   ├── d60
│   ├── d63/
│   ├── d71
│   ├── f117/
│   ├── f125
│   ├── f14
│   ├── f215/
│   ├── f226/
│   │   ├── d129/
│   │   │   ├── d193
│   │   │   ├── d252
│   │   │   ├── d65
│   │   │   ├── f195
│   │   │   └── n116/
│   │   ├── d133/
│   │   │   ├── d142/
│   │   │   ├── d16/
│   │   │   │   ├── d130
│   │   │   │   ├── d138
│   │   │   │   ├── f169/
│   │   │   │   └── f191
│   │   │   ├── d175
│   │   │   ├── d99/
│   │   │   ├── f145/
│   │   │   ├── n112
│   │   │   └── n59
│   │   ├── d213
│   │   ├── d240/
│   │   ├── d256/
│   │   ├── d299/
│   │   ├── f151/
│   │   ├── f165/
│   │   ├── f186
│   │   ├── f188
│   │   ├── f232/
│   │   ├── f71
│   │   ├── f95
│   │   ├── n0
│   │   └── n87/
│   ├── f229/
│   ├── f255/
│   ├── f259
│   ├── f280/
│   │   ├── d0/
│   │   ├── d103
│   │   ├── d148
│   │   ├── d154
│   │   ├── d190/
│   │   ├── d227/
│   │   ├── d233
│   │   ├── d272/
│   │   ├── d288/
│   │   ├── d299/
│   │   ├── d30/
│   │   ├── f102/
│   │   ├── f154/
│   │   │   ├── d146/
│   │   │   └── f293
│   │   ├── f171/
│   │   │   ├── d52
│   │   │   └── f231
│   │   ├── f182
│   │   ├── f202
│   │   ├── f270
│   │   ├── f293/
│   │   ├── f294/
│   │   ├── f59/
│   │   ├── n1
│   │   ├── n101
│   │   ├── n103/
│   │   ├── n107/
│   │   │   ├── d145/
│   │   │   ├── d163/
│   │   │   ├── d196
│   │   │   ├── d283/
│   │   │   ├── d294/
│   │   │   │   ├── d53/
│   │   │   │   └── f205/
│   │   │   ├── d3
│   │   │   ├── d5
│   │   │   ├── d59
│   │   │   ├── f116
│   │   │   ├── f157
│   │   │   ├── f181/
│   │   │   ├── f221/
│   │   │   ├── f223
│   │   │   ├── f5/
│   │   │   │   ├── d144
│   │   │   │   ├── d160/
│   │   │   │   │   ├── d121
│   │   │   │   │   ├── d23
│   │   │   │   │   ├── d239
│   │   │   │   │   ├── d282/
│   │   │   │   │   ├── d82/
│   │   │   │   │   ├── f5/
│   │   │   │   │   ├── f65/
│   │   │   │   │   └── n47/
│   │   │   │   ├── d80
│   │   │   │   ├── f177/
│   │   │   │   ├── f181/
│   │   │   │   ├── f219
│   │   │   │   ├── f258/
│   │   │   │   └── f29
│   │   │   ├── f57
│   │   │   ├── f8
│   │   │   ├── n71
│   │   │   └── n90/
│   │   └── n61
│   ├── f38/
│   ├── n106/
│   ├── n116/
│   │   ├── d123/
│   │   ├── f200
│   │   └── n100
│   ├── n21/
│   ├── n40/
│   ├── n72
│   └── n99/
├── n65
└── n85/
Invalid operation
d160/
d166/
d180
d211
d228
d241/
d257
d264/
d276
d3/
d33
f0/
f127/
f133/
f170/
f177
f41/
f65
f69/
f85
f94/
n65
n85/
f65:41
d180:27
d228:14
d257:12
f177:12
f85:7
d276:3
n65:3
Invalid operation
d160/
d166/
d180
d228
d241/
d257
d264/
d276
d3/
d33
f0/
f127/
f133/
f149
f170/
f177
f232/
f41/
f65
f69/
f85
f94/
n65
n85/
Invalid operation
d160/
d166/
d180
d228
d241/
d257
d264/
d276
d3/
d33
f0/
f127/
f133/
f149
f170/
f174/
f177
f232/
f41/
f65
f69/
f85
f94/
n65
n85/
Invalid operation
f65:41
d180:27
d228:14
d257:12
f177:12
f85:7
d276:3
Invalid operation
Invalid operation
f65:41
d180:27
d228:14
d257:12
f177:12
f85:7
d276:3
n65:3
Invalid operation
Invalid operation
Invalid operation
Invalid operation
Invalid operation
Invalid operation
Invalid operation
Invalid operation
Null
f32:6A F2 AC 18
f32:F2
Invalid operation
Invalid operation
Invalid operation
Invalid operation
Invalid operation
Invalid operation
Invalid operation
f32:45 A6 EF 6A F2
Invalid operation
f65:41
d180:27
d228:14
d257:12
Null
Invalid operation
Invalid operation
Invalid operation
Invalid operation
Invalid operation
d130
d160/
d166/
d180
d228
d241/
d257
d264/
d272
d276
d3/
d33
f0/
f127/
f170/
f174/
f177
f232/
f291/
f32
f41/
f65
f69/
f85
f94/
n65
n85/
d130
d160/
d166/
d180
d228
d241/
d257
d264/
d272
d276
d3/
d33
f0/
f127/
f170/
f174/
f177
f232/
f291/
f32
f41/
f65
f69/
f85
f94/
n65
n85/
Invalid operation
Invalid operation
Invalid operation
/
├── d117
├── d130
├── d160/
│   ├── d113
│   ├── f11
│   └── f209
├── d166/
│   ├── d141/
│   ├── d148
│   ├── d181
│   ├── d202
│   ├── d208/
│   ├── d236/
│   ├── d286/
│   ├── d288
│   ├── d85
│   ├── d89/
│   ├── d91
│   ├── f111
│   ├── f141
│   ├── f155/
│   ├── f160/
│   ├── f176/
│   ├── f263/
│   ├── f36
│   ├── f73/
│   ├── f76
│   ├── n112/
│   ├── n32/
│   ├── n56/
│   └── n65/
│       ├── d213/
│       ├── d91/
│       ├── f166
│       ├── f237
│       ├── f38/
│       │   ├── d17/
│       │   ├── d189/
│       │   ├── d45
│       │   ├── d96/
│       │   │   ├── f124
│       │   │   ├── f13/
│       │   │   │   └── f212/
│       │   │   └── f212/
│       │   ├── d98/
│       │   ├── f104
│       │   ├── f164
│       │   ├── f295/
│       │   ├── f299
│       │   ├── f88
│       │   ├── n119
│       │   └── n36
│       ├── n110/
│       ├── n44
│       └── n94/
├── d180
├── d228
├── d241/
│   ├── d131
│   └── f242/
├── d257
├── d264/
├── d272
├── d276
├── d3/
├── d33
├── f0/
├── f127/
├── f170/
├── f174/
├── f177
├── f232/
├── f291/
├── f32
├── f41/
├── f65
├── f69/
├── f85
├── f94/
│   ├── d127
│   ├── d156/
│   ├── d161/
│   ├── d165
│   ├── d168
│   ├── d191
│   ├── d209
│   ├── d211
│   ├── d240/
│   ├── d284/
│   ├── d60
│   ├── d63/
│   ├── d71
│   ├── f117/
│   ├── f125
│   ├── f14
│   ├── f215/
│   ├── f226/
│   │   ├── d129/
│   │   │   ├── d193
│   │   │   ├── d252
│   │   │   ├── d65
│   │   │   ├── f195
│   │   │   └── n116/
│   │   ├── d133/
│   │   │   ├── d142/
│   │   │   ├── d16/
│   │   │   │   ├── d130
│   │   │   │   ├── d138
│   │   │   │   ├── f169/
│   │   │   │   └── f191
│   │   │   ├── d175
│   │   │   ├── d99/
│   │   │   ├── f145/
│   │   │   ├── n112
│   │   │   └── n59
│   │   ├── d213
│   │   ├── d240/
│   │   ├── d256/
│   │   ├── d299/
│   │   ├── f151/
│   │   ├── f165/
│   │   ├── f186
│   │   ├── f188
│   │   ├── f232/
│   │   ├── f71
│   │   ├── f95
│   │   ├── n0
│   │   └── n87/
│   ├── f229/
│   ├── f255/
│   ├── f259
│   ├── f280/
│   │   ├── d0/
│   │   ├── d103
│   │   ├── d148
│   │   ├── d154
│   │   ├── d190/
│   │   ├── d227/
│   │   ├── d233
│   │   ├── d272/
│   │   ├── d288/
│   │   ├── d299/
│   │   ├── d30/
│   │   ├── f102/
│   │   ├── f154/
│   │   │   ├── d146/
│   │   │   └── f293
│   │   ├── f171/
│   │   │   ├── d52
│   │   │   └── f231
│   │   ├── f182
│   │   ├── f202
│   │   ├── f270
│   │   ├── f293/
│   │   ├── f294/
│   │   ├── f59/
│   │   ├── n1
│   │   ├── n101
│   │   ├── n103/
│   │   ├── n107/
│   │   │   ├── d145/
│   │   │   ├── d163/
│   │   │   ├── d196
│   │   │   ├── d283/
│   │   │   ├── d294/
│   │   │   │   ├── d53/
│   │   │   │   └── f205/
│   │   │   ├── d3
│   │   │   ├── d5
│   │   │   ├── d59
│   │   │   ├── f116
│   │   │   ├── f157
│   │   │   ├── f181/
│   │   │   ├── f221/
│   │   │   ├── f223
│   │   │   ├── f5/
│   │   │   │   ├── d144
│   │   │   │   ├── d160/
│   │   │   │   │   ├── d121
│   │   │   │   │   ├── d23
│   │   │   │   │   ├── d239
│   │   │   │   │   ├── d282/
│   │   │   │   │   ├── d82/
│   │   │   │   │   ├── f5/
│   │   │   │   │   ├── f65/
│   │   │   │   │   └── n47/
│   │   │   │   ├── d80
│   │   │   │   ├── f177/
│   │   │   │   ├── f181/
│   │   │   │   ├── f219
│   │   │   │   ├── f258/
│   │   │   │   └── f29
│   │   │   ├── f57
│   │   │   ├── f8
│   │   │   ├── n71
│   │   │   └── n90/
│   │   └── n61
│   ├── f38/
│   ├── n106/
│   ├── n116/
│   │   ├── d123/
│   │   ├── f200
│   │   └── n100
│   ├── n21/
│   ├── n40/
│   ├── n72
│   └── n99/
├── n65
└── n85/
Invalid operation
/
├── d117
├── d130
├── d160/
│   ├── d113
│   ├── f11
│   └── f209
├── d166/
│   ├── d141/
│   ├── d148
│   ├── d181
│   ├── d202
│   ├── d208/
│   ├── d236/
│   ├── d286/
│   ├── d288
│   ├── d85
│   ├── d89/
│   ├── d91
│   ├── f111
│   ├── f141
│   ├── f155/
│   ├── f160/
│   ├── f176/
│   ├── f263/
│   ├── f36
│   ├── f73/
│   ├── f76
│   ├── n112/
│   ├── n32/
│   ├── n56/
│   └── n65/
│       ├── d213/
│       ├── d91/
│       ├── f166
│       ├── f237
│       ├── f38/
│       │   ├── d17/
│       │   ├── d189/
│       │   ├── d45
│       │   ├── d96/
│       │   │   ├── f124
│       │   │   ├── f13/
│       │   │   │   └── f212/
│       │   │   └── f212/
│       │   ├── d98/
│       │   ├── f104
│       │   ├── f164
│       │   ├── f295/
│       │   ├── f299
│       │   ├── f88
│       │   ├── n119
│       │   └── n36
│       ├── n110/
│       ├── n44
│       └── n94/
├── d180
├── d228
├── d241/
│   ├── d131
│   └── f242/
├── d257
├── d264/
├── d272
├── d276
├── d3/
├── d33
├── f0/
├── f127/
├── f170/
├── f174/
├── f177
├── f232/
├── f291/
├── f32
├── f41/
├── f65
├── f69/
├── f85
├── f94/
│   ├── d127
│   ├── d156/
│   ├── d161/
│   ├── d165
│   ├── d168
│   ├── d191
│   ├── d209
│   ├── d211
│   ├── d240/
│   ├── d284/
│   ├── d60
│   ├── d63/
│   ├── d71
│   ├── f117/
│   ├── f125
│   ├── f14
│   ├── f215/
│   ├── f226/
│   │   ├── d129/
│   │   │   ├── d193
│   │   │   ├── d252
│   │   │   ├── d65
│   │   │   ├── f195
│   │   │   └── n116/
│   │   ├── d133/
│   │   │   ├── d142/
│   │   │   ├── d16/
│   │   │   │   ├── d130
│   │   │   │   ├── d138
│   │   │   │   ├── f169/
│   │   │   │   └── f191
│   │   │   ├── d175
│   │   │   ├── d99/
│   │   │   ├── f145/
│   │   │   ├── n112
│   │   │   └── n59
│   │   ├── d213
│   │   ├── d240/
│   │   ├── d256/
│   │   ├── d299/
│   │   ├── f151/
│   │   ├── f165/
│   │   ├── f186
│   │   ├── f188
│   │   ├── f232/
│   │   ├── f71
│   │   ├── f95
│   │   ├── n0
│   │   └── n87/
│   ├── f229/
│   ├── f255/
│   ├── f259
│   ├── f280/
│   │   ├── d0/
│   │   ├── d103
│   │   ├── d148
│   │   ├── d154
│   │   ├── d190/
│   │   ├── d227/
│   │   ├── d233
│   │   ├── d272/
│   │   ├── d288/
│   │   ├── d299/
│   │   ├── d30/
│   │   ├── f102/
│   │   ├── f154/
│   │   │   ├── d146/
│   │   │   └── f293
│   │   ├── f171/
│   │   │   ├── d52
│   │   │   └── f231
│   │   ├── f182
│   │   ├── f202
│   │   ├── f270
│   │   ├── f293/
│   │   ├── f294/
│   │   ├── f59/
│   │   ├── n1
│   │   ├── n101
│   │   ├── n103/
│   │   ├── n107/
│   │   │   ├── d145/
│   │   │   ├── d163/
│   │   │   ├── d196
│   │   │   ├── d283/
│   │   │   ├── d294/
│   │   │   │   ├── d53/
│   │   │   │   └── f205/
│   │   │   ├── d3
│   │   │   ├── d5
│   │   │   ├── d59
│   │   │   ├── f116
│   │   │   ├── f157
│   │   │   ├── f181/
│   │   │   ├── f221/
│   │   │   ├── f223
│   │   │   ├── f5/
│   │   │   │   ├── d144
│   │   │   │   ├── d160/
│   │   │   │   │   ├── d121
│   │   │   │   │   ├── d23
│   │   │   │   │   ├── d239
│   │   │   │   │   ├── d282/
│   │   │   │   │   ├── d82/
│   │   │   │   │   ├── f5/
│   │   │   │   │   ├── f65/
│   │   │   │   │   └── n47/
│   │   │   │   ├── d80
│   │   │   │   ├── f177/
│   │   │   │   ├── f181/
│   │   │   │   ├── f219
│   │   │   │   ├── f258/
│   │   │   │   └── f29
│   │   │   ├── f57
│   │   │   ├── f8
│   │   │   ├── n71
│   │   │   └── n90/
│   │   └── n61
│   ├── f38/
│   ├── n106/
│   ├── n116/
│   │   ├── d123/
│   │   ├── f200
│   │   └── n100
│   ├── n21/
│   ├── n40/
│   ├── n72
│   └── n99/
├── n65
└── n85/
Invalid operation
Invalid operation
Invalid operation
Null
Invalid operation
Invalid operation
Null
Invalid operation
d130
d160/
d166/
d180
d228
d241/
d257
d264/
d272
d276
d3/
d33
f0/
f127/
f170/
f174/
f177
f232/
f291/
f32
f41/
f65
f69/
f85
f94/
n65
n85/
d130
d160/
d166/
d180
d228
d241/
d257
d264/
d272
d276
d3/
d33
f0/
f127/
f170/
f174/
f177
f232/
f291/
f32
f41/
f65
f69/
f85
f94/
n65
n85/
Invalid operation
Invalid operation
Invalid operation
Invalid operation
d130
d160/
d166/
d180
d228
d241/
d257
d264/
d272
d276
d3/
d33
f0/
f127/
f156/
f170/
f174/
f177
f232/
f291/
f32
f41/
f65
f69/
f85
f94/
n65
n85/
Invalid operation
d130
d160/
d166/
d180
d228
d241/
d257
d264/
d272
d276
d3/
d33
f0/
f127/
f156/
f170/
f174/
f177
f232/
f291/
f32
f41/
f65
f69/
f85
f94/
n65
n85/
Invalid operation
Invalid operation
Invalid operation
Invalid operation
d126/
d130
d160/
d166/
d180
d195/
d228
d241/
d257
d264/
d272
d276
d3/
d33
f0/
f127/
f156/
f162
f170/
f174/
f177
f232/
f291/
f32
f41/
f65
f69/
f85
f94/
n65
n85/
Invalid operation
Invalid operation
d126/
d130
d160/
d166/
d180
d195/
d228
d241/
d257
d264/
d272
d276
d3/
d33
f0/
f127/
f156/
f162
f170/
f174/
f177
f232/
f291/
f32
f41/
f65
f69/
f85
f94/
n65
n85/
Invalid operation
Invalid operation
Invalid operation
Invalid operation
/
├── d126/
├── d130
├── d160/
│   ├── d113
│   ├── f11
│   └── f209
├── d166/
│   ├── d141/
│   ├── d148
│   ├── d181
│   ├── d202
│   ├── d208/
│   ├── d236/
│   ├── d286/
│   ├── d288
│   ├── d85
│   ├── d89/
│   ├── d91
│   ├── f111
│   ├── f141
│   ├── f155/
│   ├── f160/
│   ├── f176/
│   ├── f263/
│   ├── f36
│   ├── f73/
│   ├── f76
│   ├── n112/
│   ├── n32/
│   ├── n56/
│   └── n65/
│       ├── d213/
│       ├── d91/
│       ├── f166
│       ├── f237
│       ├── f38/
│       │   ├── d17/
│       │   ├── d189/
│       │   ├── d45
│       │   ├── d96/
│       │   │   ├── f124
│       │   │   ├── f13/
│       │   │   │   └── f212/
│       │   │   └── f212/
│       │   ├── d98/
│       │   ├── f104
│       │   ├── f164
│       │   ├── f295/
│       │   ├── f299
│       │   ├── f88
│       │   ├── n119
│       │   └── n36
│       ├── n110/
│       ├── n44
│       └── n94/
├── d180
├── d195/
├── d228
├── d241/
│   ├── d131
│   └── f242/
├── d257
├── d264/
├── d272
├── d276
├── d3/
├── d33
├── f0/
├── f127/
├── f156/
├── f170/
├── f174/
├── f177
├── f232/
├── f291/
├── f32
├── f41/
├── f65
├── f69/
├── f85
├── f94/
│   ├── d127
│   ├── d156/
│   ├── d161/
│   ├── d165
│   ├── d168
│   ├── d191
│   ├── d209
│   ├── d211
│   ├── d240/
│   ├── d284/
│   ├── d60
│   ├── d63/
│   ├── d71
│   ├── f117/
│   ├── f125
│   ├── f14
│   ├── f215/
│   ├── f226/
│   │   ├── d129/
│   │   │   ├── d193
│   │   │   ├── d252
│   │   │   ├── d65
│   │   │   ├── f195
│   │   │   └── n116/
│   │   ├── d133/
│   │   │   ├── d142/
│   │   │   ├── d16/
│   │   │   │   ├── d130
│   │   │   │   ├── d138
│   │   │   │   ├── f169/
│   │   │   │   └── f191
│   │   │   ├── d175
│   │   │   ├── d99/
│   │   │   ├── f145/
│   │   │   ├── n112
│   │   │   └── n59
│   │   ├── d213
│   │   ├── d240/
│   │   ├── d256/
│   │   ├── d299/
│   │   ├── f151/
│   │   ├── f165/
│   │   ├── f186
│   │   ├── f188
│   │   ├── f232/
│   │   ├── f71
│   │   ├── f95
│   │   ├── n0
│   │   └── n87/
│   ├── f229/
│   ├── f255/
│   ├── f259
│   ├── f280/
│   │   ├── d0/
│   │   ├── d103
│   │   ├── d148
│   │   ├── d154
│   │   ├── d190/
│   │   ├── d227/
│   │   ├── d233
│   │   ├── d272/
│   │   ├── d288/
│   │   ├── d299/
│   │   ├── d30/
│   │   ├── f102/
│   │   ├── f154/
│   │   │   ├── d146/
│   │   │   └── f293
│   │   ├── f171/
│   │   │   ├── d52
│   │   │   └── f231
│   │   ├── f182
│   │   ├── f202
│   │   ├── f270
│   │   ├── f293/
│   │   ├── f294/
│   │   ├── f59/
│   │   ├── n1
│   │   ├── n101
│   │   ├── n103/
│   │   ├── n107/
│   │   │   ├── d145/
│   │   │   ├── d163/
│   │   │   ├── d196
│   │   │   ├── d283/
│   │   │   ├── d294/
│   │   │   │   ├── d53/
│   │   │   │   └── f205/
│   │   │   ├── d3
│   │   │   ├── d5
│   │   │   ├── d59
│   │   │   ├── f116
│   │   │   ├── f157
│   │   │   ├── f181/
│   │   │   ├── f221/
│   │   │   ├── f223
│   │   │   ├── f5/
│   │   │   │   ├── d144
│   │   │   │   ├── d160/
│   │   │   │   │   ├── d121
│   │   │   │   │   ├── d23
│   │   │   │   │   ├── d239
│   │   │   │   │   ├── d282/
│   │   │   │   │   ├── d82/
│   │   │   │   │   ├── f5/
│   │   │   │   │   ├── f65/
│   │   │   │   │   └── n47/
│   │   │   │   ├── d80
│   │   │   │   ├── f177/
│   │   │   │   ├── f181/
│   │   │   │   ├── f219
│   │   │   │   ├── f258/
│   │   │   │   └── f29
│   │   │   ├── f57
│   │   │   ├── f8
│   │   │   ├── n71
│   │   │   └── n90/
│   │   └── n61
│   ├── f38/
│   ├── n106/
│   ├── n116/
│   │   ├── d123/
│   │   ├── f200
│   │   └── n100
│   ├── n21/
│   ├── n40/
│   ├── n72
│   └── n99/
├── n42
├── n65
└── n85/
n42:r
d126:dir:0
Invalid operation
d126/
d130
d160/
d166/
d180
d183/
d195/
d228
d241/
d257
d264/
d272
d276
d3/
d33
f0/
f127/
f156/
f170/
f174/
f177
f232/
f291/
f32
f41/
f65
f69/
f85
f94/
n65
n85/
Invalid operation
Invalid operation
Invalid operation
Invalid operation
Null
Invalid operation
Invalid operation
Invalid operation
Invalid operation
Invalid operation
/
├── d126/
├── d130
├── d160/
│   ├── d113
│   ├── f11
│   └── f209
├── d166/
│   ├── d141/
│   ├── d148
│   ├── d181
│   ├── d202
│   ├── d208/
│   ├── d236/
│   ├── d286/
│   ├── d288
│   ├── d85
│   ├── d89/
│   ├── d91
│   ├── f111
│   ├── f141
│   ├── f155/
│   ├── f160/
│   ├── f176/
│   ├── f263/
│   ├── f36
│   ├── f73/
│   ├── f76
│   ├── n112/
│   ├── n32/
│   ├── n56/
│   └── n65/
│       ├── d213/
│       ├── d91/
│       ├── f166
│       ├── f237
│       ├── f38/
│       │   ├── d17/
│       │   ├── d189/
│       │   ├── d45
│       │   ├── d96/
│       │   │   ├── f124
│       │   │   ├── f13/
│       │   │   │   └── f212/
│       │   │   └── f212/
│       │   ├── d98/
│       │   ├── f104
│       │   ├── f164
│       │   ├── f295/
│       │   ├── f299
│       │   ├── f88
│       │   ├── n119
│       │   └── n36
│       ├── n110/
│       ├── n44
│       └── n94/
├── d180
├── d183/
├── d195/
├── d228
├── d241/
│   ├── d131
│   └── f242/
├── d257
├── d258/
├── d264/
├── d272
├── d276
├── d3/
├── d33
├── f0/
├── f127/
├── f152
├── f156/
├── f170/
├── f174/
├── f177
├── f232/
├── f291/
├── f32
├── f41/
├── f65
├── f69/
├── f85
├── f94/
│   ├── d127
│   ├── d156/
│   ├── d161/
│   ├── d165
│   ├── d168
│   ├── d191
│   ├── d209
│   ├── d211
│   ├── d240/
│   ├── d284/
│   ├── d60
│   ├── d63/
│   ├── d71
│   ├── f117/
│   ├── f125
│   ├── f14
│   ├── f215/
│   ├── f226/
│   │   ├── d129/
│   │   │   ├── d193
│   │   │   ├── d252
│   │   │   ├── d65
│   │   │   ├── f195
│   │   │   └── n116/
│   │   ├── d133/
│   │   │   ├── d142/
│   │   │   ├── d16/
│   │   │   │   ├── d130
│   │   │   │   ├── d138
│   │   │   │   ├── f169/
│   │   │   │   └── f191
│   │   │   ├── d175
│   │   │   ├── d99/
│   │   │   ├── f145/
│   │   │   ├── n112
│   │   │   └── n59
│   │   ├── d213
│   │   ├── d240/
│   │   ├── d256/
│   │   ├── d299/
│   │   ├── f151/
│   │   ├── f165/
│   │   ├── f186
│   │   ├── f188
│   │   ├── f232/
│   │   ├── f71
│   │   ├── f95
│   │   ├── n0
│   │   └── n87/
│   ├── f229/
│   ├── f255/
│   ├── f259
│   ├── f280/
│   │   ├── d0/
│   │   ├── d103
│   │   ├── d148
│   │   ├── d154
│   │   ├── d190/
│   │   ├── d227/
│   │   ├── d233
│   │   ├── d272/
│   │   ├── d288/
│   │   ├── d299/
│   │   ├── d30/
│   │   ├── f102/
│   │   ├── f154/
│   │   │   ├── d146/
│   │   │   └── f293
│   │   ├── f171/
│   │   │   ├── d52
│   │   │   └── f231
│   │   ├── f182
│   │   ├── f202
│   │   ├── f270
│   │   ├── f293/
│   │   ├── f294/
│   │   ├── f59/
│   │   ├── n1
│   │   ├── n101
│   │   ├── n103/
│   │   ├── n107/
│   │   │   ├── d145/
│   │   │   ├── d163/
│   │   │   ├── d196
│   │   │   ├── d283/
│   │   │   ├── d294/
│   │   │   │   ├── d53/
│   │   │   │   └── f205/
│   │   │   ├── d3
│   │   │   ├── d5
│   │   │   ├── d59
│   │   │   ├── f116
│   │   │   ├── f157
│   │   │   ├── f181/
│   │   │   ├── f221/
│   │   │   ├── f223
│   │   │   ├── f5/
│   │   │   │   ├── d144
│   │   │   │   ├── d160/
│   │   │   │   │   ├── d121
│   │   │   │   │   ├── d23
│   │   │   │   │   ├── d239
│   │   │   │   │   ├── d282/
│   │   │   │   │   ├── d82/
│   │   │   │   │   ├── f5/
│   │   │   │   │   ├── f65/
│   │   │   │   │   └── n47/
│   │   │   │   ├── d80
│   │   │   │   ├── f177/
│   │   │   │   ├── f181/
│   │   │   │   ├── f219
│   │   │   │   ├── f258/
│   │   │   │   └── f29
│   │   │   ├── f57
│   │   │   ├── f8
│   │   │   ├── n71
│   │   │   └── n90/
│   │   └── n61
│   ├── f38/
│   ├── n106/
│   ├── n116/
│   │   ├── d123/
│   │   ├── f200
│   │   └── n100
│   ├── n21/
│   ├── n40/
│   ├── n72
│   └── n99/
├── n65
└── n85/
Invalid operation
Null
f128
Invalid operation
Null
f128
f128
Invalid operation
Invalid operation
Null
Invalid operation
Invalid operation
Invalid operation
Invalid operation
Invalid operation
Invalid operation
Invalid operation
Invalid operation
/
├── d126/
├── d130
├── d160/
│   ├── d113
│   ├── d233/
│   ├── f11
│   └── f209
├── d166/
│   ├── d141/
│   ├── d148
│   ├── d181
│   ├── d202
│   ├── d208/
│   ├── d236/
│   ├── d286/
│   ├── d288
│   ├── d85
│   ├── d89/
│   ├── d91
│   ├── f111
│   ├── f141
│   ├── f155/
│   ├── f160/
│   ├── f176/
│   ├── f263/
│   ├── f36
│   ├── f73/
│   ├── f76
│   ├── n112/
│   ├── n32/
│   ├── n56/
│   └── n65/
│       ├── d213/
│       ├── d91/
│       ├── f166
│       ├── f237
│       ├── f38/
│       │   ├── d17/
│       │   ├── d189/
│       │   ├── d45
│       │   ├── d96/
│       │   │   ├── f124
│       │   │   ├── f13/
│       │   │   │   └── f212/
│       │   │   └── f212/
│       │   ├── d98/
│       │   ├── f104
│       │   ├── f164
│       │   ├── f295/
│       │   ├── f299
│       │   ├── f88
│       │   ├── n119
│       │   └── n36
│       ├── n110/
│       ├── n44
│       └── n94/
├── d170
├── d180
├── d183/
├── d228
├── d241/
│   ├── d131
│   └── f242/
├── d257
├── d264/
├── d272
├── d276
├── d3/
├── d33
├── d82/
├── f0/
├── f127/
├── f156/
├── f170/
├── f174/
├── f177
├── f232/
├── f291/
├── f32
├── f41/
├── f65
├── f69/
├── f85
├── f94/
│   ├── d127
│   ├── d156/
│   ├── d161/
│   ├── d165
│   ├── d168
│   ├── d191
│   ├── d209
│   ├── d211
│   ├── d240/
│   ├── d284/
│   ├── d60
│   ├── d63/
│   ├── d71
│   ├── f117/
│   ├── f125
│   ├── f14
│   ├── f215/
│   ├── f226/
│   │   ├── d129/
│   │   │   ├── d193
│   │   │   ├── d252
│   │   │   ├── d65
│   │   │   ├── f195
│   │   │   └── n116/
│   │   ├── d133/
│   │   │   ├── d142/
│   │   │   ├── d16/
│   │   │   │   ├── d130
│   │   │   │   ├── d138
│   │   │   │   ├── f169/
│   │   │   │   └── f191
│   │   │   ├── d175
│   │   │   ├── d99/
│   │   │   ├── f145/
│   │   │   ├── n112
│   │   │   └── n59
│   │   ├── d213
│   │   ├── d240/
│   │   ├── d256/
│   │   ├── d299/
│   │   ├── f151/
│   │   ├── f165/
│   │   ├── f186
│   │   ├── f188
│   │   ├── f232/
│   │   ├── f71
│   │   ├── f95
│   │   ├── n0
│   │   └── n87/
│   ├── f229/
│   ├── f255/
│   ├── f259
│   ├── f280/
│   │   ├── d0/
│   │   ├── d103
│   │   ├── d148
│   │   ├── d154
│   │   ├── d190/
│   │   ├── d227/
│   │   ├── d233
│   │   ├── d272/
│   │   ├── d288/
│   │   ├── d299/
│   │   ├── d30/
│   │   ├── f102/
│   │   ├── f154/
│   │   │   ├── d146/
│   │   │   └── f293
│   │   ├── f171/
│   │   │   ├── d52
│   │   │   └── f231
│   │   ├── f182
│   │   ├── f202
│   │   ├── f270
│   │   ├── f293/
│   │   ├── f294/
│   │   ├── f59/
│   │   ├── n1
│   │   ├── n101
│   │   ├── n103/
│   │   ├── n107/
│   │   │   ├── d145/
│   │   │   ├── d163/
│   │   │   ├── d196
│   │   │   ├── d283/
│   │   │   ├── d294/
│   │   │   │   ├── d53/
│   │   │   │   └── f205/
│   │   │   ├── d3
│   │   │   ├── d5
│   │   │   ├── d59
│   │   │   ├── f116
│   │   │   ├── f157
│   │   │   ├── f181/
│   │   │   ├── f221/
│   │   │   ├── f223
│   │   │   ├── f5/
│   │   │   │   ├── d144
│   │   │   │   ├── d160/
│   │   │   │   │   ├── d121
│   │   │   │   │   ├── d23
│   │   │   │   │   ├── d239
│   │   │   │   │   ├── d282/
│   │   │   │   │   ├── d82/
│   │   │   │   │   ├── f5/
│   │   │   │   │   ├── f65/
│   │   │   │   │   └── n47/
│   │   │   │   ├── d80
│   │   │   │   ├── f177/
│   │   │   │   ├── f181/
│   │   │   │   ├── f219
│   │   │   │   ├── f258/
│   │   │   │   └── f29
│   │   │   ├── f57
│   │   │   ├── f8
│   │   │   ├── n71
│   │   │   └── n90/
│   │   └── n61
│   ├── f38/
│   ├── n106/
│   ├── n116/
│   │   ├── d123/
│   │   ├── f200
│   │   └── n100
│   ├── n21/
│   ├── n40/
│   ├── n72
│   └── n99/
├── n65
└── n85/
Invalid operation
Invalid operation
Invalid operation
Invalid operation
Null
Invalid operation
d126/
d130
d160/
d163
d166/
d170
d180
d183/
d228
d241/
d257
d264/
d272
d276
d3/
d33
d82/
f0/
f127/
f156/
f170/
f174/
f177
f232/
f291/
f32
f41/
f62
f65
f69/
f85
f94/
n65
n85/
Invalid operation
Invalid operation
Invalid operation
d126/
d130
d160/
d166/
d170
d180
d183/
d228
d241/
d257
d264/
d272
d276
d3/
d33
d82/
f0/
f127/
f156/
f159/
f170/
f174/
f177
f232/
f291/
f32
f41/
f65
f69/
f85
f94/
n65
n85/
d126/
d160/
d166/
d170
d180
d183/
d228
d241/
d257
d264/
d272
d276
d3/
d33
d82/
f0/
f127/
f156/
f159/
f170/
f174/
f177
f232/
f291/
f32
f41/
f65
f69/
f85
f94/
n65
n85/
Invalid operation
Null
Invalid operation
d126/
d160/
d166/
d170
d180
d183/
d228
d241/
d257
d264/
d272
d276
d3/
d33
d82/
d88
f0/
f127/
f156/
f159/
f170/
f174/
f177
f232/
f291/
f32
f41/
f65
f69/
f85
f94/
n65
n85/
Invalid operation
f65:41
d180:27
d170:15
d228:14
d88:13
d257:12
f177:12
f32:7
Invalid operation
Invalid operation
Invalid operation
Invalid operation
Invalid operation
Invalid operation
Invalid operation
Invalid operation
Invalid operation
f32:6A F2 54
d144/
d233/
d79
d82/
f11
f209
f275
f58/
n77
f32:54 3B
Null
Invalid operation
Invalid operation
Invalid operation
Invalid operation
f65:41
d180:27
d126/
d160/
d166/
d170
d180
d183/
d228
d241/
d257
d264/
d272
d276
d3/
d33
d82/
d88
f0/
f127/
f156/
f159/
f170/
f174/
f177
f232/
f291/
f32
f41/
f65
f69/
f85
f94/
n65
n85/
Invalid operation
f65:41
d180:27
d170:15
d228:14
d88:13
Invalid operation
Invalid operation
Null
Invalid operation
Invalid operation
Null
Invalid operation
Null
Invalid operation
Invalid operation
d126/
d160/
d166/
d170
d180
d183/
d228
d241/
d257
d264/
d272
d276
d3/
d33
d82/
d88
f0/
f127/
f156/
f159/
f170/
f174/
f177
f232/
f291/
f32
f41/
f65
f69/
f85
f94/
n65
n85/
Null
f11:15
n77:11
f275:5
f209:2
d79:0
Invalid operation
Invalid operation
d160/
├── d144/
├── d233/
├── d79
├── d82/
│   └── n49/
├── f11
├── f187/
├── f209
├── f275
├── f58/
└── n77
Invalid operation
f11:15
n77:11
f275:5
f209:2
d79:0
n49/
Invalid operation
Null
Invalid operation
Invalid operation
Null
Invalid operation
Invalid operation
Invalid operation
Invalid operation
Invalid operation
Invalid operation
Null
Invalid operation
Invalid operation
f11:15
Invalid operation
Invalid operation
d144/
d233/
d79
d82/
f11
f128/
f209
f275
f58/
n77
Invalid operation
Invalid operation
Invalid operation
Null
Invalid operation
d179
f13/
f152
n49/
f152:txt:1
Invalid operation
f152:txt:1
f152:x
Invalid operation
d179
f13/
n49/
d179
f13/
n49/
d179
f13/
n49/
d179:6
f152:1
d179
f13/
f57
n49/
d82/
├── d179
├── f13/
├── f57
└── n49/
d82/
├── d179
├── f13/
├── f57
└── n49/
Invalid operation
Invalid operation
d278/
Invalid operation
Null
Invalid operation
Invalid operation
Invalid operation
Null
f99:mz0ixrj1.4bnfls
Invalid operation
Invalid operation
f99
d278/
└── n24/
    ├── d81
    └── f99
Invalid operation
Invalid operation
Invalid operation
Invalid operation
d81
f162
f99
f283:16
Invalid operation
Invalid operation
Invalid operation
Invalid operation
d178:18
d179:6
d171:0
/d160/d82/d178
d178:paj49b1o_daj4fwr6
d178:paj49b1o_daj4fwr6
d278:dir:0
d178:paj49b1o_daj4fwr67n6_8bfnh.6p7m_oktw-0
d171
d178
d179
d278/
f13/
f249
f49
f57
f82
n49/
Null
Invalid operation
d146/
d190
f273
f4
n24/
Invalid operation
Invalid operation
Invalid operation
d146/
d190
f273
f4
n24/
f4:8
d190:6
f273:5
Invalid operation
Invalid operation
d146/
d190
f273
f4
n24/
Null
Null
Invalid operation
Invalid operation
Invalid operation
d171:B4 4C 4D E1 CE B7 EC
/d160/d82/d178
d178:paj49b1o_daj4fwr67n6_8bfnh.6p7m_oktw-0
d171:CE B7 EC
/d160/d82/d178
d178:paj49b1o_daj4fwr67n6_8bfnh.6p7m_oktw-0
/d160/d82/d178
d171
d178
d179
d278/
f13/
f249
f49
f57
f82
n49/
d171
d178
d179
d278/
f102
f13/
f249
f25
f33/
f49
f57
f82
n49/
Invalid operation
Invalid operation
d171:54 C7 7E
d171:4D E1 3C C6 99 8C 54 C7 7E
d82/
├── d171
├── d178
├── d179
├── d278/
│   └── d146/
├── f102
├── f13/
├── f249
├── f25
├── f33/
├── f49
├── f57
├── f82
├── n2
├── n49/
└── n62/
Invalid operation
d178:61
f25:17
d171:E1 3C C6 99 8C
d178:paj49b1o_daj4fwr67n6_8bfnh.6p7m_oktw-0juviauzp.gipx7_durm0bjm
d178
d179
d278/
f102
f13/
f249
f25
f33/
f49
f57
f82
n12
n2
n49/
n62/
d178:61
/d160/d82/d178
f102:53 F6
d278:dir:0
Invalid operation
/d160/d82/d178
d178
d179
f102
f13/
f249
f25
f33/
f49
f57
f82
n2
n49/
n62/
d178
d179
f102
f13/
f249
f25
f33/
f49
f57
f82
n2
n49/
n62/
Invalid operation
Invalid operation
Invalid operation
Invalid operation
Invalid operation
Invalid operation
Null
d160:dir:0
Invalid operation
Invalid operation
d160/
├── d135
├── d144/
├── d233/
├── d79
├── d82/
│   ├── d11
│   ├── d178
│   ├── d179
│   ├── f102
│   ├── f13/
│   ├── f249
│   ├── f25
│   ├── f33/
│   ├── f49
│   ├── f57
│   ├── f82
│   ├── n2
│   ├── n49/
│   └── n62/
├── d92/
├── f11
├── f128/
├── f209
├── f275
├── f288
├── f58/
└── n77
d135
d144/
d233/
d79
d82/
d92/
f11
f128/
f209
f275
f288
f58/
n77
Invalid operation
Invalid operation
Invalid operation
d135
d144/
d233/
d79
d82/
d92/
f11
f128/
f209
f275
f288
f58/
f83
n77
Invalid operation
Invalid operation
f128:dir:0
Invalid operation
f128:dir:0
Invalid operation
Invalid operation
d135
d144/
d233/
d298/
d79
d82/
d92/
f11
f128/
f209
f275
f288
f58/
f83
n77
d135
d144/
d233/
d298/
d79
d82/
d92/
f11
f128/
f209
f275
f288
f58/
f83
n77
Invalid operation
Invalid operation
Invalid operation
f128:dir:0
Invalid operation
Invalid operation
Invalid operation
Invalid operation
Invalid operation
f128:dir:0
Invalid operation
d135
d144/
d233/
d79
d82/
d92/
f11
f128/
f209
f275
f288
f58/
f83
n23/
n77
Invalid operation
Invalid operation
f83:16
f11:15
d135:14
n77:11
f275:5
f128:dir:0
f128:dir:0
Invalid operation
Invalid operation
Invalid operation
Invalid operation
Invalid operation
Invalid operation
Null
Invalid operation
d126/
d160/
d166/
d170
d180
d183/
d228
d241/
d257
d264/
d272
d276
d3/
d33
d61
d82/
d88
f0/
f127/
f156/
f159/
f170/
f174/
f177
f232/
f291/
f32
f41/
f65
f69/
f85
f94/
n65
n85/
d126/
d160/
d166/
d170
d180
d183/
d228
d241/
d257
d264/
d272
d276
d3/
d33
d61
d82/
d88
f0/
f127/
f156/
f159/
f170/
f174/
f177
f232/
f291/
f32
f41/
f65
f69/
f85
f94/
n46
n65
n85/
f65:41
Invalid operation
Invalid operation
Invalid operation
d3:dir:0
Invalid operation
d126/
d160/
d166/
d170
d180
d183/
d228
d241/
d253/
d257
d264/
d272
d276
d3/
d33
d61
d82/
d88
f0/
f127/
f156/
f159/
f170/
f174/
f177
f232/
f291/
f32
f41/
f65
f69/
f85
f94/
n2
n46
n65
n85/
Invalid operation
Invalid operation
Invalid operation
Invalid operation
Invalid operation
f65:41
d180:27
d170:15
d228:14
d88:13
d257:12
f177:12
n46:8
f65:41
d180:27
d170:15
d228:14
d88:13
d257:12
f177:12
d126/
d160/
d166/
d170
d180
d183/
d228
d241/
d257
d264/
d272
d276
d3/
d33
d61
d82/
d88
f0/
f127/
f156/
f159/
f170/
f174/
f177
f232/
f291/
f32
f41/
f65
f69/
f85
f94/
n2
n46
n65
n85/
Invalid operation
Invalid operation
d3:dir:0
Invalid operation
f65:41
d180:27
d170:15
d228:14
d88:13
d257:12
f177:12
n46:8
Invalid operation
Invalid operation
f65:41
Invalid operation
f65:41
d180:27
d170:15
d228:14
d88:13
d257:12
Invalid operation
Invalid operation
Invalid operation
Invalid operation
Invalid operation
f28:dir:0
Invalid operation
Invalid operation
f65:41
d180:27
d170:15
d228:14
Invalid operation
Invalid operation
f87:dir:0
d126/
d160/
d166/
d170
d180
d183/
d213/
d228
d241/
d257
d264/
d272
d276
d3/
d33
d61
d82/
d88
f0/
f127/
f156/
f159/
f170/
f174/
f177
f232/
f28/
f291/
f32
f41/
f65
f69/
f85
f87/
f94/
n46
n65
n85/
Invalid operation
Invalid operation
/
├── d126/
├── d160/
│   ├── d135
│   ├── d144/
│   ├── d233/
│   ├── d54
│   ├── d79
│   ├── d82/
│   │   ├── d11
│   │   ├── d178
│   │   ├── d179
│   │   ├── f102
│   │   ├── f13/
│   │   ├── f249
│   │   ├── f25
│   │   ├── f33/
│   │   ├── f49
│   │   ├── f57
│   │   ├── f82
│   │   ├── n2
│   │   ├── n49/
│   │   └── n62/
│   ├── d92/
│   ├── f11
│   ├── f128/
│   ├── f209
│   ├── f275
│   ├── f288
│   ├── f58/
│   ├── f83
│   ├── n23/
│   └── n77
├── d166/
│   ├── d141/
│   ├── d148
│   ├── d181
│   ├── d202
│   ├── d208/
│   ├── d236/
│   ├── d286/
│   ├── d288
│   ├── d85
│   ├── d89/
│   ├── d91
│   ├── f111
│   ├── f141
│   ├── f155/
│   ├── f160/
│   ├── f176/
│   ├── f263/
│   ├── f36
│   ├── f73/
│   ├── f76
│   ├── n112/
│   ├── n32/
│   ├── n56/
│   └── n65/
│       ├── d213/
│       ├── d91/
│       ├── f166
│       ├── f237
│       ├── f38/
│       │   ├── d17/
│       │   ├── d189/
│       │   ├── d45
│       │   ├── d96/
│       │   │   ├── f124
│       │   │   ├── f13/
│       │   │   │   └── f212/
│       │   │   └── f212/
│       │   ├── d98/
│       │   ├── f104
│       │   ├── f164
│       │   ├── f295/
│       │   ├── f299
│       │   ├── f88
│       │   ├── n119
│       │   └── n36
│       ├── n110/
│       ├── n44
│       └── n94/
├── d170
├── d180
├── d183/
├── d213/
├── d228
├── d241/
│   ├── d131
│   └── f242/
├── d257
├── d264/
├── d272
├── d276
├── d3/
├── d33
├── d61
├── d82/
├── d88
├── f0/
├── f127/
├── f156/
├── f159/
├── f170/
├── f174/
├── f177
├── f232/
├── f28/
├── f291/
├── f32
├── f41/
├── f65
├── f69/
├── f85
├── f87/
├── f94/
│   ├── d127
│   ├── d156/
│   ├── d161/
│   ├── d165
│   ├── d168
│   ├── d191
│   ├── d209
│   ├── d211
│   ├── d240/
│   ├── d284/
│   ├── d60
│   ├── d63/
│   ├── d71
│   ├── f117/
│   ├── f125
│   ├── f14
│   ├── f215/
│   ├── f226/
│   │   ├── d129/
│   │   │   ├── d193
│   │   │   ├── d252
│   │   │   ├── d65
│   │   │   ├── f195
│   │   │   └── n116/
│   │   ├── d133/
│   │   │   ├── d142/
│   │   │   ├── d16/
│   │   │   │   ├── d130
│   │   │   │   ├── d138
│   │   │   │   ├── f169/
│   │   │   │   └── f191
│   │   │   ├── d175
│   │   │   ├── d99/
│   │   │   ├── f145/
│   │   │   ├── n112
│   │   │   └── n59
│   │   ├── d213
│   │   ├── d240/
│   │   ├── d256/
│   │   ├── d299/
│   │   ├── f151/
│   │   ├── f165/
│   │   ├── f186
│   │   ├── f188
│   │   ├── f232/
│   │   ├── f71
│   │   ├── f95
│   │   ├── n0
│   │   └── n87/
│   ├── f229/
│   ├── f255/
│   ├── f259
│   ├── f280/
│   │   ├── d0/
│   │   ├── d103
│   │   ├── d148
│   │   ├── d154
│   │   ├── d190/
│   │   ├── d227/
│   │   ├── d233
│   │   ├── d272/
│   │   ├── d288/
│   │   ├── d299/
│   │   ├── d30/
│   │   ├── f102/
│   │   ├── f154/
│   │   │   ├── d146/
│   │   │   └── f293
│   │   ├── f171/
│   │   │   ├── d52
│   │   │   └── f231
│   │   ├── f182
│   │   ├── f202
│   │   ├── f270
│   │   ├── f293/
│   │   ├── f294/
│   │   ├── f59/
│   │   ├── n1
│   │   ├── n101
│   │   ├── n103/
│   │   ├── n107/
│   │   │   ├── d145/
│   │   │   ├── d163/
│   │   │   ├── d196
│   │   │   ├── d283/
│   │   │   ├── d294/
│   │   │   │   ├── d53/
│   │   │   │   └── f205/
│   │   │   ├── d3
│   │   │   ├── d5
│   │   │   ├── d59
│   │   │   ├── f116
│   │   │   ├── f157
│   │   │   ├── f181/
│   │   │   ├── f221/
│   │   │   ├── f223
│   │   │   ├── f5/
│   │   │   │   ├── d144
│   │   │   │   ├── d160/
│   │   │   │   │   ├── d121
│   │   │   │   │   ├── d23
│   │   │   │   │   ├── d239
│   │   │   │   │   ├── d282/
│   │   │   │   │   ├── d82/
│   │   │   │   │   ├── f5/
│   │   │   │   │   ├── f65/
│   │   │   │   │   └── n47/
│   │   │   │   ├── d80
│   │   │   │   ├── f177/
│   │   │   │   ├── f181/
│   │   │   │   ├── f219
│   │   │   │   ├── f258/
│   │   │   │   └── f29
│   │   │   ├── f57
│   │   │   ├── f8
│   │   │   ├── n71
│   │   │   └── n90/
│   │   └── n61
│   ├── f38/
│   ├── n106/
│   ├── n116/
│   │   ├── d123/
│   │   ├── f200
│   │   └── n100
│   ├── n21/
│   ├── n40/
│   ├── n72
│   └── n99/
├── n46
├── n65
└── n85/
Invalid operation
f87:dir:0
Invalid operation
Invalid operation
Invalid operation
Invalid operation
d184:dir:0
Invalid operation
f297:3D 4F
/f87/d184/f297
Invalid operation
Invalid operation
f297:05 3D
f297:05
Invalid operation
/f87/d184/f297
Invalid operation
Invalid operation
Invalid operation
Invalid operation
d116:4D
/f87/d184/f242/d72/d116
Invalid operation
d116
d249/
f259
d116
d249/
f259
d116:7
f244:7
Invalid operation
/f87/d184/f297
f297:E4
d126:5q8p._n
f297:D1 1E
Invalid operation
d116
d249/
f154
f244
Invalid operation
d72/
├── d116
├── d249/
├── f154
└── f244
Invalid operation
Invalid operation
d116
d249/
f154
f244
Invalid operation
d116
d249/
f154
f244
n44
d116
d249/
f244
n44
f244:2B
/f87/d184/f242/d126
Invalid operation
f242/
├── d126
├── d72/
│   ├── d116
│   ├── d249/
│   ├── f244
│   └── n44
├── f9/
└── n24
d126:5q8p._n
d126
d72/
f9/
n24
f244:BC 9F 7B
d72/
├── d116
├── d249/
├── f244
└── n44
Invalid operation
d116
d249/
f244
n44
f244:7D
/f87/d184/f242/d72/f244
Invalid operation
f297:05 43 E6 B2 41
d126
d72/
f9/
n24
Invalid operation
d126
d72/
f9/
n24
f297:D1
Null
d126
d72/
f220
f294
f9/
n24
d126
d72/
f220
f294
f9/
n24
Invalid operation
Invalid operation
Invalid operation
Invalid operation
Invalid operation
Invalid operation
f11
f242/
n34/
Invalid operation
Invalid operation
Invalid operation
Null
Null
Invalid operation
/f87/d184/n34/f86
/f87/d184/n34/f86
f184/
f196/
f295/
f78
f86
Invalid operation
Invalid operation
f78:
d107
f184/
f196/
f219
f295/
f78
n39
n39:17
f219:16
d107:3
Invalid operation
/f87/d184/n34/d107
d107:A9
Invalid operation
Invalid operation
Invalid operation
f295:dir:0
d107:48
Invalid operation
/f87/d184/n34/d107
f295:dir:0
Invalid operation
Invalid operation
Invalid operation
Invalid operation
Invalid operation
Invalid operation
Invalid operation
Invalid operation
Invalid operation
Invalid operation
d201:r-l4
d184/
d201
n35
d201:r-l4
d184/
d201
n35
Invalid operation
d201:r-l4
d116
d184/
d201
n35
d201:r-l4shdtf
Invalid operation
d52:17
d201:9
d116:0
d144:0
n35:0
d52:17
d201:9
d116:0
d144:0
n35:0
d184:dir:0
d184:dir:0
d52:17
d201:9
d116:0
d144:0
n35:0
d116:00
Invalid operation
Invalid operation
d116:00
Invalid operation
Invalid operation
d116
d120/
d144
d15
d177/
d184/
d201
d223/
d52
f109/
f59/
n35
n83/
Invalid operation
f87/
├── d116
├── d144
├── d15
├── d152
├── d177/
├── d184/
│   ├── f133/
│   ├── f242/
│   │   ├── d126
│   │   ├── d72/
│   │   │   ├── d116
│   │   │   ├── d249/
│   │   │   ├── f244
│   │   │   └── n44
│   │   ├── f220
│   │   ├── f294
│   │   └── f9/
│   ├── f56/
│   ├── n101
│   ├── n34/
│   │   ├── d107
│   │   ├── f184/
│   │   ├── f196/
│   │   ├── f219
│   │   ├── f295/
│   │   ├── f296
│   │   └── n39
│   └── n47
├── d201
├── d223/
├── d52
├── f109/
├── f59/
├── n35
└── n83/
Invalid operation
d184:dir:0
/f87/d201
Invalid operation
d52:17
d201:12
d116:5
d15:2
d152:1
d144:0
n35:0
d116
d144
d15
d152
d177/
d184/
d201
d223/
d52
f109/
f59/
n35
n83/
/f87/d201
Null
d116:00 00 00 A9
d201:r-l4shdtfr- 
Null
d52:17
d201:12
d15:2
d152:1
d144:0
n35:0
/f87/d201
d52:17
d201:12
d15:2
d52:17
d201:12
d15:2
d152:1
d144:0
n35:0
Invalid operation
d52:17
d201:13
d15:7
d152:1
d144:0
n35:0
Invalid operation
d201:r-l4shdtfr- x
d15:E2
d144
d15
d184/
d201
d223/
d52
f109/
f230/
f51/
f59/
n35
n58/
n83/
/f87/d201
Invalid operation
d146:ylxlyef429f_fw7tt-zyicxq_ssl4t89_u_qw
f87/
├── d144
├── d15
├── d184/
│   ├── f133/
│   ├── f242/
│   │   ├── d126
│   │   ├── d72/
│   │   │   ├── d116
│   │   │   ├── d249/
│   │   │   ├── f244
│   │   │   └── n44
│   │   ├── f220
│   │   ├── f294
│   │   └── f9/
│   ├── f56/
│   ├── n101
│   ├── n34/
│   │   ├── d107
│   │   ├── f184/
│   │   ├── f196/
│   │   ├── f219
│   │   ├── f295/
│   │   ├── f296
│   │   └── n39
│   └── n47
├── d201
├── d223/
├── d52
├── f109/
├── f230/
├── f51/
├── f59/
├── n35
├── n58/
└── n83/
d144
d15
d184/
d201
d223/
d52
f109/
f230/
f51/
f59/
n35
n58/
n83/
d201:26
d52:17
d15:7
d144:0
n35:0
Invalid operation
/f87/d201
Invalid operation
f65:41
d146:37
d180:27
d170:15
d228:14
d88:13
f65:41
d146:37
d180:27
d170:15
d228:14
d88:13
d144
d184/
d201
d223/
d52
f109/
f230/
f51/
f59/
n35
n58/
n83/
d144
d184/
d201
d223/
d52
f109/
f230/
f51/
f59/
n35
n58/
n83/
Invalid operation
Invalid operation
d144
d184/
d201
d223/
d52
f109/
f230/
f51/
f59/
n35
n58/
n83/
f87/
├── d144
├── d184/
│   ├── f133/
│   ├── f242/
│   │   ├── d126
│   │   ├── d72/
│   │   │   ├── d116
│   │   │   ├── d249/
│   │   │   ├── f244
│   │   │   └── n44
│   │   ├── f220
│   │   ├── f294
│   │   └── f9/
│   ├── f56/
│   ├── n101
│   ├── n34/
│   │   ├── d107
│   │   ├── f184/
│   │   ├── f196/
│   │   ├── f219
│   │   ├── f295/
│   │   ├── f296
│   │   └── n39
│   └── n47
├── d201
├── d223/
├── d52
├── f109/
├── f230/
├── f51/
├── f59/
├── n35
├── n58/
└── n83/
Invalid operation
d184:dir:0
Invalid operation
Invalid operation
d126/
d146
d160/
d166/
d170
d180
d183/
d213/
d228
d241/
d257
d26
d264/
d272
d276
d3/
d33
d61
d82/
d88
f0/
f127/
f156/
f159/
f170/
f174/
f177
f232/
f277
f28/
f291/
f32
f41/
f65
f69/
f85
f87/
f94/
n46
n65
n85/
d126/
d146
d160/
d166/
d170
d180
d183/
d213/
d228
d241/
d257
d26
d264/
d272
d276
d3/
d33
d61
d82/
d88
f0/
f127/
f156/
f159/
f170/
f174/
f177
f232/
f277
f28/
f291/
f32
f41/
f65
f69/
f85
f87/
f94/
n46
n65
n85/
Invalid operation
Invalid operation
Invalid operation
n65:bin:3
n65:bin:3
d126/
d146
d160/
d166/
d170
d180
d183/
d213/
d228
d241/
d257
d26
d264/
d272
d276
d3/
d33
d61
d82/
d88
f0/
f127/
f156/
f159/
f170/
f174/
f177
f232/
f256/
f277
f28/
f291/
f32
f41/
f65
f69/
f85
f87/
f94/
n46
n65
n85/
f65:41
d146:37
d180:27
Invalid operation
Invalid operation
Invalid operation
Invalid operation
Invalid operation
d126/
d146
d160/
d166/
d170
d180
d183/
d213/
d228
d241/
d257
d26
d264/
d272
d276
d3/
d33
d61
d82/
d88
f0/
f127/
f156/
f159/
f170/
f174/
f177
f232/
f256/
f277
f28/
f291/
f32
f41/
f65
f69/
f85
f87/
f94/
n46
n85/
Invalid operation
Invalid operation
Invalid operation
Invalid operation
f65:41
Invalid operation
Invalid operation
/d146
Invalid operation
Invalid operation
Invalid operation
Invalid operation
Invalid operation
d126/
d160/
d166/
d170
d180
d183/
d213/
d228
d241/
d257
d26
d264/
d272
d276
d3/
d33
d61
d82/
d88
f0/
f127/
f156/
f159/
f170/
f174/
f177
f232/
f256/
f277
f28/
f291/
f32
f41/
f65
f69/
f85
f90/
f94/
n46
n59
n85/
Invalid operation
d126/
d160/
d166/
d170
d180
d183/
d213/
d228
d241/
d257
d26
d264/
d272
d276
d3/
d33
d61
d82/
d88
f0/
f127/
f156/
f159/
f170/
f174/
f177
f232/
f256/
f277
f28/
f291/
f32
f41/
f65
f69/
f85
f90/
f94/
n46
n59
n85/
Invalid operation
Invalid operation
/
├── d126/
├── d141
├── d160/
│   ├── d135
│   ├── d144/
│   ├── d233/
│   ├── d54
│   ├── d79
│   ├── d82/
│   │   ├── d11
│   │   ├── d178
│   │   ├── d179
│   │   ├── f102
│   │   ├── f13/
│   │   ├── f249
│   │   ├── f25
│   │   ├── f33/
│   │   ├── f49
│   │   ├── f57
│   │   ├── f82
│   │   ├── n2
│   │   ├── n49/
│   │   └── n62/
│   ├── d92/
│   ├── f11
│   ├── f128/
│   ├── f209
│   ├── f275
│   ├── f288
│   ├── f58/
│   ├── f83
│   ├── n23/
│   └── n77
├── d166/
│   ├── d141/
│   ├── d148
│   ├── d181
│   ├── d202
│   ├── d208/
│   ├── d236/
│   ├── d286/
│   ├── d288
│   ├── d85
│   ├── d89/
│   ├── d91
│   ├── f111
│   ├── f141
│   ├── f155/
│   ├── f160/
│   ├── f176/
│   ├── f263/
│   ├── f36
│   ├── f73/
│   ├── f76
│   ├── n112/
│   ├── n32/
│   ├── n56/
│   └── n65/
│       ├── d213/
│       ├── d91/
│       ├── f166
│       ├── f237
│       ├── f38/
│       │   ├── d17/
│       │   ├── d189/
│       │   ├── d45
│       │   ├── d96/
│       │   │   ├── f124
│       │   │   ├── f13/
│       │   │   │   └── f212/
│       │   │   └── f212/
│       │   ├── d98/
│       │   ├── f104
│       │   ├── f164
│       │   ├── f295/
│       │   ├── f299
│       │   ├── f88
│       │   ├── n119
│       │   └── n36
│       ├── n110/
│       ├── n44
│       └── n94/
├── d170
├── d180
├── d183/
├── d213/
├── d228
├── d241/
│   ├── d131
│   └── f242/
├── d257
├── d26
├── d264/
├── d272
├── d276
├── d3/
├── d33
├── d61
├── d82/
├── d88
├── f0/
├── f115
├── f127/
├── f156/
├── f159/
├── f170/
├── f174/
├── f177
├── f232/
├── f238
├── f256/
├── f277
├── f28/
├── f291/
├── f32
├── f41/
├── f65
├── f69/
├── f85
├── f90/
├── f94/
│   ├── d127
│   ├── d156/
│   ├── d161/
│   ├── d165
│   ├── d168
│   ├── d191
│   ├── d209
│   ├── d211
│   ├── d240/
│   ├── d284/
│   ├── d60
│   ├── d63/
│   ├── d71
│   ├── f117/
│   ├── f125
│   ├── f14
│   ├── f215/
│   ├── f226/
│   │   ├── d129/
│   │   │   ├── d193
│   │   │   ├── d252
│   │   │   ├── d65
│   │   │   ├── f195
│   │   │   └── n116/
│   │   ├── d133/
│   │   │   ├── d142/
│   │   │   ├── d16/
│   │   │   │   ├── d130
│   │   │   │   ├── d138
│   │   │   │   ├── f169/
│   │   │   │   └── f191
│   │   │   ├── d175
│   │   │   ├── d99/
│   │   │   ├── f145/
│   │   │   ├── n112
│   │   │   └── n59
│   │   ├── d213
│   │   ├── d240/
│   │   ├── d256/
│   │   ├── d299/
│   │   ├── f151/
│   │   ├── f165/
│   │   ├── f186
│   │   ├── f188
│   │   ├── f232/
│   │   ├── f71
│   │   ├── f95
│   │   ├── n0
│   │   └── n87/
│   ├── f229/
│   ├── f255/
│   ├── f259
│   ├── f280/
│   │   ├── d0/
│   │   ├── d103
│   │   ├── d148
│   │   ├── d154
│   │   ├── d190/
│   │   ├── d227/
│   │   ├── d233
│   │   ├── d272/
│   │   ├── d288/
│   │   ├── d299/
│   │   ├── d30/
│   │   ├── f102/
│   │   ├── f154/
│   │   │   ├── d146/
│   │   │   └── f293
│   │   ├── f171/
│   │   │   ├── d52
│   │   │   └── f231
│   │   ├── f182
│   │   ├── f202
│   │   ├── f270
│   │   ├── f293/
│   │   ├── f294/
│   │   ├── f59/
│   │   ├── n1
│   │   ├── n101
│   │   ├── n103/
│   │   ├── n107/
│   │   │   ├── d145/
│   │   │   ├── d163/
│   │   │   ├── d196
│   │   │   ├── d283/
│   │   │   ├── d294/
│   │   │   │   ├── d53/
│   │   │   │   └── f205/
│   │   │   ├── d3
│   │   │   ├── d5
│   │   │   ├── d59
│   │   │   ├── f116
│   │   │   ├── f157
│   │   │   ├── f181/
│   │   │   ├── f221/
│   │   │   ├── f223
│   │   │   ├── f5/
│   │   │   │   ├── d144
│   │   │   │   ├── d160/
│   │   │   │   │   ├── d121
│   │   │   │   │   ├── d23
│   │   │   │   │   ├── d239
│   │   │   │   │   ├── d282/
│   │   │   │   │   ├── d82/
│   │   │   │   │   ├── f5/
│   │   │   │   │   ├── f65/
│   │   │   │   │   └── n47/
│   │   │   │   ├── d80
│   │   │   │   ├── f177/
│   │   │   │   ├── f181/
│   │   │   │   ├── f219
│   │   │   │   ├── f258/
│   │   │   │   └── f29
│   │   │   ├── f57
│   │   │   ├── f8
│   │   │   ├── n71
│   │   │   └── n90/
│   │   └── n61
│   ├── f38/
│   ├── n106/
│   ├── n116/
│   │   ├── d123/
│   │   ├── f200
│   │   └── n100
│   ├── n21/
│   ├── n40/
│   ├── n72
│   └── n99/
├── n46
├── n59
└── n85/
Invalid operation
Null
d126/
d160/
d166/
d170
d180
d183/
d213/
d228
d241/
d257
d26
d264/
d272
d276
d3/
d33
d61
d82/
d88
f0/
f115
f127/
f156/
f159/
f170/
f174/
f177
f232/
f238
f256/
f277
f28/
f291/
f32
f41/
f65
f69/
f85
f90/
f94/
n46
n59
n85/
Invalid operation
d126/
d141
d160/
d166/
d170
d180
d183/
d213/
d228
d241/
d257
d264/
d272
d276
d3/
d33
d61
d82/
d88
f0/
f115
f127/
f156/
f159/
f170/
f174/
f175
f177
f232/
f238
f256/
f277
f28/
f291/
f32
f41/
f65
f69/
f85
f90/
f94/
n46
n59
n85/
f159:dir:0
d126/
d141
d160/
d166/
d170
d180
d183/
d213/
d228
d241/
d257
d264/
d272
d276
d3/
d33
d61
d82/
d88
f0/
f115
f127/
f156/
f159/
f170/
f174/
f177
f232/
f238
f256/
f277
f28/
f291/
f32
f41/
f65
f69/
f85
f90/
f94/
n46
n59
n85/
d126/
d141
d160/
d166/
d170
d180
d183/
d213/
d228
d241/
d257
d264/
d272
d276
d3/
d33
d61
d82/
d88
f0/
f115
f127/
f156/
f159/
f170/
f174/
f177
f232/
f238
f256/
f277
f28/
f291/
f32
f41/
f65
f69/
f85
f90/
f94/
n46
n59
n85/
Invalid operation
d126/
d141
d160/
d166/
d170
d180
d183/
d213/
d228
d241/
d257
d264/
d272
d276
d3/
d33
d61
d82/
d88
f0/
f115
f127/
f156/
f159/
f170/
f174/
f177
f232/
f238
f256/
f277
f28/
f291/
f32
f41/
f65
f69/
f85
f90/
f94/
n46
n59
n85/
Invalid operation
n59:56 55 C7 33
f159:dir:0
Invalid operation
Invalid operation
f65:41
d180:27
d170:15
d228:14
/
├── d126/
├── d141
├── d160/
│   ├── d135
│   ├── d144/
│   ├── d233/
│   ├── d54
│   ├── d79
│   ├── d82/
│   │   ├── d11
│   │   ├── d178
│   │   ├── d179
│   │   ├── f102
│   │   ├── f13/
│   │   ├── f249
│   │   ├── f25
│   │   ├── f33/
│   │   ├── f49
│   │   ├── f57
│   │   ├── f82
│   │   ├── n2
│   │   ├── n49/
│   │   └── n62/
│   ├── d92/
│   ├── f11
│   ├── f128/
│   ├── f209
│   ├── f275
│   ├── f288
│   ├── f58/
│   ├── f83
│   ├── n23/
│   └── n77
├── d166/
│   ├── d141/
│   ├── d148
│   ├── d181
│   ├── d202
│   ├── d208/
│   ├── d236/
│   ├── d286/
│   ├── d288
│   ├── d85
│   ├── d89/
│   ├── d91
│   ├── f111
│   ├── f141
│   ├── f155/
│   ├── f160/
│   ├── f176/
│   ├── f263/
│   ├── f36
│   ├── f73/
│   ├── f76
│   ├── n112/
│   ├── n32/
│   ├── n56/
│   └── n65/
│       ├── d213/
│       ├── d91/
│       ├── f166
│       ├── f237
│       ├── f38/
│       │   ├── d17/
│       │   ├── d189/
│       │   ├── d45
│       │   ├── d96/
│       │   │   ├── f124
│       │   │   ├── f13/
│       │   │   │   └── f212/
│       │   │   └── f212/
│       │   ├── d98/
│       │   ├── f104
│       │   ├── f164
│       │   ├── f295/
│       │   ├── f299
│       │   ├── f88
│       │   ├── n119
│       │   └── n36
│       ├── n110/
│       ├── n44
│       └── n94/
├── d170
├── d180
├── d183/
├── d204
├── d213/
├── d228
├── d241/
│   ├── d131
│   └── f242/
├── d257
├── d26
├── d264/
├── d272
├── d276
├── d3/
├── d33
├── d61
├── d82/
├── d88
├── f0/
├── f115
├── f127/
├── f156/
├── f159/
├── f170/
├── f174/
├── f177
├── f232/
├── f238
├── f256/
├── f277
├── f28/
├── f291/
├── f32
├── f41/
├── f65
├── f69/
├── f85
├── f90/
├── f94/
│   ├── d127
│   ├── d156/
│   ├── d161/
│   ├── d165
│   ├── d168
│   ├── d191
│   ├── d209
│   ├── d211
│   ├── d240/
│   ├── d284/
│   ├── d60
│   ├── d63/
│   ├── d71
│   ├── f117/
│   ├── f125
│   ├── f14
│   ├── f215/
│   ├── f226/
│   │   ├── d129/
│   │   │   ├── d193
│   │   │   ├── d252
│   │   │   ├── d65
│   │   │   ├── f195
│   │   │   └── n116/
│   │   ├── d133/
│   │   │   ├── d142/
│   │   │   ├── d16/
│   │   │   │   ├── d130
│   │   │   │   ├── d138
│   │   │   │   ├── f169/
│   │   │   │   └── f191
│   │   │   ├── d175
│   │   │   ├── d99/
│   │   │   ├── f145/
│   │   │   ├── n112
│   │   │   └── n59
│   │   ├── d213
│   │   ├── d240/
│   │   ├── d256/
│   │   ├── d299/
│   │   ├── f151/
│   │   ├── f165/
│   │   ├── f186
│   │   ├── f188
│   │   ├── f232/
│   │   ├── f71
│   │   ├── f95
│   │   ├── n0
│   │   └── n87/
│   ├── f229/
│   ├── f255/
│   ├── f259
│   ├── f280/
│   │   ├── d0/
│   │   ├── d103
│   │   ├── d148
│   │   ├── d154
│   │   ├── d190/
│   │   ├── d227/
│   │   ├── d233
│   │   ├── d272/
│   │   ├── d288/
│   │   ├── d299/
│   │   ├── d30/
│   │   ├── f102/
│   │   ├── f154/
│   │   │   ├── d146/
│   │   │   └── f293
│   │   ├── f171/
│   │   │   ├── d52
│   │   │   └── f231
│   │   ├── f182
│   │   ├── f202
│   │   ├── f270
│   │   ├── f293/
│   │   ├── f294/
│   │   ├── f59/
│   │   ├── n1
│   │   ├── n101
│   │   ├── n103/
│   │   ├── n107/
│   │   │   ├── d145/
│   │   │   ├── d163/
│   │   │   ├── d196
│   │   │   ├── d283/
│   │   │   ├── d294/
│   │   │   │   ├── d53/
│   │   │   │   └── f205/
│   │   │   ├── d3
│   │   │   ├── d5
│   │   │   ├── d59
│   │   │   ├── f116
│   │   │   ├── f157
│   │   │   ├── f181/
│   │   │   ├── f221/
│   │   │   ├── f223
│   │   │   ├── f5/
│   │   │   │   ├── d144
│   │   │   │   ├── d160/
│   │   │   │   │   ├── d121
│   │   │   │   │   ├── d23
│   │   │   │   │   ├── d239
│   │   │   │   │   ├── d282/
│   │   │   │   │   ├── d82/
│   │   │   │   │   ├── f5/
│   │   │   │   │   ├── f65/
│   │   │   │   │   └── n47/
│   │   │   │   ├── d80
│   │   │   │   ├── f177/
│   │   │   │   ├── f181/
│   │   │   │   ├── f219
│   │   │   │   ├── f258/
│   │   │   │   └── f29
│   │   │   ├── f57
│   │   │   ├── f8
│   │   │   ├── n71
│   │   │   └── n90/
│   │   └── n61
│   ├── f38/
│   ├── n106/
│   ├── n116/
│   │   ├── d123/
│   │   ├── f200
│   │   └── n100
│   ├── n21/
│   ├── n40/
│   ├── n72
│   └── n99/
├── n46
├── n59
└── n85/
Invalid operation
Invalid operation
Invalid operation
Invalid operation
n59:00 00
Invalid operation
d126/
d141
d160/
d166/
d170
d180
d183/
d213/
d228
d241/
d257
d26
d264/
d272
d276
d3/
d33
d61
d82/
d88
f0/
f115
f127/
f156/
f159/
f170/
f174/
f177
f232/
f238
f256/
f277
f28/
f291/
f32
f41/
f65
f69/
f85
f90/
f94/
n19
n46
n59
n85/
f65:41
d180:27
d170:15
d228:14
d88:13
f277:13
d257:12
f177:12
Invalid operation
Invalid operation
/
├── d126/
├── d141
├── d160/
│   ├── d135
│   ├── d144/
│   ├── d233/
│   ├── d54
│   ├── d79
│   ├── d82/
│   │   ├── d11
│   │   ├── d178
│   │   ├── d179
│   │   ├── f102
│   │   ├── f13/
│   │   ├── f249
│   │   ├── f25
│   │   ├── f33/
│   │   ├── f49
│   │   ├── f57
│   │   ├── f82
│   │   ├── n2
│   │   ├── n49/
│   │   └── n62/
│   ├── d92/
│   ├── f11
│   ├── f128/
│   ├── f209
│   ├── f275
│   ├── f288
│   ├── f58/
│   ├── f83
│   ├── n23/
│   └── n77
├── d166/
│   ├── d141/
│   ├── d148
│   ├── d181
│   ├── d202
│   ├── d208/
│   ├── d236/
│   ├── d286/
│   ├── d288
│   ├── d85
│   ├── d89/
│   ├── d91
│   ├── f111
│   ├── f141
│   ├── f155/
│   ├── f160/
│   ├── f176/
│   ├── f263/
│   ├── f36
│   ├── f73/
│   ├── f76
│   ├── n112/
│   ├── n32/
│   ├── n56/
│   └── n65/
│       ├── d213/
│       ├── d91/
│       ├── f166
│       ├── f237
│       ├── f38/
│       │   ├── d17/
│       │   ├── d189/
│       │   ├── d45
│       │   ├── d96/
│       │   │   ├── f124
│       │   │   ├── f13/
│       │   │   │   └── f212/
│       │   │   └── f212/
│       │   ├── d98/
│       │   ├── f104
│       │   ├── f164
│       │   ├── f295/
│       │   ├── f299
│       │   ├── f88
│       │   ├── n119
│       │   └── n36
│       ├── n110/
│       ├── n44
│       └── n94/
├── d170
├── d180
├── d183/
├── d213/
├── d228
├── d241/
│   ├── d131
│   └── f242/
├── d257
├── d26
├── d264/
├── d272
├── d276
├── d3/
├── d33
├── d61
├── d82/
├── d88
├── f0/
├── f115
├── f127/
├── f156/
├── f159/
├── f170/
├── f174/
├── f177
├── f232/
├── f238
├── f256/
├── f277
├── f28/
├── f291/
├── f32
├── f41/
├── f65
├── f69/
├── f85
├── f90/
├── f94/
│   ├── d127
│   ├── d156/
│   ├── d161/
│   ├── d165
│   ├── d168
│   ├── d191
│   ├── d209
│   ├── d211
│   ├── d240/
│   ├── d284/
│   ├── d60
│   ├── d63/
│   ├── d71
│   ├── f117/
│   ├── f125
│   ├── f14
│   ├── f215/
│   ├── f226/
│   │   ├── d129/
│   │   │   ├── d193
│   │   │   ├── d252
│   │   │   ├── d65
│   │   │   ├── f195
│   │   │   └── n116/
│   │   ├── d133/
│   │   │   ├── d142/
│   │   │   ├── d16/
│   │   │   │   ├── d130
│   │   │   │   ├── d138
│   │   │   │   ├── f169/
│   │   │   │   └── f191
│   │   │   ├── d175
│   │   │   ├── d99/
│   │   │   ├── f145/
│   │   │   ├── n112
│   │   │   └── n59
│   │   ├── d213
│   │   ├── d240/
│   │   ├── d256/
│   │   ├── d299/
│   │   ├── f151/
│   │   ├── f165/
│   │   ├── f186
│   │   ├── f188
│   │   ├── f232/
│   │   ├── f71
│   │   ├── f95
│   │   ├── n0
│   │   └── n87/
│   ├── f229/
│   ├── f255/
│   ├── f259
│   ├── f280/
│   │   ├── d0/
│   │   ├── d103
│   │   ├── d148
│   │   ├── d154
│   │   ├── d190/
│   │   ├── d227/
│   │   ├── d233
│   │   ├── d272/
│   │   ├── d288/
│   │   ├── d299/
│   │   ├── d30/
│   │   ├── f102/
│   │   ├── f154/
│   │   │   ├── d146/
│   │   │   └── f293
│   │   ├── f171/
│   │   │   ├── d52
│   │   │   └── f231
│   │   ├── f182
│   │   ├── f202
│   │   ├── f270
│   │   ├── f293/
│   │   ├── f294/
│   │   ├── f59/
│   │   ├── n1
│   │   ├── n101
│   │   ├── n103/
│   │   ├── n107/
│   │   │   ├── d145/
│   │   │   ├── d163/
│   │   │   ├── d196
│   │   │   ├── d283/
│   │   │   ├── d294/
│   │   │   │   ├── d53/
│   │   │   │   └── f205/
│   │   │   ├── d3
│   │   │   ├── d5
│   │   │   ├── d59
│   │   │   ├── f116
│   │   │   ├── f157
│   │   │   ├── f181/
│   │   │   ├── f221/
│   │   │   ├── f223
│   │   │   ├── f5/
│   │   │   │   ├── d144
│   │   │   │   ├── d160/
│   │   │   │   │   ├── d121
│   │   │   │   │   ├── d23
│   │   │   │   │   ├── d239
│   │   │   │   │   ├── d282/
│   │   │   │   │   ├── d82/
│   │   │   │   │   ├── f5/
│   │   │   │   │   ├── f65/
│   │   │   │   │   └── n47/
│   │   │   │   ├── d80
│   │   │   │   ├── f177/
│   │   │   │   ├── f181/
│   │   │   │   ├── f219
│   │   │   │   ├── f258/
│   │   │   │   └── f29
│   │   │   ├── f57
│   │   │   ├── f8
│   │   │   ├── n71
│   │   │   └── n90/
│   │   └── n61
│   ├── f38/
│   ├── n106/
│   ├── n116/
│   │   ├── d123/
│   │   ├── f200
│   │   └── n100
│   ├── n21/
│   ├── n40/
│   ├── n72
│   └── n99/
├── n113
├── n19
├── n46
├── n59
├── n85/
└── n92
Invalid operation
Invalid operation
Invalid operation
Invalid operation
Invalid operation
Invalid operation
Invalid operation
Invalid operation
Invalid operation
Invalid operation
Invalid operation
Invalid operation
Invalid operation
Invalid operation
Invalid operation
Invalid operation
Invalid operation
d126/
d141
d160/
d166/
d170
d180
d183/
d213/
d228
d241/
d257
d26
d264/
d270
d272
d276
d3/
d33
d61
d82/
d88
f0/
f115
f127/
f156/
f159/
f170/
f174/
f177
f188
f232/
f238
f256/
f277
f28/
f291/
f32
f41/
f65
f69/
f85
f90/
f94/
n19
n46
n59
n7/
n85/
Invalid operation
Invalid operation
f65:41
d180:27
Invalid operation
Invalid operation
Invalid operation
d126/
d141
d160/
d166/
d170
d180
d183/
d213/
d228
d241/
d257
d26
d264/
d272
d276
d3/
d33
d61
d82/
d88
f0/
f115
f127/
f156/
f159/
f170/
f174/
f177
f188
f232/
f238
f256/
f277
f28/
f291/
f32
f41/
f65
f69/
f85
f90/
f94/
n19
n46
n59
n85/
d126/
d141
d160/
d166/
d170
d180
d183/
d213/
d228
d241/
d257
d26
d264/
d272
d276
d3/
d33
d61
d82/
d88
f0/
f115
f127/
f156/
f159/
f170/
f174/
f177
f188
f232/
f238
f256/
f277
f28/
f291/
f32
f41/
f65
f69/
f85
f90/
f94/
n19
n46
n59
n85/
d126/
d141
d160/
d166/
d170
d180
d183/
d213/
d228
d241/
d257
d26
d264/
d272
d276
d3/
d33
d61
d82/
d88
f0/
f115
f127/
f156/
f159/
f170/
f174/
f177
f188
f232/
f238
f256/
f277
f28/
f291/
f32
f41/
f65
f69/
f85
f90/
f94/
n19
n46
n59
n85/
f65:41
d180:27
f188:17
d170:15
d228:14
d88:13
f277:13
Null
Invalid operation
f65:41
d180:27
f188:17
Invalid operation
d126/
d141
d160/
d166/
d170
d180
d183/
d213/
d228
d241/
d257
d26
d264/
d272
d276
d3/
d33
d61
d82/
d88
f0/
f115
f127/
f156/
f159/
f170/
f174/
f177
f188
f232/
f238
f256/
f277
f28/
f291/
f32
f41/
f65
f69/
f85
f90/
f94/
n18
n19
n37
n46
n59
n85/
d126/
d141
d160/
d166/
d170
d180
d183/
d213/
d228
d241/
d257
d26
d264/
d272
d276
d3/
d33
d61
d82/
d88
f0/
f115
f127/
f156/
f159/
f170/
f174/
f177
f188
f232/
f238
f256/
f277
f28/
f291/
f32
f41/
f65
f69/
f85
f90/
f94/
n18
n19
n37
n46
n59
n85/
d126/
d141
d160/
d166/
d170
d180
d183/
d213/
d228
d241/
d257
d26
d264/
d272
d276
d3/
d33
d61
d82/
d88
f0/
f115
f127/
f156/
f159/
f170/
f174/
f177
f188
f232/
f238
f256/
f277
f28/
f291/
f32
f41/
f65
f69/
f85
f90/
f94/
n18
n19
n37
n46
n59
n85/
Invalid operation
/
├── d126/
├── d141
├── d160/
│   ├── d135
│   ├── d144/
│   ├── d233/
│   ├── d54
│   ├── d79
│   ├── d82/
│   │   ├── d11
│   │   ├── d178
│   │   ├── d179
│   │   ├── f102
│   │   ├── f13/
│   │   ├── f249
│   │   ├── f25
│   │   ├── f33/
│   │   ├── f49
│   │   ├── f57
│   │   ├── f82
│   │   ├── n2
│   │   ├── n49/
│   │   └── n62/
│   ├── d92/
│   ├── f11
│   ├── f128/
│   ├── f209
│   ├── f275
│   ├── f288
│   ├── f58/
│   ├── f83
│   ├── n23/
│   └── n77
├── d166/
│   ├── d141/
│   ├── d148
│   ├── d181
│   ├── d202
│   ├── d208/
│   ├── d236/
│   ├── d286/
│   ├── d288
│   ├── d85
│   ├── d89/
│   ├── d91
│   ├── f111
│   ├── f141
│   ├── f155/
│   ├── f160/
│   ├── f176/
│   ├── f263/
│   ├── f36
│   ├── f73/
│   ├── f76
│   ├── n112/
│   ├── n32/
│   ├── n56/
│   └── n65/
│       ├── d213/
│       ├── d91/
│       ├── f166
│       ├── f237
│       ├── f38/
│       │   ├── d17/
│       │   ├── d189/
│       │   ├── d45
│       │   ├── d96/
│       │   │   ├── f124
│       │   │   ├── f13/
│       │   │   │   └── f212/
│       │   │   └── f212/
│       │   ├── d98/
│       │   ├── f104
│       │   ├── f164
│       │   ├── f295/
│       │   ├── f299
│       │   ├── f88
│       │   ├── n119
│       │   └── n36
│       ├── n110/
│       ├── n44
│       └── n94/
├── d170
├── d180
├── d183/
├── d213/
├── d228
├── d241/
│   ├── d131
│   └── f242/
├── d257
├── d26
├── d264/
├── d272
├── d276
├── d3/
├── d33
├── d61
├── d82/
├── d88
├── f0/
├── f115
├── f127/
├── f156/
├── f159/
├── f170/
├── f174/
├── f177
├── f188
├── f232/
├── f238
├── f256/
├── f277
├── f28/
├── f291/
├── f32
├── f41/
├── f65
├── f69/
├── f85
├── f90/
├── f94/
│   ├── d127
│   ├── d156/
│   ├── d161/
│   ├── d165
│   ├── d168
│   ├── d191
│   ├── d209
│   ├── d211
│   ├── d240/
│   ├── d284/
│   ├── d60
│   ├── d63/
│   ├── d71
│   ├── f117/
│   ├── f125
│   ├── f14
│   ├── f215/
│   ├── f226/
│   │   ├── d129/
│   │   │   ├── d193
│   │   │   ├── d252
│   │   │   ├── d65
│   │   │   ├── f195
│   │   │   └── n116/
│   │   ├── d133/
│   │   │   ├── d142/
│   │   │   ├── d16/
│   │   │   │   ├── d130
│   │   │   │   ├── d138
│   │   │   │   ├── f169/
│   │   │   │   └── f191
│   │   │   ├── d175
│   │   │   ├── d99/
│   │   │   ├── f145/
│   │   │   ├── n112
│   │   │   └── n59
│   │   ├── d213
│   │   ├── d240/
│   │   ├── d256/
│   │   ├── d299/
│   │   ├── f151/
│   │   ├── f165/
│   │   ├── f186
│   │   ├── f188
│   │   ├── f232/
│   │   ├── f71
│   │   ├── f95
│   │   ├── n0
│   │   └── n87/
│   ├── f229/
│   ├── f255/
│   ├── f259
│   ├── f280/
│   │   ├── d0/
│   │   ├── d103
│   │   ├── d148
│   │   ├── d154
│   │   ├── d190/
│   │   ├── d227/
│   │   ├── d233
│   │   ├── d272/
│   │   ├── d288/
│   │   ├── d299/
│   │   ├── d30/
│   │   ├── f102/
│   │   ├── f154/
│   │   │   ├── d146/
│   │   │   └── f293
│   │   ├── f171/
│   │   │   ├── d52
│   │   │   └── f231
│   │   ├── f182
│   │   ├── f202
│   │   ├── f270
│   │   ├── f293/
│   │   ├── f294/
│   │   ├── f59/
│   │   ├── n1
│   │   ├── n101
│   │   ├── n103/
│   │   ├── n107/
│   │   │   ├── d145/
│   │   │   ├── d163/
│   │   │   ├── d196
│   │   │   ├── d283/
│   │   │   ├── d294/
│   │   │   │   ├── d53/
│   │   │   │   └── f205/
│   │   │   ├── d3
│   │   │   ├── d5
│   │   │   ├── d59
│   │   │   ├── f116
│   │   │   ├── f157
│   │   │   ├── f181/
│   │   │   ├── f221/
│   │   │   ├── f223
│   │   │   ├── f5/
│   │   │   │   ├── d144
│   │   │   │   ├── d160/
│   │   │   │   │   ├── d121
│   │   │   │   │   ├── d23
│   │   │   │   │   ├── d239
│   │   │   │   │   ├── d282/
│   │   │   │   │   ├── d82/
│   │   │   │   │   ├── f5/
│   │   │   │   │   ├── f65/
│   │   │   │   │   └── n47/
│   │   │   │   ├── d80
│   │   │   │   ├── f177/
│   │   │   │   ├── f181/
│   │   │   │   ├── f219
│   │   │   │   ├── f258/
│   │   │   │   └── f29
│   │   │   ├── f57
│   │   │   ├── f8
│   │   │   ├── n71
│   │   │   └── n90/
│   │   └── n61
│   ├── f38/
│   ├── n106/
│   ├── n116/
│   │   ├── d123/
│   │   ├── f200
│   │   └── n100
│   ├── n21/
│   ├── n40/
│   ├── n72
│   └── n99/
├── n18
├── n19
├── n37
├── n46
├── n59
└── n85/
n18:F3
Invalid operation
n18:F3
/
├── d126/
├── d141
├── d160/
│   ├── d135
│   ├── d144/
│   ├── d233/
│   ├── d54
│   ├── d79
│   ├── d82/
│   │   ├── d11
│   │   ├── d178
│   │   ├── d179
│   │   ├── f102
│   │   ├── f13/
│   │   ├── f249
│   │   ├── f25
│   │   ├── f33/
│   │   ├── f49
│   │   ├── f57
│   │   ├── f82
│   │   ├── n2
│   │   ├── n49/
│   │   └── n62/
│   ├── d92/
│   ├── f11
│   ├── f128/
│   ├── f209
│   ├── f275
│   ├── f288
│   ├── f58/
│   ├── f83
│   ├── n23/
│   └── n77
├── d166/
│   ├── d141/
│   ├── d148
│   ├── d181
│   ├── d202
│   ├── d208/
│   ├── d236/
│   ├── d286/
│   ├── d288
│   ├── d85
│   ├── d89/
│   ├── d91
│   ├── f111
│   ├── f141
│   ├── f155/
│   ├── f160/
│   ├── f176/
│   ├── f263/
│   ├── f36
│   ├── f73/
│   ├── f76
│   ├── n112/
│   ├── n32/
│   ├── n56/
│   └── n65/
│       ├── d213/
│       ├── d91/
│       ├── f166
│       ├── f237
│       ├── f38/
│       │   ├── d17/
│       │   ├── d189/
│       │   ├── d45
│       │   ├── d96/
│       │   │   ├── f124
│       │   │   ├── f13/
│       │   │   │   └── f212/
│       │   │   └── f212/
│       │   ├── d98/
│       │   ├── f104
│       │   ├── f164
│       │   ├── f295/
│       │   ├── f299
│       │   ├── f88
│       │   ├── n119
│       │   └── n36
│       ├── n110/
│       ├── n44
│       └── n94/
├── d170
├── d180
├── d183/
├── d213/
├── d228
├── d241/
│   ├── d131
│   └── f242/
├── d257
├── d26
├── d264/
├── d272
├── d276
├── d3/
├── d33
├── d61
├── d82/
├── d88
├── f0/
├── f115
├── f127/
├── f156/
├── f159/
├── f170/
├── f174/
├── f177
├── f188
├── f232/
├── f238
├── f256/
├── f277
├── f28/
├── f291/
├── f32
├── f41/
├── f65
├── f69/
├── f85
├── f90/
├── f94/
│   ├── d127
│   ├── d156/
│   ├── d161/
│   ├── d165
│   ├── d168
│   ├── d191
│   ├── d209
│   ├── d211
│   ├── d240/
│   ├── d284/
│   ├── d60
│   ├── d63/
│   ├── d71
│   ├── f117/
│   ├── f125
│   ├── f14
│   ├── f215/
│   ├── f226/
│   │   ├── d129/
│   │   │   ├── d193
│   │   │   ├── d252
│   │   │   ├── d65
│   │   │   ├── f195
│   │   │   └── n116/
│   │   ├── d133/
│   │   │   ├── d142/
│   │   │   ├── d16/
│   │   │   │   ├── d130
│   │   │   │   ├── d138
│   │   │   │   ├── f169/
│   │   │   │   └── f191
│   │   │   ├── d175
│   │   │   ├── d99/
│   │   │   ├── f145/
│   │   │   ├── n112
│   │   │   └── n59
│   │   ├── d213
│   │   ├── d240/
│   │   ├── d256/
│   │   ├── d299/
│   │   ├── f151/
│   │   ├── f165/
│   │   ├── f186
│   │   ├── f188
│   │   ├── f232/
│   │   ├── f71
│   │   ├── f95
│   │   ├── n0
│   │   └── n87/
│   ├── f229/
│   ├── f255/
│   ├── f259
│   ├── f280/
│   │   ├── d0/
│   │   ├── d103
│   │   ├── d148
│   │   ├── d154
│   │   ├── d190/
│   │   ├── d227/
│   │   ├── d233
│   │   ├── d272/
│   │   ├── d288/
│   │   ├── d299/
│   │   ├── d30/
│   │   ├── f102/
│   │   ├── f154/
│   │   │   ├── d146/
│   │   │   └── f293
│   │   ├── f171/
│   │   │   ├── d52
│   │   │   └── f231
│   │   ├── f182
│   │   ├── f202
│   │   ├── f270
│   │   ├── f293/
│   │   ├── f294/
│   │   ├── f59/
│   │   ├── n1
│   │   ├── n101
│   │   ├── n103/
│   │   ├── n107/
│   │   │   ├── d145/
│   │   │   ├── d163/
│   │   │   ├── d196
│   │   │   ├── d283/
│   │   │   ├── d294/
│   │   │   │   ├── d53/
│   │   │   │   └── f205/
│   │   │   ├── d3
│   │   │   ├── d5
│   │   │   ├── d59
│   │   │   ├── f116
│   │   │   ├── f157
│   │   │   ├── f181/
│   │   │   ├── f221/
│   │   │   ├── f223
│   │   │   ├── f5/
│   │   │   │   ├── d144
│   │   │   │   ├── d160/
│   │   │   │   │   ├── d121
│   │   │   │   │   ├── d23
│   │   │   │   │   ├── d239
│   │   │   │   │   ├── d282/
│   │   │   │   │   ├── d82/
│   │   │   │   │   ├── f5/
│   │   │   │   │   ├── f65/
│   │   │   │   │   └── n47/
│   │   │   │   ├── d80
│   │   │   │   ├── f177/
│   │   │   │   ├── f181/
│   │   │   │   ├── f219
│   │   │   │   ├── f258/
│   │   │   │   └── f29
│   │   │   ├── f57
│   │   │   ├── f8
│   │   │   ├── n71
│   │   │   └── n90/
│   │   └── n61
│   ├── f38/
│   ├── n106/
│   ├── n116/
│   │   ├── d123/
│   │   ├── f200
│   │   └── n100
│   ├── n21/
│   ├── n40/
│   ├── n72
│   └── n99/
├── n108/
├── n18
├── n19
├── n37
├── n46
├── n59
└── n85/
/n18
Invalid operation
d126/
d141
d160/
d166/
d170
d180
d183/
d213/
d228
d241/
d257
d26
d264/
d272
d276
d3/
d33
d61
d82/
d88
f0/
f115
f127/
f156/
f159/
f170/
f174/
f177
f188
f232/
f238
f256/
f277
f28/
f291/
f32
f41/
f65
f69/
f85
f90/
f94/
n108/
n18
n19
n37
n46
n59
n85/
d126/
d141
d160/
d166/
d170
d180
d183/
d213/
d228
d241/
d257
d26
d264/
d272
d276
d3/
d33
d61
d82/
d88
f0/
f115
f127/
f156/
f159/
f170/
f174/
f177
f188
f232/
f238
f255
f256/
f277
f28/
f291/
f32
f41/
f65
f69/
f85
f90/
f94/
n108/
n19
n46
n59
n85/
Invalid operation
f65:41
d180:27
f188:17
d170:15
d228:14
d88:13
Invalid operation
/f255
Invalid operation
Invalid operation
d126/
d141
d160/
d166/
d170
d180
d183/
d213/
d228
d241/
d257
d26
d264/
d272
d276
d3/
d33
d61
d82/
d88
f0/
f115
f127/
f156/
f159/
f170/
f174/
f177
f188
f212
f232/
f238
f255
f256/
f277
f28/
f291/
f32
f41/
f65
f69/
f85
f90/
f94/
n108/
n19
n46
n59
n85/
Invalid operation
n108/
└── d287
d287
/n108/d287
d287:bin:5
Invalid operation
d287
d76
Invalid operation
n108/
├── d287
├── d76
└── f78/
n108/
├── d287
└── f78/
Invalid operation
n108/
├── d287
└── f78/
Invalid operation
Invalid operation
Invalid operation
d72:30 39 E7 A0 E9
d72:8
Invalid operation
f255:10gxib2um
f78/
Invalid operation
Invalid operation
f104/
f78/
f104:dir:0
f104:dir:0
f255:10gxib2um
f104/
f135
f78/
n95/
Invalid operation
f255:10gxib2um
Invalid operation
f255:10gxib2um
f104:dir:0
Invalid operation
Null
Null
n108/
├── d196/
├── f104/
├── f78/
├── n102/
└── n95/
Invalid operation
d196:dir:0
d196/
f104/
f78/
n102/
n95/
Invalid operation
Invalid operation
Invalid operation
d196/
f104/
f78/
n102/
n95/
d149:17
d93:6
f255:10gxib2um
n108:dir:0
d126/
d141
d160/
d166/
d170
d180
d183/
d213/
d228
d241/
d257
d26
d264/
d272
d276
d3/
d33
d61
d82/
d88
f0/
f115
f127/
f156/
f159/
f170/
f174/
f177
f188
f212
f232/
f238
f255
f256/
f277
f28/
f291/
f32
f41/
f65
f69/
f85
f90/
f94/
n108/
n19
n46
n59
n85/
/f255
Invalid operation
d196:dir:0
d196:dir:0
Invalid operation
Invalid operation
Invalid operation
Invalid operation
Invalid operation
Invalid operation
Invalid operation
Invalid operation
n7/
Invalid operation
Invalid operation
Invalid operation
f190/
n7/
Invalid operation
Invalid operation
Invalid operation
f190/
n7/
Invalid operation
f190/
n7/
d196/
├── f190/
└── n7/
Invalid operation
Invalid operation
Invalid operation
d196/
f104/
f172/
f57/
f78/
n102/
n95/
f255:10gxib2umx68p
f255:10gxib2umx68p
Invalid operation
Invalid operation
f255:10gxib2umx68p
f57:dir:0
/d61
f255:10gxib2umx68p
Invalid operation
Invalid operation
f58:fr_itq5s4xzh_
Invalid operation
f151/
/
├── d126/
├── d141
├── d160/
│   ├── d135
│   ├── d144/
│   ├── d233/
│   ├── d54
│   ├── d79
│   ├── d82/
│   │   ├── d11
│   │   ├── d178
│   │   ├── d179
│   │   ├── f102
│   │   ├── f13/
│   │   ├── f249
│   │   ├── f25
│   │   ├── f33/
│   │   ├── f49
│   │   ├── f57
│   │   ├── f82
│   │   ├── n2
│   │   ├── n49/
│   │   └── n62/
│   ├── d92/
│   ├── f11
│   ├── f128/
│   ├── f209
│   ├── f275
│   ├── f288
│   ├── f58/
│   ├── f83
│   ├── n23/
│   └── n77
├── d166/
│   ├── d141/
│   ├── d148
│   ├── d181
│   ├── d202
│   ├── d208/
│   ├── d236/
│   ├── d286/
│   ├── d288
│   ├── d85
│   ├── d89/
│   ├── d91
│   ├── f111
│   ├── f141
│   ├── f155/
│   ├── f160/
│   ├── f176/
│   ├── f263/
│   ├── f36
│   ├── f73/
│   ├── f76
│   ├── n112/
│   ├── n32/
│   ├── n56/
│   └── n65/
│       ├── d213/
│       ├── d91/
│       ├── f166
│       ├── f237
│       ├── f38/
│       │   ├── d17/
│       │   ├── d189/
│       │   ├── d45
│       │   ├── d96/
│       │   │   ├── f124
│       │   │   ├── f13/
│       │   │   │   └── f212/
│       │   │   └── f212/
│       │   ├── d98/
│       │   ├── f104
│       │   ├── f164
│       │   ├── f295/
│       │   ├── f299
│       │   ├── f88
│       │   ├── n119
│       │   └── n36
│       ├── n110/
│       ├── n44
│       └── n94/
├── d170
├── d180
├── d183/
├── d213/
├── d228
├── d241/
│   ├── d131
│   └── f242/
├── d257
├── d26
├── d264/
├── d272
├── d276
├── d3/
├── d33
├── d61
├── d82/
├── d88
├── d90
├── f0/
├── f115
├── f127/
├── f156/
├── f159/
├── f170/
├── f174/
├── f177
├── f188
├── f205/
├── f212
├── f232/
├── f238
├── f255
├── f256/
├── f277
├── f28/
├── f291/
├── f32
├── f41/
├── f65
├── f69/
├── f85
├── f90/
├── f94/
│   ├── d127
│   ├── d156/
│   ├── d161/
│   ├── d165
│   ├── d168
│   ├── d191
│   ├── d209
│   ├── d211
│   ├── d240/
│   ├── d284/
│   ├── d60
│   ├── d63/
│   ├── d71
│   ├── f117/
│   ├── f125
│   ├── f14
│   ├── f215/
│   ├── f226/
│   │   ├── d129/
│   │   │   ├── d193
│   │   │   ├── d252
│   │   │   ├── d65
│   │   │   ├── f195
│   │   │   └── n116/
│   │   ├── d133/
│   │   │   ├── d142/
│   │   │   ├── d16/
│   │   │   │   ├── d130
│   │   │   │   ├── d138
│   │   │   │   ├── f169/
│   │   │   │   └── f191
│   │   │   ├── d175
│   │   │   ├── d99/
│   │   │   ├── f145/
│   │   │   ├── n112
│   │   │   └── n59
│   │   ├── d213
│   │   ├── d240/
│   │   ├── d256/
│   │   ├── d299/
│   │   ├── f151/
│   │   ├── f165/
│   │   ├── f186
│   │   ├── f188
│   │   ├── f232/
│   │   ├── f71
│   │   ├── f95
│   │   ├── n0
│   │   └── n87/
│   ├── f229/
│   ├── f255/
│   ├── f259
│   ├── f280/
│   │   ├── d0/
│   │   ├── d103
│   │   ├── d148
│   │   ├── d154
│   │   ├── d190/
│   │   ├── d227/
│   │   ├── d233
│   │   ├── d272/
│   │   ├── d288/
│   │   ├── d299/
│   │   ├── d30/
│   │   ├── f102/
│   │   ├── f154/
│   │   │   ├── d146/
│   │   │   └── f293
│   │   ├── f171/
│   │   │   ├── d52
│   │   │   └── f231
│   │   ├── f182
│   │   ├── f202
│   │   ├── f270
│   │   ├── f293/
│   │   ├── f294/
│   │   ├── f59/
│   │   ├── n1
│   │   ├── n101
│   │   ├── n103/
│   │   ├── n107/
│   │   │   ├── d145/
│   │   │   ├── d163/
│   │   │   ├── d196
│   │   │   ├── d283/
│   │   │   ├── d294/
│   │   │   │   ├── d53/
│   │   │   │   └── f205/
│   │   │   ├── d3
│   │   │   ├── d5
│   │   │   ├── d59
│   │   │   ├── f116
│   │   │   ├── f157
│   │   │   ├── f181/
│   │   │   ├── f221/
│   │   │   ├── f223
│   │   │   ├── f5/
│   │   │   │   ├── d144
│   │   │   │   ├── d160/
│   │   │   │   │   ├── d121
│   │   │   │   │   ├── d23
│   │   │   │   │   ├── d239
│   │   │   │   │   ├── d282/
│   │   │   │   │   ├── d82/
│   │   │   │   │   ├── f5/
│   │   │   │   │   ├── f65/
│   │   │   │   │   └── n47/
│   │   │   │   ├── d80
│   │   │   │   ├── f177/
│   │   │   │   ├── f181/
│   │   │   │   ├── f219
│   │   │   │   ├── f258/
│   │   │   │   └── f29
│   │   │   ├── f57
│   │   │   ├── f8
│   │   │   ├── n71
│   │   │   └── n90/
│   │   └── n61
│   ├── f38/
│   ├── n106/
│   ├── n116/
│   │   ├── d123/
│   │   ├── f200
│   │   └── n100
│   ├── n21/
│   ├── n40/
│   ├── n72
│   └── n99/
├── n108/
│   ├── d196/
│   │   ├── f190/
│   │   └── n7/
│   ├── f104/
│   ├── f151/
│   ├── f172/
│   │   ├── d149
│   │   └── d93
│   ├── f58
│   ├── f78/
│   ├── n102/
│   └── n95/
├── n19
├── n46
├── n59
└── n85/
Invalid operation
Invalid operation
Invalid operation
Invalid operation
Invalid operation
Invalid operation
d90:88
Invalid operation
Invalid operation
f65:41
d180:27
d90:88
d90:88 92 C8 00 00
Invalid operation
d196/
d201/
f104/
f151/
f172/
f58
f78/
n102/
n95/
Invalid operation
Invalid operation
n108/
├── d196/
│   ├── f190/
│   └── n7/
├── d201/
├── f104/
├── f151/
├── f172/
│   ├── d149
│   └── d93
├── f78/
├── n102/
└── n95/
f255:10gxib2umx68p
Invalid operation
n108:dir:0
Invalid operation
n73:w
/n73
Invalid operation
Invalid operation
f65:41
d180:27
f188:17
Invalid operation
Invalid operation
n73:txt:1
Invalid operation
d116:38 7A
d116:7F D8 59 38
Invalid operation
Invalid operation
Invalid operation
Null
f148:md:0
f148
f121:ch.o3xzctr.okjce
d282:6B 79
d115: at0p8
d115:6
f248:5
d115: at0p8x
d115
f201/
f248
d115: at0p8x
Invalid operation
f248:bin:8
f248:bin:8
Invalid operation
Invalid operation
f248
Invalid operation
f289/
└── d271/
d271/
f250
Invalid operation
Invalid operation
d271/
f250
f292
Invalid operation
Invalid operation
d271:dir:0
Null
Invalid operation
Invalid operation
Invalid operation
Invalid operation
Invalid operation
d60/
f121
f145/
f158
f164/
f190
f273
f289/
f121:16
Invalid operation
n73:wmngxvxml8 oynpx
Null
Invalid operation
Invalid operation
d116:00
Invalid operation
f65:41
d180:27
f188:17
f212:17
d170:15
d228:14
d88:13
f277:13
d126/
d141
d160/
d166/
d170
d180
d183/
d213/
d228
d241/
d257
d26
d264/
d272
d276
d3/
d33
d61
d82/
d88
d90
f0/
f115
f127/
f156/
f159/
f170/
f174/
f177
f188
f205/
f212
f232/
f238
f239/
f256/
f277
f28/
f291/
f32
f41/
f65
f69/
f85
f90/
f94/
n108/
n19
n46
n59
n76/
n85/
/d151
Invalid operation
/d151
Invalid operation
Invalid operation
Invalid operation
d151:
Invalid operation
Null
f65:41
d180:27
f188:17
f212:17
d170:15
d228:14
d88:13
f277:13
Invalid operation
/
├── d126/
├── d141
├── d151
├── d160/
│   ├── d135
│   ├── d144/
│   ├── d233/
│   ├── d54
│   ├── d79
│   ├── d82/
│   │   ├── d11
│   │   ├── d178
│   │   ├── d179
│   │   ├── f102
│   │   ├── f13/
│   │   ├── f249
│   │   ├── f25
│   │   ├── f33/
│   │   ├── f49
│   │   ├── f57
│   │   ├── f82
│   │   ├── n2
│   │   ├── n49/
│   │   └── n62/
│   ├── d92/
│   ├── f11
│   ├── f128/
│   ├── f209
│   ├── f275
│   ├── f288
│   ├── f58/
│   ├── f83
│   ├── n23/
│   └── n77
├── d166/
│   ├── d141/
│   ├── d148
│   ├── d181
│   ├── d202
│   ├── d208/
│   ├── d236/
│   ├── d286/
│   ├── d288
│   ├── d85
│   ├── d89/
│   ├── d91
│   ├── f111
│   ├── f141
│   ├── f155/
│   ├── f160/
│   ├── f176/
│   ├── f263/
│   ├── f36
│   ├── f73/
│   ├── f76
│   ├── n112/
│   ├── n32/
│   ├── n56/
│   └── n65/
│       ├── d213/
│       ├── d91/
│       ├── f166
│       ├── f237
│       ├── f38/
│       │   ├── d17/
│       │   ├── d189/
│       │   ├── d45
│       │   ├── d96/
│       │   │   ├── f124
│       │   │   ├── f13/
│       │   │   │   └── f212/
│       │   │   └── f212/
│       │   ├── d98/
│       │   ├── f104
│       │   ├── f164
│       │   ├── f295/
│       │   ├── f299
│       │   ├── f88
│       │   ├── n119
│       │   └── n36
│       ├── n110/
│       ├── n44
│       └── n94/
├── d170
├── d180
├── d183/
├── d213/
├── d228
├── d241/
│   ├── d131
│   └── f242/
├── d257
├── d26
├── d264/
├── d272
├── d276
├── d3/
├── d33
├── d61
├── d82/
├── d88
├── d90
├── f0/
├── f104/
├── f115
├── f127/
├── f156/
├── f159/
├── f170/
├── f174/
├── f177
├── f188
├── f205/
├── f212
├── f232/
├── f238
├── f256/
├── f277
├── f28/
├── f291/
├── f32
├── f41/
├── f65
├── f69/
├── f85
├── f90/
├── f94/
│   ├── d127
│   ├── d156/
│   ├── d161/
│   ├── d165
│   ├── d168
│   ├── d191
│   ├── d209
│   ├── d211
│   ├── d240/
│   ├── d284/
│   ├── d60
│   ├── d63/
│   ├── d71
│   ├── f117/
│   ├── f125
│   ├── f14
│   ├── f215/
│   ├── f226/
│   │   ├── d129/
│   │   │   ├── d193
│   │   │   ├── d252
│   │   │   ├── d65
│   │   │   ├── f195
│   │   │   └── n116/
│   │   ├── d133/
│   │   │   ├── d142/
│   │   │   ├── d16/
│   │   │   │   ├── d130
│   │   │   │   ├── d138
│   │   │   │   ├── f169/
│   │   │   │   └── f191
│   │   │   ├── d175
│   │   │   ├── d99/
│   │   │   ├── f145/
│   │   │   ├── n112
│   │   │   └── n59
│   │   ├── d213
│   │   ├── d240/
│   │   ├── d256/
│   │   ├── d299/
│   │   ├── f151/
│   │   ├── f165/
│   │   ├── f186
│   │   ├── f188
│   │   ├── f232/
│   │   ├── f71
│   │   ├── f95
│   │   ├── n0
│   │   └── n87/
│   ├── f229/
│   ├── f255/
│   ├── f259
│   ├── f280/
│   │   ├── d0/
│   │   ├── d103
│   │   ├── d148
│   │   ├── d154
│   │   ├── d190/
│   │   ├── d227/
│   │   ├── d233
│   │   ├── d272/
│   │   ├── d288/
│   │   ├── d299/
│   │   ├── d30/
│   │   ├── f102/
│   │   ├── f154/
│   │   │   ├── d146/
│   │   │   └── f293
│   │   ├── f171/
│   │   │   ├── d52
│   │   │   └── f231
│   │   ├── f182
│   │   ├── f202
│   │   ├── f270
│   │   ├── f293/
│   │   ├── f294/
│   │   ├── f59/
│   │   ├── n1
│   │   ├── n101
│   │   ├── n103/
│   │   ├── n107/
│   │   │   ├── d145/
│   │   │   ├── d163/
│   │   │   ├── d196
│   │   │   ├── d283/
│   │   │   ├── d294/
│   │   │   │   ├── d53/
│   │   │   │   └── f205/
│   │   │   ├── d3
│   │   │   ├── d5
│   │   │   ├── d59
│   │   │   ├── f116
│   │   │   ├── f157
│   │   │   ├── f181/
│   │   │   ├── f221/
│   │   │   ├── f223
│   │   │   ├── f5/
│   │   │   │   ├── d144
│   │   │   │   ├── d160/
│   │   │   │   │   ├── d121
│   │   │   │   │   ├── d23
│   │   │   │   │   ├── d239
│   │   │   │   │   ├── d282/
│   │   │   │   │   ├── d82/
│   │   │   │   │   ├── f5/
│   │   │   │   │   ├── f65/
│   │   │   │   │   └── n47/
│   │   │   │   ├── d80
│   │   │   │   ├── f177/
│   │   │   │   ├── f181/
│   │   │   │   ├── f219
│   │   │   │   ├── f258/
│   │   │   │   └── f29
│   │   │   ├── f57
│   │   │   ├── f8
│   │   │   ├── n71
│   │   │   └── n90/
│   │   └── n61
│   ├── f38/
│   ├── n106/
│   ├── n116/
│   │   ├── d123/
│   │   ├── f200
│   │   └── n100
│   ├── n21/
│   ├── n40/
│   ├── n72
│   └── n99/
├── n108/
│   ├── d196/
│   │   ├── f190/
│   │   └── n7/
│   ├── d201/
│   ├── f104/
│   ├── f151/
│   ├── f172/
│   │   ├── d149
│   │   └── d93
│   ├── f78/
│   ├── n102/
│   └── n95/
├── n19
├── n46
├── n59
├── n76/
│   ├── d60/
│   ├── f121
│   ├── f145/
│   ├── f158
│   ├── f164/
│   ├── f190
│   ├── f273
│   └── f289/
│       ├── d257/
│       ├── d271/
│       ├── f250
│       └── f292
└── n85/
Invalid operation
Invalid operation
Invalid operation
Invalid operation
d126/
d141
d151
d160/
d166/
d170
d180
d183/
d213/
d228
d241/
d257
d26
d264/
d272
d276
d3/
d33
d61
d82/
d88
d90
f0/
f104/
f115
f127/
f156/
f159/
f170/
f174/
f177
f188
f205/
f212
f232/
f238
f256/
f277
f28/
f291/
f32
f41/
f65
f69/
f85
f90/
f94/
n108/
n19
n46
n59
n76/
n85/
d151:
/d151
d126/
d141
d160/
d166/
d170
d180
d183/
d213/
d228
d241/
d257
d26
d264/
d272
d276
d3/
d33
d61
d82/
d88
d90
f0/
f115
f127/
f156/
f159/
f170/
f174/
f177
f188
f205/
f212
f232/
f238
f256/
f277
f28/
f291/
f32
f41/
f65
f69/
f85
f90/
f94/
n108/
n19
n46
n59
n76/
n85/
Invalid operation
Invalid operation
n76:dir:0
Null
Invalid operation
n76:dir:0
Invalid operation
Invalid operation
Invalid operation
Invalid operation
Invalid operation
Invalid operation
Invalid operation
Invalid operation
Invalid operation
Invalid operation
d126/
d141
d160/
d166/
d170
d180
d183/
d213/
d228
d241/
d257
d26
d264/
d272
d276
d3/
d33
d61
d82/
d88
d90
f0/
f115
f127/
f156/
f159/
f170/
f174/
f177
f205/
f212
f232/
f238
f256/
f277
f28/
f291/
f32
f41/
f65
f69/
f85
f90/
f94/
n108/
n19
n46
n59
n76/
n85/
d126/
d141
d160/
d166/
d170
d180
d183/
d213/
d228
d241/
d257
d26
d264/
d272
d276
d3/
d33
d61
d82/
d88
d90
f0/
f115
f127/
f156/
f159/
f170/
f174/
f177
f188
f205/
f212
f232/
f238
f256/
f277
f28/
f291/
f32
f41/
f65
f69/
f85
f90/
f94/
n108/
n19
n46
n59
n76/
n85/
Invalid operation
Invalid operation
Invalid operation
Invalid operation
Invalid operation
Invalid operation
Invalid operation
Invalid operation
Null
Invalid operation
Invalid operation
Invalid operation
Invalid operation
Invalid operation
Invalid operation
Null
Null
Invalid operation
Null
Invalid operation
Invalid operation
Invalid operation
Invalid operation
Invalid operation
Invalid operation
Invalid operation
Invalid operation
Invalid operation
Invalid operation
Null
Invalid operation
d126/
d141
d160/
d166/
d170
d180
d183/
d205
d213/
d220/
d228
d231
d241/
d257
d26
d264/
d272
d276
d3/
d33
d61
d82/
d88
d90
f0/
f115
f127/
f156/
f159/
f170/
f174/
f177
f188
f205/
f212
f228/
f232/
f238
f256/
f272
f277
f28/
f291/
f32
f41/
f65
f69/
f85
f90/
f94/
n108/
n16
n19
n46
n59
n71/
n76/
n85/
Invalid operation
Invalid operation
d126/
d141
d160/
d166/
d170
d180
d183/
d205
d213/
d220/
d228
d231
d241/
d257
d26
d264/
d272
d276
d3/
d33
d61
d82/
d88
d90
f0/
f115
f127/
f156/
f159/
f170/
f174/
f177
f188
f205/
f212
f228/
f232/
f238
f256/
f272
f277
f28/
f291/
f32
f41/
f65
f69/
f85
f90/
f94/
n108/
n16
n19
n46
n59
n71/
n76/
n85/
Null
f121:md:16
/n76/f121
n76/
├── d60/
├── f145/
├── f158
├── f164/
├── f190
└── f289/
    ├── d257/
    ├── d271/
    ├── f250
    └── f292
f190:12
Invalid operation
Invalid operation
Invalid operation
Invalid operation
d126/
d141
d160/
d166/
d170
d180
d183/
d205
d213/
d219
d220/
d228
d231
d241/
d257
d26
d264/
d272
d276
d3/
d33
d61
d82/
d88
d90
f0/
f104
f115
f127/
f156/
f159/
f170/
f174/
f177
f188
f205/
f212
f228/
f232/
f238
f256/
f272
f277
f28/
f291/
f32
f41/
f65
f69/
f85
f90/
f94/
n108/
n16
n19
n46
n59
n71/
n76/
n85/
d126/
d141
d160/
d166/
d170
d180
d183/
d205
d213/
d219
d220/
d228
d231
d241/
d257
d26
d264/
d272
d276
d3/
d33
d61
d82/
d88
d90
f0/
f104
f115
f127/
f156/
f159/
f170/
f174/
f177
f188
f205/
f212
f228/
f232/
f238
f256/
f272
f277
f28/
f291/
f32
f41/
f65
f69/
f85
f90/
f94/
n108/
n16
n19
n46
n59
n71/
n76/
n85/
Invalid operation
d126/
d141
d160/
d166/
d170
d180
d183/
d205
d213/
d219
d220/
d228
d231
d241/
d257
d26
d264/
d272
d276
d3/
d33
d61
d82/
d88
d90
f0/
f115
f127/
f156/
f159/
f170/
f174/
f177
f188
f205/
f212
f228/
f232/
f238
f256/
f272
f277
f28/
f291/
f32
f41/
f65
f69/
f85
f90/
f94/
n108/
n16
n19
n46
n59
n71/
n76/
n85/
f121:16
f190:12
f158:8
Invalid operation
d60/
f121
f145/
f158
f164/
f190
f289/
d60/
f121
f145/
f158
f164/
f190
f289/
Null
Invalid operation
Invalid operation
d219:7C
d219:E8 01 A3
d219:4E
d219:00
Invalid operation
n76:dir:0
d12:0
Invalid operation
d219:00 00 6C
d126/
d141
d158/
d160/
d166/
d170
d180
d183/
d205
d213/
d219
d220/
d228
d231
d241/
d257
d26
d264/
d272
d276
d3/
d33
d61
d82/
d88
d90
f0/
f115
f127/
f156/
f159/
f170/
f174/
f177
f188
f205/
f212
f228/
f232/
f238
f256/
f272
f277
f28/
f291/
f32
f41/
f65
f69/
f85
f90/
f94/
n108/
n16
n19
n46
n59
n71/
n76/
n85/
f65:41
d180:27
f188:17
f212:17
d170:15
d219:14
d228:14
d88:13
Invalid operation
Invalid operation
f85:dir:0
d219:FF 9F
Invalid operation
d126/
d141
d158/
d160/
d166/
d170
d180
d183/
d205
d213/
d219
d220/
d228
d231
d241/
d257
d26
d264/
d272
d276
d3/
d33
d61
d82/
d88
d90
f0/
f115
f124/
f127/
f131/
f156/
f159/
f170/
f174/
f177
f188
f205/
f212
f228/
f232/
f238
f256/
f272
f277
f28/
f291/
f32
f41/
f65
f69/
f85
f90/
f94/
n108/
n16
n19
n46
n59
n71/
n76/
n85/
d219:FF 9F A8 62 99
d219:41 2D FF 9F A8 62
Invalid operation
n76:dir:0
f252/
f85/
Invalid operation
Invalid operation
f252/
f85/
d214:
f85:dir:0
d214
f184/
f252/
f85/
d214
f184/
f252/
d219:02 63 5E BD AE B8 00 00 46
d214:txt:0
f184/
f252/
Invalid operation
Invalid operation
Invalid operation
Invalid operation
f184/
f252/
f184:dir:0
Null
Invalid operation
f131/
├── f184/
└── f252/
d219:7B 00
Invalid operation
Invalid operation
d219:06 7C C8 FC 53 05 F1 03
Invalid operation
Invalid operation
f131/
├── d188
├── d54
├── f184/
└── f252/
d126/
d141
d158/
d160/
d166/
d170
d180
d183/
d205
d213/
d219
d220/
d228
d231
d241/
d248/
d257
d26
d264/
d272
d276
d3/
d33
d61
d82/
d88
d90
f0/
f115
f124/
f127/
f131/
f156/
f159/
f170/
f174/
f177
f188
f195/
f205/
f212
f228/
f232/
f238
f256/
f272
f277
f28/
f291/
f32
f41/
f65
f69/
f85
f90/
f94/
n108/
n16
n19
n46
n59
n71/
n76/
n85/
Invalid operation
d126/
d141
d158/
d160/
d166/
d170
d180
d183/
d205
d213/
d220/
d228
d231
d241/
d248/
d257
d26
d264/
d272
d276
d3/
d33
d61
d82/
d88
d90
f0/
f115
f124/
f127/
f131/
f156/
f159/
f170/
f174/
f177
f188
f195/
f205/
f212
f228/
f232/
f238
f256/
f272
f277
f28/
f291/
f32
f41/
f65
f69/
f85
f90/
f94/
n108/
n16
n19
n46
n54/
n59
n71/
n76/
n85/
Invalid operation
/f131/d54
Null
f131/
├── d188
├── d54
├── d97
├── f184/
└── f252/
Invalid operation
Null
d188
d54
d97
f0
f184/
f252/
d188
d54
d97
f0
f184/
f252/
d188
d54
d97
f0
f184/
f252/
f261
d188
d54
f0
f184/
f252/
f261
d54:_mey8_.pxwfg7p wbt3p69h6q
Invalid operation
Null
d126/
d141
d158/
d160/
d166/
d170
d180
d183/
d205
d213/
d220/
d228
d241/
d248/
d257
d26
d264/
d272
d276
d3/
d33
d61
d82/
d88
d90
f0/
f115
f124/
f127/
f131/
f156/
f159/
f170/
f174/
f177
f188
f195/
f205/
f212
f228/
f232/
f238
f256/
f272
f277
f28/
f291/
f32
f41/
f65
f69/
f85
f90/
f94/
n108/
n16
n19
n46
n54/
n59
n71/
n76/
n85/
n89/
Invalid operation
Null
Invalid operation
Invalid operation
Invalid operation
Invalid operation
Invalid operation
Invalid operation
d126
d126
Invalid operation
Invalid operation
d126:md:0
Invalid operation
Invalid operation
Null
Invalid operation
Invalid operation
Invalid operation
Invalid operation
f294:
Invalid operation
Invalid operation
Invalid operation
f15/
f15/
f205:dir:0
Invalid operation
Invalid operation
Invalid operation
Invalid operation
f15/
f205/
f15/
f205/
f205:dir:0
Invalid operation
Invalid operation
Invalid operation
/f195/f294
Invalid operation
Invalid operation
Invalid operation
Invalid operation
d152/
f15/
f205/
d152/
f15/
f205/
Invalid operation
Invalid operation
Invalid operation
Invalid operation
d13/
├── d152/
├── f15/
└── f205/
d152/
f15/
f205/
Invalid operation
/f195/f294
Invalid operation
n90:
Invalid operation
d259:md:12
Invalid operation
Invalid operation
d152/
├── d259
├── d51/
└── f267
d259:md:12
Invalid operation
d259
d51/
f267
f80
n63/
Invalid operation
Invalid operation
Invalid operation
d259
d51/
f159/
f237
f267
f80
n63/
f80:_up.780n1_mrnghbstsbm4y67v
/f195/d13/d152/f80
d51:dir:0
f80:_up.780n1_mrnghbstsbm4y67v
Invalid operation
Invalid operation
Invalid operation
f80:txt:17
Invalid operation
Invalid operation
Invalid operation
f80:txt:21
f28:2B
f80:_up.780n1_mrnghbs--4varxj1bl297lyewo7
f28:2B
d259
d285
d51/
f267
f28
f80
n63/
n72/
n9/
f80:_up.780n1_mrnghbs--4v
Invalid operation
f80:_up.780n1_mrnghbs--4v
d259
d285
d51/
f267
f28
f80
n63/
n72/
n9/
/f195/d13/d152/f80
f80:_up.780n1_mrnghbs--4v
f80:21
d259:12
d285:3
f267:2
f28:0
/f195/d13/d152/f80
/f195/d13/d152/f80
Invalid operation
Invalid operation
Invalid operation
Null
f80:_up.780n1_mrnghbs--4v
/f195/d13/d152/f80
f80:23
d259:12
Invalid operation
f80:txt:23
d152/
├── d259
├── d285
├── d51/
├── f0/
├── f249/
├── f267
├── f28
├── f80
├── n63/
├── n72/
└── n9/
f80:23
d259:12
Null
f28:00
Invalid operation
d152/
├── d285
├── d51/
├── d69/
├── f0/
├── f249/
├── f267
├── f28
├── f80
├── n63/
├── n72/
└── n9/
d152/
├── d285
├── d51/
├── d69/
├── f0/
├── f249/
├── f267
├── f28
├── f80
├── n63/
├── n72/
└── n9/
f80:_up.780n1_mrnghbs--4vc8
f80:txt:23
f80:_up.780n1_mrnghbs--4vc8
d152/
├── d285
├── d51/
├── d69/
├── f0/
├── f249/
├── f267
├── f28
├── f80
├── n63/
├── n72/
└── n9/
f28:00 57 CC
f28:C5
d285
d51/
d69/
f0/
f174
f205/
f249/
f267
f28
f80
n63/
n72/
n9/
d285
d51/
d69/
f0/
f174
f205/
f249/
f267
f28
f80
n63/
n72/
n9/
/f195/d13/d152/f80
Invalid operation
f28:58
Invalid operation
f80:txt:25
Invalid operation
Null
f80:25
f28:19
d154/
d232/
d69/
f0/
f17
f205/
f249/
f267
f28
f80
n63/
n72/
n9/
Null
f80:txt:25
Invalid operation
d154/
d232/
d69/
f0/
f17
f205/
f249/
f267
f28
f80
n63/
n72/
n9/
f28:28 44 65 96 F8 68 14 00 88 26 5E EF 33 D5 AD
f28:27
f80:25
f267:2
f17:0
f80:_up.780n1_mrnghbs--4vc8gw
/f195/d13/d152/f80
f28:30
f80:25
f267:2
f17:0
d152/
├── d154/
├── d232/
├── d69/
├── f0/
├── f17
├── f205/
├── f249/
├── f267
├── f28
├── f80
├── n63/
├── n72/
└── n9/
Invalid operation
f80:_up.780n1_mrnghbs--4vc8gwr jfwd43_ig68wh
d154/
d228
d232/
d69/
f0/
f17
f205/
f249/
f267
f80
n63/
n72/
n9/
Invalid operation
f80:txt:41
Invalid operation
Invalid operation
Invalid operation
d154/
d228
d232/
d233/
d69/
f0/
f17
f205/
f249/
f267
f80
n112
n63/
n72/
n82
n9/
/f195/d13/d152/f80
Invalid operation
Invalid operation
/f195/d13/d152/f80
d154/
d228
d232/
d233/
d69/
f0/
f17
f205/
f249/
f267
f80
n112
n63/
n72/
n82
n9/
f80:_up.780n1_mrnghbs--4vc8gwr jfwd43_ig68wh49n.2ryc1
f80:txt:49
Null
d154/
d228
d232/
d233/
d30
d69/
f0/
f17
f205/
f249/
f267
f80
n112
n63/
n72/
n82
n9/
f80:txt:60
Invalid operation
/f195/d13/d152/f80
Invalid operation
Null
/f195/d13/d152/f80
d69/
Invalid operation
d35:
f80:_up.780n1_mrnghbs--4vc8gwr jfwd43_ig68wh49n.2ryc1xisjewbuodpxlgcze
f80:_up.780n1_mrnghbs--4vc8gwr jfwd43_ig68wh49n.2ryc1xisjewbuodpxlgcze
d30:B0 F3 36 00 00 00 A2 A0 F9 78
d154/
d232/
d233/
d30
d69/
f0/
f132
f17
f205/
f249/
f267
f290
f80
n112
n36
n56/
n62
n63/
n68/
n72/
n82
n9/
d154/
d232/
d233/
d30
d69/
f0/
f132
f17
f205/
f249/
f267
f290
f80
n112
n36
n56/
n62
n63/
n68/
n72/
n82
n9/
d30:F9 78 94 90 96 00
Null
f80:txt:66
d30:F3 36 00 00
d154/
d232/
d233/
d30
d69/
f0/
f132
f17
f205/
f249/
f267
f290
f80
n112
n36
n56/
n62
n63/
n68/
n72/
n82
n9/
f80:_up.780n1_mrnghbs--4vc8gwr jfwd43_ig68wh49n.2ryc1xisjewbuodpxlgcze
f80:txt:66
/f195/d13/d152/f80
d30:1A B0 F3
n90:
Invalid operation
f80:69
d30:23
f72:17
n82:6
f132:3
f267:2
n36:2
n62:2
Invalid operation
Invalid operation
Invalid operation
n117:8
d30:9B 0D FF 2D
Null
d41:txt:1
d41:txt:1
f251
f83/
n60
Invalid operation
d30:36
n117:txt:8
n117:8
f290:1
n117:oeivth7m
d176/
d232/
d57
f290
Invalid operation
f80:txt:69
f80:69
d30:20
n82:6
f132:3
f267:2
/f195/d13/d152/f80
Null
d140
d154/
d18
d232/
d30
d69/
f0/
f132
f17
f181/
f205/
f249/
f267
f290
f80
n36
n56/
n62
n63/
n82
n9/
d140
d154/
d18
d232/
d30
d69/
f0/
f132
f17
f181/
f205/
f249/
f267
f290
f80
n36
n56/
n62
n63/
n82
n9/
Invalid operation
f80:_up.780n1_mrnghbs--4vc8gwr jfwd43_ig68wh49n.2ryc1xisjewbuodpxlgczevxx
d140
d154/
d18
d232/
d30
d69/
f0/
f132
f17
f181/
f205/
f249/
f267
f290
f80
n36
n56/
n62
n63/
n82
n9/
Invalid operation
d30:F9 78 94
/f195/d13/d152/f80
Invalid operation
Invalid operation
d140
d154/
d18
d232/
d30
d69/
f0/
f132
f146/
f17
f181/
f205/
f249/
f267
f80
f94
n36
n56/
n62
n63/
n82
n9/
f80:70
d30:18
f94:11
n82:6
f132:3
f80:_up.780n1_mrnghbs--4vc8gwr jfwd43_ig68wh49n.2ryc1xisjewbuodpxlgczevxxx
/f195/d13/d152/f80
f80:_up.780n1_mrnghbs--4vc8gwr jfwd43_ig68wh49n.2ryc1xisjewbuodpxlgczevxxx
f80:txt:70
f205:dir:0
d214:4
d37:4
d118:0
n90:0
Invalid operation
d118
d152/
f15/
f205/
n90
d118
d152/
d91/
f15/
f205/
n90
Invalid operation
d186:11
d118:0
n90:0
d118
d152/
d186
d91/
f15/
f205/
f248
n90
Invalid operation
d118
d152/
d186
d91/
f15/
f205/
f248
n90
Invalid operation
Invalid operation
d186:11
d118:0
Invalid operation
Invalid operation
Invalid operation
d13/
├── d152/
│   ├── d140
│   ├── d154/
│   ├── d18
│   ├── d232/
│   ├── d30
│   ├── d69/
│   ├── f0/
│   ├── f146/
│   ├── f17
│   ├── f181/
│   ├── f205/
│   ├── f249/
│   ├── f267
│   ├── f80
│   ├── f94
│   ├── n15
│   ├── n36
│   ├── n56/
│   │   ├── d176/
│   │   │   ├── f83/
│   │   │   └── n60
│   │   ├── d232/
│   │   ├── d57
│   │   ├── f290
│   │   └── n117
│   ├── n62
│   ├── n63/
│   ├── n82
│   └── n9/
├── d186
├── d91/
├── f122/
├── f15/
├── f205/
├── f219
└── n90
Invalid operation
Invalid operation
Invalid operation
Invalid operation
Invalid operation
d13
d152/
d186
d91/
f122/
f15/
f205/
f219
n83/
n90
Invalid operation
n90:
d13
d152/
d186
f122/
f132/
f15/
f205/
f219
n74
n83/
n90
Invalid operation
/f195/d13/n90
n90:q0ni-hkgiknzcdhev
Invalid operation
/f195/d13/d152/f80
/f195/d13/d152/f80
d13
d152/
d186
f122/
f132/
f139
f15/
f205/
f219
n74
n83/
n90
Invalid operation
Invalid operation
Invalid operation
Invalid operation
d13
d152/
d186
f122/
f132/
f139
f15/
f205/
f219
n74
n83/
n90
f294:0
d13/
d2
d55/
f299/
n82/
Invalid operation
Null
/f195/d2
f299/
Invalid operation
d13:dir:0
Invalid operation
f195/
├── d13/
│   ├── d13
│   ├── d152/
│   │   ├── d140
│   │   ├── d154/
│   │   ├── d18
│   │   ├── d232/
│   │   ├── d30
│   │   ├── d69/
│   │   ├── f0/
│   │   ├── f146/
│   │   ├── f17
│   │   ├── f181/
│   │   ├── f205/
│   │   ├── f249/
│   │   ├── f267
│   │   ├── f80
│   │   ├── f94
│   │   ├── n15
│   │   ├── n36
│   │   ├── n56/
│   │   │   ├── d176/
│   │   │   │   ├── f83/
│   │   │   │   └── n60
│   │   │   ├── d232/
│   │   │   ├── d57
│   │   │   ├── f290
│   │   │   └── n117
│   │   ├── n62
│   │   ├── n63/
│   │   ├── n82
│   │   └── n9/
│   ├── d186
│   ├── f122/
│   ├── f132/
│   ├── f139
│   ├── f15/
│   ├── f205/
│   ├── f219
│   ├── n74
│   ├── n83/
│   └── n90
├── d2
├── d55/
├── f299/
│   └── f43
└── n82/
d13/
d2
d55/
f299/
n82/
Invalid operation
d2:7i k5rr..31k47vdx1ygba1wvf7c
Invalid operation
d13/
d2
d55/
f299/
f91
n118
n82/
d13/
d2
d55/
f299/
f91
n118
n82/
d13/
d2
d55/
f299/
f91
n118
n82/
Invalid operation
d13:dir:0
Invalid operation
d13:dir:0
n88:10
Invalid operation
Invalid operation
d13:dir:0
Null
Invalid operation
Invalid operation
Invalid operation
d13/
d55/
f154
f299/
n88
Invalid operation
Invalid operation
f65:41
d180:27
f188:17
f212:17
d170:15
d228:14
d88:13
f277:13
Invalid operation
Invalid operation
Invalid operation
f65:41
d180:27
f188:17
f212:17
d170:15
d228:14
Invalid operation
Invalid operation
Invalid operation
d126/
d141
d158/
d160/
d166/
d170
d180
d183/
d205
d213/
d220/
d228
d241/
d248/
d257
d26
d264/
d272
d276
d3/
d33
d61
d82/
d88
d90
f0/
f115
f124/
f127/
f131/
f156/
f159/
f170/
f174/
f177
f188
f195/
f205/
f21
f212
f228/
f232/
f238
f256/
f272
f274
f277
f28/
f291/
f3
f32
f41/
f65
f69/
f85
f90/
f94/
n108/
n16
n19
n46
n54/
n59
n71/
n76/
n85/
n89/
Invalid operation
/
├── d126/
├── d132
├── d141
├── d158/
├── d160/
│   ├── d135
│   ├── d144/
│   ├── d233/
│   ├── d54
│   ├── d79
│   ├── d82/
│   │   ├── d11
│   │   ├── d178
│   │   ├── d179
│   │   ├── f102
│   │   ├── f13/
│   │   ├── f249
│   │   ├── f25
│   │   ├── f33/
│   │   ├── f49
│   │   ├── f57
│   │   ├── f82
│   │   ├── n2
│   │   ├── n49/
│   │   └── n62/
│   ├── d92/
│   ├── f11
│   ├── f128/
│   ├── f209
│   ├── f275
│   ├── f288
│   ├── f58/
│   ├── f83
│   ├── n23/
│   └── n77
├── d166/
│   ├── d141/
│   ├── d148
│   ├── d181
│   ├── d202
│   ├── d208/
│   ├── d236/
│   ├── d286/
│   ├── d288
│   ├── d85
│   ├── d89/
│   ├── d91
│   ├── f111
│   ├── f141
│   ├── f155/
│   ├── f160/
│   ├── f176/
│   ├── f263/
│   ├── f36
│   ├── f73/
│   ├── f76
│   ├── n112/
│   ├── n32/
│   ├── n56/
│   └── n65/
│       ├── d213/
│       ├── d91/
│       ├── f166
│       ├── f237
│       ├── f38/
│       │   ├── d17/
│       │   ├── d189/
│       │   ├── d45
│       │   ├── d96/
│       │   │   ├── f124
│       │   │   ├── f13/
│       │   │   │   └── f212/
│       │   │   └── f212/
│       │   ├── d98/
│       │   ├── f104
│       │   ├── f164
│       │   ├── f295/
│       │   ├── f299
│       │   ├── f88
│       │   ├── n119
│       │   └── n36
│       ├── n110/
│       ├── n44
│       └── n94/
├── d170
├── d180
├── d183/
├── d205
├── d213/
├── d220/
│   └── d12
├── d228
├── d241/
│   ├── d131
│   └── f242/
├── d248/
├── d257
├── d26
├── d264/
├── d272
├── d276
├── d3/
├── d33
├── d61
├── d82/
├── d88
├── d90
├── f0/
├── f115
├── f124/
├── f127/
├── f131/
│   ├── d188
│   ├── d54
│   ├── d97
│   ├── f0
│   ├── f184/
│   ├── f252/
│   └── f261
├── f156/
├── f159/
├── f170/
├── f174/
├── f177
├── f188
├── f195/
│   ├── d13/
│   │   ├── d13
│   │   ├── d152/
│   │   │   ├── d140
│   │   │   ├── d154/
│   │   │   ├── d18
│   │   │   ├── d232/
│   │   │   ├── d30
│   │   │   ├── d69/
│   │   │   ├── f0/
│   │   │   ├── f146/
│   │   │   ├── f17
│   │   │   ├── f181/
│   │   │   ├── f205/
│   │   │   ├── f249/
│   │   │   ├── f267
│   │   │   ├── f80
│   │   │   ├── f94
│   │   │   ├── n15
│   │   │   ├── n36
│   │   │   ├── n56/
│   │   │   │   ├── d176/
│   │   │   │   │   ├── f83/
│   │   │   │   │   └── n60
│   │   │   │   ├── d232/
│   │   │   │   ├── d57
│   │   │   │   ├── f290
│   │   │   │   └── n117
│   │   │   ├── n62
│   │   │   ├── n63/
│   │   │   ├── n82
│   │   │   └── n9/
│   │   ├── d186
│   │   ├── f122/
│   │   ├── f132/
│   │   ├── f139
│   │   ├── f15/
│   │   ├── f205/
│   │   ├── f219
│   │   ├── n74
│   │   ├── n83/
│   │   └── n90
│   ├── d55/
│   ├── f154
│   ├── f299/
│   │   └── f43
│   └── n88
├── f205/
├── f21
├── f212
├── f228/
├── f232/
├── f238
├── f256/
├── f272
├── f274
├── f277
├── f28/
├── f291/
├── f3
├── f32
├── f41/
├── f65
├── f69/
├── f85
├── f90/
├── f94/
│   ├── d127
│   ├── d156/
│   ├── d161/
│   ├── d165
│   ├── d168
│   ├── d191
│   ├── d209
│   ├── d211
│   ├── d240/
│   ├── d284/
│   ├── d60
│   ├── d63/
│   ├── d71
│   ├── f117/
│   ├── f125
│   ├── f14
│   ├── f215/
│   ├── f226/
│   │   ├── d129/
│   │   │   ├── d193
│   │   │   ├── d252
│   │   │   ├── d65
│   │   │   ├── f195
│   │   │   └── n116/
│   │   ├── d133/
│   │   │   ├── d142/
│   │   │   ├── d16/
│   │   │   │   ├── d130
│   │   │   │   ├── d138
│   │   │   │   ├── f169/
│   │   │   │   └── f191
│   │   │   ├── d175
│   │   │   ├── d99/
│   │   │   ├── f145/
│   │   │   ├── n112
│   │   │   └── n59
│   │   ├── d213
│   │   ├── d240/
│   │   ├── d256/
│   │   ├── d299/
│   │   ├── f151/
│   │   ├── f165/
│   │   ├── f186
│   │   ├── f188
│   │   ├── f232/
│   │   ├── f71
│   │   ├── f95
│   │   ├── n0
│   │   └── n87/
│   ├── f229/
│   ├── f255/
│   ├── f259
│   ├── f280/
│   │   ├── d0/
│   │   ├── d103
│   │   ├── d148
│   │   ├── d154
│   │   ├── d190/
│   │   ├── d227/
│   │   ├── d233
│   │   ├── d272/
│   │   ├── d288/
│   │   ├── d299/
│   │   ├── d30/
│   │   ├── f102/
│   │   ├── f154/
│   │   │   ├── d146/
│   │   │   └── f293
│   │   ├── f171/
│   │   │   ├── d52
│   │   │   └── f231
│   │   ├── f182
│   │   ├── f202
│   │   ├── f270
│   │   ├── f293/
│   │   ├── f294/
│   │   ├── f59/
│   │   ├── n1
│   │   ├── n101
│   │   ├── n103/
│   │   ├── n107/
│   │   │   ├── d145/
│   │   │   ├── d163/
│   │   │   ├── d196
│   │   │   ├── d283/
│   │   │   ├── d294/
│   │   │   │   ├── d53/
│   │   │   │   └── f205/
│   │   │   ├── d3
│   │   │   ├── d5
│   │   │   ├── d59
│   │   │   ├── f116
│   │   │   ├── f157
│   │   │   ├── f181/
│   │   │   ├── f221/
│   │   │   ├── f223
│   │   │   ├── f5/
│   │   │   │   ├── d144
│   │   │   │   ├── d160/
│   │   │   │   │   ├── d121
│   │   │   │   │   ├── d23
│   │   │   │   │   ├── d239
│   │   │   │   │   ├── d282/
│   │   │   │   │   ├── d82/
│   │   │   │   │   ├── f5/
│   │   │   │   │   ├── f65/
│   │   │   │   │   └── n47/
│   │   │   │   ├── d80
│   │   │   │   ├── f177/
│   │   │   │   ├── f181/
│   │   │   │   ├── f219
│   │   │   │   ├── f258/
│   │   │   │   └── f29
│   │   │   ├── f57
│   │   │   ├── f8
│   │   │   ├── n71
│   │   │   └── n90/
│   │   └── n61
│   ├── f38/
│   ├── n106/
│   ├── n116/
│   │   ├── d123/
│   │   ├── f200
│   │   └── n100
│   ├── n21/
│   ├── n40/
│   ├── n72
│   └── n99/
├── n108/
│   ├── d196/
│   │   ├── f190/
│   │   └── n7/
│   ├── d201/
│   ├── f104/
│   ├── f151/
│   ├── f172/
│   │   ├── d149
│   │   └── d93
│   ├── f78/
│   ├── n102/
│   └── n95/
├── n16
├── n19
├── n46
├── n54/
├── n59
├── n65
├── n71/
├── n76/
│   ├── d60/
│   ├── f121
│   ├── f145/
│   ├── f158
│   ├── f164/
│   ├── f190
│   └── f289/
│       ├── d257/
│       ├── d271/
│       ├── f250
│       └── f292
├── n85/
└── n89/
d126/
d132
d141
d158/
d160/
d166/
d170
d180
d183/
d205
d213/
d220/
d228
d241/
d248/
d257
d26
d264/
d272
d276
d3/
d33
d61
d82/
d88
d90
f0/
f115
f124/
f127/
f131/
f156/
f159/
f170/
f174/
f177
f188
f195/
f205/
f21
f212
f228/
f232/
f238
f256/
f272
f274
f277
f28/
f291/
f3
f32
f41/
f65
f69/
f85
f90/
f94/
n108/
n16
n19
n46
n54/
n59
n65
n71/
n76/
n85/
n89/
/
├── d126/
├── d132
├── d141
├── d158/
├── d160/
│   ├── d135
│   ├── d144/
│   ├── d233/
│   ├── d54
│   ├── d79
│   ├── d82/
│   │   ├── d11
│   │   ├── d178
│   │   ├── d179
│   │   ├── f102
│   │   ├── f13/
│   │   ├── f249
│   │   ├── f25
│   │   ├── f33/
│   │   ├── f49
│   │   ├── f57
│   │   ├── f82
│   │   ├── n2
│   │   ├── n49/
│   │   └── n62/
│   ├── d92/
│   ├── f11
│   ├── f128/
│   ├── f209
│   ├── f275
│   ├── f288
│   ├── f58/
│   ├── f83
│   ├── n23/
│   └── n77
├── d166/
│   ├── d141/
│   ├── d148
│   ├── d181
│   ├── d202
│   ├── d208/
│   ├── d236/
│   ├── d286/
│   ├── d288
│   ├── d85
│   ├── d89/
│   ├── d91
│   ├── f111
│   ├── f141
│   ├── f155/
│   ├── f160/
│   ├── f176/
│   ├── f263/
│   ├── f36
│   ├── f73/
│   ├── f76
│   ├── n112/
│   ├── n32/
│   ├── n56/
│   └── n65/
│       ├── d213/
│       ├── d91/
│       ├── f166
│       ├── f237
│       ├── f38/
│       │   ├── d17/
│       │   ├── d189/
│       │   ├── d45
│       │   ├── d96/
│       │   │   ├── f124
│       │   │   ├── f13/
│       │   │   │   └── f212/
│       │   │   └── f212/
│       │   ├── d98/
│       │   ├── f104
│       │   ├── f164
│       │   ├── f295/
│       │   ├── f299
│       │   ├── f88
│       │   ├── n119
│       │   └── n36
│       ├── n110/
│       ├── n44
│       └── n94/
├── d170
├── d180
├── d183/
├── d205
├── d213/
├── d220/
│   └── d12
├── d228
├── d241/
│   ├── d131
│   └── f242/
├── d248/
├── d257
├── d26
├── d264/
├── d272
├── d276
├── d3/
├── d33
├── d61
├── d82/
├── d88
├── d90
├── f0/
├── f115
├── f124/
├── f127/
├── f131/
│   ├── d188
│   ├── d54
│   ├── d97
│   ├── f0
│   ├── f184/
│   ├── f252/
│   └── f261
├── f156/
├── f159/
├── f170/
├── f174/
├── f177
├── f188
├── f195/
│   ├── d13/
│   │   ├── d13
│   │   ├── d152/
│   │   │   ├── d140
│   │   │   ├── d154/
│   │   │   ├── d18
│   │   │   ├── d232/
│   │   │   ├── d30
│   │   │   ├── d69/
│   │   │   ├── f0/
│   │   │   ├── f146/
│   │   │   ├── f17
│   │   │   ├── f181/
│   │   │   ├── f205/
│   │   │   ├── f249/
│   │   │   ├── f267
│   │   │   ├── f80
│   │   │   ├── f94
│   │   │   ├── n15
│   │   │   ├── n36
│   │   │   ├── n56/
│   │   │   │   ├── d176/
│   │   │   │   │   ├── f83/
│   │   │   │   │   └── n60
│   │   │   │   ├── d232/
│   │   │   │   ├── d57
│   │   │   │   ├── f290
│   │   │   │   └── n117
│   │   │   ├── n62
│   │   │   ├── n63/
│   │   │   ├── n82
│   │   │   └── n9/
│   │   ├── d186
│   │   ├── f122/
│   │   ├── f132/
│   │   ├── f139
│   │   ├── f15/
│   │   ├── f205/
│   │   ├── f219
│   │   ├── n74
│   │   ├── n83/
│   │   └── n90
│   ├── d55/
│   ├── f154
│   ├── f299/
│   │   └── f43
│   └── n88
├── f205/
├── f21
├── f212
├── f228/
├── f232/
├── f238
├── f256/
├── f272
├── f274
├── f277
├── f28/
├── f291/
├── f3
├── f32
├── f41/
├── f65
├── f69/
├── f85
├── f90/
├── f94/
│   ├── d127
│   ├── d156/
│   ├── d161/
│   ├── d165
│   ├── d168
│   ├── d191
│   ├── d209
│   ├── d211
│   ├── d240/
│   ├── d284/
│   ├── d60
│   ├── d63/
│   ├── d71
│   ├── f117/
│   ├── f125
│   ├── f14
│   ├── f215/
│   ├── f226/
│   │   ├── d129/
│   │   │   ├── d193
│   │   │   ├── d252
│   │   │   ├── d65
│   │   │   ├── f195
│   │   │   └── n116/
│   │   ├── d133/
│   │   │   ├── d142/
│   │   │   ├── d16/
│   │   │   │   ├── d130
│   │   │   │   ├── d138
│   │   │   │   ├── f169/
│   │   │   │   └── f191
│   │   │   ├── d175
│   │   │   ├── d99/
│   │   │   ├── f145/
│   │   │   ├── n112
│   │   │   └── n59
│   │   ├── d213
│   │   ├── d240/
│   │   ├── d256/
│   │   ├── d299/
│   │   ├── f151/
│   │   ├── f165/
│   │   ├── f186
│   │   ├── f188
│   │   ├── f232/
│   │   ├── f71
│   │   ├── f95
│   │   ├── n0
│   │   └── n87/
│   ├── f229/
│   ├── f255/
│   ├── f259
│   ├── f280/
│   │   ├── d0/
│   │   ├── d103
│   │   ├── d148
│   │   ├── d154
│   │   ├── d190/
│   │   ├── d227/
│   │   ├── d233
│   │   ├── d272/
│   │   ├── d288/
│   │   ├── d299/
│   │   ├── d30/
│   │   ├── f102/
│   │   ├── f154/
│   │   │   ├── d146/
│   │   │   └── f293
│   │   ├── f171/
│   │   │   ├── d52
│   │   │   └── f231
│   │   ├── f182
│   │   ├── f202
│   │   ├── f270
│   │   ├── f293/
│   │   ├── f294/
│   │   ├── f59/
│   │   ├── n1
│   │   ├── n101
│   │   ├── n103/
│   │   ├── n107/
│   │   │   ├── d145/
│   │   │   ├── d163/
│   │   │   ├── d196
│   │   │   ├── d283/
│   │   │   ├── d294/
│   │   │   │   ├── d53/
│   │   │   │   └── f205/
│   │   │   ├── d3
│   │   │   ├── d5
│   │   │   ├── d59
│   │   │   ├── f116
│   │   │   ├── f157
│   │   │   ├── f181/
│   │   │   ├── f221/
│   │   │   ├── f223
│   │   │   ├── f5/
│   │   │   │   ├── d144
│   │   │   │   ├── d160/
│   │   │   │   │   ├── d121
│   │   │   │   │   ├── d23
│   │   │   │   │   ├── d239
│   │   │   │   │   ├── d282/
│   │   │   │   │   ├── d82/
│   │   │   │   │   ├── f5/
│   │   │   │   │   ├── f65/
│   │   │   │   │   └── n47/
│   │   │   │   ├── d80
│   │   │   │   ├── f177/
│   │   │   │   ├── f181/
│   │   │   │   ├── f219
│   │   │   │   ├── f258/
│   │   │   │   └── f29
│   │   │   ├── f57
│   │   │   ├── f8
│   │   │   ├── n71
│   │   │   └── n90/
│   │   └── n61
│   ├── f38/
│   ├── n106/
│   ├── n116/
│   │   ├── d123/
│   │   ├── f200
│   │   └── n100
│   ├── n21/
│   ├── n40/
│   ├── n72
│   └── n99/
├── n108/
│   ├── d196/
│   │   ├── f190/
│   │   └── n7/
│   ├── d201/
│   ├── f104/
│   ├── f151/
│   ├── f172/
│   │   ├── d149
│   │   └── d93
│   ├── f78/
│   ├── n102/
│   └── n95/
├── n16
├── n19
├── n29
├── n46
├── n54/
├── n59
├── n65
├── n71/
├── n76/
│   ├── d60/
│   ├── f121
│   ├── f145/
│   ├── f158
│   ├── f164/
│   ├── f190
│   └── f289/
│       ├── d257/
│       ├── d271/
│       ├── f250
│       └── f292
├── n85/
└── n89/
Invalid operation
/
├── d126/
├── d132
├── d141
├── d158/
├── d160/
│   ├── d135
│   ├── d144/
│   ├── d233/
│   ├── d54
│   ├── d79
│   ├── d82/
│   │   ├── d11
│   │   ├── d178
│   │   ├── d179
│   │   ├── f102
│   │   ├── f13/
│   │   ├── f249
│   │   ├── f25
│   │   ├── f33/
│   │   ├── f49
│   │   ├── f57
│   │   ├── f82
│   │   ├── n2
│   │   ├── n49/
│   │   └── n62/
│   ├── d92/
│   ├── f11
│   ├── f128/
│   ├── f209
│   ├── f275
│   ├── f288
│   ├── f58/
│   ├── f83
│   ├── n23/
│   └── n77
├── d166/
│   ├── d141/
│   ├── d148
│   ├── d181
│   ├── d202
│   ├── d208/
│   ├── d236/
│   ├── d286/
│   ├── d288
│   ├── d85
│   ├── d89/
│   ├── d91
│   ├── f111
│   ├── f141
│   ├── f155/
│   ├── f160/
│   ├── f176/
│   ├── f263/
│   ├── f36
│   ├── f73/
│   ├── f76
│   ├── n112/
│   ├── n32/
│   ├── n56/
│   └── n65/
│       ├── d213/
│       ├── d91/
│       ├── f166
│       ├── f237
│       ├── f38/
│       │   ├── d17/
│       │   ├── d189/
│       │   ├── d45
│       │   ├── d96/
│       │   │   ├── f124
│       │   │   ├── f13/
│       │   │   │   └── f212/
│       │   │   └── f212/
│       │   ├── d98/
│       │   ├── f104
│       │   ├── f164
│       │   ├── f295/
│       │   ├── f299
│       │   ├── f88
│       │   ├── n119
│       │   └── n36
│       ├── n110/
│       ├── n44
│       └── n94/
├── d170
├── d180
├── d183/
├── d205
├── d213/
├── d220/
│   └── d12
├── d228
├── d241/
│   ├── d131
│   └── f242/
├── d248/
├── d257
├── d26
├── d264/
├── d272
├── d276
├── d3/
├── d33
├── d61
├── d82/
├── d88
├── d90
├── f0/
├── f115
├── f124/
├── f127/
├── f131/
│   ├── d188
│   ├── d54
│   ├── d97
│   ├── f0
│   ├── f184/
│   ├── f252/
│   └── f261
├── f15
├── f156/
├── f159/
├── f170/
├── f174/
├── f177
├── f188
├── f195/
│   ├── d13/
│   │   ├── d13
│   │   ├── d152/
│   │   │   ├── d140
│   │   │   ├── d154/
│   │   │   ├── d18
│   │   │   ├── d232/
│   │   │   ├── d30
│   │   │   ├── d69/
│   │   │   ├── f0/
│   │   │   ├── f146/
│   │   │   ├── f17
│   │   │   ├── f181/
│   │   │   ├── f205/
│   │   │   ├── f249/
│   │   │   ├── f267
│   │   │   ├── f80
│   │   │   ├── f94
│   │   │   ├── n15
│   │   │   ├── n36
│   │   │   ├── n56/
│   │   │   │   ├── d176/
│   │   │   │   │   ├── f83/
│   │   │   │   │   └── n60
│   │   │   │   ├── d232/
│   │   │   │   ├── d57
│   │   │   │   ├── f290
│   │   │   │   └── n117
│   │   │   ├── n62
│   │   │   ├── n63/
│   │   │   ├── n82
│   │   │   └── n9/
│   │   ├── d186
│   │   ├── f122/
│   │   ├── f132/
│   │   ├── f139
│   │   ├── f15/
│   │   ├── f205/
│   │   ├── f219
│   │   ├── n74
│   │   ├── n83/
│   │   └── n90
│   ├── d55/
│   ├── f154
│   ├── f299/
│   │   └── f43
│   └── n88
├── f205/
├── f21
├── f212
├── f228/
├── f232/
├── f238
├── f256/
├── f272
├── f274
├── f277
├── f28/
├── f291/
├── f3
├── f32
├── f41/
├── f65
├── f69/
├── f85
├── f90/
├── f94/
│   ├── d127
│   ├── d156/
│   ├── d161/
│   ├── d165
│   ├── d168
│   ├── d191
│   ├── d209
│   ├── d211
│   ├── d240/
│   ├── d284/
│   ├── d60
│   ├── d63/
│   ├── d71
│   ├── f117/
│   ├── f125
│   ├── f14
│   ├── f215/
│   ├── f226/
│   │   ├── d129/
│   │   │   ├── d193
│   │   │   ├── d252
│   │   │   ├── d65
│   │   │   ├── f195
│   │   │   └── n116/
│   │   ├── d133/
│   │   │   ├── d142/
│   │   │   ├── d16/
│   │   │   │   ├── d130
│   │   │   │   ├── d138
│   │   │   │   ├── f169/
│   │   │   │   └── f191
│   │   │   ├── d175
│   │   │   ├── d99/
│   │   │   ├── f145/
│   │   │   ├── n112
│   │   │   └── n59
│   │   ├── d213
│   │   ├── d240/
│   │   ├── d256/
│   │   ├── d299/
│   │   ├── f151/
│   │   ├── f165/
│   │   ├── f186
│   │   ├── f188
│   │   ├── f232/
│   │   ├── f71
│   │   ├── f95
│   │   ├── n0
│   │   └── n87/
│   ├── f229/
│   ├── f255/
│   ├── f259
│   ├── f280/
│   │   ├── d0/
│   │   ├── d103
│   │   ├── d148
│   │   ├── d154
│   │   ├── d190/
│   │   ├── d227/
│   │   ├── d233
│   │   ├── d272/
│   │   ├── d288/
│   │   ├── d299/
│   │   ├── d30/
│   │   ├── f102/
│   │   ├── f154/
│   │   │   ├── d146/
│   │   │   └── f293
│   │   ├── f171/
│   │   │   ├── d52
│   │   │   └── f231
│   │   ├── f182
│   │   ├── f202
│   │   ├── f270
│   │   ├── f293/
│   │   ├── f294/
│   │   ├── f59/
│   │   ├── n1
│   │   ├── n101
│   │   ├── n103/
│   │   ├── n107/
│   │   │   ├── d145/
│   │   │   ├── d163/
│   │   │   ├── d196
│   │   │   ├── d283/
│   │   │   ├── d294/
│   │   │   │   ├── d53/
│   │   │   │   └── f205/
│   │   │   ├── d3
│   │   │   ├── d5
│   │   │   ├── d59
│   │   │   ├── f116
│   │   │   ├── f157
│   │   │   ├── f181/
│   │   │   ├── f221/
│   │   │   ├── f223
│   │   │   ├── f5/
│   │   │   │   ├── d144
│   │   │   │   ├── d160/
│   │   │   │   │   ├── d121
│   │   │   │   │   ├── d23
│   │   │   │   │   ├── d239
│   │   │   │   │   ├── d282/
│   │   │   │   │   ├── d82/
│   │   │   │   │   ├── f5/
│   │   │   │   │   ├── f65/
│   │   │   │   │   └── n47/
│   │   │   │   ├── d80
│   │   │   │   ├── f177/
│   │   │   │   ├── f181/
│   │   │   │   ├── f219
│   │   │   │   ├── f258/
│   │   │   │   └── f29
│   │   │   ├── f57
│   │   │   ├── f8
│   │   │   ├── n71
│   │   │   └── n90/
│   │   └── n61
│   ├── f38/
│   ├── n106/
│   ├── n116/
│   │   ├── d123/
│   │   ├── f200
│   │   └── n100
│   ├── n21/
│   ├── n40/
│   ├── n72
│   └── n99/
├── n108/
│   ├── d196/
│   │   ├── f190/
│   │   └── n7/
│   ├── d201/
│   ├── f104/
│   ├── f151/
│   ├── f172/
│   │   ├── d149
│   │   └── d93
│   ├── f78/
│   ├── n102/
│   └── n95/
├── n16
├── n19
├── n29
├── n46
├── n54/
├── n59
├── n65
├── n71/
├── n76/
│   ├── d60/
│   ├── f121
│   ├── f145/
│   ├── f158
│   ├── f164/
│   ├── f190
│   └── f289/
│       ├── d257/
│       ├── d271/
│       ├── f250
│       └── f292
├── n85/
└── n89/
Null
Invalid operation
f248:CC 5A
Invalid operation
f248:3A D2
Null
f248:2E
Invalid operation
d242/
n76:dir:0
Invalid operation
f131:00
f131:00
d148:dir:0
Invalid operation
Invalid operation
Invalid operation
Invalid operation
Invalid operation
Invalid operation
Invalid operation
d148:dir:0
Null
Invalid operation
Invalid operation
Invalid operation
d242/
├── d133
├── d148/
├── d71
├── f101
├── f131
├── f199/
└── f238
d133
d148/
d71
f101
f131
f199/
f238
Invalid operation
d242/
├── d133
├── d148/
├── f101
├── f131
├── f199/
├── f238
└── n38/
d242/
├── d133
├── d148/
├── f101
├── f131
├── f199/
├── f238
└── n38/
Invalid operation
d133
d148/
f101
f131
f199/
f238
f101:15
f131:15
Invalid operation
Invalid operation
Invalid operation
Invalid operation
d148:dir:0
Null
Null
d133:qnjtl1
f101:15
f238:15
d148/
d249
f101
f199/
f238
d148:dir:0
/n71/d242/f101
f101:15
d215:14
f156:3
d249:2
d44:0
f156:9A 7B 65
f101:15
d215:14
f156:3
d249:2
d44:0
f156:9A 7B
/n71/d242/f101
Invalid operation
/f177
f101:vrl94fp_.mt2-8p
d148:dir:0
Invalid operation
d148/
d227
f156:28 8B
f156:8A 09 09
f101:16
d215:14
f156:14
d192:7
d156:5
d199:1
d44:0
d242/
├── d148/
├── d156
├── d192
├── d199
├── d215
├── d44
├── f101
├── f156
├── f199/
└── n13/
f156:00
Invalid operation
Invalid operation
/n71/d242/f101
f101:16
Invalid operation
d148:dir:0
d113/
d148/
d156
d163/
d192
d199
d44
f101
f133/
f156
f199/
f286
n19
n8/
n94/
f101:vrl94fp_.mt2-8px
Invalid operation
Null
d113/
d148/
d156
d163/
d192
d199
d44
f101
f133/
f156
f199/
f286
n19
n30/
n8/
n94/
Invalid operation
Invalid operation
f101:vrl94fp_.mt2-8px
f156:09
Invalid operation
d242/
├── d113/
├── d148/
├── d156
├── d163/
├── d192
├── d199
├── d44
├── f101
├── f133/
├── f156
├── f199/
├── f267
├── f286
├── n19
├── n30/
├── n8/
└── n94/
f101:vrl94fp_.mt2-8px
f156:09
Invalid operation
Invalid operation
f156:09 3C E1 00 00 00
Invalid operation
d242/
├── d113/
├── d148/
├── d156
├── d163/
├── d192
├── d199
├── d44
├── f101
├── f133/
├── f156
├── f199/
├── f267
├── f286
├── n19
├── n30/
├── n8/
│   └── n58/
└── n94/
f101:vrl94fp_.mt2-8px
d113/
d148/
d156
d163/
d192
d199
d44
f101
f133/
f156
f173/
f267
f286
n19
n30/
n8/
n94/
d242/
├── d113/
├── d148/
├── d156
├── d163/
├── d192
├── d199
├── d44
├── f101
├── f133/
├── f156
├── f173/
├── f267
├── f286
├── n19
├── n30/
├── n8/
│   └── n58/
└── n94/
f156:09 09 3C
d148:dir:0
f156:9A 0A 9D 28 8B 76 8A 09 09 3C
d113/
d126
d148/
d156
d163/
d199
d243
d44
f101
f156
f173/
f267
f286
n30/
n94/
d148:dir:0
Null
Invalid operation
f156:C1
f156:00 00 00
f156:E4 32 EB C1 3A
d148:dir:0
Invalid operation
d242/
├── d113/
├── d115
├── d126
├── d148/
├── d156
├── d163/
├── d199
├── d243
├── d44
├── f101
├── f156
├── f173/
├── f246/
├── f267
├── f286
├── n24/
├── n30/
└── n94/
Invalid operation
Invalid operation
f101:17
f156:16
f267:10
d115:6
Invalid operation
/n71/d242/f156
d148:dir:0
f156:97 BC FA 0E 70 32 EB C1 3A
Invalid operation
Invalid operation
Invalid operation
d113/
d115
d126
d148/
d156
d163/
d199
d243
d44
d49
d53
f101
f156
f173/
f246/
f267
f286
n24/
n30/
n91/
n94/
Invalid operation
f156:FA 0E
f156:9A 0A 97 BC FA 0E 70 32
d113/
d115
d126
d148/
d156
d163/
d199
d243
d263/
d44
d49
d53
f101
f156
f173/
f246/
f267
f286
n24/
n30/
n78
n91/
n94/
d113/
d115
d126
d148/
d156
d163/
d199
d243
d263/
d44
d49
d53
f101
f156
f173/
f246/
f267
f286
n24/
n30/
n78
n91/
n94/
d113/
d115
d126
d148/
d156
d163/
d199
d243
d263/
d44
d49
d53
f101
f156
f173/
f246/
f267
f286
n24/
n30/
n78
n91/
n94/
Invalid operation
f156:00
Null
Null
Invalid operation
d242/
├── d113/
├── d115
├── d126
├── d148/
├── d156
├── d163/
├── d199
├── d243
├── d263/
├── d44
├── d49
├── d53
├── f101
├── f156
├── f173/
├── f246/
├── f267
├── f286
├── n24/
├── n30/
├── n91/
└── n94/
Invalid operation
Invalid operation
Invalid operation
f156:BC FA 0E
Invalid operation
d148:dir:0
Invalid operation
d148:dir:0
d242/
├── d113/
├── d115
├── d125
├── d126
├── d148/
├── d156
├── d163/
├── d199
├── d243
├── d263/
├── d44
├── d49
├── d53
├── f101
├── f156
├── f173/
├── f239
├── f246/
├── f267
├── f286
├── n112
├── n24/
├── n30/
├── n40
├── n91/
└── n94/
Invalid operation
f101:17
f156:16
d113/
d115
d125
d126
d148/
d156
d163/
d199
d243
d263/
d44
d49
d53
f101
f156
f173/
f239
f246/
f286
n112
n24/
n30/
n40
n91/
n94/
d148:dir:0
Invalid operation
Invalid operation
Invalid operation
Invalid operation
/n71/d242/f156
Invalid operation
f101:17
f156:16
f239:12
d125:10
f267:10
d115:6
n112:6
d126:5
/n71/d242/f156
Invalid operation
d113/
d115
d125
d126
d148/
d152
d156
d163/
d199
d263/
d36/
d49
d53
f101
f156
f173/
f239
f246/
f267
f286
n112
n24/
n3/
n30/
n40
n80/
n91/
n94/
Invalid operation
Invalid operation
Invalid operation
d113/
d115
d125
d126
d148/
d152
d156
d163/
d199
d263/
d36/
d49
d53
f101
f156
f173/
f239
f246/
f267
n112
n24/
n3/
n30/
n40
n80/
n91/
n94/
f101:17
f156:16
f239:12
d125:10
f267:10
d115:6
Invalid operation
f156:9A
d131
d155/
d195
d131
d155/
d195
Invalid operation
Null
/n71/d242/n3/d131
f143:A7
f143:65 A7
d274:ek-yts2o-cxvtp-6l
d274:txt:17
Invalid operation
f143:A7
f143:87 A7 00
f73:txt:10
/n71/d242/n3/f77/d89/d274
Invalid operation
d81/
/n71/d242/n3/f77/d89/d274
f143:A7 00
Invalid operation
/n71/d242/n3/f77/d89/d81/d199
/n71/d242/d199
f143:87 A7 00
Invalid operation
Invalid operation
f143:87
Invalid operation
d199
d199
f162
f162:v_ub_
Invalid operation
d199
d99/
f162
n1/
Invalid operation
/n71/d242/d199
f143:87 A7
/n71/d242/d199
Invalid operation
d89/
f148/
d199:bin:1
d89/
f148/
f239
Invalid operation
Invalid operation
f143:00 FE D8 D5 16 56
/n71/d242/n3/f77/d199
/n71/d242/d199
f143:F5 F0 16
Null
d243:dir:0
Invalid operation
Null
Invalid operation
Invalid operation
Invalid operation
Invalid operation
Invalid operation
f18:
f101:17
f156:13
f239:12
d113/
d115
d125
d126
d148/
d152
d156
d163/
d199
d263/
d36/
d49
d53
f101
f156
f173/
f18
f239
f246/
f267
n24/
n3/
n30/
n40
n80/
n91/
n94/
f18:
Invalid operation
Invalid operation
/n71/d242/f18
Invalid operation
Invalid operation
d113/
d115
d125
d126
d148/
d152
d156
d163/
d199
d263/
d36/
d49
d53
f101
f156
f173/
f204/
f239
f246/
f267
n24/
n3/
n30/
n40
n80/
n91/
n94/
n64:912nz0_ujw8jl
f101:17
f156:13
n64:13
f239:12
d125:10
f267:10
Invalid operation
Invalid operation
n64:912nz0_ujw8jl
Invalid operation
Invalid operation
Invalid operation
f101:17
n64:14
d113/
d115
d125
d126
d148/
d152
d156
d163/
d199
d263/
d36/
d49
d53
f101
f156
f173/
f204/
f22
f239
f246/
f267
n24/
n3/
n30/
n40
n45
n64
n80/
n91/
n94/
f22:md:0
Invalid operation
Invalid operation
f204/
├── d78
└── f149
/n71/d242/f204/d78
f149:3E
/n71/d242/f204/d78
f149:3E
d78
f123/
f149
f254
d78
f123/
f149
Invalid operation
/n71/d242/f204/d78
d256/
d77/
d78
f123/
f149
f149:3E
Invalid operation
Invalid operation
Invalid operation
f19:DE 59
f149:30 7C B1 05
d106/
d163/
f139
d78:md:2
f204/
├── d256/
│   ├── d106/
│   ├── d163/
│   └── f139
├── d77/
├── d78
├── f123/
└── f149
Invalid operation
Invalid operation
Invalid operation
d231
d256/
d77/
d78
f123/
f149
Invalid operation
d256/
├── d106/
├── d163/
└── f139
d78:c.
Null
Invalid operation
f204/
├── d110/
├── d231
├── d256/
│   ├── d106/
│   ├── d163/
│   └── f139
├── d77/
├── d78
├── f123/
├── f149
├── f266
├── f279
├── f43/
└── n47
f204/
├── d110/
├── d231
├── d256/
│   ├── d106/
│   ├── d163/
│   └── f139
├── d77/
├── d78
├── f123/
├── f149
├── f266
├── f43/
└── n47
Invalid operation
d78:c.
Invalid operation
d242/
├── d113/
├── d115
├── d125
├── d126
├── d139
├── d148/
├── d152
├── d156
├── d163/
├── d194/
├── d199
├── d263/
├── d36/
├── d49
├── d53
├── f101
├── f156
├── f173/
├── f204/
│   ├── d110/
│   ├── d13
│   ├── d231
│   ├── d256/
│   │   ├── d106/
│   │   ├── d163/
│   │   └── f139
│   ├── d77/
│   ├── d78
│   ├── f123/
│   ├── f149
│   ├── f266
│   ├── f43/
│   ├── f45/
│   └── n47
├── f22
├── f239
├── f246/
├── f267
├── n24/
├── n3/
│   ├── d131
│   ├── d155/
│   ├── d195
│   ├── f143
│   ├── f247/
│   ├── f31
│   └── f77/
│       ├── d243/
│       ├── d89/
│       │   ├── d170
│       │   ├── d274
│       │   └── d81/
│       │       ├── d199
│       │       ├── d99/
│       │       ├── f162
│       │       ├── n1/
│       │       └── n39
│       └── f75
├── n30/
├── n40
├── n45
├── n68
├── n80/
├── n91/
└── n94/
Invalid operation
n46:txt:8
f22:
Invalid operation
Invalid operation
Invalid operation
Invalid operation
Invalid operation
Invalid operation
n71/
├── d242/
│   ├── d113/
│   ├── d115
│   ├── d125
│   ├── d126
│   ├── d139
│   ├── d148/
│   ├── d152
│   ├── d156
│   ├── d163/
│   ├── d194/
│   ├── d199
│   ├── d263/
│   ├── d36/
│   ├── d49
│   ├── d53
│   ├── f101
│   ├── f156
│   ├── f173/
│   ├── f181/
│   ├── f204/
│   │   ├── d110/
│   │   ├── d13
│   │   ├── d231
│   │   ├── d256/
│   │   │   ├── d106/
│   │   │   ├── d163/
│   │   │   └── f139
│   │   ├── d77/
│   │   ├── d78
│   │   ├── f123/
│   │   ├── f149
│   │   ├── f266
│   │   ├── f43/
│   │   ├── f45/
│   │   └── n47
│   ├── f22
│   ├── f239
│   ├── f246/
│   ├── f267
│   ├── f282/
│   ├── f45/
│   ├── n113/
│   ├── n24/
│   ├── n3/
│   │   ├── d131
│   │   ├── d155/
│   │   ├── d195
│   │   ├── f143
│   │   ├── f247/
│   │   ├── f31
│   │   └── f77/
│   │       ├── d243/
│   │       ├── d89/
│   │       │   ├── d170
│   │       │   ├── d274
│   │       │   └── d81/
│   │       │       ├── d199
│   │       │       ├── d99/
│   │       │       ├── f162
│   │       │       ├── n1/
│   │       │       └── n39
│   │       └── f75
│   ├── n30/
│   ├── n40
│   ├── n45
│   ├── n80/
│   ├── n91/
│   └── n94/
└── d51
d242/
d51
Null
Invalid operation
d242/
d51
Invalid operation
Invalid operation
Invalid operation
Invalid operation
d242/
d51
f2
f77/
Invalid operation
Invalid operation
Invalid operation
n71/
├── d242/
│   ├── d113/
│   ├── d115
│   ├── d125
│   ├── d126
│   ├── d139
│   ├── d148/
│   ├── d152
│   ├── d156
│   ├── d163/
│   ├── d194/
│   ├── d199
│   ├── d263/
│   ├── d36/
│   ├── d49
│   ├── d53
│   ├── f101
│   ├── f156
│   ├── f173/
│   ├── f181/
│   ├── f204/
│   │   ├── d110/
│   │   ├── d13
│   │   ├── d231
│   │   ├── d256/
│   │   │   ├── d106/
│   │   │   ├── d163/
│   │   │   └── f139
│   │   ├── d77/
│   │   ├── d78
│   │   ├── f123/
│   │   ├── f149
│   │   ├── f266
│   │   ├── f43/
│   │   ├── f45/
│   │   └── n47
│   ├── f22
│   ├── f239
│   ├── f246/
│   ├── f267
│   ├── f282/
│   ├── f45/
│   ├── n113/
│   ├── n24/
│   ├── n3/
│   │   ├── d131
│   │   ├── d155/
│   │   ├── d195
│   │   ├── f143
│   │   ├── f247/
│   │   ├── f31
│   │   └── f77/
│   │       ├── d243/
│   │       ├── d89/
│   │       │   ├── d170
│   │       │   ├── d274
│   │       │   └── d81/
│   │       │       ├── d199
│   │       │       ├── d99/
│   │       │       ├── f162
│   │       │       ├── n1/
│   │       │       └── n39
│   │       └── f75
│   ├── n30/
│   ├── n40
│   ├── n45
│   ├── n80/
│   ├── n91/
│   └── n94/
├── f205
└── f77/
Invalid operation
Invalid operation
Invalid operation
Invalid operation
f205:7
Invalid operation
n71/
├── d242/
│   ├── d113/
│   ├── d115
│   ├── d125
│   ├── d126
│   ├── d139
│   ├── d148/
│   ├── d152
│   ├── d156
│   ├── d163/
│   ├── d194/
│   ├── d199
│   ├── d263/
│   ├── d36/
│   ├── d49
│   ├── d53
│   ├── f101
│   ├── f156
│   ├── f173/
│   ├── f181/
│   ├── f204/
│   │   ├── d110/
│   │   ├── d13
│   │   ├── d231
│   │   ├── d256/
│   │   │   ├── d106/
│   │   │   ├── d163/
│   │   │   └── f139
│   │   ├── d77/
│   │   ├── d78
│   │   ├── f123/
│   │   ├── f149
│   │   ├── f266
│   │   ├── f43/
│   │   ├── f45/
│   │   └── n47
│   ├── f22
│   ├── f239
│   ├── f246/
│   ├── f267
│   ├── f282/
│   ├── f45/
│   ├── n113/
│   ├── n24/
│   ├── n3/
│   │   ├── d131
│   │   ├── d155/
│   │   ├── d195
│   │   ├── f143
│   │   ├── f247/
│   │   ├── f31
│   │   └── f77/
│   │       ├── d243/
│   │       ├── d89/
│   │       │   ├── d170
│   │       │   ├── d274
│   │       │   └── d81/
│   │       │       ├── d199
│   │       │       ├── d99/
│   │       │       ├── f162
│   │       │       ├── n1/
│   │       │       └── n39
│   │       └── f75
│   ├── n30/
│   ├── n40
│   ├── n45
│   ├── n80/
│   ├── n91/
│   └── n94/
├── f205
└── f77/
Invalid operation
Invalid operation
d242/
f205
f268/
f77/
Invalid operation
Invalid operation
Invalid operation
d242/
f205
f77/
Invalid operation
Invalid operation
n71/
├── d110/
├── d242/
│   ├── d113/
│   ├── d115
│   ├── d125
│   ├── d126
│   ├── d139
│   ├── d148/
│   ├── d152
│   ├── d156
│   ├── d163/
│   ├── d194/
│   ├── d199
│   ├── d263/
│   ├── d36/
│   ├── d49
│   ├── d53
│   ├── f101
│   ├── f156
│   ├── f173/
│   ├── f181/
│   ├── f204/
│   │   ├── d110/
│   │   ├── d13
│   │   ├── d231
│   │   ├── d256/
│   │   │   ├── d106/
│   │   │   ├── d163/
│   │   │   └── f139
│   │   ├── d77/
│   │   ├── d78
│   │   ├── f123/
│   │   ├── f149
│   │   ├── f266
│   │   ├── f43/
│   │   ├── f45/
│   │   └── n47
│   ├── f22
│   ├── f239
│   ├── f246/
│   ├── f267
│   ├── f282/
│   ├── f45/
│   ├── n113/
│   ├── n24/
│   ├── n3/
│   │   ├── d131
│   │   ├── d155/
│   │   ├── d195
│   │   ├── f143
│   │   ├── f247/
│   │   ├── f31
│   │   └── f77/
│   │       ├── d243/
│   │       ├── d89/
│   │       │   ├── d170
│   │       │   ├── d274
│   │       │   └── d81/
│   │       │       ├── d199
│   │       │       ├── d99/
│   │       │       ├── f162
│   │       │       ├── n1/
│   │       │       └── n39
│   │       └── f75
│   ├── n30/
│   ├── n40
│   ├── n45
│   ├── n80/
│   ├── n91/
│   └── n94/
├── f205
└── f77/
n71/
├── d110/
├── d242/
│   ├── d113/
│   ├── d115
│   ├── d125
│   ├── d126
│   ├── d139
│   ├── d148/
│   ├── d152
│   ├── d156
│   ├── d163/
│   ├── d194/
│   ├── d199
│   ├── d263/
│   ├── d36/
│   ├── d49
│   ├── d53
│   ├── f101
│   ├── f156
│   ├── f173/
│   ├── f181/
│   ├── f204/
│   │   ├── d110/
│   │   ├── d13
│   │   ├── d231
│   │   ├── d256/
│   │   │   ├── d106/
│   │   │   ├── d163/
│   │   │   └── f139
│   │   ├── d77/
│   │   ├── d78
│   │   ├── f123/
│   │   ├── f149
│   │   ├── f266
│   │   ├── f43/
│   │   ├── f45/
│   │   └── n47
│   ├── f22
│   ├── f239
│   ├── f246/
│   ├── f267
│   ├── f282/
│   ├── f45/
│   ├── n113/
│   ├── n24/
│   ├── n3/
│   │   ├── d131
│   │   ├── d155/
│   │   ├── d195
│   │   ├── f143
│   │   ├── f247/
│   │   ├── f31
│   │   └── f77/
│   │       ├── d243/
│   │       ├── d89/
│   │       │   ├── d170
│   │       │   ├── d274
│   │       │   └── d81/
│   │       │       ├── d199
│   │       │       ├── d99/
│   │       │       ├── f162
│   │       │       ├── n1/
│   │       │       └── n39
│   │       └── f75
│   ├── n30/
│   ├── n40
│   ├── n45
│   ├── n80/
│   ├── n91/
│   └── n94/
├── f205
└── f77/
Invalid operation
d110:dir:0
d110:dir:0
Invalid operation
Invalid operation
Invalid operation
d126/
d132
d141
d158/
d160/
d166/
d170
d180
d183/
d205
d213/
d220/
d228
d241/
d248/
d257
d26
d264/
d272
d276
d3/
d33
d61
d82/
d88
d90
f0/
f115
f124/
f127/
f156/
f159/
f170/
f174/
f177
f188
f195/
f205/
f21
f212
f228/
f232/
f238
f248
f256/
f272
f274
f277
f28/
f291/
f3
f32
f41/
f65
f69/
f85
f90/
f94/
n108/
n16
n19
n29
n46
n59
n65
n71/
n76/
n85/
n89/
Invalid operation
/f115
d126/
d132
d141
d158/
d160/
d166/
d170
d180
d183/
d205
d213/
d220/
d228
d241/
d248/
d257
d26
d264/
d272
d276
d3/
d33
d61
d82/
d88
d90
f0/
f115
f124/
f127/
f156/
f159/
f170/
f174/
f177
f188
f195/
f205/
f21
f212
f228/
f232/
f238
f248
f256/
f272
f274
f277
f28/
f291/
f3
f32
f41/
f65
f69/
f85
f90/
f94/
n105
n108/
n16
n19
n29
n46
n59
n65
n71/
n76/
n85/
n89/
d126/
d132
d141
d158/
d160/
d166/
d170
d180
d183/
d205
d213/
d220/
d228
d241/
d248/
d257
d26
d264/
d272
d276
d3/
d33
d61
d82/
d88
d90
f0/
f115
f124/
f127/
f156/
f159/
f170/
f174/
f177
f188
f195/
f205/
f21
f212
f228/
f232/
f238
f248
f256/
f272
f274
f277
f28/
f291/
f3
f32
f41/
f65
f69/
f85
f90/
f94/
n105
n108/
n16
n19
n29
n46
n59
n65
n71/
n76/
n85/
n89/
/f115
f65:41
d180:27
f188:17
f212:17
d170:15
Invalid operation
Invalid operation
Invalid operation
Invalid operation
Null
d126/
d132
d141
d158/
d160/
d166/
d170
d180
d183/
d205
d213/
d220/
d228
d241/
d248/
d257
d26
d264/
d272
d276
d3/
d33
d61
d82/
d88
d90
f0/
f115
f124/
f127/
f156/
f159/
f170/
f174/
f177
f188
f195/
f205/
f21
f212
f228/
f232/
f238
f248
f256/
f272
f274
f277
f28/
f291/
f3
f32
f41/
f65
f69/
f85
f90/
f94/
n108/
n16
n19
n29
n46
n59
n65
n71/
n76/
n85/
n89/
f65:41
d180:27
f188:17
Invalid operation
Invalid operation
Invalid operation
d126/
d132
d141
d158/
d160/
d166/
d170
d180
d183/
d205
d213/
d220/
d228
d241/
d248/
d257
d26
d264/
d272
d276
d3/
d33
d61
d82/
d88
d90
f0/
f115
f124/
f127/
f156/
f159/
f170/
f174/
f177
f188
f195/
f205/
f21
f212
f228/
f232/
f238
f248
f256/
f272
f274
f277
f28/
f291/
f3
f32
f41/
f65
f69/
f85
f90/
f94/
n108/
n16
n19
n29
n46
n59
n65
n71/
n76/
n85/
n89/
Invalid operation
Invalid operation
Invalid operation
Null
Invalid operation
Invalid operation
Invalid operation
Invalid operation
Invalid operation
/
├── d126/
├── d132
├── d141
├── d158/
├── d160/
│   ├── d135
│   ├── d144/
│   ├── d233/
│   ├── d54
│   ├── d79
│   ├── d82/
│   │   ├── d11
│   │   ├── d178
│   │   ├── d179
│   │   ├── f102
│   │   ├── f13/
│   │   ├── f249
│   │   ├── f25
│   │   ├── f33/
│   │   ├── f49
│   │   ├── f57
│   │   ├── f82
│   │   ├── n2
│   │   ├── n49/
│   │   └── n62/
│   ├── d92/
│   ├── f11
│   ├── f128/
│   ├── f209
│   ├── f275
│   ├── f288
│   ├── f58/
│   ├── f83
│   ├── n23/
│   └── n77
├── d166/
│   ├── d141/
│   ├── d148
│   ├── d181
│   ├── d202
│   ├── d208/
│   ├── d236/
│   ├── d286/
│   ├── d288
│   ├── d85
│   ├── d89/
│   ├── d91
│   ├── f111
│   ├── f141
│   ├── f155/
│   ├── f160/
│   ├── f176/
│   ├── f263/
│   ├── f36
│   ├── f73/
│   ├── f76
│   ├── n112/
│   ├── n32/
│   ├── n56/
│   └── n65/
│       ├── d213/
│       ├── d91/
│       ├── f166
│       ├── f237
│       ├── f38/
│       │   ├── d17/
│       │   ├── d189/
│       │   ├── d45
│       │   ├── d96/
│       │   │   ├── f124
│       │   │   ├── f13/
│       │   │   │   └── f212/
│       │   │   └── f212/
│       │   ├── d98/
│       │   ├── f104
│       │   ├── f164
│       │   ├── f295/
│       │   ├── f299
│       │   ├── f88
│       │   ├── n119
│       │   └── n36
│       ├── n110/
│       ├── n44
│       └── n94/
├── d170
├── d180
├── d183/
├── d205
├── d213/
├── d220/
│   └── d12
├── d228
├── d241/
│   ├── d131
│   └── f242/
├── d248/
├── d257
├── d26
├── d264/
├── d272
├── d276
├── d3/
├── d33
├── d58
├── d61
├── d82/
├── d88
├── d90
├── f0/
├── f115
├── f124/
├── f127/
├── f156/
├── f159/
├── f170/
├── f174/
├── f177
├── f188
├── f195/
│   ├── d13/
│   │   ├── d13
│   │   ├── d152/
│   │   │   ├── d140
│   │   │   ├── d154/
│   │   │   ├── d18
│   │   │   ├── d232/
│   │   │   ├── d30
│   │   │   ├── d69/
│   │   │   ├── f0/
│   │   │   ├── f146/
│   │   │   ├── f17
│   │   │   ├── f181/
│   │   │   ├── f205/
│   │   │   ├── f249/
│   │   │   ├── f267
│   │   │   ├── f80
│   │   │   ├── f94
│   │   │   ├── n15
│   │   │   ├── n36
│   │   │   ├── n56/
│   │   │   │   ├── d176/
│   │   │   │   │   ├── f83/
│   │   │   │   │   └── n60
│   │   │   │   ├── d232/
│   │   │   │   ├── d57
│   │   │   │   ├── f290
│   │   │   │   └── n117
│   │   │   ├── n62
│   │   │   ├── n63/
│   │   │   ├── n82
│   │   │   └── n9/
│   │   ├── d186
│   │   ├── f122/
│   │   ├── f132/
│   │   ├── f139
│   │   ├── f15/
│   │   ├── f205/
│   │   ├── f219
│   │   ├── n74
│   │   ├── n83/
│   │   └── n90
│   ├── d55/
│   ├── f154
│   ├── f299/
│   │   └── f43
│   └── n88
├── f205/
├── f21
├── f212
├── f228/
├── f232/
├── f238
├── f248
├── f256/
├── f272
├── f274
├── f277
├── f28/
├── f291/
├── f3
├── f32
├── f41/
├── f65
├── f69/
├── f85
├── f90/
├── f94/
│   ├── d127
│   ├── d156/
│   ├── d161/
│   ├── d165
│   ├── d168
│   ├── d191
│   ├── d209
│   ├── d211
│   ├── d240/
│   ├── d284/
│   ├── d60
│   ├── d63/
│   ├── d71
│   ├── f117/
│   ├── f125
│   ├── f14
│   ├── f215/
│   ├── f226/
│   │   ├── d129/
│   │   │   ├── d193
│   │   │   ├── d252
│   │   │   ├── d65
│   │   │   ├── f195
│   │   │   └── n116/
│   │   ├── d133/
│   │   │   ├── d142/
│   │   │   ├── d16/
│   │   │   │   ├── d130
│   │   │   │   ├── d138
│   │   │   │   ├── f169/
│   │   │   │   └── f191
│   │   │   ├── d175
│   │   │   ├── d99/
│   │   │   ├── f145/
│   │   │   ├── n112
│   │   │   └── n59
│   │   ├── d213
│   │   ├── d240/
│   │   ├── d256/
│   │   ├── d299/
│   │   ├── f151/
│   │   ├── f165/
│   │   ├── f186
│   │   ├── f188
│   │   ├── f232/
│   │   ├── f71
│   │   ├── f95
│   │   ├── n0
│   │   └── n87/
│   ├── f229/
│   ├── f255/
│   ├── f259
│   ├── f280/
│   │   ├── d0/
│   │   ├── d103
│   │   ├── d148
│   │   ├── d154
│   │   ├── d190/
│   │   ├── d227/
│   │   ├── d233
│   │   ├── d272/
│   │   ├── d288/
│   │   ├── d299/
│   │   ├── d30/
│   │   ├── f102/
│   │   ├── f154/
│   │   │   ├── d146/
│   │   │   └── f293
│   │   ├── f171/
│   │   │   ├── d52
│   │   │   └── f231
│   │   ├── f182
│   │   ├── f202
│   │   ├── f270
│   │   ├── f293/
│   │   ├── f294/
│   │   ├── f59/
│   │   ├── n1
│   │   ├── n101
│   │   ├── n103/
│   │   ├── n107/
│   │   │   ├── d145/
│   │   │   ├── d163/
│   │   │   ├── d196
│   │   │   ├── d283/
│   │   │   ├── d294/
│   │   │   │   ├── d53/
│   │   │   │   └── f205/
│   │   │   ├── d3
│   │   │   ├── d5
│   │   │   ├── d59
│   │   │   ├── f116
│   │   │   ├── f157
│   │   │   ├── f181/
│   │   │   ├── f221/
│   │   │   ├── f223
│   │   │   ├── f5/
│   │   │   │   ├── d144
│   │   │   │   ├── d160/
│   │   │   │   │   ├── d121
│   │   │   │   │   ├── d23
│   │   │   │   │   ├── d239
│   │   │   │   │   ├── d282/
│   │   │   │   │   ├── d82/
│   │   │   │   │   ├── f5/
│   │   │   │   │   ├── f65/
│   │   │   │   │   └── n47/
│   │   │   │   ├── d80
│   │   │   │   ├── f177/
│   │   │   │   ├── f181/
│   │   │   │   ├── f219
│   │   │   │   ├── f258/
│   │   │   │   └── f29
│   │   │   ├── f57
│   │   │   ├── f8
│   │   │   ├── n71
│   │   │   └── n90/
│   │   └── n61
│   ├── f38/
│   ├── n106/
│   ├── n116/
│   │   ├── d123/
│   │   ├── f200
│   │   └── n100
│   ├── n21/
│   ├── n40/
│   ├── n72
│   └── n99/
├── n108/
│   ├── d196/
│   │   ├── f190/
│   │   └── n7/
│   ├── d201/
│   ├── f104/
│   ├── f151/
│   ├── f172/
│   │   ├── d149
│   │   └── d93
│   ├── f78/
│   ├── n102/
│   └── n95/
├── n16
├── n19
├── n29
├── n46
├── n52/
├── n59
├── n65
├── n71/
│   ├── d110/
│   ├── d242/
│   │   ├── d113/
│   │   ├── d115
│   │   ├── d125
│   │   ├── d126
│   │   ├── d139
│   │   ├── d148/
│   │   ├── d152
│   │   ├── d156
│   │   ├── d163/
│   │   ├── d194/
│   │   ├── d199
│   │   ├── d263/
│   │   ├── d36/
│   │   ├── d49
│   │   ├── d53
│   │   ├── f101
│   │   ├── f156
│   │   ├── f173/
│   │   ├── f181/
│   │   ├── f204/
│   │   │   ├── d110/
│   │   │   ├── d13
│   │   │   ├── d231
│   │   │   ├── d256/
│   │   │   │   ├── d106/
│   │   │   │   ├── d163/
│   │   │   │   └── f139
│   │   │   ├── d77/
│   │   │   ├── d78
│   │   │   ├── f123/
│   │   │   ├── f149
│   │   │   ├── f266
│   │   │   ├── f43/
│   │   │   ├── f45/
│   │   │   └── n47
│   │   ├── f22
│   │   ├── f239
│   │   ├── f246/
│   │   ├── f267
│   │   ├── f282/
│   │   ├── f45/
│   │   ├── n113/
│   │   ├── n24/
│   │   ├── n3/
│   │   │   ├── d131
│   │   │   ├── d155/
│   │   │   ├── d195
│   │   │   ├── f143
│   │   │   ├── f247/
│   │   │   ├── f31
│   │   │   └── f77/
│   │   │       ├── d243/
│   │   │       ├── d89/
│   │   │       │   ├── d170
│   │   │       │   ├── d274
│   │   │       │   └── d81/
│   │   │       │       ├── d199
│   │   │       │       ├── d99/
│   │   │       │       ├── f162
│   │   │       │       ├── n1/
│   │   │       │       └── n39
│   │   │       └── f75
│   │   ├── n30/
│   │   ├── n40
│   │   ├── n45
│   │   ├── n80/
│   │   ├── n91/
│   │   └── n94/
│   ├── f115
│   ├── f205
│   └── f77/
├── n76/
│   ├── d60/
│   ├── f121
│   ├── f145/
│   ├── f158
│   ├── f164/
│   ├── f190
│   └── f289/
│       ├── d257/
│       ├── d271/
│       ├── f250
│       └── f292
├── n85/
└── n89/
Invalid operation
Invalid operation
/
├── d126/
├── d132
├── d141
├── d158/
├── d160/
│   ├── d135
│   ├── d144/
│   ├── d233/
│   ├── d54
│   ├── d79
│   ├── d82/
│   │   ├── d11
│   │   ├── d178
│   │   ├── d179
│   │   ├── f102
│   │   ├── f13/
│   │   ├── f249
│   │   ├── f25
│   │   ├── f33/
│   │   ├── f49
│   │   ├── f57
│   │   ├── f82
│   │   ├── n2
│   │   ├── n49/
│   │   └── n62/
│   ├── d92/
│   ├── f11
│   ├── f128/
│   ├── f209
│   ├── f275
│   ├── f288
│   ├── f58/
│   ├── f83
│   ├── n23/
│   └── n77
├── d166/
│   ├── d141/
│   ├── d148
│   ├── d181
│   ├── d202
│   ├── d208/
│   ├── d236/
│   ├── d286/
│   ├── d288
│   ├── d85
│   ├── d89/
│   ├── d91
│   ├── f111
│   ├── f141
│   ├── f155/
│   ├── f160/
│   ├── f176/
│   ├── f263/
│   ├── f36
│   ├── f73/
│   ├── f76
│   ├── n112/
│   ├── n32/
│   ├── n56/
│   └── n65/
│       ├── d213/
│       ├── d91/
│       ├── f166
│       ├── f237
│       ├── f38/
│       │   ├── d17/
│       │   ├── d189/
│       │   ├── d45
│       │   ├── d96/
│       │   │   ├── f124
│       │   │   ├── f13/
│       │   │   │   └── f212/
│       │   │   └── f212/
│       │   ├── d98/
│       │   ├── f104
│       │   ├── f164
│       │   ├── f295/
│       │   ├── f299
│       │   ├── f88
│       │   ├── n119
│       │   └── n36
│       ├── n110/
│       ├── n44
│       └── n94/
├── d170
├── d180
├── d183/
├── d205
├── d213/
├── d220/
│   └── d12
├── d228
├── d241/
│   ├── d131
│   └── f242/
├── d248/
├── d257
├── d26
├── d264/
├── d272
├── d276
├── d3/
├── d33
├── d58
├── d61
├── d82/
├── d88
├── d90
├── f0/
├── f11/
├── f115
├── f124/
├── f127/
├── f156/
├── f159/
├── f170/
├── f174/
├── f177
├── f188
├── f195/
│   ├── d13/
│   │   ├── d13
│   │   ├── d152/
│   │   │   ├── d140
│   │   │   ├── d154/
│   │   │   ├── d18
│   │   │   ├── d232/
│   │   │   ├── d30
│   │   │   ├── d69/
│   │   │   ├── f0/
│   │   │   ├── f146/
│   │   │   ├── f17
│   │   │   ├── f181/
│   │   │   ├── f205/
│   │   │   ├── f249/
│   │   │   ├── f267
│   │   │   ├── f80
│   │   │   ├── f94
│   │   │   ├── n15
│   │   │   ├── n36
│   │   │   ├── n56/
│   │   │   │   ├── d176/
│   │   │   │   │   ├── f83/
│   │   │   │   │   └── n60
│   │   │   │   ├── d232/
│   │   │   │   ├── d57
│   │   │   │   ├── f290
│   │   │   │   └── n117
│   │   │   ├── n62
│   │   │   ├── n63/
│   │   │   ├── n82
│   │   │   └── n9/
│   │   ├── d186
│   │   ├── f122/
│   │   ├── f132/
│   │   ├── f139
│   │   ├── f15/
│   │   ├── f205/
│   │   ├── f219
│   │   ├── n74
│   │   ├── n83/
│   │   └── n90
│   ├── d55/
│   ├── f154
│   ├── f299/
│   │   └── f43
│   └── n88
├── f205/
├── f21
├── f212
├── f228/
├── f232/
├── f238
├── f248
├── f256/
├── f272
├── f274
├── f277
├── f28/
├── f291/
├── f3
├── f32
├── f41/
├── f65
├── f69/
├── f85
├── f90/
├── f94/
│   ├── d127
│   ├── d156/
│   ├── d161/
│   ├── d165
│   ├── d168
│   ├── d191
│   ├── d209
│   ├── d211
│   ├── d240/
│   ├── d284/
│   ├── d60
│   ├── d63/
│   ├── d71
│   ├── f117/
│   ├── f125
│   ├── f14
│   ├── f215/
│   ├── f226/
│   │   ├── d129/
│   │   │   ├── d193
│   │   │   ├── d252
│   │   │   ├── d65
│   │   │   ├── f195
│   │   │   └── n116/
│   │   ├── d133/
│   │   │   ├── d142/
│   │   │   ├── d16/
│   │   │   │   ├── d130
│   │   │   │   ├── d138
│   │   │   │   ├── f169/
│   │   │   │   └── f191
│   │   │   ├── d175
│   │   │   ├── d99/
│   │   │   ├── f145/
│   │   │   ├── n112
│   │   │   └── n59
│   │   ├── d213
│   │   ├── d240/
│   │   ├── d256/
│   │   ├── d299/
│   │   ├── f151/
│   │   ├── f165/
│   │   ├── f186
│   │   ├── f188
│   │   ├── f232/
│   │   ├── f71
│   │   ├── f95
│   │   ├── n0
│   │   └── n87/
│   ├── f229/
│   ├── f255/
│   ├── f259
│   ├── f280/
│   │   ├── d0/
│   │   ├── d103
│   │   ├── d148
│   │   ├── d154
│   │   ├── d190/
│   │   ├── d227/
│   │   ├── d233
│   │   ├── d272/
│   │   ├── d288/
│   │   ├── d299/
│   │   ├── d30/
│   │   ├── f102/
│   │   ├── f154/
│   │   │   ├── d146/
│   │   │   └── f293
│   │   ├── f171/
│   │   │   ├── d52
│   │   │   └── f231
│   │   ├── f182
│   │   ├── f202
│   │   ├── f270
│   │   ├── f293/
│   │   ├── f294/
│   │   ├── f59/
│   │   ├── n1
│   │   ├── n101
│   │   ├── n103/
│   │   ├── n107/
│   │   │   ├── d145/
│   │   │   ├── d163/
│   │   │   ├── d196
│   │   │   ├── d283/
│   │   │   ├── d294/
│   │   │   │   ├── d53/
│   │   │   │   └── f205/
│   │   │   ├── d3
│   │   │   ├── d5
│   │   │   ├── d59
│   │   │   ├── f116
│   │   │   ├── f157
│   │   │   ├── f181/
│   │   │   ├── f221/
│   │   │   ├── f223
│   │   │   ├── f5/
│   │   │   │   ├── d144
│   │   │   │   ├── d160/
│   │   │   │   │   ├── d121
│   │   │   │   │   ├── d23
│   │   │   │   │   ├── d239
│   │   │   │   │   ├── d282/
│   │   │   │   │   ├── d82/
│   │   │   │   │   ├── f5/
│   │   │   │   │   ├── f65/
│   │   │   │   │   └── n47/
│   │   │   │   ├── d80
│   │   │   │   ├── f177/
│   │   │   │   ├── f181/
│   │   │   │   ├── f219
│   │   │   │   ├── f258/
│   │   │   │   └── f29
│   │   │   ├── f57
│   │   │   ├── f8
│   │   │   ├── n71
│   │   │   └── n90/
│   │   └── n61
│   ├── f38/
│   ├── n106/
│   ├── n116/
│   │   ├── d123/
│   │   ├── f200
│   │   └── n100
│   ├── n21/
│   ├── n40/
│   ├── n72
│   └── n99/
├── n108/
│   ├── d196/
│   │   ├── f190/
│   │   └── n7/
│   ├── d201/
│   ├── f104/
│   ├── f151/
│   ├── f172/
│   │   ├── d149
│   │   └── d93
│   ├── f78/
│   ├── n102/
│   └── n95/
├── n16
├── n19
├── n29
├── n46
├── n52/
├── n59
├── n65
├── n71/
│   ├── d110/
│   ├── d242/
│   │   ├── d113/
│   │   ├── d115
│   │   ├── d125
│   │   ├── d126
│   │   ├── d139
│   │   ├── d148/
│   │   ├── d152
│   │   ├── d156
│   │   ├── d163/
│   │   ├── d194/
│   │   ├── d199
│   │   ├── d263/
│   │   ├── d36/
│   │   ├── d49
│   │   ├── d53
│   │   ├── f101
│   │   ├── f156
│   │   ├── f173/
│   │   ├── f181/
│   │   ├── f204/
│   │   │   ├── d110/
│   │   │   ├── d13
│   │   │   ├── d231
│   │   │   ├── d256/
│   │   │   │   ├── d106/
│   │   │   │   ├── d163/
│   │   │   │   └── f139
│   │   │   ├── d77/
│   │   │   ├── d78
│   │   │   ├── f123/
│   │   │   ├── f149
│   │   │   ├── f266
│   │   │   ├── f43/
│   │   │   ├── f45/
│   │   │   └── n47
│   │   ├── f22
│   │   ├── f239
│   │   ├── f246/
│   │   ├── f267
│   │   ├── f282/
│   │   ├── f45/
│   │   ├── n113/
│   │   ├── n24/
│   │   ├── n3/
│   │   │   ├── d131
│   │   │   ├── d155/
│   │   │   ├── d195
│   │   │   ├── f143
│   │   │   ├── f247/
│   │   │   ├── f31
│   │   │   └── f77/
│   │   │       ├── d243/
│   │   │       ├── d89/
│   │   │       │   ├── d170
│   │   │       │   ├── d274
│   │   │       │   └── d81/
│   │   │       │       ├── d199
│   │   │       │       ├── d99/
│   │   │       │       ├── f162
│   │   │       │       ├── n1/
│   │   │       │       └── n39
│   │   │       └── f75
│   │   ├── n30/
│   │   ├── n40
│   │   ├── n45
│   │   ├── n80/
│   │   ├── n91/
│   │   └── n94/
│   ├── f115
│   ├── f205
│   └── f77/
├── n72
├── n76/
│   ├── d60/
│   ├── f121
│   ├── f145/
│   ├── f158
│   ├── f164/
│   ├── f190
│   └── f289/
│       ├── d257/
│       ├── d271/
│       ├── f250
│       └── f292
├── n85/
└── n89/
Invalid operation
Invalid operation
Invalid operation
Invalid operation
Invalid operation
Invalid operation
Invalid operation
Invalid operation
f65:41
d180:27
Invalid operation
/
├── d126/
├── d132
├── d141
├── d158/
├── d160/
│   ├── d135
│   ├── d144/
│   ├── d233/
│   ├── d54
│   ├── d79
│   ├── d82/
│   │   ├── d11
│   │   ├── d178
│   │   ├── d179
│   │   ├── f102
│   │   ├── f13/
│   │   ├── f249
│   │   ├── f25
│   │   ├── f33/
│   │   ├── f49
│   │   ├── f57
│   │   ├── f82
│   │   ├── n2
│   │   ├── n49/
│   │   └── n62/
│   ├── d92/
│   ├── f11
│   ├── f128/
│   ├── f209
│   ├── f275
│   ├── f288
│   ├── f58/
│   ├── f83
│   ├── n23/
│   └── n77
├── d166/
│   ├── d141/
│   ├── d148
│   ├── d181
│   ├── d202
│   ├── d208/
│   ├── d236/
│   ├── d286/
│   ├── d288
│   ├── d85
│   ├── d89/
│   ├── d91
│   ├── f111
│   ├── f141
│   ├── f155/
│   ├── f160/
│   ├── f176/
│   ├── f263/
│   ├── f36
│   ├── f73/
│   ├── f76
│   ├── n112/
│   ├── n32/
│   ├── n56/
│   └── n65/
│       ├── d213/
│       ├── d91/
│       ├── f166
│       ├── f237
│       ├── f38/
│       │   ├── d17/
│       │   ├── d189/
│       │   ├── d45
│       │   ├── d96/
│       │   │   ├── f124
│       │   │   ├── f13/
│       │   │   │   └── f212/
│       │   │   └── f212/
│       │   ├── d98/
│       │   ├── f104
│       │   ├── f164
│       │   ├── f295/
│       │   ├── f299
│       │   ├── f88
│       │   ├── n119
│       │   └── n36
│       ├── n110/
│       ├── n44
│       └── n94/
├── d170
├── d180
├── d183/
├── d205
├── d208
├── d213/
├── d220/
│   └── d12
├── d228
├── d241/
│   ├── d131
│   └── f242/
├── d248/
├── d257
├── d258/
├── d26
├── d264/
├── d272
├── d276
├── d3/
├── d33
├── d58
├── d61
├── d82/
├── d88
├── d90
├── f0/
├── f11/
├── f115
├── f124/
├── f127/
├── f156/
├── f159/
├── f170/
├── f174/
├── f177
├── f188
├── f195/
│   ├── d13/
│   │   ├── d13
│   │   ├── d152/
│   │   │   ├── d140
│   │   │   ├── d154/
│   │   │   ├── d18
│   │   │   ├── d232/
│   │   │   ├── d30
│   │   │   ├── d69/
│   │   │   ├── f0/
│   │   │   ├── f146/
│   │   │   ├── f17
│   │   │   ├── f181/
│   │   │   ├── f205/
│   │   │   ├── f249/
│   │   │   ├── f267
│   │   │   ├── f80
│   │   │   ├── f94
│   │   │   ├── n15
│   │   │   ├── n36
│   │   │   ├── n56/
│   │   │   │   ├── d176/
│   │   │   │   │   ├── f83/
│   │   │   │   │   └── n60
│   │   │   │   ├── d232/
│   │   │   │   ├── d57
│   │   │   │   ├── f290
│   │   │   │   └── n117
│   │   │   ├── n62
│   │   │   ├── n63/
│   │   │   ├── n82
│   │   │   └── n9/
│   │   ├── d186
│   │   ├── f122/
│   │   ├── f132/
│   │   ├── f139
│   │   ├── f15/
│   │   ├── f205/
│   │   ├── f219
│   │   ├── n74
│   │   ├── n83/
│   │   └── n90
│   ├── d55/
│   ├── f154
│   ├── f299/
│   │   └── f43
│   └── n88
├── f205/
├── f206
├── f21
├── f212
├── f228/
├── f232/
├── f238
├── f248
├── f256/
├── f272
├── f274
├── f277
├── f28/
├── f291/
├── f3
├── f32
├── f41/
├── f65
├── f69/
├── f85
├── f90/
├── f94/
│   ├── d127
│   ├── d156/
│   ├── d161/
│   ├── d165
│   ├── d168
│   ├── d191
│   ├── d209
│   ├── d211
│   ├── d240/
│   ├── d284/
│   ├── d60
│   ├── d63/
│   ├── d71
│   ├── f117/
│   ├── f125
│   ├── f14
│   ├── f215/
│   ├── f226/
│   │   ├── d129/
│   │   │   ├── d193
│   │   │   ├── d252
│   │   │   ├── d65
│   │   │   ├── f195
│   │   │   └── n116/
│   │   ├── d133/
│   │   │   ├── d142/
│   │   │   ├── d16/
│   │   │   │   ├── d130
│   │   │   │   ├── d138
│   │   │   │   ├── f169/
│   │   │   │   └── f191
│   │   │   ├── d175
│   │   │   ├── d99/
│   │   │   ├── f145/
│   │   │   ├── n112
│   │   │   └── n59
│   │   ├── d213
│   │   ├── d240/
│   │   ├── d256/
│   │   ├── d299/
│   │   ├── f151/
│   │   ├── f165/
│   │   ├── f186
│   │   ├── f188
│   │   ├── f232/
│   │   ├── f71
│   │   ├── f95
│   │   ├── n0
│   │   └── n87/
│   ├── f229/
│   ├── f255/
│   ├── f259
│   ├── f280/
│   │   ├── d0/
│   │   ├── d103
│   │   ├── d148
│   │   ├── d154
│   │   ├── d190/
│   │   ├── d227/
│   │   ├── d233
│   │   ├── d272/
│   │   ├── d288/
│   │   ├── d299/
│   │   ├── d30/
│   │   ├── f102/
│   │   ├── f154/
│   │   │   ├── d146/
│   │   │   └── f293
│   │   ├── f171/
│   │   │   ├── d52
│   │   │   └── f231
│   │   ├── f182
│   │   ├── f202
│   │   ├── f270
│   │   ├── f293/
│   │   ├── f294/
│   │   ├── f59/
│   │   ├── n1
│   │   ├── n101
│   │   ├── n103/
│   │   ├── n107/
│   │   │   ├── d145/
│   │   │   ├── d163/
│   │   │   ├── d196
│   │   │   ├── d283/
│   │   │   ├── d294/
│   │   │   │   ├── d53/
│   │   │   │   └── f205/
│   │   │   ├── d3
│   │   │   ├── d5
│   │   │   ├── d59
│   │   │   ├── f116
│   │   │   ├── f157
│   │   │   ├── f181/
│   │   │   ├── f221/
│   │   │   ├── f223
│   │   │   ├── f5/
│   │   │   │   ├── d144
│   │   │   │   ├── d160/
│   │   │   │   │   ├── d121
│   │   │   │   │   ├── d23
│   │   │   │   │   ├── d239
│   │   │   │   │   ├── d282/
│   │   │   │   │   ├── d82/
│   │   │   │   │   ├── f5/
│   │   │   │   │   ├── f65/
│   │   │   │   │   └── n47/
│   │   │   │   ├── d80
│   │   │   │   ├── f177/
│   │   │   │   ├── f181/
│   │   │   │   ├── f219
│   │   │   │   ├── f258/
│   │   │   │   └── f29
│   │   │   ├── f57
│   │   │   ├── f8
│   │   │   ├── n71
│   │   │   └── n90/
│   │   └── n61
│   ├── f38/
│   ├── n106/
│   ├── n116/
│   │   ├── d123/
│   │   ├── f200
│   │   └── n100
│   ├── n21/
│   ├── n40/
│   ├── n72
│   └── n99/
├── n108/
│   ├── d196/
│   │   ├── f190/
│   │   └── n7/
│   ├── d201/
│   ├── f104/
│   ├── f151/
│   ├── f172/
│   │   ├── d149
│   │   └── d93
│   ├── f78/
│   ├── n102/
│   └── n95/
├── n16
├── n19
├── n29
├── n46
├── n52/
├── n59
├── n65
├── n71/
│   ├── d110/
│   ├── d242/
│   │   ├── d113/
│   │   ├── d115
│   │   ├── d125
│   │   ├── d126
│   │   ├── d139
│   │   ├── d148/
│   │   ├── d152
│   │   ├── d156
│   │   ├── d163/
│   │   ├── d194/
│   │   ├── d199
│   │   ├── d263/
│   │   ├── d36/
│   │   ├── d49
│   │   ├── d53
│   │   ├── f101
│   │   ├── f156
│   │   ├── f173/
│   │   ├── f181/
│   │   ├── f204/
│   │   │   ├── d110/
│   │   │   ├── d13
│   │   │   ├── d231
│   │   │   ├── d256/
│   │   │   │   ├── d106/
│   │   │   │   ├── d163/
│   │   │   │   └── f139
│   │   │   ├── d77/
│   │   │   ├── d78
│   │   │   ├── f123/
│   │   │   ├── f149
│   │   │   ├── f266
│   │   │   ├── f43/
│   │   │   ├── f45/
│   │   │   └── n47
│   │   ├── f22
│   │   ├── f239
│   │   ├── f246/
│   │   ├── f267
│   │   ├── f282/
│   │   ├── f45/
│   │   ├── n113/
│   │   ├── n24/
│   │   ├── n3/
│   │   │   ├── d131
│   │   │   ├── d155/
│   │   │   ├── d195
│   │   │   ├── f143
│   │   │   ├── f247/
│   │   │   ├── f31
│   │   │   └── f77/
│   │   │       ├── d243/
│   │   │       ├── d89/
│   │   │       │   ├── d170
│   │   │       │   ├── d274
│   │   │       │   └── d81/
│   │   │       │       ├── d199
│   │   │       │       ├── d99/
│   │   │       │       ├── f162
│   │   │       │       ├── n1/
│   │   │       │       └── n39
│   │   │       └── f75
│   │   ├── n30/
│   │   ├── n40
│   │   ├── n45
│   │   ├── n80/
│   │   ├── n91/
│   │   └── n94/
│   ├── f115
│   ├── f205
│   └── f77/
├── n76/
│   ├── d60/
│   ├── f121
│   ├── f145/
│   ├── f158
│   ├── f164/
│   ├── f190
│   └── f289/
│       ├── d257/
│       ├── d271/
│       ├── f250
│       └── f292
├── n85/
└── n89/
Invalid operation
Invalid operation
Null
Invalid operation
Invalid operation
Invalid operation
Invalid operation
Invalid operation
d126/
d132
d141
d158/
d160/
d166/
d170
d180
d183/
d205
d208
d213/
d220/
d228
d241/
d248/
d257
d258/
d26
d264/
d272
d276
d3/
d33
d58
d61
d82/
d88
d90
f0/
f11/
f115
f124/
f127/
f156/
f159/
f170/
f174/
f177
f188
f195/
f205/
f206
f21
f212
f228/
f232/
f238
f248
f256/
f272
f274
f277
f28/
f291/
f3
f32
f41/
f65
f69/
f85
f90/
f94/
n108/
n16
n19
n29
n46
n52/
n59
n65
n71/
n76/
n85/
n89/
Invalid operation
Invalid operation
Invalid operation
Invalid operation
Invalid operation
Invalid operation
/
├── d126/
├── d132
├── d141
├── d158/
├── d160/
│   ├── d135
│   ├── d144/
│   ├── d233/
│   ├── d54
│   ├── d79
│   ├── d82/
│   │   ├── d11
│   │   ├── d178
│   │   ├── d179
│   │   ├── f102
│   │   ├── f13/
│   │   ├── f249
│   │   ├── f25
│   │   ├── f33/
│   │   ├── f49
│   │   ├── f57
│   │   ├── f82
│   │   ├── n2
│   │   ├── n49/
│   │   └── n62/
│   ├── d92/
│   ├── f11
│   ├── f128/
│   ├── f209
│   ├── f275
│   ├── f288
│   ├── f58/
│   ├── f83
│   ├── n23/
│   └── n77
├── d166/
│   ├── d141/
│   ├── d148
│   ├── d181
│   ├── d202
│   ├── d208/
│   ├── d236/
│   ├── d286/
│   ├── d288
│   ├── d85
│   ├── d89/
│   ├── d91
│   ├── f111
│   ├── f141
│   ├── f155/
│   ├── f160/
│   ├── f176/
│   ├── f263/
│   ├── f36
│   ├── f73/
│   ├── f76
│   ├── n112/
│   ├── n32/
│   ├── n56/
│   └── n65/
│       ├── d213/
│       ├── d91/
│       ├── f166
│       ├── f237
│       ├── f38/
│       │   ├── d17/
│       │   ├── d189/
│       │   ├── d45
│       │   ├── d96/
│       │   │   ├── f124
│       │   │   ├── f13/
│       │   │   │   └── f212/
│       │   │   └── f212/
│       │   ├── d98/
│       │   ├── f104
│       │   ├── f164
│       │   ├── f295/
│       │   ├── f299
│       │   ├── f88
│       │   ├── n119
│       │   └── n36
│       ├── n110/
│       ├── n44
│       └── n94/
├── d170
├── d180
├── d183/
├── d205
├── d208
├── d213/
├── d220/
│   └── d12
├── d228
├── d241/
│   ├── d131
│   └── f242/
├── d248/
├── d257
├── d258/
├── d26
├── d264/
├── d272
├── d276
├── d3/
├── d33
├── d58
├── d61
├── d82/
├── d88
├── d90
├── f0/
├── f11/
├── f115
├── f124/
├── f127/
├── f156/
├── f159/
├── f170/
├── f174/
├── f177
├── f188
├── f195/
│   ├── d13/
│   │   ├── d13
│   │   ├── d152/
│   │   │   ├── d140
│   │   │   ├── d154/
│   │   │   ├── d18
│   │   │   ├── d232/
│   │   │   ├── d30
│   │   │   ├── d69/
│   │   │   ├── f0/
│   │   │   ├── f146/
│   │   │   ├── f17
│   │   │   ├── f181/
│   │   │   ├── f205/
│   │   │   ├── f249/
│   │   │   ├── f267
│   │   │   ├── f80
│   │   │   ├── f94
│   │   │   ├── n15
│   │   │   ├── n36
│   │   │   ├── n56/
│   │   │   │   ├── d176/
│   │   │   │   │   ├── f83/
│   │   │   │   │   └── n60
│   │   │   │   ├── d232/
│   │   │   │   ├── d57
│   │   │   │   ├── f290
│   │   │   │   └── n117
│   │   │   ├── n62
│   │   │   ├── n63/
│   │   │   ├── n82
│   │   │   └── n9/
│   │   ├── d186
│   │   ├── f122/
│   │   ├── f132/
│   │   ├── f139
│   │   ├── f15/
│   │   ├── f205/
│   │   ├── f219
│   │   ├── n74
│   │   ├── n83/
│   │   └── n90
│   ├── d55/
│   ├── f154
│   ├── f299/
│   │   └── f43
│   └── n88
├── f205/
├── f206
├── f21
├── f212
├── f228/
├── f232/
├── f238
├── f248
├── f256/
├── f272
├── f274
├── f277
├── f28/
├── f291/
├── f3
├── f32
├── f41/
├── f65
├── f69/
├── f85
├── f90/
├── f94/
│   ├── d127
│   ├── d156/
│   ├── d161/
│   ├── d165
│   ├── d168
│   ├── d191
│   ├── d209
│   ├── d211
│   ├── d240/
│   ├── d284/
│   ├── d60
│   ├── d63/
│   ├── d71
│   ├── f117/
│   ├── f125
│   ├── f14
│   ├── f215/
│   ├── f226/
│   │   ├── d129/
│   │   │   ├── d193
│   │   │   ├── d252
│   │   │   ├── d65
│   │   │   ├── f195
│   │   │   └── n116/
│   │   ├── d133/
│   │   │   ├── d142/
│   │   │   ├── d16/
│   │   │   │   ├── d130
│   │   │   │   ├── d138
│   │   │   │   ├── f169/
│   │   │   │   └── f191
│   │   │   ├── d175
│   │   │   ├── d99/
│   │   │   ├── f145/
│   │   │   ├── n112
│   │   │   └── n59
│   │   ├── d213
│   │   ├── d240/
│   │   ├── d256/
│   │   ├── d299/
│   │   ├── f151/
│   │   ├── f165/
│   │   ├── f186
│   │   ├── f188
│   │   ├── f232/
│   │   ├── f71
│   │   ├── f95
│   │   ├── n0
│   │   └── n87/
│   ├── f229/
│   ├── f255/
│   ├── f259
│   ├── f280/
│   │   ├── d0/
│   │   ├── d103
│   │   ├── d148
│   │   ├── d154
│   │   ├── d190/
│   │   ├── d227/
│   │   ├── d233
│   │   ├── d272/
│   │   ├── d288/
│   │   ├── d299/
│   │   ├── d30/
│   │   ├── f102/
│   │   ├── f154/
│   │   │   ├── d146/
│   │   │   └── f293
│   │   ├── f171/
│   │   │   ├── d52
│   │   │   └── f231
│   │   ├── f182
│   │   ├── f202
│   │   ├── f270
│   │   ├── f293/
│   │   ├── f294/
│   │   ├── f59/
│   │   ├── n1
│   │   ├── n101
│   │   ├── n103/
│   │   ├── n107/
│   │   │   ├── d145/
│   │   │   ├── d163/
│   │   │   ├── d196
│   │   │   ├── d283/
│   │   │   ├── d294/
│   │   │   │   ├── d53/
│   │   │   │   └── f205/
│   │   │   ├── d3
│   │   │   ├── d5
│   │   │   ├── d59
│   │   │   ├── f116
│   │   │   ├── f157
│   │   │   ├── f181/
│   │   │   ├── f221/
│   │   │   ├── f223
│   │   │   ├── f5/
│   │   │   │   ├── d144
│   │   │   │   ├── d160/
│   │   │   │   │   ├── d121
│   │   │   │   │   ├── d23
│   │   │   │   │   ├── d239
│   │   │   │   │   ├── d282/
│   │   │   │   │   ├── d82/
│   │   │   │   │   ├── f5/
│   │   │   │   │   ├── f65/
│   │   │   │   │   └── n47/
│   │   │   │   ├── d80
│   │   │   │   ├── f177/
│   │   │   │   ├── f181/
│   │   │   │   ├── f219
│   │   │   │   ├── f258/
│   │   │   │   └── f29
│   │   │   ├── f57
│   │   │   ├── f8
│   │   │   ├── n71
│   │   │   └── n90/
│   │   └── n61
│   ├── f38/
│   ├── n106/
│   ├── n116/
│   │   ├── d123/
│   │   ├── f200
│   │   └── n100
│   ├── n21/
│   ├── n40/
│   ├── n72
│   └── n99/
├── n108/
│   ├── d196/
│   │   ├── f190/
│   │   └── n7/
│   ├── d201/
│   ├── f104/
│   ├── f151/
│   ├── f172/
│   │   ├── d149
│   │   └── d93
│   ├── f78/
│   ├── n102/
│   └── n95/
├── n16
├── n19
├── n29
├── n46
├── n52/
├── n59
├── n65
├── n71/
│   ├── d110/
│   ├── d242/
│   │   ├── d113/
│   │   ├── d115
│   │   ├── d125
│   │   ├── d126
│   │   ├── d139
│   │   ├── d148/
│   │   ├── d152
│   │   ├── d156
│   │   ├── d163/
│   │   ├── d194/
│   │   ├── d199
│   │   ├── d263/
│   │   ├── d36/
│   │   ├── d49
│   │   ├── d53
│   │   ├── f101
│   │   ├── f156
│   │   ├── f173/
│   │   ├── f181/
│   │   ├── f204/
│   │   │   ├── d110/
│   │   │   ├── d13
│   │   │   ├── d231
│   │   │   ├── d256/
│   │   │   │   ├── d106/
│   │   │   │   ├── d163/
│   │   │   │   └── f139
│   │   │   ├── d77/
│   │   │   ├── d78
│   │   │   ├── f123/
│   │   │   ├── f149
│   │   │   ├── f266
│   │   │   ├── f43/
│   │   │   ├── f45/
│   │   │   └── n47
│   │   ├── f22
│   │   ├── f239
│   │   ├── f246/
│   │   ├── f267
│   │   ├── f282/
│   │   ├── f45/
│   │   ├── n113/
│   │   ├── n24/
│   │   ├── n3/
│   │   │   ├── d131
│   │   │   ├── d155/
│   │   │   ├── d195
│   │   │   ├── f143
│   │   │   ├── f247/
│   │   │   ├── f31
│   │   │   └── f77/
│   │   │       ├── d243/
│   │   │       ├── d89/
│   │   │       │   ├── d170
│   │   │       │   ├── d274
│   │   │       │   └── d81/
│   │   │       │       ├── d199
│   │   │       │       ├── d99/
│   │   │       │       ├── f162
│   │   │       │       ├── n1/
│   │   │       │       └── n39
│   │   │       └── f75
│   │   ├── n30/
│   │   ├── n40
│   │   ├── n45
│   │   ├── n80/
│   │   ├── n91/
│   │   └── n94/
│   ├── f115
│   ├── f205
│   └── f77/
├── n76/
│   ├── d60/
│   ├── f121
│   ├── f145/
│   ├── f158
│   ├── f164/
│   ├── f190
│   └── f289/
│       ├── d257/
│       ├── d271/
│       ├── f250
│       └── f292
├── n85/
└── n89/
Invalid operation
f65:41
d180:27
f188:17
f212:17
d170:15
d228:14
f274:14
Invalid operation
f65:41
d180:27
f188:17
f212:17
Invalid operation
d126/
d132
d141
d158/
d160/
d166/
d170
d180
d183/
d205
d208
d213/
d220/
d228
d241/
d248/
d257
d258/
d26
d264/
d272
d276
d3/
d33
d58
d61
d82/
d88
d90
f0/
f11/
f115
f124/
f127/
f156/
f159/
f170/
f174/
f177
f188
f191
f195/
f205/
f206
f21
f212
f228/
f232/
f238
f248
f256/
f272
f274
f277
f28/
f291/
f3
f32
f41/
f65
f69/
f71/
f85
f90/
f94/
n108/
n16
n19
n29
n46
n52/
n59
n65
n71/
n76/
n85/
n89/
Invalid operation
Invalid operation
Invalid operation
Invalid operation
d126/
d132
d141
d158/
d160/
d166/
d170
d180
d183/
d205
d208
d213/
d220/
d228
d241/
d248/
d257
d258/
d26
d264/
d272
d276
d3/
d33
d58
d61
d82/
d88
d90
f0/
f11/
f115
f124/
f127/
f156/
f159/
f170/
f174/
f177
f188
f191
f195/
f205/
f206
f21
f212
f228/
f232/
f238
f248
f256/
f272
f274
f277
f28/
f291/
f3
f32
f41/
f65
f69/
f71/
f85
f90/
f94/
n108/
n16
n19
n29
n46
n52/
n59
n65
n71/
n76/
n85/
n89/
Invalid operation
Invalid operation
Invalid operation
d126/
d132
d141
d158/
d160/
d166/
d170
d180
d183/
d205
d208
d213/
d220/
d228
d241/
d248/
d257
d258/
d26
d264/
d272
d276
d3/
d33
d58
d61
d82/
d88
d90
f0/
f11/
f115
f124/
f127/
f156/
f159/
f170/
f174/
f177
f188
f191
f195/
f205/
f206
f21
f212
f228/
f232/
f238
f248
f256/
f272
f274
f277
f28/
f291/
f3
f32
f41/
f65
f69/
f71/
f85
f90/
f94/
n108/
n16
n19
n29
n46
n52/
n59
n65
n71/
n76/
n85/
n89/
Invalid operation
d126/
d132
d141
d158/
d160/
d166/
d170
d180
d183/
d205
d208
d213/
d220/
d228
d241/
d248/
d257
d258/
d26
d264/
d272
d276
d3/
d33
d58
d61
d82/
d88
d90
f0/
f11/
f115
f124/
f127/
f156/
f159/
f170/
f174/
f177
f188
f191
f195/
f205/
f206
f21
f212
f228/
f232/
f238
f248
f256/
f272
f274
f277
f28/
f291/
f3
f32
f41/
f65
f69/
f71/
f85
f90/
f94/
n108/
n16
n19
n29
n46
n52/
n59
n65
n71/
n76/
n85/
n89/
Invalid operation
d126/
d132
d141
d158/
d160/
d166/
d170
d180
d183/
d205
d208
d213/
d220/
d228
d241/
d248/
d257
d258/
d26
d264/
d272
d276
d3/
d33
d58
d61
d82/
d88
d90
f0/
f11/
f115
f124/
f127/
f156/
f159/
f170/
f174/
f177
f188
f191
f195/
f205/
f206
f21
f212
f228/
f232/
f238
f248
f256/
f272
f274
f277
f28/
f291/
f3
f32
f41/
f65
f69/
f71/
f85
f90/
f94/
n108/
n16
n19
n29
n46
n52/
n59
n65
n71/
n76/
n85/
n89/
Invalid operation
Invalid operation
Invalid operation
Invalid operation
f65:41
d180:27
f188:17
d126/
d132
d141
d142/
d158/
d160/
d166/
d170
d180
d183/
d184
d205
d208
d213/
d220/
d228
d241/
d248/
d257
d258/
d26
d264/
d272
d276
d3/
d33
d58
d61
d82/
d88
d90
f0/
f1
f11/
f115
f124/
f127/
f156/
f159/
f170/
f174/
f177
f188
f195/
f205/
f206
f21
f212
f228/
f232/
f238
f248
f256/
f272
f274
f277
f28/
f291/
f3
f32
f41/
f65
f69/
f85
f90/
f94/
n108/
n16
n19
n29
n46
n52/
n59
n65
n71/
n76/
n85/
n89/
Invalid operation
Invalid operation
Invalid operation
Invalid operation
Null
/
├── d126/
├── d132
├── d141
├── d158/
├── d160/
│   ├── d135
│   ├── d144/
│   ├── d233/
│   ├── d54
│   ├── d79
│   ├── d82/
│   │   ├── d11
│   │   ├── d178
│   │   ├── d179
│   │   ├── f102
│   │   ├── f13/
│   │   ├── f249
│   │   ├── f25
│   │   ├── f33/
│   │   ├── f49
│   │   ├── f57
│   │   ├── f82
│   │   ├── n2
│   │   ├── n49/
│   │   └── n62/
│   ├── d92/
│   ├── f11
│   ├── f128/
│   ├── f209
│   ├── f275
│   ├── f288
│   ├── f58/
│   ├── f83
│   ├── n23/
│   └── n77
├── d166/
│   ├── d141/
│   ├── d148
│   ├── d181
│   ├── d202
│   ├── d208/
│   ├── d236/
│   ├── d286/
│   ├── d288
│   ├── d85
│   ├── d89/
│   ├── d91
│   ├── f111
│   ├── f141
│   ├── f155/
│   ├── f160/
│   ├── f176/
│   ├── f263/
│   ├── f36
│   ├── f73/
│   ├── f76
│   ├── n112/
│   ├── n32/
│   ├── n56/
│   └── n65/
│       ├── d213/
│       ├── d91/
│       ├── f166
│       ├── f237
│       ├── f38/
│       │   ├── d17/
│       │   ├── d189/
│       │   ├── d45
│       │   ├── d96/
│       │   │   ├── f124
│       │   │   ├── f13/
│       │   │   │   └── f212/
│       │   │   └── f212/
│       │   ├── d98/
│       │   ├── f104
│       │   ├── f164
│       │   ├── f295/
│       │   ├── f299
│       │   ├── f88
│       │   ├── n119
│       │   └── n36
│       ├── n110/
│       ├── n44
│       └── n94/
├── d170
├── d180
├── d183/
├── d184
├── d205
├── d208
├── d213/
├── d220/
│   └── d12
├── d228
├── d241/
│   ├── d131
│   └── f242/
├── d248/
├── d257
├── d258/
├── d26
├── d264/
├── d272
├── d276
├── d3/
├── d33
├── d58
├── d61
├── d82/
├── d88
├── d90
├── f0/
├── f1
├── f11/
├── f115
├── f124/
├── f127/
├── f151
├── f156/
├── f159/
├── f170/
├── f174/
├── f177
├── f188
├── f195/
│   ├── d13/
│   │   ├── d13
│   │   ├── d152/
│   │   │   ├── d140
│   │   │   ├── d154/
│   │   │   ├── d18
│   │   │   ├── d232/
│   │   │   ├── d30
│   │   │   ├── d69/
│   │   │   ├── f0/
│   │   │   ├── f146/
│   │   │   ├── f17
│   │   │   ├── f181/
│   │   │   ├── f205/
│   │   │   ├── f249/
│   │   │   ├── f267
│   │   │   ├── f80
│   │   │   ├── f94
│   │   │   ├── n15
│   │   │   ├── n36
│   │   │   ├── n56/
│   │   │   │   ├── d176/
│   │   │   │   │   ├── f83/
│   │   │   │   │   └── n60
│   │   │   │   ├── d232/
│   │   │   │   ├── d57
│   │   │   │   ├── f290
│   │   │   │   └── n117
│   │   │   ├── n62
│   │   │   ├── n63/
│   │   │   ├── n82
│   │   │   └── n9/
│   │   ├── d186
│   │   ├── f122/
│   │   ├── f132/
│   │   ├── f139
│   │   ├── f15/
│   │   ├── f205/
│   │   ├── f219
│   │   ├── n74
│   │   ├── n83/
│   │   └── n90
│   ├── d55/
│   ├── f154
│   ├── f299/
│   │   └── f43
│   └── n88
├── f205/
├── f206
├── f21
├── f212
├── f228/
├── f232/
├── f238
├── f248
├── f256/
├── f272
├── f274
├── f277
├── f28/
├── f291/
├── f3
├── f32
├── f41/
├── f65
├── f69/
├── f85
├── f90/
├── f94/
│   ├── d127
│   ├── d156/
│   ├── d161/
│   ├── d165
│   ├── d168
│   ├── d191
│   ├── d209
│   ├── d211
│   ├── d240/
│   ├── d284/
│   ├── d60
│   ├── d63/
│   ├── d71
│   ├── f117/
│   ├── f125
│   ├── f14
│   ├── f215/
│   ├── f226/
│   │   ├── d129/
│   │   │   ├── d193
│   │   │   ├── d252
│   │   │   ├── d65
│   │   │   ├── f195
│   │   │   └── n116/
│   │   ├── d133/
│   │   │   ├── d142/
│   │   │   ├── d16/
│   │   │   │   ├── d130
│   │   │   │   ├── d138
│   │   │   │   ├── f169/
│   │   │   │   └── f191
│   │   │   ├── d175
│   │   │   ├── d99/
│   │   │   ├── f145/
│   │   │   ├── n112
│   │   │   └── n59
│   │   ├── d213
│   │   ├── d240/
│   │   ├── d256/
│   │   ├── d299/
│   │   ├── f151/
│   │   ├── f165/
│   │   ├── f186
│   │   ├── f188
│   │   ├── f232/
│   │   ├── f71
│   │   ├── f95
│   │   ├── n0
│   │   └── n87/
│   ├── f229/
│   ├── f255/
│   ├── f259
│   ├── f280/
│   │   ├── d0/
│   │   ├── d103
│   │   ├── d148
│   │   ├── d154
│   │   ├── d190/
│   │   ├── d227/
│   │   ├── d233
│   │   ├── d272/
│   │   ├── d288/
│   │   ├── d299/
│   │   ├── d30/
│   │   ├── f102/
│   │   ├── f154/
│   │   │   ├── d146/
│   │   │   └── f293
│   │   ├── f171/
│   │   │   ├── d52
│   │   │   └── f231
│   │   ├── f182
│   │   ├── f202
│   │   ├── f270
│   │   ├── f293/
│   │   ├── f294/
│   │   ├── f59/
│   │   ├── n1
│   │   ├── n101
│   │   ├── n103/
│   │   ├── n107/
│   │   │   ├── d145/
│   │   │   ├── d163/
│   │   │   ├── d196
│   │   │   ├── d283/
│   │   │   ├── d294/
│   │   │   │   ├── d53/
│   │   │   │   └── f205/
│   │   │   ├── d3
│   │   │   ├── d5
│   │   │   ├── d59
│   │   │   ├── f116
│   │   │   ├── f157
│   │   │   ├── f181/
│   │   │   ├── f221/
│   │   │   ├── f223
│   │   │   ├── f5/
│   │   │   │   ├── d144
│   │   │   │   ├── d160/
│   │   │   │   │   ├── d121
│   │   │   │   │   ├── d23
│   │   │   │   │   ├── d239
│   │   │   │   │   ├── d282/
│   │   │   │   │   ├── d82/
│   │   │   │   │   ├── f5/
│   │   │   │   │   ├── f65/
│   │   │   │   │   └── n47/
│   │   │   │   ├── d80
│   │   │   │   ├── f177/
│   │   │   │   ├── f181/
│   │   │   │   ├── f219
│   │   │   │   ├── f258/
│   │   │   │   └── f29
│   │   │   ├── f57
│   │   │   ├── f8
│   │   │   ├── n71
│   │   │   └── n90/
│   │   └── n61
│   ├── f38/
│   ├── n106/
│   ├── n116/
│   │   ├── d123/
│   │   ├── f200
│   │   └── n100
│   ├── n21/
│   ├── n40/
│   ├── n72
│   └── n99/
├── n108/
│   ├── d196/
│   │   ├── f190/
│   │   └── n7/
│   ├── d201/
│   ├── f104/
│   ├── f151/
│   ├── f172/
│   │   ├── d149
│   │   └── d93
│   ├── f78/
│   ├── n102/
│   └── n95/
├── n16
├── n19
├── n29
├── n46
├── n52/
├── n59
├── n65
├── n71/
│   ├── d110/
│   ├── d242/
│   │   ├── d113/
│   │   ├── d115
│   │   ├── d125
│   │   ├── d126
│   │   ├── d139
│   │   ├── d148/
│   │   ├── d152
│   │   ├── d156
│   │   ├── d163/
│   │   ├── d194/
│   │   ├── d199
│   │   ├── d263/
│   │   ├── d36/
│   │   ├── d49
│   │   ├── d53
│   │   ├── f101
│   │   ├── f156
│   │   ├── f173/
│   │   ├── f181/
│   │   ├── f204/
│   │   │   ├── d110/
│   │   │   ├── d13
│   │   │   ├── d231
│   │   │   ├── d256/
│   │   │   │   ├── d106/
│   │   │   │   ├── d163/
│   │   │   │   └── f139
│   │   │   ├── d77/
│   │   │   ├── d78
│   │   │   ├── f123/
│   │   │   ├── f149
│   │   │   ├── f266
│   │   │   ├── f43/
│   │   │   ├── f45/
│   │   │   └── n47
│   │   ├── f22
│   │   ├── f239
│   │   ├── f246/
│   │   ├── f267
│   │   ├── f282/
│   │   ├── f45/
│   │   ├── n113/
│   │   ├── n24/
│   │   ├── n3/
│   │   │   ├── d131
│   │   │   ├── d155/
│   │   │   ├── d195
│   │   │   ├── f143
│   │   │   ├── f247/
│   │   │   ├── f31
│   │   │   └── f77/
│   │   │       ├── d243/
│   │   │       ├── d89/
│   │   │       │   ├── d170
│   │   │       │   ├── d274
│   │   │       │   └── d81/
│   │   │       │       ├── d199
│   │   │       │       ├── d99/
│   │   │       │       ├── f162
│   │   │       │       ├── n1/
│   │   │       │       └── n39
│   │   │       └── f75
│   │   ├── n30/
│   │   ├── n40
│   │   ├── n45
│   │   ├── n80/
│   │   ├── n91/
│   │   └── n94/
│   ├── f115
│   ├── f205
│   └── f77/
├── n76/
│   ├── d60/
│   ├── f121
│   ├── f145/
│   ├── f158
│   ├── f164/
│   ├── f190
│   └── f289/
│       ├── d257/
│       ├── d271/
│       ├── f250
│       └── f292
├── n85/
└── n89/
Invalid operation
f65:41
d126/
d132
d141
d158/
d160/
d166/
d170
d180
d183/
d184
d205
d208
d213/
d220/
d228
d241/
d248/
d257
d258/
d26
d264/
d272
d276
d3/
d33
d58
d61
d82/
d88
d90
f0/
f1
f11/
f115
f124/
f127/
f151
f156/
f159/
f170/
f174/
f177
f188
f195/
f205/
f206
f21
f212
f228/
f232/
f238
f248
f256/
f263
f272
f274
f277
f28/
f291/
f3
f32
f41/
f65
f69/
f85
f90/
f94/
n108/
n16
n19
n29
n46
n52/
n59
n65
n71/
n76/
n85/
n89/
f151:t2 2foghte0r3z
f65:41
d180:27
f188:17
f212:17
d170:15
Invalid operation
Invalid operation
/f151
d126/
d132
d141
d158/
d160/
d166/
d170
d180
d183/
d184
d205
d208
d213/
d220/
d228
d241/
d248/
d257
d258/
d26
d264/
d272
d276
d3/
d33
d58
d61
d82/
d88
d90
f0/
f1
f11/
f115
f124/
f127/
f151
f156/
f159/
f170/
f174/
f177
f188
f195/
f205/
f206
f21
f212
f228/
f232/
f238
f248
f256/
f272
f274
f277
f28/
f291/
f3
f32
f41/
f65
f69/
f85
f90/
f94/
n108/
n16
n19
n29
n46
n52/
n59
n65
n71/
n76/
n85/
n89/
d126/
d132
d141
d158/
d160/
d166/
d170
d180
d183/
d184
d205
d208
d213/
d220/
d228
d241/
d248/
d257
d258/
d26
d264/
d272
d276
d3/
d33
d58
d61
d82/
d88
d90
f0/
f1
f11/
f115
f124/
f127/
f151
f156/
f159/
f170/
f174/
f177
f188
f195/
f205/
f206
f21
f212
f228/
f232/
f238
f248
f256/
f272
f274
f277
f28/
f291/
f3
f32
f41/
f65
f69/
f85
f90/
f94/
n108/
n16
n19
n29
n46
n52/
n59
n65
n71/
n76/
n85/
n89/
f65:41
d180:27
f188:17
f212:17
d126/
d132
d141
d158/
d160/
d166/
d170
d180
d183/
d184
d205
d208
d213/
d220/
d228
d241/
d248/
d257
d258/
d26
d264/
d272
d276
d3/
d33
d58
d61
d82/
d88
d90
f0/
f1
f11/
f115
f124/
f127/
f151
f156/
f159/
f170/
f174/
f177
f188
f195/
f205/
f206
f21
f212
f228/
f232/
f238
f248
f256/
f272
f274
f277
f28/
f291/
f3
f32
f41/
f65
f69/
f85
f90/
f94/
n108/
n16
n19
n29
n46
n52/
n59
n65
n71/
n76/
n85/
n89/
Invalid operation
Invalid operation
Invalid operation
/f151
d126/
d132
d141
d158/
d160/
d166/
d170
d180
d183/
d184
d205
d208
d213/
d220/
d228
d241/
d248/
d257
d258/
d26
d264/
d272
d276
d3/
d33
d58
d61
d82/
d88
d90
f0/
f1
f11/
f115
f124/
f127/
f151
f156/
f159/
f170/
f174/
f177
f188
f195/
f205/
f206
f21
f212
f228/
f232/
f238
f248
f256/
f272
f274
f277
f28/
f289/
f291/
f3
f32
f41/
f65
f69/
f85
f90/
f94/
n108/
n16
n19
n29
n46
n52/
n59
n65
n71/
n76/
n85/
n89/
Invalid operation
Invalid operation
d126/
d132
d141
d158/
d160/
d166/
d170
d180
d183/
d184
d194
d205
d208
d213/
d220/
d228
d241/
d248/
d257
d258/
d26
d264/
d272
d276
d3/
d33
d58
d61
d82/
d88
d90
f0/
f1
f11/
f115
f124/
f127/
f151
f156/
f159/
f170/
f174/
f177
f188
f195/
f205/
f206
f21
f212
f228/
f232/
f238
f248
f256/
f272
f274
f277
f28/
f289/
f291/
f3
f32
f41/
f65
f69/
f85
f90/
f94/
n108/
n16
n19
n29
n46
n52/
n59
n65
n71/
n76/
n85/
n89/
Invalid operation
Null
Invalid operation
f151:t2 2foghte0r3z9jk5mqe 37p_.
/f151
f65:41
d180:27
f151:20
f188:17
Invalid operation
f151:txt:20
d126/
d132
d141
d153
d158/
d160/
d166/
d170
d180
d183/
d184
d205
d208
d211
d213/
d220/
d228
d241/
d248/
d257
d258/
d26
d264/
d272
d276
d3/
d33
d58
d61
d82/
d88
d90
f0/
f1
f11/
f115
f124/
f127/
f151
f156/
f159/
f170/
f174/
f177
f188
f195/
f205/
f206
f21
f212
f228/
f232/
f238
f248
f256/
f272
f274
f277
f28/
f289/
f291/
f3
f32
f41/
f65
f69/
f85
f90/
f94/
n108/
n16
n19
n29
n46
n52/
n59
n65
n71/
n76/
n85/
n89/
/
├── d126/
├── d132
├── d141
├── d153
├── d158/
├── d160/
│   ├── d135
│   ├── d144/
│   ├── d233/
│   ├── d54
│   ├── d79
│   ├── d82/
│   │   ├── d11
│   │   ├── d178
│   │   ├── d179
│   │   ├── f102
│   │   ├── f13/
│   │   ├── f249
│   │   ├── f25
│   │   ├── f33/
│   │   ├── f49
│   │   ├── f57
│   │   ├── f82
│   │   ├── n2
│   │   ├── n49/
│   │   └── n62/
│   ├── d92/
│   ├── f11
│   ├── f128/
│   ├── f209
│   ├── f275
│   ├── f288
│   ├── f58/
│   ├── f83
│   ├── n23/
│   └── n77
├── d166/
│   ├── d141/
│   ├── d148
│   ├── d181
│   ├── d202
│   ├── d208/
│   ├── d236/
│   ├── d286/
│   ├── d288
│   ├── d85
│   ├── d89/
│   ├── d91
│   ├── f111
│   ├── f141
│   ├── f155/
│   ├── f160/
│   ├── f176/
│   ├── f263/
│   ├── f36
│   ├── f73/
│   ├── f76
│   ├── n112/
│   ├── n32/
│   ├── n56/
│   └── n65/
│       ├── d213/
│       ├── d91/
│       ├── f166
│       ├── f237
│       ├── f38/
│       │   ├── d17/
│       │   ├── d189/
│       │   ├── d45
│       │   ├── d96/
│       │   │   ├── f124
│       │   │   ├── f13/
│       │   │   │   └── f212/
│       │   │   └── f212/
│       │   ├── d98/
│       │   ├── f104
│       │   ├── f164
│       │   ├── f295/
│       │   ├── f299
│       │   ├── f88
│       │   ├── n119
│       │   └── n36
│       ├── n110/
│       ├── n44
│       └── n94/
├── d170
├── d180
├── d183/
├── d184
├── d205
├── d208
├── d211
├── d213/
├── d220/
│   └── d12
├── d228
├── d241/
│   ├── d131
│   └── f242/
├── d248/
├── d257
├── d258/
├── d26
├── d264/
├── d272
├── d276
├── d3/
├── d33
├── d58
├── d61
├── d82/
├── d88
├── d90
├── f0/
├── f1
├── f11/
├── f115
├── f124/
├── f127/
├── f151
├── f156/
├── f159/
├── f170/
├── f174/
├── f177
├── f188
├── f195/
│   ├── d13/
│   │   ├── d13
│   │   ├── d152/
│   │   │   ├── d140
│   │   │   ├── d154/
│   │   │   ├── d18
│   │   │   ├── d232/
│   │   │   ├── d30
│   │   │   ├── d69/
│   │   │   ├── f0/
│   │   │   ├── f146/
│   │   │   ├── f17
│   │   │   ├── f181/
│   │   │   ├── f205/
│   │   │   ├── f249/
│   │   │   ├── f267
│   │   │   ├── f80
│   │   │   ├── f94
│   │   │   ├── n15
│   │   │   ├── n36
│   │   │   ├── n56/
│   │   │   │   ├── d176/
│   │   │   │   │   ├── f83/
│   │   │   │   │   └── n60
│   │   │   │   ├── d232/
│   │   │   │   ├── d57
│   │   │   │   ├── f290
│   │   │   │   └── n117
│   │   │   ├── n62
│   │   │   ├── n63/
│   │   │   ├── n82
│   │   │   └── n9/
│   │   ├── d186
│   │   ├── f122/
│   │   ├── f132/
│   │   ├── f139
│   │   ├── f15/
│   │   ├── f205/
│   │   ├── f219
│   │   ├── n74
│   │   ├── n83/
│   │   └── n90
│   ├── d55/
│   ├── f154
│   ├── f299/
│   │   └── f43
│   └── n88
├── f205/
├── f206
├── f21
├── f212
├── f228/
├── f232/
├── f238
├── f248
├── f256/
├── f272
├── f274
├── f277
├── f28/
├── f289/
├── f291/
├── f3
├── f32
├── f41/
├── f65
├── f69/
├── f85
├── f90/
├── f94/
│   ├── d127
│   ├── d156/
│   ├── d161/
│   ├── d165
│   ├── d168
│   ├── d191
│   ├── d209
│   ├── d211
│   ├── d240/
│   ├── d284/
│   ├── d60
│   ├── d63/
│   ├── d71
│   ├── f117/
│   ├── f125
│   ├── f14
│   ├── f215/
│   ├── f226/
│   │   ├── d129/
│   │   │   ├── d193
│   │   │   ├── d252
│   │   │   ├── d65
│   │   │   ├── f195
│   │   │   └── n116/
│   │   ├── d133/
│   │   │   ├── d142/
│   │   │   ├── d16/
│   │   │   │   ├── d130
│   │   │   │   ├── d138
│   │   │   │   ├── f169/
│   │   │   │   └── f191
│   │   │   ├── d175
│   │   │   ├── d99/
│   │   │   ├── f145/
│   │   │   ├── n112
│   │   │   └── n59
│   │   ├── d213
│   │   ├── d240/
│   │   ├── d256/
│   │   ├── d299/
│   │   ├── f151/
│   │   ├── f165/
│   │   ├── f186
│   │   ├── f188
│   │   ├── f232/
│   │   ├── f71
│   │   ├── f95
│   │   ├── n0
│   │   └── n87/
│   ├── f229/
│   ├── f255/
│   ├── f259
│   ├── f280/
│   │   ├── d0/
│   │   ├── d103
│   │   ├── d148
│   │   ├── d154
│   │   ├── d190/
│   │   ├── d227/
│   │   ├── d233
│   │   ├── d272/
│   │   ├── d288/
│   │   ├── d299/
│   │   ├── d30/
│   │   ├── f102/
│   │   ├── f154/
│   │   │   ├── d146/
│   │   │   └── f293
│   │   ├── f171/
│   │   │   ├── d52
│   │   │   └── f231
│   │   ├── f182
│   │   ├── f202
│   │   ├── f270
│   │   ├── f293/
│   │   ├── f294/
│   │   ├── f59/
│   │   ├── n1
│   │   ├── n101
│   │   ├── n103/
│   │   ├── n107/
│   │   │   ├── d145/
│   │   │   ├── d163/
│   │   │   ├── d196
│   │   │   ├── d283/
│   │   │   ├── d294/
│   │   │   │   ├── d53/
│   │   │   │   └── f205/
│   │   │   ├── d3
│   │   │   ├── d5
│   │   │   ├── d59
│   │   │   ├── f116
│   │   │   ├── f157
│   │   │   ├── f181/
│   │   │   ├── f221/
│   │   │   ├── f223
│   │   │   ├── f5/
│   │   │   │   ├── d144
│   │   │   │   ├── d160/
│   │   │   │   │   ├── d121
│   │   │   │   │   ├── d23
│   │   │   │   │   ├── d239
│   │   │   │   │   ├── d282/
│   │   │   │   │   ├── d82/
│   │   │   │   │   ├── f5/
│   │   │   │   │   ├── f65/
│   │   │   │   │   └── n47/
│   │   │   │   ├── d80
│   │   │   │   ├── f177/
│   │   │   │   ├── f181/
│   │   │   │   ├── f219
│   │   │   │   ├── f258/
│   │   │   │   └── f29
│   │   │   ├── f57
│   │   │   ├── f8
│   │   │   ├── n71
│   │   │   └── n90/
│   │   └── n61
│   ├── f38/
│   ├── n106/
│   ├── n116/
│   │   ├── d123/
│   │   ├── f200
│   │   └── n100
│   ├── n21/
│   ├── n40/
│   ├── n72
│   └── n99/
├── n108/
│   ├── d196/
│   │   ├── f190/
│   │   └── n7/
│   ├── d201/
│   ├── f104/
│   ├── f151/
│   ├── f172/
│   │   ├── d149
│   │   └── d93
│   ├── f78/
│   ├── n102/
│   └── n95/
├── n16
├── n19
├── n29
├── n46
├── n52/
├── n59
├── n65
├── n71/
│   ├── d110/
│   ├── d242/
│   │   ├── d113/
│   │   ├── d115
│   │   ├── d125
│   │   ├── d126
│   │   ├── d139
│   │   ├── d148/
│   │   ├── d152
│   │   ├── d156
│   │   ├── d163/
│   │   ├── d194/
│   │   ├── d199
│   │   ├── d263/
│   │   ├── d36/
│   │   ├── d49
│   │   ├── d53
│   │   ├── f101
│   │   ├── f156
│   │   ├── f173/
│   │   ├── f181/
│   │   ├── f204/
│   │   │   ├── d110/
│   │   │   ├── d13
│   │   │   ├── d231
│   │   │   ├── d256/
│   │   │   │   ├── d106/
│   │   │   │   ├── d163/
│   │   │   │   └── f139
│   │   │   ├── d77/
│   │   │   ├── d78
│   │   │   ├── f123/
│   │   │   ├── f149
│   │   │   ├── f266
│   │   │   ├── f43/
│   │   │   ├── f45/
│   │   │   └── n47
│   │   ├── f22
│   │   ├── f239
│   │   ├── f246/
│   │   ├── f267
│   │   ├── f282/
│   │   ├── f45/
│   │   ├── n113/
│   │   ├── n24/
│   │   ├── n3/
│   │   │   ├── d131
│   │   │   ├── d155/
│   │   │   ├── d195
│   │   │   ├── f143
│   │   │   ├── f247/
│   │   │   ├── f31
│   │   │   └── f77/
│   │   │       ├── d243/
│   │   │       ├── d89/
│   │   │       │   ├── d170
│   │   │       │   ├── d274
│   │   │       │   └── d81/
│   │   │       │       ├── d199
│   │   │       │       ├── d99/
│   │   │       │       ├── f162
│   │   │       │       ├── n1/
│   │   │       │       └── n39
│   │   │       └── f75
│   │   ├── n30/
│   │   ├── n40
│   │   ├── n45
│   │   ├── n80/
│   │   ├── n91/
│   │   └── n94/
│   ├── f115
│   ├── f205
│   └── f77/
├── n76/
│   ├── d60/
│   ├── f121
│   ├── f145/
│   ├── f158
│   ├── f164/
│   ├── f190
│   └── f289/
│       ├── d257/
│       ├── d271/
│       ├── f250
│       └── f292
├── n85/
└── n89/
Invalid operation
Invalid operation
Invalid operation
Invalid operation
Invalid operation
Invalid operation
Invalid operation
Invalid operation
/
├── d126/
├── d132
├── d141
├── d153
├── d158/
├── d160/
│   ├── d135
│   ├── d144/
│   ├── d233/
│   ├── d54
│   ├── d79
│   ├── d82/
│   │   ├── d11
│   │   ├── d178
│   │   ├── d179
│   │   ├── f102
│   │   ├── f13/
│   │   ├── f249
│   │   ├── f25
│   │   ├── f33/
│   │   ├── f49
│   │   ├── f57
│   │   ├── f82
│   │   ├── n2
│   │   ├── n49/
│   │   └── n62/
│   ├── d92/
│   ├── f11
│   ├── f128/
│   ├── f209
│   ├── f275
│   ├── f288
│   ├── f58/
│   ├── f83
│   ├── n23/
│   └── n77
├── d166/
│   ├── d141/
│   ├── d148
│   ├── d181
│   ├── d202
│   ├── d208/
│   ├── d236/
│   ├── d286/
│   ├── d288
│   ├── d85
│   ├── d89/
│   ├── d91
│   ├── f111
│   ├── f141
│   ├── f155/
│   ├── f160/
│   ├── f176/
│   ├── f263/
│   ├── f36
│   ├── f73/
│   ├── f76
│   ├── n112/
│   ├── n32/
│   ├── n56/
│   └── n65/
│       ├── d213/
│       ├── d91/
│       ├── f166
│       ├── f237
│       ├── f38/
│       │   ├── d17/
│       │   ├── d189/
│       │   ├── d45
│       │   ├── d96/
│       │   │   ├── f124
│       │   │   ├── f13/
│       │   │   │   └── f212/
│       │   │   └── f212/
│       │   ├── d98/
│       │   ├── f104
│       │   ├── f164
│       │   ├── f295/
│       │   ├── f299
│       │   ├── f88
│       │   ├── n119
│       │   └── n36
│       ├── n110/
│       ├── n44
│       └── n94/
├── d170
├── d180
├── d183/
├── d184
├── d205
├── d208
├── d213/
├── d220/
│   └── d12
├── d228
├── d241/
│   ├── d131
│   └── f242/
├── d248/
├── d257
├── d258/
├── d26
├── d264/
├── d272
├── d276
├── d3/
├── d33
├── d58
├── d61
├── d82/
├── d88
├── d90
├── f0/
├── f1
├── f10
├── f11/
├── f115
├── f124/
├── f127/
├── f151
├── f156/
├── f159/
├── f170/
├── f174/
├── f177
├── f188
├── f195/
│   ├── d13/
│   │   ├── d13
│   │   ├── d152/
│   │   │   ├── d140
│   │   │   ├── d154/
│   │   │   ├── d18
│   │   │   ├── d232/
│   │   │   ├── d30
│   │   │   ├── d69/
│   │   │   ├── f0/
│   │   │   ├── f146/
│   │   │   ├── f17
│   │   │   ├── f181/
│   │   │   ├── f205/
│   │   │   ├── f249/
│   │   │   ├── f267
│   │   │   ├── f80
│   │   │   ├── f94
│   │   │   ├── n15
│   │   │   ├── n36
│   │   │   ├── n56/
│   │   │   │   ├── d176/
│   │   │   │   │   ├── f83/
│   │   │   │   │   └── n60
│   │   │   │   ├── d232/
│   │   │   │   ├── d57
│   │   │   │   ├── f290
│   │   │   │   └── n117
│   │   │   ├── n62
│   │   │   ├── n63/
│   │   │   ├── n82
│   │   │   └── n9/
│   │   ├── d186
│   │   ├── f122/
│   │   ├── f132/
│   │   ├── f139
│   │   ├── f15/
│   │   ├── f205/
│   │   ├── f219
│   │   ├── n74
│   │   ├── n83/
│   │   └── n90
│   ├── d55/
│   ├── f154
│   ├── f299/
│   │   └── f43
│   └── n88
├── f205/
├── f206
├── f21
├── f212
├── f228/
├── f232/
├── f238
├── f248
├── f256/
├── f272
├── f274
├── f277
├── f28/
├── f289/
├── f291/
├── f3
├── f32
├── f41/
├── f65
├── f69/
├── f80
├── f85
├── f90/
├── f94/
│   ├── d127
│   ├── d156/
│   ├── d161/
│   ├── d165
│   ├── d168
│   ├── d191
│   ├── d209
│   ├── d211
│   ├── d240/
│   ├── d284/
│   ├── d60
│   ├── d63/
│   ├── d71
│   ├── f117/
│   ├── f125
│   ├── f14
│   ├── f215/
│   ├── f226/
│   │   ├── d129/
│   │   │   ├── d193
│   │   │   ├── d252
│   │   │   ├── d65
│   │   │   ├── f195
│   │   │   └── n116/
│   │   ├── d133/
│   │   │   ├── d142/
│   │   │   ├── d16/
│   │   │   │   ├── d130
│   │   │   │   ├── d138
│   │   │   │   ├── f169/
│   │   │   │   └── f191
│   │   │   ├── d175
│   │   │   ├── d99/
│   │   │   ├── f145/
│   │   │   ├── n112
│   │   │   └── n59
│   │   ├── d213
│   │   ├── d240/
│   │   ├── d256/
│   │   ├── d299/
│   │   ├── f151/
│   │   ├── f165/
│   │   ├── f186
│   │   ├── f188
│   │   ├── f232/
│   │   ├── f71
│   │   ├── f95
│   │   ├── n0
│   │   └── n87/
│   ├── f229/
│   ├── f255/
│   ├── f259
│   ├── f280/
│   │   ├── d0/
│   │   ├── d103
│   │   ├── d148
│   │   ├── d154
│   │   ├── d190/
│   │   ├── d227/
│   │   ├── d233
│   │   ├── d272/
│   │   ├── d288/
│   │   ├── d299/
│   │   ├── d30/
│   │   ├── f102/
│   │   ├── f154/
│   │   │   ├── d146/
│   │   │   └── f293
│   │   ├── f171/
│   │   │   ├── d52
│   │   │   └── f231
│   │   ├── f182
│   │   ├── f202
│   │   ├── f270
│   │   ├── f293/
│   │   ├── f294/
│   │   ├── f59/
│   │   ├── n1
│   │   ├── n101
│   │   ├── n103/
│   │   ├── n107/
│   │   │   ├── d145/
│   │   │   ├── d163/
│   │   │   ├── d196
│   │   │   ├── d283/
│   │   │   ├── d294/
│   │   │   │   ├── d53/
│   │   │   │   └── f205/
│   │   │   ├── d3
│   │   │   ├── d5
│   │   │   ├── d59
│   │   │   ├── f116
│   │   │   ├── f157
│   │   │   ├── f181/
│   │   │   ├── f221/
│   │   │   ├── f223
│   │   │   ├── f5/
│   │   │   │   ├── d144
│   │   │   │   ├── d160/
│   │   │   │   │   ├── d121
│   │   │   │   │   ├── d23
│   │   │   │   │   ├── d239
│   │   │   │   │   ├── d282/
│   │   │   │   │   ├── d82/
│   │   │   │   │   ├── f5/
│   │   │   │   │   ├── f65/
│   │   │   │   │   └── n47/
│   │   │   │   ├── d80
│   │   │   │   ├── f177/
│   │   │   │   ├── f181/
│   │   │   │   ├── f219
│   │   │   │   ├── f258/
│   │   │   │   └── f29
│   │   │   ├── f57
│   │   │   ├── f8
│   │   │   ├── n71
│   │   │   └── n90/
│   │   └── n61
│   ├── f38/
│   ├── n106/
│   ├── n116/
│   │   ├── d123/
│   │   ├── f200
│   │   └── n100
│   ├── n21/
│   ├── n40/
│   ├── n72
│   └── n99/
├── n108/
│   ├── d196/
│   │   ├── f190/
│   │   └── n7/
│   ├── d201/
│   ├── f104/
│   ├── f151/
│   ├── f172/
│   │   ├── d149
│   │   └── d93
│   ├── f78/
│   ├── n102/
│   └── n95/
├── n16
├── n19
├── n29
├── n46
├── n52/
├── n59
├── n65
├── n71/
│   ├── d110/
│   ├── d242/
│   │   ├── d113/
│   │   ├── d115
│   │   ├── d125
│   │   ├── d126
│   │   ├── d139
│   │   ├── d148/
│   │   ├── d152
│   │   ├── d156
│   │   ├── d163/
│   │   ├── d194/
│   │   ├── d199
│   │   ├── d263/
│   │   ├── d36/
│   │   ├── d49
│   │   ├── d53
│   │   ├── f101
│   │   ├── f156
│   │   ├── f173/
│   │   ├── f181/
│   │   ├── f204/
│   │   │   ├── d110/
│   │   │   ├── d13
│   │   │   ├── d231
│   │   │   ├── d256/
│   │   │   │   ├── d106/
│   │   │   │   ├── d163/
│   │   │   │   └── f139
│   │   │   ├── d77/
│   │   │   ├── d78
│   │   │   ├── f123/
│   │   │   ├── f149
│   │   │   ├── f266
│   │   │   ├── f43/
│   │   │   ├── f45/
│   │   │   └── n47
│   │   ├── f22
│   │   ├── f239
│   │   ├── f246/
│   │   ├── f267
│   │   ├── f282/
│   │   ├── f45/
│   │   ├── n113/
│   │   ├── n24/
│   │   ├── n3/
│   │   │   ├── d131
│   │   │   ├── d155/
│   │   │   ├── d195
│   │   │   ├── f143
│   │   │   ├── f247/
│   │   │   ├── f31
│   │   │   └── f77/
│   │   │       ├── d243/
│   │   │       ├── d89/
│   │   │       │   ├── d170
│   │   │       │   ├── d274
│   │   │       │   └── d81/
│   │   │       │       ├── d199
│   │   │       │       ├── d99/
│   │   │       │       ├── f162
│   │   │       │       ├── n1/
│   │   │       │       └── n39
│   │   │       └── f75
│   │   ├── n30/
│   │   ├── n40
│   │   ├── n45
│   │   ├── n80/
│   │   ├── n91/
│   │   └── n94/
│   ├── f115
│   ├── f205
│   └── f77/
├── n76/
│   ├── d60/
│   ├── f121
│   ├── f145/
│   ├── f158
│   ├── f164/
│   ├── f190
│   └── f289/
│       ├── d257/
│       ├── d271/
│       ├── f250
│       └── f292
├── n85/
└── n89/
Invalid operation
Invalid operation
Invalid operation
Null
Invalid operation
Invalid operation
Invalid operation
Invalid operation
Invalid operation
Invalid operation
Invalid operation
d126/
d132
d141
d153
d158/
d160/
d166/
d170
d180
d183/
d184
d205
d208
d213/
d220/
d228
d241/
d248/
d257
d258/
d26
d264/
d272
d276
d3/
d33
d58
d61
d82/
d88
d90
f0/
f1
f10
f11/
f115
f124/
f127/
f151
f156/
f159/
f170/
f174/
f177
f188
f195/
f205/
f206
f21
f212
f228/
f232/
f238
f248
f256/
f272
f274
f277
f28/
f289/
f291/
f299/
f3
f32
f41/
f65
f69/
f80
f85
f90/
f94/
n108/
n16
n19
n29
n46
n52/
n59
n65
n71/
n76/
n85/
n89/
Invalid operation
Invalid operation
d126/
d132
d141
d153
d158/
d160/
d166/
d170
d180
d183/
d184
d205
d208
d213/
d220/
d228
d241/
d248/
d257
d258/
d26
d264/
d272
d276
d3/
d33
d58
d61
d82/
d88
d90
f0/
f1
f10
f11/
f115
f124/
f127/
f151
f156/
f159/
f170/
f174/
f177
f188
f195/
f205/
f206
f21
f212
f228/
f232/
f238
f248
f256/
f272
f274
f277
f28/
f289/
f291/
f299/
f3
f32
f41/
f65
f69/
f80
f85
f90/
f94/
n108/
n16
n19
n29
n46
n52/
n59
n65
n71/
n76/
n85/
n89/
f65:41
f151:28
Invalid operation
Invalid operation
d33:bin:0
/d33
d126/
d132
d141
d153
d158/
d160/
d166/
d170
d180
d183/
d205
d208
d213/
d220/
d228
d241/
d248/
d257
d258/
d26
d264/
d272
d276
d3/
d33
d58
d61
d82/
d88
d90
f0/
f1
f10
f11/
f115
f124/
f127/
f151
f156/
f159/
f170/
f174/
f177
f188
f195/
f205/
f206
f21
f212
f228/
f232/
f238
f248
f256/
f272
f274
f277
f28/
f289/
f291/
f299/
f3
f32
f41/
f65
f69/
f80
f85
f90/
f94/
n108/
n16
n19
n29
n46
n52/
n59
n65
n71/
n76/
n85/
n89/
d126/
d132
d141
d153
d158/
d160/
d166/
d170
d180
d183/
d205
d208
d213/
d220/
d228
d241/
d248/
d257
d258/
d26
d264/
d272
d276
d3/
d33
d58
d61
d82/
d88
d90
f0/
f1
f10
f11/
f115
f124/
f127/
f151
f156/
f159/
f170/
f174/
f177
f188
f195/
f205/
f206
f21
f212
f228/
f232/
f238
f248
f256/
f272
f274
f277
f28/
f289/
f291/
f299/
f3
f32
f41/
f65
f69/
f80
f85
f90/
f94/
n108/
n16
n19
n29
n46
n52/
n59
n65
n71/
n76/
n85/
n89/
Invalid operation
Invalid operation
Invalid operation
f65:41
f151:28
d180:27
f272:22
d153:17
f188:17
f212:17
Invalid operation
Invalid operation
Invalid operation
d33:bin:18
f65:41
f151:28
d180:27
f272:22
d33:18
Invalid operation
f119:dir:0
/f135
f135:
/f135
d126/
d132
d141
d153
d158/
d160/
d166/
d170
d180
d183/
d205
d208
d213/
d220/
d228
d241/
d248/
d257
d258/
d26
d264/
d272
d276
d3/
d58
d61
d82/
d88
d90
f0/
f1
f10
f11/
f115
f119/
f124/
f127/
f135
f151
f156/
f159/
f170/
f174/
f177
f188
f195/
f205/
f206
f21
f212
f228/
f232/
f238
f248
f256/
f272
f274
f277
f28/
f289/
f291/
f299/
f3
f32
f41/
f65
f69/
f80
f85
f90/
f94/
n108/
n16
n19
n29
n46
n52/
n59
n65
n71/
n76/
n85/
n89/
n91
Invalid operation
/f135
Null
d126/
d132
d141
d153
d158/
d160/
d166/
d170
d180
d183/
d205
d208
d213/
d220/
d228
d241/
d248/
d257
d258/
d26
d264/
d272
d276
d3/
d33
d58
d61
d82/
d88
d90
f0/
f1
f10
f11/
f115
f119/
f124/
f127/
f135
f151
f156/
f159/
f170/
f174/
f177
f188
f195/
f205/
f206
f21
f212
f228/
f232/
f238
f248
f256/
f272
f274
f277
f28/
f289/
f291/
f299/
f3
f32
f41/
f65
f69/
f80
f85
f90/
f94/
n108/
n16
n19
n29
n46
n52/
n59
n65
n71/
n76/
n85/
n89/
n91
f135:
Invalid operation
Invalid operation
f248:6C 83 B7 2E 50 23 8D
d126/
d132
d141
d153
d158/
d160/
d166/
d170
d180
d183/
d205
d208
d213/
d220/
d228
d241/
d248/
d257
d258/
d26
d264/
d272
d276
d3/
d33
d5
d58
d61
d82/
d88
d90
f0/
f1
f10
f11/
f115
f119/
f124/
f127/
f135
f151
f156/
f159/
f170/
f174/
f177
f188
f195/
f205/
f206
f21
f212
f228/
f232/
f238
f248
f256/
f272
f274
f277
f28/
f289/
f290/
f291/
f299/
f3
f32
f41/
f65
f69/
f80
f85
f90/
f94/
n108/
n16
n19
n29
n46
n52/
n59
n65
n71/
n76/
n85/
n89/
n91
f135:
f135:txt:0
f135:
Invalid operation
Invalid operation
n95:
d226/
├── d173/
├── d294
└── f110
d294:e5t4ur0
Invalid operation
Invalid operation
d173/
d294
f110
d173/
d294
f110
/f119/d226/d294
d226/
├── d173/
├── d294
├── f110
└── f94
f110:4E
/f119/d226/d294
Invalid operation
Invalid operation
d294:e5t4ur0i
f110:4E
Invalid operation
d189/
d294:e5t4ur0i
d294:e5t4ur0i
n115:16
n115:9inqrd-20ycrvrgp
d189/
n115
d173/
d294
f110
f94
Invalid operation
d173/
d294
f110
f79/
f94
Null
/f119/d226/d173/n115
Null
d115/
d189/
n115
d115/
d189/
n115
d115/
d189/
n115
d115/
d189/
n115
d115/
d189/
n115
f110:B4
/f119/d226/d294
d115:dir:0
f53:22
f110:AB 6B 00 B4
f53:8_ny2ar-ynch7x5wrm0cip
d120/
d189/
f53
Invalid operation
Invalid operation
d115/
d120/
d189/
f53
Null
f53:8_ny2ar-ync
d173/
├── d115/
├── d120/
├── d189/
├── d96
└── f53
f53:11
Invalid operation
Invalid operation
Invalid operation
f53:txt:11
d173/
├── d115/
├── d120/
├── d189/
├── f201
├── f53
└── n89
d115/
d120/
d189/
f201
f53
n89
d226/
├── d173/
│   ├── d115/
│   ├── d120/
│   ├── d189/
│   ├── f201
│   ├── f53
│   └── n89
├── d279
├── d294
├── f110
├── f79/
└── f94
d294:e5t4ur0ix
Invalid operation
d294:e5t4ur0ix
d136/
d173/
d279
d294
f110
f149
f79/
f94
d136/
d173/
d279
d294
f110
f149
f79/
f94
d136/
d150
d173/
d279
d294
f110
f149
f79/
f94
f110:34 8B
Null
d294:txt:9
d136/
d150
d173/
d279
d294
d62
f110
f217
f79/
f94
Invalid operation
Invalid operation
d294:txt:9
d294:e5t4ur0ix
d294:txt:9
d294:e5t4ur0ix
Invalid operation
d136/
└── d139/
d139/
f141
Invalid operation
d139/
f141
f248
Invalid operation
Invalid operation
Invalid operation
d139/
d82/
f141
f248
Null
Invalid operation
d139/
d211/
d226
d82/
f141
f248
f50/
d139/
d211/
d82/
f141
f24
f248
f50/
Invalid operation
d211/
d82/
f141
f24
f248
f50/
n30/
n49
Invalid operation
d293/
f248:bin:19
Invalid operation
Invalid operation
d136/
├── d211/
│   └── d293/
├── d82/
├── f141
├── f24
├── f248
├── f50/
├── n30/
└── n49
Null
Invalid operation
f248:16
f141:8
n49:7
f24:1
Invalid operation
Invalid operation
d211/
d82/
f141
f248
f50/
n30/
n49
f248:16
f141:8
n49:7
Null
f248:7A 75 D8 6F 5D BA A7 00 00
Invalid operation
Invalid operation
Invalid operation
f248:bin:19
f248:00 7A 75 D8 6F 5D F5 A7 00 00 00 00 00 00 00 00
Invalid operation
f248:bin:27
Invalid operation
d136/
├── d171/
├── d211/
│   └── d293/
├── d260
├── d82/
├── f141
├── f158
├── f217
├── f248
├── f50/
├── n30/
└── n49
d136/
├── d171/
├── d211/
│   └── d293/
├── d260
├── d82/
├── f141
├── f158
├── f217
├── f248
├── f50/
├── n30/
└── n49
d171/
d211/
d260
d82/
f141
f158
f217
f248
f50/
n30/
n49
d171/
d211/
d230/
d260
d82/
f141
f158
f217
f248
f50/
n30/
n49
f217:16
n81:11
f130:8
f141:8
n49:7
n49:4A
/f119/d226/d136/n49
n49:61 3B
n49:6B
Invalid operation
Invalid operation
/f119/d226/d136/n49
d1
d171/
d211/
d250
d260
d58/
d82/
f130
f158
f50/
n102/
n30/
n49
n81
n9
n49:C8
d1
d171/
d211/
d250
d260
d58/
d82/
f130
f158
f50/
n102/
n30/
n49
n81
n9
Invalid operation
d1
d171/
d211/
d250
d260
d58/
d82/
f130
f158
f50/
n102/
n30/
n49
n81
n9
Invalid operation
n81:11
n49:9
d1:4
Invalid operation
n49:72 E2
n49:16
n81:11
d1:4
Invalid operation
d294:e5t4ur0ix
d294:txt:9
Invalid operation
d294:txt:9
Invalid operation
Invalid operation
d100/
d136/
d150
d173/
d279
d294
d33/
d61/
d62
f118
f217
f79/
n110/
d294:e5t4ur0ixxx
Invalid operation
d100/
d136/
d150
d173/
d214
d251/
d258/
d279
d294
d33/
d61/
d62
d66/
f118
f127
f217
f79/
n110/
n96/
Invalid operation
Invalid operation
Invalid operation
d214:16
d294:15
d150:14
f118:6
f127:3
d279:0
d62:0
f217:0
/f119/d226/d294
d150:00 16 66 AD 6D 37 23 EF 00
Invalid operation
d150:9F
Invalid operation
d150:23 EF
d100/
d136/
d150
d173/
d214
d251/
d258/
d279
d294
d33/
d61/
d62
d66/
f118
f127
f211
f217
f224
f23/
f79/
n110/
n96/
d100/
d136/
d150
d173/
d214
d251/
d258/
d279
d294
d33/
d61/
d62
d66/
f118
f127
f211
f217
f224
f23/
f79/
n110/
n96/
/f151
Invalid operation
d226/
n1
n95
Invalid operation
f248:00 00
n95:txt:2
Invalid operation
f248:2E 50 23 8D
f119/
├── d258
├── n1
└── n95
Null
d258
n1
n95
n68/
├── d202/
├── f151
└── f244/
d202:dir:0
d202:dir:0
Invalid operation
Invalid operation
f151:
f151:
d114
d119
d19
d202/
d88
f151
f225/
f244/
f151:
Invalid operation
d263:dir:0
d263:dir:0
f151:6s-75w
Invalid operation
Invalid operation
d258:C3 2D 13
Invalid operation
d263/
f170/
f57
d258:D0
f57:8
f171:65
f237/
├── d263/
├── d91
├── f170/
├── f171
├── f57
└── n46/
f171:93 44
d263/
f170/
f171
f57
n46/
Invalid operation
d263/
f170/
f171
f57
n46/
f171:65 93
f57:txt:8
d258:2D 13 DB
d258:C3
d263/
f104/
f170/
f171
f57
n46/
Invalid operation
d263/
f170/
f171
f288
f57
n46/
Invalid operation
/f119/n68/f151
/f151
d88: vy-b5u
d88: vy-b5u
d88: vy-b5u
/f119/n68/d88
/d88
Invalid operation
Null
d88: vy-b5ux
n7:B9 11 AC
d19
d202/
d88
f207/
f228/
f237/
f244/
n7
d263/
f170/
f171
f24
f57
n46/
Invalid operation
Invalid operation
d258:1
Invalid operation
f175:17
d258:1
/f119/n68/f237/f170/f24
/f119/n68/f237/f24
Invalid operation
f24:md:11
Invalid operation
f24:1v58k8d5 us
f24:1v58k8d5 us
d79/
f22/
f24
f266
f99
f99:CE F2 9A
Invalid operation
f22/
f266
f266:md:17
f266:17
Invalid operation
d17
d66/
f22/
f22:dir:0
d17:zfrkdhd 737xq5p
f171:F7 65 93 44 00
Null
d17
d77
f22/
f9
f171:00
/f119/n68/f237/f170/d17
/f119/n68/f237/f170/d17
/f119/n68/f237/f170/d17
f171:00 00 00 76
d263/
f170/
f171
f24
f57
n46/
n81/
Invalid operation
Null
Invalid operation
Invalid operation
f170:dir:0
Invalid operation
f171:DB 3B
Invalid operation
Invalid operation
n46/
f170:dir:0
d192/
d263/
f122/
f170/
f171
f99/
n46/
n81/
f171:26
Invalid operation
Invalid operation
d19
d202/
d88
f207/
f228/
f237/
f244/
n7
Invalid operation
Invalid operation
f171:26
f171:BB
f170:dir:0
Invalid operation
Invalid operation
f171:F7 65 93 F3 E3 9A 00 00 76 C1 00 00 00 00 00 00 00 00
Invalid operation
Invalid operation
f171:26
f279:7
Invalid operation
Invalid operation
f279:3D A3 26
f279:26 F2
f237/
├── d192/
├── d263/
├── f122/
├── f170/
│   ├── d105/
│   ├── d17
│   ├── d262/
│   ├── d276
│   ├── d52/
│   ├── f184/
│   ├── f22/
│   └── f9
├── f174/
├── f279
├── f99/
└── n81/
    ├── d258
    └── f175
f279:F5
Invalid operation
/f119/n68/f237/f279
Invalid operation
f279:F6
f279:16
d192/
d263/
f122/
f170/
f174/
f279
f99/
n81/
Invalid operation
d192/
d263/
f122/
f170/
f174/
f279
n81/
f9:3
d276:0
d105/
d262/
d276
d52/
f184/
f216/
f22/
f9
d258:bin:1
n81/
├── d258
├── f175
├── f176
└── n116
d258
f175
f176
n116
Invalid operation
n81/
├── d258
├── f175
├── f176
└── n116
Invalid operation
d258:E4
n81/
├── d258
└── n116
Invalid operation
Invalid operation
d258
f125
f190/
f52/
n116
Invalid operation
Invalid operation
Invalid operation
d258
f125
f190/
f296
f52/
n116
d258
f125
f190/
f25/
f296
f52/
n116
n30
Invalid operation
/f119/n68/f237/n81/d258
/f119/d258
d258
f125
f190/
f25/
f296
f52/
n116
n30
Null
d258:00 00 00 A6
Invalid operation
d258
d43/
f190/
f25/
f296
f298/
f52/
n0
n116
n119
n30
n57/
d258:62
d258:62
d258:A6 12 D0
d258
d43/
f190/
f25/
f296
f298/
f52/
n0
n116
n119
n30
n57/
Invalid operation
d199/
d258:bin:8
Null
Invalid operation
d199/
d199/
d258:62
d258:E4 4A 9E 00 A6
n81/
├── d258
├── d43/
├── f190/
├── f25/
├── f296
├── f298/
│   ├── d199/
│   └── f131
├── f52/
├── n0
├── n116
├── n119
├── n30
└── n57/
/f119/n68/f237/n81/d258
/f119/d258
Invalid operation
d258:bin:12
Invalid operation
d258
d43/
f190/
f215/
f25/
f296
f298/
f52/
n0
n116
n119
n30
n57/
Invalid operation
Invalid operation
f296:15
d258:12
n119:8
n116:7
n0:5
Invalid operation
Invalid operation
Invalid operation
f296:15
d258:12
d258
d43/
f190/
f215/
f25/
f294/
f296
f298/
f52/
n116
n119
n30
n57/
n92/
/f119/n68/f237/n81/n119
Invalid operation
n81/
├── d258
├── d36/
├── d43/
├── f190/
├── f215/
├── f25/
├── f27
├── f294/
├── f296
├── f298/
│   ├── d199/
│   └── f131
├── f52/
├── n116
├── n119
├── n30
├── n57/
└── n92/
d258:bin:12
d258
d36/
d43/
d66
f190/
f215/
f220
f25/
f27
f294/
f296
f298/
f52/
n116
n119
n30
n57/
n83
n92/
d258
d36/
d43/
d66
f190/
f215/
f220
f25/
f27
f294/
f296
f298/
f52/
n116
n119
n30
n57/
n83
n92/
d258:bin:12
n81/
├── d258
├── d36/
├── d43/
├── d66
├── f190/
├── f215/
├── f25/
├── f27
├── f294/
├── f296
├── f298/
│   ├── d199/
│   └── f131
├── f52/
├── n116
├── n119
├── n30
├── n57/
├── n83
└── n92/
Invalid operation
d258
d36/
d43/
d66
f190/
f215/
f25/
f27
f294/
f296
f298/
f52/
n116
n119
n30
n53
n57/
n83
n92/
/f119/n68/f237/n81/d258
/f119/d258
f131:md:28
d199/
d258:4A 9E 00 A6 12 D0 62 56 D1 00
/f119/n68/f237/n81/d258
/f119/d258
Invalid operation
Invalid operation
d258:4A 9E 00 A6 12 D0 62 56 D1
f175:
d258:62 56
Invalid operation
d199/
f175
f29
n77
n81/
├── d258
├── d36/
├── d43/
├── d59/
├── d66
├── f190/
├── f215/
├── f25/
├── f27
├── f294/
├── f296
├── f298/
│   ├── d199/
│   ├── f175
│   └── n77
├── f52/
├── n116
├── n119
├── n30
├── n57/
├── n83
└── n92/
d258
d36/
d43/
d59/
d66
f190/
f215/
f25/
f27
f294/
f298/
f52/
n116
n119
n30
n57/
n83
n92/
Null
d258
d36/
d43/
d59/
d66
f190/
f215/
f25/
f27
f294/
f298/
f52/
n116
n119
n30
n57/
n83
n92/
d258:17
n119:8
n116:7
f27:6
d66:0
n30:0
n83:0
Invalid operation
Invalid operation
/f119/n68/f237/n81/d258
/f119/d258
d106:9
d106:9
Invalid operation
d258
d36/
d43/
d59/
d66
f190/
f215/
f25/
f294/
f298/
f52/
n116
n119
n30
n57/
n83
n92/
/f119/n68/f237/n81/d258
/f119/d258
n57/
Invalid operation
/f119/n68/f237/n81/d258
/f119/d258
d25/
Invalid operation
/f119/n68/f237/f279
Invalid operation
f279:C1 96
f279:48 7D C1
Invalid operation
d88:txt:8
d19
d202/
d88
f101/
f207/
f228/
f237/
f244/
n29/
n7
d19
d202/
d88
f101/
f106
f207/
f221
f228/
f237/
f244/
n7
d88: vy-b5ux
Invalid operation
d19
d202/
d88
f101/
f106
f207/
f221
f228/
f237/
f244/
n7
d88:txt:8
d19
d198/
d202/
d88
f1
f101/
f106
f207/
f221
f228/
f237/
f244/
n7
n74
f119/
├── d258
├── d269
├── n1
├── n35
├── n68/
│   ├── d19
│   ├── d198/
│   ├── d202/
│   ├── d88
│   ├── f1
│   ├── f101/
│   ├── f106
│   ├── f207/
│   ├── f221
│   ├── f228/
│   ├── f237/
│   │   ├── d192/
│   │   ├── d222
│   │   ├── d263/
│   │   ├── d286
│   │   ├── f122/
│   │   ├── f170/
│   │   │   ├── d105/
│   │   │   ├── d262/
│   │   │   ├── d276
│   │   │   ├── d52/
│   │   │   ├── f184/
│   │   │   ├── f216/
│   │   │   ├── f22/
│   │   │   └── f9
│   │   ├── f174/
│   │   ├── f279
│   │   └── n81/
│   │       ├── d258
│   │       ├── d36/
│   │       ├── d43/
│   │       ├── d59/
│   │       ├── d66
│   │       ├── d68
│   │       ├── d97
│   │       ├── f190/
│   │       ├── f215/
│   │       ├── f25/
│   │       ├── f250
│   │       ├── f294/
│   │       ├── f298/
│   │       │   ├── d199/
│   │       │   ├── f175
│   │       │   └── n77
│   │       ├── f52/
│   │       ├── n116
│   │       ├── n119
│   │       ├── n30
│   │       ├── n57/
│   │       ├── n83
│   │       └── n92/
│   ├── f244/
│   ├── n7
│   └── n74
└── n95
d258
d269
n1
n35
n68/
n95
d258:2D 13
n95:txt:17
Null
Null
n95:10
d258:6
d269:6
n1:6
n35:5
f293:1
/f119/n95
f248:00 A4 CC
f248:2E 50 23
n7:9
d88:8
d88:8
n99:8
f1:7
f221:3
f279:12
Invalid operation
d192/
d222
d263/
d286
d33
f122/
f170/
f174/
f190
f279
n12
n81/
Invalid operation
Invalid operation
Null
Invalid operation
d199/
f175
n77
Invalid operation
d199/
f175
n77
f175:
/f119/n68/f237/n81/d258
/f119/d258
Invalid operation
d258
d36/
d43/
d59/
d66
d68
d97
f190/
f215/
f25/
f250
f294/
f298/
f52/
n116
n30
n57/
n83
n92/
d258
d36/
d43/
d59/
d66
d68
d97
f190/
f215/
f25/
f250
f294/
f298/
f52/
n116
n30
n57/
n83
n92/
d258
d36/
d43/
d59/
d68
d97
f111
f190/
f215/
f25/
f250
f294/
f298/
f52/
n116
n30
n57/
n83
n92/
d258:0E 27 EB B0 9D 4B 02 75 AE 19 7E 00 00
d258:bin:28
d258:bin:28
Invalid operation
/f119/n68/f237/n81/d258
/f119/d258
d258:28
d258:75 AE 19 7E 00 00 00 00 00 2B 57 00 00
d258:12 C3
Invalid operation
/f119/n68/f237/n81/d258
/f119/d258
d258:bin:28
Invalid operation
d244
d258
d262/
d36/
d43/
d59/
d68
d97
f111
f190/
f212
f215/
f25/
f250
f251
f294/
f298/
f52/
n116
n30
n57/
n83
n92/
Invalid operation
d258:9E 00 A6 12 C3 0E 27 EB B0
d258:B0 9D 4B 02 75 AE 19 7E 00 00 00 00 00 2B
d258:bin:28
Invalid operation
Invalid operation
d244
d258
d262/
d36/
d43/
d59/
d68
d97
f111
f170
f190/
f212
f215/
f25/
f250
f251
f294/
f298/
f52/
f57/
n116
n30
n57/
n83
n92/
n81/
├── d244
├── d258
├── d262/
├── d36/
├── d43/
├── d59/
├── d68
├── d97
├── f111
├── f170
├── f190/
├── f212
├── f215/
├── f25/
├── f250
├── f251
├── f254/
├── f294/
├── f298/
│   ├── d199/
│   ├── f175
│   └── n77
├── f52/
├── f57/
├── n116
├── n30
├── n57/
├── n83
└── n92/
Invalid operation
d192/
d222
d263/
d286
d33
f122/
f170/
f174/
f190
f279
n12
n81/
Null
d258:B0 9D 4B
Invalid operation
d258:bin:28
n81/
├── d244
├── d258
├── d262/
├── d286
├── d36/
├── d43/
├── d59/
├── d68
├── d97
├── f111
├── f170
├── f176/
├── f190/
├── f212
├── f215/
├── f25/
├── f250
├── f251
├── f294/
├── f298/
│   ├── d199/
│   ├── f175
│   └── n77
├── f52/
├── f57/
├── n116
├── n30
├── n57/
├── n83
└── n92/
d258:bin:27
d244
d258
d262/
d286
d36/
d43/
d59/
d68
d97
f111
f17/
f170
f176/
f190/
f212
f215/
f25/
f250
f251
f294/
f298/
f51/
f52/
f57/
n116
n30
n57/
n83
n92/
d258:27
Null
Invalid operation
Invalid operation
Invalid operation
Invalid operation
d244
d258
d262/
d286
d36/
d43/
d59/
d68
d97
f111
f17/
f170
f176/
f190/
f206
f212
f215/
f25/
f250
f251
f294/
f298/
f51/
f57/
n116
n30
n57/
n83
n92/
d244
d258
d262/
d286
d36/
d43/
d59/
d68
d97
f111
f17/
f170
f176/
f190/
f206
f212
f215/
f25/
f250
f251
f294/
f298/
f51/
f57/
n116
n30
n57/
n83
n92/
Invalid operation
d258:B0 9D 4B 02 75 AE 19
Invalid operation
Invalid operation
Invalid operation
Invalid operation
Invalid operation
d258:bin:27
d258:28
Null
d244
d258
d262/
d286
d36/
d43/
d59/
d68
d97
f11
f111
f17/
f170
f176/
f190/
f206
f212
f215/
f25/
f250
f251
f294/
f298/
f51/
f57/
n30
n57/
n83
n92/
Invalid operation
d258:4B
n81/
├── d244
├── d258
├── d262/
├── d286
├── d33
├── d36/
├── d43/
├── d59/
├── d68
├── d97
├── f11
├── f111
├── f17/
├── f170
├── f176/
├── f190/
├── f206
├── f212
├── f215/
├── f25/
├── f250
├── f251
├── f294/
├── f298/
│   ├── d199/
│   ├── f175
│   └── n77
├── f51/
├── f57/
├── n30
├── n57/
├── n83
└── n92/
Invalid operation
d258:4A 9E 00 A6 12 C3 0E 27 EB B0 9D 4B 96 8C 45 61 7E 00 00 00 D7 13 3F D4 3D 2F F0 EE
Invalid operation
Invalid operation
Invalid operation
d258
d262/
d286
d33
d36/
d43/
d59/
d68
d97
f11
f111
f17/
f170
f176/
f190/
f206
f212
f215/
f235
f25/
f250
f251
f294/
f298/
f57/
n13/
n30
n57/
n83
n92/
Invalid operation
n16:gd4xxh8a18j4j
d258
d262/
d27
d286
d33
d36/
d43/
d59/
d68
d97
f11
f111
f17/
f170
f176/
f190/
f206
f212
f215/
f235
f25/
f250
f251
f294/
f298/
f57/
n13/
n30
n57/
n83
n92/
Invalid operation
d258:31
f11:16
d68:13
f235:13
f212:11
f111:8
/f119/n68/f237/n81/d258
/f119/d258
n19:5pq_0fl
Invalid operation
d258:F0 EE 2A
/f119/n68/f237/n81/d258
/f119/d258
d189
d258
d262/
d27
d286
d33
d36/
d43/
d59/
d68
d97
f11
f111
f17/
f170
f176/
f190/
f206
f212
f215/
f235
f25/
f250
f251
f294/
f298/
f57/
n13/
n30
n57/
n83
n92/
d258:31
f11:16
d68:13
f235:13
f212:11
f111:8
d97:7
d189
d258
d262/
d286
d33
d36/
d43/
d59/
d68
d97
f11
f111
f17/
f170
f176/
f190/
f206
f212
f215/
f235
f25/
f250
f251
f294/
f298/
f57/
n13/
n30
n57/
n83
n92/
d258:2F F0 EE 2A 68
Invalid operation
/f119/n68/f237/n81/d258
/f119/d258
d258:31
f11:16
d68:13
f235:13
f212:11
d189
d258
d262/
d286
d33
d36/
d43/
d59/
d68
d97
f11
f111
f150
f17/
f170
f176/
f190/
f206
f212
f215/
f235
f25/
f250
f251
f294/
f298/
f56
f57/
n13/
n30
n57/
n83
n92/
Invalid operation
f237/
Invalid operation
d36/
Invalid operation
Invalid operation
d36/
└── d89/
Invalid operation
d258:EE 2A
/f119/n68/f237/n81/d36/f292
Invalid operation
Invalid operation
d156
d253/
Invalid operation
d156:
Invalid operation
d258:61 7E 00 00 00 D7 13 3F D4 3D
d253:dir:0
Invalid operation
Null
Invalid operation
d11/
d156
d253/
Invalid operation
Invalid operation
d11/
n79:bin:0
Null
/f119/n68/f237/n81/d36/d89/d11/n79
f228/
n51
n79
Invalid operation
Invalid operation
Invalid operation
Invalid operation
d11/
├── d205/
└── f228/
Invalid operation
d156:md:0
d11/
d156
d253/
d93/
f117/
f245
d89/
f292
d258:EB B0 9D 4B 96 8C 45 61 7E 00 00 00 81 01 3F D4 3D 2F
d156:
d156:
/f119/n68/f237/n81/d36/d89/d156
f245:17
Invalid operation
d11/
d156
d253/
d93/
f117/
f192
f245
f245:17
f192:2
d11/
d156
d253/
d93/
f117/
f245
Null
d156:md:0
d258:13 3F D4 3D 2F 00
d89/
├── d11/
│   ├── d205/
│   ├── f228/
│   └── n79
├── d156
├── d253/
├── d93/
├── f117/
├── f187
└── f245
Invalid operation
Null
d258:9E 00 A6 12 C3 0E 27
d89/
f292
f90/
f292:15
f122:95
f122:95 8A 80 21 B4 F5 88 00 00
Invalid operation
Invalid operation
/f119/n68/f237/n81/d36/d89/d156
d11/
d156
d253/
d75/
d93/
f1/
f117/
f187
f245
f122:92 F7
f122:09 7A F4 92 F7 1A
Invalid operation
f245:17
f187:8
d156:0
f122:54 95 7D EC
f245:17
f187:8
d156:0
d89/
├── d11/
│   ├── d205/
│   ├── f228/
│   └── n79
├── d156
├── d253/
├── d75/
├── d93/
├── f1/
├── f117/
│   ├── f173
│   └── f43
├── f187
└── f245
Invalid operation
Invalid operation
f245:17
f187:8
d156:0
d182:0
d11/
d156
d182
d253/
d75/
d93/
f1/
f117/
f187
f245
n42
d11/
d156
d182
d253/
d75/
d93/
f1/
f117/
f187
f245
n42
d11/
d156
d182
d253/
d75/
d93/
f1/
f117/
f187
f245
n42
d11/
d135/
d156
d182
d253/
d75/
d93/
f1/
f117/
f187
f245
n42
Invalid operation
Invalid operation
Invalid operation
f245:a0.sxe6rc zryftfkxtr-iszsto-h01.q
d11/
d135/
d156
d253/
d259
d75/
d93/
f1/
f117/
f187
f245
f77
f96/
n42
n54
d11/
d135/
d156
d253/
d259
d75/
d93/
f1/
f117/
f245
f77
f96/
n42
n54
d11:dir:0
f245:a0.sxe6rc zryftfkxtr-iszsto-h01.q
Invalid operation
/f119/n68/f237/n81/d36/d89/f245
f122:95 DA
d11/
d135/
d156
d253/
d259
d75/
d93/
f1/
f117/
f245
f59/
f77
f96/
n54
d11/
d135/
d156
d253/
d259
d75/
d93/
f1/
f117/
f245
f59/
f77
f96/
n54
d17/
d220
d89/
f122
f90/
n88/
f122:FB 67 0E 11 C0 58 F5 95 DA F2 F4 92
Invalid operation
d17/
d22
d220
d89/
f90/
Null
Invalid operation
Invalid operation
Invalid operation
f90
Invalid operation
d189
d258
d262/
d286
d33
d36/
d43/
d59/
d68
d97
f11
f111
f150
f17/
f170
f176/
f190/
f206
f212
f215/
f235
f25/
f250
f251
f276
f294/
f298/
f56
f57/
n13/
n30
n57/
n83
n92/
d258:bin:31
d262/
d104/
d189
d258
d262/
d33
d36/
d43/
d59/
d68
d97
f11
f111
f150
f17/
f170
f176/
f190/
f206
f212
f215/
f235
f25/
f250
f251
f276
f294/
f298/
f56
f57/
n13/
n30
n57/
n83
n92/
d104/
└── n22
Invalid operation
/f119/n68/f237/n81/d104/d51
Invalid operation
Invalid operation
d51
d98
f280
n97
Invalid operation
Invalid operation
d104/
d189
d258
d262/
d281/
d33
d36/
d43/
d59/
d68
d97
f11
f111
f150
f170
f176/
f190/
f206
f212
f215/
f235
f25/
f250
f251
f276
f294/
f298/
f56
f57/
n13/
n30
n57/
n83
n92/
Invalid operation
Invalid operation
d104/
d189
d258
d262/
d281/
d33
d36/
d43/
d59/
d68
d97
f11
f111
f150
f170
f176/
f190/
f206
f212
f215/
f235
f25/
f250
f251
f276
f294/
f298/
f56
f57/
n13/
n30
n57/
n83
n92/
d258:FF 7E 00 00 00 D7 13
d258:00 A6 12 C3 0E 27 EB B0 D6 96 D4 F6 05 FF 7E 00 00 00 D7
d104/
d189
d258
d281/
d33
d36/
d43/
d59/
d68
d97
f11
f111
f150
f170
f176/
f190/
f206
f212
f215/
f235
f25/
f250
f251
f276
f294/
f298/
f56
f57/
n13/
n30
n57/
n83
n92/
Invalid operation
Invalid operation
d258:bin:29
d258:EB B0 D6 96 D4 F6 05 FF 7E
Invalid operation
d104/
d189
d258
d262/
d281/
d33
d36/
d43/
d59/
d68
d97
f11
f111
f150
f170
f176/
f190/
f206
f212
f215/
f235
f25/
f250
f251
f276
f294/
f298/
f56
f57/
n13/
n30
n57/
n83
n92/
Invalid operation
Invalid operation
Invalid operation
d104/
d122/
d189
d258
d262/
d281/
d33
d36/
d43/
d59/
d68
d97
f11
f111
f150
f170
f176/
f190/
f206
f212
f215/
f235
f25/
f250
f251
f294/
f298/
f56
f57/
n13/
n57/
n83
n92/
d258:bin:28
d258:28
f11:16
d68:13
f235:13
f152:11
Invalid operation
Invalid operation
d68:25
/f119/n68/f237/n81/d68
d68:lrlmyfcbamrguzhiui24vqm2f
/f119/n68/f237/n81/d68
Invalid operation
Invalid operation
Invalid operation
Invalid operation
Invalid operation
d104/
d122/
d189
d262/
d33
d36/
d43/
d59/
d68
d97
f11
f111
f150
f152
f170
f176/
f190/
f212
f215/
f235
f25/
f250
f251
f294/
f298/
f56
f57/
f99
n13/
n57/
n83
n92/
f298:dir:0
d68:29
f11:16
f235:13
n81/
├── d104/
│   ├── d140
│   ├── d291
│   ├── d51
│   └── f280
├── d122/
├── d189
├── d262/
├── d33
├── d36/
│   ├── d17/
│   ├── d22
│   ├── d220
│   ├── d89/
│   │   ├── d11/
│   │   │   ├── d205/
│   │   │   ├── f228/
│   │   │   └── n79
│   │   ├── d135/
│   │   ├── d253/
│   │   ├── d259
│   │   ├── d75/
│   │   ├── d93/
│   │   ├── f1/
│   │   ├── f117/
│   │   │   ├── f173
│   │   │   └── f43
│   │   ├── f245
│   │   ├── f288/
│   │   ├── f59/
│   │   ├── f7
│   │   ├── f77
│   │   ├── f96/
│   │   └── n54
│   └── f90/
├── d43/
├── d59/
│   └── n42
├── d68
├── d97
├── f11
├── f111
├── f150
├── f152
├── f170
├── f176/
├── f190/
├── f212
├── f215/
├── f235
├── f25/
├── f250
├── f251
├── f294/
├── f298/
│   ├── d199/
│   ├── f175
│   └── n77
├── f56
├── f57/
├── f99
├── n13/
├── n57/
├── n83
└── n92/
f111:F3 68
Invalid operation
Invalid operation
d104/
d122/
d159
d189
d262/
d33
d36/
d43/
d59/
d68
d97
f11
f111
f149
f150
f152
f170
f176/
f190/
f212
f215/
f234/
f235
f25/
f250
f251
f294/
f298/
f56
f57/
f99
n13/
n57/
n83
n92/
d68:54
f11:16
f149:15
f235:13
f111:11
f152:11
f212:11
d159:10
Invalid operation
d68:lrlmyfcbamrguzhiui24vqm2f.u hh-gvw.nvj8l8d_ef j0v1dd1k
n81/
├── d104/
│   ├── d291
│   └── d51
├── d122/
├── d159
├── d189
├── d262/
├── d33
├── d36/
│   ├── d17/
│   ├── d22
│   ├── d220
│   ├── d89/
│   │   ├── d11/
│   │   │   ├── d205/
│   │   │   ├── f228/
│   │   │   └── n79
│   │   ├── d135/
│   │   ├── d253/
│   │   ├── d259
│   │   ├── d75/
│   │   ├── d93/
│   │   ├── f1/
│   │   ├── f117/
│   │   │   ├── f173
│   │   │   └── f43
│   │   ├── f245
│   │   ├── f288/
│   │   ├── f59/
│   │   ├── f7
│   │   ├── f77
│   │   ├── f96/
│   │   └── n54
│   └── f90/
├── d43/
├── d59/
│   └── n42
├── d68
├── d97
├── f11
├── f111
├── f149
├── f150
├── f152
├── f170
├── f176/
├── f190/
├── f212
├── f215/
├── f234/
├── f235
├── f25/
├── f250
├── f251
├── f294/
├── f298/
│   ├── d199/
│   ├── f175
│   └── n77
├── f56
├── f57/
├── f99
├── n13/
├── n57/
├── n83
└── n92/
Null
f298:dir:0
d68:54
f11:16
f149:15
f111:ED 3A 41 32 CA 37
d68:lrlmyfcbamrguzhiui24vqm2f.u hh-gvw.nvj8l8d_ef j0v1dd1k
d104/
d122/
d159
d166/
d189
d262/
d33
d36/
d43/
d59/
d68
d78/
d97
f11
f111
f149
f150
f152
f170
f176/
f190/
f212
f215/
f234/
f235
f25/
f250
f251
f294/
f298/
f56
f57/
f99
n13/
n57/
n83
n92/
d68:54
f11:16
f149:15
d104/
d122/
d159
d166/
d189
d262/
d33
d36/
d43/
d59/
d68
d78/
d97
f11
f111
f149
f150
f152
f176/
f190/
f212
f215/
f234/
f235
f25/
f250
f251
f294/
f298/
f56
f57/
f99
n13/
n57/
n83
n92/
d68:54
f11:16
f149:15
f235:13
f111:11
f152:11
f212:11
/f119/n68/f237/n81/d68
f111:41 32
f298:dir:0
d68:lrlmyfcbamrguzhiui24vqm2f.u hh-gvw.nvj8l8d_ef j0v1dd1k
d104/
d122/
d159
d166/
d189
d262/
d33
d36/
d43/
d59/
d68
d78/
d97
f11
f111
f149
f150
f152
f170
f176/
f190/
f212
f215/
f234/
f235
f243
f25/
f250
f251
f294/
f298/
f56
f57/
f99
n13/
n57/
n83
n92/
d68:lrlmyfcbamrguzhiui24vqm2f.u hh-gvw.nvj8l8d_ef j0v1dd1kc55
d104/
d122/
d159
d166/
d189
d262/
d33
d36/
d43/
d59/
d68
d78/
d97
f11
f111
f149
f150
f152
f170
f176/
f190/
f212
f215/
f234/
f235
f243
f25/
f250
f251
f294/
f298/
f56
f57/
f99
n13/
n57/
n83
n92/
d68:57
/f119/n68/f237/n81/d36/d220
d17/
d22
d220
d89/
f85/
f90/
Invalid operation
d22:05 1F 3C
d17/
d22
d220
d89/
f90/
Invalid operation
d22:E3 E8 05 1F
/f119/n68/f237/n81/d36/d220
n50:8
d220:1
Invalid operation
d104/
d122/
d159
d166/
d189
d262/
d33
d36/
d43/
d59/
d68
d78/
d97
f11
f111
f149
f150
f152
f170
f176/
f190/
f212
f215/
f234/
f235
f243
f25/
f250
f251
f294/
f298/
f56
f57/
f99
n13/
n57/
n83
n92/
Invalid operation
d68:lrlmyfcbamrguzhiui24vqm2f.u hh-gvw.nvj8l8d_ef j0v1dd1kc55
d68:lrlmyfcbamrguzhiui24vqm2f.u hh-gvw.nvj8l8d_ef j0v1dd1kc55
d104/
d122/
d159
d166/
d189
d262/
d33
d36/
d43/
d59/
d68
d78/
d97
f11
f111
f149
f150
f152
f170
f176/
f190/
f212
f215/
f234/
f235
f243
f25/
f250
f251
f294/
f298/
f56
f57/
f99
n13/
n57/
n83
n92/
/f119/n68/f237/n81/d68
Invalid operation
f111:E1 BA 72 57 0B 41 32 FD CC D5 7F
d68:73
f111:25
f243:17
f11:16
f149:15
f235:13
f152:11
f212:11
/f119/n68/f237/n81/d68
d68:73
f111:25
f243:17
f11:16
f149:15
Invalid operation
d104/
d122/
d159
d166/
d189
d262/
d33
d36/
d43/
d59/
d68
d78/
d97
f11
f111
f149
f150
f152
f170
f176/
f190/
f212
f215/
f234/
f235
f243
f25/
f250
f251
f294/
f298/
f56
f57/
f99
n13/
n57/
n92/
d68:87
Invalid operation
f111:DB 71 EA
f298:dir:0
f250:A5
d192:dir:0
d68:lrlmyfcbamrguzhiui24vqm2f.u hh-gvw.nvj8l8d_ef j0v1dd1kc55qi rdz9ovhkee4f-ywhe3 kmckpxpf
Invalid operation
d104/
d122/
d159
d189
d191
d26/
d262/
d33
d36/
d43/
d59/
d68
d78/
d97
f11
f149
f150
f152
f170
f176/
f190/
f212
f215/
f235
f243
f25/
f250
f251
f294/
f298/
f56
f57/
f99
n13/
n57/
n92/
f250:43
Invalid operation
f279:10 D2 9B
f237/
├── d192/
├── d222
├── d263/
├── d286
├── d33
├── f122/
├── f174/
├── f190
├── f279
├── f40
├── n12
└── n81/
    ├── d104/
    │   ├── d291
    │   └── d51
    ├── d122/
    ├── d159
    ├── d189
    ├── d191
    ├── d21/
    ├── d26/
    ├── d262/
    ├── d33
    ├── d36/
    │   ├── d220
    │   ├── d89/
    │   │   ├── d11/
    │   │   │   ├── d205/
    │   │   │   ├── f228/
    │   │   │   └── n79
    │   │   ├── d135/
    │   │   ├── d253/
    │   │   ├── d259
    │   │   ├── d75/
    │   │   ├── d93/
    │   │   ├── f1/
    │   │   ├── f117/
    │   │   │   ├── f173
    │   │   │   └── f43
    │   │   ├── f245
    │   │   ├── f288/
    │   │   ├── f59/
    │   │   ├── f7
    │   │   ├── f77
    │   │   ├── f96/
    │   │   └── n54
    │   ├── f90/
    │   └── n50
    ├── d43/
    ├── d59/
    │   └── n42
    ├── d68
    ├── d78/
    ├── d97
    ├── f102/
    ├── f11
    ├── f149
    ├── f150
    ├── f152
    ├── f170
    ├── f176/
    ├── f190/
    ├── f212
    ├── f215/
    ├── f243
    ├── f25/
    ├── f250
    ├── f251
    ├── f294/
    ├── f298/
    │   ├── d199/
    │   ├── f175
    │   └── n77
    ├── f56
    ├── f57/
    ├── f99
    ├── n113
    ├── n13/
    ├── n57/
    └── n92/
Invalid operation
Invalid operation
Null
f279:17
d33:15
n12:12
d222:8
f40:6
d166:5
f190:1
Invalid operation
d166
d167
d192/
d222
d263/
d33
f122/
f174/
f190
f279
f40
n12
n81/
d166
d192/
d222
d263/
d33
f122/
f174/
f190
f279
f40
n12
f122:dir:0
f279:1D AE E2 EB 88 92 A7 10 AD
Invalid operation
f279:82 26 3F 1C 1D AE E2
f279:71
/f119/n68/f237/f279
f237/
├── d192/
├── d222
├── d263/
├── d33
├── f122/
├── f174/
├── f279
├── f40
└── f54
Invalid operation
f279:EB
Invalid operation
f279:16
d33:15
d131
d192/
d222
d263/
d33
f174/
f279
f40
f54
n6
d131
d192/
d222
d263/
d33
f174/
f279
f40
f54
n10
n6
Invalid operation
Invalid operation
Invalid operation
Invalid operation
d88:25
f58:17
n99:8
f1:7
d289:6
/
├── d126/
├── d132
├── d141
├── d153
├── d158/
├── d160/
│   ├── d135
│   ├── d144/
│   ├── d233/
│   ├── d54
│   ├── d79
│   ├── d82/
│   │   ├── d11
│   │   ├── d178
│   │   ├── d179
│   │   ├── f102
│   │   ├── f13/
│   │   ├── f249
│   │   ├── f25
│   │   ├── f33/
│   │   ├── f49
│   │   ├── f57
│   │   ├── f82
│   │   ├── n2
│   │   ├── n49/
│   │   └── n62/
│   ├── d92/
│   ├── f11
│   ├── f128/
│   ├── f209
│   ├── f275
│   ├── f288
│   ├── f58/
│   ├── f83
│   ├── n23/
│   └── n77
├── d166/
│   ├── d141/
│   ├── d148
│   ├── d181
│   ├── d202
│   ├── d208/
│   ├── d236/
│   ├── d286/
│   ├── d288
│   ├── d85
│   ├── d89/
│   ├── d91
│   ├── f111
│   ├── f141
│   ├── f155/
│   ├── f160/
│   ├── f176/
│   ├── f263/
│   ├── f36
│   ├── f73/
│   ├── f76
│   ├── n112/
│   ├── n32/
│   ├── n56/
│   └── n65/
│       ├── d213/
│       ├── d91/
│       ├── f166
│       ├── f237
│       ├── f38/
│       │   ├── d17/
│       │   ├── d189/
│       │   ├── d45
│       │   ├── d96/
│       │   │   ├── f124
│       │   │   ├── f13/
│       │   │   │   └── f212/
│       │   │   └── f212/
│       │   ├── d98/
│       │   ├── f104
│       │   ├── f164
│       │   ├── f295/
│       │   ├── f299
│       │   ├── f88
│       │   ├── n119
│       │   └── n36
│       ├── n110/
│       ├── n44
│       └── n94/
├── d170
├── d180
├── d183/
├── d205
├── d208
├── d213/
├── d220/
│   └── d12
├── d228
├── d241/
│   ├── d131
│   └── f242/
├── d248/
├── d257
├── d258/
├── d26
├── d264/
├── d272
├── d276
├── d3/
├── d33
├── d5
├── d58
├── d61
├── d82/
├── d88
├── d90
├── f0/
├── f1
├── f10
├── f11/
├── f115
├── f119/
│   ├── d159
│   ├── d195
│   ├── d258
│   ├── d269
│   ├── f189/
│   ├── n1
│   ├── n35
│   ├── n68/
│   │   ├── d19
│   │   ├── d198/
│   │   ├── d202/
│   │   ├── d289
│   │   ├── d88
│   │   ├── f1
│   │   ├── f101/
│   │   ├── f106
│   │   ├── f207/
│   │   ├── f221
│   │   ├── f228/
│   │   ├── f237/
│   │   │   ├── d131
│   │   │   ├── d192/
│   │   │   ├── d222
│   │   │   ├── d263/
│   │   │   ├── d33
│   │   │   ├── f174/
│   │   │   ├── f279
│   │   │   ├── f40
│   │   │   ├── f54
│   │   │   ├── n10
│   │   │   └── n6
│   │   ├── f244/
│   │   ├── f58
│   │   ├── n74
│   │   └── n99
│   └── n95
├── f124/
├── f127/
├── f135
├── f151
├── f156/
├── f159/
├── f170/
├── f174/
├── f177
├── f188
├── f195/
│   ├── d13/
│   │   ├── d13
│   │   ├── d152/
│   │   │   ├── d140
│   │   │   ├── d154/
│   │   │   ├── d18
│   │   │   ├── d232/
│   │   │   ├── d30
│   │   │   ├── d69/
│   │   │   ├── f0/
│   │   │   ├── f146/
│   │   │   ├── f17
│   │   │   ├── f181/
│   │   │   ├── f205/
│   │   │   ├── f249/
│   │   │   ├── f267
│   │   │   ├── f80
│   │   │   ├── f94
│   │   │   ├── n15
│   │   │   ├── n36
│   │   │   ├── n56/
│   │   │   │   ├── d176/
│   │   │   │   │   ├── f83/
│   │   │   │   │   └── n60
│   │   │   │   ├── d232/
│   │   │   │   ├── d57
│   │   │   │   ├── f290
│   │   │   │   └── n117
│   │   │   ├── n62
│   │   │   ├── n63/
│   │   │   ├── n82
│   │   │   └── n9/
│   │   ├── d186
│   │   ├── f122/
│   │   ├── f132/
│   │   ├── f139
│   │   ├── f15/
│   │   ├── f205/
│   │   ├── f219
│   │   ├── n74
│   │   ├── n83/
│   │   └── n90
│   ├── d55/
│   ├── f154
│   ├── f299/
│   │   └── f43
│   └── n88
├── f205/
├── f206
├── f21
├── f212
├── f228/
├── f232/
├── f238
├── f248
├── f256/
├── f272
├── f274
├── f277
├── f28/
├── f289/
├── f290/
├── f291/
├── f299/
├── f3
├── f32
├── f41/
├── f65
├── f69/
├── f80
├── f85
├── f90/
├── f94/
│   ├── d127
│   ├── d156/
│   ├── d161/
│   ├── d165
│   ├── d168
│   ├── d191
│   ├── d209
│   ├── d211
│   ├── d240/
│   ├── d284/
│   ├── d60
│   ├── d63/
│   ├── d71
│   ├── f117/
│   ├── f125
│   ├── f14
│   ├── f215/
│   ├── f226/
│   │   ├── d129/
│   │   │   ├── d193
│   │   │   ├── d252
│   │   │   ├── d65
│   │   │   ├── f195
│   │   │   └── n116/
│   │   ├── d133/
│   │   │   ├── d142/
│   │   │   ├── d16/
│   │   │   │   ├── d130
│   │   │   │   ├── d138
│   │   │   │   ├── f169/
│   │   │   │   └── f191
│   │   │   ├── d175
│   │   │   ├── d99/
│   │   │   ├── f145/
│   │   │   ├── n112
│   │   │   └── n59
│   │   ├── d213
│   │   ├── d240/
│   │   ├── d256/
│   │   ├── d299/
│   │   ├── f151/
│   │   ├── f165/
│   │   ├── f186
│   │   ├── f188
│   │   ├── f232/
│   │   ├── f71
│   │   ├── f95
│   │   ├── n0
│   │   └── n87/
│   ├── f229/
│   ├── f255/
│   ├── f259
│   ├── f280/
│   │   ├── d0/
│   │   ├── d103
│   │   ├── d148
│   │   ├── d154
│   │   ├── d190/
│   │   ├── d227/
│   │   ├── d233
│   │   ├── d272/
│   │   ├── d288/
│   │   ├── d299/
│   │   ├── d30/
│   │   ├── f102/
│   │   ├── f154/
│   │   │   ├── d146/
│   │   │   └── f293
│   │   ├── f171/
│   │   │   ├── d52
│   │   │   └── f231
│   │   ├── f182
│   │   ├── f202
│   │   ├── f270
│   │   ├── f293/
│   │   ├── f294/
│   │   ├── f59/
│   │   ├── n1
│   │   ├── n101
│   │   ├── n103/
│   │   ├── n107/
│   │   │   ├── d145/
│   │   │   ├── d163/
│   │   │   ├── d196
│   │   │   ├── d283/
│   │   │   ├── d294/
│   │   │   │   ├── d53/
│   │   │   │   └── f205/
│   │   │   ├── d3
│   │   │   ├── d5
│   │   │   ├── d59
│   │   │   ├── f116
│   │   │   ├── f157
│   │   │   ├── f181/
│   │   │   ├── f221/
│   │   │   ├── f223
│   │   │   ├── f5/
│   │   │   │   ├── d144
│   │   │   │   ├── d160/
│   │   │   │   │   ├── d121
│   │   │   │   │   ├── d23
│   │   │   │   │   ├── d239
│   │   │   │   │   ├── d282/
│   │   │   │   │   ├── d82/
│   │   │   │   │   ├── f5/
│   │   │   │   │   ├── f65/
│   │   │   │   │   └── n47/
│   │   │   │   ├── d80
│   │   │   │   ├── f177/
│   │   │   │   ├── f181/
│   │   │   │   ├── f219
│   │   │   │   ├── f258/
│   │   │   │   └── f29
│   │   │   ├── f57
│   │   │   ├── f8
│   │   │   ├── n71
│   │   │   └── n90/
│   │   └── n61
│   ├── f38/
│   ├── n106/
│   ├── n116/
│   │   ├── d123/
│   │   ├── f200
│   │   └── n100
│   ├── n21/
│   ├── n40/
│   ├── n72
│   └── n99/
├── n108/
│   ├── d196/
│   │   ├── f190/
│   │   └── n7/
│   ├── d201/
│   ├── f104/
│   ├── f151/
│   ├── f172/
│   │   ├── d149
│   │   └── d93
│   ├── f78/
│   ├── n102/
│   └── n95/
├── n16
├── n19
├── n29
├── n46
├── n52/
├── n59
├── n65
├── n71/
│   ├── d110/
│   ├── d242/
│   │   ├── d113/
│   │   ├── d115
│   │   ├── d125
│   │   ├── d126
│   │   ├── d139
│   │   ├── d148/
│   │   ├── d152
│   │   ├── d156
│   │   ├── d163/
│   │   ├── d194/
│   │   ├── d199
│   │   ├── d263/
│   │   ├── d36/
│   │   ├── d49
│   │   ├── d53
│   │   ├── f101
│   │   ├── f156
│   │   ├── f173/
│   │   ├── f181/
│   │   ├── f204/
│   │   │   ├── d110/
│   │   │   ├── d13
│   │   │   ├── d231
│   │   │   ├── d256/
│   │   │   │   ├── d106/
│   │   │   │   ├── d163/
│   │   │   │   └── f139
│   │   │   ├── d77/
│   │   │   ├── d78
│   │   │   ├── f123/
│   │   │   ├── f149
│   │   │   ├── f266
│   │   │   ├── f43/
│   │   │   ├── f45/
│   │   │   └── n47
│   │   ├── f22
│   │   ├── f239
│   │   ├── f246/
│   │   ├── f267
│   │   ├── f282/
│   │   ├── f45/
│   │   ├── n113/
│   │   ├── n24/
│   │   ├── n3/
│   │   │   ├── d131
│   │   │   ├── d155/
│   │   │   ├── d195
│   │   │   ├── f143
│   │   │   ├── f247/
│   │   │   ├── f31
│   │   │   └── f77/
│   │   │       ├── d243/
│   │   │       ├── d89/
│   │   │       │   ├── d170
│   │   │       │   ├── d274
│   │   │       │   └── d81/
│   │   │       │       ├── d199
│   │   │       │       ├── d99/
│   │   │       │       ├── f162
│   │   │       │       ├── n1/
│   │   │       │       └── n39
│   │   │       └── f75
│   │   ├── n30/
│   │   ├── n40
│   │   ├── n45
│   │   ├── n80/
│   │   ├── n91/
│   │   └── n94/
│   ├── f115
│   ├── f205
│   └── f77/
├── n76/
│   ├── d60/
│   ├── f121
│   ├── f145/
│   ├── f158
│   ├── f164/
│   ├── f190
│   └── f289/
│       ├── d257/
│       ├── d271/
│       ├── f250
│       └── f292
├── n85/
├── n89/
└── n91
d126/
d132
d141
d153
d158/
d160/
d166/
d170
d180
d183/
d205
d208
d213/
d220/
d228
d241/
d248/
d257
d258/
d26
d264/
d272
d276
d3/
d33
d5
d58
d61
d82/
d88
d90
f0/
f1
f10
f11/
f115
f119/
f124/
f127/
f128
f135
f151
f156/
f159/
f170/
f174/
f177
f188
f195/
f205/
f206
f21
f212
f228/
f232/
f238
f248
f256/
f272
f274
f277
f28/
f289/
f290/
f291/
f299/
f3
f32
f41/
f65
f69/
f80
f85
f90/
f94/
n108/
n16
n19
n29
n46
n52/
n59
n65
n71/
n76/
n85/
n89/
n91
/f135
Invalid operation
Invalid operation
Invalid operation
d126/
d132
d141
d153
d158/
d160/
d166/
d170
d180
d183/
d205
d208
d213/
d220/
d228
d241/
d248/
d257
d258/
d26
d264/
d272
d276
d3/
d33
d49
d5
d58
d61
d82/
d88
d90
f0/
f1
f10
f11/
f115
f119/
f124/
f127/
f128
f135
f151
f156/
f159/
f170/
f174/
f177
f188
f195/
f205/
f206
f21
f212
f228/
f232/
f238
f248
f256/
f272
f274
f277
f28/
f289/
f290/
f291/
f299/
f3
f32
f41/
f65
f69/
f80
f85
f90/
f94/
n108/
n16
n19
n29
n46
n52/
n59
n65
n71/
n76/
n85/
n89/
n91
Invalid operation
Invalid operation
d104
d126/
d132
d141
d153
d158/
d160/
d166/
d170
d180
d183/
d205
d208
d213/
d220/
d228
d241/
d248/
d257
d258/
d26
d264/
d272
d276
d3/
d33
d49
d5
d58
d61
d82/
d88
d90
f0/
f1
f10
f11/
f115
f119/
f124/
f127/
f128
f135
f151
f156/
f159/
f170/
f174/
f177
f188
f195/
f205/
f206
f21
f212
f228/
f232/
f238
f248
f256/
f272
f274
f277
f28/
f289/
f290/
f291/
f299/
f3
f32
f41/
f65
f69/
f80
f85
f90/
f94/
n108/
n16
n19
n29
n30
n46
n52/
n59
n65
n71/
n76/
n85/
n89/
n91
f248:00 00 A4
Invalid operation
f135:bof-kks67
Invalid operation
f65:41
f248:31
f151:28
d180:27
f272:22
d33:19
d153:17
Invalid operation
Invalid operation
Invalid operation
Invalid operation
d104
d126/
d132
d141
d153
d158/
d160/
d166/
d170
d180
d183/
d205
d208
d213/
d220/
d228
d240
d241/
d248/
d257
d258/
d26
d264/
d272
d276
d3/
d49
d5
d58
d61
d82/
d88
d90
f0/
f1
f10
f11/
f115
f119/
f124/
f127/
f135
f151
f156/
f159/
f170/
f174/
f177
f188
f195/
f205/
f206
f21
f212
f228/
f232/
f238
f248
f256/
f272
f274
f277
f28/
f289/
f290/
f291/
f299/
f3
f32
f41/
f65
f69/
f80
f85
f90/
f94/
n108/
n16
n19
n29
n30
n46
n52/
n59
n65
n71/
n76/
n85/
n89/
n91
f248:00
f135:bof-kks67
/f135
f135:bof-kks67
Invalid operation
Invalid operation
d159
d195
d258
d269
f189/
f212
f63
n1
n35
n68/
n95
n95:25
d195:12
d258:8
d159:7
d269:6
Invalid operation
d159
d195
d258
d269
f189/
f212
f63
n1
n35
n68/
n95
n95:txt:26
n95:txt:26
d88:25
f58:17
n99:8
f1:7
d88:25
f58:17
Invalid operation
d19
d198/
d202/
d289
d31
d78
d88
f1
f101/
f17/
f207/
f221
f228/
f237/
f244/
f58
f99/
n74
n99
f1:C1
d88:txt:25
Invalid operation
Invalid operation
n68/
├── d19
├── d198/
├── d202/
├── d254
├── d289
├── d31
├── d78
├── d88
├── f1
├── f101/
├── f17/
├── f207/
├── f221
├── f228/
├── f237/
│   ├── d131
│   ├── d192/
│   ├── d222
│   ├── d263/
│   ├── d33
│   ├── f174/
│   ├── f279
│   ├── f40
│   ├── f54
│   ├── n10
│   └── n6
├── f244/
├── f58
├── f99/
├── n74
└── n99
d88:txt:25
d88: vy-b5ux5_z5xrmbgx4lz5aac
/f119/n68/d88
/d88
d19
d198/
d202/
d254
d289
d31
d78
d88
f1
f101/
f17/
f207/
f221
f228/
f237/
f244/
f58
f72
f99/
n45/
n74
n99
Invalid operation
f1:F4 12 B8 92
d88: vy-b5ux5_z5xrmbgx4lz5aac
/f119/n68/d88
/d88
f159:dir:0
Invalid operation
/f119/d269
f207/
d288
f274/
/f119/n68/f207/d288
Invalid operation
d288:um 6blz5grlek30zfadrjm8018.vr1
d88:25
f1:21
f274:dir:0
d288
d34
f274/
/f119/n68/f207/d34
Invalid operation
Invalid operation
d34:2F 9F
d263
n38/
f274:dir:0
Invalid operation
d34:36
d288:31
d34:88 54 3F 00 00 87 38 9E E1 2F 9F 12 00 69 2E 70 12 FD 98 C9 08 00 00 AC 34
Invalid operation
Invalid operation
f274:dir:0
/f119/n68/d88
/d88
d88: vy-b5ux5_z5xrmbgx4lz5aac
Invalid operation
d88:txt:25
n110/
n110/
f1:12 C9 23 EB 20
f1:7B 4A
Invalid operation
Invalid operation
Invalid operation
n45/
└── n110/
Invalid operation
d88: vy-b5ux5_z5xrmbgx4lz5aac7x_7hcv8ims.3zi
n95:40
n95:40
d195:12
n35:11
d159:7
d258:6
d269:6
n1:6
f187:4
Invalid operation
n95:txt:50
d159
d195
d258
d269
d285/
f187
f189/
f212
f63
n1
n35
n68/
n95
Invalid operation
n95:50
d195:12
n35:11
d159:7
d258:6
d269:6
/f119/n95
n35:38 52 6F 00 96 D9 FD
f119/
├── d106/
├── d159
├── d176/
├── d195
├── d258
├── d269
├── d285/
├── f189/
├── f212
├── f63
├── n1
├── n35
├── n68/
│   ├── d177
│   ├── d19
│   ├── d198/
│   ├── d202/
│   ├── d254
│   ├── d289
│   ├── d31
│   ├── d78
│   ├── d88
│   ├── f1
│   ├── f101/
│   ├── f17/
│   ├── f207/
│   │   ├── d220/
│   │   ├── d34
│   │   ├── d35/
│   │   └── f274/
│   │       └── d263
│   ├── f221
│   ├── f228/
│   ├── f237/
│   │   ├── d131
│   │   ├── d192/
│   │   ├── d222
│   │   ├── d263/
│   │   ├── d33
│   │   ├── f174/
│   │   ├── f279
│   │   ├── f40
│   │   ├── f54
│   │   ├── n10
│   │   └── n6
│   ├── f244/
│   ├── f58
│   ├── f72
│   ├── f99/
│   ├── n102
│   ├── n45/
│   │   └── n110/
│   └── n99
└── n95
n35:B6 9F ED 6E C7 9E E2
/f119/n1
Invalid operation
/f135
Invalid operation
/f135
f135:txt:9
Null
Invalid operation
Invalid operation
f245:dir:0
Invalid operation
f135:bof-kks67x
Invalid operation
/f135
Invalid operation
/f0/d246/f43
d274
f43
n87/
/f0/d246/f43
f43:by_ml617cd9rlx
n110:22 70 3A C4
Invalid operation
d274
f197
f43
n110
n87/
d246:dir:0
d246/
f135:txt:10
f61:13
Null
f179:dir:0
Invalid operation
f179/
f135:txt:11
Null
f0/
f248:C0 ED
f135:bof-kks67x2
Invalid operation
f65:41
f248:34
f151:28
d180:27
f272:22
d153:17
f188:17
d126/
d132
d141
d153
d158/
d160/
d166/
d170
d180
d183/
d205
d208
d213/
d220/
d228
d240
d241/
d248/
d257
d258/
d26
d264/
d272
d276
d3/
d5
d58
d61
d82/
d88
d90
f0/
f1
f10
f11/
f115
f119/
f124/
f127/
f135
f151
f156/
f159/
f170/
f174/
f177
f188
f195/
f205/
f206
f21
f212
f228/
f232/
f238
f248
f256/
f272
f274
f277
f28/
f289/
f290/
f291/
f299/
f3
f32
f41/
f65
f69/
f80
f85
f90/
f94/
f99
n108/
n16
n19
n29
n30
n46
n52/
n59
n65
n71/
n76/
n85/
n89/
n91
f248:23
Invalid operation
d121
d126/
d132
d141
d153
d158/
d160/
d166/
d170
d180
d183/
d205
d208
d213/
d220/
d228
d241/
d248/
d257
d258/
d26
d264/
d272
d276
d3/
d58
d61
d82/
d88
d90
f0/
f1
f10
f11/
f115
f119/
f124/
f127/
f135
f151
f156/
f159/
f170/
f174/
f177
f188
f195/
f205/
f206
f21
f212
f228/
f232/
f238
f248
f256/
f272
f274
f277
f28/
f289/
f290/
f291/
f299/
f3
f32
f41/
f65
f69/
f80
f85
f90/
f94/
f99
n108/
n16
n19
n29
n30
n46
n52/
n59
n65
n71/
n76/
n85/
n89/
n91
n35:5A 9E
Null
d106/
d159
d176/
d195
d196
d258
d269
d285/
f189/
f212
f250/
f58
f63
n1
n35
n68/
n95
Invalid operation
Invalid operation
n1:r9-wlp.xur2bgnh7 9vb4_7
Invalid operation
f119/
├── d106/
├── d121
├── d159
├── d176/
├── d195
├── d196
├── d258
├── d269
├── d285/
├── d72/
├── f189/
├── f212
├── f250/
├── f63
├── n1
├── n2
├── n35
└── n68/
    ├── d177
    ├── d19
    ├── d198/
    ├── d202/
    ├── d254
    ├── d289
    ├── d31
    ├── d78
    ├── d88
    ├── f1
    ├── f101/
    ├── f17/
    ├── f207/
    │   ├── d220/
    │   ├── d34
    │   ├── d35/
    │   └── f274/
    │       └── d263
    ├── f221
    ├── f228/
    ├── f237/
    │   ├── d131
    │   ├── d192/
    │   ├── d222
    │   ├── d263/
    │   ├── d33
    │   ├── f174/
    │   ├── f279
    │   ├── f40
    │   ├── f54
    │   ├── n10
    │   └── n6
    ├── f244/
    ├── f58
    ├── f72
    ├── f99/
    ├── n102
    ├── n45/
    │   └── n110/
    └── n99
d121
d126/
d132
d141
d153
d158/
d160/
d166/
d170
d180
d183/
d205
d208
d213/
d220/
d228
d241/
d248/
d257
d258/
d26
d264/
d272
d276
d3/
d58
d61
d82/
d88
d90
f0/
f1
f10
f11/
f115
f119/
f124/
f127/
f135
f151
f156/
f159/
f170/
f174/
f177
f188
f195/
f205/
f206
f21
f212
f228/
f232/
f238
f248
f256/
f272
f274
f277
f28/
f289/
f290/
f291/
f299/
f3
f32
f41/
f65
f69/
f80
f85
f90/
f94/
f99
n108/
n16
n19
n29
n30
n46
n52/
n59
n65
n71/
n76/
n85/
n89/
n91
f65:41
f248:34
f151:28
d180:27
f272:22
d153:17
Invalid operation
Invalid operation
n35:C2 3A 38 52 B6
f250/
n1:r9-wlp.xur2bgnh7 9vb4_7bgf5-a6kp.
n1:txt:33
n1:txt:33
Null
f186:i8v4-5prc6
n35:15
f186:i8v4-5prc6
Invalid operation
f186:i8v4-5prc6
f250/
├── d140/
├── f120/
├── f158
├── f186
├── f194/
├── f229/
├── f41
├── f46/
└── f48/
f229:dir:0
f250/
├── d140/
├── d271
├── f120/
├── f158
├── f186
├── f194/
├── f229/
├── f41
├── f46/
├── f48/
└── f89
Invalid operation
f250/
├── d140/
├── f120/
├── f158
├── f186
├── f194/
├── f229/
├── f41
├── f46/
├── f48/
└── f89
n35:1D
f186:i8v4-5prc6m 7j5o802
f186:i8v4-5prc6m 7j5o802
/f119/f250/f186
Invalid operation
Invalid operation
Invalid operation
d140/
d226/
f120/
f158
f160/
f183
f186
f194/
f229/
f274
f46/
f48/
f89
f229:dir:0
Invalid operation
f89:17
f158:2
f183:0
f274:0
f250/
├── d140/
├── d226/
├── d272/
├── f120/
├── f158
├── f160/
├── f183
├── f194/
├── f229/
├── f274
├── f46/
├── f48/
└── f89
f89:24
f158:2
f183:0
f274:0
d200:dir:0
n35:2F 97 A5 A5
f89:-zoobokorw yswxul f_j4d9
f146:txt:10
Invalid operation
Invalid operation
/f119/f250/f120/f146
f120/
n96:u_-us_-tvrs
Invalid operation
Invalid operation
f89:-zoobokorw yswxul f_j4d9
f89:-zoobokorw yswxul f_j4d9
n35:C2 3A
f89:24
f158:2
d140/
d226/
d272/
f120/
f158
f160/
f183
f194/
f229/
f274
f46/
f48/
f89
n24
n4/
n35:00 00 00 00 00
d140/
d226/
d272/
f120/
f158
f160/
f183
f194/
f229/
f274
f46/
f48/
f89
n24
n4/
f250/
├── d140/
├── d226/
├── d272/
│   ├── d200/
│   └── n113/
├── f120/
├── f158
├── f160/
├── f183
├── f194/
├── f229/
├── f274
├── f46/
├── f48/
├── f89
├── n24
└── n4/
d140/
d226/
d272/
f120/
f158
f160/
f183
f194/
f229/
f274
f46/
f48/
f89
n24
n4/
f89:-zoobokorw yswxul f_j4d9ewrlgb42od9le8m725ni75ckf
f250/
├── d140/
├── d226/
├── d272/
│   ├── d200/
│   └── n113/
├── f120/
├── f158
├── f160/
├── f183
├── f194/
├── f229/
├── f274
├── f46/
├── f48/
├── n24
└── n4/
f158:2
f183:0
f274:0
n24:0
Invalid operation
Invalid operation
Invalid operation
Invalid operation
Invalid operation
d140/
d226/
d272/
f120/
f158
f160/
f183
f194/
f224
f229/
f274
f46/
f48/
f83
n24
n4/
d140/
d226/
d272/
f120/
f158
f160/
f183
f194/
f224
f229/
f274
f46/
f48/
f83
n0
n24
n4/
/f119/f250/f274
/f274
f274:wdy.l5 vfjc
f250/
├── d140/
├── d226/
├── d272/
│   ├── d200/
│   └── n113/
├── f120/
├── f158
├── f160/
├── f183
├── f194/
│   └── d224
├── f224
├── f229/
├── f274
├── f46/
├── f48/
├── f83
├── n24
└── n4/
Invalid operation
Invalid operation
Invalid operation
f83:00 A3 FB 5A 58
f274:wdy.l5 vfjc
f83:E6 4A CA F8
d140/
d226/
d272/
d34
f120/
f160/
f183
f194/
f224
f229/
f274
f46/
f48/
f49/
f83
n24
n4/
f83:F8 2C 26 E7
f48:dir:0
Invalid operation
f48:dir:0
f250/
├── d140/
├── d226/
├── d272/
│   ├── d200/
│   └── n113/
├── f120/
├── f160/
├── f183
├── f194/
│   └── d224
├── f224
├── f229/
├── f274
├── f46/
├── f48/
├── f49/
├── f83
├── n24
└── n4/
d140/
d226/
d272/
f120/
f160/
f183
f194/
f224
f229/
f274
f46/
f48/
f49/
f83
n24
n4/
f274:wdy.l5 vfjc04myad14c1p0g
f274:24
f83:21
Null
f48:dir:0
f83:A3 FB 5A 58 4F 52 2B
Invalid operation
/f119/f250/f183
Invalid operation
d226/
Invalid operation
Invalid operation
f250/
├── d140/
├── d226/
├── d272/
│   ├── d200/
│   └── n113/
├── f120/
├── f160/
├── f183
├── f194/
│   └── d224
├── f224
├── f229/
├── f46/
├── f49/
├── n24
├── n4/
└── n50
d226/
Invalid operation
n35:00
Invalid operation
f75:0
f183:
n35:97 A5 A5 C6 27 2C 00 00
Invalid operation
Null
Invalid operation
d140/
d226/
d272/
f120/
f133
f160/
f183
f194/
f224
f229/
f46/
f49/
n24
n37/
n4/
n50
f250/
├── d140/
├── d226/
│   ├── d219/
│   ├── d258/
│   ├── f264/
│   └── f75
├── d272/
│   ├── d200/
│   └── n113/
├── f120/
├── f133
├── f160/
├── f183
├── f194/
│   └── d224
├── f224
├── f229/
├── f46/
├── f49/
├── n24
├── n37/
├── n4/
└── n50
Invalid operation
Invalid operation
d140/
d226/
d272/
f120/
f133
f135
f160/
f183
f194/
f224
f229/
f46/
f49/
n24
n37/
n4/
n50
f135:bof-kks67x2x
n1:33
n35:16
d121:14
d195:12
d196:12
d159:7
f248:2E 50
f135:bof-kks67x2x
f248:2E 50 23 8D 25 00 A3 83 00 00 A4 CC F3 22 B2 40 C0 ED
Invalid operation
Null
n35:B7 2F 97 A5 A5 C6 27 2C 00 00 00 00
n35:97 A5 A5
d140/
d144/
d226/
d272/
f120/
f133
f135
f160/
f183
f194/
f224
f229/
f46/
f49/
n24
n37/
n4/
n50
Invalid operation
d140/
d144/
d226/
d272/
f120/
f133
f135
f160/
f183
f194/
f224
f229/
f46/
f49/
n24
n37/
n4/
n50
n68
d140/
d144/
d226/
d272/
f120/
f133
f135
f160/
f183
f194/
f224
f229/
f46/
f49/
n24
n37/
n4/
n50
n68
Invalid operation
Invalid operation
n35:C6 27 2C
n35:bin:16
Invalid operation
Invalid operation
Invalid operation
Invalid operation
n35:15 B7 2F 97 A5 A5 C6 27 2C 00 00 00 00 00 00 00
Invalid operation
Invalid operation
Invalid operation
Invalid operation
d102:txt:16
Null
n35:00 00 65 03
n35:00 00
/f119/n35
/n35
n35:A5 A5 C6 27 2C 00 00 00 00 00
n35:00 65 03
Null
n92/
Null
f25/
/f119/n92/f102
n92/
├── f102
├── f175
├── f25/
├── f283
└── n1
f102:25hzya58v1y_
f102:12
f283:6
f102
f25/
f102
f25/
Invalid operation
Invalid operation
Invalid operation
/f119/n92/f283
f283:DE
Invalid operation
f25:dir:0
Invalid operation
Invalid operation
f283:16
f102:12
Invalid operation
d50
f25/
d50:8
d102:zb1_alrp7_s kunxcvf9wu864xvj4qy9j7yaee
Null
Invalid operation
Invalid operation
Invalid operation
Invalid operation
Invalid operation
d126/
d132
d141
d153
d158/
d160/
d166/
d170
d180
d183/
d205
d208
d213/
d220/
d228
d241/
d248/
d257
d258/
d26
d264/
d272
d276
d3/
d58
d61
d82/
d88
d90
f0/
f1
f10
f11/
f115
f119/
f124/
f127/
f134
f135
f151
f156/
f159/
f170/
f174/
f177
f188
f195/
f205/
f206
f21
f212
f228/
f232/
f238
f248
f256/
f264
f272
f274
f277
f28/
f289/
f290/
f291/
f299/
f3
f32
f41/
f65
f69/
f80
f85
f90/
f94/
f99
n108/
n16
n19
n29
n30
n35
n46
n52/
n59
n65
n71/
n76/
n85/
n89/
n91
Invalid operation
Invalid operation
Invalid operation
Invalid operation
Null
f179:dir:0
d3:
Invalid operation
f248:00 A4 CC F3 22 B2 40 C0 ED 43
d3
f179/
n42/
Invalid operation
f65:41
f248:31
f151:28
d180:27
f272:22
d153:17
f188:17
f212:17
f65:41
f248:31
f151:28
d180:27
f272:22
d153:17
f188:17
f212:17
Invalid operation
Invalid operation
d3
f179/
n42/
Invalid operation
Invalid operation
d3
f179/
f283/
n35
n42/
Invalid operation
Invalid operation
f119:dir:0
Invalid operation
Invalid operation
Invalid operation
Invalid operation
n35:txt:0
Invalid operation
d88:-8zaidzvaqt71 z
Invalid operation
Null
d88:txt:15
/
├── d126/
├── d132
├── d141
├── d153
├── d158/
├── d160/
│   ├── d135
│   ├── d144/
│   ├── d233/
│   ├── d54
│   ├── d79
│   ├── d82/
│   │   ├── d11
│   │   ├── d178
│   │   ├── d179
│   │   ├── f102
│   │   ├── f13/
│   │   ├── f249
│   │   ├── f25
│   │   ├── f33/
│   │   ├── f49
│   │   ├── f57
│   │   ├── f82
│   │   ├── n2
│   │   ├── n49/
│   │   └── n62/
│   ├── d92/
│   ├── f11
│   ├── f128/
│   ├── f209
│   ├── f275
│   ├── f288
│   ├── f58/
│   ├── f83
│   ├── n23/
│   └── n77
├── d166/
│   ├── d141/
│   ├── d148
│   ├── d181
│   ├── d202
│   ├── d208/
│   ├── d236/
│   ├── d286/
│   ├── d288
│   ├── d85
│   ├── d89/
│   ├── d91
│   ├── f111
│   ├── f141
│   ├── f155/
│   ├── f160/
│   ├── f176/
│   ├── f263/
│   ├── f36
│   ├── f73/
│   ├── f76
│   ├── n112/
│   ├── n32/
│   ├── n56/
│   └── n65/
│       ├── d213/
│       ├── d91/
│       ├── f166
│       ├── f237
│       ├── f38/
│       │   ├── d17/
│       │   ├── d189/
│       │   ├── d45
│       │   ├── d96/
│       │   │   ├── f124
│       │   │   ├── f13/
│       │   │   │   └── f212/
│       │   │   └── f212/
│       │   ├── d98/
│       │   ├── f104
│       │   ├── f164
│       │   ├── f295/
│       │   ├── f299
│       │   ├── f88
│       │   ├── n119
│       │   └── n36
│       ├── n110/
│       ├── n44
│       └── n94/
├── d170
├── d180
├── d183/
├── d205
├── d208
├── d213/
├── d220/
│   └── d12
├── d228
├── d241/
│   ├── d131
│   └── f242/
├── d248/
├── d257
├── d258/
├── d26
├── d264/
├── d272
├── d276
├── d3/
├── d58
├── d61
├── d82/
├── d88
├── d90
├── f0/
│   ├── d291/
│   ├── d3
│   ├── f179/
│   ├── f283/
│   ├── n35
│   ├── n42/
│   ├── n65
│   └── n92/
├── f1
├── f10
├── f11/
├── f115
├── f119/
│   ├── d102
│   ├── d121
│   ├── d159
│   ├── d176/
│   ├── d195
│   ├── d196
│   ├── d258
│   ├── d269
│   ├── d285/
│   ├── d72/
│   ├── f189/
│   ├── f212
│   ├── f250/
│   │   ├── d140/
│   │   ├── d144/
│   │   ├── d226/
│   │   │   ├── d219/
│   │   │   ├── d258/
│   │   │   ├── f264/
│   │   │   └── f75
│   │   ├── d272/
│   │   │   ├── d200/
│   │   │   └── n113/
│   │   ├── f120/
│   │   ├── f133
│   │   ├── f135
│   │   ├── f160/
│   │   ├── f183
│   │   ├── f194/
│   │   │   └── d224
│   │   ├── f224
│   │   ├── f229/
│   │   ├── f46/
│   │   ├── f49/
│   │   ├── f50/
│   │   ├── n24
│   │   ├── n37/
│   │   ├── n4/
│   │   ├── n50
│   │   └── n68
│   ├── f63
│   ├── n1
│   ├── n35
│   ├── n68/
│   │   ├── d177
│   │   ├── d19
│   │   ├── d198/
│   │   ├── d202/
│   │   ├── d254
│   │   ├── d289
│   │   ├── d31
│   │   ├── d78
│   │   ├── d88
│   │   ├── f1
│   │   ├── f101/
│   │   ├── f17/
│   │   ├── f207/
│   │   │   ├── d220/
│   │   │   ├── d34
│   │   │   ├── d35/
│   │   │   └── f274/
│   │   │       └── d263
│   │   ├── f221
│   │   ├── f228/
│   │   ├── f237/
│   │   │   ├── d131
│   │   │   ├── d192/
│   │   │   ├── d222
│   │   │   ├── d263/
│   │   │   ├── d33
│   │   │   ├── f174/
│   │   │   ├── f279
│   │   │   ├── f40
│   │   │   ├── f54
│   │   │   ├── n10
│   │   │   └── n6
│   │   ├── f244/
│   │   ├── f58
│   │   ├── f72
│   │   ├── f99/
│   │   ├── n102
│   │   ├── n45/
│   │   │   └── n110/
│   │   └── n99
│   └── n92/
│       ├── d50
│       └── f25/
├── f124/
├── f127/
├── f134
├── f135
├── f151
├── f156/
├── f159/
├── f170/
├── f174/
├── f177
├── f188
├── f195/
│   ├── d13/
│   │   ├── d13
│   │   ├── d152/
│   │   │   ├── d140
│   │   │   ├── d154/
│   │   │   ├── d18
│   │   │   ├── d232/
│   │   │   ├── d30
│   │   │   ├── d69/
│   │   │   ├── f0/
│   │   │   ├── f146/
│   │   │   ├── f17
│   │   │   ├── f181/
│   │   │   ├── f205/
│   │   │   ├── f249/
│   │   │   ├── f267
│   │   │   ├── f80
│   │   │   ├── f94
│   │   │   ├── n15
│   │   │   ├── n36
│   │   │   ├── n56/
│   │   │   │   ├── d176/
│   │   │   │   │   ├── f83/
│   │   │   │   │   └── n60
│   │   │   │   ├── d232/
│   │   │   │   ├── d57
│   │   │   │   ├── f290
│   │   │   │   └── n117
│   │   │   ├── n62
│   │   │   ├── n63/
│   │   │   ├── n82
│   │   │   └── n9/
│   │   ├── d186
│   │   ├── f122/
│   │   ├── f132/
│   │   ├── f139
│   │   ├── f15/
│   │   ├── f205/
│   │   ├── f219
│   │   ├── n74
│   │   ├── n83/
│   │   └── n90
│   ├── d55/
│   ├── f154
│   ├── f299/
│   │   └── f43
│   └── n88
├── f205/
├── f206
├── f21
├── f212
├── f228/
├── f232/
├── f238
├── f248
├── f256/
├── f264
├── f272
├── f274
├── f277
├── f28/
├── f289/
├── f290/
├── f291/
├── f299/
├── f3
├── f32
├── f41/
├── f65
├── f69/
├── f80
├── f85
├── f90/
├── f94/
│   ├── d127
│   ├── d156/
│   ├── d161/
│   ├── d165
│   ├── d168
│   ├── d191
│   ├── d209
│   ├── d211
│   ├── d240/
│   ├── d284/
│   ├── d60
│   ├── d63/
│   ├── d71
│   ├── f117/
│   ├── f125
│   ├── f14
│   ├── f215/
│   ├── f226/
│   │   ├── d129/
│   │   │   ├── d193
│   │   │   ├── d252
│   │   │   ├── d65
│   │   │   ├── f195
│   │   │   └── n116/
│   │   ├── d133/
│   │   │   ├── d142/
│   │   │   ├── d16/
│   │   │   │   ├── d130
│   │   │   │   ├── d138
│   │   │   │   ├── f169/
│   │   │   │   └── f191
│   │   │   ├── d175
│   │   │   ├── d99/
│   │   │   ├── f145/
│   │   │   ├── n112
│   │   │   └── n59
│   │   ├── d213
│   │   ├── d240/
│   │   ├── d256/
│   │   ├── d299/
│   │   ├── f151/
│   │   ├── f165/
│   │   ├── f186
│   │   ├── f188
│   │   ├── f232/
│   │   ├── f71
│   │   ├── f95
│   │   ├── n0
│   │   └── n87/
│   ├── f229/
│   ├── f255/
│   ├── f259
│   ├── f280/
│   │   ├── d0/
│   │   ├── d103
│   │   ├── d148
│   │   ├── d154
│   │   ├── d190/
│   │   ├── d227/
│   │   ├── d233
│   │   ├── d272/
│   │   ├── d288/
│   │   ├── d299/
│   │   ├── d30/
│   │   ├── f102/
│   │   ├── f154/
│   │   │   ├── d146/
│   │   │   └── f293
│   │   ├── f171/
│   │   │   ├── d52
│   │   │   └── f231
│   │   ├── f182
│   │   ├── f202
│   │   ├── f270
│   │   ├── f293/
│   │   ├── f294/
│   │   ├── f59/
│   │   ├── n1
│   │   ├── n101
│   │   ├── n103/
│   │   ├── n107/
│   │   │   ├── d145/
│   │   │   ├── d163/
│   │   │   ├── d196
│   │   │   ├── d283/
│   │   │   ├── d294/
│   │   │   │   ├── d53/
│   │   │   │   └── f205/
│   │   │   ├── d3
│   │   │   ├── d5
│   │   │   ├── d59
│   │   │   ├── f116
│   │   │   ├── f157
│   │   │   ├── f181/
│   │   │   ├── f221/
│   │   │   ├── f223
│   │   │   ├── f5/
│   │   │   │   ├── d144
│   │   │   │   ├── d160/
│   │   │   │   │   ├── d121
│   │   │   │   │   ├── d23
│   │   │   │   │   ├── d239
│   │   │   │   │   ├── d282/
│   │   │   │   │   ├── d82/
│   │   │   │   │   ├── f5/
│   │   │   │   │   ├── f65/
│   │   │   │   │   └── n47/
│   │   │   │   ├── d80
│   │   │   │   ├── f177/
│   │   │   │   ├── f181/
│   │   │   │   ├── f219
│   │   │   │   ├── f258/
│   │   │   │   └── f29
│   │   │   ├── f57
│   │   │   ├── f8
│   │   │   ├── n71
│   │   │   └── n90/
│   │   └── n61
│   ├── f38/
│   ├── n106/
│   ├── n116/
│   │   ├── d123/
│   │   ├── f200
│   │   └── n100
│   ├── n21/
│   ├── n40/
│   ├── n72
│   └── n99/
├── f99
├── n108/
│   ├── d196/
│   │   ├── f190/
│   │   └── n7/
│   ├── d201/
│   ├── f104/
│   ├── f151/
│   ├── f172/
│   │   ├── d149
│   │   └── d93
│   ├── f78/
│   ├── n102/
│   └── n95/
├── n16
├── n19
├── n29
├── n30
├── n35
├── n46
├── n52/
├── n59
├── n65
├── n71/
│   ├── d110/
│   ├── d242/
│   │   ├── d113/
│   │   ├── d115
│   │   ├── d125
│   │   ├── d126
│   │   ├── d139
│   │   ├── d148/
│   │   ├── d152
│   │   ├── d156
│   │   ├── d163/
│   │   ├── d194/
│   │   ├── d199
│   │   ├── d263/
│   │   ├── d36/
│   │   ├── d49
│   │   ├── d53
│   │   ├── f101
│   │   ├── f156
│   │   ├── f173/
│   │   ├── f181/
│   │   ├── f204/
│   │   │   ├── d110/
│   │   │   ├── d13
│   │   │   ├── d231
│   │   │   ├── d256/
│   │   │   │   ├── d106/
│   │   │   │   ├── d163/
│   │   │   │   └── f139
│   │   │   ├── d77/
│   │   │   ├── d78
│   │   │   ├── f123/
│   │   │   ├── f149
│   │   │   ├── f266
│   │   │   ├── f43/
│   │   │   ├── f45/
│   │   │   └── n47
│   │   ├── f22
│   │   ├── f239
│   │   ├── f246/
│   │   ├── f267
│   │   ├── f282/
│   │   ├── f45/
│   │   ├── n113/
│   │   ├── n24/
│   │   ├── n3/
│   │   │   ├── d131
│   │   │   ├── d155/
│   │   │   ├── d195
│   │   │   ├── f143
│   │   │   ├── f247/
│   │   │   ├── f31
│   │   │   └── f77/
│   │   │       ├── d243/
│   │   │       ├── d89/
│   │   │       │   ├── d170
│   │   │       │   ├── d274
│   │   │       │   └── d81/
│   │   │       │       ├── d199
│   │   │       │       ├── d99/
│   │   │       │       ├── f162
│   │   │       │       ├── n1/
│   │   │       │       └── n39
│   │   │       └── f75
│   │   ├── n30/
│   │   ├── n40
│   │   ├── n45
│   │   ├── n80/
│   │   ├── n91/
│   │   └── n94/
│   ├── f115
│   ├── f205
│   └── f77/
├── n76/
│   ├── d60/
│   ├── f121
│   ├── f145/
│   ├── f158
│   ├── f164/
│   ├── f190
│   └── f289/
│       ├── d257/
│       ├── d271/
│       ├── f250
│       └── f292
├── n85/
├── n89/
└── n91
Invalid operation
d88:-8zaidzvaqt71 zx
Invalid operation
Invalid operation
Null
Invalid operation
f65:41
f248:30
f151:28
d180:27
f1:24
Invalid operation
Invalid operation
Null
d3:txt:0
f0/
├── d291/
├── d3
├── f283/
├── n34/
├── n35
├── n42/
├── n65
└── n92/
d291/
d3
f283/
n34/
n35
n42/
n65
n92/
d3:s8jm4
f0/
├── d291/
├── d3
├── f283/
├── n34/
├── n35
├── n42/
├── n65
└── n92/
d291/
d3
f283/
f69/
n34/
n35
n42/
n65
n92/
f0/
├── d291/
├── d3
├── f283/
├── f69/
├── n34/
├── n35
├── n42/
├── n65
└── n92/
Invalid operation
Invalid operation
Invalid operation
Null
/f0/d3
/f0/d3
f248:1E 2E BB 1E 83 00 00
/f0/d3
d3:txt:5
/f0/d3
Invalid operation
d3:txt:5
d219/
d232
d291/
d3
f229
f283/
n34/
n35
n40
n42/
n65
n92/
d219/
d232
d291/
d3
f229
f283/
n34/
n35
n40
n42/
n65
n92/
f229:14
n65:13
d232:7
d3:5
n35:0
/f0/d3
f248:9E 1E 2E BB 1E 83 00 00 A4 CC F3 22 5A 6F 7B
Invalid operation
d3:txt:5
d194/
d219/
d232
d291/
d3
f229
f249/
f283/
f291/
n34/
n35
n65
n92/
Null
d3:txt:5
Invalid operation
/f0/d3
f0/
├── d194/
├── d219/
├── d232
├── d27
├── d291/
├── d3
├── f229
├── f249/
├── f283/
├── f291/
├── n34/
├── n35
├── n39
├── n65
└── n92/
d194/
d219/
d232
d27
d291/
d3
f229
f249/
f283/
f291/
n34/
n35
n39
n65
n92/
Invalid operation
d3:s8jm4
f229:14
n65:13
d27:9
d232:7
d3:5
n35:0
f229:14
Invalid operation
f0/
├── d194/
├── d219/
├── d232
├── d291/
├── d3
├── f223/
├── f229
├── f249/
├── f283/
├── f291/
├── n34/
├── n35
├── n65
└── n92/
d194/
d219/
d232
d291/
d3
f223/
f229
f249/
f283/
f291/
n34/
n35
n65
n92/
d194/
d219/
d232
d291/
d3
f223/
f229
f249/
f283/
f291/
n34/
n35
n65
n92/
f248:78 27 B0 73 F7 D4 48 0E DA 9E 1E 2E BB 1E 83 00 00 A4 CC F3 22 5A 6F 7B E4 5A
Invalid operation
d194/
d219/
d232
d291/
d3
f223/
f229
f249/
f283/
f291/
n34/
n35
n65
n86
n92/
Invalid operation
f229:2vokn-wx7jrmjn
f229:txt:14
Invalid operation
Invalid operation
Null
Invalid operation
d194/
d219/
d232
d291/
d3
f223/
f229
f249/
f283/
f291/
n34/
n35
n65
n86
n92/
f229:2vokn-wx7jrmjn
f229:txt:14
f229:2vokn-wx7jrmjn
n86:AC 94 59 CE 44
Invalid operation
f229:txt:14
Invalid operation
f148:txt:2
/f0/d219/f148
f148:y-
/f0/f229
Invalid operation
Invalid operation
n86:59
f229:2vokn-wx7jrmjn
Invalid operation
Invalid operation
Invalid operation
f229:2vokn-wx7jrmjn
Null
f229:2vokn-wx7jrmjn
f229:14
n65:13
d232:7
n86:5
Invalid operation
n86:44
Invalid operation
n86:CE
Invalid operation
n86:C0
d194/
d232
d234
d242/
d291/
f11/
f203/
f223/
f229
f249/
f283/
f291/
n34/
n35
n65
n77/
n86
n92/
d74:17
f229:14
n65:13
n57/
f229:txt:15
Invalid operation
Invalid operation
Invalid operation
Null
Null
/f0/n57/d2
/f0/n57/d2
Invalid operation
Invalid operation
Invalid operation
f210:3E 22 02
f210:3E 22 02 D8 40
f293/
d2:49ux-1044
Null
d2:49ux-1044
d2:txt:9
/f0/n57/f293/d39
Invalid operation
d181/
d2
d225
d244/
f210
f267
f293/
n31
d181/
d2
d225
d244/
f210
f267
f293/
f69
n31
Invalid operation
/f0/n57/d2
d2:49ux-1044xx
/f0/n57/d2
f210:BD 3E E5 DE 70 34 7A 6C 09 94
f210:09 94
Invalid operation
Invalid operation
d2:49ux-1044xxd
f210:DE 70 34 7A 6C 09 94 8B B5 12 F6
Invalid operation
Invalid operation
f27:kakn4mq64g.h4w
Invalid operation
Null
/f0/n57/d195/n91/d60
d60:1
d60:1
n91/
└── d60
Invalid operation
Invalid operation
d185/
f271/
f35/
f271:dir:0
Invalid operation
n43:00
f220:dir:0
f220:dir:0
f220:dir:0
/f0/n57/d195/n91/f271/d141
/d141
/f0/n57/d195/n91/f271/d141
/d141
f66:dir:0
f253:13
f253:13
/f0/n57/d195/n91/f271/f220/f66/f253
Invalid operation
f253:_nfsjl69xwnu2
Invalid operation
f253:_nfsjl69xwnu2
Invalid operation
Null
f253:_nfsjl69xwnu2
Invalid operation
f66/
/f0/n57/d195/n91/f271/d141
/d141
f66:dir:0
Null
d141
f220/
f248
f271/
├── d141
├── f220/
└── f248
d141
d43
d53
f220/
f248
f271/
├── d141
├── d43
├── d53
├── f220/
└── f248
f271/
├── d141
├── d43
├── d53
└── f220/
d43:40 70
f220:dir:0
d43:5E CE 60 66 40 70
d141:19
d53:11
d43:5
/f0/n57/d195/n91/f271/d141
/d141
/f0/n57/d195/n91/f271/d141
/d141
/f0/n57/d195/n91/f271/d141
/d141
d141
f220/
/f0/n57/d195/n91/f271/d141
/d141
Null
d141
f220/
d141:19
f271/
f35/
Invalid operation
n43:73
n43:18
d168:5
Invalid operation
Invalid operation
d168
n43
n51/
n91/
d168
n43
n51/
n91/
d168
n43
n51/
n91/
d168
n43
n51/
n80
n91/
Invalid operation
Null
d168
n43
n51/
n80
n91/
d168
n43
n51/
n80
n91/
d195/
├── d168
├── n43
├── n51/
├── n80
└── n91/
    ├── f271/
    │   ├── d141
    │   └── f220/
    └── f35/
Invalid operation
Invalid operation
Invalid operation
d195/
├── d168
├── n43
├── n51/
└── n80
n43:F9 84 26 EE 7E
Invalid operation
Invalid operation
n43:26
Invalid operation
d168:bin:5
d195/
├── d168
├── n18
├── n51/
└── n80
d113:12
d168:bin:5
d168:74 F5
Invalid operation
Invalid operation
d195/
├── d113
├── d168
├── d59/
├── f118/
└── n51/
d168:bin:5
Invalid operation
Invalid operation
d168:44
Invalid operation
Invalid operation
d113:12
d168:5
Invalid operation
d168:44 38 74
Invalid operation
d168:bin:5
n86:AC 82
Invalid operation
d126/
d132
d141
d153
d158/
d160/
d166/
d170
d18/
d180
d183/
d205
d208
d213/
d220/
d228
d241/
d248/
d257
d258/
d26
d264/
d272
d276
d295/
d3/
d58
d61
d82/
d88
d90
f0/
f1
f10
f11/
f115
f119/
f124/
f127/
f134
f151
f156/
f159/
f170/
f174/
f177
f188
f195/
f205/
f206
f21
f212
f232/
f238
f248
f256/
f260/
f264
f272
f274
f277
f28/
f289/
f290/
f291/
f299/
f3
f32
f41/
f65
f69/
f80
f85
f90/
f94/
f99
n108/
n16
n19
n29
n30
n35
n46
n52/
n59
n65
n71/
n76/
n85/
n89/
n91
Invalid operation
d126/
d132
d141
d153
d158/
d160/
d166/
d170
d18/
d180
d183/
d191
d205
d208
d213/
d220/
d228
d241/
d248/
d257
d258/
d26
d264/
d272
d276
d295/
d3/
d58
d61
d82/
d88
d90
f0/
f1
f10
f11/
f115
f119/
f124/
f127/
f134
f135
f151
f156/
f159/
f170/
f174/
f177
f188
f195/
f205/
f206
f21
f212
f232/
f238
f248
f256/
f260/
f264
f272
f274
f277
f28/
f289/
f290/
f291/
f299/
f3
f32
f41/
f65
f69/
f80
f85
f90/
f94/
f99
n108/
n16
n19
n29
n30
n35
n46
n52/
n59
n65
n71/
n76/
n85/
n89/
n91
d126/
d132
d141
d153
d158/
d160/
d166/
d170
d18/
d180
d183/
d191
d205
d208
d213/
d220/
d228
d241/
d248/
d257
d258/
d26
d264/
d272
d276
d295/
d3/
d58
d61
d82/
d88
d90
f0/
f1
f10
f11/
f115
f119/
f124/
f127/
f134
f135
f151
f156/
f159/
f170/
f174/
f177
f188
f195/
f205/
f206
f21
f212
f232/
f238
f248
f256/
f260/
f264
f272
f274
f277
f28/
f289/
f290/
f291/
f299/
f3
f32
f41/
f65
f69/
f80
f85
f90/
f94/
f99
n108/
n16
n19
n29
n30
n35
n46
n52/
n59
n65
n71/
n76/
n85/
n89/
n91
Invalid operation
Invalid operation
f248:0D
Invalid operation
Invalid operation
Invalid operation
Invalid operation
Invalid operation
Invalid operation
Invalid operation
n76:dir:0
d126/
d132
d141
d153
d158/
d160/
d166/
d170
d18/
d180
d183/
d205
d208
d213/
d220/
d228
d241/
d248/
d257
d258/
d26
d264/
d272
d276
d295/
d3/
d58
d61
d82/
d88
d90
f0/
f1
f10
f11/
f115
f119/
f124/
f127/
f129
f134
f135
f151
f156/
f159/
f170/
f174/
f177
f188
f195/
f205/
f206
f21
f212
f232/
f238
f248
f256/
f260/
f264
f272
f274
f277
f28/
f289/
f290/
f291/
f299/
f3
f32
f41/
f65
f69/
f80
f85
f90/
f94/
f99
n108/
n16
n19
n29
n35
n46
n52/
n59
n65
n71/
n76/
n85/
n89/
n91
n76:dir:0
f65:41
d126/
d132
d141
d153
d158/
d160/
d166/
d170
d18/
d180
d183/
d205
d208
d213/
d220/
d228
d241/
d248/
d257
d258/
d26
d264/
d272
d276
d295/
d3/
d58
d61
d82/
d88
d90
f0/
f1
f10
f11/
f115
f119/
f124/
f127/
f129
f134
f135
f151
f156/
f159/
f170/
f174/
f177
f188
f195/
f202/
f205/
f206
f21
f212
f232/
f238
f248
f256/
f260/
f264
f272
f274
f277
f28/
f289/
f290/
f291/
f299/
f3
f32
f41/
f65
f69/
f80
f85
f90/
f94/
f99
n108/
n16
n19
n29
n35
n46
n52/
n59
n65
n71/
n76/
n85/
n89/
n91
n76:dir:0
d126/
d132
d141
d153
d158/
d160/
d166/
d170
d18/
d180
d183/
d205
d208
d213/
d220/
d228
d241/
d248/
d257
d258/
d26
d264/
d272
d276
d295/
d3/
d58
d61
d82/
d88
d90
f0/
f1
f10
f11/
f115
f119/
f124/
f127/
f129
f134
f135
f151
f156/
f159/
f170/
f174/
f177
f188
f195/
f202/
f205/
f206
f21
f212
f232/
f238
f248
f256/
f260/
f264
f272
f274
f277
f28/
f289/
f290/
f291/
f299/
f3
f32
f41/
f65
f69/
f80
f85
f90/
f94/
f99
n108/
n16
n19
n29
n35
n46
n52/
n59
n65
n71/
n73
n76/
n85/
n89/
n91
/f272
d44:txt:17
d44:17
d44
Invalid operation
d126/
d132
d141
d153
d158/
d160/
d166/
d170
d18/
d180
d183/
d205
d208
d213/
d220/
d228
d241/
d248/
d257
d258/
d26
d264/
d272
d276
d295/
d3/
d58
d61
d82/
d88
d90
f0/
f1
f10
f11/
f115
f119/
f124/
f127/
f129
f134
f135
f151
f156/
f159/
f170/
f174/
f177
f188
f195/
f202/
f205/
f206
f21
f212
f232/
f238
f248
f256/
f260/
f264
f272
f274
f277
f28/
f289/
f290/
f291/
f299/
f3
f32
f41/
f65
f69/
f80
f85
f90/
f94/
f99
n108/
n16
n19
n29
n35
n46
n52/
n59
n65
n71/
n73
n76/
n85/
n89/
n91
f65:41
f248:37
f272:33
f151:28
d180:27
f1:24
d126/
d132
d141
d153
d158/
d160/
d166/
d170
d18/
d180
d183/
d205
d208
d213/
d220/
d228
d241/
d248/
d257
d258/
d26
d264/
d272
d276
d295/
d3/
d58
d61
d82/
d88
d90
f0/
f1
f10
f11/
f115
f119/
f124/
f127/
f129
f134
f135
f151
f156/
f159/
f170/
f174/
f177
f18/
f188
f195/
f202/
f205/
f206
f21
f212
f232/
f238
f248
f256/
f260/
f264
f272
f274
f277
f28/
f289/
f290/
f291/
f299/
f3
f32
f41/
f65
f69/
f80
f85
f90/
f94/
f99
n108/
n16
n19
n29
n35
n46
n52/
n59
n65
n71/
n73
n76/
n85/
n89/
n91
Invalid operation
d126/
d132
d141
d153
d158/
d160/
d166/
d170
d18/
d180
d183/
d205
d208
d213/
d220/
d228
d241/
d248/
d257
d258/
d26
d264/
d272
d276
d295/
d3/
d58
d61
d82/
d88
d90
f0/
f1
f10
f11/
f115
f119/
f124/
f127/
f129
f134
f135
f151
f156/
f159/
f170/
f174/
f177
f18/
f188
f195/
f202/
f205/
f206
f21
f212
f232/
f238
f248
f256/
f260/
f264
f272
f274
f277
f28/
f289/
f290/
f291/
f299/
f3
f32
f41/
f65
f69/
f80
f85
f90/
f94/
f99
n108/
n16
n19
n29
n35
n46
n52/
n59
n65
n71/
n73
n76/
n85/
n89/
n91
d126/
d132
d141
d153
d158/
d160/
d166/
d170
d18/
d180
d183/
d205
d208
d213/
d220/
d228
d241/
d248/
d257
d258/
d26
d264/
d272
d276
d295/
d3/
d58
d61
d82/
d88
d90
f0/
f1
f10
f11/
f115
f119/
f124/
f127/
f129
f134
f135
f151
f156/
f159/
f170/
f174/
f177
f18/
f188
f195/
f202/
f205/
f206
f21
f212
f232/
f238
f248
f256/
f260/
f264
f272
f274
f277
f28/
f289/
f290/
f291/
f299/
f3
f32
f41/
f65
f69/
f80
f85
f90/
f94/
f99
n108/
n16
n19
n29
n35
n46
n52/
n59
n65
n71/
n73
n76/
n85/
n89/
n91
Invalid operation
d126/
d132
d141
d153
d158/
d160/
d166/
d170
d18/
d180
d183/
d205
d208
d213/
d220/
d228
d241/
d248/
d257
d258/
d26
d264/
d272
d276
d295/
d3/
d58
d61
d69/
d82/
d88
d90
f0/
f1
f10
f11/
f115
f119/
f124/
f127/
f129
f134
f135
f151
f156/
f159/
f170/
f174/
f177
f18/
f188
f195/
f202/
f205/
f206
f21
f212
f232/
f238
f248
f256/
f260/
f264
f272
f274
f277
f28/
f289/
f290/
f291/
f299/
f3
f32
f41/
f46
f65
f69/
f80
f85
f90/
f94/
f99
n1/
n108/
n16
n19
n29
n35
n46
n52/
n59
n65
n71/
n73
n76/
n85/
n89/
n91
d126/
d132
d141
d153
d158/
d160/
d166/
d170
d18/
d180
d183/
d205
d208
d213/
d220/
d228
d241/
d248/
d257
d258/
d26
d264/
d272
d276
d295/
d3/
d58
d61
d69/
d82/
d88
d90
f0/
f1
f10
f11/
f115
f119/
f124/
f127/
f129
f134
f135
f151
f156/
f159/
f170/
f174/
f177
f18/
f188
f195/
f202/
f205/
f206
f21
f212
f232/
f238
f248
f256/
f260/
f264
f272
f274
f277
f28/
f289/
f290/
f291/
f299/
f3
f32
f41/
f46
f65
f69/
f80
f85
f90/
f94/
f99
n1/
n108/
n16
n19
n29
n35
n46
n52/
n59
n65
n71/
n73
n76/
n85/
n89/
n91
Invalid operation
Null
Invalid operation
Invalid operation
Invalid operation
d126/
d132
d141
d153
d158/
d160/
d166/
d170
d18/
d180
d183/
d205
d208
d213/
d220/
d228
d241/
d248/
d257
d258/
d26
d264/
d272
d276
d295/
d3/
d58
d61
d69/
d82/
d88
d90
f0/
f1
f10
f11/
f115
f119/
f124/
f127/
f129
f134
f135
f151
f156/
f159/
f170/
f174/
f177
f18/
f188
f195/
f202/
f205/
f206
f21
f212
f232/
f238
f248
f256/
f260/
f264
f272
f274
f277
f28/
f289/
f290/
f291/
f299/
f3
f32
f41/
f46
f65
f69/
f80
f85
f90/
f94/
f99
n1/
n108/
n16
n19
n29
n35
n46
n52/
n59
n65
n71/
n73
n76/
n85/
n89/
n91
Invalid operation
Invalid operation
d117/
d126/
d132
d141
d153
d158/
d160/
d166/
d170
d18/
d180
d183/
d205
d208
d213/
d220/
d228
d241/
d248/
d257
d258/
d26
d264/
d272
d276
d295/
d3/
d58
d61
d69/
d82/
d88
d90
f0/
f1
f10
f11/
f115
f119/
f124/
f127/
f129
f134
f135
f151
f156/
f159/
f170/
f174/
f177
f179
f18/
f188
f195/
f202/
f205/
f206
f21
f212
f232/
f238
f248
f256/
f260/
f264
f272
f274
f277
f28/
f289/
f290/
f291/
f299/
f3
f32
f41/
f46
f65
f69/
f80
f85
f90/
f94/
f99
n108/
n16
n19
n29
n35
n46
n52/
n59
n65
n71/
n73
n76/
n85/
n89/
n91
Invalid operation
Invalid operation
Invalid operation
Invalid operation
Invalid operation
Invalid operation
Null
Invalid operation
Invalid operation
Null
Invalid operation
Invalid operation
Invalid operation
Invalid operation
d117/
d126/
d132
d141
d153
d158/
d160/
d166/
d170
d18/
d180
d183/
d208
d213/
d220/
d228
d241/
d248/
d257
d258/
d26
d264/
d272
d276
d295/
d3/
d58
d61
d73/
d82/
d88
d90
f0/
f1
f10
f11/
f115
f119/
f124/
f127/
f129
f13
f134
f135
f151
f156/
f159/
f170/
f174/
f177
f179
f18/
f188
f195/
f202/
f205/
f206
f21
f212
f232/
f238
f248
f256/
f260/
f264
f272
f274
f277
f28/
f289/
f290/
f291/
f299/
f3
f32
f41/
f46
f65
f69/
f80
f85
f90/
f94/
f99
n108/
n16
n19
n29
n35
n46
n52/
n59
n65
n71/
n73
n76/
n85/
n89/
n91
Invalid operation
Invalid operation
Invalid operation
d117/
d126/
d132
d141
d153
d158/
d160/
d166/
d170
d18/
d180
d183/
d208
d213/
d220/
d228
d241/
d248/
d257
d258/
d26
d264/
d272
d276
d295/
d3/
d58
d61
d73/
d82/
d88
d90
f0/
f1
f10
f11/
f115
f119/
f124/
f127/
f129
f13
f134
f135
f151
f156/
f159/
f170/
f174/
f177
f179
f18/
f188
f195/
f202/
f205/
f206
f21
f212
f232/
f238
f248
f256/
f260/
f264
f272
f274
f277
f28/
f289/
f290/
f291/
f299/
f3
f32
f41/
f46
f59
f65
f69/
f80
f85
f90/
f94/
f99
n108/
n16
n19
n29
n35
n46
n52/
n59
n65
n71/
n73
n75/
n76/
n85/
n89/
n91
Invalid operation
Invalid operation
Invalid operation
Invalid operation
Invalid operation
d117/
d126/
d132
d141
d153
d158/
d160/
d166/
d170
d18/
d180
d183/
d208
d213/
d220/
d228
d241/
d248/
d257
d258/
d26
d264/
d272
d276
d295/
d3/
d58
d61
d82/
d88
d90
f0/
f1
f10
f11/
f115
f119/
f124/
f127/
f129
f13
f134
f135
f151
f156/
f159/
f170/
f174/
f177
f179
f18/
f188
f195/
f202/
f205/
f206
f21
f212
f232/
f238
f248
f256/
f260/
f264
f272
f274
f277
f28/
f289/
f290/
f291/
f299/
f3
f32
f41/
f46
f59
f65
f69/
f80
f85
f90/
f94/
f99
n108/
n16
n19
n29
n35
n46
n52/
n59
n65
n71/
n73
n75/
n76/
n85/
n89/
n91
Invalid operation
d117/
d126/
d132
d141
d153
d158/
d160/
d166/
d170
d18/
d180
d183/
d208
d213/
d220/
d228
d241/
d244
d248/
d257
d258/
d26
d264/
d272
d276
d295/
d3/
d58
d61
d82/
d88
d90
f0/
f1
f10
f11/
f115
f119/
f124/
f127/
f129
f13
f134
f135
f151
f156/
f159/
f170/
f174/
f177
f179
f18/
f188
f195/
f202/
f205/
f206
f21
f212
f232/
f238
f248
f256/
f260/
f264
f272
f274
f277
f28/
f289/
f290/
f291/
f299/
f3
f32
f41/
f46
f59
f65
f69/
f80
f85
f90/
f94/
f99
n108/
n16
n19
n29
n35
n46
n52/
n56
n59
n65
n71/
n73
n75/
n76/
n85/
n89/
n91
Null
Invalid operation
d117/
d126/
d132
d141
d153
d158/
d160/
d166/
d170
d18/
d180
d183/
d208
d213/
d220/
d228
d241/
d244
d248/
d257
d258/
d26
d264/
d272
d276
d295/
d3/
d58
d61
d82/
d88
d90
f0/
f1
f10
f11/
f115
f119/
f124/
f127/
f129
f13
f134
f135
f151
f156/
f159/
f170/
f174/
f177
f179
f18/
f188
f195/
f202/
f205/
f206
f21
f212
f232/
f238
f248
f256/
f260/
f264
f272
f274
f277
f28/
f289/
f290/
f291/
f299/
f3
f32
f41/
f46
f59
f65
f69/
f80
f85
f90/
f94/
f99
n108/
n16
n19
n29
n35
n46
n52/
n56
n59
n65
n71/
n73
n75/
n76/
n85/
n89/
n91
Invalid operation
Invalid operation
Invalid operation
/n91
Invalid operation
Invalid operation
Invalid operation
Invalid operation
Null
Invalid operation
Invalid operation
Invalid operation
Invalid operation
Invalid operation
Invalid operation
Invalid operation
Invalid operation
Invalid operation
Invalid operation
d117/
d126/
d132
d141
d153
d158/
d160/
d170
d18/
d180
d183/
d208
d213/
d220/
d228
d241/
d248/
d257
d258/
d26
d264/
d272
d276
d295/
d3/
d58
d61
d82/
d88
d90
f0/
f1
f10
f11/
f115
f119/
f124/
f127/
f129
f13
f134
f135
f151
f156/
f159/
f170/
f174/
f177
f179
f18/
f188
f195/
f202/
f205/
f206
f21
f212
f232/
f238
f248
f256/
f260/
f264
f272
f274
f277
f28/
f289/
f290/
f291/
f299/
f3
f32
f41/
f46
f59
f65
f69/
f80
f85
f90/
f94/
f99
n108/
n16
n19
n29
n32/
n35
n46
n52/
n59
n65
n71/
n73
n75/
n76/
n85/
n89/
n91
Invalid operation
d117/
d126/
d132
d141
d153
d158/
d160/
d170
d18/
d180
d183/
d208
d213/
d220/
d228
d241/
d248/
d257
d258/
d26
d264/
d272
d276
d295/
d3/
d58
d61
d82/
d88
d90
f0/
f1
f10
f11/
f115
f119/
f124/
f127/
f129
f13
f134
f135
f151
f156/
f159/
f170/
f174/
f177
f179
f18/
f188
f195/
f202/
f205/
f206
f21
f212
f232/
f238
f248
f256/
f260/
f264
f272
f274
f277
f28/
f289/
f290/
f291/
f299/
f3
f32
f41/
f46
f59
f65
f69/
f80
f85
f90/
f94/
f99
n108/
n16
n19
n29
n32/
n35
n46
n52/
n59
n65
n71/
n73
n75/
n76/
n85/
n89/
n91
f65:md:41
d117/
d126/
d132
d141
d153
d158/
d160/
d170
d18/
d180
d183/
d208
d213/
d220/
d228
d241/
d248/
d257
d258/
d26
d264/
d272
d276
d295/
d3/
d58
d61
d82/
d88
d90
f0/
f1
f10
f11/
f115
f119/
f124/
f127/
f129
f13
f134
f135
f151
f156/
f159/
f170/
f174/
f177
f179
f18/
f188
f195/
f202/
f205/
f206
f21
f212
f232/
f238
f248
f256/
f260/
f264
f272
f274
f277
f28/
f289/
f290/
f291/
f299/
f3
f32
f41/
f46
f59
f65
f69/
f80
f85
f90/
f94/
f99
n108/
n16
n19
n29
n32/
n35
n46
n52/
n59
n65
n71/
n73
n75/
n76/
n85/
n89/
n91
d117/
d126/
d132
d141
d153
d158/
d160/
d170
d18/
d180
d183/
d208
d213/
d220/
d228
d241/
d248/
d257
d258/
d26
d264/
d272
d276
d295/
d3/
d58
d61
d82/
d88
d90
f0/
f1
f10
f11/
f115
f119/
f124/
f127/
f129
f13
f134
f135
f151
f156/
f159/
f170/
f174/
f177
f179
f18/
f188
f195/
f202/
f205/
f206
f21
f212
f232/
f238
f248
f256/
f260/
f264
f272
f274
f277
f28/
f289/
f290/
f291/
f299/
f3
f32
f41/
f46
f59
f65
f69/
f80
f85
f90/
f94/
f99
n108/
n16
n19
n29
n32/
n35
n46
n52/
n59
n65
n71/
n73
n75/
n76/
n85/
n89/
n91
d117/
d126/
d132
d141
d153
d158/
d160/
d170
d18/
d180
d183/
d208
d213/
d220/
d228
d241/
d248/
d257
d258/
d26
d264/
d272
d276
d295/
d3/
d58
d61
d82/
d88
d90
f0/
f1
f10
f11/
f115
f119/
f124/
f127/
f129
f13
f134
f135
f151
f156/
f159/
f170/
f174/
f177
f179
f18/
f188
f195/
f202/
f205/
f206
f21
f212
f232/
f238
f248
f256/
f260/
f264
f272
f274
f277
f28/
f289/
f290/
f291/
f299/
f3
f32
f41/
f46
f59
f69/
f80
f85
f90/
f94/
f99
n108/
n16
n19
n29
n32/
n35
n46
n52/
n59
n65
n71/
n73
n75/
n76/
n85/
n89/
n91
Invalid operation
d180:6C 6F C1 2D AC B0 7F 73 EA 53 36 F0 2B 88 F6 00 00
Invalid operation
d180:bin:29
d180:00 00 00
Invalid operation
d180:D6 E4 5D D6
Null
Invalid operation
d264/
├── d276/
├── d53
├── f132/
│   └── d10
└── f245/
d180:F0 2B 88 F6
d180:BC D6 E4 5D D6 6C 6F C1 2D AC B0 7F 73 EA 53 36 F0 2B 88 F6 00 00 00
d10
d180:D6 6C 6F C1 2D AC B0 7F 73 EA 53
d10
d296/
f219
d10
d296/
f219
d10
d296/
f219
f263/
d180:EA
d10:md:7
Null
Invalid operation
f125:15
f219:10
d10:7
f219:10
d10:7
d180:F4
Invalid operation
d276/
d53
f132/
f245/
Invalid operation
Invalid operation
f132:dir:0
Invalid operation
d264/
├── d276/
├── d53
├── d71/
├── f132/
│   ├── d10
│   ├── d296/
│   ├── f219
│   └── f263/
├── f245/
└── f266
d180:88 F6 00 00 00 00
f266:
Invalid operation
Invalid operation
Null
d250:5B C5 A2 B8 66
Null
d53:uqhhts2mzpnbiz0abx6ebf91
f132:dir:0
Invalid operation
d180:73 EA 53 36 F0 2B 88 F6 00 00 00
d180:B0 7F 73 EA 53 36 F0 2B 88 F6 00 00 00 00
/f272
Invalid operation
Invalid operation
Invalid operation
d180:88 F6 00 00 00 00
d117/
d126/
d132
d141
d153
d158/
d160/
d170
d18/
d180
d183/
d208
d213/
d220/
d228
d241/
d248/
d257
d258/
d26
d264/
d266
d272
d276
d282
d295/
d3/
d58
d61
d82/
d88
d90
f0/
f1
f10
f11/
f114
f115
f119/
f124/
f127/
f129
f13
f134
f135
f151
f156/
f159/
f170/
f174/
f177
f179
f18/
f188
f195/
f202/
f205/
f206
f21
f212
f232/
f238
f248
f256/
f260/
f264
f272
f274
f277
f28/
f289/
f290/
f291/
f299/
f3
f32
f41/
f46
f59
f69/
f80
f85
f90/
f94/
f99
n108/
n16
n19
n29
n32/
n35
n46
n52/
n59
n65
n71/
n73
n75/
n76/
n85/
n89/
n91
Invalid operation
Invalid operation
d180:bin:30
Invalid operation
Invalid operation
Invalid operation
f248:37
f272:33
d180:30
f151:28
f1:24
Invalid operation
Invalid operation
/d180
Invalid operation
Invalid operation
Invalid operation
/d180
Invalid operation
Invalid operation
f248:37
d180:33
f272:33
f151:28
f1:24
d153:17
/
├── d117/
├── d126/
├── d132
├── d141
├── d153
├── d158/
├── d160/
│   ├── d135
│   ├── d144/
│   ├── d233/
│   ├── d54
│   ├── d79
│   ├── d82/
│   │   ├── d11
│   │   ├── d178
│   │   ├── d179
│   │   ├── f102
│   │   ├── f13/
│   │   ├── f249
│   │   ├── f25
│   │   ├── f33/
│   │   ├── f49
│   │   ├── f57
│   │   ├── f82
│   │   ├── n2
│   │   ├── n49/
│   │   └── n62/
│   ├── d92/
│   ├── f11
│   ├── f128/
│   ├── f209
│   ├── f275
│   ├── f288
│   ├── f58/
│   ├── f83
│   ├── n23/
│   └── n77
├── d170
├── d18/
├── d180
├── d183/
├── d208
├── d213/
├── d217/
├── d220/
│   └── d12
├── d228
├── d241/
│   ├── d131
│   └── f242/
├── d248/
│   ├── d44
│   ├── f168
│   ├── f219
│   └── n33
├── d258/
├── d26
├── d264/
│   ├── d138/
│   ├── d196
│   ├── d250
│   ├── d276/
│   ├── d53
│   ├── d71/
│   ├── d96
│   ├── f132/
│   │   ├── d10
│   │   ├── d296/
│   │   ├── f219
│   │   └── f263/
│   ├── f245/
│   └── f266
├── d266
├── d272
├── d276
├── d295/
├── d3/
├── d58
├── d61
├── d82/
├── d88
├── d90
├── d93
├── f0/
│   ├── d194/
│   ├── d232
│   ├── d234
│   ├── d242/
│   ├── d291/
│   ├── f11/
│   ├── f203/
│   ├── f223/
│   │   ├── d255
│   │   └── d35/
│   ├── f229
│   ├── f249/
│   ├── f283/
│   ├── f291/
│   ├── n34/
│   ├── n35
│   ├── n57/
│   │   ├── d181/
│   │   ├── d195/
│   │   │   ├── d113
│   │   │   ├── d168
│   │   │   ├── d239/
│   │   │   ├── d256
│   │   │   ├── d59/
│   │   │   └── f118/
│   │   ├── d2
│   │   ├── d244/
│   │   ├── f210
│   │   ├── f267
│   │   ├── f293/
│   │   │   ├── d39
│   │   │   └── n12
│   │   ├── f69
│   │   ├── n25
│   │   └── n31
│   ├── n65
│   ├── n86
│   └── n92/
├── f1
├── f10
├── f11/
├── f114
├── f115
├── f119/
│   ├── d102
│   ├── d121
│   ├── d159
│   ├── d176/
│   ├── d195
│   ├── d196
│   ├── d258
│   ├── d269
│   ├── d285/
│   ├── d72/
│   ├── f189/
│   ├── f212
│   ├── f250/
│   │   ├── d140/
│   │   ├── d144/
│   │   ├── d226/
│   │   │   ├── d219/
│   │   │   ├── d258/
│   │   │   ├── f264/
│   │   │   └── f75
│   │   ├── d272/
│   │   │   ├── d200/
│   │   │   └── n113/
│   │   ├── f120/
│   │   ├── f133
│   │   ├── f135
│   │   ├── f160/
│   │   ├── f183
│   │   ├── f194/
│   │   │   └── d224
│   │   ├── f224
│   │   ├── f229/
│   │   ├── f46/
│   │   ├── f49/
│   │   ├── f50/
│   │   ├── n24
│   │   ├── n37/
│   │   ├── n4/
│   │   ├── n50
│   │   └── n68
│   ├── f63
│   ├── n1
│   ├── n35
│   ├── n68/
│   │   ├── d177
│   │   ├── d19
│   │   ├── d198/
│   │   ├── d202/
│   │   ├── d254
│   │   ├── d289
│   │   ├── d31
│   │   ├── d78
│   │   ├── d88
│   │   ├── f1
│   │   ├── f101/
│   │   ├── f17/
│   │   ├── f207/
│   │   │   ├── d220/
│   │   │   ├── d34
│   │   │   ├── d35/
│   │   │   └── f274/
│   │   │       └── d263
│   │   ├── f221
│   │   ├── f228/
│   │   ├── f237/
│   │   │   ├── d131
│   │   │   ├── d192/
│   │   │   ├── d222
│   │   │   ├── d263/
│   │   │   ├── d33
│   │   │   ├── f174/
│   │   │   ├── f279
│   │   │   ├── f40
│   │   │   ├── f54
│   │   │   ├── n10
│   │   │   └── n6
│   │   ├── f244/
│   │   ├── f58
│   │   ├── f72
│   │   ├── f99/
│   │   ├── n102
│   │   ├── n45/
│   │   │   └── n110/
│   │   └── n99
│   └── n92/
│       ├── d50
│       └── f25/
├── f124/
├── f127/
├── f129
├── f13
├── f134
├── f135
├── f151
├── f156/
├── f159/
├── f170/
├── f174/
├── f177
├── f179
├── f18/
├── f188
├── f195/
│   ├── d13/
│   │   ├── d13
│   │   ├── d152/
│   │   │   ├── d140
│   │   │   ├── d154/
│   │   │   ├── d18
│   │   │   ├── d232/
│   │   │   ├── d30
│   │   │   ├── d69/
│   │   │   ├── f0/
│   │   │   ├── f146/
│   │   │   ├── f17
│   │   │   ├── f181/
│   │   │   ├── f205/
│   │   │   ├── f249/
│   │   │   ├── f267
│   │   │   ├── f80
│   │   │   ├── f94
│   │   │   ├── n15
│   │   │   ├── n36
│   │   │   ├── n56/
│   │   │   │   ├── d176/
│   │   │   │   │   ├── f83/
│   │   │   │   │   └── n60
│   │   │   │   ├── d232/
│   │   │   │   ├── d57
│   │   │   │   ├── f290
│   │   │   │   └── n117
│   │   │   ├── n62
│   │   │   ├── n63/
│   │   │   ├── n82
│   │   │   └── n9/
│   │   ├── d186
│   │   ├── f122/
│   │   ├── f132/
│   │   ├── f139
│   │   ├── f15/
│   │   ├── f205/
│   │   ├── f219
│   │   ├── n74
│   │   ├── n83/
│   │   └── n90
│   ├── d55/
│   ├── f154
│   ├── f299/
│   │   └── f43
│   └── n88
├── f202/
├── f205/
├── f206
├── f21
├── f212
├── f232/
├── f238
├── f248
├── f256/
├── f260/
├── f264
├── f272
├── f274
├── f277
├── f28/
├── f289/
├── f290/
├── f291/
├── f299/
├── f3
├── f32
├── f41/
├── f46
├── f59
├── f69/
├── f80
├── f85
├── f90/
├── f94/
│   ├── d127
│   ├── d156/
│   ├── d161/
│   ├── d165
│   ├── d168
│   ├── d191
│   ├── d209
│   ├── d211
│   ├── d240/
│   ├── d284/
│   ├── d60
│   ├── d63/
│   ├── d71
│   ├── f117/
│   ├── f125
│   ├── f14
│   ├── f215/
│   ├── f226/
│   │   ├── d129/
│   │   │   ├── d193
│   │   │   ├── d252
│   │   │   ├── d65
│   │   │   ├── f195
│   │   │   └── n116/
│   │   ├── d133/
│   │   │   ├── d142/
│   │   │   ├── d16/
│   │   │   │   ├── d130
│   │   │   │   ├── d138
│   │   │   │   ├── f169/
│   │   │   │   └── f191
│   │   │   ├── d175
│   │   │   ├── d99/
│   │   │   ├── f145/
│   │   │   ├── n112
│   │   │   └── n59
│   │   ├── d213
│   │   ├── d240/
│   │   ├── d256/
│   │   ├── d299/
│   │   ├── f151/
│   │   ├── f165/
│   │   ├── f186
│   │   ├── f188
│   │   ├── f232/
│   │   ├── f71
│   │   ├── f95
│   │   ├── n0
│   │   └── n87/
│   ├── f229/
│   ├── f255/
│   ├── f259
│   ├── f280/
│   │   ├── d0/
│   │   ├── d103
│   │   ├── d148
│   │   ├── d154
│   │   ├── d190/
│   │   ├── d227/
│   │   ├── d233
│   │   ├── d272/
│   │   ├── d288/
│   │   ├── d299/
│   │   ├── d30/
│   │   ├── f102/
│   │   ├── f154/
│   │   │   ├── d146/
│   │   │   └── f293
│   │   ├── f171/
│   │   │   ├── d52
│   │   │   └── f231
│   │   ├── f182
│   │   ├── f202
│   │   ├── f270
│   │   ├── f293/
│   │   ├── f294/
│   │   ├── f59/
│   │   ├── n1
│   │   ├── n101
│   │   ├── n103/
│   │   ├── n107/
│   │   │   ├── d145/
│   │   │   ├── d163/
│   │   │   ├── d196
│   │   │   ├── d283/
│   │   │   ├── d294/
│   │   │   │   ├── d53/
│   │   │   │   └── f205/
│   │   │   ├── d3
│   │   │   ├── d5
│   │   │   ├── d59
│   │   │   ├── f116
│   │   │   ├── f157
│   │   │   ├── f181/
│   │   │   ├── f221/
│   │   │   ├── f223
│   │   │   ├── f5/
│   │   │   │   ├── d144
│   │   │   │   ├── d160/
│   │   │   │   │   ├── d121
│   │   │   │   │   ├── d23
│   │   │   │   │   ├── d239
│   │   │   │   │   ├── d282/
│   │   │   │   │   ├── d82/
│   │   │   │   │   ├── f5/
│   │   │   │   │   ├── f65/
│   │   │   │   │   └── n47/
│   │   │   │   ├── d80
│   │   │   │   ├── f177/
│   │   │   │   ├── f181/
│   │   │   │   ├── f219
│   │   │   │   ├── f258/
│   │   │   │   └── f29
│   │   │   ├── f57
│   │   │   ├── f8
│   │   │   ├── n71
│   │   │   └── n90/
│   │   └── n61
│   ├── f38/
│   ├── n106/
│   ├── n116/
│   │   ├── d123/
│   │   ├── f200
│   │   └── n100
│   ├── n21/
│   ├── n40/
│   ├── n72
│   └── n99/
├── f99
├── n108/
│   ├── d196/
│   │   ├── f190/
│   │   └── n7/
│   ├── d201/
│   ├── f104/
│   ├── f151/
│   ├── f172/
│   │   ├── d149
│   │   └── d93
│   ├── f78/
│   ├── n102/
│   └── n95/
├── n16
├── n19
├── n29
├── n32/
├── n35
├── n46
├── n52/
├── n59
├── n65
├── n71/
│   ├── d110/
│   ├── d242/
│   │   ├── d113/
│   │   ├── d115
│   │   ├── d125
│   │   ├── d126
│   │   ├── d139
│   │   ├── d148/
│   │   ├── d152
│   │   ├── d156
│   │   ├── d163/
│   │   ├── d194/
│   │   ├── d199
│   │   ├── d263/
│   │   ├── d36/
│   │   ├── d49
│   │   ├── d53
│   │   ├── f101
│   │   ├── f156
│   │   ├── f173/
│   │   ├── f181/
│   │   ├── f204/
│   │   │   ├── d110/
│   │   │   ├── d13
│   │   │   ├── d231
│   │   │   ├── d256/
│   │   │   │   ├── d106/
│   │   │   │   ├── d163/
│   │   │   │   └── f139
│   │   │   ├── d77/
│   │   │   ├── d78
│   │   │   ├── f123/
│   │   │   ├── f149
│   │   │   ├── f266
│   │   │   ├── f43/
│   │   │   ├── f45/
│   │   │   └── n47
│   │   ├── f22
│   │   ├── f239
│   │   ├── f246/
│   │   ├── f267
│   │   ├── f282/
│   │   ├── f45/
│   │   ├── n113/
│   │   ├── n24/
│   │   ├── n3/
│   │   │   ├── d131
│   │   │   ├── d155/
│   │   │   ├── d195
│   │   │   ├── f143
│   │   │   ├── f247/
│   │   │   ├── f31
│   │   │   └── f77/
│   │   │       ├── d243/
│   │   │       ├── d89/
│   │   │       │   ├── d170
│   │   │       │   ├── d274
│   │   │       │   └── d81/
│   │   │       │       ├── d199
│   │   │       │       ├── d99/
│   │   │       │       ├── f162
│   │   │       │       ├── n1/
│   │   │       │       └── n39
│   │   │       └── f75
│   │   ├── n30/
│   │   ├── n40
│   │   ├── n45
│   │   ├── n80/
│   │   ├── n91/
│   │   └── n94/
│   ├── f115
│   ├── f205
│   └── f77/
├── n73
├── n75/
├── n76/
│   ├── d60/
│   ├── f121
│   ├── f145/
│   ├── f158
│   ├── f164/
│   ├── f190
│   └── f289/
│       ├── d257/
│       ├── d271/
│       ├── f250
│       └── f292
├── n85/
├── n89/
└── n91
f248:37
/n43
d180:D6 6C 6F C1 2D AC B0 7F 73 EA 53 36 F0 2B 88 F6 00 00 00 00 00 00 00 00
Invalid operation
/d217/d174
Invalid operation
Invalid operation
Invalid operation
d241/
├── d131
└── f242/
d131
d242
f242/
d131:11
d242:5
Invalid operation
d131
f242/
Invalid operation
d117/
d126/
d132
d141
d153
d158/
d160/
d170
d18/
d180
d183/
d190/
d204
d208
d213/
d217/
d220/
d228
d241/
d248/
d258/
d26
d264/
d266
d272
d276
d295/
d3/
d58
d61
d82/
d88
d90
d93
f0/
f1
f10
f11/
f114
f115
f119/
f124/
f127/
f129
f13
f134
f135
f151
f156/
f159/
f170/
f174/
f177
f179
f18/
f188
f195/
f202/
f205/
f206
f21
f212
f232/
f238
f242
f248
f256/
f260/
f264
f272
f274
f277
f28/
f289/
f290/
f291/
f299/
f3
f32
f41/
f46
f59
f69/
f80
f85
f90/
f94/
f99
n108/
n16
n19
n29
n32/
n35
n43
n46
n52/
n59
n65
n71/
n73
n75/
n76/
n85/
n89/
n91
d117/
d126/
d132
d141
d153
d158/
d160/
d170
d18/
d180
d183/
d190/
d204
d208
d213/
d217/
d220/
d228
d241/
d248/
d258/
d26
d264/
d266
d272
d276
d295/
d3/
d58
d61
d82/
d88
d90
d93
f0/
f1
f10
f11/
f114
f115
f119/
f124/
f127/
f129
f13
f134
f135
f151
f156/
f159/
f170/
f174/
f177
f179
f18/
f188
f195/
f202/
f205/
f206
f21
f212
f232/
f238
f242
f248
f256/
f260/
f264
f272
f274
f277
f28/
f289/
f290/
f291/
f299/
f3
f32
f41/
f46
f59
f69/
f80
f85
f90/
f94/
f99
n108/
n16
n19
n29
n32/
n35
n43
n46
n52/
n59
n65
n71/
n73
n75/
n76/
n85/
n89/
n91
Invalid operation
Invalid operation
d110
d117/
d126/
d132
d141
d153
d158/
d160/
d170
d18/
d180
d183/
d190/
d204
d208
d213/
d217/
d220/
d228
d241/
d248/
d258/
d26
d264/
d266
d272
d276
d295/
d3/
d58
d61
d82/
d88
d90
d93
f0/
f1
f10
f11/
f115
f119/
f124/
f127/
f129
f13
f134
f135
f151
f156/
f159/
f170/
f174/
f177
f179
f18/
f188
f195/
f202/
f205/
f206
f21
f212
f232/
f238
f242
f248
f256/
f260/
f264
f272
f274
f277
f28/
f289/
f290/
f291/
f299/
f3
f32
f41/
f46
f59
f69/
f80
f85
f90/
f94/
f99
n108/
n16
n19
n29
n32/
n35
n43
n46
n52/
n59
n65
n71/
n73
n75/
n76/
n85/
n89/
n91
d110
d117/
d126/
d132
d141
d153
d158/
d160/
d170
d18/
d180
d183/
d190/
d204
d208
d213/
d217/
d220/
d228
d241/
d248/
d258/
d26
d264/
d266
d272
d276
d295/
d3/
d58
d61
d82/
d88
d90
d93
f0/
f1
f10
f11/
f115
f119/
f124/
f127/
f129
f13
f134
f135
f151
f156/
f159/
f170/
f174/
f177
f179
f18/
f188
f195/
f202/
f205/
f206
f21
f212
f232/
f238
f242
f248
f256/
f260/
f264
f272
f274
f277
f28/
f289/
f290/
f291/
f299/
f3
f32
f41/
f46
f59
f69/
f80
f85
f90/
f94/
f99
n108/
n16
n19
n26
n29
n32/
n35
n43
n46
n52/
n59
n65
n71/
n73
n75/
n76/
n85/
n89/
n91
Invalid operation
d180:4C 70 14 A0 D6 E4 5D D6 6C 6F
d110
d117/
d126/
d132
d141
d153
d158/
d160/
d170
d18/
d180
d183/
d190/
d204
d208
d213/
d217/
d220/
d228
d241/
d248/
d258/
d26
d264/
d266
d272
d276
d295/
d3/
d58
d61
d82/
d88
d90
d93
f0/
f1
f10
f11/
f115
f119/
f124/
f127/
f129
f13
f134
f135
f151
f156/
f159/
f164/
f170/
f174/
f177
f179
f18/
f188
f195/
f202/
f205/
f206
f21
f212
f232/
f238
f242
f248
f256/
f260/
f264
f272
f274
f277
f28/
f289/
f290/
f291/
f299/
f3
f32
f41/
f46
f59
f69/
f80
f85
f90/
f94/
f99
n108/
n16
n19
n26
n29
n32/
n35
n43
n46
n52/
n59
n65
n71/
n73
n75/
n76/
n85/
n89/
n91
Invalid operation
Invalid operation
Invalid operation
d180:bin:39
Invalid operation
Invalid operation
d180:39
f248:37
f272:33
f151:28
d180:39
f248:37
f272:33
f151:28
Invalid operation
d180:00
d110
d117/
d126/
d132
d141
d153
d158/
d160/
d170
d18/
d180
d183/
d190/
d204
d208
d213/
d217/
d220/
d228
d241/
d248/
d258/
d26
d264/
d266
d272
d276
d295/
d3/
d58
d61
d82/
d88
d90
d93
f0/
f1
f10
f108/
f11/
f115
f119/
f124/
f127/
f129
f13
f134
f135
f151
f156/
f159/
f164/
f170/
f174/
f177
f179
f18/
f188
f195/
f202/
f205/
f206
f21
f212
f232/
f238
f242
f248
f256/
f260/
f264
f272
f274
f277
f28/
f289/
f290/
f291/
f299/
f3
f32
f41/
f46
f59
f69/
f80
f85
f90/
f94/
f99
n108/
n16
n19
n26
n29
n32/
n35
n43
n46
n52/
n59
n65
n71/
n73
n75/
n76/
n85/
n89/
n91
Invalid operation
/f32
Invalid operation
d180:39
f248:37
f272:33
f151:28
f1:24
d153:17
d180:F6 00 00 7D 38 4D 42 DF 00
Invalid operation
Invalid operation
Invalid operation
d180:6C 6F C1 2D AC B0 7F 73 EA 53 36 F0 2B 88 F6 00 00 00 38 4D 42 DF 00
Null
Invalid operation
d180:37
f248:37
f272:33
f151:28
f1:24
d153:17
d93:17
Invalid operation
/d180
Invalid operation
d42:dir:0
d42:dir:0
Invalid operation
d180
/d32/f26/d180
/d180
d180:D4
Invalid operation
/d32/f26/d180
/d180
d180:bin:11
d140/
f141/
f232
f245
f232:md:0
f245:9
f177:4
d155:0
f232:0
f232:
Invalid operation
f232:md:0
Invalid operation
d180:00 00 00 00 00 00 00 F5 B4
f26/
├── d140/
├── d155
├── f141/
│   └── d230
├── f177
├── f232
└── f245
d180:2D AC B0 7F
d180:36 F0 2B 88 F6 00 00 00
Invalid operation
f163:13
f160:0
d42/
f160
f163
f207/
f26/
f163:j9mom-rhtb.kg
Invalid operation
d180:C0 AE 1D 2A 7A 44 7A 6C 6F C1 2D 22 B0 7F 73 EA 53 36 78 15 E5 E6 DD 00 00
Invalid operation
f26:dir:0
Invalid operation
Invalid operation
Invalid operation
Invalid operation
/d32/f163
d32/
├── d42/
├── f163
├── f207/
└── f216/
Null
Invalid operation
Invalid operation
Invalid operation
d180:D5 4C C0 AE 1D 2A 7A 44 7A A7 C6 A4 4C 22 B0 7F 73 EA 53 36 78 15 E5 F1 B7 2A 6E 45 6A 08 02 00 AB B8
d222/
d42/
f207/
f216/
d222/
d42/
f207/
f216/
f67/
f234:1
d180:9D 26
Invalid operation
d180:38 4D 42 DF 00 AB B8 A5
Invalid operation
Invalid operation
d110
d117/
d126/
d132
d141
d153
d155
d158/
d160/
d170
d18/
d180
d183/
d190/
d204
d208
d213/
d217/
d220/
d228
d241/
d248/
d258/
d26
d264/
d266
d272
d276
d295/
d3/
d32/
d58
d61
d82/
d88
d90
d93
f0/
f1
f10
f108/
f11/
f110
f115
f119/
f124/
f127/
f129
f13
f130
f134
f135
f151
f156/
f159/
f170/
f174/
f177
f179
f18/
f188
f195/
f202/
f205/
f206
f21
f212
f232/
f238
f242
f248
f256/
f260/
f264
f272
f274
f276
f277
f28/
f289/
f290/
f291/
f299/
f3
f32
f46
f59
f69/
f80
f85
f90/
f94/
f99
n108/
n16
n19
n29
n32/
n35
n43
n46
n52/
n53/
n59
n71/
n73
n75/
n76/
n85/
n89/
n91
Invalid operation
n43:3ah_zc0b1qx
Invalid operation
Invalid operation
d180:40
f248:37
f272:33
f151:28
f1:24
d180:38 4D
d117/
d126/
d132
d141
d153
d155
d158/
d160/
d170
d18/
d180
d183/
d190/
d204
d208
d213/
d217/
d220/
d228
d241/
d248/
d258/
d26
d264/
d266
d272
d276
d295/
d3/
d32/
d58
d61
d82/
d88
d90
d93
f0/
f1
f10
f108/
f11/
f110
f115
f119/
f124/
f127/
f129
f13
f130
f134
f135
f151
f156/
f159/
f165/
f170/
f174/
f177
f179
f18/
f188
f19/
f195/
f202/
f205/
f206
f21
f212
f232/
f238
f248
f256/
f260/
f264
f272
f274
f276
f277
f28/
f289/
f290/
f291/
f299/
f3
f32
f36
f46
f59
f69/
f80
f85
f89/
f90/
f94/
f99
n108/
n16
n19
n20/
n29
n32/
n35
n46
n52/
n53/
n59
n71/
n73
n75/
n76/
n85/
n89/
n91
d180:40
f248:37
f272:33
f151:28
f1:24
d153:17
d93:17
f188:17
f132:dir:0
f132:dir:0
d196
d250
d276/
d53
d71/
d96
f132/
f245/
f266
Invalid operation
d250:B8
d250:4C 5B
d196
d250
d276/
d71/
d96
f132/
f245/
f266
d250:5
d196:0
d96:0
f266:0
d196
d250
d276/
d71/
f132/
f245/
f266
d10:w7fu35x
d10
d296/
f219
f263/
d10:w7fu35x
d10:w7fu35xdvcprjj_yc8s5
d10:32
f219:10
n103:10
d260:5
d223:0
f211:0
Null
d10
d223
d260
d296/
d298/
f187/
f211
f219
f263/
n103
Invalid operation
d10
d103/
d223
d260
d296/
d298/
f187/
f211
f219
f263/
n103
d10
d103/
d223
d260
d296/
d298/
f187/
f211
f219
f263/
n103
Invalid operation
f132:dir:0
f132:dir:0
d196:
d10:32
f219:10
n103:10
d260:5
d223:0
f141:0
f211:0
d250:3B 8E E9
Invalid operation
d10:w7fu35xdvcprjj_yc8s5bic8q1h.7ts7bbi8gvmjagkin
Invalid operation
/d264/d196
f132:dir:0
d250:13
f153:2
d196:1
f266:
Invalid operation
d250
d276/
d71/
f132/
f153
f245/
f266
n32/
f266:x
f133:13
/d264/f266
d20
d250
d255
d71/
f132/
f133
f153
f245/
f266
f56
n32/
d110
d117/
d126/
d132
d141
d153
d155
d158/
d160/
d170
d18/
d180
d183/
d190/
d204
d208
d213/
d217/
d220/
d228
d241/
d248/
d258/
d26
d264/
d266
d272
d276
d295/
d3/
d32/
d58
d61
d82/
d88
d90
d93
f0/
f1
f10
f108/
f11/
f110
f115
f119/
f124/
f127/
f129
f13
f130
f134
f135
f151
f156/
f159/
f165/
f170/
f174/
f177
f179
f18/
f188
f19/
f195/
f202/
f205/
f206
f21
f212
f232/
f238
f248
f256/
f260/
f264
f272
f274
f276
f277
f28/
f289/
f290/
f291/
f299/
f3
f32
f36
f46
f59
f69/
f80
f85
f89/
f90/
f94/
f99
n108/
n16
n19
n20/
n29
n32/
n35
n46
n52/
n53/
n59
n71/
n73
n75/
n76/
n85/
n89/
n91
Invalid operation
d180:DD 00 00 38 4D
/d180
d117/
d126/
d132
d141
d153
d155
d158/
d160/
d170
d18/
d180
d183/
d190/
d204
d208
d213/
d217/
d220/
d228
d237/
d241/
d248/
d258/
d26
d264/
d266
d272
d276
d295/
d3/
d32/
d58
d61
d82/
d88
d90
d93
f0/
f1
f10
f108/
f11/
f110
f115
f119/
f124/
f127/
f129
f13
f130
f134
f135
f151
f156/
f159/
f165/
f170/
f174/
f177
f179
f18/
f188
f19/
f195/
f202/
f205/
f206
f21
f212
f232/
f238
f248
f256/
f260/
f264
f272
f274
f276
f277
f28/
f289/
f290/
f291/
f299/
f3
f32
f36
f46
f59
f69/
f80
f85
f89/
f90/
f94/
f99
n108/
n16
n19
n20/
n29
n32/
n35
n46
n52/
n53/
n59
n71/
n73
n75/
n76/
n85/
n89/
n91
Invalid operation
d117/
d126/
d132
d141
d153
d155
d158/
d160/
d170
d18/
d180
d183/
d190/
d204
d208
d213/
d217/
d220/
d228
d237/
d241/
d248/
d258/
d26
d264/
d266
d272
d276
d295/
d3/
d32/
d58
d61
d82/
d88
d90
d93
f0/
f1
f10
f108/
f11/
f110
f115
f119/
f124/
f127/
f129
f13
f130
f134
f135
f151
f156/
f159/
f165/
f170/
f174/
f177
f179
f18/
f188
f19/
f195/
f202/
f205/
f206
f21
f212
f232/
f238
f248
f256/
f260/
f264
f272
f274
f276
f277
f28/
f289/
f290/
f291/
f299/
f3
f32
f36
f46
f59
f69/
f80
f85
f89/
f90/
f94/
f99
n108/
n16
n19
n20/
n29
n32/
n35
n46
n52/
n53/
n59
n71/
n73
n75/
n76/
n85/
n89/
n91
d180:78 15 E5 E6 DD
Invalid operation
Invalid operation
Invalid operation
Invalid operation
Invalid operation
Invalid operation
Invalid operation
d180:4C 22
Invalid operation
Invalid operation
Invalid operation
d180:36 78 15 E5 E6 DD 00 00 5F 8F 42 DF 00 AB B8
d180:bin:40
d117/
d126/
d132
d141
d153
d155
d158/
d160/
d170
d18/
d180
d183/
d190/
d204
d208
d213/
d217/
d220/
d228
d237/
d241/
d248/
d258/
d26
d264/
d266
d272
d276
d295/
d3/
d32/
d53
d58
d61
d82/
d88
d90
d93
f0/
f1
f10
f108/
f11/
f110
f115
f119/
f124/
f127/
f129
f13
f130
f134
f135
f151
f156/
f159/
f165/
f170/
f174/
f177
f179
f18/
f188
f19/
f195/
f202/
f205/
f206
f21
f212
f217
f232/
f238
f248
f256/
f260/
f264
f272
f274
f276
f277
f28/
f289/
f290/
f291/
f299/
f3
f32
f36
f46
f51/
f59
f69/
f80
f85
f89/
f90/
f94/
f99
n108/
n16
n19
n20/
n29
n32/
n35
n46
n52/
n53/
n59
n71/
n73
n75/
n76/
n85/
n89/
n91
d12
d180:00 38
Invalid operation
d180:4D 42 DF 00 AB B8 A5 51 E3 20 00
Null
Invalid operation
Invalid operation
Invalid operation
Invalid operation
Invalid operation
d220/
├── d12
└── d49/
Invalid operation
Invalid operation
d12
d49/
d117/
d126/
d132
d141
d153
d155
d158/
d160/
d170
d18/
d180
d183/
d190/
d204
d208
d213/
d217/
d220/
d228
d237/
d241/
d248/
d258/
d26
d264/
d266
d272
d276
d295/
d3/
d32/
d53
d58
d61
d82/
d88
d90
d93
f0/
f1
f10
f108/
f11/
f110
f115
f119/
f124/
f127/
f129
f13
f130
f134
f135
f151
f156/
f159/
f165/
f170/
f174/
f177
f179
f18/
f188
f19/
f195/
f202/
f205/
f206
f21
f212
f217
f232/
f238
f248
f256/
f260/
f264
f272
f274
f276
f277
f28/
f289/
f290/
f291/
f299/
f3
f32
f36
f46
f51/
f59
f69/
f80
f85
f89/
f90/
f94/
f99
n108/
n16
n19
n20/
n29
n32/
n35
n46
n52/
n53/
n59
n71/
n73
n75/
n76/
n85/
n89/
n91
d117/
d126/
d132
d141
d153
d155
d158/
d160/
d170
d18/
d180
d183/
d190/
d204
d208
d213/
d217/
d220/
d228
d237/
d241/
d248/
d258/
d26
d264/
d266
d272
d276
d295/
d3/
d32/
d53
d58
d61
d82/
d88
d90
d93
f0/
f1
f10
f108/
f11/
f110
f115
f119/
f124/
f127/
f129
f13
f130
f134
f135
f151
f156/
f159/
f165/
f170/
f174/
f177
f179
f18/
f188
f19/
f195/
f202/
f205/
f206
f21
f212
f217
f232/
f238
f248
f256/
f260/
f264
f272
f274
f276
f277
f28/
f289/
f290/
f291/
f299/
f3
f32
f36
f46
f51/
f59
f69/
f80
f85
f89/
f90/
f94/
f99
n108/
n16
n19
n20/
n29
n32/
n35
n46
n52/
n53/
n59
n71/
n73
n75/
n76/
n85/
n89/
n91
d180:44 7A A7
Invalid operation
d180:bin:40
d117/
d126/
d132
d141
d153
d155
d158/
d160/
d170
d18/
d180
d183/
d190/
d204
d208
d213/
d217/
d220/
d228
d237/
d241/
d248/
d258/
d26
d264/
d266
d272
d276
d295/
d3/
d32/
d53
d58
d61
d82/
d88
d90
d93
f0/
f1
f10
f108/
f11/
f110
f115
f119/
f124/
f127/
f129
f13
f130
f134
f135
f151
f156/
f159/
f165/
f170/
f174/
f177
f179
f18/
f188
f19/
f195/
f202/
f205/
f206
f21
f212
f217
f232/
f238
f248
f256/
f260/
f264
f272
f274
f276
f277
f28/
f289/
f290/
f291/
f299/
f3
f32
f36
f46
f51/
f59
f69/
f80
f85
f89/
f90/
f94/
f99
n108/
n16
n19
n20/
n29
n32/
n35
n46
n52/
n53/
n59
n71/
n73
n75/
n76/
n85/
n89/
n91
Invalid operation
Invalid operation
Invalid operation
Invalid operation
Invalid operation
Invalid operation
Invalid operation
d117/
d126/
d132
d141
d153
d155
d158/
d160/
d170
d18/
d180
d182
d183/
d190/
d204
d208
d213/
d217/
d220/
d228
d237/
d241/
d248/
d258/
d26
d264/
d266
d272
d276
d295/
d3/
d32/
d53
d58
d61
d82/
d88
d90
d93
f0/
f1
f10
f108/
f11/
f110
f115
f119/
f124/
f127/
f129
f13
f130
f134
f135
f151
f156/
f159/
f165/
f170/
f174/
f177
f179
f18/
f182
f188
f19/
f195/
f202/
f205/
f206
f21
f212
f217
f232/
f238
f248
f256/
f260/
f264
f272
f274
f276
f277
f28/
f289/
f290/
f291/
f299/
f3
f32
f36
f46
f51/
f59
f69/
f80
f85
f89/
f90/
f94/
f99
n108/
n16
n19
n20/
n29
n32/
n35
n46
n52/
n53/
n59
n71/
n72
n73
n75/
n76/
n85/
n89/
n91
/
├── d117/
├── d126/
├── d132
├── d141
├── d153
├── d155
├── d158/
├── d160/
│   ├── d135
│   ├── d144/
│   ├── d233/
│   ├── d54
│   ├── d79
│   ├── d82/
│   │   ├── d11
│   │   ├── d178
│   │   ├── d179
│   │   ├── f102
│   │   ├── f13/
│   │   ├── f249
│   │   ├── f25
│   │   ├── f33/
│   │   ├── f49
│   │   ├── f57
│   │   ├── f82
│   │   ├── n2
│   │   ├── n49/
│   │   └── n62/
│   ├── d92/
│   ├── f11
│   ├── f128/
│   ├── f209
│   ├── f275
│   ├── f288
│   ├── f58/
│   ├── f83
│   ├── n23/
│   └── n77
├── d170
├── d18/
├── d180
├── d182
├── d183/
├── d190/
├── d204
├── d207/
├── d208
├── d213/
├── d217/
│   ├── d118/
│   └── d174
├── d220/
│   ├── d12
│   ├── d49/
│   └── d72
├── d228
├── d237/
├── d241/
│   └── f242/
├── d248/
│   ├── d44
│   ├── f168
│   ├── f219
│   └── n33
├── d258/
├── d26
├── d264/
│   ├── d20
│   ├── d250
│   ├── d255
│   ├── d71/
│   ├── d95
│   ├── f132/
│   │   ├── d10
│   │   ├── d103/
│   │   ├── d223
│   │   ├── d260
│   │   ├── d27/
│   │   ├── d296/
│   │   ├── d298/
│   │   ├── f140
│   │   ├── f141
│   │   ├── f183/
│   │   ├── f187/
│   │   ├── f211
│   │   ├── f219
│   │   ├── f258/
│   │   ├── f263/
│   │   ├── n103
│   │   └── n42
│   ├── f133
│   ├── f153
│   ├── f245/
│   ├── f266
│   ├── f56
│   ├── n32/
│   └── n41
├── d266
├── d272
├── d276
├── d295/
├── d3/
├── d32/
│   ├── d222/
│   ├── d261/
│   ├── d42/
│   ├── f207/
│   ├── f216/
│   └── f67/
├── d53
├── d58
├── d61
├── d82/
├── d88
├── d90
├── d93
├── f0/
│   ├── d194/
│   ├── d232
│   ├── d234
│   ├── d242/
│   ├── d291/
│   ├── f11/
│   ├── f203/
│   ├── f223/
│   │   ├── d255
│   │   └── d35/
│   ├── f229
│   ├── f249/
│   ├── f283/
│   ├── f291/
│   ├── n34/
│   ├── n35
│   ├── n57/
│   │   ├── d181/
│   │   ├── d195/
│   │   │   ├── d113
│   │   │   ├── d168
│   │   │   ├── d239/
│   │   │   ├── d256
│   │   │   ├── d59/
│   │   │   └── f118/
│   │   ├── d2
│   │   ├── d244/
│   │   ├── f210
│   │   ├── f267
│   │   ├── f293/
│   │   │   ├── d39
│   │   │   └── n12
│   │   ├── f69
│   │   ├── n25
│   │   └── n31
│   ├── n65
│   ├── n86
│   └── n92/
├── f1
├── f10
├── f108/
├── f11/
├── f110
├── f115
├── f119/
│   ├── d102
│   ├── d121
│   ├── d159
│   ├── d176/
│   ├── d195
│   ├── d196
│   ├── d258
│   ├── d269
│   ├── d285/
│   ├── d72/
│   ├── f189/
│   ├── f212
│   ├── f250/
│   │   ├── d140/
│   │   ├── d144/
│   │   ├── d226/
│   │   │   ├── d219/
│   │   │   ├── d258/
│   │   │   ├── f264/
│   │   │   └── f75
│   │   ├── d272/
│   │   │   ├── d200/
│   │   │   └── n113/
│   │   ├── f120/
│   │   ├── f133
│   │   ├── f135
│   │   ├── f160/
│   │   ├── f183
│   │   ├── f194/
│   │   │   └── d224
│   │   ├── f224
│   │   ├── f229/
│   │   ├── f46/
│   │   ├── f49/
│   │   ├── f50/
│   │   ├── n24
│   │   ├── n37/
│   │   ├── n4/
│   │   ├── n50
│   │   └── n68
│   ├── f63
│   ├── n1
│   ├── n35
│   ├── n68/
│   │   ├── d177
│   │   ├── d19
│   │   ├── d198/
│   │   ├── d202/
│   │   ├── d254
│   │   ├── d289
│   │   ├── d31
│   │   ├── d78
│   │   ├── d88
│   │   ├── f1
│   │   ├── f101/
│   │   ├── f17/
│   │   ├── f207/
│   │   │   ├── d220/
│   │   │   ├── d34
│   │   │   ├── d35/
│   │   │   └── f274/
│   │   │       └── d263
│   │   ├── f221
│   │   ├── f228/
│   │   ├── f237/
│   │   │   ├── d131
│   │   │   ├── d192/
│   │   │   ├── d222
│   │   │   ├── d263/
│   │   │   ├── d33
│   │   │   ├── f174/
│   │   │   ├── f279
│   │   │   ├── f40
│   │   │   ├── f54
│   │   │   ├── n10
│   │   │   └── n6
│   │   ├── f244/
│   │   ├── f58
│   │   ├── f72
│   │   ├── f99/
│   │   ├── n102
│   │   ├── n45/
│   │   │   └── n110/
│   │   └── n99
│   └── n92/
│       ├── d50
│       └── f25/
├── f124/
├── f127/
├── f129
├── f13
├── f130
├── f134
├── f135
├── f151
├── f156/
├── f159/
├── f165/
├── f170/
├── f174/
├── f177
├── f179
├── f18/
├── f182
├── f188
├── f19/
├── f195/
│   ├── d13/
│   │   ├── d13
│   │   ├── d152/
│   │   │   ├── d140
│   │   │   ├── d154/
│   │   │   ├── d18
│   │   │   ├── d232/
│   │   │   ├── d30
│   │   │   ├── d69/
│   │   │   ├── f0/
│   │   │   ├── f146/
│   │   │   ├── f17
│   │   │   ├── f181/
│   │   │   ├── f205/
│   │   │   ├── f249/
│   │   │   ├── f267
│   │   │   ├── f80
│   │   │   ├── f94
│   │   │   ├── n15
│   │   │   ├── n36
│   │   │   ├── n56/
│   │   │   │   ├── d176/
│   │   │   │   │   ├── f83/
│   │   │   │   │   └── n60
│   │   │   │   ├── d232/
│   │   │   │   ├── d57
│   │   │   │   ├── f290
│   │   │   │   └── n117
│   │   │   ├── n62
│   │   │   ├── n63/
│   │   │   ├── n82
│   │   │   └── n9/
│   │   ├── d186
│   │   ├── f122/
│   │   ├── f132/
│   │   ├── f139
│   │   ├── f15/
│   │   ├── f205/
│   │   ├── f219
│   │   ├── n74
│   │   ├── n83/
│   │   └── n90
│   ├── d55/
│   ├── f154
│   ├── f299/
│   │   └── f43
│   └── n88
├── f202/
├── f205/
├── f206
├── f21
├── f212
├── f217
├── f232/
├── f238
├── f248
├── f256/
├── f260/
├── f264
├── f272
├── f274
├── f276
├── f277
├── f28/
├── f289/
├── f290/
├── f291/
├── f299/
├── f3
├── f32
├── f36
├── f46
├── f51/
├── f59
├── f69/
├── f80
├── f85
├── f89/
├── f90/
├── f94/
│   ├── d127
│   ├── d156/
│   ├── d161/
│   ├── d165
│   ├── d168
│   ├── d191
│   ├── d209
│   ├── d211
│   ├── d240/
│   ├── d284/
│   ├── d60
│   ├── d63/
│   ├── d71
│   ├── f117/
│   ├── f125
│   ├── f14
│   ├── f215/
│   ├── f226/
│   │   ├── d129/
│   │   │   ├── d193
│   │   │   ├── d252
│   │   │   ├── d65
│   │   │   ├── f195
│   │   │   └── n116/
│   │   ├── d133/
│   │   │   ├── d142/
│   │   │   ├── d16/
│   │   │   │   ├── d130
│   │   │   │   ├── d138
│   │   │   │   ├── f169/
│   │   │   │   └── f191
│   │   │   ├── d175
│   │   │   ├── d99/
│   │   │   ├── f145/
│   │   │   ├── n112
│   │   │   └── n59
│   │   ├── d213
│   │   ├── d240/
│   │   ├── d256/
│   │   ├── d299/
│   │   ├── f151/
│   │   ├── f165/
│   │   ├── f186
│   │   ├── f188
│   │   ├── f232/
│   │   ├── f71
│   │   ├── f95
│   │   ├── n0
│   │   └── n87/
│   ├── f229/
│   ├── f255/
│   ├── f259
│   ├── f280/
│   │   ├── d0/
│   │   ├── d103
│   │   ├── d148
│   │   ├── d154
│   │   ├── d190/
│   │   ├── d227/
│   │   ├── d233
│   │   ├── d272/
│   │   ├── d288/
│   │   ├── d299/
│   │   ├── d30/
│   │   ├── f102/
│   │   ├── f154/
│   │   │   ├── d146/
│   │   │   └── f293
│   │   ├── f171/
│   │   │   ├── d52
│   │   │   └── f231
│   │   ├── f182
│   │   ├── f202
│   │   ├── f270
│   │   ├── f293/
│   │   ├── f294/
│   │   ├── f59/
│   │   ├── n1
│   │   ├── n101
│   │   ├── n103/
│   │   ├── n107/
│   │   │   ├── d145/
│   │   │   ├── d163/
│   │   │   ├── d196
│   │   │   ├── d283/
│   │   │   ├── d294/
│   │   │   │   ├── d53/
│   │   │   │   └── f205/
│   │   │   ├── d3
│   │   │   ├── d5
│   │   │   ├── d59
│   │   │   ├── f116
│   │   │   ├── f157
│   │   │   ├── f181/
│   │   │   ├── f221/
│   │   │   ├── f223
│   │   │   ├── f5/
│   │   │   │   ├── d144
│   │   │   │   ├── d160/
│   │   │   │   │   ├── d121
│   │   │   │   │   ├── d23
│   │   │   │   │   ├── d239
│   │   │   │   │   ├── d282/
│   │   │   │   │   ├── d82/
│   │   │   │   │   ├── f5/
│   │   │   │   │   ├── f65/
│   │   │   │   │   └── n47/
│   │   │   │   ├── d80
│   │   │   │   ├── f177/
│   │   │   │   ├── f181/
│   │   │   │   ├── f219
│   │   │   │   ├── f258/
│   │   │   │   └── f29
│   │   │   ├── f57
│   │   │   ├── f8
│   │   │   ├── n71
│   │   │   └── n90/
│   │   └── n61
│   ├── f38/
│   ├── n106/
│   ├── n116/
│   │   ├── d123/
│   │   ├── f200
│   │   └── n100
│   ├── n21/
│   ├── n40/
│   ├── n72
│   └── n99/
├── f99
├── n108/
│   ├── d196/
│   │   ├── f190/
│   │   └── n7/
│   ├── d201/
│   ├── f104/
│   ├── f151/
│   ├── f172/
│   │   ├── d149
│   │   └── d93
│   ├── f78/
│   ├── n102/
│   └── n95/
├── n16
├── n19
├── n20/
├── n29
├── n32/
├── n35
├── n46
├── n52/
├── n53/
├── n59
├── n71/
│   ├── d110/
│   ├── d242/
│   │   ├── d113/
│   │   ├── d115
│   │   ├── d125
│   │   ├── d126
│   │   ├── d139
│   │   ├── d148/
│   │   ├── d152
│   │   ├── d156
│   │   ├── d163/
│   │   ├── d194/
│   │   ├── d199
│   │   ├── d263/
│   │   ├── d36/
│   │   ├── d49
│   │   ├── d53
│   │   ├── f101
│   │   ├── f156
│   │   ├── f173/
│   │   ├── f181/
│   │   ├── f204/
│   │   │   ├── d110/
│   │   │   ├── d13
│   │   │   ├── d231
│   │   │   ├── d256/
│   │   │   │   ├── d106/
│   │   │   │   ├── d163/
│   │   │   │   └── f139
│   │   │   ├── d77/
│   │   │   ├── d78
│   │   │   ├── f123/
│   │   │   ├── f149
│   │   │   ├── f266
│   │   │   ├── f43/
│   │   │   ├── f45/
│   │   │   └── n47
│   │   ├── f22
│   │   ├── f239
│   │   ├── f246/
│   │   ├── f267
│   │   ├── f282/
│   │   ├── f45/
│   │   ├── n113/
│   │   ├── n24/
│   │   ├── n3/
│   │   │   ├── d131
│   │   │   ├── d155/
│   │   │   ├── d195
│   │   │   ├── f143
│   │   │   ├── f247/
│   │   │   ├── f31
│   │   │   └── f77/
│   │   │       ├── d243/
│   │   │       ├── d89/
│   │   │       │   ├── d170
│   │   │       │   ├── d274
│   │   │       │   └── d81/
│   │   │       │       ├── d199
│   │   │       │       ├── d99/
│   │   │       │       ├── f162
│   │   │       │       ├── n1/
│   │   │       │       └── n39
│   │   │       └── f75
│   │   ├── n30/
│   │   ├── n40
│   │   ├── n45
│   │   ├── n80/
│   │   ├── n91/
│   │   └── n94/
│   ├── f115
│   ├── f205
│   └── f77/
├── n72
├── n73
├── n75/
├── n76/
│   ├── d60/
│   ├── f121
│   ├── f145/
│   ├── f158
│   ├── f164/
│   ├── f190
│   └── f289/
│       ├── d257/
│       ├── d271/
│       ├── f250
│       └── f292
├── n85/
├── n89/
└── n91
Invalid operation
Invalid operation
Invalid operation
Invalid operation
Invalid operation
d207:dir:0
Invalid operation
d180:4C 22 B0 7F 73 EA 53 36 78 15 E5 E6 DD 00 00 38 4D 42 DF 00 AB B8 A5 51 1B 20
Invalid operation
d117/
d126/
d132
d141
d153
d155
d158/
d16/
d160/
d170
d18/
d180
d182
d183/
d190/
d204
d208
d213/
d217/
d220/
d228
d237/
d241/
d248/
d258/
d26
d264/
d266
d272
d276
d295/
d3/
d32/
d53
d58
d61
d82/
d88
d90
d93
f0/
f1
f108/
f11/
f110
f115
f119/
f124/
f127/
f129
f13
f130
f134
f135
f151
f156/
f159/
f165/
f170/
f174/
f177
f179
f18/
f182
f188
f19/
f195/
f202/
f205/
f206
f21
f212
f217
f232/
f238
f248
f256/
f260/
f264
f272
f274
f276
f277
f28/
f289/
f290/
f291/
f299/
f3
f32
f36
f46
f51/
f59
f69/
f80
f85
f86/
f89/
f90/
f94/
f99
n108/
n16
n19
n20/
n29
n32/
n35
n46
n52/
n53/
n59
n71/
n72
n73
n75/
n76/
n85/
n89/
n91
Invalid operation
d16:dir:0
Invalid operation
/
├── d117/
├── d126/
├── d132
├── d141
├── d153
├── d155
├── d158/
├── d16/
├── d160/
│   ├── d135
│   ├── d144/
│   ├── d233/
│   ├── d54
│   ├── d79
│   ├── d82/
│   │   ├── d11
│   │   ├── d178
│   │   ├── d179
│   │   ├── f102
│   │   ├── f13/
│   │   ├── f249
│   │   ├── f25
│   │   ├── f33/
│   │   ├── f49
│   │   ├── f57
│   │   ├── f82
│   │   ├── n2
│   │   ├── n49/
│   │   └── n62/
│   ├── d92/
│   ├── f11
│   ├── f128/
│   ├── f209
│   ├── f275
│   ├── f288
│   ├── f58/
│   ├── f83
│   ├── n23/
│   └── n77
├── d170
├── d18/
├── d180
├── d182
├── d183/
├── d190/
├── d204
├── d208
├── d213/
├── d217/
│   ├── d118/
│   └── d174
├── d220/
│   ├── d12
│   ├── d49/
│   └── d72
├── d228
├── d237/
├── d241/
│   └── f242/
├── d248/
│   ├── d44
│   ├── f168
│   ├── f219
│   └── n33
├── d258/
├── d26
├── d264/
│   ├── d20
│   ├── d250
│   ├── d255
│   ├── d71/
│   ├── d95
│   ├── f132/
│   │   ├── d10
│   │   ├── d103/
│   │   ├── d223
│   │   ├── d260
│   │   ├── d27/
│   │   ├── d296/
│   │   ├── d298/
│   │   ├── f140
│   │   ├── f141
│   │   ├── f183/
│   │   ├── f187/
│   │   ├── f211
│   │   ├── f219
│   │   ├── f258/
│   │   ├── f263/
│   │   ├── n103
│   │   └── n42
│   ├── f133
│   ├── f153
│   ├── f245/
│   ├── f266
│   ├── f56
│   ├── n32/
│   └── n41
├── d266
├── d272
├── d276
├── d295/
├── d3/
├── d32/
│   ├── d222/
│   ├── d261/
│   ├── d42/
│   ├── f207/
│   ├── f216/
│   └── f67/
├── d53
├── d58
├── d61
├── d82/
├── d88
├── d90
├── d93
├── f0/
│   ├── d194/
│   ├── d232
│   ├── d234
│   ├── d242/
│   ├── d291/
│   ├── f11/
│   ├── f203/
│   ├── f223/
│   │   ├── d255
│   │   └── d35/
│   ├── f229
│   ├── f249/
│   ├── f283/
│   ├── f291/
│   ├── n34/
│   ├── n35
│   ├── n57/
│   │   ├── d181/
│   │   ├── d195/
│   │   │   ├── d113
│   │   │   ├── d168
│   │   │   ├── d239/
│   │   │   ├── d256
│   │   │   ├── d59/
│   │   │   └── f118/
│   │   ├── d2
│   │   ├── d244/
│   │   ├── f210
│   │   ├── f267
│   │   ├── f293/
│   │   │   ├── d39
│   │   │   └── n12
│   │   ├── f69
│   │   ├── n25
│   │   └── n31
│   ├── n65
│   ├── n86
│   └── n92/
├── f1
├── f108/
├── f11/
├── f110
├── f115
├── f119/
│   ├── d102
│   ├── d121
│   ├── d159
│   ├── d176/
│   ├── d195
│   ├── d196
│   ├── d258
│   ├── d269
│   ├── d285/
│   ├── d72/
│   ├── f189/
│   ├── f212
│   ├── f250/
│   │   ├── d140/
│   │   ├── d144/
│   │   ├── d226/
│   │   │   ├── d219/
│   │   │   ├── d258/
│   │   │   ├── f264/
│   │   │   └── f75
│   │   ├── d272/
│   │   │   ├── d200/
│   │   │   └── n113/
│   │   ├── f120/
│   │   ├── f133
│   │   ├── f135
│   │   ├── f160/
│   │   ├── f183
│   │   ├── f194/
│   │   │   └── d224
│   │   ├── f224
│   │   ├── f229/
│   │   ├── f46/
│   │   ├── f49/
│   │   ├── f50/
│   │   ├── n24
│   │   ├── n37/
│   │   ├── n4/
│   │   ├── n50
│   │   └── n68
│   ├── f63
│   ├── n1
│   ├── n35
│   ├── n68/
│   │   ├── d177
│   │   ├── d19
│   │   ├── d198/
│   │   ├── d202/
│   │   ├── d254
│   │   ├── d289
│   │   ├── d31
│   │   ├── d78
│   │   ├── d88
│   │   ├── f1
│   │   ├── f101/
│   │   ├── f17/
│   │   ├── f207/
│   │   │   ├── d220/
│   │   │   ├── d34
│   │   │   ├── d35/
│   │   │   └── f274/
│   │   │       └── d263
│   │   ├── f221
│   │   ├── f228/
│   │   ├── f237/
│   │   │   ├── d131
│   │   │   ├── d192/
│   │   │   ├── d222
│   │   │   ├── d263/
│   │   │   ├── d33
│   │   │   ├── f174/
│   │   │   ├── f279
│   │   │   ├── f40
│   │   │   ├── f54
│   │   │   ├── n10
│   │   │   └── n6
│   │   ├── f244/
│   │   ├── f58
│   │   ├── f72
│   │   ├── f99/
│   │   ├── n102
│   │   ├── n45/
│   │   │   └── n110/
│   │   └── n99
│   └── n92/
│       ├── d50
│       └── f25/
├── f124/
├── f127/
├── f129
├── f13
├── f130
├── f134
├── f135
├── f151
├── f156/
├── f159/
├── f165/
├── f170/
├── f174/
├── f177
├── f179
├── f18/
├── f182
├── f188
├── f19/
├── f195/
│   ├── d13/
│   │   ├── d13
│   │   ├── d152/
│   │   │   ├── d140
│   │   │   ├── d154/
│   │   │   ├── d18
│   │   │   ├── d232/
│   │   │   ├── d30
│   │   │   ├── d69/
│   │   │   ├── f0/
│   │   │   ├── f146/
│   │   │   ├── f17
│   │   │   ├── f181/
│   │   │   ├── f205/
│   │   │   ├── f249/
│   │   │   ├── f267
│   │   │   ├── f80
│   │   │   ├── f94
│   │   │   ├── n15
│   │   │   ├── n36
│   │   │   ├── n56/
│   │   │   │   ├── d176/
│   │   │   │   │   ├── f83/
│   │   │   │   │   └── n60
│   │   │   │   ├── d232/
│   │   │   │   ├── d57
│   │   │   │   ├── f290
│   │   │   │   └── n117
│   │   │   ├── n62
│   │   │   ├── n63/
│   │   │   ├── n82
│   │   │   └── n9/
│   │   ├── d186
│   │   ├── f122/
│   │   ├── f132/
│   │   ├── f139
│   │   ├── f15/
│   │   ├── f205/
│   │   ├── f219
│   │   ├── n74
│   │   ├── n83/
│   │   └── n90
│   ├── d55/
│   ├── f154
│   ├── f299/
│   │   └── f43
│   └── n88
├── f202/
├── f205/
├── f206
├── f21
├── f212
├── f217
├── f232/
├── f238
├── f248
├── f256/
├── f260/
├── f264
├── f272
├── f274
├── f276
├── f277
├── f28/
├── f289/
├── f290/
├── f291/
├── f299/
├── f3
├── f32
├── f36
├── f46
├── f51/
├── f59
├── f69/
├── f80
├── f85
├── f86/
├── f89/
├── f90/
├── f94/
│   ├── d127
│   ├── d156/
│   ├── d161/
│   ├── d165
│   ├── d168
│   ├── d191
│   ├── d209
│   ├── d211
│   ├── d240/
│   ├── d284/
│   ├── d60
│   ├── d63/
│   ├── d71
│   ├── f117/
│   ├── f125
│   ├── f14
│   ├── f215/
│   ├── f226/
│   │   ├── d129/
│   │   │   ├── d193
│   │   │   ├── d252
│   │   │   ├── d65
│   │   │   ├── f195
│   │   │   └── n116/
│   │   ├── d133/
│   │   │   ├── d142/
│   │   │   ├── d16/
│   │   │   │   ├── d130
│   │   │   │   ├── d138
│   │   │   │   ├── f169/
│   │   │   │   └── f191
│   │   │   ├── d175
│   │   │   ├── d99/
│   │   │   ├── f145/
│   │   │   ├── n112
│   │   │   └── n59
│   │   ├── d213
│   │   ├── d240/
│   │   ├── d256/
│   │   ├── d299/
│   │   ├── f151/
│   │   ├── f165/
│   │   ├── f186
│   │   ├── f188
│   │   ├── f232/
│   │   ├── f71
│   │   ├── f95
│   │   ├── n0
│   │   └── n87/
│   ├── f229/
│   ├── f255/
│   ├── f259
│   ├── f280/
│   │   ├── d0/
│   │   ├── d103
│   │   ├── d148
│   │   ├── d154
│   │   ├── d190/
│   │   ├── d227/
│   │   ├── d233
│   │   ├── d272/
│   │   ├── d288/
│   │   ├── d299/
│   │   ├── d30/
│   │   ├── f102/
│   │   ├── f154/
│   │   │   ├── d146/
│   │   │   └── f293
│   │   ├── f171/
│   │   │   ├── d52
│   │   │   └── f231
│   │   ├── f182
│   │   ├── f202
│   │   ├── f270
│   │   ├── f293/
│   │   ├── f294/
│   │   ├── f59/
│   │   ├── n1
│   │   ├── n101
│   │   ├── n103/
│   │   ├── n107/
│   │   │   ├── d145/
│   │   │   ├── d163/
│   │   │   ├── d196
│   │   │   ├── d283/
│   │   │   ├── d294/
│   │   │   │   ├── d53/
│   │   │   │   └── f205/
│   │   │   ├── d3
│   │   │   ├── d5
│   │   │   ├── d59
│   │   │   ├── f116
│   │   │   ├── f157
│   │   │   ├── f181/
│   │   │   ├── f221/
│   │   │   ├── f223
│   │   │   ├── f5/
│   │   │   │   ├── d144
│   │   │   │   ├── d160/
│   │   │   │   │   ├── d121
│   │   │   │   │   ├── d23
│   │   │   │   │   ├── d239
│   │   │   │   │   ├── d282/
│   │   │   │   │   ├── d82/
│   │   │   │   │   ├── f5/
│   │   │   │   │   ├── f65/
│   │   │   │   │   └── n47/
│   │   │   │   ├── d80
│   │   │   │   ├── f177/
│   │   │   │   ├── f181/
│   │   │   │   ├── f219
│   │   │   │   ├── f258/
│   │   │   │   └── f29
│   │   │   ├── f57
│   │   │   ├── f8
│   │   │   ├── n71
│   │   │   └── n90/
│   │   └── n61
│   ├── f38/
│   ├── n106/
│   ├── n116/
│   │   ├── d123/
│   │   ├── f200
│   │   └── n100
│   ├── n21/
│   ├── n40/
│   ├── n72
│   └── n99/
├── f99
├── n108/
│   ├── d196/
│   │   ├── f190/
│   │   └── n7/
│   ├── d201/
│   ├── f104/
│   ├── f151/
│   ├── f172/
│   │   ├── d149
│   │   └── d93
│   ├── f78/
│   ├── n102/
│   └── n95/
├── n16
├── n19
├── n20/
├── n29
├── n32/
├── n35
├── n46
├── n52/
├── n53/
├── n59
├── n71/
│   ├── d110/
│   ├── d242/
│   │   ├── d113/
│   │   ├── d115
│   │   ├── d125
│   │   ├── d126
│   │   ├── d139
│   │   ├── d148/
│   │   ├── d152
│   │   ├── d156
│   │   ├── d163/
│   │   ├── d194/
│   │   ├── d199
│   │   ├── d263/
│   │   ├── d36/
│   │   ├── d49
│   │   ├── d53
│   │   ├── f101
│   │   ├── f156
│   │   ├── f173/
│   │   ├── f181/
│   │   ├── f204/
│   │   │   ├── d110/
│   │   │   ├── d13
│   │   │   ├── d231
│   │   │   ├── d256/
│   │   │   │   ├── d106/
│   │   │   │   ├── d163/
│   │   │   │   └── f139
│   │   │   ├── d77/
│   │   │   ├── d78
│   │   │   ├── f123/
│   │   │   ├── f149
│   │   │   ├── f266
│   │   │   ├── f43/
│   │   │   ├── f45/
│   │   │   └── n47
│   │   ├── f22
│   │   ├── f239
│   │   ├── f246/
│   │   ├── f267
│   │   ├── f282/
│   │   ├── f45/
│   │   ├── n113/
│   │   ├── n24/
│   │   ├── n3/
│   │   │   ├── d131
│   │   │   ├── d155/
│   │   │   ├── d195
│   │   │   ├── f143
│   │   │   ├── f247/
│   │   │   ├── f31
│   │   │   └── f77/
│   │   │       ├── d243/
│   │   │       ├── d89/
│   │   │       │   ├── d170
│   │   │       │   ├── d274
│   │   │       │   └── d81/
│   │   │       │       ├── d199
│   │   │       │       ├── d99/
│   │   │       │       ├── f162
│   │   │       │       ├── n1/
│   │   │       │       └── n39
│   │   │       └── f75
│   │   ├── n30/
│   │   ├── n40
│   │   ├── n45
│   │   ├── n80/
│   │   ├── n91/
│   │   └── n94/
│   ├── f115
│   ├── f205
│   └── f77/
├── n72
├── n73
├── n75/
├── n76/
│   ├── d60/
│   ├── f121
│   ├── f145/
│   ├── f158
│   ├── f164/
│   ├── f190
│   └── f289/
│       ├── d257/
│       ├── d271/
│       ├── f250
│       └── f292
├── n85/
├── n89/
└── n91
Invalid operation
Invalid operation
Null
f46:txt:0
Invalid operation
Invalid operation
d117/
d126/
d132
d141
d153
d155
d158/
d160/
d170
d18/
d180
d182
d183/
d190/
d204
d208
d213/
d217/
d220/
d228
d237/
d241/
d248/
d258/
d26
d264/
d266
d272
d276
d295/
d3/
d32/
d53
d58
d61
d82/
d88
d90
d93
f0/
f1
f108/
f11/
f110
f115
f119/
f124/
f127/
f129
f13
f130
f134
f135
f151
f156/
f159/
f165/
f170/
f174/
f177
f179
f18/
f182
f188
f19/
f195/
f202/
f205/
f206
f21
f212
f217
f232/
f238
f248
f256/
f260/
f264
f272
f274
f276
f277
f28/
f289/
f290/
f291/
f299/
f3
f32
f36
f46
f51/
f59
f69/
f80
f85
f86/
f89/
f90/
f94/
f99
n108/
n16
n19
n20/
n29
n32/
n35
n46
n52/
n53/
n59
n71/
n72
n73
n75/
n76/
n85/
n89/
n91
/
├── d117/
├── d126/
├── d132
├── d141
├── d153
├── d155
├── d158/
├── d160/
│   ├── d135
│   ├── d144/
│   ├── d233/
│   ├── d54
│   ├── d79
│   ├── d82/
│   │   ├── d11
│   │   ├── d178
│   │   ├── d179
│   │   ├── f102
│   │   ├── f13/
│   │   ├── f249
│   │   ├── f25
│   │   ├── f33/
│   │   ├── f49
│   │   ├── f57
│   │   ├── f82
│   │   ├── n2
│   │   ├── n49/
│   │   └── n62/
│   ├── d92/
│   ├── f11
│   ├── f128/
│   ├── f209
│   ├── f275
│   ├── f288
│   ├── f58/
│   ├── f83
│   ├── n23/
│   └── n77
├── d170
├── d18/
├── d180
├── d182
├── d183/
├── d190/
├── d204
├── d208
├── d213/
├── d217/
│   ├── d118/
│   └── d174
├── d220/
│   ├── d12
│   ├── d49/
│   └── d72
├── d228
├── d237/
├── d241/
│   └── f242/
├── d248/
│   ├── d44
│   ├── f168
│   ├── f219
│   └── n33
├── d258/
├── d26
├── d264/
│   ├── d20
│   ├── d250
│   ├── d255
│   ├── d71/
│   ├── d95
│   ├── f132/
│   │   ├── d10
│   │   ├── d103/
│   │   ├── d223
│   │   ├── d260
│   │   ├── d27/
│   │   ├── d296/
│   │   ├── d298/
│   │   ├── f140
│   │   ├── f141
│   │   ├── f183/
│   │   ├── f187/
│   │   ├── f211
│   │   ├── f219
│   │   ├── f258/
│   │   ├── f263/
│   │   ├── n103
│   │   └── n42
│   ├── f133
│   ├── f153
│   ├── f245/
│   ├── f266
│   ├── f56
│   ├── n32/
│   └── n41
├── d266
├── d272
├── d276
├── d295/
├── d3/
├── d32/
│   ├── d222/
│   ├── d261/
│   ├── d42/
│   ├── f207/
│   ├── f216/
│   └── f67/
├── d53
├── d58
├── d61
├── d82/
├── d88
├── d90
├── d93
├── f0/
│   ├── d194/
│   ├── d232
│   ├── d234
│   ├── d242/
│   ├── d291/
│   ├── f11/
│   ├── f203/
│   ├── f223/
│   │   ├── d255
│   │   └── d35/
│   ├── f229
│   ├── f249/
│   ├── f283/
│   ├── f291/
│   ├── n34/
│   ├── n35
│   ├── n57/
│   │   ├── d181/
│   │   ├── d195/
│   │   │   ├── d113
│   │   │   ├── d168
│   │   │   ├── d239/
│   │   │   ├── d256
│   │   │   ├── d59/
│   │   │   └── f118/
│   │   ├── d2
│   │   ├── d244/
│   │   ├── f210
│   │   ├── f267
│   │   ├── f293/
│   │   │   ├── d39
│   │   │   └── n12
│   │   ├── f69
│   │   ├── n25
│   │   └── n31
│   ├── n65
│   ├── n86
│   └── n92/
├── f1
├── f108/
├── f11/
├── f110
├── f115
├── f119/
│   ├── d102
│   ├── d121
│   ├── d159
│   ├── d176/
│   ├── d195
│   ├── d196
│   ├── d258
│   ├── d269
│   ├── d285/
│   ├── d72/
│   ├── f189/
│   ├── f212
│   ├── f250/
│   │   ├── d140/
│   │   ├── d144/
│   │   ├── d226/
│   │   │   ├── d219/
│   │   │   ├── d258/
│   │   │   ├── f264/
│   │   │   └── f75
│   │   ├── d272/
│   │   │   ├── d200/
│   │   │   └── n113/
│   │   ├── f120/
│   │   ├── f133
│   │   ├── f135
│   │   ├── f160/
│   │   ├── f183
│   │   ├── f194/
│   │   │   └── d224
│   │   ├── f224
│   │   ├── f229/
│   │   ├── f46/
│   │   ├── f49/
│   │   ├── f50/
│   │   ├── n24
│   │   ├── n37/
│   │   ├── n4/
│   │   ├── n50
│   │   └── n68
│   ├── f63
│   ├── n1
│   ├── n35
│   ├── n68/
│   │   ├── d177
│   │   ├── d19
│   │   ├── d198/
│   │   ├── d202/
│   │   ├── d254
│   │   ├── d289
│   │   ├── d31
│   │   ├── d78
│   │   ├── d88
│   │   ├── f1
│   │   ├── f101/
│   │   ├── f17/
│   │   ├── f207/
│   │   │   ├── d220/
│   │   │   ├── d34
│   │   │   ├── d35/
│   │   │   └── f274/
│   │   │       └── d263
│   │   ├── f221
│   │   ├── f228/
│   │   ├── f237/
│   │   │   ├── d131
│   │   │   ├── d192/
│   │   │   ├── d222
│   │   │   ├── d263/
│   │   │   ├── d33
│   │   │   ├── f174/
│   │   │   ├── f279
│   │   │   ├── f40
│   │   │   ├── f54
│   │   │   ├── n10
│   │   │   └── n6
│   │   ├── f244/
│   │   ├── f58
│   │   ├── f72
│   │   ├── f99/
│   │   ├── n102
│   │   ├── n45/
│   │   │   └── n110/
│   │   └── n99
│   └── n92/
│       ├── d50
│       └── f25/
├── f124/
├── f127/
├── f129
├── f13
├── f130
├── f134
├── f135
├── f151
├── f156/
├── f159/
├── f165/
├── f170/
├── f174/
├── f177
├── f179
├── f18/
├── f182
├── f188
├── f19/
├── f195/
│   ├── d13/
│   │   ├── d13
│   │   ├── d152/
│   │   │   ├── d140
│   │   │   ├── d154/
│   │   │   ├── d18
│   │   │   ├── d232/
│   │   │   ├── d30
│   │   │   ├── d69/
│   │   │   ├── f0/
│   │   │   ├── f146/
│   │   │   ├── f17
│   │   │   ├── f181/
│   │   │   ├── f205/
│   │   │   ├── f249/
│   │   │   ├── f267
│   │   │   ├── f80
│   │   │   ├── f94
│   │   │   ├── n15
│   │   │   ├── n36
│   │   │   ├── n56/
│   │   │   │   ├── d176/
│   │   │   │   │   ├── f83/
│   │   │   │   │   └── n60
│   │   │   │   ├── d232/
│   │   │   │   ├── d57
│   │   │   │   ├── f290
│   │   │   │   └── n117
│   │   │   ├── n62
│   │   │   ├── n63/
│   │   │   ├── n82
│   │   │   └── n9/
│   │   ├── d186
│   │   ├── f122/
│   │   ├── f132/
│   │   ├── f139
│   │   ├── f15/
│   │   ├── f205/
│   │   ├── f219
│   │   ├── n74
│   │   ├── n83/
│   │   └── n90
│   ├── d55/
│   ├── f154
│   ├── f299/
│   │   └── f43
│   └── n88
├── f202/
├── f205/
├── f206
├── f21
├── f212
├── f217
├── f232/
├── f238
├── f248
├── f256/
├── f260/
├── f264
├── f272
├── f274
├── f276
├── f277
├── f28/
├── f289/
├── f290/
├── f291/
├── f299/
├── f3
├── f32
├── f36
├── f46
├── f51/
├── f59
├── f69/
├── f80
├── f85
├── f86/
├── f89/
├── f90/
├── f94/
│   ├── d127
│   ├── d156/
│   ├── d161/
│   ├── d165
│   ├── d168
│   ├── d191
│   ├── d209
│   ├── d211
│   ├── d240/
│   ├── d284/
│   ├── d60
│   ├── d63/
│   ├── d71
│   ├── f117/
│   ├── f125
│   ├── f14
│   ├── f215/
│   ├── f226/
│   │   ├── d129/
│   │   │   ├── d193
│   │   │   ├── d252
│   │   │   ├── d65
│   │   │   ├── f195
│   │   │   └── n116/
│   │   ├── d133/
│   │   │   ├── d142/
│   │   │   ├── d16/
│   │   │   │   ├── d130
│   │   │   │   ├── d138
│   │   │   │   ├── f169/
│   │   │   │   └── f191
│   │   │   ├── d175
│   │   │   ├── d99/
│   │   │   ├── f145/
│   │   │   ├── n112
│   │   │   └── n59
│   │   ├── d213
│   │   ├── d240/
│   │   ├── d256/
│   │   ├── d299/
│   │   ├── f151/
│   │   ├── f165/
│   │   ├── f186
│   │   ├── f188
│   │   ├── f232/
│   │   ├── f71
│   │   ├── f95
│   │   ├── n0
│   │   └── n87/
│   ├── f229/
│   ├── f255/
│   ├── f259
│   ├── f280/
│   │   ├── d0/
│   │   ├── d103
│   │   ├── d148
│   │   ├── d154
│   │   ├── d190/
│   │   ├── d227/
│   │   ├── d233
│   │   ├── d272/
│   │   ├── d288/
│   │   ├── d299/
│   │   ├── d30/
│   │   ├── f102/
│   │   ├── f154/
│   │   │   ├── d146/
│   │   │   └── f293
│   │   ├── f171/
│   │   │   ├── d52
│   │   │   └── f231
│   │   ├── f182
│   │   ├── f202
│   │   ├── f270
│   │   ├── f293/
│   │   ├── f294/
│   │   ├── f59/
│   │   ├── n1
│   │   ├── n101
│   │   ├── n103/
│   │   ├── n107/
│   │   │   ├── d145/
│   │   │   ├── d163/
│   │   │   ├── d196
│   │   │   ├── d283/
│   │   │   ├── d294/
│   │   │   │   ├── d53/
│   │   │   │   └── f205/
│   │   │   ├── d3
│   │   │   ├── d5
│   │   │   ├── d59
│   │   │   ├── f116
│   │   │   ├── f157
│   │   │   ├── f181/
│   │   │   ├── f221/
│   │   │   ├── f223
│   │   │   ├── f5/
│   │   │   │   ├── d144
│   │   │   │   ├── d160/
│   │   │   │   │   ├── d121
│   │   │   │   │   ├── d23
│   │   │   │   │   ├── d239
│   │   │   │   │   ├── d282/
│   │   │   │   │   ├── d82/
│   │   │   │   │   ├── f5/
│   │   │   │   │   ├── f65/
│   │   │   │   │   └── n47/
│   │   │   │   ├── d80
│   │   │   │   ├── f177/
│   │   │   │   ├── f181/
│   │   │   │   ├── f219
│   │   │   │   ├── f258/
│   │   │   │   └── f29
│   │   │   ├── f57
│   │   │   ├── f8
│   │   │   ├── n71
│   │   │   └── n90/
│   │   └── n61
│   ├── f38/
│   ├── n106/
│   ├── n116/
│   │   ├── d123/
│   │   ├── f200
│   │   └── n100
│   ├── n21/
│   ├── n40/
│   ├── n72
│   └── n99/
├── f99
├── n108/
│   ├── d196/
│   │   ├── f190/
│   │   └── n7/
│   ├── d201/
│   ├── f104/
│   ├── f151/
│   ├── f172/
│   │   ├── d149
│   │   └── d93
│   ├── f78/
│   ├── n102/
│   └── n95/
├── n16
├── n19
├── n20/
├── n29
├── n32/
├── n35
├── n46
├── n52/
├── n53/
├── n59
├── n71/
│   ├── d110/
│   ├── d242/
│   │   ├── d113/
│   │   ├── d115
│   │   ├── d125
│   │   ├── d126
│   │   ├── d139
│   │   ├── d148/
│   │   ├── d152
│   │   ├── d156
│   │   ├── d163/
│   │   ├── d194/
│   │   ├── d199
│   │   ├── d263/
│   │   ├── d36/
│   │   ├── d49
│   │   ├── d53
│   │   ├── f101
│   │   ├── f156
│   │   ├── f173/
│   │   ├── f181/
│   │   ├── f204/
│   │   │   ├── d110/
│   │   │   ├── d13
│   │   │   ├── d231
│   │   │   ├── d256/
│   │   │   │   ├── d106/
│   │   │   │   ├── d163/
│   │   │   │   └── f139
│   │   │   ├── d77/
│   │   │   ├── d78
│   │   │   ├── f123/
│   │   │   ├── f149
│   │   │   ├── f266
│   │   │   ├── f43/
│   │   │   ├── f45/
│   │   │   └── n47
│   │   ├── f22
│   │   ├── f239
│   │   ├── f246/
│   │   ├── f267
│   │   ├── f282/
│   │   ├── f45/
│   │   ├── n113/
│   │   ├── n24/
│   │   ├── n3/
│   │   │   ├── d131
│   │   │   ├── d155/
│   │   │   ├── d195
│   │   │   ├── f143
│   │   │   ├── f247/
│   │   │   ├── f31
│   │   │   └── f77/
│   │   │       ├── d243/
│   │   │       ├── d89/
│   │   │       │   ├── d170
│   │   │       │   ├── d274
│   │   │       │   └── d81/
│   │   │       │       ├── d199
│   │   │       │       ├── d99/
│   │   │       │       ├── f162
│   │   │       │       ├── n1/
│   │   │       │       └── n39
│   │   │       └── f75
│   │   ├── n30/
│   │   ├── n40
│   │   ├── n45
│   │   ├── n80/
│   │   ├── n91/
│   │   └── n94/
│   ├── f115
│   ├── f205
│   └── f77/
├── n72
├── n73
├── n75/
├── n76/
│   ├── d60/
│   ├── f121
│   ├── f145/
│   ├── f158
│   ├── f164/
│   ├── f190
│   └── f289/
│       ├── d257/
│       ├── d271/
│       ├── f250
│       └── f292
├── n85/
├── n89/
└── n91
Invalid operation
d180:4C 3D D3 CF BF 9B 44 7A A7 C6 A4 4C 22 B0 7F 73 EA 53 36 78 15 E5 E6
Invalid operation
Invalid operation
d180:22
d180:43
f248:37
f272:33
Invalid operation
Invalid operation
Invalid operation
/
├── d105/
├── d117/
├── d126/
├── d132
├── d141
├── d153
├── d155
├── d158/
├── d160/
│   ├── d135
│   ├── d144/
│   ├── d233/
│   ├── d54
│   ├── d79
│   ├── d82/
│   │   ├── d11
│   │   ├── d178
│   │   ├── d179
│   │   ├── f102
│   │   ├── f13/
│   │   ├── f249
│   │   ├── f25
│   │   ├── f33/
│   │   ├── f49
│   │   ├── f57
│   │   ├── f82
│   │   ├── n2
│   │   ├── n49/
│   │   └── n62/
│   ├── d92/
│   ├── f11
│   ├── f128/
│   ├── f209
│   ├── f275
│   ├── f288
│   ├── f58/
│   ├── f83
│   ├── n23/
│   └── n77
├── d170
├── d18/
├── d180
├── d182
├── d183/
├── d190/
├── d204
├── d208
├── d213/
├── d217/
│   ├── d118/
│   └── d174
├── d220/
│   ├── d12
│   ├── d49/
│   └── d72
├── d228
├── d237/
├── d241/
│   └── f242/
├── d248/
│   ├── d44
│   ├── f168
│   ├── f219
│   └── n33
├── d258/
├── d26
├── d264/
│   ├── d20
│   ├── d250
│   ├── d255
│   ├── d71/
│   ├── d95
│   ├── f132/
│   │   ├── d10
│   │   ├── d103/
│   │   ├── d223
│   │   ├── d260
│   │   ├── d27/
│   │   ├── d296/
│   │   ├── d298/
│   │   ├── f140
│   │   ├── f141
│   │   ├── f183/
│   │   ├── f187/
│   │   ├── f211
│   │   ├── f219
│   │   ├── f258/
│   │   ├── f263/
│   │   ├── n103
│   │   └── n42
│   ├── f133
│   ├── f153
│   ├── f245/
│   ├── f266
│   ├── f56
│   ├── n32/
│   └── n41
├── d266
├── d272
├── d276
├── d295/
├── d3/
├── d32/
│   ├── d222/
│   ├── d261/
│   ├── d42/
│   ├── f207/
│   ├── f216/
│   └── f67/
├── d53
├── d58
├── d61
├── d82/
├── d88
├── d90
├── d93
├── f0/
│   ├── d194/
│   ├── d232
│   ├── d234
│   ├── d242/
│   ├── d291/
│   ├── f11/
│   ├── f203/
│   ├── f223/
│   │   ├── d255
│   │   └── d35/
│   ├── f229
│   ├── f249/
│   ├── f283/
│   ├── f291/
│   ├── n34/
│   ├── n35
│   ├── n57/
│   │   ├── d181/
│   │   ├── d195/
│   │   │   ├── d113
│   │   │   ├── d168
│   │   │   ├── d239/
│   │   │   ├── d256
│   │   │   ├── d59/
│   │   │   └── f118/
│   │   ├── d2
│   │   ├── d244/
│   │   ├── f210
│   │   ├── f267
│   │   ├── f293/
│   │   │   ├── d39
│   │   │   └── n12
│   │   ├── f69
│   │   ├── n25
│   │   └── n31
│   ├── n65
│   ├── n86
│   └── n92/
├── f1
├── f108/
├── f11/
├── f110
├── f115
├── f119/
│   ├── d102
│   ├── d121
│   ├── d159
│   ├── d176/
│   ├── d195
│   ├── d196
│   ├── d258
│   ├── d269
│   ├── d285/
│   ├── d72/
│   ├── f189/
│   ├── f212
│   ├── f250/
│   │   ├── d140/
│   │   ├── d144/
│   │   ├── d226/
│   │   │   ├── d219/
│   │   │   ├── d258/
│   │   │   ├── f264/
│   │   │   └── f75
│   │   ├── d272/
│   │   │   ├── d200/
│   │   │   └── n113/
│   │   ├── f120/
│   │   ├── f133
│   │   ├── f135
│   │   ├── f160/
│   │   ├── f183
│   │   ├── f194/
│   │   │   └── d224
│   │   ├── f224
│   │   ├── f229/
│   │   ├── f46/
│   │   ├── f49/
│   │   ├── f50/
│   │   ├── n24
│   │   ├── n37/
│   │   ├── n4/
│   │   ├── n50
│   │   └── n68
│   ├── f63
│   ├── n1
│   ├── n35
│   ├── n68/
│   │   ├── d177
│   │   ├── d19
│   │   ├── d198/
│   │   ├── d202/
│   │   ├── d254
│   │   ├── d289
│   │   ├── d31
│   │   ├── d78
│   │   ├── d88
│   │   ├── f1
│   │   ├── f101/
│   │   ├── f17/
│   │   ├── f207/
│   │   │   ├── d220/
│   │   │   ├── d34
│   │   │   ├── d35/
│   │   │   └── f274/
│   │   │       └── d263
│   │   ├── f221
│   │   ├── f228/
│   │   ├── f237/
│   │   │   ├── d131
│   │   │   ├── d192/
│   │   │   ├── d222
│   │   │   ├── d263/
│   │   │   ├── d33
│   │   │   ├── f174/
│   │   │   ├── f279
│   │   │   ├── f40
│   │   │   ├── f54
│   │   │   ├── n10
│   │   │   └── n6
│   │   ├── f244/
│   │   ├── f58
│   │   ├── f72
│   │   ├── f99/
│   │   ├── n102
│   │   ├── n45/
│   │   │   └── n110/
│   │   └── n99
│   └── n92/
│       ├── d50
│       └── f25/
├── f124/
├── f127/
├── f129
├── f13
├── f130
├── f134
├── f135
├── f151
├── f156/
├── f159/
├── f165/
├── f170/
├── f174/
├── f177
├── f179
├── f18/
├── f182
├── f188
├── f19/
├── f195/
│   ├── d13/
│   │   ├── d13
│   │   ├── d152/
│   │   │   ├── d140
│   │   │   ├── d154/
│   │   │   ├── d18
│   │   │   ├── d232/
│   │   │   ├── d30
│   │   │   ├── d69/
│   │   │   ├── f0/
│   │   │   ├── f146/
│   │   │   ├── f17
│   │   │   ├── f181/
│   │   │   ├── f205/
│   │   │   ├── f249/
│   │   │   ├── f267
│   │   │   ├── f80
│   │   │   ├── f94
│   │   │   ├── n15
│   │   │   ├── n36
│   │   │   ├── n56/
│   │   │   │   ├── d176/
│   │   │   │   │   ├── f83/
│   │   │   │   │   └── n60
│   │   │   │   ├── d232/
│   │   │   │   ├── d57
│   │   │   │   ├── f290
│   │   │   │   └── n117
│   │   │   ├── n62
│   │   │   ├── n63/
│   │   │   ├── n82
│   │   │   └── n9/
│   │   ├── d186
│   │   ├── f122/
│   │   ├── f132/
│   │   ├── f139
│   │   ├── f15/
│   │   ├── f205/
│   │   ├── f219
│   │   ├── n74
│   │   ├── n83/
│   │   └── n90
│   ├── d55/
│   ├── f154
│   ├── f299/
│   │   └── f43
│   └── n88
├── f202/
├── f205/
├── f206
├── f21
├── f212
├── f217
├── f232/
├── f238
├── f248
├── f256/
├── f260/
├── f264
├── f272
├── f274
├── f276
├── f277
├── f28/
├── f289/
├── f290/
├── f291/
├── f299/
├── f3
├── f32
├── f36
├── f46
├── f51/
├── f59
├── f69/
├── f80
├── f85
├── f86/
├── f89/
├── f90/
├── f94/
│   ├── d127
│   ├── d156/
│   ├── d161/
│   ├── d165
│   ├── d168
│   ├── d191
│   ├── d209
│   ├── d211
│   ├── d240/
│   ├── d284/
│   ├── d60
│   ├── d63/
│   ├── d71
│   ├── f117/
│   ├── f125
│   ├── f14
│   ├── f215/
│   ├── f226/
│   │   ├── d129/
│   │   │   ├── d193
│   │   │   ├── d252
│   │   │   ├── d65
│   │   │   ├── f195
│   │   │   └── n116/
│   │   ├── d133/
│   │   │   ├── d142/
│   │   │   ├── d16/
│   │   │   │   ├── d130
│   │   │   │   ├── d138
│   │   │   │   ├── f169/
│   │   │   │   └── f191
│   │   │   ├── d175
│   │   │   ├── d99/
│   │   │   ├── f145/
│   │   │   ├── n112
│   │   │   └── n59
│   │   ├── d213
│   │   ├── d240/
│   │   ├── d256/
│   │   ├── d299/
│   │   ├── f151/
│   │   ├── f165/
│   │   ├── f186
│   │   ├── f188
│   │   ├── f232/
│   │   ├── f71
│   │   ├── f95
│   │   ├── n0
│   │   └── n87/
│   ├── f229/
│   ├── f255/
│   ├── f259
│   ├── f280/
│   │   ├── d0/
│   │   ├── d103
│   │   ├── d148
│   │   ├── d154
│   │   ├── d190/
│   │   ├── d227/
│   │   ├── d233
│   │   ├── d272/
│   │   ├── d288/
│   │   ├── d299/
│   │   ├── d30/
│   │   ├── f102/
│   │   ├── f154/
│   │   │   ├── d146/
│   │   │   └── f293
│   │   ├── f171/
│   │   │   ├── d52
│   │   │   └── f231
│   │   ├── f182
│   │   ├── f202
│   │   ├── f270
│   │   ├── f293/
│   │   ├── f294/
│   │   ├── f59/
│   │   ├── n1
│   │   ├── n101
│   │   ├── n103/
│   │   ├── n107/
│   │   │   ├── d145/
│   │   │   ├── d163/
│   │   │   ├── d196
│   │   │   ├── d283/
│   │   │   ├── d294/
│   │   │   │   ├── d53/
│   │   │   │   └── f205/
│   │   │   ├── d3
│   │   │   ├── d5
│   │   │   ├── d59
│   │   │   ├── f116
│   │   │   ├── f157
│   │   │   ├── f181/
│   │   │   ├── f221/
│   │   │   ├── f223
│   │   │   ├── f5/
│   │   │   │   ├── d144
│   │   │   │   ├── d160/
│   │   │   │   │   ├── d121
│   │   │   │   │   ├── d23
│   │   │   │   │   ├── d239
│   │   │   │   │   ├── d282/
│   │   │   │   │   ├── d82/
│   │   │   │   │   ├── f5/
│   │   │   │   │   ├── f65/
│   │   │   │   │   └── n47/
│   │   │   │   ├── d80
│   │   │   │   ├── f177/
│   │   │   │   ├── f181/
│   │   │   │   ├── f219
│   │   │   │   ├── f258/
│   │   │   │   └── f29
│   │   │   ├── f57
│   │   │   ├── f8
│   │   │   ├── n71
│   │   │   └── n90/
│   │   └── n61
│   ├── f38/
│   ├── n106/
│   ├── n116/
│   │   ├── d123/
│   │   ├── f200
│   │   └── n100
│   ├── n21/
│   ├── n40/
│   ├── n72
│   └── n99/
├── f99
├── n108/
│   ├── d196/
│   │   ├── f190/
│   │   └── n7/
│   ├── d201/
│   ├── f104/
│   ├── f151/
│   ├── f172/
│   │   ├── d149
│   │   └── d93
│   ├── f78/
│   ├── n102/
│   └── n95/
├── n16
├── n19
├── n20/
├── n29
├── n32/
├── n35
├── n46
├── n52/
├── n53/
├── n59
├── n71/
│   ├── d110/
│   ├── d242/
│   │   ├── d113/
│   │   ├── d115
│   │   ├── d125
│   │   ├── d126
│   │   ├── d139
│   │   ├── d148/
│   │   ├── d152
│   │   ├── d156
│   │   ├── d163/
│   │   ├── d194/
│   │   ├── d199
│   │   ├── d263/
│   │   ├── d36/
│   │   ├── d49
│   │   ├── d53
│   │   ├── f101
│   │   ├── f156
│   │   ├── f173/
│   │   ├── f181/
│   │   ├── f204/
│   │   │   ├── d110/
│   │   │   ├── d13
│   │   │   ├── d231
│   │   │   ├── d256/
│   │   │   │   ├── d106/
│   │   │   │   ├── d163/
│   │   │   │   └── f139
│   │   │   ├── d77/
│   │   │   ├── d78
│   │   │   ├── f123/
│   │   │   ├── f149
│   │   │   ├── f266
│   │   │   ├── f43/
│   │   │   ├── f45/
│   │   │   └── n47
│   │   ├── f22
│   │   ├── f239
│   │   ├── f246/
│   │   ├── f267
│   │   ├── f282/
│   │   ├── f45/
│   │   ├── n113/
│   │   ├── n24/
│   │   ├── n3/
│   │   │   ├── d131
│   │   │   ├── d155/
│   │   │   ├── d195
│   │   │   ├── f143
│   │   │   ├── f247/
│   │   │   ├── f31
│   │   │   └── f77/
│   │   │       ├── d243/
│   │   │       ├── d89/
│   │   │       │   ├── d170
│   │   │       │   ├── d274
│   │   │       │   └── d81/
│   │   │       │       ├── d199
│   │   │       │       ├── d99/
│   │   │       │       ├── f162
│   │   │       │       ├── n1/
│   │   │       │       └── n39
│   │   │       └── f75
│   │   ├── n30/
│   │   ├── n40
│   │   ├── n45
│   │   ├── n80/
│   │   ├── n91/
│   │   └── n94/
│   ├── f115
│   ├── f205
│   └── f77/
├── n72
├── n73
├── n75/
├── n76/
│   ├── d60/
│   ├── f121
│   ├── f145/
│   ├── f158
│   ├── f164/
│   ├── f190
│   └── f289/
│       ├── d257/
│       ├── d271/
│       ├── f250
│       └── f292
├── n85/
├── n89/
└── n91
d180:44
f248:37
f272:33
f151:28
f1:24
d153:17
d93:17
f188:17
d180:E6 DD 00 00 38 4D
d180:3D D3 CF BF 9B 44 7A A7 C6 A4 4C 22 B0 7F 73 EA 53 36 78 15 E5 E6 DD 00 00
Invalid operation
Invalid operation
Invalid operation
Invalid operation
/
├── d104/
├── d117/
├── d126/
├── d132
├── d141
├── d153
├── d155
├── d158/
├── d160/
│   ├── d135
│   ├── d144/
│   ├── d233/
│   ├── d54
│   ├── d79
│   ├── d82/
│   │   ├── d11
│   │   ├── d178
│   │   ├── d179
│   │   ├── f102
│   │   ├── f13/
│   │   ├── f249
│   │   ├── f25
│   │   ├── f33/
│   │   ├── f49
│   │   ├── f57
│   │   ├── f82
│   │   ├── n2
│   │   ├── n49/
│   │   └── n62/
│   ├── d92/
│   ├── f11
│   ├── f128/
│   ├── f209
│   ├── f275
│   ├── f288
│   ├── f58/
│   ├── f83
│   ├── n23/
│   └── n77
├── d163/
├── d170
├── d18/
├── d180
├── d182
├── d183/
├── d190/
├── d204
├── d208
├── d213/
├── d217/
│   ├── d118/
│   └── d174
├── d220/
│   ├── d12
│   ├── d49/
│   └── d72
├── d228
├── d229
├── d237/
├── d241/
│   └── f242/
├── d248/
│   ├── d44
│   ├── f168
│   ├── f219
│   └── n33
├── d258/
├── d26
├── d264/
│   ├── d20
│   ├── d250
│   ├── d255
│   ├── d71/
│   ├── d95
│   ├── f132/
│   │   ├── d10
│   │   ├── d103/
│   │   ├── d223
│   │   ├── d260
│   │   ├── d27/
│   │   ├── d296/
│   │   ├── d298/
│   │   ├── f140
│   │   ├── f141
│   │   ├── f183/
│   │   ├── f187/
│   │   ├── f211
│   │   ├── f219
│   │   ├── f258/
│   │   ├── f263/
│   │   ├── n103
│   │   └── n42
│   ├── f133
│   ├── f153
│   ├── f245/
│   ├── f266
│   ├── f56
│   ├── n32/
│   └── n41
├── d266
├── d272
├── d276
├── d295/
├── d3/
├── d32/
│   ├── d222/
│   ├── d261/
│   ├── d42/
│   ├── f207/
│   ├── f216/
│   └── f67/
├── d45/
├── d53
├── d58
├── d61
├── d82/
├── d88
├── d90
├── d93
├── f0/
│   ├── d194/
│   ├── d232
│   ├── d234
│   ├── d242/
│   ├── d291/
│   ├── f11/
│   ├── f203/
│   ├── f223/
│   │   ├── d255
│   │   └── d35/
│   ├── f229
│   ├── f249/
│   ├── f283/
│   ├── f291/
│   ├── n34/
│   ├── n35
│   ├── n57/
│   │   ├── d181/
│   │   ├── d195/
│   │   │   ├── d113
│   │   │   ├── d168
│   │   │   ├── d239/
│   │   │   ├── d256
│   │   │   ├── d59/
│   │   │   └── f118/
│   │   ├── d2
│   │   ├── d244/
│   │   ├── f210
│   │   ├── f267
│   │   ├── f293/
│   │   │   ├── d39
│   │   │   └── n12
│   │   ├── f69
│   │   ├── n25
│   │   └── n31
│   ├── n65
│   ├── n86
│   └── n92/
├── f1
├── f108/
├── f11/
├── f110
├── f115
├── f119/
│   ├── d102
│   ├── d121
│   ├── d159
│   ├── d176/
│   ├── d195
│   ├── d196
│   ├── d258
│   ├── d269
│   ├── d285/
│   ├── d72/
│   ├── f189/
│   ├── f212
│   ├── f250/
│   │   ├── d140/
│   │   ├── d144/
│   │   ├── d226/
│   │   │   ├── d219/
│   │   │   ├── d258/
│   │   │   ├── f264/
│   │   │   └── f75
│   │   ├── d272/
│   │   │   ├── d200/
│   │   │   └── n113/
│   │   ├── f120/
│   │   ├── f133
│   │   ├── f135
│   │   ├── f160/
│   │   ├── f183
│   │   ├── f194/
│   │   │   └── d224
│   │   ├── f224
│   │   ├── f229/
│   │   ├── f46/
│   │   ├── f49/
│   │   ├── f50/
│   │   ├── n24
│   │   ├── n37/
│   │   ├── n4/
│   │   ├── n50
│   │   └── n68
│   ├── f63
│   ├── n1
│   ├── n35
│   ├── n68/
│   │   ├── d177
│   │   ├── d19
│   │   ├── d198/
│   │   ├── d202/
│   │   ├── d254
│   │   ├── d289
│   │   ├── d31
│   │   ├── d78
│   │   ├── d88
│   │   ├── f1
│   │   ├── f101/
│   │   ├── f17/
│   │   ├── f207/
│   │   │   ├── d220/
│   │   │   ├── d34
│   │   │   ├── d35/
│   │   │   └── f274/
│   │   │       └── d263
│   │   ├── f221
│   │   ├── f228/
│   │   ├── f237/
│   │   │   ├── d131
│   │   │   ├── d192/
│   │   │   ├── d222
│   │   │   ├── d263/
│   │   │   ├── d33
│   │   │   ├── f174/
│   │   │   ├── f279
│   │   │   ├── f40
│   │   │   ├── f54
│   │   │   ├── n10
│   │   │   └── n6
│   │   ├── f244/
│   │   ├── f58
│   │   ├── f72
│   │   ├── f99/
│   │   ├── n102
│   │   ├── n45/
│   │   │   └── n110/
│   │   └── n99
│   └── n92/
│       ├── d50
│       └── f25/
├── f124/
├── f127/
├── f129
├── f13
├── f130
├── f134
├── f135
├── f151
├── f156/
├── f159/
├── f165/
├── f170/
├── f174/
├── f177
├── f179
├── f18/
├── f182
├── f188
├── f19/
├── f195/
│   ├── d13/
│   │   ├── d13
│   │   ├── d152/
│   │   │   ├── d140
│   │   │   ├── d154/
│   │   │   ├── d18
│   │   │   ├── d232/
│   │   │   ├── d30
│   │   │   ├── d69/
│   │   │   ├── f0/
│   │   │   ├── f146/
│   │   │   ├── f17
│   │   │   ├── f181/
│   │   │   ├── f205/
│   │   │   ├── f249/
│   │   │   ├── f267
│   │   │   ├── f80
│   │   │   ├── f94
│   │   │   ├── n15
│   │   │   ├── n36
│   │   │   ├── n56/
│   │   │   │   ├── d176/
│   │   │   │   │   ├── f83/
│   │   │   │   │   └── n60
│   │   │   │   ├── d232/
│   │   │   │   ├── d57
│   │   │   │   ├── f290
│   │   │   │   └── n117
│   │   │   ├── n62
│   │   │   ├── n63/
│   │   │   ├── n82
│   │   │   └── n9/
│   │   ├── d186
│   │   ├── f122/
│   │   ├── f132/
│   │   ├── f139
│   │   ├── f15/
│   │   ├── f205/
│   │   ├── f219
│   │   ├── n74
│   │   ├── n83/
│   │   └── n90
│   ├── d55/
│   ├── f154
│   ├── f299/
│   │   └── f43
│   └── n88
├── f202/
├── f205/
├── f206
├── f21
├── f212
├── f217
├── f232/
├── f238
├── f248
├── f256/
├── f260/
├── f264
├── f272
├── f274
├── f276
├── f277
├── f28/
├── f289/
├── f290/
├── f291/
├── f299/
├── f3
├── f32
├── f36
├── f46
├── f51/
├── f59
├── f69/
├── f80
├── f85
├── f86/
├── f89/
├── f90/
├── f94/
│   ├── d127
│   ├── d156/
│   ├── d161/
│   ├── d165
│   ├── d168
│   ├── d191
│   ├── d209
│   ├── d211
│   ├── d240/
│   ├── d284/
│   ├── d60
│   ├── d63/
│   ├── d71
│   ├── f117/
│   ├── f125
│   ├── f14
│   ├── f215/
│   ├── f226/
│   │   ├── d129/
│   │   │   ├── d193
│   │   │   ├── d252
│   │   │   ├── d65
│   │   │   ├── f195
│   │   │   └── n116/
│   │   ├── d133/
│   │   │   ├── d142/
│   │   │   ├── d16/
│   │   │   │   ├── d130
│   │   │   │   ├── d138
│   │   │   │   ├── f169/
│   │   │   │   └── f191
│   │   │   ├── d175
│   │   │   ├── d99/
│   │   │   ├── f145/
│   │   │   ├── n112
│   │   │   └── n59
│   │   ├── d213
│   │   ├── d240/
│   │   ├── d256/
│   │   ├── d299/
│   │   ├── f151/
│   │   ├── f165/
│   │   ├── f186
│   │   ├── f188
│   │   ├── f232/
│   │   ├── f71
│   │   ├── f95
│   │   ├── n0
│   │   └── n87/
│   ├── f229/
│   ├── f255/
│   ├── f259
│   ├── f280/
│   │   ├── d0/
│   │   ├── d103
│   │   ├── d148
│   │   ├── d154
│   │   ├── d190/
│   │   ├── d227/
│   │   ├── d233
│   │   ├── d272/
│   │   ├── d288/
│   │   ├── d299/
│   │   ├── d30/
│   │   ├── f102/
│   │   ├── f154/
│   │   │   ├── d146/
│   │   │   └── f293
│   │   ├── f171/
│   │   │   ├── d52
│   │   │   └── f231
│   │   ├── f182
│   │   ├── f202
│   │   ├── f270
│   │   ├── f293/
│   │   ├── f294/
│   │   ├── f59/
│   │   ├── n1
│   │   ├── n101
│   │   ├── n103/
│   │   ├── n107/
│   │   │   ├── d145/
│   │   │   ├── d163/
│   │   │   ├── d196
│   │   │   ├── d283/
│   │   │   ├── d294/
│   │   │   │   ├── d53/
│   │   │   │   └── f205/
│   │   │   ├── d3
│   │   │   ├── d5
│   │   │   ├── d59
│   │   │   ├── f116
│   │   │   ├── f157
│   │   │   ├── f181/
│   │   │   ├── f221/
│   │   │   ├── f223
│   │   │   ├── f5/
│   │   │   │   ├── d144
│   │   │   │   ├── d160/
│   │   │   │   │   ├── d121
│   │   │   │   │   ├── d23
│   │   │   │   │   ├── d239
│   │   │   │   │   ├── d282/
│   │   │   │   │   ├── d82/
│   │   │   │   │   ├── f5/
│   │   │   │   │   ├── f65/
│   │   │   │   │   └── n47/
│   │   │   │   ├── d80
│   │   │   │   ├── f177/
│   │   │   │   ├── f181/
│   │   │   │   ├── f219
│   │   │   │   ├── f258/
│   │   │   │   └── f29
│   │   │   ├── f57
│   │   │   ├── f8
│   │   │   ├── n71
│   │   │   └── n90/
│   │   └── n61
│   ├── f38/
│   ├── n106/
│   ├── n116/
│   │   ├── d123/
│   │   ├── f200
│   │   └── n100
│   ├── n21/
│   ├── n40/
│   ├── n72
│   └── n99/
├── f99
├── n108/
│   ├── d196/
│   │   ├── f190/
│   │   └── n7/
│   ├── d201/
│   ├── f104/
│   ├── f151/
│   ├── f172/
│   │   ├── d149
│   │   └── d93
│   ├── f78/
│   ├── n102/
│   └── n95/
├── n16
├── n19
├── n20/
├── n29
├── n32/
├── n35
├── n46
├── n52/
├── n53/
├── n59
├── n71/
│   ├── d110/
│   ├── d242/
│   │   ├── d113/
│   │   ├── d115
│   │   ├── d125
│   │   ├── d126
│   │   ├── d139
│   │   ├── d148/
│   │   ├── d152
│   │   ├── d156
│   │   ├── d163/
│   │   ├── d194/
│   │   ├── d199
│   │   ├── d263/
│   │   ├── d36/
│   │   ├── d49
│   │   ├── d53
│   │   ├── f101
│   │   ├── f156
│   │   ├── f173/
│   │   ├── f181/
│   │   ├── f204/
│   │   │   ├── d110/
│   │   │   ├── d13
│   │   │   ├── d231
│   │   │   ├── d256/
│   │   │   │   ├── d106/
│   │   │   │   ├── d163/
│   │   │   │   └── f139
│   │   │   ├── d77/
│   │   │   ├── d78
│   │   │   ├── f123/
│   │   │   ├── f149
│   │   │   ├── f266
│   │   │   ├── f43/
│   │   │   ├── f45/
│   │   │   └── n47
│   │   ├── f22
│   │   ├── f239
│   │   ├── f246/
│   │   ├── f267
│   │   ├── f282/
│   │   ├── f45/
│   │   ├── n113/
│   │   ├── n24/
│   │   ├── n3/
│   │   │   ├── d131
│   │   │   ├── d155/
│   │   │   ├── d195
│   │   │   ├── f143
│   │   │   ├── f247/
│   │   │   ├── f31
│   │   │   └── f77/
│   │   │       ├── d243/
│   │   │       ├── d89/
│   │   │       │   ├── d170
│   │   │       │   ├── d274
│   │   │       │   └── d81/
│   │   │       │       ├── d199
│   │   │       │       ├── d99/
│   │   │       │       ├── f162
│   │   │       │       ├── n1/
│   │   │       │       └── n39
│   │   │       └── f75
│   │   ├── n30/
│   │   ├── n40
│   │   ├── n45
│   │   ├── n80/
│   │   ├── n91/
│   │   └── n94/
│   ├── f115
│   ├── f205
│   └── f77/
├── n72
├── n73
├── n75/
├── n76/
│   ├── d60/
│   ├── f121
│   ├── f145/
│   ├── f158
│   ├── f164/
│   ├── f190
│   └── f289/
│       ├── d257/
│       ├── d271/
│       ├── f250
│       └── f292
├── n85/
├── n89/
└── n91
Invalid operation
Invalid operation
Invalid operation
Invalid operation
f3:tpe6ql.683.p6
Invalid operation
Invalid operation
d117/
d126/
d132
d141
d153
d155
d158/
d160/
d163/
d170
d18/
d180
d182
d183/
d190/
d204
d208
d213/
d217/
d220/
d228
d229
d237/
d241/
d248/
d258/
d26
d264/
d266
d272
d276
d295/
d3/
d32/
d45/
d53
d58
d61
d82/
d88
d90
d93
f0/
f1
f108/
f11/
f110
f115
f119/
f124/
f127/
f129
f13
f130
f134
f135
f143/
f151
f156/
f159/
f165/
f170/
f174/
f177
f179
f18/
f182
f188
f19/
f195/
f202/
f205/
f206
f21
f212
f217
f232/
f238
f248
f256/
f260/
f264
f271
f272
f274
f276
f277
f28/
f289/
f290/
f291/
f299/
f3
f32
f36
f46
f51/
f59
f69/
f80
f85
f86/
f89/
f90/
f94/
f99
n108/
n16
n19
n20/
n29
n32/
n35
n46
n52/
n53/
n59
n71/
n72
n73
n75/
n76/
n85/
n89/
n91
Invalid operation
d180:47
f248:37
f272:33
d180:73 27 AB B8 A5
Invalid operation
d180:bin:47
d180:bin:47
Invalid operation
Invalid operation
d117/
d126/
d132
d141
d153
d155
d158/
d160/
d163/
d170
d18/
d182
d183/
d190/
d204
d206
d208
d213/
d220/
d228
d229
d237/
d241/
d248/
d258/
d26
d264/
d266
d272
d276
d295/
d3/
d32/
d45/
d53
d58
d61
d82/
d88
d90
d93
f0/
f1
f108/
f11/
f110
f115
f119/
f124/
f127/
f129
f13
f130
f134
f135
f143/
f151
f156/
f159/
f165/
f170/
f174/
f177
f179
f18/
f182
f188
f19/
f195/
f202/
f205/
f206
f21
f212
f217
f232/
f238
f248
f256/
f260/
f264
f271
f272
f274
f276
f277
f28/
f289/
f290/
f291/
f297/
f299/
f3
f32
f36
f46
f51/
f59
f69/
f80
f85
f86/
f89/
f90/
f94/
f99
n108/
n16
n19
n20/
n29
n32/
n35
n46
n52/
n53/
n59
n6/
n71/
n72
n73
n75/
n76/
n85/
n89/
n91
f248:37
f272:33
f151:28
f1:24
d153:17
d93:17
f188:17
Invalid operation
d117/
d126/
d132
d141
d153
d155
d158/
d160/
d163/
d170
d18/
d182
d183/
d190/
d204
d206
d208
d213/
d220/
d228
d229
d237/
d241/
d248/
d258/
d26
d264/
d266
d272
d276
d295/
d3/
d32/
d45/
d53
d58
d61
d82/
d88
d90
d93
f0/
f1
f108/
f11/
f110
f115
f119/
f124/
f127/
f129
f13
f130
f134
f135
f143/
f151
f156/
f159/
f165/
f170/
f174/
f177
f179
f18/
f182
f188
f19/
f195/
f202/
f205/
f206
f21
f212
f217
f232/
f238
f248
f256/
f260/
f264
f271
f272
f274
f276
f277
f28/
f289/
f290/
f291/
f297/
f299/
f3
f32
f36
f46
f51/
f59
f69/
f80
f85
f86/
f89/
f90/
f94/
f99
n108/
n16
n19
n20/
n29
n32/
n35
n46
n52/
n53/
n59
n6/
n71/
n72
n73
n75/
n76/
n85/
n89/
n91
Invalid operation
d117/
d126/
d132
d141
d153
d155
d158/
d160/
d163/
d170
d18/
d180
d182
d183/
d190/
d204
d206
d208
d213/
d220/
d229
d237/
d241/
d248/
d258/
d26
d264/
d266
d272
d276
d295/
d3/
d32/
d45/
d53
d58
d61
d82/
d88
d90
d93
f0/
f1
f108/
f11/
f110
f115
f119/
f124/
f127/
f129
f13
f130
f134
f135
f143/
f151
f156/
f159/
f165/
f170/
f174/
f177
f179
f18/
f182
f188
f19/
f195/
f202/
f205/
f206
f21
f212
f217
f232/
f238
f248
f256/
f260/
f264
f271
f272
f274
f276
f277
f28/
f289/
f290/
f291/
f297/
f299/
f3
f32
f36
f46
f51/
f59
f69/
f80
f85
f86/
f89/
f90/
f94/
f99
n108/
n16
n19
n20/
n29
n32/
n35
n46
n52/
n53/
n59
n6/
n71/
n72
n73
n75/
n76/
n85/
n89/
n91
Invalid operation
d180:47
f248:37
f272:33
f151:28
Invalid operation
Invalid operation
Null
f94:dir:0
Invalid operation
Invalid operation
d117/
d126/
d132
d141
d153
d155
d158/
d160/
d163/
d170
d18/
d180
d182
d183/
d190/
d204
d206
d208
d213/
d220/
d229
d237/
d241/
d248/
d258/
d26
d264/
d266
d272
d276
d295/
d3/
d32/
d45/
d53
d58
d61
d82/
d88
d90
d93
f0/
f1
f108/
f11/
f110
f115
f119/
f124/
f127/
f129
f13
f130
f134
f135
f143/
f151
f156/
f159/
f165/
f170/
f174/
f177
f179
f18/
f182
f188
f19/
f195/
f202/
f205/
f206
f21
f212
f217
f232/
f238
f248
f256/
f260/
f264
f272
f274
f276
f277
f28/
f289/
f290/
f291/
f297/
f299/
f3
f32
f36
f46
f51/
f59
f69/
f80
f85
f86/
f89/
f90/
f94/
f99
n108/
n16
n19
n20/
n29
n32/
n35
n46
n52/
n59
n6/
n71/
n72
n73
n75/
n76/
n85/
n89/
n91
d117/
d126/
d132
d141
d153
d155
d158/
d160/
d163/
d170
d18/
d180
d182
d183/
d190/
d204
d206
d208
d213/
d220/
d229
d237/
d241/
d248/
d258/
d26
d264/
d266
d272
d276
d295/
d3/
d32/
d45/
d53
d58
d61
d82/
d88
d90
d93
f0/
f1
f108/
f11/
f110
f115
f119/
f124/
f127/
f129
f13
f130
f134
f135
f143/
f151
f156/
f159/
f165/
f170/
f174/
f177
f179
f18/
f182
f188
f19/
f195/
f202/
f205/
f206
f21
f212
f217
f232/
f238
f248
f256/
f260/
f264
f272
f274
f276
f277
f28/
f289/
f290/
f291/
f297/
f299/
f3
f32
f36
f46
f51/
f59
f69/
f80
f85
f86/
f89/
f90/
f94/
f99
n108/
n16
n19
n20/
n29
n32/
n35
n46
n52/
n59
n6/
n71/
n72
n73
n75/
n76/
n85/
n89/
n91
d117/
d126/
d132
d141
d153
d155
d158/
d160/
d163/
d170
d18/
d180
d182
d183/
d190/
d204
d206
d208
d213/
d220/
d229
d237/
d241/
d248/
d258/
d26
d264/
d266
d272
d276
d295/
d3/
d32/
d45/
d53
d58
d61
d82/
d88
d90
d93
f0/
f1
f108/
f11/
f110
f115
f119/
f124/
f127/
f129
f13
f130
f134
f135
f143/
f151
f156/
f159/
f165/
f170/
f174/
f177
f179
f18/
f182
f188
f19/
f195/
f202/
f205/
f206
f21
f212
f217
f232/
f238
f248
f256/
f260/
f264
f272
f274
f276
f277
f28/
f289/
f290/
f291/
f297/
f299/
f3
f32
f36
f46
f51/
f59
f69/
f80
f85
f86/
f89/
f90/
f94/
f99
n108/
n16
n19
n20/
n29
n32/
n35
n46
n52/
n59
n6/
n71/
n72
n73
n75/
n76/
n85/
n89/
n91
d117/
d126/
d132
d138/
d141
d153
d155
d158/
d160/
d163/
d170
d18/
d180
d182
d183/
d190/
d204
d206
d208
d213/
d220/
d229
d237/
d241/
d248/
d258/
d26
d264/
d266
d272
d276
d295/
d3/
d32/
d45/
d53
d58
d61
d82/
d88
d90
d93
f0/
f1
f108/
f11/
f110
f115
f119/
f124/
f127/
f129
f13
f130
f134
f135
f143/
f151
f156/
f159/
f165/
f170/
f174/
f177
f179
f18/
f182
f188
f19/
f195/
f202/
f205/
f206
f21
f212
f217
f232/
f238
f248
f256/
f260/
f264
f272
f274
f276
f277
f28/
f289/
f290/
f291/
f297/
f299/
f3
f32
f36
f46
f51/
f59
f69/
f80
f85
f86/
f89/
f90/
f94/
f99
n108/
n119
n16
n19
n20/
n29
n32/
n35
n46
n52/
n59
n6/
n71/
n72
n73
n75/
n76/
n85/
n89/
n91
Invalid operation
d117/
d126/
d132
d138/
d141
d153
d155
d158/
d160/
d163/
d170
d18/
d180
d182
d183/
d190/
d204
d206
d208
d213/
d220/
d229
d237/
d241/
d248/
d258/
d26
d264/
d266
d272
d276
d295/
d3/
d32/
d45/
d53
d58
d61
d82/
d88
d90
f0/
f1
f108/
f11/
f110
f115
f119/
f124/
f127/
f129
f13
f130
f134
f135
f143/
f151
f156/
f159/
f165/
f170/
f174/
f177
f179
f18/
f182
f188
f19/
f195/
f202/
f205/
f206
f21
f212
f217
f232/
f238
f248
f256/
f260/
f264
f272
f274
f276
f277
f28/
f289/
f290/
f291/
f297/
f299/
f3
f32
f36
f46
f51/
f59
f69/
f80
f85
f86/
f89/
f90/
f94/
f99
n108/
n119
n16
n19
n20/
n29
n32/
n35
n46
n52/
n59
n6/
n71/
n72
n73
n75/
n76/
n85/
n89/
n91
Invalid operation
d117/
d126/
d132
d138/
d141
d153
d155
d158/
d160/
d163/
d170
d18/
d180
d182
d183/
d190/
d204
d206
d208
d213/
d220/
d229
d237/
d241/
d248/
d258/
d26
d264/
d266
d272
d276
d295/
d3/
d32/
d45/
d53
d58
d61
d82/
d88
d90
f0/
f1
f108/
f11/
f110
f115
f119/
f124/
f127/
f129
f13
f130
f134
f135
f143/
f151
f156/
f159/
f165/
f170/
f174/
f177
f179
f18/
f182
f188
f19/
f195/
f202/
f205/
f206
f21
f212
f217
f232/
f238
f248
f256/
f260/
f264
f272
f274
f276
f277
f28/
f289/
f290/
f291/
f297/
f299/
f3
f32
f36
f46
f51/
f59
f69/
f80
f85
f86/
f89/
f90/
f94/
f99
n108/
n119
n16
n19
n20/
n29
n32/
n35
n46
n52/
n59
n6/
n71/
n72
n73
n75/
n76/
n85/
n89/
n91
Invalid operation
Invalid operation
f94:dir:0
Invalid operation
Invalid operation
Invalid operation
Invalid operation
Invalid operation
d75/
n0/
Invalid operation
d126/
├── d75/
└── n0/
Invalid operation
Invalid operation
Invalid operation
Invalid operation
f112
f174/
n0/
Invalid operation
f112:18
d73:10
f112:18
Invalid operation
Invalid operation
f112:ln-91.2azslzfvl2ej
f112:ln-91.2azslzfvl2ejsr5ptio9
Invalid operation
n0/
d276:72
Invalid operation
d264
f112
f174/
n0/
d264
f112
f174/
n0/
Invalid operation
d264
f112
f174/
n0/
Invalid operation
Invalid operation
Invalid operation
d264
f112
f174/
n0/
d264:AA D1 87
Invalid operation
Invalid operation
Invalid operation
Invalid operation
Invalid operation
Invalid operation
Invalid operation
Invalid operation
d117/
d126/
d132
d138/
d141
d153
d155
d158/
d160/
d163/
d170
d18/
d180
d182
d183/
d190/
d204
d206
d207
d208
d213/
d220/
d229
d237/
d241/
d247/
d248/
d258/
d26
d264/
d266
d272
d276
d295/
d3/
d32/
d45/
d47/
d53
d58
d61
d7
d82/
d88
d90
f0/
f1
f108/
f11/
f110
f112
f115
f119/
f124/
f127/
f129
f13
f130
f134
f135
f143/
f151
f156/
f159/
f165/
f170/
f174/
f177
f179
f182
f188
f19/
f195/
f202/
f205/
f206
f21
f212
f217
f232/
f238
f248
f256/
f260/
f264
f272
f274
f276
f277
f28/
f289/
f290/
f291/
f297/
f299/
f3
f32
f33/
f36
f46
f51/
f59
f69/
f80
f85
f86/
f89/
f90/
f94/
f99
n108/
n119
n16
n19
n20/
n29
n32/
n35
n46
n52/
n59
n6/
n71/
n72
n73
n75/
n76/
n85/
n89/
n91
Invalid operation
Invalid operation
Invalid operation
Invalid operation
Invalid operation
Invalid operation
Invalid operation
Invalid operation
Null
Invalid operation
Invalid operation
Invalid operation
Null
/f134
Invalid operation
Invalid operation
Invalid operation
d180:47
f248:37
f272:33
f151:28
f1:24
d153:17
f188:17
f212:17
Invalid operation
d117/
d126/
d132
d138/
d141
d153
d155
d158/
d160/
d163/
d170
d18/
d180
d182
d183/
d190/
d204
d206
d207
d208
d213/
d220/
d229
d237/
d241/
d247/
d248/
d258/
d26
d262
d264/
d266
d272
d276
d295/
d3/
d32/
d45/
d47/
d53
d55/
d58
d61
d7
d82/
d88
d90
f0/
f1
f108/
f11/
f110
f115
f119/
f124/
f127/
f129
f13
f130
f134
f135
f143/
f151
f156/
f159/
f165/
f170/
f174/
f177
f179
f182
f188
f19/
f195/
f202/
f205/
f206
f21
f212
f217
f232/
f238
f248
f256/
f260/
f264
f272
f274
f276
f277
f28/
f289/
f290/
f291/
f297/
f299/
f3
f32
f33/
f36
f46
f51/
f54
f59
f69/
f80
f85
f86/
f89/
f90/
f94/
f99
n108/
n119
n16
n19
n20/
n29
n32/
n35
n46
n52/
n59
n6/
n71/
n72
n73
n75/
n76/
n8
n85/
n89/
n91
Invalid operation
Invalid operation
Invalid operation
f88:14
f88:eftrfpwvdjtm1.
Null
Invalid operation
d117/
d126/
d132
d138/
d141
d153
d155
d158/
d160/
d163/
d170
d18/
d180
d182
d183/
d190/
d204
d206
d207
d208
d213/
d220/
d229
d237/
d241/
d247/
d248/
d258/
d26
d262
d264/
d266
d272
d276
d295/
d297
d3/
d32/
d42
d45/
d47/
d53
d55/
d58
d61
d7
d82/
d88
d90
f0/
f1
f108/
f11/
f110
f115
f119/
f124/
f127/
f129
f13
f130
f134
f135
f143/
f151
f156/
f159/
f165/
f170/
f174/
f177
f179
f182
f188
f19/
f195/
f202/
f203/
f205/
f206
f21
f212
f217
f232/
f238
f248
f256/
f260/
f264
f272
f274
f276
f277
f28/
f289/
f290/
f291/
f297/
f299/
f3
f32
f33/
f36
f46
f51/
f54
f59
f69/
f80
f85
f86/
f89/
f90/
f94/
f99
n108/
n119
n16
n19
n20/
n29
n32/
n35
n46
n52/
n59
n6/
n71/
n72
n73
n75/
n76/
n8
n85/
n89/
n91
/
├── d117/
├── d126/
│   ├── d264
│   ├── f112
│   ├── f174/
│   ├── f83/
│   └── n0/
├── d132
├── d138/
├── d141
├── d153
├── d155
├── d158/
├── d160/
│   ├── d135
│   ├── d144/
│   ├── d233/
│   ├── d54
│   ├── d79
│   ├── d82/
│   │   ├── d11
│   │   ├── d178
│   │   ├── d179
│   │   ├── f102
│   │   ├── f13/
│   │   ├── f249
│   │   ├── f25
│   │   ├── f33/
│   │   ├── f49
│   │   ├── f57
│   │   ├── f82
│   │   ├── n2
│   │   ├── n49/
│   │   └── n62/
│   ├── d92/
│   ├── f11
│   ├── f128/
│   ├── f209
│   ├── f275
│   ├── f288
│   ├── f58/
│   ├── f83
│   ├── n23/
│   └── n77
├── d163/
├── d170
├── d18/
├── d180
├── d182
├── d183/
├── d190/
├── d204
├── d206
├── d207
├── d208
├── d213/
├── d220/
│   ├── d12
│   ├── d49/
│   └── d72
├── d229
├── d237/
├── d241/
│   └── f242/
├── d247/
├── d248/
│   ├── d44
│   ├── f168
│   ├── f219
│   └── n33
├── d258/
├── d26
├── d262
├── d264/
│   ├── d20
│   ├── d250
│   ├── d255
│   ├── d71/
│   ├── d95
│   ├── f132/
│   │   ├── d10
│   │   ├── d103/
│   │   ├── d223
│   │   ├── d260
│   │   ├── d27/
│   │   ├── d296/
│   │   ├── d298/
│   │   ├── f140
│   │   ├── f141
│   │   ├── f183/
│   │   ├── f187/
│   │   ├── f211
│   │   ├── f219
│   │   ├── f258/
│   │   ├── f263/
│   │   ├── n103
│   │   └── n42
│   ├── f133
│   ├── f153
│   ├── f245/
│   ├── f266
│   ├── f56
│   ├── n32/
│   └── n41
├── d266
├── d272
├── d276
├── d295/
├── d297
├── d3/
├── d32/
│   ├── d222/
│   ├── d261/
│   ├── d42/
│   ├── f207/
│   ├── f216/
│   └── f67/
├── d42
├── d45/
├── d47/
├── d53
├── d55/
├── d58
├── d61
├── d7
├── d82/
├── d88
├── d90
├── f0/
│   ├── d194/
│   ├── d232
│   ├── d234
│   ├── d242/
│   ├── d291/
│   ├── f11/
│   ├── f203/
│   ├── f223/
│   │   ├── d255
│   │   └── d35/
│   ├── f229
│   ├── f249/
│   ├── f283/
│   ├── f291/
│   ├── n34/
│   ├── n35
│   ├── n57/
│   │   ├── d181/
│   │   ├── d195/
│   │   │   ├── d113
│   │   │   ├── d168
│   │   │   ├── d239/
│   │   │   ├── d256
│   │   │   ├── d59/
│   │   │   └── f118/
│   │   ├── d2
│   │   ├── d244/
│   │   ├── f210
│   │   ├── f267
│   │   ├── f293/
│   │   │   ├── d39
│   │   │   └── n12
│   │   ├── f69
│   │   ├── n25
│   │   └── n31
│   ├── n65
│   ├── n86
│   └── n92/
├── f1
├── f108/
├── f11/
├── f110
├── f115
├── f119/
│   ├── d102
│   ├── d121
│   ├── d159
│   ├── d176/
│   ├── d195
│   ├── d196
│   ├── d258
│   ├── d269
│   ├── d285/
│   ├── d72/
│   ├── f189/
│   ├── f212
│   ├── f250/
│   │   ├── d140/
│   │   ├── d144/
│   │   ├── d226/
│   │   │   ├── d219/
│   │   │   ├── d258/
│   │   │   ├── f264/
│   │   │   └── f75
│   │   ├── d272/
│   │   │   ├── d200/
│   │   │   └── n113/
│   │   ├── f120/
│   │   ├── f133
│   │   ├── f135
│   │   ├── f160/
│   │   ├── f183
│   │   ├── f194/
│   │   │   └── d224
│   │   ├── f224
│   │   ├── f229/
│   │   ├── f46/
│   │   ├── f49/
│   │   ├── f50/
│   │   ├── n24
│   │   ├── n37/
│   │   ├── n4/
│   │   ├── n50
│   │   └── n68
│   ├── f63
│   ├── n1
│   ├── n35
│   ├── n68/
│   │   ├── d177
│   │   ├── d19
│   │   ├── d198/
│   │   ├── d202/
│   │   ├── d254
│   │   ├── d289
│   │   ├── d31
│   │   ├── d78
│   │   ├── d88
│   │   ├── f1
│   │   ├── f101/
│   │   ├── f17/
│   │   ├── f207/
│   │   │   ├── d220/
│   │   │   ├── d34
│   │   │   ├── d35/
│   │   │   └── f274/
│   │   │       └── d263
│   │   ├── f221
│   │   ├── f228/
│   │   ├── f237/
│   │   │   ├── d131
│   │   │   ├── d192/
│   │   │   ├── d222
│   │   │   ├── d263/
│   │   │   ├── d33
│   │   │   ├── f174/
│   │   │   ├── f279
│   │   │   ├── f40
│   │   │   ├── f54
│   │   │   ├── n10
│   │   │   └── n6
│   │   ├── f244/
│   │   ├── f58
│   │   ├── f72
│   │   ├── f99/
│   │   ├── n102
│   │   ├── n45/
│   │   │   └── n110/
│   │   └── n99
│   └── n92/
│       ├── d50
│       └── f25/
├── f124/
├── f127/
├── f129
├── f13
├── f130
├── f134
├── f135
├── f143/
├── f151
├── f156/
├── f159/
├── f165/
├── f170/
├── f174/
│   └── d122/
├── f177
├── f179
├── f182
├── f188
├── f19/
├── f195/
│   ├── d13/
│   │   ├── d13
│   │   ├── d152/
│   │   │   ├── d140
│   │   │   ├── d154/
│   │   │   ├── d18
│   │   │   ├── d232/
│   │   │   ├── d30
│   │   │   ├── d69/
│   │   │   ├── f0/
│   │   │   ├── f146/
│   │   │   ├── f17
│   │   │   ├── f181/
│   │   │   ├── f205/
│   │   │   ├── f249/
│   │   │   ├── f267
│   │   │   ├── f80
│   │   │   ├── f94
│   │   │   ├── n15
│   │   │   ├── n36
│   │   │   ├── n56/
│   │   │   │   ├── d176/
│   │   │   │   │   ├── f83/
│   │   │   │   │   └── n60
│   │   │   │   ├── d232/
│   │   │   │   ├── d57
│   │   │   │   ├── f290
│   │   │   │   └── n117
│   │   │   ├── n62
│   │   │   ├── n63/
│   │   │   ├── n82
│   │   │   └── n9/
│   │   ├── d186
│   │   ├── f122/
│   │   ├── f132/
│   │   ├── f139
│   │   ├── f15/
│   │   ├── f205/
│   │   ├── f219
│   │   ├── n74
│   │   ├── n83/
│   │   └── n90
│   ├── d55/
│   ├── f154
│   ├── f299/
│   │   └── f43
│   └── n88
├── f202/
├── f203/
├── f205/
├── f206
├── f21
├── f212
├── f217
├── f232/
├── f238
├── f248
├── f256/
├── f260/
├── f264
├── f272
├── f274
├── f276
├── f277
├── f28/
├── f289/
├── f290/
├── f291/
├── f297/
├── f299/
├── f3
├── f32
├── f33/
├── f36
├── f46
├── f51/
├── f54
├── f59
├── f69/
├── f80
├── f85
├── f86/
├── f89/
│   └── d184/
├── f90/
├── f94/
│   ├── d127
│   ├── d156/
│   ├── d161/
│   ├── d165
│   ├── d168
│   ├── d191
│   ├── d209
│   ├── d211
│   ├── d240/
│   ├── d284/
│   ├── d60
│   ├── d63/
│   ├── d71
│   ├── f117/
│   ├── f125
│   ├── f14
│   ├── f215/
│   ├── f226/
│   │   ├── d129/
│   │   │   ├── d193
│   │   │   ├── d252
│   │   │   ├── d65
│   │   │   ├── f195
│   │   │   └── n116/
│   │   ├── d133/
│   │   │   ├── d142/
│   │   │   ├── d16/
│   │   │   │   ├── d130
│   │   │   │   ├── d138
│   │   │   │   ├── f169/
│   │   │   │   └── f191
│   │   │   ├── d175
│   │   │   ├── d99/
│   │   │   ├── f145/
│   │   │   ├── n112
│   │   │   └── n59
│   │   ├── d213
│   │   ├── d240/
│   │   ├── d256/
│   │   ├── d299/
│   │   ├── f151/
│   │   ├── f165/
│   │   ├── f186
│   │   ├── f188
│   │   ├── f232/
│   │   ├── f71
│   │   ├── f95
│   │   ├── n0
│   │   └── n87/
│   ├── f229/
│   ├── f255/
│   ├── f259
│   ├── f280/
│   │   ├── d0/
│   │   ├── d103
│   │   ├── d148
│   │   ├── d154
│   │   ├── d190/
│   │   ├── d227/
│   │   ├── d233
│   │   ├── d272/
│   │   ├── d288/
│   │   ├── d299/
│   │   ├── d30/
│   │   ├── f102/
│   │   ├── f154/
│   │   │   ├── d146/
│   │   │   └── f293
│   │   ├── f171/
│   │   │   ├── d52
│   │   │   └── f231
│   │   ├── f182
│   │   ├── f202
│   │   ├── f270
│   │   ├── f293/
│   │   ├── f294/
│   │   ├── f59/
│   │   ├── n1
│   │   ├── n101
│   │   ├── n103/
│   │   ├── n107/
│   │   │   ├── d145/
│   │   │   ├── d163/
│   │   │   ├── d196
│   │   │   ├── d283/
│   │   │   ├── d294/
│   │   │   │   ├── d53/
│   │   │   │   └── f205/
│   │   │   ├── d3
│   │   │   ├── d5
│   │   │   ├── d59
│   │   │   ├── f116
│   │   │   ├── f157
│   │   │   ├── f181/
│   │   │   ├── f221/
│   │   │   ├── f223
│   │   │   ├── f5/
│   │   │   │   ├── d144
│   │   │   │   ├── d160/
│   │   │   │   │   ├── d121
│   │   │   │   │   ├── d23
│   │   │   │   │   ├── d239
│   │   │   │   │   ├── d282/
│   │   │   │   │   ├── d82/
│   │   │   │   │   ├── f5/
│   │   │   │   │   ├── f65/
│   │   │   │   │   └── n47/
│   │   │   │   ├── d80
│   │   │   │   ├── f177/
│   │   │   │   ├── f181/
│   │   │   │   ├── f219
│   │   │   │   ├── f258/
│   │   │   │   └── f29
│   │   │   ├── f57
│   │   │   ├── f8
│   │   │   ├── n71
│   │   │   └── n90/
│   │   └── n61
│   ├── f38/
│   ├── n106/
│   ├── n116/
│   │   ├── d123/
│   │   ├── f200
│   │   └── n100
│   ├── n21/
│   ├── n40/
│   ├── n72
│   └── n99/
├── f99
├── n108/
│   ├── d196/
│   │   ├── f190/
│   │   └── n7/
│   ├── d201/
│   ├── f104/
│   ├── f151/
│   ├── f172/
│   │   ├── d149
│   │   └── d93
│   ├── f78/
│   ├── n102/
│   └── n95/
├── n119
├── n16
├── n19
├── n20/
├── n29
├── n32/
├── n35
├── n46
├── n52/
├── n59
├── n6/
├── n71/
│   ├── d110/
│   ├── d242/
│   │   ├── d113/
│   │   ├── d115
│   │   ├── d125
│   │   ├── d126
│   │   ├── d139
│   │   ├── d148/
│   │   ├── d152
│   │   ├── d156
│   │   ├── d163/
│   │   ├── d194/
│   │   ├── d199
│   │   ├── d263/
│   │   ├── d36/
│   │   ├── d49
│   │   ├── d53
│   │   ├── f101
│   │   ├── f156
│   │   ├── f173/
│   │   ├── f181/
│   │   ├── f204/
│   │   │   ├── d110/
│   │   │   ├── d13
│   │   │   ├── d231
│   │   │   ├── d256/
│   │   │   │   ├── d106/
│   │   │   │   ├── d163/
│   │   │   │   └── f139
│   │   │   ├── d77/
│   │   │   ├── d78
│   │   │   ├── f123/
│   │   │   ├── f149
│   │   │   ├── f266
│   │   │   ├── f43/
│   │   │   ├── f45/
│   │   │   └── n47
│   │   ├── f22
│   │   ├── f239
│   │   ├── f246/
│   │   ├── f267
│   │   ├── f282/
│   │   ├── f45/
│   │   ├── n113/
│   │   ├── n24/
│   │   ├── n3/
│   │   │   ├── d131
│   │   │   ├── d155/
│   │   │   ├── d195
│   │   │   ├── f143
│   │   │   ├── f247/
│   │   │   ├── f31
│   │   │   └── f77/
│   │   │       ├── d243/
│   │   │       ├── d89/
│   │   │       │   ├── d170
│   │   │       │   ├── d274
│   │   │       │   └── d81/
│   │   │       │       ├── d199
│   │   │       │       ├── d99/
│   │   │       │       ├── f162
│   │   │       │       ├── n1/
│   │   │       │       └── n39
│   │   │       └── f75
│   │   ├── n30/
│   │   ├── n40
│   │   ├── n45
│   │   ├── n80/
│   │   ├── n91/
│   │   └── n94/
│   ├── f115
│   ├── f205
│   └── f77/
├── n72
├── n73
├── n75/
├── n76/
│   ├── d60/
│   ├── f121
│   ├── f145/
│   ├── f158
│   ├── f164/
│   ├── f190
│   └── f289/
│       ├── d257/
│       ├── d271/
│       ├── f250
│       └── f292
├── n8
├── n85/
├── n89/
└── n91
Invalid operation
Invalid operation
Invalid operation
d117/
d126/
d132
d138/
d141
d153
d155
d158/
d160/
d163/
d170
d18/
d180
d182
d183/
d190/
d204
d206
d207
d208
d213/
d220/
d227/
d229
d237/
d241/
d247/
d248/
d258/
d26
d262
d264/
d266
d272
d276
d295/
d297
d3/
d32/
d42
d45/
d47/
d53
d55/
d58
d61
d7
d82/
d88
d90
f0/
f1
f108/
f11/
f110
f115
f119/
f124/
f127/
f129
f13
f130
f134
f135
f143/
f151
f156/
f159/
f165/
f170/
f174/
f177
f179
f182
f188
f19/
f195/
f202/
f203/
f205/
f206
f21
f212
f217
f232/
f238
f248
f256/
f260/
f264
f272
f274
f276
f277
f28/
f289/
f290/
f291/
f297/
f299/
f3
f32
f33/
f36
f46
f51/
f54
f59
f69/
f80
f85
f86/
f89/
f90/
f94/
f99
n108/
n119
n16
n19
n20/
n29
n32/
n35
n46
n52/
n59
n6/
n71/
n72
n73
n75/
n76/
n8
n85/
n89/
n91
Invalid operation
Invalid operation
d117/
d126/
d132
d138/
d141
d153
d155
d158/
d160/
d163/
d170
d18/
d180
d182
d183/
d190/
d206
d207
d208
d213/
d220/
d227/
d229
d237/
d241/
d247/
d248/
d258/
d26
d262
d264/
d266
d272
d276
d295/
d297
d3/
d32/
d42
d45/
d47/
d53
d55/
d58
d61
d7
d82/
d88
d90
f0/
f1
f108/
f11/
f110
f115
f119/
f124/
f127/
f129
f13
f130
f134
f135
f143/
f151
f156/
f159/
f165/
f170/
f174/
f177
f179
f182
f188
f19/
f195/
f202/
f203/
f205/
f206
f21
f212
f217
f232/
f238
f248
f256/
f260/
f264
f272
f274
f276
f277
f28/
f289/
f290/
f291/
f297/
f299/
f3
f32
f33/
f36
f46
f51/
f54
f59
f69/
f80
f85
f86/
f89/
f90/
f94/
f99
n108/
n119
n16
n19
n20/
n29
n32/
n35
n46
n52/
n59
n6/
n71/
n72
n73
n75/
n76/
n8
n85/
n89/
n91
d276:00
d117/
d126/
d132
d138/
d141
d153
d155
d158/
d160/
d163/
d170
d18/
d180
d182
d183/
d190/
d206
d207
d208
d213/
d220/
d227/
d229
d237/
d241/
d247/
d248/
d258/
d26
d262
d264/
d266
d272
d276
d295/
d297
d3/
d32/
d42
d45/
d47/
d53
d55/
d58
d61
d7
d82/
d88
d90
f0/
f1
f108/
f11/
f110
f115
f119/
f124/
f127/
f129
f13
f130
f134
f135
f143/
f151
f156/
f159/
f165/
f170/
f174/
f177
f179
f182
f188
f19/
f195/
f202/
f203/
f205/
f206
f21
f212
f217
f232/
f238
f248
f256/
f260/
f264
f272
f274
f276
f277
f28/
f289/
f290/
f291/
f297/
f299/
f3
f32
f33/
f36
f46
f51/
f54
f59
f69/
f80
f85
f86/
f89/
f90/
f94/
f99
n108/
n119
n16
n19
n20/
n29
n32/
n35
n46
n52/
n59
n6/
n71/
n72
n73
n75/
n76/
n8
n85/
n89/
n91
d117/
d126/
d132
d138/
d141
d153
d155
d158/
d160/
d163/
d170
d176
d18/
d180
d182
d183/
d190/
d206
d207
d208
d213/
d220/
d227/
d229
d237/
d241/
d247/
d248/
d258/
d26
d262
d264/
d266
d272
d276
d295/
d297
d3/
d32/
d42
d45/
d47/
d53
d55/
d58
d61
d7
d82/
d88
d90
f0/
f1
f108/
f11/
f110
f115
f119/
f124/
f127/
f129
f13
f130
f134
f135
f143/
f151
f156/
f159/
f165/
f170/
f174/
f177
f179
f182
f188
f19/
f195/
f202/
f203/
f205/
f206
f21
f212
f217
f232/
f238
f248
f256/
f260/
f264
f272
f274
f276
f277
f28/
f289/
f290/
f291/
f297/
f299/
f3
f32
f33/
f36
f46
f51/
f54
f59
f69/
f80
f85
f86/
f89/
f90/
f94/
f99
n108/
n119
n16
n19
n20/
n29
n32/
n35
n46
n52/
n59
n6/
n60
n71/
n72
n73
n75/
n76/
n8
n85/
n89/
n91
Invalid operation
d276:72
Invalid operation
d117/
d126/
d132
d138/
d141
d153
d155
d158/
d160/
d163/
d170
d176
d18/
d180
d182
d183/
d190/
d206
d207
d208
d213/
d220/
d227/
d229
d237/
d241/
d247/
d248/
d258/
d26
d262
d264/
d266
d272
d276
d295/
d297
d3/
d32/
d42
d45/
d47/
d53
d55/
d58
d61
d7
d8
d82/
d88
d90
f0/
f1
f10/
f108/
f11/
f110
f115
f119/
f124/
f127/
f129
f13
f130
f134
f135
f143/
f151
f156/
f159/
f165/
f170/
f174/
f177
f179
f182
f188
f19/
f195/
f202/
f203/
f205/
f206
f21
f212
f217
f232/
f238
f248
f256/
f260/
f264
f272
f274
f276
f277
f28/
f289/
f290/
f291/
f297/
f299/
f3
f32
f33/
f36
f46
f51/
f54
f59
f69/
f80
f85
f86/
f89/
f90/
f94/
f99
n108/
n119
n16
n19
n20/
n29
n32/
n35
n46
n52/
n59
n6/
n60
n71/
n72
n73
n75/
n76/
n8
n85/
n89/
n91
Invalid operation
d276:E0 72
d117/
d126/
d132
d138/
d141
d153
d155
d158/
d160/
d163/
d170
d176
d18/
d180
d182
d183/
d190/
d206
d207
d208
d213/
d220/
d227/
d229
d237/
d241/
d247/
d248/
d258/
d26
d262
d264/
d266
d272
d276
d295/
d297
d3/
d32/
d42
d45/
d47/
d55/
d58
d61
d7
d8
d82/
d84
d88
d90
f0/
f1
f10/
f108/
f11/
f110
f115
f119/
f124/
f127/
f129
f13
f130
f134
f135
f143/
f151
f156/
f159/
f165/
f170/
f174/
f177
f179
f182
f188
f19/
f195/
f202/
f203/
f205/
f206
f21
f212
f217
f232/
f238
f248
f256/
f260/
f264
f272
f274
f276
f277
f28/
f289/
f290/
f291/
f297/
f299/
f3
f32
f33/
f36
f46
f51/
f54
f59
f69/
f80
f85
f86/
f89/
f90/
f94/
f99
n108/
n119
n16
n19
n20/
n29
n32/
n35
n46
n52/
n59
n6/
n60
n71/
n72
n73
n75/
n76/
n8
n85/
n89/
n91
Invalid operation
Invalid operation
Invalid operation
/d276
/d276
d276:81
Invalid operation
f10/
f94:dir:0
Invalid operation
Null
d117/
d126/
d132
d138/
d141
d153
d155
d158/
d160/
d163/
d170
d176
d18/
d180
d182
d183/
d190/
d206
d207
d208
d213/
d220/
d227/
d229
d237/
d241/
d247/
d248/
d258/
d26
d262
d264/
d266
d272
d276
d295/
d297
d3/
d32/
d42
d45/
d47/
d53
d55/
d58
d61
d7
d8
d82/
d84
d88
d90
f0/
f1
f10/
f108/
f11/
f110
f115
f119/
f124/
f127/
f129
f13
f130
f134
f135
f143/
f151
f156/
f159/
f165/
f170/
f174/
f177
f179
f182
f188
f19/
f195/
f202/
f203/
f205/
f206
f21
f212
f217
f232/
f238
f248
f256/
f260/
f264
f272
f274
f276
f277
f28/
f289/
f290/
f291/
f297/
f299/
f3
f32
f33/
f36
f46
f51/
f54
f59
f69/
f80
f85
f86/
f89/
f90/
f94/
f99
n108/
n119
n16
n19
n20/
n29
n32/
n35
n46
n52/
n59
n6/
n60
n71/
n72
n73
n75/
n76/
n8
n85/
n89/
n91
/d229
Invalid operation
d117/
d126/
d132
d138/
d141
d153
d155
d158/
d160/
d163/
d170
d176
d18/
d180
d182
d183/
d190/
d206
d207
d208
d213/
d220/
d229
d234
d237/
d241/
d247/
d248/
d258/
d26
d262
d264/
d266
d272
d276
d295/
d297
d3/
d32/
d42
d45/
d47/
d53
d55/
d58
d61
d7
d8
d82/
d84
d88
d90
f0/
f1
f10/
f108/
f11/
f110
f115
f119/
f124/
f127/
f129
f13
f130
f134
f135
f143/
f151
f156/
f159/
f165/
f170/
f174/
f177
f179
f182
f188
f19/
f195/
f202/
f203/
f205/
f206
f21
f212
f217
f232/
f238
f248
f256/
f260/
f264
f272
f274
f276
f277
f28/
f289/
f290/
f291/
f297/
f299/
f3
f32
f33/
f36
f46
f51/
f54
f59
f69/
f80
f85
f86/
f89/
f90/
f94/
f99
n108/
n119
n16
n19
n20/
n29
n32/
n35
n46
n52/
n59
n6/
n60
n71/
n72
n73
n75/
n76/
n8
n85/
n89/
n91
Invalid operation
f94:dir:0
/f110
Invalid operation
Invalid operation
d265
f207/
f270
Invalid operation
f270:60
d117/
d126/
d132
d138/
d141
d153
d155
d158/
d160/
d163/
d170
d176
d18/
d180
d182
d183/
d190/
d206
d207
d208
d213/
d220/
d225
d229
d234
d237/
d241/
d247/
d248/
d258/
d26
d262
d264/
d266
d272
d276
d295/
d297
d3/
d32/
d42
d45/
d47/
d53
d55/
d58
d61
d7
d8
d82/
d84
d88
d90
f0/
f1
f10/
f108/
f11/
f110
f115
f119/
f124/
f127/
f129
f13
f130
f134
f135
f143/
f151
f156/
f159/
f165/
f170/
f174/
f177
f179
f182
f188
f19/
f195/
f202/
f203/
f205/
f206
f21
f212
f217
f232/
f238
f248
f256/
f260/
f264
f272
f274
f276
f277
f28/
f289/
f290/
f291/
f297/
f299/
f3
f32
f33/
f36
f46
f51/
f54
f59
f69/
f80
f85
f86/
f89/
f90/
f94/
f99
n108/
n119
n16
n19
n20/
n29
n32/
n35
n46
n52/
n59
n6/
n60
n71/
n72
n73
n75/
n76/
n8
n85/
n89/
n91
d180:47
Invalid operation
Null
Invalid operation
Invalid operation
Invalid operation
Invalid operation
d117/
d126/
d132
d138/
d141
d152
d153
d155
d158/
d160/
d163/
d170
d176
d18/
d180
d182
d183/
d190/
d206
d207
d208
d213/
d220/
d225
d229
d234
d237/
d241/
d247/
d248/
d258/
d26
d262
d264/
d266
d272
d276
d295/
d297
d3/
d32/
d42
d45/
d47/
d53
d55/
d58
d61
d7
d8
d82/
d84
d88
d90
f0/
f1
f10/
f108/
f11/
f110
f115
f119/
f124/
f127/
f129
f13
f130
f134
f135
f143/
f151
f156/
f159/
f165/
f170/
f174/
f177
f179
f182
f188
f19/
f195/
f202/
f203/
f205/
f206
f21
f212
f217
f221
f232/
f238
f248
f256/
f260/
f264
f272
f274
f276
f277
f28/
f289/
f290/
f291/
f297/
f299/
f3
f32
f33/
f36
f46
f51/
f54
f59
f69/
f80
f85
f86/
f89/
f90/
f94/
f99
n108/
n119
n16
n19
n20/
n29
n32/
n35
n46
n52/
n59
n6/
n60
n71/
n72
n73
n75/
n76/
n8
n85/
n89/
n91
Invalid operation
Invalid operation
d180:47
f248:37
f272:33
f94:dir:0
f94:dir:0
f94:dir:0
Null
d276:3B F0 4A A2 50 5A 3F 0C BD 3F
d117/
d126/
d132
d138/
d141
d152
d153
d155
d158/
d160/
d163/
d170
d176
d18/
d180
d182
d183/
d190/
d206
d207
d208
d213/
d220/
d225
d229
d234
d237/
d241/
d247/
d248/
d258/
d26
d262
d264/
d266
d272
d276
d295/
d297
d3/
d32/
d42
d45/
d47/
d53
d55/
d58
d61
d7
d8
d82/
d84
d88
d90
d91
f0/
f1
f10/
f108/
f11/
f110
f115
f119/
f124/
f127/
f129
f13
f130
f134
f135
f143/
f151
f156/
f159/
f165/
f170/
f174/
f177
f179
f182
f188
f19/
f195/
f202/
f203/
f205/
f206
f21
f212
f217
f221
f232/
f238
f248
f256/
f260/
f264
f272
f274
f276
f277
f28/
f289/
f290/
f291/
f297/
f299/
f3
f32
f33/
f36
f46
f51/
f54
f59
f69/
f80
f85
f86/
f89/
f90/
f94/
f99
n108/
n119
n16
n19
n20/
n29
n32/
n35
n46
n52/
n59
n6/
n60
n71/
n72
n73
n75/
n76/
n8
n85/
n89/
n91
Invalid operation
d117/
d126/
d132
d138/
d141
d152
d153
d155
d158/
d160/
d163/
d170
d176
d18/
d180
d182
d183/
d190/
d206
d207
d208
d213/
d220/
d225
d229
d234
d237/
d241/
d247/
d248/
d258/
d26
d262
d264/
d266
d272
d276
d295/
d297
d3/
d32/
d42
d45/
d47/
d53
d55/
d58
d61
d7
d8
d82/
d84
d88
d90
d91
f0/
f1
f10/
f108/
f11/
f110
f115
f119/
f124/
f126
f127/
f129
f13
f130
f134
f135
f143/
f151
f156/
f159/
f165/
f170/
f174/
f177
f179
f182
f188
f19/
f195/
f202/
f203/
f205/
f206
f21
f212
f217
f221
f232/
f238
f248
f256/
f260/
f264
f272
f274
f276
f277
f28/
f289/
f290/
f291/
f297/
f299/
f3
f32
f33/
f36
f46
f51/
f54
f59
f69/
f80
f85
f86/
f89/
f90/
f94/
f99
n108/
n119
n16
n19
n20/
n29
n32/
n35
n46
n52/
n59
n6/
n60
n71/
n72
n73
n75/
n76/
n8
n85/
n89/
n91
Invalid operation
Invalid operation
d209:D7 00 00 00 00 00 00 3E EC DE 6A
d53:uco
d209:26
f259:16
f14:10
d127:9
d211:8
f125:8
Invalid operation
Invalid operation
Invalid operation
Invalid operation
d276:50 5A 3F 0C BD 3F 89
Invalid operation
Invalid operation
Invalid operation
d180:47
f248:37
f272:33
f151:28
/d276
d117/
d126/
d132
d138/
d141
d152
d153
d155
d158/
d160/
d163/
d170
d176
d18/
d180
d182
d183/
d190/
d207
d208
d213/
d220/
d225
d229
d234
d237/
d241/
d247/
d248/
d258/
d26
d262
d264/
d266
d272
d276
d295/
d297
d3/
d32/
d42
d45/
d47/
d53
d55/
d58
d61
d7
d8
d82/
d84
d88
d90
d91
f0/
f1
f10/
f108/
f11/
f110
f115
f119/
f124/
f126
f127/
f129
f13
f130
f134
f135
f143/
f151
f156/
f159/
f165/
f170/
f174/
f177
f179
f182
f188
f19/
f195/
f202/
f203/
f205/
f206
f21
f212
f217
f221
f232/
f238
f248
f256/
f260/
f264
f272
f274
f276
f277
f28/
f289/
f290/
f291/
f297/
f299/
f3
f32
f33/
f36
f46
f51/
f54
f59
f69/
f80
f85
f86/
f89/
f90/
f94/
f99
n108/
n119
n16
n19
n20/
n29
n32/
n35
n46
n52/
n59
n6/
n60
n71/
n72
n73
n75/
n76/
n8
n85/
n89/
n91
Invalid operation
d276:00 00
d117/
d126/
d132
d138/
d141
d152
d153
d155
d158/
d160/
d163/
d170
d176
d18/
d180
d182
d183/
d190/
d207
d208
d213/
d220/
d225
d229
d234
d237/
d241/
d247/
d248/
d258/
d26
d262
d264/
d266
d272
d276
d295/
d297
d3/
d32/
d42
d45/
d47/
d53
d55/
d58
d61
d7
d8
d82/
d84
d88
d90
d91
f0/
f1
f10/
f108/
f11/
f110
f115
f119/
f124/
f126
f127/
f129
f13
f130
f134
f135
f143/
f151
f156/
f159/
f165/
f170/
f174/
f177
f179
f182
f188
f19/
f195/
f202/
f203/
f205/
f206
f21
f212
f217
f221
f232/
f238
f248
f256/
f260/
f264
f272
f274
f276
f277
f28/
f289/
f290/
f291/
f297/
f299/
f3
f32
f33/
f36
f46
f51/
f54
f59
f69/
f80
f85
f86/
f89/
f90/
f94/
f99
n108/
n119
n16
n19
n2
n20/
n29
n32/
n35
n46
n52/
n59
n6/
n60
n71/
n72
n73
n75/
n76/
n8
n85/
n89/
n91
/d276
d180:47
f248:37
f272:33
f151:28
d276:25
d207:24
Invalid operation
