Invalid operation
/
Invalid operation
Invalid operation
/
└── f180
f180:txt:0
d258/
f180
Invalid operation
d223/
d258/
d223/
d258/
d223/
d258/
Invalid operation
Invalid operation
Invalid operation
d268:04
Invalid operation
Invalid operation
Invalid operation
Invalid operation
d219/
├── d207/
└── f13/
d207/
f13/
f58/
Null
d219/
d258/
d268
d278
Invalid operation
Invalid operation
Invalid operation
Invalid operation
d278:E5
d100/
d219/
d258/
d278
f179/
f63
n7
Invalid operation
Invalid operation
d258:dir:0
Null
d278:11
Invalid operation
Invalid operation
/d278
/
├── d100/
├── d219/
│   ├── d207/
│   ├── f13/
│   └── f58/
├── d258/
├── d278
├── d69/
├── f179/
└── f63
d100/
d219/
d258/
d278
d69/
f179/
f214
f63
/
├── d100/
├── d219/
│   ├── d207/
│   ├── f13/
│   └── f58/
├── d258/
├── d278
├── d69/
├── f179/
├── f214
└── f63
/
├── d100/
├── d219/
│   ├── d207/
│   ├── f13/
│   └── f58/
├── d258/
├── d278
├── d69/
├── f179/
├── f214
└── f63
Invalid operation
/d278
d258:dir:0
f58:dir:0
Invalid operation
d207/
f13/
f58/
d100/
d219/
d258/
d278
d69/
f179/
f214
f63
d100/
d219/
d258/
d278
d69/
f179/
f214
f63
d100/
d219/
d258/
d278
d69/
f179/
f214
f63
Invalid operation
/
├── d100/
├── d219/
│   ├── d207/
│   ├── f1
│   ├── f13/
│   ├── f58/
│   └── n53
├── d258/
├── d69/
├── f179/
├── f214
└── f63
f214:DE
Invalid operation
Invalid operation
Invalid operation
d100/
d219/
d69/
f179/
f214
f63
f77
Invalid operation
d100/
d219/
d69/
f179/
f214
f63
f77
n40
f214:11
f71:7
Invalid operation
d219:dir:0
/f214
Invalid operation
Invalid operation
f214:00 00 00
Invalid operation
d219:dir:0
f214:13
d207/
f1
f13/
f58/
n53
/f214
Invalid operation
Invalid operation
Invalid operation
/f214
d100/
d152/
d173
d219/
d64
d69/
d91
f179/
f214
f63
f71
f77
n40
d219:dir:0
Invalid operation
Invalid operation
f214:88 3B DA 9B B3 23 DE A0 7E 51
/f214
d69/
d175/
d281
Invalid operation
d69/
├── d175/
└── d281
d69/
├── d175/
├── d281
└── f152
Invalid operation
d281:6C
d175/
d281
f152
f214:A0 7E 51 6D 00 00
/f214
Invalid operation
d100/
d152/
d173
d219/
d28
d64
d69/
d91
f179/
f214
f244
f63
f77
n40
Invalid operation
Invalid operation
f1:txt:16
Invalid operation
Invalid operation
f1:a-nrmn9blpthp 5y
f1:a-nrmn9blpthp 5y
f1:a-nrmn9blpthp 5y
Invalid operation
f1:16
n53:7
d207/
f1
f13/
f148/
f58/
n53
Invalid operation
Invalid operation
d219:dir:0
Invalid operation
Invalid operation
Null
/f214
/
├── d100/
├── d152/
├── d173
├── d219/
│   ├── d207/
│   ├── f13/
│   ├── f148/
│   └── f58/
├── d28
├── d64
├── d69/
│   ├── d175/
│   └── d281
├── f179/
├── f214
├── f244
├── f63
├── f77
├── n118
└── n40
f214:DE A0 7E 51
Invalid operation
d175/
d281
f224/
d281:6C
Invalid operation
/d69/d281
d165/
d175/
d236
d281
f224/
d281:15
d236:2
Invalid operation
Invalid operation
Invalid operation
d281:8B B9 07 1F 68
d281:27
d281:37 00 00 64 53 96 D3 5B BF E1 8B B9 07 1F 68 00 ED AD F0
d165/
d175/
f224/
n43/
f214:BD 28 4D
d165/
d175/
f224/
n43/
Invalid operation
d165/
d175/
f224/
n43/
n73/
d109/
d165/
d175/
d244
f224/
n43/
n73/
Invalid operation
/d69/d244
/d69/d244
Invalid operation
d244:41
d186:16
d244:5hvb.iynvkws5yiqedd0aa7ho24sdgt9r j5s6h16
d109/
d165/
d175/
d186
d242
d244
f224/
n43/
n73/
d109/
d165/
d175/
d186
d242
d244
f189
f224/
n43/
n73/
d244:5hvb.iynvkws5yiqedd0aa7ho24sdgt9r j5s6h16
/d69/d244
d244:5hvb.iynvkws5yiqedd0aa7ho24sdgt9r j5s6h16
d165:dir:0
Invalid operation
Invalid operation
Invalid operation
f214:20
d219:dir:0
d219:dir:0
d219:dir:0
/f214
Invalid operation
f214:26
f244:16
n118:9
d173:8
d64:7
f63:5
/
├── d100/
├── d152/
├── d173
├── d219/
│   ├── d207/
│   ├── f13/
│   ├── f148/
│   └── f58/
├── d28
├── d54/
├── d64
├── d69/
│   ├── d109/
│   ├── d165/
│   │   └── f85/
│   ├── d175/
│   ├── d186
│   ├── d194/
│   ├── d242
│   ├── d244
│   ├── f189
│   ├── f224/
│   ├── f279/
│   ├── n43/
│   └── n73/
├── f179/
├── f214
├── f244
├── f255/
├── f63
├── f77
└── n118
d100/
d152/
d173
d219/
d28
d54/
d64
d69/
f179/
f214
f244
f255/
f63
f77
n118
d100/
d152/
d173
d219/
d28
d54/
d64
d69/
f179/
f214
f244
f255/
f63
f77
n118
d219:dir:0
Invalid operation
d100/
d152/
d173
d219/
d28
d54/
d64
d69/
f179/
f214
f244
f255/
f63
f77
n118
d100/
d152/
d173
d219/
d28
d54/
d64
d69/
f179/
f214
f244
f255/
f63
f77
n118
Invalid operation
Invalid operation
f214:50 E2
Invalid operation
f214:05 5A 1C 7B A0 7E 51 E5 D1 E3
d245:dir:0
f214:E2 61 05 5A 1C 7B A0
f214:00
f150:
f214:50
Invalid operation
f83:dir:0
d245/
f150
n25/
n51/
d245/
f150
n25/
n51/
Invalid operation
Invalid operation
f214:93 88
d245/
f150
f242
f276
n25/
n51/
d245/
f150
f242
f276
f47
n25/
n51/
d245/
f150
f242
f276
f47
n25/
n51/
f47:A3 8A A5 2F
d245/
f150
f242
f276
n25/
n51/
f214:71 89
f150:
d245/
f150
f276
n25/
n51/
f214:51 E5 D1 E3 71 89 93 88
n25/
f214:51 E5
d245:dir:0
f214:DE 00
Invalid operation
f152: 31f
d245:dir:0
f150:6rka9
Invalid operation
Invalid operation
d98:dir:0
Invalid operation
d98/
/d54/f150
d49:5B CC
Invalid operation
/d54/n25/d49
d13
d49
d98/
d49:bin:6
d49:6
d49:bin:6
Invalid operation
/d54/f150
d175:57
d175
f183
f275/
f29/
d175:57
d175:57
Null
f275/
f29/
f214:50 E2 61 05 5A 56 BA A0 7E 51 E5 D1
d279:0
f275/
└── d279
Invalid operation
Invalid operation
Invalid operation
f214:56 BA A0 7E 51 E5
d245:dir:0
Invalid operation
f29/
Invalid operation
/d54/f150
d232/
d245/
f150
f276
n25/
n51/
d232/
d245/
d258
f150
f276
n25/
n51/
d258:16
f150:16
f276:14
f150:6rka93wxgb38157e
f150:6rka93wxgb38157e
f29/
Invalid operation
f83:dir:0
f150:6rka93wxgb38157e-4a
/d54/f150
d111
n23
d111:
n23
n23
n23:0
Null
d213
n23
Invalid operation
n23:
n23:
n54/
└── n23
n23:x
n54:dir:0
/d54/f150
Invalid operation
Invalid operation
Invalid operation
f83:dir:0
d245/
├── d230/
├── d275/
├── f299
├── f83/
│   ├── n54/
│   │   ├── d45
│   │   └── f259
│   └── n57
└── f84/
f214:3D 1E 32 D8 3C
Invalid operation
Invalid operation
Invalid operation
f83:dir:0
Invalid operation
Invalid operation
f299:30
Invalid operation
Invalid operation
d230/
d275/
f299
f83/
f84/
Invalid operation
Invalid operation
Invalid operation
Invalid operation
f299:3ga2t18v51cj0dgj90zr80o5aft7yexyh_qcivl4t
/d54/d245/f83/n57
n57:z7vg3uq
f214:3D 1E 32 D8 B5
n54/
n57
Invalid operation
d230/
d275/
f299
f83/
f84/
f214:E2 61 05 5A 56 D4 7F 0C 90 D3 01 5B 29 3D 1E 32 D8 B5 50
f214:D4 7F 0C 90
n57:7
d102:3
d135:0
n57:7
d102:3
d135:0
f83:dir:0
Invalid operation
Invalid operation
d288/
└── f48/
Invalid operation
f299:3ga2t18v51cj0dgj90zr80o5aft7yexyh_qcivl4t_6wqzww--mwyork4rgiifx
f48/
f214:1E 32 D8
d117:29 DB 3F
d117
f48/
f68
n50/
Invalid operation
Invalid operation
d117
f48/
f67/
f68
n50/
Invalid operation
n50:dir:0
d213:8
d117:3
Invalid operation
n50:dir:0
Invalid operation
d117:3F
/d54/d245/d230/d288/d117
n50:dir:0
Invalid operation
Invalid operation
d117:3F
d288/
├── d117
├── d213
├── f120
├── f182/
├── f232/
├── f282/
├── f48/
├── f67/
├── f68
├── n112
└── n50/
d117
d213
f120
f182/
f232/
f282/
f48/
f67/
f68
n112
n50/
Invalid operation
d117
d213
f120
f182/
f232/
f282/
f48/
f67/
f68
n112
n50/
d288/
├── d213
├── f120
├── f182/
├── f232/
├── f282/
├── f48/
├── f67/
├── f68
├── n112
└── n50/
d213
f120
f182/
f232/
f282/
f48/
f67/
f68
n112
n50/
d288/
├── d213
├── f120
├── f182/
├── f232/
├── f282/
├── f48/
├── f67/
├── f68
├── n112
└── n50/
n50:dir:0
Invalid operation
f68:
f120:6D
d213
f120
f182/
f232/
f282/
f48/
f67/
f68
n112
n50/
f68:04rqxrcs9ip
d56:17
f68:11
d213:8
f120:7
d178:2
n112:0
d178
d213
d56
f120
f182/
f232/
f282/
f48/
f67/
f68
n112
n50/
d56:17
f68:11
d213:8
f120:7
d178:2
n112:0
f68:04rqxrcs9ip
Invalid operation
f68:04rqxrcs9ip
Invalid operation
d178
d213
f120
f182/
f232/
f282/
f48/
f67/
f68
n112
n25
n50/
Null
d178
d213
f120
f182/
f232/
f282/
f48/
f67/
f68
n112
n25
n50/
Invalid operation
Null
f68:04rqxrcs9ip
d288/
├── d154
├── d178
├── d3
├── f120
├── f182/
├── f232/
├── f282/
├── f48/
├── f67/
├── f68
├── f90
├── n112
├── n25
├── n50/
└── n52/
/d54/d245/d230/d288/f68
d288/
├── d154
├── d178
├── d274
├── d3
├── f120
├── f182/
├── f232/
├── f282/
├── f48/
├── f67/
├── f68
├── f90
├── n112
├── n25
├── n50/
└── n52/
d154
d178
d274
d3
f120
f182/
f232/
f247
f282/
f48/
f67/
f68
f90
n112
n25
n50/
n52/
d154
d178
d274
d3
f120
f182/
f232/
f247
f282/
f48/
f67/
f68
f90
n112
n25
n50/
n52/
d154
d178
d274
d3
f120
f182/
f22
f232/
f247
f282/
f48/
f67/
f68
f90
n112
n25
n50/
n52/
d154
d178
d274
d3
f120
f182/
f22
f232/
f247
f282/
f48/
f67/
f68
f90
n112
n25
n50/
n52/
d288/
├── d154
├── d178
├── d274
├── d3
├── f120
├── f182/
├── f22
├── f232/
├── f247
├── f282/
├── f48/
├── f67/
├── f68
├── f90
├── n112
├── n25
├── n50/
└── n52/
Invalid operation
Invalid operation
d288/
├── d154
├── d178
├── d274
├── d3
├── f120
├── f172
├── f182/
├── f219/
│   └── d135
├── f22
├── f232/
├── f247
├── f48/
├── f51/
├── f67/
├── f90
├── n112
├── n25
├── n50/
└── n52/
f120:E9 EF 86 33 D6
n112:
/d54/d245/d230/d288/n112
Invalid operation
/d54/d245/d230/d288/n112
f120:EC
/d54/d245/d230/d288/n112
f120:6C E9 EF 86 3C 74 EF 13 17
Invalid operation
f120:14
f172:13
n112:md:0
/d28
d154
d178
d265/
d274
d3
f120
f172
f179/
f182/
f219/
f22
f232/
f247
f48/
f67/
f90
n112
n25
n50/
n52/
n112:
Invalid operation
n112:md:0
d154
d178
d201
d215/
d259
d265/
d274
d3
f120
f172
f179/
f182/
f219/
f22
f232/
f48/
f67/
f90
n112
n25
n50/
n52/
n67
Invalid operation
d154
d178
d215/
d259
d265/
d274
d3
f120
f179/
f182/
f219/
f22
f232/
f48/
f67/
f90
n112
n50/
n52/
f120:6D 6C E9 EF 86 3C
Invalid operation
f120:18
d154:10
d259:10
f90:10
d274:4
f22:4
d178:2
d3:0
f120:18
d154:10
d259:10
f90:10
d274:4
n112:
Invalid operation
Invalid operation
Invalid operation
f299:63
f194:14
f33:13
f295:0
f214:5B
f214:56 D4 7F 0C 90
d245/
├── d275/
├── f194
├── f295
├── f299
├── f33
└── f84/
f299:3ga2t18v51cj0dgj90zr80o5aft7yexyh_qcivl4t_6wqzww--mwyork4rgiifx
Invalid operation
Invalid operation
/
├── d100/
├── d152/
├── d173
├── d219/
│   ├── d207/
│   ├── f13/
│   ├── f148/
│   └── f58/
├── d28
├── d54/
│   ├── d122
│   ├── d232/
│   ├── d245/
│   │   ├── d275/
│   │   ├── f194
│   │   ├── f295
│   │   ├── f299
│   │   ├── f33
│   │   └── f84/
│   ├── d258
│   ├── f150
│   ├── f276
│   ├── n25/
│   │   └── f29/
│   └── n51/
├── d64
├── d69/
│   ├── d109/
│   ├── d165/
│   │   └── f85/
│   ├── d175/
│   ├── d186
│   ├── d194/
│   ├── d242
│   ├── d244
│   ├── f189
│   ├── f224/
│   ├── f279/
│   ├── n43/
│   └── n73/
├── f179/
├── f214
├── f244
├── f255/
├── f63
└── f77
Invalid operation
Invalid operation
f214:56 D4 7F 0C 90 D3
Invalid operation
d109/
d165/
d175/
d186
d194/
d242
d244
f189
f224/
f279/
n43/
n73/
d244:5hvb.iynvkws5yiqedd0aa7ho24sdgt9r j5s6h16
/d69/d244
Null
Invalid operation
d109/
d146/
d165/
d175/
d186
d194/
d242
d244
d274/
d39/
f189
f224/
f279/
f40
f48
n43/
n73/
d244:5hvb.iynvkws5yiqedd0aa7ho24sdgt9r j5s6h16x
d109/
d146/
d165/
d175/
d186
d194/
d242
d244
d274/
d39/
f189
f224/
f279/
f40
f48
n43/
n73/
d244:5hvb.iynvkws5yiqedd0aa7ho24sdgt9r j5s6h16xc
Null
f214:3D 00
f214:bin:20
Invalid operation
Invalid operation
d100/
d127
d152/
d158
d163/
d173
d219/
d54/
d69/
f179/
f214
f244
f255/
f63
f77
Invalid operation
Invalid operation
Invalid operation
d122
d150/
d232/
d245/
d258
f13
f150
f276
n25/
n51/
f214:5B 29
Invalid operation
Invalid operation
f150:6rka93wxgb38157e-4adiq.i6orwc4vk_gjxn5
Null
d122
d150/
d232/
d245/
d258
d94
f13
f150
f276
n25/
n51/
n75
d122
d150/
d232/
d245/
d258
d94
f13
f150
f276
n25/
n51/
n75
/d54/f150
d122
d150/
d232/
d245/
d258
d94
f13
f150
f193
f276
n25/
n51/
n75
n81
Invalid operation
f150:38
d258:16
f276:14
n81:14
d122:1
d94:0
d122
d150/
d232/
d245/
d258
d94
f13
f150
f193
f249/
f276
n25/
n51/
n75
n81
Invalid operation
Invalid operation
Invalid operation
Invalid operation
Invalid operation
Invalid operation
Invalid operation
Invalid operation
Invalid operation
/f214
Invalid operation
f214:2
d151:dir:0
d173:BA EA
d151/
f170/
f207/
f214
d151/
f170/
f207/
f214
Invalid operation
Invalid operation
d151:dir:0
Invalid operation
Invalid operation
d151/
f170/
f207/
Invalid operation
f214:D3 01 5B 29 67 A9 6B
Invalid operation
Invalid operation
n37
Invalid operation
/f214
d151/
f170/
f207/
f214:67 A9
Invalid operation
d151/
f170/
f207/
f86
/d152/f86
/f86
f86:
d83:kmj7j1ex
f214:26
d173:8
f63:5
f86:2
d140:1
Invalid operation
d100/
d140
d152/
d158
d163/
d173
d219/
d54/
d69/
d86/
d89/
f127
f179/
f214
f255/
f63
f77
f86
Invalid operation
d100/
d140
d158
d163/
d219/
d265
d54/
d69/
d86/
d89/
f127
f179/
f214
f255/
f276
f63
f77
f86
n66/
Invalid operation
Invalid operation
d100/
d140
d158
d163/
d219/
d251/
d265
d54/
d69/
d86/
d89/
f127
f179/
f255/
f63
f77
f86
n31
n66/
Null
Invalid operation
f77:6
f86:2C
Invalid operation
Null
f86:15
f77:txt:1
/f77
Invalid operation
f73
n76/
f78:17
Invalid operation
Invalid operation
Invalid operation
f78:-ygtkz95-8t75i_p9
f73:15
d221:8
Invalid operation
Invalid operation
f73:15
d221:8
f73:15
d221:75 35
d221:75 35 A8 E2
Invalid operation
Invalid operation
f73:it2e-k fpbu7tgnx
f120:dir:0
f120:dir:0
Invalid operation
Invalid operation
d188
d236
d254/
f120/
f135/
f61/
f73
f73:17
d236:14
d188:11
f73:it2e-k fpbu7tgnqc
Invalid operation
d123
d188
d236
d254/
f120/
f135/
f61/
f73
d123
d188
d236
d254/
f120/
f135/
f61/
f73
d236:aucc.uz384 4eo
f149/
├── d123
├── d236
├── d254/
├── f120/
├── f135/
└── f61/
/f233/f149/d236
/f233/f149/d236
f149/
├── d123
├── d236
├── d254/
├── f120/
├── f135/
├── f61/
└── n118
d123
d236
d254/
f120/
f135/
f222/
f61/
n118
d236:aucc.uz384 4eohuwlw_yuof
Invalid operation
Invalid operation
d254:dir:0
/f233/f149/d236
d117/
d147/
d236
d242
d254/
f120/
f135/
f222/
f61/
d236:aucc.uz384 4eohuwlw_yuofvi nkdfexx.fdy033o
d236:aucc.uz384 4eohuwlw_yuofvi nkdfexx.fdy033oqlzzzbezr_p6
d117/
d147/
d236
d254/
f120/
f135/
f222/
f61/
f70/
d117/
d147/
d236
d254/
f120/
f135/
f222/
f61/
f70/
d236:91
d254:dir:0
d236:aucc.uz384 4eohuwlw_yuofvi nkdfexx.fdy033oqlzzzbezr_p6klqkhhq2ty7wf4ob_h3r89z95_o8lzmq7yvzb
Invalid operation
d254:dir:0
Invalid operation
f205:99j6zg.
f205:txt:7
d254:dir:0
d254:dir:0
Invalid operation
/f233/f149/d236
d254:dir:0
Invalid operation
Null
f86:00 AC 6F
Invalid operation
f256:A9
f256:D8 63 E0
Invalid operation
d254:dir:0
d131/
d147/
d174/
d236
d254/
d272
f120/
f222/
f256
f61/
f70/
n69
f256:E0 A9
d236:108
d272:14
f256:13
d236:108
d272:14
f256:13
d131/
d147/
d174/
d236
d272
f120/
f222/
f256
f61/
f70/
n69
f77:6
f77:6
n25:16bffqt6_s.t
Null
d236:txt:108
f149/
├── d131/
├── d147/
├── d174/
├── d236
├── d272
├── f120/
├── f222/
├── f256
├── f61/
├── f70/
└── n69
f149/
├── d131/
├── d147/
├── d174/
├── d236
├── d272
├── f120/
├── f222/
├── f256
├── f61/
├── f70/
└── n69
Null
d236:aucc.uz384 4eohuwlw_yuofvi nkdfexx.fdy033oqlzzzbezr_p6klqkhhq2ty7wf4ob_h3r89z95_o8lzmq7yvzbxl_u7_0dcruur2gsx
Invalid operation
d236:aucc.uz384 4eohuwlw_yuofvi nkdfexx.fdy033oqlzzzbezr_p6klqkhhq2ty7wf4ob_h3r89z95_o8lzmq7yvzbxl_u7_0dcruur2gsx
d236:108
d272:14
f256:13
n69:0
f149/
f86:10 78
Invalid operation
Invalid operation
Invalid operation
f118
f149/
n21
n21:5h.fux
f149:dir:0
d53/
f118
f149/
n21
Invalid operation
Invalid operation
/f233/n21
Invalid operation
n21:6
/f233/n21
/f233/n21
f149:dir:0
n21:5h.fux
f118:44 A0 5A
Invalid operation
Invalid operation
d53/
f118
f149/
n21
n21:5h.fux
f86:00 AC 6F 13 10
n57:17
f217:9
n57:17
f217:9
n21:6
f203:2
Null
Invalid operation
n21:5h.fuxfls
f86:78
Invalid operation
f233/
├── d137/
├── d190
├── d40/
├── d53/
├── f101/
├── f149/
│   ├── d131/
│   ├── d147/
│   ├── d174/
│   ├── d236
│   ├── d272
│   ├── f120/
│   ├── f222/
│   ├── f256
│   ├── f61/
│   ├── f70/
│   └── n69
├── f203
├── f217
└── n57
d137/
d190
d271/
d40/
d53/
f101/
f149/
f203
f235/
n57
n57:17
d190:12
f203:2
n57:17
Invalid operation
Invalid operation
d137/
d190
d271/
d40/
d53/
f101/
f149/
f203
f235/
n57
Invalid operation
Null
Invalid operation
f86:70 23 AE C0
d124
n96/
f203:h m_0bpm
Invalid operation
f203:h m_0bpm
Invalid operation
/f233/f203
Invalid operation
Invalid operation
Null
d100
d137/
d143
d146/
d190
d191/
d271/
d40/
d53/
f101/
f149/
f203
f235/
f99
f203:22
d190:12
d100:10
f233/
├── d100
├── d137/
│   ├── d159
│   ├── d282
│   └── f154/
├── d143
├── d146/
├── d190
├── d191/
├── d271/
│   └── d227/
├── d40/
├── d53/
│   ├── d124
│   └── n96/
├── f101/
├── f149/
│   ├── d131/
│   ├── d147/
│   ├── d174/
│   ├── d236
│   ├── d272
│   ├── f120/
│   ├── f222/
│   ├── f256
│   ├── f61/
│   ├── f70/
│   └── n69
├── f158
├── f203
├── f235/
└── f99
f149:dir:0
f203:h m_0bpmp3r_tlm0945cuz
f203:h m_0bpmp3r_tlm0945cuz
Null
f233/
├── d100
├── d146/
├── d191/
├── d271/
│   └── d227/
├── d40/
├── d53/
│   ├── d124
│   └── n96/
├── f101/
├── f149/
│   ├── d131/
│   ├── d147/
│   ├── d174/
│   ├── d236
│   ├── d272
│   ├── f120/
│   ├── f222/
│   ├── f256
│   ├── f61/
│   ├── f70/
│   └── n69
├── f158
├── f203
├── f235/
└── f99
d137/
d146/
d191/
d218
d271/
d40/
d53/
f101/
f149/
f158
f203
f235/
f99
n27
f158:11 03 F9 70 93
f203:35
f158:7
n27:5
d218:0
f99:0
Invalid operation
Invalid operation
/f233/f203
d137/
d144/
d146/
d191/
d218
d271/
d36
d40/
d53/
f101/
f149/
f158
f203
f235/
f99
n27
f149:dir:0
Invalid operation
/f233/f203
d10
d100/
d158
d163/
d185
d219/
d251/
d265
d69/
d86/
d89/
f127
f179/
f209/
f233/
f255/
f63
f77
f86
n31
n5/
n66/
Invalid operation
d10
d100/
d158
d163/
d185
d219/
d251/
d265
d69/
d86/
d89/
f127
f179/
f233/
f255/
f63
f77
f86
n31
n5/
n66/
f86:D7
d69:dir:0
f86:C5 0D B0 8A B5 00 E2
d10
d100/
d158
d163/
d185
d219/
d251/
d265
d69/
d86/
d89/
f127
f179/
f233/
f255/
f63
f82/
n31
n5/
n66/
Invalid operation
Invalid operation
d10
d100/
d158
d163/
d185
d219/
d251/
d265
d69/
d86/
d89/
f127
f179/
f233/
f255/
f63
f82/
n31
n5/
n66/
d265:00
Invalid operation
/
├── d10
├── d100/
├── d158
├── d163/
├── d181
├── d219/
│   ├── d207/
│   ├── f13/
│   ├── f148/
│   └── f58/
├── d251/
├── d265
├── d69/
│   ├── d109/
│   ├── d146/
│   ├── d165/
│   │   └── f85/
│   ├── d175/
│   ├── d186
│   ├── d194/
│   ├── d242
│   ├── d244
│   ├── d274/
│   ├── d39/
│   ├── f189
│   ├── f224/
│   ├── f279/
│   ├── f40
│   ├── f48
│   ├── n43/
│   └── n73/
├── d86/
├── f127
├── f179/
├── f233/
│   ├── d137/
│   ├── d144/
│   ├── d146/
│   ├── d191/
│   ├── d218
│   ├── d271/
│   │   └── d227/
│   ├── d36
│   ├── d40/
│   ├── d53/
│   │   ├── d124
│   │   └── n96/
│   ├── f101/
│   ├── f149/
│   │   ├── d131/
│   │   ├── d147/
│   │   ├── d174/
│   │   ├── d236
│   │   ├── d272
│   │   ├── f120/
│   │   ├── f222/
│   │   ├── f256
│   │   ├── f61/
│   │   ├── f70/
│   │   └── n69
│   ├── f158
│   ├── f203
│   ├── f235/
│   ├── f99
│   └── n27
├── f255/
├── f63
├── f82/
├── n31
├── n5/
└── n66/
Invalid operation
Invalid operation
d69:dir:0
Invalid operation
d158:30
f127:14
d265:6
f63:5
d181:2
Invalid operation
Null
n32:dir:0
d158:32
/
├── d10
├── d100/
├── d158
├── d163/
├── d181
├── d219/
│   ├── d207/
│   ├── f13/
│   ├── f148/
│   └── f58/
├── d251/
├── d265
├── d69/
│   ├── d109/
│   ├── d146/
│   ├── d165/
│   │   └── f85/
│   ├── d175/
│   ├── d186
│   ├── d194/
│   ├── d242
│   ├── d244
│   ├── d274/
│   ├── d39/
│   ├── f189
│   ├── f224/
│   ├── f279/
│   ├── f40
│   ├── f48
│   ├── n43/
│   └── n73/
├── d86/
├── f127
├── f179/
├── f233/
│   ├── d137/
│   ├── d144/
│   ├── d146/
│   ├── d191/
│   ├── d218
│   ├── d271/
│   │   └── d227/
│   ├── d36
│   ├── d40/
│   ├── d53/
│   │   ├── d124
│   │   └── n96/
│   ├── f101/
│   ├── f149/
│   │   ├── d131/
│   │   ├── d147/
│   │   ├── d174/
│   │   ├── d236
│   │   ├── d272
│   │   ├── f120/
│   │   ├── f222/
│   │   ├── f256
│   │   ├── f61/
│   │   ├── f70/
│   │   └── n69
│   ├── f158
│   ├── f203
│   ├── f235/
│   ├── f99
│   └── n27
├── f255/
├── f59
├── f63
├── f82/
├── n32/
├── n5/
├── n66/
└── n81
Invalid operation
Invalid operation
Invalid operation
Invalid operation
d158:39
f59:17
f63:5
d265:4
d181:2
/
├── d10
├── d100/
├── d158
├── d163/
├── d181
├── d219/
│   ├── d207/
│   ├── f13/
│   ├── f148/
│   └── f58/
├── d235
├── d251/
├── d265
├── d69/
│   ├── d109/
│   ├── d146/
│   ├── d165/
│   │   └── f85/
│   ├── d175/
│   ├── d186
│   ├── d194/
│   ├── d242
│   ├── d244
│   ├── d274/
│   ├── d39/
│   ├── f189
│   ├── f224/
│   ├── f279/
│   ├── f40
│   ├── f48
│   ├── n43/
│   └── n73/
├── d86/
├── f179/
├── f233/
│   ├── d137/
│   ├── d144/
│   ├── d146/
│   ├── d191/
│   ├── d218
│   ├── d271/
│   │   └── d227/
│   ├── d36
│   ├── d40/
│   ├── d53/
│   │   ├── d124
│   │   └── n96/
│   ├── f101/
│   ├── f149/
│   │   ├── d131/
│   │   ├── d147/
│   │   ├── d174/
│   │   ├── d236
│   │   ├── d272
│   │   ├── f120/
│   │   ├── f222/
│   │   ├── f256
│   │   ├── f61/
│   │   ├── f70/
│   │   └── n69
│   ├── f158
│   ├── f203
│   ├── f235/
│   ├── f99
│   └── n27
├── f255/
├── f279
├── f59
├── f63
├── f82/
├── n32/
├── n5/
├── n66/
└── n81
d69:dir:0
d10
d100/
d158
d163/
d181
d219/
d235
d251/
d265
d69/
d86/
f179/
f233/
f255/
f279
f59
f63
f82/
n32/
n5/
n66/
n81
d10
d100/
d158
d163/
d181
d219/
d235
d251/
d265
d69/
d86/
f179/
f233/
f255/
f279
f59
f63
f82/
n32/
n5/
n66/
n81
d10
d100/
d158
d163/
d181
d219/
d235
d251/
d265
d69/
d86/
f132
f179/
f233/
f255/
f279
f59
f63
f82/
n32/
n5/
n66/
n81
f203:h m_0bpmp3r_tlm0945cuztsf.3.ir86all
f203:h m_0bpmp3r_tlm0945cuztsf.3.ir86all
d137/
d144/
d146/
d191/
d218
d271/
d36
d40/
d53/
f101/
f149/
f158
f203
f235/
f99
n27
f158:0C 2E 65
Invalid operation
f203:h m_0bpmp3r_tlm0945cuztsf.3.ir86all
d137/
d144/
d146/
d191/
d218
d271/
d36
d40/
d53/
f101/
f149/
f158
f203
f235/
f99
n27
d69:dir:0
Invalid operation
/
├── d10
├── d100/
├── d158
├── d163/
├── d181
├── d219/
│   ├── d207/
│   ├── f13/
│   ├── f148/
│   └── f58/
├── d235
├── d251/
├── d265
├── d69/
│   ├── d109/
│   ├── d146/
│   ├── d165/
│   │   └── f85/
│   ├── d175/
│   ├── d186
│   ├── d194/
│   ├── d242
│   ├── d244
│   ├── d274/
│   ├── d39/
│   ├── f189
│   ├── f224/
│   ├── f279/
│   ├── f40
│   ├── f48
│   ├── n43/
│   └── n73/
├── d86/
├── f132
├── f179/
├── f233/
│   ├── d137/
│   ├── d144/
│   ├── d146/
│   ├── d191/
│   ├── d218
│   ├── d271/
│   │   └── d227/
│   ├── d36
│   ├── d40/
│   ├── d53/
│   │   ├── d124
│   │   └── n96/
│   ├── f101/
│   ├── f149/
│   │   ├── d131/
│   │   ├── d147/
│   │   ├── d174/
│   │   ├── d236
│   │   ├── d272
│   │   ├── f120/
│   │   ├── f222/
│   │   ├── f256
│   │   ├── f61/
│   │   ├── f70/
│   │   └── n69
│   ├── f158
│   ├── f203
│   ├── f235/
│   ├── f99
│   └── n27
├── f255/
├── f279
├── f59
├── f63
├── f82/
├── n32/
├── n5/
├── n66/
└── n81
d10
d100/
d158
d163/
d181
d219/
d235
d251/
d265
d69/
d86/
f132
f179/
f233/
f255/
f279
f59
f63
f82/
n32/
n5/
n66/
n81
d265:00
d158:43
f59:17
f279:15
f63:5
d265:4
f132:3
d10
d100/
d148
d158
d163/
d181
d219/
d235
d251/
d265
d69/
d86/
f132
f179/
f233/
f255/
f279
f59
f63
f82/
n32/
n5/
n66/
n81
d10
d100/
d148
d158
d163/
d181
d219/
d235
d251/
d265
d69/
d86/
f132
f179/
f233/
f255/
f279
f59
f63
f82/
n32/
n5/
n66/
n81
Invalid operation
/d158
d158:cwhbkqt7a2 vxfjbm7487mxh70vmwqs005-v1p bfx0
d265:00 00 D2
d158:cwhbkqt7a2 vxfjbm7487mxh70vmwqs005-v1p bfx0
d158:cwhbkqt7a2 vxfjbm7487mxh70vmwqs005-v1p bfx0
d265:00 00 D2 00 00 00 20 84 FB FF 7E
n6
d265:00 00 20
d158:44
f59:17
d10
d100/
d148
d158
d163/
d181
d219/
d235
d251/
d265
d69/
d86/
f132
f179/
f233/
f255/
f279
f59
f63
f82/
n32/
n5/
n66/
n81
d69:dir:0
d158:cwhbkqt7a2 vxfjbm7487mxh70vmwqs005-v1p bfx0x2symh55sdihg
Invalid operation
d100/
d148
d158
d163/
d181
d219/
d235
d251/
d265
d69/
d86/
f132
f179/
f233/
f255/
f279
f42
f59
f63
f82/
n32/
n5/
n66/
n81
d69:dir:0
d265:D2 00 CF D9 5D A7
Invalid operation
d16/
f82/
└── d16/
Invalid operation
d69:dir:0
d69:dir:0
Invalid operation
Invalid operation
d265:7D
d265:7D
Invalid operation
Null
d158:56
f203:35
d36:13
f158:7
n27:5
d218:0
d158:56
f42:17
d100/
d148
d158
d163/
d181
d219/
d235
d251/
d265
d69/
d86/
f114/
f132
f179/
f233/
f255/
f279
f42
f59
f63
f82/
n32/
n5/
n66/
n81
Invalid operation
Invalid operation
/
├── d100/
├── d148
├── d158
├── d163/
├── d181
├── d219/
│   ├── d207/
│   ├── f13/
│   ├── f148/
│   └── f58/
├── d235
├── d251/
├── d265
├── d69/
│   ├── d109/
│   ├── d146/
│   ├── d165/
│   │   └── f85/
│   ├── d175/
│   ├── d186
│   ├── d194/
│   ├── d242
│   ├── d244
│   ├── d274/
│   ├── d39/
│   ├── f189
│   ├── f224/
│   ├── f279/
│   ├── f40
│   ├── f48
│   ├── n43/
│   └── n73/
├── d86/
├── f114/
├── f132
├── f179/
├── f233/
│   ├── d137/
│   ├── d144/
│   ├── d146/
│   ├── d191/
│   ├── d218
│   ├── d271/
│   │   └── d227/
│   ├── d36
│   ├── d40/
│   ├── d53/
│   │   ├── d124
│   │   └── n96/
│   ├── f101/
│   ├── f149/
│   │   ├── d131/
│   │   ├── d147/
│   │   ├── d174/
│   │   ├── d236
│   │   ├── d272
│   │   ├── f120/
│   │   ├── f222/
│   │   ├── f256
│   │   ├── f61/
│   │   ├── f70/
│   │   └── n69
│   ├── f158
│   ├── f203
│   ├── f235/
│   ├── f99
│   └── n27
├── f255/
├── f279
├── f42
├── f59
├── f63
├── f82/
│   ├── d16/
│   └── f122/
├── n32/
├── n5/
├── n66/
└── n81
d69:dir:0
/
├── d100/
├── d148
├── d158
├── d163/
├── d181
├── d219/
│   ├── d207/
│   ├── f13/
│   ├── f148/
│   └── f58/
├── d235
├── d251/
├── d265
├── d69/
│   ├── d109/
│   ├── d146/
│   ├── d165/
│   │   └── f85/
│   ├── d175/
│   ├── d186
│   ├── d194/
│   ├── d242
│   ├── d244
│   ├── d274/
│   ├── d39/
│   ├── f189
│   ├── f224/
│   ├── f279/
│   ├── f40
│   ├── f48
│   ├── n43/
│   └── n73/
├── d86/
├── f114/
├── f132
├── f179/
├── f233/
│   ├── d137/
│   ├── d144/
│   ├── d146/
│   ├── d191/
│   ├── d218
│   ├── d271/
│   │   └── d227/
│   ├── d36
│   ├── d40/
│   ├── d53/
│   │   ├── d124
│   │   └── n96/
│   ├── f101/
│   ├── f149/
│   │   ├── d131/
│   │   ├── d147/
│   │   ├── d174/
│   │   ├── d236
│   │   ├── d272
│   │   ├── f120/
│   │   ├── f222/
│   │   ├── f256
│   │   ├── f61/
│   │   ├── f70/
│   │   └── n69
│   ├── f158
│   ├── f203
│   ├── f235/
│   ├── f99
│   └── n27
├── f255/
├── f279
├── f42
├── f59
├── f63
├── f82/
│   ├── d16/
│   └── f122/
├── n32/
├── n5/
├── n66/
└── n81
Invalid operation
Invalid operation
d129/
d137/
d144/
d146/
d191/
d218
d271/
d36
d40/
d53/
f101/
f149/
f158
f203
f235/
f99
n27
d158:cwhbkqt7a2 vxfjbm7487mxh70vmwqs005-v1p bfx0x2symh55sdihg
/d158
d158:cwhbkqt7a2 vxfjbm7487mxh70vmwqs005-v1p bfx0x2symh55sdihgx
Invalid operation
Null
f203:35
d36:13
f158:7
n27:5
d218:0
d158:cwhbkqt7a2 vxfjbm7487mxh70vmwqs005-v1p bfx0x2symh55sdihgx
Invalid operation
f233/
├── d129/
├── d137/
├── d144/
├── d146/
├── d179/
├── d191/
├── d218
├── d271/
│   └── d227/
├── d36
├── d40/
├── d53/
│   ├── d124
│   └── n96/
├── f101/
├── f149/
│   ├── d131/
│   ├── d147/
│   ├── d174/
│   ├── d236
│   ├── d272
│   ├── f120/
│   ├── f222/
│   ├── f256
│   ├── f61/
│   ├── f70/
│   └── n69
├── f158
├── f203
├── f218/
├── f235/
├── f69/
├── f99
└── n27
d158:cwhbkqt7a2 vxfjbm7487mxh70vmwqs005-v1p bfx0x2symh55sdihgx
d129/
d137/
d144/
d146/
d179/
d191/
d218
d271/
d36
d40/
d53/
f101/
f149/
f158
f203
f218/
f235/
f69/
f99
n27
d129/
d137/
d144/
d146/
d179/
d191/
d218
d271/
d36
d40/
d53/
f101/
f149/
f158
f203
f218/
f235/
f69/
f99
n16/
n27
d265:4F 1D EC
Null
Invalid operation
Invalid operation
d69:dir:0
Null
d265:A7 28 3F 56 22 88 02 31 4F 1D EC
d265:28 3F 56 22
Invalid operation
Invalid operation
/d158
/d158
Invalid operation
/d158
/d158
/d158
Invalid operation
Invalid operation
Invalid operation
d10
d129/
d137/
d144/
d146/
d179/
d191/
d218
d271/
d36
d40/
d53/
f101/
f135/
f149/
f158
f203
f218/
f235/
f268/
f69/
f99
n16/
n27
d158:cwhbkqt7a2 vxfjbm7487mxh70vmwqs005-v1p bfx0x2symh55sdihgxx
d265:00 3E 1E 00 CF D9 5D A7 28 3F 56 22 88 02 31 4F
Invalid operation
d69:dir:0
Invalid operation
d265:B8 00 00 00 CE E3
d242:txt:16
d10
d129/
d137/
d144/
d146/
d175
d179/
d191/
d218
d242
d271/
d36
d40/
d53/
d68
f101/
f135/
f149/
f158
f17
f203
f218/
f235/
f268/
f69/
f99
n16/
n27
d242:txt:16
Null
/f233/d242
Invalid operation
Invalid operation
f203:35
d10:17
d242:16
d71:16
f233/
├── d10
├── d105
├── d129/
├── d137/
├── d144/
├── d146/
├── d179/
├── d191/
├── d218
├── d242
├── d271/
│   └── d227/
├── d36
├── d40/
├── d53/
│   ├── d124
│   └── n96/
├── d68
├── d71
├── f101/
├── f135/
├── f149/
│   ├── d131/
│   ├── d147/
│   ├── d174/
│   ├── d236
│   ├── d272
│   ├── f120/
│   ├── f222/
│   ├── f256
│   ├── f61/
│   ├── f70/
│   └── n69
├── f158
├── f17
├── f203
├── f218/
├── f235/
├── f248/
├── f268/
├── f69/
├── f70
├── f99
├── n16/
└── n27
Invalid operation
/d158
d158:58
d265:27
f42:17
f59:17
f279:15
f63:5
d158:58
d265:27
d100/
d152
d158
d163/
d181
d219/
d235
d251/
d265
d69/
d86/
f114/
f132
f179/
f233/
f255/
f279
f42
f59
f63
f82/
f83
n32/
n5/
n66/
n81
Invalid operation
d158:66
d69:dir:0
/d158
Invalid operation
d100/
d152
d158
d163/
d181
d219/
d235
d251/
d265
d69/
d86/
f114/
f132
f179/
f233/
f255/
f279
f42
f59
f63
f82/
n32/
n5/
n66/
n81
/
├── d100/
├── d152
├── d158
├── d163/
├── d181
├── d219/
│   ├── d207/
│   ├── f13/
│   ├── f148/
│   └── f58/
├── d235
├── d251/
├── d265
├── d69/
│   ├── d109/
│   ├── d146/
│   ├── d165/
│   │   └── f85/
│   ├── d175/
│   ├── d186
│   ├── d194/
│   ├── d242
│   ├── d244
│   ├── d274/
│   ├── d39/
│   ├── f189
│   ├── f224/
│   ├── f279/
│   ├── f40
│   ├── f48
│   ├── n43/
│   └── n73/
├── d86/
├── f114/
├── f132
├── f179/
├── f233/
│   ├── d10
│   ├── d105
│   ├── d129/
│   ├── d137/
│   ├── d144/
│   ├── d146/
│   ├── d179/
│   ├── d191/
│   ├── d218
│   ├── d242
│   ├── d271/
│   │   └── d227/
│   ├── d36
│   ├── d40/
│   ├── d53/
│   │   ├── d124
│   │   └── n96/
│   ├── d68
│   ├── d71
│   ├── f101/
│   ├── f135/
│   ├── f149/
│   │   ├── d131/
│   │   ├── d147/
│   │   ├── d174/
│   │   ├── d236
│   │   ├── d272
│   │   ├── f120/
│   │   ├── f222/
│   │   ├── f256
│   │   ├── f61/
│   │   ├── f70/
│   │   └── n69
│   ├── f158
│   ├── f17
│   ├── f203
│   ├── f218/
│   ├── f235/
│   ├── f248/
│   ├── f268/
│   ├── f54/
│   ├── f69/
│   ├── f70
│   ├── f99
│   ├── n16/
│   └── n27
├── f255/
├── f279
├── f42
├── f59
├── f63
├── f82/
│   ├── d16/
│   └── f122/
├── n32/
├── n5/
├── n66/
└── n81
Invalid operation
/d158
Invalid operation
/d158
Invalid operation
d265:DE BC 5B
Null
Invalid operation
d100/
d152
d158
d163/
d181
d219/
d235
d251/
d265
d69/
d86/
f114/
f127
f132
f179/
f233/
f255/
f279
f42
f59
f63
f82/
n32/
n5/
n66/
n81
Invalid operation
d158:cwhbkqt7a2 vxfjbm7487mxh70vmwqs005-v1p bfx0x2symh55sdihgxxww2-x8bfx
/
├── d100/
├── d152
├── d158
├── d163/
├── d181
├── d219/
│   ├── d207/
│   ├── f13/
│   ├── f148/
│   └── f58/
├── d235
├── d251/
├── d265
├── d69/
│   ├── d109/
│   ├── d146/
│   ├── d165/
│   │   └── f85/
│   ├── d175/
│   ├── d186
│   ├── d194/
│   ├── d242
│   ├── d244
│   ├── d274/
│   ├── d39/
│   ├── f189
│   ├── f224/
│   ├── f279/
│   ├── f40
│   ├── f48
│   ├── n43/
│   └── n73/
├── d86/
├── f114/
├── f127
├── f132
├── f179/
├── f233/
│   ├── d10
│   ├── d105
│   ├── d129/
│   ├── d137/
│   ├── d144/
│   ├── d146/
│   ├── d179/
│   ├── d191/
│   ├── d218
│   ├── d242
│   ├── d271/
│   │   └── d227/
│   ├── d36
│   ├── d40/
│   ├── d53/
│   │   ├── d124
│   │   └── n96/
│   ├── d68
│   ├── d71
│   ├── f101/
│   ├── f135/
│   ├── f149/
│   │   ├── d131/
│   │   ├── d147/
│   │   ├── d174/
│   │   ├── d236
│   │   ├── d272
│   │   ├── f120/
│   │   ├── f222/
│   │   ├── f256
│   │   ├── f61/
│   │   ├── f70/
│   │   └── n69
│   ├── f158
│   ├── f17
│   ├── f203
│   ├── f218/
│   ├── f235/
│   ├── f248/
│   ├── f268/
│   ├── f54/
│   ├── f69/
│   ├── f70
│   ├── f99
│   ├── n16/
│   └── n27
├── f255/
├── f279
├── f42
├── f59
├── f63
├── f82/
│   ├── d16/
│   └── f122/
├── n32/
├── n5/
├── n66/
└── n81
d158:67
d265:39
d100/
d152
d158
d163/
d181
d219/
d235
d251/
d265
d69/
d86/
f114/
f127
f132
f179/
f233/
f255/
f279
f42
f59
f63
f82/
n32/
n5/
n66/
n81
Invalid operation
d158:cwhbkqt7a2 vxfjbm7487mxh70vmwqs005-v1p bfx0x2symh55sdihgxxww2-x8bfxhway2uiifh
Null
d158:77
d265:39
f42:17
f59:17
f279:15
d51:14
f63:5
f132:3
d158:cwhbkqt7a2 vxfjbm7487mxh70vmwqs005-v1p bfx0x2symh55sdihgxxww2-x8bfxhway2uiifh
Invalid operation
f99:dir:0
Invalid operation
d100/
d152
d158
d163/
d219/
d235
d251/
d265
d51
d69/
d83
d86/
f114/
f127
f132
f179/
f233/
f255/
f279
f291/
f42
f59
f63
f82/
n32/
n5/
n66/
n81
Invalid operation
Invalid operation
d100/
d152
d158
d163/
d219/
d235
d251/
d265
d51
d69/
d86/
f114/
f127
f132
f179/
f233/
f255/
f279
f291/
f42
f59
f63
f82/
n32/
n5/
n66/
n81
/
├── d100/
├── d152
├── d158
├── d163/
├── d219/
│   ├── d207/
│   ├── f13/
│   ├── f148/
│   └── f58/
├── d235
├── d251/
├── d265
├── d51
├── d69/
│   ├── d109/
│   ├── d146/
│   ├── d165/
│   │   └── f85/
│   ├── d175/
│   ├── d186
│   ├── d194/
│   ├── d242
│   ├── d244
│   ├── d274/
│   ├── d39/
│   ├── f189
│   ├── f224/
│   ├── f279/
│   ├── f40
│   ├── f48
│   ├── n43/
│   └── n73/
├── d86/
├── f114/
├── f127
├── f132
├── f179/
├── f233/
│   ├── d10
│   ├── d105
│   ├── d129/
│   ├── d137/
│   ├── d144/
│   ├── d146/
│   ├── d179/
│   ├── d191/
│   ├── d218
│   ├── d242
│   ├── d271/
│   │   └── d227/
│   ├── d36
│   ├── d40/
│   ├── d53/
│   │   ├── d124
│   │   └── n96/
│   ├── d68
│   ├── d71
│   ├── f101/
│   ├── f135/
│   ├── f149/
│   │   ├── d131/
│   │   ├── d147/
│   │   ├── d174/
│   │   ├── d236
│   │   ├── d272
│   │   ├── f120/
│   │   ├── f222/
│   │   ├── f256
│   │   ├── f61/
│   │   ├── f70/
│   │   └── n69
│   ├── f158
│   ├── f17
│   ├── f203
│   ├── f218/
│   ├── f235/
│   ├── f248/
│   ├── f268/
│   ├── f54/
│   ├── f69/
│   ├── f70
│   ├── f99
│   ├── n16/
│   └── n27
├── f240
├── f255/
├── f279
├── f291/
├── f42
├── f59
├── f63
├── f82/
│   ├── d16/
│   └── f122/
├── n32/
├── n5/
├── n66/
└── n81
Invalid operation
/
├── d100/
├── d152
├── d158
├── d163/
├── d219/
│   ├── d207/
│   ├── f13/
│   ├── f148/
│   └── f58/
├── d235
├── d251/
├── d265
├── d51
├── d69/
│   ├── d109/
│   ├── d146/
│   ├── d165/
│   │   └── f85/
│   ├── d175/
│   ├── d186
│   ├── d194/
│   ├── d242
│   ├── d244
│   ├── d274/
│   ├── d39/
│   ├── f189
│   ├── f224/
│   ├── f279/
│   ├── f40
│   ├── f48
│   ├── n43/
│   └── n73/
├── d86/
├── f114/
├── f127
├── f132
├── f179/
├── f233/
│   ├── d10
│   ├── d105
│   ├── d129/
│   ├── d137/
│   ├── d144/
│   ├── d146/
│   ├── d179/
│   ├── d191/
│   ├── d218
│   ├── d242
│   ├── d271/
│   │   └── d227/
│   ├── d36
│   ├── d40/
│   ├── d53/
│   │   ├── d124
│   │   └── n96/
│   ├── d68
│   ├── d71
│   ├── f101/
│   ├── f135/
│   ├── f149/
│   │   ├── d131/
│   │   ├── d147/
│   │   ├── d174/
│   │   ├── d236
│   │   ├── d272
│   │   ├── f120/
│   │   ├── f222/
│   │   ├── f256
│   │   ├── f61/
│   │   ├── f70/
│   │   └── n69
│   ├── f158
│   ├── f17
│   ├── f203
│   ├── f218/
│   ├── f235/
│   ├── f248/
│   ├── f268/
│   ├── f54/
│   ├── f69/
│   ├── f70
│   ├── f99
│   ├── n16/
│   └── n27
├── f240
├── f255/
├── f279
├── f291/
├── f42
├── f59
├── f63
├── f82/
│   ├── d16/
│   └── f122/
├── n32/
├── n5/
├── n66/
└── n81
d100/
d152
d158
d163/
d219/
d235
d251/
d265
d51
d69/
d86/
f114/
f127
f132
f159/
f179/
f233/
f240
f255/
f279
f291/
f42
f59
f63
f82/
n32/
n5/
n66/
n81
Invalid operation
Invalid operation
Invalid operation
d158:77
d265:39
f42:17
f59:17
f279:15
d158:77
d265:39
f42:17
f59:17
f279:15
d51:14
f240:5
f63:5
Null
d100/
d152
d158
d163/
d219/
d235
d251/
d265
d51
d69/
d86/
f114/
f127
f132
f159/
f179/
f233/
f240
f255/
f279
f291/
f42
f59
f63
f82/
n32/
n5/
n66/
n81
Null
Invalid operation
Invalid operation
Invalid operation
d265:00 00 75 DE BC 5B
d100/
d152
d158
d163/
d219/
d235
d251/
d265
d51
d69/
d86/
f114/
f127
f132
f159/
f179/
f199/
f233/
f240
f255/
f279
f291/
f42
f59
f63
f82/
n32/
n5/
n66/
n81
d69:dir:0
Invalid operation
Invalid operation
/d158
Null
Invalid operation
Invalid operation
d69:dir:0
d100/
d152
d158
d163/
d206
d219/
d234
d235
d251/
d265
d51
d69/
d86/
f114/
f127
f132
f159/
f179/
f199/
f233/
f240
f255/
f279
f291/
f42
f48/
f59
f63
f82/
n32/
n5/
n66/
n81
/
├── d100/
├── d152
├── d158
├── d163/
├── d206
├── d219/
│   ├── d207/
│   ├── f13/
│   ├── f148/
│   └── f58/
├── d234
├── d235
├── d251/
├── d265
├── d51
├── d69/
│   ├── d109/
│   ├── d146/
│   ├── d165/
│   │   └── f85/
│   ├── d175/
│   ├── d186
│   ├── d194/
│   ├── d242
│   ├── d244
│   ├── d274/
│   ├── d39/
│   ├── f189
│   ├── f224/
│   ├── f279/
│   ├── f40
│   ├── f48
│   ├── n43/
│   └── n73/
├── d86/
├── f114/
├── f127
├── f132
├── f159/
├── f179/
├── f199/
├── f233/
│   ├── d10
│   ├── d105
│   ├── d129/
│   ├── d137/
│   ├── d144/
│   ├── d146/
│   ├── d179/
│   ├── d191/
│   ├── d218
│   ├── d242
│   ├── d271/
│   │   └── d227/
│   ├── d36
│   ├── d40/
│   ├── d53/
│   │   ├── d124
│   │   └── n96/
│   ├── d68
│   ├── d71
│   ├── f101/
│   ├── f135/
│   ├── f149/
│   │   ├── d131/
│   │   ├── d147/
│   │   ├── d174/
│   │   ├── d236
│   │   ├── d272
│   │   ├── f120/
│   │   ├── f222/
│   │   ├── f256
│   │   ├── f61/
│   │   ├── f70/
│   │   └── n69
│   ├── f158
│   ├── f17
│   ├── f203
│   ├── f218/
│   ├── f235/
│   ├── f248/
│   ├── f268/
│   ├── f54/
│   ├── f69/
│   ├── f70
│   ├── f99
│   ├── n16/
│   └── n27
├── f240
├── f255/
├── f279
├── f291/
├── f42
├── f48/
├── f59
├── f63
├── f82/
│   ├── d16/
│   └── f122/
├── n32/
├── n5/
├── n66/
└── n81
d100/
d152
d158
d163/
d206
d219/
d234
d235
d251/
d265
d51
d69/
d86/
f114/
f127
f132
f159/
f179/
f199/
f233/
f240
f255/
f279
f291/
f42
f48/
f59
f63
f82/
n32/
n5/
n66/
n81
Invalid operation
Invalid operation
d265:C3 7F
d16/
f122/
n45
d265:20 31
n45:x1dzitfau
n45:txt:9
n45:txt:9
d16/
d203
f122/
f157/
n45
/f82/n45
d265:73 48 A3 00 00 75 DE BC 5B 35 A6
Invalid operation
n45:x1dzitfau
d265:C1 B9 6C 4F E6 EA 8E
Invalid operation
d158:cwhbkqt7a2 vxfjbm7487mxh70vmwqs005-v1p bfx0x2symh55sdihgxxww2-x8bfxhway2uiifhpmtk4x
Invalid operation
d69:dir:0
d69:dir:0
Invalid operation
d100/
d152
d155
d158
d163/
d206
d219/
d234
d235
d251/
d265
d270/
d51
d69/
d72
d86/
f114/
f127
f132
f138/
f159/
f179/
f199/
f233/
f235/
f240
f243
f255/
f279
f291/
f42
f48/
f59
f63
f82/
n32/
n5/
n66/
n81
Invalid operation
Invalid operation
d158:cwhbkqt7a2 vxfjbm7487mxh70vmwqs005-v1p bfx0x2symh55sdihgxxww2-x8bfxhway2uiifhpmtk4x
/
├── d100/
├── d152
├── d155
├── d158
├── d163/
├── d206
├── d219/
│   ├── d207/
│   ├── f13/
│   ├── f148/
│   └── f58/
├── d234
├── d235
├── d251/
├── d265
├── d270/
├── d51
├── d69/
│   ├── d109/
│   ├── d146/
│   ├── d165/
│   │   └── f85/
│   ├── d175/
│   ├── d186
│   ├── d194/
│   ├── d242
│   ├── d244
│   ├── d274/
│   ├── d39/
│   ├── f189
│   ├── f224/
│   ├── f279/
│   ├── f40
│   ├── f48
│   ├── n43/
│   └── n73/
├── d72
├── d86/
├── f114/
├── f127
├── f132
├── f138/
├── f159/
├── f179/
├── f199/
├── f233/
│   ├── d10
│   ├── d105
│   ├── d129/
│   ├── d137/
│   ├── d144/
│   ├── d146/
│   ├── d179/
│   ├── d191/
│   ├── d218
│   ├── d242
│   ├── d271/
│   │   └── d227/
│   ├── d36
│   ├── d40/
│   ├── d53/
│   │   ├── d124
│   │   └── n96/
│   ├── d68
│   ├── d71
│   ├── f101/
│   ├── f135/
│   ├── f149/
│   │   ├── d131/
│   │   ├── d147/
│   │   ├── d174/
│   │   ├── d236
│   │   ├── d272
│   │   ├── f120/
│   │   ├── f222/
│   │   ├── f256
│   │   ├── f61/
│   │   ├── f70/
│   │   └── n69
│   ├── f158
│   ├── f17
│   ├── f203
│   ├── f218/
│   ├── f235/
│   ├── f248/
│   ├── f268/
│   ├── f54/
│   ├── f69/
│   ├── f70
│   ├── f99
│   ├── n16/
│   └── n27
├── f235/
├── f240
├── f255/
├── f279
├── f291/
├── f42
├── f48/
├── f55
├── f59
├── f63
├── f66
├── f82/
│   ├── d16/
│   ├── d203
│   ├── f122/
│   ├── f175
│   └── n45
├── n32/
├── n5/
├── n66/
└── n81
Invalid operation
d158:83
d265:37
f42:17
f59:17
f279:15
f66:15
d51:14
d265:BC 5B 35 A6 00
/d158
d158:cwhbkqt7a2 vxfjbm7487mxh70vmwqs005-v1p bfx0x2symh55sdihgxxww2-x8bfxhway2uiifhpmtk4x
Invalid operation
Invalid operation
Invalid operation
/d158
d100/
d152
d155
d158
d163/
d17
d219/
d234
d235
d251/
d254
d265
d270/
d51
d69/
d72
d86/
f114/
f127
f132
f138/
f159/
f179/
f199/
f233/
f235/
f240
f255/
f279
f291/
f42
f48/
f55
f59
f63
f66
f82/
n32/
n5/
n66/
n81
d158:cwhbkqt7a2 vxfjbm7487mxh70vmwqs005-v1p bfx0x2symh55sdihgxxww2-x8bfxhway2uiifhpmtk4x
d265:8E 01 D4 0A 20 31 A7 C3 7F 44 7B 2D
Invalid operation
Null
Invalid operation
d265:BB 12 88 3E 3C 45 E6 EA 8E 01 D4 0A 20 31 A7 C2 CE FE 7B 2D 56 73 85 53 88 57 75 DE
Invalid operation
d265:A6
d100/
d142
d152
d155
d158
d163/
d17
d195
d219/
d234
d235
d251/
d254
d265
d270/
d51
d69/
d72
d86/
f114/
f127
f132
f138/
f159/
f179/
f199/
f233/
f235/
f240
f255/
f279
f291/
f42
f48/
f55
f59
f63
f66
f82/
n32/
n35/
n5/
n66/
n81
d265:3E 1E BB 12 88 3E 3C 45 E6 EA 8E 01
d158:98
d265:37
f42:17
f59:17
d254:15
f279:15
f66:15
d158:cwhbkqt7a2 vxfjbm7487mxh70vmwqs005-v1p bfx0x2symh55sdihgxxww2-x8bfxhway2uiifhpmtk4xbi910yru3uf8wl 
Invalid operation
f237:dir:0
/d158
Invalid operation
d69:dir:0
d158:cwhbkqt7a2 vxfjbm7487mxh70vmwqs005-v1p bfx0x2symh55sdihgxxww2-x8bfxhway2uiifhpmtk4xbi910yru3uf8wl c.ijjd4_m8fb
d158:110
d265:37
f42:17
f59:17
d254:15
d158:111
d265:37
f42:17
f59:17
d254:15
f279:15
f66:15
Invalid operation
/d158
d158:111
d265:37
f42:17
f59:17
d254:15
f279:15
d158:cwhbkqt7a2 vxfjbm7487mxh70vmwqs005-v1p bfx0x2symh55sdihgxxww2-x8bfxhway2uiifhpmtk4xbi910yru3uf8wl c.ijjd4_m8fbx
/d158
Null
d100/
d141
d142
d152
d155
d158
d163/
d17
d179
d195
d219/
d234
d235
d251/
d254
d265
d270/
d42
d51
d53
d69/
d72
d86/
d98
f114/
f127
f132
f138/
f147/
f159/
f168/
f179/
f199/
f233/
f235/
f240
f255/
f274/
f279
f291/
f42
f48/
f55
f59
f63
f66
f82/
n32/
n35/
n5/
n66/
n81
d158:cwhbkqt7a2 vxfjbm7487mxh70vmwqs005-v1p bfx0x2symh55sdihgxxww2-x8bfxhway2uiifhpmtk4xbi910yru3uf8wl c.ijjd4_m8fbx
/d158
Invalid operation
Invalid operation
Invalid operation
/
├── d100/
├── d141
├── d142
├── d152
├── d155
├── d158
├── d163/
├── d17
├── d179
├── d195
├── d219/
│   ├── d207/
│   ├── f13/
│   ├── f148/
│   └── f58/
├── d234
├── d235
├── d251/
├── d254
├── d270/
├── d42
├── d51
├── d53
├── d69/
│   ├── d109/
│   ├── d146/
│   ├── d165/
│   │   └── f85/
│   ├── d175/
│   ├── d186
│   ├── d194/
│   ├── d242
│   ├── d244
│   ├── d274/
│   ├── d39/
│   ├── f189
│   ├── f224/
│   ├── f279/
│   ├── f40
│   ├── f48
│   ├── n43/
│   └── n73/
├── d72
├── d86/
├── d98
├── f114/
├── f127
├── f132
├── f138/
├── f147/
├── f159/
├── f168/
├── f179/
├── f199/
│   └── f237/
├── f233/
│   ├── d10
│   ├── d105
│   ├── d129/
│   ├── d137/
│   ├── d144/
│   ├── d146/
│   ├── d179/
│   ├── d191/
│   ├── d218
│   ├── d242
│   ├── d271/
│   │   └── d227/
│   ├── d36
│   ├── d40/
│   ├── d53/
│   │   ├── d124
│   │   └── n96/
│   ├── d68
│   ├── d71
│   ├── f101/
│   ├── f135/
│   ├── f149/
│   │   ├── d131/
│   │   ├── d147/
│   │   ├── d174/
│   │   ├── d236
│   │   ├── d272
│   │   ├── f120/
│   │   ├── f222/
│   │   ├── f256
│   │   ├── f61/
│   │   ├── f70/
│   │   └── n69
│   ├── f158
│   ├── f17
│   ├── f203
│   ├── f218/
│   ├── f235/
│   ├── f248/
│   ├── f268/
│   ├── f54/
│   ├── f69/
│   ├── f70
│   ├── f99
│   ├── n16/
│   └── n27
├── f235/
├── f240
├── f255/
├── f274/
├── f279
├── f291/
├── f42
├── f48/
├── f55
├── f59
├── f63
├── f66
├── f82/
│   ├── d16/
│   ├── d203
│   ├── f122/
│   ├── f175
│   └── n45
├── n32/
├── n35/
├── n5/
├── n66/
└── n81
d100/
d141
d142
d152
d155
d158
d163/
d17
d179
d195
d219/
d234
d235
d251/
d254
d270/
d42
d51
d53
d69/
d72
d86/
d98
f114/
f127
f132
f138/
f147/
f159/
f168/
f179/
f199/
f233/
f235/
f240
f255/
f274/
f279
f291/
f42
f48/
f55
f59
f63
f66
f82/
n32/
n35/
n5/
n66/
n81
d100/
d141
d142
d152
d155
d158
d163/
d17
d179
d195
d219/
d234
d235
d251/
d254
d270/
d42
d51
d53
d69/
d72
d86/
d98
f114/
f127
f132
f138/
f147/
f159/
f168/
f179/
f199/
f233/
f235/
f240
f255/
f274/
f279
f291/
f42
f47
f48/
f55
f59
f63
f66
f82/
n32/
n35/
n5/
n66/
n81
Null
Invalid operation
Invalid operation
Invalid operation
Invalid operation
d235:1D
n54:x
d100/
d141
d142
d152
d155
d158
d163/
d17
d178/
d179
d195
d219/
d234
d235
d251/
d254
d270/
d42
d51
d53
d69/
d72
d86/
d98
f105
f112
f114/
f127
f132
f138/
f147/
f159/
f168/
f179/
f199/
f233/
f235/
f240
f255/
f274/
f279
f291/
f42
f48/
f55
f59
f63
f66
f82/
n32/
n5/
n54
n66/
n81
d100/
d141
d142
d152
d155
d158
d163/
d17
d178/
d179
d195
d219/
d234
d235
d251/
d254
d270/
d42
d51
d53
d69/
d72
d86/
d98
f105
f112
f114/
f127
f132
f138/
f147/
f159/
f168/
f179/
f199/
f233/
f235/
f240
f255/
f274/
f279
f291/
f42
f48/
f55
f59
f63
f66
f82/
n32/
n5/
n54
n66/
n81
d158:111
f42:17
f59:17
d254:15
f279:15
f66:15
d51:14
d235:FB 1D
n54:x
d100/
d141
d142
d152
d155
d158
d163/
d17
d178/
d179
d195
d219/
d234
d235
d251/
d254
d270/
d42
d51
d53
d69/
d72
d86/
d98
f105
f112
f114/
f127
f132
f138/
f147/
f159/
f168/
f178/
f179/
f199/
f218
f233/
f235/
f240
f255/
f274/
f279
f291/
f42
f48/
f55
f59
f63
f66
f82/
n32/
n5/
n54
n66/
n81
Invalid operation
Invalid operation
d100/
d141
d142
d152
d155
d158
d163/
d17
d178/
d179
d195
d219/
d234
d235
d251/
d254
d270/
d42
d51
d53
d69/
d72
d86/
d98
f105
f112
f114/
f127
f132
f138/
f147/
f159/
f168/
f179/
f199/
f218
f233/
f235/
f240
f255/
f274/
f279
f291/
f42
f48/
f55
f59
f63
f66
f82/
n32/
n5/
n54
n66/
n81
Invalid operation
d100/
d141
d142
d152
d155
d158
d163/
d17
d178/
d179
d195
d219/
d234
d235
d251/
d254
d270/
d42
d51
d53
d69/
d72
d86/
d98
f105
f112
f114/
f127
f132
f138/
f147/
f159/
f168/
f179/
f199/
f218
f233/
f235/
f240
f255/
f274/
f279
f291/
f42
f48/
f55
f59
f63
f66
f82/
n32/
n5/
n54
n66/
n81
n54:x
Invalid operation
/
├── d100/
├── d141
├── d142
├── d152
├── d155
├── d158
├── d163/
├── d17
├── d178/
├── d179
├── d195
├── d219/
│   ├── d207/
│   ├── f13/
│   ├── f148/
│   └── f58/
├── d234
├── d235
├── d251/
├── d254
├── d270/
├── d42
├── d51
├── d53
├── d69/
│   ├── d109/
│   ├── d146/
│   ├── d165/
│   │   └── f85/
│   ├── d175/
│   ├── d186
│   ├── d194/
│   ├── d242
│   ├── d244
│   ├── d274/
│   ├── d39/
│   ├── f189
│   ├── f224/
│   ├── f279/
│   ├── f40
│   ├── f48
│   ├── n43/
│   └── n73/
├── d72
├── d86/
├── d98
├── f105
├── f112
├── f114/
├── f127
├── f132
├── f138/
├── f147/
├── f159/
├── f168/
├── f179/
├── f199/
│   └── f237/
├── f218
├── f233/
│   ├── d10
│   ├── d105
│   ├── d129/
│   ├── d137/
│   ├── d144/
│   ├── d146/
│   ├── d179/
│   ├── d191/
│   ├── d218
│   ├── d242
│   ├── d271/
│   │   └── d227/
│   ├── d36
│   ├── d40/
│   ├── d53/
│   │   ├── d124
│   │   └── n96/
│   ├── d68
│   ├── d71
│   ├── f101/
│   ├── f135/
│   ├── f149/
│   │   ├── d131/
│   │   ├── d147/
│   │   ├── d174/
│   │   ├── d236
│   │   ├── d272
│   │   ├── f120/
│   │   ├── f222/
│   │   ├── f256
│   │   ├── f61/
│   │   ├── f70/
│   │   └── n69
│   ├── f158
│   ├── f17
│   ├── f203
│   ├── f218/
│   ├── f235/
│   ├── f248/
│   ├── f268/
│   ├── f54/
│   ├── f69/
│   ├── f70
│   ├── f99
│   ├── n16/
│   └── n27
├── f235/
├── f240
├── f255/
├── f274/
├── f279
├── f291/
├── f42
├── f48/
├── f55
├── f59
├── f63
├── f66
├── f82/
│   ├── d16/
│   ├── d203
│   ├── f122/
│   ├── f175
│   └── n45
├── n32/
├── n5/
├── n54
├── n66/
└── n81
n54:txt:1
Invalid operation
Invalid operation
d235:27 62
n54:xcn0 6y.6ky11dj
d158:111
f42:17
f59:17
d254:15
f279:15
f66:15
n54:15
/
├── d100/
├── d141
├── d142
├── d152
├── d155
├── d158
├── d163/
├── d17
├── d178/
├── d179
├── d195
├── d219/
│   ├── d207/
│   ├── f13/
│   ├── f148/
│   └── f58/
├── d234
├── d235
├── d251/
├── d254
├── d270/
├── d42
├── d51
├── d53
├── d69/
│   ├── d109/
│   ├── d146/
│   ├── d165/
│   │   └── f85/
│   ├── d175/
│   ├── d186
│   ├── d194/
│   ├── d242
│   ├── d244
│   ├── d274/
│   ├── d39/
│   ├── f189
│   ├── f224/
│   ├── f279/
│   ├── f40
│   ├── f48
│   ├── n43/
│   └── n73/
├── d72
├── d86/
├── d98
├── f114/
├── f127
├── f132
├── f138/
├── f147/
├── f159/
├── f168/
├── f179/
├── f199/
│   └── f237/
├── f218
├── f233/
│   ├── d10
│   ├── d105
│   ├── d129/
│   ├── d137/
│   ├── d144/
│   ├── d146/
│   ├── d179/
│   ├── d191/
│   ├── d218
│   ├── d242
│   ├── d271/
│   │   └── d227/
│   ├── d36
│   ├── d40/
│   ├── d53/
│   │   ├── d124
│   │   └── n96/
│   ├── d68
│   ├── d71
│   ├── f101/
│   ├── f135/
│   ├── f149/
│   │   ├── d131/
│   │   ├── d147/
│   │   ├── d174/
│   │   ├── d236
│   │   ├── d272
│   │   ├── f120/
│   │   ├── f222/
│   │   ├── f256
│   │   ├── f61/
│   │   ├── f70/
│   │   └── n69
│   ├── f158
│   ├── f17
│   ├── f203
│   ├── f218/
│   ├── f235/
│   ├── f248/
│   ├── f268/
│   ├── f54/
│   ├── f69/
│   ├── f70
│   ├── f99
│   ├── n16/
│   └── n27
├── f235/
├── f240
├── f255/
├── f274/
├── f279
├── f291/
├── f42
├── f48/
├── f55
├── f59
├── f62/
├── f63
├── f66
├── f82/
│   ├── d16/
│   ├── d203
│   ├── f122/
│   ├── f175
│   └── n45
├── n32/
├── n5/
├── n54
├── n66/
└── n81
Invalid operation
/n54
d235:EB 6D 1E
d158:111
f42:17
f59:17
d254:15
f279:15
f66:15
d51:14
d72:13
f62:dir:0
d235:1E
Invalid operation
Null
Invalid operation
f253
Invalid operation
f253:FB
Invalid operation
f253:9
d28:6
f253:bin:9
Invalid operation
/f284/f253
f253:68 8D FB A9 06 4D C9 00
Invalid operation
Invalid operation
f62:dir:0
Invalid operation
Invalid operation
d288:37b
d288:37b
Invalid operation
d0/
d100/
d141
d142
d152
d155
d158
d163/
d17
d178/
d179
d195
d219/
d234
d235
d251/
d254
d270/
d288
d42
d51
d53
d69/
d72
d86/
d98
f114/
f127
f132
f138/
f147/
f159/
f168/
f179/
f199/
f212/
f233/
f235/
f240
f255/
f274/
f279
f284/
f291/
f42
f48/
f55
f59
f6/
f62/
f63
f66
f82/
n32/
n5/
n66/
n81
Invalid operation
Null
Null
/d288
Invalid operation
d0/
d100/
d141
d142
d152
d155
d158
d163/
d17
d178/
d179
d195
d219/
d226
d234
d235
d251/
d254
d270/
d288
d42
d51
d53
d69/
d72
d86/
d98
f114/
f127
f132
f138/
f147/
f159/
f163/
f168/
f179/
f199/
f212/
f233/
f235/
f240
f255/
f274/
f279
f284/
f291/
f42
f48/
f55
f59
f62/
f63
f66
f82/
n32/
n5/
n66/
n81
/d158
Invalid operation
d0/
d100/
d141
d142
d152
d155
d158
d163/
d17
d178/
d179
d195
d219/
d226
d234
d235
d251/
d254
d270/
d288
d42
d51
d53
d69/
d72
d86/
d98
f114/
f127
f132
f138/
f144/
f147/
f159/
f163/
f168/
f179/
f199/
f212/
f228/
f233/
f235/
f240
f255/
f274/
f279
f284/
f291/
f42
f48/
f55
f59
f62/
f63
f66
f82/
n32/
n5/
n66/
n81
d0/
d100/
d141
d142
d152
d155
d158
d163/
d17
d178/
d179
d195
d219/
d226
d234
d235
d251/
d254
d270/
d288
d42
d51
d53
d69/
d72
d86/
d98
f114/
f127
f132
f138/
f144/
f147/
f159/
f163/
f168/
f179/
f199/
f212/
f228/
f233/
f235/
f240
f255/
f274/
f279
f284/
f291/
f42
f48/
f55
f59
f62/
f63
f66
f82/
n32/
n5/
n66/
n81
Invalid operation
Invalid operation
d235:00 4F
d0/
d100/
d141
d142
d152
d155
d158
d163/
d17
d178/
d179
d195
d219/
d226
d234
d235
d251/
d254
d270/
d288
d42
d51
d53
d69/
d72
d86/
d98
f114/
f127
f132
f138/
f144/
f147/
f159/
f163/
f168/
f179/
f199/
f212/
f225/
f228/
f233/
f235/
f240
f255/
f274/
f279
f284/
f291/
f42
f48/
f55
f59
f62/
f63
f66
f82/
n32/
n5/
n66/
n81
d235:4F 97
Invalid operation
Invalid operation
d235:1E 00 E2 C9 7E
d158:cwhbkqt7a2 vxfjbm7487mxh70vmwqs005-v1p bfx0x2symh55sdihgxxww2-x8bfxhway2uiifhpmtk4xbi910yru3uf8wl c.ijjd4_m8fbxl4.71p8uvv..8ahjiwjdsnpmt
d0/
d100/
d141
d142
d152
d158
d163/
d17
d178/
d179
d195
d219/
d226
d234
d235
d250
d251/
d254
d270/
d288
d42
d51
d53
d69/
d72
d86/
d98
f114/
f127
f132
f138/
f144/
f147/
f159/
f163/
f168/
f179/
f199/
f212/
f225/
f228/
f233/
f235/
f240
f255/
f274/
f279
f284/
f291/
f42
f48/
f55
f59
f62/
f63
f66
f82/
n32/
n5/
n66/
n81
Invalid operation
Invalid operation
d158:136
f42:17
f59:17
d254:15
f279:15
f66:15
d51:14
d0/
d100/
d141
d142
d152
d158
d163/
d17
d178/
d179
d195
d219/
d226
d234
d235
d250
d251/
d254
d270/
d288
d42
d51
d53
d69/
d72
d86/
d98
f114/
f127
f132
f138/
f144/
f147/
f159/
f163/
f168/
f179/
f199/
f212/
f225/
f228/
f233/
f235/
f240
f255/
f274/
f279
f284/
f291/
f42
f48/
f55
f59
f62/
f63
f66
f82/
n32/
n5/
n66/
n81
f158:9B
f203:35
d10:17
d242:16
d71:16
f203:h m_0bpmp3r_tlm0945cuztsf.3.ir86all
f203:h m_0bpmp3r_tlm0945cuztsf.3.ir86all490os2kut59
Null
Null
Invalid operation
f149:dir:0
d10
d105
d129/
d137/
d144/
d146/
d179/
d191/
d218
d242
d271/
d36
d40/
d68
d71
f101/
f135/
f144/
f149/
f158
f17
f203
f218/
f235/
f248/
f252
f268/
f46
f54/
f69/
f70
f99
n16/
n27
n96
d10
d105
d129/
d137/
d144/
d146/
d179/
d191/
d218
d242
d271/
d36
d40/
d68
d71
f101/
f135/
f144/
f149/
f158
f17
f203
f218/
f235/
f248/
f252
f268/
f46
f54/
f69/
f70
f99
n16/
n27
n96
Invalid operation
f149:dir:0
f233/
├── d10
├── d105
├── d129/
├── d137/
├── d144/
├── d146/
├── d179/
├── d191/
├── d218
├── d242
├── d271/
│   └── d227/
├── d36
├── d40/
├── d68
├── d71
├── f101/
├── f135/
├── f144/
├── f149/
│   ├── d131/
│   ├── d147/
│   ├── d174/
│   ├── d236
│   ├── d272
│   ├── f120/
│   ├── f222/
│   ├── f256
│   ├── f61/
│   ├── f70/
│   └── n69
├── f158
├── f17
├── f203
├── f218/
├── f235/
├── f248/
├── f252
├── f268/
├── f46
├── f54/
├── f69/
├── f70
├── f99
├── n16/
├── n27
└── n96
d158:cwhbkqt7a2 vxfjbm7487mxh70vmwqs005-v1p bfx0x2symh55sdihgxxww2-x8bfxhway2uiifhpmtk4xbi910yru3uf8wl c.ijjd4_m8fbxl4.71p8uvv..8ahjiwjdsnpmt
Invalid operation
d0/
d100/
d141
d142
d152
d158
d163/
d17
d178/
d179
d195
d219/
d226
d23/
d234
d235
d250
d251/
d254
d270/
d288
d42
d51
d53
d69/
d72
d86/
d98
f114/
f127
f132
f138/
f144/
f147/
f159/
f163/
f168/
f179/
f199/
f212/
f225/
f228/
f233/
f235/
f240
f255/
f274/
f279
f284/
f291/
f42
f48/
f55
f59
f62/
f63
f66
f82/
n32/
n5/
n66/
n81
d0/
d100/
d141
d142
d152
d158
d163/
d17
d178/
d179
d195
d219/
d226
d23/
d234
d235
d250
d251/
d254
d270/
d288
d42
d51
d53
d69/
d72
d86/
d98
f114/
f127
f132
f138/
f139/
f144/
f147/
f159/
f163/
f168/
f179/
f199/
f212/
f225/
f228/
f233/
f235/
f240
f255/
f274/
f279
f284/
f291/
f42
f48/
f55
f59
f62/
f63
f66
f82/
n32/
n5/
n66/
n81
Invalid operation
d0/
d100/
d141
d142
d152
d158
d163/
d17
d178/
d179
d195
d219/
d226
d23/
d234
d235
d250
d251/
d254
d270/
d288
d42
d51
d53
d69/
d72
d86/
d98
f114/
f127
f132
f138/
f139/
f144/
f147/
f159/
f163/
f168/
f179/
f199/
f212/
f219/
f225/
f228/
f233/
f235/
f240
f255/
f274/
f279
f284/
f291/
f42
f48/
f55
f59
f62/
f63
f66
f82/
n32/
n5/
n66/
n81
f210:v4i.178ohdpv7pm
d235:9C
Invalid operation
Invalid operation
Invalid operation
d158:136
f42:17
f59:17
f210:16
Null
Invalid operation
Invalid operation
d109/
d146/
d165/
d175/
d186
d194/
d242
d244
d274/
d39/
f189
f224/
f279/
f40
f48
n43/
n73/
Invalid operation
Invalid operation
Invalid operation
Invalid operation
Invalid operation
Invalid operation
d0/
d100/
d141
d142
d148
d152
d158
d163/
d17
d178/
d179
d195
d219/
d226
d23/
d234
d235
d250
d251/
d254
d270/
d288
d42
d51
d53
d57
d69/
d72
d86/
d98
f114/
f127
f132
f138/
f139/
f144/
f147/
f159/
f163/
f168/
f179/
f199/
f210
f212/
f219/
f225/
f228/
f233/
f235/
f240
f255/
f274/
f279
f284/
f291/
f32
f42
f48/
f55
f59
f62/
f63
f66
f82/
n32/
n5/
n65/
n66/
n70/
n81
d0/
d100/
d141
d142
d148
d152
d158
d163/
d17
d178/
d179
d195
d219/
d226
d23/
d234
d235
d250
d251/
d254
d270/
d288
d42
d51
d53
d57
d69/
d72
d86/
d98
f114/
f127
f132
f138/
f139/
f144/
f147/
f159/
f163/
f168/
f179/
f199/
f210
f212/
f219/
f225/
f228/
f233/
f235/
f240
f255/
f274/
f279
f284/
f291/
f32
f42
f48/
f55
f59
f62/
f63
f66
f82/
n32/
n5/
n66/
n70/
n81
Null
d0/
d100/
d132/
d141
d142
d148
d152
d158
d163/
d17
d178/
d179
d195
d219/
d226
d23/
d234
d235
d250
d251/
d254
d270/
d288
d42
d51
d53
d57
d69/
d72
d86/
d98
f114/
f127
f132
f138/
f139/
f144/
f147/
f159/
f163/
f168/
f179/
f199/
f210
f212/
f219/
f225/
f228/
f233/
f235/
f240
f255/
f274/
f279
f284/
f291/
f32
f42
f48/
f55
f59
f62/
f63
f66
f82/
n32/
n5/
n66/
n70/
n81
Invalid operation
Invalid operation
Invalid operation
d158:136
f42:17
f59:17
f210:16
d254:15
Invalid operation
/
├── d0/
├── d100/
├── d141
├── d142
├── d148
├── d152
├── d158
├── d163/
├── d17
├── d178/
├── d179
├── d195
├── d219/
│   ├── d207/
│   ├── f13/
│   ├── f148/
│   └── f58/
├── d226
├── d23/
├── d234
├── d235
├── d250
├── d251/
├── d254
├── d270/
├── d288
├── d42
├── d51
├── d53
├── d57
├── d69/
│   ├── d109/
│   ├── d146/
│   ├── d165/
│   │   └── f85/
│   ├── d175/
│   ├── d186
│   ├── d194/
│   ├── d242
│   ├── d244
│   ├── d274/
│   ├── d39/
│   ├── f189
│   ├── f224/
│   ├── f279/
│   ├── f40
│   ├── f48
│   ├── n43/
│   └── n73/
├── d72
├── d86/
├── d98
├── f114/
├── f127
├── f132
├── f138/
├── f139/
├── f144/
├── f147/
├── f159/
├── f163/
├── f168/
├── f179/
├── f187
├── f199/
│   └── f237/
├── f210
├── f212/
│   ├── d166/
│   └── d56/
├── f219/
├── f225/
├── f228/
├── f233/
│   ├── d10
│   ├── d105
│   ├── d129/
│   ├── d13
│   ├── d137/
│   ├── d144/
│   ├── d146/
│   ├── d179/
│   ├── d191/
│   ├── d218
│   ├── d242
│   ├── d271/
│   │   └── d227/
│   ├── d36
│   ├── d40/
│   ├── d68
│   ├── d71
│   ├── f101/
│   ├── f135/
│   ├── f144/
│   ├── f149/
│   │   ├── d131/
│   │   ├── d147/
│   │   ├── d174/
│   │   ├── d236
│   │   ├── d272
│   │   ├── f120/
│   │   ├── f222/
│   │   ├── f256
│   │   ├── f61/
│   │   ├── f70/
│   │   └── n69
│   ├── f158
│   ├── f17
│   ├── f203
│   ├── f218/
│   ├── f235/
│   ├── f248/
│   ├── f252
│   ├── f268/
│   ├── f46
│   ├── f54/
│   ├── f69/
│   ├── f70
│   ├── f99
│   ├── n16/
│   ├── n27
│   └── n96
├── f235/
├── f240
├── f255/
├── f274/
├── f279
├── f284/
│   ├── d28
│   └── d7/
│       └── n15/
├── f291/
├── f32
├── f42
├── f48/
├── f55
├── f59
├── f62/
├── f63
├── f66
├── f82/
│   ├── d16/
│   ├── d203
│   ├── f122/
│   ├── f175
│   └── n45
├── n105
├── n32/
├── n5/
├── n66/
├── n70/
└── n81
Invalid operation
Invalid operation
Invalid operation
Invalid operation
Invalid operation
Invalid operation
Invalid operation
Invalid operation
Invalid operation
Invalid operation
Invalid operation
Null
/f208
Invalid operation
/
├── d0/
├── d100/
├── d141
├── d142
├── d145
├── d148
├── d152
├── d158
├── d163/
├── d17
├── d178/
├── d179
├── d195
├── d219/
│   ├── d207/
│   ├── f13/
│   ├── f148/
│   └── f58/
├── d226
├── d23/
├── d234
├── d235
├── d250
├── d251/
├── d254
├── d270/
├── d277/
├── d288
├── d42
├── d43/
├── d51
├── d53
├── d57
├── d69/
│   ├── d109/
│   ├── d146/
│   ├── d165/
│   │   └── f85/
│   ├── d175/
│   ├── d186
│   ├── d194/
│   ├── d242
│   ├── d244
│   ├── d274/
│   ├── d39/
│   ├── f189
│   ├── f224/
│   ├── f279/
│   ├── f40
│   ├── f48
│   ├── n43/
│   └── n73/
├── d72
├── d86/
├── d98
├── f114/
├── f127
├── f132
├── f138/
├── f139/
├── f144/
├── f147/
├── f159/
├── f163/
├── f168/
├── f179/
├── f199/
│   └── f237/
├── f208
├── f210
├── f212/
│   ├── d166/
│   └── d56/
├── f219/
├── f225/
├── f228/
├── f233/
│   ├── d10
│   ├── d105
│   ├── d129/
│   ├── d13
│   ├── d137/
│   ├── d144/
│   ├── d146/
│   ├── d179/
│   ├── d191/
│   ├── d218
│   ├── d242
│   ├── d271/
│   │   └── d227/
│   ├── d36
│   ├── d40/
│   ├── d68
│   ├── d71
│   ├── f101/
│   ├── f135/
│   ├── f144/
│   ├── f149/
│   │   ├── d131/
│   │   ├── d147/
│   │   ├── d174/
│   │   ├── d236
│   │   ├── d272
│   │   ├── f120/
│   │   ├── f222/
│   │   ├── f256
│   │   ├── f61/
│   │   ├── f70/
│   │   └── n69
│   ├── f158
│   ├── f17
│   ├── f203
│   ├── f218/
│   ├── f235/
│   ├── f248/
│   ├── f252
│   ├── f268/
│   ├── f46
│   ├── f54/
│   ├── f69/
│   ├── f70
│   ├── f99
│   ├── n16/
│   ├── n27
│   └── n96
├── f235/
├── f240
├── f255/
├── f257
├── f274/
├── f279
├── f284/
│   ├── d28
│   └── d7/
│       └── n15/
├── f291/
├── f32
├── f42
├── f48/
├── f53
├── f55
├── f59
├── f62/
├── f63
├── f66
├── f82/
│   ├── d16/
│   ├── d203
│   ├── f122/
│   ├── f175
│   └── n45
├── n105
├── n32/
├── n5/
├── n66/
├── n70/
└── n81
Null
d145:bin:6
d0/
d100/
d138
d141
d142
d145
d148
d152
d158
d163/
d17
d178/
d179
d195
d219/
d226
d23/
d234
d235
d250
d251/
d254
d270/
d277/
d288
d34/
d42
d43/
d51
d53
d57
d69/
d72
d86/
d98
f114/
f127
f132
f138/
f139/
f144/
f147/
f159/
f163/
f168/
f179/
f199/
f210
f212/
f219/
f225/
f228/
f233/
f235/
f240
f255/
f257
f274/
f279
f284/
f291/
f32
f42
f48/
f53
f55
f59
f62/
f63
f66
f82/
n105
n32/
n5/
n66/
n70/
n81
Null
d145:C8 31
Invalid operation
d34/
Invalid operation
/d145
/d145
d145:9D
Null
n113:2
/d145
Invalid operation
Invalid operation
Invalid operation
d34/
└── d19/
Invalid operation
d0/
d100/
d138
d141
d142
d145
d148
d152
d158
d163/
d17
d178/
d179
d186
d195
d219/
d226
d23/
d234
d235
d250
d251/
d254
d270/
d277/
d288
d34/
d42
d43/
d51
d53
d57
d69/
d72
d86/
d98
f114/
f127
f132
f138/
f139/
f144/
f147/
f159/
f163/
f168/
f179/
f199/
f210
f212/
f219/
f225/
f228/
f233/
f235/
f240
f255/
f257
f274/
f279
f284/
f291/
f32
f42
f48/
f53
f55
f59
f62/
f63
f66
f82/
n105
n32/
n5/
n66/
n70/
n81
d145:9D 38
Invalid operation
d158:136
f42:17
f59:17
n105:17
f210:16
d254:15
f279:15
f66:15
/
├── d0/
├── d100/
├── d138
├── d141
├── d142
├── d145
├── d148
├── d152
├── d158
├── d163/
├── d17
├── d178/
├── d179
├── d195
├── d219/
│   ├── d207/
│   ├── f13/
│   ├── f148/
│   └── f58/
├── d226
├── d23/
├── d234
├── d235
├── d250
├── d251/
├── d254
├── d270/
├── d277/
├── d288
├── d34/
│   └── d19/
├── d42
├── d43/
├── d51
├── d53
├── d57
├── d69/
│   ├── d109/
│   ├── d146/
│   ├── d165/
│   │   └── f85/
│   ├── d175/
│   ├── d186
│   ├── d194/
│   ├── d242
│   ├── d244
│   ├── d274/
│   ├── d39/
│   ├── f189
│   ├── f224/
│   ├── f279/
│   ├── f40
│   ├── f48
│   ├── n43/
│   └── n73/
├── d72
├── d86/
├── d98
├── f114/
├── f127
├── f132
├── f138/
├── f139/
├── f144/
├── f147/
├── f159/
├── f163/
├── f168/
├── f179/
├── f199/
│   └── f237/
├── f210
├── f212/
│   ├── d166/
│   └── d56/
├── f219/
├── f225/
├── f228/
├── f233/
│   ├── d10
│   ├── d105
│   ├── d129/
│   ├── d13
│   ├── d137/
│   ├── d144/
│   ├── d146/
│   ├── d179/
│   ├── d191/
│   ├── d218
│   ├── d242
│   ├── d271/
│   │   └── d227/
│   ├── d36
│   ├── d40/
│   ├── d68
│   ├── d71
│   ├── f101/
│   ├── f135/
│   ├── f144/
│   ├── f149/
│   │   ├── d131/
│   │   ├── d147/
│   │   ├── d174/
│   │   ├── d236
│   │   ├── d272
│   │   ├── f120/
│   │   ├── f222/
│   │   ├── f256
│   │   ├── f61/
│   │   ├── f70/
│   │   └── n69
│   ├── f158
│   ├── f17
│   ├── f203
│   ├── f218/
│   ├── f235/
│   ├── f248/
│   ├── f252
│   ├── f268/
│   ├── f46
│   ├── f54/
│   ├── f69/
│   ├── f70
│   ├── f99
│   ├── n16/
│   ├── n27
│   └── n96
├── f235/
├── f240
├── f255/
├── f257
├── f274/
├── f279
├── f284/
│   ├── d28
│   └── d7/
│       └── n15/
├── f291/
├── f32
├── f42
├── f48/
├── f53
├── f55
├── f59
├── f62/
├── f63
├── f66
├── f82/
│   ├── d16/
│   ├── d203
│   ├── f122/
│   ├── f175
│   └── n45
├── n105
├── n32/
├── n5/
├── n66/
├── n70/
└── n81
d138:txt:0
n73:bin:0
d34/
└── d19/
d138:
d138:txt:0
Invalid operation
d34/
├── d136
└── d19/
Invalid operation
d138:
Invalid operation
Invalid operation
Invalid operation
Invalid operation
d0/
d100/
d138
d141
d142
d145
d148
d152
d158
d163/
d17
d178/
d179
d195
d219/
d226
d23/
d234
d235
d250
d251/
d254
d270/
d277/
d288
d34/
d42
d43/
d49/
d51
d53
d57
d69/
d72
d86/
d98
f114/
f127
f132
f138/
f139/
f144/
f147/
f159/
f163/
f168/
f179/
f199/
f210
f212/
f219/
f225/
f228/
f233/
f235/
f240
f255/
f257
f274/
f279
f284/
f291/
f32
f42
f48/
f53
f55
f59
f62/
f63
f66
f82/
n105
n32/
n5/
n66/
n70/
n81
d138:txt:2
Invalid operation
d138: 3u3e
Invalid operation
Invalid operation
Invalid operation
Invalid operation
Invalid operation
Invalid operation
Invalid operation
Invalid operation
Invalid operation
Null
Invalid operation
Null
Invalid operation
Null
Null
Invalid operation
Invalid operation
d0/
d100/
d138
d141
d142
d144/
d145
d148
d152
d158
d163/
d17
d178/
d179
d195
d219/
d224
d226
d23/
d234
d235
d250
d251/
d254
d270/
d277/
d288
d34/
d42
d43/
d49/
d51
d53
d57
d69/
d72
d86/
d98
f114/
f127
f132
f138/
f139/
f144/
f147/
f159/
f163/
f168/
f179/
f199/
f205
f210
f212/
f219/
f225/
f228/
f233/
f235/
f240
f255/
f257
f274/
f279
f284/
f291/
f32
f42
f48/
f53
f55
f59
f62/
f63
f66
f82/
n105
n32/
n5/
n66/
n70/
n81
Invalid operation
d0/
d100/
d138
d141
d142
d144/
d145
d148
d152
d158
d163/
d17
d178/
d179
d195
d219/
d224
d226
d23/
d234
d235
d250
d251/
d254
d270/
d277/
d288
d34/
d42
d43/
d49/
d51
d53
d57
d69/
d72
d86/
d98
f114/
f127
f132
f138/
f139/
f144/
f147/
f159/
f163/
f168/
f179/
f199/
f205
f210
f212/
f219/
f225/
f228/
f233/
f235/
f240
f255/
f257
f274/
f279
f284/
f291/
f32
f42
f48/
f53
f55
f59
f62/
f63
f66
f82/
n105
n32/
n5/
n66/
n70/
n81
Invalid operation
Invalid operation
Invalid operation
Invalid operation
Invalid operation
Invalid operation
Invalid operation
Null
Invalid operation
Invalid operation
Invalid operation
Invalid operation
d277/
├── d129/
├── f136
└── n101/
d129/
d180
d79
f136
f181
n101/
n92/
d180:28
Invalid operation
/d277/d180
d129/
d174
d180
d79
f136
f181
n101/
n92/
d277/
├── d129/
├── d174
├── d180
├── d79
├── f136
├── f181
├── n101/
└── n92/
d129/
d174
d180
d79
f136
f181
n101/
n92/
n101:dir:0
n101:dir:0
Invalid operation
n101:dir:0
Invalid operation
Invalid operation
Null
d277/
├── d129/
├── d174
├── d180
├── d210/
│   └── d166/
├── d79
├── d85/
│   └── d299
├── f136
├── f181
├── n101/
├── n108
└── n92/
d180:57 5E 1C 00
Invalid operation
d129/
d174
d180
d210/
d85/
f136
f181
n101/
n108
n92/
d180:00 00
d129/
d174
d180
d210/
f124/
f136
f168
f181
n101/
n108
n92/
d180:01 99 A0 51
/d277/d180
/d277/d180
n101:dir:0
d129/
d174
d180
d210/
f124/
f136
f168
f181
n101/
n108
n92/
d277/
├── d129/
├── d174
├── d180
├── d210/
│   └── d166/
├── f124/
├── f136
├── f168
├── f181
├── n101/
├── n108
└── n92/
Invalid operation
d129/
d174
d180
d210/
f124/
f136
f168
f181
n101/
n108
n92/
n101:dir:0
/d277/d180
Invalid operation
Null
Invalid operation
d180:D5 99
Invalid operation
Invalid operation
d180:A1 D5 99
/f55
/d277/d180
Invalid operation
Invalid operation
d127/
d129/
d174
d180
d210/
f124/
f136
f168
f21/
f59
n92/
d180:95 99 A0 51 F7 DC 00
Null
Null
d180:F7 DC 74
Invalid operation
d129/
d174
d180
d210/
d50/
f124/
f136
f168
f21/
f59
n92/
d180:61 C2
d180:61 C2
Invalid operation
d16:17
d180:11
f136:11
f168:8
d26:7
f59:3
f37:2
d180:bin:11
Invalid operation
Null
Null
Invalid operation
d277/
├── d129/
├── d16
├── d174
├── d180
├── d182/
├── d210/
│   └── d166/
├── d26
├── d50/
├── f124/
├── f136
├── f168
├── f21/
├── f37
├── f50
├── f59
└── n92/
d180:86 0D 00 00
Invalid operation
Invalid operation
d16:17
f136:11
f50:11
d180:10
d26:7
d91:7
f17:3
d180:0D 00
d16:17
f136:11
f50:11
d180:10
d26:7
d91:7
f17:3
d180:C7 01 D6 67 86
Invalid operation
Invalid operation
d129/
d16
d174
d180
d182/
d210/
d26
d50/
f124/
f136
f17
f21/
f277
f37
f50
f59
n92/
d180:8B C7 01 D6
d180:bin:10
d129/
d16
d174
d180
d182/
d210/
d26
d50/
f11
f124/
f136
f17
f21/
f277
f37
f50
f59
n92/
Null
f132:dir:0
f60
d210/
└── d166/
Null
d129/
d174
d210/
d26
d50/
f11
f124/
f136
f17
f21/
f277
f37
f50
f59
n117/
n92/
d277/
├── d129/
├── d174
├── d210/
│   └── d166/
├── d26
├── d50/
├── f11
├── f124/
├── f136
├── f17
├── f21/
├── f277
├── f37
├── f50
├── f59
├── n117/
└── n92/
Null
d174:bin:1
d174:00
d174:bin:1
Invalid operation
d174:bin:7
d129/
d174
d200
d210/
d217
d250/
d26
d50/
f11
f124/
f136
f17
f21/
f277
f37
f59
n117/
n63
n92/
Null
d129/
d174
d200
d210/
d217
d250/
d26
d50/
f11
f124/
f136
f17
f21/
f277
f37
f59
n117/
n63
n92/
d166/
Invalid operation
Invalid operation
/d277/d174
d166:dir:0
d129/
d174
d200
d210/
d217
d250/
d26
d50/
f11
f124/
f136
f17
f21/
f234/
f277
f37
f59
n117/
n63
n92/
d277/
├── d129/
├── d174
├── d200
├── d210/
│   ├── d139
│   ├── d166/
│   └── d249/
├── d217
├── d250/
├── d26
├── d50/
├── f11
├── f124/
├── f136
├── f17
├── f21/
├── f277
├── f37
├── f59
├── n117/
├── n63
└── n92/
Invalid operation
/d277/d174
d174:A3 D8
Invalid operation
d174:bin:13
d129/
d174
d200
d210/
d217
d250/
d26
d50/
f11
f124/
f136
f21/
f277
f37
f59
n117/
n63
n92/
Invalid operation
Invalid operation
Invalid operation
Invalid operation
d232/
└── n97/
Invalid operation
Invalid operation
n97/
n97/
d232/
└── n97/
/d277/d174
Invalid operation
Invalid operation
f251:x72joojdj2_7v
Invalid operation
f251:x72joojdj2_7v
f251:x72joojdj2_7v
Invalid operation
f251:13
f251:md:13
f97
n6
f34
f97
n6
n6:17
f34:12
f97:9
Invalid operation
Null
/d277/d50/d232/f251
Invalid operation
d232/
d232:dir:0
Invalid operation
Invalid operation
Invalid operation
d187:8
f76:4
d232/
├── d113/
├── d187
├── d247/
├── d95/
├── f34/
├── n29/
│   ├── f97
│   └── n6
└── n97/
/d277/d50/d232/d187
d113/
d187
d247/
d95/
f34/
n29/
n97/
Invalid operation
Invalid operation
Invalid operation
Invalid operation
Invalid operation
Invalid operation
Invalid operation
Invalid operation
d232/
├── d113/
├── d247/
├── d95/
├── f278/
├── f34/
├── f76
├── n29/
│   ├── f97
│   └── n6
└── n97/
n29:dir:0
Invalid operation
d174:7E
d113/
d247/
d95/
f116
f278/
f34/
n29/
n97/
f116:3
f116:3
Invalid operation
n29:dir:0
d89:6D 86 E2
f116:6z4
Null
f221:6
d89:4
f116:3
n29:dir:0
n29:dir:0
Invalid operation
d113/
d162
d234/
d247/
d95/
f116
f140
f221
f278/
f34/
n29/
n89
n97/
d113/
d162
d234/
d247/
d95/
f140
f221
f278/
f34/
n29/
n89
n97/
Invalid operation
d162:16
f140:7
f221:6
n89:6
d232/
├── d113/
├── d162
├── d234/
├── d247/
├── d95/
├── f140
├── f221
├── f278/
├── f34/
├── n29/
│   ├── f97
│   └── n6
├── n89
└── n97/
f221:yq91ep
n29:dir:0
Invalid operation
d232:dir:0
Invalid operation
Invalid operation
Invalid operation
Invalid operation
/d277/d174
Invalid operation
n29:dir:0
Null
f97
n6
n6:17
d113/
d162
d234/
d247/
d95/
f140
f221
f278/
f34/
n29/
n89
n97/
Invalid operation
d232/
├── d113/
├── d162
├── d169
├── d234/
├── d247/
├── d95/
├── f221
├── f278/
├── f34/
├── n29/
│   ├── f97
│   └── n6
├── n89
└── n97/
d162:16
f221:10
d232/
├── d113/
├── d162
├── d169
├── d234/
├── d247/
├── d291
├── d95/
├── f156/
├── f221
├── f278/
├── f34/
├── n29/
│   ├── f97
│   └── n6
├── n89
└── n97/
Invalid operation
Invalid operation
f228:dir:0
Invalid operation
f221:yq91epf50q2ni
f228:dir:0
f156/
└── f174/
    └── f228/
Invalid operation
Invalid operation
f174/
f35
f35:2
d174:97 BC F5
d174:31 8F 04 00
f262/
f289/
f35
d174:D7 90 FC EF F0 31 8F 04 00 00 B5 21 FE 8C 89 B2 39
d174:B2 39 A9 AD BB
d174:89
f156/
├── f262/
├── f289/
└── f35
Invalid operation
d174:97 BC F5 BB 3A
d174:00 B5 21 FE 8C 89 B2 39 A9 AD BB EA F9 2D 50 BC F5 BB 3A
f262/
f289/
f35
d272
f262/
f289/
f35
Invalid operation
f156/
├── d272
├── f119/
├── f215/
├── f262/
├── f289/
└── f35
/d277/d50/d232/f156/f35
Null
d272
f119/
f215/
f262/
f289/
f35
Invalid operation
/d277/d50/d232/f156/f35
d272:45
Invalid operation
/d277/d50/d232/f221
d162:16
f221:13
d169:7
n89:6
d291:0
Invalid operation
d174:00
d174:AD BB EA F9 2D 50 BC F5 BB 3A
d232:dir:0
d232/
d54
f273/
f253:j2k.ijp 
Null
d72:0
f197:0
d72:0
Invalid operation
d232:dir:0
Invalid operation
Null
n29:dir:0
Invalid operation
Invalid operation
d272:45
/d277/d50/d232/f156/f35
d147/
d272
d48/
f119/
f215/
f262/
f289/
f35
n4/
n98/
f156/
├── d147/
├── d272
├── d48/
├── f119/
├── f215/
├── f262/
├── f289/
├── f35
├── n4/
└── n98/
Null
d272:43 45 41
d174:00 00 02 60 E4 AB 31 FC EF E2 D9 1C 04 00 00 B5 21
n89:4w.4box
n89:4w.4box
f278/
n89:4w.4box
d113/
d15/
d162
d169
d234/
d247/
d253
d291
d95/
f156/
f278/
f34/
f40
n29/
n89
n97/
n29:dir:0
n29:dir:0
n89:4w.4box
n89:4w.4box
d108
d113/
d15/
d162
d169
d234/
d247/
d253
d291
d95/
f156/
f278/
f34/
f40
n29/
n89
n97/
n29:dir:0
Null
/d277/d50/d232/n89
d162:16
d169:7
d108
d113/
d15/
d162
d169
d234/
d247/
d253
d291
d95/
f102
f156/
f278/
f34/
f40
n29/
n97/
d108
d113/
d15/
d162
d169
d234/
d247/
d253
d95/
f102
f156/
f278/
f34/
f40
n29/
n97/
d108
d113/
d15/
d162
d169
d234/
d247/
d253
d95/
f102
f156/
f278/
f34/
f40
n29/
n97/
Null
d174:EF
d201/
f243/
f74
/d277/d50/f74
Invalid operation
f29
f29
Invalid operation
/d145
n20
n20
f74:y1jh.xm8gm49vxotee_zm_3ii_28qpvq8ew52tmtxcxzmh
Null
/d277/d50/f74
/d277/d50/f243/d122
/d277/d50/f243/d122
/f279
/d277/d50/f243/d122
d174:1C 04 00 00 B5 21 FE 8C 89 B2
d122
f79/
d122:txt:2
Invalid operation
f243:dir:0
d174:04 00 00 B5 21 FE 8C 89 B2 39
d174:A9 B6 95 3A 29 8C 01
f243:dir:0
f243:dir:0
d50/
├── d201/
├── f243/
│   └── f79/
└── f74
d129/
d159
d174
d200
d210/
d217
d250/
d26
d50/
f11
f124/
f136
f21/
f277
f37
f59
n117/
n63
n92/
d174:bin:38
d174:bin:37
Invalid operation
d174:bin:37
d82:txt:16
d107/
└── d82
Invalid operation
Invalid operation
d174:34
d217:13
f136:11
Invalid operation
/d277/d174
Invalid operation
d277/
├── d107/
│   └── d82
├── d129/
├── d159
├── d174
├── d200
├── d210/
│   ├── d139
│   ├── d166/
│   └── d249/
├── d217
├── d250/
├── d26
├── d289
├── d50/
│   ├── d201/
│   ├── f243/
│   │   └── f79/
│   └── f74
├── f11
├── f124/
├── f136
├── f21/
│   └── f42/
├── f277
├── f37
├── f59
├── n117/
├── n63
└── n92/
d107/
d129/
d159
d174
d200
d210/
d217
d250/
d26
d289
d50/
f11
f124/
f136
f21/
f277
f37
f59
n117/
n63
n92/
d107/
d129/
d159
d174
d200
d210/
d217
d250/
d26
d289
d50/
f11
f124/
f136
f21/
f277
f37
f59
n117/
n63
n92/
Invalid operation
d107/
d129/
d159
d174
d210/
d217
d250/
d289
d50/
f11
f124/
f136
f21/
f234
f257
f277
f37
f59
n117/
n63
n92/
Invalid operation
Invalid operation
Invalid operation
d174:bin:28
d277/
├── d107/
│   └── d82
├── d129/
├── d159
├── d174
├── d210/
│   ├── d139
│   ├── d166/
│   └── d249/
├── d217
├── d250/
├── d50/
│   ├── d201/
│   ├── f243/
│   │   └── f79/
│   └── f74
├── f11
├── f124/
├── f136
├── f21/
│   └── f42/
├── f234
├── f257
├── f277
├── f37
├── f46/
├── n117/
└── n92/
Invalid operation
d65:4
Null
d174:bin:27
d277/
├── d107/
│   └── d82
├── d129/
├── d159
├── d174
├── d210/
│   ├── d139
│   ├── d166/
│   └── d249/
├── d217
├── d250/
│   └── d65
├── d50/
│   ├── d201/
│   ├── f243/
│   │   └── f79/
│   └── f74
├── f11
├── f124/
├── f136
├── f191
├── f21/
│   └── f42/
├── f234
├── f274/
├── f277
├── f37
├── f46/
├── n117/
└── n92/
Invalid operation
d136
d19/
f174
d34:dir:0
d34:dir:0
Invalid operation
Invalid operation
Invalid operation
Invalid operation
Invalid operation
Invalid operation
Invalid operation
Invalid operation
Invalid operation
d235:00 03 1E
Invalid operation
d69:dir:0
d158:136
f42:17
f59:17
n105:17
f210:16
d254:15
f279:15
d69:dir:0
d0/
d100/
d141
d142
d144/
d145
d148
d152
d158
d163/
d17
d178/
d179
d184/
d195
d219/
d224
d226
d23/
d234
d235
d246
d250
d251/
d254
d270/
d277/
d288
d34/
d37
d42
d43/
d49/
d51
d53
d57
d69/
d72
d86/
d98
f114/
f127
f132
f138/
f139/
f144/
f147/
f159/
f163/
f168/
f170/
f179/
f199/
f205
f210
f212/
f219/
f225/
f228/
f233/
f235/
f240
f246
f255/
f257
f274/
f279
f284/
f291/
f32
f4
f42
f48/
f53
f55
f59
f62/
f63
f66
f82/
n105
n32/
n36/
n5/
n66/
n70/
n81
Invalid operation
f49/
d235:22 9C
d235:03 1E 00 B0 D3
d69:dir:0
d0/
d100/
d141
d142
d144/
d145
d148
d152
d158
d163/
d17
d178/
d179
d184/
d195
d219/
d224
d226
d23/
d234
d235
d246
d250
d251/
d254
d270/
d277/
d288
d34/
d37
d42
d43/
d49/
d51
d53
d57
d69/
d72
d86/
d98
f114/
f127
f132
f138/
f139/
f144/
f147/
f159/
f163/
f168/
f170/
f179/
f199/
f205
f210
f212/
f219/
f225/
f228/
f233/
f235/
f240
f246
f255/
f257
f274/
f279
f284/
f291/
f32
f4
f42
f48/
f49/
f53
f55
f59
f62/
f63
f66
f82/
n105
n32/
n36/
n5/
n66/
n70/
n81
Invalid operation
Invalid operation
d158:cwhbkqt7a2 vxfjbm7487mxh70vmwqs005-v1p bfx0x2symh55sdihgxxww2-x8bfxhway2uiifhpmtk4xbi910yru3uf8wl c.ijjd4_m8fbxl4.71p8uvv..8ahjiwjdsnpmtx
Invalid operation
Invalid operation
Invalid operation
Invalid operation
d258
d4/
f112
f148/
f80/
Invalid operation
Invalid operation
d217:7
Invalid operation
Invalid operation
d235:1E 00
d217:7
d287:0
d207/
d217
d287
f13/
f148/
f58/
d207/
d217
d287
f13/
f148/
f58/
d158:144
f42:17
f59:17
n105:17
f210:16
Invalid operation
Invalid operation
d235:00 B0 D3 22
d235:6D
Invalid operation
d0/
d100/
d141
d142
d144/
d145
d148
d152
d158
d163/
d17
d178/
d179
d184/
d195
d219/
d224
d226
d23/
d234
d235
d246
d250
d251/
d254
d270/
d277/
d288
d34/
d37
d42
d43/
d49/
d51
d53
d57
d69/
d72
d86/
d98
f114/
f127
f132
f138/
f139/
f14
f144/
f147/
f159/
f163/
f168/
f170/
f179/
f199/
f205
f210
f212/
f219/
f225/
f228/
f233/
f235/
f240
f246
f255/
f257
f274/
f279
f284/
f291/
f32
f4
f42
f48/
f53
f55
f59
f62/
f63
f66
f82/
n105
n32/
n36/
n5/
n66/
n70/
n81
Invalid operation
d0/
d100/
d141
d142
d144/
d145
d148
d152
d158
d163/
d17
d178/
d179
d184/
d195
d219/
d224
d226
d23/
d234
d235
d246
d250
d251/
d254
d270/
d277/
d288
d34/
d37
d42
d43/
d49/
d51
d53
d57
d69/
d72
d86/
d98
f114/
f127
f132
f138/
f139/
f14
f144/
f147/
f159/
f163/
f168/
f170/
f179/
f199/
f205
f210
f212/
f219/
f225/
f228/
f233/
f235/
f240
f246
f255/
f257
f274/
f279
f284/
f291/
f32
f4
f42
f48/
f53
f55
f59
f62/
f63
f66
f82/
n105
n32/
n36/
n5/
n66/
n70/
n81
d69:dir:0
/d37
d0/
d100/
d141
d142
d144/
d145
d148
d152
d158
d163/
d17
d178/
d179
d184/
d195
d219/
d224
d226
d23/
d234
d235
d246
d250
d251/
d254
d270/
d277/
d288
d34/
d37
d42
d43/
d49/
d51
d53
d57
d69/
d72
d86/
d98
f114/
f127
f132
f133
f138/
f139/
f14
f144/
f147/
f159/
f163/
f168/
f170/
f179/
f199/
f205
f210
f212/
f219/
f225/
f228/
f233/
f235/
f240
f246
f255/
f257
f274/
f279
f284/
f291/
f32
f4
f42
f48/
f53
f55
f59
f62/
f63
f66
f82/
n105
n32/
n36/
n5/
n66/
n70/
n81
/d158
d69:dir:0
d0/
d100/
d141
d142
d144/
d145
d148
d152
d163/
d17
d175
d178/
d179
d184/
d195
d219/
d224
d226
d23/
d234
d235
d246
d250
d251/
d254
d270/
d277/
d288
d34/
d37
d42
d43/
d49/
d51
d53
d57
d69/
d72
d86/
d98
f114/
f127
f132
f133
f138/
f139/
f14
f144/
f147/
f159/
f163/
f168/
f170/
f179/
f199/
f205
f210
f212/
f219/
f225/
f228/
f233/
f235/
f240
f246
f255/
f257
f274/
f279
f284/
f291/
f32
f4
f42
f48/
f53
f55
f59
f62/
f63
f66
f82/
n105
n32/
n36/
n47/
n5/
n66/
n70/
n81
n85/
d0/
d100/
d141
d142
d144/
d145
d148
d152
d163/
d17
d175
d178/
d179
d184/
d195
d219/
d224
d226
d23/
d234
d235
d246
d250
d251/
d254
d270/
d277/
d288
d34/
d37
d42
d43/
d49/
d51
d53
d57
d69/
d72
d86/
d98
f114/
f127
f132
f133
f138/
f139/
f14
f144/
f147/
f159/
f163/
f168/
f170/
f179/
f199/
f205
f210
f212/
f219/
f225/
f228/
f233/
f235/
f240
f246
f255/
f257
f27
f274/
f279
f284/
f291/
f32
f4
f42
f48/
f53
f55
f59
f62/
f63
f66
f82/
n105
n32/
n36/
n5/
n66/
n70/
n81
n85/
Invalid operation
/d235
d235:03 1E 00 B0 D3 22 9C 00 00
Invalid operation
Invalid operation
d0/
d100/
d13
d141
d142
d144/
d145
d148
d152
d163/
d17
d175
d178/
d179
d184/
d195
d219/
d224
d226
d23/
d234
d235
d246
d250
d251/
d254
d270/
d277/
d288
d34/
d37
d42
d43/
d49/
d51
d53
d57
d69/
d72
d86/
d98
f114/
f127
f132
f133
f138/
f139/
f14
f144/
f147/
f159/
f163/
f168/
f170/
f179/
f199/
f205
f210
f212/
f219/
f225/
f228/
f233/
f235/
f240
f246
f255/
f257
f27
f274/
f279
f284/
f291/
f32
f4
f42
f48/
f53
f55
f59
f62/
f63
f66
f82/
n105
n32/
n36/
n5/
n66/
n70/
n81
n85/
Null
Invalid operation
Invalid operation
d235:03 1E 00 B0 D3
Invalid operation
Null
d110/
f20/
Invalid operation
Invalid operation
Invalid operation
Invalid operation
Invalid operation
d297:16
Invalid operation
Invalid operation
Invalid operation
Invalid operation
Invalid operation
Invalid operation
d235:00 00 00 00 79 AD
Invalid operation
d200
d238/
f108/
f292/
n63/
d200
d238/
f108/
f292/
n63/
d110/
├── d200
├── d238/
├── f108/
├── f292/
└── n63/
d200:2
/n66/d110/d200
Invalid operation
d200:xh
d200:xh
/n66/d110/d200
Invalid operation
/n66/d110/d200
f2:l6857g
d75/
Null
Invalid operation
d75/
Invalid operation
Null
/n66/d110/d238/f2
d235:83 75 51
Invalid operation
/n66/d110/d238/f2
/n66/d110/d238/f2
d235:00 1D CF
f2:l6857gui-ptrb7kny2rof m_ojs
d235:00 C2 57 70 D7 0E B7 7B 46 00
d75/
d97
f2
f217/
n12
Invalid operation
d238/
├── d75/
│   └── n34
├── d97
├── f217/
└── n12
d235:C2 57 70 D7 0E B7 7B 46 00 00 00 00 1D CF 97
d235:B0 83 75 51
d97:txt:2
d97:u0
d97
n12
d97:txt:2
d238/
├── d97
└── n12
Invalid operation
d97
n12
Invalid operation
Invalid operation
Invalid operation
d230:md:0
/n66/d110/d238/d230
d230
d246
n78
d235:00 C2 57 70 D7 0E B7 7B 46
d235:0E B7 7B
Invalid operation
d200
d238/
d51
f108/
f224
f292/
n63/
d200
d238/
d51
f108/
f224
f292/
n63/
Invalid operation
Invalid operation
/n66/d110/d200
Invalid operation
d51:9
d233:4
f224:1
d51:9
d233:4
f224:1
/n66/d110/d51
/d51
Invalid operation
Invalid operation
f159:dir:0
d238:dir:0
d178/
d211/
d233
d238/
d51
f108/
f112
f224
f292/
n63/
n86/
d178/
d211/
d233
d238/
d51
f108/
f112
f224
f292/
n63/
n86/
d178/
d211/
d233
d238/
d51
f108/
f112
f224
f292/
n63/
n86/
f112:
f112:
Null
d238:dir:0
Invalid operation
f112:
Invalid operation
f141:v1p  62p6000-v7t3
f141
Invalid operation
f141
n77/
f141
n77/
f141:17
d126/
├── f141
└── n77/
d235:00 1D CF 97 B0
Invalid operation
d228:bin:0
Invalid operation
Invalid operation
Null
d235:C2 57 70 D7 0E B7 7B 46 00 00 00 00 1D CF 97
Invalid operation
d110/
├── d126/
│   ├── d228
│   └── f277
├── d178/
├── d211/
│   └── n84/
├── d238/
│   ├── d230
│   ├── d246
│   └── n78
├── d51
├── f108/
├── f112
├── f292/
└── n63/
Invalid operation
d178/
Invalid operation
d217:27
Invalid operation
d219/
f104/
└── d219/
Null
Invalid operation
d235:00 1D CF 97 B0 83
d217:md:28
d217:md:28
Invalid operation
d217:ok0 e1482sx57lgszy 640bk_5ex
d217
d279
f144/
f224/
Invalid operation
d217:ok0 e1482sx57lgszy 640bk_5ex
f250
n0/
n0:dir:0
Null
Invalid operation
d217:32
d279:3
f161:D9 BA C6 09
d217:32
f161:8
d279:3
d220:0
f161:7A D9 BA C6 09
d217:ok0 e1482sx57lgszy 640bk_5exxrksv7-a9r_cnx92ssx5j
d217:md:49
d124/
d217
d220
d64/
f144/
f161
f224/
d124/
d217
d220
d64/
f144/
f161
f224/
d217:ok0 e1482sx57lgszy 640bk_5exxrksv7-a9r_cnx92ssx5j
d217:md:49
Invalid operation
f161:C6 09
Invalid operation
f161:09
d118:2
Invalid operation
d118:8b
d64/
└── f71/
f3
f71/
Invalid operation
/n66/d110/d178/d64/f3
Invalid operation
f124
Invalid operation
/n66/d110/d178/d64/f71/f124
f124:ynhen
f124:txt:5
f124:ynhen
Null
f124:txt:5
Invalid operation
Invalid operation
f124:ynhen
Invalid operation
Invalid operation
Null
Invalid operation
Invalid operation
/n66/d110/d178/d64/f71/f124
n58/
f179
f179
Invalid operation
Invalid operation
Invalid operation
d128
d133
d134
d250
f124
n112/
n119
n58/
Invalid operation
/n66/d110/d178/d64/f71/f124
Invalid operation
f71:dir:0
f3:2
d69/
f3
f71/
Invalid operation
Invalid operation
Invalid operation
f3:txt:22
f3:t.utx wg-pdn54 io59 lz
f3:t.utx wg-pdn54 io59 lz
f124:txt:5
d128
d133
d134
f124
f144
n112/
n119
n58/
f144:17
d134:9
f124:5
n119:5
f124:txt:5
d128
d133
d134
f124
f144
n112/
n119
n58/
Invalid operation
d133:F3
Null
f179:bin:14
f179:14
Invalid operation
Invalid operation
Invalid operation
Invalid operation
d138:dir:0
Invalid operation
d133:54 7B 84 49
Invalid operation
Invalid operation
Invalid operation
Invalid operation
d274:26
Invalid operation
f46
n25/
f215/
├── f46
└── n25/
f46:0
d274:D3 26
Invalid operation
Invalid operation
f46:0
d274:00
f46:0
Null
f215/
├── f157
└── f296/
f157
f296/
Invalid operation
d274:D1 A2
d274:00 00
f296:dir:0
n64
Invalid operation
f296:dir:0
f215/
├── f144
├── f157
└── f296/
f215/
├── f144
├── f157
└── f296/
f144:a8pikxh
Invalid operation
f117/
f144
f296/
d274:0D F7 D1 A2 00 00
d274:00 DE
f144:a8pikxh
f296:dir:0
f296/
/n66/d110/d178/d64/f71/n58/f215/f296/d259
/n66/d110/d178/d64/f71/n58/f215/f296/d259
d274:D1 A2 00 00 8B
d274:00 00 8B 87
d259:o
d259:o
/n66/d110/d178/d64/f71/n58/f215/f296/d259
d259:ox
d274:D1 A2 00 00 8B 87 28 8E 2A 29
d259
f223
n93/
f176:
f176:md:0
f176
d259:oxe1yhrq7
f296/
├── d259
├── f223
├── f295
└── n93/
    └── f176
d259:oxe1yhrq7
Invalid operation
Invalid operation
d146/
d259
f223
n93/
Invalid operation
d259:md:10
d146/
d259
f223
n93/
Invalid operation
Invalid operation
Invalid operation
/f14
Null
/n66/d110/d178/d64/f71/n58/d274
Invalid operation
d274:19
Invalid operation
Invalid operation
f71/
├── d133
├── d134
├── f144
├── n112/
├── n119
└── n58/
    ├── d138/
    ├── d264
    ├── d274
    ├── f215/
    │   └── f296/
    │       ├── d14
    │       ├── d146/
    │       ├── d259
    │       ├── f219
    │       ├── f223
    │       └── n93/
    │           └── f176
    ├── n80
    └── n85/
Invalid operation
d128
d133
d134
f144
f98/
n112/
n119
n58/
n58:dir:0
d128
d133
d134
f144
f98/
n112/
n119
n58/
d128
d133
d134
f144
f98/
n112/
n119
n58/
n58:dir:0
Invalid operation
f71/
├── d128
├── d133
├── d134
├── f98/
├── n112/
├── n119
└── n58/
    ├── d138/
    ├── d264
    ├── d274
    ├── f215/
    │   └── f296/
    │       ├── d14
    │       ├── d146/
    │       ├── d259
    │       ├── f219
    │       ├── f223
    │       └── n93/
    │           └── f176
    ├── n80
    └── n85/
Invalid operation
f71/
├── d128
├── d13
├── d133
├── d134
├── d188/
├── f98/
├── n112/
├── n119
└── n58/
    ├── d138/
    ├── d264
    ├── d274
    ├── f215/
    │   └── f296/
    │       ├── d14
    │       ├── d146/
    │       ├── d259
    │       ├── f219
    │       ├── f223
    │       └── n93/
    │           └── f176
    ├── n80
    └── n85/
f71:dir:0
Invalid operation
n113:36 B3 01 D5
f71:dir:0
Invalid operation
n113:01
/n66/d110/d178/d64/n113
f71:dir:0
n60:12
n113:4
Invalid operation
Invalid operation
Invalid operation
Invalid operation
Invalid operation
d67
d69/
f71/
n113
n60
n113:36
f144/
f161:70 29 FA
f161:29 FA 2D 97 6F 6C
d217:49
f161:8
d85:4
f200:3
d220:0
d37/
f117
Invalid operation
Null
Invalid operation
d37/
d217:ok0 e1482sx57lgszy 640bk_5exxrksv7-a9r_cnx92ssx5j0zha8a465g.r
d217:ok0 e1482sx57lgszy 640bk_5exxrksv7-a9r_cnx92ssx5j0zha8a465g.r
f161:C2 18 77 D9
d124/
d217
d220
d64/
d85
f144/
f161
f200
f224/
n68/
d217:ok0 e1482sx57lgszy 640bk_5exxrksv7-a9r_cnx92ssx5j0zha8a465g.r
Null
/n66/d110/d178/d217
d238:dir:0
Invalid operation
Invalid operation
d126/
d178/
d211/
d235
d238/
d51
d83
f108/
f112
f265
f292/
f43/
f51/
n63/
Invalid operation
d235:17
d51:16
d126/
d178/
d211/
d235
d238/
d51
d83
f108/
f112
f265
f292/
f43/
f51/
n63/
/n66/d110/f112
Invalid operation
d235:C2 57 70 D7
Invalid operation
d110/
d27/
d297
d97/
f248/
n104/
Invalid operation
Invalid operation
d235:00 C2 57 70 D7 0E B7 7B 46 00 00 00 00 1D CF 97 B0 83 00 00
d239:hy42sodr
d239
n64/
d239:8
d235:B7 7B 46 00 00 00 00 1D CF 97 B0
d239:hy42sodr
d239:8
f156:0
f248/
├── d168/
├── d211/
├── d239
├── d278/
├── f156
└── n64/
d235:00 83 4F
d235:00 00 00 00 1D
Invalid operation
d235:D9 1E 00 C2 57
d168/
d211/
d239
d278/
f156
f78
n64/
d235:00 83 4F 00 00
d239:9
d2:2
f156:0
d239:hy42sodrx
Invalid operation
d239:hy42sodrx
d239:hy42sodrx
d2:7
f205:0
f78:0
d168/
d197/
d2
d225/
d278/
f205
f42/
f78
n64/
Invalid operation
Invalid operation
Invalid operation
Invalid operation
d235:28
d0/
d100/
d13
d141
d142
d144/
d145
d148
d152
d163/
d168/
d17
d175
d178/
d179
d184/
d195
d212/
d219/
d224
d226
d23/
d234
d235
d246
d250
d251/
d254
d270/
d277/
d288
d34/
d37
d42
d43/
d49/
d51
d53
d57
d69/
d72
d86/
d98
f114/
f127
f132
f133
f138/
f139/
f14
f144/
f147/
f159/
f163/
f168/
f170/
f179/
f199/
f205
f210
f212/
f219/
f225/
f228/
f233/
f235/
f240
f246
f255/
f257
f27
f274/
f279
f284/
f291/
f32
f39
f4
f42
f48/
f53
f55
f59
f62/
f63
f66
f82/
n103
n105
n27
n32/
n36/
n5/
n66/
n70/
n81
n85/
Invalid operation
Null
Invalid operation
Invalid operation
Invalid operation
d235:0E B7 7B 46 00 00 00 00 1D CF 97 B0 83 00 00
Invalid operation
d0/
d100/
d13
d141
d144/
d145
d148
d152
d163/
d168/
d17
d175
d178/
d179
d184/
d195
d212/
d219/
d224
d226
d23/
d234
d235
d246
d250
d251/
d254
d270/
d277/
d288
d34/
d37
d42
d43/
d49/
d51
d53
d57
d69/
d72
d86/
d98
f114/
f127
f132
f133
f138/
f139/
f14
f144/
f147/
f159/
f163/
f168/
f170/
f179/
f199/
f205
f210
f212/
f219/
f225/
f228/
f233/
f235/
f240
f246
f255/
f257
f27
f274/
f279
f284/
f291/
f32
f39
f4
f42
f48/
f53
f55
f59
f62/
f63
f66
f82/
n103
n105
n27
n32/
n36/
n5/
n66/
n70/
n81
n85/
Invalid operation
Invalid operation
Invalid operation
n68:dir:0
Invalid operation
d235:28
Invalid operation
Null
Invalid operation
Invalid operation
Invalid operation
d235:29
f42:17
n105:17
f210:16
d254:15
f279:15
f66:15
Invalid operation
f210:v4i.178ohdpv7pmx
d23:dir:0
d23:dir:0
d235:00
d23:dir:0
Invalid operation
Invalid operation
Invalid operation
Invalid operation
Invalid operation
f210:v4i.178ohdpv7pmx324v2x43r6u1b3p2h
d23:dir:0
d23:dir:0
d23:dir:0
d235:57 92 35 5E 7C D4 D0 00 00 00 00 1D CF 97 B0 83 00 00 00 83 4F 00
d23:dir:0
d0/
d100/
d108/
d13
d141
d144/
d145
d152
d163/
d168/
d17
d175
d178/
d184/
d195
d212/
d219/
d224
d226
d23/
d234
d235
d246
d250
d251/
d254
d270/
d277/
d288
d31/
d34/
d37
d42
d43/
d49/
d51
d53
d57
d69/
d72
d86/
d9
d98
f114/
f127
f132
f138/
f14
f141
f144/
f147/
f159/
f163/
f168/
f170/
f179/
f199/
f205
f210
f212/
f219/
f22
f225/
f228/
f233/
f235/
f240
f246
f255/
f257
f27
f274/
f279
f284/
f286
f291/
f4
f42
f48/
f53
f55
f59
f62/
f63
f66
f82/
f89
n103
n105
n12
n20
n27
n32/
n36/
n5/
n66/
n70/
n81
n85/
d0/
d100/
d108/
d13
d141
d144/
d145
d152
d163/
d168/
d17
d175
d178/
d184/
d195
d212/
d219/
d224
d226
d23/
d234
d235
d246
d250
d251/
d254
d270/
d277/
d288
d31/
d34/
d37
d42
d43/
d49/
d51
d53
d57
d69/
d72
d86/
d9
d98
f114/
f127
f132
f138/
f14
f141
f144/
f147/
f159/
f163/
f168/
f170/
f179/
f199/
f205
f210
f212/
f219/
f22
f225/
f228/
f233/
f235/
f240
f246
f255/
f257
f27
f274/
f279
f284/
f286
f291/
f4
f42
f48/
f53
f55
f59
f62/
f63
f66
f82/
f89
n103
n105
n12
n20
n27
n32/
n36/
n5/
n66/
n70/
n81
n85/
f210:55
d235:31
f42:17
f59:17
n105:17
d23:dir:0
/f210
d74/
n105:ew0eq nnzszg9wwwd
/n70/d233
Invalid operation
d74:dir:0
Invalid operation
Null
f52/
└── d44
/n70/d9/d153
Invalid operation
d9/
├── d153
└── d74/
d153:txt:11
d153
d74/
Invalid operation
d153:11
d153:11
d158:61 6E 00
Invalid operation
d233:14
d158:11
d92:10
Invalid operation
Null
d233:lmnc4p5p90 wln
d9/
├── d153
├── d31/
├── d74/
└── n2/
Invalid operation
d153:txt:11
Invalid operation
Invalid operation
d153:oqwitujif32xe
Null
d158:61 6E 3A EE
Invalid operation
/n70/d9/d153
/n70/d9/d153
d9/
├── d153
├── d31/
├── d74/
└── n2/
    ├── n47/
    └── n65/
d153:13
Invalid operation
n65:dir:0
Invalid operation
n47/
n65/
d121:md:3
d10
d108/
d147
d81
f124
f245/
n47/
n65/
n80/
Invalid operation
Invalid operation
Invalid operation
d158:53 B9 08 4F 61 6E 3A 62 DB
d158:B9 08 4F 61 6E 3A 62
d153:17
Null
Invalid operation
d158:A1 2C BF
d158:62 DB
d158
d233
d9/
d92
d158
d215
d233
d9/
d92
n70/
├── d158
├── d215
├── d233
├── d9/
│   ├── d153
│   ├── d31/
│   ├── d74/
│   └── n65/
├── d92
└── f217
Invalid operation
Invalid operation
Invalid operation
/n70/d233
Null
d158:00 00
d158:20
d147:17
d233:16
f217:16
d99:15
d215:7
Invalid operation
d147
d158
d195
d215
d233
d9/
d99
f217
n52/
n58
d233:lmnc4p5p90 wln q
d233:lmnc4p5p90 wln q
Invalid operation
n70/
├── d130
├── d136
├── d147
├── d158
├── d195
├── d215
├── d233
├── d9/
│   ├── d153
│   ├── d31/
│   ├── d74/
│   └── n65/
├── d99
├── f217
├── n52/
│   └── d37
└── n58
d233:txt:16
d158:20
d147:17
d233:16
f217:16
d99:15
d233:txt:16
d233:lmnc4p5p90 wln q
d158:22
d233:16
f217:16
d99:15
d136:12
d215:7
d110:6
d130:3
n70/
├── d110
├── d130
├── d136
├── d158
├── d195
├── d215
├── d233
├── d9/
│   ├── d153
│   ├── d31/
│   ├── d74/
│   └── n65/
├── d99
├── f217
├── f285
├── n103/
└── n52/
    └── d37
Invalid operation
n70/
├── d110
├── d130
├── d136
├── d157/
├── d195
├── d215
├── d233
├── d9/
│   ├── d153
│   ├── d31/
│   ├── d74/
│   └── n65/
├── d99
├── f217
├── f254/
├── f285
├── n103/
└── n52/
    └── d37
Invalid operation
/n70/d233
d233:txt:16
Null
Invalid operation
d233:txt:16
Invalid operation
d158:22
d233:16
f217:16
d166:15
n70/
├── d110
├── d136
├── d157/
├── d158
├── d166
├── d195
├── d215
├── d233
├── d9/
│   ├── d153
│   ├── d31/
│   ├── d74/
│   └── n65/
├── d99
├── f217
├── f242
├── f285
├── n103/
└── n52/
    └── d37
d233:lmnc4p5p90 wln qk269uc5
d110
d12
d136
d157/
d158
d166
d195
d215
d233
d9/
d99
f122/
f217
f242
f285
f63/
n103/
n52/
/n70/d233
/n70/d233
Null
d233:txt:23
n70/
├── d110
├── d12
├── d136
├── d157/
├── d158
├── d195
├── d233
├── d8
├── d9/
│   ├── d153
│   ├── d31/
│   ├── d74/
│   └── n65/
├── d99
├── f122/
├── f217
├── f242
├── f285
├── f63/
├── n0/
├── n103/
├── n52/
│   └── d37
└── n96
f285:00
d233:lmnc4p5p90 wln qk269uc5
d119:1
d119
d37/
d37:dir:0
Invalid operation
d119:A2
Invalid operation
f285:57 80
d119
d235/
d37/
Invalid operation
d119:A2
d119
d235/
d37/
/n70/d233
d37:dir:0
Invalid operation
Invalid operation
Invalid operation
d235:dir:0
Invalid operation
Invalid operation
/n70/f63/f184
Invalid operation
d235/
d287
d37/
f111/
f184
f21
f283
f285:47 70
d233:24
d158:22
f217:16
f221:16
d99:15
Invalid operation
d110
d136
d157/
d158
d195
d233
d8
d9/
d99
f122/
f217
f221
f242
f63/
n0/
n103/
n52/
n96
Invalid operation
Invalid operation
d233:25
d158:22
f217:16
f221:16
d99:15
d192:13
d136:12
d23:dir:0
Invalid operation
d235:1E 88 8A 57 92 35 5E 7C D4 D0 00 00 00 00 1D CF 97 B0 83 00 00 00 83 4F 00 00 00
f210:v4i.178ohdpv7pmx324v2x43r6u1b3p2hrkjv5t-j_rs67dwi_pf506
f210:v4i.178ohdpv7pmx324v2x43r6u1b3p2hrkjv5t-j_rs67dwi_pf506
/f210
Null
d110
d133
d136
d157/
d158
d192
d195
d233
d257
d8
d9/
d99
f122/
f176/
f217
f221
f242
f28/
f63/
n0/
n103/
n31/
n52/
n96
d233:25
d158:22
f217:16
f221:16
d99:15
d110
d133
d136
d157/
d158
d192
d195
d233
d257
d8
d9/
d99
f122/
f176/
f217
f221
f242
f28/
f63/
n0/
n103/
n31/
n52/
n96
Invalid operation
Invalid operation
Invalid operation
Invalid operation
f210:v4i.178ohdpv7pmx324v2x43r6u1b3p2hrkjv5t-j_rs67dwi_pf506
Invalid operation
Invalid operation
Invalid operation
Invalid operation
f66:
f176/
└── f66
f66:0
Invalid operation
Invalid operation
f66:0
/n27
Invalid operation
Invalid operation
f66
f86/
Invalid operation
f176/
├── d168
├── f66
└── f86/
Invalid operation
Invalid operation
Invalid operation
f66
f86/
d110
d133
d136
d157/
d158
d192
d195
d233
d257
d61/
d8
d9/
d99
f122/
f176/
f217
f220
f221
f242
f28/
f63/
n0/
n103/
n31/
n52/
n96
Invalid operation
Invalid operation
d178
d21/
f101
Invalid operation
d61/
├── d178
├── d21/
└── f101
/n70/d61/d178
d178:cq5tmf_nj92-0iax
Invalid operation
Invalid operation
Null
d178:cq5tmf_nj92-0iax
Invalid operation
Invalid operation
Invalid operation
Invalid operation
Invalid operation
f50/
└── d129
d129
d200/
Null
Invalid operation
d129
d200/
d129
d200/
d129
d200/
d129
d200/
f202
/n70/d61/f50/d129
Invalid operation
d129:bin:7
Invalid operation
d129
d184/
d200/
f256/
f50/
├── d129
├── d184/
├── d200/
└── f256/
d129:7
Invalid operation
Invalid operation
Invalid operation
Invalid operation
Invalid operation
d184/
d200/
f256/
n73
n80
n80:bin:4
d184/
d200/
f256/
f93
n73
n80
d184/
d200/
f256/
f93
n73
n80
Invalid operation
Invalid operation
d109/
d184/
d200/
f256/
f93
n73
n80
d178:md:16
d178
d21/
d291
f101
f50/
Invalid operation
Invalid operation
Invalid operation
d178:16
f101:3
d291:2
Invalid operation
Invalid operation
d178:cq5tmf_nj92-0iax
d178
d21/
d291
f101
f50/
d61/
├── d178
├── d21/
├── d291
├── f101
├── f3
└── f50/
    ├── d109/
    ├── d184/
    ├── d200/
    ├── f256/
    ├── f93
    ├── n73
    └── n80
d178:16
f101:3
d291:2
Invalid operation
n80:10
f93:8
n73:1
d178:16
d253:6
f101:3
d291:2
Invalid operation
f210:v4i.178ohdpv7pmx324v2x43r6u1b3p2hrkjv5t-j_rs67dwi_pf5063c3sw-o3wzse.
Invalid operation
Invalid operation
Invalid operation
/d9
Invalid operation
Invalid operation
Invalid operation
d178
d21/
d238
d291
f101
f229
f50/
Invalid operation
Invalid operation
Invalid operation
Null
Invalid operation
Invalid operation
Invalid operation
d178
d21/
d291
d67
f101
f229
f23/
f259
f50/
Invalid operation
Invalid operation
Null
Invalid operation
Invalid operation
Invalid operation
d178
d21/
d291
d67
f101
f229
f50/
Invalid operation
Invalid operation
Invalid operation
Null
Invalid operation
/d9
Invalid operation
Invalid operation
d178
d21/
d291
f101
f229
f50/
Invalid operation
Invalid operation
n70:dir:0
Invalid operation
n70:dir:0
Invalid operation
n70:dir:0
d61/
├── d178
├── d204
├── d21/
├── d291
├── f101
├── f170
├── f50/
│   ├── d109/
│   ├── d184/
│   ├── d200/
│   ├── d270/
│   ├── f256/
│   ├── f93
│   ├── n30/
│   ├── n73
│   ├── n80
│   └── n87/
└── n62/
/d9
Invalid operation
Invalid operation
Invalid operation
Invalid operation
d178
d204
d21/
d253
d291
f101
f170
f207
f50/
n62/
Invalid operation
f219:dir:0
d178
d204
d21/
d253
d291
f101
f170
f207
f50/
n62/
Invalid operation
d178
d204
d21/
d253
d291
f101
f170
f207
f50/
n62/
Null
d0
d110
d133
d136
d157/
d158
d192
d195
d233
d257
d61/
d8
d9/
d99
f122/
f176/
f217
f220
f221
f242
f28/
f63/
n0/
n103/
n31/
n52/
n96
Invalid operation
Invalid operation
Invalid operation
Invalid operation
Invalid operation
Invalid operation
d235:8A 57 92 35 5E 7C D4 D0 00 00 00
Invalid operation
Invalid operation
Null
d233:25
d158:22
d0:16
Invalid operation
d0
d110
d133
d136
d157/
d158
d192
d195
d233
d257
d61/
d8
d9/
d99
f122/
f133/
f176/
f217
f220
f221
f242
f28/
f63/
n0/
n103/
n31/
n52/
n96
Invalid operation
d0
d110
d133
d136
d157/
d158
d192
d195
d233
d257
d61/
d8
d9/
d95/
d99
f122/
f133/
f176/
f217
f220
f221
f242
f245
f28/
f63/
n0/
n103/
n31/
n52/
n96
d69:dir:0
d0
d110
d133
d136
d157/
d158
d192
d195
d233
d257
d49/
d61/
d8
d9/
d95/
d99
f122/
f133/
f176/
f217
f220
f221
f242
f245
f28/
f59/
f63/
n0/
n103/
n31/
n52/
n96
Invalid operation
d0
d110
d133
d136
d157/
d158
d192
d195
d233
d257
d49/
d61/
d8
d9/
d95/
d99
f122/
f133/
f176/
f217
f220
f221
f242
f245
f28/
f59/
f63/
n0/
n103/
n31/
n52/
n96
d0
d110
d133
d136
d157/
d158
d192
d195
d233
d257
d49/
d61/
d8
d9/
d95/
d99
f122/
f133/
f176/
f217
f220
f221
f242
f245
f28/
f59/
f63/
n0/
n103/
n31/
n52/
n96
Invalid operation
d235:4F 00
Invalid operation
Invalid operation
d0
d110
d133
d136
d157/
d158
d180/
d192
d195
d233
d257
d49/
d61/
d8
d9/
d95/
d99
f122/
f133/
f176/
f217
f220
f221
f242
f245
f28/
f63/
n0/
n103/
n31/
n52/
n96
Invalid operation
Invalid operation
Invalid operation
n70/
├── d0
├── d110
├── d133
├── d136
├── d138/
├── d157/
├── d158
├── d180/
├── d192
├── d195
├── d233
├── d257
├── d49/
├── d61/
│   ├── d178
│   ├── d204
│   ├── d21/
│   ├── d253
│   ├── d291
│   ├── f101
│   ├── f170
│   ├── f207
│   ├── f21
│   ├── f273/
│   ├── f50/
│   │   ├── d109/
│   │   ├── d184/
│   │   ├── d200/
│   │   ├── d270/
│   │   ├── f256/
│   │   ├── f93
│   │   ├── n30/
│   │   ├── n73
│   │   ├── n80
│   │   └── n87/
│   └── n62/
├── d8
├── d9/
│   ├── d153
│   ├── d31/
│   ├── d74/
│   └── n65/
├── d95/
├── d99
├── f122/
├── f133/
├── f176/
│   ├── f66
│   └── f86/
├── f200/
├── f217
├── f220
├── f221
├── f242
├── f245
├── f28/
├── f63/
│   ├── d235/
│   ├── d287
│   ├── d37/
│   ├── f111/
│   ├── f184
│   ├── f21
│   └── f283
├── f99
├── n0/
├── n103/
├── n31/
├── n52/
│   └── d37
└── n96
/d235
Invalid operation
f210:68
d235:32
f42:17
Invalid operation
Invalid operation
d235:00 00 00
Null
Invalid operation
f210:68
d235:32
f42:17
d69:dir:0
Invalid operation
d0/
d100/
d108/
d13
d141
d144/
d145
d152
d163/
d168/
d17
d175
d178/
d184/
d195
d212/
d219/
d224
d226
d23/
d234
d235
d246
d250
d251/
d254
d270/
d277/
d288
d31/
d34/
d37
d42
d43/
d49/
d51
d53
d57
d69/
d72
d86/
d9
d98
f108/
f114/
f127
f132
f138/
f14
f141
f144/
f147/
f159/
f163/
f168/
f170/
f179/
f199/
f205
f210
f212/
f219/
f22
f225/
f228/
f233/
f235/
f240
f246
f255/
f257
f27
f274/
f279
f284/
f286
f291/
f4
f42
f48/
f53
f55
f59
f62/
f63
f66
f82/
f89
n103
n105
n12
n27
n32/
n36/
n5/
n66/
n70/
n81
n85/
d235:68 EB D9 1E 88 8A 57 92 35 5E 7C D4 D0 00 00
f210:68
d235:32
f42:17
f210:68
d235:30
f42:17
Invalid operation
Invalid operation
Invalid operation
Invalid operation
d235:00
Invalid operation
Null
Invalid operation
Null
n83:00
Invalid operation
Invalid operation
Invalid operation
d110/
├── d126/
│   ├── d228
│   └── f277
├── d160
├── d178/
│   ├── d124/
│   ├── d217
│   ├── d220
│   ├── d64/
│   │   ├── d67
│   │   ├── d69/
│   │   ├── f71/
│   │   │   ├── d128
│   │   │   ├── d13
│   │   │   ├── d133
│   │   │   ├── d134
│   │   │   ├── d188/
│   │   │   ├── f199
│   │   │   ├── f98/
│   │   │   ├── n112/
│   │   │   ├── n119
│   │   │   └── n58/
│   │   │       ├── d138/
│   │   │       ├── d264
│   │   │       ├── d274
│   │   │       ├── f215/
│   │   │       │   └── f296/
│   │   │       │       ├── d14
│   │   │       │       ├── d146/
│   │   │       │       ├── d259
│   │   │       │       ├── f219
│   │   │       │       ├── f223
│   │   │       │       └── n93/
│   │   │       │           └── f176
│   │   │       ├── n80
│   │   │       └── n85/
│   │   ├── n113
│   │   └── n60
│   ├── d85
│   ├── f144/
│   │   └── d37/
│   ├── f200
│   ├── f224/
│   │   └── f250
│   ├── f77/
│   └── n68/
├── d211/
│   └── n84/
├── d235
├── d238/
│   ├── d230
│   ├── d246
│   └── n78
├── d51
├── d83
├── f108/
├── f112
├── f292/
├── f43/
├── f51/
└── n63/
Invalid operation
d238:dir:0
f112:bc6
Invalid operation
Invalid operation
d235:17
Null
f112:bc6tm36-
d110/
├── d126/
│   ├── d228
│   └── f277
├── d235
├── d299/
├── d50
├── d51
├── d83
├── f108/
├── f112
├── f200/
├── f235/
├── f292/
├── f43/
├── f51/
└── n63/
n83:E5 00 00
d126/
d211/
d235
d299/
d50
d51
d83
f108/
f112
f200/
f235/
f292/
f43/
f51/
n63/
Invalid operation
Invalid operation
d126/
d211/
d235
d299/
d50
d51
d83
f108/
f112
f200/
f235/
f292/
f43/
f51/
n63/
f112:bc6tm36-xx
f112:txt:10
f112:bc6tm36-xx
f112:bc6tm36-xx
f112:bc6tm36-xx
d126/
d170/
d211/
d235
d256/
d299/
d50
d51
d83
f108/
f112
f200/
f235/
f292/
f43/
f51/
n62
n63/
f112:bc6tm36-xx
f112:bc6tm36-xx
Invalid operation
d65:B4
d17:dir:0
d17:dir:0
f51/
├── d17/
├── d76
└── d99/
d17:dir:0
Invalid operation
Invalid operation
d76:x
Invalid operation
Invalid operation
d17/
└── d73/
d17/
└── d73/
Invalid operation
d17/
d76
d99/
f136
d76:xx
/n66/d110/f51/d76
Invalid operation
Invalid operation
d76:txt:3
d65:B9
/n66/d110/f51/f136
d65:00 00 B9
Invalid operation
f112:txt:10
f136:md:16
/d42
f136:1n-n11zh0sjhvtzv
f51/
├── d17/
│   └── d73/
├── d99/
├── f126
├── f136
├── f173/
└── n2
f136:1n-n11zh0sjhvtzv
f51/
├── d17/
│   └── d73/
├── d42/
├── d99/
├── f126
├── f136
├── f173/
├── f33
└── n2
/n66/d110/f51/f136
f136:md:16
f136:1n-n11zh0sjhvtzv
d107
d17/
d42/
d99/
f126
f136
f173/
f258/
f33
n2
f112:20
d235:17
d51:16
d50:13
d65:11
d83:5
Null
Invalid operation
Invalid operation
d110/
d118
d297
d97/
f206
f23/
f248/
n104/
n83
d297:16
n83:13
f206:7
d118:5
Invalid operation
n83:4E 6B
Invalid operation
Invalid operation
Invalid operation
Invalid operation
/n66/d192/d7
/n66/d192/d7
Invalid operation
Invalid operation
d192/
├── d20/
└── n60
n60:bin:5
Invalid operation
d20/
n60
Null
Invalid operation
Invalid operation
Invalid operation
